timestamp,node_id,tilt_deg,vib_rms,vib_dom_freq_hz,strain_mm,crack_proxy,temp_c,lat,lng
2026-03-01 00:00:00,N02,-0.1959,0.00583,4.61,-0.0007,0.000636,27.4,23.765785,86.413254
2026-03-01 01:00:00,N02,0.0139,0.008732,2.34,-0.0001,0.000382,27.6,23.765785,86.413254
2026-03-01 02:00:00,N02,0.0619,0.007419,2.07,0.0,0.000478,28.4,23.765785,86.413254
2026-03-01 03:00:00,N02,-0.1212,0.007894,7.94,0.0009,0.000286,29.6,23.765785,86.413254
2026-03-01 04:00:00,N02,-0.1613,0.005544,6.02,0.0006,0.000439,31.1,23.765785,86.413254
2026-03-01 05:00:00,N02,0.0574,0.007327,3.4,-0.0,0.000406,32.9,23.765785,86.413254
2026-03-01 06:00:00,N02,-0.3013,0.005954,9.32,-0.0002,0.000393,34.9,23.765785,86.413254
2026-03-01 07:00:00,N02,-0.277,0.006254,5.54,-0.0008,0.00422,36.8,23.765785,86.413254
2026-03-01 08:00:00,N02,-0.0325,0.554158,16.35,0.0082,0.000537,38.6,23.765785,86.413254
2026-03-01 09:00:00,N02,0.0007,0.006178,6.49,0.0003,0.003398,40.2,23.765785,86.413254
2026-03-01 10:00:00,N02,0.1122,0.005909,2.24,0.0014,0.004614,41.4,23.765785,86.413254
2026-03-01 11:00:00,N02,-0.0936,0.517636,31.24,-0.009,8.6e-05,42.1,23.765785,86.413254
2026-03-01 12:00:00,N02,0.0093,0.00539,9.71,0.0016,0.005252,42.4,23.765785,86.413254
2026-03-01 13:00:00,N02,-0.0296,0.00712,9.87,0.0015,9e-05,42.1,23.765785,86.413254
2026-03-01 14:00:00,N02,0.0278,0.005345,4.69,0.0014,0.007267,41.4,23.765785,86.413254
2026-03-01 15:00:00,N02,0.1978,0.846783,37.72,-0.013,0.007139,40.2,23.765785,86.413254
2026-03-01 16:00:00,N02,0.2645,0.629219,38.67,-0.0128,0.006324,38.6,23.765785,86.413254
2026-03-01 17:00:00,N02,0.0658,0.005033,9.17,-0.0003,0.006383,36.8,23.765785,86.413254
2026-03-01 18:00:00,N02,-0.052,0.007075,4.41,-0.0001,0.00059,34.9,23.765785,86.413254
2026-03-01 19:00:00,N02,,,,,,,23.765785,86.413254
2026-03-01 20:00:00,N02,,,,,,,23.765785,86.413254
2026-03-01 21:00:00,N02,,,,,,,23.765785,86.413254
2026-03-01 22:00:00,N02,,,,,,,23.765785,86.413254
2026-03-01 23:00:00,N02,-0.023,0.00688,3.95,-0.002,0.000325,27.6,23.765785,86.413254
2026-03-02 00:00:00,N02,-0.0634,0.008625,3.34,-0.0027,0.000322,25.0,23.765785,86.413254
2026-03-02 01:00:00,N02,-0.0271,0.006233,1.57,-0.0026,0.000196,25.3,23.765785,86.413254
2026-03-02 02:00:00,N02,0.1718,0.006096,9.05,-0.0023,9.2e-05,26.0,23.765785,86.413254
2026-03-02 03:00:00,N02,-0.0035,0.00653,6.66,-0.0024,0.000269,27.2,23.765785,86.413254
2026-03-02 04:00:00,N02,-0.0805,0.006297,8.27,-0.0028,0.000646,28.8,23.765785,86.413254
2026-03-02 05:00:00,N02,0.0192,0.00676,8.5,-0.0037,0.000315,30.6,23.765785,86.413254
2026-03-02 06:00:00,N02,-0.2164,0.005263,9.52,-0.0035,0.00052,32.5,23.765785,86.413254
2026-03-02 07:00:00,N02,,,,,,,23.765785,86.413254
2026-03-02 08:00:00,N02,,,,,,,23.765785,86.413254
2026-03-02 09:00:00,N02,,,,,,,23.765785,86.413254
2026-03-02 10:00:00,N02,,,,,,,23.765785,86.413254
2026-03-02 11:00:00,N02,,,,,,,23.765785,86.413254
2026-03-02 12:00:00,N02,0.069,0.005662,1.74,-0.002,0.000124,40.0,23.765785,86.413254
2026-03-02 13:00:00,N02,-0.0049,0.00592,6.91,-0.0018,7.2e-05,39.8,23.765785,86.413254
2026-03-02 14:00:00,N02,0.0708,0.008093,7.38,-0.0019,0.005925,39.0,23.765785,86.413254
2026-03-02 15:00:00,N02,0.1282,0.895744,22.92,-0.0137,0.005468,37.8,23.765785,86.413254
2026-03-02 16:00:00,N02,-0.0697,0.61895,29.29,-0.0128,0.005786,36.3,23.765785,86.413254
2026-03-02 17:00:00,N02,-0.2032,0.006959,9.2,-0.0021,0.004759,34.5,23.765785,86.413254
2026-03-02 18:00:00,N02,0.1637,0.00788,1.46,-0.0033,0.000341,32.5,23.765785,86.413254
2026-03-02 19:00:00,N02,-0.0117,0.005707,8.35,-0.0028,3.5e-05,30.6,23.765785,86.413254
2026-03-02 20:00:00,N02,0.0023,0.006258,8.65,-0.0032,0.000285,28.8,23.765785,86.413254
2026-03-02 21:00:00,N02,-0.0438,0.007033,6.31,-0.0034,3.4e-05,27.2,23.765785,86.413254
2026-03-02 22:00:00,N02,0.0721,0.009986,5.64,-0.0032,0.000292,26.0,23.765785,86.413254
2026-03-02 23:00:00,N02,,,,,,,23.765785,86.413254
2026-03-03 00:00:00,N02,,,,,,,23.765785,86.413254
2026-03-03 01:00:00,N02,,,,,,,23.765785,86.413254
2026-03-03 02:00:00,N02,,,,,,,23.765785,86.413254
2026-03-03 03:00:00,N02,-0.2158,0.006692,2.22,-0.0043,2.6e-05,26.2,23.765785,86.413254
2026-03-03 04:00:00,N02,0.2444,0.007346,2.29,-0.0043,7.9e-05,27.8,23.765785,86.413254
2026-03-03 05:00:00,N02,0.0793,0.008194,7.99,-0.0044,6.4e-05,29.6,23.765785,86.413254
2026-03-03 06:00:00,N02,0.0978,0.006101,7.2,-0.0045,0.000147,31.5,23.765785,86.413254
2026-03-03 07:00:00,N02,-0.1548,0.007672,8.72,-0.0047,0.003386,33.5,23.765785,86.413254
2026-03-03 08:00:00,N02,0.0041,0.794968,24.83,0.0023,0.003172,35.3,23.765785,86.413254
2026-03-03 09:00:00,N02,-0.2023,0.809638,47.27,0.0016,0.001474,36.8,23.765785,86.413254
2026-03-03 10:00:00,N02,-0.0927,0.536403,17.63,-0.0007,0.003751,38.0,23.765785,86.413254
2026-03-03 11:00:00,N02,0.1388,0.007204,6.82,-0.0059,0.002797,38.8,23.765785,86.413254
2026-03-03 12:00:00,N02,-0.2044,0.008622,8.44,-0.0062,0.000447,39.0,23.765785,86.413254
2026-03-03 13:00:00,N02,-0.0772,0.005581,3.27,-0.0068,0.000323,38.8,23.765785,86.413254
2026-03-03 14:00:00,N02,,,,,,,23.765785,86.413254
2026-03-03 15:00:00,N02,-0.0756,0.006979,5.42,-0.0069,0.000109,36.8,23.765785,86.413254
2026-03-03 16:00:00,N02,0.1301,0.005836,8.77,-0.0071,4.4e-05,35.3,23.765785,86.413254
2026-03-03 17:00:00,N02,0.1036,0.006315,8.64,-0.0068,6.6e-05,33.5,23.765785,86.413254
2026-03-03 18:00:00,N02,0.0662,0.005188,2.92,-0.007,1e-05,31.5,23.765785,86.413254
2026-03-03 19:00:00,N02,0.0616,0.006381,4.49,-0.0068,0.000368,29.6,23.765785,86.413254
2026-03-03 20:00:00,N02,-0.0279,0.005997,3.45,-0.0077,0.000336,27.8,23.765785,86.413254
2026-03-03 21:00:00,N02,-0.4568,0.005057,4.83,-0.0075,0.000639,26.2,23.765785,86.413254
2026-03-03 22:00:00,N02,-0.0622,0.006793,2.03,-0.0064,0.000168,25.0,23.765785,86.413254
2026-03-03 23:00:00,N02,0.1854,0.009237,1.42,-0.0072,0.000422,24.3,23.765785,86.413254
2026-03-04 00:00:00,N02,-0.0924,0.007996,6.88,-0.0073,1.5e-05,25.2,23.765785,86.413254
2026-03-04 01:00:00,N02,-0.0392,0.007306,9.07,-0.0072,0.000172,25.4,23.765785,86.413254
2026-03-04 02:00:00,N02,0.2233,0.007997,6.5,-0.0069,0.000349,26.2,23.765785,86.413254
2026-03-04 03:00:00,N02,-0.0087,0.006703,3.32,-0.0065,0.00033,27.4,23.765785,86.413254
2026-03-04 04:00:00,N02,0.1449,0.006114,6.33,-0.0063,2.2e-05,28.9,23.765785,86.413254
2026-03-04 05:00:00,N02,-0.0492,0.005276,3.35,-0.0065,5.3e-05,30.7,23.765785,86.413254
2026-03-04 06:00:00,N02,0.04,0.005151,9.56,-0.0062,0.000261,32.7,23.765785,86.413254
2026-03-04 07:00:00,N02,-0.1654,0.005719,2.66,-0.006,0.000118,34.6,23.765785,86.413254
2026-03-04 08:00:00,N02,0.0255,0.006285,4.51,-0.0059,0.000185,36.4,23.765785,86.413254
2026-03-04 09:00:00,N02,0.0605,0.006325,5.55,-0.0064,0.000132,38.0,23.765785,86.413254
2026-03-04 10:00:00,N02,0.1992,0.005205,3.65,-0.0062,0.000215,39.2,23.765785,86.413254
2026-03-04 11:00:00,N02,,,,,,,23.765785,86.413254
2026-03-04 12:00:00,N02,,,,,,,23.765785,86.413254
2026-03-04 13:00:00,N02,,,,,,,23.765785,86.413254
2026-03-04 14:00:00,N02,,,,,,,23.765785,86.413254
2026-03-04 15:00:00,N02,,,,,,,23.765785,86.413254
2026-03-04 16:00:00,N02,,,,,,,23.765785,86.413254
2026-03-04 17:00:00,N02,,,,,,,23.765785,86.413254
2026-03-04 18:00:00,N02,,,,,,,23.765785,86.413254
2026-03-04 19:00:00,N02,,,,,,,23.765785,86.413254
2026-03-04 20:00:00,N02,,,,,,,23.765785,86.413254
2026-03-04 21:00:00,N02,-0.1461,0.005592,8.78,-0.005,0.000147,27.4,23.765785,86.413254
2026-03-04 22:00:00,N02,0.3206,0.008197,7.9,-0.0046,1.6e-05,26.2,23.765785,86.413254
2026-03-04 23:00:00,N02,-0.3103,0.005149,7.89,-0.005,0.000538,25.4,23.765785,86.413254
2026-03-05 00:00:00,N02,-0.0844,0.007609,9.85,-0.0057,2.3e-05,27.5,23.765785,86.413254
2026-03-05 01:00:00,N02,-0.0434,0.006272,2.99,-0.005,0.000139,27.8,23.765785,86.413254
2026-03-05 02:00:00,N02,0.0725,0.007781,4.63,-0.0054,4.1e-05,28.5,23.765785,86.413254
2026-03-05 03:00:00,N02,0.0826,0.008575,9.34,-0.0049,0.000203,29.7,23.765785,86.413254
2026-03-05 04:00:00,N02,-0.2249,0.008109,4.72,-0.005,0.000207,31.3,23.765785,86.413254
2026-03-05 05:00:00,N02,-0.1417,0.005138,9.41,-0.0053,0.000178,33.1,23.765785,86.413254
2026-03-05 06:00:00,N02,-0.0357,0.006535,5.2,-0.0046,0.000212,35.0,23.765785,86.413254
2026-03-05 07:00:00,N02,-0.1775,0.006417,5.48,-0.0049,0.00652,37.0,23.765785,86.413254
2026-03-05 08:00:00,N02,0.2351,0.556058,34.94,0.0084,7e-06,38.8,23.765785,86.413254
2026-03-05 09:00:00,N02,-0.216,0.005452,3.22,-0.0049,0.006613,40.3,23.765785,86.413254
2026-03-05 10:00:00,N02,0.2303,0.005456,4.64,-0.0048,0.000568,41.5,23.765785,86.413254
2026-03-05 11:00:00,N02,0.2689,0.009222,2.0,-0.006,0.000263,42.3,23.765785,86.413254
2026-03-05 12:00:00,N02,0.0574,0.005027,2.21,-0.0053,0.006613,42.5,23.765785,86.413254
2026-03-05 13:00:00,N02,0.0961,0.862606,41.86,0.0072,0.006453,42.3,23.765785,86.413254
2026-03-05 14:00:00,N02,0.0961,0.867199,46.67,0.0076,0.005625,41.5,23.765785,86.413254
2026-03-05 15:00:00,N02,-0.1217,0.006557,8.67,-0.004,0.005993,40.3,23.765785,86.413254
2026-03-05 16:00:00,N02,-0.3413,0.0068,2.11,-0.0044,0.000398,38.8,23.765785,86.413254
2026-03-05 17:00:00,N02,-0.0576,0.006106,6.28,-0.0048,6.5e-05,37.0,23.765785,86.413254
2026-03-05 18:00:00,N02,0.0013,0.00509,6.22,-0.0043,0.000101,35.0,23.765785,86.413254
2026-03-05 19:00:00,N02,-0.4473,0.005898,4.3,-0.0046,0.000251,33.1,23.765785,86.413254
2026-03-05 20:00:00,N02,-0.2258,0.006312,7.38,-0.0038,0.000612,31.3,23.765785,86.413254
2026-03-05 21:00:00,N02,-0.0842,0.005058,3.78,-0.0034,0.000608,29.7,23.765785,86.413254
2026-03-05 22:00:00,N02,0.0307,0.005889,2.11,-0.0026,0.00049,28.5,23.765785,86.413254
2026-03-05 23:00:00,N02,-0.1499,0.005445,7.76,-0.0024,0.000221,27.8,23.765785,86.413254
2026-03-06 00:00:00,N02,0.0764,0.006263,4.12,-0.003,5.8e-05,26.4,23.765785,86.413254
2026-03-06 01:00:00,N02,0.1704,0.00715,4.69,-0.0025,0.000659,26.7,23.765785,86.413254
2026-03-06 02:00:00,N02,-0.2603,0.007644,5.1,-0.0017,0.000542,27.5,23.765785,86.413254
2026-03-06 03:00:00,N02,-0.1189,0.005099,4.64,-0.0015,0.000361,28.6,23.765785,86.413254
2026-03-06 04:00:00,N02,-0.0911,0.007288,3.64,-0.001,0.001214,30.2,23.765785,86.413254
2026-03-06 05:00:00,N02,0.1251,0.005042,4.05,0.001,0.000994,32.0,23.765785,86.413254
2026-03-06 06:00:00,N02,-0.2578,0.006492,5.96,0.001,0.000206,33.9,23.765785,86.413254
2026-03-06 07:00:00,N02,-0.0848,0.005772,8.53,0.0006,0.000524,35.9,23.765785,86.413254
2026-03-06 08:00:00,N02,0.0322,0.005109,7.81,-0.0,0.000779,37.7,23.765785,86.413254
2026-03-06 09:00:00,N02,-0.1167,0.006764,4.2,-0.001,0.000409,39.2,23.765785,86.413254
2026-03-06 10:00:00,N02,0.0234,0.008181,9.3,-0.0008,0.000327,40.4,23.765785,86.413254
2026-03-06 11:00:00,N02,,,,,,,23.765785,86.413254
2026-03-06 12:00:00,N02,,,,,,,23.765785,86.413254
2026-03-06 13:00:00,N02,-0.0853,0.005932,8.63,0.0008,0.00559,41.2,23.765785,86.413254
2026-03-06 14:00:00,N02,0.1336,0.805519,17.04,0.0125,0.005938,40.4,23.765785,86.413254
2026-03-06 15:00:00,N02,0.1654,0.778857,21.3,0.0126,0.015723,39.2,23.765785,86.413254
2026-03-06 16:00:00,N02,0.031,0.591096,34.66,-0.019,0.005873,37.7,23.765785,86.413254
2026-03-06 17:00:00,N02,-0.0691,0.007765,9.08,0.0009,0.0101,35.9,23.765785,86.413254
2026-03-06 18:00:00,N02,0.0098,0.00733,3.32,0.0012,0.000133,33.9,23.765785,86.413254
2026-03-06 19:00:00,N02,0.175,0.005839,5.97,0.0006,8.8e-05,32.0,23.765785,86.413254
2026-03-06 20:00:00,N02,0.1776,0.007267,1.76,0.001,6.5e-05,30.2,23.765785,86.413254
2026-03-06 21:00:00,N02,0.0168,0.005301,7.92,0.0005,2.2e-05,28.6,23.765785,86.413254
2026-03-06 22:00:00,N02,-0.0947,0.005608,9.17,0.001,0.000439,27.5,23.765785,86.413254
2026-03-06 23:00:00,N02,0.2906,0.006819,4.96,0.0014,2.6e-05,26.7,23.765785,86.413254
2026-03-07 00:00:00,N02,0.1109,0.005548,5.25,0.0009,8e-05,26.1,23.765785,86.413254
2026-03-07 01:00:00,N02,-0.0197,0.005828,8.2,0.0015,0.000217,26.4,23.765785,86.413254
2026-03-07 02:00:00,N02,0.1784,0.006636,6.6,0.0014,7e-05,27.1,23.765785,86.413254
2026-03-07 03:00:00,N02,-0.0927,0.005558,3.71,0.0014,3.8e-05,28.3,23.765785,86.413254
2026-03-07 04:00:00,N02,0.1471,0.006941,3.75,0.0015,0.000247,29.9,23.765785,86.413254
2026-03-07 05:00:00,N02,0.0105,0.005694,3.46,0.0019,0.000152,31.7,23.765785,86.413254
2026-03-07 06:00:00,N02,0.2228,0.005826,7.13,0.0011,0.000393,33.6,23.765785,86.413254
2026-03-07 07:00:00,N02,0.0365,0.008179,2.55,0.0011,0.000412,35.6,23.765785,86.413254
2026-03-07 08:00:00,N02,0.1454,0.006945,1.39,0.0003,0.000602,37.4,23.765785,86.413254
2026-03-07 09:00:00,N02,0.1979,0.010187,4.6,-0.0001,0.000492,38.9,23.765785,86.413254
2026-03-07 10:00:00,N02,0.1586,0.005912,7.91,-0.0007,0.00012,40.1,23.765785,86.413254
2026-03-07 11:00:00,N02,0.0497,0.006844,8.33,-0.0004,0.000534,40.9,23.765785,86.413254
2026-03-07 12:00:00,N02,-0.251,0.006005,5.98,0.0004,0.006156,41.1,23.765785,86.413254
2026-03-07 13:00:00,N02,0.024,0.96228,38.1,0.012,0.000316,40.9,23.765785,86.413254
2026-03-07 14:00:00,N02,0.0736,0.006101,7.89,0.001,0.005024,40.1,23.765785,86.413254
2026-03-07 15:00:00,N02,-0.102,0.009457,5.26,0.0019,0.000466,38.9,23.765785,86.413254
2026-03-07 16:00:00,N02,-0.0247,0.008699,2.09,0.002,9.8e-05,37.4,23.765785,86.413254
2026-03-07 17:00:00,N02,-0.1526,0.006097,1.76,0.0021,0.000317,35.6,23.765785,86.413254
2026-03-07 18:00:00,N02,-0.1635,0.006228,9.38,0.0026,7.5e-05,33.6,23.765785,86.413254
2026-03-07 19:00:00,N02,-0.2552,0.008429,8.79,0.0023,0.000143,31.7,23.765785,86.413254
2026-03-07 20:00:00,N02,0.2201,0.005169,9.71,0.0029,6.9e-05,29.9,23.765785,86.413254
2026-03-07 21:00:00,N02,-0.254,0.005835,5.63,0.0024,0.00035,28.3,23.765785,86.413254
2026-03-07 22:00:00,N02,-0.2543,0.005918,1.27,0.0022,0.000111,27.1,23.765785,86.413254
2026-03-07 23:00:00,N02,-0.1879,0.007004,8.83,0.0026,0.000132,26.4,23.765785,86.413254
2026-03-08 00:00:00,N02,0.0201,0.005436,3.22,0.0025,0.000191,28.9,23.765785,86.413254
2026-03-08 01:00:00,N02,-0.1003,0.006286,6.12,0.003,0.000547,29.2,23.765785,86.413254
2026-03-08 02:00:00,N02,0.2633,0.006105,9.85,0.0035,0.000391,29.9,23.765785,86.413254
2026-03-08 03:00:00,N02,0.0178,0.007435,9.65,0.0038,4.5e-05,31.1,23.765785,86.413254
2026-03-08 04:00:00,N02,0.2243,0.006081,7.13,0.0036,0.000338,32.7,23.765785,86.413254
2026-03-08 05:00:00,N02,,,,,,,23.765785,86.413254
2026-03-08 06:00:00,N02,,,,,,,23.765785,86.413254
2026-03-08 07:00:00,N02,-0.101,0.006006,9.74,0.0035,0.000458,38.3,23.765785,86.413254
2026-03-08 08:00:00,N02,-0.1417,0.007696,9.83,0.0036,0.00011,40.2,23.765785,86.413254
2026-03-08 09:00:00,N02,0.1172,0.007642,7.12,0.0037,0.000259,41.7,23.765785,86.413254
2026-03-08 10:00:00,N02,,,,,,,23.765785,86.413254
2026-03-08 11:00:00,N02,,,,,,,23.765785,86.413254
2026-03-08 12:00:00,N02,-0.1153,0.009304,9.91,0.0042,0.000328,43.9,23.765785,86.413254
2026-03-08 13:00:00,N02,0.1958,0.009778,2.58,0.0043,0.005845,43.6,23.765785,86.413254
2026-03-08 14:00:00,N02,0.0052,0.712402,30.45,0.0159,0.000229,42.9,23.765785,86.413254
2026-03-08 15:00:00,N02,-0.1186,0.005541,3.74,0.0048,0.001634,41.7,23.765785,86.413254
2026-03-08 16:00:00,N02,-0.1386,0.728363,24.52,0.0126,0.000453,40.2,23.765785,86.413254
2026-03-08 17:00:00,N02,0.0841,0.006926,3.22,0.0039,0.004557,38.3,23.765785,86.413254
2026-03-08 18:00:00,N02,-0.0158,0.006915,3.76,0.0035,0.000135,36.4,23.765785,86.413254
2026-03-08 19:00:00,N02,-0.1554,0.006008,2.43,0.0041,4.3e-05,34.5,23.765785,86.413254
2026-03-08 20:00:00,N02,-0.0084,0.005213,2.52,0.0036,0.000208,32.7,23.765785,86.413254
2026-03-08 21:00:00,N02,0.1053,0.007045,3.28,0.0037,0.000211,31.1,23.765785,86.413254
2026-03-08 22:00:00,N02,0.1731,0.006532,5.49,0.004,2.2e-05,29.9,23.765785,86.413254
2026-03-08 23:00:00,N02,-0.0716,0.008205,9.24,0.0037,0.000269,29.2,23.765785,86.413254
2026-03-09 00:00:00,N02,0.0957,0.005473,1.91,0.0045,0.000764,22.9,23.765785,86.413254
2026-03-09 01:00:00,N02,-0.3107,0.008843,3.86,0.0052,0.000197,23.2,23.765785,86.413254
2026-03-09 02:00:00,N02,0.1565,0.006663,7.57,0.0049,0.000663,24.0,23.765785,86.413254
2026-03-09 03:00:00,N02,0.2049,0.007019,1.61,0.0039,0.000814,25.1,23.765785,86.413254
2026-03-09 04:00:00,N02,0.0814,0.008381,4.09,0.0033,0.000109,26.7,23.765785,86.413254
2026-03-09 05:00:00,N02,-0.2856,0.010266,2.99,0.0041,0.000546,28.5,23.765785,86.413254
2026-03-09 06:00:00,N02,-0.0796,0.005713,4.77,0.0044,0.000136,30.4,23.765785,86.413254
2026-03-09 07:00:00,N02,-0.134,0.005684,7.01,0.0044,0.000187,32.4,23.765785,86.413254
2026-03-09 08:00:00,N02,-0.1042,0.006213,5.45,0.0048,5.2e-05,34.2,23.765785,86.413254
2026-03-09 09:00:00,N02,0.0088,0.009205,7.59,0.0045,0.000157,35.8,23.765785,86.413254
2026-03-09 10:00:00,N02,0.0485,0.008355,7.83,0.0051,0.000134,36.9,23.765785,86.413254
2026-03-09 11:00:00,N02,0.0989,0.005473,9.74,0.0047,0.000188,37.7,23.765785,86.413254
2026-03-09 12:00:00,N02,-0.1574,0.006059,2.19,0.0055,0.000871,37.9,23.765785,86.413254
2026-03-09 13:00:00,N02,0.0916,0.005712,7.64,0.0065,0.000354,37.7,23.765785,86.413254
2026-03-09 14:00:00,N02,-0.0774,0.007535,4.91,0.0062,0.0002,36.9,23.765785,86.413254
2026-03-09 15:00:00,N02,-0.3971,0.007017,5.24,0.0061,1e-05,35.8,23.765785,86.413254
2026-03-09 16:00:00,N02,0.0826,0.007296,7.36,0.0062,0.003539,34.2,23.765785,86.413254
2026-03-09 17:00:00,N02,0.195,0.708324,27.32,0.0132,0.000121,32.4,23.765785,86.413254
2026-03-09 18:00:00,N02,-0.0692,0.006758,2.77,0.0064,0.003087,30.4,23.765785,86.413254
2026-03-09 19:00:00,N02,-0.177,0.006506,3.54,0.007,0.000604,28.5,23.765785,86.413254
2026-03-09 20:00:00,N02,0.0793,0.007618,5.09,0.0076,0.000337,26.7,23.765785,86.413254
2026-03-09 21:00:00,N02,-0.0091,0.007153,4.17,0.0077,0.000167,25.1,23.765785,86.413254
2026-03-09 22:00:00,N02,-0.2609,0.007566,2.21,0.0079,0.00018,24.0,23.765785,86.413254
2026-03-09 23:00:00,N02,-0.1146,0.00802,3.98,0.0073,2.5e-05,23.2,23.765785,86.413254
2026-03-10 00:00:00,N02,-0.0667,0.005614,2.31,0.008,0.000813,21.0,23.765785,86.413254
2026-03-10 01:00:00,N02,-0.1319,0.009347,1.72,0.0089,0.000342,21.3,23.765785,86.413254
2026-03-10 02:00:00,N02,-0.0849,0.007022,6.93,0.0087,0.000625,22.0,23.765785,86.413254
2026-03-10 03:00:00,N02,-0.1563,0.006028,2.94,0.0077,0.00029,23.2,23.765785,86.413254
2026-03-10 04:00:00,N02,-0.035,0.005434,3.49,0.0081,2.1e-05,24.8,23.765785,86.413254
2026-03-10 05:00:00,N02,-0.0618,0.006088,2.86,0.0076,0.00022,26.6,23.765785,86.413254
2026-03-10 06:00:00,N02,0.0239,0.005301,2.05,0.0077,4e-05,28.5,23.765785,86.413254
2026-03-10 07:00:00,N02,-0.0348,0.005586,2.81,0.0077,2.2e-05,30.5,23.765785,86.413254
2026-03-10 08:00:00,N02,-0.0215,0.005704,4.58,0.0076,0.000171,32.3,23.765785,86.413254
2026-03-10 09:00:00,N02,0.0151,0.006633,8.87,0.0081,0.0006,33.8,23.765785,86.413254
2026-03-10 10:00:00,N02,0.0497,0.005309,2.63,0.0088,0.00032,35.0,23.765785,86.413254
2026-03-10 11:00:00,N02,0.1542,0.007167,3.94,0.0087,0.003922,35.8,23.765785,86.413254
2026-03-10 12:00:00,N02,0.194,0.672824,39.33,0.001,0.007646,36.0,23.765785,86.413254
2026-03-10 13:00:00,N02,0.1385,0.573994,39.57,0.024,0.000531,35.8,23.765785,86.413254
2026-03-10 14:00:00,N02,0.2331,0.721209,46.4,0.002,0.007766,35.0,23.765785,86.413254
2026-03-10 15:00:00,N02,0.1473,0.005093,8.53,0.0085,0.003206,33.8,23.765785,86.413254
2026-03-10 16:00:00,N02,-0.2728,0.008199,1.68,0.0084,3.5e-05,32.3,23.765785,86.413254
2026-03-10 17:00:00,N02,-0.1407,0.005425,9.97,0.0085,5.1e-05,30.5,23.765785,86.413254
2026-03-10 18:00:00,N02,-0.1072,0.006763,1.9,0.0083,1.9e-05,28.5,23.765785,86.413254
2026-03-10 19:00:00,N02,-0.1744,0.00892,2.85,0.0086,7.8e-05,26.6,23.765785,86.413254
2026-03-10 20:00:00,N02,-0.1184,0.006041,2.16,0.0085,0.000158,24.8,23.765785,86.413254
2026-03-10 21:00:00,N02,-0.2126,0.007715,2.63,0.0083,8.3e-05,23.2,23.765785,86.413254
2026-03-10 22:00:00,N02,-0.0812,0.006751,2.54,0.0087,0.000381,22.0,23.765785,86.413254
2026-03-10 23:00:00,N02,0.1879,0.005854,1.17,0.009,0.000297,21.3,23.765785,86.413254
2026-03-11 00:00:00,N02,0.0769,0.005827,9.64,0.0093,0.000307,26.0,23.765785,86.413254
2026-03-11 01:00:00,N02,0.2154,0.008817,5.2,0.0084,0.000236,26.2,23.765785,86.413254
2026-03-11 02:00:00,N02,,,,,,,23.765785,86.413254
2026-03-11 03:00:00,N02,,,,,,,23.765785,86.413254
2026-03-11 04:00:00,N02,,,,,,,23.765785,86.413254
2026-03-11 05:00:00,N02,,,,,,,23.765785,86.413254
2026-03-11 06:00:00,N02,,,,,,,23.765785,86.413254
2026-03-11 07:00:00,N02,0.0357,0.006304,5.67,0.0084,0.00931,35.4,23.765785,86.413254
2026-03-11 08:00:00,N02,-0.0277,0.007713,2.33,0.0083,7.4e-05,37.2,23.765785,86.413254
2026-03-11 09:00:00,N02,-0.0247,0.005326,2.4,0.0085,0.000361,38.8,23.765785,86.413254
2026-03-11 10:00:00,N02,-0.1913,0.010452,4.42,0.0076,0.000301,39.9,23.765785,86.413254
2026-03-11 11:00:00,N02,,,,,,,23.765785,86.413254
2026-03-11 12:00:00,N02,,,,,,,23.765785,86.413254
2026-03-11 13:00:00,N02,0.0273,0.006937,7.51,0.0079,0.004602,40.7,23.765785,86.413254
2026-03-11 14:00:00,N02,-0.0104,0.005993,1.9,0.0081,0.000484,39.9,23.765785,86.413254
2026-03-11 15:00:00,N02,-0.0676,0.006318,7.81,0.0088,0.000746,38.8,23.765785,86.413254
2026-03-11 16:00:00,N02,0.0478,0.006275,3.57,0.0096,0.000193,37.2,23.765785,86.413254
2026-03-11 17:00:00,N02,-0.1946,0.006209,4.59,0.0084,0.000453,35.4,23.765785,86.413254
2026-03-11 18:00:00,N02,0.0469,0.006865,3.82,0.0087,0.000199,33.5,23.765785,86.413254
2026-03-11 19:00:00,N02,,,,,,,23.765785,86.413254
2026-03-11 20:00:00,N02,-0.1981,0.010238,7.94,0.0083,2e-06,29.7,23.765785,86.413254
2026-03-11 21:00:00,N02,0.1059,0.008724,2.4,0.0088,0.000939,28.1,23.765785,86.413254
2026-03-11 22:00:00,N02,-0.1906,0.008886,8.41,0.0101,0.000695,27.0,23.765785,86.413254
2026-03-11 23:00:00,N02,-0.0719,0.007792,2.11,0.0102,0.000329,26.2,23.765785,86.413254
2026-03-12 00:00:00,N02,-0.0368,0.007424,6.64,0.0108,0.000251,26.2,23.765785,86.413254
2026-03-12 01:00:00,N02,-0.0307,0.007125,8.27,0.0107,6.1e-05,26.4,23.765785,86.413254
2026-03-12 02:00:00,N02,-0.2295,0.0052,6.36,0.0109,2.4e-05,27.2,23.765785,86.413254
2026-03-12 03:00:00,N02,-0.1609,0.006695,5.01,0.0107,0.0003,28.4,23.765785,86.413254
2026-03-12 04:00:00,N02,0.1284,0.005735,4.79,0.0103,4.1e-05,29.9,23.765785,86.413254
2026-03-12 05:00:00,N02,-0.2511,0.007482,1.97,0.0106,0.000108,31.7,23.765785,86.413254
2026-03-12 06:00:00,N02,0.2275,0.009147,3.88,0.0101,8.8e-05,33.7,23.765785,86.413254
2026-03-12 07:00:00,N02,0.3559,0.005573,2.52,0.0104,3.3e-05,35.6,23.765785,86.413254
2026-03-12 08:00:00,N02,-0.0861,0.008315,8.27,0.01,0.000393,37.4,23.765785,86.413254
2026-03-12 09:00:00,N02,0.0099,0.008028,4.62,0.0096,0.000102,39.0,23.765785,86.413254
2026-03-12 10:00:00,N02,0.2068,0.005794,8.71,0.0098,0.007333,40.2,23.765785,86.413254
2026-03-12 11:00:00,N02,-0.0089,0.867832,27.24,0.0243,0.000128,40.9,23.765785,86.413254
2026-03-12 12:00:00,N02,-0.0323,0.005482,9.31,0.0096,0.007292,41.2,23.765785,86.413254
2026-03-12 13:00:00,N02,-0.0155,0.006484,6.89,0.0097,0.000475,40.9,23.765785,86.413254
2026-03-12 14:00:00,N02,0.2035,0.007213,8.37,0.0105,0.000654,40.2,23.765785,86.413254
2026-03-12 15:00:00,N02,0.131,0.006348,8.56,0.011,0.000527,39.0,23.765785,86.413254
2026-03-12 16:00:00,N02,-0.0095,0.005834,5.73,0.0116,0.000252,37.4,23.765785,86.413254
2026-03-12 17:00:00,N02,0.1341,0.006394,9.12,0.0115,0.000269,35.6,23.765785,86.413254
2026-03-12 18:00:00,N02,0.0404,0.005011,4.94,0.0121,0.000401,33.7,23.765785,86.413254
2026-03-12 19:00:00,N02,0.1115,0.005821,3.59,0.0123,0.000218,31.7,23.765785,86.413254
2026-03-12 20:00:00,N02,-0.2717,0.005442,8.95,0.0126,0.000181,29.9,23.765785,86.413254
2026-03-12 21:00:00,N02,0.1156,0.005038,5.42,0.0127,0.000683,28.4,23.765785,86.413254
2026-03-12 22:00:00,N02,0.0636,0.006594,7.18,0.0139,0.00062,27.2,23.765785,86.413254
2026-03-12 23:00:00,N02,-0.0305,0.006311,3.55,0.0139,0.000156,26.4,23.765785,86.413254
2026-03-13 00:00:00,N02,0.0289,0.00585,5.39,0.0142,0.000342,25.6,23.765785,86.413254
2026-03-13 01:00:00,N02,,,,,,,23.765785,86.413254
2026-03-13 02:00:00,N02,,,,,,,23.765785,86.413254
2026-03-13 03:00:00,N02,,,,,,,23.765785,86.413254
2026-03-13 04:00:00,N02,,,,,,,23.765785,86.413254
2026-03-13 05:00:00,N02,0.1767,0.008129,4.06,0.0129,0.012848,31.1,23.765785,86.413254
2026-03-13 06:00:00,N02,-0.0367,0.671535,26.26,0.0388,0.000187,33.1,23.765785,86.413254
2026-03-13 07:00:00,N02,-0.0173,0.006283,4.52,0.0125,0.012818,35.0,23.765785,86.413254
2026-03-13 08:00:00,N02,0.0036,0.005224,3.19,0.0132,0.00043,36.8,23.765785,86.413254
2026-03-13 09:00:00,N02,0.0801,0.006513,7.58,0.0134,0.000117,38.4,23.765785,86.413254
2026-03-13 10:00:00,N02,-0.1052,0.007998,9.02,0.0129,0.000404,39.6,23.765785,86.413254
2026-03-13 11:00:00,N02,0.0455,0.006046,2.28,0.0126,4.9e-05,40.3,23.765785,86.413254
2026-03-13 12:00:00,N02,-0.099,0.006144,7.05,0.013,0.000514,40.6,23.765785,86.413254
2026-03-13 13:00:00,N02,-0.1148,0.00709,6.14,0.0136,0.00473,40.3,23.765785,86.413254
2026-03-13 14:00:00,N02,-0.1787,0.529332,40.11,0.0225,0.00463,39.6,23.765785,86.413254
2026-03-13 15:00:00,N02,-0.0272,0.873258,37.8,0.0228,0.004404,38.4,23.765785,86.413254
2026-03-13 16:00:00,N02,0.0953,0.00749,3.59,0.0137,0.004256,36.8,23.765785,86.413254
2026-03-13 17:00:00,N02,,,,,,,23.765785,86.413254
2026-03-13 18:00:00,N02,,,,,,,23.765785,86.413254
2026-03-13 19:00:00,N02,,,,,,,23.765785,86.413254
2026-03-13 20:00:00,N02,,,,,,,23.765785,86.413254
2026-03-13 21:00:00,N02,,,,,,,23.765785,86.413254
2026-03-13 22:00:00,N02,0.0845,0.006388,7.99,0.0148,0.000316,26.6,23.765785,86.413254
2026-03-13 23:00:00,N02,-0.0004,0.007096,7.96,0.0142,0.001018,25.8,23.765785,86.413254
2026-03-14 00:00:00,N02,-0.0448,0.006636,3.07,0.0127,0.000372,26.2,23.765785,86.413254
2026-03-14 01:00:00,N02,0.1819,0.010526,4.92,0.0134,6.4e-05,26.4,23.765785,86.413254
2026-03-14 02:00:00,N02,-0.045,0.005191,4.49,0.0129,0.00017,27.2,23.765785,86.413254
2026-03-14 03:00:00,N02,,,,,,,23.765785,86.413254
2026-03-14 04:00:00,N02,,,,,,,23.765785,86.413254
2026-03-14 05:00:00,N02,,,,,,,23.765785,86.413254
2026-03-14 06:00:00,N02,,,,,,,23.765785,86.413254
2026-03-14 07:00:00,N02,,,,,,,23.765785,86.413254
2026-03-14 08:00:00,N02,0.3152,0.007608,2.08,0.0115,0.00571,37.4,23.765785,86.413254
2026-03-14 09:00:00,N02,-0.038,0.00556,2.27,0.0116,0.000229,39.0,23.765785,86.413254
2026-03-14 10:00:00,N02,0.1273,0.007398,1.78,0.011,0.000305,40.1,23.765785,86.413254
2026-03-14 11:00:00,N02,0.2374,0.006318,5.98,0.0109,0.000183,40.9,23.765785,86.413254
2026-03-14 12:00:00,N02,-0.188,0.005524,4.66,0.0114,0.005897,41.2,23.765785,86.413254
2026-03-14 13:00:00,N02,0.0268,0.614129,19.77,-0.0009,4.6e-05,40.9,23.765785,86.413254
2026-03-14 14:00:00,N02,,,,,,,23.765785,86.413254
2026-03-14 15:00:00,N02,,,,,,,23.765785,86.413254
2026-03-14 16:00:00,N02,,,,,,,23.765785,86.413254
2026-03-14 17:00:00,N02,-0.1229,0.008892,1.09,0.0118,0.000155,35.6,23.765785,86.413254
2026-03-14 18:00:00,N02,0.0632,0.010157,1.21,0.0119,0.000133,33.7,23.765785,86.413254
2026-03-14 19:00:00,N02,-0.0211,0.0053,7.95,0.0121,0.000481,31.7,23.765785,86.413254
2026-03-14 20:00:00,N02,0.2438,0.005079,7.7,0.0129,0.000535,29.9,23.765785,86.413254
2026-03-14 21:00:00,N02,-0.232,0.005045,6.98,0.0132,0.000157,28.3,23.765785,86.413254
2026-03-14 22:00:00,N02,0.1064,0.005828,1.9,0.0132,0.000399,27.2,23.765785,86.413254
2026-03-14 23:00:00,N02,0.0219,0.008201,9.92,0.0124,0.000353,26.4,23.765785,86.413254
2026-03-15 00:00:00,N02,0.0862,0.00662,4.38,0.0125,0.000336,26.1,23.765785,86.413254
2026-03-15 01:00:00,N02,-0.1333,0.005785,2.01,0.013,0.000126,26.4,23.765785,86.413254
2026-03-15 02:00:00,N02,0.3057,0.00559,8.06,0.0127,5.9e-05,27.1,23.765785,86.413254
2026-03-15 03:00:00,N02,0.0697,0.005072,8.47,0.0129,0.000321,28.3,23.765785,86.413254
2026-03-15 04:00:00,N02,0.1468,0.005484,1.99,0.0134,0.000667,29.9,23.765785,86.413254
2026-03-15 05:00:00,N02,-0.207,0.007288,3.34,0.0142,0.000734,31.7,23.765785,86.413254
2026-03-15 06:00:00,N02,0.0289,0.011299,6.4,0.0148,6.5e-05,33.6,23.765785,86.413254
2026-03-15 07:00:00,N02,0.2034,0.005342,3.47,0.0144,0.000123,35.5,23.765785,86.413254
2026-03-15 08:00:00,N02,,,,,,,23.765785,86.413254
2026-03-15 09:00:00,N02,0.1099,0.005304,6.14,0.0152,0.000279,38.9,23.765785,86.413254
2026-03-15 10:00:00,N02,,,,,,,23.765785,86.413254
2026-03-15 11:00:00,N02,,,,,,,23.765785,86.413254
2026-03-15 12:00:00,N02,,,,,,,23.765785,86.413254
2026-03-15 13:00:00,N02,0.4603,0.006161,1.48,0.0159,0.004457,40.8,23.765785,86.413254
2026-03-15 14:00:00,N02,-0.0078,0.811184,34.57,0.024,0.004201,40.1,23.765785,86.413254
2026-03-15 15:00:00,N02,0.2087,0.966673,21.47,0.0243,0.004298,38.9,23.765785,86.413254
2026-03-15 16:00:00,N02,-0.0508,0.005223,2.83,0.0154,0.004683,37.4,23.765785,86.413254
2026-03-15 17:00:00,N02,-0.2618,0.007006,2.52,0.0149,0.000586,35.5,23.765785,86.413254
2026-03-15 18:00:00,N02,0.159,0.006462,2.17,0.0143,0.000774,33.6,23.765785,86.413254
2026-03-15 19:00:00,N02,0.1113,0.006185,7.98,0.0134,0.000319,31.7,23.765785,86.413254
2026-03-15 20:00:00,N02,-0.0195,0.005157,5.47,0.0136,0.000211,29.9,23.765785,86.413254
2026-03-15 21:00:00,N02,,,,,,,23.765785,86.413254
2026-03-15 22:00:00,N02,,,,,,,23.765785,86.413254
2026-03-15 23:00:00,N02,,,,,,,23.765785,86.413254
2026-03-16 00:00:00,N02,,,,,,,23.765785,86.413254
2026-03-16 01:00:00,N02,,,,,,,23.765785,86.413254
2026-03-16 02:00:00,N02,-0.1834,0.005259,8.64,0.0121,0.000196,28.1,23.765785,86.413254
2026-03-16 03:00:00,N02,-0.0842,0.005451,7.31,0.0112,0.000371,29.3,23.765785,86.413254
2026-03-16 04:00:00,N02,0.1152,0.006315,9.64,0.0114,0.00013,30.8,23.765785,86.413254
2026-03-16 05:00:00,N02,0.0211,0.007309,8.17,0.0115,0.000406,32.6,23.765785,86.413254
2026-03-16 06:00:00,N02,0.094,0.007182,8.46,0.0106,0.000293,34.6,23.765785,86.413254
2026-03-16 07:00:00,N02,-0.106,0.007475,7.69,0.0109,0.000338,36.5,23.765785,86.413254
2026-03-16 08:00:00,N02,0.184,0.006609,3.79,0.0112,0.000479,38.3,23.765785,86.413254
2026-03-16 09:00:00,N02,,,,,,,23.765785,86.413254
2026-03-16 10:00:00,N02,,,,,,,23.765785,86.413254
2026-03-16 11:00:00,N02,,,,,,,23.765785,86.413254
2026-03-16 12:00:00,N02,,,,,,,23.765785,86.413254
2026-03-16 13:00:00,N02,,,,,,,23.765785,86.413254
2026-03-16 14:00:00,N02,0.2853,0.005612,3.11,0.0128,0.000815,41.1,23.765785,86.413254
2026-03-16 15:00:00,N02,0.0346,0.007011,4.12,0.0136,0.000409,39.9,23.765785,86.413254
2026-03-16 16:00:00,N02,-0.145,0.006329,3.75,0.0136,0.000295,38.3,23.765785,86.413254
2026-03-16 17:00:00,N02,0.5133,0.005524,2.71,0.0141,0.000508,36.5,23.765785,86.413254
2026-03-16 18:00:00,N02,-0.1959,0.006658,6.56,0.0146,0.000713,34.6,23.765785,86.413254
2026-03-16 19:00:00,N02,-0.0091,0.009145,5.8,0.0156,0.000573,32.6,23.765785,86.413254
2026-03-16 20:00:00,N02,-0.1895,0.005472,6.9,0.0158,3.9e-05,30.8,23.765785,86.413254
2026-03-16 21:00:00,N02,-0.2172,0.007523,2.35,0.0156,6.1e-05,29.3,23.765785,86.413254
2026-03-16 22:00:00,N02,-0.3476,0.00569,8.6,0.0156,0.000179,28.1,23.765785,86.413254
2026-03-16 23:00:00,N02,0.2736,0.005746,1.61,0.0153,0.000251,27.3,23.765785,86.413254
2026-03-17 00:00:00,N02,0.1488,0.008841,4.63,0.0151,4e-05,23.9,23.765785,86.413254
2026-03-17 01:00:00,N02,0.2469,0.006987,2.77,0.0154,0.000303,24.2,23.765785,86.413254
2026-03-17 02:00:00,N02,-0.1755,0.00662,2.71,0.0145,2.3e-05,24.9,23.765785,86.413254
2026-03-17 03:00:00,N02,0.0702,0.005039,4.85,0.0154,0.000392,26.1,23.765785,86.413254
2026-03-17 04:00:00,N02,-0.004,0.00584,7.85,0.0153,0.000196,27.7,23.765785,86.413254
2026-03-17 05:00:00,N02,0.0463,0.006212,5.83,0.015,0.000111,29.5,23.765785,86.413254
2026-03-17 06:00:00,N02,-0.104,0.005016,9.46,0.0151,5.3e-05,31.4,23.765785,86.413254
2026-03-17 07:00:00,N02,-0.3105,0.007109,5.32,0.0149,0.000281,33.4,23.765785,86.413254
2026-03-17 08:00:00,N02,0.0467,0.006406,9.07,0.0145,0.000284,35.2,23.765785,86.413254
2026-03-17 09:00:00,N02,,,,,,,23.765785,86.413254
2026-03-17 10:00:00,N02,,,,,,,23.765785,86.413254
2026-03-17 11:00:00,N02,,,,,,,23.765785,86.413254
2026-03-17 12:00:00,N02,,,,,,,23.765785,86.413254
2026-03-17 13:00:00,N02,,,,,,,23.765785,86.413254
2026-03-17 14:00:00,N02,-0.0666,0.005893,2.76,0.0149,0.000794,37.9,23.765785,86.413254
2026-03-17 15:00:00,N02,0.0177,0.008375,4.07,0.016,0.004002,36.7,23.765785,86.413254
2026-03-17 16:00:00,N02,0.2426,0.66088,20.58,0.0069,0.004595,35.2,23.765785,86.413254
2026-03-17 17:00:00,N02,0.0706,0.985742,42.21,0.0068,0.004329,33.4,23.765785,86.413254
2026-03-17 18:00:00,N02,-0.2235,0.006406,2.08,0.0156,0.004718,31.4,23.765785,86.413254
2026-03-17 19:00:00,N02,0.2304,0.005043,5.53,0.0162,0.000582,29.5,23.765785,86.413254
2026-03-17 20:00:00,N02,0.0328,0.006906,5.36,0.0168,0.00037,27.7,23.765785,86.413254
2026-03-17 21:00:00,N02,0.1836,0.007154,6.25,0.017,2.8e-05,26.1,23.765785,86.413254
2026-03-17 22:00:00,N02,0.0083,0.005161,4.52,0.0168,5.7e-05,24.9,23.765785,86.413254
2026-03-17 23:00:00,N02,0.0972,0.007787,3.38,0.0171,0.000537,24.2,23.765785,86.413254
2026-03-18 00:00:00,N02,0.1575,0.005063,2.08,0.0179,0.000161,27.0,23.765785,86.413254
2026-03-18 01:00:00,N02,-0.4516,0.008877,5.78,0.0174,3e-05,27.3,23.765785,86.413254
2026-03-18 02:00:00,N02,-0.1807,0.005667,2.81,0.0179,0.000206,28.0,23.765785,86.413254
2026-03-18 03:00:00,N02,0.1769,0.006725,8.02,0.0178,9.9e-05,29.2,23.765785,86.413254
2026-03-18 04:00:00,N02,0.0985,0.00514,6.58,0.0181,1.9e-05,30.8,23.765785,86.413254
2026-03-18 05:00:00,N02,0.1738,0.008169,2.92,0.0178,0.000377,32.6,23.765785,86.413254
2026-03-18 06:00:00,N02,0.024,0.005018,8.83,0.0174,0.000308,34.5,23.765785,86.413254
2026-03-18 07:00:00,N02,-0.0053,0.00547,1.47,0.0172,1.1e-05,36.5,23.765785,86.413254
2026-03-18 08:00:00,N02,-0.2813,0.009369,1.72,0.0174,0.006567,38.3,23.765785,86.413254
2026-03-18 09:00:00,N02,-0.0039,0.934237,42.65,0.0303,0.005485,39.8,23.765785,86.413254
2026-03-18 10:00:00,N02,-0.0189,0.753504,16.55,0.0283,0.000796,41.0,23.765785,86.413254
2026-03-18 11:00:00,N02,,,,,,,23.765785,86.413254
2026-03-18 12:00:00,N02,,,,,,,23.765785,86.413254
2026-03-18 13:00:00,N02,,,,,,,23.765785,86.413254
2026-03-18 14:00:00,N02,,,,,,,23.765785,86.413254
2026-03-18 15:00:00,N02,-0.0883,0.006664,1.76,0.0172,0.000129,39.8,23.765785,86.413254
2026-03-18 16:00:00,N02,0.1866,0.007013,1.86,0.0171,8.2e-05,38.3,23.765785,86.413254
2026-03-18 17:00:00,N02,0.102,0.005983,4.24,0.017,9.4e-05,36.5,23.765785,86.413254
2026-03-18 18:00:00,N02,-0.1442,0.00538,9.23,0.0173,9.4e-05,34.5,23.765785,86.413254
2026-03-18 19:00:00,N02,0.0668,0.006646,5.53,0.0169,7e-06,32.6,23.765785,86.413254
2026-03-18 20:00:00,N02,,,,,,,23.765785,86.413254
2026-03-18 21:00:00,N02,-0.0615,0.006156,4.24,0.0184,0.000447,29.2,23.765785,86.413254
2026-03-18 22:00:00,N02,0.0035,0.007293,2.13,0.0181,0.000551,28.0,23.765785,86.413254
2026-03-18 23:00:00,N02,0.0287,0.0052,9.05,0.0173,0.000405,27.3,23.765785,86.413254
2026-03-19 00:00:00,N02,0.066,0.007019,1.68,0.0173,0.000141,24.2,23.765785,86.413254
2026-03-19 01:00:00,N02,-0.2809,0.006807,5.89,0.0176,2.9e-05,24.4,23.765785,86.413254
2026-03-19 02:00:00,N02,0.0197,0.005182,5.3,0.0174,5e-06,25.2,23.765785,86.413254
2026-03-19 03:00:00,N02,0.0649,0.006416,4.9,0.0176,0.000311,26.3,23.765785,86.413254
2026-03-19 04:00:00,N02,0.038,0.006023,1.15,0.018,0.000131,27.9,23.765785,86.413254
2026-03-19 05:00:00,N02,-0.1097,0.005593,6.25,0.0178,0.000424,29.7,23.765785,86.413254
2026-03-19 06:00:00,N02,0.1982,0.008285,7.22,0.0189,0.00095,31.7,23.765785,86.413254
2026-03-19 07:00:00,N02,0.1418,0.009364,5.18,0.0197,0.000931,33.6,23.765785,86.413254
2026-03-19 08:00:00,N02,0.0057,0.005383,7.74,0.0207,3.6e-05,35.4,23.765785,86.413254
2026-03-19 09:00:00,N02,0.1892,0.007295,5.95,0.0197,0.00058,37.0,23.765785,86.413254
2026-03-19 10:00:00,N02,0.0335,0.00704,9.62,0.0196,0.000464,38.1,23.765785,86.413254
2026-03-19 11:00:00,N02,-0.0357,0.005585,7.51,0.0206,0.000525,38.9,23.765785,86.413254
2026-03-19 12:00:00,N02,0.0327,0.00659,8.33,0.0206,0.007757,39.2,23.765785,86.413254
2026-03-19 13:00:00,N02,-0.1752,0.984704,21.24,0.0361,0.000277,38.9,23.765785,86.413254
2026-03-19 14:00:00,N02,-0.276,0.007256,2.48,0.0201,0.001279,38.1,23.765785,86.413254
2026-03-19 15:00:00,N02,-0.021,0.810688,35.23,0.0387,0.009057,37.0,23.765785,86.413254
2026-03-19 16:00:00,N02,-0.0282,0.61849,24.09,0.0382,0.009325,35.4,23.765785,86.413254
2026-03-19 17:00:00,N02,0.1248,0.007272,8.15,0.02,0.009288,33.6,23.765785,86.413254
2026-03-19 18:00:00,N02,0.0375,0.005542,6.19,0.0196,3.2e-05,31.7,23.765785,86.413254
2026-03-19 19:00:00,N02,,,,,,,23.765785,86.413254
2026-03-19 20:00:00,N02,,,,,,,23.765785,86.413254
2026-03-19 21:00:00,N02,,,,,,,23.765785,86.413254
2026-03-19 22:00:00,N02,,,,,,,23.765785,86.413254
2026-03-19 23:00:00,N02,,,,,,,23.765785,86.413254
2026-03-20 00:00:00,N02,0.0856,0.006645,8.41,0.0207,0.000616,28.4,23.765785,86.413254
2026-03-20 01:00:00,N02,0.0801,0.006844,6.67,0.0216,0.000416,28.7,23.765785,86.413254
2026-03-20 02:00:00,N02,0.1433,0.00651,5.48,0.0216,9.9e-05,29.4,23.765785,86.413254
2026-03-20 03:00:00,N02,0.0809,0.005472,7.7,0.0214,0.000144,30.6,23.765785,86.413254
2026-03-20 04:00:00,N02,-0.0829,0.00552,6.25,0.0219,0.000153,32.1,23.765785,86.413254
2026-03-20 05:00:00,N02,-0.1951,0.005194,3.11,0.0217,0.000123,34.0,23.765785,86.413254
2026-03-20 06:00:00,N02,0.18,0.005262,1.82,0.0216,0.002557,35.9,23.765785,86.413254
2026-03-20 07:00:00,N02,0.1997,0.613846,38.54,0.0166,3e-06,37.8,23.765785,86.413254
2026-03-20 08:00:00,N02,0.3144,0.008989,7.07,0.0216,0.002307,39.6,23.765785,86.413254
2026-03-20 09:00:00,N02,0.0005,0.008136,8.34,0.0212,0.000169,41.2,23.765785,86.413254
2026-03-20 10:00:00,N02,-0.1481,0.005665,1.98,0.0213,1.8e-05,42.4,23.765785,86.413254
2026-03-20 11:00:00,N02,0.0125,0.005272,9.4,0.0212,0.000471,43.1,23.765785,86.413254
2026-03-20 12:00:00,N02,-0.4553,0.007234,3.58,0.0222,0.000708,43.4,23.765785,86.413254
2026-03-20 13:00:00,N02,-0.0602,0.007547,4.17,0.0226,0.00045,43.1,23.765785,86.413254
2026-03-20 14:00:00,N02,0.2712,0.007571,1.36,0.0231,0.00354,42.4,23.765785,86.413254
2026-03-20 15:00:00,N02,0.0471,0.914132,41.94,0.0156,0.006667,41.2,23.765785,86.413254
2026-03-20 16:00:00,N02,0.0395,0.950999,18.69,0.0098,0.002917,39.6,23.765785,86.413254
2026-03-20 17:00:00,N02,0.0652,0.618415,46.86,0.0097,0.007594,37.8,23.765785,86.413254
2026-03-20 18:00:00,N02,-0.1064,0.009001,3.86,0.025,0.007454,35.9,23.765785,86.413254
2026-03-20 19:00:00,N02,0.0552,0.00548,8.19,0.0246,0.000179,34.0,23.765785,86.413254
2026-03-20 20:00:00,N02,,,,,,,23.765785,86.413254
2026-03-20 21:00:00,N02,,,,,,,23.765785,86.413254
2026-03-20 22:00:00,N02,,,,,,,23.765785,86.413254
2026-03-20 23:00:00,N02,,,,,,,23.765785,86.413254
2026-03-21 00:00:00,N02,,,,,,,23.765785,86.413254
2026-03-21 01:00:00,N02,-0.0723,0.00521,2.93,0.0235,7.3e-05,26.5,23.765785,86.413254
2026-03-21 02:00:00,N02,0.1519,0.007913,9.97,0.0242,0.000221,27.3,23.765785,86.413254
2026-03-21 03:00:00,N02,-0.0785,0.005348,5.43,0.0239,0.000256,28.5,23.765785,86.413254
2026-03-21 04:00:00,N02,0.1181,0.005411,4.17,0.0236,6.8e-05,30.0,23.765785,86.413254
2026-03-21 05:00:00,N02,-0.045,0.00869,9.8,0.0238,1.4e-05,31.8,23.765785,86.413254
2026-03-21 06:00:00,N02,0.085,0.005243,5.4,0.0236,0.007264,33.8,23.765785,86.413254
2026-03-21 07:00:00,N02,-0.0488,0.856873,15.27,0.0383,0.000121,35.7,23.765785,86.413254
2026-03-21 08:00:00,N02,0.0497,0.00564,3.69,0.0239,0.007209,37.5,23.765785,86.413254
2026-03-21 09:00:00,N02,-0.0117,0.006974,7.98,0.0239,2e-05,39.1,23.765785,86.413254
2026-03-21 10:00:00,N02,-0.2161,0.007109,7.93,0.0239,0.003531,40.3,23.765785,86.413254
2026-03-21 11:00:00,N02,-0.0254,0.707668,16.3,0.031,0.000179,41.0,23.765785,86.413254
2026-03-21 12:00:00,N02,0.102,0.005022,1.86,0.0235,0.004151,41.3,23.765785,86.413254
2026-03-21 13:00:00,N02,,,,,,,23.765785,86.413254
2026-03-21 14:00:00,N02,,,,,,,23.765785,86.413254
2026-03-21 15:00:00,N02,0.1395,0.005641,9.37,0.022,0.000351,39.1,23.765785,86.413254
2026-03-21 16:00:00,N02,0.1261,0.005551,7.68,0.0225,0.000415,37.5,23.765785,86.413254
2026-03-21 17:00:00,N02,0.0995,0.008076,8.09,0.0229,0.000636,35.7,23.765785,86.413254
2026-03-21 18:00:00,N02,-0.1172,0.00578,3.45,0.0237,0.00015,33.8,23.765785,86.413254
2026-03-21 19:00:00,N02,0.1509,0.007215,9.78,0.0232,8.7e-05,31.8,23.765785,86.413254
2026-03-21 20:00:00,N02,0.0653,0.005564,5.36,0.0236,4.2e-05,30.0,23.765785,86.413254
2026-03-21 21:00:00,N02,0.2476,0.007251,4.79,0.0231,0.000182,28.5,23.765785,86.413254
2026-03-21 22:00:00,N02,0.0396,0.00564,5.69,0.0232,4.3e-05,27.3,23.765785,86.413254
2026-03-21 23:00:00,N02,-0.0523,0.005425,9.12,0.0232,9.7e-05,26.5,23.765785,86.413254
2026-03-22 00:00:00,N02,0.1161,0.006597,8.66,0.023,6.6e-05,26.0,23.765785,86.413254
2026-03-22 01:00:00,N02,,,,,,,23.765785,86.413254
2026-03-22 02:00:00,N02,,,,,,,23.765785,86.413254
2026-03-22 03:00:00,N02,,,,,,,23.765785,86.413254
2026-03-22 04:00:00,N02,,,,,,,23.765785,86.413254
2026-03-22 05:00:00,N02,,,,,,,23.765785,86.413254
2026-03-22 06:00:00,N02,-0.1145,0.00536,3.79,0.0236,0.007212,33.5,23.765785,86.413254
2026-03-22 07:00:00,N02,0.1436,0.600022,41.78,0.0381,7.5e-05,35.5,23.765785,86.413254
2026-03-22 08:00:00,N02,-0.1248,0.005807,2.84,0.0234,0.007145,37.3,23.765785,86.413254
2026-03-22 09:00:00,N02,-0.2682,0.00776,4.19,0.0238,0.000298,38.8,23.765785,86.413254
2026-03-22 10:00:00,N02,0.0213,0.006965,3.96,0.0228,0.000856,40.0,23.765785,86.413254
2026-03-22 11:00:00,N02,0.2428,0.006272,9.08,0.0221,0.006465,40.8,23.765785,86.413254
2026-03-22 12:00:00,N02,0.1703,0.953504,44.98,0.0099,0.000381,41.0,23.765785,86.413254
2026-03-22 13:00:00,N02,-0.0477,0.007362,4.56,0.0214,0.005441,40.8,23.765785,86.413254
2026-03-22 14:00:00,N02,0.0494,0.008073,2.71,0.0208,0.000365,40.0,23.765785,86.413254
2026-03-22 15:00:00,N02,-0.216,0.005152,7.68,0.0206,0.000225,38.8,23.765785,86.413254
2026-03-22 16:00:00,N02,-0.3038,0.006402,2.64,0.0203,7.9e-05,37.3,23.765785,86.413254
2026-03-22 17:00:00,N02,0.009,0.005341,4.37,0.0205,7.7e-05,35.5,23.765785,86.413254
2026-03-22 18:00:00,N02,0.5052,0.007745,6.58,0.0205,0.00052,33.5,23.765785,86.413254
2026-03-22 19:00:00,N02,-0.0186,0.005095,8.57,0.0194,0.000514,31.6,23.765785,86.413254
2026-03-22 20:00:00,N02,0.1244,0.0088,9.68,0.0194,0.000426,29.8,23.765785,86.413254
2026-03-22 21:00:00,N02,0.0458,0.006316,8.34,0.0186,0.000347,28.2,23.765785,86.413254
2026-03-22 22:00:00,N02,,,,,,,23.765785,86.413254
2026-03-22 23:00:00,N02,-0.1427,0.008389,1.78,0.0182,2e-06,26.3,23.765785,86.413254
2026-03-23 00:00:00,N02,-0.0911,0.005559,5.49,0.0188,0.000371,24.0,23.765785,86.413254
2026-03-23 01:00:00,N02,,,,,,,23.765785,86.413254
2026-03-23 02:00:00,N02,,,,,,,23.765785,86.413254
2026-03-23 03:00:00,N02,,,,,,,23.765785,86.413254
2026-03-23 04:00:00,N02,,,,,,,23.765785,86.413254
2026-03-23 05:00:00,N02,,,,,,,23.765785,86.413254
2026-03-23 06:00:00,N02,,,,,,,23.765785,86.413254
2026-03-23 07:00:00,N02,0.1922,0.00615,4.22,0.0178,9.9e-05,33.5,23.765785,86.413254
2026-03-23 08:00:00,N02,-0.117,0.007004,5.56,0.0175,0.002069,35.3,23.765785,86.413254
2026-03-23 09:00:00,N02,0.2281,0.735564,47.55,0.022,0.002464,36.9,23.765785,86.413254
2026-03-23 10:00:00,N02,,,,,,,23.765785,86.413254
2026-03-23 11:00:00,N02,,,,,,,23.765785,86.413254
2026-03-23 12:00:00,N02,,,,,,,23.765785,86.413254
2026-03-23 13:00:00,N02,,,,,,,23.765785,86.413254
2026-03-23 14:00:00,N02,,,,,,,23.765785,86.413254
2026-03-23 15:00:00,N02,-0.0948,0.005537,9.01,0.0173,0.000139,36.9,23.765785,86.413254
2026-03-23 16:00:00,N02,0.1538,0.006001,2.48,0.0175,0.00024,35.3,23.765785,86.413254
2026-03-23 17:00:00,N02,0.0367,0.006106,6.52,0.0177,6.4e-05,33.5,23.765785,86.413254
2026-03-23 18:00:00,N02,-0.1714,0.007621,3.25,0.0176,0.000413,31.5,23.765785,86.413254
2026-03-23 19:00:00,N02,-0.1494,0.007242,5.33,0.0169,0.0001,29.6,23.765785,86.413254
2026-03-23 20:00:00,N02,-0.1186,0.008232,2.97,0.0174,0.000281,27.8,23.765785,86.413254
2026-03-23 21:00:00,N02,-0.0216,0.006938,3.09,0.0175,3e-05,26.2,23.765785,86.413254
2026-03-23 22:00:00,N02,-0.0536,0.006479,4.31,0.0174,1.6e-05,25.1,23.765785,86.413254
2026-03-23 23:00:00,N02,0.1031,0.007139,7.38,0.0174,0.000293,24.3,23.765785,86.413254
2026-03-24 00:00:00,N02,-0.2773,0.006208,1.27,0.018,0.000174,20.8,23.765785,86.413254
2026-03-24 01:00:00,N02,-0.1962,0.006121,8.82,0.0178,0.000534,21.1,23.765785,86.413254
2026-03-24 02:00:00,N02,,,,,,,23.765785,86.413254
2026-03-24 03:00:00,N02,,,,,,,23.765785,86.413254
2026-03-24 04:00:00,N02,,,,,,,23.765785,86.413254
2026-03-24 05:00:00,N02,0.0559,0.005347,1.9,0.0155,0.000129,26.4,23.765785,86.413254
2026-03-24 06:00:00,N02,-0.1955,0.006648,9.92,0.0158,0.000278,28.3,23.765785,86.413254
2026-03-24 07:00:00,N02,-0.206,0.006551,6.33,0.0149,0.00055,30.3,23.765785,86.413254
2026-03-24 08:00:00,N02,0.0968,0.006952,3.89,0.0147,0.009989,32.1,23.765785,86.413254
2026-03-24 09:00:00,N02,-0.0702,0.943548,34.38,0.0349,0.010169,33.6,23.765785,86.413254
2026-03-24 10:00:00,N02,0.0541,0.903374,34.06,0.0351,0.009665,34.8,23.765785,86.413254
2026-03-24 11:00:00,N02,0.3354,0.00775,2.79,0.0155,0.009659,35.6,23.765785,86.413254
2026-03-24 12:00:00,N02,-0.1577,0.006029,1.16,0.0157,0.005068,35.8,23.765785,86.413254
2026-03-24 13:00:00,N02,-0.1641,0.997553,40.36,0.0257,0.004808,35.6,23.765785,86.413254
2026-03-24 14:00:00,N02,0.0153,0.68224,40.43,0.0254,0.00571,34.8,23.765785,86.413254
2026-03-24 15:00:00,N02,,,,,,,23.765785,86.413254
2026-03-24 16:00:00,N02,,,,,,,23.765785,86.413254
2026-03-24 17:00:00,N02,,,,,,,23.765785,86.413254
2026-03-24 18:00:00,N02,,,,,,,23.765785,86.413254
2026-03-24 19:00:00,N02,,,,,,,23.765785,86.413254
2026-03-24 20:00:00,N02,-0.3662,0.00668,1.12,0.0124,0.000613,24.6,23.765785,86.413254
2026-03-24 21:00:00,N02,,,,,,,23.765785,86.413254
2026-03-24 22:00:00,N02,,,,,,,23.765785,86.413254
2026-03-24 23:00:00,N02,,,,,,,23.765785,86.413254
2026-03-25 00:00:00,N02,,,,,,,23.765785,86.413254
2026-03-25 01:00:00,N02,,,,,,,23.765785,86.413254
2026-03-25 02:00:00,N02,,,,,,,23.765785,86.413254
2026-03-25 03:00:00,N02,,,,,,,23.765785,86.413254
2026-03-25 04:00:00,N02,,,,,,,23.765785,86.413254
2026-03-25 05:00:00,N02,,,,,,,23.765785,86.413254
2026-03-25 06:00:00,N02,,,,,,,23.765785,86.413254
2026-03-25 07:00:00,N02,,,,,,,23.765785,86.413254
2026-03-25 08:00:00,N02,0.1566,0.945788,16.46,0.0088,0.002274,38.1,23.765785,86.413254
2026-03-25 09:00:00,N02,0.1526,0.7098,30.63,0.0093,0.005376,39.6,23.765785,86.413254
2026-03-25 10:00:00,N02,0.0929,0.781012,46.95,-0.0019,0.002771,40.8,23.765785,86.413254
2026-03-25 11:00:00,N02,,,,,,,23.765785,86.413254
2026-03-25 12:00:00,N02,0.1503,0.854842,18.35,0.0314,0.008611,41.8,23.765785,86.413254
2026-03-25 13:00:00,N02,0.1706,0.840626,26.85,0.032,0.007923,41.6,23.765785,86.413254
2026-03-25 14:00:00,N02,-0.0794,0.006761,3.55,0.0155,0.008942,40.8,23.765785,86.413254
2026-03-25 15:00:00,N02,-0.1693,0.005294,7.47,0.0141,0.00155,39.6,23.765785,86.413254
2026-03-25 16:00:00,N02,0.2278,0.008098,7.21,0.0124,0.001581,38.1,23.765785,86.413254
2026-03-25 17:00:00,N02,0.1498,0.007532,8.41,0.011,0.001519,36.3,23.765785,86.413254
2026-03-25 18:00:00,N02,0.1918,0.005014,4.82,0.0094,0.001167,34.3,23.765785,86.413254
2026-03-25 19:00:00,N02,0.2068,0.005893,7.48,0.0086,0.000751,32.4,23.765785,86.413254
2026-03-25 20:00:00,N02,-0.0141,0.006518,1.0,0.0079,0.000962,30.6,23.765785,86.413254
2026-03-25 21:00:00,N02,0.0431,0.010079,5.97,0.0067,0.001176,29.0,23.765785,86.413254
2026-03-25 22:00:00,N02,-0.1641,0.008655,4.06,0.0055,0.001264,27.8,23.765785,86.413254
2026-03-25 23:00:00,N02,0.0688,0.00595,5.3,0.0042,0.00074,27.1,23.765785,86.413254
2026-03-26 00:00:00,N02,0.1885,0.005882,7.24,0.0041,0.000729,26.9,23.765785,86.413254
2026-03-26 01:00:00,N02,-0.4129,0.005345,8.78,0.0027,0.001091,27.2,23.765785,86.413254
2026-03-26 02:00:00,N02,-0.0108,0.007194,7.45,0.0019,0.000722,27.9,23.765785,86.413254
2026-03-26 03:00:00,N02,-0.0525,0.007642,6.05,0.0013,0.000911,29.1,23.765785,86.413254
2026-03-26 04:00:00,N02,0.2005,0.006519,8.92,0.0001,0.000583,30.7,23.765785,86.413254
2026-03-26 05:00:00,N02,0.0552,0.006263,8.35,0.0001,5.3e-05,32.5,23.765785,86.413254
2026-03-26 06:00:00,N02,0.1445,0.005077,1.66,-0.0,0.000233,34.4,23.765785,86.413254
2026-03-26 07:00:00,N02,-0.0266,0.00506,2.97,-0.0004,0.000514,36.4,23.765785,86.413254
2026-03-26 08:00:00,N02,-0.0096,0.005414,3.18,-0.0011,0.000668,38.2,23.765785,86.413254
2026-03-26 09:00:00,N02,-0.0211,0.007462,5.1,-0.0017,0.0004,39.7,23.765785,86.413254
2026-03-26 10:00:00,N02,-0.1563,0.005054,2.53,-0.0019,0.000643,40.9,23.765785,86.413254
2026-03-26 11:00:00,N02,0.0083,0.005332,2.84,-0.003,0.009061,41.7,23.765785,86.413254
2026-03-26 12:00:00,N02,-0.1265,0.884711,38.28,-0.02,0.008624,41.9,23.765785,86.413254
2026-03-26 13:00:00,N02,-0.0385,0.687153,33.31,-0.0202,0.007849,41.7,23.765785,86.413254
2026-03-26 14:00:00,N02,-0.1522,0.008871,7.48,-0.0043,0.007848,40.9,23.765785,86.413254
2026-03-26 15:00:00,N02,-0.0259,0.005156,3.08,-0.0045,0.000258,39.7,23.765785,86.413254
2026-03-26 16:00:00,N02,0.1435,0.006925,5.73,-0.0038,0.000802,38.2,23.765785,86.413254
2026-03-26 17:00:00,N02,-0.0573,0.005312,6.96,-0.0029,0.000649,36.4,23.765785,86.413254
2026-03-26 18:00:00,N02,-0.0281,0.00652,9.86,-0.0025,0.000102,34.4,23.765785,86.413254
2026-03-26 19:00:00,N02,,,,,,,23.765785,86.413254
2026-03-26 20:00:00,N02,,,,,,,23.765785,86.413254
2026-03-26 21:00:00,N02,,,,,,,23.765785,86.413254
2026-03-26 22:00:00,N02,,,,,,,23.765785,86.413254
2026-03-26 23:00:00,N02,,,,,,,23.765785,86.413254
2026-03-27 00:00:00,N02,0.1002,0.005542,5.43,-0.0016,0.00016,25.2,23.765785,86.413254
2026-03-27 01:00:00,N02,-0.1627,0.005059,1.94,-0.0018,0.0003,25.4,23.765785,86.413254
2026-03-27 02:00:00,N02,-0.1359,0.009389,1.06,-0.0022,0.000305,26.2,23.765785,86.413254
2026-03-27 03:00:00,N02,0.1356,0.005218,5.55,-0.0024,0.000332,27.4,23.765785,86.413254
2026-03-27 04:00:00,N02,0.1104,0.009328,9.48,-0.0015,0.000443,28.9,23.765785,86.413254
2026-03-27 05:00:00,N02,0.1084,0.007282,4.82,-0.0015,0.000493,30.7,23.765785,86.413254
2026-03-27 06:00:00,N02,-0.0369,0.006104,3.48,-0.0005,0.000752,32.7,23.765785,86.413254
2026-03-27 07:00:00,N02,0.094,0.0059,9.06,-0.0,0.000361,34.6,23.765785,86.413254
2026-03-27 08:00:00,N02,0.1335,0.00517,1.04,0.0002,0.008596,36.4,23.765785,86.413254
2026-03-27 09:00:00,N02,-0.3187,0.530761,21.84,0.0172,0.008691,38.0,23.765785,86.413254
2026-03-27 10:00:00,N02,-0.0617,0.80983,48.63,0.0176,0.007905,39.2,23.765785,86.413254
2026-03-27 11:00:00,N02,-0.2249,0.005919,5.01,0.0014,0.008015,39.9,23.765785,86.413254
2026-03-27 12:00:00,N02,0.1069,0.008491,2.8,0.0016,0.000104,40.2,23.765785,86.413254
2026-03-27 13:00:00,N02,0.3623,0.005272,8.92,0.0016,0.000192,39.9,23.765785,86.413254
2026-03-27 14:00:00,N02,0.1875,0.00709,9.92,0.002,0.007313,39.2,23.765785,86.413254
2026-03-27 15:00:00,N02,0.0916,0.959324,36.63,0.0162,0.007283,38.0,23.765785,86.413254
2026-03-27 16:00:00,N02,-0.1042,0.645073,39.37,0.0165,0.01098,36.4,23.765785,86.413254
2026-03-27 17:00:00,N02,0.0905,0.568649,30.33,-0.0058,0.006563,34.6,23.765785,86.413254
2026-03-27 18:00:00,N02,-0.0149,0.005905,4.44,0.0034,0.005059,32.7,23.765785,86.413254
2026-03-27 19:00:00,N02,0.2496,0.007905,2.21,0.0043,0.00029,30.7,23.765785,86.413254
2026-03-27 20:00:00,N02,0.152,0.006521,3.58,0.004,0.000259,28.9,23.765785,86.413254
2026-03-27 21:00:00,N02,,,,,,,23.765785,86.413254
2026-03-27 22:00:00,N02,,,,,,,23.765785,86.413254
2026-03-27 23:00:00,N02,-0.2222,0.006198,8.3,0.005,0.000259,25.4,23.765785,86.413254
2026-03-28 00:00:00,N02,-0.0551,0.005124,9.68,0.0052,0.00062,23.1,23.765785,86.413254
2026-03-28 01:00:00,N02,0.0468,0.00649,8.28,0.0063,0.00038,23.3,23.765785,86.413254
2026-03-28 02:00:00,N02,-0.1492,0.005783,3.03,0.006,0.000206,24.1,23.765785,86.413254
2026-03-28 03:00:00,N02,,,,,,,23.765785,86.413254
2026-03-28 04:00:00,N02,,,,,,,23.765785,86.413254
2026-03-28 05:00:00,N02,0.3203,0.006021,6.66,0.0059,0.000197,28.6,23.765785,86.413254
2026-03-28 06:00:00,N02,,,,,,,23.765785,86.413254
2026-03-28 07:00:00,N02,-0.3206,0.006452,2.38,0.0062,0.000471,32.5,23.765785,86.413254
2026-03-28 08:00:00,N02,0.2025,0.005007,7.47,0.0064,0.000247,34.3,23.765785,86.413254
2026-03-28 09:00:00,N02,0.4396,0.005922,5.27,0.0057,0.000244,35.9,23.765785,86.413254
2026-03-28 10:00:00,N02,0.0202,0.006292,5.27,0.0059,0.000162,37.1,23.765785,86.413254
2026-03-28 11:00:00,N02,-0.0144,0.009367,2.31,0.006,0.000284,37.8,23.765785,86.413254
2026-03-28 12:00:00,N02,-0.0486,0.005534,9.21,0.0053,0.000474,38.1,23.765785,86.413254
2026-03-28 13:00:00,N02,,,,,,,23.765785,86.413254
2026-03-28 14:00:00,N02,,,,,,,23.765785,86.413254
2026-03-28 15:00:00,N02,,,,,,,23.765785,86.413254
2026-03-28 16:00:00,N02,0.0559,0.539389,32.4,-0.0086,3e-06,34.3,23.765785,86.413254
2026-03-28 17:00:00,N02,-0.1365,0.008461,2.83,0.0062,0.007684,32.5,23.765785,86.413254
2026-03-28 18:00:00,N02,0.0207,0.005362,9.23,0.0067,0.00029,30.6,23.765785,86.413254
2026-03-28 19:00:00,N02,-0.161,0.007094,8.67,0.0067,0.000259,28.6,23.765785,86.413254
2026-03-28 20:00:00,N02,-0.075,0.006016,7.56,0.0072,0.000249,26.8,23.765785,86.413254
2026-03-28 21:00:00,N02,-0.0479,0.005664,8.57,0.0072,0.000304,25.3,23.765785,86.413254
2026-03-28 22:00:00,N02,-0.0864,0.005541,3.53,0.0066,0.000371,24.1,23.765785,86.413254
2026-03-28 23:00:00,N02,,,,,,,23.765785,86.413254
2026-03-29 00:00:00,N02,,,,,,,23.765785,86.413254
2026-03-29 01:00:00,N02,,,,,,,23.765785,86.413254
2026-03-29 02:00:00,N02,-0.0881,0.007512,2.91,0.0083,4.3e-05,26.1,23.765785,86.413254
2026-03-29 03:00:00,N02,-0.0224,0.005314,8.77,0.0081,0.000257,27.3,23.765785,86.413254
2026-03-29 04:00:00,N02,0.0399,0.007465,4.71,0.0088,0.000394,28.8,23.765785,86.413254
2026-03-29 05:00:00,N02,-0.1764,0.005451,7.45,0.0089,0.002501,30.7,23.765785,86.413254
2026-03-29 06:00:00,N02,0.0804,0.516572,48.69,0.0038,0.000402,32.6,23.765785,86.413254
2026-03-29 07:00:00,N02,0.1681,0.007395,9.06,0.0097,0.002362,34.5,23.765785,86.413254
2026-03-29 08:00:00,N02,-0.0659,0.005996,2.24,0.0085,0.000605,36.3,23.765785,86.413254
2026-03-29 09:00:00,N02,0.0282,0.009007,3.39,0.0084,0.000216,37.9,23.765785,86.413254
2026-03-29 10:00:00,N02,0.145,0.010478,6.38,0.0081,0.000146,39.1,23.765785,86.413254
2026-03-29 11:00:00,N02,0.1498,0.010267,3.65,0.0082,4.1e-05,39.8,23.765785,86.413254
2026-03-29 12:00:00,N02,-0.1426,0.006892,1.71,0.0082,0.000224,40.1,23.765785,86.413254
2026-03-29 13:00:00,N02,0.2354,0.005032,9.72,0.0086,0.006187,39.8,23.765785,86.413254
2026-03-29 14:00:00,N02,-0.1813,0.796708,48.69,0.0205,0.005956,39.1,23.765785,86.413254
2026-03-29 15:00:00,N02,0.0262,0.874425,27.76,0.0205,0.014881,37.9,23.765785,86.413254
2026-03-29 16:00:00,N02,,,,,,,23.765785,86.413254
2026-03-29 17:00:00,N02,,,,,,,23.765785,86.413254
2026-03-29 18:00:00,N02,,,,,,,23.765785,86.413254
2026-03-29 19:00:00,N02,-0.1252,0.005812,3.91,0.0094,0.000571,30.7,23.765785,86.413254
2026-03-29 20:00:00,N02,-0.1304,0.005772,9.99,0.0091,5.6e-05,28.8,23.765785,86.413254
2026-03-29 21:00:00,N02,-0.1423,0.009335,8.02,0.0096,3.2e-05,27.3,23.765785,86.413254
2026-03-29 22:00:00,N02,-0.0788,0.00664,4.95,0.0092,0.000257,26.1,23.765785,86.413254
2026-03-29 23:00:00,N02,-0.2966,0.009315,6.28,0.009,0.000254,25.3,23.765785,86.413254
2026-03-30 00:00:00,N02,-0.1047,0.005895,3.69,0.0087,0.000213,23.7,23.765785,86.413254
2026-03-30 01:00:00,N02,-0.0197,0.005925,2.39,0.0086,5.5e-05,24.0,23.765785,86.413254
2026-03-30 02:00:00,N02,0.085,0.005695,4.74,0.0088,0.000128,24.7,23.765785,86.413254
2026-03-30 03:00:00,N02,-0.0951,0.005757,7.54,0.0089,0.000202,25.9,23.765785,86.413254
2026-03-30 04:00:00,N02,0.057,0.005776,6.77,0.0092,0.000258,27.5,23.765785,86.413254
2026-03-30 05:00:00,N02,0.0486,0.005637,9.09,0.0084,0.000534,29.3,23.765785,86.413254
2026-03-30 06:00:00,N02,,,,,,,23.765785,86.413254
2026-03-30 07:00:00,N02,-0.0745,0.005481,6.85,0.0081,0.000134,33.2,23.765785,86.413254
2026-03-30 08:00:00,N02,0.1174,0.006452,6.78,0.0084,0.000143,35.0,23.765785,86.413254
2026-03-30 09:00:00,N02,-0.0491,0.00745,7.46,0.0084,0.000145,36.5,23.765785,86.413254
2026-03-30 10:00:00,N02,0.0571,0.006092,5.15,0.0081,0.000304,37.7,23.765785,86.413254
2026-03-30 11:00:00,N02,0.0023,0.007132,5.73,0.0078,0.0029,38.5,23.765785,86.413254
2026-03-30 12:00:00,N02,-0.2601,0.695706,24.31,0.0139,0.003171,38.7,23.765785,86.413254
2026-03-30 13:00:00,N02,0.007,0.686671,32.06,0.0142,0.003254,38.5,23.765785,86.413254
2026-03-30 14:00:00,N02,0.0198,0.009387,6.59,0.0074,0.003578,37.7,23.765785,86.413254
2026-03-30 15:00:00,N02,0.2275,0.007786,8.64,0.007,0.005148,36.5,23.765785,86.413254
2026-03-30 16:00:00,N02,-0.2016,0.680288,23.77,-0.0029,0.000496,35.0,23.765785,86.413254
2026-03-30 17:00:00,N02,0.0871,0.007515,9.33,0.006,0.004465,33.2,23.765785,86.413254
2026-03-30 18:00:00,N02,-0.0729,0.005568,8.46,0.006,1.4e-05,31.2,23.765785,86.413254
2026-03-30 19:00:00,N02,0.0328,0.005984,9.33,0.006,1.7e-05,29.3,23.765785,86.413254
2026-03-30 20:00:00,N02,0.0458,0.006237,2.97,0.006,2.7e-05,27.5,23.765785,86.413254
2026-03-30 21:00:00,N02,,,,,,,23.765785,86.413254
2026-03-30 22:00:00,N02,,,,,,,23.765785,86.413254
2026-03-30 23:00:00,N02,,,,,,,23.765785,86.413254
2026-03-31 00:00:00,N02,0.0932,0.005071,9.56,0.0078,0.000438,25.9,23.765785,86.413254
2026-03-31 01:00:00,N02,,,,,,,23.765785,86.413254
2026-03-31 02:00:00,N02,,,,,,,23.765785,86.413254
2026-03-31 03:00:00,N02,,,,,,,23.765785,86.413254
2026-03-31 04:00:00,N02,,,,,,,23.765785,86.413254
2026-03-31 05:00:00,N02,,,,,,,23.765785,86.413254
2026-03-31 06:00:00,N02,0.2048,0.0064,9.37,0.0082,0.005602,33.4,23.765785,86.413254
2026-03-31 07:00:00,N02,0.024,0.5721,28.95,0.0196,0.000415,35.3,23.765785,86.413254
2026-03-31 08:00:00,N02,-0.0445,0.00551,1.25,0.0091,0.005125,37.1,23.765785,86.413254
2026-03-31 09:00:00,N02,0.1063,0.005842,1.0,0.0093,0.004153,38.7,23.765785,86.413254
2026-03-31 10:00:00,N02,-0.0646,0.006222,6.59,0.0174,0.004117,39.9,23.765785,86.413254
2026-03-31 11:00:00,N02,0.2147,0.005111,5.73,0.0175,0.000207,40.6,23.765785,86.413254
2026-03-31 12:00:00,N02,-0.1177,0.005715,4.1,0.0178,0.000499,40.9,23.765785,86.413254
2026-03-31 13:00:00,N02,0.0971,0.005241,6.38,0.0185,0.0005,40.6,23.765785,86.413254
2026-03-31 14:00:00,N02,0.2208,0.009141,1.93,0.0188,0.000288,39.9,23.765785,86.413254
2026-03-31 15:00:00,N02,-0.17,0.005004,8.56,0.0191,0.000702,38.7,23.765785,86.413254
2026-03-31 16:00:00,N02,0.2184,0.00902,7.83,0.0202,0.004629,37.1,23.765785,86.413254
2026-03-31 17:00:00,N02,0.0497,0.548933,45.68,0.0284,0.004046,35.3,23.765785,86.413254
2026-03-31 18:00:00,N02,0.1562,0.907358,47.65,0.0283,0.003943,33.4,23.765785,86.413254
2026-03-31 19:00:00,N02,-0.2352,0.006756,5.28,0.0205,0.003548,31.4,23.765785,86.413254
2026-03-31 20:00:00,N02,0.025,0.005207,7.61,0.0212,0.000602,29.6,23.765785,86.413254
2026-03-31 21:00:00,N02,-0.2041,0.006259,3.96,0.0217,0.000558,28.1,23.765785,86.413254
2026-03-31 22:00:00,N02,,,,,,,23.765785,86.413254
2026-03-31 23:00:00,N02,,,,,,,23.765785,86.413254
2026-04-01 00:00:00,N02,,,,,,,23.765785,86.413254
2026-04-01 01:00:00,N02,,,,,,,23.765785,86.413254
2026-04-01 02:00:00,N02,0.2642,0.006843,3.95,0.0212,0.000497,25.6,23.765785,86.413254
2026-04-01 03:00:00,N02,0.0895,0.007488,2.03,0.022,0.000206,26.8,23.765785,86.413254
2026-04-01 04:00:00,N02,0.1505,0.005633,5.81,0.0216,0.000367,28.3,23.765785,86.413254
2026-04-01 05:00:00,N02,-0.2195,0.006643,7.3,0.0212,0.000498,30.2,23.765785,86.413254
2026-04-01 06:00:00,N02,-0.2961,0.006115,2.93,0.0207,0.000186,32.1,23.765785,86.413254
2026-04-01 07:00:00,N02,-0.0037,0.005669,2.45,0.0208,0.000194,34.0,23.765785,86.413254
2026-04-01 08:00:00,N02,-0.1978,0.008182,1.21,0.021,0.000621,35.8,23.765785,86.413254
2026-04-01 09:00:00,N02,,,,,,,23.765785,86.413254
2026-04-01 10:00:00,N02,0.102,0.005369,1.99,0.0231,0.000216,38.6,23.765785,86.413254
2026-04-01 11:00:00,N02,0.1034,0.00671,6.54,0.0225,0.000217,39.3,23.765785,86.413254
2026-04-01 12:00:00,N02,-0.0647,0.009288,2.4,0.0227,0.000138,39.6,23.765785,86.413254
2026-04-01 13:00:00,N02,-0.2517,0.005778,3.7,0.0222,0.000592,39.3,23.765785,86.413254
2026-04-01 14:00:00,N02,-0.1116,0.007164,5.49,0.0215,0.000211,38.6,23.765785,86.413254
2026-04-01 15:00:00,N02,-0.0398,0.007224,2.06,0.0218,0.006512,37.4,23.765785,86.413254
2026-04-01 16:00:00,N02,,,,,,,23.765785,86.413254
2026-04-01 17:00:00,N02,,,,,,,23.765785,86.413254
2026-04-01 18:00:00,N02,,,,,,,23.765785,86.413254
2026-04-01 19:00:00,N02,,,,,,,23.765785,86.413254
2026-04-01 20:00:00,N02,0.0391,0.007364,1.28,0.0224,0.000125,28.3,23.765785,86.413254
2026-04-01 21:00:00,N02,-0.1601,0.005737,2.9,0.0223,0.000209,26.8,23.765785,86.413254
2026-04-01 22:00:00,N02,-0.1081,0.006841,5.11,0.0229,0.000487,25.6,23.765785,86.413254
2026-04-01 23:00:00,N02,-0.2438,0.007056,8.52,0.0232,0.000133,24.9,23.765785,86.413254
2026-04-02 00:00:00,N02,-0.1513,0.009924,8.04,0.0231,0.000187,22.0,23.765785,86.413254
2026-04-02 01:00:00,N02,0.0629,0.006069,9.14,0.0236,0.000156,22.3,23.765785,86.413254
2026-04-02 02:00:00,N02,-0.052,0.00708,6.41,0.0234,0.00026,23.0,23.765785,86.413254
2026-04-02 03:00:00,N02,-0.0811,0.007121,5.0,0.0231,0.000187,24.2,23.765785,86.413254
2026-04-02 04:00:00,N02,,,,,,,23.765785,86.413254
2026-04-02 05:00:00,N02,,,,,,,23.765785,86.413254
2026-04-02 06:00:00,N02,,,,,,,23.765785,86.413254
2026-04-02 07:00:00,N02,,,,,,,23.765785,86.413254
2026-04-02 08:00:00,N02,,,,,,,23.765785,86.413254
2026-04-02 09:00:00,N02,0.0704,0.999343,22.71,0.005,0.009625,34.8,23.765785,86.413254
2026-04-02 10:00:00,N02,0.4266,0.690009,23.4,0.005,0.010011,36.0,23.765785,86.413254
2026-04-02 11:00:00,N02,0.1819,0.006915,8.59,0.025,0.009795,36.8,23.765785,86.413254
2026-04-02 12:00:00,N02,0.1587,0.007098,6.38,0.0245,0.000416,37.0,23.765785,86.413254
2026-04-02 13:00:00,N02,-0.0119,0.005233,4.37,0.0242,0.000367,36.8,23.765785,86.413254
2026-04-02 14:00:00,N02,,,,,,,23.765785,86.413254
2026-04-02 15:00:00,N02,,,,,,,23.765785,86.413254
2026-04-02 16:00:00,N02,0.2722,0.005385,3.09,0.0246,0.000253,33.3,23.765785,86.413254
2026-04-02 17:00:00,N02,-0.1154,0.00611,6.88,0.0242,0.00065,31.5,23.765785,86.413254
2026-04-02 18:00:00,N02,0.1539,0.006622,3.67,0.0233,9e-06,29.5,23.765785,86.413254
2026-04-02 19:00:00,N02,-0.0229,0.005737,7.86,0.0242,0.000679,27.6,23.765785,86.413254
2026-04-02 20:00:00,N02,0.03,0.005382,3.23,0.0246,3.1e-05,25.8,23.765785,86.413254
2026-04-02 21:00:00,N02,-0.118,0.008975,2.81,0.0242,0.00018,24.2,23.765785,86.413254
2026-04-02 22:00:00,N02,0.2454,0.007264,7.78,0.0243,0.000359,23.0,23.765785,86.413254
2026-04-02 23:00:00,N02,0.0781,0.006921,1.37,0.0235,0.000309,22.3,23.765785,86.413254
2026-04-03 00:00:00,N02,0.0104,0.006523,3.52,0.0236,0.000442,28.9,23.765785,86.413254
2026-04-03 01:00:00,N02,0.1616,0.005567,5.27,0.0244,2e-06,29.1,23.765785,86.413254
2026-04-03 02:00:00,N02,0.1948,0.007201,9.86,0.0236,0.000335,29.9,23.765785,86.413254
2026-04-03 03:00:00,N02,-0.1643,0.007276,3.99,0.0237,0.000368,31.1,23.765785,86.413254
2026-04-03 04:00:00,N02,0.0663,0.006193,6.62,0.0229,6.3e-05,32.6,23.765785,86.413254
2026-04-03 05:00:00,N02,-0.1264,0.005073,8.23,0.0236,2.3e-05,34.4,23.765785,86.413254
2026-04-03 06:00:00,N02,0.2337,0.006214,2.53,0.0229,0.010126,36.4,23.765785,86.413254
2026-04-03 07:00:00,N02,-0.0512,0.793923,28.14,0.0034,7.8e-05,38.3,23.765785,86.413254
2026-04-03 08:00:00,N02,0.1063,0.007949,1.59,0.0228,0.009671,40.1,23.765785,86.413254
2026-04-03 09:00:00,N02,0.2594,0.010535,9.0,0.0227,2.9e-05,41.7,23.765785,86.413254
2026-04-03 10:00:00,N02,-0.2616,0.005423,9.36,0.0228,0.000192,42.9,23.765785,86.413254
2026-04-03 11:00:00,N02,-0.0711,0.006984,4.12,0.0231,0.000313,43.6,23.765785,86.413254
2026-04-03 12:00:00,N02,0.0037,0.005536,2.5,0.0235,0.004833,43.9,23.765785,86.413254
2026-04-03 13:00:00,N02,0.2727,0.867608,31.65,0.0327,0.004831,43.6,23.765785,86.413254
2026-04-03 14:00:00,N02,0.1995,0.551256,36.56,0.0331,0.004945,42.9,23.765785,86.413254
2026-04-03 15:00:00,N02,-0.0416,0.008584,5.26,0.0229,0.007905,41.7,23.765785,86.413254
2026-04-03 16:00:00,N02,0.0107,0.577937,37.56,0.0173,3.6e-05,40.1,23.765785,86.413254
2026-04-03 17:00:00,N02,0.12,0.005341,1.26,0.0228,0.002509,38.3,23.765785,86.413254
2026-04-03 18:00:00,N02,0.3124,0.00681,8.94,0.0223,0.000291,36.4,23.765785,86.413254
2026-04-03 19:00:00,N02,0.0702,0.005016,6.33,0.0222,0.00012,34.4,23.765785,86.413254
2026-04-03 20:00:00,N02,0.0099,0.005469,3.32,0.0226,5.3e-05,32.6,23.765785,86.413254
2026-04-03 21:00:00,N02,0.3074,0.006469,7.54,0.0223,9.7e-05,31.1,23.765785,86.413254
2026-04-03 22:00:00,N02,-0.118,0.006333,4.85,0.0224,1.1e-05,29.9,23.765785,86.413254
2026-04-03 23:00:00,N02,-0.0459,0.007392,6.85,0.0223,0.000135,29.1,23.765785,86.413254
2026-04-04 00:00:00,N02,0.0586,0.006543,2.74,0.0227,3.5e-05,24.1,23.765785,86.413254
2026-04-04 01:00:00,N02,-0.0968,0.00606,3.59,0.0224,0.000238,24.4,23.765785,86.413254
2026-04-04 02:00:00,N02,0.0437,0.005574,6.64,0.0222,5.7e-05,25.1,23.765785,86.413254
2026-04-04 03:00:00,N02,0.1007,0.007342,7.2,0.0223,0.000128,26.3,23.765785,86.413254
2026-04-04 04:00:00,N02,-0.087,0.005853,6.53,0.0224,0.000237,27.9,23.765785,86.413254
2026-04-04 05:00:00,N02,-0.1206,0.005162,9.06,0.0228,4.6e-05,29.7,23.765785,86.413254
2026-04-04 06:00:00,N02,-0.0018,0.005345,5.98,0.0223,0.000688,31.6,23.765785,86.413254
2026-04-04 07:00:00,N02,-0.2558,0.006879,8.95,0.0214,0.000699,33.6,23.765785,86.413254
2026-04-04 08:00:00,N02,-0.0564,0.005201,4.28,0.021,0.004958,35.4,23.765785,86.413254
2026-04-04 09:00:00,N02,0.0993,0.945163,18.39,0.0115,0.012302,36.9,23.765785,86.413254
2026-04-04 10:00:00,N02,0.077,0.705233,38.8,-0.0037,0.004523,38.1,23.765785,86.413254
2026-04-04 11:00:00,N02,0.1471,0.006184,8.4,0.0205,0.012174,38.9,23.765785,86.413254
2026-04-04 12:00:00,N02,0.1114,0.008209,5.17,0.0207,0.000192,39.1,23.765785,86.413254
2026-04-04 13:00:00,N02,,,,,,,23.765785,86.413254
2026-04-04 14:00:00,N02,,,,,,,23.765785,86.413254
2026-04-04 15:00:00,N02,,,,,,,23.765785,86.413254
2026-04-04 16:00:00,N02,,,,,,,23.765785,86.413254
2026-04-04 17:00:00,N02,0.2661,0.01121,9.77,0.0208,0.000234,33.6,23.765785,86.413254
2026-04-04 18:00:00,N02,-0.0613,0.005595,4.2,0.0206,0.00026,31.6,23.765785,86.413254
2026-04-04 19:00:00,N02,0.1027,0.006406,1.19,0.0203,0.00062,29.7,23.765785,86.413254
2026-04-04 20:00:00,N02,0.0409,0.005656,3.8,0.0193,0.00063,27.9,23.765785,86.413254
2026-04-04 21:00:00,N02,0.1458,0.006958,4.07,0.019,0.00017,26.3,23.765785,86.413254
2026-04-04 22:00:00,N02,0.2976,0.006544,5.69,0.019,0.000439,25.1,23.765785,86.413254
2026-04-04 23:00:00,N02,0.0069,0.005344,9.39,0.0199,0.000367,24.4,23.765785,86.413254
2026-04-05 00:00:00,N02,0.1144,0.007917,7.39,0.0197,0.000326,25.0,23.765785,86.413254
2026-04-05 01:00:00,N02,-0.0832,0.006161,4.02,0.0205,5.8e-05,25.3,23.765785,86.413254
2026-04-05 02:00:00,N02,-0.1743,0.005072,2.08,0.0198,6e-06,26.0,23.765785,86.413254
2026-04-05 03:00:00,N02,-0.1516,0.006139,3.76,0.0205,0.000229,27.2,23.765785,86.413254
2026-04-05 04:00:00,N02,-0.0136,0.005216,7.64,0.0203,0.000607,28.8,23.765785,86.413254
2026-04-05 05:00:00,N02,-0.0523,0.005272,7.81,0.0217,0.000875,30.6,23.765785,86.413254
2026-04-05 06:00:00,N02,-0.0594,0.00626,9.91,0.022,9.6e-05,32.5,23.765785,86.413254
2026-04-05 07:00:00,N02,0.0536,0.006057,3.8,0.0216,0.000432,34.5,23.765785,86.413254
2026-04-05 08:00:00,N02,0.0192,0.007114,7.76,0.0212,0.000194,36.3,23.765785,86.413254
2026-04-05 09:00:00,N02,-0.0101,0.005034,2.24,0.0212,7.2e-05,37.8,23.765785,86.413254
2026-04-05 10:00:00,N02,0.0638,0.005089,2.56,0.0213,2.6e-05,39.0,23.765785,86.413254
2026-04-05 11:00:00,N02,0.1428,0.008522,5.78,0.0212,2.7e-05,39.8,23.765785,86.413254
2026-04-05 12:00:00,N02,-0.0827,0.005514,1.82,0.0214,0.004376,40.0,23.765785,86.413254
2026-04-05 13:00:00,N02,-0.1364,0.587751,25.01,0.0125,0.008893,39.8,23.765785,86.413254
2026-04-05 14:00:00,N02,,,,,,,23.765785,86.413254
2026-04-05 15:00:00,N02,,,,,,,23.765785,86.413254
2026-04-05 16:00:00,N02,,,,,,,23.765785,86.413254
2026-04-05 17:00:00,N02,,,,,,,23.765785,86.413254
2026-04-05 18:00:00,N02,0.0141,0.006652,8.5,0.0225,0.000447,32.5,23.765785,86.413254
2026-04-05 19:00:00,N02,0.2365,0.007915,4.24,0.0215,0.000156,30.6,23.765785,86.413254
2026-04-05 20:00:00,N02,,,,,,,23.765785,86.413254
2026-04-05 21:00:00,N02,,,,,,,23.765785,86.413254
2026-04-05 22:00:00,N02,-0.0503,0.006187,1.73,0.0224,6e-05,26.0,23.765785,86.413254
2026-04-05 23:00:00,N02,-0.2482,0.007938,2.33,0.0227,0.000223,25.3,23.765785,86.413254
2026-04-06 00:00:00,N02,-0.0716,0.006349,8.37,0.0228,0.000274,23.4,23.765785,86.413254
2026-04-06 01:00:00,N02,0.1437,0.005444,4.41,0.0232,0.000236,23.6,23.765785,86.413254
2026-04-06 02:00:00,N02,-0.0756,0.006416,7.1,0.0233,6.6e-05,24.4,23.765785,86.413254
2026-04-06 03:00:00,N02,0.0797,0.00514,8.16,0.0231,0.000505,25.6,23.765785,86.413254
2026-04-06 04:00:00,N02,,,,,,,23.765785,86.413254
2026-04-06 05:00:00,N02,,,,,,,23.765785,86.413254
2026-04-06 06:00:00,N02,-0.1906,0.005406,2.36,0.022,0.000672,30.9,23.765785,86.413254
2026-04-06 07:00:00,N02,0.1638,0.006566,2.2,0.0213,0.000583,32.8,23.765785,86.413254
2026-04-06 08:00:00,N02,0.1617,0.005716,2.96,0.0208,0.000219,34.6,23.765785,86.413254
2026-04-06 09:00:00,N02,0.2254,0.007099,2.8,0.0209,0.002425,36.2,23.765785,86.413254
2026-04-06 10:00:00,N02,-0.0379,0.944358,38.41,0.0159,0.002154,37.4,23.765785,86.413254
2026-04-06 11:00:00,N02,0.0669,0.749992,39.15,0.0166,0.002655,38.1,23.765785,86.413254
2026-04-06 12:00:00,N02,0.2851,0.005286,8.71,0.0213,0.009635,38.4,23.765785,86.413254
2026-04-06 13:00:00,N02,0.1907,0.649284,35.19,-0.0027,0.001308,38.1,23.765785,86.413254
2026-04-06 14:00:00,N02,0.1311,0.006948,2.96,0.0239,0.013026,37.4,23.765785,86.413254
2026-04-06 15:00:00,N02,0.094,0.006485,1.37,0.0234,0.0005,36.2,23.765785,86.413254
2026-04-06 16:00:00,N02,0.1805,0.006327,8.28,0.0229,0.000313,34.6,23.765785,86.413254
2026-04-06 17:00:00,N02,0.1969,0.008923,3.37,0.024,0.00023,32.8,23.765785,86.413254
2026-04-06 18:00:00,N02,-0.2864,0.005494,5.24,0.0233,0.000508,30.9,23.765785,86.413254
2026-04-06 19:00:00,N02,-0.3108,0.005396,8.73,0.023,0.00028,28.9,23.765785,86.413254
2026-04-06 20:00:00,N02,-0.2891,0.006011,8.23,0.0228,6.6e-05,27.1,23.765785,86.413254
2026-04-06 21:00:00,N02,-0.0798,0.005628,1.01,0.0231,0.000173,25.6,23.765785,86.413254
2026-04-06 22:00:00,N02,-0.0322,0.005396,6.74,0.0231,0.000203,24.4,23.765785,86.413254
2026-04-06 23:00:00,N02,-0.1105,0.005054,5.87,0.0235,0.000146,23.6,23.765785,86.413254
2026-04-07 00:00:00,N02,-0.0076,0.006449,1.53,0.0234,5.2e-05,27.1,23.765785,86.413254
2026-04-07 01:00:00,N02,-0.011,0.006071,7.55,0.0236,2.5e-05,27.4,23.765785,86.413254
2026-04-07 02:00:00,N02,0.1598,0.007928,9.79,0.0235,4.2e-05,28.1,23.765785,86.413254
2026-04-07 03:00:00,N02,-0.2189,0.005985,4.41,0.0237,0.000123,29.3,23.765785,86.413254
2026-04-07 04:00:00,N02,0.0677,0.005775,5.21,0.0237,0.000168,30.9,23.765785,86.413254
2026-04-07 05:00:00,N02,-0.0293,0.006159,5.99,0.024,0.000266,32.7,23.765785,86.413254
2026-04-07 06:00:00,N02,-0.312,0.005242,8.39,0.0242,0.000368,34.6,23.765785,86.413254
2026-04-07 07:00:00,N02,,,,,,,23.765785,86.413254
2026-04-07 08:00:00,N02,,,,,,,23.765785,86.413254
2026-04-07 09:00:00,N02,,,,,,,23.765785,86.413254
2026-04-07 10:00:00,N02,,,,,,,23.765785,86.413254
2026-04-07 11:00:00,N02,,,,,,,23.765785,86.413254
2026-04-07 12:00:00,N02,-0.0459,0.005861,5.46,0.0252,0.000161,42.1,23.765785,86.413254
2026-04-07 13:00:00,N02,0.0643,0.005866,2.61,0.0248,0.000273,41.9,23.765785,86.413254
2026-04-07 14:00:00,N02,0.0288,0.005454,8.19,0.0246,0.012727,41.1,23.765785,86.413254
2026-04-07 15:00:00,N02,0.3187,0.830435,28.59,0.0502,0.004936,39.9,23.765785,86.413254
2026-04-07 16:00:00,N02,-0.0748,0.790139,25.16,0.0345,0.012815,38.4,23.765785,86.413254
2026-04-07 17:00:00,N02,-0.0028,0.005705,8.96,0.0246,0.004743,36.6,23.765785,86.413254
2026-04-07 18:00:00,N02,-0.0266,0.007039,4.94,0.025,0.000136,34.6,23.765785,86.413254
2026-04-07 19:00:00,N02,0.0344,0.005299,6.93,0.0249,0.000701,32.7,23.765785,86.413254
2026-04-07 20:00:00,N02,0.0216,0.008433,9.13,0.0236,0.000443,30.9,23.765785,86.413254
2026-04-07 21:00:00,N02,-0.0869,0.005038,6.89,0.024,0.000394,29.3,23.765785,86.413254
2026-04-07 22:00:00,N02,0.046,0.006566,7.14,0.0244,0.000375,28.1,23.765785,86.413254
2026-04-07 23:00:00,N02,-0.0774,0.005479,3.9,0.0247,0.000396,27.4,23.765785,86.413254
2026-04-08 00:00:00,N02,-0.1925,0.005416,1.59,0.0252,0.000502,23.7,23.765785,86.413254
2026-04-08 01:00:00,N02,-0.2595,0.007295,4.22,0.0257,0.000167,24.0,23.765785,86.413254
2026-04-08 02:00:00,N02,-0.1388,0.007744,3.62,0.0255,2.1e-05,24.7,23.765785,86.413254
2026-04-08 03:00:00,N02,-0.075,0.00765,7.65,0.0258,0.000224,25.9,23.765785,86.413254
2026-04-08 04:00:00,N02,-0.02,0.006484,7.78,0.026,0.000327,27.5,23.765785,86.413254
2026-04-08 05:00:00,N02,,,,,,,23.765785,86.413254
2026-04-08 06:00:00,N02,,,,,,,23.765785,86.413254
2026-04-08 07:00:00,N02,,,,,,,23.765785,86.413254
2026-04-08 08:00:00,N02,,,,,,,23.765785,86.413254
2026-04-08 09:00:00,N02,-0.0664,0.006661,1.99,0.0246,0.000246,36.5,23.765785,86.413254
2026-04-08 10:00:00,N02,0.0383,0.007793,4.63,0.0245,0.000118,37.7,23.765785,86.413254
2026-04-08 11:00:00,N02,0.032,0.006405,4.29,0.0244,0.0001,38.5,23.765785,86.413254
2026-04-08 12:00:00,N02,0.1174,0.006543,9.63,0.0247,0.000253,38.7,23.765785,86.413254
2026-04-08 13:00:00,N02,-0.3165,0.00704,5.01,0.0249,0.000261,38.5,23.765785,86.413254
2026-04-08 14:00:00,N02,0.1464,0.00649,9.43,0.0252,0.006215,37.7,23.765785,86.413254
2026-04-08 15:00:00,N02,-0.1961,0.972576,20.63,0.0373,0.006267,36.5,23.765785,86.413254
2026-04-08 16:00:00,N02,-0.0754,0.626536,32.81,0.0378,0.006082,35.0,23.765785,86.413254
2026-04-08 17:00:00,N02,0.146,0.007323,4.77,0.0252,0.006629,33.2,23.765785,86.413254
2026-04-08 18:00:00,N02,-0.2246,0.005482,6.15,0.0245,0.000393,31.2,23.765785,86.413254
2026-04-08 19:00:00,N02,-0.1495,0.005289,9.23,0.0244,0.0,29.3,23.765785,86.413254
2026-04-08 20:00:00,N02,-0.0421,0.007577,1.47,0.0245,0.000165,27.5,23.765785,86.413254
2026-04-08 21:00:00,N02,-0.1403,0.00565,4.04,0.0247,0.000123,25.9,23.765785,86.413254
2026-04-08 22:00:00,N02,0.1252,0.005817,8.83,0.0243,0.000232,24.7,23.765785,86.413254
2026-04-08 23:00:00,N02,-0.2223,0.008099,2.88,0.0252,0.000567,24.0,23.765785,86.413254
2026-04-09 00:00:00,N02,-0.294,0.006079,3.91,0.0254,0.000302,25.5,23.765785,86.413254
2026-04-09 01:00:00,N02,-0.054,0.005431,4.07,0.0258,0.00036,25.8,23.765785,86.413254
2026-04-09 02:00:00,N02,0.07,0.006771,1.03,0.0261,0.00012,26.5,23.765785,86.413254
2026-04-09 03:00:00,N02,-0.2474,0.006458,7.06,0.026,3e-05,27.7,23.765785,86.413254
2026-04-09 04:00:00,N02,0.2588,0.00574,6.27,0.0261,0.000164,29.3,23.765785,86.413254
2026-04-09 05:00:00,N02,-0.1307,0.006009,7.07,0.0257,0.000325,31.1,23.765785,86.413254
2026-04-09 06:00:00,N02,0.1881,0.005187,3.5,0.0267,0.000127,33.0,23.765785,86.413254
2026-04-09 07:00:00,N02,,,,,,,23.765785,86.413254
2026-04-09 08:00:00,N02,,,,,,,23.765785,86.413254
2026-04-09 09:00:00,N02,,,,,,,23.765785,86.413254
2026-04-09 10:00:00,N02,0.0831,0.005002,7.53,0.0263,0.00019,39.5,23.765785,86.413254
2026-04-09 11:00:00,N02,0.0386,0.00675,9.94,0.0268,0.000888,40.2,23.765785,86.413254
2026-04-09 12:00:00,N02,-0.102,0.00578,2.73,0.028,0.001172,40.5,23.765785,86.413254
2026-04-09 13:00:00,N02,-0.132,0.010742,3.43,0.0291,0.000775,40.2,23.765785,86.413254
2026-04-09 14:00:00,N02,-0.0866,0.009339,3.21,0.0296,0.000292,39.5,23.765785,86.413254
2026-04-09 15:00:00,N02,-0.1328,0.006057,3.29,0.0297,0.000401,38.3,23.765785,86.413254
2026-04-09 16:00:00,N02,0.1667,0.005925,2.59,0.0288,0.00238,36.8,23.765785,86.413254
2026-04-09 17:00:00,N02,,,,,,,23.765785,86.413254
2026-04-09 18:00:00,N02,0.0039,0.007183,2.19,0.0281,0.003069,33.0,23.765785,86.413254
2026-04-09 19:00:00,N02,-0.1878,0.006815,1.18,0.0283,0.000272,31.1,23.765785,86.413254
2026-04-09 20:00:00,N02,,,,,,,23.765785,86.413254
2026-04-09 21:00:00,N02,-0.007,0.005255,2.83,0.0288,0.00062,27.7,23.765785,86.413254
2026-04-09 22:00:00,N02,0.0088,0.007902,9.29,0.0298,0.0008,26.5,23.765785,86.413254
2026-04-09 23:00:00,N02,0.0055,0.007675,3.94,0.0304,0.000408,25.8,23.765785,86.413254
2026-04-10 00:00:00,N02,-0.0342,0.005671,1.3,0.0307,0.000281,22.7,23.765785,86.413254
2026-04-10 01:00:00,N02,0.322,0.006851,6.94,0.031,0.000133,22.9,23.765785,86.413254
2026-04-10 02:00:00,N02,,,,,,,23.765785,86.413254
2026-04-10 03:00:00,N02,,,,,,,23.765785,86.413254
2026-04-10 04:00:00,N02,0.073,0.007263,9.22,0.0296,0.0001,26.4,23.765785,86.413254
2026-04-10 05:00:00,N02,-0.2377,0.00668,9.61,0.0298,0.000166,28.2,23.765785,86.413254
2026-04-10 06:00:00,N02,0.0558,0.007341,2.32,0.0293,4.6e-05,30.2,23.765785,86.413254
2026-04-10 07:00:00,N02,0.157,0.006808,9.75,0.0297,5.3e-05,32.1,23.765785,86.413254
2026-04-10 08:00:00,N02,-0.1689,0.00524,5.93,0.0294,0.000318,33.9,23.765785,86.413254
2026-04-10 09:00:00,N02,0.0599,0.005201,8.35,0.029,0.000447,35.5,23.765785,86.413254
2026-04-10 10:00:00,N02,-0.0409,0.005616,5.59,0.0285,0.000436,36.7,23.765785,86.413254
2026-04-10 11:00:00,N02,0.0488,0.008986,5.08,0.0282,0.007008,37.4,23.765785,86.413254
2026-04-10 12:00:00,N02,-0.0962,0.740711,39.84,0.0145,0.000484,37.7,23.765785,86.413254
2026-04-10 13:00:00,N02,-0.0638,0.005456,4.47,0.0272,0.00659,37.4,23.765785,86.413254
2026-04-10 14:00:00,N02,-0.0967,0.006903,2.81,0.0277,2.3e-05,36.7,23.765785,86.413254
2026-04-10 15:00:00,N02,0.1433,0.006103,8.28,0.0272,0.002755,35.5,23.765785,86.413254
2026-04-10 16:00:00,N02,-0.0934,0.95778,33.86,0.0332,0.000262,33.9,23.765785,86.413254
2026-04-10 17:00:00,N02,-0.2068,0.006362,9.34,0.0277,0.003112,32.1,23.765785,86.413254
2026-04-10 18:00:00,N02,0.1527,0.006563,5.06,0.027,0.000193,30.2,23.765785,86.413254
2026-04-10 19:00:00,N02,0.2181,0.005224,8.2,0.0273,0.000135,28.2,23.765785,86.413254
2026-04-10 20:00:00,N02,0.0134,0.005704,4.16,0.0272,0.00023,26.4,23.765785,86.413254
2026-04-10 21:00:00,N02,0.0417,0.007686,1.08,0.0268,0.000177,24.9,23.765785,86.413254
2026-04-10 22:00:00,N02,0.2284,0.010613,4.66,0.0276,0.00044,23.7,23.765785,86.413254
2026-04-10 23:00:00,N02,-0.167,0.006327,1.18,0.0277,0.000262,22.9,23.765785,86.413254
2026-04-11 00:00:00,N02,,,,,,,23.765785,86.413254
2026-04-11 01:00:00,N02,,,,,,,23.765785,86.413254
2026-04-11 02:00:00,N02,,,,,,,23.765785,86.413254
2026-04-11 03:00:00,N02,,,,,,,23.765785,86.413254
2026-04-11 04:00:00,N02,-0.1002,0.008549,1.75,0.029,0.00061,27.7,23.765785,86.413254
2026-04-11 05:00:00,N02,-0.3704,0.005854,6.56,0.0295,0.005805,29.5,23.765785,86.413254
2026-04-11 06:00:00,N02,0.0444,0.747806,42.06,0.0174,0.000372,31.5,23.765785,86.413254
2026-04-11 07:00:00,N02,-0.1557,0.009622,2.78,0.0303,0.010938,33.4,23.765785,86.413254
2026-04-11 08:00:00,N02,0.1955,0.58367,32.45,0.0393,0.000328,35.2,23.765785,86.413254
2026-04-11 09:00:00,N02,-0.0664,0.006411,7.62,0.0309,0.003938,36.8,23.765785,86.413254
2026-04-11 10:00:00,N02,,,,,,,23.765785,86.413254
2026-04-11 11:00:00,N02,,,,,,,23.765785,86.413254
2026-04-11 12:00:00,N02,,,,,,,23.765785,86.413254
2026-04-11 13:00:00,N02,,,,,,,23.765785,86.413254
2026-04-11 14:00:00,N02,0.0559,0.005028,1.38,0.0332,0.00046,38.0,23.765785,86.413254
2026-04-11 15:00:00,N02,,,,,,,23.765785,86.413254
2026-04-11 16:00:00,N02,,,,,,,23.765785,86.413254
2026-04-11 17:00:00,N02,,,,,,,23.765785,86.413254
2026-04-11 18:00:00,N02,-0.1026,0.947821,38.3,0.051,0.008431,31.5,23.765785,86.413254
2026-04-11 19:00:00,N02,-0.0252,0.005136,8.15,0.0339,0.008496,29.5,23.765785,86.413254
2026-04-11 20:00:00,N02,0.0314,0.006924,3.02,0.034,0.000214,27.7,23.765785,86.413254
2026-04-11 21:00:00,N02,-0.0432,0.007988,6.27,0.0344,9.4e-05,26.2,23.765785,86.413254
2026-04-11 22:00:00,N02,,,,,,,23.765785,86.413254
2026-04-11 23:00:00,N02,,,,,,,23.765785,86.413254
2026-04-12 00:00:00,N02,,,,,,,23.765785,86.413254
2026-04-12 01:00:00,N02,,,,,,,23.765785,86.413254
2026-04-12 02:00:00,N02,,,,,,,23.765785,86.413254
2026-04-12 03:00:00,N02,0.0904,0.00552,4.17,0.0348,0.000254,27.8,23.765785,86.413254
2026-04-12 04:00:00,N02,-0.1446,0.00697,9.0,0.035,0.000249,29.4,23.765785,86.413254
2026-04-12 05:00:00,N02,-0.1017,0.006241,6.45,0.0353,3.5e-05,31.2,23.765785,86.413254
2026-04-12 06:00:00,N02,-0.0811,0.00675,5.96,0.035,0.000108,33.1,23.765785,86.413254
2026-04-12 07:00:00,N02,0.1025,0.005616,1.83,0.0351,0.000415,35.0,23.765785,86.413254
2026-04-12 08:00:00,N02,0.0154,0.005888,1.29,0.0359,0.006627,36.9,23.765785,86.413254
2026-04-12 09:00:00,N02,0.1938,0.594913,22.44,0.0218,0.000185,38.4,23.765785,86.413254
2026-04-12 10:00:00,N02,-0.125,0.006627,5.44,0.0362,0.007446,39.6,23.765785,86.413254
2026-04-12 11:00:00,N02,0.1269,0.009287,7.28,0.0367,0.000466,40.3,23.765785,86.413254
2026-04-12 12:00:00,N02,-0.2466,0.005947,4.02,0.0372,0.000112,40.6,23.765785,86.413254
2026-04-12 13:00:00,N02,0.2424,0.00719,2.5,0.0365,6.4e-05,40.3,23.765785,86.413254
2026-04-12 14:00:00,N02,-0.102,0.005532,1.29,0.037,0.000137,39.6,23.765785,86.413254
2026-04-12 15:00:00,N02,0.076,0.005142,8.33,0.0362,0.000219,38.4,23.765785,86.413254
2026-04-12 16:00:00,N02,-0.1257,0.006875,2.37,0.0366,0.000277,36.9,23.765785,86.413254
2026-04-12 17:00:00,N02,0.0715,0.007054,5.89,0.0368,9.6e-05,35.0,23.765785,86.413254
2026-04-12 18:00:00,N02,0.0331,0.005313,8.62,0.0368,0.000196,33.1,23.765785,86.413254
2026-04-12 19:00:00,N02,,,,,,,23.765785,86.413254
2026-04-12 20:00:00,N02,,,,,,,23.765785,86.413254
2026-04-12 21:00:00,N02,,,,,,,23.765785,86.413254
2026-04-12 22:00:00,N02,,,,,,,23.765785,86.413254
2026-04-12 23:00:00,N02,-0.3298,0.00663,8.86,0.0348,0.000596,25.9,23.765785,86.413254
2026-04-13 00:00:00,N02,-0.2565,0.009292,6.43,0.0343,0.000319,23.9,23.765785,86.413254
2026-04-13 01:00:00,N02,0.1108,0.005205,1.68,0.0342,0.000401,24.1,23.765785,86.413254
2026-04-13 02:00:00,N02,-0.1083,0.008122,6.35,0.0335,0.000438,24.9,23.765785,86.413254
2026-04-13 03:00:00,N02,0.2165,0.006623,9.6,0.0333,6.1e-05,26.1,23.765785,86.413254
2026-04-13 04:00:00,N02,,,,,,,23.765785,86.413254
2026-04-13 05:00:00,N02,,,,,,,23.765785,86.413254
2026-04-13 06:00:00,N02,,,,,,,23.765785,86.413254
2026-04-13 07:00:00,N02,,,,,,,23.765785,86.413254
2026-04-13 08:00:00,N02,0.1638,0.005724,9.82,0.0343,0.000205,35.1,23.765785,86.413254
2026-04-13 09:00:00,N02,0.1126,0.006102,9.54,0.0335,0.000553,36.7,23.765785,86.413254
2026-04-13 10:00:00,N02,0.2143,0.005573,4.91,0.0332,0.00471,37.9,23.765785,86.413254
2026-04-13 11:00:00,N02,0.0251,0.900362,20.11,0.0241,0.004185,38.6,23.765785,86.413254
2026-04-13 12:00:00,N02,0.0781,0.850295,42.66,0.0248,0.000397,38.9,23.765785,86.413254
2026-04-13 13:00:00,N02,0.2,0.580579,48.9,0.0249,0.004383,38.6,23.765785,86.413254
2026-04-13 14:00:00,N02,0.0084,0.005409,1.63,0.0336,0.004379,37.9,23.765785,86.413254
2026-04-13 15:00:00,N02,0.121,0.005015,9.27,0.0336,0.000169,36.7,23.765785,86.413254
2026-04-13 16:00:00,N02,0.1259,0.006166,4.75,0.0332,0.009735,35.1,23.765785,86.413254
2026-04-13 17:00:00,N02,0.1571,0.710477,44.15,0.0531,0.009979,33.3,23.765785,86.413254
2026-04-13 18:00:00,N02,-0.2746,0.957318,16.34,0.0532,0.009486,31.4,23.765785,86.413254
2026-04-13 19:00:00,N02,-0.0793,0.008837,3.13,0.0341,0.009663,29.4,23.765785,86.413254
2026-04-13 20:00:00,N02,0.1628,0.005615,6.24,0.0339,0.000122,27.6,23.765785,86.413254
2026-04-13 21:00:00,N02,,,,,,,23.765785,86.413254
2026-04-13 22:00:00,N02,,,,,,,23.765785,86.413254
2026-04-13 23:00:00,N02,,,,,,,23.765785,86.413254
2026-04-14 00:00:00,N02,,,,,,,23.765785,86.413254
2026-04-14 01:00:00,N02,,,,,,,23.765785,86.413254
2026-04-14 02:00:00,N02,,,,,,,23.765785,86.413254
2026-04-14 03:00:00,N02,,,,,,,23.765785,86.413254
2026-04-14 04:00:00,N02,-0.0008,0.0054,2.35,0.0332,0.000534,31.4,23.765785,86.413254
2026-04-14 05:00:00,N02,-0.0398,0.005094,3.92,0.033,0.003013,33.2,23.765785,86.413254
2026-04-14 06:00:00,N02,0.0114,0.782853,17.61,0.0272,0.008064,35.1,23.765785,86.413254
2026-04-14 07:00:00,N02,0.1099,0.774936,31.85,0.0169,0.005279,37.0,23.765785,86.413254
2026-04-14 08:00:00,N02,-0.0142,0.681627,22.3,0.0166,0.007917,38.9,23.765785,86.413254
2026-04-14 09:00:00,N02,0.0972,0.007557,3.41,0.0327,0.008462,40.4,23.765785,86.413254
2026-04-14 10:00:00,N02,0.0036,0.007274,3.9,0.0336,0.000442,41.6,23.765785,86.413254
2026-04-14 11:00:00,N02,0.2652,0.005997,5.26,0.0336,8.1e-05,42.4,23.765785,86.413254
2026-04-14 12:00:00,N02,-0.2452,0.005377,3.97,0.0337,4.7e-05,42.6,23.765785,86.413254
2026-04-14 13:00:00,N02,0.0196,0.005618,4.17,0.0337,0.000245,42.4,23.765785,86.413254
2026-04-14 14:00:00,N02,0.1469,0.005744,6.38,0.0332,0.000117,41.6,23.765785,86.413254
2026-04-14 15:00:00,N02,-0.172,0.007336,9.55,0.0334,8.4e-05,40.4,23.765785,86.413254
2026-04-14 16:00:00,N02,-0.1606,0.009455,7.0,0.0334,0.00029,38.9,23.765785,86.413254
2026-04-14 17:00:00,N02,-0.0523,0.007311,5.58,0.0329,0.000257,37.0,23.765785,86.413254
2026-04-14 18:00:00,N02,-0.1244,0.008525,7.56,0.0329,2.8e-05,35.1,23.765785,86.413254
2026-04-14 19:00:00,N02,0.1497,0.006875,8.77,0.0328,9.7e-05,33.2,23.765785,86.413254
2026-04-14 20:00:00,N02,0.0385,0.008883,2.38,0.0327,0.000278,31.4,23.765785,86.413254
2026-04-14 21:00:00,N02,-0.2963,0.005534,1.58,0.0323,1.7e-05,29.8,23.765785,86.413254
2026-04-14 22:00:00,N02,-0.0312,0.006419,4.0,0.0327,0.000107,28.6,23.765785,86.413254
2026-04-14 23:00:00,N02,0.0806,0.005905,8.72,0.0325,0.00021,27.9,23.765785,86.413254
2026-04-15 00:00:00,N02,0.2161,0.006872,7.85,0.0323,0.000241,24.7,23.765785,86.413254
2026-04-15 01:00:00,N02,,,,,,,23.765785,86.413254
2026-04-15 02:00:00,N02,,,,,,,23.765785,86.413254
2026-04-15 03:00:00,N02,,,,,,,23.765785,86.413254
2026-04-15 04:00:00,N02,,,,,,,23.765785,86.413254
2026-04-15 05:00:00,N02,0.1291,0.007663,1.89,0.0325,0.000119,30.2,23.765785,86.413254
2026-04-15 06:00:00,N02,0.0641,0.006245,5.44,0.0325,8.5e-05,32.2,23.765785,86.413254
2026-04-15 07:00:00,N02,-0.1456,0.007406,3.85,0.0326,0.006823,34.1,23.765785,86.413254
2026-04-15 08:00:00,N02,0.1881,0.645441,31.58,0.0189,0.007221,35.9,23.765785,86.413254
2026-04-15 09:00:00,N02,,,,,,,23.765785,86.413254
2026-04-15 10:00:00,N02,,,,,,,23.765785,86.413254
2026-04-15 11:00:00,N02,,,,,,,23.765785,86.413254
2026-04-15 12:00:00,N02,,,,,,,23.765785,86.413254
2026-04-15 13:00:00,N02,,,,,,,23.765785,86.413254
2026-04-15 14:00:00,N02,0.0904,0.008665,5.09,0.0314,0.000531,38.7,23.765785,86.413254
2026-04-15 15:00:00,N02,-0.0444,0.005266,8.44,0.0318,0.000463,37.5,23.765785,86.413254
2026-04-15 16:00:00,N02,-0.142,0.006606,2.68,0.0323,0.00027,35.9,23.765785,86.413254
2026-04-15 17:00:00,N02,-0.1299,0.005304,8.81,0.0323,0.000138,34.1,23.765785,86.413254
2026-04-15 18:00:00,N02,0.0796,0.008472,5.56,0.0326,0.000364,32.2,23.765785,86.413254
2026-04-15 19:00:00,N02,,,,,,,23.765785,86.413254
2026-04-15 20:00:00,N02,,,,,,,23.765785,86.413254
2026-04-15 21:00:00,N02,,,,,,,23.765785,86.413254
2026-04-15 22:00:00,N02,,,,,,,23.765785,86.413254
2026-04-15 23:00:00,N02,0.0099,0.008836,7.67,0.0305,0.000457,24.9,23.765785,86.413254
2026-04-16 00:00:00,N02,-0.1104,0.008633,7.26,0.0307,0.000156,22.8,23.765785,86.413254
2026-04-16 01:00:00,N02,-0.0815,0.007454,1.61,0.0301,0.000119,23.1,23.765785,86.413254
2026-04-16 02:00:00,N02,0.2151,0.008617,1.03,0.0305,1.5e-05,23.8,23.765785,86.413254
2026-04-16 03:00:00,N02,-0.0969,0.007218,3.47,0.0301,0.000525,25.0,23.765785,86.413254
2026-04-16 04:00:00,N02,-0.149,0.005015,3.03,0.0295,0.000873,26.6,23.765785,86.413254
2026-04-16 05:00:00,N02,-0.0434,0.008216,5.36,0.0284,0.000366,28.4,23.765785,86.413254
2026-04-16 06:00:00,N02,-0.0928,0.006549,6.17,0.0287,0.000173,30.3,23.765785,86.413254
2026-04-16 07:00:00,N02,-0.1139,0.006793,1.84,0.0287,8.6e-05,32.3,23.765785,86.413254
2026-04-16 08:00:00,N02,0.1359,0.006158,9.26,0.0289,0.003992,34.1,23.765785,86.413254
2026-04-16 09:00:00,N02,-0.2863,0.693329,38.35,0.0207,0.004224,35.6,23.765785,86.413254
2026-04-16 10:00:00,N02,,,,,,,23.765785,86.413254
2026-04-16 11:00:00,N02,-0.0507,0.005675,3.81,0.0276,0.003717,37.6,23.765785,86.413254
2026-04-16 12:00:00,N02,0.1827,0.005849,7.69,0.0279,0.000251,37.8,23.765785,86.413254
2026-04-16 13:00:00,N02,0.2308,0.007066,5.79,0.0281,0.000127,37.6,23.765785,86.413254
2026-04-16 14:00:00,N02,0.0707,0.007229,3.92,0.0281,0.000153,36.8,23.765785,86.413254
2026-04-16 15:00:00,N02,0.0532,0.006482,1.54,0.0284,0.00027,35.6,23.765785,86.413254
2026-04-16 16:00:00,N02,0.0894,0.005892,7.32,0.0287,5.5e-05,34.1,23.765785,86.413254
2026-04-16 17:00:00,N02,0.0893,0.00635,9.12,0.0286,0.000389,32.3,23.765785,86.413254
2026-04-16 18:00:00,N02,0.0575,0.005243,4.04,0.0279,0.000369,30.3,23.765785,86.413254
2026-04-16 19:00:00,N02,0.0744,0.005031,6.01,0.0278,0.0003,28.4,23.765785,86.413254
2026-04-16 20:00:00,N02,0.0385,0.00654,1.36,0.0285,0.000607,26.6,23.765785,86.413254
2026-04-16 21:00:00,N02,-0.3538,0.00613,6.94,0.029,2.8e-05,25.0,23.765785,86.413254
2026-04-16 22:00:00,N02,-0.0081,0.007394,4.16,0.0286,0.000349,23.8,23.765785,86.413254
2026-04-16 23:00:00,N02,-0.3413,0.006316,8.36,0.0283,0.000203,23.1,23.765785,86.413254
2026-04-17 00:00:00,N02,-0.2715,0.006731,9.2,0.0281,0.000252,20.4,23.765785,86.413254
2026-04-17 01:00:00,N02,,,,,,,23.765785,86.413254
2026-04-17 02:00:00,N02,,,,,,,23.765785,86.413254
2026-04-17 03:00:00,N02,,,,,,,23.765785,86.413254
2026-04-17 04:00:00,N02,,,,,,,23.765785,86.413254
2026-04-17 05:00:00,N02,0.1405,0.005457,8.71,0.0299,0.000351,25.9,23.765785,86.413254
2026-04-17 06:00:00,N02,0.3205,0.006357,5.47,0.0296,0.000615,27.9,23.765785,86.413254
2026-04-17 07:00:00,N02,-0.3711,0.007879,8.79,0.0287,0.002839,29.8,23.765785,86.413254
2026-04-17 08:00:00,N02,0.0608,0.98407,22.47,0.0353,0.003941,31.6,23.765785,86.413254
2026-04-17 09:00:00,N02,-0.0617,0.704896,38.03,0.0208,0.007468,33.2,23.765785,86.413254
2026-04-17 10:00:00,N02,0.2501,0.606193,31.48,0.0203,0.003927,34.4,23.765785,86.413254
2026-04-17 11:00:00,N02,0.2604,0.0056,1.65,0.0287,0.004535,35.1,23.765785,86.413254
2026-04-17 12:00:00,N02,-0.0814,0.007852,9.97,0.0294,0.000552,35.4,23.765785,86.413254
2026-04-17 13:00:00,N02,-0.1689,0.005283,8.56,0.0298,0.000554,35.1,23.765785,86.413254
2026-04-17 14:00:00,N02,-0.1532,0.008661,6.01,0.0305,0.000242,34.4,23.765785,86.413254
2026-04-17 15:00:00,N02,-0.112,0.005296,3.48,0.0303,8.4e-05,33.2,23.765785,86.413254
2026-04-17 16:00:00,N02,0.0772,0.005875,1.25,0.0304,0.000233,31.6,23.765785,86.413254
2026-04-17 17:00:00,N02,0.0102,0.006153,6.08,0.0298,0.000473,29.8,23.765785,86.413254
2026-04-17 18:00:00,N02,-0.2273,0.006987,8.31,0.0294,0.000133,27.9,23.765785,86.413254
2026-04-17 19:00:00,N02,-0.0851,0.005509,4.32,0.0295,0.000274,25.9,23.765785,86.413254
2026-04-17 20:00:00,N02,-0.1966,0.006729,1.11,0.0289,0.000325,24.1,23.765785,86.413254
2026-04-17 21:00:00,N02,-0.2078,0.005995,7.03,0.0289,0.000101,22.6,23.765785,86.413254
2026-04-17 22:00:00,N02,,,,,,,23.765785,86.413254
2026-04-17 23:00:00,N02,,,,,,,23.765785,86.413254
2026-04-18 00:00:00,N02,,,,,,,23.765785,86.413254
2026-04-18 01:00:00,N02,,,,,,,23.765785,86.413254
2026-04-18 02:00:00,N02,0.0498,0.005661,8.73,0.029,0.000442,25.8,23.765785,86.413254
2026-04-18 03:00:00,N02,-0.1168,0.007473,1.11,0.0286,0.000215,27.0,23.765785,86.413254
2026-04-18 04:00:00,N02,,,,,,,23.765785,86.413254
2026-04-18 05:00:00,N02,,,,,,,23.765785,86.413254
2026-04-18 06:00:00,N02,,,,,,,23.765785,86.413254
2026-04-18 07:00:00,N02,,,,,,,23.765785,86.413254
2026-04-18 08:00:00,N02,,,,,,,23.765785,86.413254
2026-04-18 09:00:00,N02,-0.0098,0.006525,3.09,0.0298,0.000462,37.6,23.765785,86.413254
2026-04-18 10:00:00,N02,-0.0501,0.005583,1.62,0.031,0.000477,38.8,23.765785,86.413254
2026-04-18 11:00:00,N02,-0.0222,0.005567,9.31,0.0308,5.6e-05,39.5,23.765785,86.413254
2026-04-18 12:00:00,N02,0.1321,0.006993,4.57,0.0308,0.007991,39.8,23.765785,86.413254
2026-04-18 13:00:00,N02,-0.1691,0.592777,24.82,0.0468,0.000269,39.5,23.765785,86.413254
2026-04-18 14:00:00,N02,0.233,0.0077,6.64,0.0303,0.008072,38.8,23.765785,86.413254
2026-04-18 15:00:00,N02,0.1854,0.006229,6.11,0.0306,5.9e-05,37.6,23.765785,86.413254
2026-04-18 16:00:00,N02,0.291,0.006859,5.19,0.0302,0.008291,36.0,23.765785,86.413254
2026-04-18 17:00:00,N02,0.2067,0.947455,30.18,0.014,0.008264,34.2,23.765785,86.413254
2026-04-18 18:00:00,N02,0.211,0.772836,32.43,0.0137,0.008118,32.3,23.765785,86.413254
2026-04-18 19:00:00,N02,0.1527,0.006192,7.35,0.0303,0.008106,30.3,23.765785,86.413254
2026-04-18 20:00:00,N02,0.2548,0.005724,7.28,0.0299,0.000618,28.5,23.765785,86.413254
2026-04-18 21:00:00,N02,0.0617,0.007244,3.91,0.029,0.000599,27.0,23.765785,86.413254
2026-04-18 22:00:00,N02,0.1083,0.005283,1.92,0.0287,0.000426,25.8,23.765785,86.413254
2026-04-18 23:00:00,N02,0.0378,0.006017,9.71,0.0282,1.9e-05,25.0,23.765785,86.413254
2026-04-19 00:00:00,N02,-0.3692,0.007265,8.17,0.0286,0.000234,28.6,23.765785,86.413254
2026-04-19 01:00:00,N02,0.0297,0.006565,1.38,0.0286,3.7e-05,28.8,23.765785,86.413254
2026-04-19 02:00:00,N02,0.1205,0.005676,5.01,0.0287,0.000122,29.6,23.765785,86.413254
2026-04-19 03:00:00,N02,-0.0736,0.007758,2.51,0.0289,8.1e-05,30.8,23.765785,86.413254
2026-04-19 04:00:00,N02,0.1946,0.005172,5.32,0.0289,0.000838,32.3,23.765785,86.413254
2026-04-19 05:00:00,N02,-0.1814,0.006498,8.02,0.0272,0.007136,34.1,23.765785,86.413254
2026-04-19 06:00:00,N02,-0.0237,0.948768,48.35,0.0432,0.001004,36.1,23.765785,86.413254
2026-04-19 07:00:00,N02,-0.2441,0.005441,9.31,0.0252,0.009459,38.0,23.765785,86.413254
2026-04-19 08:00:00,N02,0.1356,0.007848,4.4,0.0242,0.000708,39.8,23.765785,86.413254
2026-04-19 09:00:00,N02,,,,,,,23.765785,86.413254
2026-04-19 10:00:00,N02,,,,,,,23.765785,86.413254
2026-04-19 11:00:00,N02,,,,,,,23.765785,86.413254
2026-04-19 12:00:00,N02,,,,,,,23.765785,86.413254
2026-04-19 13:00:00,N02,,,,,,,23.765785,86.413254
2026-04-19 14:00:00,N02,-0.0095,0.006136,4.12,0.0196,0.001157,42.6,23.765785,86.413254
2026-04-19 15:00:00,N02,-0.0056,0.006607,5.84,0.0187,0.001167,41.4,23.765785,86.413254
2026-04-19 16:00:00,N02,-0.2199,0.005209,7.31,0.0173,0.001023,39.8,23.765785,86.413254
2026-04-19 17:00:00,N02,0.26,0.006422,4.14,0.0167,0.000813,38.0,23.765785,86.413254
2026-04-19 18:00:00,N02,0.2519,0.005696,2.66,0.0157,0.000752,36.1,23.765785,86.413254
2026-04-19 19:00:00,N02,-0.0346,0.006521,9.68,0.0152,0.001084,34.1,23.765785,86.413254
2026-04-19 20:00:00,N02,-0.0976,0.008674,6.73,0.0135,0.001177,32.3,23.765785,86.413254
2026-04-19 21:00:00,N02,-0.2904,0.007101,1.28,0.0128,0.000791,30.8,23.765785,86.413254
2026-04-19 22:00:00,N02,-0.0954,0.006165,7.59,0.0119,0.00082,29.6,23.765785,86.413254
2026-04-19 23:00:00,N02,-0.0836,0.006343,8.96,0.0112,0.000802,28.8,23.765785,86.413254
2026-04-20 00:00:00,N02,-0.0913,0.007574,4.86,0.0103,0.000374,26.0,23.765785,86.413254
2026-04-20 01:00:00,N02,-0.118,0.005425,7.9,0.0104,0.000572,26.2,23.765785,86.413254
2026-04-20 02:00:00,N02,-0.1438,0.008332,5.66,0.0092,0.001175,27.0,23.765785,86.413254
2026-04-20 03:00:00,N02,-0.32,0.008287,7.59,0.0081,0.000279,28.2,23.765785,86.413254
2026-04-20 04:00:00,N02,0.0912,0.006412,8.13,0.0086,1.6e-05,29.7,23.765785,86.413254
2026-04-20 05:00:00,N02,-0.1469,0.005123,3.73,0.008,0.000258,31.6,23.765785,86.413254
2026-04-20 06:00:00,N02,0.0051,0.005421,9.67,0.0081,0.000227,33.5,23.765785,86.413254
2026-04-20 07:00:00,N02,,,,,,,23.765785,86.413254
2026-04-20 08:00:00,N02,,,,,,,23.765785,86.413254
2026-04-20 09:00:00,N02,,,,,,,23.765785,86.413254
2026-04-20 10:00:00,N02,,,,,,,23.765785,86.413254
2026-04-20 11:00:00,N02,,,,,,,23.765785,86.413254
2026-04-20 12:00:00,N02,0.111,0.006189,2.35,0.0079,0.000107,41.0,23.765785,86.413254
2026-04-20 13:00:00,N02,,,,,,,23.765785,86.413254
2026-04-20 14:00:00,N02,,,,,,,23.765785,86.413254
2026-04-20 15:00:00,N02,,,,,,,23.765785,86.413254
2026-04-20 16:00:00,N02,,,,,,,23.765785,86.413254
2026-04-20 17:00:00,N02,0.2893,0.005613,1.92,0.0086,0.005156,35.4,23.765785,86.413254
2026-04-20 18:00:00,N02,-0.1566,0.009167,9.17,0.0082,0.000201,33.5,23.765785,86.413254
2026-04-20 19:00:00,N02,-0.1727,0.005432,5.76,0.0082,0.000152,31.6,23.765785,86.413254
2026-04-20 20:00:00,N02,0.2764,0.006562,2.42,0.0085,0.000632,29.7,23.765785,86.413254
2026-04-20 21:00:00,N02,0.1033,0.008768,4.48,0.0095,0.000704,28.2,23.765785,86.413254
2026-04-20 22:00:00,N02,0.0118,0.006634,7.72,0.0099,0.000812,27.0,23.765785,86.413254
2026-04-20 23:00:00,N02,-0.133,0.008781,7.28,0.0111,0.000877,26.2,23.765785,86.413254
2026-04-21 00:00:00,N02,0.1353,0.005117,2.67,0.0117,0.00023,27.2,23.765785,86.413254
2026-04-21 01:00:00,N02,-0.1647,0.005782,9.2,0.0116,0.000359,27.5,23.765785,86.413254
2026-04-21 02:00:00,N02,,,,,,,23.765785,86.413254
2026-04-21 03:00:00,N02,,,,,,,23.765785,86.413254
2026-04-21 04:00:00,N02,,,,,,,23.765785,86.413254
2026-04-21 05:00:00,N02,,,,,,,23.765785,86.413254
2026-04-21 06:00:00,N02,,,,,,,23.765785,86.413254
2026-04-21 07:00:00,N02,0.0848,0.005062,3.49,0.0109,0.003793,36.7,23.765785,86.413254
2026-04-21 08:00:00,N02,0.3193,0.541708,23.39,0.0029,0.013211,38.5,23.765785,86.413254
2026-04-21 09:00:00,N02,-0.0938,0.565286,26.08,-0.0155,0.004617,40.0,23.765785,86.413254
2026-04-21 10:00:00,N02,0.0217,0.627527,41.44,-0.0064,0.013486,41.2,23.765785,86.413254
2026-04-21 11:00:00,N02,-0.3575,0.008261,2.5,0.0115,0.008919,42.0,23.765785,86.413254
2026-04-21 12:00:00,N02,0.0535,0.00671,3.22,0.0115,0.000196,42.2,23.765785,86.413254
2026-04-21 13:00:00,N02,-0.0495,0.006904,3.43,0.0119,0.000263,42.0,23.765785,86.413254
2026-04-21 14:00:00,N02,0.1457,0.007439,4.27,0.012,4.6e-05,41.2,23.765785,86.413254
2026-04-21 15:00:00,N02,-0.2217,0.00592,6.15,0.012,8.8e-05,40.0,23.765785,86.413254
2026-04-21 16:00:00,N02,0.1757,0.005657,4.58,0.0118,0.000173,38.5,23.765785,86.413254
2026-04-21 17:00:00,N02,-0.2082,0.005642,3.24,0.0123,0.00052,36.7,23.765785,86.413254
2026-04-21 18:00:00,N02,-0.0661,0.006453,1.92,0.0129,2e-06,34.7,23.765785,86.413254
2026-04-21 19:00:00,N02,0.2051,0.007746,6.49,0.0123,0.000797,32.8,23.765785,86.413254
2026-04-21 20:00:00,N02,-0.0906,0.006067,5.01,0.0113,0.000802,31.0,23.765785,86.413254
2026-04-21 21:00:00,N02,-0.0572,0.005964,9.75,0.0107,0.000212,29.4,23.765785,86.413254
2026-04-21 22:00:00,N02,-0.0071,0.006805,6.08,0.0108,0.000161,28.2,23.765785,86.413254
2026-04-21 23:00:00,N02,,,,,,,23.765785,86.413254
2026-04-22 00:00:00,N02,,,,,,,23.765785,86.413254
2026-04-22 01:00:00,N02,,,,,,,23.765785,86.413254
2026-04-22 02:00:00,N02,,,,,,,23.765785,86.413254
2026-04-22 03:00:00,N02,,,,,,,23.765785,86.413254
2026-04-22 04:00:00,N02,-0.1794,0.005349,2.85,0.0131,0.000175,28.1,23.765785,86.413254
2026-04-22 05:00:00,N02,-0.0759,0.011651,7.43,0.013,6.4e-05,29.9,23.765785,86.413254
2026-04-22 06:00:00,N02,0.039,0.005414,1.91,0.0132,0.000525,31.8,23.765785,86.413254
2026-04-22 07:00:00,N02,-0.0896,0.006869,8.97,0.014,0.00052,33.8,23.765785,86.413254
2026-04-22 08:00:00,N02,0.0181,0.005206,4.01,0.0143,4.7e-05,35.6,23.765785,86.413254
2026-04-22 09:00:00,N02,0.1017,0.007385,7.72,0.0141,0.000208,37.1,23.765785,86.413254
2026-04-22 10:00:00,N02,0.2509,0.006089,1.15,0.0147,0.000459,38.3,23.765785,86.413254
2026-04-22 11:00:00,N02,-0.2727,0.007404,9.42,0.015,0.000508,39.1,23.765785,86.413254
2026-04-22 12:00:00,N02,0.0011,0.006292,1.61,0.0157,0.000676,39.3,23.765785,86.413254
2026-04-22 13:00:00,N02,0.1933,0.005953,6.08,0.0164,0.006543,39.1,23.765785,86.413254
2026-04-22 14:00:00,N02,0.0974,0.737897,22.32,0.0288,9.3e-05,38.3,23.765785,86.413254
2026-04-22 15:00:00,N02,0.2138,0.005693,7.95,0.0166,0.006522,37.1,23.765785,86.413254
2026-04-22 16:00:00,N02,-0.1356,0.005035,3.39,0.0158,0.000408,35.6,23.765785,86.413254
2026-04-22 17:00:00,N02,-0.0368,0.005402,6.84,0.0158,0.000213,33.8,23.765785,86.413254
2026-04-22 18:00:00,N02,,,,,,,23.765785,86.413254
2026-04-22 19:00:00,N02,-0.115,0.008439,1.01,0.0164,6e-05,29.9,23.765785,86.413254
2026-04-22 20:00:00,N02,-0.1201,0.006461,7.82,0.0163,6.3e-05,28.1,23.765785,86.413254
2026-04-22 21:00:00,N02,-0.2026,0.006268,1.6,0.0163,0.000495,26.5,23.765785,86.413254
2026-04-22 22:00:00,N02,-0.0017,0.006851,2.54,0.0173,0.000428,25.3,23.765785,86.413254
2026-04-22 23:00:00,N02,-0.0766,0.006946,1.56,0.0172,0.00075,24.6,23.765785,86.413254
2026-04-23 00:00:00,N02,-0.0447,0.005119,8.25,0.0158,0.0006,24.0,23.765785,86.413254
2026-04-23 01:00:00,N02,0.0019,0.00636,8.9,0.016,0.000652,24.3,23.765785,86.413254
2026-04-23 02:00:00,N02,-0.1436,0.006305,8.27,0.0171,0.000729,25.0,23.765785,86.413254
2026-04-23 03:00:00,N02,0.0649,0.005884,3.12,0.0174,0.000507,26.2,23.765785,86.413254
2026-04-23 04:00:00,N02,-0.0053,0.008907,4.42,0.0181,0.000356,27.8,23.765785,86.413254
2026-04-23 05:00:00,N02,-0.1438,0.005654,3.03,0.0181,0.007366,29.6,23.765785,86.413254
2026-04-23 06:00:00,N02,-0.1882,0.818922,22.16,0.0328,0.007841,31.5,23.765785,86.413254
2026-04-23 07:00:00,N02,0.0815,0.600912,47.32,0.0338,0.006415,33.4,23.765785,86.413254
2026-04-23 08:00:00,N02,,,,,,,23.765785,86.413254
2026-04-23 09:00:00,N02,-0.2429,0.006664,6.43,0.0196,2.5e-05,36.8,23.765785,86.413254
2026-04-23 10:00:00,N02,0.1642,0.006924,4.45,0.0201,0.000387,38.0,23.765785,86.413254
2026-04-23 11:00:00,N02,0.08,0.006543,5.27,0.0204,0.000616,38.7,23.765785,86.413254
2026-04-23 12:00:00,N02,0.2493,0.009208,8.12,0.0213,0.000612,39.0,23.765785,86.413254
2026-04-23 13:00:00,N02,0.3854,0.007561,9.31,0.0216,0.00048,38.7,23.765785,86.413254
2026-04-23 14:00:00,N02,-0.0141,0.005725,1.96,0.0223,0.000491,38.0,23.765785,86.413254
2026-04-23 15:00:00,N02,-0.0866,0.00682,9.95,0.0226,0.000169,36.8,23.765785,86.413254
2026-04-23 16:00:00,N02,0.184,0.005385,1.21,0.0226,0.000297,35.3,23.765785,86.413254
2026-04-23 17:00:00,N02,0.0503,0.00612,3.83,0.022,8.4e-05,33.4,23.765785,86.413254
2026-04-23 18:00:00,N02,0.0743,0.006811,1.53,0.0224,0.00023,31.5,23.765785,86.413254
2026-04-23 19:00:00,N02,0.2092,0.005437,5.72,0.0225,0.000706,29.6,23.765785,86.413254
2026-04-23 20:00:00,N02,-0.1325,0.005332,3.31,0.0238,0.000761,27.8,23.765785,86.413254
2026-04-23 21:00:00,N02,0.0814,0.006043,6.65,0.024,8.1e-05,26.2,23.765785,86.413254
2026-04-23 22:00:00,N02,0.0871,0.006465,7.35,0.0237,0.000145,25.0,23.765785,86.413254
2026-04-23 23:00:00,N02,-0.3404,0.005435,4.49,0.0243,0.000177,24.3,23.765785,86.413254
2026-04-24 00:00:00,N02,0.0234,0.006261,5.87,0.024,0.00014,26.1,23.765785,86.413254
2026-04-24 01:00:00,N02,0.0457,0.00576,4.18,0.024,0.000258,26.4,23.765785,86.413254
2026-04-24 02:00:00,N02,-0.2219,0.007809,4.04,0.0245,0.000237,27.1,23.765785,86.413254
2026-04-24 03:00:00,N02,0.0334,0.005977,4.2,0.0245,0.000305,28.3,23.765785,86.413254
2026-04-24 04:00:00,N02,-0.0851,0.008433,1.49,0.0252,0.000133,29.9,23.765785,86.413254
2026-04-24 05:00:00,N02,-0.123,0.005276,1.67,0.0247,0.000241,31.7,23.765785,86.413254
2026-04-24 06:00:00,N02,-0.0833,0.005038,7.82,0.0247,6.2e-05,33.6,23.765785,86.413254
2026-04-24 07:00:00,N02,-0.2089,0.007802,9.49,0.0249,0.000118,35.5,23.765785,86.413254
2026-04-24 08:00:00,N02,0.1595,0.006577,5.6,0.0244,0.000439,37.4,23.765785,86.413254
2026-04-24 09:00:00,N02,0.4723,0.005824,5.14,0.024,0.003642,38.9,23.765785,86.413254
2026-04-24 10:00:00,N02,0.1461,0.778559,15.54,0.0172,0.003457,40.1,23.765785,86.413254
2026-04-24 11:00:00,N02,-0.1037,0.933173,44.37,0.0171,0.003449,40.8,23.765785,86.413254
2026-04-24 12:00:00,N02,-0.0218,0.007248,1.73,0.0241,0.004118,41.1,23.765785,86.413254
2026-04-24 13:00:00,N02,0.0783,0.00852,1.99,0.0253,0.000367,40.8,23.765785,86.413254
2026-04-24 14:00:00,N02,-0.2166,0.005942,7.64,0.0248,9.4e-05,40.1,23.765785,86.413254
2026-04-24 15:00:00,N02,0.0556,0.006851,5.04,0.0251,0.000481,38.9,23.765785,86.413254
2026-04-24 16:00:00,N02,,,,,,,23.765785,86.413254
2026-04-24 17:00:00,N02,,,,,,,23.765785,86.413254
2026-04-24 18:00:00,N02,,,,,,,23.765785,86.413254
2026-04-24 19:00:00,N02,,,,,,,23.765785,86.413254
2026-04-24 20:00:00,N02,-0.0423,0.005165,5.9,0.0258,0.000582,29.9,23.765785,86.413254
2026-04-24 21:00:00,N02,-0.1338,0.007143,2.38,0.027,0.000703,28.3,23.765785,86.413254
2026-04-24 22:00:00,N02,-0.053,0.005919,2.21,0.0272,0.000144,27.1,23.765785,86.413254
2026-04-24 23:00:00,N02,0.1071,0.005383,9.42,0.0267,0.000144,26.4,23.765785,86.413254
2026-04-25 00:00:00,N02,-0.0359,0.005428,2.71,0.0275,0.000275,23.2,23.765785,86.413254
2026-04-25 01:00:00,N02,-0.2042,0.006527,4.63,0.0272,0.00019,23.4,23.765785,86.413254
2026-04-25 02:00:00,N02,-0.0123,0.008951,2.99,0.0271,4.1e-05,24.2,23.765785,86.413254
2026-04-25 03:00:00,N02,-0.0176,0.005698,8.63,0.0273,9.8e-05,25.3,23.765785,86.413254
2026-04-25 04:00:00,N02,-0.1815,0.007536,2.46,0.0269,0.000157,26.9,23.765785,86.413254
2026-04-25 05:00:00,N02,-0.137,0.006568,1.57,0.027,7.3e-05,28.7,23.765785,86.413254
2026-04-25 06:00:00,N02,0.0172,0.008022,3.77,0.027,0.000395,30.7,23.765785,86.413254
2026-04-25 07:00:00,N02,-0.0767,0.006859,5.41,0.0262,0.000251,32.6,23.765785,86.413254
2026-04-25 08:00:00,N02,0.0819,0.007027,4.63,0.0265,0.000343,34.4,23.765785,86.413254
2026-04-25 09:00:00,N02,-0.0915,0.006828,8.09,0.0269,0.007292,36.0,23.765785,86.413254
2026-04-25 10:00:00,N02,0.1559,0.960226,15.64,0.0119,0.007277,37.1,23.765785,86.413254
2026-04-25 11:00:00,N02,-0.0115,0.961391,49.02,0.0123,0.007762,37.9,23.765785,86.413254
2026-04-25 12:00:00,N02,,,,,,,23.765785,86.413254
2026-04-25 13:00:00,N02,,,,,,,23.765785,86.413254
2026-04-25 14:00:00,N02,,,,,,,23.765785,86.413254
2026-04-25 15:00:00,N02,,,,,,,23.765785,86.413254
2026-04-25 16:00:00,N02,,,,,,,23.765785,86.413254
2026-04-25 17:00:00,N02,,,,,,,23.765785,86.413254
2026-04-25 18:00:00,N02,,,,,,,23.765785,86.413254
2026-04-25 19:00:00,N02,,,,,,,23.765785,86.413254
2026-04-25 20:00:00,N02,0.062,0.005517,6.9,0.0337,0.000102,26.9,23.765785,86.413254
2026-04-25 21:00:00,N02,-0.1681,0.006037,6.89,0.0335,0.000116,25.3,23.765785,86.413254
2026-04-25 22:00:00,N02,-0.3634,0.008971,6.11,0.0335,0.000148,24.2,23.765785,86.413254
2026-04-25 23:00:00,N02,-0.0583,0.005746,3.57,0.0332,9.1e-05,23.4,23.765785,86.413254
2026-04-26 00:00:00,N02,0.0514,0.006017,6.24,0.0333,0.000356,27.0,23.765785,86.413254
2026-04-26 01:00:00,N02,0.0163,0.007704,5.85,0.0339,7.9e-05,27.3,23.765785,86.413254
2026-04-26 02:00:00,N02,0.1211,0.006992,4.31,0.0335,0.000269,28.0,23.765785,86.413254
2026-04-26 03:00:00,N02,0.1252,0.006714,2.29,0.0333,5e-06,29.2,23.765785,86.413254
2026-04-26 04:00:00,N02,-0.129,0.006522,2.54,0.0335,0.000322,30.8,23.765785,86.413254
2026-04-26 05:00:00,N02,0.0157,0.006464,3.74,0.0327,1e-05,32.6,23.765785,86.413254
2026-04-26 06:00:00,N02,0.2418,0.006518,1.72,0.0335,0.006195,34.5,23.765785,86.413254
2026-04-26 07:00:00,N02,-0.0498,0.573963,31.65,0.0203,7.3e-05,36.5,23.765785,86.413254
2026-04-26 08:00:00,N02,0.0216,0.007257,2.3,0.0337,0.006411,38.3,23.765785,86.413254
2026-04-26 09:00:00,N02,-0.0133,0.008288,1.71,0.0331,0.000388,39.8,23.765785,86.413254
2026-04-26 10:00:00,N02,-0.045,0.007411,3.25,0.0329,1.2e-05,41.0,23.765785,86.413254
2026-04-26 11:00:00,N02,0.1246,0.007922,4.24,0.0331,0.000155,41.8,23.765785,86.413254
2026-04-26 12:00:00,N02,-0.0961,0.00648,4.0,0.0332,0.005324,42.0,23.765785,86.413254
2026-04-26 13:00:00,N02,0.2804,0.572869,42.7,0.0224,0.005214,41.8,23.765785,86.413254
2026-04-26 14:00:00,N02,-0.2478,0.728537,45.69,0.0228,0.005965,41.0,23.765785,86.413254
2026-04-26 15:00:00,N02,0.0384,0.006253,7.1,0.0344,0.005926,39.8,23.765785,86.413254
2026-04-26 16:00:00,N02,0.0212,0.005329,8.63,0.0346,0.00269,38.3,23.765785,86.413254
2026-04-26 17:00:00,N02,-0.0278,0.83767,45.45,0.029,0.000343,36.5,23.765785,86.413254
2026-04-26 18:00:00,N02,0.0915,0.006583,1.45,0.0353,0.003562,34.5,23.765785,86.413254
2026-04-26 19:00:00,N02,0.1874,0.005157,6.2,0.0361,0.000302,32.6,23.765785,86.413254
2026-04-26 20:00:00,N02,0.06,0.00677,2.72,0.0359,0.000227,30.8,23.765785,86.413254
2026-04-26 21:00:00,N02,-0.1593,0.005479,9.54,0.0366,0.000541,29.2,23.765785,86.413254
2026-04-26 22:00:00,N02,-0.0841,0.005597,8.31,0.037,0.000108,28.0,23.765785,86.413254
2026-04-26 23:00:00,N02,-0.1942,0.00639,8.47,0.0364,9.6e-05,27.3,23.765785,86.413254
2026-04-27 00:00:00,N02,0.0473,0.005139,9.6,0.0372,0.000981,25.4,23.765785,86.413254
2026-04-27 01:00:00,N02,-0.2513,0.005655,6.46,0.0383,0.000386,25.7,23.765785,86.413254
2026-04-27 02:00:00,N02,0.116,0.006879,3.32,0.038,0.00029,26.4,23.765785,86.413254
2026-04-27 03:00:00,N02,-0.2241,0.005414,9.17,0.0377,4.2e-05,27.6,23.765785,86.413254
2026-04-27 04:00:00,N02,-0.1746,0.009138,6.12,0.038,8.4e-05,29.1,23.765785,86.413254
2026-04-27 05:00:00,N02,-0.2639,0.007505,2.57,0.0379,0.000109,31.0,23.765785,86.413254
2026-04-27 06:00:00,N02,-0.1674,0.008061,6.88,0.0378,8.1e-05,32.9,23.765785,86.413254
2026-04-27 07:00:00,N02,0.1982,0.005848,3.75,0.0381,0.000342,34.8,23.765785,86.413254
2026-04-27 08:00:00,N02,-0.086,0.006572,2.87,0.0385,0.000193,36.6,23.765785,86.413254
2026-04-27 09:00:00,N02,-0.0898,0.005295,5.26,0.0385,4e-06,38.2,23.765785,86.413254
2026-04-27 10:00:00,N02,-0.0004,0.007714,3.35,0.0385,0.00034,39.4,23.765785,86.413254
2026-04-27 11:00:00,N02,0.0209,0.00859,2.18,0.0378,0.000649,40.1,23.765785,86.413254
2026-04-27 12:00:00,N02,0.0157,0.00654,9.04,0.0372,0.009734,40.4,23.765785,86.413254
2026-04-27 13:00:00,N02,0.3548,0.675395,32.38,0.0183,0.009553,40.1,23.765785,86.413254
2026-04-27 14:00:00,N02,-0.062,0.923965,24.97,0.0181,0.009873,39.4,23.765785,86.413254
2026-04-27 15:00:00,N02,0.1595,0.005121,3.95,0.0381,0.009782,38.2,23.765785,86.413254
2026-04-27 16:00:00,N02,0.0067,0.008134,6.7,0.0377,3.4e-05,36.6,23.765785,86.413254
2026-04-27 17:00:00,N02,0.0963,0.007271,6.12,0.038,0.000301,34.8,23.765785,86.413254
2026-04-27 18:00:00,N02,,,,,,,23.765785,86.413254
2026-04-27 19:00:00,N02,,,,,,,23.765785,86.413254
2026-04-27 20:00:00,N02,,,,,,,23.765785,86.413254
2026-04-27 21:00:00,N02,0.0528,0.007946,3.15,0.0381,0.00034,27.6,23.765785,86.413254
2026-04-27 22:00:00,N02,-0.2486,0.008667,8.6,0.0381,2e-05,26.4,23.765785,86.413254
2026-04-27 23:00:00,N02,-0.3101,0.00659,9.37,0.0382,0.000108,25.7,23.765785,86.413254
2026-04-28 00:00:00,N02,0.0163,0.007924,3.93,0.0384,4.2e-05,30.4,23.765785,86.413254
2026-04-28 01:00:00,N02,0.1733,0.005313,5.54,0.0381,5.6e-05,30.7,23.765785,86.413254
2026-04-28 02:00:00,N02,-0.0937,0.006216,3.32,0.0385,0.000212,31.4,23.765785,86.413254
2026-04-28 03:00:00,N02,0.0415,0.007197,7.82,0.0377,0.000581,32.6,23.765785,86.413254
2026-04-28 04:00:00,N02,-0.2208,0.007339,1.51,0.0373,0.000433,34.2,23.765785,86.413254
2026-04-28 05:00:00,N02,-0.0549,0.00517,8.24,0.0368,0.000261,36.0,23.765785,86.413254
2026-04-28 06:00:00,N02,-0.0396,0.006228,3.73,0.0368,0.00359,37.9,23.765785,86.413254
2026-04-28 07:00:00,N02,0.1651,0.692854,38.75,0.044,0.000726,39.8,23.765785,86.413254
2026-04-28 08:00:00,N02,0.04,0.005419,5.61,0.0353,0.00463,41.7,23.765785,86.413254
2026-04-28 09:00:00,N02,0.0296,0.006096,4.44,0.0347,0.000103,43.2,23.765785,86.413254
2026-04-28 10:00:00,N02,0.2283,0.008382,9.02,0.0351,0.00951,44.4,23.765785,86.413254
2026-04-28 11:00:00,N02,0.1313,0.868331,34.1,0.0157,0.009745,45.1,23.765785,86.413254
2026-04-28 12:00:00,N02,,,,,,,23.765785,86.413254
2026-04-28 13:00:00,N02,,,,,,,23.765785,86.413254
2026-04-28 14:00:00,N02,,,,,,,23.765785,86.413254
2026-04-28 15:00:00,N02,,,,,,,23.765785,86.413254
2026-04-28 16:00:00,N02,,,,,,,23.765785,86.413254
2026-04-28 17:00:00,N02,-0.0905,0.834152,16.02,0.0516,0.009022,39.8,23.765785,86.413254
2026-04-28 18:00:00,N02,-0.0608,0.006824,1.09,0.0338,0.009024,37.9,23.765785,86.413254
2026-04-28 19:00:00,N02,0.0356,0.006024,4.23,0.0335,0.000443,36.0,23.765785,86.413254
2026-04-28 20:00:00,N02,-0.0832,0.005062,7.76,0.0329,0.000349,34.2,23.765785,86.413254
2026-04-28 21:00:00,N02,,,,,,,23.765785,86.413254
2026-04-28 22:00:00,N02,,,,,,,23.765785,86.413254
2026-04-28 23:00:00,N02,-0.0081,0.005918,5.89,0.0333,0.000416,30.7,23.765785,86.413254
2026-04-29 00:00:00,N02,0.1963,0.005067,4.73,0.0339,0.000536,26.0,23.765785,86.413254
2026-04-29 01:00:00,N02,,,,,,,23.765785,86.413254
2026-04-29 02:00:00,N02,-0.0325,0.007846,3.31,0.0342,0.000221,27.0,23.765785,86.413254
2026-04-29 03:00:00,N02,0.0005,0.009934,8.9,0.0339,0.000674,28.2,23.765785,86.413254
2026-04-29 04:00:00,N02,-0.0463,0.007559,1.73,0.0329,3.5e-05,29.8,23.765785,86.413254
2026-04-29 05:00:00,N02,-0.0198,0.005785,2.56,0.0339,0.000572,31.6,23.765785,86.413254
2026-04-29 06:00:00,N02,-0.2899,0.006613,9.2,0.034,0.000211,33.5,23.765785,86.413254
2026-04-29 07:00:00,N02,0.064,0.005444,2.29,0.0334,0.000419,35.5,23.765785,86.413254
2026-04-29 08:00:00,N02,-0.0573,0.006269,8.88,0.0332,0.004762,37.3,23.765785,86.413254
2026-04-29 09:00:00,N02,0.0427,0.699561,15.2,0.043,0.00487,38.8,23.765785,86.413254
2026-04-29 10:00:00,N02,-0.1323,0.740289,44.02,0.0429,0.008687,40.0,23.765785,86.413254
2026-04-29 11:00:00,N02,-0.0139,0.91549,32.2,0.0256,0.004611,40.8,23.765785,86.413254
2026-04-29 12:00:00,N02,0.1572,0.006648,7.21,0.0337,0.004056,41.0,23.765785,86.413254
2026-04-29 13:00:00,N02,0.1597,0.005089,2.34,0.0337,0.000394,40.8,23.765785,86.413254
2026-04-29 14:00:00,N02,0.015,0.006406,7.12,0.0329,0.00037,40.0,23.765785,86.413254
2026-04-29 15:00:00,N02,-0.0077,0.005749,5.04,0.033,9e-06,38.8,23.765785,86.413254
2026-04-29 16:00:00,N02,0.0375,0.00746,5.88,0.0329,0.000298,37.3,23.765785,86.413254
2026-04-29 17:00:00,N02,0.1769,0.005131,8.45,0.0324,1.5e-05,35.5,23.765785,86.413254
2026-04-29 18:00:00,N02,0.0377,0.005518,6.71,0.0329,7e-05,33.5,23.765785,86.413254
2026-04-29 19:00:00,N02,0.012,0.006618,6.48,0.0325,0.000483,31.6,23.765785,86.413254
2026-04-29 20:00:00,N02,-0.1197,0.006647,3.07,0.0319,2.4e-05,29.8,23.765785,86.413254
2026-04-29 21:00:00,N02,0.1666,0.005994,2.85,0.0325,0.00031,28.2,23.765785,86.413254
2026-04-29 22:00:00,N02,-0.3237,0.005242,7.44,0.0325,0.000104,27.0,23.765785,86.413254
2026-04-29 23:00:00,N02,0.1421,0.005026,4.08,0.0327,9.2e-05,26.3,23.765785,86.413254
2026-04-30 00:00:00,N02,-0.1592,0.005616,9.53,0.0327,0.000308,25.4,23.765785,86.413254
2026-04-30 01:00:00,N02,0.0659,0.006179,7.53,0.032,8.5e-05,25.7,23.765785,86.413254
2026-04-30 02:00:00,N02,0.0179,0.00596,3.37,0.0326,0.000242,26.4,23.765785,86.413254
2026-04-30 03:00:00,N02,0.1477,0.006523,3.11,0.0325,7e-05,27.6,23.765785,86.413254
2026-04-30 04:00:00,N02,-0.1315,0.008141,4.72,0.0327,6.5e-05,29.2,23.765785,86.413254
2026-04-30 05:00:00,N02,0.2538,0.005271,6.55,0.0327,0.000186,31.0,23.765785,86.413254
2026-04-30 06:00:00,N02,0.1143,0.007839,4.32,0.0331,8.5e-05,32.9,23.765785,86.413254
2026-04-30 07:00:00,N02,-0.1074,0.005348,8.87,0.0328,9.7e-05,34.9,23.765785,86.413254
2026-04-30 08:00:00,N02,0.0074,0.007025,9.47,0.0329,0.000393,36.7,23.765785,86.413254
2026-04-30 09:00:00,N02,-0.0483,0.005987,7.64,0.0336,0.008113,38.2,23.765785,86.413254
2026-04-30 10:00:00,N02,0.0051,0.990813,35.27,0.0491,0.008002,39.4,23.765785,86.413254
2026-04-30 11:00:00,N02,0.0679,0.586796,27.41,0.0496,0.007311,40.2,23.765785,86.413254
2026-04-30 12:00:00,N02,-0.3248,0.006409,1.21,0.0345,0.002966,40.4,23.765785,86.413254
2026-04-30 13:00:00,N02,-0.0274,0.984955,30.44,0.0437,6.9e-05,40.2,23.765785,86.413254
2026-04-30 14:00:00,N02,0.114,0.006312,4.3,0.0346,0.004546,39.4,23.765785,86.413254
2026-04-30 15:00:00,N02,-0.4024,0.006502,8.3,0.0346,0.003902,38.2,23.765785,86.413254
2026-04-30 16:00:00,N02,-0.1619,0.757217,37.69,0.0268,0.00022,36.7,23.765785,86.413254
2026-04-30 17:00:00,N02,-0.0689,0.005949,8.54,0.0342,0.003671,34.9,23.765785,86.413254
2026-04-30 18:00:00,N02,-0.1748,0.007248,7.06,0.0342,0.000111,32.9,23.765785,86.413254
2026-04-30 19:00:00,N02,-0.0281,0.008019,2.82,0.0344,0.000187,31.0,23.765785,86.413254
2026-04-30 20:00:00,N02,0.0893,0.006301,2.46,0.0338,0.00069,29.2,23.765785,86.413254
2026-04-30 21:00:00,N02,-0.0676,0.008088,4.38,0.033,0.000446,27.6,23.765785,86.413254
2026-04-30 22:00:00,N02,0.1171,0.005014,2.05,0.0329,0.000173,26.4,23.765785,86.413254
2026-04-30 23:00:00,N02,-0.2773,0.005214,6.25,0.0333,0.000427,25.7,23.765785,86.413254
2026-05-01 00:00:00,N02,-0.0421,0.006798,7.8,0.0337,0.000128,23.7,23.765785,86.413254
2026-05-01 01:00:00,N02,-0.0597,0.008535,3.29,0.0331,1.5e-05,24.0,23.765785,86.413254
2026-05-01 02:00:00,N02,-0.0952,0.006435,2.24,0.0338,0.000294,24.7,23.765785,86.413254
2026-05-01 03:00:00,N02,,,,,,,23.765785,86.413254
2026-05-01 04:00:00,N02,,,,,,,23.765785,86.413254
2026-05-01 05:00:00,N02,,,,,,,23.765785,86.413254
2026-05-01 06:00:00,N02,,,,,,,23.765785,86.413254
2026-05-01 07:00:00,N02,,,,,,,23.765785,86.413254
2026-05-01 08:00:00,N02,0.0582,0.008356,6.17,0.0349,0.002763,35.0,23.765785,86.413254
2026-05-01 09:00:00,N02,,,,,,,23.765785,86.413254
2026-05-01 10:00:00,N02,,,,,,,23.765785,86.413254
2026-05-01 11:00:00,N02,0.0384,0.006551,5.15,0.0364,0.004813,38.5,23.765785,86.413254
2026-05-01 12:00:00,N02,0.0088,0.960281,37.18,0.0461,0.004748,38.7,23.765785,86.413254
2026-05-01 13:00:00,N02,-0.0837,0.893057,15.53,0.0459,0.011749,38.5,23.765785,86.413254
2026-05-01 14:00:00,N02,-0.0623,0.670573,25.69,0.0226,0.004534,37.7,23.765785,86.413254
2026-05-01 15:00:00,N02,-0.2354,0.006461,8.38,0.0369,0.007178,36.5,23.765785,86.413254
2026-05-01 16:00:00,N02,0.0941,0.010073,9.16,0.0369,4.1e-05,35.0,23.765785,86.413254
2026-05-01 17:00:00,N02,0.0128,0.006807,1.44,0.037,0.000305,33.2,23.765785,86.413254
2026-05-01 18:00:00,N02,-0.0527,0.008027,1.44,0.0363,0.000142,31.2,23.765785,86.413254
2026-05-01 19:00:00,N02,0.2624,0.006422,7.95,0.0367,0.000332,29.3,23.765785,86.413254
2026-05-01 20:00:00,N02,-0.0967,0.006593,7.77,0.037,0.000347,27.5,23.765785,86.413254
2026-05-01 21:00:00,N02,-0.1411,0.005505,4.37,0.0374,0.000695,25.9,23.765785,86.413254
2026-05-01 22:00:00,N02,-0.0443,0.007307,8.51,0.0384,0.000511,24.7,23.765785,86.413254
2026-05-01 23:00:00,N02,0.0543,0.007704,7.77,0.0384,0.000133,24.0,23.765785,86.413254
2026-05-02 00:00:00,N02,-0.1345,0.008244,4.28,0.0387,0.000256,25.3,23.765785,86.413254
2026-05-02 01:00:00,N02,-0.0283,0.005875,8.5,0.0389,8.6e-05,25.6,23.765785,86.413254
2026-05-02 02:00:00,N02,0.1226,0.005056,2.7,0.0385,0.000144,26.3,23.765785,86.413254
2026-05-02 03:00:00,N02,-0.2841,0.005709,2.03,0.0386,0.000145,27.5,23.765785,86.413254
2026-05-02 04:00:00,N02,,,,,,,23.765785,86.413254
2026-05-02 05:00:00,N02,,,,,,,23.765785,86.413254
2026-05-02 06:00:00,N02,,,,,,,23.765785,86.413254
2026-05-02 07:00:00,N02,,,,,,,23.765785,86.413254
2026-05-02 08:00:00,N02,0.2415,0.00713,9.7,0.0395,0.000364,36.5,23.765785,86.413254
2026-05-02 09:00:00,N02,,,,,,,23.765785,86.413254
2026-05-02 10:00:00,N02,,,,,,,23.765785,86.413254
2026-05-02 11:00:00,N02,,,,,,,23.765785,86.413254
2026-05-02 12:00:00,N02,,,,,,,23.765785,86.413254
2026-05-02 13:00:00,N02,,,,,,,23.765785,86.413254
2026-05-02 14:00:00,N02,-0.1483,0.614339,23.71,0.0625,0.005773,39.3,23.765785,86.413254
2026-05-02 15:00:00,N02,-0.0433,0.99075,20.32,0.051,0.011277,38.1,23.765785,86.413254
2026-05-02 16:00:00,N02,0.1976,0.005893,5.98,0.0399,0.005828,36.5,23.765785,86.413254
2026-05-02 17:00:00,N02,-0.2525,0.006108,7.52,0.0393,0.000385,34.7,23.765785,86.413254
2026-05-02 18:00:00,N02,-0.0092,0.009253,2.22,0.0392,0.000433,32.8,23.765785,86.413254
2026-05-02 19:00:00,N02,-0.0666,0.005034,3.33,0.0384,0.000524,30.9,23.765785,86.413254
2026-05-02 20:00:00,N02,-0.3171,0.005759,8.48,0.0381,0.000183,29.0,23.765785,86.413254
2026-05-02 21:00:00,N02,-0.0994,0.00616,1.94,0.0388,0.000372,27.5,23.765785,86.413254
2026-05-02 22:00:00,N02,-0.0047,0.005017,8.5,0.0389,0.000184,26.3,23.765785,86.413254
2026-05-02 23:00:00,N02,0.0396,0.006379,2.07,0.0392,9.4e-05,25.6,23.765785,86.413254
2026-05-03 00:00:00,N02,-0.0905,0.005646,2.42,0.0387,0.000888,25.4,23.765785,86.413254
2026-05-03 01:00:00,N02,0.3393,0.009946,5.2,0.0374,0.000344,25.7,23.765785,86.413254
2026-05-03 02:00:00,N02,0.0287,0.005852,1.62,0.038,0.000359,26.4,23.765785,86.413254
2026-05-03 03:00:00,N02,0.0402,0.00584,7.78,0.0381,2.3e-05,27.6,23.765785,86.413254
2026-05-03 04:00:00,N02,0.1802,0.0073,1.7,0.0379,0.000333,29.2,23.765785,86.413254
2026-05-03 05:00:00,N02,0.0562,0.005029,7.86,0.0388,0.000601,31.0,23.765785,86.413254
2026-05-03 06:00:00,N02,-0.0506,0.005111,6.41,0.0391,0.005575,32.9,23.765785,86.413254
2026-05-03 07:00:00,N02,-0.0644,0.772522,22.8,0.0499,1.5e-05,34.9,23.765785,86.413254
2026-05-03 08:00:00,N02,-0.0357,0.008219,6.33,0.0391,0.005817,36.7,23.765785,86.413254
2026-05-03 09:00:00,N02,0.3555,0.005634,2.07,0.0383,0.000911,38.2,23.765785,86.413254
2026-05-03 10:00:00,N02,0.1125,0.005293,8.08,0.0373,0.000477,39.4,23.765785,86.413254
2026-05-03 11:00:00,N02,0.0299,0.005377,5.76,0.0373,0.000614,40.2,23.765785,86.413254
2026-05-03 12:00:00,N02,0.1843,0.010437,9.57,0.0385,0.000604,40.4,23.765785,86.413254
2026-05-03 13:00:00,N02,-0.1015,0.005389,6.02,0.0385,0.000111,40.2,23.765785,86.413254
2026-05-03 14:00:00,N02,,,,,,,23.765785,86.413254
2026-05-03 15:00:00,N02,,,,,,,23.765785,86.413254
2026-05-03 16:00:00,N02,,,,,,,23.765785,86.413254
2026-05-03 17:00:00,N02,,,,,,,23.765785,86.413254
2026-05-03 18:00:00,N02,0.0251,0.005953,8.36,0.0373,0.000281,32.9,23.765785,86.413254
2026-05-03 19:00:00,N02,-0.1155,0.006792,9.21,0.0379,0.000331,31.0,23.765785,86.413254
2026-05-03 20:00:00,N02,-0.0742,0.00592,9.17,0.038,0.000171,29.2,23.765785,86.413254
2026-05-03 21:00:00,N02,0.1223,0.005757,1.61,0.0382,2.9e-05,27.6,23.765785,86.413254
2026-05-03 22:00:00,N02,0.1464,0.006882,5.99,0.0379,0.000333,26.4,23.765785,86.413254
2026-05-03 23:00:00,N02,0.153,0.006221,2.25,0.0375,0.000444,25.7,23.765785,86.413254
2026-05-04 00:00:00,N02,0.2436,0.006223,6.95,0.037,0.00049,22.3,23.765785,86.413254
2026-05-04 01:00:00,N02,-0.1748,0.005986,2.97,0.0366,0.000585,22.5,23.765785,86.413254
2026-05-04 02:00:00,N02,0.0924,0.00562,1.15,0.0359,0.000393,23.3,23.765785,86.413254
2026-05-04 03:00:00,N02,-0.0306,0.007109,9.77,0.0358,0.000246,24.5,23.765785,86.413254
2026-05-04 04:00:00,N02,,,,,,,23.765785,86.413254
2026-05-04 05:00:00,N02,,,,,,,23.765785,86.413254
2026-05-04 06:00:00,N02,,,,,,,23.765785,86.413254
2026-05-04 07:00:00,N02,0.1795,0.008158,1.08,0.0365,0.004964,31.7,23.765785,86.413254
2026-05-04 08:00:00,N02,-0.028,0.570556,36.79,0.0257,0.000345,33.5,23.765785,86.413254
2026-05-04 09:00:00,N02,-0.3266,0.005881,1.86,0.0372,0.005688,35.1,23.765785,86.413254
2026-05-04 10:00:00,N02,-0.0674,0.006863,5.16,0.0371,0.000315,36.3,23.765785,86.413254
2026-05-04 11:00:00,N02,0.0389,0.005373,7.44,0.0366,0.000703,37.0,23.765785,86.413254
2026-05-04 12:00:00,N02,0.0168,0.006083,4.02,0.0357,0.000325,37.3,23.765785,86.413254
2026-05-04 13:00:00,N02,0.0468,0.005928,4.82,0.0359,0.000301,37.0,23.765785,86.413254
2026-05-04 14:00:00,N02,0.0008,0.006846,9.53,0.0363,5.3e-05,36.3,23.765785,86.413254
2026-05-04 15:00:00,N02,-0.1865,0.006171,8.31,0.0361,9e-06,35.1,23.765785,86.413254
2026-05-04 16:00:00,N02,-0.1561,0.005334,5.9,0.0363,0.003522,33.5,23.765785,86.413254
2026-05-04 17:00:00,N02,-0.224,0.925565,45.78,0.029,0.000144,31.7,23.765785,86.413254
2026-05-04 18:00:00,N02,-0.0847,0.007109,2.52,0.036,0.003922,29.8,23.765785,86.413254
2026-05-04 19:00:00,N02,-0.0333,0.006502,7.3,0.0369,0.000102,27.8,23.765785,86.413254
2026-05-04 20:00:00,N02,0.1116,0.005839,7.98,0.0362,0.000721,26.0,23.765785,86.413254
2026-05-04 21:00:00,N02,0.1624,0.00679,5.65,0.0354,0.000741,24.5,23.765785,86.413254
2026-05-04 22:00:00,N02,-0.0475,0.005062,5.08,0.0347,0.0009,23.3,23.765785,86.413254
2026-05-04 23:00:00,N02,0.1784,0.005043,3.35,0.0336,0.000771,22.5,23.765785,86.413254
2026-05-05 00:00:00,N02,0.0681,0.007167,6.63,0.0332,0.000355,25.1,23.765785,86.413254
2026-05-05 01:00:00,N02,-0.1401,0.005346,1.9,0.0329,0.000369,25.4,23.765785,86.413254
2026-05-05 02:00:00,N02,0.2441,0.007498,3.72,0.0324,0.000862,26.2,23.765785,86.413254
2026-05-05 03:00:00,N02,,,,,,,23.765785,86.413254
2026-05-05 04:00:00,N02,,,,,,,23.765785,86.413254
2026-05-05 05:00:00,N02,,,,,,,23.765785,86.413254
2026-05-05 06:00:00,N02,,,,,,,23.765785,86.413254
2026-05-05 07:00:00,N02,,,,,,,23.765785,86.413254
2026-05-05 08:00:00,N02,-0.0164,0.547768,34.13,0.0213,0.00028,36.4,23.765785,86.413254
2026-05-05 09:00:00,N02,-0.1012,0.006505,6.34,0.0287,0.003219,38.0,23.765785,86.413254
2026-05-05 10:00:00,N02,0.2605,0.008232,5.31,0.0278,0.000906,39.1,23.765785,86.413254
2026-05-05 11:00:00,N02,0.1589,0.007173,7.22,0.0269,0.000769,39.9,23.765785,86.413254
2026-05-05 12:00:00,N02,-0.0983,0.006366,6.41,0.0262,0.000393,40.1,23.765785,86.413254
2026-05-05 13:00:00,N02,,,,,,,23.765785,86.413254
2026-05-05 14:00:00,N02,,,,,,,23.765785,86.413254
2026-05-05 15:00:00,N02,,,,,,,23.765785,86.413254
2026-05-05 16:00:00,N02,,,,,,,23.765785,86.413254
2026-05-05 17:00:00,N02,,,,,,,23.765785,86.413254
2026-05-05 18:00:00,N02,-0.1181,0.005846,8.95,0.0244,0.008613,32.6,23.765785,86.413254
2026-05-05 19:00:00,N02,-0.0619,0.00726,5.04,0.0248,0.000242,30.7,23.765785,86.413254
2026-05-05 20:00:00,N02,-0.2349,0.006605,4.52,0.0249,0.000596,28.9,23.765785,86.413254
2026-05-05 21:00:00,N02,0.1171,0.007563,9.73,0.026,0.000879,27.3,23.765785,86.413254
2026-05-05 22:00:00,N02,,,,,,,23.765785,86.413254
2026-05-05 23:00:00,N02,,,,,,,23.765785,86.413254
2026-05-06 00:00:00,N02,,,,,,,23.765785,86.413254
2026-05-06 01:00:00,N02,,,,,,,23.765785,86.413254
2026-05-06 02:00:00,N02,,,,,,,23.765785,86.413254
2026-05-06 03:00:00,N02,-0.1994,0.005695,9.97,0.0281,0.000181,24.4,23.765785,86.413254
2026-05-06 04:00:00,N02,-0.1137,0.006958,3.45,0.0281,0.000194,26.0,23.765785,86.413254
2026-05-06 05:00:00,N02,-0.0476,0.007732,9.4,0.0285,0.000392,27.8,23.765785,86.413254
2026-05-06 06:00:00,N02,-0.1771,0.007092,4.09,0.0289,0.00039,29.7,23.765785,86.413254
2026-05-06 07:00:00,N02,0.0346,0.00559,3.32,0.0292,6.7e-05,31.7,23.765785,86.413254
2026-05-06 08:00:00,N02,-0.0982,0.005562,1.8,0.0291,0.00853,33.5,23.765785,86.413254
2026-05-06 09:00:00,N02,0.401,0.702212,32.94,0.0122,0.008723,35.0,23.765785,86.413254
2026-05-06 10:00:00,N02,0.0598,0.639342,25.69,0.0116,0.007893,36.2,23.765785,86.413254
2026-05-06 11:00:00,N02,,,,,,,23.765785,86.413254
2026-05-06 12:00:00,N02,,,,,,,23.765785,86.413254
2026-05-06 13:00:00,N02,-0.0022,0.005269,6.6,0.0274,0.000305,37.0,23.765785,86.413254
2026-05-06 14:00:00,N02,0.2445,0.005275,1.29,0.0274,0.000344,36.2,23.765785,86.413254
2026-05-06 15:00:00,N02,-0.1318,0.00781,5.32,0.0281,0.000467,35.0,23.765785,86.413254
2026-05-06 16:00:00,N02,0.0493,0.005659,8.81,0.0283,0.000287,33.5,23.765785,86.413254
2026-05-06 17:00:00,N02,0.043,0.005223,5.85,0.0287,4.2e-05,31.7,23.765785,86.413254
2026-05-06 18:00:00,N02,-0.0274,0.005963,9.64,0.0284,0.000311,29.7,23.765785,86.413254
2026-05-06 19:00:00,N02,0.2825,0.005314,3.5,0.028,2.6e-05,27.8,23.765785,86.413254
2026-05-06 20:00:00,N02,0.0038,0.006099,8.23,0.0283,0.000402,26.0,23.765785,86.413254
2026-05-06 21:00:00,N02,-0.2777,0.005837,6.27,0.0289,0.000172,24.4,23.765785,86.413254
2026-05-06 22:00:00,N02,0.0958,0.006581,8.77,0.0287,6.5e-05,23.2,23.765785,86.413254
2026-05-06 23:00:00,N02,-0.2627,0.006341,1.41,0.029,8.2e-05,22.5,23.765785,86.413254
2026-05-07 00:00:00,N02,-0.037,0.005965,8.2,0.0289,4.6e-05,23.8,23.765785,86.413254
2026-05-07 01:00:00,N02,0.005,0.005895,3.21,0.0291,0.000304,24.1,23.765785,86.413254
2026-05-07 02:00:00,N02,0.108,0.005203,3.38,0.0295,0.000119,24.8,23.765785,86.413254
2026-05-07 03:00:00,N02,,,,,,,23.765785,86.413254
2026-05-07 04:00:00,N02,,,,,,,23.765785,86.413254
2026-05-07 05:00:00,N02,,,,,,,23.765785,86.413254
2026-05-07 06:00:00,N02,,,,,,,23.765785,86.413254
2026-05-07 07:00:00,N02,-0.0052,0.005695,4.36,0.0312,0.000153,33.2,23.765785,86.413254
2026-05-07 08:00:00,N02,-0.0554,0.005119,2.45,0.0306,0.005072,35.1,23.765785,86.413254
2026-05-07 09:00:00,N02,0.1216,0.786965,20.04,0.0414,0.00598,36.6,23.765785,86.413254
2026-05-07 10:00:00,N02,0.1107,0.952004,44.08,0.0425,0.004373,37.8,23.765785,86.413254
2026-05-07 11:00:00,N02,0.2115,0.005302,2.81,0.0326,0.001805,38.6,23.765785,86.413254
2026-05-07 12:00:00,N02,-0.254,0.858183,48.31,0.0389,0.00316,38.8,23.765785,86.413254
2026-05-07 13:00:00,N02,,,,,,,23.765785,86.413254
2026-05-07 14:00:00,N02,0.3415,0.006526,4.11,0.0328,0.009253,37.8,23.765785,86.413254
2026-05-07 15:00:00,N02,0.0791,0.849172,22.62,0.0204,0.005882,36.6,23.765785,86.413254
2026-05-07 16:00:00,N02,0.0485,0.599701,45.91,0.021,0.006627,35.1,23.765785,86.413254
2026-05-07 17:00:00,N02,0.2345,0.007462,3.72,0.0337,0.006592,33.2,23.765785,86.413254
2026-05-07 18:00:00,N02,0.0991,0.009586,4.55,0.0342,0.00026,31.3,23.765785,86.413254
2026-05-07 19:00:00,N02,-0.0852,0.006989,1.03,0.0342,0.000396,29.4,23.765785,86.413254
2026-05-07 20:00:00,N02,,,,,,,23.765785,86.413254
2026-05-07 21:00:00,N02,,,,,,,23.765785,86.413254
2026-05-07 22:00:00,N02,,,,,,,23.765785,86.413254
2026-05-07 23:00:00,N02,,,,,,,23.765785,86.413254
2026-05-08 00:00:00,N02,0.0539,0.006388,8.32,0.0328,3.6e-05,24.5,23.765785,86.413254
2026-05-08 01:00:00,N02,-0.0715,0.006921,8.14,0.0331,0.000787,24.8,23.765785,86.413254
2026-05-08 02:00:00,N02,0.1257,0.005901,5.38,0.0343,0.000486,25.5,23.765785,86.413254
2026-05-08 03:00:00,N02,-0.0906,0.007094,3.82,0.0341,0.000188,26.7,23.765785,86.413254
2026-05-08 04:00:00,N02,0.0642,0.008284,7.71,0.0347,0.000352,28.3,23.765785,86.413254
2026-05-08 05:00:00,N02,-0.1941,0.006585,9.48,0.0348,0.000535,30.1,23.765785,86.413254
2026-05-08 06:00:00,N02,0.1279,0.006182,7.5,0.0358,0.00058,32.0,23.765785,86.413254
2026-05-08 07:00:00,N02,0.1492,0.006401,3.15,0.036,0.000177,33.9,23.765785,86.413254
2026-05-08 08:00:00,N02,-0.0033,0.005264,5.29,0.0361,3.2e-05,35.8,23.765785,86.413254
2026-05-08 09:00:00,N02,0.1,0.005659,1.08,0.036,0.000403,37.3,23.765785,86.413254
2026-05-08 10:00:00,N02,0.0737,0.008134,9.57,0.0353,4.3e-05,38.5,23.765785,86.413254
2026-05-08 11:00:00,N02,0.0952,0.006717,4.62,0.0359,5e-06,39.2,23.765785,86.413254
2026-05-08 12:00:00,N02,0.1623,0.005869,2.88,0.0353,0.003673,39.5,23.765785,86.413254
2026-05-08 13:00:00,N02,-0.3801,0.748724,47.61,0.0433,0.000465,39.2,23.765785,86.413254
2026-05-08 14:00:00,N02,,,,,,,23.765785,86.413254
2026-05-08 15:00:00,N02,,,,,,,23.765785,86.413254
2026-05-08 16:00:00,N02,,,,,,,23.765785,86.413254
2026-05-08 17:00:00,N02,,,,,,,23.765785,86.413254
2026-05-08 18:00:00,N02,,,,,,,23.765785,86.413254
2026-05-08 19:00:00,N02,-0.1126,0.006566,1.3,0.034,4e-06,30.1,23.765785,86.413254
2026-05-08 20:00:00,N02,-0.0038,0.006202,8.18,0.0336,0.000349,28.3,23.765785,86.413254
2026-05-08 21:00:00,N02,0.1421,0.007157,6.0,0.0333,0.000456,26.7,23.765785,86.413254
2026-05-08 22:00:00,N02,0.2028,0.006642,6.51,0.0327,0.000207,25.5,23.765785,86.413254
2026-05-08 23:00:00,N02,-0.0011,0.006363,8.28,0.0329,0.000322,24.8,23.765785,86.413254
2026-05-09 00:00:00,N02,,,,,,,23.765785,86.413254
2026-05-09 01:00:00,N02,0.0959,0.005375,5.81,0.033,0.00032,27.0,23.765785,86.413254
2026-05-09 02:00:00,N02,0.2229,0.005067,7.74,0.034,0.000511,27.7,23.765785,86.413254
2026-05-09 03:00:00,N02,-0.171,0.006951,4.48,0.0341,0.000479,28.9,23.765785,86.413254
2026-05-09 04:00:00,N02,0.0321,0.007256,8.75,0.033,0.0004,30.5,23.765785,86.413254
2026-05-09 05:00:00,N02,-0.0287,0.007526,8.8,0.0333,0.000212,32.3,23.765785,86.413254
2026-05-09 06:00:00,N02,,,,,,,23.765785,86.413254
2026-05-09 07:00:00,N02,,,,,,,23.765785,86.413254
2026-05-09 08:00:00,N02,,,,,,,23.765785,86.413254
2026-05-09 09:00:00,N02,0.0628,0.008136,1.33,0.0326,0.006016,39.5,23.765785,86.413254
2026-05-09 10:00:00,N02,0.0367,0.705673,27.59,0.0448,0.005708,40.7,23.765785,86.413254
2026-05-09 11:00:00,N02,0.4096,0.785189,24.56,0.044,0.006904,41.5,23.765785,86.413254
2026-05-09 12:00:00,N02,-0.0578,0.007014,2.83,0.031,0.006339,41.7,23.765785,86.413254
2026-05-09 13:00:00,N02,0.0859,0.005654,2.79,0.0313,0.000127,41.5,23.765785,86.413254
2026-05-09 14:00:00,N02,-0.0497,0.007136,7.82,0.0313,3.8e-05,40.7,23.765785,86.413254
2026-05-09 15:00:00,N02,-0.0677,0.00656,3.87,0.0312,0.000272,39.5,23.765785,86.413254
2026-05-09 16:00:00,N02,0.2591,0.00502,4.96,0.0318,0.00108,38.0,23.765785,86.413254
2026-05-09 17:00:00,N02,0.411,0.007846,6.17,0.0334,0.001006,36.2,23.765785,86.413254
2026-05-09 18:00:00,N02,-0.2002,0.007268,2.47,0.0338,0.00033,34.2,23.765785,86.413254
2026-05-09 19:00:00,N02,0.1373,0.005636,7.05,0.0341,0.000295,32.3,23.765785,86.413254
2026-05-09 20:00:00,N02,-0.2039,0.006685,4.93,0.0344,0.000451,30.5,23.765785,86.413254
2026-05-09 21:00:00,N02,0.2765,0.006179,7.68,0.035,0.00036,28.9,23.765785,86.413254
2026-05-09 22:00:00,N02,-0.0051,0.006606,2.42,0.0351,3.8e-05,27.7,23.765785,86.413254
2026-05-09 23:00:00,N02,0.0276,0.008816,1.83,0.0349,0.000255,27.0,23.765785,86.413254
2026-05-10 00:00:00,N02,-0.2916,0.007568,1.32,0.0346,0.000256,23.3,23.765785,86.413254
2026-05-10 01:00:00,N02,0.2254,0.00583,2.22,0.0344,0.000242,23.6,23.765785,86.413254
2026-05-10 02:00:00,N02,0.1006,0.008064,5.55,0.0351,1.7e-05,24.3,23.765785,86.413254
2026-05-10 03:00:00,N02,0.0385,0.006851,6.96,0.0343,0.000555,25.5,23.765785,86.413254
2026-05-10 04:00:00,N02,0.0585,0.008129,9.06,0.034,0.000185,27.1,23.765785,86.413254
2026-05-10 05:00:00,N02,0.0309,0.006609,3.72,0.034,0.000531,28.9,23.765785,86.413254
2026-05-10 06:00:00,N02,0.082,0.009671,9.42,0.0329,0.000893,30.8,23.765785,86.413254
2026-05-10 07:00:00,N02,0.0428,0.005714,9.52,0.0322,0.000128,32.8,23.765785,86.413254
2026-05-10 08:00:00,N02,0.2134,0.008503,2.52,0.0332,0.000548,34.6,23.765785,86.413254
2026-05-10 09:00:00,N02,-0.1347,0.006424,3.95,0.0333,0.000249,36.1,23.765785,86.413254
2026-05-10 10:00:00,N02,0.2842,0.005125,2.38,0.0337,0.009898,37.3,23.765785,86.413254
2026-05-10 11:00:00,N02,0.192,0.593478,19.1,0.0531,0.000344,38.1,23.765785,86.413254
2026-05-10 12:00:00,N02,0.0287,0.006173,6.37,0.0344,0.000287,38.3,23.765785,86.413254
2026-05-10 13:00:00,N02,0.0739,0.834671,23.69,0.0525,6.5e-05,38.1,23.765785,86.413254
2026-05-10 14:00:00,N02,-0.067,0.005419,3.15,0.0345,0.009017,37.3,23.765785,86.413254
2026-05-10 15:00:00,N02,0.1242,0.005728,3.2,0.0345,2.7e-05,36.1,23.765785,86.413254
2026-05-10 16:00:00,N02,0.0849,0.006392,9.37,0.0346,0.009322,34.6,23.765785,86.413254
2026-05-10 17:00:00,N02,0.2659,0.500806,44.97,0.0158,0.008972,32.8,23.765785,86.413254
2026-05-10 18:00:00,N02,-0.0502,0.826721,49.36,0.0166,0.009556,30.8,23.765785,86.413254
2026-05-10 19:00:00,N02,-0.1295,0.007303,8.83,0.0349,0.009586,28.9,23.765785,86.413254
2026-05-10 20:00:00,N02,-0.245,0.007818,8.22,0.0358,0.000625,27.1,23.765785,86.413254
2026-05-10 21:00:00,N02,0.0591,0.006586,3.3,0.0362,6.9e-05,25.5,23.765785,86.413254
2026-05-10 22:00:00,N02,0.0697,0.005124,3.79,0.0359,0.000175,24.3,23.765785,86.413254
2026-05-10 23:00:00,N02,0.111,0.009131,2.24,0.0358,4.3e-05,23.6,23.765785,86.413254
2026-05-11 00:00:00,N02,0.0969,0.005261,3.0,0.0358,4.5e-05,26.4,23.765785,86.413254
2026-05-11 01:00:00,N02,0.1289,0.006411,4.47,0.0357,1.9e-05,26.7,23.765785,86.413254
2026-05-11 02:00:00,N02,,,,,,,23.765785,86.413254
2026-05-11 03:00:00,N02,,,,,,,23.765785,86.413254
2026-05-11 04:00:00,N02,,,,,,,23.765785,86.413254
2026-05-11 05:00:00,N02,-0.049,0.005377,2.98,0.0352,4.4e-05,32.0,23.765785,86.413254
2026-05-11 06:00:00,N02,-0.0293,0.007669,9.0,0.0351,0.000177,33.9,23.765785,86.413254
2026-05-11 07:00:00,N02,,,,,,,23.765785,86.413254
2026-05-11 08:00:00,N02,,,,,,,23.765785,86.413254
2026-05-11 09:00:00,N02,0.0406,0.005623,5.66,0.0341,0.003654,39.2,23.765785,86.413254
2026-05-11 10:00:00,N02,-0.1995,0.812226,36.78,0.027,0.001237,40.4,23.765785,86.413254
2026-05-11 11:00:00,N02,0.1905,0.93239,43.01,0.0316,0.013957,41.1,23.765785,86.413254
2026-05-11 12:00:00,N02,0.069,0.631152,34.5,0.0549,0.011327,41.4,23.765785,86.413254
2026-05-11 13:00:00,N02,0.1307,0.86106,48.39,0.0542,0.008388,41.1,23.765785,86.413254
2026-05-11 14:00:00,N02,0.0135,0.006596,9.1,0.0382,0.007976,40.4,23.765785,86.413254
2026-05-11 15:00:00,N02,-0.2804,0.005878,3.76,0.0383,0.000105,39.2,23.765785,86.413254
2026-05-11 16:00:00,N02,-0.0632,0.007388,4.53,0.038,0.000547,37.7,23.765785,86.413254
2026-05-11 17:00:00,N02,-0.018,0.006038,6.08,0.0372,0.000758,35.8,23.765785,86.413254
2026-05-11 18:00:00,N02,0.2432,0.007381,5.03,0.0364,0.000829,33.9,23.765785,86.413254
2026-05-11 19:00:00,N02,0.1455,0.005812,6.8,0.0355,0.000916,32.0,23.765785,86.413254
2026-05-11 20:00:00,N02,,,,,,,23.765785,86.413254
2026-05-11 21:00:00,N02,,,,,,,23.765785,86.413254
2026-05-11 22:00:00,N02,,,,,,,23.765785,86.413254
2026-05-11 23:00:00,N02,,,,,,,23.765785,86.413254
2026-05-12 00:00:00,N02,,,,,,,23.765785,86.413254
2026-05-12 01:00:00,N02,,,,,,,23.765785,86.413254
2026-05-12 02:00:00,N02,0.0251,0.006446,2.0,0.0363,0.000649,27.5,23.765785,86.413254
2026-05-12 03:00:00,N02,0.1402,0.006016,4.48,0.0355,0.000275,28.7,23.765785,86.413254
2026-05-12 04:00:00,N02,-0.1514,0.006336,4.22,0.0358,9.9e-05,30.3,23.765785,86.413254
2026-05-12 05:00:00,N02,0.0945,0.005587,6.2,0.0357,0.000283,32.1,23.765785,86.413254
2026-05-12 06:00:00,N02,-0.0924,0.006016,7.26,0.0363,0.000104,34.0,23.765785,86.413254
2026-05-12 07:00:00,N02,-0.1619,0.005554,7.5,0.0359,0.000678,36.0,23.765785,86.413254
2026-05-12 08:00:00,N02,-0.1034,0.006079,5.67,0.035,0.000993,37.8,23.765785,86.413254
2026-05-12 09:00:00,N02,0.0995,0.006519,1.18,0.0339,3.7e-05,39.3,23.765785,86.413254
2026-05-12 10:00:00,N02,-0.3098,0.006032,9.3,0.0349,0.009539,40.5,23.765785,86.413254
2026-05-12 11:00:00,N02,0.3527,0.546381,29.21,0.053,0.000254,41.3,23.765785,86.413254
2026-05-12 12:00:00,N02,-0.1098,0.006948,9.39,0.0344,0.01089,41.5,23.765785,86.413254
2026-05-12 13:00:00,N02,0.0591,0.006946,7.81,0.0312,0.001167,41.3,23.765785,86.413254
2026-05-12 14:00:00,N02,0.0161,0.007037,5.33,0.0321,0.005451,40.5,23.765785,86.413254
2026-05-12 15:00:00,N02,0.2196,0.731099,19.93,0.0203,0.006225,39.3,23.765785,86.413254
2026-05-12 16:00:00,N02,-0.0154,0.986583,49.49,0.0196,0.005728,37.8,23.765785,86.413254
2026-05-12 17:00:00,N02,0.0404,0.005937,4.58,0.0318,0.006083,36.0,23.765785,86.413254
2026-05-12 18:00:00,N02,0.0162,0.007128,5.31,0.0318,9.1e-05,34.0,23.765785,86.413254
2026-05-12 19:00:00,N02,0.0883,0.005033,7.22,0.032,0.00056,32.1,23.765785,86.413254
2026-05-12 20:00:00,N02,0.0744,0.006512,4.61,0.0306,0.000314,30.3,23.765785,86.413254
2026-05-12 21:00:00,N02,-0.2526,0.007527,1.26,0.0313,0.000353,28.7,23.765785,86.413254
2026-05-12 22:00:00,N02,0.0673,0.005865,5.52,0.0314,5.8e-05,27.5,23.765785,86.413254
2026-05-12 23:00:00,N02,0.0026,0.007804,9.1,0.0312,0.000114,26.8,23.765785,86.413254
2026-05-13 00:00:00,N02,0.0622,0.005568,7.76,0.0316,5.6e-05,27.4,23.765785,86.413254
2026-05-13 01:00:00,N02,0.2188,0.005043,3.99,0.0313,0.000104,27.7,23.765785,86.413254
2026-05-13 02:00:00,N02,-0.4086,0.005732,9.65,0.0314,0.00014,28.5,23.765785,86.413254
2026-05-13 03:00:00,N02,,,,,,,23.765785,86.413254
2026-05-13 04:00:00,N02,,,,,,,23.765785,86.413254
2026-05-13 05:00:00,N02,,,,,,,23.765785,86.413254
2026-05-13 06:00:00,N02,-0.1796,0.005613,2.54,0.0321,0.000525,34.9,23.765785,86.413254
2026-05-13 07:00:00,N02,-0.0809,0.006792,6.42,0.0321,0.000268,36.9,23.765785,86.413254
2026-05-13 08:00:00,N02,0.2663,0.007813,7.76,0.0315,0.000276,38.7,23.765785,86.413254
2026-05-13 09:00:00,N02,-0.1073,0.007916,8.54,0.0316,0.000253,40.3,23.765785,86.413254
2026-05-13 10:00:00,N02,-0.1522,0.00559,2.61,0.0321,0.009835,41.4,23.765785,86.413254
2026-05-13 11:00:00,N02,0.0779,0.932551,42.15,0.0513,0.009717,42.2,23.765785,86.413254
2026-05-13 12:00:00,N02,0.0264,0.581055,15.03,0.0515,0.009616,42.4,23.765785,86.413254
2026-05-13 13:00:00,N02,0.1058,0.007222,7.55,0.032,0.009802,42.2,23.765785,86.413254
2026-05-13 14:00:00,N02,0.2196,0.008553,7.07,0.0319,0.000103,41.4,23.765785,86.413254
2026-05-13 15:00:00,N02,0.2325,0.00678,8.23,0.0318,0.000226,40.3,23.765785,86.413254
2026-05-13 16:00:00,N02,0.0324,0.005436,6.96,0.0323,0.000398,38.7,23.765785,86.413254
2026-05-13 17:00:00,N02,-0.0104,0.005219,7.36,0.0326,0.000259,36.9,23.765785,86.413254
2026-05-13 18:00:00,N02,,,,,,,23.765785,86.413254
2026-05-13 19:00:00,N02,,,,,,,23.765785,86.413254
2026-05-13 20:00:00,N02,,,,,,,23.765785,86.413254
2026-05-13 21:00:00,N02,,,,,,,23.765785,86.413254
2026-05-13 22:00:00,N02,,,,,,,23.765785,86.413254
2026-05-13 23:00:00,N02,0.0074,0.006667,2.75,0.0335,0.000367,27.7,23.765785,86.413254
2026-05-14 00:00:00,N02,-0.0411,0.0058,8.48,0.0345,0.000626,24.8,23.765785,86.413254
2026-05-14 01:00:00,N02,0.081,0.005149,4.34,0.0347,0.000108,25.0,23.765785,86.413254
2026-05-14 02:00:00,N02,-0.2041,0.00534,9.02,0.0347,0.000302,25.8,23.765785,86.413254
2026-05-14 03:00:00,N02,-0.0195,0.006647,7.03,0.0341,0.000166,27.0,23.765785,86.413254
2026-05-14 04:00:00,N02,-0.0365,0.005048,2.83,0.0344,0.000384,28.5,23.765785,86.413254
2026-05-14 05:00:00,N02,0.2847,0.009347,1.52,0.0349,2.5e-05,30.3,23.765785,86.413254
2026-05-14 06:00:00,N02,0.0283,0.005522,1.65,0.0344,0.000273,32.3,23.765785,86.413254
2026-05-14 07:00:00,N02,-0.2063,0.006176,7.36,0.0343,1.1e-05,34.2,23.765785,86.413254
2026-05-14 08:00:00,N02,-0.1351,0.005338,8.27,0.0344,0.000323,36.0,23.765785,86.413254
2026-05-14 09:00:00,N02,0.032,0.006611,2.61,0.035,0.004425,37.6,23.765785,86.413254
2026-05-14 10:00:00,N02,-0.1199,0.761725,23.14,0.0433,0.004386,38.8,23.765785,86.413254
2026-05-14 11:00:00,N02,-0.0678,0.630391,28.44,0.0438,0.004052,39.5,23.765785,86.413254
2026-05-14 12:00:00,N02,,,,,,,23.765785,86.413254
2026-05-14 13:00:00,N02,,,,,,,23.765785,86.413254
2026-05-14 14:00:00,N02,,,,,,,23.765785,86.413254
2026-05-14 15:00:00,N02,-0.1433,0.907727,31.72,0.0583,0.006485,37.6,23.765785,86.413254
2026-05-14 16:00:00,N02,0.0542,0.936279,45.18,0.048,0.011929,36.0,23.765785,86.413254
2026-05-14 17:00:00,N02,-0.0949,0.006722,1.35,0.0344,0.006576,34.2,23.765785,86.413254
2026-05-14 18:00:00,N02,0.0403,0.005923,5.23,0.0348,0.000738,32.3,23.765785,86.413254
2026-05-14 19:00:00,N02,0.0909,0.007389,2.21,0.0359,0.000734,30.3,23.765785,86.413254
2026-05-14 20:00:00,N02,0.0207,0.005114,2.95,0.0363,0.000407,28.5,23.765785,86.413254
2026-05-14 21:00:00,N02,-0.0847,0.006813,1.03,0.0367,3.8e-05,27.0,23.765785,86.413254
2026-05-14 22:00:00,N02,0.2082,0.005737,9.36,0.0364,0.000215,25.8,23.765785,86.413254
2026-05-14 23:00:00,N02,0.0958,0.008464,4.96,0.0363,0.000219,25.0,23.765785,86.413254
2026-05-15 00:00:00,N02,0.1645,0.007217,8.64,0.036,0.00028,21.6,23.765785,86.413254
2026-05-15 01:00:00,N02,-0.0377,0.007422,6.48,0.0357,0.00027,21.9,23.765785,86.413254
2026-05-15 02:00:00,N02,-0.0465,0.006079,2.78,0.0354,0.000119,22.6,23.765785,86.413254
2026-05-15 03:00:00,N02,0.2126,0.006338,9.62,0.036,0.000251,23.8,23.765785,86.413254
2026-05-15 04:00:00,N02,0.2213,0.005305,3.1,0.0359,0.000105,25.4,23.765785,86.413254
2026-05-15 05:00:00,N02,-0.0508,0.00738,7.23,0.0358,0.0,27.2,23.765785,86.413254
2026-05-15 06:00:00,N02,-0.0329,0.005073,4.93,0.0359,0.000331,29.1,23.765785,86.413254
2026-05-15 07:00:00,N02,-0.1021,0.00532,9.1,0.0364,0.004719,31.1,23.765785,86.413254
2026-05-15 08:00:00,N02,-0.3532,0.500713,42.32,0.0265,0.000393,32.9,23.765785,86.413254
2026-05-15 09:00:00,N02,-0.1515,0.007297,2.0,0.0372,0.00522,34.4,23.765785,86.413254
2026-05-15 10:00:00,N02,-0.0212,0.008038,9.86,0.0369,0.000225,35.6,23.765785,86.413254
2026-05-15 11:00:00,N02,-0.1182,0.007163,9.72,0.0368,0.000224,36.4,23.765785,86.413254
2026-05-15 12:00:00,N02,-0.0882,0.008299,7.09,0.0365,0.000615,36.6,23.765785,86.413254
2026-05-15 13:00:00,N02,0.298,0.007318,1.11,0.0355,0.002875,36.4,23.765785,86.413254
2026-05-15 14:00:00,N02,0.0656,0.978109,31.17,0.0422,0.003205,35.6,23.765785,86.413254
2026-05-15 15:00:00,N02,-0.0559,0.776201,39.42,0.0419,0.006025,34.4,23.765785,86.413254
2026-05-15 16:00:00,N02,0.1825,0.589232,25.1,0.0302,0.005689,32.9,23.765785,86.413254
2026-05-15 17:00:00,N02,-0.1892,0.706538,22.19,0.0306,0.002403,31.1,23.765785,86.413254
2026-05-15 18:00:00,N02,,,,,,,23.765785,86.413254
2026-05-15 19:00:00,N02,,,,,,,23.765785,86.413254
2026-05-15 20:00:00,N02,,,,,,,23.765785,86.413254
2026-05-15 21:00:00,N02,,,,,,,23.765785,86.413254
2026-05-15 22:00:00,N02,0.0865,0.00617,2.06,0.0347,0.000131,22.6,23.765785,86.413254
2026-05-15 23:00:00,N02,0.128,0.006072,8.41,0.0349,0.000392,21.9,23.765785,86.413254
2026-05-16 00:00:00,N02,0.1436,0.008414,9.95,0.0355,4.4e-05,25.8,23.765785,86.413254
2026-05-16 01:00:00,N02,-0.0353,0.005812,3.11,0.035,0.000275,26.0,23.765785,86.413254
2026-05-16 02:00:00,N02,0.1896,0.009139,6.86,0.0349,0.000357,26.8,23.765785,86.413254
2026-05-16 03:00:00,N02,0.0088,0.006218,9.59,0.0357,0.000339,28.0,23.765785,86.413254
2026-05-16 04:00:00,N02,-0.0609,0.006493,3.32,0.0356,0.0001,29.5,23.765785,86.413254
2026-05-16 05:00:00,N02,-0.1805,0.005272,5.98,0.0359,4e-06,31.3,23.765785,86.413254
2026-05-16 06:00:00,N02,0.0063,0.005889,6.37,0.0356,0.000208,33.3,23.765785,86.413254
2026-05-16 07:00:00,N02,0.0369,0.006319,6.68,0.0355,9.4e-05,35.2,23.765785,86.413254
2026-05-16 08:00:00,N02,0.1115,0.005576,4.93,0.0354,0.000271,37.0,23.765785,86.413254
2026-05-16 09:00:00,N02,0.0947,0.00561,9.55,0.0349,0.000171,38.6,23.765785,86.413254
2026-05-16 10:00:00,N02,0.2711,0.005138,3.75,0.0351,0.000194,39.8,23.765785,86.413254
2026-05-16 11:00:00,N02,0.1686,0.005981,6.35,0.0345,0.008094,40.5,23.765785,86.413254
2026-05-16 12:00:00,N02,-0.0057,0.854459,34.37,0.0513,0.000238,40.8,23.765785,86.413254
2026-05-16 13:00:00,N02,-0.1714,0.006618,9.21,0.0341,0.008448,40.5,23.765785,86.413254
2026-05-16 14:00:00,N02,-0.0526,0.006855,8.43,0.0344,4.4e-05,39.8,23.765785,86.413254
2026-05-16 15:00:00,N02,0.4165,0.009358,5.11,0.0342,0.000841,38.6,23.765785,86.413254
2026-05-16 16:00:00,N02,-0.2277,0.006522,8.79,0.0327,0.000732,37.0,23.765785,86.413254
2026-05-16 17:00:00,N02,,,,,,,23.765785,86.413254
2026-05-16 18:00:00,N02,,,,,,,23.765785,86.413254
2026-05-16 19:00:00,N02,,,,,,,23.765785,86.413254
2026-05-16 20:00:00,N02,,,,,,,23.765785,86.413254
2026-05-16 21:00:00,N02,,,,,,,23.765785,86.413254
2026-05-16 22:00:00,N02,,,,,,,23.765785,86.413254
2026-05-16 23:00:00,N02,,,,,,,23.765785,86.413254
2026-05-17 00:00:00,N02,,,,,,,23.765785,86.413254
2026-05-17 01:00:00,N02,-0.0088,0.008435,3.33,0.0313,5.1e-05,24.8,23.765785,86.413254
2026-05-17 02:00:00,N02,-0.0701,0.006745,1.6,0.0311,0.000191,25.6,23.765785,86.413254
2026-05-17 03:00:00,N02,0.2778,0.007791,7.49,0.0317,0.00058,26.8,23.765785,86.413254
2026-05-17 04:00:00,N02,0.0553,0.006724,7.93,0.0323,0.0007,28.3,23.765785,86.413254
2026-05-17 05:00:00,N02,-0.0869,0.006193,6.06,0.0331,0.000621,30.1,23.765785,86.413254
2026-05-17 06:00:00,N02,-0.2672,0.009802,9.97,0.0335,0.000147,32.1,23.765785,86.413254
2026-05-17 07:00:00,N02,-0.0592,0.009047,7.95,0.0328,0.000388,34.0,23.765785,86.413254
2026-05-17 08:00:00,N02,-0.1989,0.006866,7.2,0.0327,0.008575,35.8,23.765785,86.413254
2026-05-17 09:00:00,N02,0.091,0.908326,47.6,0.0499,0.007327,37.4,23.765785,86.413254
2026-05-17 10:00:00,N02,0.1453,0.777083,26.93,0.0474,0.000932,38.6,23.765785,86.413254
2026-05-17 11:00:00,N02,-0.07,0.947885,45.9,0.0481,0.006673,39.3,23.765785,86.413254
2026-05-17 12:00:00,N02,0.1502,0.005782,9.08,0.034,0.006622,39.6,23.765785,86.413254
2026-05-17 13:00:00,N02,0.1825,0.007108,9.77,0.0348,0.006005,39.3,23.765785,86.413254
2026-05-17 14:00:00,N02,0.1647,0.857474,35.23,0.022,0.000259,38.6,23.765785,86.413254
2026-05-17 15:00:00,N02,0.0091,0.008116,9.76,0.0343,0.006369,37.4,23.765785,86.413254
2026-05-17 16:00:00,N02,0.241,0.005285,1.46,0.0348,0.000256,35.8,23.765785,86.413254
2026-05-17 17:00:00,N02,0.3382,0.009581,2.77,0.0348,0.000277,34.0,23.765785,86.413254
2026-05-17 18:00:00,N02,-0.1252,0.005285,7.61,0.0342,0.000349,32.1,23.765785,86.413254
2026-05-17 19:00:00,N02,,,,,,,23.765785,86.413254
2026-05-17 20:00:00,N02,0.1334,0.006083,2.16,0.0331,0.000777,28.3,23.765785,86.413254
2026-05-17 21:00:00,N02,-0.0526,0.006528,6.23,0.0326,0.000558,26.8,23.765785,86.413254
2026-05-17 22:00:00,N02,,,,,,,23.765785,86.413254
2026-05-17 23:00:00,N02,,,,,,,23.765785,86.413254
2026-05-18 00:00:00,N02,-0.3005,0.006528,8.93,0.0329,0.000194,26.2,23.765785,86.413254
2026-05-18 01:00:00,N02,0.2552,0.007981,1.24,0.0326,0.000387,26.4,23.765785,86.413254
2026-05-18 02:00:00,N02,0.1115,0.005824,3.08,0.0321,0.000182,27.2,23.765785,86.413254
2026-05-18 03:00:00,N02,0.3019,0.006742,2.5,0.0322,0.000276,28.4,23.765785,86.413254
2026-05-18 04:00:00,N02,0.2275,0.005355,4.63,0.0327,0.000187,29.9,23.765785,86.413254
2026-05-18 05:00:00,N02,-0.0297,0.005164,9.13,0.0319,0.000271,31.7,23.765785,86.413254
2026-05-18 06:00:00,N02,-0.2001,0.006532,8.54,0.0321,0.00018,33.7,23.765785,86.413254
2026-05-18 07:00:00,N02,-0.0429,0.009456,7.68,0.0322,0.000243,35.6,23.765785,86.413254
2026-05-18 08:00:00,N02,-0.1917,0.006226,7.82,0.0326,0.000144,37.4,23.765785,86.413254
2026-05-18 09:00:00,N02,,,,,,,23.765785,86.413254
2026-05-18 10:00:00,N02,,,,,,,23.765785,86.413254
2026-05-18 11:00:00,N02,,,,,,,23.765785,86.413254
2026-05-18 12:00:00,N02,,,,,,,23.765785,86.413254
2026-05-18 13:00:00,N02,0.115,0.885977,39.43,0.0156,0.005758,40.9,23.765785,86.413254
2026-05-18 14:00:00,N02,-0.0357,0.006659,9.27,0.0321,0.007792,40.2,23.765785,86.413254
2026-05-18 15:00:00,N02,-0.0576,0.005253,4.73,0.0312,0.000586,39.0,23.765785,86.413254
2026-05-18 16:00:00,N02,0.0523,0.005505,7.53,0.031,0.000373,37.4,23.765785,86.413254
2026-05-18 17:00:00,N02,0.1003,0.005393,7.86,0.0304,0.000524,35.6,23.765785,86.413254
2026-05-18 18:00:00,N02,-0.1488,0.006139,5.84,0.0299,0.000337,33.7,23.765785,86.413254
2026-05-18 19:00:00,N02,-0.0494,0.005284,3.3,0.0298,0.000199,31.7,23.765785,86.413254
2026-05-18 20:00:00,N02,0.0978,0.005165,5.51,0.0295,0.000301,29.9,23.765785,86.413254
2026-05-18 21:00:00,N02,,,,,,,23.765785,86.413254
2026-05-18 22:00:00,N02,,,,,,,23.765785,86.413254
2026-05-18 23:00:00,N02,,,,,,,23.765785,86.413254
2026-05-19 00:00:00,N02,,,,,,,23.765785,86.413254
2026-05-19 01:00:00,N02,,,,,,,23.765785,86.413254
2026-05-19 02:00:00,N02,0.1534,0.00647,8.98,0.0292,0.000618,26.7,23.765785,86.413254
2026-05-19 03:00:00,N02,0.0155,0.009398,7.47,0.0298,0.000707,27.9,23.765785,86.413254
2026-05-19 04:00:00,N02,0.0265,0.007581,7.49,0.0306,9.4e-05,29.4,23.765785,86.413254
2026-05-19 05:00:00,N02,0.0547,0.007195,3.14,0.03,0.005305,31.3,23.765785,86.413254
2026-05-19 06:00:00,N02,0.0205,0.937811,46.44,0.0412,0.005508,33.2,23.765785,86.413254
2026-05-19 07:00:00,N02,-0.134,0.986118,32.53,0.041,0.005866,35.1,23.765785,86.413254
2026-05-19 08:00:00,N02,0.2335,0.005355,5.64,0.0295,0.006063,36.9,23.765785,86.413254
2026-05-19 09:00:00,N02,-0.1605,0.006178,3.79,0.0289,0.000381,38.5,23.765785,86.413254
2026-05-19 10:00:00,N02,0.0509,0.006591,7.44,0.0287,0.000199,39.7,23.765785,86.413254
2026-05-19 11:00:00,N02,0.403,0.010948,1.83,0.0285,0.000161,40.4,23.765785,86.413254
2026-05-19 12:00:00,N02,0.1705,0.005525,6.68,0.0284,0.000114,40.7,23.765785,86.413254
2026-05-19 13:00:00,N02,-0.2259,0.005235,1.81,0.0287,0.000258,40.4,23.765785,86.413254
2026-05-19 14:00:00,N02,0.3304,0.006904,6.35,0.0289,0.002619,39.7,23.765785,86.413254
2026-05-19 15:00:00,N02,-0.1263,0.683573,47.87,0.0235,0.002761,38.5,23.765785,86.413254
2026-05-19 16:00:00,N02,-0.0447,0.838047,34.38,0.0234,0.003079,36.9,23.765785,86.413254
2026-05-19 17:00:00,N02,0.1157,0.006676,3.01,0.0296,0.003109,35.1,23.765785,86.413254
2026-05-19 18:00:00,N02,0.288,0.005231,3.61,0.0296,7.1e-05,33.2,23.765785,86.413254
2026-05-19 19:00:00,N02,-0.151,0.005412,9.49,0.0298,0.00027,31.3,23.765785,86.413254
2026-05-19 20:00:00,N02,-0.0597,0.005372,3.91,0.0301,5.9e-05,29.4,23.765785,86.413254
2026-05-19 21:00:00,N02,0.1148,0.006736,4.92,0.0299,0.000442,27.9,23.765785,86.413254
2026-05-19 22:00:00,N02,-0.1033,0.00714,2.58,0.0292,0.000148,26.7,23.765785,86.413254
2026-05-19 23:00:00,N02,-0.1151,0.005345,9.87,0.0296,0.00076,26.0,23.765785,86.413254
2026-05-20 00:00:00,N02,0.1221,0.007549,2.24,0.0308,0.000665,24.6,23.765785,86.413254
2026-05-20 01:00:00,N02,-0.2311,0.006423,8.55,0.0309,0.000177,24.9,23.765785,86.413254
2026-05-20 02:00:00,N02,-0.0238,0.005186,7.12,0.0304,0.000422,25.6,23.765785,86.413254
2026-05-20 03:00:00,N02,-0.0243,0.006155,5.24,0.0301,0.00016,26.8,23.765785,86.413254
2026-05-20 04:00:00,N02,,,,,,,23.765785,86.413254
2026-05-20 05:00:00,N02,,,,,,,23.765785,86.413254
2026-05-20 06:00:00,N02,,,,,,,23.765785,86.413254
2026-05-20 07:00:00,N02,,,,,,,23.765785,86.413254
2026-05-20 08:00:00,N02,,,,,,,23.765785,86.413254
2026-05-20 09:00:00,N02,0.2951,0.601117,36.99,0.0446,0.006745,37.4,23.765785,86.413254
2026-05-20 10:00:00,N02,0.0311,0.864314,43.69,0.0444,0.006542,38.6,23.765785,86.413254
2026-05-20 11:00:00,N02,0.0342,0.007542,3.99,0.0315,0.006343,39.3,23.765785,86.413254
2026-05-20 12:00:00,N02,-0.0337,0.006578,7.43,0.0317,0.000104,39.6,23.765785,86.413254
2026-05-20 13:00:00,N02,-0.128,0.008591,3.41,0.0317,1.7e-05,39.3,23.765785,86.413254
2026-05-20 14:00:00,N02,,,,,,,23.765785,86.413254
2026-05-20 15:00:00,N02,,,,,,,23.765785,86.413254
2026-05-20 16:00:00,N02,,,,,,,23.765785,86.413254
2026-05-20 17:00:00,N02,,,,,,,23.765785,86.413254
2026-05-20 18:00:00,N02,-0.1001,0.006543,1.26,0.033,0.000442,32.1,23.765785,86.413254
2026-05-20 19:00:00,N02,-0.2904,0.006462,5.68,0.0336,0.000319,30.2,23.765785,86.413254
2026-05-20 20:00:00,N02,-0.023,0.006751,7.79,0.0336,1.1e-05,28.4,23.765785,86.413254
2026-05-20 21:00:00,N02,-0.272,0.005785,4.38,0.0337,8e-05,26.8,23.765785,86.413254
2026-05-20 22:00:00,N02,-0.1144,0.005832,2.61,0.0338,0.000378,25.6,23.765785,86.413254
2026-05-20 23:00:00,N02,-0.4893,0.005143,8.7,0.0344,0.000278,24.9,23.765785,86.413254
2026-05-21 00:00:00,N02,0.0498,0.005337,5.82,0.0343,3.8e-05,25.5,23.765785,86.413254
2026-05-21 01:00:00,N02,-0.0265,0.006044,6.82,0.0343,0.000144,25.7,23.765785,86.413254
2026-05-21 02:00:00,N02,0.1155,0.006753,9.66,0.034,0.000296,26.5,23.765785,86.413254
2026-05-21 03:00:00,N02,0.005,0.007088,6.78,0.0337,0.000224,27.7,23.765785,86.413254
2026-05-21 04:00:00,N02,-0.1425,0.009651,9.2,0.0336,0.000283,29.2,23.765785,86.413254
2026-05-21 05:00:00,N02,0.1578,0.006739,3.31,0.0332,0.000386,31.0,23.765785,86.413254
2026-05-21 06:00:00,N02,,,,,,,23.765785,86.413254
2026-05-21 07:00:00,N02,,,,,,,23.765785,86.413254
2026-05-21 08:00:00,N02,0.1708,0.005083,4.26,0.0326,0.000174,36.7,23.765785,86.413254
2026-05-21 09:00:00,N02,-0.0732,0.006813,2.66,0.0326,0.000232,38.3,23.765785,86.413254
2026-05-21 10:00:00,N02,0.0827,0.005691,4.47,0.0321,0.000245,39.5,23.765785,86.413254
2026-05-21 11:00:00,N02,0.3014,0.007574,1.47,0.0321,0.000548,40.2,23.765785,86.413254
2026-05-21 12:00:00,N02,0.2527,0.006154,8.51,0.031,0.010573,40.5,23.765785,86.413254
2026-05-21 13:00:00,N02,-0.0458,0.903634,31.32,0.011,0.00986,40.2,23.765785,86.413254
2026-05-21 14:00:00,N02,-0.2254,0.603762,15.2,0.0113,0.010298,39.5,23.765785,86.413254
2026-05-21 15:00:00,N02,0.0328,0.007233,1.65,0.0316,0.00992,38.3,23.765785,86.413254
2026-05-21 16:00:00,N02,0.0265,0.00502,1.59,0.0312,0.000546,36.7,23.765785,86.413254
2026-05-21 17:00:00,N02,-0.3951,0.006459,9.86,0.0305,0.000136,34.9,23.765785,86.413254
2026-05-21 18:00:00,N02,-0.2168,0.006202,4.37,0.0309,0.000724,33.0,23.765785,86.413254
2026-05-21 19:00:00,N02,0.2083,0.007859,8.0,0.0319,0.00062,31.0,23.765785,86.413254
2026-05-21 20:00:00,N02,-0.4969,0.005846,7.2,0.0321,0.000302,29.2,23.765785,86.413254
2026-05-21 21:00:00,N02,,,,,,,23.765785,86.413254
2026-05-21 22:00:00,N02,,,,,,,23.765785,86.413254
2026-05-21 23:00:00,N02,,,,,,,23.765785,86.413254
2026-05-22 00:00:00,N02,,,,,,,23.765785,86.413254
2026-05-22 01:00:00,N02,,,,,,,23.765785,86.413254
2026-05-22 02:00:00,N02,0.0915,0.006944,3.8,0.0312,0.000363,25.1,23.765785,86.413254
2026-05-22 03:00:00,N02,-0.012,0.00601,5.09,0.0319,0.000402,26.3,23.765785,86.413254
2026-05-22 04:00:00,N02,-0.0062,0.005073,5.99,0.032,7e-05,27.9,23.765785,86.413254
2026-05-22 05:00:00,N02,0.0682,0.006005,8.62,0.0318,9.3e-05,29.7,23.765785,86.413254
2026-05-22 06:00:00,N02,-0.1467,0.00649,2.52,0.0321,0.000272,31.6,23.765785,86.413254
2026-05-22 07:00:00,N02,0.0324,0.007368,4.97,0.0323,3e-05,33.6,23.765785,86.413254
2026-05-22 08:00:00,N02,0.1525,0.007288,2.02,0.0321,0.00359,35.4,23.765785,86.413254
2026-05-22 09:00:00,N02,-0.1279,0.890248,36.56,0.0395,7.7e-05,36.9,23.765785,86.413254
2026-05-22 10:00:00,N02,-0.2085,0.005695,9.92,0.0322,0.003503,38.1,23.765785,86.413254
2026-05-22 11:00:00,N02,-0.0637,0.005713,4.71,0.0325,4.5e-05,38.9,23.765785,86.413254
2026-05-22 12:00:00,N02,-0.0159,0.009685,3.88,0.0323,6.9e-05,39.1,23.765785,86.413254
2026-05-22 13:00:00,N02,0.1088,0.008904,2.45,0.0323,0.000284,38.9,23.765785,86.413254
2026-05-22 14:00:00,N02,-0.0516,0.007506,3.33,0.0329,0.000496,38.1,23.765785,86.413254
2026-05-22 15:00:00,N02,0.0255,0.007412,8.93,0.0333,4.6e-05,36.9,23.765785,86.413254
2026-05-22 16:00:00,N02,-0.1315,0.005255,5.89,0.033,0.004536,35.4,23.765785,86.413254
2026-05-22 17:00:00,N02,0.1772,0.81896,29.38,0.0424,0.004453,33.6,23.765785,86.413254
2026-05-22 18:00:00,N02,-0.3632,0.846899,25.67,0.0419,0.00458,31.6,23.765785,86.413254
2026-05-22 19:00:00,N02,-0.1123,0.006525,8.54,0.0332,0.004447,29.7,23.765785,86.413254
2026-05-22 20:00:00,N02,0.0325,0.008746,4.69,0.033,0.000188,27.9,23.765785,86.413254
2026-05-22 21:00:00,N02,0.0113,0.007459,3.37,0.0336,5.6e-05,26.3,23.765785,86.413254
2026-05-22 22:00:00,N02,-0.0663,0.006087,9.5,0.0331,0.000682,25.1,23.765785,86.413254
2026-05-22 23:00:00,N02,-0.0473,0.005631,2.03,0.0322,0.000727,24.4,23.765785,86.413254
2026-05-23 00:00:00,N02,0.1161,0.005081,7.18,0.0317,0.000273,25.1,23.765785,86.413254
2026-05-23 01:00:00,N02,0.0462,0.006586,3.99,0.0317,0.000155,25.4,23.765785,86.413254
2026-05-23 02:00:00,N02,-0.0261,0.008445,3.09,0.0313,0.000793,26.1,23.765785,86.413254
2026-05-23 03:00:00,N02,0.2285,0.007435,2.03,0.0301,0.000371,27.3,23.765785,86.413254
2026-05-23 04:00:00,N02,-0.1987,0.005636,6.2,0.0306,0.000109,28.9,23.765785,86.413254
2026-05-23 05:00:00,N02,-0.0442,0.005072,3.42,0.0299,7.4e-05,30.7,23.765785,86.413254
2026-05-23 06:00:00,N02,-0.0531,0.006111,9.26,0.0305,0.002356,32.6,23.765785,86.413254
2026-05-23 07:00:00,N02,-0.1019,0.697909,29.08,0.0252,0.002892,34.6,23.765785,86.413254
2026-05-23 08:00:00,N02,0.2939,0.859372,41.64,0.0247,0.002477,36.4,23.765785,86.413254
2026-05-23 09:00:00,N02,0.1932,0.005298,7.66,0.0301,0.002914,37.9,23.765785,86.413254
2026-05-23 10:00:00,N02,0.031,0.005908,7.05,0.0305,0.000226,39.1,23.765785,86.413254
2026-05-23 11:00:00,N02,-0.1958,0.005037,8.32,0.0306,0.000338,39.9,23.765785,86.413254
2026-05-23 12:00:00,N02,-0.0592,0.005936,1.56,0.0312,0.007368,40.1,23.765785,86.413254
2026-05-23 13:00:00,N02,0.0897,0.51497,44.25,0.0159,0.007709,39.9,23.765785,86.413254
2026-05-23 14:00:00,N02,0.0994,0.569943,36.86,0.0158,0.013637,39.1,23.765785,86.413254
2026-05-23 15:00:00,N02,0.0555,0.969332,44.37,0.0431,0.007977,37.9,23.765785,86.413254
2026-05-23 16:00:00,N02,-0.1435,0.006367,7.88,0.0317,0.005318,36.4,23.765785,86.413254
2026-05-23 17:00:00,N02,0.217,0.006081,4.44,0.0325,0.000264,34.6,23.765785,86.413254
2026-05-23 18:00:00,N02,0.1218,0.006048,1.35,0.0322,0.000607,32.6,23.765785,86.413254
2026-05-23 19:00:00,N02,0.1693,0.006392,4.18,0.0313,0.000589,30.7,23.765785,86.413254
2026-05-23 20:00:00,N02,-0.0681,0.006505,8.23,0.0311,4e-06,28.9,23.765785,86.413254
2026-05-23 21:00:00,N02,0.0061,0.006893,7.02,0.0313,8.3e-05,27.3,23.765785,86.413254
2026-05-23 22:00:00,N02,0.0514,0.005495,5.23,0.0309,0.000602,26.1,23.765785,86.413254
2026-05-23 23:00:00,N02,-0.1477,0.007554,4.36,0.0301,8.7e-05,25.4,23.765785,86.413254
2026-05-24 00:00:00,N02,-0.2038,0.005977,8.79,0.0307,0.000336,24.1,23.765785,86.413254
2026-05-24 01:00:00,N02,0.1776,0.007137,8.09,0.0307,0.000338,24.3,23.765785,86.413254
2026-05-24 02:00:00,N02,-0.1166,0.005255,3.44,0.0314,0.000257,25.1,23.765785,86.413254
2026-05-24 03:00:00,N02,0.2168,0.006639,7.83,0.0313,0.000323,26.3,23.765785,86.413254
2026-05-24 04:00:00,N02,0.1044,0.005964,8.5,0.0307,0.000299,27.8,23.765785,86.413254
2026-05-24 05:00:00,N02,0.0565,0.006514,2.52,0.0307,0.000575,29.7,23.765785,86.413254
2026-05-24 06:00:00,N02,0.2247,0.006211,7.43,0.0296,0.000327,31.6,23.765785,86.413254
2026-05-24 07:00:00,N02,0.0769,0.006457,8.03,0.03,0.000311,33.5,23.765785,86.413254
2026-05-24 08:00:00,N02,0.0402,0.005977,3.31,0.0302,0.000472,35.3,23.765785,86.413254
2026-05-24 09:00:00,N02,0.1243,0.006351,1.9,0.0309,0.000401,36.9,23.765785,86.413254
2026-05-24 10:00:00,N02,0.0447,0.010664,6.32,0.031,0.010025,38.1,23.765785,86.413254
2026-05-24 11:00:00,N02,-0.0219,0.573393,19.73,0.0109,4.4e-05,38.8,23.765785,86.413254
2026-05-24 12:00:00,N02,0.1846,0.009826,5.35,0.0311,0.010315,39.1,23.765785,86.413254
2026-05-24 13:00:00,N02,0.0515,0.005351,9.93,0.0315,0.00361,38.8,23.765785,86.413254
2026-05-24 14:00:00,N02,-0.0508,0.702167,36.83,0.0239,0.002422,38.1,23.765785,86.413254
2026-05-24 15:00:00,N02,0.0752,0.821036,41.37,0.0364,0.003431,36.9,23.765785,86.413254
2026-05-24 16:00:00,N02,0.0055,0.006842,1.09,0.0308,0.00282,35.3,23.765785,86.413254
2026-05-24 17:00:00,N02,0.0193,0.010231,5.78,0.0307,0.000268,33.5,23.765785,86.413254
2026-05-24 18:00:00,N02,0.1209,0.005003,3.27,0.0302,0.000266,31.6,23.765785,86.413254
2026-05-24 19:00:00,N02,0.0595,0.006581,5.45,0.0302,9.7e-05,29.7,23.765785,86.413254
2026-05-24 20:00:00,N02,0.2991,0.007648,1.86,0.0304,0.000116,27.8,23.765785,86.413254
2026-05-24 21:00:00,N02,-0.1009,0.005843,1.38,0.03,0.000253,26.3,23.765785,86.413254
2026-05-24 22:00:00,N02,0.0363,0.006245,1.74,0.0299,0.000191,25.1,23.765785,86.413254
2026-05-24 23:00:00,N02,,,,,,,23.765785,86.413254
2026-05-25 00:00:00,N02,,,,,,,23.765785,86.413254
2026-05-25 01:00:00,N02,,,,,,,23.765785,86.413254
2026-05-25 02:00:00,N02,,,,,,,23.765785,86.413254
2026-05-25 03:00:00,N02,,,,,,,23.765785,86.413254
2026-05-25 04:00:00,N02,-0.0945,0.005432,8.25,0.0318,0.00013,26.8,23.765785,86.413254
2026-05-25 05:00:00,N02,0.1624,0.005013,6.96,0.0314,0.0001,28.6,23.765785,86.413254
2026-05-25 06:00:00,N02,-0.1118,0.006425,1.01,0.032,3.9e-05,30.5,23.765785,86.413254
2026-05-25 07:00:00,N02,-0.2328,0.006491,4.58,0.0315,0.000306,32.5,23.765785,86.413254
2026-05-25 08:00:00,N02,,,,,,,23.765785,86.413254
2026-05-25 09:00:00,N02,,,,,,,23.765785,86.413254
2026-05-25 10:00:00,N02,0.0212,0.005948,5.04,0.0314,0.009029,37.0,23.765785,86.413254
2026-05-25 11:00:00,N02,-0.1523,0.005495,5.42,0.0308,0.000517,37.8,23.765785,86.413254
2026-05-25 12:00:00,N02,0.0654,0.007324,4.18,0.0304,4.2e-05,38.0,23.765785,86.413254
2026-05-25 13:00:00,N02,0.1306,0.006836,9.61,0.0309,0.00025,37.8,23.765785,86.413254
2026-05-25 14:00:00,N02,-0.1773,0.007043,4.19,0.0309,0.000153,37.0,23.765785,86.413254
2026-05-25 15:00:00,N02,-0.2249,0.006983,5.93,0.0306,0.000324,35.8,23.765785,86.413254
2026-05-25 16:00:00,N02,-0.136,0.007501,8.63,0.0302,0.000239,34.3,23.765785,86.413254
2026-05-25 17:00:00,N02,0.0821,0.006866,9.7,0.0301,0.000312,32.5,23.765785,86.413254
2026-05-25 18:00:00,N02,-0.1226,0.008748,3.38,0.0296,0.000101,30.5,23.765785,86.413254
2026-05-25 19:00:00,N02,-0.0899,0.005198,8.48,0.0299,4.1e-05,28.6,23.765785,86.413254
2026-05-25 20:00:00,N02,0.1508,0.005503,4.05,0.0295,0.000292,26.8,23.765785,86.413254
2026-05-25 21:00:00,N02,-0.2118,0.006155,9.7,0.0294,8.8e-05,25.2,23.765785,86.413254
2026-05-25 22:00:00,N02,0.0981,0.006808,4.86,0.0293,0.00025,24.0,23.765785,86.413254
2026-05-25 23:00:00,N02,-0.1038,0.00835,9.43,0.0299,0.000108,23.3,23.765785,86.413254
2026-05-26 00:00:00,N02,0.0881,0.009832,1.83,0.0296,0.000262,22.2,23.765785,86.413254
2026-05-26 01:00:00,N02,0.0578,0.007271,4.79,0.0293,0.000538,22.4,23.765785,86.413254
2026-05-26 02:00:00,N02,0.0316,0.005476,6.24,0.0285,0.000146,23.2,23.765785,86.413254
2026-05-26 03:00:00,N02,,,,,,,23.765785,86.413254
2026-05-26 04:00:00,N02,,,,,,,23.765785,86.413254
2026-05-26 05:00:00,N02,,,,,,,23.765785,86.413254
2026-05-26 06:00:00,N02,-0.0164,0.825721,18.04,0.04,0.004119,29.7,23.765785,86.413254
2026-05-26 07:00:00,N02,-0.0648,0.82151,15.04,0.0367,0.006363,31.6,23.765785,86.413254
2026-05-26 08:00:00,N02,0.0604,0.006352,1.71,0.0273,0.003845,33.4,23.765785,86.413254
2026-05-26 09:00:00,N02,0.0224,0.005319,4.76,0.029,0.001308,35.0,23.765785,86.413254
2026-05-26 10:00:00,N02,0.1986,0.005307,3.12,0.0299,0.000159,36.2,23.765785,86.413254
2026-05-26 11:00:00,N02,-0.2102,0.006186,8.43,0.0293,0.000177,36.9,23.765785,86.413254
2026-05-26 12:00:00,N02,-0.0269,0.005466,7.62,0.0295,0.000104,37.2,23.765785,86.413254
2026-05-26 13:00:00,N02,-0.0877,0.005251,5.1,0.0295,0.00023,36.9,23.765785,86.413254
2026-05-26 14:00:00,N02,0.0051,0.005267,5.41,0.0291,0.000269,36.2,23.765785,86.413254
2026-05-26 15:00:00,N02,0.2062,0.009109,2.84,0.0289,6.4e-05,35.0,23.765785,86.413254
2026-05-26 16:00:00,N02,0.0192,0.006138,5.04,0.0289,8.4e-05,33.4,23.765785,86.413254
2026-05-26 17:00:00,N02,-0.227,0.006575,7.46,0.0291,0.000135,31.6,23.765785,86.413254
2026-05-26 18:00:00,N02,-0.1023,0.007138,8.7,0.0292,2.4e-05,29.7,23.765785,86.413254
2026-05-26 19:00:00,N02,-0.0252,0.006262,1.41,0.0291,5.3e-05,27.7,23.765785,86.413254
2026-05-26 20:00:00,N02,-0.0785,0.006285,7.99,0.0293,2.9e-05,25.9,23.765785,86.413254
2026-05-26 21:00:00,N02,-0.0706,0.007436,5.55,0.029,0.000436,24.4,23.765785,86.413254
2026-05-26 22:00:00,N02,0.1042,0.0056,6.93,0.0302,0.000895,23.2,23.765785,86.413254
2026-05-26 23:00:00,N02,-0.1079,0.008305,9.27,0.0308,0.000367,22.4,23.765785,86.413254
2026-05-27 00:00:00,N02,0.044,0.006492,7.44,0.0309,0.000284,24.3,23.765785,86.413254
2026-05-27 01:00:00,N02,0.0459,0.005697,4.15,0.0302,0.00025,24.6,23.765785,86.413254
2026-05-27 02:00:00,N02,-0.0704,0.006756,2.58,0.0304,0.000445,25.3,23.765785,86.413254
2026-05-27 03:00:00,N02,0.0439,0.00736,6.18,0.0311,0.000419,26.5,23.765785,86.413254
2026-05-27 04:00:00,N02,0.1867,0.005189,7.08,0.0313,0.000214,28.1,23.765785,86.413254
2026-05-27 05:00:00,N02,0.0106,0.005922,1.64,0.0315,0.00029,29.9,23.765785,86.413254
2026-05-27 06:00:00,N02,0.044,0.008804,1.06,0.0318,7.7e-05,31.8,23.765785,86.413254
2026-05-27 07:00:00,N02,-0.3652,0.007408,4.5,0.0314,0.000667,33.8,23.765785,86.413254
2026-05-27 08:00:00,N02,0.1654,0.007503,6.55,0.0305,2.2e-05,35.6,23.765785,86.413254
2026-05-27 09:00:00,N02,,,,,,,23.765785,86.413254
2026-05-27 10:00:00,N02,,,,,,,23.765785,86.413254
2026-05-27 11:00:00,N02,-0.0494,0.005386,5.24,0.0311,0.000211,39.1,23.765785,86.413254
2026-05-27 12:00:00,N02,0.0215,0.007351,9.61,0.0309,0.000172,39.3,23.765785,86.413254
2026-05-27 13:00:00,N02,0.2116,0.007343,6.58,0.0308,1.3e-05,39.1,23.765785,86.413254
2026-05-27 14:00:00,N02,-0.0251,0.007338,7.43,0.031,0.005022,38.3,23.765785,86.413254
2026-05-27 15:00:00,N02,-0.1737,0.869622,48.39,0.0208,0.005279,37.1,23.765785,86.413254
2026-05-27 16:00:00,N02,0.221,0.770431,34.11,0.0204,0.005739,35.6,23.765785,86.413254
2026-05-27 17:00:00,N02,-0.0063,0.943334,23.8,0.0093,0.004039,33.8,23.765785,86.413254
2026-05-27 18:00:00,N02,-0.1141,0.006751,9.12,0.0285,0.009679,31.8,23.765785,86.413254
2026-05-27 19:00:00,N02,0.0399,0.006508,5.45,0.0286,0.000351,29.9,23.765785,86.413254
2026-05-27 20:00:00,N02,-0.0389,0.00716,3.1,0.0292,0.000706,28.1,23.765785,86.413254
2026-05-27 21:00:00,N02,0.2725,0.005073,8.11,0.03,0.00062,26.5,23.765785,86.413254
2026-05-27 22:00:00,N02,-0.04,0.005905,5.78,0.0304,3e-05,25.3,23.765785,86.413254
2026-05-27 23:00:00,N02,,,,,,,23.765785,86.413254
2026-05-28 00:00:00,N02,,,,,,,23.765785,86.413254
2026-05-28 01:00:00,N02,,,,,,,23.765785,86.413254
2026-05-28 02:00:00,N02,0.0039,0.005722,9.11,0.029,0.00012,25.3,23.765785,86.413254
2026-05-28 03:00:00,N02,-0.2461,0.005041,1.19,0.0289,8.8e-05,26.5,23.765785,86.413254
2026-05-28 04:00:00,N02,-0.0311,0.005492,4.02,0.0291,0.000255,28.0,23.765785,86.413254
2026-05-28 05:00:00,N02,0.0382,0.006617,7.32,0.0294,0.000214,29.8,23.765785,86.413254
2026-05-28 06:00:00,N02,0.1794,0.005103,1.74,0.0296,0.000151,31.8,23.765785,86.413254
2026-05-28 07:00:00,N02,-0.3827,0.006814,5.4,0.0291,0.000233,33.7,23.765785,86.413254
2026-05-28 08:00:00,N02,0.0992,0.005066,9.98,0.0291,8.6e-05,35.5,23.765785,86.413254
2026-05-28 09:00:00,N02,-0.0034,0.008443,4.47,0.029,0.000291,37.1,23.765785,86.413254
2026-05-28 10:00:00,N02,-0.0601,0.009048,8.25,0.0285,0.000136,38.3,23.765785,86.413254
2026-05-28 11:00:00,N02,-0.1174,0.005308,7.76,0.0287,0.000162,39.0,23.765785,86.413254
2026-05-28 12:00:00,N02,0.0954,0.006288,9.3,0.0288,0.000171,39.3,23.765785,86.413254
2026-05-28 13:00:00,N02,0.1419,0.005635,6.51,0.029,0.002637,39.0,23.765785,86.413254
2026-05-28 14:00:00,N02,0.2411,0.552508,22.03,0.0236,0.002712,38.3,23.765785,86.413254
2026-05-28 15:00:00,N02,0.1031,0.886219,27.53,0.0236,0.002842,37.1,23.765785,86.413254
2026-05-28 16:00:00,N02,0.0098,0.00656,1.66,0.0293,0.002782,35.5,23.765785,86.413254
2026-05-28 17:00:00,N02,0.0063,0.006245,9.61,0.0292,0.000257,33.7,23.765785,86.413254
2026-05-28 18:00:00,N02,-0.0437,0.005198,7.89,0.0298,0.00087,31.8,23.765785,86.413254
2026-05-28 19:00:00,N02,0.0562,0.00547,1.42,0.0309,0.000109,29.8,23.765785,86.413254
2026-05-28 20:00:00,N02,0.0137,0.0055,4.73,0.03,0.000698,28.0,23.765785,86.413254
2026-05-28 21:00:00,N02,-0.2314,0.005268,6.62,0.0295,0.00036,26.5,23.765785,86.413254
2026-05-28 22:00:00,N02,-0.0321,0.007926,1.25,0.0307,0.00095,25.3,23.765785,86.413254
2026-05-28 23:00:00,N02,-0.0328,0.007392,6.66,0.0314,0.000198,24.5,23.765785,86.413254
2026-05-29 00:00:00,N02,0.0268,0.005114,3.48,0.0311,0.000308,22.5,23.765785,86.413254
2026-05-29 01:00:00,N02,-0.3384,0.006003,1.84,0.0308,2e-06,22.8,23.765785,86.413254
2026-05-29 02:00:00,N02,0.0104,0.005785,9.21,0.0311,0.000175,23.5,23.765785,86.413254
2026-05-29 03:00:00,N02,0.2918,0.006887,8.91,0.0311,0.000474,24.7,23.765785,86.413254
2026-05-29 04:00:00,N02,-0.0073,0.007381,4.55,0.0321,0.000651,26.3,23.765785,86.413254
2026-05-29 05:00:00,N02,-0.1824,0.007719,4.97,0.0324,0.000254,28.1,23.765785,86.413254
2026-05-29 06:00:00,N02,0.0889,0.006555,5.17,0.0326,0.000585,30.0,23.765785,86.413254
2026-05-29 07:00:00,N02,,,,,,,23.765785,86.413254
2026-05-29 08:00:00,N02,,,,,,,23.765785,86.413254
2026-05-29 09:00:00,N02,,,,,,,23.765785,86.413254
2026-05-29 10:00:00,N02,,,,,,,23.765785,86.413254
2026-05-29 11:00:00,N02,-0.2438,0.007878,4.09,0.0317,0.004016,37.3,23.765785,86.413254
2026-05-29 12:00:00,N02,,,,,,,23.765785,86.413254
2026-05-29 13:00:00,N02,,,,,,,23.765785,86.413254
2026-05-29 14:00:00,N02,,,,,,,23.765785,86.413254
2026-05-29 15:00:00,N02,,,,,,,23.765785,86.413254
2026-05-29 16:00:00,N02,,,,,,,23.765785,86.413254
2026-05-29 17:00:00,N02,0.1245,0.752657,35.32,0.0519,0.009154,32.0,23.765785,86.413254
2026-05-29 18:00:00,N02,0.1466,0.007764,6.37,0.0334,0.009105,30.0,23.765785,86.413254
2026-05-29 19:00:00,N02,,,,,,,23.765785,86.413254
2026-05-29 20:00:00,N02,,,,,,,23.765785,86.413254
2026-05-29 21:00:00,N02,0.0919,0.008719,3.2,0.0344,0.000387,24.7,23.765785,86.413254
2026-05-29 22:00:00,N02,0.0919,0.007309,3.98,0.0344,2.4e-05,23.5,23.765785,86.413254
2026-05-29 23:00:00,N02,0.2649,0.005439,8.47,0.0344,0.000125,22.8,23.765785,86.413254
2026-05-30 00:00:00,N02,,,,,,,23.765785,86.413254
2026-05-30 01:00:00,N02,,,,,,,23.765785,86.413254
2026-05-30 02:00:00,N02,,,,,,,23.765785,86.413254
2026-05-30 03:00:00,N02,0.0491,0.006379,8.17,0.0343,0.000362,26.8,23.765785,86.413254
2026-05-30 04:00:00,N02,-0.1243,0.006696,4.88,0.0347,0.000156,28.3,23.765785,86.413254
2026-05-30 05:00:00,N02,0.0999,0.005911,8.81,0.0346,6.1e-05,30.1,23.765785,86.413254
2026-05-30 06:00:00,N02,0.1157,0.006135,4.87,0.0348,0.000263,32.1,23.765785,86.413254
2026-05-30 07:00:00,N02,0.27,0.006567,8.77,0.0351,0.000216,34.0,23.765785,86.413254
2026-05-30 08:00:00,N02,0.0646,0.005594,4.6,0.0352,0.000827,35.8,23.765785,86.413254
2026-05-30 09:00:00,N02,,,,,,,23.765785,86.413254
2026-05-30 10:00:00,N02,,,,,,,23.765785,86.413254
2026-05-30 11:00:00,N02,-0.1362,0.005888,3.84,0.0369,0.000201,39.3,23.765785,86.413254
2026-05-30 12:00:00,N02,0.0002,0.008159,4.27,0.0368,0.000203,39.6,23.765785,86.413254
2026-05-30 13:00:00,N02,-0.1244,0.005052,1.45,0.0373,0.000318,39.3,23.765785,86.413254
2026-05-30 14:00:00,N02,0.0165,0.006667,6.95,0.0375,4e-05,38.6,23.765785,86.413254
2026-05-30 15:00:00,N02,-0.0871,0.005768,2.59,0.0374,0.004374,37.4,23.765785,86.413254
2026-05-30 16:00:00,N02,,,,,,,23.765785,86.413254
2026-05-30 17:00:00,N02,0.0906,0.597027,33.09,0.0293,0.004419,34.0,23.765785,86.413254
2026-05-30 18:00:00,N02,-0.0389,0.005075,7.09,0.0375,0.004051,32.1,23.765785,86.413254
2026-05-30 19:00:00,N02,-0.0927,0.006463,5.41,0.0374,9.9e-05,30.1,23.765785,86.413254
2026-05-30 20:00:00,N02,0.0516,0.008373,1.26,0.0377,0.000314,28.3,23.765785,86.413254
2026-05-30 21:00:00,N02,-0.043,0.007255,7.73,0.0368,0.000295,26.8,23.765785,86.413254
2026-05-30 22:00:00,N02,0.0199,0.00706,4.16,0.0371,9.5e-05,25.6,23.765785,86.413254
2026-05-30 23:00:00,N02,0.1345,0.007053,5.25,0.0369,5.5e-05,24.8,23.765785,86.413254
2026-05-31 00:00:00,N02,-0.0529,0.009327,3.75,0.037,7.7e-05,25.7,23.765785,86.413254
2026-05-31 01:00:00,N02,-0.1516,0.006433,6.89,0.0368,5.1e-05,25.9,23.765785,86.413254
2026-05-31 02:00:00,N02,-0.0614,0.007059,6.87,0.0371,0.000315,26.7,23.765785,86.413254
2026-05-31 03:00:00,N02,-0.1313,0.006686,3.44,0.0362,0.000794,27.9,23.765785,86.413254
2026-05-31 04:00:00,N02,-0.0754,0.005392,5.73,0.0356,0.000325,29.4,23.765785,86.413254
2026-05-31 05:00:00,N02,-0.1827,0.005845,4.47,0.0355,0.000111,31.2,23.765785,86.413254
2026-05-31 06:00:00,N02,-0.03,0.006162,6.63,0.0358,0.000496,33.2,23.765785,86.413254
2026-05-31 07:00:00,N02,-0.1666,0.007762,5.39,0.0365,4.5e-05,35.1,23.765785,86.413254
2026-05-31 08:00:00,N02,-0.0488,0.005357,3.98,0.0359,0.000354,36.9,23.765785,86.413254
2026-05-31 09:00:00,N02,0.1366,0.00576,4.7,0.0358,0.000375,38.5,23.765785,86.413254
2026-05-31 10:00:00,N02,0.109,0.007423,8.4,0.0366,0.000635,39.7,23.765785,86.413254
2026-05-31 11:00:00,N02,0.1272,0.005463,5.03,0.0371,0.000298,40.4,23.765785,86.413254
2026-05-31 12:00:00,N02,0.0166,0.007162,1.5,0.0372,0.008427,40.7,23.765785,86.413254
2026-05-31 13:00:00,N02,0.1455,0.759802,15.39,0.0202,0.003211,40.4,23.765785,86.413254
2026-05-31 14:00:00,N02,-0.3152,0.773078,41.98,0.0308,0.009175,39.7,23.765785,86.413254
2026-05-31 15:00:00,N02,0.1458,0.005846,3.1,0.0386,0.004485,38.5,23.765785,86.413254
2026-05-31 16:00:00,N02,-0.0177,0.006277,9.72,0.0398,0.000624,36.9,23.765785,86.413254
2026-05-31 17:00:00,N02,0.2249,0.008084,7.83,0.0398,0.000156,35.1,23.765785,86.413254
2026-05-31 18:00:00,N02,0.0029,0.007175,2.41,0.0394,0.000144,33.2,23.765785,86.413254
2026-05-31 19:00:00,N02,0.1476,0.008882,5.44,0.0395,6.1e-05,31.2,23.765785,86.413254
2026-05-31 20:00:00,N02,0.0151,0.005998,3.04,0.0393,0.000262,29.4,23.765785,86.413254
2026-05-31 21:00:00,N02,0.1755,0.006245,9.11,0.039,0.000381,27.9,23.765785,86.413254
2026-05-31 22:00:00,N02,-0.2473,0.005467,7.01,0.0386,0.00032,26.7,23.765785,86.413254
2026-05-31 23:00:00,N02,-0.1074,0.007529,1.36,0.0396,0.000791,25.9,23.765785,86.413254
2026-06-01 00:00:00,N02,0.0498,0.005045,2.25,0.0401,0.000175,24.6,23.765785,86.413254
2026-06-01 01:00:00,N02,-0.1123,0.005113,3.39,0.0393,0.000422,24.9,23.765785,86.413254
2026-06-01 02:00:00,N02,-0.1949,0.005408,6.36,0.0393,8.1e-05,25.6,23.765785,86.413254
2026-06-01 03:00:00,N02,0.0661,0.005699,7.56,0.0395,0.000289,26.8,23.765785,86.413254
2026-06-01 04:00:00,N02,-0.0715,0.005101,2.18,0.0399,6.1e-05,28.4,23.765785,86.413254
2026-06-01 05:00:00,N02,-0.0163,0.005147,6.82,0.0393,0.000328,30.2,23.765785,86.413254
2026-06-01 06:00:00,N02,0.2545,0.006743,4.87,0.0405,5.1e-05,32.1,23.765785,86.413254
2026-06-01 07:00:00,N02,0.4938,0.007609,4.8,0.0394,0.000501,34.1,23.765785,86.413254
2026-06-01 08:00:00,N02,0.0912,0.005618,8.61,0.0395,0.000328,35.9,23.765785,86.413254
2026-06-01 09:00:00,N02,0.0187,0.006506,4.22,0.0388,0.000552,37.4,23.765785,86.413254
2026-06-01 10:00:00,N02,-0.0465,0.007365,9.69,0.0384,0.000352,38.6,23.765785,86.413254
2026-06-01 11:00:00,N02,0.1221,0.00798,1.25,0.0381,0.000411,39.4,23.765785,86.413254
2026-06-01 12:00:00,N02,,,,,,,23.765785,86.413254
2026-06-01 13:00:00,N02,,,,,,,23.765785,86.413254
2026-06-01 14:00:00,N02,0.1044,0.518851,47.66,0.0258,0.005879,38.6,23.765785,86.413254
2026-06-01 15:00:00,N02,-0.2958,0.741522,28.12,0.0251,0.005658,37.4,23.765785,86.413254
2026-06-01 16:00:00,N02,0.2814,0.007063,1.86,0.0371,0.005618,35.9,23.765785,86.413254
2026-06-01 17:00:00,N02,0.1432,0.006061,9.72,0.0364,0.000516,34.1,23.765785,86.413254
2026-06-01 18:00:00,N02,0.4374,0.006032,6.11,0.036,0.000176,32.1,23.765785,86.413254
2026-06-01 19:00:00,N02,0.0477,0.008417,1.82,0.036,0.000389,30.2,23.765785,86.413254
2026-06-01 20:00:00,N02,0.0569,0.007256,8.43,0.0353,0.000536,28.4,23.765785,86.413254
2026-06-01 21:00:00,N02,-0.3393,0.006659,5.24,0.0349,3.4e-05,26.8,23.765785,86.413254
2026-06-01 22:00:00,N02,0.2119,0.005188,9.17,0.0352,0.000612,25.6,23.765785,86.413254
2026-06-01 23:00:00,N02,-0.0724,0.006456,1.2,0.0362,0.000915,24.9,23.765785,86.413254
2026-06-02 00:00:00,N02,-0.0011,0.006923,4.64,0.037,0.000405,25.0,23.765785,86.413254
2026-06-02 01:00:00,N02,0.0527,0.005646,3.21,0.037,0.000227,25.2,23.765785,86.413254
2026-06-02 02:00:00,N02,,,,,,,23.765785,86.413254
2026-06-02 03:00:00,N02,0.0906,0.006798,8.49,0.0365,0.000117,27.2,23.765785,86.413254
2026-06-02 04:00:00,N02,0.0926,0.006393,6.54,0.0368,5.4e-05,28.7,23.765785,86.413254
2026-06-02 05:00:00,N02,-0.0835,0.005779,4.64,0.0367,0.000282,30.5,23.765785,86.413254
2026-06-02 06:00:00,N02,,,,,,,23.765785,86.413254
2026-06-02 07:00:00,N02,,,,,,,23.765785,86.413254
2026-06-02 08:00:00,N02,0.1784,0.006087,9.1,0.0372,0.000222,36.2,23.765785,86.413254
2026-06-02 09:00:00,N02,0.0633,0.005093,4.33,0.038,0.007378,37.8,23.765785,86.413254
2026-06-02 10:00:00,N02,0.2981,0.905741,35.75,0.052,0.000405,39.0,23.765785,86.413254
2026-06-02 11:00:00,N02,0.0564,0.005702,9.31,0.0388,0.006083,39.7,23.765785,86.413254
2026-06-02 12:00:00,N02,0.1402,0.008326,6.49,0.0398,0.000205,40.0,23.765785,86.413254
2026-06-02 13:00:00,N02,0.129,0.005669,4.82,0.0392,0.000581,39.7,23.765785,86.413254
2026-06-02 14:00:00,N02,0.1205,0.006691,1.67,0.0387,0.000328,39.0,23.765785,86.413254
2026-06-02 15:00:00,N02,0.0999,0.008744,3.15,0.0386,0.000226,37.8,23.765785,86.413254
2026-06-02 16:00:00,N02,0.0193,0.007801,6.95,0.0382,0.000422,36.2,23.765785,86.413254
2026-06-02 17:00:00,N02,-0.0975,0.006377,8.19,0.0377,0.000396,34.4,23.765785,86.413254
2026-06-02 18:00:00,N02,-0.0984,0.007368,5.43,0.0374,0.000326,32.5,23.765785,86.413254
2026-06-02 19:00:00,N02,-0.2114,0.00658,5.7,0.0371,0.000541,30.5,23.765785,86.413254
2026-06-02 20:00:00,N02,-0.1908,0.00629,4.48,0.0363,0.000282,28.7,23.765785,86.413254
2026-06-02 21:00:00,N02,0.0004,0.008603,2.69,0.0365,0.000371,27.2,23.765785,86.413254
2026-06-02 22:00:00,N02,-0.1465,0.005461,5.23,0.0356,1.9e-05,26.0,23.765785,86.413254
2026-06-02 23:00:00,N02,-0.1879,0.007697,3.8,0.0365,0.000279,25.2,23.765785,86.413254
2026-06-03 00:00:00,N02,-0.0285,0.006019,9.87,0.0362,0.000151,24.4,23.765785,86.413254
2026-06-03 01:00:00,N02,0.0329,0.006374,9.45,0.0362,0.000368,24.7,23.765785,86.413254
2026-06-03 02:00:00,N02,-0.2957,0.00623,7.54,0.0369,0.000583,25.4,23.765785,86.413254
2026-06-03 03:00:00,N02,-0.0331,0.005509,4.74,0.0373,0.000297,26.6,23.765785,86.413254
2026-06-03 04:00:00,N02,0.2561,0.006739,5.91,0.0363,0.000482,28.2,23.765785,86.413254
2026-06-03 05:00:00,N02,-0.2973,0.011047,2.21,0.0364,6.2e-05,30.0,23.765785,86.413254
2026-06-03 06:00:00,N02,0.0545,0.006803,9.44,0.0364,0.000407,31.9,23.765785,86.413254
2026-06-03 07:00:00,N02,-0.0853,0.005,8.69,0.0372,0.00077,33.9,23.765785,86.413254
2026-06-03 08:00:00,N02,,,,,,,23.765785,86.413254
2026-06-03 09:00:00,N02,,,,,,,23.765785,86.413254
2026-06-03 10:00:00,N02,,,,,,,23.765785,86.413254
2026-06-03 11:00:00,N02,0.035,0.579587,26.5,0.0454,0.004437,39.2,23.765785,86.413254
2026-06-03 12:00:00,N02,-0.1569,0.008397,9.37,0.0374,0.000379,39.4,23.765785,86.413254
2026-06-03 13:00:00,N02,-0.1769,0.547149,44.11,0.0447,8.7e-05,39.2,23.765785,86.413254
2026-06-03 14:00:00,N02,0.1129,0.009565,7.39,0.0372,0.003696,38.4,23.765785,86.413254
2026-06-03 15:00:00,N02,0.1654,0.006911,1.05,0.0373,0.004037,37.2,23.765785,86.413254
2026-06-03 16:00:00,N02,0.2208,0.872657,43.61,0.0291,0.000287,35.7,23.765785,86.413254
2026-06-03 17:00:00,N02,0.093,0.006643,3.72,0.0379,0.004106,33.9,23.765785,86.413254
2026-06-03 18:00:00,N02,0.0564,0.007573,4.58,0.0373,0.00041,31.9,23.765785,86.413254
2026-06-03 19:00:00,N02,-0.1694,0.006443,7.25,0.037,0.000556,30.0,23.765785,86.413254
2026-06-03 20:00:00,N02,0.0559,0.006229,6.13,0.0362,4.4e-05,28.2,23.765785,86.413254
2026-06-03 21:00:00,N02,0.0119,0.0067,4.07,0.037,0.000181,26.6,23.765785,86.413254
2026-06-03 22:00:00,N02,-0.068,0.009538,5.91,0.0366,0.000367,25.4,23.765785,86.413254
2026-06-03 23:00:00,N02,-0.1543,0.006981,6.07,0.0362,0.000509,24.7,23.765785,86.413254
2026-06-04 00:00:00,N02,-0.0521,0.005769,5.23,0.0356,0.000314,25.3,23.765785,86.413254
2026-06-04 01:00:00,N02,0.0712,0.005803,1.06,0.0356,0.000466,25.6,23.765785,86.413254
2026-06-04 02:00:00,N02,-0.2172,0.005758,1.36,0.0365,0.000541,26.3,23.765785,86.413254
2026-06-04 03:00:00,N02,-0.1468,0.006198,4.78,0.0367,0.000781,27.5,23.765785,86.413254
2026-06-04 04:00:00,N02,0.0115,0.005926,7.44,0.035,0.001084,29.1,23.765785,86.413254
2026-06-04 05:00:00,N02,-0.0983,0.006639,2.6,0.0345,4.8e-05,30.9,23.765785,86.413254
2026-06-04 06:00:00,N02,-0.1856,0.007044,4.51,0.0349,0.000276,32.8,23.765785,86.413254
2026-06-04 07:00:00,N02,,,,,,,23.765785,86.413254
2026-06-04 08:00:00,N02,,,,,,,23.765785,86.413254
2026-06-04 09:00:00,N02,,,,,,,23.765785,86.413254
2026-06-04 10:00:00,N02,,,,,,,23.765785,86.413254
2026-06-04 11:00:00,N02,,,,,,,23.765785,86.413254
2026-06-04 12:00:00,N02,0.1981,0.007322,3.63,0.0348,0.000888,40.3,23.765785,86.413254
2026-06-04 13:00:00,N02,0.072,0.009327,9.18,0.0342,0.000721,40.1,23.765785,86.413254
2026-06-04 14:00:00,N02,0.0242,0.006952,8.39,0.0334,0.005623,39.3,23.765785,86.413254
2026-06-04 15:00:00,N02,0.2128,0.623042,19.68,0.0454,0.006355,38.1,23.765785,86.413254
2026-06-04 16:00:00,N02,0.1002,0.767353,28.72,0.0461,0.005473,36.6,23.765785,86.413254
2026-06-04 17:00:00,N02,-0.2593,0.006329,5.86,0.0345,0.005998,34.8,23.765785,86.413254
2026-06-04 18:00:00,N02,-0.0316,0.005414,6.47,0.0341,0.000905,32.8,23.765785,86.413254
2026-06-04 19:00:00,N02,-0.3377,0.005649,7.84,0.0327,0.000995,30.9,23.765785,86.413254
2026-06-04 20:00:00,N02,-0.1798,0.007368,4.56,0.0321,0.000127,29.1,23.765785,86.413254
2026-06-04 21:00:00,N02,0.1589,0.008486,1.33,0.0329,0.000236,27.5,23.765785,86.413254
2026-06-04 22:00:00,N02,,,,,,,23.765785,86.413254
2026-06-04 23:00:00,N02,,,,,,,23.765785,86.413254
2026-06-05 00:00:00,N02,,,,,,,23.765785,86.413254
2026-06-05 01:00:00,N02,,,,,,,23.765785,86.413254
2026-06-05 02:00:00,N02,0.0668,0.008428,5.3,0.0333,0.000317,28.0,23.765785,86.413254
2026-06-05 03:00:00,N02,0.0826,0.006039,7.77,0.0327,0.00083,29.2,23.765785,86.413254
2026-06-05 04:00:00,N02,-0.0294,0.006395,7.44,0.0317,0.000639,30.8,23.765785,86.413254
2026-06-05 05:00:00,N02,-0.0072,0.008231,2.98,0.0314,0.000473,32.6,23.765785,86.413254
2026-06-05 06:00:00,N02,0.0559,0.008327,8.05,0.0307,0.010269,34.5,23.765785,86.413254
2026-06-05 07:00:00,N02,-0.1116,0.971864,44.51,0.0109,1.3e-05,36.4,23.765785,86.413254
2026-06-05 08:00:00,N02,-0.1332,0.005626,3.57,0.0307,0.00968,38.3,23.765785,86.413254
2026-06-05 09:00:00,N02,0.0642,0.005667,1.5,0.0302,0.000142,39.8,23.765785,86.413254
2026-06-05 10:00:00,N02,-0.1027,0.005044,3.72,0.031,7.7e-05,41.0,23.765785,86.413254
2026-06-05 11:00:00,N02,0.0962,0.005152,6.2,0.0304,0.000631,41.7,23.765785,86.413254
2026-06-05 12:00:00,N02,0.0687,0.007074,9.43,0.0298,0.000267,42.0,23.765785,86.413254
2026-06-05 13:00:00,N02,0.0346,0.005001,9.57,0.0298,9.8e-05,41.7,23.765785,86.413254
2026-06-05 14:00:00,N02,0.0683,0.005294,1.44,0.0296,0.000147,41.0,23.765785,86.413254
2026-06-05 15:00:00,N02,0.0096,0.006473,2.49,0.0301,6.3e-05,39.8,23.765785,86.413254
2026-06-05 16:00:00,N02,0.1418,0.007523,7.95,0.0294,0.00049,38.3,23.765785,86.413254
2026-06-05 17:00:00,N02,-0.2142,0.00676,7.16,0.0292,0.000295,36.4,23.765785,86.413254
2026-06-05 18:00:00,N02,-0.2238,0.005077,4.61,0.0288,0.000348,34.5,23.765785,86.413254
2026-06-05 19:00:00,N02,-0.1204,0.005622,6.37,0.0285,1.4e-05,32.6,23.765785,86.413254
2026-06-05 20:00:00,N02,-0.0518,0.007676,5.79,0.0289,0.000466,30.8,23.765785,86.413254
2026-06-05 21:00:00,N02,-0.1742,0.005151,6.02,0.0294,0.000222,29.2,23.765785,86.413254
2026-06-05 22:00:00,N02,,,,,,,23.765785,86.413254
2026-06-05 23:00:00,N02,,,,,,,23.765785,86.413254
2026-06-06 00:00:00,N02,,,,,,,23.765785,86.413254
2026-06-06 01:00:00,N02,,,,,,,23.765785,86.413254
2026-06-06 02:00:00,N02,,,,,,,23.765785,86.413254
2026-06-06 03:00:00,N02,0.0394,0.007341,6.52,0.031,0.000345,28.1,23.765785,86.413254
2026-06-06 04:00:00,N02,-0.1805,0.005422,4.42,0.0314,0.000789,29.7,23.765785,86.413254
2026-06-06 05:00:00,N02,-0.0272,0.006282,6.89,0.0326,0.000851,31.5,23.765785,86.413254
2026-06-06 06:00:00,N02,0.1681,0.007036,1.0,0.0331,0.000476,33.4,23.765785,86.413254
2026-06-06 07:00:00,N02,0.0215,0.006397,2.0,0.0335,0.000258,35.4,23.765785,86.413254
2026-06-06 08:00:00,N02,-0.1054,0.007173,8.33,0.0336,7.3e-05,37.2,23.765785,86.413254
2026-06-06 09:00:00,N02,,,,,,,23.765785,86.413254
2026-06-06 10:00:00,N02,,,,,,,23.765785,86.413254
2026-06-06 11:00:00,N02,,,,,,,23.765785,86.413254
2026-06-06 12:00:00,N02,,,,,,,23.765785,86.413254
2026-06-06 13:00:00,N02,,,,,,,23.765785,86.413254
2026-06-06 14:00:00,N02,,,,,,,23.765785,86.413254
2026-06-06 15:00:00,N02,-0.1344,0.006262,5.99,0.0355,0.008371,38.7,23.765785,86.413254
2026-06-06 16:00:00,N02,-0.0277,0.00588,8.46,0.0365,0.004779,37.2,23.765785,86.413254
2026-06-06 17:00:00,N02,0.0655,0.814902,37.0,0.045,0.000328,35.4,23.765785,86.413254
2026-06-06 18:00:00,N02,0.0437,0.006809,5.42,0.0372,0.003469,33.4,23.765785,86.413254
2026-06-06 19:00:00,N02,0.1475,0.005166,3.93,0.0381,0.000416,31.5,23.765785,86.413254
2026-06-06 20:00:00,N02,-0.1417,0.008045,8.05,0.038,0.000168,29.7,23.765785,86.413254
2026-06-06 21:00:00,N02,0.1135,0.009004,2.18,0.0384,9.5e-05,28.1,23.765785,86.413254
2026-06-06 22:00:00,N02,-0.267,0.008813,5.57,0.0382,0.000631,26.9,23.765785,86.413254
2026-06-06 23:00:00,N02,,,,,,,23.765785,86.413254
2026-06-07 00:00:00,N02,0.2023,0.005627,7.04,0.0378,0.000387,26.3,23.765785,86.413254
2026-06-07 01:00:00,N02,0.1622,0.006427,8.13,0.038,0.000149,26.6,23.765785,86.413254
2026-06-07 02:00:00,N02,0.1617,0.007488,8.76,0.0381,0.000486,27.3,23.765785,86.413254
2026-06-07 03:00:00,N02,,,,,,,23.765785,86.413254
2026-06-07 04:00:00,N02,,,,,,,23.765785,86.413254
2026-06-07 05:00:00,N02,,,,,,,23.765785,86.413254
2026-06-07 06:00:00,N02,,,,,,,23.765785,86.413254
2026-06-07 07:00:00,N02,,,,,,,23.765785,86.413254
2026-06-07 08:00:00,N02,0.1809,0.011045,8.55,0.0393,0.000484,37.6,23.765785,86.413254
2026-06-07 09:00:00,N02,0.1538,0.007111,7.48,0.0405,0.000429,39.1,23.765785,86.413254
2026-06-07 10:00:00,N02,,,,,,,23.765785,86.413254
2026-06-07 11:00:00,N02,,,,,,,23.765785,86.413254
2026-06-07 12:00:00,N02,,,,,,,23.765785,86.413254
2026-06-07 13:00:00,N02,0.3596,0.005172,2.33,0.039,0.000583,41.1,23.765785,86.413254
2026-06-07 14:00:00,N02,0.2091,0.005159,6.91,0.0385,0.000357,40.3,23.765785,86.413254
2026-06-07 15:00:00,N02,0.2284,0.010106,6.76,0.0382,0.005657,39.1,23.765785,86.413254
2026-06-07 16:00:00,N02,-0.0574,0.714198,38.0,0.0272,0.000995,37.6,23.765785,86.413254
2026-06-07 17:00:00,N02,0.0406,0.006386,5.42,0.0363,0.004449,35.8,23.765785,86.413254
2026-06-07 18:00:00,N02,,,,,,,23.765785,86.413254
2026-06-07 19:00:00,N02,,,,,,,23.765785,86.413254
2026-06-07 20:00:00,N02,,,,,,,23.765785,86.413254
2026-06-07 21:00:00,N02,,,,,,,23.765785,86.413254
2026-06-07 22:00:00,N02,,,,,,,23.765785,86.413254
2026-06-07 23:00:00,N02,0.0722,0.005725,8.13,0.0365,4.2e-05,26.6,23.765785,86.413254
2026-06-08 00:00:00,N02,0.185,0.005602,4.17,0.0363,0.000119,24.6,23.765785,86.413254
2026-06-08 01:00:00,N02,0.2481,0.00713,5.9,0.0363,0.000479,24.9,23.765785,86.413254
2026-06-08 02:00:00,N02,-0.0231,0.006839,1.18,0.0354,0.000436,25.6,23.765785,86.413254
2026-06-08 03:00:00,N02,-0.0701,0.00537,5.9,0.0354,1.1e-05,26.8,23.765785,86.413254
2026-06-08 04:00:00,N02,-0.1027,0.005349,5.31,0.0354,0.000385,28.4,23.765785,86.413254
2026-06-08 05:00:00,N02,0.1001,0.005946,8.61,0.0346,0.008897,30.2,23.765785,86.413254
2026-06-08 06:00:00,N02,0.1288,0.748734,36.73,0.0532,0.009151,32.1,23.765785,86.413254
2026-06-08 07:00:00,N02,-0.0658,0.6767,35.18,0.0529,0.009241,34.1,23.765785,86.413254
2026-06-08 08:00:00,N02,-0.0951,0.006187,3.28,0.0347,0.002021,35.9,23.765785,86.413254
2026-06-08 09:00:00,N02,-0.1722,0.737275,27.04,0.0489,0.007226,37.4,23.765785,86.413254
2026-06-08 10:00:00,N02,-0.023,0.876448,20.81,0.0491,0.007313,38.6,23.765785,86.413254
2026-06-08 11:00:00,N02,0.1835,0.006574,4.41,0.0343,0.007585,39.4,23.765785,86.413254
2026-06-08 12:00:00,N02,-0.0435,0.006505,7.51,0.034,0.000159,39.6,23.765785,86.413254
2026-06-08 13:00:00,N02,-0.2473,0.006923,5.19,0.0346,0.000676,39.4,23.765785,86.413254
2026-06-08 14:00:00,N02,0.2153,0.008244,8.67,0.0353,0.000566,38.6,23.765785,86.413254
2026-06-08 15:00:00,N02,,,,,,,23.765785,86.413254
2026-06-08 16:00:00,N02,,,,,,,23.765785,86.413254
2026-06-08 17:00:00,N02,,,,,,,23.765785,86.413254
2026-06-08 18:00:00,N02,,,,,,,23.765785,86.413254
2026-06-08 19:00:00,N02,,,,,,,23.765785,86.413254
2026-06-08 20:00:00,N02,,,,,,,23.765785,86.413254
2026-06-08 21:00:00,N02,0.0549,0.005811,8.76,0.0389,0.000585,26.8,23.765785,86.413254
2026-06-08 22:00:00,N02,-0.0645,0.006011,6.11,0.0394,0.000139,25.6,23.765785,86.413254
2026-06-08 23:00:00,N02,,,,,,,23.765785,86.413254
2026-06-09 00:00:00,N02,,,,,,,23.765785,86.413254
2026-06-09 01:00:00,N02,,,,,,,23.765785,86.413254
2026-06-09 02:00:00,N02,-0.0368,0.005405,4.03,0.0376,0.000105,26.2,23.765785,86.413254
2026-06-09 03:00:00,N02,0.1741,0.005273,9.44,0.0382,0.000132,27.4,23.765785,86.413254
2026-06-09 04:00:00,N02,-0.0921,0.006093,1.56,0.0379,0.000235,29.0,23.765785,86.413254
2026-06-09 05:00:00,N02,,,,,,,23.765785,86.413254
2026-06-09 06:00:00,N02,,,,,,,23.765785,86.413254
2026-06-09 07:00:00,N02,,,,,,,23.765785,86.413254
2026-06-09 08:00:00,N02,,,,,,,23.765785,86.413254
2026-06-09 09:00:00,N02,,,,,,,23.765785,86.413254
2026-06-09 10:00:00,N02,0.1028,0.006088,3.91,0.0365,0.003345,39.2,23.765785,86.413254
2026-06-09 11:00:00,N02,,,,,,,23.765785,86.413254
2026-06-09 12:00:00,N02,,,,,,,23.765785,86.413254
2026-06-09 13:00:00,N02,-0.1154,0.006118,2.48,0.0371,0.000108,39.9,23.765785,86.413254
2026-06-09 14:00:00,N02,0.2726,0.007921,7.64,0.0368,3.3e-05,39.2,23.765785,86.413254
2026-06-09 15:00:00,N02,-0.0693,0.005933,8.57,0.0372,0.000275,38.0,23.765785,86.413254
2026-06-09 16:00:00,N02,-0.1311,0.005702,5.84,0.0373,0.000199,36.5,23.765785,86.413254
2026-06-09 17:00:00,N02,-0.0328,0.007022,7.5,0.0368,0.000306,34.6,23.765785,86.413254
2026-06-09 18:00:00,N02,0.0024,0.005842,3.31,0.0379,0.000905,32.7,23.765785,86.413254
2026-06-09 19:00:00,N02,-0.147,0.005072,5.95,0.0386,3.3e-05,30.8,23.765785,86.413254
2026-06-09 20:00:00,N02,0.2643,0.006495,1.6,0.0379,0.000359,29.0,23.765785,86.413254
2026-06-09 21:00:00,N02,-0.056,0.005032,2.45,0.0379,0.000373,27.4,23.765785,86.413254
2026-06-09 22:00:00,N02,-0.0035,0.00644,3.43,0.0386,0.000404,26.2,23.765785,86.413254
2026-06-09 23:00:00,N02,,,,,,,23.765785,86.413254
2026-06-10 00:00:00,N02,0.0589,0.006706,8.65,0.0395,0.000915,24.8,23.765785,86.413254
2026-06-10 01:00:00,N02,0.0628,0.00623,3.33,0.0405,0.000194,25.0,23.765785,86.413254
2026-06-10 02:00:00,N02,-0.0814,0.005395,8.91,0.0399,0.000459,25.8,23.765785,86.413254
2026-06-10 03:00:00,N02,0.0133,0.007044,7.42,0.0396,0.000246,27.0,23.765785,86.413254
2026-06-10 04:00:00,N02,0.0952,0.006673,1.07,0.0404,0.000421,28.5,23.765785,86.413254
2026-06-10 05:00:00,N02,-0.1646,0.005627,4.53,0.0404,0.000217,30.3,23.765785,86.413254
2026-06-10 06:00:00,N02,0.1761,0.006858,1.62,0.0408,0.000291,32.3,23.765785,86.413254
2026-06-10 07:00:00,N02,0.1859,0.005951,6.52,0.041,0.00453,34.2,23.765785,86.413254
2026-06-10 08:00:00,N02,0.0124,0.535593,22.08,0.0317,0.000248,36.0,23.765785,86.413254
2026-06-10 09:00:00,N02,-0.2059,0.005094,5.67,0.0405,0.004098,37.6,23.765785,86.413254
2026-06-10 10:00:00,N02,-0.1285,0.00718,3.65,0.0399,0.008587,38.8,23.765785,86.413254
2026-06-10 11:00:00,N02,-0.2692,0.73349,21.36,0.0577,5.6e-05,39.5,23.765785,86.413254
2026-06-10 12:00:00,N02,-0.0308,0.008129,1.99,0.0398,0.009,39.8,23.765785,86.413254
2026-06-10 13:00:00,N02,-0.1725,0.005041,1.82,0.0397,0.000259,39.5,23.765785,86.413254
2026-06-10 14:00:00,N02,0.0519,0.007677,8.92,0.0393,0.000422,38.8,23.765785,86.413254
2026-06-10 15:00:00,N02,-0.0478,0.005137,2.18,0.0388,0.00014,37.6,23.765785,86.413254
2026-06-10 16:00:00,N02,-0.0533,0.007145,1.24,0.039,0.000974,36.0,23.765785,86.413254
2026-06-10 17:00:00,N02,0.0956,0.006057,1.34,0.0408,0.00106,34.2,23.765785,86.413254
2026-06-10 18:00:00,N02,0.008,0.005941,4.32,0.0412,0.000532,32.3,23.765785,86.413254
2026-06-10 19:00:00,N02,0.0586,0.006693,2.89,0.0419,0.000674,30.3,23.765785,86.413254
2026-06-10 20:00:00,N02,0.1361,0.007617,3.56,0.0425,0.000569,28.5,23.765785,86.413254
2026-06-10 21:00:00,N02,0.0699,0.006671,3.14,0.043,0.000241,27.0,23.765785,86.413254
2026-06-10 22:00:00,N02,-0.2036,0.006584,2.99,0.043,5.3e-05,25.8,23.765785,86.413254
2026-06-10 23:00:00,N02,-0.1817,0.005994,3.84,0.0431,0.000344,25.0,23.765785,86.413254
2026-06-11 00:00:00,N02,0.1235,0.005816,5.81,0.0423,0.000379,22.5,23.765785,86.413254
2026-06-11 01:00:00,N02,,,,,,,23.765785,86.413254
2026-06-11 02:00:00,N02,,,,,,,23.765785,86.413254
2026-06-11 03:00:00,N02,,,,,,,23.765785,86.413254
2026-06-11 04:00:00,N02,,,,,,,23.765785,86.413254
2026-06-11 05:00:00,N02,-0.1328,0.006826,7.19,0.0426,0.000539,28.1,23.765785,86.413254
2026-06-11 06:00:00,N02,,,,,,,23.765785,86.413254
2026-06-11 07:00:00,N02,0.1155,0.817031,44.87,0.0298,0.00543,31.9,23.765785,86.413254
2026-06-11 08:00:00,N02,0.0264,0.676345,41.11,0.0545,0.012451,33.7,23.765785,86.413254
2026-06-11 09:00:00,N02,-0.1797,0.738215,38.78,0.0547,0.005363,35.3,23.765785,86.413254
2026-06-11 10:00:00,N02,-0.2679,0.005833,8.66,0.0438,0.005746,36.5,23.765785,86.413254
2026-06-11 11:00:00,N02,0.1066,0.008227,4.94,0.0433,0.00011,37.2,23.765785,86.413254
2026-06-11 12:00:00,N02,0.0139,0.006945,7.33,0.0436,0.000152,37.5,23.765785,86.413254
2026-06-11 13:00:00,N02,0.0902,0.007448,5.98,0.043,0.000742,37.2,23.765785,86.413254
2026-06-11 14:00:00,N02,0.0786,0.006641,9.96,0.0421,0.000431,36.5,23.765785,86.413254
2026-06-11 15:00:00,N02,,,,,,,23.765785,86.413254
2026-06-11 16:00:00,N02,,,,,,,23.765785,86.413254
2026-06-11 17:00:00,N02,,,,,,,23.765785,86.413254
2026-06-11 18:00:00,N02,,,,,,,23.765785,86.413254
2026-06-11 19:00:00,N02,,,,,,,23.765785,86.413254
2026-06-11 20:00:00,N02,-0.0989,0.006713,7.14,0.0416,0.000415,26.2,23.765785,86.413254
2026-06-11 21:00:00,N02,-0.0475,0.007571,7.21,0.0419,0.000265,24.7,23.765785,86.413254
2026-06-11 22:00:00,N02,-0.0067,0.007029,2.66,0.0421,0.00035,23.5,23.765785,86.413254
2026-06-11 23:00:00,N02,-0.18,0.006556,3.4,0.0426,0.000315,22.8,23.765785,86.413254
2026-06-12 00:00:00,N02,0.4385,0.005959,9.84,0.0428,5e-06,23.0,23.765785,86.413254
2026-06-12 01:00:00,N02,-0.0555,0.007359,5.29,0.0426,0.000288,23.2,23.765785,86.413254
2026-06-12 02:00:00,N02,-0.0433,0.006792,4.82,0.0433,0.000385,24.0,23.765785,86.413254
2026-06-12 03:00:00,N02,0.1629,0.008288,6.07,0.0433,0.000177,25.1,23.765785,86.413254
2026-06-12 04:00:00,N02,0.039,0.006193,6.77,0.0437,0.000172,26.7,23.765785,86.413254
2026-06-12 05:00:00,N02,-0.1982,0.007566,4.36,0.043,0.000604,28.5,23.765785,86.413254
2026-06-12 06:00:00,N02,0.009,0.006746,3.81,0.0425,0.011385,30.5,23.765785,86.413254
2026-06-12 07:00:00,N02,0.0235,0.703285,24.06,0.0202,0.015775,32.4,23.765785,86.413254
2026-06-12 08:00:00,N02,-0.0663,0.832337,42.01,0.0109,0.004537,34.2,23.765785,86.413254
2026-06-12 09:00:00,N02,,,,,,,23.765785,86.413254
2026-06-12 10:00:00,N02,,,,,,,23.765785,86.413254
2026-06-12 11:00:00,N02,,,,,,,23.765785,86.413254
2026-06-12 12:00:00,N02,-0.122,0.010829,1.77,0.0382,0.000134,38.0,23.765785,86.413254
2026-06-12 13:00:00,N02,0.2164,0.009013,2.33,0.0381,0.000109,37.7,23.765785,86.413254
2026-06-12 14:00:00,N02,-0.144,0.005523,4.33,0.0384,0.000256,36.9,23.765785,86.413254
2026-06-12 15:00:00,N02,0.0466,0.00618,9.68,0.0386,0.0003,35.8,23.765785,86.413254
2026-06-12 16:00:00,N02,0.0734,0.006037,6.99,0.039,1.3e-05,34.2,23.765785,86.413254
2026-06-12 17:00:00,N02,0.0776,0.00568,8.88,0.0386,0.00026,32.4,23.765785,86.413254
2026-06-12 18:00:00,N02,-0.0696,0.00619,7.37,0.0385,0.000455,30.5,23.765785,86.413254
2026-06-12 19:00:00,N02,0.1082,0.005195,5.52,0.0395,0.000759,28.5,23.765785,86.413254
2026-06-12 20:00:00,N02,0.0085,0.006087,5.65,0.04,1.8e-05,26.7,23.765785,86.413254
2026-06-12 21:00:00,N02,0.138,0.005355,1.32,0.0396,0.000317,25.1,23.765785,86.413254
2026-06-12 22:00:00,N02,0.0452,0.007173,8.17,0.0394,9.4e-05,24.0,23.765785,86.413254
2026-06-12 23:00:00,N02,0.15,0.005996,3.62,0.0394,0.000137,23.2,23.765785,86.413254
2026-06-13 00:00:00,N02,0.0145,0.005673,4.14,0.0396,0.000373,25.4,23.765785,86.413254
2026-06-13 01:00:00,N02,,,,,,,23.765785,86.413254
2026-06-13 02:00:00,N02,,,,,,,23.765785,86.413254
2026-06-13 03:00:00,N02,,,,,,,23.765785,86.413254
2026-06-13 04:00:00,N02,,,,,,,23.765785,86.413254
2026-06-13 05:00:00,N02,,,,,,,23.765785,86.413254
2026-06-13 06:00:00,N02,-0.1588,0.005521,5.15,0.0383,3e-06,32.9,23.765785,86.413254
2026-06-13 07:00:00,N02,-0.0733,0.00904,1.05,0.0386,0.000402,34.9,23.765785,86.413254
2026-06-13 08:00:00,N02,0.051,0.007288,4.46,0.0391,0.000124,36.7,23.765785,86.413254
2026-06-13 09:00:00,N02,-0.0604,0.006745,3.92,0.0389,8.4e-05,38.2,23.765785,86.413254
2026-06-13 10:00:00,N02,0.0363,0.005759,8.9,0.0393,0.008917,39.4,23.765785,86.413254
2026-06-13 11:00:00,N02,-0.08,0.720316,49.0,0.0567,0.008894,40.2,23.765785,86.413254
2026-06-13 12:00:00,N02,0.0555,0.998661,43.13,0.057,0.008192,40.4,23.765785,86.413254
2026-06-13 13:00:00,N02,,,,,,,23.765785,86.413254
2026-06-13 14:00:00,N02,,,,,,,23.765785,86.413254
2026-06-13 15:00:00,N02,,,,,,,23.765785,86.413254
2026-06-13 16:00:00,N02,,,,,,,23.765785,86.413254
2026-06-13 17:00:00,N02,,,,,,,23.765785,86.413254
2026-06-13 18:00:00,N02,,,,,,,23.765785,86.413254
2026-06-13 19:00:00,N02,0.1612,0.00579,4.46,0.0399,0.000323,31.0,23.765785,86.413254
2026-06-13 20:00:00,N02,-0.3086,0.007891,6.66,0.0397,0.000169,29.2,23.765785,86.413254
2026-06-13 21:00:00,N02,,,,,,,23.765785,86.413254
2026-06-13 22:00:00,N02,,,,,,,23.765785,86.413254
2026-06-13 23:00:00,N02,,,,,,,23.765785,86.413254
2026-06-14 00:00:00,N02,,,,,,,23.765785,86.413254
2026-06-14 01:00:00,N02,,,,,,,23.765785,86.413254
2026-06-14 02:00:00,N02,-0.0288,0.005932,6.43,0.0399,0.000302,26.5,23.765785,86.413254
2026-06-14 03:00:00,N02,-0.0014,0.008461,2.4,0.0405,0.000526,27.7,23.765785,86.413254
2026-06-14 04:00:00,N02,-0.212,0.006854,3.62,0.041,0.000208,29.3,23.765785,86.413254
2026-06-14 05:00:00,N02,,,,,,,23.765785,86.413254
2026-06-14 06:00:00,N02,-0.0181,0.005213,5.02,0.0406,9.3e-05,33.0,23.765785,86.413254
2026-06-14 07:00:00,N02,0.0505,0.007773,5.12,0.0408,0.009041,35.0,23.765785,86.413254
2026-06-14 08:00:00,N02,0.1052,0.933121,41.13,0.0226,0.000604,36.8,23.765785,86.413254
2026-06-14 09:00:00,N02,0.0016,0.005003,5.22,0.042,0.009383,38.3,23.765785,86.413254
2026-06-14 10:00:00,N02,0.0826,0.005512,9.42,0.0413,0.000155,39.5,23.765785,86.413254
2026-06-14 11:00:00,N02,-0.0314,0.005506,6.45,0.0417,7e-06,40.3,23.765785,86.413254
2026-06-14 12:00:00,N02,-0.1667,0.006813,9.96,0.0413,0.000256,40.5,23.765785,86.413254
2026-06-14 13:00:00,N02,0.2312,0.005827,4.16,0.0411,0.009311,40.3,23.765785,86.413254
2026-06-14 14:00:00,N02,-0.043,0.91826,26.43,0.0227,0.009226,39.5,23.765785,86.413254
2026-06-14 15:00:00,N02,0.1426,0.774911,22.04,0.0227,0.014657,38.3,23.765785,86.413254
2026-06-14 16:00:00,N02,-0.0144,0.873844,18.61,0.052,0.014366,36.8,23.765785,86.413254
2026-06-14 17:00:00,N02,-0.102,0.882302,36.3,0.0514,0.005464,35.0,23.765785,86.413254
2026-06-14 18:00:00,N02,0.0363,0.005515,8.88,0.0411,0.004714,33.0,23.765785,86.413254
2026-06-14 19:00:00,N02,0.1671,0.005417,5.57,0.042,0.000827,31.1,23.765785,86.413254
2026-06-14 20:00:00,N02,0.0361,0.00546,7.44,0.0428,0.000251,29.3,23.765785,86.413254
2026-06-14 21:00:00,N02,0.0285,0.005857,9.18,0.0425,0.000164,27.7,23.765785,86.413254
2026-06-14 22:00:00,N02,0.1865,0.0079,5.16,0.0431,0.000366,26.5,23.765785,86.413254
2026-06-14 23:00:00,N02,0.0919,0.007105,3.31,0.0432,0.000235,25.8,23.765785,86.413254
2026-06-15 00:00:00,N02,-0.1193,0.007156,2.13,0.0436,0.000101,24.5,23.765785,86.413254
2026-06-15 01:00:00,N02,0.1334,0.006495,6.67,0.0434,6.3e-05,24.7,23.765785,86.413254
2026-06-15 02:00:00,N02,-0.0773,0.005439,3.17,0.0437,1.3e-05,25.5,23.765785,86.413254
2026-06-15 03:00:00,N02,,,,,,,23.765785,86.413254
2026-06-15 04:00:00,N02,,,,,,,23.765785,86.413254
2026-06-15 05:00:00,N02,-0.1797,0.005635,1.27,0.0437,0.000123,30.0,23.765785,86.413254
2026-06-15 06:00:00,N02,-0.0928,0.005422,3.99,0.0436,0.000215,32.0,23.765785,86.413254
2026-06-15 07:00:00,N02,-0.0163,0.00599,9.48,0.0441,0.000135,33.9,23.765785,86.413254
2026-06-15 08:00:00,N02,0.0659,0.006098,7.94,0.0438,0.000182,35.7,23.765785,86.413254
2026-06-15 09:00:00,N02,0.0271,0.007945,6.91,0.0444,0.000304,37.3,23.765785,86.413254
2026-06-15 10:00:00,N02,-0.0829,0.007692,4.49,0.0444,3e-05,38.5,23.765785,86.413254
2026-06-15 11:00:00,N02,0.021,0.005396,1.83,0.0445,0.006552,39.2,23.765785,86.413254
2026-06-15 12:00:00,N02,-0.1132,0.605026,48.77,0.0576,0.006137,39.5,23.765785,86.413254
2026-06-15 13:00:00,N02,0.0301,0.671984,15.68,0.0568,0.006773,39.2,23.765785,86.413254
2026-06-15 14:00:00,N02,0.1255,0.005107,9.74,0.044,0.01158,38.5,23.765785,86.413254
2026-06-15 15:00:00,N02,0.3444,0.515931,26.19,0.0336,0.000544,37.3,23.765785,86.413254
2026-06-15 16:00:00,N02,-0.0789,0.00801,5.16,0.0451,0.006094,35.7,23.765785,86.413254
2026-06-15 17:00:00,N02,-0.0617,0.00713,8.17,0.0458,0.000619,33.9,23.765785,86.413254
2026-06-15 18:00:00,N02,-0.0058,0.007234,1.94,0.0463,1.1e-05,32.0,23.765785,86.413254
2026-06-15 19:00:00,N02,-0.1288,0.005323,3.69,0.0458,0.000386,30.0,23.765785,86.413254
2026-06-15 20:00:00,N02,,,,,,,23.765785,86.413254
2026-06-15 21:00:00,N02,,,,,,,23.765785,86.413254
2026-06-15 22:00:00,N02,,,,,,,23.765785,86.413254
2026-06-15 23:00:00,N02,,,,,,,23.765785,86.413254
2026-06-16 00:00:00,N02,,,,,,,23.765785,86.413254
2026-06-16 01:00:00,N02,0.2082,0.006578,7.47,0.0447,4.3e-05,27.5,23.765785,86.413254
2026-06-16 02:00:00,N02,-0.0442,0.005345,7.46,0.0447,0.000454,28.2,23.765785,86.413254
2026-06-16 03:00:00,N02,-0.0778,0.005715,1.29,0.0456,0.000226,29.4,23.765785,86.413254
2026-06-16 04:00:00,N02,-0.0092,0.007002,5.75,0.0451,9.7e-05,30.9,23.765785,86.413254
2026-06-16 05:00:00,N02,-0.0909,0.005757,1.97,0.0458,0.000232,32.8,23.765785,86.413254
2026-06-16 06:00:00,N02,-0.0596,0.005559,3.17,0.0447,0.000708,34.7,23.765785,86.413254
2026-06-16 07:00:00,N02,0.1094,0.005145,9.0,0.0444,6.5e-05,36.6,23.765785,86.413254
2026-06-16 08:00:00,N02,,,,,,,23.765785,86.413254
2026-06-16 09:00:00,N02,,,,,,,23.765785,86.413254
2026-06-16 10:00:00,N02,,,,,,,23.765785,86.413254
2026-06-16 11:00:00,N02,,,,,,,23.765785,86.413254
2026-06-16 12:00:00,N02,,,,,,,23.765785,86.413254
2026-06-16 13:00:00,N02,0.016,0.006062,6.57,0.0451,0.000436,41.9,23.765785,86.413254
2026-06-16 14:00:00,N02,-0.0285,0.005909,8.08,0.0454,0.000372,41.2,23.765785,86.413254
2026-06-16 15:00:00,N02,0.0489,0.005861,9.34,0.0458,0.000639,40.0,23.765785,86.413254
2026-06-16 16:00:00,N02,0.0584,0.006253,6.79,0.0466,0.00858,38.4,23.765785,86.413254
2026-06-16 17:00:00,N02,-0.0257,0.567533,37.75,0.063,0.007931,36.6,23.765785,86.413254
2026-06-16 18:00:00,N02,0.2239,0.960812,32.94,0.0625,0.008166,34.7,23.765785,86.413254
2026-06-16 19:00:00,N02,0.2059,0.005583,4.42,0.0466,0.008056,32.8,23.765785,86.413254
2026-06-16 20:00:00,N02,-0.1467,0.005182,2.69,0.0464,0.00028,30.9,23.765785,86.413254
2026-06-16 21:00:00,N02,-0.1896,0.005075,6.2,0.0461,0.000262,29.4,23.765785,86.413254
2026-06-16 22:00:00,N02,0.1976,0.005806,8.62,0.0459,0.000558,28.2,23.765785,86.413254
2026-06-16 23:00:00,N02,-0.0387,0.008803,9.06,0.0472,0.001049,27.5,23.765785,86.413254
2026-06-17 00:00:00,N02,-0.0957,0.005204,2.28,0.048,9.8e-05,23.3,23.765785,86.413254
2026-06-17 01:00:00,N02,0.0411,0.005653,2.3,0.0474,0.000153,23.6,23.765785,86.413254
2026-06-17 02:00:00,N02,0.1492,0.005953,7.85,0.0483,0.000407,24.3,23.765785,86.413254
2026-06-17 03:00:00,N02,-0.0598,0.008944,9.0,0.0482,0.000143,25.5,23.765785,86.413254
2026-06-17 04:00:00,N02,0.012,0.006968,4.54,0.0486,0.000506,27.1,23.765785,86.413254
2026-06-17 05:00:00,N02,-0.0873,0.006621,5.79,0.0492,0.005783,28.9,23.765785,86.413254
2026-06-17 06:00:00,N02,-0.0559,0.84177,31.55,0.0601,0.000508,30.8,23.765785,86.413254
2026-06-17 07:00:00,N02,,,,,,,23.765785,86.413254
2026-06-17 08:00:00,N02,,,,,,,23.765785,86.413254
2026-06-17 09:00:00,N02,0.1832,0.006691,5.04,0.0477,0.000329,36.1,23.765785,86.413254
2026-06-17 10:00:00,N02,0.1458,0.005699,6.12,0.048,8.5e-05,37.3,23.765785,86.413254
2026-06-17 11:00:00,N02,0.1426,0.005501,7.78,0.0479,3.6e-05,38.1,23.765785,86.413254
2026-06-17 12:00:00,N02,,,,,,,23.765785,86.413254
2026-06-17 13:00:00,N02,,,,,,,23.765785,86.413254
2026-06-17 14:00:00,N02,,,,,,,23.765785,86.413254
2026-06-17 15:00:00,N02,,,,,,,23.765785,86.413254
2026-06-17 16:00:00,N02,,,,,,,23.765785,86.413254
2026-06-17 17:00:00,N02,0.192,0.010656,2.96,0.0485,0.000295,32.8,23.765785,86.413254
2026-06-17 18:00:00,N02,0.1341,0.009035,3.31,0.0482,0.000285,30.8,23.765785,86.413254
2026-06-17 19:00:00,N02,-0.0063,0.007608,8.07,0.0479,0.000222,28.9,23.765785,86.413254
2026-06-17 20:00:00,N02,-0.1936,0.005249,1.66,0.0487,0.000165,27.1,23.765785,86.413254
2026-06-17 21:00:00,N02,,,,,,,23.765785,86.413254
2026-06-17 22:00:00,N02,,,,,,,23.765785,86.413254
2026-06-17 23:00:00,N02,,,,,,,23.765785,86.413254
2026-06-18 00:00:00,N02,,,,,,,23.765785,86.413254
2026-06-18 01:00:00,N02,,,,,,,23.765785,86.413254
2026-06-18 02:00:00,N02,-0.0114,0.005823,2.6,0.0476,0.000633,30.5,23.765785,86.413254
2026-06-18 03:00:00,N02,0.0402,0.00568,2.3,0.0474,0.000167,31.7,23.765785,86.413254
2026-06-18 04:00:00,N02,0.0095,0.006757,2.96,0.048,0.000416,33.2,23.765785,86.413254
2026-06-18 05:00:00,N02,0.1403,0.007398,1.9,0.0482,0.008837,35.0,23.765785,86.413254
2026-06-18 06:00:00,N02,-0.089,0.836899,48.97,0.0303,0.015007,37.0,23.765785,86.413254
2026-06-18 07:00:00,N02,0.0211,0.807702,41.03,0.0182,0.002712,38.9,23.765785,86.413254
2026-06-18 08:00:00,N02,0.1707,0.77297,44.12,0.0357,0.015518,40.7,23.765785,86.413254
2026-06-18 09:00:00,N02,-0.1061,0.006296,5.48,0.0492,0.006343,42.3,23.765785,86.413254
2026-06-18 10:00:00,N02,,,,,,,23.765785,86.413254
2026-06-18 11:00:00,N02,,,,,,,23.765785,86.413254
2026-06-18 12:00:00,N02,,,,,,,23.765785,86.413254
2026-06-18 13:00:00,N02,,,,,,,23.765785,86.413254
2026-06-18 14:00:00,N02,,,,,,,23.765785,86.413254
2026-06-18 15:00:00,N02,0.1004,0.005523,4.26,0.0487,8.6e-05,42.3,23.765785,86.413254
2026-06-18 16:00:00,N02,,,,,,,23.765785,86.413254
2026-06-18 17:00:00,N02,,,,,,,23.765785,86.413254
2026-06-18 18:00:00,N02,0.1363,0.006425,8.51,0.0476,0.000193,37.0,23.765785,86.413254
2026-06-18 19:00:00,N02,,,,,,,23.765785,86.413254
2026-06-18 20:00:00,N02,,,,,,,23.765785,86.413254
2026-06-18 21:00:00,N02,,,,,,,23.765785,86.413254
2026-06-18 22:00:00,N02,,,,,,,23.765785,86.413254
2026-06-18 23:00:00,N02,,,,,,,23.765785,86.413254
2026-06-19 00:00:00,N02,-0.1057,0.005795,9.21,0.0487,0.000156,26.3,23.765785,86.413254
2026-06-19 01:00:00,N02,0.1466,0.005182,3.3,0.0481,0.000229,26.5,23.765785,86.413254
2026-06-19 02:00:00,N02,-0.114,0.006006,4.38,0.0483,0.000228,27.3,23.765785,86.413254
2026-06-19 03:00:00,N02,-0.0982,0.006316,3.25,0.0477,0.000153,28.4,23.765785,86.413254
2026-06-19 04:00:00,N02,-0.1932,0.009589,3.01,0.048,3.9e-05,30.0,23.765785,86.413254
2026-06-19 05:00:00,N02,-0.0345,0.006981,3.43,0.0476,0.000541,31.8,23.765785,86.413254
2026-06-19 06:00:00,N02,0.1906,0.008263,8.93,0.0469,0.00041,33.8,23.765785,86.413254
2026-06-19 07:00:00,N02,0.0992,0.009581,5.66,0.0468,0.000116,35.7,23.765785,86.413254
2026-06-19 08:00:00,N02,0.0059,0.008184,8.96,0.0471,0.007324,37.5,23.765785,86.413254
2026-06-19 09:00:00,N02,0.0941,0.986153,29.13,0.0614,0.000408,39.1,23.765785,86.413254
2026-06-19 10:00:00,N02,0.2642,0.007573,6.89,0.0463,0.007348,40.2,23.765785,86.413254
2026-06-19 11:00:00,N02,,,,,,,23.765785,86.413254
2026-06-19 12:00:00,N02,,,,,,,23.765785,86.413254
2026-06-19 13:00:00,N02,,,,,,,23.765785,86.413254
2026-06-19 14:00:00,N02,,,,,,,23.765785,86.413254
2026-06-19 15:00:00,N02,0.1697,0.923861,39.87,0.0364,0.004433,39.1,23.765785,86.413254
2026-06-19 16:00:00,N02,0.1075,0.005457,2.25,0.0454,0.00453,37.5,23.765785,86.413254
2026-06-19 17:00:00,N02,-0.0805,0.007034,6.27,0.0454,0.000151,35.7,23.765785,86.413254
2026-06-19 18:00:00,N02,,,,,,,23.765785,86.413254
2026-06-19 19:00:00,N02,,,,,,,23.765785,86.413254
2026-06-19 20:00:00,N02,,,,,,,23.765785,86.413254
2026-06-19 21:00:00,N02,,,,,,,23.765785,86.413254
2026-06-19 22:00:00,N02,,,,,,,23.765785,86.413254
2026-06-19 23:00:00,N02,0.0351,0.005753,8.68,0.0443,0.000308,26.5,23.765785,86.413254
2026-06-20 00:00:00,N02,0.0147,0.005683,9.94,0.0442,0.000365,24.9,23.765785,86.413254
2026-06-20 01:00:00,N02,-0.0286,0.00562,4.03,0.0436,0.000269,25.1,23.765785,86.413254
2026-06-20 02:00:00,N02,,,,,,,23.765785,86.413254
2026-06-20 03:00:00,N02,,,,,,,23.765785,86.413254
2026-06-20 04:00:00,N02,-0.2155,0.008261,9.73,0.0438,0.000508,28.6,23.765785,86.413254
2026-06-20 05:00:00,N02,0.0646,0.006134,5.67,0.0447,0.008286,30.4,23.765785,86.413254
2026-06-20 06:00:00,N02,-0.0559,0.795871,16.16,0.0604,0.0006,32.4,23.765785,86.413254
2026-06-20 07:00:00,N02,0.1849,0.006452,3.99,0.0459,0.007479,34.3,23.765785,86.413254
2026-06-20 08:00:00,N02,0.0934,0.006347,5.99,0.0454,0.000279,36.1,23.765785,86.413254
2026-06-20 09:00:00,N02,0.0743,0.006768,7.9,0.0453,0.002619,37.7,23.765785,86.413254
2026-06-20 10:00:00,N02,0.0972,0.900772,41.12,0.0402,0.004779,38.9,23.765785,86.413254
2026-06-20 11:00:00,N02,0.1479,0.750832,47.62,0.0549,0.002503,39.6,23.765785,86.413254
2026-06-20 12:00:00,N02,0.1244,0.0057,1.92,0.0452,0.005196,39.9,23.765785,86.413254
2026-06-20 13:00:00,N02,0.1024,0.006839,3.06,0.0445,0.000491,39.6,23.765785,86.413254
2026-06-20 14:00:00,N02,0.0698,0.007191,2.58,0.0442,9.8e-05,38.9,23.765785,86.413254
2026-06-20 15:00:00,N02,0.0864,0.005107,2.13,0.0443,0.000458,37.7,23.765785,86.413254
2026-06-20 16:00:00,N02,-0.1198,0.006874,6.07,0.0451,5.2e-05,36.1,23.765785,86.413254
2026-06-20 17:00:00,N02,-0.1774,0.005145,7.57,0.0442,8e-05,34.3,23.765785,86.413254
2026-06-20 18:00:00,N02,-0.0759,0.006877,4.5,0.0453,0.001269,32.4,23.765785,86.413254
2026-06-20 19:00:00,N02,-0.2089,0.008268,8.11,0.0467,0.001309,30.4,23.765785,86.413254
2026-06-20 20:00:00,N02,0.1967,0.005801,4.38,0.0479,0.001497,28.6,23.765785,86.413254
2026-06-20 21:00:00,N02,-0.1266,0.005592,7.13,0.0497,0.001733,27.1,23.765785,86.413254
2026-06-20 22:00:00,N02,-0.1977,0.005042,8.83,0.0513,0.001343,25.9,23.765785,86.413254
2026-06-20 23:00:00,N02,0.0203,0.005367,2.45,0.0524,0.001461,25.1,23.765785,86.413254
2026-06-21 00:00:00,N02,-0.1726,0.007141,4.16,0.0543,0.001566,25.1,23.765785,86.413254
2026-06-21 01:00:00,N02,,,,,,,23.765785,86.413254
2026-06-21 02:00:00,N02,,,,,,,23.765785,86.413254
2026-06-21 03:00:00,N02,,,,,,,23.765785,86.413254
2026-06-21 04:00:00,N02,,,,,,,23.765785,86.413254
2026-06-21 05:00:00,N02,,,,,,,23.765785,86.413254
2026-06-21 06:00:00,N02,0.1466,0.612049,26.36,0.0809,0.010356,32.6,23.765785,86.413254
2026-06-21 07:00:00,N02,0.0979,0.761315,15.09,0.082,0.008533,34.5,23.765785,86.413254
2026-06-21 08:00:00,N02,-0.0234,0.005831,9.41,0.0638,0.008316,36.3,23.765785,86.413254
2026-06-21 09:00:00,N02,,,,,,,23.765785,86.413254
2026-06-21 10:00:00,N02,,,,,,,23.765785,86.413254
2026-06-21 11:00:00,N02,,,,,,,23.765785,86.413254
2026-06-21 12:00:00,N02,,,,,,,23.765785,86.413254
2026-06-21 13:00:00,N02,,,,,,,23.765785,86.413254
2026-06-21 14:00:00,N02,0.2685,0.522898,17.64,0.0566,0.004158,39.1,23.765785,86.413254
2026-06-21 15:00:00,N02,0.1363,0.956865,33.32,0.0577,0.007395,37.9,23.765785,86.413254
2026-06-21 16:00:00,N02,-0.0301,0.00708,2.55,0.0714,0.007202,36.3,23.765785,86.413254
2026-06-21 17:00:00,N02,0.047,0.009709,1.37,0.0721,0.000382,34.5,23.765785,86.413254
2026-06-21 18:00:00,N02,-0.0604,0.005247,7.86,0.0721,0.000264,32.6,23.765785,86.413254
2026-06-21 19:00:00,N02,0.1007,0.005308,4.75,0.0726,3.7e-05,30.6,23.765785,86.413254
2026-06-21 20:00:00,N02,0.0387,0.006166,6.76,0.0721,0.000534,28.8,23.765785,86.413254
2026-06-21 21:00:00,N02,0.0818,0.006375,4.92,0.0715,1.3e-05,27.3,23.765785,86.413254
2026-06-21 22:00:00,N02,-0.0301,0.005588,7.99,0.0721,0.000246,26.1,23.765785,86.413254
2026-06-21 23:00:00,N02,0.133,0.007309,6.23,0.071,0.000731,25.3,23.765785,86.413254
2026-06-22 00:00:00,N02,-0.0351,0.007227,2.2,0.0706,0.000476,26.3,23.765785,86.413254
2026-06-22 01:00:00,N02,-0.0501,0.005668,2.76,0.0701,0.000217,26.6,23.765785,86.413254
2026-06-22 02:00:00,N02,,,,,,,23.765785,86.413254
2026-06-22 03:00:00,N02,,,,,,,23.765785,86.413254
2026-06-22 04:00:00,N02,,,,,,,23.765785,86.413254
2026-06-22 05:00:00,N02,0.0876,0.010092,8.36,0.0683,0.000252,31.9,23.765785,86.413254
2026-06-22 06:00:00,N02,0.2127,0.00585,8.21,0.0679,0.005137,33.8,23.765785,86.413254
2026-06-22 07:00:00,N02,0.2932,0.645204,37.54,0.058,0.005328,35.8,23.765785,86.413254
2026-06-22 08:00:00,N02,0.0016,0.759114,35.86,0.0572,0.001322,37.6,23.765785,86.413254
2026-06-22 09:00:00,N02,0.26,0.883228,15.71,0.0553,0.005307,39.1,23.765785,86.413254
2026-06-22 10:00:00,N02,0.2196,0.006024,9.33,0.0678,0.006243,40.3,23.765785,86.413254
2026-06-22 11:00:00,N02,0.16,0.007687,2.61,0.0678,0.000207,41.1,23.765785,86.413254
2026-06-22 12:00:00,N02,0.0378,0.005119,8.01,0.0674,0.000152,41.3,23.765785,86.413254
2026-06-22 13:00:00,N02,0.1294,0.005919,3.9,0.0675,0.000342,41.1,23.765785,86.413254
2026-06-22 14:00:00,N02,0.085,0.005993,7.23,0.0667,0.000756,40.3,23.765785,86.413254
2026-06-22 15:00:00,N02,-0.0104,0.005937,4.93,0.066,0.000698,39.1,23.765785,86.413254
2026-06-22 16:00:00,N02,-0.0135,0.007046,5.51,0.0653,0.010211,37.6,23.765785,86.413254
2026-06-22 17:00:00,N02,-0.0929,0.582809,40.76,0.0456,0.010059,35.8,23.765785,86.413254
2026-06-22 18:00:00,N02,-0.1175,0.544725,37.13,0.0452,0.009629,33.8,23.765785,86.413254
2026-06-22 19:00:00,N02,0.0924,0.006289,9.12,0.0648,0.009184,31.9,23.765785,86.413254
2026-06-22 20:00:00,N02,-0.0864,0.006061,1.61,0.0636,0.000699,30.1,23.765785,86.413254
2026-06-22 21:00:00,N02,-0.2402,0.00588,7.74,0.0635,5.6e-05,28.5,23.765785,86.413254
2026-06-22 22:00:00,N02,0.0854,0.005432,2.75,0.0637,0.00031,27.3,23.765785,86.413254
2026-06-22 23:00:00,N02,-0.1242,0.005294,4.48,0.0628,0.000668,26.6,23.765785,86.413254
2026-06-23 00:00:00,N02,-0.2328,0.005802,3.89,0.0624,3.7e-05,20.9,23.765785,86.413254
2026-06-23 01:00:00,N02,-0.0353,0.005261,5.02,0.0628,0.00033,21.2,23.765785,86.413254
2026-06-23 02:00:00,N02,0.0934,0.005809,2.88,0.063,1.1e-05,22.0,23.765785,86.413254
2026-06-23 03:00:00,N02,0.0229,0.005785,2.81,0.0628,8.6e-05,23.1,23.765785,86.413254
2026-06-23 04:00:00,N02,-0.0551,0.005257,2.31,0.0632,0.000535,24.7,23.765785,86.413254
2026-06-23 05:00:00,N02,0.1956,0.007589,9.25,0.0638,0.000351,26.5,23.765785,86.413254
2026-06-23 06:00:00,N02,-0.007,0.009703,7.63,0.0639,0.00046,28.4,23.765785,86.413254
2026-06-23 07:00:00,N02,-0.0067,0.005974,9.88,0.0629,0.001059,30.4,23.765785,86.413254
2026-06-23 08:00:00,N02,0.0561,0.006357,8.84,0.0618,0.00096,32.2,23.765785,86.413254
2026-06-23 09:00:00,N02,,,,,,,23.765785,86.413254
2026-06-23 10:00:00,N02,,,,,,,23.765785,86.413254
2026-06-23 11:00:00,N02,,,,,,,23.765785,86.413254
2026-06-23 12:00:00,N02,0.0325,0.005768,6.66,0.0598,0.003253,35.9,23.765785,86.413254
2026-06-23 13:00:00,N02,-0.2444,0.631218,36.98,0.0673,0.003528,35.7,23.765785,86.413254
2026-06-23 14:00:00,N02,0.2249,0.69062,30.44,0.0668,0.008595,34.9,23.765785,86.413254
2026-06-23 15:00:00,N02,0.139,0.686371,25.21,0.0501,0.008318,33.8,23.765785,86.413254
2026-06-23 16:00:00,N02,,,,,,,23.765785,86.413254
2026-06-23 17:00:00,N02,,,,,,,23.765785,86.413254
2026-06-23 18:00:00,N02,,,,,,,23.765785,86.413254
2026-06-23 19:00:00,N02,0.0859,0.007604,6.47,0.0593,0.000161,26.5,23.765785,86.413254
2026-06-23 20:00:00,N02,-0.1004,0.010955,9.87,0.0592,0.00012,24.7,23.765785,86.413254
2026-06-23 21:00:00,N02,0.0459,0.007175,2.46,0.0595,6.8e-05,23.1,23.765785,86.413254
2026-06-23 22:00:00,N02,0.2179,0.009391,6.54,0.0593,0.0002,22.0,23.765785,86.413254
2026-06-23 23:00:00,N02,0.1134,0.00521,8.31,0.0591,0.000314,21.2,23.765785,86.413254
2026-06-24 00:00:00,N02,,,,,,,23.765785,86.413254
2026-06-24 01:00:00,N02,,,,,,,23.765785,86.413254
2026-06-24 02:00:00,N02,,,,,,,23.765785,86.413254
2026-06-24 03:00:00,N02,-0.2062,0.005925,9.66,0.0591,0.0005,28.2,23.765785,86.413254
2026-06-24 04:00:00,N02,-0.0934,0.005586,7.48,0.0595,0.000121,29.8,23.765785,86.413254
2026-06-24 05:00:00,N02,-0.1089,0.009087,4.54,0.0594,0.000487,31.6,23.765785,86.413254
2026-06-24 06:00:00,N02,0.1434,0.005752,7.56,0.0605,0.000764,33.5,23.765785,86.413254
2026-06-24 07:00:00,N02,-0.0527,0.005439,6.65,0.0609,0.000353,35.5,23.765785,86.413254
2026-06-24 08:00:00,N02,,,,,,,23.765785,86.413254
2026-06-24 09:00:00,N02,0.1559,0.536636,47.14,0.0742,0.013852,38.8,23.765785,86.413254
2026-06-24 10:00:00,N02,0.1123,0.502721,20.56,0.0889,0.00059,40.0,23.765785,86.413254
2026-06-24 11:00:00,N02,-0.0005,0.689076,17.22,0.0754,0.014447,40.8,23.765785,86.413254
2026-06-24 12:00:00,N02,0.2714,0.009147,8.85,0.06,0.007405,41.0,23.765785,86.413254
2026-06-24 13:00:00,N02,0.1283,0.008846,8.47,0.0606,0.000226,40.8,23.765785,86.413254
2026-06-24 14:00:00,N02,0.0627,0.005964,3.68,0.0605,0.000442,40.0,23.765785,86.413254
2026-06-24 15:00:00,N02,-0.0113,0.005838,1.05,0.0597,0.000236,38.8,23.765785,86.413254
2026-06-24 16:00:00,N02,-0.0193,0.005251,4.98,0.06,8.5e-05,37.3,23.765785,86.413254
2026-06-24 17:00:00,N02,0.0649,0.00902,8.34,0.0596,0.000556,35.5,23.765785,86.413254
2026-06-24 18:00:00,N02,0.1576,0.005256,1.38,0.0589,0.000163,33.5,23.765785,86.413254
2026-06-24 19:00:00,N02,0.19,0.006015,6.16,0.0592,0.000306,31.6,23.765785,86.413254
2026-06-24 20:00:00,N02,0.0304,0.008136,5.13,0.0595,0.000281,29.8,23.765785,86.413254
2026-06-24 21:00:00,N02,0.1038,0.009422,5.55,0.0598,0.00017,28.2,23.765785,86.413254
2026-06-24 22:00:00,N02,0.0415,0.00555,4.59,0.0599,0.000369,27.0,23.765785,86.413254
2026-06-24 23:00:00,N02,-0.1544,0.005523,5.05,0.0605,0.000221,26.3,23.765785,86.413254
2026-06-25 00:00:00,N02,,,,,,,23.765785,86.413254
2026-06-25 01:00:00,N02,-0.0356,0.005529,5.46,0.0607,0.000612,23.1,23.765785,86.413254
2026-06-25 02:00:00,N02,-0.0342,0.006189,5.75,0.0615,0.000717,23.9,23.765785,86.413254
2026-06-25 03:00:00,N02,-0.1445,0.008868,3.69,0.0622,0.000119,25.0,23.765785,86.413254
2026-06-25 04:00:00,N02,-0.0674,0.007188,6.01,0.0613,3.4e-05,26.6,23.765785,86.413254
2026-06-25 05:00:00,N02,0.035,0.006375,9.96,0.0622,0.000983,28.4,23.765785,86.413254
2026-06-25 06:00:00,N02,-0.2031,0.006312,2.5,0.0632,0.000514,30.4,23.765785,86.413254
2026-06-25 07:00:00,N02,-0.2381,0.005379,4.55,0.0633,8.1e-05,32.3,23.765785,86.413254
2026-06-25 08:00:00,N02,0.1092,0.006817,5.01,0.0634,0.009599,34.1,23.765785,86.413254
2026-06-25 09:00:00,N02,,,,,,,23.765785,86.413254
2026-06-25 10:00:00,N02,,,,,,,23.765785,86.413254
2026-06-25 11:00:00,N02,,,,,,,23.765785,86.413254
2026-06-25 12:00:00,N02,,,,,,,23.765785,86.413254
2026-06-25 13:00:00,N02,0.1648,0.006294,1.94,0.0631,5.6e-05,37.6,23.765785,86.413254
2026-06-25 14:00:00,N02,-0.0838,0.00703,7.81,0.0626,0.000649,36.8,23.765785,86.413254
2026-06-25 15:00:00,N02,-0.3331,0.007043,7.4,0.0618,0.000326,35.7,23.765785,86.413254
2026-06-25 16:00:00,N02,0.4719,0.006098,5.52,0.062,9.7e-05,34.1,23.765785,86.413254
2026-06-25 17:00:00,N02,0.049,0.00606,2.9,0.062,5e-06,32.3,23.765785,86.413254
2026-06-25 18:00:00,N02,0.1613,0.00525,3.03,0.062,5.6e-05,30.4,23.765785,86.413254
2026-06-25 19:00:00,N02,0.1285,0.009437,9.43,0.0621,0.000319,28.4,23.765785,86.413254
2026-06-25 20:00:00,N02,-0.0321,0.006632,9.87,0.0613,0.000619,26.6,23.765785,86.413254
2026-06-25 21:00:00,N02,-0.1041,0.005329,5.26,0.0609,1.7e-05,25.0,23.765785,86.413254
2026-06-25 22:00:00,N02,-0.2179,0.009987,9.98,0.0614,5.7e-05,23.9,23.765785,86.413254
2026-06-25 23:00:00,N02,-0.0017,0.006128,5.85,0.061,8.4e-05,23.1,23.765785,86.413254
2026-06-26 00:00:00,N02,0.3267,0.007196,6.13,0.0612,8.4e-05,24.4,23.765785,86.413254
2026-06-26 01:00:00,N02,0.0792,0.006294,2.31,0.0612,9.9e-05,24.6,23.765785,86.413254
2026-06-26 02:00:00,N02,0.0669,0.005412,7.94,0.061,0.000206,25.4,23.765785,86.413254
2026-06-26 03:00:00,N02,-0.1144,0.007436,5.31,0.0608,0.000195,26.6,23.765785,86.413254
2026-06-26 04:00:00,N02,0.2231,0.006281,3.43,0.0606,0.000188,28.1,23.765785,86.413254
2026-06-26 05:00:00,N02,-0.0233,0.005714,2.49,0.0604,9e-05,30.0,23.765785,86.413254
2026-06-26 06:00:00,N02,-0.1166,0.007149,6.68,0.0604,5.8e-05,31.9,23.765785,86.413254
2026-06-26 07:00:00,N02,0.0138,0.007354,3.6,0.0605,0.000176,33.8,23.765785,86.413254
2026-06-26 08:00:00,N02,0.1996,0.005401,9.19,0.0601,0.000407,35.6,23.765785,86.413254
2026-06-26 09:00:00,N02,0.2229,0.007648,1.63,0.0597,0.000389,37.2,23.765785,86.413254
2026-06-26 10:00:00,N02,0.1675,0.007332,8.95,0.0593,0.000185,38.4,23.765785,86.413254
2026-06-26 11:00:00,N02,0.1067,0.007006,5.88,0.0593,0.000518,39.1,23.765785,86.413254
2026-06-26 12:00:00,N02,0.2249,0.010243,7.73,0.0583,0.000502,39.4,23.765785,86.413254
2026-06-26 13:00:00,N02,-0.1354,0.00724,2.11,0.0583,0.000309,39.1,23.765785,86.413254
2026-06-26 14:00:00,N02,-0.1077,0.007522,5.55,0.0576,0.00065,38.4,23.765785,86.413254
2026-06-26 15:00:00,N02,0.0939,0.007187,2.24,0.057,0.000238,37.2,23.765785,86.413254
2026-06-26 16:00:00,N02,0.0641,0.006474,8.57,0.0572,0.007712,35.6,23.765785,86.413254
2026-06-26 17:00:00,N02,0.0805,0.562735,30.9,0.0724,0.000227,33.8,23.765785,86.413254
2026-06-26 18:00:00,N02,-0.0764,0.008954,8.72,0.0576,0.007139,31.9,23.765785,86.413254
2026-06-26 19:00:00,N02,-0.0154,0.007644,5.78,0.0582,0.000472,30.0,23.765785,86.413254
2026-06-26 20:00:00,N02,-0.0246,0.006613,8.43,0.0586,0.000497,28.1,23.765785,86.413254
2026-06-26 21:00:00,N02,0.2797,0.006472,2.58,0.0592,0.000236,26.6,23.765785,86.413254
2026-06-26 22:00:00,N02,0.0193,0.007277,1.96,0.059,0.000125,25.4,23.765785,86.413254
2026-06-26 23:00:00,N02,-0.1153,0.00742,6.58,0.0594,8e-05,24.6,23.765785,86.413254
2026-06-27 00:00:00,N02,-0.2945,0.005507,1.45,0.0592,8.2e-05,24.7,23.765785,86.413254
2026-06-27 01:00:00,N02,0.0382,0.008683,6.44,0.0592,0.000214,25.0,23.765785,86.413254
2026-06-27 02:00:00,N02,0.0509,0.008293,2.04,0.0596,0.000284,25.7,23.765785,86.413254
2026-06-27 03:00:00,N02,-0.1148,0.008423,9.47,0.0598,0.000434,26.9,23.765785,86.413254
2026-06-27 04:00:00,N02,-0.0109,0.006767,5.3,0.0588,0.000602,28.5,23.765785,86.413254
2026-06-27 05:00:00,N02,0.2565,0.005655,9.2,0.0586,0.000151,30.3,23.765785,86.413254
2026-06-27 06:00:00,N02,-0.0619,0.005959,7.99,0.0585,0.000176,32.2,23.765785,86.413254
2026-06-27 07:00:00,N02,0.0868,0.008734,5.01,0.059,0.000455,34.2,23.765785,86.413254
2026-06-27 08:00:00,N02,0.0542,0.005033,9.3,0.0594,0.000428,36.0,23.765785,86.413254
2026-06-27 09:00:00,N02,-0.1934,0.005513,9.79,0.0598,0.00023,37.5,23.765785,86.413254
2026-06-27 10:00:00,N02,-0.1351,0.005815,4.48,0.0598,1.6e-05,38.7,23.765785,86.413254
2026-06-27 11:00:00,N02,0.1402,0.005744,9.32,0.0598,0.000217,39.5,23.765785,86.413254
2026-06-27 12:00:00,N02,0.0198,0.007094,5.07,0.0594,0.000301,39.7,23.765785,86.413254
2026-06-27 13:00:00,N02,0.1946,0.005009,9.5,0.0592,0.000304,39.5,23.765785,86.413254
2026-06-27 14:00:00,N02,0.2586,0.006683,4.86,0.0588,0.000614,38.7,23.765785,86.413254
2026-06-27 15:00:00,N02,0.014,0.005612,9.08,0.0579,0.000279,37.5,23.765785,86.413254
2026-06-27 16:00:00,N02,-0.3522,0.007834,8.89,0.0582,0.00331,36.0,23.765785,86.413254
2026-06-27 17:00:00,N02,-0.069,0.64351,22.67,0.0646,0.003079,34.2,23.765785,86.413254
2026-06-27 18:00:00,N02,0.0983,0.75571,41.02,0.0644,0.003525,32.2,23.765785,86.413254
2026-06-27 19:00:00,N02,-0.1452,0.007845,6.97,0.0575,0.003514,30.3,23.765785,86.413254
2026-06-27 20:00:00,N02,0.0121,0.005882,1.47,0.0573,0.000287,28.5,23.765785,86.413254
2026-06-27 21:00:00,N02,-0.1803,0.005948,8.3,0.0569,0.000552,26.9,23.765785,86.413254
2026-06-27 22:00:00,N02,0.0263,0.005306,8.11,0.0562,0.00016,25.7,23.765785,86.413254
2026-06-27 23:00:00,N02,0.1055,0.007668,8.53,0.0573,6.4e-05,25.0,23.765785,86.413254
2026-06-28 00:00:00,N02,-0.1813,0.005514,4.27,0.0561,0.001017,23.2,23.765785,86.413254
2026-06-28 01:00:00,N02,0.0488,0.007778,4.16,0.0552,0.000425,23.5,23.765785,86.413254
2026-06-28 02:00:00,N02,-0.4008,0.008993,8.68,0.0553,0.000316,24.2,23.765785,86.413254
2026-06-28 03:00:00,N02,0.2271,0.006553,6.6,0.0559,0.000335,25.4,23.765785,86.413254
2026-06-28 04:00:00,N02,0.2798,0.006977,6.0,0.0546,0.000748,26.9,23.765785,86.413254
2026-06-28 05:00:00,N02,-0.0532,0.005866,6.28,0.0544,0.000394,28.8,23.765785,86.413254
2026-06-28 06:00:00,N02,,,,,,,23.765785,86.413254
2026-06-28 07:00:00,N02,-0.1465,0.941672,15.3,0.0663,0.000345,32.6,23.765785,86.413254
2026-06-28 08:00:00,N02,-0.0977,0.007584,5.86,0.0561,0.005032,34.4,23.765785,86.413254
2026-06-28 09:00:00,N02,0.1131,0.005171,4.65,0.0562,3.5e-05,36.0,23.765785,86.413254
2026-06-28 10:00:00,N02,0.0239,0.006531,6.08,0.0561,0.004468,37.2,23.765785,86.413254
2026-06-28 11:00:00,N02,-0.1567,0.00823,7.19,0.0473,0.004696,37.9,23.765785,86.413254
2026-06-28 12:00:00,N02,0.2898,0.005133,3.67,0.0468,0.000339,38.2,23.765785,86.413254
2026-06-28 13:00:00,N02,0.0766,0.006025,8.71,0.048,0.000516,37.9,23.765785,86.413254
2026-06-28 14:00:00,N02,0.0145,0.006018,5.9,0.0478,0.000367,37.2,23.765785,86.413254
2026-06-28 15:00:00,N02,0.0356,0.006088,2.82,0.0472,7.4e-05,36.0,23.765785,86.413254
2026-06-28 16:00:00,N02,0.2337,0.006978,1.44,0.0476,4e-06,34.4,23.765785,86.413254
2026-06-28 17:00:00,N02,0.0089,0.006153,4.28,0.0472,0.000254,32.6,23.765785,86.413254
2026-06-28 18:00:00,N02,0.002,0.005374,1.68,0.0471,0.000139,30.7,23.765785,86.413254
2026-06-28 19:00:00,N02,-0.1584,0.007353,9.17,0.0475,0.00083,28.8,23.765785,86.413254
2026-06-28 20:00:00,N02,-0.0711,0.005741,9.09,0.0488,0.000832,26.9,23.765785,86.413254
2026-06-28 21:00:00,N02,-0.2155,0.005222,9.75,0.0492,0.000297,25.4,23.765785,86.413254
2026-06-28 22:00:00,N02,-0.3089,0.007792,9.14,0.0494,0.000178,24.2,23.765785,86.413254
2026-06-28 23:00:00,N02,-0.0249,0.008882,7.18,0.0488,0.000645,23.5,23.765785,86.413254
2026-06-29 00:00:00,N02,0.2039,0.0053,6.25,0.0481,0.000419,26.3,23.765785,86.413254
2026-06-29 01:00:00,N02,0.0541,0.005592,3.51,0.048,4.7e-05,26.5,23.765785,86.413254
2026-06-29 02:00:00,N02,0.1416,0.005466,4.84,0.048,5.3e-05,27.3,23.765785,86.413254
2026-06-29 03:00:00,N02,0.191,0.005194,9.48,0.0479,2.5e-05,28.5,23.765785,86.413254
2026-06-29 04:00:00,N02,0.0882,0.00917,3.89,0.0479,3.3e-05,30.0,23.765785,86.413254
2026-06-29 05:00:00,N02,0.0697,0.007876,1.78,0.0478,0.000238,31.8,23.765785,86.413254
2026-06-29 06:00:00,N02,-0.2371,0.006115,3.81,0.0484,0.006333,33.8,23.765785,86.413254
2026-06-29 07:00:00,N02,-0.0816,0.784421,16.8,0.0352,7.3e-05,35.7,23.765785,86.413254
2026-06-29 08:00:00,N02,-0.1942,0.006498,8.89,0.0486,0.006602,37.5,23.765785,86.413254
2026-06-29 09:00:00,N02,0.0093,0.006099,8.58,0.0484,1.4e-05,39.1,23.765785,86.413254
2026-06-29 10:00:00,N02,0.0557,0.006378,3.99,0.0485,0.000248,40.3,23.765785,86.413254
2026-06-29 11:00:00,N02,0.1071,0.006565,2.68,0.0489,9e-06,41.0,23.765785,86.413254
2026-06-29 12:00:00,N02,-0.0059,0.007726,4.73,0.0486,0.000197,41.3,23.765785,86.413254
2026-06-29 13:00:00,N02,0.2415,0.007043,7.64,0.0485,0.005085,41.0,23.765785,86.413254
2026-06-29 14:00:00,N02,0.2559,0.726946,44.06,0.0587,0.000417,40.3,23.765785,86.413254
2026-06-29 15:00:00,N02,-0.0953,0.008449,8.65,0.0493,0.004212,39.1,23.765785,86.413254
2026-06-29 16:00:00,N02,0.1822,0.00768,7.15,0.0503,0.00061,37.5,23.765785,86.413254
2026-06-29 17:00:00,N02,0.0707,0.005215,2.32,0.0505,0.00013,35.7,23.765785,86.413254
2026-06-29 18:00:00,N02,-0.1305,0.005834,8.95,0.0506,0.000106,33.8,23.765785,86.413254
2026-06-29 19:00:00,N02,0.1328,0.010118,3.58,0.0507,6.7e-05,31.8,23.765785,86.413254
2026-06-29 20:00:00,N02,-0.289,0.005216,4.77,0.0507,5e-05,30.0,23.765785,86.413254
2026-06-29 21:00:00,N02,-0.1352,0.009832,9.19,0.0506,0.000356,28.5,23.765785,86.413254
2026-06-29 22:00:00,N02,0.0325,0.00635,9.69,0.0514,0.00029,27.3,23.765785,86.413254
2026-06-29 23:00:00,N02,0.0677,0.005351,9.48,0.0512,0.000245,26.5,23.765785,86.413254
2026-06-30 00:00:00,N02,-0.0856,0.006451,7.41,0.0519,0.000348,23.1,23.765785,86.413254
2026-06-30 01:00:00,N02,,,,,,,23.765785,86.413254
2026-06-30 02:00:00,N02,,,,,,,23.765785,86.413254
2026-06-30 03:00:00,N02,,,,,,,23.765785,86.413254
2026-06-30 04:00:00,N02,,,,,,,23.765785,86.413254
2026-06-30 05:00:00,N02,0.0383,0.005335,1.34,0.0526,0.01007,28.7,23.765785,86.413254
2026-06-30 06:00:00,N02,-0.1098,0.86054,47.74,0.0327,0.009643,30.6,23.765785,86.413254
2026-06-30 07:00:00,N02,,,,,,,23.765785,86.413254
2026-06-30 08:00:00,N02,0.1574,0.719663,25.48,0.0471,0.009552,34.4,23.765785,86.413254
2026-06-30 09:00:00,N02,-0.205,0.007733,8.08,0.0524,0.00264,35.9,23.765785,86.413254
2026-06-30 10:00:00,N02,0.1007,0.009754,4.82,0.0524,0.000271,37.1,23.765785,86.413254
2026-06-30 11:00:00,N02,0.0724,0.005442,3.87,0.0529,6.6e-05,37.9,23.765785,86.413254
2026-06-30 12:00:00,N02,0.1062,0.006214,1.82,0.0525,0.00015,38.1,23.765785,86.413254
2026-06-30 13:00:00,N02,-0.0598,0.00608,4.12,0.0532,0.003123,37.9,23.765785,86.413254
2026-06-30 14:00:00,N02,0.0785,0.541673,48.96,0.0463,0.003251,37.1,23.765785,86.413254
2026-06-30 15:00:00,N02,0.0087,0.651043,16.35,0.0467,0.003297,35.9,23.765785,86.413254
2026-06-30 16:00:00,N02,0.3903,0.0052,1.15,0.0529,0.002889,34.4,23.765785,86.413254
2026-06-30 17:00:00,N02,-0.1151,0.00559,3.1,0.0525,0.000551,32.6,23.765785,86.413254
2026-06-30 18:00:00,N02,0.2319,0.005497,2.21,0.0518,6.7e-05,30.6,23.765785,86.413254
2026-06-30 19:00:00,N02,0.0084,0.005725,7.5,0.0524,0.000246,28.7,23.765785,86.413254
2026-06-30 20:00:00,N02,-0.0992,0.006616,8.87,0.0523,0.000207,26.9,23.765785,86.413254
2026-06-30 21:00:00,N02,-0.1031,0.005527,2.78,0.052,9.3e-05,25.3,23.765785,86.413254
2026-06-30 22:00:00,N02,0.0429,0.00612,3.22,0.0521,0.000153,24.1,23.765785,86.413254
2026-06-30 23:00:00,N02,-0.0975,0.009017,4.04,0.0516,5.4e-05,23.4,23.765785,86.413254
2026-07-01 00:00:00,N02,-0.0502,0.00673,6.13,0.0522,0.000192,26.2,23.765785,86.413254
2026-07-01 01:00:00,N02,0.021,0.005479,9.6,0.052,0.000159,26.4,23.765785,86.413254
2026-07-01 02:00:00,N02,-0.2675,0.005023,9.74,0.0519,0.000434,27.2,23.765785,86.413254
2026-07-01 03:00:00,N02,-0.0584,0.005595,2.05,0.0512,0.000276,28.4,23.765785,86.413254
2026-07-01 04:00:00,N02,0.074,0.005071,8.28,0.0513,0.000261,29.9,23.765785,86.413254
2026-07-01 05:00:00,N02,-0.0664,0.005527,5.32,0.0517,0.00426,31.7,23.765785,86.413254
2026-07-01 06:00:00,N02,0.0543,0.818647,22.14,0.0428,0.004133,33.7,23.765785,86.413254
2026-07-01 07:00:00,N02,0.1956,0.616064,20.23,0.0434,0.005318,35.6,23.765785,86.413254
2026-07-01 08:00:00,N02,0.1373,0.006497,8.64,0.0535,0.005158,37.4,23.765785,86.413254
2026-07-01 09:00:00,N02,-0.1065,0.006481,6.02,0.0537,0.000207,39.0,23.765785,86.413254
2026-07-01 10:00:00,N02,0.1661,0.006059,3.0,0.0539,9.9e-05,40.2,23.765785,86.413254
2026-07-01 11:00:00,N02,-0.0037,0.007307,1.58,0.0539,7.5e-05,40.9,23.765785,86.413254
2026-07-01 12:00:00,N02,-0.1068,0.007619,8.1,0.0537,6.8e-05,41.2,23.765785,86.413254
2026-07-01 13:00:00,N02,0.109,0.006024,9.14,0.0541,6.6e-05,40.9,23.765785,86.413254
2026-07-01 14:00:00,N02,-0.2036,0.009221,3.89,0.0538,0.002267,40.2,23.765785,86.413254
2026-07-01 15:00:00,N02,,,,,,,23.765785,86.413254
2026-07-01 16:00:00,N02,,,,,,,23.765785,86.413254
2026-07-01 17:00:00,N02,,,,,,,23.765785,86.413254
2026-07-01 18:00:00,N02,,,,,,,23.765785,86.413254
2026-07-01 19:00:00,N02,,,,,,,23.765785,86.413254
2026-07-01 20:00:00,N02,-0.0328,0.005389,4.13,0.0534,0.000389,29.9,23.765785,86.413254
2026-07-01 21:00:00,N02,-0.0823,0.005207,5.47,0.0538,5.9e-05,28.4,23.765785,86.413254
2026-07-01 22:00:00,N02,-0.1758,0.005365,8.29,0.0533,0.000209,27.2,23.765785,86.413254
2026-07-01 23:00:00,N02,-0.0383,0.005048,4.7,0.0534,1.5e-05,26.4,23.765785,86.413254
2026-07-02 00:00:00,N02,0.0073,0.005727,2.44,0.0533,0.000541,25.3,23.765785,86.413254
2026-07-02 01:00:00,N02,-0.0589,0.007048,6.32,0.0523,0.000828,25.6,23.765785,86.413254
2026-07-02 02:00:00,N02,0.3759,0.005456,5.28,0.0517,0.000367,26.3,23.765785,86.413254
2026-07-02 03:00:00,N02,0.0093,0.005031,4.53,0.0516,0.000122,27.5,23.765785,86.413254
2026-07-02 04:00:00,N02,-0.0961,0.005038,7.48,0.0519,6.2e-05,29.1,23.765785,86.413254
2026-07-02 05:00:00,N02,-0.4119,0.006011,8.97,0.0515,0.000161,30.9,23.765785,86.413254
2026-07-02 06:00:00,N02,-0.1157,0.005392,6.98,0.0516,0.000314,32.8,23.765785,86.413254
2026-07-02 07:00:00,N02,-0.0466,0.011066,4.88,0.0508,0.000615,34.8,23.765785,86.413254
2026-07-02 08:00:00,N02,-0.1376,0.007524,8.46,0.0504,0.005554,36.6,23.765785,86.413254
2026-07-02 09:00:00,N02,-0.1089,0.989691,22.39,0.0397,0.000255,38.1,23.765785,86.413254
2026-07-02 10:00:00,N02,-0.1031,0.005442,7.65,0.0498,0.005209,39.3,23.765785,86.413254
2026-07-02 11:00:00,N02,-0.0442,0.005562,2.28,0.0502,3.3e-05,40.1,23.765785,86.413254
2026-07-02 12:00:00,N02,0.1057,0.007477,7.74,0.0499,0.000121,40.3,23.765785,86.413254
2026-07-02 13:00:00,N02,0.1485,0.00559,6.52,0.0499,0.000115,40.1,23.765785,86.413254
2026-07-02 14:00:00,N02,,,,,,,23.765785,86.413254
2026-07-02 15:00:00,N02,0.0014,0.006017,5.7,0.0498,0.000234,38.1,23.765785,86.413254
2026-07-02 16:00:00,N02,0.0269,0.007221,1.01,0.0492,0.000273,36.6,23.765785,86.413254
2026-07-02 17:00:00,N02,0.0667,0.00609,5.97,0.0493,0.000203,34.8,23.765785,86.413254
2026-07-02 18:00:00,N02,0.0685,0.005148,9.44,0.0496,0.000121,32.8,23.765785,86.413254
2026-07-02 19:00:00,N02,0.275,0.006597,7.04,0.0495,0.000323,30.9,23.765785,86.413254
2026-07-02 20:00:00,N02,0.2193,0.007889,7.28,0.049,5.7e-05,29.1,23.765785,86.413254
2026-07-02 21:00:00,N02,0.0949,0.006118,7.88,0.0496,0.000419,27.5,23.765785,86.413254
2026-07-02 22:00:00,N02,0.203,0.006163,3.83,0.0498,0.000426,26.3,23.765785,86.413254
2026-07-02 23:00:00,N02,-0.0222,0.007574,4.96,0.0505,0.000402,25.6,23.765785,86.413254
2026-07-03 00:00:00,N02,-0.1394,0.005888,9.33,0.0506,2.3e-05,23.6,23.765785,86.413254
2026-07-03 01:00:00,N02,,,,,,,23.765785,86.413254
2026-07-03 02:00:00,N02,,,,,,,23.765785,86.413254
2026-07-03 03:00:00,N02,,,,,,,23.765785,86.413254
2026-07-03 04:00:00,N02,,,,,,,23.765785,86.413254
2026-07-03 05:00:00,N02,,,,,,,23.765785,86.413254
2026-07-03 06:00:00,N02,-0.2381,0.005994,2.25,0.0518,0.00013,31.1,23.765785,86.413254
2026-07-03 07:00:00,N02,-0.0847,0.008873,8.14,0.0513,0.000315,33.1,23.765785,86.413254
2026-07-03 08:00:00,N02,0.1467,0.005141,7.95,0.0512,0.000193,34.9,23.765785,86.413254
2026-07-03 09:00:00,N02,0.0648,0.006452,2.07,0.051,0.004023,36.4,23.765785,86.413254
2026-07-03 10:00:00,N02,-0.1115,0.752591,19.08,0.0592,1.5e-05,37.6,23.765785,86.413254
2026-07-03 11:00:00,N02,0.0744,0.005153,5.57,0.051,0.003685,38.4,23.765785,86.413254
2026-07-03 12:00:00,N02,-0.0341,0.005342,6.01,0.0518,0.000172,38.6,23.765785,86.413254
2026-07-03 13:00:00,N02,0.124,0.006191,3.68,0.0513,0.000336,38.4,23.765785,86.413254
2026-07-03 14:00:00,N02,0.175,0.005071,9.82,0.0512,5.5e-05,37.6,23.765785,86.413254
2026-07-03 15:00:00,N02,0.3651,0.005641,3.72,0.0512,5.2e-05,36.4,23.765785,86.413254
2026-07-03 16:00:00,N02,0.1155,0.009329,9.25,0.0511,0.000191,34.9,23.765785,86.413254
2026-07-03 17:00:00,N02,0.1634,0.007694,7.22,0.0516,6.2e-05,33.1,23.765785,86.413254
2026-07-03 18:00:00,N02,0.0375,0.005719,8.85,0.0512,0.000119,31.1,23.765785,86.413254
2026-07-03 19:00:00,N02,-0.0128,0.008531,8.65,0.0514,0.000577,29.2,23.765785,86.413254
2026-07-03 20:00:00,N02,-0.0229,0.005734,4.93,0.05,0.000926,27.4,23.765785,86.413254
2026-07-03 21:00:00,N02,0.3317,0.005109,4.17,0.0495,0.000354,25.8,23.765785,86.413254
2026-07-03 22:00:00,N02,0.0681,0.007456,5.1,0.0493,0.000318,24.6,23.765785,86.413254
2026-07-03 23:00:00,N02,-0.2384,0.005732,9.62,0.0489,6.5e-05,23.9,23.765785,86.413254
2026-07-04 00:00:00,N02,-0.0249,0.005715,7.75,0.0492,6.7e-05,25.4,23.765785,86.413254
2026-07-04 01:00:00,N02,-0.0058,0.007808,1.24,0.049,0.000191,25.6,23.765785,86.413254
2026-07-04 02:00:00,N02,0.0512,0.006409,3.42,0.0488,7e-06,26.4,23.765785,86.413254
2026-07-04 03:00:00,N02,0.2247,0.006958,8.15,0.049,0.000148,27.6,23.765785,86.413254
2026-07-04 04:00:00,N02,0.1336,0.006597,4.59,0.0491,7.4e-05,29.1,23.765785,86.413254
2026-07-04 05:00:00,N02,-0.1051,0.006377,2.4,0.0489,0.00014,30.9,23.765785,86.413254
2026-07-04 06:00:00,N02,,,,,,,23.765785,86.413254
2026-07-04 07:00:00,N02,,,,,,,23.765785,86.413254
2026-07-04 08:00:00,N02,,,,,,,23.765785,86.413254
2026-07-04 09:00:00,N02,,,,,,,23.765785,86.413254
2026-07-04 10:00:00,N02,,,,,,,23.765785,86.413254
2026-07-04 11:00:00,N02,-0.1282,0.006971,1.95,0.0515,0.00043,40.1,23.765785,86.413254
2026-07-04 12:00:00,N02,-0.0185,0.007971,1.16,0.0525,0.000751,40.4,23.765785,86.413254
2026-07-04 13:00:00,N02,0.1428,0.005281,1.8,0.053,0.003367,40.1,23.765785,86.413254
2026-07-04 14:00:00,N02,0.2216,0.702686,43.01,0.0457,0.004065,39.4,23.765785,86.413254
2026-07-04 15:00:00,N02,0.1965,0.803728,38.24,0.0449,0.003548,38.2,23.765785,86.413254
2026-07-04 16:00:00,N02,-0.0257,0.005252,5.76,0.0528,0.003826,36.6,23.765785,86.413254
2026-07-04 17:00:00,N02,-0.1059,0.007996,4.78,0.0526,0.000361,34.8,23.765785,86.413254
2026-07-04 18:00:00,N02,0.0496,0.006495,1.7,0.0521,7.8e-05,32.9,23.765785,86.413254
2026-07-04 19:00:00,N02,-0.0604,0.009258,1.7,0.0524,0.000104,30.9,23.765785,86.413254
2026-07-04 20:00:00,N02,-0.3135,0.005902,2.65,0.0523,0.000288,29.1,23.765785,86.413254
2026-07-04 21:00:00,N02,-0.1563,0.005785,1.54,0.053,0.000308,27.6,23.765785,86.413254
2026-07-04 22:00:00,N02,0.2223,0.006463,9.1,0.0529,0.000246,26.4,23.765785,86.413254
2026-07-04 23:00:00,N02,0.0941,0.006481,7.62,0.0525,0.000234,25.6,23.765785,86.413254
2026-07-05 00:00:00,N02,0.1685,0.006826,9.24,0.0525,5.6e-05,28.5,23.765785,86.413254
2026-07-05 01:00:00,N02,-0.0207,0.007294,9.1,0.0524,0.000231,28.7,23.765785,86.413254
2026-07-05 02:00:00,N02,0.0707,0.006302,6.88,0.052,0.000164,29.5,23.765785,86.413254
2026-07-05 03:00:00,N02,0.1406,0.007178,6.84,0.052,0.00037,30.7,23.765785,86.413254
2026-07-05 04:00:00,N02,0.3016,0.007622,4.92,0.0513,0.000135,32.2,23.765785,86.413254
2026-07-05 05:00:00,N02,0.1984,0.006279,4.85,0.0518,0.000256,34.0,23.765785,86.413254
2026-07-05 06:00:00,N02,0.2397,0.007221,2.82,0.0518,2e-06,36.0,23.765785,86.413254
2026-07-05 07:00:00,N02,,,,,,,23.765785,86.413254
2026-07-05 08:00:00,N02,,,,,,,23.765785,86.413254
2026-07-05 09:00:00,N02,0.0141,0.006176,2.66,0.0512,0.003284,41.3,23.765785,86.413254
2026-07-05 10:00:00,N02,-0.0094,0.009971,3.46,0.0515,0.000163,42.5,23.765785,86.413254
2026-07-05 11:00:00,N02,0.1056,0.005875,2.09,0.0509,0.000503,43.2,23.765785,86.413254
2026-07-05 12:00:00,N02,0.0813,0.008252,1.27,0.0504,3.3e-05,43.5,23.765785,86.413254
2026-07-05 13:00:00,N02,0.0327,0.006066,2.55,0.0508,0.009012,43.2,23.765785,86.413254
2026-07-05 14:00:00,N02,0.2026,0.856172,25.31,0.0324,0.008986,42.5,23.765785,86.413254
2026-07-05 15:00:00,N02,-0.0797,0.847798,27.8,0.0329,0.009621,41.3,23.765785,86.413254
2026-07-05 16:00:00,N02,0.0815,0.0104,3.01,0.0517,0.009675,39.7,23.765785,86.413254
2026-07-05 17:00:00,N02,0.0598,0.006451,1.56,0.0522,0.000247,37.9,23.765785,86.413254
2026-07-05 18:00:00,N02,-0.0958,0.006061,7.46,0.0522,0.000256,36.0,23.765785,86.413254
2026-07-05 19:00:00,N02,-0.1271,0.00532,5.89,0.0517,0.000246,34.0,23.765785,86.413254
2026-07-05 20:00:00,N02,-0.0,0.005405,6.11,0.0517,0.000326,32.2,23.765785,86.413254
2026-07-05 21:00:00,N02,-0.0859,0.008208,2.35,0.051,0.000491,30.7,23.765785,86.413254
2026-07-05 22:00:00,N02,-0.1997,0.008096,5.44,0.0507,0.000129,29.5,23.765785,86.413254
2026-07-05 23:00:00,N02,-0.1239,0.007924,5.9,0.0508,8.6e-05,28.7,23.765785,86.413254
2026-07-06 00:00:00,N02,0.034,0.005575,1.72,0.0505,0.000123,25.3,23.765785,86.413254
2026-07-06 01:00:00,N02,-0.0579,0.005027,7.28,0.0505,0.000231,25.5,23.765785,86.413254
2026-07-06 02:00:00,N02,-0.0636,0.006041,6.09,0.051,6e-05,26.3,23.765785,86.413254
2026-07-06 03:00:00,N02,0.0661,0.007441,3.19,0.0507,0.000471,27.5,23.765785,86.413254
2026-07-06 04:00:00,N02,-0.2137,0.009714,4.31,0.05,0.000447,29.0,23.765785,86.413254
2026-07-06 05:00:00,N02,0.1873,0.005517,1.09,0.0498,9.3e-05,30.8,23.765785,86.413254
2026-07-06 06:00:00,N02,,,,,,,23.765785,86.413254
2026-07-06 07:00:00,N02,0.0875,0.610011,24.3,0.0677,0.008376,34.7,23.765785,86.413254
2026-07-06 08:00:00,N02,0.1304,0.939796,37.73,0.067,0.008959,36.5,23.765785,86.413254
2026-07-06 09:00:00,N02,0.2007,0.006575,6.64,0.0498,0.008467,38.1,23.765785,86.413254
2026-07-06 10:00:00,N02,0.0351,0.006069,2.11,0.05,0.003763,39.3,23.765785,86.413254
2026-07-06 11:00:00,N02,-0.3245,0.782345,28.61,0.0423,0.004128,40.0,23.765785,86.413254
2026-07-06 12:00:00,N02,-0.1665,0.686847,25.2,0.0418,0.003948,40.3,23.765785,86.413254
2026-07-06 13:00:00,N02,,,,,,,23.765785,86.413254
2026-07-06 14:00:00,N02,,,,,,,23.765785,86.413254
2026-07-06 15:00:00,N02,,,,,,,23.765785,86.413254
2026-07-06 16:00:00,N02,,,,,,,23.765785,86.413254
2026-07-06 17:00:00,N02,,,,,,,23.765785,86.413254
2026-07-06 18:00:00,N02,0.0878,0.006202,6.25,0.0505,0.000128,32.8,23.765785,86.413254
2026-07-06 19:00:00,N02,,,,,,,23.765785,86.413254
2026-07-06 20:00:00,N02,,,,,,,23.765785,86.413254
2026-07-06 21:00:00,N02,0.0676,0.005841,3.95,0.0496,0.000255,27.5,23.765785,86.413254
2026-07-06 22:00:00,N02,,,,,,,23.765785,86.413254
2026-07-06 23:00:00,N02,0.1741,0.006307,5.83,0.0499,0.000507,25.5,23.765785,86.413254
2026-07-07 00:00:00,N02,-0.2449,0.006558,9.89,0.0504,0.000481,26.5,23.765785,86.413254
2026-07-07 01:00:00,N02,-0.1309,0.005899,2.34,0.0508,0.000311,26.8,23.765785,86.413254
2026-07-07 02:00:00,N02,-0.1049,0.0066,2.56,0.051,0.000348,27.5,23.765785,86.413254
2026-07-07 03:00:00,N02,0.1438,0.00533,8.75,0.0515,0.000342,28.7,23.765785,86.413254
2026-07-07 04:00:00,N02,0.0412,0.006397,3.11,0.0517,0.000152,30.3,23.765785,86.413254
2026-07-07 05:00:00,N02,-0.0398,0.005818,9.26,0.0518,0.000136,32.1,23.765785,86.413254
2026-07-07 06:00:00,N02,0.0206,0.005696,8.28,0.052,0.000132,34.0,23.765785,86.413254
2026-07-07 07:00:00,N02,0.088,0.006529,2.68,0.0521,0.000389,36.0,23.765785,86.413254
2026-07-07 08:00:00,N02,,,,,,,23.765785,86.413254
2026-07-07 09:00:00,N02,,,,,,,23.765785,86.413254
2026-07-07 10:00:00,N02,0.086,0.00885,4.6,0.0545,0.00066,40.5,23.765785,86.413254
2026-07-07 11:00:00,N02,0.0869,0.008921,1.15,0.0547,8.3e-05,41.3,23.765785,86.413254
2026-07-07 12:00:00,N02,-0.0999,0.008629,5.79,0.0546,0.008079,41.5,23.765785,86.413254
2026-07-07 13:00:00,N02,-0.0242,0.567125,26.97,0.0708,0.004857,41.3,23.765785,86.413254
2026-07-07 14:00:00,N02,0.1374,0.693277,21.24,0.0449,0.013154,40.5,23.765785,86.413254
2026-07-07 15:00:00,N02,-0.1494,0.877842,38.97,0.0445,0.004138,39.3,23.765785,86.413254
2026-07-07 16:00:00,N02,0.1385,0.005166,2.19,0.0532,0.004243,37.8,23.765785,86.413254
2026-07-07 17:00:00,N02,-0.06,0.005602,1.83,0.053,0.000149,36.0,23.765785,86.413254
2026-07-07 18:00:00,N02,0.3195,0.006391,9.88,0.0529,5.1e-05,34.0,23.765785,86.413254
2026-07-07 19:00:00,N02,-0.0045,0.007211,8.72,0.0529,2.4e-05,32.1,23.765785,86.413254
2026-07-07 20:00:00,N02,0.07,0.005641,9.12,0.0529,5.6e-05,30.3,23.765785,86.413254
2026-07-07 21:00:00,N02,0.0213,0.006412,5.98,0.0528,0.000117,28.7,23.765785,86.413254
2026-07-07 22:00:00,N02,-0.217,0.008808,4.6,0.0527,0.000294,27.5,23.765785,86.413254
2026-07-07 23:00:00,N02,-0.0621,0.006757,1.6,0.0522,0.000334,26.8,23.765785,86.413254
2026-07-08 00:00:00,N02,0.2525,0.005653,4.88,0.052,0.000231,25.4,23.765785,86.413254
2026-07-08 01:00:00,N02,0.0305,0.007492,3.36,0.0518,0.000136,25.7,23.765785,86.413254
2026-07-08 02:00:00,N02,-0.0376,0.007011,5.97,0.0518,0.000625,26.4,23.765785,86.413254
2026-07-08 03:00:00,N02,0.1432,0.005086,1.64,0.0505,0.000475,27.6,23.765785,86.413254
2026-07-08 04:00:00,N02,-0.0061,0.007216,8.71,0.0508,0.000142,29.1,23.765785,86.413254
2026-07-08 05:00:00,N02,-0.0613,0.011396,8.98,0.0508,0.000168,31.0,23.765785,86.413254
2026-07-08 06:00:00,N02,0.3565,0.007477,2.46,0.0511,0.000361,32.9,23.765785,86.413254
2026-07-08 07:00:00,N02,-0.1348,0.007194,8.22,0.0515,4e-05,34.8,23.765785,86.413254
2026-07-08 08:00:00,N02,-0.1366,0.006852,7.04,0.0511,0.004454,36.6,23.765785,86.413254
2026-07-08 09:00:00,N02,0.0739,0.634932,30.63,0.0604,0.000702,38.2,23.765785,86.413254
2026-07-08 10:00:00,N02,-0.1501,0.005838,7.93,0.0497,0.005394,39.4,23.765785,86.413254
2026-07-08 11:00:00,N02,-0.1537,0.005524,1.9,0.0496,0.006917,40.1,23.765785,86.413254
2026-07-08 12:00:00,N02,0.2061,0.799342,27.08,0.0635,0.007312,40.4,23.765785,86.413254
2026-07-08 13:00:00,N02,-0.1593,0.630159,48.41,0.0643,0.006339,40.1,23.765785,86.413254
2026-07-08 14:00:00,N02,-0.0824,0.006232,4.26,0.0508,0.006729,39.4,23.765785,86.413254
2026-07-08 15:00:00,N02,-0.1148,0.007954,6.78,0.0508,0.000185,38.2,23.765785,86.413254
2026-07-08 16:00:00,N02,0.1599,0.006488,6.77,0.0504,0.000431,36.6,23.765785,86.413254
2026-07-08 17:00:00,N02,-0.1446,0.005289,3.33,0.0499,4.1e-05,34.8,23.765785,86.413254
2026-07-08 18:00:00,N02,0.5579,0.00806,1.79,0.0504,0.000134,32.9,23.765785,86.413254
2026-07-08 19:00:00,N02,0.0552,0.006914,8.52,0.0502,0.000196,31.0,23.765785,86.413254
2026-07-08 20:00:00,N02,-0.0026,0.005917,8.12,0.0508,0.000358,29.1,23.765785,86.413254
2026-07-08 21:00:00,N02,0.1393,0.005136,4.14,0.0509,0.000307,27.6,23.765785,86.413254
2026-07-08 22:00:00,N02,0.261,0.008545,7.63,0.0514,0.000186,26.4,23.765785,86.413254
2026-07-08 23:00:00,N02,-0.0303,0.005238,1.49,0.0513,0.000611,25.7,23.765785,86.413254
2026-07-09 00:00:00,N02,0.0279,0.007673,4.59,0.0501,0.000211,25.9,23.765785,86.413254
2026-07-09 01:00:00,N02,-0.0361,0.006325,6.33,0.0509,0.000499,26.1,23.765785,86.413254
2026-07-09 02:00:00,N02,-0.1977,0.006633,7.6,0.0511,0.000241,26.9,23.765785,86.413254
2026-07-09 03:00:00,N02,0.067,0.005159,4.98,0.0513,0.000184,28.0,23.765785,86.413254
2026-07-09 04:00:00,N02,-0.0082,0.005679,2.92,0.0508,0.000228,29.6,23.765785,86.413254
2026-07-09 05:00:00,N02,0.1007,0.00767,9.23,0.0509,0.00571,31.4,23.765785,86.413254
2026-07-09 06:00:00,N02,-0.0183,0.72903,36.98,0.0622,0.005789,33.4,23.765785,86.413254
2026-07-09 07:00:00,N02,0.0785,0.75184,15.81,0.0625,0.00556,35.3,23.765785,86.413254
2026-07-09 08:00:00,N02,0.1468,0.006053,7.67,0.0511,0.005961,37.1,23.765785,86.413254
2026-07-09 09:00:00,N02,-0.0069,0.005527,6.84,0.0505,0.000413,38.7,23.765785,86.413254
2026-07-09 10:00:00,N02,0.0745,0.005678,1.31,0.0503,0.000295,39.8,23.765785,86.413254
2026-07-09 11:00:00,N02,0.0545,0.005696,1.54,0.05,8.6e-05,40.6,23.765785,86.413254
2026-07-09 12:00:00,N02,0.0754,0.005646,9.42,0.0501,0.000122,40.9,23.765785,86.413254
2026-07-09 13:00:00,N02,-0.0364,0.006246,1.21,0.0502,0.000343,40.6,23.765785,86.413254
2026-07-09 14:00:00,N02,0.4221,0.006796,7.65,0.0508,0.000237,39.8,23.765785,86.413254
2026-07-09 15:00:00,N02,0.0945,0.00731,7.27,0.0507,0.000164,38.7,23.765785,86.413254
2026-07-09 16:00:00,N02,-0.2418,0.007077,7.19,0.0504,0.000479,37.1,23.765785,86.413254
2026-07-09 17:00:00,N02,0.4841,0.005601,7.59,0.0497,0.000466,35.3,23.765785,86.413254
2026-07-09 18:00:00,N02,0.1158,0.006609,7.06,0.0495,0.000249,33.4,23.765785,86.413254
2026-07-09 19:00:00,N02,-0.1059,0.005424,7.97,0.0502,0.000445,31.4,23.765785,86.413254
2026-07-09 20:00:00,N02,0.0304,0.006349,2.09,0.0504,0.000164,29.6,23.765785,86.413254
2026-07-09 21:00:00,N02,-0.0022,0.005347,5.01,0.0499,1.1e-05,28.0,23.765785,86.413254
2026-07-09 22:00:00,N02,0.1206,0.005606,7.05,0.0504,4e-06,26.9,23.765785,86.413254
2026-07-09 23:00:00,N02,0.037,0.00509,3.55,0.0499,0.000679,26.1,23.765785,86.413254
2026-07-10 00:00:00,N02,0.065,0.00655,2.28,0.0491,0.000255,29.9,23.765785,86.413254
2026-07-10 01:00:00,N02,-0.3788,0.008054,4.8,0.0494,7.4e-05,30.1,23.765785,86.413254
2026-07-10 02:00:00,N02,-0.2574,0.007109,9.82,0.0489,1.6e-05,30.9,23.765785,86.413254
2026-07-10 03:00:00,N02,,,,,,,23.765785,86.413254
2026-07-10 04:00:00,N02,,,,,,,23.765785,86.413254
2026-07-10 05:00:00,N02,,,,,,,23.765785,86.413254
2026-07-10 06:00:00,N02,,,,,,,23.765785,86.413254
2026-07-10 07:00:00,N02,,,,,,,23.765785,86.413254
2026-07-10 08:00:00,N02,-0.0673,0.006428,5.28,0.0496,0.000781,41.1,23.765785,86.413254
2026-07-10 09:00:00,N02,0.1178,0.007041,2.25,0.0491,2.2e-05,42.7,23.765785,86.413254
2026-07-10 10:00:00,N02,0.0509,0.00506,4.46,0.0496,0.006178,43.8,23.765785,86.413254
2026-07-10 11:00:00,N02,-0.1461,0.612957,16.57,0.0368,0.006538,44.6,23.765785,86.413254
2026-07-10 12:00:00,N02,0.055,0.651797,21.14,0.0365,0.006302,44.9,23.765785,86.413254
2026-07-10 13:00:00,N02,0.1448,0.005303,7.98,0.0494,0.006075,44.6,23.765785,86.413254
2026-07-10 14:00:00,N02,0.1714,0.005207,9.7,0.0486,0.001052,43.8,23.765785,86.413254
2026-07-10 15:00:00,N02,-0.0596,0.005685,7.95,0.0473,0.001569,42.7,23.765785,86.413254
2026-07-10 16:00:00,N02,-0.0861,0.009073,4.79,0.0455,0.001596,41.1,23.765785,86.413254
2026-07-10 17:00:00,N02,-0.0861,0.00681,1.8,0.0441,0.001639,39.3,23.765785,86.413254
2026-07-10 18:00:00,N02,0.1788,0.006474,5.86,0.0422,0.001546,37.4,23.765785,86.413254
2026-07-10 19:00:00,N02,0.1386,0.005857,2.72,0.041,0.001508,35.4,23.765785,86.413254
2026-07-10 20:00:00,N02,-0.1833,0.006419,9.46,0.0392,0.001091,33.6,23.765785,86.413254
2026-07-10 21:00:00,N02,-0.1028,0.00926,2.19,0.0388,0.001072,32.0,23.765785,86.413254
2026-07-10 22:00:00,N02,0.0995,0.005522,5.43,0.0371,0.001888,30.9,23.765785,86.413254
2026-07-10 23:00:00,N02,0.0825,0.005838,9.83,0.035,0.001519,30.1,23.765785,86.413254
2026-07-11 00:00:00,N02,0.0236,0.005693,4.46,0.034,0.000876,25.9,23.765785,86.413254
2026-07-11 01:00:00,N02,-0.28,0.005289,8.53,0.0333,0.000615,26.1,23.765785,86.413254
2026-07-11 02:00:00,N02,-0.1551,0.007608,9.37,0.0328,0.000939,26.9,23.765785,86.413254
2026-07-11 03:00:00,N02,0.1496,0.005393,8.46,0.0314,0.00096,28.1,23.765785,86.413254
2026-07-11 04:00:00,N02,0.1231,0.007825,8.62,0.0309,0.000678,29.6,23.765785,86.413254
2026-07-11 05:00:00,N02,0.1605,0.007925,3.3,0.03,0.001036,31.4,23.765785,86.413254
2026-07-11 06:00:00,N02,0.0195,0.00746,2.55,0.0288,0.000904,33.4,23.765785,86.413254
2026-07-11 07:00:00,N02,0.1607,0.005924,9.15,0.0282,0.000309,35.3,23.765785,86.413254
2026-07-11 08:00:00,N02,0.0303,0.006311,7.0,0.0282,0.00054,37.1,23.765785,86.413254
2026-07-11 09:00:00,N02,0.0149,0.006683,9.05,0.0272,0.000969,38.7,23.765785,86.413254
2026-07-11 10:00:00,N02,0.2551,0.005225,9.5,0.0262,0.000413,39.9,23.765785,86.413254
2026-07-11 11:00:00,N02,0.1273,0.007031,8.1,0.0263,0.00032,40.6,23.765785,86.413254
2026-07-11 12:00:00,N02,0.1404,0.005146,3.39,0.0256,0.000646,40.9,23.765785,86.413254
2026-07-11 13:00:00,N02,0.0439,0.007813,8.24,0.025,0.000677,40.6,23.765785,86.413254
2026-07-11 14:00:00,N02,0.0316,0.005222,8.37,0.0242,0.00407,39.9,23.765785,86.413254
2026-07-11 15:00:00,N02,-0.2839,0.957775,48.54,0.0332,0.005012,38.7,23.765785,86.413254
2026-07-11 16:00:00,N02,-0.0794,0.824443,31.57,0.0343,0.003984,37.1,23.765785,86.413254
2026-07-11 17:00:00,N02,0.0038,0.00631,7.77,0.0252,0.004252,35.3,23.765785,86.413254
2026-07-11 18:00:00,N02,-0.0809,0.007006,3.96,0.0258,0.000746,33.4,23.765785,86.413254
2026-07-11 19:00:00,N02,0.0573,0.006785,9.52,0.0267,0.00034,31.4,23.765785,86.413254
2026-07-11 20:00:00,N02,-0.1193,0.006287,9.34,0.0264,0.000517,29.6,23.765785,86.413254
2026-07-11 21:00:00,N02,-0.4397,0.005226,7.16,0.0257,0.000533,28.1,23.765785,86.413254
2026-07-11 22:00:00,N02,-0.0157,0.008093,5.92,0.0254,6e-05,26.9,23.765785,86.413254
2026-07-11 23:00:00,N02,-0.0349,0.005949,3.68,0.0255,0.000243,26.1,23.765785,86.413254
2026-07-12 00:00:00,N02,0.2113,0.006909,3.34,0.0249,2.9e-05,26.5,23.765785,86.413254
2026-07-12 01:00:00,N02,0.0681,0.005638,9.81,0.0256,0.00071,26.7,23.765785,86.413254
2026-07-12 02:00:00,N02,0.139,0.005109,5.8,0.0263,0.000698,27.5,23.765785,86.413254
2026-07-12 03:00:00,N02,0.0053,0.0094,3.98,0.027,0.000792,28.7,23.765785,86.413254
2026-07-12 04:00:00,N02,0.1368,0.007081,5.05,0.0279,0.0005,30.2,23.765785,86.413254
2026-07-12 05:00:00,N02,0.0473,0.005951,7.03,0.028,0.000304,32.0,23.765785,86.413254
2026-07-12 06:00:00,N02,-0.0246,0.00548,8.01,0.0285,0.000241,34.0,23.765785,86.413254
2026-07-12 07:00:00,N02,0.0114,0.005943,4.05,0.0285,2.1e-05,35.9,23.765785,86.413254
2026-07-12 08:00:00,N02,0.0946,0.00639,5.39,0.0285,0.008057,37.7,23.765785,86.413254
2026-07-12 09:00:00,N02,-0.2714,0.748683,21.43,0.0124,0.000412,39.3,23.765785,86.413254
2026-07-12 10:00:00,N02,,,,,,,23.765785,86.413254
2026-07-12 11:00:00,N02,,,,,,,23.765785,86.413254
2026-07-12 12:00:00,N02,,,,,,,23.765785,86.413254
2026-07-12 13:00:00,N02,0.1216,0.007266,9.94,0.0317,0.000218,41.2,23.765785,86.413254
2026-07-12 14:00:00,N02,-0.2233,0.005013,1.88,0.0318,0.0001,40.5,23.765785,86.413254
2026-07-12 15:00:00,N02,-0.0838,0.005359,7.56,0.0319,0.000443,39.3,23.765785,86.413254
2026-07-12 16:00:00,N02,0.2036,0.00562,1.59,0.0327,0.000775,37.7,23.765785,86.413254
2026-07-12 17:00:00,N02,0.1624,0.006216,7.23,0.0334,0.000661,35.9,23.765785,86.413254
2026-07-12 18:00:00,N02,-0.0406,0.007457,3.1,0.034,3e-05,34.0,23.765785,86.413254
2026-07-12 19:00:00,N02,0.1133,0.005337,7.82,0.0334,0.00026,32.0,23.765785,86.413254
2026-07-12 20:00:00,N02,0.2484,0.006889,8.55,0.0335,0.000163,30.2,23.765785,86.413254
2026-07-12 21:00:00,N02,0.2815,0.006879,3.88,0.033,5.3e-05,28.7,23.765785,86.413254
2026-07-12 22:00:00,N02,-0.0465,0.005233,6.97,0.0334,0.000326,27.5,23.765785,86.413254
2026-07-12 23:00:00,N02,0.1015,0.0058,4.1,0.0337,0.00039,26.7,23.765785,86.413254
2026-07-13 00:00:00,N02,0.085,0.005292,6.31,0.0342,0.000464,24.6,23.765785,86.413254
2026-07-13 01:00:00,N02,,,,,,,23.765785,86.413254
2026-07-13 02:00:00,N02,-0.1447,0.008509,2.3,0.035,6e-05,25.6,23.765785,86.413254
2026-07-13 03:00:00,N02,0.0954,0.005412,9.02,0.0345,6.8e-05,26.8,23.765785,86.413254
2026-07-13 04:00:00,N02,-0.1907,0.007386,2.4,0.0351,0.000429,28.4,23.765785,86.413254
2026-07-13 05:00:00,N02,-0.1399,0.006205,4.32,0.0354,0.000347,30.2,23.765785,86.413254
2026-07-13 06:00:00,N02,0.1132,0.007439,6.37,0.0358,0.005462,32.1,23.765785,86.413254
2026-07-13 07:00:00,N02,0.1924,0.90727,48.17,0.0244,0.000541,34.1,23.765785,86.413254
2026-07-13 08:00:00,N02,-0.0949,0.007587,8.14,0.0369,0.011065,35.9,23.765785,86.413254
2026-07-13 09:00:00,N02,0.2009,0.86368,31.18,0.0466,0.005117,37.4,23.765785,86.413254
2026-07-13 10:00:00,N02,-0.1811,0.653131,33.73,0.0471,0.010782,38.6,23.765785,86.413254
2026-07-13 11:00:00,N02,-0.2082,0.739253,29.21,0.025,0.010974,39.4,23.765785,86.413254
2026-07-13 12:00:00,N02,0.2148,0.744603,41.97,0.0252,0.007195,39.6,23.765785,86.413254
2026-07-13 13:00:00,N02,0.1016,0.007482,6.89,0.0394,0.007538,39.4,23.765785,86.413254
2026-07-13 14:00:00,N02,0.0668,0.007712,5.42,0.0402,0.00096,38.6,23.765785,86.413254
2026-07-13 15:00:00,N02,0.1114,0.005118,6.12,0.0413,0.000728,37.4,23.765785,86.413254
2026-07-13 16:00:00,N02,,,,,,,23.765785,86.413254
2026-07-13 17:00:00,N02,,,,,,,23.765785,86.413254
2026-07-13 18:00:00,N02,-0.0509,0.005967,6.41,0.0426,0.000702,32.1,23.765785,86.413254
2026-07-13 19:00:00,N02,-0.0663,0.005092,1.56,0.0431,0.000469,30.2,23.765785,86.413254
2026-07-13 20:00:00,N02,0.4328,0.010198,7.67,0.0436,0.000448,28.4,23.765785,86.413254
2026-07-13 21:00:00,N02,-0.0979,0.006532,8.89,0.044,6.7e-05,26.8,23.765785,86.413254
2026-07-13 22:00:00,N02,0.067,0.006081,4.71,0.0437,0.000433,25.6,23.765785,86.413254
2026-07-13 23:00:00,N02,,,,,,,23.765785,86.413254
2026-07-14 00:00:00,N02,,,,,,,23.765785,86.413254
2026-07-14 01:00:00,N02,,,,,,,23.765785,86.413254
2026-07-14 02:00:00,N02,,,,,,,23.765785,86.413254
2026-07-14 03:00:00,N02,-0.1057,0.005639,5.29,0.0445,0.000438,28.8,23.765785,86.413254
2026-07-14 04:00:00,N02,0.0709,0.007342,5.54,0.0445,0.000116,30.3,23.765785,86.413254
2026-07-14 05:00:00,N02,-0.0202,0.005114,9.07,0.0448,4.1e-05,32.2,23.765785,86.413254
2026-07-14 06:00:00,N02,-0.3932,0.006953,6.97,0.0446,0.000217,34.1,23.765785,86.413254
2026-07-14 07:00:00,N02,0.0203,0.005431,7.26,0.0443,0.000393,36.0,23.765785,86.413254
2026-07-14 08:00:00,N02,-0.0922,0.007334,4.59,0.0438,0.000187,37.8,23.765785,86.413254
2026-07-14 09:00:00,N02,-0.034,0.008221,5.34,0.0439,0.000279,39.4,23.765785,86.413254
2026-07-14 10:00:00,N02,0.2195,0.005874,4.17,0.0444,0.000344,40.6,23.765785,86.413254
2026-07-14 11:00:00,N02,-0.0849,0.00577,6.64,0.0446,0.00054,41.3,23.765785,86.413254
2026-07-14 12:00:00,N02,-0.1727,0.00538,6.63,0.0455,0.006452,41.6,23.765785,86.413254
2026-07-14 13:00:00,N02,0.0313,0.866657,28.15,0.0317,0.000125,41.3,23.765785,86.413254
2026-07-14 14:00:00,N02,0.0707,0.005535,1.79,0.0457,0.007028,40.6,23.765785,86.413254
2026-07-14 15:00:00,N02,-0.0842,0.008775,8.61,0.0458,8.4e-05,39.4,23.765785,86.413254
2026-07-14 16:00:00,N02,,,,,,,23.765785,86.413254
2026-07-14 17:00:00,N02,,,,,,,23.765785,86.413254
2026-07-14 18:00:00,N02,,,,,,,23.765785,86.413254
2026-07-14 19:00:00,N02,,,,,,,23.765785,86.413254
2026-07-14 20:00:00,N02,0.2906,0.007306,1.86,0.045,7.9e-05,30.3,23.765785,86.413254
2026-07-14 21:00:00,N02,-0.0135,0.005467,7.17,0.0454,0.000188,28.8,23.765785,86.413254
2026-07-14 22:00:00,N02,-0.1688,0.005906,4.66,0.0454,0.00024,27.6,23.765785,86.413254
2026-07-14 23:00:00,N02,0.0465,0.007084,7.89,0.0458,8.3e-05,26.9,23.765785,86.413254
2026-07-15 00:00:00,N02,-0.2115,0.006124,9.18,0.0452,9.5e-05,24.8,23.765785,86.413254
2026-07-15 01:00:00,N02,-0.1183,0.005565,9.55,0.0456,0.000721,25.1,23.765785,86.413254
2026-07-15 02:00:00,N02,0.0063,0.009159,3.09,0.0467,0.000196,25.8,23.765785,86.413254
2026-07-15 03:00:00,N02,-0.0345,0.007026,5.84,0.046,0.000419,27.0,23.765785,86.413254
2026-07-15 04:00:00,N02,0.1131,0.008544,2.85,0.0458,0.000218,28.5,23.765785,86.413254
2026-07-15 05:00:00,N02,-0.0511,0.007264,3.42,0.0456,8.2e-05,30.4,23.765785,86.413254
2026-07-15 06:00:00,N02,0.0636,0.00787,4.9,0.0457,0.007871,32.3,23.765785,86.413254
2026-07-15 07:00:00,N02,0.0431,0.979414,39.86,0.0299,0.001534,34.2,23.765785,86.413254
2026-07-15 08:00:00,N02,-0.0856,0.661906,23.73,0.0426,0.007947,36.0,23.765785,86.413254
2026-07-15 09:00:00,N02,,,,,,,23.765785,86.413254
2026-07-15 10:00:00,N02,0.1431,0.005466,8.0,0.046,0.000188,38.8,23.765785,86.413254
2026-07-15 11:00:00,N02,-0.2045,0.006434,3.08,0.0461,0.007895,39.5,23.765785,86.413254
2026-07-15 12:00:00,N02,-0.0599,0.992312,44.05,0.0618,0.000409,39.8,23.765785,86.413254
2026-07-15 13:00:00,N02,0.1105,0.006148,8.21,0.0469,0.007309,39.5,23.765785,86.413254
2026-07-15 14:00:00,N02,0.1731,0.00502,8.31,0.0471,8.8e-05,38.8,23.765785,86.413254
2026-07-15 15:00:00,N02,0.208,0.006895,5.82,0.0471,0.000828,37.6,23.765785,86.413254
2026-07-15 16:00:00,N02,0.1401,0.007878,6.28,0.0488,0.001203,36.0,23.765785,86.413254
2026-07-15 17:00:00,N02,0.3337,0.006782,4.51,0.0495,0.00041,34.2,23.765785,86.413254
2026-07-15 18:00:00,N02,0.0516,0.00609,6.31,0.0496,0.000211,32.3,23.765785,86.413254
2026-07-15 19:00:00,N02,0.0509,0.007512,5.12,0.0491,0.00016,30.4,23.765785,86.413254
2026-07-15 20:00:00,N02,-0.0485,0.006125,9.76,0.0493,6.3e-05,28.5,23.765785,86.413254
2026-07-15 21:00:00,N02,0.3001,0.007381,4.42,0.0492,0.000269,27.0,23.765785,86.413254
2026-07-15 22:00:00,N02,-0.1564,0.005094,6.05,0.0498,0.000139,25.8,23.765785,86.413254
2026-07-15 23:00:00,N02,0.0124,0.005882,8.65,0.0495,0.000246,25.1,23.765785,86.413254
2026-07-16 00:00:00,N02,0.0784,0.005852,3.36,0.0493,0.000116,25.1,23.765785,86.413254
2026-07-16 01:00:00,N02,0.0777,0.006234,9.08,0.0493,0.000239,25.4,23.765785,86.413254
2026-07-16 02:00:00,N02,-0.2024,0.00536,1.89,0.0498,0.000306,26.1,23.765785,86.413254
2026-07-16 03:00:00,N02,-0.1069,0.006015,4.64,0.0499,0.000103,27.3,23.765785,86.413254
2026-07-16 04:00:00,N02,0.0384,0.005638,4.83,0.0496,0.0006,28.9,23.765785,86.413254
2026-07-16 05:00:00,N02,0.2099,0.008916,5.47,0.0487,0.000198,30.7,23.765785,86.413254
2026-07-16 06:00:00,N02,,,,,,,23.765785,86.413254
2026-07-16 07:00:00,N02,,,,,,,23.765785,86.413254
2026-07-16 08:00:00,N02,,,,,,,23.765785,86.413254
2026-07-16 09:00:00,N02,,,,,,,23.765785,86.413254
2026-07-16 10:00:00,N02,0.0486,0.006361,9.97,0.0495,6.8e-05,39.1,23.765785,86.413254
2026-07-16 11:00:00,N02,0.0045,0.007172,5.16,0.0501,0.0128,39.9,23.765785,86.413254
2026-07-16 12:00:00,N02,-0.0985,0.802497,30.78,0.0751,0.000311,40.1,23.765785,86.413254
2026-07-16 13:00:00,N02,-0.0575,0.005436,1.05,0.0495,0.012538,39.9,23.765785,86.413254
2026-07-16 14:00:00,N02,0.1519,0.005152,3.39,0.05,0.000351,39.1,23.765785,86.413254
2026-07-16 15:00:00,N02,-0.0518,0.005508,8.11,0.0502,0.000382,37.9,23.765785,86.413254
2026-07-16 16:00:00,N02,0.2376,0.006006,7.29,0.0508,0.005648,36.4,23.765785,86.413254
2026-07-16 17:00:00,N02,-0.1072,0.641667,42.0,0.0615,0.0059,34.6,23.765785,86.413254
2026-07-16 18:00:00,N02,-0.0567,0.990389,27.87,0.0626,0.00486,32.6,23.765785,86.413254
2026-07-16 19:00:00,N02,-0.2639,0.006251,9.38,0.0518,0.005581,30.7,23.765785,86.413254
2026-07-16 20:00:00,N02,0.0332,0.005089,2.91,0.0514,0.000211,28.9,23.765785,86.413254
2026-07-16 21:00:00,N02,-0.1132,0.005886,1.41,0.0522,0.000905,27.3,23.765785,86.413254
2026-07-16 22:00:00,N02,0.1341,0.007672,1.63,0.0532,0.000644,26.1,23.765785,86.413254
2026-07-16 23:00:00,N02,-0.1249,0.007258,8.93,0.0535,0.000271,25.4,23.765785,86.413254
2026-07-17 00:00:00,N02,-0.1809,0.007286,4.64,0.0527,0.000766,19.1,23.765785,86.413254
2026-07-17 01:00:00,N02,,,,,,,23.765785,86.413254
2026-07-17 02:00:00,N02,,,,,,,23.765785,86.413254
2026-07-17 03:00:00,N02,,,,,,,23.765785,86.413254
2026-07-17 04:00:00,N02,-0.2643,0.008631,3.65,0.0522,9.4e-05,22.8,23.765785,86.413254
2026-07-17 05:00:00,N02,-0.0211,0.006119,9.16,0.0525,0.00076,24.6,23.765785,86.413254
2026-07-17 06:00:00,N02,-0.0731,0.005288,6.52,0.0537,0.000792,26.6,23.765785,86.413254
2026-07-17 07:00:00,N02,0.1402,0.007747,6.66,0.0541,0.000123,28.5,23.765785,86.413254
2026-07-17 08:00:00,N02,-0.2656,0.005699,3.32,0.0535,0.004172,30.3,23.765785,86.413254
2026-07-17 09:00:00,N02,-0.0512,0.005204,9.81,0.0624,0.004801,31.9,23.765785,86.413254
2026-07-17 10:00:00,N02,0.1882,0.007445,2.82,0.0631,0.000788,33.0,23.765785,86.413254
2026-07-17 11:00:00,N02,0.0471,0.006113,1.84,0.064,0.000622,33.8,23.765785,86.413254
2026-07-17 12:00:00,N02,-0.0485,0.005155,1.39,0.0643,0.008963,34.1,23.765785,86.413254
2026-07-17 13:00:00,N02,0.0474,0.993819,36.03,0.0819,0.000573,33.8,23.765785,86.413254
2026-07-17 14:00:00,N02,-0.0123,0.005857,6.53,0.0655,0.008285,33.0,23.765785,86.413254
2026-07-17 15:00:00,N02,-0.0811,0.00649,7.13,0.0653,0.009649,31.9,23.765785,86.413254
2026-07-17 16:00:00,N02,-0.0947,0.883581,32.2,0.0462,0.010092,30.3,23.765785,86.413254
2026-07-17 17:00:00,N02,-0.0638,0.942416,17.71,0.0451,0.009277,28.5,23.765785,86.413254
2026-07-17 18:00:00,N02,-0.0596,0.005679,2.88,0.0647,0.009755,26.6,23.765785,86.413254
2026-07-17 19:00:00,N02,-0.1952,0.006518,7.86,0.0647,0.000169,24.6,23.765785,86.413254
2026-07-17 20:00:00,N02,0.0636,0.006758,4.14,0.0644,0.000178,22.8,23.765785,86.413254
2026-07-17 21:00:00,N02,-0.0383,0.007434,2.92,0.0643,0.000392,21.2,23.765785,86.413254
2026-07-17 22:00:00,N02,-0.2242,0.009195,5.2,0.0636,0.000471,20.1,23.765785,86.413254
2026-07-17 23:00:00,N02,-0.0089,0.008265,6.01,0.0634,0.000239,19.3,23.765785,86.413254
2026-07-18 00:00:00,N02,-0.1779,0.005674,6.36,0.0631,0.0006,23.7,23.765785,86.413254
2026-07-18 01:00:00,N02,-0.3712,0.005129,9.87,0.0622,0.000563,24.0,23.765785,86.413254
2026-07-18 02:00:00,N02,-0.4087,0.006326,9.37,0.062,0.000224,24.7,23.765785,86.413254
2026-07-18 03:00:00,N02,-0.0977,0.007687,4.45,0.0617,7.9e-05,25.9,23.765785,86.413254
2026-07-18 04:00:00,N02,-0.0096,0.005008,2.58,0.0618,0.000233,27.5,23.765785,86.413254
2026-07-18 05:00:00,N02,0.1063,0.005148,4.72,0.0622,0.000177,29.3,23.765785,86.413254
2026-07-18 06:00:00,N02,0.0089,0.006901,3.52,0.0622,7e-06,31.2,23.765785,86.413254
2026-07-18 07:00:00,N02,-0.0619,0.007957,9.75,0.0622,0.000251,33.2,23.765785,86.413254
2026-07-18 08:00:00,N02,,,,,,,23.765785,86.413254
2026-07-18 09:00:00,N02,,,,,,,23.765785,86.413254
2026-07-18 10:00:00,N02,,,,,,,23.765785,86.413254
2026-07-18 11:00:00,N02,,,,,,,23.765785,86.413254
2026-07-18 12:00:00,N02,,,,,,,23.765785,86.413254
2026-07-18 13:00:00,N02,,,,,,,23.765785,86.413254
2026-07-18 14:00:00,N02,,,,,,,23.765785,86.413254
2026-07-18 15:00:00,N02,,,,,,,23.765785,86.413254
2026-07-18 16:00:00,N02,,,,,,,23.765785,86.413254
2026-07-18 17:00:00,N02,-0.2612,0.806656,33.53,0.0448,0.008323,33.2,23.765785,86.413254
2026-07-18 18:00:00,N02,-0.0074,0.005622,5.09,0.0609,0.008133,31.2,23.765785,86.413254
2026-07-18 19:00:00,N02,0.1053,0.007902,7.7,0.0611,9.3e-05,29.3,23.765785,86.413254
2026-07-18 20:00:00,N02,-0.0879,0.005533,6.0,0.0608,0.000377,27.5,23.765785,86.413254
2026-07-18 21:00:00,N02,0.2805,0.005127,7.19,0.0603,0.000356,25.9,23.765785,86.413254
2026-07-18 22:00:00,N02,0.0745,0.006664,8.8,0.06,0.00042,24.7,23.765785,86.413254
2026-07-18 23:00:00,N02,0.0879,0.007273,2.79,0.0595,0.000155,24.0,23.765785,86.413254
2026-07-19 00:00:00,N02,-0.0502,0.006114,3.62,0.0597,0.000246,26.8,23.765785,86.413254
2026-07-19 01:00:00,N02,-0.129,0.008149,1.28,0.06,0.000257,27.0,23.765785,86.413254
2026-07-19 02:00:00,N02,-0.0715,0.007679,7.07,0.0592,0.000146,27.8,23.765785,86.413254
2026-07-19 03:00:00,N02,0.1643,0.006489,8.72,0.0597,0.000296,29.0,23.765785,86.413254
2026-07-19 04:00:00,N02,0.1595,0.006119,6.35,0.0598,6.2e-05,30.5,23.765785,86.413254
2026-07-19 05:00:00,N02,-0.1513,0.00508,7.84,0.0598,0.000303,32.3,23.765785,86.413254
2026-07-19 06:00:00,N02,-0.0627,0.005957,9.12,0.0592,0.000213,34.3,23.765785,86.413254
2026-07-19 07:00:00,N02,0.0746,0.006347,9.63,0.0594,0.00023,36.2,23.765785,86.413254
2026-07-19 08:00:00,N02,0.0199,0.00528,8.54,0.0597,0.000309,38.0,23.765785,86.413254
2026-07-19 09:00:00,N02,-0.1337,0.006465,7.57,0.06,0.000352,39.6,23.765785,86.413254
2026-07-19 10:00:00,N02,0.0765,0.008818,8.46,0.0604,0.000449,40.8,23.765785,86.413254
2026-07-19 11:00:00,N02,-0.0402,0.006442,3.02,0.0609,0.004328,41.5,23.765785,86.413254
2026-07-19 12:00:00,N02,-0.0376,0.535992,15.41,0.0517,0.000176,41.8,23.765785,86.413254
2026-07-19 13:00:00,N02,-0.4692,0.006194,8.42,0.0605,0.004106,41.5,23.765785,86.413254
2026-07-19 14:00:00,N02,0.0875,0.005459,3.57,0.0599,0.000912,40.8,23.765785,86.413254
2026-07-19 15:00:00,N02,0.1738,0.005536,5.29,0.0587,0.000695,39.6,23.765785,86.413254
2026-07-19 16:00:00,N02,-0.0101,0.008071,8.17,0.0585,4e-05,38.0,23.765785,86.413254
2026-07-19 17:00:00,N02,-0.2315,0.00773,6.1,0.0586,0.000504,36.2,23.765785,86.413254
2026-07-19 18:00:00,N02,0.1002,0.006286,3.13,0.0596,0.000375,34.3,23.765785,86.413254
2026-07-19 19:00:00,N02,0.0321,0.005229,5.16,0.0594,2.6e-05,32.3,23.765785,86.413254
2026-07-19 20:00:00,N02,0.0028,0.010479,2.05,0.0596,0.000207,30.5,23.765785,86.413254
2026-07-19 21:00:00,N02,-0.0881,0.00602,3.55,0.0598,0.00049,29.0,23.765785,86.413254
2026-07-19 22:00:00,N02,-0.0036,0.005241,8.91,0.0586,0.000766,27.8,23.765785,86.413254
2026-07-19 23:00:00,N02,0.0053,0.00504,8.82,0.0583,0.000324,27.0,23.765785,86.413254
2026-07-20 00:00:00,N02,0.3226,0.006709,7.67,0.058,0.000225,25.6,23.765785,86.413254
2026-07-20 01:00:00,N02,,,,,,,23.765785,86.413254
2026-07-20 02:00:00,N02,,,,,,,23.765785,86.413254
2026-07-20 03:00:00,N02,,,,,,,23.765785,86.413254
2026-07-20 04:00:00,N02,,,,,,,23.765785,86.413254
2026-07-20 05:00:00,N02,,,,,,,23.765785,86.413254
2026-07-20 06:00:00,N02,0.1313,0.681104,38.94,0.079,0.000119,33.1,23.765785,86.413254
2026-07-20 07:00:00,N02,-0.1766,0.0055,1.42,0.06,0.00959,35.0,23.765785,86.413254
2026-07-20 08:00:00,N02,-0.0237,0.006974,2.37,0.0598,0.000223,36.9,23.765785,86.413254
2026-07-20 09:00:00,N02,0.0383,0.006028,7.87,0.0596,0.000204,38.4,23.765785,86.413254
2026-07-20 10:00:00,N02,0.2263,0.006183,6.45,0.0602,0.000336,39.6,23.765785,86.413254
2026-07-20 11:00:00,N02,-0.2107,0.005184,8.17,0.0602,6.5e-05,40.4,23.765785,86.413254
2026-07-20 12:00:00,N02,-0.077,0.005003,2.84,0.0601,0.000477,40.6,23.765785,86.413254
2026-07-20 13:00:00,N02,0.1304,0.00692,5.96,0.0593,0.005304,40.4,23.765785,86.413254
2026-07-20 14:00:00,N02,-0.1589,0.798689,43.54,0.0707,0.000741,39.6,23.765785,86.413254
2026-07-20 15:00:00,N02,0.0126,0.676997,31.0,0.0608,0.010539,38.4,23.765785,86.413254
2026-07-20 16:00:00,N02,-0.2234,0.577808,48.15,0.0496,0.000661,36.9,23.765785,86.413254
2026-07-20 17:00:00,N02,0.107,0.008679,8.71,0.0594,0.005351,35.0,23.765785,86.413254
2026-07-20 18:00:00,N02,-0.0837,0.006964,9.5,0.0603,0.000796,33.1,23.765785,86.413254
2026-07-20 19:00:00,N02,0.0276,0.005038,4.3,0.061,0.000815,31.2,23.765785,86.413254
2026-07-20 20:00:00,N02,0.0914,0.0055,3.38,0.0619,0.000151,29.4,23.765785,86.413254
2026-07-20 21:00:00,N02,-0.0122,0.007006,7.27,0.0613,0.000317,27.8,23.765785,86.413254
2026-07-20 22:00:00,N02,,,,,,,23.765785,86.413254
2026-07-20 23:00:00,N02,-0.0049,0.009602,7.28,0.0607,0.000233,25.9,23.765785,86.413254
2026-07-21 00:00:00,N02,0.0233,0.005469,2.72,0.0608,1.1e-05,24.6,23.765785,86.413254
2026-07-21 01:00:00,N02,0.0769,0.005387,5.68,0.0607,0.000122,24.9,23.765785,86.413254
2026-07-21 02:00:00,N02,0.1407,0.005197,9.89,0.0611,0.000447,25.6,23.765785,86.413254
2026-07-21 03:00:00,N02,-0.0023,0.00884,5.5,0.0616,2.6e-05,26.8,23.765785,86.413254
2026-07-21 04:00:00,N02,0.0929,0.006789,3.34,0.0611,0.000192,28.4,23.765785,86.413254
2026-07-21 05:00:00,N02,-0.2629,0.008133,8.47,0.062,0.000683,30.2,23.765785,86.413254
2026-07-21 06:00:00,N02,-0.1247,0.005699,9.49,0.0625,0.000145,32.1,23.765785,86.413254
2026-07-21 07:00:00,N02,0.0627,0.00516,2.04,0.0623,6.9e-05,34.1,23.765785,86.413254
2026-07-21 08:00:00,N02,-0.0695,0.00887,2.72,0.0624,0.000208,35.9,23.765785,86.413254
2026-07-21 09:00:00,N02,-0.0678,0.006192,3.01,0.0627,0.000283,37.4,23.765785,86.413254
2026-07-21 10:00:00,N02,-0.1338,0.005312,1.27,0.0629,0.000327,38.6,23.765785,86.413254
2026-07-21 11:00:00,N02,0.381,0.005373,1.8,0.0634,0.00021,39.4,23.765785,86.413254
2026-07-21 12:00:00,N02,-0.0878,0.005519,5.4,0.0633,0.000114,39.6,23.765785,86.413254
2026-07-21 13:00:00,N02,-0.0861,0.006088,9.39,0.0636,0.000137,39.4,23.765785,86.413254
2026-07-21 14:00:00,N02,0.2395,0.006945,4.13,0.0636,0.004825,38.6,23.765785,86.413254
2026-07-21 15:00:00,N02,0.0599,0.599342,39.76,0.0732,0.000368,37.4,23.765785,86.413254
2026-07-21 16:00:00,N02,0.1052,0.007424,7.12,0.0644,0.004232,35.9,23.765785,86.413254
2026-07-21 17:00:00,N02,0.1318,0.009066,1.96,0.0648,0.000207,34.1,23.765785,86.413254
2026-07-21 18:00:00,N02,-0.1443,0.006937,1.03,0.0648,6.8e-05,32.1,23.765785,86.413254
2026-07-21 19:00:00,N02,-0.1944,0.006955,5.8,0.0649,0.000187,30.2,23.765785,86.413254
2026-07-21 20:00:00,N02,-0.0974,0.005122,9.55,0.0651,8.1e-05,28.4,23.765785,86.413254
2026-07-21 21:00:00,N02,0.1789,0.005551,8.88,0.0651,0.000123,26.8,23.765785,86.413254
2026-07-21 22:00:00,N02,-0.2723,0.008546,9.4,0.0654,0.000345,25.6,23.765785,86.413254
2026-07-21 23:00:00,N02,0.0119,0.005531,2.95,0.0658,0.000365,24.9,23.765785,86.413254
2026-07-22 00:00:00,N02,-0.2076,0.005434,3.16,0.0661,0.000159,30.0,23.765785,86.413254
2026-07-22 01:00:00,N02,0.05,0.006323,5.58,0.0661,0.000337,30.3,23.765785,86.413254
2026-07-22 02:00:00,N02,0.03,0.005997,2.86,0.0668,5.7e-05,31.1,23.765785,86.413254
2026-07-22 03:00:00,N02,0.0263,0.005774,6.09,0.0662,0.000114,32.2,23.765785,86.413254
2026-07-22 04:00:00,N02,0.0277,0.006523,1.03,0.0666,0.000115,33.8,23.765785,86.413254
2026-07-22 05:00:00,N02,0.0565,0.005557,9.66,0.066,0.000387,35.6,23.765785,86.413254
2026-07-22 06:00:00,N02,0.007,0.00634,3.91,0.0658,6.8e-05,37.5,23.765785,86.413254
2026-07-22 07:00:00,N02,0.3509,0.005451,3.6,0.0658,0.00012,39.5,23.765785,86.413254
2026-07-22 08:00:00,N02,0.2206,0.007182,7.12,0.066,0.000257,41.3,23.765785,86.413254
2026-07-22 09:00:00,N02,-0.005,0.007774,7.34,0.0653,0.000201,42.9,23.765785,86.413254
2026-07-22 10:00:00,N02,-0.1384,0.008872,5.2,0.0656,0.000148,44.0,23.765785,86.413254
2026-07-22 11:00:00,N02,-0.055,0.005527,9.9,0.0656,0.000361,44.8,23.765785,86.413254
2026-07-22 12:00:00,N02,0.1452,0.005871,9.26,0.0649,0.000287,45.0,23.765785,86.413254
2026-07-22 13:00:00,N02,0.1278,0.008362,4.82,0.065,0.000229,44.8,23.765785,86.413254
2026-07-22 14:00:00,N02,-0.3125,0.00653,1.21,0.0654,0.000318,44.0,23.765785,86.413254
2026-07-22 15:00:00,N02,0.0401,0.005704,9.61,0.0657,0.00411,42.9,23.765785,86.413254
2026-07-22 16:00:00,N02,-0.1,0.798166,36.65,0.0572,0.004226,41.3,23.765785,86.413254
2026-07-22 17:00:00,N02,0.053,0.830767,40.52,0.0572,0.004132,39.5,23.765785,86.413254
2026-07-22 18:00:00,N02,0.1039,0.008831,6.57,0.0654,0.004157,37.5,23.765785,86.413254
2026-07-22 19:00:00,N02,0.3974,0.0055,6.71,0.0655,0.000165,35.6,23.765785,86.413254
2026-07-22 20:00:00,N02,0.0853,0.007668,5.71,0.0657,0.000297,33.8,23.765785,86.413254
2026-07-22 21:00:00,N02,-0.1644,0.005645,4.38,0.0649,0.000541,32.2,23.765785,86.413254
2026-07-22 22:00:00,N02,,,,,,,23.765785,86.413254
2026-07-22 23:00:00,N02,,,,,,,23.765785,86.413254
2026-07-23 00:00:00,N02,,,,,,,23.765785,86.413254
2026-07-23 01:00:00,N02,,,,,,,23.765785,86.413254
2026-07-23 02:00:00,N02,,,,,,,23.765785,86.413254
2026-07-23 03:00:00,N02,-0.1365,0.005499,8.71,0.0647,0.000439,27.7,23.765785,86.413254
2026-07-23 04:00:00,N02,-0.2502,0.006302,3.02,0.0651,0.000644,29.2,23.765785,86.413254
2026-07-23 05:00:00,N02,0.1424,0.007138,5.96,0.066,0.00036,31.1,23.765785,86.413254
2026-07-23 06:00:00,N02,-0.0276,0.005894,6.72,0.0659,0.000403,33.0,23.765785,86.413254
2026-07-23 07:00:00,N02,0.1494,0.007996,8.55,0.0668,0.000688,34.9,23.765785,86.413254
2026-07-23 08:00:00,N02,0.004,0.005376,9.05,0.0672,0.000302,36.7,23.765785,86.413254
2026-07-23 09:00:00,N02,0.0261,0.010011,6.85,0.0674,0.000505,38.3,23.765785,86.413254
2026-07-23 10:00:00,N02,0.0813,0.008895,5.6,0.0682,0.006265,39.5,23.765785,86.413254
2026-07-23 11:00:00,N02,0.032,0.641115,33.23,0.08,0.010258,40.2,23.765785,86.413254
2026-07-23 12:00:00,N02,-0.1482,0.941827,22.1,0.0888,0.005048,40.5,23.765785,86.413254
2026-07-23 13:00:00,N02,-0.1991,0.006752,2.81,0.0699,0.009473,40.2,23.765785,86.413254
2026-07-23 14:00:00,N02,-0.1491,0.005241,7.68,0.0698,0.007263,39.5,23.765785,86.413254
2026-07-23 15:00:00,N02,-0.1603,0.901906,23.27,0.0553,0.007074,38.3,23.765785,86.413254
2026-07-23 16:00:00,N02,0.1755,0.819703,15.56,0.0557,0.006899,36.7,23.765785,86.413254
2026-07-23 17:00:00,N02,-0.0034,0.007841,2.45,0.0691,0.006541,34.9,23.765785,86.413254
2026-07-23 18:00:00,N02,0.1175,0.007242,5.16,0.0687,8.8e-05,33.0,23.765785,86.413254
2026-07-23 19:00:00,N02,-0.05,0.006875,4.53,0.0693,0.000262,31.1,23.765785,86.413254
2026-07-23 20:00:00,N02,,,,,,,23.765785,86.413254
2026-07-23 21:00:00,N02,-0.1485,0.006697,9.64,0.0686,0.000175,27.7,23.765785,86.413254
2026-07-23 22:00:00,N02,0.0449,0.006128,3.49,0.0689,0.000574,26.5,23.765785,86.413254
2026-07-23 23:00:00,N02,0.0949,0.009949,5.99,0.0698,0.000171,25.7,23.765785,86.413254
2026-07-24 00:00:00,N02,,,,,,,23.765785,86.413254
2026-07-24 01:00:00,N02,0.0153,0.006929,7.66,0.0693,0.000314,24.8,23.765785,86.413254
2026-07-24 02:00:00,N02,0.1817,0.00693,1.78,0.0686,0.000292,25.6,23.765785,86.413254
2026-07-24 03:00:00,N02,0.0898,0.005599,4.8,0.0688,0.000477,26.8,23.765785,86.413254
2026-07-24 04:00:00,N02,0.0286,0.005707,6.94,0.0696,0.000711,28.3,23.765785,86.413254
2026-07-24 05:00:00,N02,-0.0762,0.008702,1.62,0.0702,4.3e-05,30.1,23.765785,86.413254
2026-07-24 06:00:00,N02,0.2941,0.007309,8.62,0.0697,7.8e-05,32.1,23.765785,86.413254
2026-07-24 07:00:00,N02,-0.0801,0.005243,3.36,0.07,0.000405,34.0,23.765785,86.413254
2026-07-24 08:00:00,N02,0.2259,0.010102,1.51,0.0705,0.000316,35.8,23.765785,86.413254
2026-07-24 09:00:00,N02,0.0477,0.007664,3.26,0.0707,0.007003,37.4,23.765785,86.413254
2026-07-24 10:00:00,N02,0.2326,0.570775,17.0,0.0845,0.007484,38.6,23.765785,86.413254
2026-07-24 11:00:00,N02,0.2333,0.586125,17.05,0.0557,0.005604,39.3,23.765785,86.413254
2026-07-24 12:00:00,N02,0.2461,0.006764,3.32,0.0733,0.012673,39.6,23.765785,86.413254
2026-07-24 13:00:00,N02,0.0575,0.778406,45.81,0.081,0.001155,39.3,23.765785,86.413254
2026-07-24 14:00:00,N02,-0.1804,0.008036,3.82,0.0756,0.002277,38.6,23.765785,86.413254
2026-07-24 15:00:00,N02,0.0975,0.006453,9.07,0.0765,0.000594,37.4,23.765785,86.413254
2026-07-24 16:00:00,N02,-0.0568,0.005576,8.29,0.0768,0.000841,35.8,23.765785,86.413254
2026-07-24 17:00:00,N02,0.079,0.00592,8.03,0.0782,0.001123,34.0,23.765785,86.413254
2026-07-24 18:00:00,N02,-0.2295,0.007066,3.92,0.079,0.000783,32.1,23.765785,86.413254
2026-07-24 19:00:00,N02,0.1757,0.006161,8.78,0.0797,0.000526,30.1,23.765785,86.413254
2026-07-24 20:00:00,N02,-0.0202,0.006829,6.71,0.0801,0.000414,28.3,23.765785,86.413254
2026-07-24 21:00:00,N02,0.1907,0.005434,2.38,0.0806,7e-05,26.8,23.765785,86.413254
2026-07-24 22:00:00,N02,-0.1167,0.005734,4.95,0.0802,0.000322,25.6,23.765785,86.413254
2026-07-24 23:00:00,N02,-0.0725,0.006483,5.84,0.0812,0.000855,24.8,23.765785,86.413254
2026-07-25 00:00:00,N02,0.1489,0.007222,6.68,0.0819,0.000783,21.6,23.765785,86.413254
2026-07-25 01:00:00,N02,0.1046,0.005786,1.63,0.0828,0.000593,21.9,23.765785,86.413254
2026-07-25 02:00:00,N02,-0.2824,0.005171,7.3,0.0831,0.000503,22.6,23.765785,86.413254
2026-07-25 03:00:00,N02,-0.0534,0.006135,2.01,0.0838,0.000433,23.8,23.765785,86.413254
2026-07-25 04:00:00,N02,0.1397,0.005911,6.14,0.084,0.000307,25.4,23.765785,86.413254
2026-07-25 05:00:00,N02,0.2585,0.0056,3.96,0.0844,0.000478,27.2,23.765785,86.413254
2026-07-25 06:00:00,N02,0.0224,0.006473,4.47,0.0849,0.000382,29.1,23.765785,86.413254
2026-07-25 07:00:00,N02,,,,,,,23.765785,86.413254
2026-07-25 08:00:00,N02,,,,,,,23.765785,86.413254
2026-07-25 09:00:00,N02,,,,,,,23.765785,86.413254
2026-07-25 10:00:00,N02,,,,,,,23.765785,86.413254
2026-07-25 11:00:00,N02,-0.1485,0.009151,9.13,0.0858,0.009999,36.4,23.765785,86.413254
2026-07-25 12:00:00,N02,0.3143,0.008022,2.42,0.0866,0.000677,36.6,23.765785,86.413254
2026-07-25 13:00:00,N02,0.071,0.005972,6.95,0.0872,0.000147,36.4,23.765785,86.413254
2026-07-25 14:00:00,N02,0.0029,0.006906,1.79,0.0869,4.8e-05,35.6,23.765785,86.413254
2026-07-25 15:00:00,N02,-0.1768,0.011179,3.52,0.0871,0.000211,34.4,23.765785,86.413254
2026-07-25 16:00:00,N02,0.2908,0.005413,7.25,0.0864,0.000797,32.9,23.765785,86.413254
2026-07-25 17:00:00,N02,0.088,0.005772,2.96,0.0855,0.000574,31.1,23.765785,86.413254
2026-07-25 18:00:00,N02,0.3297,0.006873,7.71,0.0853,0.00028,29.1,23.765785,86.413254
2026-07-25 19:00:00,N02,0.0211,0.006492,2.49,0.0849,8.2e-05,27.2,23.765785,86.413254
2026-07-25 20:00:00,N02,0.0191,0.005579,3.1,0.0851,0.000429,25.4,23.765785,86.413254
2026-07-25 21:00:00,N02,-0.134,0.007719,1.16,0.0841,0.001239,23.8,23.765785,86.413254
2026-07-25 22:00:00,N02,0.3935,0.006896,5.34,0.0826,0.000838,22.6,23.765785,86.413254
2026-07-25 23:00:00,N02,-0.1851,0.005363,8.53,0.0824,0.000547,21.9,23.765785,86.413254
2026-07-26 00:00:00,N02,-0.1925,0.009007,7.25,0.0816,0.000794,23.0,23.765785,86.413254
2026-07-26 01:00:00,N02,0.2433,0.005787,9.18,0.0808,0.000354,23.3,23.765785,86.413254
2026-07-26 02:00:00,N02,-0.1365,0.008342,8.51,0.0808,0.00026,24.0,23.765785,86.413254
2026-07-26 03:00:00,N02,0.1178,0.005744,1.92,0.0803,5.4e-05,25.2,23.765785,86.413254
2026-07-26 04:00:00,N02,0.3501,0.00724,4.52,0.0807,0.000222,26.7,23.765785,86.413254
2026-07-26 05:00:00,N02,0.0508,0.007185,9.86,0.0798,0.000441,28.6,23.765785,86.413254
2026-07-26 06:00:00,N02,0.1085,0.007493,7.43,0.0799,0.000248,30.5,23.765785,86.413254
2026-07-26 07:00:00,N02,0.0464,0.005664,2.81,0.0794,0.000246,32.4,23.765785,86.413254
2026-07-26 08:00:00,N02,0.1453,0.006088,9.98,0.0794,3e-06,34.2,23.765785,86.413254
2026-07-26 09:00:00,N02,0.1787,0.008612,1.14,0.0793,0.000103,35.8,23.765785,86.413254
2026-07-26 10:00:00,N02,0.0541,0.006286,5.3,0.0796,0.000197,37.0,23.765785,86.413254
2026-07-26 11:00:00,N02,0.2403,0.005071,1.23,0.079,0.000477,37.7,23.765785,86.413254
2026-07-26 12:00:00,N02,0.0224,0.006714,4.56,0.0786,0.008014,38.0,23.765785,86.413254
2026-07-26 13:00:00,N02,-0.1441,0.523578,24.57,0.095,0.001253,37.7,23.765785,86.413254
2026-07-26 14:00:00,N02,-0.3808,0.638402,45.58,0.0811,0.008266,37.0,23.765785,86.413254
2026-07-26 15:00:00,N02,-0.1711,0.005331,3.34,0.0784,0.001021,35.8,23.765785,86.413254
2026-07-26 16:00:00,N02,0.0657,0.008461,6.55,0.0791,7.4e-05,34.2,23.765785,86.413254
2026-07-26 17:00:00,N02,0.1788,0.007162,6.57,0.0786,0.000607,32.4,23.765785,86.413254
2026-07-26 18:00:00,N02,,,,,,,23.765785,86.413254
2026-07-26 19:00:00,N02,,,,,,,23.765785,86.413254
2026-07-26 20:00:00,N02,,,,,,,23.765785,86.413254
2026-07-26 21:00:00,N02,-0.1196,0.005152,2.02,0.0782,5.8e-05,25.2,23.765785,86.413254
2026-07-26 22:00:00,N02,0.1813,0.01104,5.07,0.0786,0.000287,24.0,23.765785,86.413254
2026-07-26 23:00:00,N02,-0.0064,0.005652,6.26,0.0787,2.9e-05,23.3,23.765785,86.413254
2026-07-27 00:00:00,N02,-0.0156,0.005408,3.94,0.0785,0.000153,27.1,23.765785,86.413254
2026-07-27 01:00:00,N02,0.1029,0.009568,5.37,0.0784,0.000194,27.4,23.765785,86.413254
2026-07-27 02:00:00,N02,0.0708,0.009565,2.06,0.0781,3.7e-05,28.1,23.765785,86.413254
2026-07-27 03:00:00,N02,0.0525,0.005724,5.74,0.0784,0.000332,29.3,23.765785,86.413254
2026-07-27 04:00:00,N02,-0.0936,0.005508,2.37,0.0775,0.000292,30.9,23.765785,86.413254
2026-07-27 05:00:00,N02,0.0962,0.005376,4.38,0.0778,0.000329,32.7,23.765785,86.413254
2026-07-27 06:00:00,N02,-0.031,0.00579,7.81,0.0781,0.000147,34.6,23.765785,86.413254
2026-07-27 07:00:00,N02,0.2681,0.006049,8.16,0.0775,0.000202,36.6,23.765785,86.413254
2026-07-27 08:00:00,N02,0.1279,0.724659,24.42,0.0777,0.009966,38.4,23.765785,86.413254
2026-07-27 09:00:00,N02,-0.1052,0.894429,49.0,0.0974,3.2e-05,39.9,23.765785,86.413254
2026-07-27 10:00:00,N02,-0.197,0.006032,6.02,0.0777,0.009984,41.1,23.765785,86.413254
2026-07-27 11:00:00,N02,0.1478,0.006198,6.83,0.0775,0.000249,41.9,23.765785,86.413254
2026-07-27 12:00:00,N02,-0.2993,0.005672,7.19,0.0772,0.000633,42.1,23.765785,86.413254
2026-07-27 13:00:00,N02,-0.0198,0.007297,2.79,0.0762,0.000101,41.9,23.765785,86.413254
2026-07-27 14:00:00,N02,0.0007,0.00624,6.81,0.077,0.000183,41.1,23.765785,86.413254
2026-07-27 15:00:00,N02,0.0547,0.00643,2.7,0.0766,8.6e-05,39.9,23.765785,86.413254
2026-07-27 16:00:00,N02,0.2165,0.00716,2.6,0.0768,9.1e-05,38.4,23.765785,86.413254
2026-07-27 17:00:00,N02,-0.2276,0.00897,1.18,0.0764,0.000579,36.6,23.765785,86.413254
2026-07-27 18:00:00,N02,0.0542,0.005992,7.24,0.0756,0.000273,34.6,23.765785,86.413254
2026-07-27 19:00:00,N02,0.0493,0.006817,1.42,0.0758,0.000325,32.7,23.765785,86.413254
2026-07-27 20:00:00,N02,0.2172,0.005017,4.65,0.075,0.000884,30.9,23.765785,86.413254
2026-07-27 21:00:00,N02,-0.1927,0.005915,5.88,0.0741,0.000319,29.3,23.765785,86.413254
2026-07-27 22:00:00,N02,0.1057,0.00555,4.82,0.0743,0.000269,28.1,23.765785,86.413254
2026-07-27 23:00:00,N02,-0.1009,0.005668,3.72,0.0746,0.000383,27.4,23.765785,86.413254
2026-07-28 00:00:00,N02,-0.0574,0.007935,9.92,0.0736,0.000427,27.3,23.765785,86.413254
2026-07-28 01:00:00,N02,0.134,0.006528,2.73,0.0737,0.000156,27.6,23.765785,86.413254
2026-07-28 02:00:00,N02,-0.1042,0.007562,6.56,0.0733,0.000486,28.3,23.765785,86.413254
2026-07-28 03:00:00,N02,-0.0347,0.006124,1.88,0.0728,0.000384,29.5,23.765785,86.413254
2026-07-28 04:00:00,N02,-0.1265,0.007043,8.46,0.074,0.00082,31.1,23.765785,86.413254
2026-07-28 05:00:00,N02,0.179,0.006292,8.05,0.0744,0.000313,32.9,23.765785,86.413254
2026-07-28 06:00:00,N02,-0.0261,0.005188,6.4,0.0746,3.7e-05,34.8,23.765785,86.413254
2026-07-28 07:00:00,N02,0.0452,0.005242,7.71,0.0743,7.2e-05,36.8,23.765785,86.413254
2026-07-28 08:00:00,N02,-0.1103,0.006728,1.02,0.0748,0.000118,38.6,23.765785,86.413254
2026-07-28 09:00:00,N02,-0.1096,0.006947,8.62,0.0746,0.000175,40.1,23.765785,86.413254
2026-07-28 10:00:00,N02,0.0781,0.005945,9.6,0.0744,0.000108,41.3,23.765785,86.413254
2026-07-28 11:00:00,N02,0.0002,0.009305,7.33,0.0748,0.000137,42.1,23.765785,86.413254
2026-07-28 12:00:00,N02,0.235,0.005702,7.34,0.0742,0.000127,42.3,23.765785,86.413254
2026-07-28 13:00:00,N02,0.3053,0.006057,7.59,0.0745,0.000288,42.1,23.765785,86.413254
2026-07-28 14:00:00,N02,0.2613,0.005257,2.31,0.0747,0.004642,41.3,23.765785,86.413254
2026-07-28 15:00:00,N02,0.1304,0.908604,32.8,0.0652,0.008541,40.1,23.765785,86.413254
2026-07-28 16:00:00,N02,0.0803,0.85426,41.3,0.0577,0.004168,38.6,23.765785,86.413254
2026-07-28 17:00:00,N02,0.1702,0.709673,24.76,0.0569,0.007669,36.8,23.765785,86.413254
2026-07-28 18:00:00,N02,0.073,0.007051,1.0,0.073,0.008107,34.8,23.765785,86.413254
2026-07-28 19:00:00,N02,-0.1087,0.006251,7.13,0.0731,0.000386,32.9,23.765785,86.413254
2026-07-28 20:00:00,N02,0.0212,0.007971,7.74,0.0722,0.000661,31.1,23.765785,86.413254
2026-07-28 21:00:00,N02,0.1145,0.008665,2.46,0.0718,0.000214,29.5,23.765785,86.413254
2026-07-28 22:00:00,N02,0.0597,0.006151,8.17,0.0718,3.7e-05,28.3,23.765785,86.413254
2026-07-28 23:00:00,N02,-0.0153,0.006681,3.27,0.0719,0.003253,27.6,23.765785,86.413254
2026-07-29 00:00:00,N02,0.0188,0.007052,7.97,0.0653,0.003329,22.1,23.765785,86.413254
2026-07-29 01:00:00,N02,-0.0776,0.006004,4.85,0.0652,1.1e-05,22.4,23.765785,86.413254
2026-07-29 02:00:00,N02,-0.0204,0.005155,9.7,0.0653,0.000444,23.1,23.765785,86.413254
2026-07-29 03:00:00,N02,-0.026,0.006752,8.48,0.0643,0.000938,24.3,23.765785,86.413254
2026-07-29 04:00:00,N02,,,,,,,23.765785,86.413254
2026-07-29 05:00:00,N02,,,,,,,23.765785,86.413254
2026-07-29 06:00:00,N02,,,,,,,23.765785,86.413254
2026-07-29 07:00:00,N02,-0.0559,0.006111,3.09,0.0637,0.000566,31.5,23.765785,86.413254
2026-07-29 08:00:00,N02,0.0602,0.006214,4.12,0.065,0.000234,33.3,23.765785,86.413254
2026-07-29 09:00:00,N02,0.091,0.005848,7.74,0.0641,0.000303,34.9,23.765785,86.413254
2026-07-29 10:00:00,N02,-0.0304,0.005742,6.09,0.0644,0.000288,36.1,23.765785,86.413254
2026-07-29 11:00:00,N02,,,,,,,23.765785,86.413254
2026-07-29 12:00:00,N02,0.0627,0.006694,3.13,0.0628,0.000514,37.1,23.765785,86.413254
2026-07-29 13:00:00,N02,0.0793,0.005667,4.56,0.0625,0.00025,36.8,23.765785,86.413254
2026-07-29 14:00:00,N02,-0.0201,0.008123,2.43,0.0633,0.004065,36.1,23.765785,86.413254
2026-07-29 15:00:00,N02,0.008,0.611884,20.43,0.0707,7.9e-05,34.9,23.765785,86.413254
2026-07-29 16:00:00,N02,0.0095,0.008087,6.8,0.0634,0.003557,33.3,23.765785,86.413254
2026-07-29 17:00:00,N02,0.0853,0.007606,4.61,0.0635,4.1e-05,31.5,23.765785,86.413254
2026-07-29 18:00:00,N02,-0.1198,0.007273,2.9,0.0633,0.000243,29.6,23.765785,86.413254
2026-07-29 19:00:00,N02,0.0552,0.006377,4.42,0.0631,0.00056,27.7,23.765785,86.413254
2026-07-29 20:00:00,N02,0.0132,0.008329,4.62,0.0622,0.000531,25.8,23.765785,86.413254
2026-07-29 21:00:00,N02,0.2224,0.009063,6.5,0.062,0.00058,24.3,23.765785,86.413254
2026-07-29 22:00:00,N02,-0.1562,0.005703,3.13,0.061,0.00057,23.1,23.765785,86.413254
2026-07-29 23:00:00,N02,0.2109,0.005445,6.85,0.0609,0.000207,22.4,23.765785,86.413254
2026-07-30 00:00:00,N02,-0.0593,0.007099,7.76,0.0606,0.000508,21.8,23.765785,86.413254
2026-07-30 01:00:00,N02,0.0167,0.008146,9.38,0.0598,0.000725,22.0,23.765785,86.413254
2026-07-30 02:00:00,N02,-0.1204,0.005398,8.29,0.0592,0.000216,22.8,23.765785,86.413254
2026-07-30 03:00:00,N02,-0.1704,0.00721,2.65,0.0594,0.000458,24.0,23.765785,86.413254
2026-07-30 04:00:00,N02,0.0898,0.005599,3.73,0.0601,0.000146,25.5,23.765785,86.413254
2026-07-30 05:00:00,N02,0.0692,0.005274,7.82,0.0597,0.000228,27.3,23.765785,86.413254
2026-07-30 06:00:00,N02,0.188,0.005851,3.0,0.0596,0.000242,29.3,23.765785,86.413254
2026-07-30 07:00:00,N02,0.0315,0.006422,8.27,0.0592,5.9e-05,31.2,23.765785,86.413254
2026-07-30 08:00:00,N02,0.0392,0.005361,3.71,0.0595,0.000341,33.0,23.765785,86.413254
2026-07-30 09:00:00,N02,0.2247,0.007282,6.29,0.0599,0.000386,34.6,23.765785,86.413254
2026-07-30 10:00:00,N02,,,,,,,23.765785,86.413254
2026-07-30 11:00:00,N02,,,,,,,23.765785,86.413254
2026-07-30 12:00:00,N02,,,,,,,23.765785,86.413254
2026-07-30 13:00:00,N02,-0.054,0.008997,6.22,0.0602,0.005808,36.5,23.765785,86.413254
2026-07-30 14:00:00,N02,,,,,,,23.765785,86.413254
2026-07-30 15:00:00,N02,-0.2032,0.007172,8.48,0.0617,0.000235,34.6,23.765785,86.413254
2026-07-30 16:00:00,N02,-0.0809,0.007616,6.28,0.0605,0.00438,33.0,23.765785,86.413254
2026-07-30 17:00:00,N02,0.201,0.664671,29.94,0.0704,0.000214,31.2,23.765785,86.413254
2026-07-30 18:00:00,N02,0.078,0.007441,2.83,0.0609,0.005043,29.3,23.765785,86.413254
2026-07-30 19:00:00,N02,0.0805,0.005919,4.49,0.0604,0.000421,27.3,23.765785,86.413254
2026-07-30 20:00:00,N02,-0.0669,0.005179,6.89,0.06,7.8e-05,25.5,23.765785,86.413254
2026-07-30 21:00:00,N02,-0.0781,0.006964,9.01,0.0602,0.000278,24.0,23.765785,86.413254
2026-07-30 22:00:00,N02,-0.0119,0.01,5.41,0.0606,0.000498,22.8,23.765785,86.413254
2026-07-30 23:00:00,N02,-0.0561,0.006902,1.44,0.0612,0.000527,22.0,23.765785,86.413254
2026-07-31 00:00:00,N02,-0.108,0.00598,9.1,0.0617,4.5e-05,25.0,23.765785,86.413254
2026-07-31 01:00:00,N02,-0.1606,0.005358,3.0,0.0613,1.4e-05,25.2,23.765785,86.413254
2026-07-31 02:00:00,N02,0.1436,0.006025,7.34,0.0617,1.6e-05,26.0,23.765785,86.413254
2026-07-31 03:00:00,N02,0.0337,0.00535,9.04,0.0613,0.000454,27.2,23.765785,86.413254
2026-07-31 04:00:00,N02,-0.0732,0.006924,4.12,0.0608,8.4e-05,28.7,23.765785,86.413254
2026-07-31 05:00:00,N02,-0.3992,0.005302,8.99,0.0611,0.002666,30.5,23.765785,86.413254
2026-07-31 06:00:00,N02,-0.151,0.692255,28.02,0.0554,0.000776,32.5,23.765785,86.413254
2026-07-31 07:00:00,N02,-0.0395,0.005236,5.81,0.0626,0.003656,34.4,23.765785,86.413254
2026-07-31 08:00:00,N02,0.0507,0.006304,2.9,0.0627,0.000262,36.2,23.765785,86.413254
2026-07-31 09:00:00,N02,-0.065,0.005817,5.9,0.0632,0.00035,37.8,23.765785,86.413254
2026-07-31 10:00:00,N02,0.0996,0.009165,9.6,0.0634,0.000125,39.0,23.765785,86.413254
2026-07-31 11:00:00,N02,0.1251,0.007764,5.46,0.0634,0.000296,39.7,23.765785,86.413254
2026-07-31 12:00:00,N02,-0.133,0.006226,7.73,0.0629,0.008142,40.0,23.765785,86.413254
2026-07-31 13:00:00,N02,0.1038,0.908638,36.21,0.0471,0.000569,39.7,23.765785,86.413254
2026-07-31 14:00:00,N02,0.2293,0.007565,8.23,0.0617,0.007028,39.0,23.765785,86.413254
2026-07-31 15:00:00,N02,,,,,,,23.765785,86.413254
2026-07-31 16:00:00,N02,,,,,,,23.765785,86.413254
2026-07-31 17:00:00,N02,,,,,,,23.765785,86.413254
2026-07-31 18:00:00,N02,,,,,,,23.765785,86.413254
2026-07-31 19:00:00,N02,,,,,,,23.765785,86.413254
2026-07-31 20:00:00,N02,-0.0374,0.005711,7.06,0.0601,0.000319,28.7,23.765785,86.413254
2026-07-31 21:00:00,N02,0.1707,0.006982,8.32,0.0595,4.9e-05,27.2,23.765785,86.413254
2026-07-31 22:00:00,N02,,,,,,,23.765785,86.413254
2026-07-31 23:00:00,N02,,,,,,,23.765785,86.413254
2026-08-01 00:00:00,N02,,,,,,,23.765785,86.413254
2026-08-01 01:00:00,N02,,,,,,,23.765785,86.413254
2026-08-01 02:00:00,N02,-0.0551,0.005284,6.42,0.0586,1e-06,23.0,23.765785,86.413254
2026-08-01 03:00:00,N02,0.0491,0.005359,5.24,0.0585,8.3e-05,24.2,23.765785,86.413254
2026-08-01 04:00:00,N02,-0.0139,0.006775,9.86,0.0584,2.7e-05,25.8,23.765785,86.413254
2026-08-01 05:00:00,N02,-0.0139,0.005811,6.42,0.0584,0.000219,27.6,23.765785,86.413254
2026-08-01 06:00:00,N02,0.1331,0.006159,7.42,0.058,0.004567,29.5,23.765785,86.413254
2026-08-01 07:00:00,N02,0.2434,0.740959,48.58,0.0493,0.00446,31.5,23.765785,86.413254
2026-08-01 08:00:00,N02,0.1989,0.506202,25.33,0.0491,0.004252,33.3,23.765785,86.413254
2026-08-01 09:00:00,N02,-0.174,0.005257,9.18,0.0578,0.011848,34.8,23.765785,86.413254
2026-08-01 10:00:00,N02,0.2513,0.977822,31.85,0.0728,0.007214,36.0,23.765785,86.413254
2026-08-01 11:00:00,N02,0.074,0.55134,40.53,0.0722,0.007061,36.8,23.765785,86.413254
2026-08-01 12:00:00,N02,0.1307,0.007833,7.72,0.0587,0.006825,37.0,23.765785,86.413254
2026-08-01 13:00:00,N02,-0.0878,0.007544,7.68,0.0586,8e-05,36.8,23.765785,86.413254
2026-08-01 14:00:00,N02,-0.0203,0.00557,6.09,0.0588,1e-06,36.0,23.765785,86.413254
2026-08-01 15:00:00,N02,0.2624,0.006392,9.91,0.0586,4.5e-05,34.8,23.765785,86.413254
2026-08-01 16:00:00,N02,-0.0555,0.005251,5.19,0.0587,0.000356,33.3,23.765785,86.413254
2026-08-01 17:00:00,N02,-0.0609,0.007573,3.62,0.0579,0.000189,31.5,23.765785,86.413254
2026-08-01 18:00:00,N02,0.1376,0.005969,6.63,0.0584,0.000195,29.5,23.765785,86.413254
2026-08-01 19:00:00,N02,0.0627,0.005367,9.33,0.0583,0.000147,27.6,23.765785,86.413254
2026-08-01 20:00:00,N02,-0.0582,0.005681,9.03,0.0581,8.8e-05,25.8,23.765785,86.413254
2026-08-01 21:00:00,N02,-0.072,0.009737,8.67,0.0581,0.000104,24.2,23.765785,86.413254
2026-08-01 22:00:00,N02,-0.4838,0.008954,9.66,0.0583,0.000206,23.0,23.765785,86.413254
2026-08-01 23:00:00,N02,-0.2423,0.006323,8.26,0.0585,0.000143,22.3,23.765785,86.413254
2026-08-02 00:00:00,N02,-0.0597,0.007296,3.66,0.0586,0.000127,24.5,23.765785,86.413254
2026-08-02 01:00:00,N02,0.187,0.008274,5.78,0.0582,0.000156,24.8,23.765785,86.413254
2026-08-02 02:00:00,N02,-0.0276,0.005371,3.46,0.0582,1.7e-05,25.5,23.765785,86.413254
2026-08-02 03:00:00,N02,0.0776,0.005033,9.44,0.0583,0.000356,26.7,23.765785,86.413254
2026-08-02 04:00:00,N02,-0.2309,0.006901,6.39,0.059,0.000377,28.3,23.765785,86.413254
2026-08-02 05:00:00,N02,0.1742,0.008796,3.25,0.059,0.002094,30.1,23.765785,86.413254
2026-08-02 06:00:00,N02,0.0353,0.826759,30.26,0.0548,0.003655,32.0,23.765785,86.413254
2026-08-02 07:00:00,N02,0.0915,0.528701,18.32,0.0663,0.001833,34.0,23.765785,86.413254
2026-08-02 08:00:00,N02,,,,,,,23.765785,86.413254
2026-08-02 09:00:00,N02,,,,,,,23.765785,86.413254
2026-08-02 10:00:00,N02,0.0483,0.007136,4.95,0.0584,0.000711,38.5,23.765785,86.413254
2026-08-02 11:00:00,N02,0.0785,0.006902,7.55,0.0573,0.000912,39.3,23.765785,86.413254
2026-08-02 12:00:00,N02,,,,,,,23.765785,86.413254
2026-08-02 13:00:00,N02,,,,,,,23.765785,86.413254
2026-08-02 14:00:00,N02,,,,,,,23.765785,86.413254
2026-08-02 15:00:00,N02,,,,,,,23.765785,86.413254
2026-08-02 16:00:00,N02,,,,,,,23.765785,86.413254
2026-08-02 17:00:00,N02,0.0756,0.005539,7.76,0.0566,0.00048,34.0,23.765785,86.413254
2026-08-02 18:00:00,N02,0.16,0.005072,3.92,0.0575,0.000624,32.0,23.765785,86.413254
2026-08-02 19:00:00,N02,0.1282,0.008183,2.4,0.0579,4.4e-05,30.1,23.765785,86.413254
2026-08-02 20:00:00,N02,-0.075,0.006389,8.37,0.0576,0.000128,28.3,23.765785,86.413254
2026-08-02 21:00:00,N02,0.047,0.008539,4.56,0.0581,7.2e-05,26.7,23.765785,86.413254
2026-08-02 22:00:00,N02,-0.0905,0.007197,1.52,0.0577,0.000352,25.5,23.765785,86.413254
2026-08-02 23:00:00,N02,-0.1702,0.008959,4.19,0.0574,6.3e-05,24.8,23.765785,86.413254
2026-08-03 00:00:00,N02,-0.0872,0.008462,6.1,0.0576,0.000141,27.2,23.765785,86.413254
2026-08-03 01:00:00,N02,0.0774,0.00756,2.26,0.0577,0.000139,27.4,23.765785,86.413254
2026-08-03 02:00:00,N02,0.0472,0.006149,6.41,0.0573,0.00019,28.2,23.765785,86.413254
2026-08-03 03:00:00,N02,-0.0155,0.006587,4.51,0.0573,5.2e-05,29.4,23.765785,86.413254
2026-08-03 04:00:00,N02,0.004,0.005799,1.8,0.0574,0.00018,30.9,23.765785,86.413254
2026-08-03 05:00:00,N02,-0.2364,0.005438,6.86,0.0577,0.00019,32.7,23.765785,86.413254
2026-08-03 06:00:00,N02,-0.086,0.005073,8.89,0.0578,2.3e-05,34.7,23.765785,86.413254
2026-08-03 07:00:00,N02,0.1468,0.007741,7.7,0.0577,0.005779,36.6,23.765785,86.413254
2026-08-03 08:00:00,N02,0.1116,0.971848,28.61,0.0694,0.005873,38.4,23.765785,86.413254
2026-08-03 09:00:00,N02,-0.1182,0.659996,20.36,0.0695,0.0059,40.0,23.765785,86.413254
2026-08-03 10:00:00,N02,-0.1502,0.006245,7.44,0.0576,0.021533,41.2,23.765785,86.413254
2026-08-03 11:00:00,N02,,,,,,,23.765785,86.413254
2026-08-03 12:00:00,N02,,,,,,,23.765785,86.413254
2026-08-03 13:00:00,N02,,,,,,,23.765785,86.413254
2026-08-03 14:00:00,N02,,,,,,,23.765785,86.413254
2026-08-03 15:00:00,N02,,,,,,,23.765785,86.413254
2026-08-03 16:00:00,N02,-0.1889,0.006493,1.11,0.0529,9.4e-05,38.4,23.765785,86.413254
2026-08-03 17:00:00,N02,0.0906,0.006658,4.62,0.0532,0.000299,36.6,23.765785,86.413254
2026-08-03 18:00:00,N02,-0.0135,0.006523,7.45,0.0535,0.000288,34.7,23.765785,86.413254
2026-08-03 19:00:00,N02,-0.1636,0.007502,6.39,0.0527,0.001072,32.7,23.765785,86.413254
2026-08-03 20:00:00,N02,0.3284,0.005741,3.37,0.0513,0.000922,30.9,23.765785,86.413254
2026-08-03 21:00:00,N02,0.0853,0.005387,3.9,0.0508,0.000352,29.4,23.765785,86.413254
2026-08-03 22:00:00,N02,0.0434,0.007259,9.33,0.0506,0.000376,28.2,23.765785,86.413254
2026-08-03 23:00:00,N02,0.1971,0.006283,2.18,0.0501,0.000654,27.4,23.765785,86.413254
2026-08-04 00:00:00,N02,-0.2915,0.009443,5.37,0.0493,0.001073,25.4,23.765785,86.413254
2026-08-04 01:00:00,N02,-0.0512,0.009413,8.11,0.0479,0.001063,25.7,23.765785,86.413254
2026-08-04 02:00:00,N02,-0.1948,0.005336,8.04,0.0472,0.000901,26.4,23.765785,86.413254
2026-08-04 03:00:00,N02,-0.1059,0.006153,9.81,0.0461,0.00078,27.6,23.765785,86.413254
2026-08-04 04:00:00,N02,0.0076,0.005679,7.33,0.0456,0.000298,29.2,23.765785,86.413254
2026-08-04 05:00:00,N02,,,,,,,23.765785,86.413254
2026-08-04 06:00:00,N02,,,,,,,23.765785,86.413254
2026-08-04 07:00:00,N02,,,,,,,23.765785,86.413254
2026-08-04 08:00:00,N02,0.0265,0.005683,7.87,0.0462,0.000524,36.7,23.765785,86.413254
2026-08-04 09:00:00,N02,-0.3858,0.006339,1.45,0.0455,0.006487,38.2,23.765785,86.413254
2026-08-04 10:00:00,N02,0.0405,0.64096,49.48,0.0332,0.006787,39.4,23.765785,86.413254
2026-08-04 11:00:00,N02,-0.3112,0.763287,20.48,0.032,0.00534,40.2,23.765785,86.413254
2026-08-04 12:00:00,N02,0.2249,0.007827,9.22,0.0439,0.005743,40.4,23.765785,86.413254
2026-08-04 13:00:00,N02,0.2341,0.006212,9.11,0.0435,0.00046,40.2,23.765785,86.413254
2026-08-04 14:00:00,N02,0.1204,0.007828,8.54,0.043,0.000339,39.4,23.765785,86.413254
2026-08-04 15:00:00,N02,-0.058,0.006976,7.62,0.0428,0.000483,38.2,23.765785,86.413254
2026-08-04 16:00:00,N02,0.0733,0.006175,8.62,0.042,0.000454,36.7,23.765785,86.413254
2026-08-04 17:00:00,N02,,,,,,,23.765785,86.413254
2026-08-04 18:00:00,N02,,,,,,,23.765785,86.413254
2026-08-04 19:00:00,N02,-0.2685,0.005914,1.68,0.0409,0.000381,31.0,23.765785,86.413254
2026-08-04 20:00:00,N02,-0.2695,0.006422,9.38,0.0408,2.8e-05,29.2,23.765785,86.413254
2026-08-04 21:00:00,N02,-0.1916,0.007705,1.37,0.0409,9.2e-05,27.6,23.765785,86.413254
2026-08-04 22:00:00,N02,,,,,,,23.765785,86.413254
2026-08-04 23:00:00,N02,,,,,,,23.765785,86.413254
2026-08-05 00:00:00,N02,,,,,,,23.765785,86.413254
2026-08-05 01:00:00,N02,,,,,,,23.765785,86.413254
2026-08-05 02:00:00,N02,-0.0508,0.011221,8.86,0.0404,0.000143,31.7,23.765785,86.413254
2026-08-05 03:00:00,N02,,,,,,,23.765785,86.413254
2026-08-05 04:00:00,N02,,,,,,,23.765785,86.413254
2026-08-05 05:00:00,N02,,,,,,,23.765785,86.413254
2026-08-05 06:00:00,N02,,,,,,,23.765785,86.413254
2026-08-05 07:00:00,N02,,,,,,,23.765785,86.413254
2026-08-05 08:00:00,N02,,,,,,,23.765785,86.413254
2026-08-05 09:00:00,N02,-0.1898,0.007114,8.33,0.0416,0.003811,43.5,23.765785,86.413254
2026-08-05 10:00:00,N02,0.03,0.88286,41.45,0.0494,0.000717,44.7,23.765785,86.413254
2026-08-05 11:00:00,N02,0.057,0.005221,2.43,0.043,0.003298,45.4,23.765785,86.413254
2026-08-05 12:00:00,N02,-0.0362,0.006377,5.53,0.0428,1e-05,45.7,23.765785,86.413254
2026-08-05 13:00:00,N02,-0.0166,0.006085,8.11,0.043,0.000225,45.4,23.765785,86.413254
2026-08-05 14:00:00,N02,-0.0474,0.005108,9.58,0.0432,0.000256,44.7,23.765785,86.413254
2026-08-05 15:00:00,N02,0.1323,0.009085,2.57,0.0435,0.000206,43.5,23.765785,86.413254
2026-08-05 16:00:00,N02,-0.1001,0.006885,7.81,0.0436,0.000418,41.9,23.765785,86.413254
2026-08-05 17:00:00,N02,-0.0887,0.008454,9.52,0.0443,0.000464,40.1,23.765785,86.413254
2026-08-05 18:00:00,N02,0.1895,0.005305,2.99,0.0446,0.000297,38.2,23.765785,86.413254
2026-08-05 19:00:00,N02,-0.2376,0.006629,7.34,0.0449,0.000607,36.2,23.765785,86.413254
2026-08-05 20:00:00,N02,-0.0016,0.005142,4.17,0.0458,0.000156,34.4,23.765785,86.413254
2026-08-05 21:00:00,N02,0.1515,0.00686,8.41,0.0452,3.5e-05,32.9,23.765785,86.413254
2026-08-05 22:00:00,N02,0.1261,0.005955,9.16,0.0458,0.000307,31.7,23.765785,86.413254
2026-08-05 23:00:00,N02,-0.1475,0.005734,2.27,0.0458,5e-05,30.9,23.765785,86.413254
2026-08-06 00:00:00,N02,-0.0737,0.006131,8.71,0.0459,0.000195,30.0,23.765785,86.413254
2026-08-06 01:00:00,N02,0.1395,0.006421,4.29,0.0462,1.2e-05,30.3,23.765785,86.413254
2026-08-06 02:00:00,N02,-0.1464,0.007536,1.69,0.0459,0.000256,31.0,23.765785,86.413254
2026-08-06 03:00:00,N02,0.2163,0.006666,8.1,0.0457,0.000196,32.2,23.765785,86.413254
2026-08-06 04:00:00,N02,-0.2446,0.006997,7.02,0.0455,0.000234,33.8,23.765785,86.413254
2026-08-06 05:00:00,N02,0.0137,0.009744,2.04,0.0462,0.000589,35.6,23.765785,86.413254
2026-08-06 06:00:00,N02,0.0838,0.005507,9.98,0.0467,0.000241,37.5,23.765785,86.413254
2026-08-06 07:00:00,N02,0.0121,0.007724,2.56,0.0467,8.7e-05,39.5,23.765785,86.413254
2026-08-06 08:00:00,N02,0.0004,0.005131,6.47,0.0469,0.004572,41.3,23.765785,86.413254
2026-08-06 09:00:00,N02,0.1624,0.972457,39.77,0.0558,0.000126,42.8,23.765785,86.413254
2026-08-06 10:00:00,N02,0.1429,0.007642,2.27,0.0471,0.003864,44.0,23.765785,86.413254
2026-08-06 11:00:00,N02,0.0064,0.00528,2.58,0.0481,0.000635,44.8,23.765785,86.413254
2026-08-06 12:00:00,N02,-0.0344,0.005488,2.68,0.0484,0.009628,45.0,23.765785,86.413254
2026-08-06 13:00:00,N02,0.2098,0.666759,16.42,0.0673,0.000823,44.8,23.765785,86.413254
2026-08-06 14:00:00,N02,-0.1233,0.011004,5.07,0.05,0.008444,44.0,23.765785,86.413254
2026-08-06 15:00:00,N02,,,,,,,23.765785,86.413254
2026-08-06 16:00:00,N02,,,,,,,23.765785,86.413254
2026-08-06 17:00:00,N02,,,,,,,23.765785,86.413254
2026-08-06 18:00:00,N02,,,,,,,23.765785,86.413254
2026-08-06 19:00:00,N02,0.1201,0.006534,2.73,0.0509,9e-05,35.6,23.765785,86.413254
2026-08-06 20:00:00,N02,0.0912,0.009487,5.43,0.051,0.00014,33.8,23.765785,86.413254
2026-08-06 21:00:00,N02,-0.1588,0.006043,2.34,0.0506,0.000324,32.2,23.765785,86.413254
2026-08-06 22:00:00,N02,-0.4507,0.00519,9.41,0.0516,5.5e-05,31.0,23.765785,86.413254
2026-08-06 23:00:00,N02,-0.1094,0.008024,3.36,0.0505,0.000236,30.3,23.765785,86.413254
2026-08-07 00:00:00,N02,-0.1402,0.006701,7.54,0.0511,5.8e-05,28.1,23.765785,86.413254
2026-08-07 01:00:00,N02,0.2449,0.006835,5.84,0.0506,0.000396,28.3,23.765785,86.413254
2026-08-07 02:00:00,N02,,,,,,,23.765785,86.413254
2026-08-07 03:00:00,N02,,,,,,,23.765785,86.413254
2026-08-07 04:00:00,N02,,,,,,,23.765785,86.413254
2026-08-07 05:00:00,N02,,,,,,,23.765785,86.413254
2026-08-07 06:00:00,N02,,,,,,,23.765785,86.413254
2026-08-07 07:00:00,N02,-0.0487,0.008277,6.77,0.0486,0.00022,37.5,23.765785,86.413254
2026-08-07 08:00:00,N02,-0.2402,0.006743,7.99,0.0486,0.000277,39.3,23.765785,86.413254
2026-08-07 09:00:00,N02,0.0466,0.005393,9.41,0.0491,0.009478,40.9,23.765785,86.413254
2026-08-07 10:00:00,N02,0.2636,0.930907,19.12,0.0675,0.009047,42.1,23.765785,86.413254
2026-08-07 11:00:00,N02,0.1851,0.894062,32.25,0.0672,0.009682,42.8,23.765785,86.413254
2026-08-07 12:00:00,N02,0.0131,0.007001,2.49,0.0482,0.014327,43.1,23.765785,86.413254
2026-08-07 13:00:00,N02,0.2203,0.700205,37.95,0.0386,0.004891,42.8,23.765785,86.413254
2026-08-07 14:00:00,N02,0.0811,0.524779,24.56,0.0384,0.010249,42.1,23.765785,86.413254
2026-08-07 15:00:00,N02,0.0211,0.752098,49.66,0.0591,0.010121,40.9,23.765785,86.413254
2026-08-07 16:00:00,N02,-0.0976,0.641392,41.74,0.0586,0.005032,39.3,23.765785,86.413254
2026-08-07 17:00:00,N02,-0.0307,0.005639,1.56,0.049,0.004839,37.5,23.765785,86.413254
2026-08-07 18:00:00,N02,0.0431,0.00645,2.46,0.049,4.9e-05,35.6,23.765785,86.413254
2026-08-07 19:00:00,N02,0.0722,0.007354,4.05,0.0489,0.000228,33.6,23.765785,86.413254
2026-08-07 20:00:00,N02,-0.2218,0.005832,3.61,0.0485,0.000237,31.8,23.765785,86.413254
2026-08-07 21:00:00,N02,0.0092,0.009408,9.48,0.0484,0.000378,30.3,23.765785,86.413254
2026-08-07 22:00:00,N02,-0.1837,0.005224,3.26,0.0478,0.000569,29.1,23.765785,86.413254
2026-08-07 23:00:00,N02,-0.0066,0.005611,9.87,0.0473,0.000151,28.3,23.765785,86.413254
2026-08-08 00:00:00,N02,-0.1327,0.009103,4.03,0.0481,0.00073,26.0,23.765785,86.413254
2026-08-08 01:00:00,N02,-0.0816,0.006223,3.72,0.0487,0.000527,26.2,23.765785,86.413254
2026-08-08 02:00:00,N02,-0.0025,0.005797,9.74,0.0491,0.00059,27.0,23.765785,86.413254
2026-08-08 03:00:00,N02,-0.1016,0.007772,2.11,0.0499,0.0004,28.2,23.765785,86.413254
2026-08-08 04:00:00,N02,-0.0633,0.005569,7.69,0.0499,0.000181,29.7,23.765785,86.413254
2026-08-08 05:00:00,N02,0.0213,0.006891,2.66,0.0496,0.000191,31.5,23.765785,86.413254
2026-08-08 06:00:00,N02,-0.2138,0.006393,3.95,0.0495,0.002619,33.5,23.765785,86.413254
2026-08-08 07:00:00,N02,0.2074,0.5131,49.57,0.0443,4.6e-05,35.4,23.765785,86.413254
2026-08-08 08:00:00,N02,-0.1608,0.006373,5.86,0.0494,0.003436,37.2,23.765785,86.413254
2026-08-08 09:00:00,N02,0.0142,0.847843,16.0,0.0375,0.000352,38.8,23.765785,86.413254
2026-08-08 10:00:00,N02,-0.041,0.007543,5.75,0.0501,0.006695,40.0,23.765785,86.413254
2026-08-08 11:00:00,N02,-0.1126,0.006037,4.17,0.0508,0.006922,40.7,23.765785,86.413254
2026-08-08 12:00:00,N02,-0.0906,0.53326,46.29,0.064,0.000131,41.0,23.765785,86.413254
2026-08-08 13:00:00,N02,0.1369,0.006163,8.43,0.0506,0.006583,40.7,23.765785,86.413254
2026-08-08 14:00:00,N02,0.119,0.006513,5.45,0.0508,2.2e-05,40.0,23.765785,86.413254
2026-08-08 15:00:00,N02,0.0966,0.006233,9.36,0.0506,6.2e-05,38.8,23.765785,86.413254
2026-08-08 16:00:00,N02,0.233,0.005994,6.05,0.0509,0.000514,37.2,23.765785,86.413254
2026-08-08 17:00:00,N02,0.0155,0.007077,8.33,0.0496,0.000596,35.4,23.765785,86.413254
2026-08-08 18:00:00,N02,0.1054,0.006368,7.8,0.0497,9.7e-05,33.5,23.765785,86.413254
2026-08-08 19:00:00,N02,-0.0058,0.00543,8.89,0.0498,0.000176,31.5,23.765785,86.413254
2026-08-08 20:00:00,N02,,,,,,,23.765785,86.413254
2026-08-08 21:00:00,N02,-0.1769,0.005312,9.82,0.0509,0.000564,28.2,23.765785,86.413254
2026-08-08 22:00:00,N02,-0.1052,0.006151,5.64,0.0512,0.00063,27.0,23.765785,86.413254
2026-08-08 23:00:00,N02,-0.14,0.006664,6.29,0.0521,0.000372,26.2,23.765785,86.413254
2026-08-09 00:00:00,N02,-0.1547,0.005249,7.33,0.052,9.6e-05,24.0,23.765785,86.413254
2026-08-09 01:00:00,N02,-0.2208,0.005924,4.81,0.0519,5e-05,24.2,23.765785,86.413254
2026-08-09 02:00:00,N02,-0.2174,0.008403,6.83,0.0521,1.2e-05,25.0,23.765785,86.413254
2026-08-09 03:00:00,N02,-0.0394,0.009924,6.62,0.052,0.000549,26.2,23.765785,86.413254
2026-08-09 04:00:00,N02,0.0567,0.00746,7.58,0.051,0.000783,27.7,23.765785,86.413254
2026-08-09 05:00:00,N02,0.3212,0.00629,3.62,0.0504,0.000594,29.5,23.765785,86.413254
2026-08-09 06:00:00,N02,-0.0636,0.006831,8.34,0.0498,0.000478,31.5,23.765785,86.413254
2026-08-09 07:00:00,N02,-0.0949,0.005762,4.56,0.0494,0.000108,33.4,23.765785,86.413254
2026-08-09 08:00:00,N02,-0.0493,0.008767,6.3,0.05,0.003264,35.2,23.765785,86.413254
2026-08-09 09:00:00,N02,-0.0302,0.766938,34.18,0.0429,0.003055,36.8,23.765785,86.413254
2026-08-09 10:00:00,N02,0.329,0.628418,42.74,0.0439,0.004094,38.0,23.765785,86.413254
2026-08-09 11:00:00,N02,-0.1312,0.009121,9.03,0.0511,0.003643,38.7,23.765785,86.413254
2026-08-09 12:00:00,N02,0.014,0.006094,8.76,0.0512,0.000123,39.0,23.765785,86.413254
2026-08-09 13:00:00,N02,-0.0986,0.006299,3.22,0.0508,0.000387,38.7,23.765785,86.413254
2026-08-09 14:00:00,N02,0.1492,0.00761,2.59,0.0504,0.000422,38.0,23.765785,86.413254
2026-08-09 15:00:00,N02,,,,,,,23.765785,86.413254
2026-08-09 16:00:00,N02,,,,,,,23.765785,86.413254
2026-08-09 17:00:00,N02,,,,,,,23.765785,86.413254
2026-08-09 18:00:00,N02,,,,,,,23.765785,86.413254
2026-08-09 19:00:00,N02,-0.0118,0.006703,7.28,0.0512,0.000356,29.5,23.765785,86.413254
2026-08-09 20:00:00,N02,-0.1234,0.005834,4.12,0.0515,0.000249,27.7,23.765785,86.413254
2026-08-09 21:00:00,N02,0.0322,0.007329,6.36,0.0517,6e-05,26.2,23.765785,86.413254
2026-08-09 22:00:00,N02,-0.2028,0.00516,7.45,0.0514,0.00024,25.0,23.765785,86.413254
2026-08-09 23:00:00,N02,-0.0927,0.007402,4.2,0.0512,0.000254,24.2,23.765785,86.413254
2026-08-10 00:00:00,N02,-0.0493,0.005691,6.84,0.0509,0.000404,25.3,23.765785,86.413254
2026-08-10 01:00:00,N02,-0.2325,0.008549,8.07,0.0504,0.000498,25.5,23.765785,86.413254
2026-08-10 02:00:00,N02,-0.0907,0.005479,9.41,0.0499,0.000325,26.3,23.765785,86.413254
2026-08-10 03:00:00,N02,0.221,0.006762,5.12,0.0498,0.000252,27.5,23.765785,86.413254
2026-08-10 04:00:00,N02,,,,,,,23.765785,86.413254
2026-08-10 05:00:00,N02,,,,,,,23.765785,86.413254
2026-08-10 06:00:00,N02,,,,,,,23.765785,86.413254
2026-08-10 07:00:00,N02,,,,,,,23.765785,86.413254
2026-08-10 08:00:00,N02,-0.0162,0.006745,6.72,0.0507,0.000215,36.5,23.765785,86.413254
2026-08-10 09:00:00,N02,0.0371,0.005178,3.21,0.0503,6e-05,38.1,23.765785,86.413254
2026-08-10 10:00:00,N02,0.2558,0.005337,3.9,0.0506,0.000339,39.2,23.765785,86.413254
2026-08-10 11:00:00,N02,0.0069,0.005541,2.35,0.0497,0.000398,40.0,23.765785,86.413254
2026-08-10 12:00:00,N02,0.1861,0.008809,1.99,0.0498,3.9e-05,40.3,23.765785,86.413254
2026-08-10 13:00:00,N02,0.0878,0.006688,5.94,0.0497,0.006118,40.0,23.765785,86.413254
2026-08-10 14:00:00,N02,0.0155,0.874292,35.51,0.0375,0.00035,39.2,23.765785,86.413254
2026-08-10 15:00:00,N02,-0.2592,0.005239,2.47,0.049,0.00577,38.1,23.765785,86.413254
2026-08-10 16:00:00,N02,-0.0668,0.007087,3.43,0.0491,7.1e-05,36.5,23.765785,86.413254
2026-08-10 17:00:00,N02,0.0196,0.007606,1.26,0.0489,9e-05,34.7,23.765785,86.413254
2026-08-10 18:00:00,N02,0.1558,0.005478,3.25,0.0492,0.000359,32.8,23.765785,86.413254
2026-08-10 19:00:00,N02,-0.1455,0.00684,5.27,0.0496,0.000221,30.8,23.765785,86.413254
2026-08-10 20:00:00,N02,-0.2954,0.005,8.42,0.0497,0.00011,29.0,23.765785,86.413254
2026-08-10 21:00:00,N02,-0.1302,0.008929,2.6,0.0494,0.000216,27.5,23.765785,86.413254
2026-08-10 22:00:00,N02,,,,,,,23.765785,86.413254
2026-08-10 23:00:00,N02,0.418,0.005781,8.44,0.05,0.000312,25.5,23.765785,86.413254
2026-08-11 00:00:00,N02,-0.2819,0.007259,8.9,0.0499,0.000419,25.7,23.765785,86.413254
2026-08-11 01:00:00,N02,-0.0026,0.005856,4.29,0.0509,0.0004,26.0,23.765785,86.413254
2026-08-11 02:00:00,N02,-0.1291,0.00773,1.68,0.0507,0.000478,26.8,23.765785,86.413254
2026-08-11 03:00:00,N02,0.1467,0.006894,3.49,0.0499,0.0009,27.9,23.765785,86.413254
2026-08-11 04:00:00,N02,-0.2916,0.005424,1.19,0.0489,0.000139,29.5,23.765785,86.413254
2026-08-11 05:00:00,N02,-0.2054,0.009936,4.96,0.0496,0.000494,31.3,23.765785,86.413254
2026-08-11 06:00:00,N02,0.0738,0.005464,5.74,0.0499,0.00035,33.2,23.765785,86.413254
2026-08-11 07:00:00,N02,0.0408,0.005985,8.77,0.0489,0.00052,35.2,23.765785,86.413254
2026-08-11 08:00:00,N02,0.0448,0.005306,9.6,0.0488,0.000224,37.0,23.765785,86.413254
2026-08-11 09:00:00,N02,0.0383,0.0069,3.17,0.0485,0.011774,38.6,23.765785,86.413254
2026-08-11 10:00:00,N02,0.1392,0.879938,32.13,0.0724,0.011992,39.7,23.765785,86.413254
2026-08-11 11:00:00,N02,0.3531,0.570237,44.52,0.0725,0.009287,40.5,23.765785,86.413254
2026-08-11 12:00:00,N02,-0.1501,0.006775,1.62,0.0538,0.00942,40.7,23.765785,86.413254
2026-08-11 13:00:00,N02,0.2336,0.008917,7.28,0.0536,0.006053,40.5,23.765785,86.413254
2026-08-11 14:00:00,N02,-0.0029,0.589454,15.4,0.0417,0.000299,39.7,23.765785,86.413254
2026-08-11 15:00:00,N02,0.016,0.008012,3.79,0.0542,0.006286,38.6,23.765785,86.413254
2026-08-11 16:00:00,N02,0.1027,0.006178,6.43,0.0543,0.004332,37.0,23.765785,86.413254
2026-08-11 17:00:00,N02,-0.04,0.712406,25.46,0.0629,0.000442,35.2,23.765785,86.413254
2026-08-11 18:00:00,N02,0.0615,0.006467,8.91,0.0551,0.003812,33.2,23.765785,86.413254
2026-08-11 19:00:00,N02,0.0839,0.005435,3.27,0.0553,0.000337,31.3,23.765785,86.413254
2026-08-11 20:00:00,N02,-0.0134,0.00568,6.56,0.0545,0.000417,29.5,23.765785,86.413254
2026-08-11 21:00:00,N02,0.1258,0.006566,4.28,0.0544,3e-06,27.9,23.765785,86.413254
2026-08-11 22:00:00,N02,-0.0108,0.006095,2.99,0.0545,8.4e-05,26.8,23.765785,86.413254
2026-08-11 23:00:00,N02,0.1969,0.005624,2.08,0.0546,0.000169,26.0,23.765785,86.413254
2026-08-12 00:00:00,N02,0.0274,0.005344,3.05,0.0541,1.4e-05,25.2,23.765785,86.413254
2026-08-12 01:00:00,N02,0.0982,0.006901,3.1,0.0546,0.000433,25.4,23.765785,86.413254
2026-08-12 02:00:00,N02,0.2018,0.006864,5.21,0.055,2.8e-05,26.2,23.765785,86.413254
2026-08-12 03:00:00,N02,-0.0238,0.006369,6.99,0.0546,0.000303,27.4,23.765785,86.413254
2026-08-12 04:00:00,N02,0.0424,0.005153,4.85,0.0544,5.6e-05,28.9,23.765785,86.413254
2026-08-12 05:00:00,N02,-0.1285,0.006022,7.64,0.0545,0.000357,30.7,23.765785,86.413254
2026-08-12 06:00:00,N02,0.4124,0.005739,6.43,0.0551,8.4e-05,32.7,23.765785,86.413254
2026-08-12 07:00:00,N02,0.14,0.009286,5.17,0.0544,0.000433,34.6,23.765785,86.413254
2026-08-12 08:00:00,N02,-0.0742,0.007997,5.05,0.0542,0.000227,36.4,23.765785,86.413254
2026-08-12 09:00:00,N02,0.0723,0.00566,8.06,0.0548,0.007793,38.0,23.765785,86.413254
2026-08-12 10:00:00,N02,0.0032,0.78601,30.22,0.0387,0.007915,39.2,23.765785,86.413254
2026-08-12 11:00:00,N02,-0.0422,0.590648,43.16,0.039,0.008229,39.9,23.765785,86.413254
2026-08-12 12:00:00,N02,-0.4908,0.006607,1.65,0.0551,0.008079,40.2,23.765785,86.413254
2026-08-12 13:00:00,N02,0.2219,0.005472,5.29,0.0551,0.002278,39.9,23.765785,86.413254
2026-08-12 14:00:00,N02,-0.1251,0.675529,45.95,0.0597,0.00039,39.2,23.765785,86.413254
2026-08-12 15:00:00,N02,0.0232,0.00639,6.65,0.0544,0.002779,38.0,23.765785,86.413254
2026-08-12 16:00:00,N02,-0.1881,0.006005,9.7,0.0541,0.000295,36.4,23.765785,86.413254
2026-08-12 17:00:00,N02,0.3493,0.008124,1.16,0.0538,8.3e-05,34.6,23.765785,86.413254
2026-08-12 18:00:00,N02,0.3334,0.005274,1.51,0.0539,1.3e-05,32.7,23.765785,86.413254
2026-08-12 19:00:00,N02,,,,,,,23.765785,86.413254
2026-08-12 20:00:00,N02,-0.0077,0.00562,2.65,0.0533,0.000489,28.9,23.765785,86.413254
2026-08-12 21:00:00,N02,-0.0788,0.00511,3.25,0.0528,0.000239,27.4,23.765785,86.413254
2026-08-12 22:00:00,N02,0.1297,0.006623,2.17,0.0528,1.1e-05,26.2,23.765785,86.413254
2026-08-12 23:00:00,N02,,,,,,,23.765785,86.413254
2026-08-13 00:00:00,N02,,,,,,,23.765785,86.413254
2026-08-13 01:00:00,N02,,,,,,,23.765785,86.413254
2026-08-13 02:00:00,N02,0.0458,0.007047,7.85,0.054,0.000687,24.6,23.765785,86.413254
2026-08-13 03:00:00,N02,0.0634,0.005889,5.2,0.0544,3.4e-05,25.8,23.765785,86.413254
2026-08-13 04:00:00,N02,0.1127,0.00794,5.0,0.054,0.000129,27.3,23.765785,86.413254
2026-08-13 05:00:00,N02,0.0927,0.005169,4.26,0.0542,0.000305,29.1,23.765785,86.413254
2026-08-13 06:00:00,N02,-0.1853,0.005045,8.63,0.0534,0.000897,31.1,23.765785,86.413254
2026-08-13 07:00:00,N02,0.1567,0.006623,1.86,0.0524,0.000365,33.0,23.765785,86.413254
2026-08-13 08:00:00,N02,-0.1078,0.005186,8.35,0.0526,0.000324,34.8,23.765785,86.413254
2026-08-13 09:00:00,N02,-0.0654,0.007499,6.82,0.053,0.000309,36.4,23.765785,86.413254
2026-08-13 10:00:00,N02,0.0151,0.005525,2.47,0.0532,0.000408,37.6,23.765785,86.413254
2026-08-13 11:00:00,N02,-0.0769,0.005041,4.67,0.0538,0.006393,38.3,23.765785,86.413254
2026-08-13 12:00:00,N02,0.1438,0.776451,26.37,0.0405,7e-06,38.6,23.765785,86.413254
2026-08-13 13:00:00,N02,-0.0698,0.006877,6.98,0.0539,0.006767,38.3,23.765785,86.413254
2026-08-13 14:00:00,N02,-0.2284,0.005914,1.34,0.054,9e-06,37.6,23.765785,86.413254
2026-08-13 15:00:00,N02,0.3033,0.007451,1.6,0.0539,0.000143,36.4,23.765785,86.413254
2026-08-13 16:00:00,N02,0.0936,0.006236,5.31,0.0543,3.5e-05,34.8,23.765785,86.413254
2026-08-13 17:00:00,N02,-0.0502,0.005101,7.62,0.0538,0.000479,33.0,23.765785,86.413254
2026-08-13 18:00:00,N02,,,,,,,23.765785,86.413254
2026-08-13 19:00:00,N02,,,,,,,23.765785,86.413254
2026-08-13 20:00:00,N02,,,,,,,23.765785,86.413254
2026-08-13 21:00:00,N02,,,,,,,23.765785,86.413254
2026-08-13 22:00:00,N02,0.056,0.007161,2.17,0.0538,0.000596,24.6,23.765785,86.413254
2026-08-13 23:00:00,N02,0.0127,0.00649,8.43,0.0536,0.000506,23.8,23.765785,86.413254
2026-08-14 00:00:00,N02,-0.3525,0.007882,6.96,0.0548,3.6e-05,20.7,23.765785,86.413254
2026-08-14 01:00:00,N02,-0.1368,0.007553,8.89,0.0536,0.000593,21.0,23.765785,86.413254
2026-08-14 02:00:00,N02,0.0342,0.006388,1.02,0.0536,2.9e-05,21.7,23.765785,86.413254
2026-08-14 03:00:00,N02,-0.3408,0.007152,3.36,0.0537,7.3e-05,22.9,23.765785,86.413254
2026-08-14 04:00:00,N02,-0.0547,0.005635,5.51,0.0535,0.000218,24.4,23.765785,86.413254
2026-08-14 05:00:00,N02,-0.1414,0.007389,3.94,0.0533,0.000373,26.3,23.765785,86.413254
2026-08-14 06:00:00,N02,0.0282,0.005784,9.0,0.0527,0.000248,28.2,23.765785,86.413254
2026-08-14 07:00:00,N02,0.2872,0.00688,6.68,0.0528,0.000176,30.1,23.765785,86.413254
2026-08-14 08:00:00,N02,0.0114,0.007607,4.28,0.0531,0.000227,31.9,23.765785,86.413254
2026-08-14 09:00:00,N02,0.0436,0.007302,4.37,0.0523,0.000508,33.5,23.765785,86.413254
2026-08-14 10:00:00,N02,-0.083,0.007484,2.73,0.0521,0.00053,34.7,23.765785,86.413254
2026-08-14 11:00:00,N02,0.0525,0.007097,4.69,0.0512,0.000166,35.4,23.765785,86.413254
2026-08-14 12:00:00,N02,0.2413,0.00602,8.16,0.0517,0.000254,35.7,23.765785,86.413254
2026-08-14 13:00:00,N02,-0.0414,0.008125,4.92,0.0518,0.000233,35.4,23.765785,86.413254
2026-08-14 14:00:00,N02,0.1168,0.005596,3.12,0.0513,0.000355,34.7,23.765785,86.413254
2026-08-14 15:00:00,N02,0.0563,0.006712,8.42,0.051,0.003226,33.5,23.765785,86.413254
2026-08-14 16:00:00,N02,0.0987,0.870302,41.14,0.0448,0.000312,31.9,23.765785,86.413254
2026-08-14 17:00:00,N02,-0.205,0.007089,1.84,0.0517,0.003341,30.1,23.765785,86.413254
2026-08-14 18:00:00,N02,-0.0109,0.008511,6.39,0.0515,8e-06,28.2,23.765785,86.413254
2026-08-14 19:00:00,N02,0.0692,0.005779,3.76,0.0517,0.000509,26.3,23.765785,86.413254
2026-08-14 20:00:00,N02,-0.1529,0.006777,6.16,0.0525,0.00065,24.4,23.765785,86.413254
2026-08-14 21:00:00,N02,-0.0857,0.005125,5.63,0.053,0.000358,22.9,23.765785,86.413254
2026-08-14 22:00:00,N02,-0.2036,0.006301,2.93,0.0532,6.2e-05,21.7,23.765785,86.413254
2026-08-14 23:00:00,N02,-0.3066,0.006913,4.48,0.0529,0.000584,21.0,23.765785,86.413254
2026-08-15 00:00:00,N02,0.0159,0.008421,8.58,0.0521,9.3e-05,25.3,23.765785,86.413254
2026-08-15 01:00:00,N02,,,,,,,23.765785,86.413254
2026-08-15 02:00:00,N02,0.1574,0.007725,2.01,0.0519,0.000392,26.3,23.765785,86.413254
2026-08-15 03:00:00,N02,-0.1172,0.006486,2.26,0.0519,5.7e-05,27.5,23.765785,86.413254
2026-08-15 04:00:00,N02,-0.1211,0.007129,1.56,0.0518,0.000194,29.0,23.765785,86.413254
2026-08-15 05:00:00,N02,-0.0581,0.006063,6.41,0.0515,0.000266,30.8,23.765785,86.413254
2026-08-15 06:00:00,N02,0.0791,0.008034,8.74,0.0524,0.000977,32.8,23.765785,86.413254
2026-08-15 07:00:00,N02,-0.0384,0.008174,3.8,0.0535,0.000569,34.7,23.765785,86.413254
2026-08-15 08:00:00,N02,-0.3652,0.005696,6.29,0.0535,0.000136,36.5,23.765785,86.413254
2026-08-15 09:00:00,N02,0.1041,0.005429,7.61,0.0537,0.000505,38.1,23.765785,86.413254
2026-08-15 10:00:00,N02,-0.2182,0.007395,4.12,0.0545,0.006934,39.3,23.765785,86.413254
2026-08-15 11:00:00,N02,-0.1093,0.754251,30.64,0.0399,0.000127,40.0,23.765785,86.413254
2026-08-15 12:00:00,N02,-0.0952,0.006653,3.28,0.0548,0.007521,40.3,23.765785,86.413254
2026-08-15 13:00:00,N02,0.1757,0.005085,4.23,0.0549,6.1e-05,40.0,23.765785,86.413254
2026-08-15 14:00:00,N02,0.0058,0.008426,7.55,0.0549,8.7e-05,39.3,23.765785,86.413254
2026-08-15 15:00:00,N02,-0.2148,0.005868,9.06,0.0551,7e-06,38.1,23.765785,86.413254
2026-08-15 16:00:00,N02,-0.0799,0.006378,5.55,0.0549,0.000549,36.5,23.765785,86.413254
2026-08-15 17:00:00,N02,0.1581,0.006192,2.13,0.054,0.000501,34.7,23.765785,86.413254
2026-08-15 18:00:00,N02,0.0267,0.005822,6.78,0.0539,2.9e-05,32.8,23.765785,86.413254
2026-08-15 19:00:00,N02,0.0098,0.008539,6.12,0.054,0.000214,30.8,23.765785,86.413254
2026-08-15 20:00:00,N02,0.1375,0.005511,5.87,0.0543,0.000222,29.0,23.765785,86.413254
2026-08-15 21:00:00,N02,-0.1352,0.005347,7.46,0.0545,0.000472,27.5,23.765785,86.413254
2026-08-15 22:00:00,N02,-0.1322,0.005822,9.44,0.0534,0.000693,26.3,23.765785,86.413254
2026-08-15 23:00:00,N02,-0.0166,0.005778,8.57,0.0531,0.000326,25.5,23.765785,86.413254
2026-08-16 00:00:00,N02,0.0304,0.006622,9.44,0.054,0.000659,22.5,23.765785,86.413254
2026-08-16 01:00:00,N02,-0.0772,0.005029,2.79,0.0544,0.00019,22.8,23.765785,86.413254
2026-08-16 02:00:00,N02,-0.2719,0.006389,7.34,0.0544,0.000199,23.5,23.765785,86.413254
2026-08-16 03:00:00,N02,0.1882,0.005105,4.75,0.0548,9.2e-05,24.7,23.765785,86.413254
2026-08-16 04:00:00,N02,0.1589,0.006184,5.36,0.0542,0.00067,26.2,23.765785,86.413254
2026-08-16 05:00:00,N02,-0.0351,0.005621,8.51,0.0535,0.005615,28.1,23.765785,86.413254
2026-08-16 06:00:00,N02,-0.2224,0.535647,18.61,0.0655,0.005607,30.0,23.765785,86.413254
2026-08-16 07:00:00,N02,0.0308,0.838596,47.09,0.0423,0.006282,31.9,23.765785,86.413254
2026-08-16 08:00:00,N02,0.0995,0.005565,5.59,0.0529,0.005111,33.7,23.765785,86.413254
2026-08-16 09:00:00,N02,0.25,0.005733,1.6,0.0525,0.000359,35.3,23.765785,86.413254
2026-08-16 10:00:00,N02,-0.1572,0.007226,3.49,0.0522,0.000228,36.5,23.765785,86.413254
2026-08-16 11:00:00,N02,-0.0213,0.006357,3.44,0.052,0.000125,37.2,23.765785,86.413254
2026-08-16 12:00:00,N02,-0.0922,0.006366,5.74,0.0519,0.000141,37.5,23.765785,86.413254
2026-08-16 13:00:00,N02,0.2084,0.008666,9.63,0.0523,0.00052,37.2,23.765785,86.413254
2026-08-16 14:00:00,N02,0.0553,0.007589,4.83,0.053,2e-05,36.5,23.765785,86.413254
2026-08-16 15:00:00,N02,-0.3107,0.008914,7.5,0.0524,0.003732,35.3,23.765785,86.413254
2026-08-16 16:00:00,N02,-0.0464,0.545716,24.16,0.0604,0.000262,33.7,23.765785,86.413254
2026-08-16 17:00:00,N02,0.0465,0.005951,1.79,0.0518,0.004443,31.9,23.765785,86.413254
2026-08-16 18:00:00,N02,-0.142,0.00681,9.36,0.0516,0.000533,30.0,23.765785,86.413254
2026-08-16 19:00:00,N02,-0.1684,0.005206,8.78,0.0508,0.000698,28.1,23.765785,86.413254
2026-08-16 20:00:00,N02,0.005,0.005538,7.45,0.0502,0.0006,26.2,23.765785,86.413254
2026-08-16 21:00:00,N02,-0.0102,0.00748,1.96,0.0496,0.00024,24.7,23.765785,86.413254
2026-08-16 22:00:00,N02,0.0481,0.005986,2.12,0.0497,0.000161,23.5,23.765785,86.413254
2026-08-16 23:00:00,N02,-0.216,0.007996,8.28,0.0499,0.00024,22.8,23.765785,86.413254
2026-08-17 00:00:00,N02,-0.0154,0.00792,6.46,0.0502,0.000274,21.0,23.765785,86.413254
2026-08-17 01:00:00,N02,0.0488,0.007165,8.76,0.0504,0.00015,21.2,23.765785,86.413254
2026-08-17 02:00:00,N02,0.0071,0.005543,8.85,0.0505,0.000397,22.0,23.765785,86.413254
2026-08-17 03:00:00,N02,0.0572,0.005546,7.66,0.0496,0.000424,23.2,23.765785,86.413254
2026-08-17 04:00:00,N02,-0.2056,0.00829,9.08,0.0513,0.000786,24.7,23.765785,86.413254
2026-08-17 05:00:00,N02,0.1909,0.005615,4.14,0.0512,0.000115,26.5,23.765785,86.413254
2026-08-17 06:00:00,N02,-0.0644,0.006826,5.7,0.0515,0.000498,28.5,23.765785,86.413254
2026-08-17 07:00:00,N02,0.0766,0.0058,5.04,0.0522,0.005512,30.4,23.765785,86.413254
2026-08-17 08:00:00,N02,0.0821,0.821166,38.26,0.0626,0.005468,32.2,23.765785,86.413254
2026-08-17 09:00:00,N02,0.2278,0.805637,30.98,0.0631,0.004453,33.8,23.765785,86.413254
2026-08-17 10:00:00,N02,-0.0005,0.00571,9.48,0.0537,0.010596,35.0,23.765785,86.413254
2026-08-17 11:00:00,N02,0.0239,0.897533,31.57,0.042,0.005379,35.7,23.765785,86.413254
2026-08-17 12:00:00,N02,-0.0009,0.975057,40.39,0.0429,0.006212,36.0,23.765785,86.413254
2026-08-17 13:00:00,N02,0.1566,0.007119,4.24,0.0544,0.005705,35.7,23.765785,86.413254
2026-08-17 14:00:00,N02,0.2354,0.005031,7.99,0.0543,0.000393,35.0,23.765785,86.413254
2026-08-17 15:00:00,N02,0.3136,0.00668,9.16,0.0536,0.008518,33.8,23.765785,86.413254
2026-08-17 16:00:00,N02,-0.0786,0.972536,49.9,0.0713,0.000897,32.2,23.765785,86.413254
2026-08-17 17:00:00,N02,-0.0848,0.00667,6.05,0.0554,0.007818,30.4,23.765785,86.413254
2026-08-17 18:00:00,N02,0.1171,0.00605,9.41,0.0557,7.2e-05,28.5,23.765785,86.413254
2026-08-17 19:00:00,N02,-0.0708,0.007409,7.8,0.0555,0.000386,26.5,23.765785,86.413254
2026-08-17 20:00:00,N02,-0.0326,0.006151,6.92,0.0549,1.5e-05,24.7,23.765785,86.413254
2026-08-17 21:00:00,N02,-0.1357,0.005214,9.35,0.0556,0.000839,23.2,23.765785,86.413254
2026-08-17 22:00:00,N02,-0.1652,0.007343,6.74,0.0566,0.000264,22.0,23.765785,86.413254
2026-08-17 23:00:00,N02,,,,,,,23.765785,86.413254
2026-08-18 00:00:00,N02,,,,,,,23.765785,86.413254
2026-08-18 01:00:00,N02,,,,,,,23.765785,86.413254
2026-08-18 02:00:00,N02,,,,,,,23.765785,86.413254
2026-08-18 03:00:00,N02,0.1165,0.009014,4.33,0.0562,7.9e-05,28.1,23.765785,86.413254
2026-08-18 04:00:00,N02,-0.206,0.008557,3.26,0.0572,0.000158,29.7,23.765785,86.413254
2026-08-18 05:00:00,N02,-0.123,0.006082,8.45,0.0565,0.007392,31.5,23.765785,86.413254
2026-08-18 06:00:00,N02,-0.0828,0.588151,46.12,0.0424,0.006905,33.4,23.765785,86.413254
2026-08-18 07:00:00,N02,0.0725,0.602719,33.67,0.0427,0.007562,35.4,23.765785,86.413254
2026-08-18 08:00:00,N02,,,,,,,23.765785,86.413254
2026-08-18 09:00:00,N02,,,,,,,23.765785,86.413254
2026-08-18 10:00:00,N02,,,,,,,23.765785,86.413254
2026-08-18 11:00:00,N02,0.055,0.868059,29.39,0.0476,0.005608,40.7,23.765785,86.413254
2026-08-18 12:00:00,N02,0.177,0.006498,3.57,0.0587,0.005784,40.9,23.765785,86.413254
2026-08-18 13:00:00,N02,-0.1081,0.005214,8.8,0.0592,0.000257,40.7,23.765785,86.413254
2026-08-18 14:00:00,N02,,,,,,,23.765785,86.413254
2026-08-18 15:00:00,N02,,,,,,,23.765785,86.413254
2026-08-18 16:00:00,N02,,,,,,,23.765785,86.413254
2026-08-18 17:00:00,N02,-0.0599,0.006495,6.91,0.0599,0.000448,35.4,23.765785,86.413254
2026-08-18 18:00:00,N02,0.1274,0.005564,5.59,0.0596,6.4e-05,33.4,23.765785,86.413254
2026-08-18 19:00:00,N02,0.1353,0.006135,4.21,0.0601,0.00019,31.5,23.765785,86.413254
2026-08-18 20:00:00,N02,0.0312,0.007279,2.53,0.0592,0.000203,29.7,23.765785,86.413254
2026-08-18 21:00:00,N02,0.0869,0.008676,2.37,0.0596,0.000241,28.1,23.765785,86.413254
2026-08-18 22:00:00,N02,0.2452,0.006314,6.71,0.0597,0.000186,26.9,23.765785,86.413254
2026-08-18 23:00:00,N02,-0.3558,0.007122,3.9,0.0593,0.000253,26.2,23.765785,86.413254
2026-08-19 00:00:00,N02,0.1043,0.006276,6.8,0.0592,0.000173,24.4,23.765785,86.413254
2026-08-19 01:00:00,N02,0.0724,0.005888,7.59,0.0589,0.000491,24.6,23.765785,86.413254
2026-08-19 02:00:00,N02,-0.1966,0.006562,8.34,0.0582,0.00053,25.4,23.765785,86.413254
2026-08-19 03:00:00,N02,-0.1928,0.005211,1.88,0.0579,2.4e-05,26.6,23.765785,86.413254
2026-08-19 04:00:00,N02,0.018,0.008599,6.68,0.0582,0.000155,28.1,23.765785,86.413254
2026-08-19 05:00:00,N02,0.0477,0.007811,3.58,0.0576,0.000528,30.0,23.765785,86.413254
2026-08-19 06:00:00,N02,0.1836,0.005681,4.6,0.0572,0.000256,31.9,23.765785,86.413254
2026-08-19 07:00:00,N02,,,,,,,23.765785,86.413254
2026-08-19 08:00:00,N02,,,,,,,23.765785,86.413254
2026-08-19 09:00:00,N02,-0.3183,0.006763,6.84,0.0561,0.000125,37.2,23.765785,86.413254
2026-08-19 10:00:00,N02,-0.0989,0.005959,4.75,0.0564,0.000279,38.4,23.765785,86.413254
2026-08-19 11:00:00,N02,0.1145,0.008997,7.88,0.0567,0.00822,39.1,23.765785,86.413254
2026-08-19 12:00:00,N02,-0.0861,0.677538,31.36,0.04,0.000495,39.4,23.765785,86.413254
2026-08-19 13:00:00,N02,0.2798,0.008629,1.26,0.0557,0.007971,39.1,23.765785,86.413254
2026-08-19 14:00:00,N02,-0.0378,0.00596,6.68,0.0559,7.6e-05,38.4,23.765785,86.413254
2026-08-19 15:00:00,N02,0.3178,0.005162,4.56,0.0558,0.000358,37.2,23.765785,86.413254
2026-08-19 16:00:00,N02,0.2747,0.005001,9.28,0.0552,0.000365,35.6,23.765785,86.413254
2026-08-19 17:00:00,N02,0.205,0.007227,2.68,0.0551,7.4e-05,33.8,23.765785,86.413254
2026-08-19 18:00:00,N02,-0.1508,0.005984,1.15,0.0551,0.000321,31.9,23.765785,86.413254
2026-08-19 19:00:00,N02,-0.1243,0.009509,3.85,0.0545,0.000518,30.0,23.765785,86.413254
2026-08-19 20:00:00,N02,-0.0283,0.005561,1.37,0.054,8.6e-05,28.1,23.765785,86.413254
2026-08-19 21:00:00,N02,0.0957,0.007869,3.99,0.0543,0.000227,26.6,23.765785,86.413254
2026-08-19 22:00:00,N02,-0.2439,0.007395,6.08,0.0545,0.000366,25.4,23.765785,86.413254
2026-08-19 23:00:00,N02,0.0187,0.006348,7.13,0.0536,0.000696,24.6,23.765785,86.413254
2026-08-20 00:00:00,N02,0.0337,0.006011,8.82,0.0531,0.000364,25.9,23.765785,86.413254
2026-08-20 01:00:00,N02,0.0232,0.008314,4.0,0.0528,0.000121,26.2,23.765785,86.413254
2026-08-20 02:00:00,N02,-0.1344,0.00796,5.89,0.0529,7e-06,26.9,23.765785,86.413254
2026-08-20 03:00:00,N02,-0.0148,0.007439,7.52,0.0528,0.000375,28.1,23.765785,86.413254
2026-08-20 04:00:00,N02,-0.2267,0.006272,8.66,0.0536,0.000404,29.7,23.765785,86.413254
2026-08-20 05:00:00,N02,0.1055,0.005923,9.01,0.0536,0.000259,31.5,23.765785,86.413254
2026-08-20 06:00:00,N02,,,,,,,23.765785,86.413254
2026-08-20 07:00:00,N02,,,,,,,23.765785,86.413254
2026-08-20 08:00:00,N02,,,,,,,23.765785,86.413254
2026-08-20 09:00:00,N02,,,,,,,23.765785,86.413254
2026-08-20 10:00:00,N02,,,,,,,23.765785,86.413254
2026-08-20 11:00:00,N02,-0.2183,0.00526,8.06,0.0543,0.007868,40.7,23.765785,86.413254
2026-08-20 12:00:00,N02,0.1649,0.008614,4.57,0.0541,0.000512,40.9,23.765785,86.413254
2026-08-20 13:00:00,N02,-0.0989,0.008129,1.64,0.0533,0.000572,40.7,23.765785,86.413254
2026-08-20 14:00:00,N02,,,,,,,23.765785,86.413254
2026-08-20 15:00:00,N02,,,,,,,23.765785,86.413254
2026-08-20 16:00:00,N02,,,,,,,23.765785,86.413254
2026-08-20 17:00:00,N02,-0.1241,0.010456,5.99,0.0531,0.008999,35.4,23.765785,86.413254
2026-08-20 18:00:00,N02,-0.2483,0.008698,9.98,0.0525,0.000561,33.4,23.765785,86.413254
2026-08-20 19:00:00,N02,-0.0499,0.005017,3.16,0.052,0.000568,31.5,23.765785,86.413254
2026-08-20 20:00:00,N02,0.0951,0.00699,3.66,0.0513,0.000539,29.7,23.765785,86.413254
2026-08-20 21:00:00,N02,0.0614,0.006041,8.83,0.0509,0.000471,28.1,23.765785,86.413254
2026-08-20 22:00:00,N02,-0.0641,0.005281,7.79,0.0504,0.00015,26.9,23.765785,86.413254
2026-08-20 23:00:00,N02,0.038,0.005468,6.18,0.0512,0.000688,26.2,23.765785,86.413254
2026-08-21 00:00:00,N02,0.0147,0.005731,7.25,0.0518,0.000109,28.0,23.765785,86.413254
2026-08-21 01:00:00,N02,-0.1073,0.005632,1.01,0.0514,0.000524,28.3,23.765785,86.413254
2026-08-21 02:00:00,N02,0.09,0.007208,6.6,0.0507,0.000612,29.0,23.765785,86.413254
2026-08-21 03:00:00,N02,0.0074,0.006264,3.63,0.0502,0.000274,30.2,23.765785,86.413254
2026-08-21 04:00:00,N02,-0.0872,0.008516,5.28,0.0502,0.000367,31.8,23.765785,86.413254
2026-08-21 05:00:00,N02,-0.0146,0.006034,8.14,0.0509,0.000894,33.6,23.765785,86.413254
2026-08-21 06:00:00,N02,-0.2804,0.00538,4.5,0.052,0.000537,35.5,23.765785,86.413254
2026-08-21 07:00:00,N02,,,,,,,23.765785,86.413254
2026-08-21 08:00:00,N02,,,,,,,23.765785,86.413254
2026-08-21 09:00:00,N02,,,,,,,23.765785,86.413254
2026-08-21 10:00:00,N02,0.0843,0.005308,5.56,0.0531,0.008802,42.0,23.765785,86.413254
2026-08-21 11:00:00,N02,0.4238,0.505041,35.67,0.0704,0.008541,42.8,23.765785,86.413254
2026-08-21 12:00:00,N02,0.1804,0.59885,22.27,0.0702,0.008224,43.0,23.765785,86.413254
2026-08-21 13:00:00,N02,0.0131,0.006871,6.89,0.054,0.00824,42.8,23.765785,86.413254
2026-08-21 14:00:00,N02,0.0811,0.007382,2.33,0.0537,0.009701,42.0,23.765785,86.413254
2026-08-21 15:00:00,N02,0.0164,0.803934,29.59,0.0346,0.009679,40.8,23.765785,86.413254
2026-08-21 16:00:00,N02,-0.0145,0.548116,38.94,0.0343,0.015856,39.3,23.765785,86.413254
2026-08-21 17:00:00,N02,0.0434,0.628404,38.97,0.0663,0.016238,37.5,23.765785,86.413254
2026-08-21 18:00:00,N02,0.2921,0.789837,38.5,0.0668,0.006326,35.5,23.765785,86.413254
2026-08-21 19:00:00,N02,-0.0887,0.006357,8.09,0.0536,0.006742,33.6,23.765785,86.413254
2026-08-21 20:00:00,N02,-0.1377,0.009196,6.02,0.0533,0.000464,31.8,23.765785,86.413254
2026-08-21 21:00:00,N02,-0.0838,0.008094,5.07,0.0527,0.000334,30.2,23.765785,86.413254
2026-08-21 22:00:00,N02,0.1042,0.005574,5.56,0.0527,1.3e-05,29.0,23.765785,86.413254
2026-08-21 23:00:00,N02,0.1124,0.005287,1.59,0.0527,0.000108,28.3,23.765785,86.413254
2026-08-22 00:00:00,N02,0.0094,0.009053,5.36,0.0524,0.000201,26.9,23.765785,86.413254
2026-08-22 01:00:00,N02,0.0854,0.005326,6.88,0.0531,0.00045,27.1,23.765785,86.413254
2026-08-22 02:00:00,N02,0.0136,0.005799,3.11,0.0533,0.000205,27.9,23.765785,86.413254
2026-08-22 03:00:00,N02,-0.0295,0.007126,1.71,0.0535,0.000241,29.1,23.765785,86.413254
2026-08-22 04:00:00,N02,0.1347,0.006457,1.36,0.0538,0.000274,30.6,23.765785,86.413254
2026-08-22 05:00:00,N02,,,,,,,23.765785,86.413254
2026-08-22 06:00:00,N02,,,,,,,23.765785,86.413254
2026-08-22 07:00:00,N02,,,,,,,23.765785,86.413254
2026-08-22 08:00:00,N02,,,,,,,23.765785,86.413254
2026-08-22 09:00:00,N02,,,,,,,23.765785,86.413254
2026-08-22 10:00:00,N02,0.0123,0.007401,9.68,0.0547,0.0002,40.9,23.765785,86.413254
2026-08-22 11:00:00,N02,-0.0881,0.005613,1.81,0.0548,0.000116,41.6,23.765785,86.413254
2026-08-22 12:00:00,N02,,,,,,,23.765785,86.413254
2026-08-22 13:00:00,N02,,,,,,,23.765785,86.413254
2026-08-22 14:00:00,N02,0.0872,0.007728,7.07,0.0547,0.014627,40.9,23.765785,86.413254
2026-08-22 15:00:00,N02,0.1015,0.008645,5.28,0.0544,0.000281,39.7,23.765785,86.413254
2026-08-22 16:00:00,N02,-0.1312,0.005861,5.74,0.0541,0.000134,38.1,23.765785,86.413254
2026-08-22 17:00:00,N02,0.1453,0.00533,2.32,0.0546,7.6e-05,36.3,23.765785,86.413254
2026-08-22 18:00:00,N02,-0.0349,0.005682,5.74,0.0543,0.000238,34.4,23.765785,86.413254
2026-08-22 19:00:00,N02,0.0432,0.009329,3.05,0.0551,0.000426,32.4,23.765785,86.413254
2026-08-22 20:00:00,N02,-0.2833,0.00659,2.03,0.0551,0.00011,30.6,23.765785,86.413254
2026-08-22 21:00:00,N02,0.1095,0.006447,5.57,0.0553,3.2e-05,29.1,23.765785,86.413254
2026-08-22 22:00:00,N02,0.1206,0.00646,7.71,0.0551,0.000297,27.9,23.765785,86.413254
2026-08-22 23:00:00,N02,-0.2378,0.005491,3.57,0.0547,0.000189,27.1,23.765785,86.413254
2026-08-23 00:00:00,N02,-0.045,0.006594,6.07,0.0547,4.6e-05,25.9,23.765785,86.413254
2026-08-23 01:00:00,N02,0.1814,0.008279,3.51,0.0546,0.000266,26.2,23.765785,86.413254
2026-08-23 02:00:00,N02,-0.01,0.005413,9.92,0.0552,0.000459,26.9,23.765785,86.413254
2026-08-23 03:00:00,N02,0.2367,0.007245,7.49,0.0556,0.000595,28.1,23.765785,86.413254
2026-08-23 04:00:00,N02,-0.2272,0.006359,2.52,0.0564,0.000593,29.7,23.765785,86.413254
2026-08-23 05:00:00,N02,0.2661,0.007186,7.09,0.0567,3e-06,31.5,23.765785,86.413254
2026-08-23 06:00:00,N02,-0.0356,0.007664,6.7,0.0564,5.6e-05,33.4,23.765785,86.413254
2026-08-23 07:00:00,N02,0.0462,0.006534,2.96,0.0569,0.008385,35.4,23.765785,86.413254
2026-08-23 08:00:00,N02,-0.2323,0.628874,38.05,0.0397,0.012319,37.2,23.765785,86.413254
2026-08-23 09:00:00,N02,,,,,,,23.765785,86.413254
2026-08-23 10:00:00,N02,,,,,,,23.765785,86.413254
2026-08-23 11:00:00,N02,,,,,,,23.765785,86.413254
2026-08-23 12:00:00,N02,-0.0924,0.006787,6.15,0.0587,0.000633,40.9,23.765785,86.413254
2026-08-23 13:00:00,N02,-0.0019,0.007162,1.65,0.0586,0.000183,40.7,23.765785,86.413254
2026-08-23 14:00:00,N02,0.1723,0.008225,8.55,0.059,0.000134,39.9,23.765785,86.413254
2026-08-23 15:00:00,N02,0.2306,0.008082,1.36,0.0589,0.00032,38.7,23.765785,86.413254
2026-08-23 16:00:00,N02,-0.1099,0.005017,3.66,0.0584,0.000216,37.2,23.765785,86.413254
2026-08-23 17:00:00,N02,-0.0102,0.007785,5.97,0.0585,0.000143,35.4,23.765785,86.413254
2026-08-23 18:00:00,N02,0.0636,0.006102,9.67,0.0587,0.000127,33.4,23.765785,86.413254
2026-08-23 19:00:00,N02,0.3147,0.007046,8.63,0.0587,0.000414,31.5,23.765785,86.413254
2026-08-23 20:00:00,N02,-0.0665,0.006845,1.81,0.0595,0.000667,29.7,23.765785,86.413254
2026-08-23 21:00:00,N02,-0.2167,0.007817,9.09,0.06,0.000659,28.1,23.765785,86.413254
2026-08-23 22:00:00,N02,,,,,,,23.765785,86.413254
2026-08-23 23:00:00,N02,,,,,,,23.765785,86.413254
2026-08-24 00:00:00,N02,,,,,,,23.765785,86.413254
2026-08-24 01:00:00,N02,,,,,,,23.765785,86.413254
2026-08-24 02:00:00,N02,-0.2625,0.00712,4.9,0.0599,0.000285,25.1,23.765785,86.413254
2026-08-24 03:00:00,N02,0.0709,0.00673,8.94,0.0599,0.000169,26.3,23.765785,86.413254
2026-08-24 04:00:00,N02,-0.1568,0.006424,8.5,0.0595,0.002022,27.8,23.765785,86.413254
2026-08-24 05:00:00,N02,0.0844,0.005415,7.31,0.0558,0.001951,29.6,23.765785,86.413254
2026-08-24 06:00:00,N02,-0.3208,0.006588,6.69,0.0556,2e-06,31.6,23.765785,86.413254
2026-08-24 07:00:00,N02,-0.2597,0.005662,7.78,0.0558,0.002594,33.5,23.765785,86.413254
2026-08-24 08:00:00,N02,-0.1374,0.681284,32.57,0.0504,0.007241,35.3,23.765785,86.413254
2026-08-24 09:00:00,N02,0.2392,0.834062,33.94,0.0703,0.002941,36.9,23.765785,86.413254
2026-08-24 10:00:00,N02,0.0982,0.005476,9.8,0.0563,0.014346,38.1,23.765785,86.413254
2026-08-24 11:00:00,N02,,,,,,,23.765785,86.413254
2026-08-24 12:00:00,N02,,,,,,,23.765785,86.413254
2026-08-24 13:00:00,N02,-0.1789,0.005036,4.81,0.0554,0.000105,38.8,23.765785,86.413254
2026-08-24 14:00:00,N02,0.0925,0.008229,1.73,0.0552,0.000452,38.1,23.765785,86.413254
2026-08-24 15:00:00,N02,0.1568,0.008551,2.71,0.0545,0.000624,36.9,23.765785,86.413254
2026-08-24 16:00:00,N02,0.1912,0.007211,7.15,0.0539,0.000392,35.3,23.765785,86.413254
2026-08-24 17:00:00,N02,-0.0322,0.006088,4.72,0.0537,0.000143,33.5,23.765785,86.413254
2026-08-24 18:00:00,N02,-0.23,0.005685,8.4,0.0537,3.4e-05,31.6,23.765785,86.413254
2026-08-24 19:00:00,N02,-0.0305,0.006844,9.47,0.0536,0.000287,29.6,23.765785,86.413254
2026-08-24 20:00:00,N02,-0.0552,0.008476,5.74,0.0531,0.000361,27.8,23.765785,86.413254
2026-08-24 21:00:00,N02,-0.1418,0.006684,1.39,0.0529,0.000144,26.3,23.765785,86.413254
2026-08-24 22:00:00,N02,-0.0886,0.006001,5.2,0.0528,0.0003,25.1,23.765785,86.413254
2026-08-24 23:00:00,N02,-0.0075,0.009742,2.6,0.0523,0.000656,24.3,23.765785,86.413254
2026-08-25 00:00:00,N02,0.0748,0.006884,2.49,0.0515,0.000187,29.8,23.765785,86.413254
2026-08-25 01:00:00,N02,-0.503,0.008544,7.15,0.0519,0.000513,30.1,23.765785,86.413254
2026-08-25 02:00:00,N02,-0.1572,0.005159,1.32,0.0525,0.000624,30.8,23.765785,86.413254
2026-08-25 03:00:00,N02,-0.2179,0.008023,5.5,0.0532,0.000244,32.0,23.765785,86.413254
2026-08-25 04:00:00,N02,-0.0564,0.008044,5.06,0.053,0.000345,33.6,23.765785,86.413254
2026-08-25 05:00:00,N02,0.1399,0.006956,4.34,0.0525,0.000668,35.4,23.765785,86.413254
2026-08-25 06:00:00,N02,-0.4187,0.0071,3.99,0.0517,0.000748,37.3,23.765785,86.413254
2026-08-25 07:00:00,N02,0.2499,0.005913,6.12,0.051,0.000214,39.3,23.765785,86.413254
2026-08-25 08:00:00,N02,,,,,,,23.765785,86.413254
2026-08-25 09:00:00,N02,,,,,,,23.765785,86.413254
2026-08-25 10:00:00,N02,,,,,,,23.765785,86.413254
2026-08-25 11:00:00,N02,,,,,,,23.765785,86.413254
2026-08-25 12:00:00,N02,-0.3935,0.988974,41.77,0.0417,0.001849,44.8,23.765785,86.413254
2026-08-25 13:00:00,N02,,,,,,,23.765785,86.413254
2026-08-25 14:00:00,N02,,,,,,,23.765785,86.413254
2026-08-25 15:00:00,N02,,,,,,,23.765785,86.413254
2026-08-25 16:00:00,N02,-0.2439,0.745051,32.74,0.0345,0.008291,41.1,23.765785,86.413254
2026-08-25 17:00:00,N02,0.0757,0.005754,5.4,0.0512,0.008198,39.3,23.765785,86.413254
2026-08-25 18:00:00,N02,0.1758,0.00741,3.65,0.0509,0.000196,37.3,23.765785,86.413254
2026-08-25 19:00:00,N02,0.0305,0.005019,3.31,0.0516,0.000523,35.4,23.765785,86.413254
2026-08-25 20:00:00,N02,0.0615,0.005298,3.52,0.0519,0.000348,33.6,23.765785,86.413254
2026-08-25 21:00:00,N02,-0.0219,0.006321,5.1,0.0523,3.2e-05,32.0,23.765785,86.413254
2026-08-25 22:00:00,N02,0.2682,0.0069,7.98,0.0519,0.000541,30.8,23.765785,86.413254
2026-08-25 23:00:00,N02,0.1482,0.006123,6.23,0.0512,0.000141,30.1,23.765785,86.413254
2026-08-26 00:00:00,N02,0.1591,0.00575,2.28,0.0516,0.000694,24.7,23.765785,86.413254
2026-08-26 01:00:00,N02,0.2069,0.006681,5.14,0.0526,0.000481,24.9,23.765785,86.413254
2026-08-26 02:00:00,N02,0.0843,0.00642,2.65,0.0525,0.000133,25.7,23.765785,86.413254
2026-08-26 03:00:00,N02,0.059,0.006934,9.07,0.0523,5.1e-05,26.9,23.765785,86.413254
2026-08-26 04:00:00,N02,-0.1404,0.009813,2.79,0.0526,0.000244,28.4,23.765785,86.413254
2026-08-26 05:00:00,N02,-0.0827,0.006363,1.17,0.0518,0.000302,30.2,23.765785,86.413254
2026-08-26 06:00:00,N02,0.0152,0.007456,1.63,0.052,0.006856,32.2,23.765785,86.413254
2026-08-26 07:00:00,N02,-0.1339,0.847263,27.2,0.0655,0.006852,34.1,23.765785,86.413254
2026-08-26 08:00:00,N02,-0.1564,0.986581,23.97,0.0657,0.006136,35.9,23.765785,86.413254
2026-08-26 09:00:00,N02,0.2433,0.007374,9.13,0.0533,0.006368,37.5,23.765785,86.413254
2026-08-26 10:00:00,N02,0.0822,0.006768,7.81,0.053,0.000274,38.7,23.765785,86.413254
2026-08-26 11:00:00,N02,0.2391,0.005417,2.12,0.0538,0.000735,39.4,23.765785,86.413254
2026-08-26 12:00:00,N02,0.0971,0.005369,6.87,0.0545,0.000107,39.7,23.765785,86.413254
2026-08-26 13:00:00,N02,-0.1362,0.008406,8.22,0.0536,0.000665,39.4,23.765785,86.413254
2026-08-26 14:00:00,N02,-0.0501,0.007011,5.12,0.0531,0.009526,38.7,23.765785,86.413254
2026-08-26 15:00:00,N02,0.0118,0.788966,25.01,0.0346,0.000442,37.5,23.765785,86.413254
2026-08-26 16:00:00,N02,0.1136,0.005133,7.89,0.054,0.009876,35.9,23.765785,86.413254
2026-08-26 17:00:00,N02,-0.1413,0.005116,8.24,0.0543,0.000282,34.1,23.765785,86.413254
2026-08-26 18:00:00,N02,0.1377,0.008693,2.44,0.0546,0.000444,32.2,23.765785,86.413254
2026-08-26 19:00:00,N02,0.0118,0.006569,4.17,0.0552,0.000209,30.2,23.765785,86.413254
2026-08-26 20:00:00,N02,-0.0142,0.005862,6.98,0.055,3.5e-05,28.4,23.765785,86.413254
2026-08-26 21:00:00,N02,0.1262,0.006182,2.4,0.0551,0.000452,26.9,23.765785,86.413254
2026-08-26 22:00:00,N02,0.0258,0.007057,3.55,0.0559,0.000436,25.7,23.765785,86.413254
2026-08-26 23:00:00,N02,0.0183,0.006015,9.26,0.056,0.000243,24.9,23.765785,86.413254
2026-08-27 00:00:00,N02,0.1335,0.007001,8.44,0.0564,0.00017,23.5,23.765785,86.413254
2026-08-27 01:00:00,N02,-0.1658,0.006006,4.37,0.0563,4.5e-05,23.7,23.765785,86.413254
2026-08-27 02:00:00,N02,0.1863,0.005452,8.74,0.0565,0.000274,24.5,23.765785,86.413254
2026-08-27 03:00:00,N02,-0.2084,0.006476,8.69,0.0558,0.00067,25.7,23.765785,86.413254
2026-08-27 04:00:00,N02,,,,,,,23.765785,86.413254
2026-08-27 05:00:00,N02,,,,,,,23.765785,86.413254
2026-08-27 06:00:00,N02,,,,,,,23.765785,86.413254
2026-08-27 07:00:00,N02,,,,,,,23.765785,86.413254
2026-08-27 08:00:00,N02,,,,,,,23.765785,86.413254
2026-08-27 09:00:00,N02,0.3522,0.983804,23.4,0.041,0.006778,36.3,23.765785,86.413254
2026-08-27 10:00:00,N02,,,,,,,23.765785,86.413254
2026-08-27 11:00:00,N02,,,,,,,23.765785,86.413254
2026-08-27 12:00:00,N02,0.1608,0.832936,24.45,0.0646,0.013444,38.5,23.765785,86.413254
2026-08-27 13:00:00,N02,-0.0327,0.651805,25.18,0.0811,0.005734,38.2,23.765785,86.413254
2026-08-27 14:00:00,N02,0.1394,0.006527,3.52,0.0531,0.013982,37.5,23.765785,86.413254
2026-08-27 15:00:00,N02,-0.1513,0.006482,3.86,0.0531,9e-05,36.3,23.765785,86.413254
2026-08-27 16:00:00,N02,-0.0755,0.007067,9.9,0.0529,0.000583,34.7,23.765785,86.413254
2026-08-27 17:00:00,N02,0.4062,0.00787,4.02,0.0519,0.000343,32.9,23.765785,86.413254
2026-08-27 18:00:00,N02,0.1125,0.006274,3.07,0.0522,0.00056,31.0,23.765785,86.413254
2026-08-27 19:00:00,N02,,,,,,,23.765785,86.413254
2026-08-27 20:00:00,N02,,,,,,,23.765785,86.413254
2026-08-27 21:00:00,N02,,,,,,,23.765785,86.413254
2026-08-27 22:00:00,N02,0.0166,0.010833,2.67,0.053,0.000109,24.5,23.765785,86.413254
2026-08-27 23:00:00,N02,-0.0976,0.006309,1.43,0.0526,0.00031,23.7,23.765785,86.413254
