timestamp,node_id,tilt_deg,vib_rms,vib_dom_freq_hz,strain_mm,crack_proxy,temp_c,lat,lng
2026-03-01 00:00:00,N06,-0.0063,0.005722,3.14,-0.0001,0.00042,27.4,23.766971,86.410125
2026-03-01 01:00:00,N06,0.3074,0.006384,7.41,0.0004,0.000448,27.6,23.766971,86.410125
2026-03-01 02:00:00,N06,0.0299,0.005097,4.0,0.0008,7.5e-05,28.4,23.766971,86.410125
2026-03-01 03:00:00,N06,-0.1472,0.00688,3.31,0.0002,9e-05,29.6,23.766971,86.410125
2026-03-01 04:00:00,N06,-0.2205,0.005885,1.56,0.0007,0.000243,31.1,23.766971,86.410125
2026-03-01 05:00:00,N06,0.0751,0.007249,6.71,0.0007,0.000141,32.9,23.766971,86.410125
2026-03-01 06:00:00,N06,0.1552,0.006775,8.13,0.0009,0.000166,34.9,23.766971,86.410125
2026-03-01 07:00:00,N06,0.2031,0.006718,1.66,0.001,0.004617,36.8,23.766971,86.410125
2026-03-01 08:00:00,N06,-0.19,0.567595,29.87,-0.0083,9.6e-05,38.6,23.766971,86.410125
2026-03-01 09:00:00,N06,-0.0859,0.005751,1.95,0.0012,0.005,40.2,23.766971,86.410125
2026-03-01 10:00:00,N06,0.2381,0.005002,3.65,0.0017,0.006239,41.4,23.766971,86.410125
2026-03-01 11:00:00,N06,0.1341,0.649428,22.38,-0.0113,0.000115,42.1,23.766971,86.410125
2026-03-01 12:00:00,N06,0.0839,0.005793,9.06,0.0019,0.007006,42.4,23.766971,86.410125
2026-03-01 13:00:00,N06,0.3737,0.005547,2.49,0.0027,0.000533,42.1,23.766971,86.410125
2026-03-01 14:00:00,N06,-0.0988,0.008082,3.12,0.003,0.003237,41.4,23.766971,86.410125
2026-03-01 15:00:00,N06,0.0036,0.83314,32.83,-0.0037,0.002988,40.2,23.766971,86.410125
2026-03-01 16:00:00,N06,0.002,0.597283,34.19,-0.003,0.003829,38.6,23.766971,86.410125
2026-03-01 17:00:00,N06,0.1886,0.005997,3.41,0.0039,0.003602,36.8,23.766971,86.410125
2026-03-01 18:00:00,N06,0.0456,0.006597,9.18,0.0042,8.6e-05,34.9,23.766971,86.410125
2026-03-01 19:00:00,N06,0.3006,0.00796,2.21,0.0041,0.000292,32.9,23.766971,86.410125
2026-03-01 20:00:00,N06,0.0618,0.00506,2.39,0.0036,0.000605,31.1,23.766971,86.410125
2026-03-01 21:00:00,N06,0.0172,0.005455,7.12,0.0029,0.000367,29.6,23.766971,86.410125
2026-03-01 22:00:00,N06,0.0085,0.007273,4.65,0.0029,4.2e-05,28.4,23.766971,86.410125
2026-03-01 23:00:00,N06,-0.1243,0.00602,2.46,0.0028,0.000204,27.6,23.766971,86.410125
2026-03-02 00:00:00,N06,0.0047,0.006476,8.52,0.0025,6.4e-05,25.0,23.766971,86.410125
2026-03-02 01:00:00,N06,0.1695,0.007588,8.26,0.0029,3.8e-05,25.3,23.766971,86.410125
2026-03-02 02:00:00,N06,0.0365,0.006995,8.7,0.0026,0.00026,26.0,23.766971,86.410125
2026-03-02 03:00:00,N06,-0.0553,0.005998,8.42,0.0024,0.000153,27.2,23.766971,86.410125
2026-03-02 04:00:00,N06,-0.0196,0.006469,6.61,0.0023,0.000245,28.8,23.766971,86.410125
2026-03-02 05:00:00,N06,0.068,0.00514,7.25,0.0019,0.000312,30.6,23.766971,86.410125
2026-03-02 06:00:00,N06,-0.1229,0.010416,9.82,0.0016,3.9e-05,32.5,23.766971,86.410125
2026-03-02 07:00:00,N06,0.0951,0.006134,3.85,0.0018,8.2e-05,34.5,23.766971,86.410125
2026-03-02 08:00:00,N06,-0.104,0.005497,7.94,0.0018,7.6e-05,36.3,23.766971,86.410125
2026-03-02 09:00:00,N06,0.0435,0.010046,5.56,0.0017,0.000419,37.8,23.766971,86.410125
2026-03-02 10:00:00,N06,0.1611,0.007244,4.01,0.0026,0.000768,39.0,23.766971,86.410125
2026-03-02 11:00:00,N06,-0.0233,0.005539,3.73,0.0032,0.000477,39.8,23.766971,86.410125
2026-03-02 12:00:00,N06,0.0223,0.00512,8.8,0.0036,2.6e-05,40.0,23.766971,86.410125
2026-03-02 13:00:00,N06,0.0777,0.00757,2.56,0.0032,0.000151,39.8,23.766971,86.410125
2026-03-02 14:00:00,N06,0.0402,0.006246,2.88,0.0033,0.005731,39.0,23.766971,86.410125
2026-03-02 15:00:00,N06,,,,,,,23.766971,86.410125
2026-03-02 16:00:00,N06,,,,,,,23.766971,86.410125
2026-03-02 17:00:00,N06,,,,,,,23.766971,86.410125
2026-03-02 18:00:00,N06,0.0173,0.006017,8.08,0.0034,0.00017,32.5,23.766971,86.410125
2026-03-02 19:00:00,N06,-0.1124,0.006791,9.26,0.0028,0.000297,30.6,23.766971,86.410125
2026-03-02 20:00:00,N06,-0.1343,0.005574,4.44,0.0028,0.000399,28.8,23.766971,86.410125
2026-03-02 21:00:00,N06,-0.0683,0.007731,1.8,0.002,3.6e-05,27.2,23.766971,86.410125
2026-03-02 22:00:00,N06,-0.0378,0.006698,4.26,0.0028,0.000165,26.0,23.766971,86.410125
2026-03-02 23:00:00,N06,0.1603,0.005089,2.97,0.0023,0.000477,25.3,23.766971,86.410125
2026-03-03 00:00:00,N06,-0.061,0.005134,8.29,0.0019,0.000416,24.0,23.766971,86.410125
2026-03-03 01:00:00,N06,-0.1054,0.006021,6.39,0.0015,0.000641,24.3,23.766971,86.410125
2026-03-03 02:00:00,N06,0.0922,0.006011,9.17,0.0006,0.000568,25.0,23.766971,86.410125
2026-03-03 03:00:00,N06,-0.0256,0.007546,1.06,0.0003,0.00013,26.2,23.766971,86.410125
2026-03-03 04:00:00,N06,0.1381,0.006166,6.86,0.0003,0.000358,27.8,23.766971,86.410125
2026-03-03 05:00:00,N06,0.1953,0.005991,3.55,-0.0004,0.000211,29.6,23.766971,86.410125
2026-03-03 06:00:00,N06,-0.0675,0.006808,9.84,-0.0001,1.1e-05,31.5,23.766971,86.410125
2026-03-03 07:00:00,N06,,,,,,,23.766971,86.410125
2026-03-03 08:00:00,N06,,,,,,,23.766971,86.410125
2026-03-03 09:00:00,N06,,,,,,,23.766971,86.410125
2026-03-03 10:00:00,N06,,,,,,,23.766971,86.410125
2026-03-03 11:00:00,N06,0.0461,0.005663,1.51,-0.0005,0.002343,38.8,23.766971,86.410125
2026-03-03 12:00:00,N06,-0.1043,0.005219,2.64,-0.0002,0.000391,39.0,23.766971,86.410125
2026-03-03 13:00:00,N06,-0.0669,0.005376,9.65,0.0002,0.000919,38.8,23.766971,86.410125
2026-03-03 14:00:00,N06,0.0687,0.005737,8.84,0.0016,0.000676,38.0,23.766971,86.410125
2026-03-03 15:00:00,N06,0.121,0.006986,1.92,0.0016,9.8e-05,36.8,23.766971,86.410125
2026-03-03 16:00:00,N06,-0.1048,0.006067,6.27,0.0015,0.000144,35.3,23.766971,86.410125
2026-03-03 17:00:00,N06,-0.2577,0.006054,6.88,0.0013,0.000129,33.5,23.766971,86.410125
2026-03-03 18:00:00,N06,-0.1507,0.005724,9.05,0.0017,0.000523,31.5,23.766971,86.410125
2026-03-03 19:00:00,N06,0.2018,0.007606,4.51,0.0024,0.000596,29.6,23.766971,86.410125
2026-03-03 20:00:00,N06,0.0227,0.005484,2.35,0.0029,5.4e-05,27.8,23.766971,86.410125
2026-03-03 21:00:00,N06,0.0136,0.00568,3.6,0.0025,1.7e-05,26.2,23.766971,86.410125
2026-03-03 22:00:00,N06,-0.1081,0.007056,9.81,0.0029,0.000443,25.0,23.766971,86.410125
2026-03-03 23:00:00,N06,-0.0612,0.005672,7.05,0.0033,0.000389,24.3,23.766971,86.410125
2026-03-04 00:00:00,N06,,,,,,,23.766971,86.410125
2026-03-04 01:00:00,N06,,,,,,,23.766971,86.410125
2026-03-04 02:00:00,N06,,,,,,,23.766971,86.410125
2026-03-04 03:00:00,N06,-0.1358,0.005591,4.28,0.006,0.000103,27.4,23.766971,86.410125
2026-03-04 04:00:00,N06,0.2348,0.008385,1.9,0.0058,0.000226,28.9,23.766971,86.410125
2026-03-04 05:00:00,N06,0.0703,0.006569,5.43,0.0056,0.000115,30.7,23.766971,86.410125
2026-03-04 06:00:00,N06,-0.2252,0.00586,9.05,0.0056,0.000192,32.7,23.766971,86.410125
2026-03-04 07:00:00,N06,0.0342,0.006071,9.09,0.0052,2e-06,34.6,23.766971,86.410125
2026-03-04 08:00:00,N06,-0.2309,0.005103,5.01,0.0056,0.000278,36.4,23.766971,86.410125
2026-03-04 09:00:00,N06,-0.1507,0.005784,7.1,0.0057,0.000263,38.0,23.766971,86.410125
2026-03-04 10:00:00,N06,0.2099,0.010505,4.28,0.0061,0.000209,39.2,23.766971,86.410125
2026-03-04 11:00:00,N06,-0.0423,0.007657,1.86,0.0062,0.000324,39.9,23.766971,86.410125
2026-03-04 12:00:00,N06,-0.2787,0.005495,5.54,0.0055,0.000309,40.2,23.766971,86.410125
2026-03-04 13:00:00,N06,,,,,,,23.766971,86.410125
2026-03-04 14:00:00,N06,,,,,,,23.766971,86.410125
2026-03-04 15:00:00,N06,,,,,,,23.766971,86.410125
2026-03-04 16:00:00,N06,,,,,,,23.766971,86.410125
2026-03-04 17:00:00,N06,-0.4846,0.887036,27.6,0.0119,0.000242,34.6,23.766971,86.410125
2026-03-04 18:00:00,N06,0.3155,0.007115,4.61,0.0053,0.003171,32.7,23.766971,86.410125
2026-03-04 19:00:00,N06,0.1711,0.005113,8.96,0.0056,0.000317,30.7,23.766971,86.410125
2026-03-04 20:00:00,N06,0.1008,0.008098,3.53,0.0059,7.2e-05,28.9,23.766971,86.410125
2026-03-04 21:00:00,N06,0.1397,0.006148,9.08,0.0054,0.000689,27.4,23.766971,86.410125
2026-03-04 22:00:00,N06,0.0148,0.006313,1.24,0.0045,0.000405,26.2,23.766971,86.410125
2026-03-04 23:00:00,N06,,,,,,,23.766971,86.410125
2026-03-05 00:00:00,N06,-0.1493,0.006509,8.21,0.0039,0.000783,27.5,23.766971,86.410125
2026-03-05 01:00:00,N06,-0.1327,0.005446,7.4,0.0031,0.000447,27.8,23.766971,86.410125
2026-03-05 02:00:00,N06,0.1267,0.006529,7.59,0.003,0.000135,28.5,23.766971,86.410125
2026-03-05 03:00:00,N06,0.1999,0.007121,4.17,0.0028,6.8e-05,29.7,23.766971,86.410125
2026-03-05 04:00:00,N06,-0.103,0.005709,1.58,0.0029,0.000189,31.3,23.766971,86.410125
2026-03-05 05:00:00,N06,-0.0058,0.005741,9.55,0.0024,0.000171,33.1,23.766971,86.410125
2026-03-05 06:00:00,N06,0.0333,0.007473,8.64,0.0025,0.000553,35.0,23.766971,86.410125
2026-03-05 07:00:00,N06,-0.0261,0.006975,3.29,0.0013,0.004968,37.0,23.766971,86.410125
2026-03-05 08:00:00,N06,0.1019,0.837323,40.11,-0.0074,4.4e-05,38.8,23.766971,86.410125
2026-03-05 09:00:00,N06,0.2243,0.007692,2.91,0.0014,0.004548,40.3,23.766971,86.410125
2026-03-05 10:00:00,N06,0.1178,0.007988,5.58,0.0017,0.000201,41.5,23.766971,86.410125
2026-03-05 11:00:00,N06,-0.1414,0.005963,6.16,0.0018,0.000398,42.3,23.766971,86.410125
2026-03-05 12:00:00,N06,0.1667,0.006888,3.17,0.0025,0.006502,42.5,23.766971,86.410125
2026-03-05 13:00:00,N06,-0.0528,0.776056,18.17,-0.0112,0.007137,42.3,23.766971,86.410125
2026-03-05 14:00:00,N06,-0.0897,0.59158,32.52,-0.0118,0.006534,41.5,23.766971,86.410125
2026-03-05 15:00:00,N06,0.0774,0.005433,3.42,0.0019,0.006641,40.3,23.766971,86.410125
2026-03-05 16:00:00,N06,-0.1285,0.00559,8.7,0.0015,0.000209,38.8,23.766971,86.410125
2026-03-05 17:00:00,N06,-0.2124,0.005074,9.37,0.0023,0.000348,37.0,23.766971,86.410125
2026-03-05 18:00:00,N06,-0.0915,0.00536,5.42,0.0022,0.000508,35.0,23.766971,86.410125
2026-03-05 19:00:00,N06,-0.0784,0.009155,5.64,0.0013,0.000626,33.1,23.766971,86.410125
2026-03-05 20:00:00,N06,0.0834,0.005863,4.72,0.0009,8.1e-05,31.3,23.766971,86.410125
2026-03-05 21:00:00,N06,0.1157,0.005138,1.26,0.0014,0.000228,29.7,23.766971,86.410125
2026-03-05 22:00:00,N06,0.0332,0.005486,2.55,0.0014,0.000178,28.5,23.766971,86.410125
2026-03-05 23:00:00,N06,0.1543,0.005522,3.43,0.0011,0.000317,27.8,23.766971,86.410125
2026-03-06 00:00:00,N06,0.1079,0.007414,5.21,0.0007,0.000193,26.4,23.766971,86.410125
2026-03-06 01:00:00,N06,0.0089,0.006004,1.96,0.0007,6.4e-05,26.7,23.766971,86.410125
2026-03-06 02:00:00,N06,0.3157,0.00514,1.04,0.0009,6.5e-05,27.5,23.766971,86.410125
2026-03-06 03:00:00,N06,-0.0413,0.007183,5.69,0.0008,0.00019,28.6,23.766971,86.410125
2026-03-06 04:00:00,N06,-0.145,0.007141,8.83,0.0012,0.000342,30.2,23.766971,86.410125
2026-03-06 05:00:00,N06,-0.1536,0.007679,2.91,0.0015,0.000114,32.0,23.766971,86.410125
2026-03-06 06:00:00,N06,-0.0101,0.008383,2.46,0.001,0.000407,33.9,23.766971,86.410125
2026-03-06 07:00:00,N06,-0.0305,0.007656,8.43,0.0007,0.000703,35.9,23.766971,86.410125
2026-03-06 08:00:00,N06,0.0285,0.006887,5.52,-0.0004,0.000449,37.7,23.766971,86.410125
2026-03-06 09:00:00,N06,0.222,0.005662,7.06,-0.0002,0.000445,39.2,23.766971,86.410125
2026-03-06 10:00:00,N06,-0.2344,0.007158,7.41,0.0005,0.000745,40.4,23.766971,86.410125
2026-03-06 11:00:00,N06,-0.0715,0.006312,1.43,0.0013,4.9e-05,41.2,23.766971,86.410125
2026-03-06 12:00:00,N06,0.0368,0.008691,4.68,0.0006,0.000205,41.4,23.766971,86.410125
2026-03-06 13:00:00,N06,0.2028,0.005317,5.74,0.0009,0.007257,41.2,23.766971,86.410125
2026-03-06 14:00:00,N06,0.0396,0.604048,36.49,-0.0139,0.007382,40.4,23.766971,86.410125
2026-03-06 15:00:00,N06,-0.2132,0.59804,45.61,-0.0139,0.01107,39.2,23.766971,86.410125
2026-03-06 16:00:00,N06,0.1732,0.555992,48.93,0.0082,0.007908,37.7,23.766971,86.410125
2026-03-06 17:00:00,N06,-0.1234,0.006636,7.28,0.0019,0.003049,35.9,23.766971,86.410125
2026-03-06 18:00:00,N06,-0.0109,0.009212,7.08,0.0021,4.3e-05,33.9,23.766971,86.410125
2026-03-06 19:00:00,N06,-0.0417,0.007649,3.41,0.002,3.8e-05,32.0,23.766971,86.410125
2026-03-06 20:00:00,N06,-0.1895,0.005016,4.35,0.0022,0.000421,30.2,23.766971,86.410125
2026-03-06 21:00:00,N06,-0.1901,0.006424,1.07,0.0028,0.000654,28.6,23.766971,86.410125
2026-03-06 22:00:00,N06,-0.0755,0.006558,6.89,0.0035,0.000293,27.5,23.766971,86.410125
2026-03-06 23:00:00,N06,-0.164,0.008849,6.29,0.0034,3.7e-05,26.7,23.766971,86.410125
2026-03-07 00:00:00,N06,-0.1869,0.007079,5.43,0.0034,0.000103,26.1,23.766971,86.410125
2026-03-07 01:00:00,N06,0.0082,0.007499,8.27,0.0036,0.000135,26.4,23.766971,86.410125
2026-03-07 02:00:00,N06,-0.1868,0.007527,4.94,0.0037,0.000454,27.1,23.766971,86.410125
2026-03-07 03:00:00,N06,0.225,0.005648,8.15,0.0045,0.000565,28.3,23.766971,86.410125
2026-03-07 04:00:00,N06,-0.1315,0.007335,3.79,0.0048,7e-06,29.9,23.766971,86.410125
2026-03-07 05:00:00,N06,-0.1297,0.007457,2.44,0.0045,0.000127,31.7,23.766971,86.410125
2026-03-07 06:00:00,N06,0.229,0.005844,6.89,0.0046,0.000114,33.6,23.766971,86.410125
2026-03-07 07:00:00,N06,,,,,,,23.766971,86.410125
2026-03-07 08:00:00,N06,-0.0373,0.006078,8.36,0.0045,8.1e-05,37.4,23.766971,86.410125
2026-03-07 09:00:00,N06,0.1695,0.006356,5.22,0.0049,0.000682,38.9,23.766971,86.410125
2026-03-07 10:00:00,N06,0.1657,0.007354,6.19,0.0058,0.000675,40.1,23.766971,86.410125
2026-03-07 11:00:00,N06,0.0045,0.006265,5.45,0.0063,0.000284,40.9,23.766971,86.410125
2026-03-07 12:00:00,N06,-0.0107,0.005331,2.41,0.0064,0.006897,41.1,23.766971,86.410125
2026-03-07 13:00:00,N06,0.1453,0.729244,37.18,-0.0075,0.000399,40.9,23.766971,86.410125
2026-03-07 14:00:00,N06,-0.0281,0.007851,2.84,0.0056,0.006137,40.1,23.766971,86.410125
2026-03-07 15:00:00,N06,0.0308,0.006378,5.59,0.0048,0.000153,38.9,23.766971,86.410125
2026-03-07 16:00:00,N06,0.0513,0.007159,3.45,0.0059,0.000676,37.4,23.766971,86.410125
2026-03-07 17:00:00,N06,-0.1642,0.006459,4.12,0.0061,0.000325,35.6,23.766971,86.410125
2026-03-07 18:00:00,N06,0.2112,0.005467,7.05,0.0066,0.000435,33.6,23.766971,86.410125
2026-03-07 19:00:00,N06,0.012,0.006427,5.14,0.007,0.000556,31.7,23.766971,86.410125
2026-03-07 20:00:00,N06,-0.1773,0.008654,8.99,0.0077,0.000142,29.9,23.766971,86.410125
2026-03-07 21:00:00,N06,0.1884,0.008071,8.11,0.0073,0.000448,28.3,23.766971,86.410125
2026-03-07 22:00:00,N06,0.0298,0.006551,1.55,0.0068,0.000368,27.1,23.766971,86.410125
2026-03-07 23:00:00,N06,-0.1628,0.006476,6.32,0.0065,0.000389,26.4,23.766971,86.410125
2026-03-08 00:00:00,N06,-0.0178,0.006041,1.82,0.006,9.2e-05,28.9,23.766971,86.410125
2026-03-08 01:00:00,N06,0.0764,0.006872,2.6,0.0063,9.8e-05,29.2,23.766971,86.410125
2026-03-08 02:00:00,N06,0.0102,0.005639,7.57,0.0062,8.6e-05,29.9,23.766971,86.410125
2026-03-08 03:00:00,N06,0.0014,0.007514,6.59,0.0065,0.000489,31.1,23.766971,86.410125
2026-03-08 04:00:00,N06,0.1804,0.006032,1.96,0.0072,0.000278,32.7,23.766971,86.410125
2026-03-08 05:00:00,N06,-0.0566,0.007319,7.78,0.0071,0.000406,34.5,23.766971,86.410125
2026-03-08 06:00:00,N06,0.1512,0.007968,2.77,0.0064,0.000207,36.4,23.766971,86.410125
2026-03-08 07:00:00,N06,0.0324,0.008147,6.94,0.0066,5.2e-05,38.3,23.766971,86.410125
2026-03-08 08:00:00,N06,-0.2579,0.010515,4.87,0.0065,1e-06,40.2,23.766971,86.410125
2026-03-08 09:00:00,N06,-0.0052,0.006946,8.32,0.0066,2.2e-05,41.7,23.766971,86.410125
2026-03-08 10:00:00,N06,0.1469,0.007528,9.98,0.0065,0.000326,42.9,23.766971,86.410125
2026-03-08 11:00:00,N06,0.1439,0.006165,7.16,0.0073,0.000226,43.6,23.766971,86.410125
2026-03-08 12:00:00,N06,-0.0948,0.00871,3.41,0.007,0.000342,43.9,23.766971,86.410125
2026-03-08 13:00:00,N06,0.0432,0.005726,4.67,0.008,0.00613,43.6,23.766971,86.410125
2026-03-08 14:00:00,N06,0.1889,0.502843,44.17,0.0192,1.9e-05,42.9,23.766971,86.410125
2026-03-08 15:00:00,N06,0.0975,0.006012,8.8,0.008,0.013965,41.7,23.766971,86.410125
2026-03-08 16:00:00,N06,0.0853,0.824347,29.15,-0.0087,0.000109,40.2,23.766971,86.410125
2026-03-08 17:00:00,N06,-0.0875,0.008062,2.09,0.0078,0.008672,38.3,23.766971,86.410125
2026-03-08 18:00:00,N06,-0.2347,0.005836,8.26,0.0086,0.000771,36.4,23.766971,86.410125
2026-03-08 19:00:00,N06,0.1205,0.006705,8.81,0.0093,7.1e-05,34.5,23.766971,86.410125
2026-03-08 20:00:00,N06,-0.078,0.006529,1.2,0.0085,0.000599,32.7,23.766971,86.410125
2026-03-08 21:00:00,N06,0.1125,0.006839,2.54,0.0081,3.2e-05,31.1,23.766971,86.410125
2026-03-08 22:00:00,N06,,,,,,,23.766971,86.410125
2026-03-08 23:00:00,N06,,,,,,,23.766971,86.410125
2026-03-09 00:00:00,N06,,,,,,,23.766971,86.410125
2026-03-09 01:00:00,N06,,,,,,,23.766971,86.410125
2026-03-09 02:00:00,N06,0.1118,0.006585,4.11,0.0092,0.000327,24.0,23.766971,86.410125
2026-03-09 03:00:00,N06,-0.1533,0.006219,7.74,0.0101,0.000546,25.1,23.766971,86.410125
2026-03-09 04:00:00,N06,-0.0113,0.00558,1.41,0.0103,0.000274,26.7,23.766971,86.410125
2026-03-09 05:00:00,N06,0.26,0.006084,2.75,0.0106,0.000254,28.5,23.766971,86.410125
2026-03-09 06:00:00,N06,-0.0034,0.006074,6.87,0.0108,0.000421,30.4,23.766971,86.410125
2026-03-09 07:00:00,N06,-0.0889,0.005591,6.72,0.0115,0.000127,32.4,23.766971,86.410125
2026-03-09 08:00:00,N06,0.0395,0.007376,8.03,0.0111,0.00028,34.2,23.766971,86.410125
2026-03-09 09:00:00,N06,0.1798,0.007598,2.36,0.0109,3.4e-05,35.8,23.766971,86.410125
2026-03-09 10:00:00,N06,0.125,0.005069,7.94,0.011,1.4e-05,36.9,23.766971,86.410125
2026-03-09 11:00:00,N06,-0.275,0.007752,1.84,0.0109,0.000366,37.7,23.766971,86.410125
2026-03-09 12:00:00,N06,-0.222,0.007215,9.28,0.0118,0.000555,37.9,23.766971,86.410125
2026-03-09 13:00:00,N06,,,,,,,23.766971,86.410125
2026-03-09 14:00:00,N06,,,,,,,23.766971,86.410125
2026-03-09 15:00:00,N06,,,,,,,23.766971,86.410125
2026-03-09 16:00:00,N06,-0.0056,0.006222,7.66,0.0112,0.007992,34.2,23.766971,86.410125
2026-03-09 17:00:00,N06,0.0705,0.682669,18.81,0.0275,0.000608,32.4,23.766971,86.410125
2026-03-09 18:00:00,N06,0.2291,0.006208,2.14,0.01,0.008455,30.4,23.766971,86.410125
2026-03-09 19:00:00,N06,-0.0311,0.007607,2.46,0.0106,0.000911,28.5,23.766971,86.410125
2026-03-09 20:00:00,N06,0.0437,0.0072,9.73,0.0118,0.000314,26.7,23.766971,86.410125
2026-03-09 21:00:00,N06,-0.1462,0.005698,8.54,0.0112,0.00026,25.1,23.766971,86.410125
2026-03-09 22:00:00,N06,0.0809,0.00938,1.96,0.0113,0.000186,24.0,23.766971,86.410125
2026-03-09 23:00:00,N06,0.1586,0.005507,2.54,0.0109,0.000252,23.2,23.766971,86.410125
2026-03-10 00:00:00,N06,,,,,,,23.766971,86.410125
2026-03-10 01:00:00,N06,,,,,,,23.766971,86.410125
2026-03-10 02:00:00,N06,,,,,,,23.766971,86.410125
2026-03-10 03:00:00,N06,-0.335,0.007524,9.73,0.0125,0.000331,23.2,23.766971,86.410125
2026-03-10 04:00:00,N06,-0.0435,0.007054,9.36,0.0127,0.000387,24.8,23.766971,86.410125
2026-03-10 05:00:00,N06,0.0519,0.006649,9.41,0.0133,0.000509,26.6,23.766971,86.410125
2026-03-10 06:00:00,N06,0.0999,0.007753,5.96,0.0137,0.000207,28.5,23.766971,86.410125
2026-03-10 07:00:00,N06,-0.1673,0.010898,1.38,0.0128,0.000632,30.5,23.766971,86.410125
2026-03-10 08:00:00,N06,0.0337,0.006678,9.88,0.0124,0.000283,32.3,23.766971,86.410125
2026-03-10 09:00:00,N06,0.0678,0.005443,7.9,0.0123,4.6e-05,33.8,23.766971,86.410125
2026-03-10 10:00:00,N06,0.3526,0.006376,3.09,0.0125,0.000152,35.0,23.766971,86.410125
2026-03-10 11:00:00,N06,-0.018,0.009538,7.35,0.0126,0.007061,35.8,23.766971,86.410125
2026-03-10 12:00:00,N06,0.1238,0.945043,19.07,0.0266,0.008242,36.0,23.766971,86.410125
2026-03-10 13:00:00,N06,0.0031,0.609261,19.99,0.0291,0.003923,35.8,23.766971,86.410125
2026-03-10 14:00:00,N06,-0.1569,0.901793,41.11,0.0188,0.008528,35.0,23.766971,86.410125
2026-03-10 15:00:00,N06,-0.1233,0.006819,8.03,0.012,0.003628,33.8,23.766971,86.410125
2026-03-10 16:00:00,N06,-0.0858,0.006825,3.22,0.0115,1e-06,32.3,23.766971,86.410125
2026-03-10 17:00:00,N06,-0.0276,0.006395,1.92,0.012,0.000438,30.5,23.766971,86.410125
2026-03-10 18:00:00,N06,-0.2911,0.005913,4.34,0.0124,0.00016,28.5,23.766971,86.410125
2026-03-10 19:00:00,N06,0.0166,0.007503,8.25,0.0123,0.00017,26.6,23.766971,86.410125
2026-03-10 20:00:00,N06,-0.2653,0.005655,5.64,0.0128,0.000102,24.8,23.766971,86.410125
2026-03-10 21:00:00,N06,0.0924,0.00779,7.27,0.0125,0.00012,23.2,23.766971,86.410125
2026-03-10 22:00:00,N06,-0.0901,0.008215,1.4,0.0125,0.000306,22.0,23.766971,86.410125
2026-03-10 23:00:00,N06,-0.0255,0.007508,9.51,0.0132,0.000302,21.3,23.766971,86.410125
2026-03-11 00:00:00,N06,-0.125,0.006589,7.98,0.0131,1.5e-05,26.0,23.766971,86.410125
2026-03-11 01:00:00,N06,-0.017,0.00526,5.98,0.0131,0.00014,26.2,23.766971,86.410125
2026-03-11 02:00:00,N06,-0.0371,0.0052,5.11,0.0134,1.1e-05,27.0,23.766971,86.410125
2026-03-11 03:00:00,N06,-0.1045,0.00777,6.31,0.0131,0.000432,28.1,23.766971,86.410125
2026-03-11 04:00:00,N06,-0.2774,0.00543,6.17,0.0125,0.000103,29.7,23.766971,86.410125
2026-03-11 05:00:00,N06,0.2409,0.005551,5.71,0.0129,0.005844,31.5,23.766971,86.410125
2026-03-11 06:00:00,N06,-0.2,0.76193,24.85,0.0009,0.000184,33.5,23.766971,86.410125
2026-03-11 07:00:00,N06,0.3191,0.005884,1.11,0.0126,0.005464,35.4,23.766971,86.410125
2026-03-11 08:00:00,N06,,,,,,,23.766971,86.410125
2026-03-11 09:00:00,N06,,,,,,,23.766971,86.410125
2026-03-11 10:00:00,N06,0.0438,0.006064,8.68,0.0122,0.000292,39.9,23.766971,86.410125
2026-03-11 11:00:00,N06,,,,,,,23.766971,86.410125
2026-03-11 12:00:00,N06,,,,,,,23.766971,86.410125
2026-03-11 13:00:00,N06,,,,,,,23.766971,86.410125
2026-03-11 14:00:00,N06,,,,,,,23.766971,86.410125
2026-03-11 15:00:00,N06,0.3335,0.005813,8.1,0.0109,0.000609,38.8,23.766971,86.410125
2026-03-11 16:00:00,N06,-0.1835,0.005281,6.26,0.01,0.000475,37.2,23.766971,86.410125
2026-03-11 17:00:00,N06,0.1873,0.006644,6.1,0.0099,0.000194,35.4,23.766971,86.410125
2026-03-11 18:00:00,N06,-0.1034,0.006006,9.62,0.0104,0.000195,33.5,23.766971,86.410125
2026-03-11 19:00:00,N06,0.1153,0.006641,5.36,0.0103,1.8e-05,31.5,23.766971,86.410125
2026-03-11 20:00:00,N06,0.0456,0.005653,9.87,0.0105,0.000347,29.7,23.766971,86.410125
2026-03-11 21:00:00,N06,0.1287,0.006461,7.24,0.0096,0.000541,28.1,23.766971,86.410125
2026-03-11 22:00:00,N06,-0.2022,0.005215,2.6,0.0094,0.000477,27.0,23.766971,86.410125
2026-03-11 23:00:00,N06,-0.0744,0.006668,9.31,0.0086,0.000544,26.2,23.766971,86.410125
2026-03-12 00:00:00,N06,0.475,0.008132,5.26,0.0083,0.000405,26.2,23.766971,86.410125
2026-03-12 01:00:00,N06,-0.0133,0.005847,4.16,0.0095,0.000619,26.4,23.766971,86.410125
2026-03-12 02:00:00,N06,-0.0328,0.006317,9.65,0.0095,0.00037,27.2,23.766971,86.410125
2026-03-12 03:00:00,N06,0.1761,0.005391,4.69,0.0102,0.000499,28.4,23.766971,86.410125
2026-03-12 04:00:00,N06,-0.0433,0.007685,5.56,0.0105,0.000924,29.9,23.766971,86.410125
2026-03-12 05:00:00,N06,0.0649,0.007487,8.64,0.012,0.00076,31.7,23.766971,86.410125
2026-03-12 06:00:00,N06,0.0296,0.00585,3.65,0.0121,0.000123,33.7,23.766971,86.410125
2026-03-12 07:00:00,N06,-0.1123,0.006805,7.44,0.0123,0.000216,35.6,23.766971,86.410125
2026-03-12 08:00:00,N06,,,,,,,23.766971,86.410125
2026-03-12 09:00:00,N06,,,,,,,23.766971,86.410125
2026-03-12 10:00:00,N06,,,,,,,23.766971,86.410125
2026-03-12 11:00:00,N06,,,,,,,23.766971,86.410125
2026-03-12 12:00:00,N06,,,,,,,23.766971,86.410125
2026-03-12 13:00:00,N06,-0.0974,0.005396,8.37,0.0104,0.000163,40.9,23.766971,86.410125
2026-03-12 14:00:00,N06,0.0161,0.007055,3.37,0.0105,0.000204,40.2,23.766971,86.410125
2026-03-12 15:00:00,N06,0.1058,0.005046,6.28,0.01,0.000326,39.0,23.766971,86.410125
2026-03-12 16:00:00,N06,-0.0652,0.005649,9.08,0.0098,0.000433,37.4,23.766971,86.410125
2026-03-12 17:00:00,N06,0.2249,0.005066,2.6,0.0091,0.000446,35.6,23.766971,86.410125
2026-03-12 18:00:00,N06,-0.1638,0.006191,7.99,0.0089,0.000292,33.7,23.766971,86.410125
2026-03-12 19:00:00,N06,0.2428,0.009197,5.18,0.0085,7.4e-05,31.7,23.766971,86.410125
2026-03-12 20:00:00,N06,-0.1169,0.0078,6.64,0.0088,5.8e-05,29.9,23.766971,86.410125
2026-03-12 21:00:00,N06,0.1815,0.007253,8.46,0.0084,0.000718,28.4,23.766971,86.410125
2026-03-12 22:00:00,N06,-0.065,0.00772,3.25,0.0073,0.000795,27.2,23.766971,86.410125
2026-03-12 23:00:00,N06,0.0001,0.00657,9.54,0.0068,2.4e-05,26.4,23.766971,86.410125
2026-03-13 00:00:00,N06,0.0344,0.005815,6.3,0.0074,0.000323,25.6,23.766971,86.410125
2026-03-13 01:00:00,N06,-0.3058,0.00719,2.3,0.0075,0.000222,25.8,23.766971,86.410125
2026-03-13 02:00:00,N06,-0.0364,0.005362,8.99,0.0078,0.000632,26.6,23.766971,86.410125
2026-03-13 03:00:00,N06,,,,,,,23.766971,86.410125
2026-03-13 04:00:00,N06,,,,,,,23.766971,86.410125
2026-03-13 05:00:00,N06,,,,,,,23.766971,86.410125
2026-03-13 06:00:00,N06,,,,,,,23.766971,86.410125
2026-03-13 07:00:00,N06,-0.0171,0.007587,6.21,0.0087,0.000151,35.0,23.766971,86.410125
2026-03-13 08:00:00,N06,0.2762,0.005952,7.73,0.0092,0.000324,36.8,23.766971,86.410125
2026-03-13 09:00:00,N06,0.2287,0.005537,4.09,0.0094,7.9e-05,38.4,23.766971,86.410125
2026-03-13 10:00:00,N06,-0.124,0.005898,4.24,0.0091,3e-05,39.6,23.766971,86.410125
2026-03-13 11:00:00,N06,-0.0281,0.007925,6.04,0.0094,1.9e-05,40.3,23.766971,86.410125
2026-03-13 12:00:00,N06,-0.0007,0.008496,3.76,0.009,0.000333,40.6,23.766971,86.410125
2026-03-13 13:00:00,N06,0.2051,0.00541,6.8,0.0088,0.008262,40.3,23.766971,86.410125
2026-03-13 14:00:00,N06,0.2314,0.935021,39.59,-0.0075,0.007554,39.6,23.766971,86.410125
2026-03-13 15:00:00,N06,-0.0142,0.720555,32.69,-0.0063,0.008993,38.4,23.766971,86.410125
2026-03-13 16:00:00,N06,-0.0094,0.006904,2.01,0.0105,0.00823,36.8,23.766971,86.410125
2026-03-13 17:00:00,N06,0.1901,0.005894,1.44,0.0101,0.00022,35.0,23.766971,86.410125
2026-03-13 18:00:00,N06,0.0697,0.007029,8.17,0.0109,0.000241,33.1,23.766971,86.410125
2026-03-13 19:00:00,N06,-0.1964,0.005246,9.71,0.0106,0.00013,31.1,23.766971,86.410125
2026-03-13 20:00:00,N06,-0.0444,0.007827,6.94,0.0107,5e-06,29.3,23.766971,86.410125
2026-03-13 21:00:00,N06,0.0622,0.007108,6.82,0.0106,1.7e-05,27.8,23.766971,86.410125
2026-03-13 22:00:00,N06,-0.3016,0.007822,3.89,0.0106,0.000101,26.6,23.766971,86.410125
2026-03-13 23:00:00,N06,0.0945,0.008034,3.87,0.0108,0.000429,25.8,23.766971,86.410125
2026-03-14 00:00:00,N06,0.078,0.005661,5.6,0.0115,0.000788,26.2,23.766971,86.410125
2026-03-14 01:00:00,N06,0.0167,0.005033,2.21,0.0124,0.000999,26.4,23.766971,86.410125
2026-03-14 02:00:00,N06,,,,,,,23.766971,86.410125
2026-03-14 03:00:00,N06,0.0619,0.007034,4.76,0.0143,0.000448,28.3,23.766971,86.410125
2026-03-14 04:00:00,N06,0.0294,0.006498,3.18,0.0144,0.000354,29.9,23.766971,86.410125
2026-03-14 05:00:00,N06,0.0548,0.007537,7.96,0.0136,0.005246,31.7,23.766971,86.410125
2026-03-14 06:00:00,N06,,,,,,,23.766971,86.410125
2026-03-14 07:00:00,N06,,,,,,,23.766971,86.410125
2026-03-14 08:00:00,N06,,,,,,,23.766971,86.410125
2026-03-14 09:00:00,N06,,,,,,,23.766971,86.410125
2026-03-14 10:00:00,N06,,,,,,,23.766971,86.410125
2026-03-14 11:00:00,N06,0.0151,0.005131,7.73,0.0136,0.000297,40.9,23.766971,86.410125
2026-03-14 12:00:00,N06,0.3285,0.007963,1.54,0.0143,0.003532,41.2,23.766971,86.410125
2026-03-14 13:00:00,N06,0.0823,0.927434,30.69,0.0065,0.000425,40.9,23.766971,86.410125
2026-03-14 14:00:00,N06,0.2301,0.005104,8.51,0.0151,0.004515,40.1,23.766971,86.410125
2026-03-14 15:00:00,N06,0.001,0.005359,3.47,0.0155,0.000195,39.0,23.766971,86.410125
2026-03-14 16:00:00,N06,0.0247,0.005062,1.19,0.0147,0.000128,37.4,23.766971,86.410125
2026-03-14 17:00:00,N06,0.1705,0.007454,1.92,0.0153,0.000319,35.6,23.766971,86.410125
2026-03-14 18:00:00,N06,-0.1435,0.005864,4.05,0.0154,0.000317,33.7,23.766971,86.410125
2026-03-14 19:00:00,N06,0.0874,0.006517,9.66,0.0147,0.000132,31.7,23.766971,86.410125
2026-03-14 20:00:00,N06,0.0394,0.007061,2.96,0.0156,0.000276,29.9,23.766971,86.410125
2026-03-14 21:00:00,N06,0.0308,0.008522,8.56,0.0152,0.000372,28.3,23.766971,86.410125
2026-03-14 22:00:00,N06,0.1027,0.006252,9.93,0.0149,0.000373,27.2,23.766971,86.410125
2026-03-14 23:00:00,N06,0.0369,0.006793,4.18,0.0145,0.000633,26.4,23.766971,86.410125
2026-03-15 00:00:00,N06,0.1789,0.006456,5.71,0.0136,0.000596,26.1,23.766971,86.410125
2026-03-15 01:00:00,N06,-0.1507,0.006783,2.85,0.0133,0.000423,26.4,23.766971,86.410125
2026-03-15 02:00:00,N06,-0.3147,0.009261,4.13,0.0128,0.000476,27.1,23.766971,86.410125
2026-03-15 03:00:00,N06,,,,,,,23.766971,86.410125
2026-03-15 04:00:00,N06,,,,,,,23.766971,86.410125
2026-03-15 05:00:00,N06,,,,,,,23.766971,86.410125
2026-03-15 06:00:00,N06,,,,,,,23.766971,86.410125
2026-03-15 07:00:00,N06,-0.1175,0.005809,9.87,0.011,0.000141,35.5,23.766971,86.410125
2026-03-15 08:00:00,N06,0.3334,0.007689,2.41,0.0115,0.000245,37.4,23.766971,86.410125
2026-03-15 09:00:00,N06,0.0669,0.00649,8.46,0.0115,0.000446,38.9,23.766971,86.410125
2026-03-15 10:00:00,N06,0.1713,0.00662,6.88,0.0106,0.008195,40.1,23.766971,86.410125
2026-03-15 11:00:00,N06,-0.0303,0.52734,41.83,-0.0049,0.00062,40.8,23.766971,86.410125
2026-03-15 12:00:00,N06,0.296,0.00659,4.13,0.0093,0.007393,41.1,23.766971,86.410125
2026-03-15 13:00:00,N06,0.2045,0.006933,8.01,0.0099,0.004678,40.8,23.766971,86.410125
2026-03-15 14:00:00,N06,0.1259,0.857914,37.23,0.0187,0.004465,40.1,23.766971,86.410125
2026-03-15 15:00:00,N06,-0.0208,0.655077,35.9,0.0188,0.004129,38.9,23.766971,86.410125
2026-03-15 16:00:00,N06,-0.0262,0.007395,2.97,0.0104,0.004226,37.4,23.766971,86.410125
2026-03-15 17:00:00,N06,0.0225,0.007274,2.48,0.0103,5.7e-05,35.5,23.766971,86.410125
2026-03-15 18:00:00,N06,-0.0053,0.008573,8.4,0.0103,8.6e-05,33.6,23.766971,86.410125
2026-03-15 19:00:00,N06,0.0348,0.008076,5.98,0.0105,0.000273,31.7,23.766971,86.410125
2026-03-15 20:00:00,N06,0.0762,0.006211,5.19,0.0098,0.000639,29.9,23.766971,86.410125
2026-03-15 21:00:00,N06,0.182,0.008428,5.28,0.0092,0.000357,28.3,23.766971,86.410125
2026-03-15 22:00:00,N06,-0.1463,0.006429,1.13,0.0091,0.000209,27.1,23.766971,86.410125
2026-03-15 23:00:00,N06,-0.1213,0.008897,6.48,0.0088,0.000436,26.4,23.766971,86.410125
2026-03-16 00:00:00,N06,0.073,0.00697,6.54,0.0099,0.000488,27.1,23.766971,86.410125
2026-03-16 01:00:00,N06,-0.1661,0.005139,3.63,0.0098,0.000101,27.3,23.766971,86.410125
2026-03-16 02:00:00,N06,0.1487,0.005182,5.24,0.0097,0.000272,28.1,23.766971,86.410125
2026-03-16 03:00:00,N06,0.2931,0.009086,1.46,0.0093,5.5e-05,29.3,23.766971,86.410125
2026-03-16 04:00:00,N06,0.1022,0.00682,8.01,0.0096,5e-05,30.8,23.766971,86.410125
2026-03-16 05:00:00,N06,0.1229,0.005236,3.23,0.0094,0.00015,32.6,23.766971,86.410125
2026-03-16 06:00:00,N06,-0.0894,0.005489,4.03,0.0093,9.2e-05,34.6,23.766971,86.410125
2026-03-16 07:00:00,N06,-0.0366,0.005025,3.39,0.0095,0.000229,36.5,23.766971,86.410125
2026-03-16 08:00:00,N06,0.0601,0.007569,6.87,0.0098,0.000305,38.3,23.766971,86.410125
2026-03-16 09:00:00,N06,-0.0113,0.006453,5.49,0.0101,0.001404,39.9,23.766971,86.410125
2026-03-16 10:00:00,N06,-0.0911,0.567242,39.62,0.0126,0.003525,41.1,23.766971,86.410125
2026-03-16 11:00:00,N06,0.0407,0.600705,39.1,0.0031,0.002587,41.8,23.766971,86.410125
2026-03-16 12:00:00,N06,-0.4464,0.007276,4.84,0.0074,0.001849,42.1,23.766971,86.410125
2026-03-16 13:00:00,N06,0.0548,0.005048,4.36,0.0068,0.00044,41.8,23.766971,86.410125
2026-03-16 14:00:00,N06,0.0503,0.007846,2.25,0.0065,0.00032,41.1,23.766971,86.410125
2026-03-16 15:00:00,N06,-0.0207,0.005957,4.93,0.0062,8.6e-05,39.9,23.766971,86.410125
2026-03-16 16:00:00,N06,0.1837,0.005304,4.35,0.0064,0.000366,38.3,23.766971,86.410125
2026-03-16 17:00:00,N06,-0.08,0.005021,3.36,0.0069,0.000462,36.5,23.766971,86.410125
2026-03-16 18:00:00,N06,0.2543,0.007866,1.4,0.0073,3.3e-05,34.6,23.766971,86.410125
2026-03-16 19:00:00,N06,-0.0894,0.005538,3.36,0.007,0.000143,32.6,23.766971,86.410125
2026-03-16 20:00:00,N06,0.1927,0.005452,5.34,0.0076,0.000446,30.8,23.766971,86.410125
2026-03-16 21:00:00,N06,-0.1747,0.006282,4.58,0.0078,0.000273,29.3,23.766971,86.410125
2026-03-16 22:00:00,N06,-0.3069,0.007889,1.64,0.0081,0.000157,28.1,23.766971,86.410125
2026-03-16 23:00:00,N06,-0.0284,0.00502,8.0,0.0075,0.000137,27.3,23.766971,86.410125
2026-03-17 00:00:00,N06,-0.0298,0.005133,3.65,0.0078,0.000238,23.9,23.766971,86.410125
2026-03-17 01:00:00,N06,0.2571,0.007777,1.37,0.008,5e-06,24.2,23.766971,86.410125
2026-03-17 02:00:00,N06,-0.2407,0.006724,3.54,0.0078,0.000503,24.9,23.766971,86.410125
2026-03-17 03:00:00,N06,-0.0691,0.005319,9.05,0.007,0.000574,26.1,23.766971,86.410125
2026-03-17 04:00:00,N06,0.1818,0.00941,8.92,0.0067,0.000111,27.7,23.766971,86.410125
2026-03-17 05:00:00,N06,0.1934,0.00794,6.75,0.0068,0.000329,29.5,23.766971,86.410125
2026-03-17 06:00:00,N06,-0.1223,0.006341,9.57,0.0073,0.000375,31.4,23.766971,86.410125
2026-03-17 07:00:00,N06,-0.0413,0.005726,3.98,0.0075,9.5e-05,33.4,23.766971,86.410125
2026-03-17 08:00:00,N06,-0.1732,0.005244,1.2,0.0075,0.000267,35.2,23.766971,86.410125
2026-03-17 09:00:00,N06,-0.0322,0.007737,3.45,0.0081,0.00034,36.7,23.766971,86.410125
2026-03-17 10:00:00,N06,-0.2685,0.006889,7.51,0.0082,4.6e-05,37.9,23.766971,86.410125
2026-03-17 11:00:00,N06,0.0245,0.008014,4.56,0.0082,0.000499,38.7,23.766971,86.410125
2026-03-17 12:00:00,N06,-0.0522,0.006006,3.85,0.0092,0.000453,38.9,23.766971,86.410125
2026-03-17 13:00:00,N06,0.1837,0.006701,5.39,0.0091,0.000139,38.7,23.766971,86.410125
2026-03-17 14:00:00,N06,-0.021,0.00672,4.14,0.0095,0.000348,37.9,23.766971,86.410125
2026-03-17 15:00:00,N06,,,,,,,23.766971,86.410125
2026-03-17 16:00:00,N06,,,,,,,23.766971,86.410125
2026-03-17 17:00:00,N06,,,,,,,23.766971,86.410125
2026-03-17 18:00:00,N06,-0.1765,0.005925,3.91,0.0092,0.004455,31.4,23.766971,86.410125
2026-03-17 19:00:00,N06,0.1971,0.008148,8.31,0.0084,0.000282,29.5,23.766971,86.410125
2026-03-17 20:00:00,N06,0.2161,0.005825,6.08,0.0086,6.1e-05,27.7,23.766971,86.410125
2026-03-17 21:00:00,N06,0.074,0.005509,6.81,0.0085,7.9e-05,26.1,23.766971,86.410125
2026-03-17 22:00:00,N06,0.1675,0.005628,3.88,0.0085,0.00077,24.9,23.766971,86.410125
2026-03-17 23:00:00,N06,0.056,0.007845,5.73,0.007,0.000905,24.2,23.766971,86.410125
2026-03-18 00:00:00,N06,0.122,0.00612,5.11,0.0066,7.8e-05,27.0,23.766971,86.410125
2026-03-18 01:00:00,N06,-0.2882,0.006149,2.84,0.0071,0.000478,27.3,23.766971,86.410125
2026-03-18 02:00:00,N06,-0.1587,0.005209,6.12,0.0076,0.000412,28.0,23.766971,86.410125
2026-03-18 03:00:00,N06,0.0192,0.005495,7.07,0.008,0.000521,29.2,23.766971,86.410125
2026-03-18 04:00:00,N06,,,,,,,23.766971,86.410125
2026-03-18 05:00:00,N06,,,,,,,23.766971,86.410125
2026-03-18 06:00:00,N06,,,,,,,23.766971,86.410125
2026-03-18 07:00:00,N06,-0.068,0.00888,4.43,0.008,0.000678,36.5,23.766971,86.410125
2026-03-18 08:00:00,N06,0.0205,0.005384,6.28,0.007,0.003269,38.3,23.766971,86.410125
2026-03-18 09:00:00,N06,-0.2358,0.906148,23.35,0.0014,0.00888,39.8,23.766971,86.410125
2026-03-18 10:00:00,N06,0.1549,0.846368,36.95,-0.0108,0.005726,41.0,23.766971,86.410125
2026-03-18 11:00:00,N06,,,,,,,23.766971,86.410125
2026-03-18 12:00:00,N06,,,,,,,23.766971,86.410125
2026-03-18 13:00:00,N06,,,,,,,23.766971,86.410125
2026-03-18 14:00:00,N06,,,,,,,23.766971,86.410125
2026-03-18 15:00:00,N06,-0.0158,0.008181,6.52,0.0076,0.000353,39.8,23.766971,86.410125
2026-03-18 16:00:00,N06,0.0539,0.005334,5.62,0.008,2.3e-05,38.3,23.766971,86.410125
2026-03-18 17:00:00,N06,0.1059,0.005803,2.93,0.0076,0.000194,36.5,23.766971,86.410125
2026-03-18 18:00:00,N06,0.1701,0.007618,9.18,0.0076,0.000515,34.5,23.766971,86.410125
2026-03-18 19:00:00,N06,0.0432,0.005271,8.66,0.0066,0.000574,32.6,23.766971,86.410125
2026-03-18 20:00:00,N06,-0.2095,0.007017,3.64,0.0065,0.000348,30.8,23.766971,86.410125
2026-03-18 21:00:00,N06,0.0965,0.007456,1.83,0.0059,0.000284,29.2,23.766971,86.410125
2026-03-18 22:00:00,N06,0.1651,0.007938,1.35,0.0059,0.000116,28.0,23.766971,86.410125
2026-03-18 23:00:00,N06,0.3446,0.006082,4.01,0.0057,0.00075,27.3,23.766971,86.410125
2026-03-19 00:00:00,N06,-0.0759,0.005239,5.9,0.0044,0.000676,24.2,23.766971,86.410125
2026-03-19 01:00:00,N06,-0.0185,0.007389,4.32,0.0043,0.000309,24.4,23.766971,86.410125
2026-03-19 02:00:00,N06,0.0801,0.007406,9.55,0.0038,0.000181,25.2,23.766971,86.410125
2026-03-19 03:00:00,N06,-0.0415,0.007949,2.54,0.0039,0.000212,26.3,23.766971,86.410125
2026-03-19 04:00:00,N06,-0.1506,0.006237,6.65,0.0042,4.8e-05,27.9,23.766971,86.410125
2026-03-19 05:00:00,N06,0.2414,0.00513,5.93,0.0038,0.000298,29.7,23.766971,86.410125
2026-03-19 06:00:00,N06,0.0518,0.007947,3.9,0.0048,0.000652,31.7,23.766971,86.410125
2026-03-19 07:00:00,N06,-0.104,0.005156,9.68,0.0052,0.000422,33.6,23.766971,86.410125
2026-03-19 08:00:00,N06,0.233,0.00766,5.74,0.004,0.000654,35.4,23.766971,86.410125
2026-03-19 09:00:00,N06,-0.252,0.007316,3.35,0.0038,0.000284,37.0,23.766971,86.410125
2026-03-19 10:00:00,N06,,,,,,,23.766971,86.410125
2026-03-19 11:00:00,N06,,,,,,,23.766971,86.410125
2026-03-19 12:00:00,N06,,,,,,,23.766971,86.410125
2026-03-19 13:00:00,N06,0.0295,0.844264,49.35,0.0137,8.5e-05,38.9,23.766971,86.410125
2026-03-19 14:00:00,N06,-0.0142,0.00729,1.21,0.0049,0.004082,38.1,23.766971,86.410125
2026-03-19 15:00:00,N06,-0.0529,0.870863,25.86,0.0219,0.008561,37.0,23.766971,86.410125
2026-03-19 16:00:00,N06,0.0081,0.956723,22.29,0.022,0.008257,35.4,23.766971,86.410125
2026-03-19 17:00:00,N06,0.1774,0.008646,8.94,0.0053,0.008198,33.6,23.766971,86.410125
2026-03-19 18:00:00,N06,-0.037,0.00523,3.81,0.0056,0.000239,31.7,23.766971,86.410125
2026-03-19 19:00:00,N06,,,,,,,23.766971,86.410125
2026-03-19 20:00:00,N06,,,,,,,23.766971,86.410125
2026-03-19 21:00:00,N06,,,,,,,23.766971,86.410125
2026-03-19 22:00:00,N06,-0.3125,0.005561,4.6,0.0054,0.000856,25.2,23.766971,86.410125
2026-03-19 23:00:00,N06,-0.1875,0.00827,3.88,0.0046,0.000166,24.4,23.766971,86.410125
2026-03-20 00:00:00,N06,0.1892,0.006537,9.68,0.005,0.000563,28.4,23.766971,86.410125
2026-03-20 01:00:00,N06,-0.0203,0.006123,6.34,0.0058,0.000378,28.7,23.766971,86.410125
2026-03-20 02:00:00,N06,-0.0064,0.005967,8.32,0.0058,3.2e-05,29.4,23.766971,86.410125
2026-03-20 03:00:00,N06,0.1392,0.00591,3.5,0.0058,9.5e-05,30.6,23.766971,86.410125
2026-03-20 04:00:00,N06,-0.1548,0.006065,2.32,0.0056,0.000459,32.1,23.766971,86.410125
2026-03-20 05:00:00,N06,-0.2454,0.006327,3.41,0.0049,0.000616,34.0,23.766971,86.410125
2026-03-20 06:00:00,N06,-0.0963,0.00526,7.44,0.0044,0.009642,35.9,23.766971,86.410125
2026-03-20 07:00:00,N06,-0.0094,0.793809,43.59,0.0242,8e-06,37.8,23.766971,86.410125
2026-03-20 08:00:00,N06,0.142,0.005639,2.52,0.0044,0.010479,39.6,23.766971,86.410125
2026-03-20 09:00:00,N06,-0.0323,0.006658,2.72,0.0032,6e-05,41.2,23.766971,86.410125
2026-03-20 10:00:00,N06,-0.1402,0.007474,5.95,0.0045,0.000184,42.4,23.766971,86.410125
2026-03-20 11:00:00,N06,-0.2271,0.006933,8.88,0.0036,0.000641,43.1,23.766971,86.410125
2026-03-20 12:00:00,N06,0.003,0.005004,7.37,0.0032,0.000235,43.4,23.766971,86.410125
2026-03-20 13:00:00,N06,0.0684,0.00554,3.8,0.0031,3.2e-05,43.1,23.766971,86.410125
2026-03-20 14:00:00,N06,-0.0535,0.005813,3.32,0.0033,0.005477,42.4,23.766971,86.410125
2026-03-20 15:00:00,N06,-0.2117,0.876362,15.39,-0.0078,0.006575,41.2,23.766971,86.410125
2026-03-20 16:00:00,N06,0.1258,0.536051,20.63,-0.0099,0.00136,39.6,23.766971,86.410125
2026-03-20 17:00:00,N06,0.1973,0.862708,35.35,-0.0106,0.005863,37.8,23.766971,86.410125
2026-03-20 18:00:00,N06,-0.0191,0.005954,3.81,0.0018,0.006191,35.9,23.766971,86.410125
2026-03-20 19:00:00,N06,-0.2532,0.005992,6.57,0.0018,0.000643,34.0,23.766971,86.410125
2026-03-20 20:00:00,N06,0.1923,0.006595,1.83,0.0006,0.000816,32.1,23.766971,86.410125
2026-03-20 21:00:00,N06,-0.0524,0.006724,2.91,0.0002,3.8e-05,30.6,23.766971,86.410125
2026-03-20 22:00:00,N06,0.37,0.005202,3.42,0.0006,0.000496,29.4,23.766971,86.410125
2026-03-20 23:00:00,N06,0.1264,0.005666,6.89,0.0012,0.000492,28.7,23.766971,86.410125
2026-03-21 00:00:00,N06,-0.0568,0.006065,2.68,0.0016,9.7e-05,26.3,23.766971,86.410125
2026-03-21 01:00:00,N06,-0.0307,0.007373,8.35,0.0014,0.000452,26.5,23.766971,86.410125
2026-03-21 02:00:00,N06,0.0767,0.006538,6.15,0.0007,0.000568,27.3,23.766971,86.410125
2026-03-21 03:00:00,N06,,,,,,,23.766971,86.410125
2026-03-21 04:00:00,N06,,,,,,,23.766971,86.410125
2026-03-21 05:00:00,N06,,,,,,,23.766971,86.410125
2026-03-21 06:00:00,N06,,,,,,,23.766971,86.410125
2026-03-21 07:00:00,N06,-0.2173,0.81008,21.26,0.0164,0.000643,35.7,23.766971,86.410125
2026-03-21 08:00:00,N06,0.1286,0.00745,3.73,0.0016,0.007396,37.5,23.766971,86.410125
2026-03-21 09:00:00,N06,0.1264,0.006621,8.72,0.0016,0.000377,39.1,23.766971,86.410125
2026-03-21 10:00:00,N06,-0.0184,0.005941,3.84,0.0023,0.001408,40.3,23.766971,86.410125
2026-03-21 11:00:00,N06,-0.1754,0.717917,32.85,-0.0012,0.000251,41.0,23.766971,86.410125
2026-03-21 12:00:00,N06,-0.2063,0.006445,3.44,0.0018,0.001443,41.3,23.766971,86.410125
2026-03-21 13:00:00,N06,0.1241,0.006636,5.84,0.0017,0.000481,41.0,23.766971,86.410125
2026-03-21 14:00:00,N06,0.1229,0.008864,4.69,0.0009,0.000294,40.3,23.766971,86.410125
2026-03-21 15:00:00,N06,0.4125,0.009816,6.24,0.0011,7.7e-05,39.1,23.766971,86.410125
2026-03-21 16:00:00,N06,-0.1715,0.00731,5.15,0.001,0.000119,37.5,23.766971,86.410125
2026-03-21 17:00:00,N06,0.1308,0.005929,7.23,0.0008,2.3e-05,35.7,23.766971,86.410125
2026-03-21 18:00:00,N06,-0.1774,0.006427,5.57,0.001,0.000193,33.8,23.766971,86.410125
2026-03-21 19:00:00,N06,-0.0373,0.005072,6.81,0.0012,0.000403,31.8,23.766971,86.410125
2026-03-21 20:00:00,N06,-0.2116,0.007887,8.07,0.0018,9.8e-05,30.0,23.766971,86.410125
2026-03-21 21:00:00,N06,-0.192,0.008304,1.19,0.001,7.6e-05,28.5,23.766971,86.410125
2026-03-21 22:00:00,N06,0.0288,0.005308,5.52,0.0019,0.00054,27.3,23.766971,86.410125
2026-03-21 23:00:00,N06,0.1272,0.005117,8.34,0.0021,0.00012,26.5,23.766971,86.410125
2026-03-22 00:00:00,N06,-0.104,0.0069,2.97,0.0017,3.8e-05,26.0,23.766971,86.410125
2026-03-22 01:00:00,N06,-0.1649,0.006458,6.46,0.0022,5.3e-05,26.3,23.766971,86.410125
2026-03-22 02:00:00,N06,0.1334,0.006021,1.08,0.0018,0.000539,27.0,23.766971,86.410125
2026-03-22 03:00:00,N06,0.0772,0.005415,1.54,0.0011,0.000399,28.2,23.766971,86.410125
2026-03-22 04:00:00,N06,0.0105,0.007187,8.59,0.001,0.000172,29.8,23.766971,86.410125
2026-03-22 05:00:00,N06,-0.102,0.005685,7.74,0.0015,0.000162,31.6,23.766971,86.410125
2026-03-22 06:00:00,N06,-0.0295,0.005361,9.35,0.0007,0.003197,33.5,23.766971,86.410125
2026-03-22 07:00:00,N06,-0.0151,0.938031,20.51,0.0079,2e-06,35.5,23.766971,86.410125
2026-03-22 08:00:00,N06,0.335,0.007458,7.84,0.0007,0.0034,37.3,23.766971,86.410125
2026-03-22 09:00:00,N06,0.0417,0.006567,4.86,0.0011,2.1e-05,38.8,23.766971,86.410125
2026-03-22 10:00:00,N06,0.0603,0.007148,3.33,0.0006,0.0001,40.0,23.766971,86.410125
2026-03-22 11:00:00,N06,-0.1098,0.007183,1.23,0.0013,0.010365,40.8,23.766971,86.410125
2026-03-22 12:00:00,N06,-0.0216,0.721493,17.25,-0.0201,1.3e-05,41.0,23.766971,86.410125
2026-03-22 13:00:00,N06,0.0671,0.006283,8.18,0.0012,0.010841,40.8,23.766971,86.410125
2026-03-22 14:00:00,N06,0.2107,0.005668,3.39,0.0016,0.000323,40.0,23.766971,86.410125
2026-03-22 15:00:00,N06,0.2823,0.0066,8.06,0.0019,1.2e-05,38.8,23.766971,86.410125
2026-03-22 16:00:00,N06,0.0619,0.006134,7.96,0.0016,0.000251,37.3,23.766971,86.410125
2026-03-22 17:00:00,N06,-0.182,0.005616,8.53,0.0014,0.000198,35.5,23.766971,86.410125
2026-03-22 18:00:00,N06,0.1264,0.005974,9.93,0.0012,3.5e-05,33.5,23.766971,86.410125
2026-03-22 19:00:00,N06,0.0074,0.006078,9.27,0.0013,0.000207,31.6,23.766971,86.410125
2026-03-22 20:00:00,N06,-0.1286,0.011314,1.57,0.0008,0.00063,29.8,23.766971,86.410125
2026-03-22 21:00:00,N06,0.0278,0.006121,7.01,0.0,0.000536,28.2,23.766971,86.410125
2026-03-22 22:00:00,N06,-0.0118,0.005024,9.43,-0.0003,0.000214,27.0,23.766971,86.410125
2026-03-22 23:00:00,N06,,,,,,,23.766971,86.410125
2026-03-23 00:00:00,N06,,,,,,,23.766971,86.410125
2026-03-23 01:00:00,N06,,,,,,,23.766971,86.410125
2026-03-23 02:00:00,N06,,,,,,,23.766971,86.410125
2026-03-23 03:00:00,N06,-0.0797,0.00875,1.37,-0.0012,8e-06,26.2,23.766971,86.410125
2026-03-23 04:00:00,N06,,,,,,,23.766971,86.410125
2026-03-23 05:00:00,N06,,,,,,,23.766971,86.410125
2026-03-23 06:00:00,N06,,,,,,,23.766971,86.410125
2026-03-23 07:00:00,N06,0.1961,0.005288,4.85,-0.0016,0.00057,33.5,23.766971,86.410125
2026-03-23 08:00:00,N06,-0.0266,0.007166,2.05,-0.0005,0.010212,35.3,23.766971,86.410125
2026-03-23 09:00:00,N06,-0.2147,0.629513,31.65,0.0188,0.009479,36.9,23.766971,86.410125
2026-03-23 10:00:00,N06,-0.0092,0.826911,42.15,0.0185,0.009819,38.0,23.766971,86.410125
2026-03-23 11:00:00,N06,-0.2061,0.007728,6.1,-0.0008,0.009566,38.8,23.766971,86.410125
2026-03-23 12:00:00,N06,-0.1887,0.005942,3.33,-0.0007,0.000153,39.0,23.766971,86.410125
2026-03-23 13:00:00,N06,-0.0597,0.005224,3.66,-0.0011,1.1e-05,38.8,23.766971,86.410125
2026-03-23 14:00:00,N06,-0.0341,0.007972,6.73,-0.0007,0.000143,38.0,23.766971,86.410125
2026-03-23 15:00:00,N06,-0.236,0.008346,5.15,-0.0014,0.000104,36.9,23.766971,86.410125
2026-03-23 16:00:00,N06,,,,,,,23.766971,86.410125
2026-03-23 17:00:00,N06,,,,,,,23.766971,86.410125
2026-03-23 18:00:00,N06,,,,,,,23.766971,86.410125
2026-03-23 19:00:00,N06,,,,,,,23.766971,86.410125
2026-03-23 20:00:00,N06,,,,,,,23.766971,86.410125
2026-03-23 21:00:00,N06,0.1165,0.00639,3.23,-0.0007,2e-06,26.2,23.766971,86.410125
2026-03-23 22:00:00,N06,0.0141,0.00536,8.89,-0.0005,0.000143,25.1,23.766971,86.410125
2026-03-23 23:00:00,N06,0.018,0.005752,3.2,-0.001,0.000427,24.3,23.766971,86.410125
2026-03-24 00:00:00,N06,-0.0005,0.006443,3.13,-0.0014,2.2e-05,20.8,23.766971,86.410125
2026-03-24 01:00:00,N06,0.0408,0.007437,8.24,-0.001,0.000142,21.1,23.766971,86.410125
2026-03-24 02:00:00,N06,,,,,,,23.766971,86.410125
2026-03-24 03:00:00,N06,-0.3315,0.005799,5.17,-0.0013,0.000331,23.0,23.766971,86.410125
2026-03-24 04:00:00,N06,-0.177,0.00825,7.12,-0.0018,6.6e-05,24.6,23.766971,86.410125
2026-03-24 05:00:00,N06,-0.1639,0.006428,9.08,-0.0014,0.000441,26.4,23.766971,86.410125
2026-03-24 06:00:00,N06,-0.0447,0.006759,4.73,-0.0009,0.00015,28.3,23.766971,86.410125
2026-03-24 07:00:00,N06,-0.209,0.006557,4.3,-0.0011,0.00033,30.3,23.766971,86.410125
2026-03-24 08:00:00,N06,-0.1578,0.008151,8.37,-0.0016,0.005602,32.1,23.766971,86.410125
2026-03-24 09:00:00,N06,0.0787,0.971745,41.9,-0.0123,0.00516,33.6,23.766971,86.410125
2026-03-24 10:00:00,N06,0.1453,0.576144,30.25,-0.0119,0.005521,34.8,23.766971,86.410125
2026-03-24 11:00:00,N06,-0.2137,0.0063,9.97,-0.0013,0.005208,35.6,23.766971,86.410125
2026-03-24 12:00:00,N06,-0.0227,0.006965,7.6,-0.0015,0.004575,35.8,23.766971,86.410125
2026-03-24 13:00:00,N06,0.0892,0.892173,26.37,0.0078,0.004999,35.6,23.766971,86.410125
2026-03-24 14:00:00,N06,,,,,,,23.766971,86.410125
2026-03-24 15:00:00,N06,,,,,,,23.766971,86.410125
2026-03-24 16:00:00,N06,,,,,,,23.766971,86.410125
2026-03-24 17:00:00,N06,,,,,,,23.766971,86.410125
2026-03-24 18:00:00,N06,,,,,,,23.766971,86.410125
2026-03-24 19:00:00,N06,0.0764,0.005638,3.29,0.0002,0.000298,26.4,23.766971,86.410125
2026-03-24 20:00:00,N06,-0.1416,0.009569,1.81,0.0001,3.9e-05,24.6,23.766971,86.410125
2026-03-24 21:00:00,N06,-0.3288,0.005508,5.03,0.0003,6.9e-05,23.0,23.766971,86.410125
2026-03-24 22:00:00,N06,-0.0221,0.005271,8.25,0.0003,4.9e-05,21.8,23.766971,86.410125
2026-03-24 23:00:00,N06,-0.1716,0.007632,8.09,0.0002,0.000348,21.1,23.766971,86.410125
2026-03-25 00:00:00,N06,-0.0085,0.005373,8.67,-0.0004,0.000277,26.8,23.766971,86.410125
2026-03-25 01:00:00,N06,0.1153,0.005242,7.59,-0.0004,0.00038,27.1,23.766971,86.410125
2026-03-25 02:00:00,N06,-0.0335,0.008098,5.52,-0.0012,0.000509,27.8,23.766971,86.410125
2026-03-25 03:00:00,N06,-0.3815,0.006428,4.98,-0.0014,3.9e-05,29.0,23.766971,86.410125
2026-03-25 04:00:00,N06,-0.1329,0.005759,3.89,-0.0011,0.000121,30.6,23.766971,86.410125
2026-03-25 05:00:00,N06,0.0418,0.005112,7.24,-0.0012,0.000149,32.4,23.766971,86.410125
2026-03-25 06:00:00,N06,0.1444,0.006498,3.95,-0.0008,9.1e-05,34.3,23.766971,86.410125
2026-03-25 07:00:00,N06,0.2499,0.009038,3.42,-0.001,0.009553,36.3,23.766971,86.410125
2026-03-25 08:00:00,N06,0.0094,0.899618,25.94,0.0183,0.00945,38.1,23.766971,86.410125
2026-03-25 09:00:00,N06,0.2232,0.641605,30.69,0.0179,0.019239,39.6,23.766971,86.410125
2026-03-25 10:00:00,N06,0.2764,0.75119,19.37,-0.0202,0.009431,40.8,23.766971,86.410125
2026-03-25 11:00:00,N06,-0.2842,0.005884,5.08,-0.0009,0.000481,41.6,23.766971,86.410125
2026-03-25 12:00:00,N06,0.1112,0.651067,46.69,-0.0212,0.00988,41.8,23.766971,86.410125
2026-03-25 13:00:00,N06,0.0789,0.880419,40.64,-0.0207,0.010193,41.6,23.766971,86.410125
2026-03-25 14:00:00,N06,0.1649,0.005812,3.83,-0.0008,0.010196,40.8,23.766971,86.410125
2026-03-25 15:00:00,N06,0.217,0.00603,4.31,-0.0003,0.000382,39.6,23.766971,86.410125
2026-03-25 16:00:00,N06,-0.0976,0.006431,9.44,-0.0015,0.000825,38.1,23.766971,86.410125
2026-03-25 17:00:00,N06,0.282,0.005842,2.21,-0.002,0.00032,36.3,23.766971,86.410125
2026-03-25 18:00:00,N06,0.0145,0.005653,2.4,-0.0022,0.000182,34.3,23.766971,86.410125
2026-03-25 19:00:00,N06,-0.0629,0.00754,7.29,-0.0023,0.000115,32.4,23.766971,86.410125
2026-03-25 20:00:00,N06,0.2104,0.007703,7.49,-0.0019,0.000681,30.6,23.766971,86.410125
2026-03-25 21:00:00,N06,0.0116,0.00654,9.32,-0.001,0.000321,29.0,23.766971,86.410125
2026-03-25 22:00:00,N06,-0.1335,0.005634,8.13,-0.0013,0.000211,27.8,23.766971,86.410125
2026-03-25 23:00:00,N06,-0.1798,0.005982,7.45,-0.0014,2.1e-05,27.1,23.766971,86.410125
2026-03-26 00:00:00,N06,-0.0529,0.005816,2.28,-0.0013,0.000287,26.9,23.766971,86.410125
2026-03-26 01:00:00,N06,0.1865,0.005332,9.62,-0.002,0.000167,27.2,23.766971,86.410125
2026-03-26 02:00:00,N06,-0.1386,0.005477,1.34,-0.0016,0.00031,27.9,23.766971,86.410125
2026-03-26 03:00:00,N06,-0.1469,0.005365,1.8,-0.0013,0.000208,29.1,23.766971,86.410125
2026-03-26 04:00:00,N06,-0.1667,0.007159,3.78,-0.0012,0.000121,30.7,23.766971,86.410125
2026-03-26 05:00:00,N06,0.1519,0.006368,4.38,-0.0011,9.8e-05,32.5,23.766971,86.410125
2026-03-26 06:00:00,N06,-0.0567,0.005687,9.83,-0.0014,0.00028,34.4,23.766971,86.410125
2026-03-26 07:00:00,N06,-0.0813,0.005789,4.72,-0.0017,0.000209,36.4,23.766971,86.410125
2026-03-26 08:00:00,N06,0.1705,0.006548,8.09,-0.0018,0.000131,38.2,23.766971,86.410125
2026-03-26 09:00:00,N06,0.1941,0.007161,7.77,-0.0014,0.000209,39.7,23.766971,86.410125
2026-03-26 10:00:00,N06,-0.2279,0.008442,9.99,-0.0014,0.000186,40.9,23.766971,86.410125
2026-03-26 11:00:00,N06,0.0459,0.005747,3.07,-0.001,0.005831,41.7,23.766971,86.410125
2026-03-26 12:00:00,N06,,,,,,,23.766971,86.410125
2026-03-26 13:00:00,N06,,,,,,,23.766971,86.410125
2026-03-26 14:00:00,N06,,,,,,,23.766971,86.410125
2026-03-26 15:00:00,N06,,,,,,,23.766971,86.410125
2026-03-26 16:00:00,N06,-0.1278,0.009001,7.0,-0.0014,2.8e-05,38.2,23.766971,86.410125
2026-03-26 17:00:00,N06,-0.1097,0.005333,2.42,-0.0017,0.000414,36.4,23.766971,86.410125
2026-03-26 18:00:00,N06,-0.3834,0.006971,4.02,-0.0022,0.000265,34.4,23.766971,86.410125
2026-03-26 19:00:00,N06,-0.0942,0.006563,9.13,-0.0023,2.3e-05,32.5,23.766971,86.410125
2026-03-26 20:00:00,N06,-0.3965,0.005545,6.77,-0.0022,0.000538,30.7,23.766971,86.410125
2026-03-26 21:00:00,N06,0.0042,0.008998,8.18,-0.0012,0.000426,29.1,23.766971,86.410125
2026-03-26 22:00:00,N06,0.1387,0.005378,7.29,-0.0014,0.000133,27.9,23.766971,86.410125
2026-03-26 23:00:00,N06,0.2002,0.006715,1.47,-0.0015,0.000252,27.2,23.766971,86.410125
2026-03-27 00:00:00,N06,0.0502,0.006991,3.67,-0.0009,0.000439,25.2,23.766971,86.410125
2026-03-27 01:00:00,N06,-0.2573,0.006213,1.75,-0.0006,0.000146,25.4,23.766971,86.410125
2026-03-27 02:00:00,N06,-0.0695,0.006819,3.49,-0.0012,0.000784,26.2,23.766971,86.410125
2026-03-27 03:00:00,N06,-0.2719,0.006,6.47,-0.0022,0.000729,27.4,23.766971,86.410125
2026-03-27 04:00:00,N06,0.1941,0.005191,6.75,-0.0026,9.6e-05,28.9,23.766971,86.410125
2026-03-27 05:00:00,N06,0.098,0.005672,4.54,-0.002,0.000397,30.7,23.766971,86.410125
2026-03-27 06:00:00,N06,0.0258,0.005379,7.96,-0.0018,0.0002,32.7,23.766971,86.410125
2026-03-27 07:00:00,N06,0.1074,0.007796,2.54,-0.0024,0.000377,34.6,23.766971,86.410125
2026-03-27 08:00:00,N06,-0.2003,0.007192,2.95,-0.0026,0.008032,36.4,23.766971,86.410125
2026-03-27 09:00:00,N06,-0.2278,0.945709,17.06,-0.0184,0.007875,38.0,23.766971,86.410125
2026-03-27 10:00:00,N06,,,,,,,23.766971,86.410125
2026-03-27 11:00:00,N06,,,,,,,23.766971,86.410125
2026-03-27 12:00:00,N06,-0.0764,0.008126,2.91,-0.001,7e-05,40.2,23.766971,86.410125
2026-03-27 13:00:00,N06,0.0047,0.008724,7.23,-0.0015,0.000447,39.9,23.766971,86.410125
2026-03-27 14:00:00,N06,,,,,,,23.766971,86.410125
2026-03-27 15:00:00,N06,,,,,,,23.766971,86.410125
2026-03-27 16:00:00,N06,,,,,,,23.766971,86.410125
2026-03-27 17:00:00,N06,,,,,,,23.766971,86.410125
2026-03-27 18:00:00,N06,-0.007,0.006366,3.12,-0.0026,0.007886,32.7,23.766971,86.410125
2026-03-27 19:00:00,N06,-0.1874,0.006356,3.72,-0.0026,0.000285,30.7,23.766971,86.410125
2026-03-27 20:00:00,N06,-0.1719,0.007709,3.57,-0.0032,0.000471,28.9,23.766971,86.410125
2026-03-27 21:00:00,N06,0.0101,0.005993,5.98,-0.0035,0.000267,27.4,23.766971,86.410125
2026-03-27 22:00:00,N06,0.1658,0.006672,2.97,-0.0037,0.000349,26.2,23.766971,86.410125
2026-03-27 23:00:00,N06,-0.0821,0.005439,2.79,-0.0042,0.000133,25.4,23.766971,86.410125
2026-03-28 00:00:00,N06,-0.1011,0.005331,9.05,-0.004,6.9e-05,23.1,23.766971,86.410125
2026-03-28 01:00:00,N06,0.1785,0.008038,9.92,-0.0044,0.00013,23.3,23.766971,86.410125
2026-03-28 02:00:00,N06,0.1703,0.006893,1.18,-0.0043,4.1e-05,24.1,23.766971,86.410125
2026-03-28 03:00:00,N06,-0.256,0.007411,8.18,-0.0044,0.000495,25.3,23.766971,86.410125
2026-03-28 04:00:00,N06,-0.3874,0.006966,6.8,-0.0053,2e-06,26.8,23.766971,86.410125
2026-03-28 05:00:00,N06,-0.0021,0.006291,1.7,-0.0044,0.001092,28.6,23.766971,86.410125
2026-03-28 06:00:00,N06,-0.1281,0.005175,2.42,-0.0031,0.001116,30.6,23.766971,86.410125
2026-03-28 07:00:00,N06,0.0508,0.007623,7.07,-0.0022,0.000489,32.5,23.766971,86.410125
2026-03-28 08:00:00,N06,-0.248,0.005845,3.79,-0.0021,8.4e-05,34.3,23.766971,86.410125
2026-03-28 09:00:00,N06,-0.0433,0.005113,8.21,-0.0024,0.000257,35.9,23.766971,86.410125
2026-03-28 10:00:00,N06,0.139,0.006247,2.85,-0.0016,0.000673,37.1,23.766971,86.410125
2026-03-28 11:00:00,N06,0.1325,0.006567,3.54,-0.001,0.000566,37.8,23.766971,86.410125
2026-03-28 12:00:00,N06,0.2586,0.00596,8.49,-0.0004,0.00038,38.1,23.766971,86.410125
2026-03-28 13:00:00,N06,0.0279,0.005694,7.48,-0.0003,3.5e-05,37.8,23.766971,86.410125
2026-03-28 14:00:00,N06,-0.125,0.006961,2.47,-0.0005,0.000223,37.1,23.766971,86.410125
2026-03-28 15:00:00,N06,0.024,0.008827,1.14,-0.0007,0.007928,35.9,23.766971,86.410125
2026-03-28 16:00:00,N06,-0.1559,0.83671,42.51,-0.0164,0.000245,34.3,23.766971,86.410125
2026-03-28 17:00:00,N06,-0.1992,0.00692,1.28,-0.0012,0.007222,32.5,23.766971,86.410125
2026-03-28 18:00:00,N06,,,,,,,23.766971,86.410125
2026-03-28 19:00:00,N06,,,,,,,23.766971,86.410125
2026-03-28 20:00:00,N06,,,,,,,23.766971,86.410125
2026-03-28 21:00:00,N06,,,,,,,23.766971,86.410125
2026-03-28 22:00:00,N06,-0.0605,0.006493,9.14,-0.0028,0.000599,24.1,23.766971,86.410125
2026-03-28 23:00:00,N06,,,,,,,23.766971,86.410125
2026-03-29 00:00:00,N06,,,,,,,23.766971,86.410125
2026-03-29 01:00:00,N06,,,,,,,23.766971,86.410125
2026-03-29 02:00:00,N06,,,,,,,23.766971,86.410125
2026-03-29 03:00:00,N06,-0.172,0.008873,5.97,-0.004,0.000318,27.3,23.766971,86.410125
2026-03-29 04:00:00,N06,-0.23,0.005281,4.53,-0.0044,0.000129,28.8,23.766971,86.410125
2026-03-29 05:00:00,N06,-0.1291,0.006732,5.74,-0.0037,0.005364,30.7,23.766971,86.410125
2026-03-29 06:00:00,N06,-0.0553,0.975595,45.07,-0.0151,0.000157,32.6,23.766971,86.410125
2026-03-29 07:00:00,N06,0.1387,0.00601,3.07,-0.0034,0.00563,34.5,23.766971,86.410125
2026-03-29 08:00:00,N06,0.0484,0.005301,8.71,-0.0038,0.000531,36.3,23.766971,86.410125
2026-03-29 09:00:00,N06,0.0221,0.007663,5.83,-0.0045,0.000635,37.9,23.766971,86.410125
2026-03-29 10:00:00,N06,0.1404,0.005301,8.12,-0.0051,0.000476,39.1,23.766971,86.410125
2026-03-29 11:00:00,N06,-0.2382,0.00923,7.4,-0.0054,1e-05,39.8,23.766971,86.410125
2026-03-29 12:00:00,N06,-0.1256,0.005827,4.14,-0.0051,4.8e-05,40.1,23.766971,86.410125
2026-03-29 13:00:00,N06,0.0045,0.006781,2.09,-0.0053,0.002877,39.8,23.766971,86.410125
2026-03-29 14:00:00,N06,-0.249,0.511585,46.62,0.0007,0.002848,39.1,23.766971,86.410125
2026-03-29 15:00:00,N06,-0.3234,0.936901,26.92,0.0004,0.00742,37.9,23.766971,86.410125
2026-03-29 16:00:00,N06,-0.0456,0.93225,49.17,-0.0142,0.003021,36.3,23.766971,86.410125
2026-03-29 17:00:00,N06,0.2087,0.008205,1.74,-0.0057,0.003799,34.5,23.766971,86.410125
2026-03-29 18:00:00,N06,0.116,0.005075,1.88,-0.0066,0.000225,32.6,23.766971,86.410125
2026-03-29 19:00:00,N06,0.0664,0.007985,9.43,-0.0061,0.000443,30.7,23.766971,86.410125
2026-03-29 20:00:00,N06,0.0199,0.006142,5.51,-0.0057,2.3e-05,28.8,23.766971,86.410125
2026-03-29 21:00:00,N06,-0.0331,0.00869,5.26,-0.0061,0.000373,27.3,23.766971,86.410125
2026-03-29 22:00:00,N06,-0.2811,0.006085,1.87,-0.0064,6.4e-05,26.1,23.766971,86.410125
2026-03-29 23:00:00,N06,-0.2757,0.008097,4.59,-0.006,0.000421,25.3,23.766971,86.410125
2026-03-30 00:00:00,N06,-0.2942,0.00582,7.51,-0.0056,0.000252,23.7,23.766971,86.410125
2026-03-30 01:00:00,N06,-0.2827,0.006713,4.98,-0.0055,0.000116,24.0,23.766971,86.410125
2026-03-30 02:00:00,N06,-0.0286,0.005492,8.01,-0.0058,4.4e-05,24.7,23.766971,86.410125
2026-03-30 03:00:00,N06,-0.1262,0.008782,4.9,-0.0055,0.000274,25.9,23.766971,86.410125
2026-03-30 04:00:00,N06,-0.1634,0.006453,1.31,-0.0053,0.000172,27.5,23.766971,86.410125
2026-03-30 05:00:00,N06,-0.136,0.006199,9.8,-0.0052,5.5e-05,29.3,23.766971,86.410125
2026-03-30 06:00:00,N06,0.122,0.008494,7.22,-0.0052,0.000196,31.2,23.766971,86.410125
2026-03-30 07:00:00,N06,-0.175,0.005725,6.68,-0.0056,7.5e-05,33.2,23.766971,86.410125
2026-03-30 08:00:00,N06,-0.1502,0.005658,1.49,-0.0053,0.000197,35.0,23.766971,86.410125
2026-03-30 09:00:00,N06,0.0325,0.006454,5.0,-0.0052,0.000285,36.5,23.766971,86.410125
2026-03-30 10:00:00,N06,0.4478,0.00647,3.27,-0.0048,3.9e-05,37.7,23.766971,86.410125
2026-03-30 11:00:00,N06,0.0854,0.007103,1.4,-0.0053,0.008357,38.5,23.766971,86.410125
2026-03-30 12:00:00,N06,-0.0533,0.597988,31.42,0.012,0.008667,38.7,23.766971,86.410125
2026-03-30 13:00:00,N06,0.1421,0.865994,36.5,0.0121,0.008542,38.5,23.766971,86.410125
2026-03-30 14:00:00,N06,-0.0953,0.005922,2.32,-0.0051,0.008979,37.7,23.766971,86.410125
2026-03-30 15:00:00,N06,0.0992,0.006234,5.57,-0.0059,0.004923,36.5,23.766971,86.410125
2026-03-30 16:00:00,N06,0.0413,0.570855,46.98,0.0047,0.000312,35.0,23.766971,86.410125
2026-03-30 17:00:00,N06,,,,,,,23.766971,86.410125
2026-03-30 18:00:00,N06,,,,,,,23.766971,86.410125
2026-03-30 19:00:00,N06,,,,,,,23.766971,86.410125
2026-03-30 20:00:00,N06,,,,,,,23.766971,86.410125
2026-03-30 21:00:00,N06,,,,,,,23.766971,86.410125
2026-03-30 22:00:00,N06,-0.044,0.007387,5.29,-0.0063,0.000169,24.7,23.766971,86.410125
2026-03-30 23:00:00,N06,-0.0692,0.006902,8.08,-0.006,0.000158,24.0,23.766971,86.410125
2026-03-31 00:00:00,N06,-0.0495,0.006875,9.47,-0.0066,0.00036,25.9,23.766971,86.410125
2026-03-31 01:00:00,N06,-0.1296,0.006231,5.01,-0.0067,5e-05,26.1,23.766971,86.410125
2026-03-31 02:00:00,N06,-0.0592,0.005505,4.53,-0.0065,0.000141,26.9,23.766971,86.410125
2026-03-31 03:00:00,N06,-0.0745,0.005708,6.38,-0.0064,0.000126,28.1,23.766971,86.410125
2026-03-31 04:00:00,N06,-0.1958,0.007906,7.99,-0.0068,4e-06,29.6,23.766971,86.410125
2026-03-31 05:00:00,N06,-0.1309,0.008551,6.32,-0.0065,0.000764,31.4,23.766971,86.410125
2026-03-31 06:00:00,N06,0.2577,0.007517,4.15,-0.0053,0.005171,33.4,23.766971,86.410125
2026-03-31 07:00:00,N06,-0.0831,0.625822,16.01,0.0039,0.000111,35.3,23.766971,86.410125
2026-03-31 08:00:00,N06,0.0438,0.006876,3.47,-0.005,0.004163,37.1,23.766971,86.410125
2026-03-31 09:00:00,N06,-0.0881,0.00877,5.07,-0.0044,0.00038,38.7,23.766971,86.410125
2026-03-31 10:00:00,N06,0.1985,0.00698,1.85,-0.0043,0.000116,39.9,23.766971,86.410125
2026-03-31 11:00:00,N06,0.1813,0.006828,5.47,-0.0042,0.00013,40.6,23.766971,86.410125
2026-03-31 12:00:00,N06,0.265,0.009561,6.89,-0.0045,9.5e-05,40.9,23.766971,86.410125
2026-03-31 13:00:00,N06,-0.3406,0.007139,9.61,-0.004,8.2e-05,40.6,23.766971,86.410125
2026-03-31 14:00:00,N06,0.0922,0.007983,4.69,-0.0044,1e-06,39.9,23.766971,86.410125
2026-03-31 15:00:00,N06,-0.0644,0.005487,5.12,-0.004,0.000152,38.7,23.766971,86.410125
2026-03-31 16:00:00,N06,-0.0219,0.006179,3.23,-0.0041,0.007634,37.1,23.766971,86.410125
2026-03-31 17:00:00,N06,0.1032,0.838299,15.49,0.0112,0.007613,35.3,23.766971,86.410125
2026-03-31 18:00:00,N06,0.0929,0.94484,42.29,0.0112,0.007765,33.4,23.766971,86.410125
2026-03-31 19:00:00,N06,0.0853,0.005992,7.01,-0.0043,0.007937,31.4,23.766971,86.410125
2026-03-31 20:00:00,N06,0.0383,0.008121,6.79,-0.0047,0.000391,29.6,23.766971,86.410125
2026-03-31 21:00:00,N06,0.0737,0.00572,6.68,-0.0051,0.000204,28.1,23.766971,86.410125
2026-03-31 22:00:00,N06,0.0602,0.005419,2.9,-0.0051,6.3e-05,26.9,23.766971,86.410125
2026-03-31 23:00:00,N06,-0.0246,0.005749,2.33,-0.0052,2.3e-05,26.1,23.766971,86.410125
2026-04-01 00:00:00,N06,0.0808,0.005443,3.13,-0.0051,0.000147,24.6,23.766971,86.410125
2026-04-01 01:00:00,N06,0.1037,0.007143,9.66,-0.0055,3.4e-05,24.9,23.766971,86.410125
2026-04-01 02:00:00,N06,0.0743,0.005394,3.61,-0.005,0.000107,25.6,23.766971,86.410125
2026-04-01 03:00:00,N06,0.1702,0.007539,9.74,-0.0057,0.000274,26.8,23.766971,86.410125
2026-04-01 04:00:00,N06,0.1815,0.006293,1.25,-0.0056,0.000152,28.3,23.766971,86.410125
2026-04-01 05:00:00,N06,0.0919,0.005099,3.23,-0.006,0.000139,30.2,23.766971,86.410125
2026-04-01 06:00:00,N06,-0.198,0.006595,6.1,-0.0058,1.6e-05,32.1,23.766971,86.410125
2026-04-01 07:00:00,N06,0.2264,0.006423,3.42,-0.006,7.4e-05,34.0,23.766971,86.410125
2026-04-01 08:00:00,N06,0.0711,0.007157,2.99,-0.006,6.7e-05,35.8,23.766971,86.410125
2026-04-01 09:00:00,N06,,,,,,,23.766971,86.410125
2026-04-01 10:00:00,N06,,,,,,,23.766971,86.410125
2026-04-01 11:00:00,N06,,,,,,,23.766971,86.410125
2026-04-01 12:00:00,N06,-0.0269,0.007635,9.29,-0.0059,0.000416,39.6,23.766971,86.410125
2026-04-01 13:00:00,N06,0.128,0.005552,5.92,-0.0056,0.00062,39.3,23.766971,86.410125
2026-04-01 14:00:00,N06,-0.0454,0.005123,8.86,-0.0046,0.000329,38.6,23.766971,86.410125
2026-04-01 15:00:00,N06,0.1156,0.007936,9.34,-0.0049,0.008238,37.4,23.766971,86.410125
2026-04-01 16:00:00,N06,-0.0964,0.540274,42.53,-0.0211,0.008128,35.8,23.766971,86.410125
2026-04-01 17:00:00,N06,0.1545,0.538668,49.69,-0.0212,0.008452,34.0,23.766971,86.410125
2026-04-01 18:00:00,N06,0.0537,0.0058,9.61,-0.0042,0.00859,32.1,23.766971,86.410125
2026-04-01 19:00:00,N06,-0.0237,0.009614,2.76,-0.004,0.000283,30.2,23.766971,86.410125
2026-04-01 20:00:00,N06,-0.108,0.005768,6.71,-0.0036,0.000618,28.3,23.766971,86.410125
2026-04-01 21:00:00,N06,-0.0717,0.008919,6.55,-0.0027,0.00017,26.8,23.766971,86.410125
2026-04-01 22:00:00,N06,0.2415,0.005219,9.05,-0.0033,0.000549,25.6,23.766971,86.410125
2026-04-01 23:00:00,N06,-0.0936,0.009078,2.35,-0.0038,9.8e-05,24.9,23.766971,86.410125
2026-04-02 00:00:00,N06,0.0256,0.006645,5.45,-0.0035,2.8e-05,22.0,23.766971,86.410125
2026-04-02 01:00:00,N06,-0.0048,0.007771,1.61,-0.0038,0.000847,22.3,23.766971,86.410125
2026-04-02 02:00:00,N06,-0.0709,0.005303,2.22,-0.0052,0.000654,23.0,23.766971,86.410125
2026-04-02 03:00:00,N06,-0.1383,0.005679,8.71,-0.0051,0.000116,24.2,23.766971,86.410125
2026-04-02 04:00:00,N06,-0.2719,0.006253,1.34,-0.0054,0.000538,25.8,23.766971,86.410125
2026-04-02 05:00:00,N06,-0.0706,0.005227,3.72,-0.0062,0.000258,27.6,23.766971,86.410125
2026-04-02 06:00:00,N06,0.1028,0.008021,4.18,-0.0059,0.000212,29.5,23.766971,86.410125
2026-04-02 07:00:00,N06,-0.0796,0.008874,1.3,-0.0057,0.000305,31.5,23.766971,86.410125
2026-04-02 08:00:00,N06,-0.0186,0.008602,7.67,-0.0053,0.006485,33.3,23.766971,86.410125
2026-04-02 09:00:00,N06,0.1884,0.557897,39.6,-0.0187,0.006527,34.8,23.766971,86.410125
2026-04-02 10:00:00,N06,0.2839,0.814927,49.36,-0.0184,0.006688,36.0,23.766971,86.410125
2026-04-02 11:00:00,N06,-0.0583,0.007118,3.94,-0.0053,0.006025,36.8,23.766971,86.410125
2026-04-02 12:00:00,N06,-0.0474,0.005991,6.77,-0.0063,0.000432,37.0,23.766971,86.410125
2026-04-02 13:00:00,N06,0.1074,0.006036,9.57,-0.0062,5.7e-05,36.8,23.766971,86.410125
2026-04-02 14:00:00,N06,0.1269,0.007758,6.1,-0.0064,0.000204,36.0,23.766971,86.410125
2026-04-02 15:00:00,N06,,,,,,,23.766971,86.410125
2026-04-02 16:00:00,N06,-0.0102,0.005594,5.66,-0.0067,2e-05,33.3,23.766971,86.410125
2026-04-02 17:00:00,N06,0.0375,0.008525,5.04,-0.0066,0.000523,31.5,23.766971,86.410125
2026-04-02 18:00:00,N06,0.0849,0.00528,7.21,-0.0057,0.000535,29.5,23.766971,86.410125
2026-04-02 19:00:00,N06,-0.0484,0.007071,9.19,-0.0055,0.000411,27.6,23.766971,86.410125
2026-04-02 20:00:00,N06,-0.0739,0.007486,5.75,-0.0049,0.000308,25.8,23.766971,86.410125
2026-04-02 21:00:00,N06,0.1436,0.005581,3.11,-0.0049,0.000351,24.2,23.766971,86.410125
2026-04-02 22:00:00,N06,-0.0891,0.005516,8.88,-0.0056,0.000355,23.0,23.766971,86.410125
2026-04-02 23:00:00,N06,-0.2447,0.005235,4.97,-0.0056,0.000232,22.3,23.766971,86.410125
2026-04-03 00:00:00,N06,-0.0727,0.005357,1.79,-0.0051,0.000691,28.9,23.766971,86.410125
2026-04-03 01:00:00,N06,0.2507,0.00913,3.3,-0.0042,0.000504,29.1,23.766971,86.410125
2026-04-03 02:00:00,N06,0.0891,0.005821,5.03,-0.0041,0.000128,29.9,23.766971,86.410125
2026-04-03 03:00:00,N06,0.0105,0.005757,9.66,-0.0045,0.000301,31.1,23.766971,86.410125
2026-04-03 04:00:00,N06,0.152,0.00568,3.49,-0.0035,0.000157,32.6,23.766971,86.410125
2026-04-03 05:00:00,N06,-0.1944,0.005166,2.1,-0.0041,0.000157,34.4,23.766971,86.410125
2026-04-03 06:00:00,N06,-0.0051,0.008642,5.68,-0.0038,0.009279,36.4,23.766971,86.410125
2026-04-03 07:00:00,N06,-0.1973,0.969327,43.36,0.0144,0.000122,38.3,23.766971,86.410125
2026-04-03 08:00:00,N06,0.1533,0.007848,3.95,-0.0036,0.00925,40.1,23.766971,86.410125
2026-04-03 09:00:00,N06,0.2964,0.006238,9.86,-0.0041,0.000767,41.7,23.766971,86.410125
2026-04-03 10:00:00,N06,0.1814,0.007464,2.33,-0.0051,0.000543,42.9,23.766971,86.410125
2026-04-03 11:00:00,N06,0.0159,0.005528,3.65,-0.0052,0.000274,43.6,23.766971,86.410125
2026-04-03 12:00:00,N06,-0.0373,0.006387,3.8,-0.0046,0.008775,43.9,23.766971,86.410125
2026-04-03 13:00:00,N06,-0.1058,0.621747,36.35,0.0124,0.008324,43.6,23.766971,86.410125
2026-04-03 14:00:00,N06,0.0374,0.69228,37.67,0.0121,0.008981,42.9,23.766971,86.410125
2026-04-03 15:00:00,N06,-0.1871,0.007148,1.27,-0.0056,0.005607,41.7,23.766971,86.410125
2026-04-03 16:00:00,N06,-0.3125,0.544874,44.99,0.0009,0.000461,40.1,23.766971,86.410125
2026-04-03 17:00:00,N06,0.1668,0.007881,9.72,-0.0065,0.003499,38.3,23.766971,86.410125
2026-04-03 18:00:00,N06,-0.1199,0.005865,9.69,-0.0061,0.000311,36.4,23.766971,86.410125
2026-04-03 19:00:00,N06,-0.121,0.008652,3.73,-0.0059,0.000272,34.4,23.766971,86.410125
2026-04-03 20:00:00,N06,0.1253,0.005336,4.36,-0.0067,0.000378,32.6,23.766971,86.410125
2026-04-03 21:00:00,N06,-0.0125,0.008495,5.47,-0.0066,0.000238,31.1,23.766971,86.410125
2026-04-03 22:00:00,N06,-0.0029,0.006661,8.95,-0.0071,0.000192,29.9,23.766971,86.410125
2026-04-03 23:00:00,N06,-0.1346,0.006112,3.65,-0.007,0.000204,29.1,23.766971,86.410125
2026-04-04 00:00:00,N06,-0.1203,0.005134,4.48,-0.0075,0.000493,24.1,23.766971,86.410125
2026-04-04 01:00:00,N06,-0.0515,0.006848,9.29,-0.008,0.000438,24.4,23.766971,86.410125
2026-04-04 02:00:00,N06,0.2276,0.005193,3.4,-0.0084,0.000877,25.1,23.766971,86.410125
2026-04-04 03:00:00,N06,,,,,,,23.766971,86.410125
2026-04-04 04:00:00,N06,0.29,0.005567,6.97,-0.0089,0.000343,27.9,23.766971,86.410125
2026-04-04 05:00:00,N06,-0.1024,0.006037,6.35,-0.0091,0.00034,29.7,23.766971,86.410125
2026-04-04 06:00:00,N06,-0.2813,0.005086,7.16,-0.0096,7.3e-05,31.6,23.766971,86.410125
2026-04-04 07:00:00,N06,0.0616,0.008269,2.25,-0.0092,4.8e-05,33.6,23.766971,86.410125
2026-04-04 08:00:00,N06,0.035,0.005364,1.62,-0.0095,0.008687,35.4,23.766971,86.410125
2026-04-04 09:00:00,N06,0.1153,0.558603,43.01,0.0081,0.013757,36.9,23.766971,86.410125
2026-04-04 10:00:00,N06,0.0297,0.545807,46.91,0.018,0.00848,38.1,23.766971,86.410125
2026-04-04 11:00:00,N06,-0.1325,0.006678,8.13,-0.0088,0.0134,38.9,23.766971,86.410125
2026-04-04 12:00:00,N06,0.1756,0.007205,9.47,-0.0088,9.3e-05,39.1,23.766971,86.410125
2026-04-04 13:00:00,N06,-0.0371,0.006335,2.74,-0.0086,0.00016,38.9,23.766971,86.410125
2026-04-04 14:00:00,N06,-0.0142,0.005425,8.64,-0.0091,6.7e-05,38.1,23.766971,86.410125
2026-04-04 15:00:00,N06,0.0208,0.007571,8.36,-0.0088,0.000253,36.9,23.766971,86.410125
2026-04-04 16:00:00,N06,-0.01,0.006661,7.73,-0.0086,0.000122,35.4,23.766971,86.410125
2026-04-04 17:00:00,N06,0.1384,0.007029,7.13,-0.0085,8.8e-05,33.6,23.766971,86.410125
2026-04-04 18:00:00,N06,-0.0802,0.006926,6.36,-0.0088,4.3e-05,31.6,23.766971,86.410125
2026-04-04 19:00:00,N06,0.2039,0.006674,9.38,-0.0086,0.000164,29.7,23.766971,86.410125
2026-04-04 20:00:00,N06,-0.0775,0.008665,2.63,-0.0091,0.000331,27.9,23.766971,86.410125
2026-04-04 21:00:00,N06,-0.2018,0.007021,7.16,-0.0093,0.00019,26.3,23.766971,86.410125
2026-04-04 22:00:00,N06,-0.1305,0.007299,7.87,-0.0087,8e-05,25.1,23.766971,86.410125
2026-04-04 23:00:00,N06,-0.2005,0.005788,5.69,-0.0091,0.000427,24.4,23.766971,86.410125
2026-04-05 00:00:00,N06,-0.1861,0.005399,3.51,-0.0096,0.000164,25.0,23.766971,86.410125
2026-04-05 01:00:00,N06,0.3236,0.006525,7.54,-0.0094,0.000432,25.3,23.766971,86.410125
2026-04-05 02:00:00,N06,0.0201,0.005026,1.41,-0.0087,7.1e-05,26.0,23.766971,86.410125
2026-04-05 03:00:00,N06,,,,,,,23.766971,86.410125
2026-04-05 04:00:00,N06,,,,,,,23.766971,86.410125
2026-04-05 05:00:00,N06,,,,,,,23.766971,86.410125
2026-04-05 06:00:00,N06,-0.0643,0.005237,4.03,-0.0087,0.0002,32.5,23.766971,86.410125
2026-04-05 07:00:00,N06,0.1758,0.007007,2.19,-0.0088,5.1e-05,34.5,23.766971,86.410125
2026-04-05 08:00:00,N06,-0.2621,0.007218,1.76,-0.0088,0.000112,36.3,23.766971,86.410125
2026-04-05 09:00:00,N06,0.2108,0.007171,9.34,-0.0086,0.000157,37.8,23.766971,86.410125
2026-04-05 10:00:00,N06,-0.1209,0.008319,7.84,-0.0085,0.00031,39.0,23.766971,86.410125
2026-04-05 11:00:00,N06,-0.0969,0.006324,4.94,-0.008,0.000844,39.8,23.766971,86.410125
2026-04-05 12:00:00,N06,0.0803,0.007415,4.05,-0.0068,0.004329,40.0,23.766971,86.410125
2026-04-05 13:00:00,N06,0.115,0.963837,34.7,-0.0166,0.007984,39.8,23.766971,86.410125
2026-04-05 14:00:00,N06,0.083,0.560399,18.39,-0.0228,0.005464,39.0,23.766971,86.410125
2026-04-05 15:00:00,N06,-0.1624,0.008642,1.24,-0.0057,0.008267,37.8,23.766971,86.410125
2026-04-05 16:00:00,N06,-0.1312,0.006223,9.12,-0.0062,0.000202,36.3,23.766971,86.410125
2026-04-05 17:00:00,N06,0.235,0.006229,7.45,-0.0061,0.000139,34.5,23.766971,86.410125
2026-04-05 18:00:00,N06,-0.3333,0.006909,9.89,-0.006,7.6e-05,32.5,23.766971,86.410125
2026-04-05 19:00:00,N06,-0.1803,0.006134,2.44,-0.0059,0.000407,30.6,23.766971,86.410125
2026-04-05 20:00:00,N06,-0.0939,0.006954,2.02,-0.0052,0.000491,28.8,23.766971,86.410125
2026-04-05 21:00:00,N06,-0.0542,0.007111,4.4,-0.005,5.6e-05,27.2,23.766971,86.410125
2026-04-05 22:00:00,N06,-0.1064,0.006872,7.09,-0.0053,2.7e-05,26.0,23.766971,86.410125
2026-04-05 23:00:00,N06,-0.0306,0.005913,6.37,-0.0049,0.000676,25.3,23.766971,86.410125
2026-04-06 00:00:00,N06,0.166,0.008017,4.89,-0.0039,0.000285,23.4,23.766971,86.410125
2026-04-06 01:00:00,N06,-0.0231,0.005475,8.97,-0.0043,2.8e-05,23.6,23.766971,86.410125
2026-04-06 02:00:00,N06,-0.048,0.006161,3.56,-0.0039,3.8e-05,24.4,23.766971,86.410125
2026-04-06 03:00:00,N06,,,,,,,23.766971,86.410125
2026-04-06 04:00:00,N06,,,,,,,23.766971,86.410125
2026-04-06 05:00:00,N06,,,,,,,23.766971,86.410125
2026-04-06 06:00:00,N06,,,,,,,23.766971,86.410125
2026-04-06 07:00:00,N06,,,,,,,23.766971,86.410125
2026-04-06 08:00:00,N06,0.0319,0.006884,1.71,-0.0053,4.8e-05,34.6,23.766971,86.410125
2026-04-06 09:00:00,N06,0.158,0.006239,6.62,-0.0052,0.008253,36.2,23.766971,86.410125
2026-04-06 10:00:00,N06,-0.1461,0.690487,27.1,-0.0219,0.008265,37.4,23.766971,86.410125
2026-04-06 11:00:00,N06,0.2023,0.847658,36.77,-0.0218,0.008301,38.1,23.766971,86.410125
2026-04-06 12:00:00,N06,0.0881,0.005897,6.67,-0.0053,0.007867,38.4,23.766971,86.410125
2026-04-06 13:00:00,N06,-0.1334,0.991208,47.18,-0.006,0.000243,38.1,23.766971,86.410125
2026-04-06 14:00:00,N06,0.2172,0.007097,4.78,-0.0057,0.000642,37.4,23.766971,86.410125
2026-04-06 15:00:00,N06,-0.0199,0.005682,6.15,-0.0048,0.00089,36.2,23.766971,86.410125
2026-04-06 16:00:00,N06,0.1774,0.009679,4.5,-0.004,0.000265,34.6,23.766971,86.410125
2026-04-06 17:00:00,N06,-0.1752,0.005494,7.81,-0.0053,0.000448,32.8,23.766971,86.410125
2026-04-06 18:00:00,N06,-0.1567,0.008115,3.62,-0.0049,0.000644,30.9,23.766971,86.410125
2026-04-06 19:00:00,N06,0.051,0.00525,9.4,-0.004,0.000463,28.9,23.766971,86.410125
2026-04-06 20:00:00,N06,0.0649,0.007177,4.35,-0.0039,0.000347,27.1,23.766971,86.410125
2026-04-06 21:00:00,N06,-0.0818,0.00507,1.29,-0.0033,0.00034,25.6,23.766971,86.410125
2026-04-06 22:00:00,N06,0.0676,0.007149,5.64,-0.0032,1.1e-05,24.4,23.766971,86.410125
2026-04-06 23:00:00,N06,0.0975,0.005293,9.84,-0.0033,0.000415,23.6,23.766971,86.410125
2026-04-07 00:00:00,N06,-0.2733,0.006683,2.83,-0.0041,0.000424,27.1,23.766971,86.410125
2026-04-07 01:00:00,N06,-0.0234,0.006156,7.53,-0.0042,0.000282,27.4,23.766971,86.410125
2026-04-07 02:00:00,N06,0.2089,0.005596,3.6,-0.0046,0.000149,28.1,23.766971,86.410125
2026-04-07 03:00:00,N06,0.3637,0.00735,3.9,-0.0039,6.7e-05,29.3,23.766971,86.410125
2026-04-07 04:00:00,N06,-0.2559,0.007531,1.91,-0.0048,0.000691,30.9,23.766971,86.410125
2026-04-07 05:00:00,N06,0.1606,0.008079,7.09,-0.0053,2.2e-05,32.7,23.766971,86.410125
2026-04-07 06:00:00,N06,0.0886,0.005921,5.14,-0.0048,0.000137,34.6,23.766971,86.410125
2026-04-07 07:00:00,N06,0.1128,0.00696,3.44,-0.005,5.4e-05,36.6,23.766971,86.410125
2026-04-07 08:00:00,N06,0.1876,0.008418,4.41,-0.0047,0.000181,38.4,23.766971,86.410125
2026-04-07 09:00:00,N06,-0.2737,0.005944,6.2,-0.0046,4.2e-05,39.9,23.766971,86.410125
2026-04-07 10:00:00,N06,-0.1176,0.005722,2.93,-0.0048,0.000502,41.1,23.766971,86.410125
2026-04-07 11:00:00,N06,0.3632,0.009402,8.61,-0.0056,0.000679,41.9,23.766971,86.410125
2026-04-07 12:00:00,N06,,,,,,,23.766971,86.410125
2026-04-07 13:00:00,N06,,,,,,,23.766971,86.410125
2026-04-07 14:00:00,N06,-0.0669,0.006863,5.08,-0.0066,0.016436,41.1,23.766971,86.410125
2026-04-07 15:00:00,N06,0.0444,0.566187,22.49,0.0264,0.008923,39.9,23.766971,86.410125
2026-04-07 16:00:00,N06,-0.0612,0.666239,34.66,0.0112,0.01697,38.4,23.766971,86.410125
2026-04-07 17:00:00,N06,0.1638,0.006964,4.62,-0.0075,0.009434,36.6,23.766971,86.410125
2026-04-07 18:00:00,N06,0.291,0.006351,3.38,-0.0077,0.000487,34.6,23.766971,86.410125
2026-04-07 19:00:00,N06,0.2137,0.007267,8.88,-0.0085,0.000584,32.7,23.766971,86.410125
2026-04-07 20:00:00,N06,0.0571,0.005491,7.65,-0.0088,0.000366,30.9,23.766971,86.410125
2026-04-07 21:00:00,N06,0.0525,0.005946,6.14,-0.0092,0.000203,29.3,23.766971,86.410125
2026-04-07 22:00:00,N06,0.0448,0.005725,5.17,-0.0092,8.4e-05,28.1,23.766971,86.410125
2026-04-07 23:00:00,N06,0.0281,0.00532,1.05,-0.0094,0.000159,27.4,23.766971,86.410125
2026-04-08 00:00:00,N06,-0.1384,0.008638,7.3,-0.0089,1.5e-05,23.7,23.766971,86.410125
2026-04-08 01:00:00,N06,-0.3494,0.006844,3.84,-0.0094,1.6e-05,24.0,23.766971,86.410125
2026-04-08 02:00:00,N06,-0.2219,0.006849,9.57,-0.0089,0.000234,24.7,23.766971,86.410125
2026-04-08 03:00:00,N06,-0.1471,0.007791,7.58,-0.0089,6.6e-05,25.9,23.766971,86.410125
2026-04-08 04:00:00,N06,-0.1946,0.006019,6.41,-0.0087,0.000296,27.5,23.766971,86.410125
2026-04-08 05:00:00,N06,0.1114,0.005,4.01,-0.0083,0.000575,29.3,23.766971,86.410125
2026-04-08 06:00:00,N06,0.1803,0.005951,3.04,-0.0076,0.000328,31.2,23.766971,86.410125
2026-04-08 07:00:00,N06,-0.058,0.007416,3.45,-0.0076,3e-06,33.2,23.766971,86.410125
2026-04-08 08:00:00,N06,0.1967,0.00651,5.49,-0.0076,0.000217,35.0,23.766971,86.410125
2026-04-08 09:00:00,N06,-0.0314,0.005035,4.83,-0.0081,0.000355,36.5,23.766971,86.410125
2026-04-08 10:00:00,N06,0.0605,0.005252,2.23,-0.0083,0.000331,37.7,23.766971,86.410125
2026-04-08 11:00:00,N06,0.3722,0.006503,2.45,-0.0087,0.000284,38.5,23.766971,86.410125
2026-04-08 12:00:00,N06,-0.0172,0.009221,7.08,-0.0077,0.000356,38.7,23.766971,86.410125
2026-04-08 13:00:00,N06,-0.0762,0.007404,2.62,-0.008,3.6e-05,38.5,23.766971,86.410125
2026-04-08 14:00:00,N06,-0.0016,0.005433,7.9,-0.0078,0.004928,37.7,23.766971,86.410125
2026-04-08 15:00:00,N06,0.1124,0.664297,35.19,-0.0179,0.005752,36.5,23.766971,86.410125
2026-04-08 16:00:00,N06,0.3466,0.620344,40.86,-0.0193,0.004428,35.0,23.766971,86.410125
2026-04-08 17:00:00,N06,0.0337,0.005286,1.79,-0.009,0.005022,33.2,23.766971,86.410125
2026-04-08 18:00:00,N06,-0.2064,0.006021,2.12,-0.0093,4.5e-05,31.2,23.766971,86.410125
2026-04-08 19:00:00,N06,-0.1712,0.005267,6.23,-0.0089,6.3e-05,29.3,23.766971,86.410125
2026-04-08 20:00:00,N06,0.0315,0.005413,8.59,-0.0094,0.000173,27.5,23.766971,86.410125
2026-04-08 21:00:00,N06,-0.143,0.007071,4.61,-0.0093,0.000431,25.9,23.766971,86.410125
2026-04-08 22:00:00,N06,0.0332,0.005097,3.03,-0.0085,0.000838,24.7,23.766971,86.410125
2026-04-08 23:00:00,N06,-0.054,0.0057,3.57,-0.0076,0.000384,24.0,23.766971,86.410125
2026-04-09 00:00:00,N06,-0.3042,0.006338,1.48,-0.0078,0.000108,25.5,23.766971,86.410125
2026-04-09 01:00:00,N06,-0.3094,0.006423,9.19,-0.0074,0.000132,25.8,23.766971,86.410125
2026-04-09 02:00:00,N06,-0.2254,0.005032,4.01,-0.0075,7.2e-05,26.5,23.766971,86.410125
2026-04-09 03:00:00,N06,-0.0825,0.007871,1.4,-0.0072,0.000511,27.7,23.766971,86.410125
2026-04-09 04:00:00,N06,0.088,0.00681,8.59,-0.0085,0.000753,29.3,23.766971,86.410125
2026-04-09 05:00:00,N06,-0.0336,0.006491,5.9,-0.0088,0.000216,31.1,23.766971,86.410125
2026-04-09 06:00:00,N06,-0.0155,0.005238,7.49,-0.0089,0.000243,33.0,23.766971,86.410125
2026-04-09 07:00:00,N06,0.3388,0.006993,5.97,-0.0092,7.2e-05,34.9,23.766971,86.410125
2026-04-09 08:00:00,N06,-0.0811,0.008146,1.55,-0.0088,0.000575,36.8,23.766971,86.410125
2026-04-09 09:00:00,N06,0.1662,0.006748,3.23,-0.0081,0.000562,38.3,23.766971,86.410125
2026-04-09 10:00:00,N06,-0.2613,0.005976,2.51,-0.0077,0.000131,39.5,23.766971,86.410125
2026-04-09 11:00:00,N06,0.0984,0.007251,3.71,-0.0078,0.000106,40.2,23.766971,86.410125
2026-04-09 12:00:00,N06,-0.1421,0.005482,8.03,-0.0079,0.000522,40.5,23.766971,86.410125
2026-04-09 13:00:00,N06,0.0864,0.006904,4.29,-0.0068,0.000755,40.2,23.766971,86.410125
2026-04-09 14:00:00,N06,0.1728,0.006514,1.25,-0.0064,8.7e-05,39.5,23.766971,86.410125
2026-04-09 15:00:00,N06,-0.0638,0.005957,1.63,-0.007,0.00049,38.3,23.766971,86.410125
2026-04-09 16:00:00,N06,-0.049,0.009342,4.47,-0.0074,0.007154,36.8,23.766971,86.410125
2026-04-09 17:00:00,N06,-0.0688,0.984694,39.61,0.0074,0.000476,34.9,23.766971,86.410125
2026-04-09 18:00:00,N06,-0.2266,0.007683,2.6,-0.0083,0.007819,33.0,23.766971,86.410125
2026-04-09 19:00:00,N06,0.0034,0.005305,2.62,-0.0083,0.000664,31.1,23.766971,86.410125
2026-04-09 20:00:00,N06,-0.019,0.005633,9.9,-0.0096,0.000756,29.3,23.766971,86.410125
2026-04-09 21:00:00,N06,0.3348,0.007316,5.99,-0.0098,0.000362,27.7,23.766971,86.410125
2026-04-09 22:00:00,N06,0.1198,0.005149,8.38,-0.0089,0.000548,26.5,23.766971,86.410125
2026-04-09 23:00:00,N06,,,,,,,23.766971,86.410125
2026-04-10 00:00:00,N06,,,,,,,23.766971,86.410125
2026-04-10 01:00:00,N06,,,,,,,23.766971,86.410125
2026-04-10 02:00:00,N06,,,,,,,23.766971,86.410125
2026-04-10 03:00:00,N06,,,,,,,23.766971,86.410125
2026-04-10 04:00:00,N06,0.0679,0.006802,4.45,-0.0067,3.6e-05,26.4,23.766971,86.410125
2026-04-10 05:00:00,N06,-0.022,0.00771,5.01,-0.0074,0.000612,28.2,23.766971,86.410125
2026-04-10 06:00:00,N06,0.0706,0.009394,2.47,-0.0079,0.000104,30.2,23.766971,86.410125
2026-04-10 07:00:00,N06,0.2435,0.007823,9.09,-0.0072,0.000348,32.1,23.766971,86.410125
2026-04-10 08:00:00,N06,0.1351,0.005275,5.98,-0.0072,0.000419,33.9,23.766971,86.410125
2026-04-10 09:00:00,N06,-0.1542,0.009046,2.55,-0.008,0.000394,35.5,23.766971,86.410125
2026-04-10 10:00:00,N06,0.2945,0.008695,5.83,-0.008,0.000194,36.7,23.766971,86.410125
2026-04-10 11:00:00,N06,0.0267,0.005882,9.4,-0.0084,0.009667,37.4,23.766971,86.410125
2026-04-10 12:00:00,N06,0.034,0.583862,45.01,0.0113,0.000189,37.7,23.766971,86.410125
2026-04-10 13:00:00,N06,-0.1059,0.00522,6.96,-0.008,0.009681,37.4,23.766971,86.410125
2026-04-10 14:00:00,N06,-0.0699,0.007329,2.11,-0.008,0.000103,36.7,23.766971,86.410125
2026-04-10 15:00:00,N06,-0.022,0.005199,7.86,-0.0078,0.004391,35.5,23.766971,86.410125
2026-04-10 16:00:00,N06,-0.0808,0.949094,23.72,0.0007,0.000468,33.9,23.766971,86.410125
2026-04-10 17:00:00,N06,-0.0626,0.00712,4.06,-0.0088,0.004664,32.1,23.766971,86.410125
2026-04-10 18:00:00,N06,-0.1172,0.00628,4.5,-0.0086,0.000287,30.2,23.766971,86.410125
2026-04-10 19:00:00,N06,0.1009,0.005862,9.26,-0.0093,0.00058,28.2,23.766971,86.410125
2026-04-10 20:00:00,N06,-0.1066,0.005072,4.3,-0.0097,0.000854,26.4,23.766971,86.410125
2026-04-10 21:00:00,N06,-0.1142,0.006869,9.37,-0.0111,0.000353,24.9,23.766971,86.410125
2026-04-10 22:00:00,N06,-0.2387,0.006874,9.17,-0.0105,9.3e-05,23.7,23.766971,86.410125
2026-04-10 23:00:00,N06,0.0956,0.007855,3.89,-0.0109,0.000611,22.9,23.766971,86.410125
2026-04-11 00:00:00,N06,-0.0701,0.007591,1.11,-0.0117,0.001027,24.0,23.766971,86.410125
2026-04-11 01:00:00,N06,-0.1544,0.005162,6.36,-0.0129,0.000732,24.2,23.766971,86.410125
2026-04-11 02:00:00,N06,-0.1242,0.006082,5.72,-0.0131,4.4e-05,25.0,23.766971,86.410125
2026-04-11 03:00:00,N06,0.0273,0.005676,2.4,-0.013,0.000144,26.2,23.766971,86.410125
2026-04-11 04:00:00,N06,0.0077,0.007492,8.74,-0.0134,0.000303,27.7,23.766971,86.410125
2026-04-11 05:00:00,N06,-0.2023,0.005192,1.58,-0.0124,0.006934,29.5,23.766971,86.410125
2026-04-11 06:00:00,N06,-0.2701,0.832331,47.89,0.0004,0.000236,31.5,23.766971,86.410125
2026-04-11 07:00:00,N06,-0.1961,0.005168,4.29,-0.0129,0.014437,33.4,23.766971,86.410125
2026-04-11 08:00:00,N06,-0.0772,0.890173,24.61,-0.0284,4.9e-05,35.2,23.766971,86.410125
2026-04-11 09:00:00,N06,0.255,0.007626,9.3,-0.013,0.007942,36.8,23.766971,86.410125
2026-04-11 10:00:00,N06,-0.1198,0.007452,6.37,-0.0126,0.000372,38.0,23.766971,86.410125
2026-04-11 11:00:00,N06,0.0744,0.005138,2.24,-0.0122,0.000281,38.7,23.766971,86.410125
2026-04-11 12:00:00,N06,0.0278,0.005106,1.35,-0.012,0.000326,39.0,23.766971,86.410125
2026-04-11 13:00:00,N06,0.1813,0.006374,4.9,-0.0116,0.000222,38.7,23.766971,86.410125
2026-04-11 14:00:00,N06,-0.065,0.007973,6.31,-0.0124,0.000946,38.0,23.766971,86.410125
2026-04-11 15:00:00,N06,0.1706,0.006934,9.21,-0.0135,0.000751,36.8,23.766971,86.410125
2026-04-11 16:00:00,N06,-0.0315,0.005511,2.27,-0.0139,0.005959,35.2,23.766971,86.410125
2026-04-11 17:00:00,N06,0.1683,0.966743,19.62,-0.0254,0.00564,33.4,23.766971,86.410125
2026-04-11 18:00:00,N06,-0.0178,0.699754,33.42,-0.0252,0.005927,31.5,23.766971,86.410125
2026-04-11 19:00:00,N06,-0.0038,0.006906,8.82,-0.0135,0.005689,29.5,23.766971,86.410125
2026-04-11 20:00:00,N06,-0.1282,0.005465,3.74,-0.0138,0.000317,27.7,23.766971,86.410125
2026-04-11 21:00:00,N06,-0.0347,0.006102,5.99,-0.0142,0.000252,26.2,23.766971,86.410125
2026-04-11 22:00:00,N06,0.0691,0.006259,5.7,-0.0143,0.000337,25.0,23.766971,86.410125
2026-04-11 23:00:00,N06,0.1416,0.005734,7.06,-0.0148,0.000291,24.2,23.766971,86.410125
2026-04-12 00:00:00,N06,0.1426,0.005385,2.06,-0.0138,9.4e-05,25.6,23.766971,86.410125
2026-04-12 01:00:00,N06,-0.2956,0.005445,1.86,-0.0147,0.000166,25.9,23.766971,86.410125
2026-04-12 02:00:00,N06,-0.3227,0.00597,3.1,-0.0141,0.000162,26.6,23.766971,86.410125
2026-04-12 03:00:00,N06,0.05,0.009792,2.75,-0.0143,2.1e-05,27.8,23.766971,86.410125
2026-04-12 04:00:00,N06,0.2273,0.00667,8.16,-0.014,5.7e-05,29.4,23.766971,86.410125
2026-04-12 05:00:00,N06,-0.1644,0.006095,8.72,-0.0142,8.5e-05,31.2,23.766971,86.410125
2026-04-12 06:00:00,N06,0.0275,0.006007,4.43,-0.0139,0.000492,33.1,23.766971,86.410125
2026-04-12 07:00:00,N06,-0.116,0.007172,9.6,-0.0132,0.000586,35.0,23.766971,86.410125
2026-04-12 08:00:00,N06,-0.1344,0.007427,6.85,-0.0127,0.007428,36.9,23.766971,86.410125
2026-04-12 09:00:00,N06,0.2965,0.746602,22.46,0.0016,0.000276,38.4,23.766971,86.410125
2026-04-12 10:00:00,N06,,,,,,,23.766971,86.410125
2026-04-12 11:00:00,N06,,,,,,,23.766971,86.410125
2026-04-12 12:00:00,N06,0.2799,0.005374,4.17,-0.0133,0.000576,40.6,23.766971,86.410125
2026-04-12 13:00:00,N06,-0.0364,0.006525,4.44,-0.0131,0.000272,40.3,23.766971,86.410125
2026-04-12 14:00:00,N06,0.2501,0.005139,9.67,-0.0128,0.000413,39.6,23.766971,86.410125
2026-04-12 15:00:00,N06,0.13,0.006392,7.03,-0.0123,0.0001,38.4,23.766971,86.410125
2026-04-12 16:00:00,N06,0.2123,0.008272,3.96,-0.013,0.000327,36.9,23.766971,86.410125
2026-04-12 17:00:00,N06,0.151,0.005197,1.91,-0.0129,0.000371,35.0,23.766971,86.410125
2026-04-12 18:00:00,N06,-0.0882,0.007498,4.98,-0.0122,0.000319,33.1,23.766971,86.410125
2026-04-12 19:00:00,N06,0.1407,0.006183,9.37,-0.0123,0.000392,31.2,23.766971,86.410125
2026-04-12 20:00:00,N06,0.0819,0.007611,9.25,-0.013,2e-05,29.4,23.766971,86.410125
2026-04-12 21:00:00,N06,0.0197,0.006493,9.07,-0.0123,0.00082,27.8,23.766971,86.410125
2026-04-12 22:00:00,N06,-0.0541,0.005469,8.91,-0.0114,9e-06,26.6,23.766971,86.410125
2026-04-12 23:00:00,N06,-0.172,0.005936,7.59,-0.0123,0.000333,25.9,23.766971,86.410125
2026-04-13 00:00:00,N06,-0.185,0.007087,4.81,-0.012,0.000781,23.9,23.766971,86.410125
2026-04-13 01:00:00,N06,0.0093,0.006905,7.19,-0.0108,0.000773,24.1,23.766971,86.410125
2026-04-13 02:00:00,N06,,,,,,,23.766971,86.410125
2026-04-13 03:00:00,N06,,,,,,,23.766971,86.410125
2026-04-13 04:00:00,N06,,,,,,,23.766971,86.410125
2026-04-13 05:00:00,N06,,,,,,,23.766971,86.410125
2026-04-13 06:00:00,N06,,,,,,,23.766971,86.410125
2026-04-13 07:00:00,N06,,,,,,,23.766971,86.410125
2026-04-13 08:00:00,N06,-0.0308,0.007293,5.34,-0.0081,0.000293,35.1,23.766971,86.410125
2026-04-13 09:00:00,N06,-0.0707,0.005682,3.16,-0.0086,0.000166,36.7,23.766971,86.410125
2026-04-13 10:00:00,N06,0.1884,0.007182,8.48,-0.0084,0.005011,37.9,23.766971,86.410125
2026-04-13 11:00:00,N06,-0.2528,0.516208,44.04,0.0014,0.00445,38.6,23.766971,86.410125
2026-04-13 12:00:00,N06,0.1219,0.662025,31.54,0.0005,0.000136,38.9,23.766971,86.410125
2026-04-13 13:00:00,N06,-0.0377,0.850742,21.95,0.0012,0.004221,38.6,23.766971,86.410125
2026-04-13 14:00:00,N06,-0.072,0.007936,3.61,-0.008,0.004683,37.9,23.766971,86.410125
2026-04-13 15:00:00,N06,-0.1421,0.005952,1.13,-0.0082,0.000211,36.7,23.766971,86.410125
2026-04-13 16:00:00,N06,0.075,0.007781,9.82,-0.0084,0.00973,35.1,23.766971,86.410125
2026-04-13 17:00:00,N06,0.092,0.671092,28.3,0.0113,0.00955,33.3,23.766971,86.410125
2026-04-13 18:00:00,N06,0.0964,0.748238,39.59,0.0107,0.009912,31.4,23.766971,86.410125
2026-04-13 19:00:00,N06,-0.0641,0.007807,1.36,-0.0086,0.009747,29.4,23.766971,86.410125
2026-04-13 20:00:00,N06,-0.0639,0.007249,4.69,-0.0088,0.000373,27.6,23.766971,86.410125
2026-04-13 21:00:00,N06,-0.1301,0.005799,7.85,-0.0093,0.00082,26.1,23.766971,86.410125
2026-04-13 22:00:00,N06,-0.0507,0.005718,6.5,-0.0104,0.001093,24.9,23.766971,86.410125
2026-04-13 23:00:00,N06,0.164,0.006661,3.51,-0.0115,0.000551,24.1,23.766971,86.410125
2026-04-14 00:00:00,N06,0.0675,0.00515,8.42,-0.0115,0.000114,27.6,23.766971,86.410125
2026-04-14 01:00:00,N06,0.0384,0.005165,9.91,-0.0117,0.000203,27.9,23.766971,86.410125
2026-04-14 02:00:00,N06,0.0194,0.007267,8.25,-0.0119,9e-06,28.6,23.766971,86.410125
2026-04-14 03:00:00,N06,0.0993,0.008083,5.86,-0.0117,9.3e-05,29.8,23.766971,86.410125
2026-04-14 04:00:00,N06,0.0303,0.005364,3.35,-0.0117,0.000247,31.4,23.766971,86.410125
2026-04-14 05:00:00,N06,0.1066,0.005997,9.11,-0.0122,0.009189,33.2,23.766971,86.410125
2026-04-14 06:00:00,N06,-0.1413,0.548694,20.16,0.0066,0.00321,35.1,23.766971,86.410125
2026-04-14 07:00:00,N06,-0.086,0.872098,26.54,-0.0186,0.012747,37.0,23.766971,86.410125
2026-04-14 08:00:00,N06,0.2755,0.924722,15.49,-0.0189,0.002888,38.9,23.766971,86.410125
2026-04-14 09:00:00,N06,-0.1355,0.008065,2.23,-0.0128,0.002753,40.4,23.766971,86.410125
2026-04-14 10:00:00,N06,,,,,,,23.766971,86.410125
2026-04-14 11:00:00,N06,,,,,,,23.766971,86.410125
2026-04-14 12:00:00,N06,,,,,,,23.766971,86.410125
2026-04-14 13:00:00,N06,,,,,,,23.766971,86.410125
2026-04-14 14:00:00,N06,0.17,0.005555,1.44,-0.0143,0.000122,41.6,23.766971,86.410125
2026-04-14 15:00:00,N06,-0.0564,0.005797,4.89,-0.0143,0.000163,40.4,23.766971,86.410125
2026-04-14 16:00:00,N06,0.104,0.008564,9.58,-0.0146,0.000229,38.9,23.766971,86.410125
2026-04-14 17:00:00,N06,0.0177,0.006216,3.95,-0.0147,0.000326,37.0,23.766971,86.410125
2026-04-14 18:00:00,N06,-0.062,0.005456,1.83,-0.0153,0.000126,35.1,23.766971,86.410125
2026-04-14 19:00:00,N06,0.0865,0.006242,3.57,-0.015,0.000137,33.2,23.766971,86.410125
2026-04-14 20:00:00,N06,-0.1057,0.006694,3.43,-0.0155,0.000296,31.4,23.766971,86.410125
2026-04-14 21:00:00,N06,-0.2588,0.006808,7.62,-0.0156,0.00028,29.8,23.766971,86.410125
2026-04-14 22:00:00,N06,-0.1072,0.005543,5.16,-0.015,5.3e-05,28.6,23.766971,86.410125
2026-04-14 23:00:00,N06,-0.1873,0.005637,2.16,-0.0157,1.3e-05,27.9,23.766971,86.410125
2026-04-15 00:00:00,N06,0.0133,0.007166,1.21,-0.015,0.000613,24.7,23.766971,86.410125
2026-04-15 01:00:00,N06,-0.1912,0.005358,7.08,-0.0144,0.000512,24.9,23.766971,86.410125
2026-04-15 02:00:00,N06,-0.0367,0.007863,7.23,-0.014,0.000181,25.7,23.766971,86.410125
2026-04-15 03:00:00,N06,-0.0905,0.005447,5.31,-0.0141,9.2e-05,26.9,23.766971,86.410125
2026-04-15 04:00:00,N06,0.1326,0.005951,6.93,-0.0142,0.000189,28.4,23.766971,86.410125
2026-04-15 05:00:00,N06,0.0361,0.008979,3.32,-0.0145,0.000224,30.2,23.766971,86.410125
2026-04-15 06:00:00,N06,0.0831,0.005169,5.41,-0.0146,8.8e-05,32.2,23.766971,86.410125
2026-04-15 07:00:00,N06,0.2133,0.007435,6.78,-0.0146,0.00445,34.1,23.766971,86.410125
2026-04-15 08:00:00,N06,-0.0289,0.540204,32.78,-0.0235,0.004704,35.9,23.766971,86.410125
2026-04-15 09:00:00,N06,-0.1024,0.546872,43.33,-0.024,0.003802,37.5,23.766971,86.410125
2026-04-15 10:00:00,N06,0.325,0.006841,4.87,-0.0159,0.00461,38.7,23.766971,86.410125
2026-04-15 11:00:00,N06,0.2822,0.008396,7.72,-0.0148,0.000667,39.4,23.766971,86.410125
2026-04-15 12:00:00,N06,0.0383,0.006488,1.15,-0.0146,7.1e-05,39.7,23.766971,86.410125
2026-04-15 13:00:00,N06,0.1234,0.005465,5.53,-0.015,0.000328,39.4,23.766971,86.410125
2026-04-15 14:00:00,N06,-0.2532,0.005427,7.6,-0.0152,6.6e-05,38.7,23.766971,86.410125
2026-04-15 15:00:00,N06,-0.066,0.005053,5.85,-0.0151,8.2e-05,37.5,23.766971,86.410125
2026-04-15 16:00:00,N06,-0.016,0.007545,4.1,-0.0151,0.000489,35.9,23.766971,86.410125
2026-04-15 17:00:00,N06,-0.2623,0.005612,1.18,-0.0141,0.000313,34.1,23.766971,86.410125
2026-04-15 18:00:00,N06,-0.1039,0.005606,3.95,-0.0144,0.000108,32.2,23.766971,86.410125
2026-04-15 19:00:00,N06,0.057,0.009406,5.64,-0.0143,0.000418,30.2,23.766971,86.410125
2026-04-15 20:00:00,N06,-0.1635,0.006239,1.88,-0.0136,0.000173,28.4,23.766971,86.410125
2026-04-15 21:00:00,N06,0.0609,0.006815,9.05,-0.014,0.000545,26.9,23.766971,86.410125
2026-04-15 22:00:00,N06,0.1203,0.007335,8.91,-0.0147,0.000172,25.7,23.766971,86.410125
2026-04-15 23:00:00,N06,-0.0354,0.005307,7.71,-0.0143,0.000175,24.9,23.766971,86.410125
2026-04-16 00:00:00,N06,-0.1264,0.006486,4.46,-0.015,0.000142,22.8,23.766971,86.410125
2026-04-16 01:00:00,N06,0.0205,0.006051,6.02,-0.014,0.000473,23.1,23.766971,86.410125
2026-04-16 02:00:00,N06,-0.0023,0.007751,8.92,-0.0141,0.000342,23.8,23.766971,86.410125
2026-04-16 03:00:00,N06,0.1815,0.006796,2.24,-0.0147,0.000518,25.0,23.766971,86.410125
2026-04-16 04:00:00,N06,0.1182,0.008357,5.56,-0.0151,5.2e-05,26.6,23.766971,86.410125
2026-04-16 05:00:00,N06,-0.0802,0.005743,8.62,-0.0148,0.000209,28.4,23.766971,86.410125
2026-04-16 06:00:00,N06,0.1443,0.006445,8.0,-0.0155,0.00013,30.3,23.766971,86.410125
2026-04-16 07:00:00,N06,0.0129,0.007843,2.97,-0.0151,0.000317,32.3,23.766971,86.410125
2026-04-16 08:00:00,N06,0.2709,0.005645,1.29,-0.0162,0.006996,34.1,23.766971,86.410125
2026-04-16 09:00:00,N06,-0.0808,0.639114,27.99,-0.0291,0.006242,35.6,23.766971,86.410125
2026-04-16 10:00:00,N06,0.1493,0.821357,28.31,-0.0287,0.007202,36.8,23.766971,86.410125
2026-04-16 11:00:00,N06,-0.2302,0.008362,3.22,-0.0147,0.007109,37.6,23.766971,86.410125
2026-04-16 12:00:00,N06,0.1543,0.005203,5.59,-0.0144,0.000137,37.8,23.766971,86.410125
2026-04-16 13:00:00,N06,0.1195,0.008022,3.77,-0.0144,0.000177,37.6,23.766971,86.410125
2026-04-16 14:00:00,N06,0.0682,0.007187,5.33,-0.0148,0.000147,36.8,23.766971,86.410125
2026-04-16 15:00:00,N06,-0.0397,0.006911,9.89,-0.0141,0.000145,35.6,23.766971,86.410125
2026-04-16 16:00:00,N06,0.0471,0.007777,9.65,-0.0151,0.000786,34.1,23.766971,86.410125
2026-04-16 17:00:00,N06,0.0219,0.00745,4.99,-0.0157,0.000574,32.3,23.766971,86.410125
2026-04-16 18:00:00,N06,-0.0247,0.007057,2.89,-0.0162,0.000119,30.3,23.766971,86.410125
2026-04-16 19:00:00,N06,0.1484,0.005969,5.62,-0.0154,0.000794,28.4,23.766971,86.410125
2026-04-16 20:00:00,N06,0.0494,0.006324,5.07,-0.0147,0.000746,26.6,23.766971,86.410125
2026-04-16 21:00:00,N06,-0.0516,0.005323,5.38,-0.0139,0.000351,25.0,23.766971,86.410125
2026-04-16 22:00:00,N06,-0.1488,0.005574,9.14,-0.0139,4.6e-05,23.8,23.766971,86.410125
2026-04-16 23:00:00,N06,-0.0815,0.0061,6.79,-0.014,0.000728,23.1,23.766971,86.410125
2026-04-17 00:00:00,N06,0.0181,0.006291,1.45,-0.0154,0.000653,20.4,23.766971,86.410125
2026-04-17 01:00:00,N06,-0.0597,0.005303,8.28,-0.0153,0.000128,20.6,23.766971,86.410125
2026-04-17 02:00:00,N06,0.2452,0.00574,5.92,-0.0151,0.000157,21.4,23.766971,86.410125
2026-04-17 03:00:00,N06,0.0131,0.00621,9.31,-0.015,6.4e-05,22.6,23.766971,86.410125
2026-04-17 04:00:00,N06,-0.2491,0.007062,9.49,-0.015,0.000144,24.1,23.766971,86.410125
2026-04-17 05:00:00,N06,0.0717,0.005729,1.13,-0.0147,0.000272,25.9,23.766971,86.410125
2026-04-17 06:00:00,N06,0.0192,0.006293,1.07,-0.0145,0.000679,27.9,23.766971,86.410125
2026-04-17 07:00:00,N06,-0.2497,0.007204,5.24,-0.0134,0.003257,29.8,23.766971,86.410125
2026-04-17 08:00:00,N06,-0.2471,0.992841,47.95,-0.021,0.006573,31.6,23.766971,86.410125
2026-04-17 09:00:00,N06,0.1982,0.97032,16.58,-0.0002,0.010334,33.2,23.766971,86.410125
2026-04-17 10:00:00,N06,0.1868,0.917694,45.14,-0.0003,0.007047,34.4,23.766971,86.410125
2026-04-17 11:00:00,N06,-0.0748,0.006234,7.03,-0.0143,0.007234,35.1,23.766971,86.410125
2026-04-17 12:00:00,N06,0.0012,0.005602,8.01,-0.0148,0.000275,35.4,23.766971,86.410125
2026-04-17 13:00:00,N06,0.0794,0.00519,9.49,-0.0149,8.2e-05,35.1,23.766971,86.410125
2026-04-17 14:00:00,N06,-0.0878,0.005144,7.95,-0.0146,3.8e-05,34.4,23.766971,86.410125
2026-04-17 15:00:00,N06,-0.2579,0.006416,3.99,-0.015,0.000206,33.2,23.766971,86.410125
2026-04-17 16:00:00,N06,0.0051,0.006556,2.98,-0.015,0.000485,31.6,23.766971,86.410125
2026-04-17 17:00:00,N06,-0.1142,0.005633,1.53,-0.014,0.000699,29.8,23.766971,86.410125
2026-04-17 18:00:00,N06,0.3108,0.005573,3.7,-0.0136,0.000142,27.9,23.766971,86.410125
2026-04-17 19:00:00,N06,-0.0316,0.006496,1.93,-0.0137,0.000235,25.9,23.766971,86.410125
2026-04-17 20:00:00,N06,-0.1344,0.005496,8.49,-0.0141,0.000109,24.1,23.766971,86.410125
2026-04-17 21:00:00,N06,0.2314,0.009442,3.82,-0.0139,1.4e-05,22.6,23.766971,86.410125
2026-04-17 22:00:00,N06,0.0972,0.006341,9.76,-0.0141,0.000463,21.4,23.766971,86.410125
2026-04-17 23:00:00,N06,-0.2534,0.007138,8.8,-0.0148,0.000304,20.6,23.766971,86.410125
2026-04-18 00:00:00,N06,-0.0092,0.006382,4.08,-0.0147,0.000101,24.8,23.766971,86.410125
2026-04-18 01:00:00,N06,0.0676,0.008523,4.74,-0.0146,0.000245,25.0,23.766971,86.410125
2026-04-18 02:00:00,N06,-0.072,0.008395,7.21,-0.0152,0.000188,25.8,23.766971,86.410125
2026-04-18 03:00:00,N06,0.0652,0.006739,6.5,-0.0143,0.000269,27.0,23.766971,86.410125
2026-04-18 04:00:00,N06,-0.055,0.005302,3.13,-0.0146,0.000242,28.5,23.766971,86.410125
2026-04-18 05:00:00,N06,-0.0027,0.00779,7.69,-0.0148,3.6e-05,30.3,23.766971,86.410125
2026-04-18 06:00:00,N06,0.0656,0.007207,4.0,-0.0147,0.000233,32.3,23.766971,86.410125
2026-04-18 07:00:00,N06,0.1009,0.005407,2.04,-0.0152,0.000434,34.2,23.766971,86.410125
2026-04-18 08:00:00,N06,0.0051,0.007826,8.32,-0.0156,0.000353,36.0,23.766971,86.410125
2026-04-18 09:00:00,N06,0.0424,0.005152,9.08,-0.0159,0.000431,37.6,23.766971,86.410125
2026-04-18 10:00:00,N06,0.0959,0.005742,2.61,-0.0164,0.0005,38.8,23.766971,86.410125
2026-04-18 11:00:00,N06,0.2313,0.007044,3.12,-0.0169,0.000108,39.5,23.766971,86.410125
2026-04-18 12:00:00,N06,-0.037,0.005269,6.42,-0.0162,0.005271,39.8,23.766971,86.410125
2026-04-18 13:00:00,N06,-0.136,0.659165,25.33,-0.0064,0.000577,39.5,23.766971,86.410125
2026-04-18 14:00:00,N06,0.3734,0.007867,3.9,-0.0174,0.005432,38.8,23.766971,86.410125
2026-04-18 15:00:00,N06,0.1713,0.005767,4.11,-0.0172,0.000315,37.6,23.766971,86.410125
2026-04-18 16:00:00,N06,-0.0248,0.005179,7.82,-0.0168,0.004438,36.0,23.766971,86.410125
2026-04-18 17:00:00,N06,-0.084,0.558467,19.0,-0.0084,0.00424,34.2,23.766971,86.410125
2026-04-18 18:00:00,N06,-0.3669,0.920804,32.95,-0.0083,0.004581,32.3,23.766971,86.410125
2026-04-18 19:00:00,N06,-0.0978,0.005769,9.14,-0.0175,0.004042,30.3,23.766971,86.410125
2026-04-18 20:00:00,N06,0.0624,0.005599,2.39,-0.0164,0.000674,28.5,23.766971,86.410125
2026-04-18 21:00:00,N06,0.1803,0.009207,3.13,-0.0162,0.000395,27.0,23.766971,86.410125
2026-04-18 22:00:00,N06,-0.0569,0.005406,8.07,-0.0156,4.7e-05,25.8,23.766971,86.410125
2026-04-18 23:00:00,N06,0.1454,0.007385,8.89,-0.0161,8.6e-05,25.0,23.766971,86.410125
2026-04-19 00:00:00,N06,-0.0298,0.009577,9.61,-0.0157,0.000188,28.6,23.766971,86.410125
2026-04-19 01:00:00,N06,0.1147,0.006195,4.03,-0.0157,0.000309,28.8,23.766971,86.410125
2026-04-19 02:00:00,N06,-0.0863,0.005048,9.6,-0.0164,0.000183,29.6,23.766971,86.410125
2026-04-19 03:00:00,N06,-0.018,0.005101,2.13,-0.0161,8.4e-05,30.8,23.766971,86.410125
2026-04-19 04:00:00,N06,-0.088,0.006709,7.12,-0.0165,0.000333,32.3,23.766971,86.410125
2026-04-19 05:00:00,N06,0.1717,0.005572,3.62,-0.0168,0.003416,34.1,23.766971,86.410125
2026-04-19 06:00:00,N06,-0.1082,0.899801,26.43,-0.0234,0.000249,36.1,23.766971,86.410125
2026-04-19 07:00:00,N06,0.1479,0.008198,1.1,-0.0163,0.003466,38.0,23.766971,86.410125
2026-04-19 08:00:00,N06,-0.0237,0.006823,6.63,-0.0164,4.4e-05,39.8,23.766971,86.410125
2026-04-19 09:00:00,N06,0.1966,0.005117,3.47,-0.0162,3.4e-05,41.4,23.766971,86.410125
2026-04-19 10:00:00,N06,0.1304,0.006399,4.86,-0.0164,0.000112,42.6,23.766971,86.410125
2026-04-19 11:00:00,N06,-0.1775,0.005672,1.19,-0.0159,0.000215,43.3,23.766971,86.410125
2026-04-19 12:00:00,N06,0.044,0.006312,2.3,-0.0159,1.4e-05,43.6,23.766971,86.410125
2026-04-19 13:00:00,N06,0.0609,0.006552,1.76,-0.0159,0.000137,43.3,23.766971,86.410125
2026-04-19 14:00:00,N06,,,,,,,23.766971,86.410125
2026-04-19 15:00:00,N06,-0.0388,0.007051,6.0,-0.0158,0.000252,41.4,23.766971,86.410125
2026-04-19 16:00:00,N06,0.073,0.006873,8.06,-0.0151,7.6e-05,39.8,23.766971,86.410125
2026-04-19 17:00:00,N06,0.1262,0.006092,3.21,-0.0156,0.000353,38.0,23.766971,86.410125
2026-04-19 18:00:00,N06,-0.001,0.005163,3.4,-0.0159,0.000656,36.1,23.766971,86.410125
2026-04-19 19:00:00,N06,0.2638,0.008179,9.83,-0.0169,0.000646,34.1,23.766971,86.410125
2026-04-19 20:00:00,N06,-0.0664,0.005442,7.97,-0.0171,8e-06,32.3,23.766971,86.410125
2026-04-19 21:00:00,N06,0.1203,0.00561,7.75,-0.0169,0.000175,30.8,23.766971,86.410125
2026-04-19 22:00:00,N06,0.0679,0.006393,1.12,-0.0168,0.000161,29.6,23.766971,86.410125
2026-04-19 23:00:00,N06,0.0068,0.006943,8.37,-0.0173,0.000257,28.8,23.766971,86.410125
2026-04-20 00:00:00,N06,-0.181,0.006222,5.19,-0.0173,0.000135,26.0,23.766971,86.410125
2026-04-20 01:00:00,N06,-0.0633,0.005996,5.59,-0.017,8.8e-05,26.2,23.766971,86.410125
2026-04-20 02:00:00,N06,0.0934,0.00755,7.98,-0.0171,7.7e-05,27.0,23.766971,86.410125
2026-04-20 03:00:00,N06,-0.2285,0.009362,1.15,-0.0168,0.000243,28.2,23.766971,86.410125
2026-04-20 04:00:00,N06,,,,,,,23.766971,86.410125
2026-04-20 05:00:00,N06,,,,,,,23.766971,86.410125
2026-04-20 06:00:00,N06,0.1904,0.006593,3.56,-0.0167,9.1e-05,33.5,23.766971,86.410125
2026-04-20 07:00:00,N06,-0.1726,0.00553,1.14,-0.0168,0.000177,35.4,23.766971,86.410125
2026-04-20 08:00:00,N06,,,,,,,23.766971,86.410125
2026-04-20 09:00:00,N06,,,,,,,23.766971,86.410125
2026-04-20 10:00:00,N06,,,,,,,23.766971,86.410125
2026-04-20 11:00:00,N06,,,,,,,23.766971,86.410125
2026-04-20 12:00:00,N06,,,,,,,23.766971,86.410125
2026-04-20 13:00:00,N06,0.1935,0.005928,6.75,-0.017,1.1e-05,40.7,23.766971,86.410125
2026-04-20 14:00:00,N06,-0.1915,0.007271,6.52,-0.0161,0.00743,40.0,23.766971,86.410125
2026-04-20 15:00:00,N06,,,,,,,23.766971,86.410125
2026-04-20 16:00:00,N06,,,,,,,23.766971,86.410125
2026-04-20 17:00:00,N06,,,,,,,23.766971,86.410125
2026-04-20 18:00:00,N06,0.2203,0.006557,4.51,-0.0171,0.000485,33.5,23.766971,86.410125
2026-04-20 19:00:00,N06,-0.1704,0.008428,7.17,-0.0169,0.000563,31.6,23.766971,86.410125
2026-04-20 20:00:00,N06,-0.1126,0.011475,6.3,-0.016,0.000437,29.7,23.766971,86.410125
2026-04-20 21:00:00,N06,0.0534,0.007787,1.81,-0.0161,0.000151,28.2,23.766971,86.410125
2026-04-20 22:00:00,N06,-0.1945,0.007891,8.79,-0.0163,0.000516,27.0,23.766971,86.410125
2026-04-20 23:00:00,N06,0.0391,0.006282,4.1,-0.0171,0.000509,26.2,23.766971,86.410125
2026-04-21 00:00:00,N06,0.1303,0.010489,8.71,-0.0173,2.8e-05,27.2,23.766971,86.410125
2026-04-21 01:00:00,N06,-0.3835,0.006378,4.46,-0.0171,9.6e-05,27.5,23.766971,86.410125
2026-04-21 02:00:00,N06,-0.0956,0.00503,5.43,-0.0171,0.000163,28.2,23.766971,86.410125
2026-04-21 03:00:00,N06,0.2327,0.005775,9.23,-0.0168,8.7e-05,29.4,23.766971,86.410125
2026-04-21 04:00:00,N06,-0.2666,0.006618,3.24,-0.0173,0.000154,31.0,23.766971,86.410125
2026-04-21 05:00:00,N06,-0.0062,0.005305,7.21,-0.0171,0.000164,32.8,23.766971,86.410125
2026-04-21 06:00:00,N06,-0.0298,0.00646,9.63,-0.0169,7e-05,34.7,23.766971,86.410125
2026-04-21 07:00:00,N06,0.2653,0.007906,6.47,-0.0173,0.00768,36.7,23.766971,86.410125
2026-04-21 08:00:00,N06,0.0654,0.506251,47.21,-0.0323,0.014225,38.5,23.766971,86.410125
2026-04-21 09:00:00,N06,0.2268,0.696085,39.36,-0.0457,0.000743,40.0,23.766971,86.410125
2026-04-21 10:00:00,N06,0.2549,0.981491,27.84,-0.0308,0.014675,41.2,23.766971,86.410125
2026-04-21 11:00:00,N06,-0.0255,0.006033,9.41,-0.0164,0.006959,42.0,23.766971,86.410125
2026-04-21 12:00:00,N06,0.164,0.005644,1.02,-0.0169,4.4e-05,42.2,23.766971,86.410125
2026-04-21 13:00:00,N06,-0.1572,0.007414,8.58,-0.0165,0.000544,42.0,23.766971,86.410125
2026-04-21 14:00:00,N06,-0.1558,0.007205,3.0,-0.0158,0.000246,41.2,23.766971,86.410125
2026-04-21 15:00:00,N06,0.1354,0.005527,4.38,-0.016,0.000124,40.0,23.766971,86.410125
2026-04-21 16:00:00,N06,-0.0311,0.005941,1.44,-0.0156,0.000171,38.5,23.766971,86.410125
2026-04-21 17:00:00,N06,,,,,,,23.766971,86.410125
2026-04-21 18:00:00,N06,-0.0207,0.007797,5.75,-0.0164,0.000455,34.7,23.766971,86.410125
2026-04-21 19:00:00,N06,-0.0617,0.005329,1.33,-0.0165,0.000254,32.8,23.766971,86.410125
2026-04-21 20:00:00,N06,-0.0871,0.005756,1.36,-0.0159,0.000123,31.0,23.766971,86.410125
2026-04-21 21:00:00,N06,0.0093,0.005769,3.74,-0.0163,0.000276,29.4,23.766971,86.410125
2026-04-21 22:00:00,N06,,,,,,,23.766971,86.410125
2026-04-21 23:00:00,N06,,,,,,,23.766971,86.410125
2026-04-22 00:00:00,N06,,,,,,,23.766971,86.410125
2026-04-22 01:00:00,N06,,,,,,,23.766971,86.410125
2026-04-22 02:00:00,N06,,,,,,,23.766971,86.410125
2026-04-22 03:00:00,N06,,,,,,,23.766971,86.410125
2026-04-22 04:00:00,N06,-0.1468,0.005604,5.27,-0.0176,0.000108,28.1,23.766971,86.410125
2026-04-22 05:00:00,N06,0.2361,0.007391,1.37,-0.0174,0.000294,29.9,23.766971,86.410125
2026-04-22 06:00:00,N06,-0.0778,0.006497,5.53,-0.0182,0.000158,31.8,23.766971,86.410125
2026-04-22 07:00:00,N06,-0.0364,0.006977,5.86,-0.0177,0.000402,33.8,23.766971,86.410125
2026-04-22 08:00:00,N06,0.1534,0.007727,9.7,-0.0174,4.8e-05,35.6,23.766971,86.410125
2026-04-22 09:00:00,N06,,,,,,,23.766971,86.410125
2026-04-22 10:00:00,N06,,,,,,,23.766971,86.410125
2026-04-22 11:00:00,N06,,,,,,,23.766971,86.410125
2026-04-22 12:00:00,N06,,,,,,,23.766971,86.410125
2026-04-22 13:00:00,N06,,,,,,,23.766971,86.410125
2026-04-22 14:00:00,N06,-0.1206,0.880372,17.85,-0.0251,9.2e-05,38.3,23.766971,86.410125
2026-04-22 15:00:00,N06,0.1032,0.007292,2.45,-0.0178,0.003681,37.1,23.766971,86.410125
2026-04-22 16:00:00,N06,0.1244,0.005479,5.29,-0.0178,5e-06,35.6,23.766971,86.410125
2026-04-22 17:00:00,N06,0.0992,0.005309,9.48,-0.0178,5.9e-05,33.8,23.766971,86.410125
2026-04-22 18:00:00,N06,0.104,0.006327,3.05,-0.0179,3.7e-05,31.8,23.766971,86.410125
2026-04-22 19:00:00,N06,-0.1063,0.009349,1.44,-0.0178,0.000182,29.9,23.766971,86.410125
2026-04-22 20:00:00,N06,0.1666,0.006798,7.17,-0.0175,3.1e-05,28.1,23.766971,86.410125
2026-04-22 21:00:00,N06,-0.0913,0.00576,9.62,-0.0178,8.7e-05,26.5,23.766971,86.410125
2026-04-22 22:00:00,N06,-0.0698,0.005531,8.02,-0.0174,0.000657,25.3,23.766971,86.410125
2026-04-22 23:00:00,N06,-0.0369,0.005709,5.45,-0.0165,0.000568,24.6,23.766971,86.410125
2026-04-23 00:00:00,N06,0.1262,0.005017,2.43,-0.0162,5.5e-05,24.0,23.766971,86.410125
2026-04-23 01:00:00,N06,0.0981,0.006183,5.15,-0.0166,0.000148,24.3,23.766971,86.410125
2026-04-23 02:00:00,N06,-0.1482,0.007122,5.07,-0.0165,8.3e-05,25.0,23.766971,86.410125
2026-04-23 03:00:00,N06,0.1515,0.006606,8.62,-0.0165,0.00075,26.2,23.766971,86.410125
2026-04-23 04:00:00,N06,-0.2339,0.00674,8.27,-0.015,0.000463,27.8,23.766971,86.410125
2026-04-23 05:00:00,N06,0.2849,0.006506,8.74,-0.0155,0.004906,29.6,23.766971,86.410125
2026-04-23 06:00:00,N06,-0.026,0.949015,44.65,-0.0052,0.005378,31.5,23.766971,86.410125
2026-04-23 07:00:00,N06,0.0399,0.653213,41.61,-0.0048,0.004619,33.4,23.766971,86.410125
2026-04-23 08:00:00,N06,-0.1323,0.007562,1.49,-0.0144,0.004821,35.3,23.766971,86.410125
2026-04-23 09:00:00,N06,-0.2385,0.006241,8.55,-0.0144,3.7e-05,36.8,23.766971,86.410125
2026-04-23 10:00:00,N06,0.1098,0.005277,7.73,-0.0145,0.000219,38.0,23.766971,86.410125
2026-04-23 11:00:00,N06,-0.1217,0.007823,5.65,-0.014,3.9e-05,38.7,23.766971,86.410125
2026-04-23 12:00:00,N06,-0.1883,0.007654,9.54,-0.0144,0.000486,39.0,23.766971,86.410125
2026-04-23 13:00:00,N06,-0.0129,0.00707,2.01,-0.015,3.7e-05,38.7,23.766971,86.410125
2026-04-23 14:00:00,N06,-0.033,0.006298,4.98,-0.0145,0.000264,38.0,23.766971,86.410125
2026-04-23 15:00:00,N06,0.0733,0.005122,7.11,-0.0144,0.000408,36.8,23.766971,86.410125
2026-04-23 16:00:00,N06,-0.1263,0.006885,9.19,-0.0137,0.000302,35.3,23.766971,86.410125
2026-04-23 17:00:00,N06,-0.06,0.005608,2.3,-0.0138,4.4e-05,33.4,23.766971,86.410125
2026-04-23 18:00:00,N06,-0.2104,0.005287,6.4,-0.0136,6.1e-05,31.5,23.766971,86.410125
2026-04-23 19:00:00,N06,-0.2119,0.005507,9.46,-0.0139,4.8e-05,29.6,23.766971,86.410125
2026-04-23 20:00:00,N06,-0.2238,0.006509,9.78,-0.0137,0.00015,27.8,23.766971,86.410125
2026-04-23 21:00:00,N06,0.0193,0.008465,2.65,-0.0136,0.000106,26.2,23.766971,86.410125
2026-04-23 22:00:00,N06,0.0583,0.009144,1.11,-0.0139,5.5e-05,25.0,23.766971,86.410125
2026-04-23 23:00:00,N06,-0.1067,0.005312,1.35,-0.0138,0.000293,24.3,23.766971,86.410125
2026-04-24 00:00:00,N06,0.2832,0.007277,3.07,-0.0133,0.000515,26.1,23.766971,86.410125
2026-04-24 01:00:00,N06,-0.0811,0.005755,2.72,-0.0127,0.000694,26.4,23.766971,86.410125
2026-04-24 02:00:00,N06,0.3087,0.005901,5.85,-0.0119,0.000753,27.1,23.766971,86.410125
2026-04-24 03:00:00,N06,0.1541,0.00644,3.12,-0.0112,0.000637,28.3,23.766971,86.410125
2026-04-24 04:00:00,N06,0.0863,0.006562,6.19,-0.0107,0.000195,29.9,23.766971,86.410125
2026-04-24 05:00:00,N06,0.0689,0.006149,6.24,-0.0116,0.000883,31.7,23.766971,86.410125
2026-04-24 06:00:00,N06,-0.0285,0.005682,2.75,-0.0124,0.000401,33.6,23.766971,86.410125
2026-04-24 07:00:00,N06,-0.2489,0.009791,3.8,-0.0124,0.000453,35.5,23.766971,86.410125
2026-04-24 08:00:00,N06,0.089,0.006218,5.93,-0.0133,0.00063,37.4,23.766971,86.410125
2026-04-24 09:00:00,N06,0.176,0.005686,7.21,-0.0137,0.006162,38.9,23.766971,86.410125
2026-04-24 10:00:00,N06,0.0949,0.90737,42.82,-0.001,0.006292,40.1,23.766971,86.410125
2026-04-24 11:00:00,N06,0.288,0.951209,41.6,-0.0011,0.006636,40.8,23.766971,86.410125
2026-04-24 12:00:00,N06,-0.053,0.007619,3.09,-0.0143,0.006296,41.1,23.766971,86.410125
2026-04-24 13:00:00,N06,0.0129,0.010379,8.68,-0.0137,0.000243,40.8,23.766971,86.410125
2026-04-24 14:00:00,N06,0.1418,0.006398,3.97,-0.0138,0.000433,40.1,23.766971,86.410125
2026-04-24 15:00:00,N06,,,,,,,23.766971,86.410125
2026-04-24 16:00:00,N06,,,,,,,23.766971,86.410125
2026-04-24 17:00:00,N06,,,,,,,23.766971,86.410125
2026-04-24 18:00:00,N06,,,,,,,23.766971,86.410125
2026-04-24 19:00:00,N06,,,,,,,23.766971,86.410125
2026-04-24 20:00:00,N06,0.0229,0.005585,5.57,-0.0165,0.000232,29.9,23.766971,86.410125
2026-04-24 21:00:00,N06,-0.012,0.008263,9.59,-0.0166,9.9e-05,28.3,23.766971,86.410125
2026-04-24 22:00:00,N06,0.0094,0.006757,6.03,-0.0167,0.000131,27.1,23.766971,86.410125
2026-04-24 23:00:00,N06,-0.1943,0.007254,2.35,-0.0164,0.000209,26.4,23.766971,86.410125
2026-04-25 00:00:00,N06,-0.1064,0.00598,1.93,-0.0162,3.7e-05,23.2,23.766971,86.410125
2026-04-25 01:00:00,N06,0.0169,0.005104,4.6,-0.0163,0.000175,23.4,23.766971,86.410125
2026-04-25 02:00:00,N06,-0.2791,0.006634,1.38,-0.0159,0.000333,24.2,23.766971,86.410125
2026-04-25 03:00:00,N06,-0.0567,0.006777,5.59,-0.0156,0.000386,25.3,23.766971,86.410125
2026-04-25 04:00:00,N06,-0.0476,0.006513,2.13,-0.0151,0.000509,26.9,23.766971,86.410125
2026-04-25 05:00:00,N06,-0.1473,0.008692,3.87,-0.0146,0.000222,28.7,23.766971,86.410125
2026-04-25 06:00:00,N06,-0.0593,0.00717,6.93,-0.0147,0.0001,30.7,23.766971,86.410125
2026-04-25 07:00:00,N06,0.2491,0.00768,9.65,-0.0148,0.00014,32.6,23.766971,86.410125
2026-04-25 08:00:00,N06,0.3584,0.007086,7.19,-0.015,0.000192,34.4,23.766971,86.410125
2026-04-25 09:00:00,N06,-0.1856,0.006497,8.72,-0.0152,0.003464,36.0,23.766971,86.410125
2026-04-25 10:00:00,N06,0.0397,0.595402,47.34,-0.0219,0.003555,37.1,23.766971,86.410125
2026-04-25 11:00:00,N06,0.1305,0.608047,20.65,-0.0223,0.002955,37.9,23.766971,86.410125
2026-04-25 12:00:00,N06,0.2542,0.006435,5.32,-0.016,0.003367,38.2,23.766971,86.410125
2026-04-25 13:00:00,N06,0.1102,0.005929,6.05,-0.0156,0.000185,37.9,23.766971,86.410125
2026-04-25 14:00:00,N06,0.0971,0.006953,2.24,-0.0156,0.000231,37.1,23.766971,86.410125
2026-04-25 15:00:00,N06,0.0995,0.005272,3.2,-0.0151,1.3e-05,36.0,23.766971,86.410125
2026-04-25 16:00:00,N06,-0.0833,0.006066,4.28,-0.0156,0.000696,34.4,23.766971,86.410125
2026-04-25 17:00:00,N06,,,,,,,23.766971,86.410125
2026-04-25 18:00:00,N06,-0.209,0.006587,7.45,-0.0164,0.000563,30.7,23.766971,86.410125
2026-04-25 19:00:00,N06,-0.0887,0.005319,9.7,-0.0154,0.000762,28.7,23.766971,86.410125
2026-04-25 20:00:00,N06,-0.1063,0.007305,6.34,-0.0149,0.000459,26.9,23.766971,86.410125
2026-04-25 21:00:00,N06,0.3006,0.005957,5.4,-0.0145,0.000251,25.3,23.766971,86.410125
2026-04-25 22:00:00,N06,0.1425,0.008171,5.2,-0.0144,0.000468,24.2,23.766971,86.410125
2026-04-25 23:00:00,N06,0.0296,0.005647,6.41,-0.0154,0.000451,23.4,23.766971,86.410125
2026-04-26 00:00:00,N06,0.0684,0.006434,6.38,-0.0153,2.2e-05,27.0,23.766971,86.410125
2026-04-26 01:00:00,N06,-0.1608,0.008485,1.12,-0.0154,0.000348,27.3,23.766971,86.410125
2026-04-26 02:00:00,N06,-0.1059,0.005414,1.05,-0.016,6e-05,28.0,23.766971,86.410125
2026-04-26 03:00:00,N06,0.1945,0.007575,6.09,-0.0152,0.000496,29.2,23.766971,86.410125
2026-04-26 04:00:00,N06,-0.1187,0.006873,3.29,-0.015,0.000434,30.8,23.766971,86.410125
2026-04-26 05:00:00,N06,,,,,,,23.766971,86.410125
2026-04-26 06:00:00,N06,0.1152,0.006584,9.71,-0.0139,0.008338,34.5,23.766971,86.410125
2026-04-26 07:00:00,N06,0.0547,0.793594,25.26,-0.0311,0.000114,36.5,23.766971,86.410125
2026-04-26 08:00:00,N06,-0.1335,0.006897,6.83,-0.0141,0.008244,38.3,23.766971,86.410125
2026-04-26 09:00:00,N06,-0.2263,0.006121,4.86,-0.0146,0.000206,39.8,23.766971,86.410125
2026-04-26 10:00:00,N06,0.0488,0.006799,4.84,-0.0145,0.000549,41.0,23.766971,86.410125
2026-04-26 11:00:00,N06,0.0567,0.006841,6.7,-0.0135,0.000943,41.8,23.766971,86.410125
2026-04-26 12:00:00,N06,0.2692,0.005717,9.77,-0.0126,0.006953,42.0,23.766971,86.410125
2026-04-26 13:00:00,N06,0.2596,0.550329,34.71,0.0004,0.006653,41.8,23.766971,86.410125
2026-04-26 14:00:00,N06,-0.2128,0.557283,18.05,0.0007,0.006559,41.0,23.766971,86.410125
2026-04-26 15:00:00,N06,-0.1141,0.005752,9.24,-0.0127,0.007011,39.8,23.766971,86.410125
2026-04-26 16:00:00,N06,0.0538,0.005127,8.99,-0.0134,0.003385,38.3,23.766971,86.410125
2026-04-26 17:00:00,N06,-0.1377,0.900988,38.7,-0.0059,0.000124,36.5,23.766971,86.410125
2026-04-26 18:00:00,N06,-0.0244,0.00586,5.79,-0.0136,0.003704,34.5,23.766971,86.410125
2026-04-26 19:00:00,N06,-0.0516,0.005453,7.07,-0.0133,0.000138,32.6,23.766971,86.410125
2026-04-26 20:00:00,N06,-0.0974,0.006168,1.52,-0.0133,0.000575,30.8,23.766971,86.410125
2026-04-26 21:00:00,N06,-0.1555,0.005481,9.42,-0.0122,0.000656,29.2,23.766971,86.410125
2026-04-26 22:00:00,N06,0.0482,0.00583,3.94,-0.012,6.7e-05,28.0,23.766971,86.410125
2026-04-26 23:00:00,N06,0.0525,0.005778,8.59,-0.0123,0.000412,27.3,23.766971,86.410125
2026-04-27 00:00:00,N06,-0.0622,0.005882,6.15,-0.0128,0.00054,25.4,23.766971,86.410125
2026-04-27 01:00:00,N06,0.1252,0.005178,1.66,-0.0134,0.000211,25.7,23.766971,86.410125
2026-04-27 02:00:00,N06,-0.1959,0.006357,5.67,-0.0133,0.000243,26.4,23.766971,86.410125
2026-04-27 03:00:00,N06,0.086,0.005832,8.08,-0.0129,0.000149,27.6,23.766971,86.410125
2026-04-27 04:00:00,N06,0.2163,0.0067,6.61,-0.013,0.000187,29.1,23.766971,86.410125
2026-04-27 05:00:00,N06,-0.1709,0.005062,5.68,-0.0133,0.000245,31.0,23.766971,86.410125
2026-04-27 06:00:00,N06,-0.0469,0.007405,3.12,-0.0125,0.000418,32.9,23.766971,86.410125
2026-04-27 07:00:00,N06,,,,,,,23.766971,86.410125
2026-04-27 08:00:00,N06,,,,,,,23.766971,86.410125
2026-04-27 09:00:00,N06,,,,,,,23.766971,86.410125
2026-04-27 10:00:00,N06,,,,,,,23.766971,86.410125
2026-04-27 11:00:00,N06,,,,,,,23.766971,86.410125
2026-04-27 12:00:00,N06,0.1105,0.005603,6.27,-0.0141,0.005482,40.4,23.766971,86.410125
2026-04-27 13:00:00,N06,-0.159,0.823779,36.47,-0.0246,0.005647,40.1,23.766971,86.410125
2026-04-27 14:00:00,N06,-0.2048,0.516358,42.58,-0.0254,0.004631,39.4,23.766971,86.410125
2026-04-27 15:00:00,N06,-0.0312,0.00527,8.89,-0.0154,0.005018,38.2,23.766971,86.410125
2026-04-27 16:00:00,N06,-0.2111,0.005167,6.47,-0.0154,0.000397,36.6,23.766971,86.410125
2026-04-27 17:00:00,N06,0.1769,0.007162,9.12,-0.0146,0.000535,34.8,23.766971,86.410125
2026-04-27 18:00:00,N06,0.0943,0.005779,2.15,-0.0143,0.000251,32.9,23.766971,86.410125
2026-04-27 19:00:00,N06,-0.3083,0.005669,3.05,-0.0151,0.000681,31.0,23.766971,86.410125
2026-04-27 20:00:00,N06,0.058,0.007236,7.59,-0.0156,0.000588,29.1,23.766971,86.410125
2026-04-27 21:00:00,N06,0.1796,0.006901,5.79,-0.0163,0.00019,27.6,23.766971,86.410125
2026-04-27 22:00:00,N06,0.0016,0.005234,9.46,-0.0153,0.000421,26.4,23.766971,86.410125
2026-04-27 23:00:00,N06,-0.2047,0.005513,5.42,-0.0154,0.00011,25.7,23.766971,86.410125
2026-04-28 00:00:00,N06,-0.053,0.005785,6.04,-0.015,0.000398,30.4,23.766971,86.410125
2026-04-28 01:00:00,N06,-0.0788,0.005786,6.12,-0.0146,2e-06,30.7,23.766971,86.410125
2026-04-28 02:00:00,N06,0.1319,0.005681,5.4,-0.0151,0.000303,31.4,23.766971,86.410125
2026-04-28 03:00:00,N06,0.307,0.005801,7.98,-0.0152,7e-05,32.6,23.766971,86.410125
2026-04-28 04:00:00,N06,-0.0934,0.006468,3.49,-0.0149,0.00046,34.2,23.766971,86.410125
2026-04-28 05:00:00,N06,-0.1314,0.005583,1.14,-0.0161,0.000451,36.0,23.766971,86.410125
2026-04-28 06:00:00,N06,-0.1092,0.007335,8.01,-0.0158,0.008693,37.9,23.766971,86.410125
2026-04-28 07:00:00,N06,0.0367,0.690874,23.83,0.0012,2.3e-05,39.8,23.766971,86.410125
2026-04-28 08:00:00,N06,0.1587,0.006674,9.7,-0.0158,0.008171,41.7,23.766971,86.410125
2026-04-28 09:00:00,N06,0.2591,0.005912,2.65,-0.0151,0.000588,43.2,23.766971,86.410125
2026-04-28 10:00:00,N06,0.2837,0.009759,5.1,-0.0146,0.006378,44.4,23.766971,86.410125
2026-04-28 11:00:00,N06,-0.1706,0.909629,49.3,-0.0279,0.006564,45.1,23.766971,86.410125
2026-04-28 12:00:00,N06,-0.0676,0.868672,44.21,-0.0277,0.006976,45.4,23.766971,86.410125
2026-04-28 13:00:00,N06,0.0094,0.007562,3.06,-0.0139,0.007425,45.1,23.766971,86.410125
2026-04-28 14:00:00,N06,0.1392,0.006009,7.21,-0.0129,0.000753,44.4,23.766971,86.410125
2026-04-28 15:00:00,N06,0.1001,0.008254,3.03,-0.0124,0.007485,43.2,23.766971,86.410125
2026-04-28 16:00:00,N06,0.0641,0.982646,31.16,-0.0278,0.007565,41.7,23.766971,86.410125
2026-04-28 17:00:00,N06,,,,,,,23.766971,86.410125
2026-04-28 18:00:00,N06,,,,,,,23.766971,86.410125
2026-04-28 19:00:00,N06,,,,,,,23.766971,86.410125
2026-04-28 20:00:00,N06,,,,,,,23.766971,86.410125
2026-04-28 21:00:00,N06,,,,,,,23.766971,86.410125
2026-04-28 22:00:00,N06,,,,,,,23.766971,86.410125
2026-04-28 23:00:00,N06,0.4238,0.00791,1.8,-0.0142,0.000354,30.7,23.766971,86.410125
2026-04-29 00:00:00,N06,0.0035,0.005914,7.7,-0.014,0.000443,26.0,23.766971,86.410125
2026-04-29 01:00:00,N06,0.1105,0.007278,3.01,-0.0133,6.4e-05,26.3,23.766971,86.410125
2026-04-29 02:00:00,N06,0.2444,0.005764,9.12,-0.0141,9.6e-05,27.0,23.766971,86.410125
2026-04-29 03:00:00,N06,0.0089,0.005827,2.48,-0.0135,0.000126,28.2,23.766971,86.410125
2026-04-29 04:00:00,N06,-0.1347,0.007679,7.95,-0.0139,0.000206,29.8,23.766971,86.410125
2026-04-29 05:00:00,N06,-0.0496,0.005224,3.52,-0.0139,0.000231,31.6,23.766971,86.410125
2026-04-29 06:00:00,N06,-0.1984,0.00568,5.66,-0.0134,0.000527,33.5,23.766971,86.410125
2026-04-29 07:00:00,N06,0.1637,0.005898,5.98,-0.0129,0.000653,35.5,23.766971,86.410125
2026-04-29 08:00:00,N06,,,,,,,23.766971,86.410125
2026-04-29 09:00:00,N06,,,,,,,23.766971,86.410125
2026-04-29 10:00:00,N06,,,,,,,23.766971,86.410125
2026-04-29 11:00:00,N06,,,,,,,23.766971,86.410125
2026-04-29 12:00:00,N06,-0.0333,0.005753,6.25,-0.0131,0.008664,41.0,23.766971,86.410125
2026-04-29 13:00:00,N06,0.1399,0.007915,2.71,-0.0135,0.000385,40.8,23.766971,86.410125
2026-04-29 14:00:00,N06,0.1507,0.00925,8.16,-0.0138,0.000444,40.0,23.766971,86.410125
2026-04-29 15:00:00,N06,-0.0974,0.007198,2.12,-0.0144,0.000696,38.8,23.766971,86.410125
2026-04-29 16:00:00,N06,0.1451,0.006531,7.0,-0.0152,0.000586,37.3,23.766971,86.410125
2026-04-29 17:00:00,N06,-0.0462,0.006812,8.1,-0.0156,1.3e-05,35.5,23.766971,86.410125
2026-04-29 18:00:00,N06,0.2448,0.006582,4.0,-0.0153,0.000341,33.5,23.766971,86.410125
2026-04-29 19:00:00,N06,0.1984,0.006007,5.9,-0.0149,0.000283,31.6,23.766971,86.410125
2026-04-29 20:00:00,N06,0.0485,0.005729,2.11,-0.0147,0.000435,29.8,23.766971,86.410125
2026-04-29 21:00:00,N06,-0.1083,0.00712,8.81,-0.014,0.00014,28.2,23.766971,86.410125
2026-04-29 22:00:00,N06,,,,,,,23.766971,86.410125
2026-04-29 23:00:00,N06,,,,,,,23.766971,86.410125
2026-04-30 00:00:00,N06,0.0891,0.006185,3.28,-0.0149,0.000155,25.4,23.766971,86.410125
2026-04-30 01:00:00,N06,0.0526,0.008321,7.08,-0.0151,0.000348,25.7,23.766971,86.410125
2026-04-30 02:00:00,N06,0.036,0.00644,7.84,-0.0142,0.000218,26.4,23.766971,86.410125
2026-04-30 03:00:00,N06,-0.0091,0.006341,8.15,-0.0147,0.000341,27.6,23.766971,86.410125
2026-04-30 04:00:00,N06,-0.1534,0.008642,2.84,-0.0149,0.00027,29.2,23.766971,86.410125
2026-04-30 05:00:00,N06,0.0006,0.006162,7.39,-0.0142,0.000294,31.0,23.766971,86.410125
2026-04-30 06:00:00,N06,-0.1651,0.007292,1.56,-0.0143,0.000139,32.9,23.766971,86.410125
2026-04-30 07:00:00,N06,0.0428,0.006241,1.41,-0.0144,0.000603,34.9,23.766971,86.410125
2026-04-30 08:00:00,N06,-0.2507,0.005496,6.68,-0.0155,0.000617,36.7,23.766971,86.410125
2026-04-30 09:00:00,N06,0.0469,0.006947,6.89,-0.0157,0.006226,38.2,23.766971,86.410125
2026-04-30 10:00:00,N06,0.0075,0.998081,21.37,-0.028,0.006018,39.4,23.766971,86.410125
2026-04-30 11:00:00,N06,-0.0587,0.720008,20.53,-0.0277,0.005587,40.2,23.766971,86.410125
2026-04-30 12:00:00,N06,0.1087,0.007213,7.58,-0.0168,0.000341,40.4,23.766971,86.410125
2026-04-30 13:00:00,N06,0.1224,0.799092,16.74,-0.027,0.000255,40.2,23.766971,86.410125
2026-04-30 14:00:00,N06,-0.102,0.005766,3.79,-0.0173,0.004877,39.4,23.766971,86.410125
2026-04-30 15:00:00,N06,0.2823,0.005172,3.43,-0.0173,0.005354,38.2,23.766971,86.410125
2026-04-30 16:00:00,N06,,,,,,,23.766971,86.410125
2026-04-30 17:00:00,N06,,,,,,,23.766971,86.410125
2026-04-30 18:00:00,N06,,,,,,,23.766971,86.410125
2026-04-30 19:00:00,N06,0.1162,0.007764,3.07,-0.0165,0.00036,31.0,23.766971,86.410125
2026-04-30 20:00:00,N06,0.3533,0.006967,1.97,-0.0167,9.4e-05,29.2,23.766971,86.410125
2026-04-30 21:00:00,N06,-0.2294,0.006724,1.93,-0.0163,0.000334,27.6,23.766971,86.410125
2026-04-30 22:00:00,N06,-0.061,0.006814,5.03,-0.0161,0.00035,26.4,23.766971,86.410125
2026-04-30 23:00:00,N06,-0.0837,0.005089,7.11,-0.017,0.000291,25.7,23.766971,86.410125
2026-05-01 00:00:00,N06,-0.1032,0.008428,2.74,-0.0167,3.8e-05,23.7,23.766971,86.410125
2026-05-01 01:00:00,N06,0.0509,0.00664,2.87,-0.017,0.000557,24.0,23.766971,86.410125
2026-05-01 02:00:00,N06,0.0718,0.006049,3.84,-0.0178,0.000362,24.7,23.766971,86.410125
2026-05-01 03:00:00,N06,0.07,0.005857,9.05,-0.0178,0.000385,25.9,23.766971,86.410125
2026-05-01 04:00:00,N06,-0.1659,0.006666,7.95,-0.017,0.000207,27.5,23.766971,86.410125
2026-05-01 05:00:00,N06,-0.1066,0.008421,4.06,-0.0174,0.002353,29.3,23.766971,86.410125
2026-05-01 06:00:00,N06,0.2801,0.668751,44.94,-0.0217,0.002342,31.2,23.766971,86.410125
2026-05-01 07:00:00,N06,0.1523,0.95123,22.21,-0.022,0.002032,33.2,23.766971,86.410125
2026-05-01 08:00:00,N06,-0.2862,0.009464,7.73,-0.0176,0.00213,35.0,23.766971,86.410125
2026-05-01 09:00:00,N06,0.188,0.007208,8.92,-0.0178,0.000147,36.5,23.766971,86.410125
2026-05-01 10:00:00,N06,-0.0658,0.008262,8.57,-0.0179,0.000327,37.7,23.766971,86.410125
2026-05-01 11:00:00,N06,0.1453,0.007478,5.61,-0.0184,0.002816,38.5,23.766971,86.410125
2026-05-01 12:00:00,N06,0.0493,0.695975,26.87,-0.0236,0.002755,38.7,23.766971,86.410125
2026-05-01 13:00:00,N06,0.0621,0.520285,20.38,-0.0239,0.009671,38.5,23.766971,86.410125
2026-05-01 14:00:00,N06,0.268,0.819615,37.67,-0.0042,0.002783,37.7,23.766971,86.410125
2026-05-01 15:00:00,N06,-0.3097,0.007281,7.05,-0.0184,0.007368,36.5,23.766971,86.410125
2026-05-01 16:00:00,N06,-0.0459,0.005615,6.99,-0.019,0.000312,35.0,23.766971,86.410125
2026-05-01 17:00:00,N06,0.1912,0.008776,2.58,-0.019,0.00037,33.2,23.766971,86.410125
2026-05-01 18:00:00,N06,0.1062,0.005666,6.64,-0.0182,6.6e-05,31.2,23.766971,86.410125
2026-05-01 19:00:00,N06,-0.2235,0.005769,9.25,-0.0191,0.000548,29.3,23.766971,86.410125
2026-05-01 20:00:00,N06,0.0123,0.005334,3.13,-0.0193,0.000213,27.5,23.766971,86.410125
2026-05-01 21:00:00,N06,0.0787,0.006878,3.93,-0.0196,0.000669,25.9,23.766971,86.410125
2026-05-01 22:00:00,N06,0.1174,0.005736,5.11,-0.0207,0.000454,24.7,23.766971,86.410125
2026-05-01 23:00:00,N06,-0.172,0.006197,8.79,-0.0205,0.000292,24.0,23.766971,86.410125
2026-05-02 00:00:00,N06,0.0169,0.005518,2.1,-0.0201,8.2e-05,25.3,23.766971,86.410125
2026-05-02 01:00:00,N06,-0.2091,0.008016,5.38,-0.0203,6e-05,25.6,23.766971,86.410125
2026-05-02 02:00:00,N06,-0.1208,0.005453,4.08,-0.0202,0.000173,26.3,23.766971,86.410125
2026-05-02 03:00:00,N06,0.018,0.007675,5.31,-0.0206,0.000307,27.5,23.766971,86.410125
2026-05-02 04:00:00,N06,-0.0222,0.009255,5.06,-0.0208,5.5e-05,29.0,23.766971,86.410125
2026-05-02 05:00:00,N06,-0.2272,0.005493,9.35,-0.0208,0.00023,30.9,23.766971,86.410125
2026-05-02 06:00:00,N06,-0.1962,0.007493,2.62,-0.0203,0.000379,32.8,23.766971,86.410125
2026-05-02 07:00:00,N06,0.0853,0.006483,2.64,-0.02,0.00048,34.7,23.766971,86.410125
2026-05-02 08:00:00,N06,0.1776,0.006816,9.14,-0.0194,0.000264,36.5,23.766971,86.410125
2026-05-02 09:00:00,N06,-0.2653,0.005113,9.37,-0.0195,0.000378,38.1,23.766971,86.410125
2026-05-02 10:00:00,N06,0.0232,0.007222,2.03,-0.0186,0.000491,39.3,23.766971,86.410125
2026-05-02 11:00:00,N06,0.1544,0.007976,6.91,-0.0185,0.000189,40.0,23.766971,86.410125
2026-05-02 12:00:00,N06,0.1695,0.005564,8.22,-0.019,0.000152,40.3,23.766971,86.410125
2026-05-02 13:00:00,N06,0.1459,0.007815,1.08,-0.0188,0.009671,40.0,23.766971,86.410125
2026-05-02 14:00:00,N06,-0.0554,0.531626,24.97,-0.0383,0.006623,39.3,23.766971,86.410125
2026-05-02 15:00:00,N06,-0.1931,0.941376,36.68,-0.032,0.009726,38.1,23.766971,86.410125
2026-05-02 16:00:00,N06,-0.2528,0.007773,1.91,-0.0189,0.006516,36.5,23.766971,86.410125
2026-05-02 17:00:00,N06,0.3494,0.006127,6.23,-0.019,3.6e-05,34.7,23.766971,86.410125
2026-05-02 18:00:00,N06,0.0951,0.006203,4.36,-0.0188,0.000103,32.8,23.766971,86.410125
2026-05-02 19:00:00,N06,0.1636,0.008676,1.48,-0.0188,7e-05,30.9,23.766971,86.410125
2026-05-02 20:00:00,N06,0.0597,0.008806,7.81,-0.019,4e-06,29.0,23.766971,86.410125
2026-05-02 21:00:00,N06,0.0648,0.006791,9.89,-0.0188,0.000331,27.5,23.766971,86.410125
2026-05-02 22:00:00,N06,0.1729,0.007057,5.44,-0.0183,0.000493,26.3,23.766971,86.410125
2026-05-02 23:00:00,N06,-0.1376,0.007281,5.66,-0.0178,0.000572,25.6,23.766971,86.410125
2026-05-03 00:00:00,N06,0.0448,0.005151,9.8,-0.0172,0.000697,25.4,23.766971,86.410125
2026-05-03 01:00:00,N06,-0.1291,0.008218,9.03,-0.0164,9e-06,25.7,23.766971,86.410125
2026-05-03 02:00:00,N06,-0.0738,0.0051,9.48,-0.0171,0.00024,26.4,23.766971,86.410125
2026-05-03 03:00:00,N06,-0.1657,0.006039,3.52,-0.0169,6.8e-05,27.6,23.766971,86.410125
2026-05-03 04:00:00,N06,-0.0147,0.00726,9.52,-0.017,0.000359,29.2,23.766971,86.410125
2026-05-03 05:00:00,N06,-0.1597,0.00543,9.45,-0.0162,6.8e-05,31.0,23.766971,86.410125
2026-05-03 06:00:00,N06,0.2464,0.005675,2.99,-0.0169,0.005383,32.9,23.766971,86.410125
2026-05-03 07:00:00,N06,0.2502,0.574298,47.01,-0.0269,0.00022,34.9,23.766971,86.410125
2026-05-03 08:00:00,N06,0.0035,0.005517,4.94,-0.0173,0.004747,36.7,23.766971,86.410125
2026-05-03 09:00:00,N06,-0.0315,0.006888,3.35,-0.0174,0.000392,38.2,23.766971,86.410125
2026-05-03 10:00:00,N06,0.0443,0.005526,8.97,-0.0181,0.000345,39.4,23.766971,86.410125
2026-05-03 11:00:00,N06,0.1184,0.008109,3.17,-0.0181,0.000452,40.2,23.766971,86.410125
2026-05-03 12:00:00,N06,-0.0683,0.006763,6.5,-0.0172,0.000566,40.4,23.766971,86.410125
2026-05-03 13:00:00,N06,0.2458,0.005009,7.45,-0.017,2.8e-05,40.2,23.766971,86.410125
2026-05-03 14:00:00,N06,0.1037,0.00626,5.23,-0.0172,0.000152,39.4,23.766971,86.410125
2026-05-03 15:00:00,N06,-0.4006,0.006696,5.16,-0.0173,0.007422,38.2,23.766971,86.410125
2026-05-03 16:00:00,N06,0.0509,0.7513,16.04,-0.0024,8.3e-05,36.7,23.766971,86.410125
2026-05-03 17:00:00,N06,0.1227,0.005982,1.67,-0.0171,0.007446,34.9,23.766971,86.410125
2026-05-03 18:00:00,N06,-0.1216,0.005233,8.18,-0.0173,0.000131,32.9,23.766971,86.410125
2026-05-03 19:00:00,N06,0.1351,0.006072,7.84,-0.0169,0.00094,31.0,23.766971,86.410125
2026-05-03 20:00:00,N06,0.1243,0.006247,2.48,-0.0154,0.000636,29.2,23.766971,86.410125
2026-05-03 21:00:00,N06,0.2107,0.005251,5.47,-0.0156,0.000372,27.6,23.766971,86.410125
2026-05-03 22:00:00,N06,-0.2831,0.005745,9.53,-0.0162,0.000489,26.4,23.766971,86.410125
2026-05-03 23:00:00,N06,-0.1709,0.006462,3.78,-0.0166,0.000481,25.7,23.766971,86.410125
2026-05-04 00:00:00,N06,-0.0934,0.010083,3.36,-0.0171,0.000231,22.3,23.766971,86.410125
2026-05-04 01:00:00,N06,0.0884,0.005334,5.17,-0.0171,0.000293,22.5,23.766971,86.410125
2026-05-04 02:00:00,N06,0.0648,0.007333,8.76,-0.0165,0.000172,23.3,23.766971,86.410125
2026-05-04 03:00:00,N06,-0.0304,0.007342,1.99,-0.0174,0.000563,24.5,23.766971,86.410125
2026-05-04 04:00:00,N06,-0.1696,0.008058,7.75,-0.0177,0.000364,26.0,23.766971,86.410125
2026-05-04 05:00:00,N06,0.0131,0.007772,8.56,-0.0181,0.000267,27.8,23.766971,86.410125
2026-05-04 06:00:00,N06,-0.3849,0.011751,1.11,-0.0182,0.000292,29.8,23.766971,86.410125
2026-05-04 07:00:00,N06,,,,,,,23.766971,86.410125
2026-05-04 08:00:00,N06,,,,,,,23.766971,86.410125
2026-05-04 09:00:00,N06,-0.1519,0.005748,9.29,-0.019,0.004885,35.1,23.766971,86.410125
2026-05-04 10:00:00,N06,0.2024,0.007176,9.03,-0.0189,0.000121,36.3,23.766971,86.410125
2026-05-04 11:00:00,N06,-0.1956,0.006105,7.96,-0.0188,0.000435,37.0,23.766971,86.410125
2026-05-04 12:00:00,N06,,,,,,,23.766971,86.410125
2026-05-04 13:00:00,N06,,,,,,,23.766971,86.410125
2026-05-04 14:00:00,N06,-0.2631,0.007095,2.49,-0.0201,0.000493,36.3,23.766971,86.410125
2026-05-04 15:00:00,N06,-0.2787,0.006863,6.8,-0.0203,0.000265,35.1,23.766971,86.410125
2026-05-04 16:00:00,N06,-0.2552,0.005389,4.65,-0.0206,0.007587,33.5,23.766971,86.410125
2026-05-04 17:00:00,N06,-0.024,0.933051,47.57,-0.0051,0.000456,31.7,23.766971,86.410125
2026-05-04 18:00:00,N06,-0.0395,0.005727,3.79,-0.0197,0.006928,29.8,23.766971,86.410125
2026-05-04 19:00:00,N06,-0.1243,0.005819,1.62,-0.019,0.000705,27.8,23.766971,86.410125
2026-05-04 20:00:00,N06,0.0599,0.007973,1.59,-0.0183,0.000537,26.0,23.766971,86.410125
2026-05-04 21:00:00,N06,-0.0922,0.006812,5.42,-0.0179,0.000185,24.5,23.766971,86.410125
2026-05-04 22:00:00,N06,-0.1154,0.007801,4.37,-0.0179,8e-05,23.3,23.766971,86.410125
2026-05-04 23:00:00,N06,0.1668,0.006805,6.71,-0.018,5.3e-05,22.5,23.766971,86.410125
2026-05-05 00:00:00,N06,0.0554,0.005124,8.29,-0.018,0.000147,25.1,23.766971,86.410125
2026-05-05 01:00:00,N06,-0.2967,0.006817,8.75,-0.0177,4.3e-05,25.4,23.766971,86.410125
2026-05-05 02:00:00,N06,0.1132,0.007374,6.18,-0.0181,2.3e-05,26.2,23.766971,86.410125
2026-05-05 03:00:00,N06,0.2263,0.00659,8.95,-0.0178,0.000471,27.3,23.766971,86.410125
2026-05-05 04:00:00,N06,-0.0282,0.006093,7.29,-0.0172,0.000693,28.9,23.766971,86.410125
2026-05-05 05:00:00,N06,-0.214,0.005008,8.23,-0.0164,0.000333,30.7,23.766971,86.410125
2026-05-05 06:00:00,N06,-0.1051,0.007325,2.11,-0.0165,0.000246,32.6,23.766971,86.410125
2026-05-05 07:00:00,N06,-0.009,0.006997,6.97,-0.0169,0.007218,34.6,23.766971,86.410125
2026-05-05 08:00:00,N06,,,,,,,23.766971,86.410125
2026-05-05 09:00:00,N06,,,,,,,23.766971,86.410125
2026-05-05 10:00:00,N06,,,,,,,23.766971,86.410125
2026-05-05 11:00:00,N06,0.1493,0.006595,6.35,-0.0175,0.000192,39.9,23.766971,86.410125
2026-05-05 12:00:00,N06,0.1898,0.005592,7.55,-0.0169,7.7e-05,40.1,23.766971,86.410125
2026-05-05 13:00:00,N06,0.0148,0.005903,6.32,-0.0174,0.000525,39.9,23.766971,86.410125
2026-05-05 14:00:00,N06,-0.2074,0.007505,8.49,-0.018,0.000184,39.1,23.766971,86.410125
2026-05-05 15:00:00,N06,-0.077,0.005021,5.91,-0.0178,0.00516,38.0,23.766971,86.410125
2026-05-05 16:00:00,N06,-0.0512,0.768357,41.64,-0.0283,0.00509,36.4,23.766971,86.410125
2026-05-05 17:00:00,N06,,,,,,,23.766971,86.410125
2026-05-05 18:00:00,N06,-0.1982,0.00696,7.8,-0.0166,0.005464,32.6,23.766971,86.410125
2026-05-05 19:00:00,N06,-0.319,0.005843,1.55,-0.017,1e-05,30.7,23.766971,86.410125
2026-05-05 20:00:00,N06,-0.0772,0.008719,2.75,-0.0166,7.8e-05,28.9,23.766971,86.410125
2026-05-05 21:00:00,N06,-0.1736,0.006156,2.55,-0.0172,0.000357,27.3,23.766971,86.410125
2026-05-05 22:00:00,N06,-0.163,0.007121,1.39,-0.0173,0.000262,26.2,23.766971,86.410125
2026-05-05 23:00:00,N06,-0.0288,0.005233,3.48,-0.0166,6.6e-05,25.4,23.766971,86.410125
2026-05-06 00:00:00,N06,0.4176,0.007456,2.38,-0.0172,0.000185,22.2,23.766971,86.410125
2026-05-06 01:00:00,N06,0.0513,0.006222,7.21,-0.017,7.4e-05,22.5,23.766971,86.410125
2026-05-06 02:00:00,N06,0.1272,0.006958,6.82,-0.017,0.000379,23.2,23.766971,86.410125
2026-05-06 03:00:00,N06,-0.1617,0.010315,9.17,-0.0178,0.000757,24.4,23.766971,86.410125
2026-05-06 04:00:00,N06,0.1274,0.007816,5.57,-0.0185,0.000409,26.0,23.766971,86.410125
2026-05-06 05:00:00,N06,-0.1195,0.006619,5.87,-0.0186,8.5e-05,27.8,23.766971,86.410125
2026-05-06 06:00:00,N06,0.3075,0.006656,9.99,-0.0187,0.000143,29.7,23.766971,86.410125
2026-05-06 07:00:00,N06,-0.0005,0.007218,7.48,-0.0183,0.000271,31.7,23.766971,86.410125
2026-05-06 08:00:00,N06,0.2324,0.005647,2.38,-0.0181,0.004373,33.5,23.766971,86.410125
2026-05-06 09:00:00,N06,-0.2687,0.522176,37.64,-0.027,0.004785,35.0,23.766971,86.410125
2026-05-06 10:00:00,N06,-0.1529,0.783322,29.71,-0.0277,0.003511,36.2,23.766971,86.410125
2026-05-06 11:00:00,N06,0.0038,0.007245,1.3,-0.02,0.003791,37.0,23.766971,86.410125
2026-05-06 12:00:00,N06,-0.0319,0.00539,8.45,-0.0201,0.000185,37.2,23.766971,86.410125
2026-05-06 13:00:00,N06,-0.1844,0.006357,4.74,-0.0197,0.000692,37.0,23.766971,86.410125
2026-05-06 14:00:00,N06,-0.0737,0.012291,3.76,-0.0188,0.000607,36.2,23.766971,86.410125
2026-05-06 15:00:00,N06,-0.0006,0.00511,6.36,-0.0184,0.000278,35.0,23.766971,86.410125
2026-05-06 16:00:00,N06,0.1372,0.007424,2.59,-0.0182,0.000223,33.5,23.766971,86.410125
2026-05-06 17:00:00,N06,-0.0568,0.005136,3.43,-0.0189,2.1e-05,31.7,23.766971,86.410125
2026-05-06 18:00:00,N06,-0.1074,0.009732,7.56,-0.0182,0.000173,29.7,23.766971,86.410125
2026-05-06 19:00:00,N06,-0.1163,0.00529,2.25,-0.0192,0.000115,27.8,23.766971,86.410125
2026-05-06 20:00:00,N06,0.0441,0.006254,5.39,-0.0185,0.000508,26.0,23.766971,86.410125
2026-05-06 21:00:00,N06,-0.1747,0.006062,5.95,-0.0182,6.8e-05,24.4,23.766971,86.410125
2026-05-06 22:00:00,N06,-0.1437,0.006167,8.22,-0.0183,0.000499,23.2,23.766971,86.410125
2026-05-06 23:00:00,N06,,,,,,,23.766971,86.410125
2026-05-07 00:00:00,N06,0.1392,0.008112,1.63,-0.0191,3.7e-05,23.8,23.766971,86.410125
2026-05-07 01:00:00,N06,0.1319,0.005157,7.89,-0.0191,0.000251,24.1,23.766971,86.410125
2026-05-07 02:00:00,N06,0.042,0.005481,8.52,-0.0186,0.000244,24.8,23.766971,86.410125
2026-05-07 03:00:00,N06,-0.0326,0.007082,2.53,-0.0187,1.1e-05,26.0,23.766971,86.410125
2026-05-07 04:00:00,N06,-0.0763,0.006878,7.36,-0.0186,0.000276,27.6,23.766971,86.410125
2026-05-07 05:00:00,N06,0.2099,0.007409,8.68,-0.0181,0.000627,29.4,23.766971,86.410125
2026-05-07 06:00:00,N06,0.0975,0.00763,4.17,-0.0174,0.000162,31.3,23.766971,86.410125
2026-05-07 07:00:00,N06,0.0461,0.005429,4.64,-0.0178,0.000633,33.2,23.766971,86.410125
2026-05-07 08:00:00,N06,-0.1228,0.00694,4.26,-0.0186,0.004188,35.1,23.766971,86.410125
2026-05-07 09:00:00,N06,-0.2246,0.835338,35.37,-0.0262,0.004207,36.6,23.766971,86.410125
2026-05-07 10:00:00,N06,0.056,0.649428,16.59,-0.0271,0.00373,37.8,23.766971,86.410125
2026-05-07 11:00:00,N06,-0.1591,0.006383,3.1,-0.0187,0.001377,38.6,23.766971,86.410125
2026-05-07 12:00:00,N06,0.0785,0.715431,26.81,-0.0298,0.005618,38.8,23.766971,86.410125
2026-05-07 13:00:00,N06,-0.2475,0.718329,46.98,-0.0299,0.005393,38.6,23.766971,86.410125
2026-05-07 14:00:00,N06,-0.1231,0.006622,3.53,-0.019,0.000823,37.8,23.766971,86.410125
2026-05-07 15:00:00,N06,-0.2938,0.501192,20.81,-0.0283,0.004473,36.6,23.766971,86.410125
2026-05-07 16:00:00,N06,0.2931,0.884382,15.79,-0.028,0.004489,35.1,23.766971,86.410125
2026-05-07 17:00:00,N06,,,,,,,23.766971,86.410125
2026-05-07 18:00:00,N06,,,,,,,23.766971,86.410125
2026-05-07 19:00:00,N06,-0.0444,0.006099,2.84,-0.0206,0.000445,29.4,23.766971,86.410125
2026-05-07 20:00:00,N06,0.0016,0.006146,7.7,-0.021,0.000307,27.6,23.766971,86.410125
2026-05-07 21:00:00,N06,0.1673,0.006011,2.99,-0.0212,0.000163,26.0,23.766971,86.410125
2026-05-07 22:00:00,N06,0.0347,0.006788,1.76,-0.0213,0.000181,24.8,23.766971,86.410125
2026-05-07 23:00:00,N06,-0.1583,0.005598,1.69,-0.0216,1.5e-05,24.1,23.766971,86.410125
2026-05-08 00:00:00,N06,0.0871,0.007593,6.55,-0.0214,0.000106,24.5,23.766971,86.410125
2026-05-08 01:00:00,N06,0.2248,0.005142,7.74,-0.0214,0.000474,24.8,23.766971,86.410125
2026-05-08 02:00:00,N06,-0.2918,0.007003,5.03,-0.0204,0.000526,25.5,23.766971,86.410125
2026-05-08 03:00:00,N06,-0.003,0.009821,9.83,-0.0203,0.000265,26.7,23.766971,86.410125
2026-05-08 04:00:00,N06,-0.0131,0.005124,7.39,-0.0199,0.000428,28.3,23.766971,86.410125
2026-05-08 05:00:00,N06,-0.1313,0.006409,5.25,-0.0194,0.000253,30.1,23.766971,86.410125
2026-05-08 06:00:00,N06,0.0797,0.00794,5.52,-0.0194,0.000122,32.0,23.766971,86.410125
2026-05-08 07:00:00,N06,-0.1545,0.006399,1.91,-0.0197,0.000209,33.9,23.766971,86.410125
2026-05-08 08:00:00,N06,-0.1614,0.007262,3.92,-0.0198,0.00014,35.8,23.766971,86.410125
2026-05-08 09:00:00,N06,-0.0881,0.005993,3.08,-0.0194,8.6e-05,37.3,23.766971,86.410125
2026-05-08 10:00:00,N06,-0.0478,0.00802,1.47,-0.02,0.000327,38.5,23.766971,86.410125
2026-05-08 11:00:00,N06,0.2275,0.005564,4.47,-0.0201,0.000104,39.2,23.766971,86.410125
2026-05-08 12:00:00,N06,-0.0849,0.005428,2.36,-0.0202,0.002921,39.5,23.766971,86.410125
2026-05-08 13:00:00,N06,-0.027,0.543587,27.55,-0.0259,0.000268,39.2,23.766971,86.410125
2026-05-08 14:00:00,N06,-0.1937,0.005388,9.28,-0.0196,0.003146,38.5,23.766971,86.410125
2026-05-08 15:00:00,N06,0.16,0.005262,7.68,-0.0196,0.000391,37.3,23.766971,86.410125
2026-05-08 16:00:00,N06,0.1449,0.007578,4.44,-0.0204,0.000192,35.8,23.766971,86.410125
2026-05-08 17:00:00,N06,0.2222,0.008985,1.02,-0.02,0.00017,33.9,23.766971,86.410125
2026-05-08 18:00:00,N06,-0.0135,0.005053,5.76,-0.0201,0.000589,32.0,23.766971,86.410125
2026-05-08 19:00:00,N06,0.0623,0.005763,5.21,-0.0212,0.000794,30.1,23.766971,86.410125
2026-05-08 20:00:00,N06,-0.1073,0.00867,2.14,-0.0217,4.5e-05,28.3,23.766971,86.410125
2026-05-08 21:00:00,N06,0.1636,0.005177,2.37,-0.0211,0.000148,26.7,23.766971,86.410125
2026-05-08 22:00:00,N06,,,,,,,23.766971,86.410125
2026-05-08 23:00:00,N06,,,,,,,23.766971,86.410125
2026-05-09 00:00:00,N06,,,,,,,23.766971,86.410125
2026-05-09 01:00:00,N06,,,,,,,23.766971,86.410125
2026-05-09 02:00:00,N06,-0.1871,0.008396,8.24,-0.0218,0.000131,27.7,23.766971,86.410125
2026-05-09 03:00:00,N06,0.0038,0.007507,6.32,-0.0221,0.000287,28.9,23.766971,86.410125
2026-05-09 04:00:00,N06,-0.0069,0.005688,6.4,-0.0224,0.000245,30.5,23.766971,86.410125
2026-05-09 05:00:00,N06,-0.1447,0.006144,4.34,-0.0216,0.000378,32.3,23.766971,86.410125
2026-05-09 06:00:00,N06,-0.1444,0.007285,8.43,-0.0216,0.000172,34.2,23.766971,86.410125
2026-05-09 07:00:00,N06,0.1497,0.006614,2.5,-0.0213,0.000697,36.2,23.766971,86.410125
2026-05-09 08:00:00,N06,0.03,0.005626,3.85,-0.0202,0.000735,38.0,23.766971,86.410125
2026-05-09 09:00:00,N06,-0.0538,0.006493,9.08,-0.0198,0.005842,39.5,23.766971,86.410125
2026-05-09 10:00:00,N06,-0.0699,0.914349,43.22,-0.0319,0.006186,40.7,23.766971,86.410125
2026-05-09 11:00:00,N06,-0.0793,0.96672,23.72,-0.0322,0.00589,41.5,23.766971,86.410125
2026-05-09 12:00:00,N06,0.0665,0.007353,8.65,-0.0201,0.00604,41.7,23.766971,86.410125
2026-05-09 13:00:00,N06,0.1256,0.007446,2.26,-0.0201,0.000223,41.5,23.766971,86.410125
2026-05-09 14:00:00,N06,0.1563,0.00643,3.15,-0.0197,8.6e-05,40.7,23.766971,86.410125
2026-05-09 15:00:00,N06,0.1035,0.006798,6.4,-0.0203,0.000511,39.5,23.766971,86.410125
2026-05-09 16:00:00,N06,0.1684,0.008049,7.83,-0.0207,0.000492,38.0,23.766971,86.410125
2026-05-09 17:00:00,N06,-0.1556,0.006355,7.31,-0.0213,8.4e-05,36.2,23.766971,86.410125
2026-05-09 18:00:00,N06,-0.0453,0.006811,7.81,-0.0209,0.000493,34.2,23.766971,86.410125
2026-05-09 19:00:00,N06,0.0021,0.005633,1.77,-0.0203,0.000648,32.3,23.766971,86.410125
2026-05-09 20:00:00,N06,0.1512,0.008062,9.25,-0.0196,0.000243,30.5,23.766971,86.410125
2026-05-09 21:00:00,N06,0.0199,0.009105,3.02,-0.0198,2.6e-05,28.9,23.766971,86.410125
2026-05-09 22:00:00,N06,0.35,0.009167,2.4,-0.0196,1.4e-05,27.7,23.766971,86.410125
2026-05-09 23:00:00,N06,0.2367,0.006237,6.46,-0.0198,0.000263,27.0,23.766971,86.410125
2026-05-10 00:00:00,N06,-0.1299,0.005633,8.96,-0.0201,0.000361,23.3,23.766971,86.410125
2026-05-10 01:00:00,N06,0.0886,0.00897,2.78,-0.0205,6.6e-05,23.6,23.766971,86.410125
2026-05-10 02:00:00,N06,-0.2644,0.006455,8.69,-0.0203,0.000688,24.3,23.766971,86.410125
2026-05-10 03:00:00,N06,,,,,,,23.766971,86.410125
2026-05-10 04:00:00,N06,,,,,,,23.766971,86.410125
2026-05-10 05:00:00,N06,,,,,,,23.766971,86.410125
2026-05-10 06:00:00,N06,,,,,,,23.766971,86.410125
2026-05-10 07:00:00,N06,,,,,,,23.766971,86.410125
2026-05-10 08:00:00,N06,-0.2172,0.00811,3.57,-0.0229,0.000371,34.6,23.766971,86.410125
2026-05-10 09:00:00,N06,0.1485,0.005713,8.8,-0.0227,0.000163,36.1,23.766971,86.410125
2026-05-10 10:00:00,N06,-0.0666,0.005336,6.68,-0.0226,0.008555,37.3,23.766971,86.410125
2026-05-10 11:00:00,N06,-0.1484,0.86349,30.03,-0.0398,4.1e-05,38.1,23.766971,86.410125
2026-05-10 12:00:00,N06,-0.0057,0.00638,8.88,-0.0227,0.003409,38.3,23.766971,86.410125
2026-05-10 13:00:00,N06,-0.0417,0.722402,35.87,-0.033,0.00049,38.1,23.766971,86.410125
2026-05-10 14:00:00,N06,0.238,0.005061,6.52,-0.0217,0.005716,37.3,23.766971,86.410125
2026-05-10 15:00:00,N06,-0.3881,0.005416,8.79,-0.0216,5.2e-05,36.1,23.766971,86.410125
2026-05-10 16:00:00,N06,-0.1319,0.007238,1.42,-0.0218,0.006034,34.6,23.766971,86.410125
2026-05-10 17:00:00,N06,-0.1404,0.50265,44.17,-0.0095,0.005897,32.8,23.766971,86.410125
2026-05-10 18:00:00,N06,-0.1146,0.619595,43.71,-0.01,0.006204,30.8,23.766971,86.410125
2026-05-10 19:00:00,N06,0.0358,0.005756,3.48,-0.0219,0.00594,28.9,23.766971,86.410125
2026-05-10 20:00:00,N06,-0.0178,0.005729,7.79,-0.0219,0.000241,27.1,23.766971,86.410125
2026-05-10 21:00:00,N06,0.043,0.006841,3.73,-0.0224,0.00017,25.5,23.766971,86.410125
2026-05-10 22:00:00,N06,-0.3052,0.007327,9.52,-0.0216,0.000674,24.3,23.766971,86.410125
2026-05-10 23:00:00,N06,0.1348,0.005772,2.21,-0.021,0.00025,23.6,23.766971,86.410125
2026-05-11 00:00:00,N06,-0.2372,0.008554,4.41,-0.0211,0.00039,26.4,23.766971,86.410125
2026-05-11 01:00:00,N06,-0.0583,0.005494,3.86,-0.0203,0.000493,26.7,23.766971,86.410125
2026-05-11 02:00:00,N06,0.0744,0.008611,9.82,-0.0201,0.000567,27.4,23.766971,86.410125
2026-05-11 03:00:00,N06,0.0289,0.007271,7.1,-0.0191,0.000483,28.6,23.766971,86.410125
2026-05-11 04:00:00,N06,-0.2162,0.006284,3.96,-0.0191,1.2e-05,30.2,23.766971,86.410125
2026-05-11 05:00:00,N06,-0.2269,0.005584,2.92,-0.0191,5.3e-05,32.0,23.766971,86.410125
2026-05-11 06:00:00,N06,,,,,,,23.766971,86.410125
2026-05-11 07:00:00,N06,,,,,,,23.766971,86.410125
2026-05-11 08:00:00,N06,,,,,,,23.766971,86.410125
2026-05-11 09:00:00,N06,-0.1141,0.006923,7.16,-0.0205,0.004465,39.2,23.766971,86.410125
2026-05-11 10:00:00,N06,0.1108,0.509937,27.92,-0.0113,0.004618,40.4,23.766971,86.410125
2026-05-11 11:00:00,N06,0.2248,0.638859,47.91,-0.0113,0.013081,41.1,23.766971,86.410125
2026-05-11 12:00:00,N06,-0.3058,0.788858,23.23,-0.0374,0.013239,41.4,23.766971,86.410125
2026-05-11 13:00:00,N06,0.1071,0.723228,42.26,-0.0377,0.008914,41.1,23.766971,86.410125
2026-05-11 14:00:00,N06,-0.1821,0.006709,6.82,-0.0196,0.008754,40.4,23.766971,86.410125
2026-05-11 15:00:00,N06,-0.025,0.00608,1.78,-0.0202,0.000396,39.2,23.766971,86.410125
2026-05-11 16:00:00,N06,0.0502,0.005402,5.51,-0.0204,4.2e-05,37.7,23.766971,86.410125
2026-05-11 17:00:00,N06,0.0159,0.005811,1.72,-0.0203,0.000447,35.8,23.766971,86.410125
2026-05-11 18:00:00,N06,0.1681,0.007176,4.31,-0.0213,0.000796,33.9,23.766971,86.410125
2026-05-11 19:00:00,N06,-0.0417,0.006087,1.09,-0.0219,1.5e-05,32.0,23.766971,86.410125
2026-05-11 20:00:00,N06,0.0497,0.006073,4.8,-0.0213,0.000473,30.2,23.766971,86.410125
2026-05-11 21:00:00,N06,-0.0233,0.006041,9.77,-0.021,0.000241,28.6,23.766971,86.410125
2026-05-11 22:00:00,N06,0.2707,0.007389,2.78,-0.0208,0.000248,27.4,23.766971,86.410125
2026-05-11 23:00:00,N06,0.1669,0.007536,6.7,-0.0214,0.000641,26.7,23.766971,86.410125
2026-05-12 00:00:00,N06,-0.0146,0.005863,6.99,-0.0221,0.000774,26.5,23.766971,86.410125
2026-05-12 01:00:00,N06,0.1301,0.005081,2.68,-0.023,0.00032,26.8,23.766971,86.410125
2026-05-12 02:00:00,N06,-0.2195,0.007598,9.4,-0.0227,0.000616,27.5,23.766971,86.410125
2026-05-12 03:00:00,N06,-0.1864,0.006981,2.21,-0.0218,0.000905,28.7,23.766971,86.410125
2026-05-12 04:00:00,N06,0.0701,0.006223,8.73,-0.0209,0.000666,30.3,23.766971,86.410125
2026-05-12 05:00:00,N06,-0.1643,0.006895,2.82,-0.0204,0.000243,32.1,23.766971,86.410125
2026-05-12 06:00:00,N06,-0.0489,0.007127,7.84,-0.0205,0.000112,34.0,23.766971,86.410125
2026-05-12 07:00:00,N06,0.0339,0.008033,8.67,-0.0202,0.000125,36.0,23.766971,86.410125
2026-05-12 08:00:00,N06,,,,,,,23.766971,86.410125
2026-05-12 09:00:00,N06,,,,,,,23.766971,86.410125
2026-05-12 10:00:00,N06,,,,,,,23.766971,86.410125
2026-05-12 11:00:00,N06,,,,,,,23.766971,86.410125
2026-05-12 12:00:00,N06,-0.2332,0.005547,1.26,-0.0212,0.0074,41.5,23.766971,86.410125
2026-05-12 13:00:00,N06,0.1827,0.005585,4.03,-0.0202,4e-05,41.3,23.766971,86.410125
2026-05-12 14:00:00,N06,-0.1277,0.010891,4.56,-0.0213,0.009357,40.5,23.766971,86.410125
2026-05-12 15:00:00,N06,-0.0354,0.60987,16.58,-0.0389,0.009004,39.3,23.766971,86.410125
2026-05-12 16:00:00,N06,-0.113,0.664593,18.5,-0.0393,0.008656,37.8,23.766971,86.410125
2026-05-12 17:00:00,N06,0.2476,0.005153,5.14,-0.0216,0.008908,36.0,23.766971,86.410125
2026-05-12 18:00:00,N06,-0.0327,0.007763,8.01,-0.0215,0.00028,34.0,23.766971,86.410125
2026-05-12 19:00:00,N06,0.1111,0.006072,8.8,-0.021,0.000249,32.1,23.766971,86.410125
2026-05-12 20:00:00,N06,-0.0837,0.005725,6.75,-0.021,0.000125,30.3,23.766971,86.410125
2026-05-12 21:00:00,N06,0.1542,0.005752,8.09,-0.0213,0.000212,28.7,23.766971,86.410125
2026-05-12 22:00:00,N06,0.1737,0.005587,4.8,-0.0205,0.000195,27.5,23.766971,86.410125
2026-05-12 23:00:00,N06,0.3194,0.007968,7.26,-0.0209,0.000326,26.8,23.766971,86.410125
2026-05-13 00:00:00,N06,-0.0109,0.007572,6.43,-0.0212,2e-05,27.4,23.766971,86.410125
2026-05-13 01:00:00,N06,0.0109,0.005423,9.51,-0.0209,0.000315,27.7,23.766971,86.410125
2026-05-13 02:00:00,N06,0.0077,0.007803,5.19,-0.0218,0.000225,28.5,23.766971,86.410125
2026-05-13 03:00:00,N06,-0.1795,0.00655,8.69,-0.0213,0.000602,29.6,23.766971,86.410125
2026-05-13 04:00:00,N06,0.0272,0.007606,1.27,-0.0206,0.00055,31.2,23.766971,86.410125
2026-05-13 05:00:00,N06,,,,,,,23.766971,86.410125
2026-05-13 06:00:00,N06,,,,,,,23.766971,86.410125
2026-05-13 07:00:00,N06,,,,,,,23.766971,86.410125
2026-05-13 08:00:00,N06,,,,,,,23.766971,86.410125
2026-05-13 09:00:00,N06,,,,,,,23.766971,86.410125
2026-05-13 10:00:00,N06,,,,,,,23.766971,86.410125
2026-05-13 11:00:00,N06,,,,,,,23.766971,86.410125
2026-05-13 12:00:00,N06,0.0155,0.775616,40.8,-0.0008,0.009707,42.4,23.766971,86.410125
2026-05-13 13:00:00,N06,,,,,,,23.766971,86.410125
2026-05-13 14:00:00,N06,-0.0552,0.008634,4.06,-0.0198,0.000114,41.4,23.766971,86.410125
2026-05-13 15:00:00,N06,-0.089,0.005429,4.15,-0.0203,0.000184,40.3,23.766971,86.410125
2026-05-13 16:00:00,N06,0.2926,0.005066,3.01,-0.0201,0.000426,38.7,23.766971,86.410125
2026-05-13 17:00:00,N06,0.0887,0.005991,5.23,-0.0195,0.000293,36.9,23.766971,86.410125
2026-05-13 18:00:00,N06,0.1371,0.007026,4.82,-0.0196,2.5e-05,34.9,23.766971,86.410125
2026-05-13 19:00:00,N06,0.0722,0.005526,1.04,-0.0195,0.000449,33.0,23.766971,86.410125
2026-05-13 20:00:00,N06,0.166,0.005766,9.79,-0.0205,0.000729,31.2,23.766971,86.410125
2026-05-13 21:00:00,N06,0.1996,0.00822,5.66,-0.021,0.000387,29.6,23.766971,86.410125
2026-05-13 22:00:00,N06,-0.086,0.00624,6.63,-0.0212,2.7e-05,28.5,23.766971,86.410125
2026-05-13 23:00:00,N06,0.1491,0.005783,5.03,-0.021,0.000212,27.7,23.766971,86.410125
2026-05-14 00:00:00,N06,0.0378,0.005822,3.58,-0.0208,0.000224,24.8,23.766971,86.410125
2026-05-14 01:00:00,N06,-0.0125,0.005284,4.36,-0.0206,9.4e-05,25.0,23.766971,86.410125
2026-05-14 02:00:00,N06,0.0117,0.007805,6.04,-0.021,0.00011,25.8,23.766971,86.410125
2026-05-14 03:00:00,N06,-0.2254,0.005953,8.53,-0.0208,0.000134,27.0,23.766971,86.410125
2026-05-14 04:00:00,N06,0.2267,0.009307,6.69,-0.0207,0.000281,28.5,23.766971,86.410125
2026-05-14 05:00:00,N06,0.2142,0.009009,1.24,-0.0214,1.5e-05,30.3,23.766971,86.410125
2026-05-14 06:00:00,N06,-0.0098,0.00623,1.09,-0.0207,0.000508,32.3,23.766971,86.410125
2026-05-14 07:00:00,N06,-0.0461,0.005107,2.07,-0.0204,1.5e-05,34.2,23.766971,86.410125
2026-05-14 08:00:00,N06,-0.1707,0.00587,9.21,-0.0207,0.000339,36.0,23.766971,86.410125
2026-05-14 09:00:00,N06,-0.0655,0.007081,7.7,-0.021,0.006739,37.6,23.766971,86.410125
2026-05-14 10:00:00,N06,0.2609,0.938199,45.19,-0.0072,0.006924,38.8,23.766971,86.410125
2026-05-14 11:00:00,N06,0.039,0.94885,47.61,-0.0072,0.007045,39.5,23.766971,86.410125
2026-05-14 12:00:00,N06,-0.157,0.009225,6.34,-0.0213,0.007326,39.8,23.766971,86.410125
2026-05-14 13:00:00,N06,-0.037,0.006201,5.55,-0.0218,2.9e-05,39.5,23.766971,86.410125
2026-05-14 14:00:00,N06,-0.0733,0.005775,5.82,-0.0213,0.016577,38.8,23.766971,86.410125
2026-05-14 15:00:00,N06,-0.2639,0.919127,42.36,-0.055,0.008956,37.6,23.766971,86.410125
2026-05-14 16:00:00,N06,-0.0739,0.717364,34.03,-0.0392,0.016266,36.0,23.766971,86.410125
2026-05-14 17:00:00,N06,-0.0424,0.00668,8.83,-0.0225,0.008714,34.2,23.766971,86.410125
2026-05-14 18:00:00,N06,0.1428,0.005104,9.23,-0.0218,0.000273,32.3,23.766971,86.410125
2026-05-14 19:00:00,N06,,,,,,,23.766971,86.410125
2026-05-14 20:00:00,N06,,,,,,,23.766971,86.410125
2026-05-14 21:00:00,N06,,,,,,,23.766971,86.410125
2026-05-14 22:00:00,N06,,,,,,,23.766971,86.410125
2026-05-14 23:00:00,N06,-0.0122,0.005133,4.71,-0.0209,0.000216,25.0,23.766971,86.410125
2026-05-15 00:00:00,N06,-0.2154,0.007085,7.33,-0.0206,0.000291,21.6,23.766971,86.410125
2026-05-15 01:00:00,N06,0.0521,0.006611,7.16,-0.0203,0.000198,21.9,23.766971,86.410125
2026-05-15 02:00:00,N06,-0.0438,0.007023,8.52,-0.021,0.000288,22.6,23.766971,86.410125
2026-05-15 03:00:00,N06,-0.0182,0.008501,4.31,-0.0209,0.000289,23.8,23.766971,86.410125
2026-05-15 04:00:00,N06,-0.1381,0.006165,8.23,-0.0204,1.5e-05,25.4,23.766971,86.410125
2026-05-15 05:00:00,N06,0.0071,0.006938,8.89,-0.0209,0.00028,27.2,23.766971,86.410125
2026-05-15 06:00:00,N06,-0.0348,0.005048,6.77,-0.0209,0.000385,29.1,23.766971,86.410125
2026-05-15 07:00:00,N06,0.0808,0.009025,2.62,-0.0201,0.008338,31.1,23.766971,86.410125
2026-05-15 08:00:00,N06,0.0244,0.684766,32.93,-0.0043,9.3e-05,32.9,23.766971,86.410125
2026-05-15 09:00:00,N06,-0.1919,0.006798,7.39,-0.0199,0.007746,34.4,23.766971,86.410125
2026-05-15 10:00:00,N06,0.1537,0.005788,2.63,-0.0198,0.000148,35.6,23.766971,86.410125
2026-05-15 11:00:00,N06,-0.0314,0.005905,9.35,-0.0196,0.00014,36.4,23.766971,86.410125
2026-05-15 12:00:00,N06,,,,,,,23.766971,86.410125
2026-05-15 13:00:00,N06,,,,,,,23.766971,86.410125
2026-05-15 14:00:00,N06,0.2482,0.936179,29.27,-0.0017,0.009425,35.6,23.766971,86.410125
2026-05-15 15:00:00,N06,-0.1823,0.943147,22.0,-0.0012,0.004231,34.4,23.766971,86.410125
2026-05-15 16:00:00,N06,-0.0444,0.538981,20.7,-0.0101,0.004561,32.9,23.766971,86.410125
2026-05-15 17:00:00,N06,-0.12,0.801222,26.73,-0.0104,0.00512,31.1,23.766971,86.410125
2026-05-15 18:00:00,N06,0.1915,0.007896,1.1,-0.0204,0.004877,29.1,23.766971,86.410125
2026-05-15 19:00:00,N06,-0.1735,0.007066,9.78,-0.0201,0.000383,27.2,23.766971,86.410125
2026-05-15 20:00:00,N06,0.089,0.006493,2.55,-0.0196,0.000228,25.4,23.766971,86.410125
2026-05-15 21:00:00,N06,-0.0909,0.006936,8.79,-0.0197,0.000159,23.8,23.766971,86.410125
2026-05-15 22:00:00,N06,0.2088,0.010565,2.32,-0.0193,8.1e-05,22.6,23.766971,86.410125
2026-05-15 23:00:00,N06,0.0492,0.007694,4.33,-0.0195,0.000449,21.9,23.766971,86.410125
2026-05-16 00:00:00,N06,0.1161,0.005668,8.95,-0.0202,0.000197,25.8,23.766971,86.410125
2026-05-16 01:00:00,N06,-0.1905,0.006843,1.88,-0.0199,0.000186,26.0,23.766971,86.410125
2026-05-16 02:00:00,N06,0.1882,0.007939,1.28,-0.0198,0.000441,26.8,23.766971,86.410125
2026-05-16 03:00:00,N06,-0.0697,0.006331,2.69,-0.019,0.000144,28.0,23.766971,86.410125
2026-05-16 04:00:00,N06,,,,,,,23.766971,86.410125
2026-05-16 05:00:00,N06,,,,,,,23.766971,86.410125
2026-05-16 06:00:00,N06,,,,,,,23.766971,86.410125
2026-05-16 07:00:00,N06,0.2388,0.00713,5.6,-0.0205,0.00022,35.2,23.766971,86.410125
2026-05-16 08:00:00,N06,-0.0234,0.006112,7.66,-0.0205,0.000111,37.0,23.766971,86.410125
2026-05-16 09:00:00,N06,0.0603,0.006138,6.11,-0.0203,0.000135,38.6,23.766971,86.410125
2026-05-16 10:00:00,N06,-0.0543,0.007315,6.96,-0.0207,0.000511,39.8,23.766971,86.410125
2026-05-16 11:00:00,N06,-0.0033,0.007252,1.08,-0.0213,0.009425,40.5,23.766971,86.410125
2026-05-16 12:00:00,N06,-0.0027,0.510248,42.8,-0.0396,0.000186,40.8,23.766971,86.410125
2026-05-16 13:00:00,N06,0.1921,0.005913,3.44,-0.0209,0.009625,40.5,23.766971,86.410125
2026-05-16 14:00:00,N06,-0.233,0.00561,3.53,-0.0203,0.000467,39.8,23.766971,86.410125
2026-05-16 15:00:00,N06,0.11,0.006865,9.13,-0.02,0.000267,38.6,23.766971,86.410125
2026-05-16 16:00:00,N06,-0.0494,0.00503,5.88,-0.0198,0.000137,37.0,23.766971,86.410125
2026-05-16 17:00:00,N06,0.0504,0.007669,2.19,-0.0203,0.000103,35.2,23.766971,86.410125
2026-05-16 18:00:00,N06,-0.1108,0.005238,2.08,-0.02,8.2e-05,33.3,23.766971,86.410125
2026-05-16 19:00:00,N06,0.1636,0.007215,2.51,-0.0201,0.000206,31.3,23.766971,86.410125
2026-05-16 20:00:00,N06,-0.0989,0.008766,2.54,-0.0204,0.00012,29.5,23.766971,86.410125
2026-05-16 21:00:00,N06,-0.1428,0.005762,1.5,-0.0203,0.000234,28.0,23.766971,86.410125
2026-05-16 22:00:00,N06,-0.0989,0.009456,6.44,-0.0209,0.000686,26.8,23.766971,86.410125
2026-05-16 23:00:00,N06,-0.2421,0.006988,5.85,-0.0217,0.000261,26.0,23.766971,86.410125
2026-05-17 00:00:00,N06,-0.1227,0.005963,5.1,-0.0214,9.1e-05,24.6,23.766971,86.410125
2026-05-17 01:00:00,N06,0.2538,0.00999,2.5,-0.0219,0.000456,24.8,23.766971,86.410125
2026-05-17 02:00:00,N06,-0.2148,0.005853,7.86,-0.0223,0.000308,25.6,23.766971,86.410125
2026-05-17 03:00:00,N06,,,,,,,23.766971,86.410125
2026-05-17 04:00:00,N06,,,,,,,23.766971,86.410125
2026-05-17 05:00:00,N06,,,,,,,23.766971,86.410125
2026-05-17 06:00:00,N06,,,,,,,23.766971,86.410125
2026-05-17 07:00:00,N06,,,,,,,23.766971,86.410125
2026-05-17 08:00:00,N06,0.318,0.008059,5.96,-0.0196,0.007939,35.8,23.766971,86.410125
2026-05-17 09:00:00,N06,0.1261,0.635065,40.44,-0.0363,0.004644,37.4,23.766971,86.410125
2026-05-17 10:00:00,N06,0.3411,0.913532,16.32,-0.0103,0.012731,38.6,23.766971,86.410125
2026-05-17 11:00:00,N06,-0.3576,0.711228,16.58,-0.0108,0.005321,39.3,23.766971,86.410125
2026-05-17 12:00:00,N06,-0.0713,0.007256,5.75,-0.0209,0.005154,39.6,23.766971,86.410125
2026-05-17 13:00:00,N06,-0.0327,0.007064,8.97,-0.0211,0.008269,39.3,23.766971,86.410125
2026-05-17 14:00:00,N06,0.1787,0.700546,28.37,-0.0044,8.6e-05,38.6,23.766971,86.410125
2026-05-17 15:00:00,N06,0.0672,0.005465,7.76,-0.0213,0.008271,37.4,23.766971,86.410125
2026-05-17 16:00:00,N06,0.0607,0.006621,3.93,-0.0209,3.8e-05,35.8,23.766971,86.410125
2026-05-17 17:00:00,N06,0.1877,0.005203,7.5,-0.0214,0.000131,34.0,23.766971,86.410125
2026-05-17 18:00:00,N06,-0.005,0.006446,8.94,-0.0212,0.000513,32.1,23.766971,86.410125
2026-05-17 19:00:00,N06,0.1729,0.006226,8.26,-0.0203,0.000584,30.1,23.766971,86.410125
2026-05-17 20:00:00,N06,0.2704,0.005573,1.97,-0.02,0.000144,28.3,23.766971,86.410125
2026-05-17 21:00:00,N06,0.037,0.006595,2.47,-0.0206,0.000559,26.8,23.766971,86.410125
2026-05-17 22:00:00,N06,-0.0292,0.008287,7.16,-0.0211,0.000348,25.6,23.766971,86.410125
2026-05-17 23:00:00,N06,-0.0887,0.005546,7.93,-0.0213,0.000485,24.8,23.766971,86.410125
2026-05-18 00:00:00,N06,0.1016,0.00513,8.42,-0.0221,0.000232,26.2,23.766971,86.410125
2026-05-18 01:00:00,N06,-0.061,0.00791,9.71,-0.0218,0.000321,26.4,23.766971,86.410125
2026-05-18 02:00:00,N06,-0.0883,0.00667,7.67,-0.0228,0.000795,27.2,23.766971,86.410125
2026-05-18 03:00:00,N06,0.1173,0.005807,2.72,-0.0234,0.000183,28.4,23.766971,86.410125
2026-05-18 04:00:00,N06,0.1727,0.006703,8.75,-0.0231,0.000251,29.9,23.766971,86.410125
2026-05-18 05:00:00,N06,-0.0055,0.005836,8.82,-0.0229,0.000388,31.7,23.766971,86.410125
2026-05-18 06:00:00,N06,0.1264,0.006199,7.98,-0.0223,0.00036,33.7,23.766971,86.410125
2026-05-18 07:00:00,N06,-0.0594,0.005105,7.05,-0.0222,0.000252,35.6,23.766971,86.410125
2026-05-18 08:00:00,N06,0.1264,0.006463,4.7,-0.0218,0.000248,37.4,23.766971,86.410125
2026-05-18 09:00:00,N06,0.1543,0.005787,8.3,-0.0217,7.3e-05,39.0,23.766971,86.410125
2026-05-18 10:00:00,N06,-0.0702,0.00542,8.76,-0.0217,0.000219,40.2,23.766971,86.410125
2026-05-18 11:00:00,N06,-0.0599,0.005684,4.12,-0.0221,0.00722,40.9,23.766971,86.410125
2026-05-18 12:00:00,N06,0.1012,0.795276,32.88,-0.0361,0.005732,41.2,23.766971,86.410125
2026-05-18 13:00:00,N06,0.191,0.620399,44.64,-0.0336,0.0069,40.9,23.766971,86.410125
2026-05-18 14:00:00,N06,-0.3137,0.005449,4.71,-0.0223,0.005776,40.2,23.766971,86.410125
2026-05-18 15:00:00,N06,-0.2606,0.007696,9.44,-0.022,5.5e-05,39.0,23.766971,86.410125
2026-05-18 16:00:00,N06,0.2442,0.006815,9.53,-0.0222,0.000434,37.4,23.766971,86.410125
2026-05-18 17:00:00,N06,0.0732,0.005899,3.24,-0.0229,0.00016,35.6,23.766971,86.410125
2026-05-18 18:00:00,N06,0.0877,0.006175,5.24,-0.0225,0.000238,33.7,23.766971,86.410125
2026-05-18 19:00:00,N06,-0.2448,0.00584,4.61,-0.0224,0.000279,31.7,23.766971,86.410125
2026-05-18 20:00:00,N06,-0.0953,0.005237,4.61,-0.0231,0.000343,29.9,23.766971,86.410125
2026-05-18 21:00:00,N06,0.2244,0.005031,3.04,-0.0217,0.000766,28.4,23.766971,86.410125
2026-05-18 22:00:00,N06,,,,,,,23.766971,86.410125
2026-05-18 23:00:00,N06,,,,,,,23.766971,86.410125
2026-05-19 00:00:00,N06,,,,,,,23.766971,86.410125
2026-05-19 01:00:00,N06,,,,,,,23.766971,86.410125
2026-05-19 02:00:00,N06,-0.1282,0.005479,9.43,-0.0219,0.000155,26.7,23.766971,86.410125
2026-05-19 03:00:00,N06,-0.0438,0.00518,7.73,-0.0214,0.000141,27.9,23.766971,86.410125
2026-05-19 04:00:00,N06,0.1322,0.009311,3.69,-0.0216,0.000309,29.4,23.766971,86.410125
2026-05-19 05:00:00,N06,0.0106,0.005346,6.63,-0.0221,0.008357,31.3,23.766971,86.410125
2026-05-19 06:00:00,N06,0.0675,0.768259,49.94,-0.0383,0.00792,33.2,23.766971,86.410125
2026-05-19 07:00:00,N06,0.1081,0.778973,31.26,-0.0379,0.008823,35.1,23.766971,86.410125
2026-05-19 08:00:00,N06,0.0705,0.005136,2.64,-0.0207,0.008394,36.9,23.766971,86.410125
2026-05-19 09:00:00,N06,-0.0235,0.007599,6.79,-0.0211,0.000175,38.5,23.766971,86.410125
2026-05-19 10:00:00,N06,0.0955,0.006998,9.72,-0.0203,0.000134,39.7,23.766971,86.410125
2026-05-19 11:00:00,N06,-0.0856,0.005253,9.06,-0.0208,0.000532,40.4,23.766971,86.410125
2026-05-19 12:00:00,N06,0.0895,0.005166,3.95,-0.0214,0.000395,40.7,23.766971,86.410125
2026-05-19 13:00:00,N06,-0.2169,0.006531,5.38,-0.0216,0.00012,40.4,23.766971,86.410125
2026-05-19 14:00:00,N06,,,,,,,23.766971,86.410125
2026-05-19 15:00:00,N06,,,,,,,23.766971,86.410125
2026-05-19 16:00:00,N06,,,,,,,23.766971,86.410125
2026-05-19 17:00:00,N06,0.0655,0.00831,7.92,-0.0218,0.005964,35.1,23.766971,86.410125
2026-05-19 18:00:00,N06,-0.0723,0.00548,9.49,-0.0211,0.000503,33.2,23.766971,86.410125
2026-05-19 19:00:00,N06,-0.0738,0.007574,8.05,-0.0208,0.000201,31.3,23.766971,86.410125
2026-05-19 20:00:00,N06,-0.122,0.005257,1.76,-0.0207,1.6e-05,29.4,23.766971,86.410125
2026-05-19 21:00:00,N06,0.1101,0.006837,9.61,-0.0208,0.000306,27.9,23.766971,86.410125
2026-05-19 22:00:00,N06,-0.0632,0.005209,8.3,-0.0201,0.000435,26.7,23.766971,86.410125
2026-05-19 23:00:00,N06,-0.0976,0.006238,1.43,-0.0199,0.000253,26.0,23.766971,86.410125
2026-05-20 00:00:00,N06,-0.0334,0.007429,3.23,-0.0206,7.4e-05,24.6,23.766971,86.410125
2026-05-20 01:00:00,N06,0.1239,0.008309,2.92,-0.02,0.000273,24.9,23.766971,86.410125
2026-05-20 02:00:00,N06,-0.0348,0.00982,1.68,-0.02,0.000252,25.6,23.766971,86.410125
2026-05-20 03:00:00,N06,0.0632,0.006551,9.23,-0.0205,0.000435,26.8,23.766971,86.410125
2026-05-20 04:00:00,N06,0.0027,0.007284,8.92,-0.0209,0.000372,28.4,23.766971,86.410125
2026-05-20 05:00:00,N06,0.4081,0.005882,8.15,-0.0213,0.003908,30.2,23.766971,86.410125
2026-05-20 06:00:00,N06,0.0973,0.703923,43.83,-0.0131,0.000226,32.1,23.766971,86.410125
2026-05-20 07:00:00,N06,0.1504,0.00682,1.76,-0.0217,0.004211,34.0,23.766971,86.410125
2026-05-20 08:00:00,N06,0.1889,0.006663,5.55,-0.0215,0.005882,35.9,23.766971,86.410125
2026-05-20 09:00:00,N06,,,,,,,23.766971,86.410125
2026-05-20 10:00:00,N06,,,,,,,23.766971,86.410125
2026-05-20 11:00:00,N06,,,,,,,23.766971,86.410125
2026-05-20 12:00:00,N06,,,,,,,23.766971,86.410125
2026-05-20 13:00:00,N06,,,,,,,23.766971,86.410125
2026-05-20 14:00:00,N06,-0.2869,0.005413,4.51,-0.0222,0.000177,38.6,23.766971,86.410125
2026-05-20 15:00:00,N06,-0.0773,0.005314,6.67,-0.0224,0.007157,37.4,23.766971,86.410125
2026-05-20 16:00:00,N06,0.0912,0.786581,35.03,-0.0078,0.000601,35.9,23.766971,86.410125
2026-05-20 17:00:00,N06,,,,,,,23.766971,86.410125
2026-05-20 18:00:00,N06,,,,,,,23.766971,86.410125
2026-05-20 19:00:00,N06,,,,,,,23.766971,86.410125
2026-05-20 20:00:00,N06,-0.052,0.005535,6.43,-0.0214,0.000544,28.4,23.766971,86.410125
2026-05-20 21:00:00,N06,-0.0145,0.005669,7.1,-0.0215,0.000501,26.8,23.766971,86.410125
2026-05-20 22:00:00,N06,,,,,,,23.766971,86.410125
2026-05-20 23:00:00,N06,,,,,,,23.766971,86.410125
2026-05-21 00:00:00,N06,,,,,,,23.766971,86.410125
2026-05-21 01:00:00,N06,,,,,,,23.766971,86.410125
2026-05-21 02:00:00,N06,,,,,,,23.766971,86.410125
2026-05-21 03:00:00,N06,0.186,0.005406,4.47,-0.0238,0.000278,27.7,23.766971,86.410125
2026-05-21 04:00:00,N06,0.127,0.006553,9.32,-0.024,0.000126,29.2,23.766971,86.410125
2026-05-21 05:00:00,N06,-0.0388,0.0065,9.31,-0.024,5e-05,31.0,23.766971,86.410125
2026-05-21 06:00:00,N06,0.0152,0.007451,1.52,-0.0239,8.3e-05,33.0,23.766971,86.410125
2026-05-21 07:00:00,N06,-0.0628,0.005612,1.63,-0.0242,0.000226,34.9,23.766971,86.410125
2026-05-21 08:00:00,N06,0.0517,0.006981,7.26,-0.0243,3.7e-05,36.7,23.766971,86.410125
2026-05-21 09:00:00,N06,-0.2815,0.005743,6.71,-0.0241,5.9e-05,38.3,23.766971,86.410125
2026-05-21 10:00:00,N06,-0.1418,0.00623,7.6,-0.0242,0.000126,39.5,23.766971,86.410125
2026-05-21 11:00:00,N06,0.2017,0.007057,2.58,-0.0239,0.000116,40.2,23.766971,86.410125
2026-05-21 12:00:00,N06,0.0775,0.008574,6.86,-0.024,0.003586,40.5,23.766971,86.410125
2026-05-21 13:00:00,N06,0.0554,0.703034,18.5,-0.031,0.003759,40.2,23.766971,86.410125
2026-05-21 14:00:00,N06,-0.2955,0.760758,33.56,-0.0315,0.003316,39.5,23.766971,86.410125
2026-05-21 15:00:00,N06,-0.0515,0.005357,5.59,-0.0244,0.003383,38.3,23.766971,86.410125
2026-05-21 16:00:00,N06,0.0311,0.006283,9.31,-0.0247,2.1e-05,36.7,23.766971,86.410125
2026-05-21 17:00:00,N06,0.0595,0.006385,9.34,-0.0244,0.000309,34.9,23.766971,86.410125
2026-05-21 18:00:00,N06,0.07,0.007652,6.8,-0.0241,0.000368,33.0,23.766971,86.410125
2026-05-21 19:00:00,N06,-0.2374,0.005189,5.16,-0.0237,0.000776,31.0,23.766971,86.410125
2026-05-21 20:00:00,N06,0.3206,0.006986,1.62,-0.0226,0.000213,29.2,23.766971,86.410125
2026-05-21 21:00:00,N06,-0.225,0.005673,5.52,-0.0233,0.000837,27.7,23.766971,86.410125
2026-05-21 22:00:00,N06,0.2209,0.005214,8.36,-0.0242,0.000617,26.5,23.766971,86.410125
2026-05-21 23:00:00,N06,-0.1737,0.007313,1.25,-0.0245,0.000402,25.7,23.766971,86.410125
2026-05-22 00:00:00,N06,-0.0977,0.007011,8.36,-0.025,0.00017,24.1,23.766971,86.410125
2026-05-22 01:00:00,N06,-0.1357,0.007219,4.85,-0.0248,0.000198,24.4,23.766971,86.410125
2026-05-22 02:00:00,N06,0.0581,0.005961,5.45,-0.0246,0.000161,25.1,23.766971,86.410125
2026-05-22 03:00:00,N06,-0.0101,0.006727,2.73,-0.0245,0.000598,26.3,23.766971,86.410125
2026-05-22 04:00:00,N06,-0.3822,0.005142,6.71,-0.0234,0.000475,27.9,23.766971,86.410125
2026-05-22 05:00:00,N06,-0.103,0.006274,4.55,-0.0236,0.000122,29.7,23.766971,86.410125
2026-05-22 06:00:00,N06,0.1441,0.006445,5.85,-0.0237,0.000316,31.6,23.766971,86.410125
2026-05-22 07:00:00,N06,-0.1348,0.005465,7.99,-0.0229,0.000218,33.6,23.766971,86.410125
2026-05-22 08:00:00,N06,0.2209,0.006262,1.27,-0.0233,0.00663,35.4,23.766971,86.410125
2026-05-22 09:00:00,N06,-0.0535,0.589237,36.4,-0.0362,0.00033,36.9,23.766971,86.410125
2026-05-22 10:00:00,N06,0.0689,0.00521,6.11,-0.0226,0.006963,38.1,23.766971,86.410125
2026-05-22 11:00:00,N06,-0.1441,0.006302,1.84,-0.0223,0.000103,38.9,23.766971,86.410125
2026-05-22 12:00:00,N06,0.3217,0.008599,5.77,-0.0224,5.5e-05,39.1,23.766971,86.410125
2026-05-22 13:00:00,N06,,,,,,,23.766971,86.410125
2026-05-22 14:00:00,N06,,,,,,,23.766971,86.410125
2026-05-22 15:00:00,N06,,,,,,,23.766971,86.410125
2026-05-22 16:00:00,N06,,,,,,,23.766971,86.410125
2026-05-22 17:00:00,N06,,,,,,,23.766971,86.410125
2026-05-22 18:00:00,N06,0.0199,0.691284,27.87,-0.0101,0.007064,31.6,23.766971,86.410125
2026-05-22 19:00:00,N06,0.09,0.007365,3.64,-0.0245,0.006743,29.7,23.766971,86.410125
2026-05-22 20:00:00,N06,0.015,0.00714,2.34,-0.0235,0.000476,27.9,23.766971,86.410125
2026-05-22 21:00:00,N06,-0.2242,0.00574,9.63,-0.0235,0.000152,26.3,23.766971,86.410125
2026-05-22 22:00:00,N06,-0.0083,0.005237,6.57,-0.0232,0.000244,25.1,23.766971,86.410125
2026-05-22 23:00:00,N06,0.197,0.00708,1.31,-0.023,0.000182,24.4,23.766971,86.410125
2026-05-23 00:00:00,N06,0.0382,0.005687,9.24,-0.0229,0.000426,25.1,23.766971,86.410125
2026-05-23 01:00:00,N06,0.0295,0.008319,4.12,-0.0222,0.000842,25.4,23.766971,86.410125
2026-05-23 02:00:00,N06,0.1681,0.005835,9.12,-0.0212,0.000503,26.1,23.766971,86.410125
2026-05-23 03:00:00,N06,0.2891,0.005004,5.77,-0.0212,2.2e-05,27.3,23.766971,86.410125
2026-05-23 04:00:00,N06,0.2288,0.008902,4.62,-0.0212,8e-06,28.9,23.766971,86.410125
2026-05-23 05:00:00,N06,0.0099,0.008086,7.74,-0.0211,0.000573,30.7,23.766971,86.410125
2026-05-23 06:00:00,N06,0.0149,0.006642,7.64,-0.02,0.006541,32.6,23.766971,86.410125
2026-05-23 07:00:00,N06,0.2818,0.662769,46.03,-0.0081,0.005963,34.6,23.766971,86.410125
2026-05-23 08:00:00,N06,-0.0999,0.966367,28.28,-0.0081,0.006485,36.4,23.766971,86.410125
2026-05-23 09:00:00,N06,-0.0335,0.00623,5.84,-0.021,0.006407,37.9,23.766971,86.410125
2026-05-23 10:00:00,N06,-0.0039,0.006803,8.97,-0.0209,0.000273,39.1,23.766971,86.410125
2026-05-23 11:00:00,N06,0.0346,0.008394,2.09,-0.0205,5.4e-05,39.9,23.766971,86.410125
2026-05-23 12:00:00,N06,0.0059,0.007647,9.11,-0.0208,0.00505,40.1,23.766971,86.410125
2026-05-23 13:00:00,N06,,,,,,,23.766971,86.410125
2026-05-23 14:00:00,N06,0.2956,0.670741,39.38,-0.0302,0.000413,39.1,23.766971,86.410125
2026-05-23 15:00:00,N06,-0.1856,0.626865,18.73,-0.0314,0.004587,37.9,23.766971,86.410125
2026-05-23 16:00:00,N06,0.2276,0.006004,9.59,-0.021,0.005153,36.4,23.766971,86.410125
2026-05-23 17:00:00,N06,0.1597,0.008229,9.85,-0.0211,0.000603,34.6,23.766971,86.410125
2026-05-23 18:00:00,N06,0.0289,0.008077,5.07,-0.0198,0.000983,32.6,23.766971,86.410125
2026-05-23 19:00:00,N06,-0.0781,0.007559,9.73,-0.0191,1.3e-05,30.7,23.766971,86.410125
2026-05-23 20:00:00,N06,0.1208,0.007364,2.37,-0.0198,0.000473,28.9,23.766971,86.410125
2026-05-23 21:00:00,N06,0.0061,0.006049,8.98,-0.0201,0.000253,27.3,23.766971,86.410125
2026-05-23 22:00:00,N06,0.079,0.005816,6.72,-0.0203,0.000273,26.1,23.766971,86.410125
2026-05-23 23:00:00,N06,-0.0326,0.007404,9.82,-0.0206,3.6e-05,25.4,23.766971,86.410125
2026-05-24 00:00:00,N06,-0.2023,0.00717,7.85,-0.0203,0.000115,24.1,23.766971,86.410125
2026-05-24 01:00:00,N06,0.1099,0.005712,4.37,-0.0204,6.2e-05,24.3,23.766971,86.410125
2026-05-24 02:00:00,N06,-0.1371,0.006224,3.64,-0.0204,0.000237,25.1,23.766971,86.410125
2026-05-24 03:00:00,N06,-0.0106,0.007541,7.54,-0.0209,3.1e-05,26.3,23.766971,86.410125
2026-05-24 04:00:00,N06,0.2056,0.007457,8.93,-0.0205,0.000382,27.8,23.766971,86.410125
2026-05-24 05:00:00,N06,-0.2822,0.006725,6.49,-0.0201,0.00017,29.7,23.766971,86.410125
2026-05-24 06:00:00,N06,-0.0932,0.005367,6.62,-0.0201,0.000199,31.6,23.766971,86.410125
2026-05-24 07:00:00,N06,0.1494,0.006806,6.13,-0.0197,5.5e-05,33.5,23.766971,86.410125
2026-05-24 08:00:00,N06,0.0446,0.008272,5.79,-0.0202,0.000201,35.3,23.766971,86.410125
2026-05-24 09:00:00,N06,-0.2532,0.006192,3.83,-0.0201,0.000163,36.9,23.766971,86.410125
2026-05-24 10:00:00,N06,0.0145,0.005149,4.07,-0.0206,0.006288,38.1,23.766971,86.410125
2026-05-24 11:00:00,N06,,,,,,,23.766971,86.410125
2026-05-24 12:00:00,N06,,,,,,,23.766971,86.410125
2026-05-24 13:00:00,N06,,,,,,,23.766971,86.410125
2026-05-24 14:00:00,N06,,,,,,,23.766971,86.410125
2026-05-24 15:00:00,N06,0.0289,0.658902,43.07,-0.0079,0.010612,36.9,23.766971,86.410125
2026-05-24 16:00:00,N06,-0.0534,0.00692,9.21,-0.0204,0.006407,35.3,23.766971,86.410125
2026-05-24 17:00:00,N06,0.1182,0.005471,2.03,-0.0207,0.000178,33.5,23.766971,86.410125
2026-05-24 18:00:00,N06,0.1289,0.010331,6.02,-0.0207,0.000349,31.6,23.766971,86.410125
2026-05-24 19:00:00,N06,,,,,,,23.766971,86.410125
2026-05-24 20:00:00,N06,,,,,,,23.766971,86.410125
2026-05-24 21:00:00,N06,0.0769,0.005384,5.94,-0.0218,0.000405,26.3,23.766971,86.410125
2026-05-24 22:00:00,N06,0.0657,0.005951,1.08,-0.0225,0.00022,25.1,23.766971,86.410125
2026-05-24 23:00:00,N06,0.1299,0.005282,7.72,-0.0222,0.000324,24.3,23.766971,86.410125
2026-05-25 00:00:00,N06,-0.0959,0.005245,5.27,-0.0218,2.4e-05,23.0,23.766971,86.410125
2026-05-25 01:00:00,N06,-0.105,0.005438,6.26,-0.0223,9e-06,23.3,23.766971,86.410125
2026-05-25 02:00:00,N06,-0.1001,0.005533,6.88,-0.0218,0.000386,24.0,23.766971,86.410125
2026-05-25 03:00:00,N06,-0.2628,0.006088,2.74,-0.0215,0.000328,25.2,23.766971,86.410125
2026-05-25 04:00:00,N06,-0.0408,0.0084,8.76,-0.0212,0.000121,26.8,23.766971,86.410125
2026-05-25 05:00:00,N06,-0.1797,0.006821,9.35,-0.0213,0.00027,28.6,23.766971,86.410125
2026-05-25 06:00:00,N06,-0.1429,0.005441,2.2,-0.0206,0.000292,30.5,23.766971,86.410125
2026-05-25 07:00:00,N06,-0.0269,0.006838,3.25,-0.0207,0.000128,32.5,23.766971,86.410125
2026-05-25 08:00:00,N06,-0.2779,0.00598,9.01,-0.0209,0.005212,34.3,23.766971,86.410125
2026-05-25 09:00:00,N06,0.3406,0.69688,34.84,-0.0311,1e-05,35.8,23.766971,86.410125
2026-05-25 10:00:00,N06,0.0361,0.005778,6.48,-0.0209,0.005187,37.0,23.766971,86.410125
2026-05-25 11:00:00,N06,0.0112,0.007369,4.42,-0.0207,3.7e-05,37.8,23.766971,86.410125
2026-05-25 12:00:00,N06,0.4045,0.005895,6.61,-0.0208,0.000358,38.0,23.766971,86.410125
2026-05-25 13:00:00,N06,0.3095,0.005312,9.08,-0.02,0.000345,37.8,23.766971,86.410125
2026-05-25 14:00:00,N06,-0.063,0.00879,8.09,-0.0201,9.1e-05,37.0,23.766971,86.410125
2026-05-25 15:00:00,N06,-0.2449,0.005344,9.11,-0.0198,5e-06,35.8,23.766971,86.410125
2026-05-25 16:00:00,N06,0.0973,0.005939,3.65,-0.0201,0.000133,34.3,23.766971,86.410125
2026-05-25 17:00:00,N06,0.2435,0.005901,5.95,-0.0196,0.000112,32.5,23.766971,86.410125
2026-05-25 18:00:00,N06,-0.0713,0.00832,4.12,-0.0199,0.000169,30.5,23.766971,86.410125
2026-05-25 19:00:00,N06,-0.0199,0.006955,5.98,-0.0199,0.000251,28.6,23.766971,86.410125
2026-05-25 20:00:00,N06,0.1603,0.005482,8.68,-0.0194,3.2e-05,26.8,23.766971,86.410125
2026-05-25 21:00:00,N06,-0.0018,0.0063,2.73,-0.02,0.000298,25.2,23.766971,86.410125
2026-05-25 22:00:00,N06,0.0583,0.007279,3.51,-0.02,7.9e-05,24.0,23.766971,86.410125
2026-05-25 23:00:00,N06,-0.0765,0.005497,8.5,-0.0201,0.000346,23.3,23.766971,86.410125
2026-05-26 00:00:00,N06,-0.0036,0.005474,5.39,-0.0207,0.000443,22.2,23.766971,86.410125
2026-05-26 01:00:00,N06,-0.2205,0.005763,3.45,-0.021,5.4e-05,22.4,23.766971,86.410125
2026-05-26 02:00:00,N06,-0.0614,0.006609,8.54,-0.0208,0.000572,23.2,23.766971,86.410125
2026-05-26 03:00:00,N06,0.1242,0.005885,9.23,-0.0199,0.0005,24.4,23.766971,86.410125
2026-05-26 04:00:00,N06,0.1714,0.006562,3.72,-0.0198,6.4e-05,25.9,23.766971,86.410125
2026-05-26 05:00:00,N06,0.0748,0.007039,8.22,-0.0197,0.008909,27.7,23.766971,86.410125
2026-05-26 06:00:00,N06,0.0366,0.64401,25.37,-0.002,0.008141,29.7,23.766971,86.410125
2026-05-26 07:00:00,N06,-0.4259,0.553905,47.11,-0.036,0.009726,31.6,23.766971,86.410125
2026-05-26 08:00:00,N06,0.0669,0.005309,5.98,-0.0214,0.007051,33.4,23.766971,86.410125
2026-05-26 09:00:00,N06,0.1425,0.005972,3.43,-0.0219,0.000393,35.0,23.766971,86.410125
2026-05-26 10:00:00,N06,-0.2063,0.00584,6.07,-0.0222,0.000298,36.2,23.766971,86.410125
2026-05-26 11:00:00,N06,0.3064,0.005324,3.98,-0.0225,6.8e-05,36.9,23.766971,86.410125
2026-05-26 12:00:00,N06,,,,,,,23.766971,86.410125
2026-05-26 13:00:00,N06,0.0177,0.005392,5.98,-0.0218,0.000345,36.9,23.766971,86.410125
2026-05-26 14:00:00,N06,-0.0559,0.006787,4.8,-0.0214,0.000233,36.2,23.766971,86.410125
2026-05-26 15:00:00,N06,0.1286,0.008369,6.28,-0.0222,0.000692,35.0,23.766971,86.410125
2026-05-26 16:00:00,N06,-0.0314,0.010424,1.68,-0.0228,3.6e-05,33.4,23.766971,86.410125
2026-05-26 17:00:00,N06,0.1171,0.005832,4.95,-0.0223,0.00044,31.6,23.766971,86.410125
2026-05-26 18:00:00,N06,0.2048,0.007277,1.61,-0.0219,0.00055,29.7,23.766971,86.410125
2026-05-26 19:00:00,N06,0.1621,0.007595,1.73,-0.0212,0.000109,27.7,23.766971,86.410125
2026-05-26 20:00:00,N06,-0.0769,0.005461,1.68,-0.0217,0.000139,25.9,23.766971,86.410125
2026-05-26 21:00:00,N06,,,,,,,23.766971,86.410125
2026-05-26 22:00:00,N06,,,,,,,23.766971,86.410125
2026-05-26 23:00:00,N06,-0.2755,0.005454,8.06,-0.0216,8.3e-05,22.4,23.766971,86.410125
2026-05-27 00:00:00,N06,-0.2274,0.005548,5.89,-0.0213,0.000272,24.3,23.766971,86.410125
2026-05-27 01:00:00,N06,0.0161,0.007159,8.19,-0.0221,0.000457,24.6,23.766971,86.410125
2026-05-27 02:00:00,N06,-0.1376,0.006434,8.33,-0.0223,9.1e-05,25.3,23.766971,86.410125
2026-05-27 03:00:00,N06,,,,,,,23.766971,86.410125
2026-05-27 04:00:00,N06,0.1664,0.006728,4.32,-0.0228,0.000306,28.1,23.766971,86.410125
2026-05-27 05:00:00,N06,0.1791,0.009828,8.32,-0.0229,0.000408,29.9,23.766971,86.410125
2026-05-27 06:00:00,N06,-0.2341,0.007903,5.01,-0.0237,0.000325,31.8,23.766971,86.410125
2026-05-27 07:00:00,N06,-0.0607,0.009236,4.06,-0.0236,0.000173,33.8,23.766971,86.410125
2026-05-27 08:00:00,N06,0.3006,0.008525,7.76,-0.0233,0.000299,35.6,23.766971,86.410125
2026-05-27 09:00:00,N06,-0.0301,0.006685,5.57,-0.023,2.7e-05,37.1,23.766971,86.410125
2026-05-27 10:00:00,N06,-0.1836,0.007254,4.83,-0.0233,0.000225,38.3,23.766971,86.410125
2026-05-27 11:00:00,N06,-0.1805,0.007521,7.76,-0.0234,8.7e-05,39.1,23.766971,86.410125
2026-05-27 12:00:00,N06,0.2192,0.005699,2.3,-0.0234,0.000193,39.3,23.766971,86.410125
2026-05-27 13:00:00,N06,-0.1189,0.007976,3.75,-0.023,0.000397,39.1,23.766971,86.410125
2026-05-27 14:00:00,N06,0.1875,0.005443,4.0,-0.0226,0.009948,38.3,23.766971,86.410125
2026-05-27 15:00:00,N06,-0.0107,0.858918,26.44,-0.0031,0.009909,37.1,23.766971,86.410125
2026-05-27 16:00:00,N06,0.1007,0.512818,44.18,-0.0028,0.018695,35.6,23.766971,86.410125
2026-05-27 17:00:00,N06,0.0612,0.814538,34.04,-0.0405,0.009458,33.8,23.766971,86.410125
2026-05-27 18:00:00,N06,-0.1523,0.005507,6.02,-0.0217,0.00901,31.8,23.766971,86.410125
2026-05-27 19:00:00,N06,0.1342,0.005602,7.7,-0.0225,0.000535,29.9,23.766971,86.410125
2026-05-27 20:00:00,N06,0.0549,0.005992,4.24,-0.0228,0.000202,28.1,23.766971,86.410125
2026-05-27 21:00:00,N06,0.1404,0.007559,1.36,-0.0229,0.000394,26.5,23.766971,86.410125
2026-05-27 22:00:00,N06,0.0386,0.005009,8.88,-0.0236,0.000773,25.3,23.766971,86.410125
2026-05-27 23:00:00,N06,0.2015,0.005762,6.17,-0.0245,6.9e-05,24.6,23.766971,86.410125
2026-05-28 00:00:00,N06,-0.08,0.005397,4.68,-0.0235,0.000299,24.3,23.766971,86.410125
2026-05-28 01:00:00,N06,0.1368,0.005571,4.14,-0.0239,0.000282,24.5,23.766971,86.410125
2026-05-28 02:00:00,N06,-0.0135,0.008255,1.55,-0.024,0.000197,25.3,23.766971,86.410125
2026-05-28 03:00:00,N06,0.3427,0.005856,6.19,-0.0242,0.00031,26.5,23.766971,86.410125
2026-05-28 04:00:00,N06,0.1221,0.006254,8.29,-0.0234,0.000573,28.0,23.766971,86.410125
2026-05-28 05:00:00,N06,0.1875,0.006153,4.42,-0.0231,0.000405,29.8,23.766971,86.410125
2026-05-28 06:00:00,N06,0.0026,0.007184,1.53,-0.0226,0.000498,31.8,23.766971,86.410125
2026-05-28 07:00:00,N06,-0.1589,0.006395,2.23,-0.0221,0.000458,33.7,23.766971,86.410125
2026-05-28 08:00:00,N06,-0.0886,0.006039,7.85,-0.0217,1.3e-05,35.5,23.766971,86.410125
2026-05-28 09:00:00,N06,0.125,0.006621,2.71,-0.0221,0.000174,37.1,23.766971,86.410125
2026-05-28 10:00:00,N06,,,,,,,23.766971,86.410125
2026-05-28 11:00:00,N06,0.099,0.005208,8.58,-0.0218,0.000252,39.0,23.766971,86.410125
2026-05-28 12:00:00,N06,0.3002,0.005796,8.65,-0.0215,0.000312,39.3,23.766971,86.410125
2026-05-28 13:00:00,N06,-0.1872,0.006139,2.6,-0.0225,0.002137,39.0,23.766971,86.410125
2026-05-28 14:00:00,N06,-0.1542,0.531115,46.51,-0.0172,0.002675,38.3,23.766971,86.410125
2026-05-28 15:00:00,N06,-0.053,0.664676,34.19,-0.0171,0.003032,37.1,23.766971,86.410125
2026-05-28 16:00:00,N06,-0.0804,0.006495,3.46,-0.0233,0.003102,35.5,23.766971,86.410125
2026-05-28 17:00:00,N06,0.057,0.007915,9.14,-0.0233,8.4e-05,33.7,23.766971,86.410125
2026-05-28 18:00:00,N06,,,,,,,23.766971,86.410125
2026-05-28 19:00:00,N06,,,,,,,23.766971,86.410125
2026-05-28 20:00:00,N06,-0.0656,0.007664,3.67,-0.024,9.7e-05,28.0,23.766971,86.410125
2026-05-28 21:00:00,N06,0.0709,0.006984,6.3,-0.0241,2.6e-05,26.5,23.766971,86.410125
2026-05-28 22:00:00,N06,-0.1044,0.008378,6.08,-0.0239,0.000355,25.3,23.766971,86.410125
2026-05-28 23:00:00,N06,,,,,,,23.766971,86.410125
2026-05-29 00:00:00,N06,,,,,,,23.766971,86.410125
2026-05-29 01:00:00,N06,,,,,,,23.766971,86.410125
2026-05-29 02:00:00,N06,,,,,,,23.766971,86.410125
2026-05-29 03:00:00,N06,,,,,,,23.766971,86.410125
2026-05-29 04:00:00,N06,-0.1485,0.006832,3.04,-0.0237,0.000298,26.3,23.766971,86.410125
2026-05-29 05:00:00,N06,0.1302,0.005956,3.51,-0.023,9.9e-05,28.1,23.766971,86.410125
2026-05-29 06:00:00,N06,-0.0375,0.008348,7.88,-0.0235,2e-06,30.0,23.766971,86.410125
2026-05-29 07:00:00,N06,-0.0087,0.005386,3.99,-0.023,0.000572,32.0,23.766971,86.410125
2026-05-29 08:00:00,N06,0.0915,0.006444,6.32,-0.0224,0.000283,33.8,23.766971,86.410125
2026-05-29 09:00:00,N06,-0.058,0.006731,9.87,-0.0224,0.00613,35.3,23.766971,86.410125
2026-05-29 10:00:00,N06,,,,,,,23.766971,86.410125
2026-05-29 11:00:00,N06,,,,,,,23.766971,86.410125
2026-05-29 12:00:00,N06,0.0317,0.006966,4.21,-0.0231,0.008314,37.5,23.766971,86.410125
2026-05-29 13:00:00,N06,0.1098,0.90221,40.06,-0.0393,2.5e-05,37.3,23.766971,86.410125
2026-05-29 14:00:00,N06,-0.3105,0.00549,4.23,-0.023,0.007975,36.5,23.766971,86.410125
2026-05-29 15:00:00,N06,-0.0296,0.006257,8.38,-0.0234,0.009897,35.3,23.766971,86.410125
2026-05-29 16:00:00,N06,-0.1258,0.757754,49.94,-0.0428,0.00964,33.8,23.766971,86.410125
2026-05-29 17:00:00,N06,-0.052,0.914324,26.9,-0.0427,0.009409,32.0,23.766971,86.410125
2026-05-29 18:00:00,N06,0.11,0.005692,3.63,-0.024,0.009149,30.0,23.766971,86.410125
2026-05-29 19:00:00,N06,-0.1891,0.005625,9.59,-0.0244,0.000214,28.1,23.766971,86.410125
2026-05-29 20:00:00,N06,0.2428,0.00702,6.12,-0.0244,0.000248,26.3,23.766971,86.410125
2026-05-29 21:00:00,N06,0.1663,0.007992,9.33,-0.0239,0.000556,24.7,23.766971,86.410125
2026-05-29 22:00:00,N06,-0.241,0.007175,8.15,-0.0233,3.3e-05,23.5,23.766971,86.410125
2026-05-29 23:00:00,N06,-0.1838,0.007735,8.81,-0.0239,0.000238,22.8,23.766971,86.410125
2026-05-30 00:00:00,N06,-0.1898,0.006054,4.02,-0.0238,0.00016,24.6,23.766971,86.410125
2026-05-30 01:00:00,N06,0.3184,0.006033,2.09,-0.0236,0.00019,24.8,23.766971,86.410125
2026-05-30 02:00:00,N06,0.027,0.007333,8.32,-0.0234,0.000397,25.6,23.766971,86.410125
2026-05-30 03:00:00,N06,-0.1484,0.005716,5.63,-0.0228,0.000306,26.8,23.766971,86.410125
2026-05-30 04:00:00,N06,0.098,0.005704,8.6,-0.0228,0.000371,28.3,23.766971,86.410125
2026-05-30 05:00:00,N06,-0.1048,0.005818,7.97,-0.0221,0.000337,30.1,23.766971,86.410125
2026-05-30 06:00:00,N06,0.1318,0.005274,2.27,-0.0221,0.000423,32.1,23.766971,86.410125
2026-05-30 07:00:00,N06,0.1801,0.006743,4.41,-0.0212,0.000678,34.0,23.766971,86.410125
2026-05-30 08:00:00,N06,0.0799,0.005431,6.51,-0.0208,9.4e-05,35.8,23.766971,86.410125
2026-05-30 09:00:00,N06,0.1804,0.00516,9.0,-0.021,0.000412,37.4,23.766971,86.410125
2026-05-30 10:00:00,N06,-0.0979,0.005176,7.12,-0.0216,0.000143,38.6,23.766971,86.410125
2026-05-30 11:00:00,N06,-0.0281,0.005054,1.71,-0.0213,0.000956,39.3,23.766971,86.410125
2026-05-30 12:00:00,N06,-0.1099,0.00534,3.04,-0.0197,0.001008,39.6,23.766971,86.410125
2026-05-30 13:00:00,N06,-0.3091,0.006097,3.43,-0.0193,0.00041,39.3,23.766971,86.410125
2026-05-30 14:00:00,N06,-0.0124,0.006466,4.38,-0.0189,0.000229,38.6,23.766971,86.410125
2026-05-30 15:00:00,N06,-0.0894,0.007267,2.29,-0.0189,0.004511,37.4,23.766971,86.410125
2026-05-30 16:00:00,N06,-0.1733,0.797011,40.26,-0.0098,0.004469,35.8,23.766971,86.410125
2026-05-30 17:00:00,N06,0.0385,0.725232,17.13,-0.0099,0.004119,34.0,23.766971,86.410125
2026-05-30 18:00:00,N06,0.1874,0.006506,7.41,-0.0181,0.003899,32.1,23.766971,86.410125
2026-05-30 19:00:00,N06,-0.1452,0.009307,6.39,-0.0177,0.000403,30.1,23.766971,86.410125
2026-05-30 20:00:00,N06,0.1131,0.006593,6.71,-0.0173,0.000394,28.3,23.766971,86.410125
2026-05-30 21:00:00,N06,-0.2049,0.005311,4.98,-0.0169,0.000179,26.8,23.766971,86.410125
2026-05-30 22:00:00,N06,0.0155,0.007838,4.47,-0.0169,0.000208,25.6,23.766971,86.410125
2026-05-30 23:00:00,N06,0.0529,0.005528,6.17,-0.0173,9.1e-05,24.8,23.766971,86.410125
2026-05-31 00:00:00,N06,-0.2824,0.005585,7.79,-0.0167,0.000672,25.7,23.766971,86.410125
2026-05-31 01:00:00,N06,-0.1824,0.006408,7.0,-0.016,0.000259,25.9,23.766971,86.410125
2026-05-31 02:00:00,N06,0.0702,0.006587,8.16,-0.0162,0.000235,26.7,23.766971,86.410125
2026-05-31 03:00:00,N06,0.028,0.008324,3.26,-0.0165,0.0003,27.9,23.766971,86.410125
2026-05-31 04:00:00,N06,0.1102,0.005015,4.44,-0.0168,4.2e-05,29.4,23.766971,86.410125
2026-05-31 05:00:00,N06,0.1018,0.005015,3.99,-0.0164,0.000248,31.2,23.766971,86.410125
2026-05-31 06:00:00,N06,-0.2609,0.006471,5.99,-0.0163,0.000227,33.2,23.766971,86.410125
2026-05-31 07:00:00,N06,0.1191,0.006103,4.57,-0.0168,5.4e-05,35.1,23.766971,86.410125
2026-05-31 08:00:00,N06,-0.1697,0.008419,9.27,-0.0164,0.000509,36.9,23.766971,86.410125
2026-05-31 09:00:00,N06,-0.0013,0.008646,8.1,-0.0158,0.000119,38.5,23.766971,86.410125
2026-05-31 10:00:00,N06,0.2115,0.006939,1.3,-0.0162,0.00063,39.7,23.766971,86.410125
2026-05-31 11:00:00,N06,-0.0588,0.006772,8.77,-0.0171,0.000135,40.4,23.766971,86.410125
2026-05-31 12:00:00,N06,0.4023,0.00552,5.19,-0.0165,0.002545,40.7,23.766971,86.410125
2026-05-31 13:00:00,N06,-0.0162,0.503151,29.59,-0.0222,0.007972,40.4,23.766971,86.410125
2026-05-31 14:00:00,N06,-0.0257,0.919901,35.88,-0.0324,0.003234,39.7,23.766971,86.410125
2026-05-31 15:00:00,N06,0.0289,0.006452,4.06,-0.0157,0.008598,38.5,23.766971,86.410125
2026-05-31 16:00:00,N06,,,,,,,23.766971,86.410125
2026-05-31 17:00:00,N06,,,,,,,23.766971,86.410125
2026-05-31 18:00:00,N06,,,,,,,23.766971,86.410125
2026-05-31 19:00:00,N06,,,,,,,23.766971,86.410125
2026-05-31 20:00:00,N06,,,,,,,23.766971,86.410125
2026-05-31 21:00:00,N06,-0.1478,0.006621,1.43,-0.0175,0.000217,27.9,23.766971,86.410125
2026-05-31 22:00:00,N06,0.073,0.00537,2.02,-0.0174,7.2e-05,26.7,23.766971,86.410125
2026-05-31 23:00:00,N06,0.0045,0.007216,8.15,-0.0177,0.000136,25.9,23.766971,86.410125
2026-06-01 00:00:00,N06,-0.1654,0.006447,8.25,-0.0177,5.7e-05,24.6,23.766971,86.410125
2026-06-01 01:00:00,N06,-0.2763,0.00619,4.21,-0.0178,6.6e-05,24.9,23.766971,86.410125
2026-06-01 02:00:00,N06,0.0002,0.006214,4.81,-0.0175,0.0003,25.6,23.766971,86.410125
2026-06-01 03:00:00,N06,-0.0211,0.005687,9.08,-0.0172,0.000421,26.8,23.766971,86.410125
2026-06-01 04:00:00,N06,0.1777,0.008384,6.39,-0.0167,0.000364,28.4,23.766971,86.410125
2026-06-01 05:00:00,N06,-0.0009,0.005664,5.06,-0.0165,1.2e-05,30.2,23.766971,86.410125
2026-06-01 06:00:00,N06,0.0469,0.00627,6.75,-0.0167,0.000307,32.1,23.766971,86.410125
2026-06-01 07:00:00,N06,0.0363,0.007658,8.31,-0.0171,0.00014,34.1,23.766971,86.410125
2026-06-01 08:00:00,N06,-0.0465,0.008899,3.26,-0.017,0.000302,35.9,23.766971,86.410125
2026-06-01 09:00:00,N06,-0.0025,0.005398,1.4,-0.0165,0.000408,37.4,23.766971,86.410125
2026-06-01 10:00:00,N06,-0.1713,0.007587,9.63,-0.0162,0.00069,38.6,23.766971,86.410125
2026-06-01 11:00:00,N06,0.0362,0.007554,5.54,-0.0151,0.000602,39.4,23.766971,86.410125
2026-06-01 12:00:00,N06,0.078,0.006309,5.27,-0.015,0.00067,39.6,23.766971,86.410125
2026-06-01 13:00:00,N06,0.0835,0.006434,1.29,-0.0138,0.010509,39.4,23.766971,86.410125
2026-06-01 14:00:00,N06,0.3958,0.686188,33.1,0.006,0.009728,38.6,23.766971,86.410125
2026-06-01 15:00:00,N06,0.0423,0.544165,29.89,0.0057,0.009627,37.4,23.766971,86.410125
2026-06-01 16:00:00,N06,-0.1383,0.006947,7.71,-0.0132,0.00923,35.9,23.766971,86.410125
2026-06-01 17:00:00,N06,-0.216,0.005672,3.19,-0.0128,0.000202,34.1,23.766971,86.410125
2026-06-01 18:00:00,N06,-0.1225,0.007962,7.09,-0.0128,0.000209,32.1,23.766971,86.410125
2026-06-01 19:00:00,N06,0.0659,0.007152,6.49,-0.0132,0.000481,30.2,23.766971,86.410125
2026-06-01 20:00:00,N06,-0.1036,0.005525,2.0,-0.0138,0.000203,28.4,23.766971,86.410125
2026-06-01 21:00:00,N06,0.0924,0.00501,1.88,-0.0136,0.000583,26.8,23.766971,86.410125
2026-06-01 22:00:00,N06,0.0355,0.007286,4.63,-0.0126,0.000761,25.6,23.766971,86.410125
2026-06-01 23:00:00,N06,0.2577,0.005203,6.54,-0.0121,0.000268,24.9,23.766971,86.410125
2026-06-02 00:00:00,N06,0.0776,0.007863,8.13,-0.0121,0.00015,25.0,23.766971,86.410125
2026-06-02 01:00:00,N06,0.229,0.006485,5.33,-0.0124,4.2e-05,25.2,23.766971,86.410125
2026-06-02 02:00:00,N06,-0.1661,0.00572,4.52,-0.012,0.000251,26.0,23.766971,86.410125
2026-06-02 03:00:00,N06,-0.0567,0.006393,3.26,-0.0119,0.000127,27.2,23.766971,86.410125
2026-06-02 04:00:00,N06,-0.1621,0.005814,4.51,-0.0117,0.000119,28.7,23.766971,86.410125
2026-06-02 05:00:00,N06,-0.2267,0.005725,5.39,-0.0121,0.00025,30.5,23.766971,86.410125
2026-06-02 06:00:00,N06,,,,,,,23.766971,86.410125
2026-06-02 07:00:00,N06,,,,,,,23.766971,86.410125
2026-06-02 08:00:00,N06,,,,,,,23.766971,86.410125
2026-06-02 09:00:00,N06,0.1901,0.005077,6.94,-0.0121,0.007023,37.8,23.766971,86.410125
2026-06-02 10:00:00,N06,-0.0692,0.534889,18.05,-0.0246,0.000238,39.0,23.766971,86.410125
2026-06-02 11:00:00,N06,0.0618,0.005937,6.15,-0.0126,0.005912,39.7,23.766971,86.410125
2026-06-02 12:00:00,N06,0.3658,0.005482,2.04,-0.0128,0.000502,40.0,23.766971,86.410125
2026-06-02 13:00:00,N06,0.1974,0.006402,2.03,-0.0136,0.00026,39.7,23.766971,86.410125
2026-06-02 14:00:00,N06,-0.0455,0.005648,2.17,-0.0133,8.5e-05,39.0,23.766971,86.410125
2026-06-02 15:00:00,N06,0.0044,0.007514,9.85,-0.0137,0.000367,37.8,23.766971,86.410125
2026-06-02 16:00:00,N06,-0.0801,0.006022,1.82,-0.0141,0.000376,36.2,23.766971,86.410125
2026-06-02 17:00:00,N06,0.0587,0.005635,6.12,-0.013,0.000139,34.4,23.766971,86.410125
2026-06-02 18:00:00,N06,,,,,,,23.766971,86.410125
2026-06-02 19:00:00,N06,,,,,,,23.766971,86.410125
2026-06-02 20:00:00,N06,,,,,,,23.766971,86.410125
2026-06-02 21:00:00,N06,,,,,,,23.766971,86.410125
2026-06-02 22:00:00,N06,,,,,,,23.766971,86.410125
2026-06-02 23:00:00,N06,0.0981,0.005045,1.97,-0.013,0.000312,25.2,23.766971,86.410125
2026-06-03 00:00:00,N06,-0.2379,0.005768,2.05,-0.0141,0.000355,24.4,23.766971,86.410125
2026-06-03 01:00:00,N06,-0.0292,0.008154,5.18,-0.0137,0.000127,24.7,23.766971,86.410125
2026-06-03 02:00:00,N06,0.0779,0.005132,3.49,-0.0144,5e-05,25.4,23.766971,86.410125
2026-06-03 03:00:00,N06,-0.1137,0.006331,4.98,-0.0138,0.000212,26.6,23.766971,86.410125
2026-06-03 04:00:00,N06,0.2473,0.007039,5.71,-0.0139,0.000276,28.2,23.766971,86.410125
2026-06-03 05:00:00,N06,0.0806,0.008133,1.48,-0.0133,0.0002,30.0,23.766971,86.410125
2026-06-03 06:00:00,N06,0.0209,0.00605,2.8,-0.0135,0.000885,31.9,23.766971,86.410125
2026-06-03 07:00:00,N06,-0.0323,0.00545,8.49,-0.015,0.000814,33.9,23.766971,86.410125
2026-06-03 08:00:00,N06,0.164,0.005711,5.69,-0.0152,9.3e-05,35.7,23.766971,86.410125
2026-06-03 09:00:00,N06,0.0547,0.005113,4.9,-0.0149,0.004782,37.2,23.766971,86.410125
2026-06-03 10:00:00,N06,0.2718,0.932208,43.33,-0.0247,0.00483,38.4,23.766971,86.410125
2026-06-03 11:00:00,N06,-0.1561,0.670968,42.74,-0.0245,0.005174,39.2,23.766971,86.410125
2026-06-03 12:00:00,N06,-0.2108,0.007819,8.7,-0.0144,0.00902,39.4,23.766971,86.410125
2026-06-03 13:00:00,N06,-0.1137,0.88935,16.24,-0.0065,0.000501,39.2,23.766971,86.410125
2026-06-03 14:00:00,N06,-0.2087,0.00626,2.34,-0.0134,0.003346,38.4,23.766971,86.410125
2026-06-03 15:00:00,N06,-0.0005,0.008237,9.76,-0.0132,0.00703,37.2,23.766971,86.410125
2026-06-03 16:00:00,N06,-0.1361,0.629335,49.05,0.0007,0.000236,35.7,23.766971,86.410125
2026-06-03 17:00:00,N06,-0.1647,0.009548,1.87,-0.0136,0.007286,33.9,23.766971,86.410125
2026-06-03 18:00:00,N06,0.1713,0.007611,2.95,-0.0139,0.000359,31.9,23.766971,86.410125
2026-06-03 19:00:00,N06,-0.2025,0.006495,3.04,-0.0144,0.000137,30.0,23.766971,86.410125
2026-06-03 20:00:00,N06,0.0458,0.005759,6.57,-0.0142,0.000555,28.2,23.766971,86.410125
2026-06-03 21:00:00,N06,-0.1769,0.007841,1.01,-0.0155,0.000653,26.6,23.766971,86.410125
2026-06-03 22:00:00,N06,-0.1622,0.006845,7.2,-0.0155,0.00015,25.4,23.766971,86.410125
2026-06-03 23:00:00,N06,-0.0864,0.007075,6.11,-0.0158,0.000174,24.7,23.766971,86.410125
2026-06-04 00:00:00,N06,0.1678,0.005689,9.8,-0.0158,2.6e-05,25.3,23.766971,86.410125
2026-06-04 01:00:00,N06,0.1629,0.008524,1.33,-0.0157,0.000123,25.6,23.766971,86.410125
2026-06-04 02:00:00,N06,0.0127,0.007087,1.14,-0.0161,0.000262,26.3,23.766971,86.410125
2026-06-04 03:00:00,N06,-0.1681,0.007168,8.72,-0.0162,0.000147,27.5,23.766971,86.410125
2026-06-04 04:00:00,N06,-0.1268,0.008352,9.46,-0.0164,0.000352,29.1,23.766971,86.410125
2026-06-04 05:00:00,N06,-0.148,0.008065,4.03,-0.0169,0.000348,30.9,23.766971,86.410125
2026-06-04 06:00:00,N06,0.1112,0.006491,2.11,-0.017,0.000471,32.8,23.766971,86.410125
2026-06-04 07:00:00,N06,-0.0376,0.005218,6.76,-0.0179,0.000389,34.8,23.766971,86.410125
2026-06-04 08:00:00,N06,-0.0209,0.007583,3.57,-0.0178,0.000295,36.6,23.766971,86.410125
2026-06-04 09:00:00,N06,0.0475,0.008452,8.34,-0.0185,4.7e-05,38.1,23.766971,86.410125
2026-06-04 10:00:00,N06,0.0203,0.005329,1.35,-0.0179,3.5e-05,39.3,23.766971,86.410125
2026-06-04 11:00:00,N06,0.2157,0.005254,6.43,-0.0185,0.000106,40.1,23.766971,86.410125
2026-06-04 12:00:00,N06,-0.1048,0.00531,9.95,-0.0181,7.2e-05,40.3,23.766971,86.410125
2026-06-04 13:00:00,N06,0.0889,0.006846,2.31,-0.0184,0.000473,40.1,23.766971,86.410125
2026-06-04 14:00:00,N06,0.2852,0.006133,3.99,-0.0172,0.009023,39.3,23.766971,86.410125
2026-06-04 15:00:00,N06,-0.0188,0.594102,45.1,-0.0364,0.00962,38.1,23.766971,86.410125
2026-06-04 16:00:00,N06,0.1622,0.62423,32.25,-0.0364,0.009932,36.6,23.766971,86.410125
2026-06-04 17:00:00,N06,,,,,,,23.766971,86.410125
2026-06-04 18:00:00,N06,,,,,,,23.766971,86.410125
2026-06-04 19:00:00,N06,,,,,,,23.766971,86.410125
2026-06-04 20:00:00,N06,-0.0698,0.005335,4.56,-0.0155,5.9e-05,29.1,23.766971,86.410125
2026-06-04 21:00:00,N06,0.2352,0.005836,2.96,-0.0159,0.000289,27.5,23.766971,86.410125
2026-06-04 22:00:00,N06,0.233,0.005867,7.92,-0.0161,9.4e-05,26.3,23.766971,86.410125
2026-06-04 23:00:00,N06,0.0752,0.007711,5.6,-0.0157,0.000527,25.6,23.766971,86.410125
2026-06-05 00:00:00,N06,-0.1889,0.00502,8.42,-0.015,7e-05,27.0,23.766971,86.410125
2026-06-05 01:00:00,N06,-0.1549,0.008804,4.94,-0.0155,0.000417,27.3,23.766971,86.410125
2026-06-05 02:00:00,N06,0.0114,0.005493,5.94,-0.0159,0.000298,28.0,23.766971,86.410125
2026-06-05 03:00:00,N06,0.3422,0.005874,7.25,-0.0161,0.000256,29.2,23.766971,86.410125
2026-06-05 04:00:00,N06,0.2211,0.007855,4.14,-0.0164,0.000321,30.8,23.766971,86.410125
2026-06-05 05:00:00,N06,0.1637,0.007714,8.37,-0.0155,0.000141,32.6,23.766971,86.410125
2026-06-05 06:00:00,N06,,,,,,,23.766971,86.410125
2026-06-05 07:00:00,N06,0.0062,0.793919,24.31,-0.0254,4.4e-05,36.4,23.766971,86.410125
2026-06-05 08:00:00,N06,0.0935,0.00699,7.94,-0.0162,0.004493,38.3,23.766971,86.410125
2026-06-05 09:00:00,N06,-0.0058,0.010572,9.41,-0.0164,0.000316,39.8,23.766971,86.410125
2026-06-05 10:00:00,N06,-0.0018,0.005987,7.54,-0.0168,0.000146,41.0,23.766971,86.410125
2026-06-05 11:00:00,N06,0.4207,0.006646,6.91,-0.0167,0.00025,41.7,23.766971,86.410125
2026-06-05 12:00:00,N06,0.0818,0.006855,7.11,-0.0173,0.000645,42.0,23.766971,86.410125
2026-06-05 13:00:00,N06,-0.0443,0.007443,5.76,-0.018,0.000115,41.7,23.766971,86.410125
2026-06-05 14:00:00,N06,0.0011,0.008779,8.23,-0.0175,0.000353,41.0,23.766971,86.410125
2026-06-05 15:00:00,N06,-0.1408,0.006036,5.81,-0.0173,0.000437,39.8,23.766971,86.410125
2026-06-05 16:00:00,N06,0.0369,0.005164,5.58,-0.0167,0.000628,38.3,23.766971,86.410125
2026-06-05 17:00:00,N06,-0.027,0.007272,8.92,-0.0161,1e-06,36.4,23.766971,86.410125
2026-06-05 18:00:00,N06,0.1284,0.006908,6.65,-0.0167,0.000181,34.5,23.766971,86.410125
2026-06-05 19:00:00,N06,-0.1569,0.007436,4.96,-0.0164,0.000238,32.6,23.766971,86.410125
2026-06-05 20:00:00,N06,-0.048,0.005218,6.65,-0.0162,0.00014,30.8,23.766971,86.410125
2026-06-05 21:00:00,N06,0.0492,0.007159,7.84,-0.0162,9.7e-05,29.2,23.766971,86.410125
2026-06-05 22:00:00,N06,0.1139,0.005208,1.95,-0.0164,0.000179,28.0,23.766971,86.410125
2026-06-05 23:00:00,N06,0.052,0.00543,2.39,-0.0165,0.000158,27.3,23.766971,86.410125
2026-06-06 00:00:00,N06,-0.1943,0.008417,8.08,-0.0161,0.000284,25.9,23.766971,86.410125
2026-06-06 01:00:00,N06,-0.1031,0.006822,8.78,-0.0171,0.00023,26.2,23.766971,86.410125
2026-06-06 02:00:00,N06,-0.1923,0.006494,4.15,-0.0165,0.00049,26.9,23.766971,86.410125
2026-06-06 03:00:00,N06,-0.0364,0.005697,8.74,-0.0161,0.000366,28.1,23.766971,86.410125
2026-06-06 04:00:00,N06,,,,,,,23.766971,86.410125
2026-06-06 05:00:00,N06,,,,,,,23.766971,86.410125
2026-06-06 06:00:00,N06,,,,,,,23.766971,86.410125
2026-06-06 07:00:00,N06,,,,,,,23.766971,86.410125
2026-06-06 08:00:00,N06,,,,,,,23.766971,86.410125
2026-06-06 09:00:00,N06,-0.0111,0.006233,7.4,-0.016,0.00025,38.7,23.766971,86.410125
2026-06-06 10:00:00,N06,0.1975,0.005209,8.22,-0.0167,0.000828,39.9,23.766971,86.410125
2026-06-06 11:00:00,N06,,,,,,,23.766971,86.410125
2026-06-06 12:00:00,N06,,,,,,,23.766971,86.410125
2026-06-06 13:00:00,N06,,,,,,,23.766971,86.410125
2026-06-06 14:00:00,N06,,,,,,,23.766971,86.410125
2026-06-06 15:00:00,N06,-0.0786,0.005219,7.09,-0.0188,0.002277,38.7,23.766971,86.410125
2026-06-06 16:00:00,N06,-0.0706,0.005159,6.59,-0.019,0.006871,37.2,23.766971,86.410125
2026-06-06 17:00:00,N06,-0.1099,0.678667,38.0,-0.0051,0.000383,35.4,23.766971,86.410125
2026-06-06 18:00:00,N06,-0.3454,0.006431,1.01,-0.0182,0.006409,33.4,23.766971,86.410125
2026-06-06 19:00:00,N06,-0.0759,0.005179,4.32,-0.0179,0.000382,31.5,23.766971,86.410125
2026-06-06 20:00:00,N06,-0.1999,0.00629,8.5,-0.0174,0.000712,29.7,23.766971,86.410125
2026-06-06 21:00:00,N06,0.1748,0.005564,3.57,-0.0165,0.000731,28.1,23.766971,86.410125
2026-06-06 22:00:00,N06,,,,,,,23.766971,86.410125
2026-06-06 23:00:00,N06,0.057,0.006411,7.64,-0.0163,0.000201,26.2,23.766971,86.410125
2026-06-07 00:00:00,N06,-0.1162,0.005992,4.14,-0.0164,0.000232,26.3,23.766971,86.410125
2026-06-07 01:00:00,N06,-0.0058,0.006255,7.69,-0.0167,7.3e-05,26.6,23.766971,86.410125
2026-06-07 02:00:00,N06,-0.0041,0.00652,2.48,-0.0165,0.000108,27.3,23.766971,86.410125
2026-06-07 03:00:00,N06,0.0598,0.005865,7.11,-0.0169,0.000246,28.5,23.766971,86.410125
2026-06-07 04:00:00,N06,0.1248,0.006868,1.1,-0.017,0.000285,30.1,23.766971,86.410125
2026-06-07 05:00:00,N06,-0.2416,0.006717,3.9,-0.0175,1.1e-05,31.9,23.766971,86.410125
2026-06-07 06:00:00,N06,,,,,,,23.766971,86.410125
2026-06-07 07:00:00,N06,,,,,,,23.766971,86.410125
2026-06-07 08:00:00,N06,,,,,,,23.766971,86.410125
2026-06-07 09:00:00,N06,0.0414,0.006186,7.89,-0.0168,0.000126,39.1,23.766971,86.410125
2026-06-07 10:00:00,N06,-0.1149,0.008193,1.5,-0.0173,0.000275,40.3,23.766971,86.410125
2026-06-07 11:00:00,N06,0.186,0.00863,8.65,-0.0163,0.000577,41.1,23.766971,86.410125
2026-06-07 12:00:00,N06,-0.0771,0.007242,7.09,-0.0161,2.3e-05,41.3,23.766971,86.410125
2026-06-07 13:00:00,N06,0.2641,0.005955,7.17,-0.0162,0.00011,41.1,23.766971,86.410125
2026-06-07 14:00:00,N06,-0.2923,0.00652,9.78,-0.0163,0.000117,40.3,23.766971,86.410125
2026-06-07 15:00:00,N06,-0.0479,0.005665,6.57,-0.0165,0.008118,39.1,23.766971,86.410125
2026-06-07 16:00:00,N06,-0.0156,0.596178,44.69,-0.0001,0.000298,37.6,23.766971,86.410125
2026-06-07 17:00:00,N06,-0.0618,0.008659,6.45,-0.0159,0.007505,35.8,23.766971,86.410125
2026-06-07 18:00:00,N06,-0.145,0.005987,9.19,-0.0151,0.000301,33.8,23.766971,86.410125
2026-06-07 19:00:00,N06,0.0127,0.006306,3.38,-0.0153,3.6e-05,31.9,23.766971,86.410125
2026-06-07 20:00:00,N06,-0.0829,0.005096,4.39,-0.015,0.000289,30.1,23.766971,86.410125
2026-06-07 21:00:00,N06,-0.0477,0.006125,1.6,-0.0147,0.000441,28.5,23.766971,86.410125
2026-06-07 22:00:00,N06,-0.0405,0.005654,1.63,-0.0142,0.00037,27.3,23.766971,86.410125
2026-06-07 23:00:00,N06,-0.1833,0.006641,1.34,-0.014,0.000266,26.6,23.766971,86.410125
2026-06-08 00:00:00,N06,-0.0385,0.006413,4.6,-0.0136,2.8e-05,24.6,23.766971,86.410125
2026-06-08 01:00:00,N06,-0.1364,0.00586,4.57,-0.014,0.000169,24.9,23.766971,86.410125
2026-06-08 02:00:00,N06,0.0099,0.006942,6.68,-0.014,0.000407,25.6,23.766971,86.410125
2026-06-08 03:00:00,N06,-0.0614,0.005894,8.81,-0.0148,0.000281,26.8,23.766971,86.410125
2026-06-08 04:00:00,N06,0.3172,0.007989,9.25,-0.0145,0.000208,28.4,23.766971,86.410125
2026-06-08 05:00:00,N06,0.0167,0.005417,1.62,-0.0144,0.009015,30.2,23.766971,86.410125
2026-06-08 06:00:00,N06,-0.1032,0.559012,28.47,0.0035,0.009124,32.1,23.766971,86.410125
2026-06-08 07:00:00,N06,0.0452,0.967212,22.66,0.0038,0.008684,34.1,23.766971,86.410125
2026-06-08 08:00:00,N06,0.0106,0.005975,4.33,-0.0139,0.018708,35.9,23.766971,86.410125
2026-06-08 09:00:00,N06,-0.0734,0.607498,35.66,-0.0336,0.009322,37.4,23.766971,86.410125
2026-06-08 10:00:00,N06,-0.2216,0.631734,36.12,-0.0325,0.01014,38.6,23.766971,86.410125
2026-06-08 11:00:00,N06,0.1197,0.007279,9.13,-0.0133,0.009154,39.4,23.766971,86.410125
2026-06-08 12:00:00,N06,0.0129,0.005571,6.89,-0.0142,0.001159,39.6,23.766971,86.410125
2026-06-08 13:00:00,N06,0.071,0.005475,5.81,-0.0156,0.000493,39.4,23.766971,86.410125
2026-06-08 14:00:00,N06,0.3682,0.005277,4.16,-0.0152,0.0004,38.6,23.766971,86.410125
2026-06-08 15:00:00,N06,-0.0059,0.006177,4.55,-0.0148,0.000142,37.4,23.766971,86.410125
2026-06-08 16:00:00,N06,-0.1357,0.006938,8.12,-0.0149,0.008655,35.9,23.766971,86.410125
2026-06-08 17:00:00,N06,0.0537,0.606729,32.77,0.0025,0.008582,34.1,23.766971,86.410125
2026-06-08 18:00:00,N06,0.1881,0.702424,29.08,0.0023,0.00902,32.1,23.766971,86.410125
2026-06-08 19:00:00,N06,-0.0779,0.006824,9.39,-0.0156,0.009126,30.2,23.766971,86.410125
2026-06-08 20:00:00,N06,-0.2167,0.007717,2.15,-0.016,0.000274,28.4,23.766971,86.410125
2026-06-08 21:00:00,N06,0.2021,0.006474,3.01,-0.0161,3.4e-05,26.8,23.766971,86.410125
2026-06-08 22:00:00,N06,-0.0907,0.005194,4.54,-0.0161,0.00027,25.6,23.766971,86.410125
2026-06-08 23:00:00,N06,,,,,,,23.766971,86.410125
2026-06-09 00:00:00,N06,,,,,,,23.766971,86.410125
2026-06-09 01:00:00,N06,,,,,,,23.766971,86.410125
2026-06-09 02:00:00,N06,,,,,,,23.766971,86.410125
2026-06-09 03:00:00,N06,,,,,,,23.766971,86.410125
2026-06-09 04:00:00,N06,0.021,0.007206,2.33,-0.0182,0.000466,29.0,23.766971,86.410125
2026-06-09 05:00:00,N06,0.0243,0.006122,3.51,-0.0186,0.000455,30.8,23.766971,86.410125
2026-06-09 06:00:00,N06,-0.2749,0.00586,1.31,-0.0191,0.008056,32.7,23.766971,86.410125
2026-06-09 07:00:00,N06,,,,,,,23.766971,86.410125
2026-06-09 08:00:00,N06,,,,,,,23.766971,86.410125
2026-06-09 09:00:00,N06,-0.0022,0.005972,3.06,-0.0191,6e-05,38.0,23.766971,86.410125
2026-06-09 10:00:00,N06,0.0617,0.007386,3.62,-0.019,0.003977,39.2,23.766971,86.410125
2026-06-09 11:00:00,N06,,,,,,,23.766971,86.410125
2026-06-09 12:00:00,N06,0.1697,0.005389,3.57,-0.0192,0.003476,40.2,23.766971,86.410125
2026-06-09 13:00:00,N06,-0.1215,0.006683,2.61,-0.0201,0.000115,39.9,23.766971,86.410125
2026-06-09 14:00:00,N06,0.1533,0.006468,2.93,-0.019,9e-06,39.2,23.766971,86.410125
2026-06-09 15:00:00,N06,0.156,0.005151,5.36,-0.0201,0.000438,38.0,23.766971,86.410125
2026-06-09 16:00:00,N06,-0.0186,0.0056,8.63,-0.0199,0.000345,36.5,23.766971,86.410125
2026-06-09 17:00:00,N06,-0.192,0.005559,8.32,-0.0208,0.000547,34.6,23.766971,86.410125
2026-06-09 18:00:00,N06,0.2393,0.0051,5.98,-0.021,6e-05,32.7,23.766971,86.410125
2026-06-09 19:00:00,N06,-0.0849,0.008079,9.2,-0.0207,4.1e-05,30.8,23.766971,86.410125
2026-06-09 20:00:00,N06,-0.2762,0.005252,1.17,-0.0209,0.000207,29.0,23.766971,86.410125
2026-06-09 21:00:00,N06,-0.2177,0.006526,4.16,-0.0211,4.5e-05,27.4,23.766971,86.410125
2026-06-09 22:00:00,N06,0.0545,0.010984,7.3,-0.021,0.000254,26.2,23.766971,86.410125
2026-06-09 23:00:00,N06,0.1393,0.006732,2.3,-0.0206,0.000593,25.5,23.766971,86.410125
2026-06-10 00:00:00,N06,0.1659,0.007919,5.55,-0.0198,0.000488,24.8,23.766971,86.410125
2026-06-10 01:00:00,N06,-0.0131,0.007358,6.88,-0.0196,5e-05,25.0,23.766971,86.410125
2026-06-10 02:00:00,N06,-0.0835,0.007315,3.25,-0.0197,0.000115,25.8,23.766971,86.410125
2026-06-10 03:00:00,N06,-0.0046,0.006607,8.31,-0.0198,0.000583,27.0,23.766971,86.410125
2026-06-10 04:00:00,N06,0.0306,0.005979,3.28,-0.0209,0.000697,28.5,23.766971,86.410125
2026-06-10 05:00:00,N06,-0.3089,0.005943,3.39,-0.0212,0.000316,30.3,23.766971,86.410125
2026-06-10 06:00:00,N06,0.0261,0.009114,1.77,-0.0215,0.00014,32.3,23.766971,86.410125
2026-06-10 07:00:00,N06,0.0135,0.008906,6.16,-0.0209,0.007962,34.2,23.766971,86.410125
2026-06-10 08:00:00,N06,-0.0552,0.559563,17.17,-0.0374,7.6e-05,36.0,23.766971,86.410125
2026-06-10 09:00:00,N06,-0.346,0.005512,6.09,-0.0208,0.008248,37.6,23.766971,86.410125
2026-06-10 10:00:00,N06,0.0405,0.006307,8.33,-0.0209,0.009619,38.8,23.766971,86.410125
2026-06-10 11:00:00,N06,0.0193,0.618851,47.7,-0.04,0.000165,39.5,23.766971,86.410125
2026-06-10 12:00:00,N06,0.0923,0.008136,3.97,-0.0213,0.009297,39.8,23.766971,86.410125
2026-06-10 13:00:00,N06,0.0231,0.00576,4.64,-0.0214,0.000268,39.5,23.766971,86.410125
2026-06-10 14:00:00,N06,0.1349,0.005052,5.05,-0.0218,4e-06,38.8,23.766971,86.410125
2026-06-10 15:00:00,N06,-0.0146,0.006433,3.29,-0.0214,0.00027,37.6,23.766971,86.410125
2026-06-10 16:00:00,N06,0.1193,0.006789,2.11,-0.0213,0.00033,36.0,23.766971,86.410125
2026-06-10 17:00:00,N06,-0.1105,0.005179,1.93,-0.0221,0.000345,34.2,23.766971,86.410125
2026-06-10 18:00:00,N06,0.1027,0.008472,3.16,-0.0219,0.000551,32.3,23.766971,86.410125
2026-06-10 19:00:00,N06,-0.3756,0.005374,9.7,-0.021,0.000246,30.3,23.766971,86.410125
2026-06-10 20:00:00,N06,-0.0334,0.005593,5.54,-0.0215,0.000315,28.5,23.766971,86.410125
2026-06-10 21:00:00,N06,-0.0171,0.007662,3.26,-0.0216,0.000331,27.0,23.766971,86.410125
2026-06-10 22:00:00,N06,-0.0343,0.006327,5.23,-0.0208,0.000366,25.8,23.766971,86.410125
2026-06-10 23:00:00,N06,-0.3314,0.008374,6.9,-0.0209,0.00014,25.0,23.766971,86.410125
2026-06-11 00:00:00,N06,-0.2536,0.006456,9.37,-0.0211,0.00018,22.5,23.766971,86.410125
2026-06-11 01:00:00,N06,0.0504,0.005007,9.19,-0.0205,3.5e-05,22.8,23.766971,86.410125
2026-06-11 02:00:00,N06,0.0774,0.00537,8.85,-0.0211,5.7e-05,23.5,23.766971,86.410125
2026-06-11 03:00:00,N06,0.1392,0.005091,4.57,-0.0206,0.000206,24.7,23.766971,86.410125
2026-06-11 04:00:00,N06,-0.1417,0.006859,5.65,-0.0207,0.000405,26.2,23.766971,86.410125
2026-06-11 05:00:00,N06,-0.072,0.007045,1.99,-0.0215,0.000497,28.1,23.766971,86.410125
2026-06-11 06:00:00,N06,0.0945,0.005555,6.92,-0.0217,0.004169,30.0,23.766971,86.410125
2026-06-11 07:00:00,N06,-0.2173,0.896734,18.36,-0.0298,0.004426,31.9,23.766971,86.410125
2026-06-11 08:00:00,N06,-0.1226,0.882902,32.96,-0.0306,0.000241,33.7,23.766971,86.410125
2026-06-11 09:00:00,N06,0.2051,0.518162,33.81,-0.0303,0.004504,35.3,23.766971,86.410125
2026-06-11 10:00:00,N06,0.0841,0.006574,7.74,-0.0216,0.00451,36.5,23.766971,86.410125
2026-06-11 11:00:00,N06,-0.1696,0.006387,8.44,-0.0213,0.000443,37.2,23.766971,86.410125
2026-06-11 12:00:00,N06,0.1836,0.0065,4.36,-0.0207,1.7e-05,37.5,23.766971,86.410125
2026-06-11 13:00:00,N06,0.2261,0.005399,8.15,-0.0212,0.000325,37.2,23.766971,86.410125
2026-06-11 14:00:00,N06,0.0143,0.007419,5.07,-0.0213,2.4e-05,36.5,23.766971,86.410125
2026-06-11 15:00:00,N06,-0.364,0.00521,3.78,-0.0212,0.005046,35.3,23.766971,86.410125
2026-06-11 16:00:00,N06,0.0194,0.571836,22.85,-0.0112,0.004685,33.7,23.766971,86.410125
2026-06-11 17:00:00,N06,-0.0112,0.733304,20.63,-0.0118,0.005502,31.9,23.766971,86.410125
2026-06-11 18:00:00,N06,,,,,,,23.766971,86.410125
2026-06-11 19:00:00,N06,-0.1192,0.006731,1.96,-0.0225,8.8e-05,28.1,23.766971,86.410125
2026-06-11 20:00:00,N06,-0.253,0.007503,6.42,-0.0224,0.000197,26.2,23.766971,86.410125
2026-06-11 21:00:00,N06,-0.2662,0.005645,6.5,-0.0221,0.000182,24.7,23.766971,86.410125
2026-06-11 22:00:00,N06,-0.0952,0.006718,9.0,-0.0228,0.000459,23.5,23.766971,86.410125
2026-06-11 23:00:00,N06,0.1144,0.006029,4.31,-0.023,5.4e-05,22.8,23.766971,86.410125
2026-06-12 00:00:00,N06,0.1521,0.007082,6.23,-0.0229,0.000605,23.0,23.766971,86.410125
2026-06-12 01:00:00,N06,-0.2559,0.005592,2.42,-0.0218,0.000628,23.2,23.766971,86.410125
2026-06-12 02:00:00,N06,-0.1063,0.007027,8.65,-0.0216,9.4e-05,24.0,23.766971,86.410125
2026-06-12 03:00:00,N06,-0.1786,0.005399,9.48,-0.0217,0.000142,25.1,23.766971,86.410125
2026-06-12 04:00:00,N06,-0.0524,0.006611,9.56,-0.0219,0.000417,26.7,23.766971,86.410125
2026-06-12 05:00:00,N06,-0.098,0.005361,5.94,-0.0225,0.000126,28.5,23.766971,86.410125
2026-06-12 06:00:00,N06,-0.0402,0.006754,3.89,-0.0222,0.002634,30.5,23.766971,86.410125
2026-06-12 07:00:00,N06,0.0209,0.819599,47.83,-0.0278,0.006876,32.4,23.766971,86.410125
2026-06-12 08:00:00,N06,-0.2388,0.883824,43.43,-0.0359,0.0013,34.2,23.766971,86.410125
2026-06-12 09:00:00,N06,0.1107,0.782898,47.97,-0.0304,0.006793,35.8,23.766971,86.410125
2026-06-12 10:00:00,N06,-0.1277,0.006927,9.95,-0.0223,0.004034,36.9,23.766971,86.410125
2026-06-12 11:00:00,N06,0.1215,0.005296,5.32,-0.0223,0.000693,37.7,23.766971,86.410125
2026-06-12 12:00:00,N06,-0.0482,0.007527,9.59,-0.021,0.000622,38.0,23.766971,86.410125
2026-06-12 13:00:00,N06,0.0165,0.005143,6.27,-0.021,0.000251,37.7,23.766971,86.410125
2026-06-12 14:00:00,N06,,,,,,,23.766971,86.410125
2026-06-12 15:00:00,N06,,,,,,,23.766971,86.410125
2026-06-12 16:00:00,N06,,,,,,,23.766971,86.410125
2026-06-12 17:00:00,N06,0.0022,0.007631,9.52,-0.0204,0.000641,32.4,23.766971,86.410125
2026-06-12 18:00:00,N06,,,,,,,23.766971,86.410125
2026-06-12 19:00:00,N06,0.2879,0.00626,5.91,-0.0214,0.000413,28.5,23.766971,86.410125
2026-06-12 20:00:00,N06,-0.1642,0.005791,5.69,-0.0207,0.000776,26.7,23.766971,86.410125
2026-06-12 21:00:00,N06,-0.0712,0.005828,5.77,-0.0199,0.000542,25.1,23.766971,86.410125
2026-06-12 22:00:00,N06,0.0534,0.006584,9.42,-0.0196,0.000453,24.0,23.766971,86.410125
2026-06-12 23:00:00,N06,,,,,,,23.766971,86.410125
2026-06-13 00:00:00,N06,,,,,,,23.766971,86.410125
2026-06-13 01:00:00,N06,-0.0399,0.010824,8.38,-0.0202,0.000332,25.7,23.766971,86.410125
2026-06-13 02:00:00,N06,-0.1956,0.008587,9.3,-0.0198,0.000275,26.4,23.766971,86.410125
2026-06-13 03:00:00,N06,-0.1178,0.009182,4.89,-0.0196,0.000443,27.6,23.766971,86.410125
2026-06-13 04:00:00,N06,-0.1216,0.007186,1.89,-0.0207,0.000284,29.2,23.766971,86.410125
2026-06-13 05:00:00,N06,0.1165,0.005306,2.53,-0.0202,0.000889,31.0,23.766971,86.410125
2026-06-13 06:00:00,N06,0.2069,0.00666,2.65,-0.0189,0.000392,32.9,23.766971,86.410125
2026-06-13 07:00:00,N06,-0.0894,0.00534,5.36,-0.0194,7.3e-05,34.9,23.766971,86.410125
2026-06-13 08:00:00,N06,0.0556,0.005094,7.65,-0.0188,0.000126,36.7,23.766971,86.410125
2026-06-13 09:00:00,N06,-0.0523,0.005805,7.67,-0.0192,0.000158,38.2,23.766971,86.410125
2026-06-13 10:00:00,N06,0.1815,0.005922,7.19,-0.0191,0.005292,39.4,23.766971,86.410125
2026-06-13 11:00:00,N06,,,,,,,23.766971,86.410125
2026-06-13 12:00:00,N06,,,,,,,23.766971,86.410125
2026-06-13 13:00:00,N06,,,,,,,23.766971,86.410125
2026-06-13 14:00:00,N06,,,,,,,23.766971,86.410125
2026-06-13 15:00:00,N06,0.0424,0.006883,8.87,-0.0195,2e-06,38.2,23.766971,86.410125
2026-06-13 16:00:00,N06,-0.0459,0.006728,5.65,-0.0194,8.7e-05,36.7,23.766971,86.410125
2026-06-13 17:00:00,N06,0.3421,0.006956,5.85,-0.0197,8.8e-05,34.9,23.766971,86.410125
2026-06-13 18:00:00,N06,0.07,0.008458,7.99,-0.0192,0.000203,32.9,23.766971,86.410125
2026-06-13 19:00:00,N06,-0.001,0.006938,5.72,-0.0193,0.000489,31.0,23.766971,86.410125
2026-06-13 20:00:00,N06,-0.2074,0.005855,2.69,-0.0202,4e-06,29.2,23.766971,86.410125
2026-06-13 21:00:00,N06,-0.1255,0.00929,3.61,-0.0193,0.000363,27.6,23.766971,86.410125
2026-06-13 22:00:00,N06,0.1239,0.008584,6.82,-0.0194,9.5e-05,26.4,23.766971,86.410125
2026-06-13 23:00:00,N06,0.1208,0.007225,6.85,-0.0195,0.000286,25.7,23.766971,86.410125
2026-06-14 00:00:00,N06,0.0673,0.005303,3.11,-0.0189,0.000519,25.5,23.766971,86.410125
2026-06-14 01:00:00,N06,0.0122,0.009868,2.24,-0.0184,8.3e-05,25.8,23.766971,86.410125
2026-06-14 02:00:00,N06,-0.1123,0.005648,7.54,-0.0187,0.000561,26.5,23.766971,86.410125
2026-06-14 03:00:00,N06,-0.1067,0.005181,8.42,-0.0196,0.000511,27.7,23.766971,86.410125
2026-06-14 04:00:00,N06,-0.029,0.008027,1.79,-0.0197,0.000159,29.3,23.766971,86.410125
2026-06-14 05:00:00,N06,-0.1208,0.005468,6.04,-0.0192,0.000147,31.1,23.766971,86.410125
2026-06-14 06:00:00,N06,0.248,0.005179,4.22,-0.0194,9.7e-05,33.0,23.766971,86.410125
2026-06-14 07:00:00,N06,0.1595,0.005339,5.53,-0.0194,0.001865,35.0,23.766971,86.410125
2026-06-14 08:00:00,N06,-0.1629,0.959251,42.5,-0.0157,0.000719,36.8,23.766971,86.410125
2026-06-14 09:00:00,N06,0.1395,0.005386,3.51,-0.0209,0.002683,38.3,23.766971,86.410125
2026-06-14 10:00:00,N06,0.1441,0.007392,3.64,-0.0211,0.000348,39.5,23.766971,86.410125
2026-06-14 11:00:00,N06,0.1036,0.005936,8.12,-0.0216,0.00012,40.3,23.766971,86.410125
2026-06-14 12:00:00,N06,0.0875,0.006224,3.85,-0.0213,2.9e-05,40.5,23.766971,86.410125
2026-06-14 13:00:00,N06,-0.1286,0.0054,7.79,-0.0216,0.008653,40.3,23.766971,86.410125
2026-06-14 14:00:00,N06,0.1342,0.941192,42.63,-0.004,0.008655,39.5,23.766971,86.410125
2026-06-14 15:00:00,N06,0.0143,0.780139,33.62,-0.0043,0.015735,38.3,23.766971,86.410125
2026-06-14 16:00:00,N06,,,,,,,23.766971,86.410125
2026-06-14 17:00:00,N06,,,,,,,23.766971,86.410125
2026-06-14 18:00:00,N06,,,,,,,23.766971,86.410125
2026-06-14 19:00:00,N06,,,,,,,23.766971,86.410125
2026-06-14 20:00:00,N06,,,,,,,23.766971,86.410125
2026-06-14 21:00:00,N06,0.0458,0.006331,3.3,-0.0245,0.000719,27.7,23.766971,86.410125
2026-06-14 22:00:00,N06,-0.0079,0.007842,8.31,-0.0234,0.000259,26.5,23.766971,86.410125
2026-06-14 23:00:00,N06,0.0479,0.007781,7.84,-0.024,0.000352,25.8,23.766971,86.410125
2026-06-15 00:00:00,N06,0.1761,0.006597,8.51,-0.0241,9e-05,24.5,23.766971,86.410125
2026-06-15 01:00:00,N06,,,,,,,23.766971,86.410125
2026-06-15 02:00:00,N06,-0.009,0.005804,5.9,-0.0231,0.000708,25.5,23.766971,86.410125
2026-06-15 03:00:00,N06,-0.2527,0.006986,8.72,-0.0224,0.00047,26.7,23.766971,86.410125
2026-06-15 04:00:00,N06,0.1842,0.005487,8.32,-0.0222,8.3e-05,28.2,23.766971,86.410125
2026-06-15 05:00:00,N06,-0.2542,0.010118,7.2,-0.0222,0.000139,30.0,23.766971,86.410125
2026-06-15 06:00:00,N06,-0.1724,0.009322,5.85,-0.0225,0.000366,32.0,23.766971,86.410125
2026-06-15 07:00:00,N06,-0.0718,0.005687,8.54,-0.0229,7.4e-05,33.9,23.766971,86.410125
2026-06-15 08:00:00,N06,0.0521,0.005317,1.6,-0.0226,0.000109,35.7,23.766971,86.410125
2026-06-15 09:00:00,N06,-0.0213,0.006981,2.89,-0.0227,0.000105,37.3,23.766971,86.410125
2026-06-15 10:00:00,N06,-0.0282,0.007029,6.35,-0.0228,0.000327,38.5,23.766971,86.410125
2026-06-15 11:00:00,N06,-0.1558,0.00545,1.33,-0.0234,0.008483,39.2,23.766971,86.410125
2026-06-15 12:00:00,N06,,,,,,,23.766971,86.410125
2026-06-15 13:00:00,N06,,,,,,,23.766971,86.410125
2026-06-15 14:00:00,N06,0.1148,0.009876,9.3,-0.0238,0.015272,38.5,23.766971,86.410125
2026-06-15 15:00:00,N06,0.3369,0.604153,31.7,-0.0369,4.6e-05,37.3,23.766971,86.410125
2026-06-15 16:00:00,N06,0.0623,0.007062,3.36,-0.0237,0.006591,35.7,23.766971,86.410125
2026-06-15 17:00:00,N06,-0.0538,0.006876,1.67,-0.0237,8.9e-05,33.9,23.766971,86.410125
2026-06-15 18:00:00,N06,0.0377,0.006675,8.1,-0.0239,0.000272,32.0,23.766971,86.410125
2026-06-15 19:00:00,N06,0.2127,0.005723,4.87,-0.0242,0.00043,30.0,23.766971,86.410125
2026-06-15 20:00:00,N06,-0.0827,0.005917,2.32,-0.0248,0.000131,28.2,23.766971,86.410125
2026-06-15 21:00:00,N06,0.1303,0.006244,4.07,-0.0245,1.3e-05,26.7,23.766971,86.410125
2026-06-15 22:00:00,N06,-0.0475,0.005403,6.06,-0.0248,3.9e-05,25.5,23.766971,86.410125
2026-06-15 23:00:00,N06,-0.1282,0.005748,9.38,-0.0244,0.000196,24.7,23.766971,86.410125
2026-06-16 00:00:00,N06,0.0415,0.007004,3.08,-0.0252,0.000535,27.2,23.766971,86.410125
2026-06-16 01:00:00,N06,-0.2323,0.006173,4.0,-0.0255,0.000324,27.5,23.766971,86.410125
2026-06-16 02:00:00,N06,0.362,0.008922,3.18,-0.0258,0.000111,28.2,23.766971,86.410125
2026-06-16 03:00:00,N06,-0.3573,0.005526,9.12,-0.0257,0.000414,29.4,23.766971,86.410125
2026-06-16 04:00:00,N06,0.0537,0.005756,9.36,-0.0267,8.2e-05,30.9,23.766971,86.410125
2026-06-16 05:00:00,N06,0.1751,0.007152,9.99,-0.0259,0.000124,32.8,23.766971,86.410125
2026-06-16 06:00:00,N06,-0.1064,0.008338,6.2,-0.0264,0.000349,34.7,23.766971,86.410125
2026-06-16 07:00:00,N06,0.2394,0.008745,5.49,-0.0266,0.000136,36.6,23.766971,86.410125
2026-06-16 08:00:00,N06,0.143,0.005201,6.4,-0.0262,0.000616,38.4,23.766971,86.410125
2026-06-16 09:00:00,N06,0.2973,0.0057,8.49,-0.0253,0.000628,40.0,23.766971,86.410125
2026-06-16 10:00:00,N06,-0.282,0.008026,4.38,-0.0249,0.000527,41.2,23.766971,86.410125
2026-06-16 11:00:00,N06,0.0469,0.006437,1.13,-0.0243,0.000352,41.9,23.766971,86.410125
2026-06-16 12:00:00,N06,,,,,,,23.766971,86.410125
2026-06-16 13:00:00,N06,,,,,,,23.766971,86.410125
2026-06-16 14:00:00,N06,,,,,,,23.766971,86.410125
2026-06-16 15:00:00,N06,0.0024,0.005804,9.02,-0.0242,0.000147,40.0,23.766971,86.410125
2026-06-16 16:00:00,N06,0.1684,0.007125,8.27,-0.0238,0.002903,38.4,23.766971,86.410125
2026-06-16 17:00:00,N06,0.34,0.846057,21.57,-0.03,0.003031,36.6,23.766971,86.410125
2026-06-16 18:00:00,N06,-0.0445,0.524585,49.09,-0.0299,0.003351,34.7,23.766971,86.410125
2026-06-16 19:00:00,N06,0.032,0.005081,6.31,-0.0233,0.003485,32.8,23.766971,86.410125
2026-06-16 20:00:00,N06,,,,,,,23.766971,86.410125
2026-06-16 21:00:00,N06,,,,,,,23.766971,86.410125
2026-06-16 22:00:00,N06,,,,,,,23.766971,86.410125
2026-06-16 23:00:00,N06,0.1004,0.007788,4.5,-0.0241,0.000279,27.5,23.766971,86.410125
2026-06-17 00:00:00,N06,-0.2272,0.005697,4.12,-0.0242,0.000138,23.3,23.766971,86.410125
2026-06-17 01:00:00,N06,0.0943,0.007183,8.64,-0.0239,0.000624,23.6,23.766971,86.410125
2026-06-17 02:00:00,N06,-0.0159,0.00651,8.14,-0.023,0.000399,24.3,23.766971,86.410125
2026-06-17 03:00:00,N06,0.0374,0.009459,2.28,-0.0231,0.000381,25.5,23.766971,86.410125
2026-06-17 04:00:00,N06,,,,,,,23.766971,86.410125
2026-06-17 05:00:00,N06,0.1585,0.007012,3.84,-0.0242,0.004719,28.9,23.766971,86.410125
2026-06-17 06:00:00,N06,0.3007,0.760631,49.01,-0.0332,0.000739,30.8,23.766971,86.410125
2026-06-17 07:00:00,N06,0.1436,0.006064,3.87,-0.0227,0.00516,32.8,23.766971,86.410125
2026-06-17 08:00:00,N06,-0.041,0.005247,5.41,-0.0229,0.000357,34.6,23.766971,86.410125
2026-06-17 09:00:00,N06,-0.2719,0.005691,3.79,-0.0234,0.000558,36.1,23.766971,86.410125
2026-06-17 10:00:00,N06,-0.0216,0.005053,4.28,-0.024,0.000304,37.3,23.766971,86.410125
2026-06-17 11:00:00,N06,0.4296,0.0064,7.14,-0.024,9.5e-05,38.1,23.766971,86.410125
2026-06-17 12:00:00,N06,0.3339,0.0051,3.91,-0.0238,0.004311,38.3,23.766971,86.410125
2026-06-17 13:00:00,N06,0.0156,0.961802,32.41,-0.0327,0.004613,38.1,23.766971,86.410125
2026-06-17 14:00:00,N06,0.1326,0.959956,40.34,-0.033,0.003772,37.3,23.766971,86.410125
2026-06-17 15:00:00,N06,-0.0073,0.009053,2.28,-0.0251,0.004141,36.1,23.766971,86.410125
2026-06-17 16:00:00,N06,0.0947,0.006789,4.14,-0.0247,0.000252,34.6,23.766971,86.410125
2026-06-17 17:00:00,N06,0.021,0.006833,7.98,-0.0246,0.000277,32.8,23.766971,86.410125
2026-06-17 18:00:00,N06,-0.2896,0.006357,9.95,-0.0242,0.00032,30.8,23.766971,86.410125
2026-06-17 19:00:00,N06,-0.0089,0.005822,2.1,-0.024,0.000228,28.9,23.766971,86.410125
2026-06-17 20:00:00,N06,-0.2686,0.005703,9.67,-0.0237,0.000299,27.1,23.766971,86.410125
2026-06-17 21:00:00,N06,0.3281,0.00611,6.85,-0.0234,0.000349,25.5,23.766971,86.410125
2026-06-17 22:00:00,N06,,,,,,,23.766971,86.410125
2026-06-17 23:00:00,N06,,,,,,,23.766971,86.410125
2026-06-18 00:00:00,N06,,,,,,,23.766971,86.410125
2026-06-18 01:00:00,N06,,,,,,,23.766971,86.410125
2026-06-18 02:00:00,N06,,,,,,,23.766971,86.410125
2026-06-18 03:00:00,N06,0.0956,0.007179,1.78,-0.0241,8.5e-05,31.7,23.766971,86.410125
2026-06-18 04:00:00,N06,0.1115,0.00757,5.4,-0.024,0.000155,33.2,23.766971,86.410125
2026-06-18 05:00:00,N06,-0.1589,0.006617,8.13,-0.0244,0.009917,35.0,23.766971,86.410125
2026-06-18 06:00:00,N06,-0.303,0.760656,33.28,-0.0438,0.0072,37.0,23.766971,86.410125
2026-06-18 07:00:00,N06,0.0142,0.635844,41.27,-0.0388,0.011975,38.9,23.766971,86.410125
2026-06-18 08:00:00,N06,0.0277,0.858566,41.17,-0.0198,0.00626,40.7,23.766971,86.410125
2026-06-18 09:00:00,N06,0.3015,0.006673,7.33,-0.0263,0.003758,42.3,23.766971,86.410125
2026-06-18 10:00:00,N06,0.1897,0.00576,8.35,-0.0274,0.000207,43.5,23.766971,86.410125
2026-06-18 11:00:00,N06,-0.1581,0.005403,6.77,-0.0267,0.000587,44.2,23.766971,86.410125
2026-06-18 12:00:00,N06,-0.0317,0.009726,2.99,-0.0262,0.000209,44.5,23.766971,86.410125
2026-06-18 13:00:00,N06,0.0707,0.006154,9.7,-0.0263,0.00011,44.2,23.766971,86.410125
2026-06-18 14:00:00,N06,-0.0238,0.01038,4.57,-0.026,0.000311,43.5,23.766971,86.410125
2026-06-18 15:00:00,N06,,,,,,,23.766971,86.410125
2026-06-18 16:00:00,N06,,,,,,,23.766971,86.410125
2026-06-18 17:00:00,N06,,,,,,,23.766971,86.410125
2026-06-18 18:00:00,N06,,,,,,,23.766971,86.410125
2026-06-18 19:00:00,N06,,,,,,,23.766971,86.410125
2026-06-18 20:00:00,N06,0.014,0.005032,2.91,-0.0264,7.4e-05,33.2,23.766971,86.410125
2026-06-18 21:00:00,N06,-0.015,0.00656,4.1,-0.0262,0.000205,31.7,23.766971,86.410125
2026-06-18 22:00:00,N06,-0.1668,0.0053,5.08,-0.0259,0.000292,30.5,23.766971,86.410125
2026-06-18 23:00:00,N06,0.0543,0.008227,6.71,-0.0256,4.4e-05,29.7,23.766971,86.410125
2026-06-19 00:00:00,N06,-0.1616,0.005921,2.89,-0.026,0.000341,26.3,23.766971,86.410125
2026-06-19 01:00:00,N06,0.0862,0.005058,1.14,-0.0263,0.000252,26.5,23.766971,86.410125
2026-06-19 02:00:00,N06,-0.2192,0.006452,4.76,-0.0265,5.7e-05,27.3,23.766971,86.410125
2026-06-19 03:00:00,N06,-0.0613,0.006068,3.65,-0.0262,0.000199,28.4,23.766971,86.410125
2026-06-19 04:00:00,N06,-0.1411,0.007699,5.87,-0.0261,1e-05,30.0,23.766971,86.410125
2026-06-19 05:00:00,N06,-0.1847,0.006879,2.24,-0.0262,9.3e-05,31.8,23.766971,86.410125
2026-06-19 06:00:00,N06,-0.1288,0.007613,2.95,-0.0263,3e-05,33.8,23.766971,86.410125
2026-06-19 07:00:00,N06,0.0444,0.006058,3.44,-0.0261,0.000113,35.7,23.766971,86.410125
2026-06-19 08:00:00,N06,0.2283,0.005097,3.78,-0.0266,0.004317,37.5,23.766971,86.410125
2026-06-19 09:00:00,N06,,,,,,,23.766971,86.410125
2026-06-19 10:00:00,N06,,,,,,,23.766971,86.410125
2026-06-19 11:00:00,N06,,,,,,,23.766971,86.410125
2026-06-19 12:00:00,N06,-0.0745,0.630198,35.8,-0.0214,0.003508,41.3,23.766971,86.410125
2026-06-19 13:00:00,N06,0.366,0.672576,44.27,-0.0216,0.006613,41.0,23.766971,86.410125
2026-06-19 14:00:00,N06,-0.1959,0.706506,47.95,-0.0082,0.007008,40.2,23.766971,86.410125
2026-06-19 15:00:00,N06,-0.0168,0.830395,40.95,-0.0075,0.009441,39.1,23.766971,86.410125
2026-06-19 16:00:00,N06,0.0433,0.005592,7.49,-0.0271,0.00944,37.5,23.766971,86.410125
2026-06-19 17:00:00,N06,-0.0789,0.006208,6.56,-0.0264,0.00044,35.7,23.766971,86.410125
2026-06-19 18:00:00,N06,-0.2048,0.007689,5.59,-0.0262,0.000431,33.8,23.766971,86.410125
2026-06-19 19:00:00,N06,0.069,0.009274,1.36,-0.0256,0.000301,31.8,23.766971,86.410125
2026-06-19 20:00:00,N06,-0.0067,0.006613,3.84,-0.0256,9.7e-05,30.0,23.766971,86.410125
2026-06-19 21:00:00,N06,0.1984,0.006393,1.15,-0.0254,0.000236,28.4,23.766971,86.410125
2026-06-19 22:00:00,N06,-0.2276,0.005221,2.93,-0.0251,0.000147,27.3,23.766971,86.410125
2026-06-19 23:00:00,N06,0.0768,0.005951,3.38,-0.0257,0.00032,26.5,23.766971,86.410125
2026-06-20 00:00:00,N06,-0.1761,0.005919,3.34,-0.0258,0.000175,24.9,23.766971,86.410125
2026-06-20 01:00:00,N06,-0.2506,0.006849,9.03,-0.026,0.000103,25.1,23.766971,86.410125
2026-06-20 02:00:00,N06,-0.0207,0.005538,4.0,-0.0256,0.000576,25.9,23.766971,86.410125
2026-06-20 03:00:00,N06,0.1373,0.005995,5.75,-0.0249,0.000327,27.1,23.766971,86.410125
2026-06-20 04:00:00,N06,-0.0282,0.009126,4.55,-0.0249,0.000241,28.6,23.766971,86.410125
2026-06-20 05:00:00,N06,-0.1309,0.006568,3.52,-0.0253,0.005468,30.4,23.766971,86.410125
2026-06-20 06:00:00,N06,-0.1617,0.855555,19.45,-0.014,0.00017,32.4,23.766971,86.410125
2026-06-20 07:00:00,N06,0.1401,0.005911,8.46,-0.0257,0.005636,34.3,23.766971,86.410125
2026-06-20 08:00:00,N06,0.106,0.005638,6.9,-0.0252,0.000179,36.1,23.766971,86.410125
2026-06-20 09:00:00,N06,0.0767,0.006725,9.22,-0.0253,0.004293,37.7,23.766971,86.410125
2026-06-20 10:00:00,N06,0.1631,0.845866,46.13,-0.0167,0.00031,38.9,23.766971,86.410125
2026-06-20 11:00:00,N06,0.1522,0.762949,42.95,-0.0247,0.003706,39.6,23.766971,86.410125
2026-06-20 12:00:00,N06,-0.0213,0.005365,2.25,-0.0241,0.000272,39.9,23.766971,86.410125
2026-06-20 13:00:00,N06,-0.1635,0.005245,6.85,-0.0242,0.000128,39.6,23.766971,86.410125
2026-06-20 14:00:00,N06,0.1157,0.007312,8.17,-0.0243,0.000153,38.9,23.766971,86.410125
2026-06-20 15:00:00,N06,-0.2395,0.006669,4.4,-0.0245,0.000366,37.7,23.766971,86.410125
2026-06-20 16:00:00,N06,0.1617,0.007095,4.17,-0.0236,0.000659,36.1,23.766971,86.410125
2026-06-20 17:00:00,N06,-0.0074,0.007748,8.91,-0.0231,0.000141,34.3,23.766971,86.410125
2026-06-20 18:00:00,N06,-0.0608,0.005759,3.8,-0.0233,0.000149,32.4,23.766971,86.410125
2026-06-20 19:00:00,N06,-0.0606,0.00687,1.56,-0.0228,0.000125,30.4,23.766971,86.410125
2026-06-20 20:00:00,N06,-0.0839,0.00599,2.06,-0.0231,3.3e-05,28.6,23.766971,86.410125
2026-06-20 21:00:00,N06,0.1277,0.007328,8.87,-0.0229,0.000247,27.1,23.766971,86.410125
2026-06-20 22:00:00,N06,0.2751,0.008827,5.94,-0.0236,0.000108,25.9,23.766971,86.410125
2026-06-20 23:00:00,N06,-0.0395,0.006288,5.28,-0.0231,0.000822,25.1,23.766971,86.410125
2026-06-21 00:00:00,N06,-0.0259,0.008214,6.68,-0.0219,0.000705,25.1,23.766971,86.410125
2026-06-21 01:00:00,N06,0.0616,0.00735,5.31,-0.0217,3.8e-05,25.3,23.766971,86.410125
2026-06-21 02:00:00,N06,-0.0161,0.005936,6.49,-0.022,8e-05,26.1,23.766971,86.410125
2026-06-21 03:00:00,N06,-0.1414,0.007701,2.28,-0.0219,0.000293,27.3,23.766971,86.410125
2026-06-21 04:00:00,N06,-0.1622,0.005616,6.91,-0.0214,0.000338,28.8,23.766971,86.410125
2026-06-21 05:00:00,N06,0.0829,0.006998,7.98,-0.0212,0.008959,30.6,23.766971,86.410125
2026-06-21 06:00:00,N06,-0.0361,0.784271,46.69,-0.0393,0.008769,32.6,23.766971,86.410125
2026-06-21 07:00:00,N06,0.1306,0.747765,37.47,-0.0387,0.010131,34.5,23.766971,86.410125
2026-06-21 08:00:00,N06,-0.23,0.008575,3.8,-0.0191,0.009843,36.3,23.766971,86.410125
2026-06-21 09:00:00,N06,-0.179,0.007941,5.31,-0.0191,0.000365,37.9,23.766971,86.410125
2026-06-21 10:00:00,N06,0.1418,0.007964,6.16,-0.0183,0.000126,39.1,23.766971,86.410125
2026-06-21 11:00:00,N06,0.0306,0.005666,1.41,-0.0188,0.004696,39.8,23.766971,86.410125
2026-06-21 12:00:00,N06,0.1419,0.661194,18.43,-0.0089,0.005113,40.1,23.766971,86.410125
2026-06-21 13:00:00,N06,0.0285,0.71092,21.79,-0.0086,0.008151,39.8,23.766971,86.410125
2026-06-21 14:00:00,N06,-0.0117,0.519525,32.25,-0.0252,0.008738,39.1,23.766971,86.410125
2026-06-21 15:00:00,N06,0.2431,0.54172,30.99,-0.0261,0.002651,37.9,23.766971,86.410125
2026-06-21 16:00:00,N06,0.0713,0.005088,9.77,-0.0199,0.003268,36.3,23.766971,86.410125
2026-06-21 17:00:00,N06,0.2048,0.00979,2.45,-0.0195,6.2e-05,34.5,23.766971,86.410125
2026-06-21 18:00:00,N06,-0.0068,0.005186,2.11,-0.0198,1.2e-05,32.6,23.766971,86.410125
2026-06-21 19:00:00,N06,0.2439,0.0064,9.43,-0.0195,0.000252,30.6,23.766971,86.410125
2026-06-21 20:00:00,N06,-0.1078,0.008124,5.24,-0.0203,0.000413,28.8,23.766971,86.410125
2026-06-21 21:00:00,N06,-0.0241,0.007198,5.72,-0.0204,0.000131,27.3,23.766971,86.410125
2026-06-21 22:00:00,N06,-0.2425,0.005368,9.64,-0.0201,0.000341,26.1,23.766971,86.410125
2026-06-21 23:00:00,N06,-0.05,0.006963,9.15,-0.0197,0.000352,25.3,23.766971,86.410125
2026-06-22 00:00:00,N06,0.1784,0.005341,5.68,-0.0194,0.000106,26.3,23.766971,86.410125
2026-06-22 01:00:00,N06,0.0464,0.005373,2.67,-0.0199,9.8e-05,26.6,23.766971,86.410125
2026-06-22 02:00:00,N06,-0.1616,0.007424,5.46,-0.0195,0.000576,27.3,23.766971,86.410125
2026-06-22 03:00:00,N06,0.0455,0.005744,2.43,-0.0187,0.000343,28.5,23.766971,86.410125
2026-06-22 04:00:00,N06,-0.2021,0.008836,2.29,-0.0189,0.000373,30.1,23.766971,86.410125
2026-06-22 05:00:00,N06,-0.0448,0.006391,6.0,-0.018,0.000591,31.9,23.766971,86.410125
2026-06-22 06:00:00,N06,-0.0334,0.006877,6.71,-0.0177,0.008303,33.8,23.766971,86.410125
2026-06-22 07:00:00,N06,-0.0298,0.687698,45.26,-0.0014,0.007994,35.8,23.766971,86.410125
2026-06-22 08:00:00,N06,0.1443,0.871639,22.78,-0.0017,0.016353,37.6,23.766971,86.410125
2026-06-22 09:00:00,N06,,,,,,,23.766971,86.410125
2026-06-22 10:00:00,N06,,,,,,,23.766971,86.410125
2026-06-22 11:00:00,N06,,,,,,,23.766971,86.410125
2026-06-22 12:00:00,N06,,,,,,,23.766971,86.410125
2026-06-22 13:00:00,N06,,,,,,,23.766971,86.410125
2026-06-22 14:00:00,N06,0.0242,0.00854,1.4,-0.0174,0.000217,40.3,23.766971,86.410125
2026-06-22 15:00:00,N06,0.0456,0.007018,3.16,-0.0179,0.000149,39.1,23.766971,86.410125
2026-06-22 16:00:00,N06,,,,,,,23.766971,86.410125
2026-06-22 17:00:00,N06,,,,,,,23.766971,86.410125
2026-06-22 18:00:00,N06,,,,,,,23.766971,86.410125
2026-06-22 19:00:00,N06,,,,,,,23.766971,86.410125
2026-06-22 20:00:00,N06,0.1195,0.006729,4.78,-0.0153,0.000791,30.1,23.766971,86.410125
2026-06-22 21:00:00,N06,0.0693,0.005653,7.82,-0.0148,0.000327,28.5,23.766971,86.410125
2026-06-22 22:00:00,N06,-0.0717,0.008076,6.62,-0.0147,0.00022,27.3,23.766971,86.410125
2026-06-22 23:00:00,N06,-0.0378,0.007299,7.18,-0.0152,0.000391,26.6,23.766971,86.410125
2026-06-23 00:00:00,N06,-0.1001,0.007149,2.54,-0.0154,0.000217,20.9,23.766971,86.410125
2026-06-23 01:00:00,N06,-0.0201,0.006386,2.89,-0.0156,7.3e-05,21.2,23.766971,86.410125
2026-06-23 02:00:00,N06,0.0469,0.005722,9.34,-0.0156,0.000386,22.0,23.766971,86.410125
2026-06-23 03:00:00,N06,-0.0521,0.005864,9.77,-0.0149,3.4e-05,23.1,23.766971,86.410125
2026-06-23 04:00:00,N06,-0.157,0.008754,3.6,-0.0155,6.2e-05,24.7,23.766971,86.410125
2026-06-23 05:00:00,N06,-0.0675,0.005114,5.19,-0.015,0.000778,26.5,23.766971,86.410125
2026-06-23 06:00:00,N06,0.0165,0.006172,2.29,-0.014,0.000162,28.4,23.766971,86.410125
2026-06-23 07:00:00,N06,0.0687,0.006327,8.4,-0.0147,0.000358,30.4,23.766971,86.410125
2026-06-23 08:00:00,N06,0.2729,0.008386,8.09,-0.0147,0.000492,32.2,23.766971,86.410125
2026-06-23 09:00:00,N06,-0.1635,0.007787,1.37,-0.0137,0.000641,33.8,23.766971,86.410125
2026-06-23 10:00:00,N06,-0.0996,0.006025,3.82,-0.0134,0.000157,34.9,23.766971,86.410125
2026-06-23 11:00:00,N06,-0.1386,0.005656,3.89,-0.0134,0.000412,35.7,23.766971,86.410125
2026-06-23 12:00:00,N06,0.1562,0.005985,2.32,-0.0126,0.007569,35.9,23.766971,86.410125
2026-06-23 13:00:00,N06,0.1831,0.739278,26.5,-0.0285,0.007462,35.7,23.766971,86.410125
2026-06-23 14:00:00,N06,0.0044,0.734006,43.57,-0.0275,0.003214,34.9,23.766971,86.410125
2026-06-23 15:00:00,N06,-0.098,0.650625,19.72,-0.0221,0.002596,33.8,23.766971,86.410125
2026-06-23 16:00:00,N06,0.2407,0.789194,43.82,-0.0223,0.00521,32.2,23.766971,86.410125
2026-06-23 17:00:00,N06,-0.1746,0.007001,6.07,-0.0117,0.005672,30.4,23.766971,86.410125
2026-06-23 18:00:00,N06,-0.1481,0.007499,6.27,-0.011,0.00061,28.4,23.766971,86.410125
2026-06-23 19:00:00,N06,,,,,,,23.766971,86.410125
2026-06-23 20:00:00,N06,,,,,,,23.766971,86.410125
2026-06-23 21:00:00,N06,,,,,,,23.766971,86.410125
2026-06-23 22:00:00,N06,-0.1436,0.007228,1.35,-0.0108,4.4e-05,22.0,23.766971,86.410125
2026-06-23 23:00:00,N06,-0.2504,0.005318,1.19,-0.0105,0.000417,21.2,23.766971,86.410125
2026-06-24 00:00:00,N06,-0.1099,0.006321,2.48,-0.01,0.000198,26.0,23.766971,86.410125
2026-06-24 01:00:00,N06,0.0737,0.006017,1.6,-0.0109,0.000246,26.3,23.766971,86.410125
2026-06-24 02:00:00,N06,-0.0992,0.005844,9.56,-0.0105,0.000154,27.0,23.766971,86.410125
2026-06-24 03:00:00,N06,-0.1861,0.005818,5.34,-0.0112,0.000492,28.2,23.766971,86.410125
2026-06-24 04:00:00,N06,0.0873,0.006707,2.61,-0.0115,0.000209,29.8,23.766971,86.410125
2026-06-24 05:00:00,N06,0.0584,0.006024,5.83,-0.0116,9.7e-05,31.6,23.766971,86.410125
2026-06-24 06:00:00,N06,-0.0939,0.005162,1.17,-0.0113,2.7e-05,33.5,23.766971,86.410125
2026-06-24 07:00:00,N06,-0.4065,0.005086,9.08,-0.0116,0.00029,35.5,23.766971,86.410125
2026-06-24 08:00:00,N06,-0.2569,0.007587,4.19,-0.0118,0.005985,37.3,23.766971,86.410125
2026-06-24 09:00:00,N06,0.0979,0.523897,33.82,0.0004,0.002226,38.8,23.766971,86.410125
2026-06-24 10:00:00,N06,-0.1315,0.730703,34.34,-0.0074,0.010516,40.0,23.766971,86.410125
2026-06-24 11:00:00,N06,,,,,,,23.766971,86.410125
2026-06-24 12:00:00,N06,,,,,,,23.766971,86.410125
2026-06-24 13:00:00,N06,,,,,,,23.766971,86.410125
2026-06-24 14:00:00,N06,,,,,,,23.766971,86.410125
2026-06-24 15:00:00,N06,0.2619,0.005398,7.71,-0.0124,9e-06,38.8,23.766971,86.410125
2026-06-24 16:00:00,N06,0.1421,0.005137,2.87,-0.0126,0.000209,37.3,23.766971,86.410125
2026-06-24 17:00:00,N06,-0.0663,0.005934,8.51,-0.0119,0.00033,35.5,23.766971,86.410125
2026-06-24 18:00:00,N06,0.2098,0.006999,6.99,-0.0119,0.000224,33.5,23.766971,86.410125
2026-06-24 19:00:00,N06,0.054,0.005889,6.63,-0.0124,3.7e-05,31.6,23.766971,86.410125
2026-06-24 20:00:00,N06,-0.0962,0.006683,6.58,-0.012,0.000156,29.8,23.766971,86.410125
2026-06-24 21:00:00,N06,-0.1567,0.005604,8.31,-0.0121,0.000188,28.2,23.766971,86.410125
2026-06-24 22:00:00,N06,0.0265,0.005794,8.67,-0.0123,0.000145,27.0,23.766971,86.410125
2026-06-24 23:00:00,N06,0.0443,0.007945,4.81,-0.0118,0.000325,26.3,23.766971,86.410125
2026-06-25 00:00:00,N06,-0.0791,0.010508,3.05,-0.0117,0.00017,22.9,23.766971,86.410125
2026-06-25 01:00:00,N06,0.146,0.006555,6.41,-0.0115,8.4e-05,23.1,23.766971,86.410125
2026-06-25 02:00:00,N06,,,,,,,23.766971,86.410125
2026-06-25 03:00:00,N06,,,,,,,23.766971,86.410125
2026-06-25 04:00:00,N06,,,,,,,23.766971,86.410125
2026-06-25 05:00:00,N06,-0.1112,0.005952,1.93,-0.0111,0.000199,28.4,23.766971,86.410125
2026-06-25 06:00:00,N06,-0.1909,0.00623,3.68,-0.012,0.000858,30.4,23.766971,86.410125
2026-06-25 07:00:00,N06,-0.2756,0.006442,9.45,-0.0128,0.000101,32.3,23.766971,86.410125
2026-06-25 08:00:00,N06,-0.4984,0.008378,5.62,-0.0122,0.00606,34.1,23.766971,86.410125
2026-06-25 09:00:00,N06,0.1316,0.956894,27.2,-0.0007,0.01439,35.7,23.766971,86.410125
2026-06-25 10:00:00,N06,0.2711,0.709739,23.21,-0.041,0.020357,36.8,23.766971,86.410125
2026-06-25 11:00:00,N06,0.2986,0.52012,16.96,-0.0414,0.012789,37.6,23.766971,86.410125
2026-06-25 12:00:00,N06,0.0108,0.005723,2.88,-0.0154,0.012613,37.9,23.766971,86.410125
2026-06-25 13:00:00,N06,0.014,0.005627,1.56,-0.0162,1e-05,37.6,23.766971,86.410125
2026-06-25 14:00:00,N06,0.1116,0.005924,6.11,-0.0154,0.000541,36.8,23.766971,86.410125
2026-06-25 15:00:00,N06,-0.0989,0.005931,2.19,-0.0151,1.1e-05,35.7,23.766971,86.410125
2026-06-25 16:00:00,N06,0.2534,0.005911,8.86,-0.0154,0.000383,34.1,23.766971,86.410125
2026-06-25 17:00:00,N06,,,,,,,23.766971,86.410125
2026-06-25 18:00:00,N06,-0.0675,0.005676,4.01,-0.0165,0.000965,30.4,23.766971,86.410125
2026-06-25 19:00:00,N06,0.2857,0.005408,6.16,-0.0178,0.000921,28.4,23.766971,86.410125
2026-06-25 20:00:00,N06,0.3071,0.006749,8.94,-0.0183,0.000158,26.6,23.766971,86.410125
2026-06-25 21:00:00,N06,0.0484,0.005531,3.5,-0.0181,0.000217,25.0,23.766971,86.410125
2026-06-25 22:00:00,N06,0.1082,0.006957,6.9,-0.0179,8.9e-05,23.9,23.766971,86.410125
2026-06-25 23:00:00,N06,-0.0574,0.005021,8.4,-0.018,0.000418,23.1,23.766971,86.410125
2026-06-26 00:00:00,N06,0.1504,0.005627,7.53,-0.0171,0.000137,24.4,23.766971,86.410125
2026-06-26 01:00:00,N06,0.0072,0.005849,1.78,-0.0177,0.00054,24.6,23.766971,86.410125
2026-06-26 02:00:00,N06,0.0623,0.008848,7.93,-0.0182,0.000195,25.4,23.766971,86.410125
2026-06-26 03:00:00,N06,-0.0086,0.005528,9.69,-0.0181,0.0,26.6,23.766971,86.410125
2026-06-26 04:00:00,N06,-0.0018,0.006889,3.92,-0.0182,0.000329,28.1,23.766971,86.410125
2026-06-26 05:00:00,N06,0.1443,0.00544,5.6,-0.0187,0.000186,30.0,23.766971,86.410125
2026-06-26 06:00:00,N06,0.11,0.008374,6.79,-0.0185,0.000367,31.9,23.766971,86.410125
2026-06-26 07:00:00,N06,-0.006,0.00607,9.24,-0.018,0.000609,33.8,23.766971,86.410125
2026-06-26 08:00:00,N06,-0.0888,0.005207,8.88,-0.0173,2e-05,35.6,23.766971,86.410125
2026-06-26 09:00:00,N06,-0.0854,0.005997,7.47,-0.018,0.000143,37.2,23.766971,86.410125
2026-06-26 10:00:00,N06,-0.1985,0.006079,6.23,-0.0176,0.000241,38.4,23.766971,86.410125
2026-06-26 11:00:00,N06,-0.005,0.007042,2.82,-0.0175,5.4e-05,39.1,23.766971,86.410125
2026-06-26 12:00:00,N06,0.014,0.006132,7.81,-0.0177,0.000218,39.4,23.766971,86.410125
2026-06-26 13:00:00,N06,-0.0189,0.00732,5.35,-0.0179,3.3e-05,39.1,23.766971,86.410125
2026-06-26 14:00:00,N06,-0.0581,0.006208,7.37,-0.0178,6.2e-05,38.4,23.766971,86.410125
2026-06-26 15:00:00,N06,-0.0139,0.006923,7.81,-0.0178,0.000342,37.2,23.766971,86.410125
2026-06-26 16:00:00,N06,-0.2158,0.005204,2.0,-0.0171,0.009674,35.6,23.766971,86.410125
2026-06-26 17:00:00,N06,-0.1035,0.556334,17.66,-0.0371,0.000117,33.8,23.766971,86.410125
2026-06-26 18:00:00,N06,0.4181,0.006872,1.49,-0.0168,0.010251,31.9,23.766971,86.410125
2026-06-26 19:00:00,N06,0.1118,0.005213,1.64,-0.0166,5.7e-05,30.0,23.766971,86.410125
2026-06-26 20:00:00,N06,-0.003,0.005497,6.36,-0.0167,0.000103,28.1,23.766971,86.410125
2026-06-26 21:00:00,N06,0.0104,0.005195,5.06,-0.0164,0.000327,26.6,23.766971,86.410125
2026-06-26 22:00:00,N06,0.0921,0.005454,6.79,-0.0161,0.000294,25.4,23.766971,86.410125
2026-06-26 23:00:00,N06,-0.1189,0.008166,1.77,-0.0158,8.6e-05,24.6,23.766971,86.410125
2026-06-27 00:00:00,N06,-0.2928,0.008369,9.66,-0.0163,0.000313,24.7,23.766971,86.410125
2026-06-27 01:00:00,N06,-0.0184,0.008141,1.17,-0.0165,2e-06,25.0,23.766971,86.410125
2026-06-27 02:00:00,N06,-0.2787,0.005557,4.1,-0.0163,4.6e-05,25.7,23.766971,86.410125
2026-06-27 03:00:00,N06,-0.0362,0.008297,1.94,-0.0166,0.000347,26.9,23.766971,86.410125
2026-06-27 04:00:00,N06,-0.3078,0.006011,1.73,-0.017,0.000527,28.5,23.766971,86.410125
2026-06-27 05:00:00,N06,-0.0531,0.005899,8.14,-0.0176,0.000533,30.3,23.766971,86.410125
2026-06-27 06:00:00,N06,0.0779,0.009951,7.71,-0.018,0.000186,32.2,23.766971,86.410125
2026-06-27 07:00:00,N06,0.1149,0.008708,5.67,-0.0172,0.000101,34.2,23.766971,86.410125
2026-06-27 08:00:00,N06,0.042,0.006268,5.2,-0.0178,0.00026,36.0,23.766971,86.410125
2026-06-27 09:00:00,N06,0.0042,0.005375,2.65,-0.0178,0.000206,37.5,23.766971,86.410125
2026-06-27 10:00:00,N06,0.2386,0.009102,7.54,-0.0182,0.000282,38.7,23.766971,86.410125
2026-06-27 11:00:00,N06,-0.378,0.010958,8.55,-0.0183,0.000126,39.5,23.766971,86.410125
2026-06-27 12:00:00,N06,0.0156,0.007186,6.95,-0.0185,0.000242,39.7,23.766971,86.410125
2026-06-27 13:00:00,N06,0.0481,0.008957,8.33,-0.0188,5.4e-05,39.5,23.766971,86.410125
2026-06-27 14:00:00,N06,0.0331,0.005007,1.41,-0.0184,0.00035,38.7,23.766971,86.410125
2026-06-27 15:00:00,N06,-0.159,0.007778,6.5,-0.0181,7.2e-05,37.5,23.766971,86.410125
2026-06-27 16:00:00,N06,-0.0542,0.006094,5.81,-0.0185,0.004784,36.0,23.766971,86.410125
2026-06-27 17:00:00,N06,-0.0674,0.992348,30.41,-0.0277,0.004331,34.2,23.766971,86.410125
2026-06-27 18:00:00,N06,0.2055,0.693588,30.35,-0.0272,0.005433,32.2,23.766971,86.410125
2026-06-27 19:00:00,N06,0.2496,0.005113,6.75,-0.0168,0.005306,30.3,23.766971,86.410125
2026-06-27 20:00:00,N06,0.1293,0.005622,7.1,-0.0166,0.000519,28.5,23.766971,86.410125
2026-06-27 21:00:00,N06,0.1384,0.007208,6.33,-0.0158,0.000691,26.9,23.766971,86.410125
2026-06-27 22:00:00,N06,-0.2167,0.007805,4.68,-0.0152,0.000283,25.7,23.766971,86.410125
2026-06-27 23:00:00,N06,0.0847,0.005725,4.17,-0.0152,0.000528,25.0,23.766971,86.410125
2026-06-28 00:00:00,N06,-0.1714,0.005166,9.72,-0.0162,0.000849,23.2,23.766971,86.410125
2026-06-28 01:00:00,N06,-0.1868,0.005573,9.94,-0.0169,0.000107,23.5,23.766971,86.410125
2026-06-28 02:00:00,N06,0.0498,0.005314,1.71,-0.0165,9.2e-05,24.2,23.766971,86.410125
2026-06-28 03:00:00,N06,0.0222,0.006402,7.75,-0.0167,0.000115,25.4,23.766971,86.410125
2026-06-28 04:00:00,N06,-0.0923,0.006882,8.76,-0.0167,7e-05,26.9,23.766971,86.410125
2026-06-28 05:00:00,N06,-0.1752,0.008171,2.44,-0.0166,3.3e-05,28.8,23.766971,86.410125
2026-06-28 06:00:00,N06,0.0624,0.00505,4.18,-0.0168,0.008561,30.7,23.766971,86.410125
2026-06-28 07:00:00,N06,-0.2083,0.877051,40.69,-0.0337,0.000187,32.6,23.766971,86.410125
2026-06-28 08:00:00,N06,0.1401,0.007579,8.19,-0.0164,0.008665,34.4,23.766971,86.410125
2026-06-28 09:00:00,N06,,,,,,,23.766971,86.410125
2026-06-28 10:00:00,N06,,,,,,,23.766971,86.410125
2026-06-28 11:00:00,N06,,,,,,,23.766971,86.410125
2026-06-28 12:00:00,N06,,,,,,,23.766971,86.410125
2026-06-28 13:00:00,N06,-0.2003,0.005901,9.69,-0.0157,0.000288,37.9,23.766971,86.410125
2026-06-28 14:00:00,N06,0.0633,0.007985,2.54,-0.0159,6.8e-05,37.2,23.766971,86.410125
2026-06-28 15:00:00,N06,-0.0171,0.005827,4.52,-0.0158,0.000236,36.0,23.766971,86.410125
2026-06-28 16:00:00,N06,0.1104,0.005081,1.43,-0.0154,4.5e-05,34.4,23.766971,86.410125
2026-06-28 17:00:00,N06,0.1781,0.009335,3.67,-0.0157,1.3e-05,32.6,23.766971,86.410125
2026-06-28 18:00:00,N06,0.0811,0.009338,5.43,-0.0154,0.000122,30.7,23.766971,86.410125
2026-06-28 19:00:00,N06,-0.1935,0.00708,1.95,-0.0155,0.000358,28.8,23.766971,86.410125
2026-06-28 20:00:00,N06,0.0497,0.005401,4.15,-0.0161,0.000822,26.9,23.766971,86.410125
2026-06-28 21:00:00,N06,0.209,0.005221,8.12,-0.0171,0.000324,25.4,23.766971,86.410125
2026-06-28 22:00:00,N06,0.0654,0.00698,1.51,-0.0168,6.6e-05,24.2,23.766971,86.410125
2026-06-28 23:00:00,N06,0.0819,0.006018,4.11,-0.0172,0.00039,23.5,23.766971,86.410125
2026-06-29 00:00:00,N06,-0.1106,0.005266,9.14,-0.0175,2.4e-05,26.3,23.766971,86.410125
2026-06-29 01:00:00,N06,0.0677,0.007076,9.42,-0.0172,0.000313,26.5,23.766971,86.410125
2026-06-29 02:00:00,N06,0.0468,0.006737,3.25,-0.0169,0.000129,27.3,23.766971,86.410125
2026-06-29 03:00:00,N06,,,,,,,23.766971,86.410125
2026-06-29 04:00:00,N06,,,,,,,23.766971,86.410125
2026-06-29 05:00:00,N06,,,,,,,23.766971,86.410125
2026-06-29 06:00:00,N06,,,,,,,23.766971,86.410125
2026-06-29 07:00:00,N06,,,,,,,23.766971,86.410125
2026-06-29 08:00:00,N06,0.013,0.007022,8.45,-0.016,0.006045,37.5,23.766971,86.410125
2026-06-29 09:00:00,N06,-0.1769,0.006019,6.4,-0.0163,0.000167,39.1,23.766971,86.410125
2026-06-29 10:00:00,N06,0.0485,0.005067,6.87,-0.0157,0.000308,40.3,23.766971,86.410125
2026-06-29 11:00:00,N06,-0.0677,0.005528,1.41,-0.0156,0.00011,41.0,23.766971,86.410125
2026-06-29 12:00:00,N06,0.0209,0.005746,4.89,-0.0159,0.000227,41.3,23.766971,86.410125
2026-06-29 13:00:00,N06,,,,,,,23.766971,86.410125
2026-06-29 14:00:00,N06,0.0245,0.618507,24.53,-0.0301,9.6e-05,40.3,23.766971,86.410125
2026-06-29 15:00:00,N06,0.0518,0.007591,5.37,-0.0163,0.006821,39.1,23.766971,86.410125
2026-06-29 16:00:00,N06,0.0136,0.007588,6.01,-0.0165,0.000162,37.5,23.766971,86.410125
2026-06-29 17:00:00,N06,,,,,,,23.766971,86.410125
2026-06-29 18:00:00,N06,,,,,,,23.766971,86.410125
2026-06-29 19:00:00,N06,,,,,,,23.766971,86.410125
2026-06-29 20:00:00,N06,-0.0254,0.00511,2.73,-0.0156,0.000752,30.0,23.766971,86.410125
2026-06-29 21:00:00,N06,0.167,0.007616,4.14,-0.0145,0.000485,28.5,23.766971,86.410125
2026-06-29 22:00:00,N06,-0.0951,0.005619,2.75,-0.0147,0.000258,27.3,23.766971,86.410125
2026-06-29 23:00:00,N06,0.0966,0.005073,3.06,-0.015,0.000209,26.5,23.766971,86.410125
2026-06-30 00:00:00,N06,0.0554,0.005941,1.55,-0.0151,5e-05,23.1,23.766971,86.410125
2026-06-30 01:00:00,N06,-0.222,0.008998,3.96,-0.0149,0.000139,23.4,23.766971,86.410125
2026-06-30 02:00:00,N06,0.1804,0.006325,9.63,-0.0153,0.000193,24.1,23.766971,86.410125
2026-06-30 03:00:00,N06,-0.0838,0.007838,7.34,-0.0153,1.2e-05,25.3,23.766971,86.410125
2026-06-30 04:00:00,N06,0.2084,0.005299,5.22,-0.0153,0.00043,26.9,23.766971,86.410125
2026-06-30 05:00:00,N06,0.0339,0.006152,4.65,-0.0162,0.004207,28.7,23.766971,86.410125
2026-06-30 06:00:00,N06,0.1113,0.921623,25.51,-0.0069,0.004529,30.6,23.766971,86.410125
2026-06-30 07:00:00,N06,0.0316,0.885637,25.29,-0.0071,0.013175,32.6,23.766971,86.410125
2026-06-30 08:00:00,N06,-0.0646,0.666315,16.13,-0.0333,0.004202,34.4,23.766971,86.410125
2026-06-30 09:00:00,N06,-0.015,0.005522,9.45,-0.0155,0.008493,35.9,23.766971,86.410125
2026-06-30 10:00:00,N06,0.1363,0.005327,7.31,-0.0163,0.00072,37.1,23.766971,86.410125
2026-06-30 11:00:00,N06,-0.2507,0.010718,2.87,-0.0169,0.000308,37.9,23.766971,86.410125
2026-06-30 12:00:00,N06,-0.1296,0.007216,7.37,-0.0169,0.000142,38.1,23.766971,86.410125
2026-06-30 13:00:00,N06,0.0545,0.006083,3.7,-0.0167,0.00696,37.9,23.766971,86.410125
2026-06-30 14:00:00,N06,0.0801,0.545801,29.05,-0.003,0.007165,37.1,23.766971,86.410125
2026-06-30 15:00:00,N06,0.1624,0.501662,43.35,-0.0023,0.006553,35.9,23.766971,86.410125
2026-06-30 16:00:00,N06,,,,,,,23.766971,86.410125
2026-06-30 17:00:00,N06,,,,,,,23.766971,86.410125
2026-06-30 18:00:00,N06,,,,,,,23.766971,86.410125
2026-06-30 19:00:00,N06,0.0575,0.008665,1.08,-0.0163,0.000281,28.7,23.766971,86.410125
2026-06-30 20:00:00,N06,-0.1023,0.005243,3.62,-0.0166,0.000121,26.9,23.766971,86.410125
2026-06-30 21:00:00,N06,0.0167,0.008276,8.99,-0.0166,0.000311,25.3,23.766971,86.410125
2026-06-30 22:00:00,N06,0.0592,0.006867,3.83,-0.016,0.000207,24.1,23.766971,86.410125
2026-06-30 23:00:00,N06,-0.1352,0.008579,8.39,-0.0162,3.5e-05,23.4,23.766971,86.410125
2026-07-01 00:00:00,N06,-0.0291,0.007855,8.66,-0.0161,0.000435,26.2,23.766971,86.410125
2026-07-01 01:00:00,N06,0.2112,0.006561,6.09,-0.0153,0.000184,26.4,23.766971,86.410125
2026-07-01 02:00:00,N06,0.1734,0.006106,2.22,-0.0157,0.000215,27.2,23.766971,86.410125
2026-07-01 03:00:00,N06,0.2461,0.005918,1.24,-0.0157,0.000247,28.4,23.766971,86.410125
2026-07-01 04:00:00,N06,0.3237,0.007476,7.1,-0.0162,0.000101,29.9,23.766971,86.410125
2026-07-01 05:00:00,N06,0.1027,0.005647,3.28,-0.0159,0.009319,31.7,23.766971,86.410125
2026-07-01 06:00:00,N06,0.0684,0.770159,25.08,0.0024,0.008727,33.7,23.766971,86.410125
2026-07-01 07:00:00,N06,-0.0781,0.966511,27.26,0.0015,0.009364,35.6,23.766971,86.410125
2026-07-01 08:00:00,N06,-0.0948,0.008724,9.76,-0.0163,0.008874,37.4,23.766971,86.410125
2026-07-01 09:00:00,N06,-0.048,0.006622,5.13,-0.0162,5.7e-05,39.0,23.766971,86.410125
2026-07-01 10:00:00,N06,0.3616,0.006955,7.35,-0.0164,0.000328,40.2,23.766971,86.410125
2026-07-01 11:00:00,N06,-0.0603,0.006275,5.32,-0.0169,0.000307,40.9,23.766971,86.410125
2026-07-01 12:00:00,N06,0.0173,0.007302,2.11,-0.0158,0.000743,41.2,23.766971,86.410125
2026-07-01 13:00:00,N06,0.0112,0.006039,7.32,-0.0154,0.000388,40.9,23.766971,86.410125
2026-07-01 14:00:00,N06,0.0166,0.005363,7.46,-0.015,0.002961,40.2,23.766971,86.410125
2026-07-01 15:00:00,N06,0.1806,0.855631,39.44,-0.0095,0.003135,39.0,23.766971,86.410125
2026-07-01 16:00:00,N06,0.4683,0.976514,44.51,-0.0088,0.002448,37.4,23.766971,86.410125
2026-07-01 17:00:00,N06,-0.1205,0.008673,6.65,-0.0144,0.00269,35.6,23.766971,86.410125
2026-07-01 18:00:00,N06,-0.0437,0.009333,6.34,-0.0141,0.000502,33.7,23.766971,86.410125
2026-07-01 19:00:00,N06,0.0309,0.006437,9.26,-0.0154,0.000512,31.7,23.766971,86.410125
2026-07-01 20:00:00,N06,0.1684,0.007719,2.03,-0.0152,3.2e-05,29.9,23.766971,86.410125
2026-07-01 21:00:00,N06,-0.0047,0.005764,2.03,-0.0153,0.000183,28.4,23.766971,86.410125
2026-07-01 22:00:00,N06,-0.0679,0.006611,1.38,-0.0155,0.000188,27.2,23.766971,86.410125
2026-07-01 23:00:00,N06,-0.0523,0.007148,9.11,-0.0157,0.000291,26.4,23.766971,86.410125
2026-07-02 00:00:00,N06,0.1225,0.011565,9.8,-0.0161,0.000552,25.3,23.766971,86.410125
2026-07-02 01:00:00,N06,0.0557,0.007251,4.58,-0.0168,0.000524,25.6,23.766971,86.410125
2026-07-02 02:00:00,N06,0.1636,0.00637,9.61,-0.0172,5.7e-05,26.3,23.766971,86.410125
2026-07-02 03:00:00,N06,-0.0266,0.005732,4.54,-0.0167,0.000176,27.5,23.766971,86.410125
2026-07-02 04:00:00,N06,-0.1311,0.00504,4.83,-0.0168,0.000157,29.1,23.766971,86.410125
2026-07-02 05:00:00,N06,-0.0679,0.009224,2.65,-0.017,0.000242,30.9,23.766971,86.410125
2026-07-02 06:00:00,N06,-0.2491,0.006547,5.94,-0.0173,0.000495,32.8,23.766971,86.410125
2026-07-02 07:00:00,N06,0.1153,0.007867,8.66,-0.018,0.000179,34.8,23.766971,86.410125
2026-07-02 08:00:00,N06,-0.0412,0.00691,5.57,-0.0176,0.002813,36.6,23.766971,86.410125
2026-07-02 09:00:00,N06,0.0789,0.93766,46.46,-0.0236,2.9e-05,38.1,23.766971,86.410125
2026-07-02 10:00:00,N06,0.1161,0.007253,5.79,-0.0176,0.0029,39.3,23.766971,86.410125
2026-07-02 11:00:00,N06,-0.1448,0.006157,9.94,-0.0178,0.000328,40.1,23.766971,86.410125
2026-07-02 12:00:00,N06,0.2719,0.007141,6.15,-0.0182,0.000632,40.3,23.766971,86.410125
2026-07-02 13:00:00,N06,0.093,0.005716,8.51,-0.0191,9.5e-05,40.1,23.766971,86.410125
2026-07-02 14:00:00,N06,0.2598,0.006458,1.76,-0.0181,0.000313,39.3,23.766971,86.410125
2026-07-02 15:00:00,N06,-0.0446,0.005467,7.71,-0.0184,8e-06,38.1,23.766971,86.410125
2026-07-02 16:00:00,N06,0.0045,0.007449,8.71,-0.0181,7.1e-05,36.6,23.766971,86.410125
2026-07-02 17:00:00,N06,-0.0239,0.005094,1.46,-0.0183,0.000105,34.8,23.766971,86.410125
2026-07-02 18:00:00,N06,0.102,0.00573,2.12,-0.0183,4.4e-05,32.8,23.766971,86.410125
2026-07-02 19:00:00,N06,0.2402,0.005634,8.83,-0.0184,1.6e-05,30.9,23.766971,86.410125
2026-07-02 20:00:00,N06,-0.3654,0.009843,2.12,-0.0183,1.7e-05,29.1,23.766971,86.410125
2026-07-02 21:00:00,N06,0.0091,0.006628,1.62,-0.0183,0.000175,27.5,23.766971,86.410125
2026-07-02 22:00:00,N06,-0.033,0.007922,2.05,-0.0187,0.000154,26.3,23.766971,86.410125
2026-07-02 23:00:00,N06,-0.0863,0.007815,2.63,-0.0187,5.6e-05,25.6,23.766971,86.410125
2026-07-03 00:00:00,N06,-0.2549,0.006456,2.5,-0.0186,0.00024,23.6,23.766971,86.410125
2026-07-03 01:00:00,N06,-0.2126,0.007217,6.51,-0.0182,0.000331,23.9,23.766971,86.410125
2026-07-03 02:00:00,N06,0.0614,0.005789,7.73,-0.0179,5e-06,24.6,23.766971,86.410125
2026-07-03 03:00:00,N06,-0.1031,0.00795,3.44,-0.0182,0.000375,25.8,23.766971,86.410125
2026-07-03 04:00:00,N06,-0.4417,0.007498,1.9,-0.0186,0.000297,27.4,23.766971,86.410125
2026-07-03 05:00:00,N06,-0.0364,0.006989,7.61,-0.0188,0.000575,29.2,23.766971,86.410125
2026-07-03 06:00:00,N06,-0.066,0.006939,9.95,-0.0198,0.000877,31.1,23.766971,86.410125
2026-07-03 07:00:00,N06,-0.1286,0.005855,2.48,-0.0205,0.000494,33.1,23.766971,86.410125
2026-07-03 08:00:00,N06,0.0794,0.00633,8.53,-0.0208,0.000209,34.9,23.766971,86.410125
2026-07-03 09:00:00,N06,0.2917,0.005057,2.55,-0.0201,0.004967,36.4,23.766971,86.410125
2026-07-03 10:00:00,N06,0.2156,0.990037,29.04,-0.0108,0.000513,37.6,23.766971,86.410125
2026-07-03 11:00:00,N06,0.3148,0.008375,9.2,-0.0191,0.004564,38.4,23.766971,86.410125
2026-07-03 12:00:00,N06,,,,,,,23.766971,86.410125
2026-07-03 13:00:00,N06,,,,,,,23.766971,86.410125
2026-07-03 14:00:00,N06,,,,,,,23.766971,86.410125
2026-07-03 15:00:00,N06,0.1161,0.007242,2.07,-0.019,0.000186,36.4,23.766971,86.410125
2026-07-03 16:00:00,N06,-0.0933,0.006688,2.42,-0.0193,0.00042,34.9,23.766971,86.410125
2026-07-03 17:00:00,N06,0.1704,0.006445,7.82,-0.0198,0.000237,33.1,23.766971,86.410125
2026-07-03 18:00:00,N06,-0.0647,0.006545,2.55,-0.0197,0.000178,31.1,23.766971,86.410125
2026-07-03 19:00:00,N06,,,,,,,23.766971,86.410125
2026-07-03 20:00:00,N06,,,,,,,23.766971,86.410125
2026-07-03 21:00:00,N06,,,,,,,23.766971,86.410125
2026-07-03 22:00:00,N06,-0.2565,0.005105,8.9,-0.0188,0.000217,24.6,23.766971,86.410125
2026-07-03 23:00:00,N06,-0.1333,0.010016,7.47,-0.0193,0.000592,23.9,23.766971,86.410125
2026-07-04 00:00:00,N06,-0.1084,0.007488,2.44,-0.02,0.000198,25.4,23.766971,86.410125
2026-07-04 01:00:00,N06,-0.023,0.007478,9.8,-0.0197,0.00035,25.6,23.766971,86.410125
2026-07-04 02:00:00,N06,-0.1418,0.006296,6.7,-0.0193,0.000279,26.4,23.766971,86.410125
2026-07-04 03:00:00,N06,0.2682,0.006341,3.12,-0.0191,1.9e-05,27.6,23.766971,86.410125
2026-07-04 04:00:00,N06,-0.1478,0.006327,5.31,-0.0193,0.000149,29.1,23.766971,86.410125
2026-07-04 05:00:00,N06,-0.0344,0.005219,9.91,-0.0194,0.000464,30.9,23.766971,86.410125
2026-07-04 06:00:00,N06,0.1053,0.009379,1.1,-0.0183,0.000704,32.9,23.766971,86.410125
2026-07-04 07:00:00,N06,-0.1965,0.005978,3.14,-0.018,0.000447,34.8,23.766971,86.410125
2026-07-04 08:00:00,N06,0.046,0.007512,4.51,-0.0174,0.000246,36.6,23.766971,86.410125
2026-07-04 09:00:00,N06,-0.0687,0.005013,7.31,-0.0175,0.00021,38.2,23.766971,86.410125
2026-07-04 10:00:00,N06,-0.0183,0.006652,9.86,-0.017,0.000376,39.4,23.766971,86.410125
2026-07-04 11:00:00,N06,0.2209,0.005661,4.76,-0.0168,9.6e-05,40.1,23.766971,86.410125
2026-07-04 12:00:00,N06,0.0139,0.006454,9.34,-0.0168,0.000435,40.4,23.766971,86.410125
2026-07-04 13:00:00,N06,0.0494,0.006916,2.79,-0.0159,0.008175,40.1,23.766971,86.410125
2026-07-04 14:00:00,N06,-0.0627,0.83481,32.86,-0.0005,0.007474,39.4,23.766971,86.410125
2026-07-04 15:00:00,N06,-0.0649,0.524025,39.22,-0.0009,0.00733,38.2,23.766971,86.410125
2026-07-04 16:00:00,N06,-0.1891,0.007041,3.54,-0.0151,0.007235,36.6,23.766971,86.410125
2026-07-04 17:00:00,N06,-0.1508,0.006972,4.87,-0.0154,0.000267,34.8,23.766971,86.410125
2026-07-04 18:00:00,N06,0.193,0.00541,8.73,-0.0157,0.000464,32.9,23.766971,86.410125
2026-07-04 19:00:00,N06,0.2223,0.0067,9.97,-0.0163,0.000232,30.9,23.766971,86.410125
2026-07-04 20:00:00,N06,-0.262,0.005966,2.2,-0.0161,0.000266,29.1,23.766971,86.410125
2026-07-04 21:00:00,N06,0.1816,0.005231,7.31,-0.0158,7.7e-05,27.6,23.766971,86.410125
2026-07-04 22:00:00,N06,0.002,0.005156,9.91,-0.0163,0.000136,26.4,23.766971,86.410125
2026-07-04 23:00:00,N06,0.1536,0.005366,9.93,-0.0161,0.000384,25.6,23.766971,86.410125
2026-07-05 00:00:00,N06,-0.0187,0.007638,1.74,-0.0155,0.000106,28.5,23.766971,86.410125
2026-07-05 01:00:00,N06,0.1781,0.008954,3.4,-0.0159,0.000392,28.7,23.766971,86.410125
2026-07-05 02:00:00,N06,-0.3472,0.008807,1.34,-0.0163,0.000239,29.5,23.766971,86.410125
2026-07-05 03:00:00,N06,-0.2356,0.006027,8.92,-0.0163,0.000134,30.7,23.766971,86.410125
2026-07-05 04:00:00,N06,-0.1172,0.005326,9.14,-0.016,0.000246,32.2,23.766971,86.410125
2026-07-05 05:00:00,N06,0.2531,0.007667,9.03,-0.0158,0.000186,34.0,23.766971,86.410125
2026-07-05 06:00:00,N06,0.2976,0.009337,6.65,-0.0157,0.000225,36.0,23.766971,86.410125
2026-07-05 07:00:00,N06,-0.1041,0.005652,6.2,-0.0163,0.00815,37.9,23.766971,86.410125
2026-07-05 08:00:00,N06,-0.0167,0.656988,38.61,0.0006,9e-06,39.7,23.766971,86.410125
2026-07-05 09:00:00,N06,-0.1385,0.00894,4.51,-0.0163,0.008285,41.3,23.766971,86.410125
2026-07-05 10:00:00,N06,-0.18,0.005497,7.53,-0.0159,4.4e-05,42.5,23.766971,86.410125
2026-07-05 11:00:00,N06,0.0256,0.006128,4.39,-0.0162,2.9e-05,43.2,23.766971,86.410125
2026-07-05 12:00:00,N06,0.2519,0.006449,9.95,-0.0159,0.000183,43.5,23.766971,86.410125
2026-07-05 13:00:00,N06,0.0144,0.005352,1.27,-0.0158,0.00587,43.2,23.766971,86.410125
2026-07-05 14:00:00,N06,0.0064,0.760045,27.53,-0.0276,0.006118,42.5,23.766971,86.410125
2026-07-05 15:00:00,N06,0.3217,0.988559,28.05,-0.0281,0.005988,41.3,23.766971,86.410125
2026-07-05 16:00:00,N06,,,,,,,23.766971,86.410125
2026-07-05 17:00:00,N06,,,,,,,23.766971,86.410125
2026-07-05 18:00:00,N06,-0.1497,0.008669,4.07,-0.0144,0.000757,36.0,23.766971,86.410125
2026-07-05 19:00:00,N06,-0.1649,0.006104,3.04,-0.0136,0.0005,34.0,23.766971,86.410125
2026-07-05 20:00:00,N06,0.4126,0.006432,2.66,-0.0134,0.000295,32.2,23.766971,86.410125
2026-07-05 21:00:00,N06,,,,,,,23.766971,86.410125
2026-07-05 22:00:00,N06,,,,,,,23.766971,86.410125
2026-07-05 23:00:00,N06,,,,,,,23.766971,86.410125
2026-07-06 00:00:00,N06,,,,,,,23.766971,86.410125
2026-07-06 01:00:00,N06,-0.0446,0.006527,7.44,-0.0119,0.000429,25.5,23.766971,86.410125
2026-07-06 02:00:00,N06,-0.0049,0.008492,6.37,-0.0115,0.000253,26.3,23.766971,86.410125
2026-07-06 03:00:00,N06,-0.243,0.00552,8.1,-0.0114,2e-06,27.5,23.766971,86.410125
2026-07-06 04:00:00,N06,0.2024,0.006107,2.1,-0.0115,5.7e-05,29.0,23.766971,86.410125
2026-07-06 05:00:00,N06,0.1659,0.00553,6.79,-0.0115,0.000109,30.8,23.766971,86.410125
2026-07-06 06:00:00,N06,-0.0275,0.007071,3.96,-0.0112,0.003098,32.8,23.766971,86.410125
2026-07-06 07:00:00,N06,0.2712,0.912871,43.77,-0.0053,0.00293,34.7,23.766971,86.410125
2026-07-06 08:00:00,N06,0.0168,0.649395,17.79,-0.0054,0.003076,36.5,23.766971,86.410125
2026-07-06 09:00:00,N06,0.2585,0.006295,4.1,-0.0115,0.002776,38.1,23.766971,86.410125
2026-07-06 10:00:00,N06,,,,,,,23.766971,86.410125
2026-07-06 11:00:00,N06,,,,,,,23.766971,86.410125
2026-07-06 12:00:00,N06,,,,,,,23.766971,86.410125
2026-07-06 13:00:00,N06,,,,,,,23.766971,86.410125
2026-07-06 14:00:00,N06,0.1082,0.006631,5.88,-0.0119,0.000317,39.3,23.766971,86.410125
2026-07-06 15:00:00,N06,0.2951,0.005212,5.04,-0.011,0.000253,38.1,23.766971,86.410125
2026-07-06 16:00:00,N06,0.1224,0.005536,8.1,-0.0114,0.000392,36.5,23.766971,86.410125
2026-07-06 17:00:00,N06,,,,,,,23.766971,86.410125
2026-07-06 18:00:00,N06,,,,,,,23.766971,86.410125
2026-07-06 19:00:00,N06,0.1712,0.005887,9.73,-0.0105,0.000678,30.8,23.766971,86.410125
2026-07-06 20:00:00,N06,0.1077,0.005136,6.4,-0.0119,0.001014,29.0,23.766971,86.410125
2026-07-06 21:00:00,N06,0.1726,0.005361,5.1,-0.0125,0.000158,27.5,23.766971,86.410125
2026-07-06 22:00:00,N06,-0.0214,0.006489,7.13,-0.0122,0.000129,26.3,23.766971,86.410125
2026-07-06 23:00:00,N06,0.2099,0.006244,9.61,-0.0122,1.5e-05,25.5,23.766971,86.410125
2026-07-07 00:00:00,N06,-0.0845,0.008692,9.34,-0.0122,0.000344,26.5,23.766971,86.410125
2026-07-07 01:00:00,N06,-0.1242,0.005679,8.24,-0.0115,5.1e-05,26.8,23.766971,86.410125
2026-07-07 02:00:00,N06,0.165,0.009459,9.81,-0.0121,3e-06,27.5,23.766971,86.410125
2026-07-07 03:00:00,N06,0.1174,0.005173,3.19,-0.0115,0.000331,28.7,23.766971,86.410125
2026-07-07 04:00:00,N06,-0.1614,0.005154,9.54,-0.0114,0.000256,30.3,23.766971,86.410125
2026-07-07 05:00:00,N06,,,,,,,23.766971,86.410125
2026-07-07 06:00:00,N06,,,,,,,23.766971,86.410125
2026-07-07 07:00:00,N06,0.087,0.005329,9.61,-0.0112,1.8e-05,36.0,23.766971,86.410125
2026-07-07 08:00:00,N06,-0.1283,0.007104,2.0,-0.0114,0.000334,37.8,23.766971,86.410125
2026-07-07 09:00:00,N06,0.1931,0.00641,8.53,-0.0119,0.000698,39.3,23.766971,86.410125
2026-07-07 10:00:00,N06,0.0989,0.005869,5.3,-0.0128,0.000271,40.5,23.766971,86.410125
2026-07-07 11:00:00,N06,0.0269,0.007442,4.2,-0.0124,0.000102,41.3,23.766971,86.410125
2026-07-07 12:00:00,N06,0.0919,0.005131,1.1,-0.013,0.003659,41.5,23.766971,86.410125
2026-07-07 13:00:00,N06,0.1885,0.738603,40.5,-0.0051,0.008049,41.3,23.766971,86.410125
2026-07-07 14:00:00,N06,-0.1191,0.530337,21.2,-0.0291,0.011337,40.5,23.766971,86.410125
2026-07-07 15:00:00,N06,0.1303,0.74341,17.37,-0.0278,0.008729,39.3,23.766971,86.410125
2026-07-07 16:00:00,N06,-0.0986,0.006933,3.97,-0.0116,0.008028,37.8,23.766971,86.410125
2026-07-07 17:00:00,N06,0.0242,0.005252,9.75,-0.0117,0.000297,36.0,23.766971,86.410125
2026-07-07 18:00:00,N06,-0.0794,0.006143,2.94,-0.0122,0.000619,34.0,23.766971,86.410125
2026-07-07 19:00:00,N06,0.1657,0.008728,5.1,-0.013,0.00011,32.1,23.766971,86.410125
2026-07-07 20:00:00,N06,0.1395,0.006377,3.35,-0.0124,0.000632,30.3,23.766971,86.410125
2026-07-07 21:00:00,N06,-0.0218,0.005672,6.37,-0.0117,0.000291,28.7,23.766971,86.410125
2026-07-07 22:00:00,N06,-0.1359,0.005559,5.5,-0.0119,0.00021,27.5,23.766971,86.410125
2026-07-07 23:00:00,N06,-0.2134,0.006492,5.76,-0.0113,0.000331,26.8,23.766971,86.410125
2026-07-08 00:00:00,N06,-0.1436,0.005665,3.32,-0.0125,0.000609,25.4,23.766971,86.410125
2026-07-08 01:00:00,N06,-0.0918,0.005423,2.36,-0.0125,0.00019,25.7,23.766971,86.410125
2026-07-08 02:00:00,N06,0.1071,0.007636,1.83,-0.0129,7e-06,26.4,23.766971,86.410125
2026-07-08 03:00:00,N06,0.0845,0.006075,1.91,-0.0125,8.2e-05,27.6,23.766971,86.410125
2026-07-08 04:00:00,N06,-0.1344,0.010227,9.05,-0.0131,0.000149,29.1,23.766971,86.410125
2026-07-08 05:00:00,N06,0.1488,0.006199,2.37,-0.0128,0.000489,31.0,23.766971,86.410125
2026-07-08 06:00:00,N06,0.1946,0.006311,4.93,-0.0121,0.00067,32.9,23.766971,86.410125
2026-07-08 07:00:00,N06,0.1377,0.005573,7.4,-0.0115,0.00045,34.8,23.766971,86.410125
2026-07-08 08:00:00,N06,0.1065,0.006618,7.69,-0.0112,0.007327,36.6,23.766971,86.410125
2026-07-08 09:00:00,N06,0.1319,0.724884,23.26,-0.0261,0.000657,38.2,23.766971,86.410125
2026-07-08 10:00:00,N06,-0.0049,0.00865,9.6,-0.0099,0.008531,39.4,23.766971,86.410125
2026-07-08 11:00:00,N06,0.1048,0.006659,2.18,-0.0091,0.00534,40.1,23.766971,86.410125
2026-07-08 12:00:00,N06,-0.3186,0.754246,22.92,0.0008,0.005317,40.4,23.766971,86.410125
2026-07-08 13:00:00,N06,-0.1144,0.953962,48.76,0.0016,0.004116,40.1,23.766971,86.410125
2026-07-08 14:00:00,N06,-0.3284,0.006697,6.92,-0.0074,0.004395,39.4,23.766971,86.410125
2026-07-08 15:00:00,N06,-0.1369,0.00712,6.46,-0.0072,0.000257,38.2,23.766971,86.410125
2026-07-08 16:00:00,N06,-0.0075,0.005933,7.1,-0.0069,9e-05,36.6,23.766971,86.410125
2026-07-08 17:00:00,N06,0.117,0.006851,4.94,-0.0074,0.000512,34.8,23.766971,86.410125
2026-07-08 18:00:00,N06,-0.0685,0.005369,8.48,-0.0079,5e-05,32.9,23.766971,86.410125
2026-07-08 19:00:00,N06,0.16,0.00607,8.41,-0.0073,0.00056,31.0,23.766971,86.410125
2026-07-08 20:00:00,N06,0.0101,0.00622,2.86,-0.0068,0.000326,29.1,23.766971,86.410125
2026-07-08 21:00:00,N06,-0.0294,0.007886,1.7,-0.0066,0.000147,27.6,23.766971,86.410125
2026-07-08 22:00:00,N06,-0.0334,0.006406,9.76,-0.0071,0.000542,26.4,23.766971,86.410125
2026-07-08 23:00:00,N06,0.0582,0.006079,4.6,-0.0077,0.000197,25.7,23.766971,86.410125
2026-07-09 00:00:00,N06,-0.0812,0.005377,6.96,-0.0075,0.000329,25.9,23.766971,86.410125
2026-07-09 01:00:00,N06,0.1599,0.006675,9.84,-0.0071,0.000549,26.1,23.766971,86.410125
2026-07-09 02:00:00,N06,-0.1633,0.005271,5.82,-0.0064,0.000558,26.9,23.766971,86.410125
2026-07-09 03:00:00,N06,-0.1608,0.005613,5.35,-0.006,0.000219,28.0,23.766971,86.410125
2026-07-09 04:00:00,N06,0.1645,0.005843,7.19,-0.006,0.000438,29.6,23.766971,86.410125
2026-07-09 05:00:00,N06,,,,,,,23.766971,86.410125
2026-07-09 06:00:00,N06,,,,,,,23.766971,86.410125
2026-07-09 07:00:00,N06,,,,,,,23.766971,86.410125
2026-07-09 08:00:00,N06,0.3032,0.007464,5.38,-0.0035,0.005374,37.1,23.766971,86.410125
2026-07-09 09:00:00,N06,0.0389,0.005108,4.15,-0.0027,0.000748,38.7,23.766971,86.410125
2026-07-09 10:00:00,N06,,,,,,,23.766971,86.410125
2026-07-09 11:00:00,N06,,,,,,,23.766971,86.410125
2026-07-09 12:00:00,N06,0.3182,0.005055,5.24,-0.0024,0.000254,40.9,23.766971,86.410125
2026-07-09 13:00:00,N06,0.115,0.005175,9.65,-0.0027,0.000231,40.6,23.766971,86.410125
2026-07-09 14:00:00,N06,0.242,0.00729,9.6,-0.0019,0.000198,39.8,23.766971,86.410125
2026-07-09 15:00:00,N06,-0.0278,0.006643,8.7,-0.0031,0.000674,38.7,23.766971,86.410125
2026-07-09 16:00:00,N06,0.0222,0.007417,6.49,-0.0033,0.000391,37.1,23.766971,86.410125
2026-07-09 17:00:00,N06,-0.219,0.005719,5.87,-0.0039,0.000176,35.3,23.766971,86.410125
2026-07-09 18:00:00,N06,0.1102,0.005589,2.66,-0.0036,0.000127,33.4,23.766971,86.410125
2026-07-09 19:00:00,N06,-0.0233,0.007272,9.61,-0.0036,2.2e-05,31.4,23.766971,86.410125
2026-07-09 20:00:00,N06,-0.0758,0.005824,5.01,-0.0036,0.000177,29.6,23.766971,86.410125
2026-07-09 21:00:00,N06,-0.0041,0.005594,4.53,-0.0033,0.000246,28.0,23.766971,86.410125
2026-07-09 22:00:00,N06,-0.2805,0.005852,1.36,-0.0031,0.000305,26.9,23.766971,86.410125
2026-07-09 23:00:00,N06,-0.0311,0.006925,8.63,-0.0027,9.5e-05,26.1,23.766971,86.410125
2026-07-10 00:00:00,N06,-0.1667,0.006588,1.51,-0.0033,4.8e-05,29.9,23.766971,86.410125
2026-07-10 01:00:00,N06,-0.1398,0.006683,5.29,-0.0028,0.000525,30.1,23.766971,86.410125
2026-07-10 02:00:00,N06,-0.1813,0.007305,1.1,-0.0022,0.000268,30.9,23.766971,86.410125
2026-07-10 03:00:00,N06,0.0782,0.008187,1.43,-0.0022,0.000303,32.0,23.766971,86.410125
2026-07-10 04:00:00,N06,-0.0113,0.006387,8.34,-0.0016,0.000137,33.6,23.766971,86.410125
2026-07-10 05:00:00,N06,-0.04,0.00556,6.37,-0.002,9e-05,35.4,23.766971,86.410125
2026-07-10 06:00:00,N06,0.0751,0.007136,6.4,-0.0014,0.000147,37.4,23.766971,86.410125
2026-07-10 07:00:00,N06,0.3186,0.006517,6.05,-0.0017,0.000211,39.3,23.766971,86.410125
2026-07-10 08:00:00,N06,0.2988,0.006735,9.53,-0.0019,9.8e-05,41.1,23.766971,86.410125
2026-07-10 09:00:00,N06,0.0879,0.009131,2.1,-0.0019,2e-05,42.7,23.766971,86.410125
2026-07-10 10:00:00,N06,0.135,0.005429,3.26,-0.0019,0.00879,43.8,23.766971,86.410125
2026-07-10 11:00:00,N06,-0.1601,0.888734,19.79,0.0157,0.008883,44.6,23.766971,86.410125
2026-07-10 12:00:00,N06,0.2011,0.810621,21.9,0.0159,0.008806,44.9,23.766971,86.410125
2026-07-10 13:00:00,N06,0.1246,0.008073,7.25,-0.0019,0.008633,44.6,23.766971,86.410125
2026-07-10 14:00:00,N06,0.1625,0.006219,5.52,-0.0014,6.9e-05,43.8,23.766971,86.410125
2026-07-10 15:00:00,N06,-0.2186,0.005693,4.76,-0.002,0.000709,42.7,23.766971,86.410125
2026-07-10 16:00:00,N06,0.0229,0.007972,1.02,-0.0028,0.000593,41.1,23.766971,86.410125
2026-07-10 17:00:00,N06,-0.2099,0.006223,5.7,-0.0032,0.000186,39.3,23.766971,86.410125
2026-07-10 18:00:00,N06,0.1608,0.006568,8.2,-0.0032,0.000183,37.4,23.766971,86.410125
2026-07-10 19:00:00,N06,0.0448,0.005466,5.07,-0.0036,0.000639,35.4,23.766971,86.410125
2026-07-10 20:00:00,N06,0.1428,0.00553,6.16,-0.0045,0.000664,33.6,23.766971,86.410125
2026-07-10 21:00:00,N06,-0.0426,0.005558,1.25,-0.0049,0.000125,32.0,23.766971,86.410125
2026-07-10 22:00:00,N06,-0.2181,0.006673,5.86,-0.0047,0.000168,30.9,23.766971,86.410125
2026-07-10 23:00:00,N06,,,,,,,23.766971,86.410125
2026-07-11 00:00:00,N06,,,,,,,23.766971,86.410125
2026-07-11 01:00:00,N06,-0.1242,0.01077,4.92,-0.0044,0.000397,26.1,23.766971,86.410125
2026-07-11 02:00:00,N06,0.0498,0.006867,4.23,-0.005,0.000544,26.9,23.766971,86.410125
2026-07-11 03:00:00,N06,-0.3755,0.006177,2.86,-0.0055,7.4e-05,28.1,23.766971,86.410125
2026-07-11 04:00:00,N06,-0.4059,0.006129,3.42,-0.0049,0.000213,29.6,23.766971,86.410125
2026-07-11 05:00:00,N06,0.0356,0.007026,3.49,-0.0051,0.000473,31.4,23.766971,86.410125
2026-07-11 06:00:00,N06,0.146,0.007528,3.64,-0.0058,0.000518,33.4,23.766971,86.410125
2026-07-11 07:00:00,N06,-0.1256,0.010446,6.52,-0.0061,0.000219,35.3,23.766971,86.410125
2026-07-11 08:00:00,N06,0.0638,0.005365,4.97,-0.0063,0.000154,37.1,23.766971,86.410125
2026-07-11 09:00:00,N06,0.0147,0.005424,9.42,-0.0058,0.000129,38.7,23.766971,86.410125
2026-07-11 10:00:00,N06,-0.115,0.006655,3.49,-0.006,0.000292,39.9,23.766971,86.410125
2026-07-11 11:00:00,N06,-0.1618,0.007861,1.98,-0.0064,0.000982,40.6,23.766971,86.410125
2026-07-11 12:00:00,N06,0.1319,0.00581,4.14,-0.008,0.000895,40.9,23.766971,86.410125
2026-07-11 13:00:00,N06,,,,,,,23.766971,86.410125
2026-07-11 14:00:00,N06,,,,,,,23.766971,86.410125
2026-07-11 15:00:00,N06,,,,,,,23.766971,86.410125
2026-07-11 16:00:00,N06,-0.0067,0.603669,36.43,-0.0267,0.009054,37.1,23.766971,86.410125
2026-07-11 17:00:00,N06,0.1093,0.005506,5.65,-0.0086,0.009233,35.3,23.766971,86.410125
2026-07-11 18:00:00,N06,0.1848,0.009507,9.36,-0.0083,0.000621,33.4,23.766971,86.410125
2026-07-11 19:00:00,N06,0.2809,0.006131,5.58,-0.0074,0.000704,31.4,23.766971,86.410125
2026-07-11 20:00:00,N06,-0.149,0.005015,7.6,-0.0069,0.000329,29.6,23.766971,86.410125
2026-07-11 21:00:00,N06,-0.1158,0.006648,3.17,-0.0067,7.9e-05,28.1,23.766971,86.410125
2026-07-11 22:00:00,N06,-0.1002,0.005232,9.28,-0.007,0.000182,26.9,23.766971,86.410125
2026-07-11 23:00:00,N06,0.0587,0.006838,9.38,-0.0071,0.000263,26.1,23.766971,86.410125
2026-07-12 00:00:00,N06,0.0412,0.005482,5.81,-0.0076,4.4e-05,26.5,23.766971,86.410125
2026-07-12 01:00:00,N06,-0.1236,0.006212,2.95,-0.0072,8.1e-05,26.7,23.766971,86.410125
2026-07-12 02:00:00,N06,0.0516,0.005237,2.02,-0.0074,0.000202,27.5,23.766971,86.410125
2026-07-12 03:00:00,N06,0.1444,0.00567,2.71,-0.0076,6.2e-05,28.7,23.766971,86.410125
2026-07-12 04:00:00,N06,-0.3169,0.008052,3.84,-0.0073,0.000413,30.2,23.766971,86.410125
2026-07-12 05:00:00,N06,-0.0649,0.006735,5.86,-0.0068,0.000155,32.0,23.766971,86.410125
2026-07-12 06:00:00,N06,0.0233,0.005923,7.82,-0.007,6.9e-05,34.0,23.766971,86.410125
2026-07-12 07:00:00,N06,0.0198,0.00683,8.61,-0.0066,0.000285,35.9,23.766971,86.410125
2026-07-12 08:00:00,N06,0.1692,0.008779,7.49,-0.0075,0.006772,37.7,23.766971,86.410125
2026-07-12 09:00:00,N06,0.1739,0.85785,28.24,0.0069,0.000269,39.3,23.766971,86.410125
2026-07-12 10:00:00,N06,-0.1349,0.005331,4.53,-0.0081,0.007533,40.5,23.766971,86.410125
2026-07-12 11:00:00,N06,-0.0067,0.005309,4.23,-0.0082,5e-06,41.2,23.766971,86.410125
2026-07-12 12:00:00,N06,,,,,,,23.766971,86.410125
2026-07-12 13:00:00,N06,0.1852,0.006295,9.41,-0.0077,1e-05,41.2,23.766971,86.410125
2026-07-12 14:00:00,N06,0.0738,0.007754,5.91,-0.0081,3.8e-05,40.5,23.766971,86.410125
2026-07-12 15:00:00,N06,0.133,0.008153,7.46,-0.0078,0.000441,39.3,23.766971,86.410125
2026-07-12 16:00:00,N06,0.0411,0.00779,1.97,-0.0072,0.000415,37.7,23.766971,86.410125
2026-07-12 17:00:00,N06,0.0465,0.005543,1.25,-0.0069,0.000452,35.9,23.766971,86.410125
2026-07-12 18:00:00,N06,-0.0216,0.005782,3.82,-0.0063,0.000339,34.0,23.766971,86.410125
2026-07-12 19:00:00,N06,-0.0049,0.006695,6.31,-0.0063,3e-06,32.0,23.766971,86.410125
2026-07-12 20:00:00,N06,-0.001,0.006555,5.29,-0.0063,0.000267,30.2,23.766971,86.410125
2026-07-12 21:00:00,N06,-0.1052,0.005217,9.27,-0.0057,2.1e-05,28.7,23.766971,86.410125
2026-07-12 22:00:00,N06,0.0268,0.007136,2.24,-0.0063,3.4e-05,27.5,23.766971,86.410125
2026-07-12 23:00:00,N06,-0.0737,0.006768,7.1,-0.0058,0.000258,26.7,23.766971,86.410125
2026-07-13 00:00:00,N06,0.0426,0.008065,6.4,-0.0058,0.000183,24.6,23.766971,86.410125
2026-07-13 01:00:00,N06,-0.3016,0.006929,5.04,-0.0062,0.000346,24.9,23.766971,86.410125
2026-07-13 02:00:00,N06,0.1394,0.005065,5.14,-0.0065,0.00018,25.6,23.766971,86.410125
2026-07-13 03:00:00,N06,-0.084,0.007422,2.04,-0.0065,0.000256,26.8,23.766971,86.410125
2026-07-13 04:00:00,N06,-0.0823,0.006773,3.66,-0.007,1.3e-05,28.4,23.766971,86.410125
2026-07-13 05:00:00,N06,-0.1746,0.005235,1.48,-0.0065,0.000119,30.2,23.766971,86.410125
2026-07-13 06:00:00,N06,0.245,0.005117,1.28,-0.0068,0.00671,32.1,23.766971,86.410125
2026-07-13 07:00:00,N06,0.1952,0.651074,16.31,0.0069,0.000274,34.1,23.766971,86.410125
2026-07-13 08:00:00,N06,-0.0992,0.007765,4.48,-0.0073,0.01291,35.9,23.766971,86.410125
2026-07-13 09:00:00,N06,0.5261,0.82124,19.86,-0.0189,0.006058,37.4,23.766971,86.410125
2026-07-13 10:00:00,N06,0.0115,0.776661,47.44,-0.0195,0.000781,38.6,23.766971,86.410125
2026-07-13 11:00:00,N06,0.1866,0.759423,25.53,-0.0205,0.000379,39.4,23.766971,86.410125
2026-07-13 12:00:00,N06,0.096,0.534768,20.64,-0.0202,0.006168,39.6,23.766971,86.410125
2026-07-13 13:00:00,N06,0.2915,0.005758,3.66,-0.0081,0.006219,39.4,23.766971,86.410125
2026-07-13 14:00:00,N06,-0.1335,0.005224,8.76,-0.0078,0.000631,38.6,23.766971,86.410125
2026-07-13 15:00:00,N06,0.1123,0.005257,9.2,-0.0069,0.00085,37.4,23.766971,86.410125
2026-07-13 16:00:00,N06,0.1462,0.006444,1.79,-0.0061,0.000384,35.9,23.766971,86.410125
2026-07-13 17:00:00,N06,0.127,0.006494,2.15,-0.0061,0.000173,34.1,23.766971,86.410125
2026-07-13 18:00:00,N06,-0.0314,0.00743,4.25,-0.0057,0.000155,32.1,23.766971,86.410125
2026-07-13 19:00:00,N06,-0.0392,0.007197,4.13,-0.0058,6.7e-05,30.2,23.766971,86.410125
2026-07-13 20:00:00,N06,-0.4086,0.00905,8.23,-0.0059,4.6e-05,28.4,23.766971,86.410125
2026-07-13 21:00:00,N06,-0.2489,0.005883,1.83,-0.0059,0.000188,26.8,23.766971,86.410125
2026-07-13 22:00:00,N06,-0.2405,0.008125,5.37,-0.0055,0.000392,25.6,23.766971,86.410125
2026-07-13 23:00:00,N06,-0.2284,0.005135,3.28,-0.0067,0.000402,24.9,23.766971,86.410125
2026-07-14 00:00:00,N06,-0.0175,0.005219,8.38,-0.0063,0.000146,26.6,23.766971,86.410125
2026-07-14 01:00:00,N06,0.1301,0.00633,9.93,-0.0069,0.000431,26.9,23.766971,86.410125
2026-07-14 02:00:00,N06,-0.0962,0.006081,7.08,-0.0072,6.3e-05,27.6,23.766971,86.410125
2026-07-14 03:00:00,N06,-0.0166,0.005677,1.11,-0.0068,0.000177,28.8,23.766971,86.410125
2026-07-14 04:00:00,N06,-0.2606,0.005117,1.89,-0.0068,0.000127,30.3,23.766971,86.410125
2026-07-14 05:00:00,N06,-0.2218,0.007793,5.56,-0.0071,0.000311,32.2,23.766971,86.410125
2026-07-14 06:00:00,N06,0.0287,0.006035,4.47,-0.0074,2.1e-05,34.1,23.766971,86.410125
2026-07-14 07:00:00,N06,0.2266,0.007532,2.22,-0.0071,0.000406,36.0,23.766971,86.410125
2026-07-14 08:00:00,N06,-0.405,0.006221,9.59,-0.0066,2.7e-05,37.8,23.766971,86.410125
2026-07-14 09:00:00,N06,-0.0287,0.005074,4.13,-0.0071,7.6e-05,39.4,23.766971,86.410125
2026-07-14 10:00:00,N06,0.0837,0.006805,3.35,-0.0068,0.000548,40.6,23.766971,86.410125
2026-07-14 11:00:00,N06,0.0697,0.00889,6.78,-0.006,0.000823,41.3,23.766971,86.410125
2026-07-14 12:00:00,N06,-0.1282,0.005122,3.07,-0.0051,0.00895,41.6,23.766971,86.410125
2026-07-14 13:00:00,N06,0.293,0.675589,15.24,0.0119,0.000441,41.3,23.766971,86.410125
2026-07-14 14:00:00,N06,0.0263,0.0055,4.32,-0.0042,0.007812,40.6,23.766971,86.410125
2026-07-14 15:00:00,N06,0.2594,0.007729,8.51,-0.0037,0.000137,39.4,23.766971,86.410125
2026-07-14 16:00:00,N06,-0.0163,0.005707,4.7,-0.004,0.000204,37.8,23.766971,86.410125
2026-07-14 17:00:00,N06,0.1608,0.005253,9.24,-0.0041,2.6e-05,36.0,23.766971,86.410125
2026-07-14 18:00:00,N06,,,,,,,23.766971,86.410125
2026-07-14 19:00:00,N06,-0.0675,0.006006,5.82,-0.004,1e-05,32.2,23.766971,86.410125
2026-07-14 20:00:00,N06,0.2159,0.005564,3.62,-0.004,0.000148,30.3,23.766971,86.410125
2026-07-14 21:00:00,N06,-0.1619,0.006189,1.71,-0.0043,0.000307,28.8,23.766971,86.410125
2026-07-14 22:00:00,N06,0.1241,0.008416,9.42,-0.0046,0.000143,27.6,23.766971,86.410125
2026-07-14 23:00:00,N06,-0.3376,0.006567,5.64,-0.004,0.0003,26.9,23.766971,86.410125
2026-07-15 00:00:00,N06,0.1428,0.01265,5.17,-0.004,0.000187,24.8,23.766971,86.410125
2026-07-15 01:00:00,N06,0.0639,0.005874,6.35,-0.0037,0.00035,25.1,23.766971,86.410125
2026-07-15 02:00:00,N06,-0.302,0.006168,3.48,-0.0033,0.000114,25.8,23.766971,86.410125
2026-07-15 03:00:00,N06,-0.0363,0.005073,2.0,-0.0039,5.4e-05,27.0,23.766971,86.410125
2026-07-15 04:00:00,N06,0.139,0.006662,5.73,-0.0034,0.000204,28.5,23.766971,86.410125
2026-07-15 05:00:00,N06,-0.1478,0.006741,8.68,-0.0035,0.000389,30.4,23.766971,86.410125
2026-07-15 06:00:00,N06,-0.1904,0.005816,3.06,-0.0042,0.005369,32.3,23.766971,86.410125
2026-07-15 07:00:00,N06,0.0977,0.812557,47.49,-0.0142,0.003593,34.2,23.766971,86.410125
2026-07-15 08:00:00,N06,-0.0231,0.532952,41.74,0.003,0.00531,36.0,23.766971,86.410125
2026-07-15 09:00:00,N06,0.0633,0.007782,1.72,-0.0036,0.003144,37.6,23.766971,86.410125
2026-07-15 10:00:00,N06,-0.2112,0.008183,1.25,-0.0033,0.000324,38.8,23.766971,86.410125
2026-07-15 11:00:00,N06,0.0743,0.008562,7.64,-0.003,0.006662,39.5,23.766971,86.410125
2026-07-15 12:00:00,N06,0.0909,0.664685,29.5,0.01,4.9e-05,39.8,23.766971,86.410125
2026-07-15 13:00:00,N06,0.0671,0.006441,8.59,-0.0031,0.006502,39.5,23.766971,86.410125
2026-07-15 14:00:00,N06,-0.0526,0.007537,2.96,-0.003,0.00012,38.8,23.766971,86.410125
2026-07-15 15:00:00,N06,-0.229,0.006719,8.92,-0.0028,5.5e-05,37.6,23.766971,86.410125
2026-07-15 16:00:00,N06,-0.1036,0.006017,9.5,-0.0031,0.000178,36.0,23.766971,86.410125
2026-07-15 17:00:00,N06,0.0161,0.006128,3.95,-0.0032,0.000264,34.2,23.766971,86.410125
2026-07-15 18:00:00,N06,0.1394,0.005508,2.87,-0.0036,9e-06,32.3,23.766971,86.410125
2026-07-15 19:00:00,N06,-0.0149,0.007654,7.76,-0.0032,4.4e-05,30.4,23.766971,86.410125
2026-07-15 20:00:00,N06,-0.0694,0.007336,9.43,-0.0037,0.000206,28.5,23.766971,86.410125
2026-07-15 21:00:00,N06,,,,,,,23.766971,86.410125
2026-07-15 22:00:00,N06,,,,,,,23.766971,86.410125
2026-07-15 23:00:00,N06,,,,,,,23.766971,86.410125
2026-07-16 00:00:00,N06,,,,,,,23.766971,86.410125
2026-07-16 01:00:00,N06,0.2599,0.008872,9.79,-0.0037,7.7e-05,25.4,23.766971,86.410125
2026-07-16 02:00:00,N06,-0.0146,0.00611,8.83,-0.0039,0.000289,26.1,23.766971,86.410125
2026-07-16 03:00:00,N06,0.3043,0.005237,2.66,-0.0042,0.0003,27.3,23.766971,86.410125
2026-07-16 04:00:00,N06,,,,,,,23.766971,86.410125
2026-07-16 05:00:00,N06,,,,,,,23.766971,86.410125
2026-07-16 06:00:00,N06,,,,,,,23.766971,86.410125
2026-07-16 07:00:00,N06,,,,,,,23.766971,86.410125
2026-07-16 08:00:00,N06,-0.0938,0.006006,6.1,-0.0044,0.000573,36.4,23.766971,86.410125
2026-07-16 09:00:00,N06,,,,,,,23.766971,86.410125
2026-07-16 10:00:00,N06,,,,,,,23.766971,86.410125
2026-07-16 11:00:00,N06,,,,,,,23.766971,86.410125
2026-07-16 12:00:00,N06,-0.1585,0.7888,18.21,-0.019,0.000881,40.1,23.766971,86.410125
2026-07-16 13:00:00,N06,-0.1311,0.005579,6.96,-0.0011,0.008848,39.9,23.766971,86.410125
2026-07-16 14:00:00,N06,-0.0052,0.008225,6.55,-0.0013,0.000531,39.1,23.766971,86.410125
2026-07-16 15:00:00,N06,0.0186,0.006729,6.15,-0.0022,0.000355,37.9,23.766971,86.410125
2026-07-16 16:00:00,N06,0.0537,0.008919,4.88,-0.002,0.003528,36.4,23.766971,86.410125
2026-07-16 17:00:00,N06,0.2991,0.51966,18.82,-0.0092,0.003459,34.6,23.766971,86.410125
2026-07-16 18:00:00,N06,0.0431,0.715959,24.47,-0.0089,0.003319,32.6,23.766971,86.410125
2026-07-16 19:00:00,N06,-0.1251,0.007028,3.27,-0.0026,0.002805,30.7,23.766971,86.410125
2026-07-16 20:00:00,N06,-0.0036,0.005322,3.91,-0.0033,2e-06,28.9,23.766971,86.410125
2026-07-16 21:00:00,N06,,,,,,,23.766971,86.410125
2026-07-16 22:00:00,N06,0.0394,0.007726,5.52,-0.0022,0.00014,26.1,23.766971,86.410125
2026-07-16 23:00:00,N06,0.0671,0.005366,8.66,-0.0029,0.000491,25.4,23.766971,86.410125
2026-07-17 00:00:00,N06,-0.1282,0.007368,5.99,-0.0032,0.000463,19.1,23.766971,86.410125
2026-07-17 01:00:00,N06,-0.0845,0.00882,2.09,-0.0038,0.000438,19.3,23.766971,86.410125
2026-07-17 02:00:00,N06,0.1957,0.006651,2.36,-0.0041,3e-05,20.1,23.766971,86.410125
2026-07-17 03:00:00,N06,-0.1235,0.005664,5.02,-0.0037,0.000135,21.2,23.766971,86.410125
2026-07-17 04:00:00,N06,,,,,,,23.766971,86.410125
2026-07-17 05:00:00,N06,-0.0593,0.006211,9.91,-0.0037,3.8e-05,24.6,23.766971,86.410125
2026-07-17 06:00:00,N06,-0.1155,0.005675,3.84,-0.0043,0.000627,26.6,23.766971,86.410125
2026-07-17 07:00:00,N06,0.0148,0.008602,8.82,-0.0049,0.00026,28.5,23.766971,86.410125
2026-07-17 08:00:00,N06,-0.2718,0.006462,5.01,-0.0048,0.000248,30.3,23.766971,86.410125
2026-07-17 09:00:00,N06,-0.1106,0.006099,3.81,-0.0044,0.000146,31.9,23.766971,86.410125
2026-07-17 10:00:00,N06,-0.0162,0.009543,7.46,-0.0045,0.000234,33.0,23.766971,86.410125
2026-07-17 11:00:00,N06,0.0372,0.006173,1.71,-0.004,0.000384,33.8,23.766971,86.410125
2026-07-17 12:00:00,N06,0.0831,0.005827,5.52,-0.0038,0.00435,34.1,23.766971,86.410125
2026-07-17 13:00:00,N06,0.1117,0.770291,22.55,-0.0127,0.00014,33.8,23.766971,86.410125
2026-07-17 14:00:00,N06,-0.1267,0.005427,1.1,-0.004,0.003758,33.0,23.766971,86.410125
2026-07-17 15:00:00,N06,,,,,,,23.766971,86.410125
2026-07-17 16:00:00,N06,,,,,,,23.766971,86.410125
2026-07-17 17:00:00,N06,,,,,,,23.766971,86.410125
2026-07-17 18:00:00,N06,,,,,,,23.766971,86.410125
2026-07-17 19:00:00,N06,0.0451,0.008511,6.73,-0.004,0.00021,24.6,23.766971,86.410125
2026-07-17 20:00:00,N06,0.0006,0.006312,5.66,-0.0044,0.000219,22.8,23.766971,86.410125
2026-07-17 21:00:00,N06,-0.2145,0.005819,5.45,-0.0044,0.00016,21.2,23.766971,86.410125
2026-07-17 22:00:00,N06,0.1456,0.005628,9.84,-0.0041,0.000382,20.1,23.766971,86.410125
2026-07-17 23:00:00,N06,,,,,,,23.766971,86.410125
2026-07-18 00:00:00,N06,,,,,,,23.766971,86.410125
2026-07-18 01:00:00,N06,,,,,,,23.766971,86.410125
2026-07-18 02:00:00,N06,,,,,,,23.766971,86.410125
2026-07-18 03:00:00,N06,0.137,0.005188,6.85,-0.0044,4.9e-05,25.9,23.766971,86.410125
2026-07-18 04:00:00,N06,-0.1177,0.008843,1.89,-0.0049,6.2e-05,27.5,23.766971,86.410125
2026-07-18 05:00:00,N06,-0.1568,0.007746,9.84,-0.0045,7.4e-05,29.3,23.766971,86.410125
2026-07-18 06:00:00,N06,,,,,,,23.766971,86.410125
2026-07-18 07:00:00,N06,-0.1996,0.008191,2.03,-0.0047,0.000614,33.2,23.766971,86.410125
2026-07-18 08:00:00,N06,0.0151,0.010448,6.38,-0.0039,0.00055,35.0,23.766971,86.410125
2026-07-18 09:00:00,N06,-0.0069,0.007558,6.31,-0.0036,0.000269,36.5,23.766971,86.410125
2026-07-18 10:00:00,N06,0.002,0.00622,5.79,-0.0033,0.000263,37.7,23.766971,86.410125
2026-07-18 11:00:00,N06,0.03,0.006923,3.48,-0.003,0.000295,38.5,23.766971,86.410125
2026-07-18 12:00:00,N06,0.0971,0.007564,6.73,-0.0027,0.000665,38.7,23.766971,86.410125
2026-07-18 13:00:00,N06,0.0652,0.006496,6.43,-0.0017,0.000494,38.5,23.766971,86.410125
2026-07-18 14:00:00,N06,0.0651,0.006901,5.94,-0.0018,0.000158,37.7,23.766971,86.410125
2026-07-18 15:00:00,N06,0.0819,0.007499,9.62,-0.0014,0.006201,36.5,23.766971,86.410125
2026-07-18 16:00:00,N06,,,,,,,23.766971,86.410125
2026-07-18 17:00:00,N06,,,,,,,23.766971,86.410125
2026-07-18 18:00:00,N06,-0.1392,0.006053,8.91,0.0,0.007245,31.2,23.766971,86.410125
2026-07-18 19:00:00,N06,-0.0061,0.006031,4.71,0.0008,0.000576,29.3,23.766971,86.410125
2026-07-18 20:00:00,N06,0.0068,0.006937,3.78,0.0012,1.8e-05,27.5,23.766971,86.410125
2026-07-18 21:00:00,N06,0.186,0.005279,5.59,0.0008,0.000165,25.9,23.766971,86.410125
2026-07-18 22:00:00,N06,0.0303,0.006078,7.05,0.0015,3e-06,24.7,23.766971,86.410125
2026-07-18 23:00:00,N06,0.0496,0.005841,5.53,0.0008,0.000424,24.0,23.766971,86.410125
2026-07-19 00:00:00,N06,,,,,,,23.766971,86.410125
2026-07-19 01:00:00,N06,,,,,,,23.766971,86.410125
2026-07-19 02:00:00,N06,,,,,,,23.766971,86.410125
2026-07-19 03:00:00,N06,-0.0622,0.008587,4.65,0.0018,0.000651,29.0,23.766971,86.410125
2026-07-19 04:00:00,N06,0.1329,0.00849,5.58,0.0025,0.000326,30.5,23.766971,86.410125
2026-07-19 05:00:00,N06,0.2898,0.005811,6.19,0.0024,1.3e-05,32.3,23.766971,86.410125
2026-07-19 06:00:00,N06,0.1802,0.006121,3.81,0.0025,0.000161,34.3,23.766971,86.410125
2026-07-19 07:00:00,N06,,,,,,,23.766971,86.410125
2026-07-19 08:00:00,N06,,,,,,,23.766971,86.410125
2026-07-19 09:00:00,N06,,,,,,,23.766971,86.410125
2026-07-19 10:00:00,N06,,,,,,,23.766971,86.410125
2026-07-19 11:00:00,N06,,,,,,,23.766971,86.410125
2026-07-19 12:00:00,N06,,,,,,,23.766971,86.410125
2026-07-19 13:00:00,N06,,,,,,,23.766971,86.410125
2026-07-19 14:00:00,N06,,,,,,,23.766971,86.410125
2026-07-19 15:00:00,N06,,,,,,,23.766971,86.410125
2026-07-19 16:00:00,N06,0.0079,0.008098,1.19,0.0039,0.000284,38.0,23.766971,86.410125
2026-07-19 17:00:00,N06,-0.0085,0.008371,7.07,0.0042,0.0001,36.2,23.766971,86.410125
2026-07-19 18:00:00,N06,0.1229,0.00701,5.27,0.0037,0.000503,34.3,23.766971,86.410125
2026-07-19 19:00:00,N06,0.1101,0.006361,7.61,0.0032,1.4e-05,32.3,23.766971,86.410125
2026-07-19 20:00:00,N06,-0.2241,0.007745,4.48,0.0037,0.000188,30.5,23.766971,86.410125
2026-07-19 21:00:00,N06,0.0653,0.005928,7.3,0.0028,9.1e-05,29.0,23.766971,86.410125
2026-07-19 22:00:00,N06,0.0545,0.008006,5.13,0.0036,0.000189,27.8,23.766971,86.410125
2026-07-19 23:00:00,N06,0.0719,0.007042,6.08,0.0032,0.000342,27.0,23.766971,86.410125
2026-07-20 00:00:00,N06,-0.0593,0.005859,2.88,0.0029,0.000441,25.6,23.766971,86.410125
2026-07-20 01:00:00,N06,-0.2006,0.008658,7.79,0.0041,0.000367,25.9,23.766971,86.410125
2026-07-20 02:00:00,N06,-0.1113,0.005468,4.74,0.0036,7.9e-05,26.6,23.766971,86.410125
2026-07-20 03:00:00,N06,0.0906,0.008184,6.32,0.0039,0.000207,27.8,23.766971,86.410125
2026-07-20 04:00:00,N06,,,,,,,23.766971,86.410125
2026-07-20 05:00:00,N06,,,,,,,23.766971,86.410125
2026-07-20 06:00:00,N06,0.0242,0.710242,39.4,0.0245,0.000313,33.1,23.766971,86.410125
2026-07-20 07:00:00,N06,0.1597,0.006726,5.16,0.0042,0.00989,35.0,23.766971,86.410125
2026-07-20 08:00:00,N06,0.1595,0.00587,7.59,0.0047,0.000461,36.9,23.766971,86.410125
2026-07-20 09:00:00,N06,-0.0566,0.007627,1.04,0.0051,0.000283,38.4,23.766971,86.410125
2026-07-20 10:00:00,N06,,,,,,,23.766971,86.410125
2026-07-20 11:00:00,N06,0.0086,0.009111,4.41,0.0052,0.000205,40.4,23.766971,86.410125
2026-07-20 12:00:00,N06,0.0348,0.009116,9.38,0.0048,0.000582,40.6,23.766971,86.410125
2026-07-20 13:00:00,N06,-0.1179,0.007229,5.97,0.0041,0.00287,40.4,23.766971,86.410125
2026-07-20 14:00:00,N06,0.0652,0.976695,24.13,0.0106,0.011558,39.6,23.766971,86.410125
2026-07-20 15:00:00,N06,-0.1168,0.546956,35.2,0.0272,0.005808,38.4,23.766971,86.410125
2026-07-20 16:00:00,N06,-0.1702,0.621004,19.38,0.0222,0.010587,36.9,23.766971,86.410125
2026-07-20 17:00:00,N06,-0.0063,0.007643,1.77,0.006,0.007881,35.0,23.766971,86.410125
2026-07-20 18:00:00,N06,0.0314,0.005043,8.73,0.0064,7.9e-05,33.1,23.766971,86.410125
2026-07-20 19:00:00,N06,-0.1053,0.005209,8.53,0.0062,0.00019,31.2,23.766971,86.410125
2026-07-20 20:00:00,N06,0.0159,0.007335,3.23,0.006,0.000427,29.4,23.766971,86.410125
2026-07-20 21:00:00,N06,0.008,0.00646,8.7,0.0053,8.5e-05,27.8,23.766971,86.410125
2026-07-20 22:00:00,N06,-0.1539,0.005476,8.84,0.0062,0.000659,26.6,23.766971,86.410125
2026-07-20 23:00:00,N06,0.0531,0.007603,2.73,0.0066,0.000205,25.9,23.766971,86.410125
2026-07-21 00:00:00,N06,0.0032,0.005994,2.74,0.0066,9.1e-05,24.6,23.766971,86.410125
2026-07-21 01:00:00,N06,-0.0171,0.007043,9.3,0.0064,8.8e-05,24.9,23.766971,86.410125
2026-07-21 02:00:00,N06,0.2302,0.008286,5.61,0.0068,0.000113,25.6,23.766971,86.410125
2026-07-21 03:00:00,N06,0.2057,0.005266,1.25,0.0067,0.000188,26.8,23.766971,86.410125
2026-07-21 04:00:00,N06,-0.2567,0.005553,7.37,0.0064,0.000508,28.4,23.766971,86.410125
2026-07-21 05:00:00,N06,-0.1012,0.005769,7.34,0.0057,0.000567,30.2,23.766971,86.410125
2026-07-21 06:00:00,N06,0.1337,0.005622,6.17,0.0053,1.6e-05,32.1,23.766971,86.410125
2026-07-21 07:00:00,N06,0.1026,0.009366,6.67,0.0057,0.000235,34.1,23.766971,86.410125
2026-07-21 08:00:00,N06,-0.1719,0.005306,3.03,0.0058,0.000204,35.9,23.766971,86.410125
2026-07-21 09:00:00,N06,0.2136,0.007906,1.68,0.0053,0.000655,37.4,23.766971,86.410125
2026-07-21 10:00:00,N06,-0.0402,0.006752,5.36,0.0045,0.000766,38.6,23.766971,86.410125
2026-07-21 11:00:00,N06,-0.1889,0.007106,3.58,0.0037,0.000365,39.4,23.766971,86.410125
2026-07-21 12:00:00,N06,0.03,0.007392,6.06,0.0037,0.000183,39.6,23.766971,86.410125
2026-07-21 13:00:00,N06,-0.1295,0.006234,8.2,0.0041,0.000211,39.4,23.766971,86.410125
2026-07-21 14:00:00,N06,0.2202,0.005735,1.67,0.0033,0.007961,38.6,23.766971,86.410125
2026-07-21 15:00:00,N06,0.0944,0.567749,27.93,0.02,8.2e-05,37.4,23.766971,86.410125
2026-07-21 16:00:00,N06,-0.4126,0.006531,7.27,0.0031,0.009061,35.9,23.766971,86.410125
2026-07-21 17:00:00,N06,0.3264,0.006136,5.3,0.0019,0.000647,34.1,23.766971,86.410125
2026-07-21 18:00:00,N06,0.0392,0.007092,6.52,0.0018,0.000379,32.1,23.766971,86.410125
2026-07-21 19:00:00,N06,0.0427,0.006546,9.21,0.0012,0.000674,30.2,23.766971,86.410125
2026-07-21 20:00:00,N06,0.0313,0.005207,1.08,0.0005,0.000143,28.4,23.766971,86.410125
2026-07-21 21:00:00,N06,0.0177,0.005075,2.46,0.0009,0.000353,26.8,23.766971,86.410125
2026-07-21 22:00:00,N06,-0.3117,0.007741,3.95,0.0012,0.000113,25.6,23.766971,86.410125
2026-07-21 23:00:00,N06,-0.0996,0.005516,5.36,0.0011,0.000249,24.9,23.766971,86.410125
2026-07-22 00:00:00,N06,-0.1554,0.005295,5.39,0.0017,0.000226,30.0,23.766971,86.410125
2026-07-22 01:00:00,N06,0.1441,0.00546,8.81,0.0015,0.000173,30.3,23.766971,86.410125
2026-07-22 02:00:00,N06,0.0661,0.005939,3.86,0.0014,3.5e-05,31.1,23.766971,86.410125
2026-07-22 03:00:00,N06,-0.0727,0.005684,6.72,0.0016,4.6e-05,32.2,23.766971,86.410125
2026-07-22 04:00:00,N06,0.1481,0.006442,4.25,0.0013,9.1e-05,33.8,23.766971,86.410125
2026-07-22 05:00:00,N06,-0.0752,0.007468,6.22,0.0018,4.2e-05,35.6,23.766971,86.410125
2026-07-22 06:00:00,N06,-0.0721,0.00589,8.47,0.0012,0.000173,37.5,23.766971,86.410125
2026-07-22 07:00:00,N06,-0.0104,0.006791,8.28,0.0021,0.000436,39.5,23.766971,86.410125
2026-07-22 08:00:00,N06,0.3471,0.005008,3.51,0.002,8e-05,41.3,23.766971,86.410125
2026-07-22 09:00:00,N06,0.0023,0.006604,7.19,0.0023,0.000125,42.9,23.766971,86.410125
2026-07-22 10:00:00,N06,0.0015,0.005571,4.05,0.0018,0.000443,44.0,23.766971,86.410125
2026-07-22 11:00:00,N06,0.2053,0.005346,3.43,0.0014,0.000425,44.8,23.766971,86.410125
2026-07-22 12:00:00,N06,0.1699,0.007348,2.09,0.001,0.000761,45.0,23.766971,86.410125
2026-07-22 13:00:00,N06,-0.1042,0.006895,6.63,-0.0001,0.000306,44.8,23.766971,86.410125
2026-07-22 14:00:00,N06,,,,,,,23.766971,86.410125
2026-07-22 15:00:00,N06,0.0851,0.006608,9.84,0.0005,0.004639,42.9,23.766971,86.410125
2026-07-22 16:00:00,N06,-0.0091,0.669397,26.42,0.0096,0.004583,41.3,23.766971,86.410125
2026-07-22 17:00:00,N06,,,,,,,23.766971,86.410125
2026-07-22 18:00:00,N06,0.0908,0.007132,9.54,0.0015,0.003953,37.5,23.766971,86.410125
2026-07-22 19:00:00,N06,0.1438,0.00567,1.04,0.0017,3e-06,35.6,23.766971,86.410125
2026-07-22 20:00:00,N06,0.336,0.00538,7.88,0.0015,0.000107,33.8,23.766971,86.410125
2026-07-22 21:00:00,N06,0.0061,0.005637,5.37,0.002,0.00046,32.2,23.766971,86.410125
2026-07-22 22:00:00,N06,-0.0053,0.005177,2.47,0.0024,0.000312,31.1,23.766971,86.410125
2026-07-22 23:00:00,N06,-0.0727,0.006227,1.68,0.0026,0.000251,30.3,23.766971,86.410125
2026-07-23 00:00:00,N06,0.1247,0.007004,1.28,0.0019,0.000256,25.5,23.766971,86.410125
2026-07-23 01:00:00,N06,-0.3287,0.008067,7.57,0.0021,0.000157,25.7,23.766971,86.410125
2026-07-23 02:00:00,N06,0.0179,0.00586,2.57,0.0022,0.00013,26.5,23.766971,86.410125
2026-07-23 03:00:00,N06,0.155,0.006372,7.04,0.0018,0.000206,27.7,23.766971,86.410125
2026-07-23 04:00:00,N06,-0.1821,0.005851,3.53,0.0018,0.000271,29.2,23.766971,86.410125
2026-07-23 05:00:00,N06,0.1948,0.00747,9.71,0.0023,0.000356,31.1,23.766971,86.410125
2026-07-23 06:00:00,N06,0.0838,0.007043,2.5,0.0025,0.000194,33.0,23.766971,86.410125
2026-07-23 07:00:00,N06,0.0684,0.008252,3.93,0.0027,7e-06,34.9,23.766971,86.410125
2026-07-23 08:00:00,N06,0.1406,0.006818,1.05,0.0025,0.00026,36.7,23.766971,86.410125
2026-07-23 09:00:00,N06,0.1571,0.006847,9.31,0.0022,0.000317,38.3,23.766971,86.410125
2026-07-23 10:00:00,N06,0.0222,0.006565,3.03,0.0031,0.012041,39.5,23.766971,86.410125
2026-07-23 11:00:00,N06,0.0345,0.944511,41.41,0.0263,0.003857,40.2,23.766971,86.410125
2026-07-23 12:00:00,N06,-0.0262,0.940029,22.32,0.0109,0.011424,40.5,23.766971,86.410125
2026-07-23 13:00:00,N06,-0.0729,0.005699,3.21,0.0034,0.003803,40.2,23.766971,86.410125
2026-07-23 14:00:00,N06,-0.1728,0.006609,8.41,0.0032,0.007704,39.5,23.766971,86.410125
2026-07-23 15:00:00,N06,0.3081,0.794187,46.01,0.0189,0.008103,38.3,23.766971,86.410125
2026-07-23 16:00:00,N06,0.1131,0.71683,29.96,0.0195,0.007575,36.7,23.766971,86.410125
2026-07-23 17:00:00,N06,0.0652,0.005181,4.62,0.0037,0.008348,34.9,23.766971,86.410125
2026-07-23 18:00:00,N06,0.1727,0.00784,5.3,0.0028,1.2e-05,33.0,23.766971,86.410125
2026-07-23 19:00:00,N06,,,,,,,23.766971,86.410125
2026-07-23 20:00:00,N06,,,,,,,23.766971,86.410125
2026-07-23 21:00:00,N06,-0.0081,0.006959,1.07,0.0048,0.000332,27.7,23.766971,86.410125
2026-07-23 22:00:00,N06,-0.0883,0.006452,3.66,0.0052,0.000227,26.5,23.766971,86.410125
2026-07-23 23:00:00,N06,-0.088,0.009464,9.38,0.0044,6.2e-05,25.7,23.766971,86.410125
2026-07-24 00:00:00,N06,-0.0883,0.008029,2.35,0.0053,0.000277,24.6,23.766971,86.410125
2026-07-24 01:00:00,N06,-0.203,0.008576,8.15,0.0049,0.000218,24.8,23.766971,86.410125
2026-07-24 02:00:00,N06,-0.2326,0.005322,6.66,0.0049,0.000196,25.6,23.766971,86.410125
2026-07-24 03:00:00,N06,-0.1171,0.009092,9.51,0.0053,5.8e-05,26.8,23.766971,86.410125
2026-07-24 04:00:00,N06,-0.1222,0.005179,3.11,0.005,0.000479,28.3,23.766971,86.410125
2026-07-24 05:00:00,N06,0.1465,0.006006,9.85,0.0043,0.000556,30.1,23.766971,86.410125
2026-07-24 06:00:00,N06,-0.1144,0.008457,9.36,0.0039,0.000371,32.1,23.766971,86.410125
2026-07-24 07:00:00,N06,0.0899,0.009721,7.76,0.0036,0.000127,34.0,23.766971,86.410125
2026-07-24 08:00:00,N06,-0.1324,0.00591,6.31,0.0041,0.000192,35.8,23.766971,86.410125
2026-07-24 09:00:00,N06,0.0679,0.007888,6.36,0.004,0.009974,37.4,23.766971,86.410125
2026-07-24 10:00:00,N06,0.1273,0.635966,40.16,-0.0158,0.005886,38.6,23.766971,86.410125
2026-07-24 11:00:00,N06,0.2257,0.728022,45.59,0.0158,0.010094,39.3,23.766971,86.410125
2026-07-24 12:00:00,N06,0.0946,0.006192,5.28,0.0044,0.008076,39.6,23.766971,86.410125
2026-07-24 13:00:00,N06,-0.1589,0.565753,30.92,-0.0004,0.000313,39.3,23.766971,86.410125
2026-07-24 14:00:00,N06,0.1057,0.007417,2.35,0.005,0.002939,38.6,23.766971,86.410125
2026-07-24 15:00:00,N06,-0.1265,0.007249,4.16,0.0055,0.000164,37.4,23.766971,86.410125
2026-07-24 16:00:00,N06,,,,,,,23.766971,86.410125
2026-07-24 17:00:00,N06,,,,,,,23.766971,86.410125
2026-07-24 18:00:00,N06,0.1313,0.006948,6.4,0.0051,4e-06,32.1,23.766971,86.410125
2026-07-24 19:00:00,N06,0.0392,0.007131,1.03,0.005,0.000401,30.1,23.766971,86.410125
2026-07-24 20:00:00,N06,-0.2596,0.006649,3.04,0.0043,0.000399,28.3,23.766971,86.410125
2026-07-24 21:00:00,N06,-0.2673,0.006704,6.19,0.0058,0.00057,26.8,23.766971,86.410125
2026-07-24 22:00:00,N06,0.0035,0.010722,5.87,0.0054,0.000228,25.6,23.766971,86.410125
2026-07-24 23:00:00,N06,-0.0935,0.006324,8.05,0.0053,0.000135,24.8,23.766971,86.410125
2026-07-25 00:00:00,N06,0.0141,0.008013,9.74,0.0057,0.000173,21.6,23.766971,86.410125
2026-07-25 01:00:00,N06,-0.0376,0.005779,6.4,0.0056,0.000313,21.9,23.766971,86.410125
2026-07-25 02:00:00,N06,-0.2118,0.005018,9.63,0.0051,9.5e-05,22.6,23.766971,86.410125
2026-07-25 03:00:00,N06,0.0186,0.007226,5.56,0.0058,0.000576,23.8,23.766971,86.410125
2026-07-25 04:00:00,N06,-0.1436,0.007351,9.01,0.0062,0.000773,25.4,23.766971,86.410125
2026-07-25 05:00:00,N06,-0.0517,0.006241,4.54,0.0074,0.000815,27.2,23.766971,86.410125
2026-07-25 06:00:00,N06,-0.022,0.006894,6.49,0.0078,0.000706,29.1,23.766971,86.410125
2026-07-25 07:00:00,N06,-0.1057,0.007561,4.37,0.0088,0.000316,31.1,23.766971,86.410125
2026-07-25 08:00:00,N06,0.2599,0.005023,2.06,0.0085,0.005577,32.9,23.766971,86.410125
2026-07-25 09:00:00,N06,0.0535,0.652772,42.47,0.0199,0.006105,34.4,23.766971,86.410125
2026-07-25 10:00:00,N06,0.0341,0.756037,32.72,0.0207,0.005485,35.6,23.766971,86.410125
2026-07-25 11:00:00,N06,-0.0077,0.00564,1.07,0.009,0.006113,36.4,23.766971,86.410125
2026-07-25 12:00:00,N06,-0.039,0.006913,4.02,0.0085,0.000538,36.6,23.766971,86.410125
2026-07-25 13:00:00,N06,-0.0934,0.006259,7.63,0.0079,0.000487,36.4,23.766971,86.410125
2026-07-25 14:00:00,N06,-0.2635,0.006182,4.3,0.0075,0.000157,35.6,23.766971,86.410125
2026-07-25 15:00:00,N06,0.1477,0.006647,1.1,0.0076,4.1e-05,34.4,23.766971,86.410125
2026-07-25 16:00:00,N06,-0.1135,0.006511,8.78,0.0076,0.000215,32.9,23.766971,86.410125
2026-07-25 17:00:00,N06,0.2851,0.006549,5.84,0.0072,0.000577,31.1,23.766971,86.410125
2026-07-25 18:00:00,N06,0.2452,0.005636,9.54,0.0064,0.000115,29.1,23.766971,86.410125
2026-07-25 19:00:00,N06,0.1182,0.00503,3.4,0.0069,0.000327,27.2,23.766971,86.410125
2026-07-25 20:00:00,N06,-0.2275,0.006089,9.97,0.0071,6.8e-05,25.4,23.766971,86.410125
2026-07-25 21:00:00,N06,-0.0167,0.006985,7.64,0.0068,0.000117,23.8,23.766971,86.410125
2026-07-25 22:00:00,N06,0.0919,0.007239,9.37,0.0068,3.6e-05,22.6,23.766971,86.410125
2026-07-25 23:00:00,N06,-0.2456,0.005674,7.45,0.0069,0.000514,21.9,23.766971,86.410125
2026-07-26 00:00:00,N06,-0.2788,0.007877,4.75,0.0058,0.000565,23.0,23.766971,86.410125
2026-07-26 01:00:00,N06,-0.0586,0.005606,7.53,0.0057,0.000127,23.3,23.766971,86.410125
2026-07-26 02:00:00,N06,0.2457,0.006925,1.04,0.0056,0.000353,24.0,23.766971,86.410125
2026-07-26 03:00:00,N06,-0.0841,0.008677,5.85,0.005,0.000349,25.2,23.766971,86.410125
2026-07-26 04:00:00,N06,0.0216,0.005855,8.6,0.0049,0.000156,26.7,23.766971,86.410125
2026-07-26 05:00:00,N06,-0.1829,0.005342,6.05,0.0047,4e-05,28.6,23.766971,86.410125
2026-07-26 06:00:00,N06,0.0418,0.005189,3.27,0.0048,0.000224,30.5,23.766971,86.410125
2026-07-26 07:00:00,N06,,,,,,,23.766971,86.410125
2026-07-26 08:00:00,N06,,,,,,,23.766971,86.410125
2026-07-26 09:00:00,N06,,,,,,,23.766971,86.410125
2026-07-26 10:00:00,N06,,,,,,,23.766971,86.410125
2026-07-26 11:00:00,N06,,,,,,,23.766971,86.410125
2026-07-26 12:00:00,N06,0.1842,0.007463,2.0,0.0054,0.006678,38.0,23.766971,86.410125
2026-07-26 13:00:00,N06,-0.0096,0.915466,48.26,0.0187,0.016306,37.7,23.766971,86.410125
2026-07-26 14:00:00,N06,-0.0186,0.529038,37.98,0.038,0.006334,37.0,23.766971,86.410125
2026-07-26 15:00:00,N06,0.0642,0.005271,6.63,0.0061,0.016019,35.8,23.766971,86.410125
2026-07-26 16:00:00,N06,0.0289,0.006289,6.85,0.006,7.9e-05,34.2,23.766971,86.410125
2026-07-26 17:00:00,N06,0.0854,0.005722,9.51,0.0062,0.00036,32.4,23.766971,86.410125
2026-07-26 18:00:00,N06,0.1699,0.006355,1.73,0.0067,6.6e-05,30.5,23.766971,86.410125
2026-07-26 19:00:00,N06,-0.0136,0.005664,7.63,0.0061,6.5e-05,28.6,23.766971,86.410125
2026-07-26 20:00:00,N06,-0.2489,0.006377,5.94,0.0068,0.000205,26.7,23.766971,86.410125
2026-07-26 21:00:00,N06,0.1045,0.005518,7.93,0.0065,6.5e-05,25.2,23.766971,86.410125
2026-07-26 22:00:00,N06,-0.0949,0.006205,5.37,0.0067,0.000334,24.0,23.766971,86.410125
2026-07-26 23:00:00,N06,-0.0295,0.005443,1.97,0.0072,7.4e-05,23.3,23.766971,86.410125
2026-07-27 00:00:00,N06,0.0644,0.006093,5.64,0.0066,0.00024,27.1,23.766971,86.410125
2026-07-27 01:00:00,N06,-0.074,0.00836,1.83,0.0067,2.8e-05,27.4,23.766971,86.410125
2026-07-27 02:00:00,N06,-0.0412,0.005267,7.4,0.0066,0.000267,28.1,23.766971,86.410125
2026-07-27 03:00:00,N06,-0.3126,0.00526,6.5,0.0061,0.0003,29.3,23.766971,86.410125
2026-07-27 04:00:00,N06,-0.0036,0.005311,7.3,0.006,1.8e-05,30.9,23.766971,86.410125
2026-07-27 05:00:00,N06,0.1634,0.005146,9.98,0.0061,0.000279,32.7,23.766971,86.410125
2026-07-27 06:00:00,N06,0.1952,0.009352,1.28,0.0055,0.000544,34.6,23.766971,86.410125
2026-07-27 07:00:00,N06,0.0101,0.009227,5.47,0.005,0.000444,36.6,23.766971,86.410125
2026-07-27 08:00:00,N06,0.0886,0.777766,33.43,0.0046,0.009858,38.4,23.766971,86.410125
2026-07-27 09:00:00,N06,-0.1834,0.629219,41.04,-0.0147,0.000123,39.9,23.766971,86.410125
2026-07-27 10:00:00,N06,0.2927,0.00943,8.28,0.0043,0.009647,41.1,23.766971,86.410125
2026-07-27 11:00:00,N06,0.1489,0.005526,3.31,0.0046,0.000561,41.9,23.766971,86.410125
2026-07-27 12:00:00,N06,-0.1443,0.00628,4.68,0.0054,6.5e-05,42.1,23.766971,86.410125
2026-07-27 13:00:00,N06,0.0069,0.005683,9.11,0.0047,0.000584,41.9,23.766971,86.410125
2026-07-27 14:00:00,N06,0.0694,0.005678,8.3,0.0043,0.000354,41.1,23.766971,86.410125
2026-07-27 15:00:00,N06,-0.0718,0.008365,3.01,0.004,0.000398,39.9,23.766971,86.410125
2026-07-27 16:00:00,N06,0.0808,0.005136,5.36,0.0035,0.000223,38.4,23.766971,86.410125
2026-07-27 17:00:00,N06,-0.0665,0.005404,1.12,0.0036,0.000115,36.6,23.766971,86.410125
2026-07-27 18:00:00,N06,-0.1081,0.009179,2.8,0.0033,0.000297,34.6,23.766971,86.410125
2026-07-27 19:00:00,N06,-0.0567,0.005251,7.57,0.003,6.7e-05,32.7,23.766971,86.410125
2026-07-27 20:00:00,N06,-0.2978,0.008013,1.25,0.0034,0.000128,30.9,23.766971,86.410125
2026-07-27 21:00:00,N06,-0.1981,0.005631,4.14,0.0032,0.000275,29.3,23.766971,86.410125
2026-07-27 22:00:00,N06,0.0846,0.005298,6.34,0.0028,6.7e-05,28.1,23.766971,86.410125
2026-07-27 23:00:00,N06,0.0922,0.007537,3.53,0.0034,0.000243,27.4,23.766971,86.410125
2026-07-28 00:00:00,N06,-0.1656,0.006307,7.85,0.0033,0.000181,27.3,23.766971,86.410125
2026-07-28 01:00:00,N06,-0.025,0.009049,4.46,0.003,0.000306,27.6,23.766971,86.410125
2026-07-28 02:00:00,N06,-0.0484,0.005925,4.86,0.0027,0.000131,28.3,23.766971,86.410125
2026-07-28 03:00:00,N06,-0.1353,0.00556,2.52,0.0027,0.000198,29.5,23.766971,86.410125
2026-07-28 04:00:00,N06,0.1275,0.005065,3.6,0.0023,0.000411,31.1,23.766971,86.410125
2026-07-28 05:00:00,N06,-0.0466,0.007586,3.8,0.0019,0.000217,32.9,23.766971,86.410125
2026-07-28 06:00:00,N06,,,,,,,23.766971,86.410125
2026-07-28 07:00:00,N06,,,,,,,23.766971,86.410125
2026-07-28 08:00:00,N06,,,,,,,23.766971,86.410125
2026-07-28 09:00:00,N06,0.1829,0.010094,3.6,0.0019,0.000223,40.1,23.766971,86.410125
2026-07-28 10:00:00,N06,0.1273,0.007469,4.34,0.002,0.000205,41.3,23.766971,86.410125
2026-07-28 11:00:00,N06,-0.0406,0.005773,3.6,0.0023,0.000171,42.1,23.766971,86.410125
2026-07-28 12:00:00,N06,-0.2973,0.007353,5.93,0.0024,0.000269,42.3,23.766971,86.410125
2026-07-28 13:00:00,N06,0.0305,0.005746,8.88,0.0029,6.7e-05,42.1,23.766971,86.410125
2026-07-28 14:00:00,N06,-0.1097,0.008237,2.67,0.0022,0.005144,41.3,23.766971,86.410125
2026-07-28 15:00:00,N06,0.1339,0.776625,15.57,-0.0074,0.00401,40.1,23.766971,86.410125
2026-07-28 16:00:00,N06,-0.1759,0.502619,17.17,0.0103,0.00847,38.6,23.766971,86.410125
2026-07-28 17:00:00,N06,-0.151,0.529541,27.95,0.0095,0.004866,36.8,23.766971,86.410125
2026-07-28 18:00:00,N06,-0.0871,0.005077,2.23,0.0005,0.004301,34.8,23.766971,86.410125
2026-07-28 19:00:00,N06,-0.1537,0.007675,8.78,0.0009,3.3e-05,32.9,23.766971,86.410125
2026-07-28 20:00:00,N06,0.0338,0.007812,8.0,0.0006,3.9e-05,31.1,23.766971,86.410125
2026-07-28 21:00:00,N06,-0.0088,0.007347,3.15,0.0008,0.000498,29.5,23.766971,86.410125
2026-07-28 22:00:00,N06,0.0953,0.005528,5.29,0.0016,0.000277,28.3,23.766971,86.410125
2026-07-28 23:00:00,N06,0.0551,0.007359,9.93,0.0014,0.00015,27.6,23.766971,86.410125
2026-07-29 00:00:00,N06,0.0196,0.005802,1.38,0.0013,0.000102,22.1,23.766971,86.410125
2026-07-29 01:00:00,N06,0.0674,0.006378,3.31,0.0016,0.000705,22.4,23.766971,86.410125
2026-07-29 02:00:00,N06,,,,,,,23.766971,86.410125
2026-07-29 03:00:00,N06,,,,,,,23.766971,86.410125
2026-07-29 04:00:00,N06,,,,,,,23.766971,86.410125
2026-07-29 05:00:00,N06,,,,,,,23.766971,86.410125
2026-07-29 06:00:00,N06,,,,,,,23.766971,86.410125
2026-07-29 07:00:00,N06,-0.3472,0.005968,4.01,-0.0003,0.000207,31.5,23.766971,86.410125
2026-07-29 08:00:00,N06,-0.1461,0.006015,8.88,0.0005,0.000419,33.3,23.766971,86.410125
2026-07-29 09:00:00,N06,-0.1959,0.005886,3.36,0.0005,0.000126,34.9,23.766971,86.410125
2026-07-29 10:00:00,N06,0.0224,0.0065,8.29,0.0002,0.000731,36.1,23.766971,86.410125
2026-07-29 11:00:00,N06,0.1866,0.006255,5.75,-0.0009,0.000486,36.8,23.766971,86.410125
2026-07-29 12:00:00,N06,0.0919,0.008787,1.56,-0.0008,9e-05,37.1,23.766971,86.410125
2026-07-29 13:00:00,N06,0.0574,0.007311,5.55,-0.0007,0.000449,36.8,23.766971,86.410125
2026-07-29 14:00:00,N06,0.0937,0.006345,7.14,-0.0017,0.002702,36.1,23.766971,86.410125
2026-07-29 15:00:00,N06,0.186,0.618316,22.98,0.0047,7.4e-05,34.9,23.766971,86.410125
2026-07-29 16:00:00,N06,0.0144,0.006064,7.78,-0.0015,0.002725,33.3,23.766971,86.410125
2026-07-29 17:00:00,N06,0.2034,0.006951,5.62,-0.0008,0.000453,31.5,23.766971,86.410125
2026-07-29 18:00:00,N06,,,,,,,23.766971,86.410125
2026-07-29 19:00:00,N06,,,,,,,23.766971,86.410125
2026-07-29 20:00:00,N06,-0.3161,0.006112,3.86,-0.0007,6.4e-05,25.8,23.766971,86.410125
2026-07-29 21:00:00,N06,-0.219,0.006288,6.49,-0.0006,5.7e-05,24.3,23.766971,86.410125
2026-07-29 22:00:00,N06,-0.031,0.008659,9.56,-0.0008,7.6e-05,23.1,23.766971,86.410125
2026-07-29 23:00:00,N06,-0.3362,0.006928,7.88,-0.0007,2.8e-05,22.4,23.766971,86.410125
2026-07-30 00:00:00,N06,-0.2826,0.006917,9.38,-0.0008,0.000455,21.8,23.766971,86.410125
2026-07-30 01:00:00,N06,0.0564,0.005542,2.12,0.0002,0.000397,22.0,23.766971,86.410125
2026-07-30 02:00:00,N06,0.11,0.007584,9.91,0.0,4.2e-05,22.8,23.766971,86.410125
2026-07-30 03:00:00,N06,0.0196,0.006353,4.94,0.0001,0.000184,24.0,23.766971,86.410125
2026-07-30 04:00:00,N06,0.0107,0.008812,4.85,0.0004,0.000203,25.5,23.766971,86.410125
2026-07-30 05:00:00,N06,-0.1277,0.00598,2.33,-0.0003,0.000308,27.3,23.766971,86.410125
2026-07-30 06:00:00,N06,0.1396,0.005274,3.66,-0.0002,0.000244,29.3,23.766971,86.410125
2026-07-30 07:00:00,N06,-0.1155,0.006962,5.67,-0.0008,6.7e-05,31.2,23.766971,86.410125
2026-07-30 08:00:00,N06,-0.2304,0.005401,7.98,-0.0004,0.000186,33.0,23.766971,86.410125
2026-07-30 09:00:00,N06,0.2689,0.005695,9.84,-0.0012,0.000313,34.6,23.766971,86.410125
2026-07-30 10:00:00,N06,0.1694,0.005096,6.97,-0.001,0.009696,35.8,23.766971,86.410125
2026-07-30 11:00:00,N06,0.1186,0.543274,38.8,-0.0206,0.009806,36.5,23.766971,86.410125
2026-07-30 12:00:00,N06,0.1332,0.743397,49.3,-0.0206,0.009849,36.8,23.766971,86.410125
2026-07-30 13:00:00,N06,0.2437,0.006878,7.21,-0.0009,0.010171,36.5,23.766971,86.410125
2026-07-30 14:00:00,N06,-0.0643,0.00592,9.43,-0.0003,0.000711,35.8,23.766971,86.410125
2026-07-30 15:00:00,N06,-0.1921,0.008948,2.58,0.0006,0.000217,34.6,23.766971,86.410125
2026-07-30 16:00:00,N06,0.0064,0.007949,5.61,0.0002,0.009294,33.0,23.766971,86.410125
2026-07-30 17:00:00,N06,0.1357,0.907608,31.51,0.0192,0.000135,31.2,23.766971,86.410125
2026-07-30 18:00:00,N06,-0.1858,0.006508,5.17,0.0005,0.008785,29.3,23.766971,86.410125
2026-07-30 19:00:00,N06,-0.0153,0.005829,3.22,0.0016,0.000428,27.3,23.766971,86.410125
2026-07-30 20:00:00,N06,0.332,0.00621,5.51,0.0013,0.000113,25.5,23.766971,86.410125
2026-07-30 21:00:00,N06,0.2053,0.007431,6.52,0.0018,0.000229,24.0,23.766971,86.410125
2026-07-30 22:00:00,N06,0.0127,0.005896,5.88,0.0018,0.000224,22.8,23.766971,86.410125
2026-07-30 23:00:00,N06,-0.1578,0.007789,1.57,0.0023,0.000518,22.0,23.766971,86.410125
2026-07-31 00:00:00,N06,-0.1881,0.005633,1.06,0.0028,0.000579,25.0,23.766971,86.410125
2026-07-31 01:00:00,N06,-0.0641,0.006344,1.04,0.0034,0.000611,25.2,23.766971,86.410125
2026-07-31 02:00:00,N06,-0.4837,0.005493,6.31,0.004,0.000314,26.0,23.766971,86.410125
2026-07-31 03:00:00,N06,-0.137,0.007541,9.0,0.004,3e-05,27.2,23.766971,86.410125
2026-07-31 04:00:00,N06,,,,,,,23.766971,86.410125
2026-07-31 05:00:00,N06,,,,,,,23.766971,86.410125
2026-07-31 06:00:00,N06,,,,,,,23.766971,86.410125
2026-07-31 07:00:00,N06,-0.0534,0.006894,6.88,0.0043,0.008298,34.4,23.766971,86.410125
2026-07-31 08:00:00,N06,-0.0549,0.008052,8.07,0.0045,0.000131,36.2,23.766971,86.410125
2026-07-31 09:00:00,N06,0.2553,0.008559,6.08,0.004,0.000264,37.8,23.766971,86.410125
2026-07-31 10:00:00,N06,0.0089,0.005589,5.27,0.004,0.000246,39.0,23.766971,86.410125
2026-07-31 11:00:00,N06,-0.0216,0.00589,3.45,0.0035,0.000617,39.7,23.766971,86.410125
2026-07-31 12:00:00,N06,0.0759,0.005574,5.43,0.0027,0.003211,40.0,23.766971,86.410125
2026-07-31 13:00:00,N06,-0.0058,0.909502,48.25,-0.0029,0.000231,39.7,23.766971,86.410125
2026-07-31 14:00:00,N06,,,,,,,23.766971,86.410125
2026-07-31 15:00:00,N06,,,,,,,23.766971,86.410125
2026-07-31 16:00:00,N06,,,,,,,23.766971,86.410125
2026-07-31 17:00:00,N06,,,,,,,23.766971,86.410125
2026-07-31 18:00:00,N06,-0.1529,0.007035,3.19,0.0024,0.000445,32.5,23.766971,86.410125
2026-07-31 19:00:00,N06,-0.2352,0.009336,5.25,0.0033,0.000605,30.5,23.766971,86.410125
2026-07-31 20:00:00,N06,0.2102,0.00725,7.68,0.0036,0.000319,28.7,23.766971,86.410125
2026-07-31 21:00:00,N06,0.2007,0.006177,5.07,0.0039,0.000181,27.2,23.766971,86.410125
2026-07-31 22:00:00,N06,0.0521,0.005659,6.98,0.0033,0.000663,26.0,23.766971,86.410125
2026-07-31 23:00:00,N06,-0.1935,0.005594,4.45,0.0026,0.00016,25.2,23.766971,86.410125
2026-08-01 00:00:00,N06,-0.3616,0.006069,2.87,0.003,2.4e-05,22.0,23.766971,86.410125
2026-08-01 01:00:00,N06,0.2516,0.007347,5.1,0.0026,5.2e-05,22.3,23.766971,86.410125
2026-08-01 02:00:00,N06,-0.0425,0.007168,6.9,0.0029,0.000502,23.0,23.766971,86.410125
2026-08-01 03:00:00,N06,-0.0519,0.006677,1.25,0.0036,0.000344,24.2,23.766971,86.410125
2026-08-01 04:00:00,N06,0.0931,0.005593,5.82,0.0035,0.000171,25.8,23.766971,86.410125
2026-08-01 05:00:00,N06,0.0993,0.005556,5.16,0.004,0.000226,27.6,23.766971,86.410125
2026-08-01 06:00:00,N06,0.1092,0.007572,7.0,0.004,0.002533,29.5,23.766971,86.410125
2026-08-01 07:00:00,N06,0.0844,0.997898,41.94,0.009,0.002652,31.5,23.766971,86.410125
2026-08-01 08:00:00,N06,-0.0887,0.764491,42.01,0.0093,0.002782,33.3,23.766971,86.410125
2026-08-01 09:00:00,N06,-0.2169,0.005225,5.03,0.0035,0.0064,34.8,23.766971,86.410125
2026-08-01 10:00:00,N06,0.1465,0.962758,31.44,0.0221,0.009324,36.0,23.766971,86.410125
2026-08-01 11:00:00,N06,0.2691,0.706364,18.67,0.0221,0.009685,36.8,23.766971,86.410125
2026-08-01 12:00:00,N06,0.2234,0.006891,4.94,0.0027,0.009554,37.0,23.766971,86.410125
2026-08-01 13:00:00,N06,0.0195,0.005556,6.84,0.003,2.7e-05,36.8,23.766971,86.410125
2026-08-01 14:00:00,N06,-0.1232,0.005622,8.84,0.0028,0.000205,36.0,23.766971,86.410125
2026-08-01 15:00:00,N06,-0.0861,0.005095,3.6,0.0026,0.000203,34.8,23.766971,86.410125
2026-08-01 16:00:00,N06,0.0352,0.008461,6.36,0.0032,0.000793,33.3,23.766971,86.410125
2026-08-01 17:00:00,N06,-0.3364,0.008459,4.49,0.0042,0.000739,31.5,23.766971,86.410125
2026-08-01 18:00:00,N06,0.2924,0.007802,4.97,0.0047,0.000555,29.5,23.766971,86.410125
2026-08-01 19:00:00,N06,-0.1668,0.006263,1.45,0.0053,0.000531,27.6,23.766971,86.410125
2026-08-01 20:00:00,N06,-0.0513,0.006183,5.91,0.0057,2.4e-05,25.8,23.766971,86.410125
2026-08-01 21:00:00,N06,-0.0888,0.007897,2.94,0.0052,0.000147,24.2,23.766971,86.410125
2026-08-01 22:00:00,N06,-0.4356,0.005358,4.16,0.0054,0.000651,23.0,23.766971,86.410125
2026-08-01 23:00:00,N06,-0.178,0.006952,5.17,0.0065,0.000959,22.3,23.766971,86.410125
2026-08-02 00:00:00,N06,0.0399,0.005097,4.6,0.0073,0.000517,24.5,23.766971,86.410125
2026-08-02 01:00:00,N06,,,,,,,23.766971,86.410125
2026-08-02 02:00:00,N06,,,,,,,23.766971,86.410125
2026-08-02 03:00:00,N06,0.2863,0.006862,6.53,0.0071,0.000216,26.7,23.766971,86.410125
2026-08-02 04:00:00,N06,0.0333,0.00568,4.8,0.0062,0.000263,28.3,23.766971,86.410125
2026-08-02 05:00:00,N06,-0.2444,0.006427,5.47,0.0066,0.00107,30.1,23.766971,86.410125
2026-08-02 06:00:00,N06,-0.1037,0.565079,25.26,0.004,0.006,32.0,23.766971,86.410125
2026-08-02 07:00:00,N06,-0.0641,0.730203,18.5,-0.0054,0.001165,34.0,23.766971,86.410125
2026-08-02 08:00:00,N06,-0.0498,0.006207,4.25,0.0064,0.005392,35.8,23.766971,86.410125
2026-08-02 09:00:00,N06,,,,,,,23.766971,86.410125
2026-08-02 10:00:00,N06,,,,,,,23.766971,86.410125
2026-08-02 11:00:00,N06,,,,,,,23.766971,86.410125
2026-08-02 12:00:00,N06,0.1891,0.005193,1.18,0.0049,0.000327,39.5,23.766971,86.410125
2026-08-02 13:00:00,N06,0.17,0.008767,5.15,0.0055,0.000768,39.3,23.766971,86.410125
2026-08-02 14:00:00,N06,-0.032,0.006682,6.71,0.0065,0.004805,38.5,23.766971,86.410125
2026-08-02 15:00:00,N06,-0.177,0.66507,18.65,-0.0041,1.5e-05,37.3,23.766971,86.410125
2026-08-02 16:00:00,N06,0.2069,0.006942,9.75,0.0065,0.005138,35.8,23.766971,86.410125
2026-08-02 17:00:00,N06,0.2805,0.006398,6.79,0.0062,0.0001,34.0,23.766971,86.410125
2026-08-02 18:00:00,N06,0.0485,0.007345,4.87,0.0063,0.000207,32.0,23.766971,86.410125
2026-08-02 19:00:00,N06,,,,,,,23.766971,86.410125
2026-08-02 20:00:00,N06,-0.0907,0.009743,2.51,0.0061,0.00027,28.3,23.766971,86.410125
2026-08-02 21:00:00,N06,0.1473,0.008311,9.94,0.0061,0.000726,26.7,23.766971,86.410125
2026-08-02 22:00:00,N06,0.0935,0.00555,8.29,0.0046,0.000199,25.5,23.766971,86.410125
2026-08-02 23:00:00,N06,-0.1327,0.007007,7.9,0.0057,0.000708,24.8,23.766971,86.410125
2026-08-03 00:00:00,N06,-0.1067,0.005418,8.67,0.006,0.000106,27.2,23.766971,86.410125
2026-08-03 01:00:00,N06,-0.1278,0.00577,6.37,0.0059,0.000134,27.4,23.766971,86.410125
2026-08-03 02:00:00,N06,-0.2065,0.005225,5.49,0.0058,1.1e-05,28.2,23.766971,86.410125
2026-08-03 03:00:00,N06,0.0151,0.006329,3.75,0.0059,0.000305,29.4,23.766971,86.410125
2026-08-03 04:00:00,N06,0.0527,0.005713,4.33,0.0052,0.000341,30.9,23.766971,86.410125
2026-08-03 05:00:00,N06,0.184,0.006874,5.56,0.0052,0.000129,32.7,23.766971,86.410125
2026-08-03 06:00:00,N06,-0.0282,0.008183,7.13,0.0054,0.000353,34.7,23.766971,86.410125
2026-08-03 07:00:00,N06,,,,,,,23.766971,86.410125
2026-08-03 08:00:00,N06,,,,,,,23.766971,86.410125
2026-08-03 09:00:00,N06,,,,,,,23.766971,86.410125
2026-08-03 10:00:00,N06,,,,,,,23.766971,86.410125
2026-08-03 11:00:00,N06,,,,,,,23.766971,86.410125
2026-08-03 12:00:00,N06,,,,,,,23.766971,86.410125
2026-08-03 13:00:00,N06,,,,,,,23.766971,86.410125
2026-08-03 14:00:00,N06,,,,,,,23.766971,86.410125
2026-08-03 15:00:00,N06,0.0401,0.007904,8.45,0.0068,3.6e-05,40.0,23.766971,86.410125
2026-08-03 16:00:00,N06,-0.1421,0.006014,7.65,0.007,2e-05,38.4,23.766971,86.410125
2026-08-03 17:00:00,N06,-0.364,0.006331,1.04,0.0068,0.000175,36.6,23.766971,86.410125
2026-08-03 18:00:00,N06,0.1112,0.005961,2.86,0.0066,0.00028,34.7,23.766971,86.410125
2026-08-03 19:00:00,N06,0.0138,0.007942,6.44,0.0073,0.000762,32.7,23.766971,86.410125
2026-08-03 20:00:00,N06,,,,,,,23.766971,86.410125
2026-08-03 21:00:00,N06,,,,,,,23.766971,86.410125
2026-08-03 22:00:00,N06,,,,,,,23.766971,86.410125
2026-08-03 23:00:00,N06,0.1735,0.008157,8.7,0.0083,0.00024,27.4,23.766971,86.410125
2026-08-04 00:00:00,N06,-0.2551,0.005968,1.45,0.0085,0.000163,25.4,23.766971,86.410125
2026-08-04 01:00:00,N06,-0.0744,0.010397,8.67,0.0086,0.000542,25.7,23.766971,86.410125
2026-08-04 02:00:00,N06,-0.1689,0.005832,3.07,0.0096,0.00028,26.4,23.766971,86.410125
2026-08-04 03:00:00,N06,0.0956,0.005817,5.0,0.0092,0.000285,27.6,23.766971,86.410125
2026-08-04 04:00:00,N06,0.1383,0.008575,7.98,0.009,0.000128,29.2,23.766971,86.410125
2026-08-04 05:00:00,N06,-0.1202,0.007033,4.7,0.0089,0.000165,31.0,23.766971,86.410125
2026-08-04 06:00:00,N06,0.0189,0.009826,8.55,0.0087,0.000219,32.9,23.766971,86.410125
2026-08-04 07:00:00,N06,-0.0673,0.006751,1.43,0.0085,7.2e-05,34.9,23.766971,86.410125
2026-08-04 08:00:00,N06,-0.1946,0.006189,1.16,0.0088,0.000313,36.7,23.766971,86.410125
2026-08-04 09:00:00,N06,-0.2434,0.007577,8.46,0.0091,0.005635,38.2,23.766971,86.410125
2026-08-04 10:00:00,N06,0.3095,0.527149,34.85,0.0201,0.0054,39.4,23.766971,86.410125
2026-08-04 11:00:00,N06,0.0126,0.870083,37.77,0.0199,0.005885,40.2,23.766971,86.410125
2026-08-04 12:00:00,N06,-0.2873,0.006277,3.23,0.0083,0.005271,40.4,23.766971,86.410125
2026-08-04 13:00:00,N06,0.0381,0.005409,5.33,0.0094,0.000721,40.2,23.766971,86.410125
2026-08-04 14:00:00,N06,0.1174,0.009577,8.67,0.0098,0.00027,39.4,23.766971,86.410125
2026-08-04 15:00:00,N06,0.0703,0.00567,4.08,0.0099,0.000291,38.2,23.766971,86.410125
2026-08-04 16:00:00,N06,-0.0045,0.008678,8.33,0.0092,0.00026,36.7,23.766971,86.410125
2026-08-04 17:00:00,N06,0.0854,0.00527,5.77,0.0094,0.000163,34.9,23.766971,86.410125
2026-08-04 18:00:00,N06,-0.1773,0.00752,8.2,0.0095,9.7e-05,32.9,23.766971,86.410125
2026-08-04 19:00:00,N06,-0.116,0.006079,9.28,0.0092,0.000109,31.0,23.766971,86.410125
2026-08-04 20:00:00,N06,-0.0069,0.005583,3.13,0.0097,4.1e-05,29.2,23.766971,86.410125
2026-08-04 21:00:00,N06,0.3402,0.005006,8.03,0.0093,0.000236,27.6,23.766971,86.410125
2026-08-04 22:00:00,N06,-0.2896,0.0075,9.77,0.0092,0.000323,26.4,23.766971,86.410125
2026-08-04 23:00:00,N06,0.1948,0.00574,8.32,0.0086,0.000176,25.7,23.766971,86.410125
2026-08-05 00:00:00,N06,0.0777,0.006171,9.58,0.0096,0.000131,30.7,23.766971,86.410125
2026-08-05 01:00:00,N06,0.2957,0.005639,7.88,0.0089,0.000513,30.9,23.766971,86.410125
2026-08-05 02:00:00,N06,0.1692,0.005945,7.0,0.0086,0.000107,31.7,23.766971,86.410125
2026-08-05 03:00:00,N06,0.1219,0.007261,4.37,0.0087,1.8e-05,32.9,23.766971,86.410125
2026-08-05 04:00:00,N06,-0.0525,0.005118,8.37,0.0085,0.000273,34.4,23.766971,86.410125
2026-08-05 05:00:00,N06,0.0191,0.008697,4.62,0.0082,0.000294,36.2,23.766971,86.410125
2026-08-05 06:00:00,N06,-0.0336,0.007539,8.39,0.008,0.000459,38.2,23.766971,86.410125
2026-08-05 07:00:00,N06,0.0739,0.005872,6.49,0.0072,0.000429,40.1,23.766971,86.410125
2026-08-05 08:00:00,N06,0.1283,0.007928,2.06,0.0071,3.6e-05,41.9,23.766971,86.410125
2026-08-05 09:00:00,N06,0.013,0.006714,1.95,0.0073,0.00924,43.5,23.766971,86.410125
2026-08-05 10:00:00,N06,-0.0191,0.720929,35.26,0.0256,0.000406,44.7,23.766971,86.410125
2026-08-05 11:00:00,N06,-0.1069,0.00824,6.8,0.0081,0.008643,45.4,23.766971,86.410125
2026-08-05 12:00:00,N06,-0.0265,0.005474,9.5,0.0083,9e-06,45.7,23.766971,86.410125
2026-08-05 13:00:00,N06,0.2171,0.005197,7.89,0.0081,1.7e-05,45.4,23.766971,86.410125
2026-08-05 14:00:00,N06,-0.2777,0.010811,1.29,0.0083,0.000222,44.7,23.766971,86.410125
2026-08-05 15:00:00,N06,0.2196,0.005644,5.9,0.0085,0.000277,43.5,23.766971,86.410125
2026-08-05 16:00:00,N06,0.2506,0.005585,6.19,0.0089,7.6e-05,41.9,23.766971,86.410125
2026-08-05 17:00:00,N06,-0.0211,0.007096,1.68,0.0087,0.000196,40.1,23.766971,86.410125
2026-08-05 18:00:00,N06,0.0218,0.006734,7.87,0.0085,0.000251,38.2,23.766971,86.410125
2026-08-05 19:00:00,N06,0.2256,0.005452,2.9,0.0082,0.000302,36.2,23.766971,86.410125
2026-08-05 20:00:00,N06,0.0331,0.007301,6.37,0.0079,0.000259,34.4,23.766971,86.410125
2026-08-05 21:00:00,N06,,,,,,,23.766971,86.410125
2026-08-05 22:00:00,N06,,,,,,,23.766971,86.410125
2026-08-05 23:00:00,N06,-0.0533,0.008596,6.13,0.0091,0.000178,30.9,23.766971,86.410125
2026-08-06 00:00:00,N06,-0.3621,0.00833,1.81,0.0096,0.000498,30.0,23.766971,86.410125
2026-08-06 01:00:00,N06,0.0314,0.008254,7.11,0.0101,0.000366,30.3,23.766971,86.410125
2026-08-06 02:00:00,N06,0.0713,0.007204,3.11,0.0104,0.000181,31.0,23.766971,86.410125
2026-08-06 03:00:00,N06,0.0821,0.006257,1.93,0.0105,0.000127,32.2,23.766971,86.410125
2026-08-06 04:00:00,N06,-0.0231,0.00591,5.43,0.0101,0.000171,33.8,23.766971,86.410125
2026-08-06 05:00:00,N06,-0.154,0.005947,3.2,0.0101,0.000181,35.6,23.766971,86.410125
2026-08-06 06:00:00,N06,-0.4016,0.006121,1.42,0.0105,0.00021,37.5,23.766971,86.410125
2026-08-06 07:00:00,N06,0.0249,0.008742,9.53,0.0106,0.000206,39.5,23.766971,86.410125
2026-08-06 08:00:00,N06,0.021,0.005334,1.24,0.0101,0.00704,41.3,23.766971,86.410125
2026-08-06 09:00:00,N06,0.0726,0.678815,44.77,0.0246,8.4e-05,42.8,23.766971,86.410125
2026-08-06 10:00:00,N06,0.102,0.005102,6.42,0.0099,0.00735,44.0,23.766971,86.410125
2026-08-06 11:00:00,N06,0.3354,0.005418,3.02,0.0099,0.000126,44.8,23.766971,86.410125
2026-08-06 12:00:00,N06,0.1617,0.006206,3.93,0.0097,0.003247,45.0,23.766971,86.410125
2026-08-06 13:00:00,N06,0.21,0.808977,37.7,0.0164,0.000556,44.8,23.766971,86.410125
2026-08-06 14:00:00,N06,-0.2778,0.006664,5.66,0.0085,0.003824,44.0,23.766971,86.410125
2026-08-06 15:00:00,N06,0.0863,0.005657,6.2,0.0088,7.6e-05,42.8,23.766971,86.410125
2026-08-06 16:00:00,N06,-0.2359,0.007783,4.51,0.0087,0.000423,41.3,23.766971,86.410125
2026-08-06 17:00:00,N06,0.0507,0.008131,8.1,0.0079,0.000556,39.5,23.766971,86.410125
2026-08-06 18:00:00,N06,0.0177,0.00811,5.26,0.0076,0.000363,37.5,23.766971,86.410125
2026-08-06 19:00:00,N06,0.0177,0.005938,7.66,0.0072,0.000129,35.6,23.766971,86.410125
2026-08-06 20:00:00,N06,-0.0996,0.005752,5.11,0.0073,1.8e-05,33.8,23.766971,86.410125
2026-08-06 21:00:00,N06,-0.0035,0.006036,2.74,0.0073,8.4e-05,32.2,23.766971,86.410125
2026-08-06 22:00:00,N06,0.0673,0.006479,8.67,0.0072,0.000105,31.0,23.766971,86.410125
2026-08-06 23:00:00,N06,0.3451,0.007473,2.44,0.0075,0.000159,30.3,23.766971,86.410125
2026-08-07 00:00:00,N06,-0.0283,0.005031,5.64,0.0075,0.000272,28.1,23.766971,86.410125
2026-08-07 01:00:00,N06,-0.091,0.007468,7.24,0.008,0.000138,28.3,23.766971,86.410125
2026-08-07 02:00:00,N06,-0.3071,0.007483,2.84,0.0078,0.000152,29.1,23.766971,86.410125
2026-08-07 03:00:00,N06,-0.1026,0.006157,1.77,0.0083,0.000169,30.3,23.766971,86.410125
2026-08-07 04:00:00,N06,-0.2821,0.007739,1.95,0.0081,0.000188,31.8,23.766971,86.410125
2026-08-07 05:00:00,N06,0.0153,0.006206,9.73,0.0079,4.1e-05,33.6,23.766971,86.410125
2026-08-07 06:00:00,N06,0.0869,0.005595,8.94,0.0082,0.000142,35.6,23.766971,86.410125
2026-08-07 07:00:00,N06,,,,,,,23.766971,86.410125
2026-08-07 08:00:00,N06,,,,,,,23.766971,86.410125
2026-08-07 09:00:00,N06,,,,,,,23.766971,86.410125
2026-08-07 10:00:00,N06,0.0264,0.957678,39.06,-0.0075,0.007688,42.1,23.766971,86.410125
2026-08-07 11:00:00,N06,0.1025,0.700878,42.21,-0.0073,0.007596,42.8,23.766971,86.410125
2026-08-07 12:00:00,N06,-0.124,0.008549,4.7,0.0077,0.01024,43.1,23.766971,86.410125
2026-08-07 13:00:00,N06,0.0251,0.650894,39.32,0.0131,0.00259,42.8,23.766971,86.410125
2026-08-07 14:00:00,N06,0.1196,0.92935,33.62,0.0128,0.003941,42.1,23.766971,86.410125
2026-08-07 15:00:00,N06,0.0977,0.545002,28.62,0.021,0.003811,40.9,23.766971,86.410125
2026-08-07 16:00:00,N06,-0.0451,0.932862,35.99,0.0205,0.006544,39.3,23.766971,86.410125
2026-08-07 17:00:00,N06,-0.0361,0.005309,9.01,0.0079,0.0061,37.5,23.766971,86.410125
2026-08-07 18:00:00,N06,,,,,,,23.766971,86.410125
2026-08-07 19:00:00,N06,,,,,,,23.766971,86.410125
2026-08-07 20:00:00,N06,,,,,,,23.766971,86.410125
2026-08-07 21:00:00,N06,,,,,,,23.766971,86.410125
2026-08-07 22:00:00,N06,,,,,,,23.766971,86.410125
2026-08-07 23:00:00,N06,-0.1566,0.007941,8.1,0.006,6.5e-05,28.3,23.766971,86.410125
2026-08-08 00:00:00,N06,0.0693,0.007171,9.52,0.0058,0.000352,26.0,23.766971,86.410125
2026-08-08 01:00:00,N06,-0.1294,0.006917,5.54,0.0052,0.000281,26.2,23.766971,86.410125
2026-08-08 02:00:00,N06,-0.2932,0.007023,7.91,0.0052,0.000151,27.0,23.766971,86.410125
2026-08-08 03:00:00,N06,-0.142,0.006489,2.02,0.0055,8e-05,28.2,23.766971,86.410125
2026-08-08 04:00:00,N06,0.1905,0.005907,1.8,0.0051,0.000401,29.7,23.766971,86.410125
2026-08-08 05:00:00,N06,0.1422,0.005594,4.65,0.0047,0.000389,31.5,23.766971,86.410125
2026-08-08 06:00:00,N06,-0.0393,0.005061,5.78,0.0059,0.005717,33.5,23.766971,86.410125
2026-08-08 07:00:00,N06,-0.0021,0.592896,31.52,-0.0067,0.000363,35.4,23.766971,86.410125
2026-08-08 08:00:00,N06,-0.3704,0.008418,9.28,0.0051,0.008502,37.2,23.766971,86.410125
2026-08-08 09:00:00,N06,0.0262,0.974956,26.34,0.0103,6.4e-05,38.8,23.766971,86.410125
2026-08-08 10:00:00,N06,-0.1176,0.007646,9.42,0.0053,0.00239,40.0,23.766971,86.410125
2026-08-08 11:00:00,N06,-0.3392,0.006782,1.45,0.0055,0.008111,40.7,23.766971,86.410125
2026-08-08 12:00:00,N06,0.1239,0.56134,38.6,-0.011,0.000158,41.0,23.766971,86.410125
2026-08-08 13:00:00,N06,-0.0787,0.006975,5.26,0.0052,0.00832,40.7,23.766971,86.410125
2026-08-08 14:00:00,N06,-0.1108,0.008475,9.87,0.0057,0.000378,40.0,23.766971,86.410125
2026-08-08 15:00:00,N06,0.042,0.007897,3.59,0.006,0.000107,38.8,23.766971,86.410125
2026-08-08 16:00:00,N06,0.1034,0.006826,6.93,0.0055,0.000383,37.2,23.766971,86.410125
2026-08-08 17:00:00,N06,-0.0582,0.00666,6.43,0.0052,1.7e-05,35.4,23.766971,86.410125
2026-08-08 18:00:00,N06,-0.0681,0.005488,7.43,0.0054,7.4e-05,33.5,23.766971,86.410125
2026-08-08 19:00:00,N06,-0.1835,0.008426,7.71,0.0054,3e-06,31.5,23.766971,86.410125
2026-08-08 20:00:00,N06,-0.0316,0.007279,7.65,0.0054,7.6e-05,29.7,23.766971,86.410125
2026-08-08 21:00:00,N06,-0.0723,0.007097,1.1,0.0052,0.000227,28.2,23.766971,86.410125
2026-08-08 22:00:00,N06,-0.1141,0.006893,2.42,0.005,0.000346,27.0,23.766971,86.410125
2026-08-08 23:00:00,N06,-0.1757,0.005468,6.19,0.0059,0.000578,26.2,23.766971,86.410125
2026-08-09 00:00:00,N06,0.0564,0.006385,7.24,0.0061,3.3e-05,24.0,23.766971,86.410125
2026-08-09 01:00:00,N06,0.0031,0.005565,8.77,0.006,0.000182,24.2,23.766971,86.410125
2026-08-09 02:00:00,N06,-0.0139,0.006267,4.67,0.0058,0.000235,25.0,23.766971,86.410125
2026-08-09 03:00:00,N06,0.2657,0.006968,2.07,0.0055,0.000154,26.2,23.766971,86.410125
2026-08-09 04:00:00,N06,-0.0077,0.008008,7.39,0.0055,0.000331,27.7,23.766971,86.410125
2026-08-09 05:00:00,N06,-0.3497,0.007346,7.29,0.0048,0.000408,29.5,23.766971,86.410125
2026-08-09 06:00:00,N06,0.2215,0.00778,6.14,0.0046,7.8e-05,31.5,23.766971,86.410125
2026-08-09 07:00:00,N06,0.0532,0.00593,4.25,0.0047,0.000135,33.4,23.766971,86.410125
2026-08-09 08:00:00,N06,-0.1729,0.005306,8.86,0.0044,0.007421,35.2,23.766971,86.410125
2026-08-09 09:00:00,N06,0.242,0.649587,24.78,0.0195,0.007003,36.8,23.766971,86.410125
2026-08-09 10:00:00,N06,-0.1231,0.73462,15.22,0.0184,0.008241,38.0,23.766971,86.410125
2026-08-09 11:00:00,N06,-0.237,0.005616,2.39,0.003,0.007637,38.7,23.766971,86.410125
2026-08-09 12:00:00,N06,-0.0007,0.007115,2.07,0.0031,0.000415,39.0,23.766971,86.410125
2026-08-09 13:00:00,N06,0.0239,0.006607,6.73,0.0039,0.000795,38.7,23.766971,86.410125
2026-08-09 14:00:00,N06,0.1169,0.005253,9.91,0.0047,0.000136,38.0,23.766971,86.410125
2026-08-09 15:00:00,N06,-0.0355,0.006799,7.48,0.0041,0.000292,36.8,23.766971,86.410125
2026-08-09 16:00:00,N06,,,,,,,23.766971,86.410125
2026-08-09 17:00:00,N06,,,,,,,23.766971,86.410125
2026-08-09 18:00:00,N06,,,,,,,23.766971,86.410125
2026-08-09 19:00:00,N06,-0.1428,0.007001,5.0,0.0036,8.3e-05,29.5,23.766971,86.410125
2026-08-09 20:00:00,N06,0.0002,0.005443,5.87,0.0032,2.6e-05,27.7,23.766971,86.410125
2026-08-09 21:00:00,N06,-0.0067,0.005322,9.27,0.0035,2.1e-05,26.2,23.766971,86.410125
2026-08-09 22:00:00,N06,-0.1853,0.007455,3.24,0.0032,0.000211,25.0,23.766971,86.410125
2026-08-09 23:00:00,N06,-0.0497,0.005736,4.7,0.0031,0.000672,24.2,23.766971,86.410125
2026-08-10 00:00:00,N06,-0.0686,0.005716,3.11,0.0018,0.000371,25.3,23.766971,86.410125
2026-08-10 01:00:00,N06,-0.1469,0.005676,2.61,0.0023,0.000357,25.5,23.766971,86.410125
2026-08-10 02:00:00,N06,0.2042,0.007731,4.43,0.0026,0.000226,26.3,23.766971,86.410125
2026-08-10 03:00:00,N06,-0.2352,0.006847,3.57,0.0019,7.7e-05,27.5,23.766971,86.410125
2026-08-10 04:00:00,N06,-0.1905,0.005999,9.3,0.0027,0.000695,29.0,23.766971,86.410125
2026-08-10 05:00:00,N06,-0.1099,0.005669,2.37,0.0033,0.000317,30.8,23.766971,86.410125
2026-08-10 06:00:00,N06,-0.0611,0.006193,9.35,0.0033,0.000287,32.8,23.766971,86.410125
2026-08-10 07:00:00,N06,-0.017,0.005576,4.25,0.0039,0.000161,34.7,23.766971,86.410125
2026-08-10 08:00:00,N06,-0.0727,0.007486,5.47,0.0037,0.000229,36.5,23.766971,86.410125
2026-08-10 09:00:00,N06,,,,,,,23.766971,86.410125
2026-08-10 10:00:00,N06,-0.0245,0.005775,2.75,0.0025,0.000616,39.2,23.766971,86.410125
2026-08-10 11:00:00,N06,0.1067,0.0059,7.22,0.0022,0.000118,40.0,23.766971,86.410125
2026-08-10 12:00:00,N06,0.0063,0.005018,4.87,0.0023,7.3e-05,40.3,23.766971,86.410125
2026-08-10 13:00:00,N06,0.192,0.006972,1.54,0.0023,0.00543,40.0,23.766971,86.410125
2026-08-10 14:00:00,N06,-0.1371,0.565223,23.15,0.0132,5e-05,39.2,23.766971,86.410125
2026-08-10 15:00:00,N06,0.1457,0.006224,4.51,0.0024,0.005445,38.1,23.766971,86.410125
2026-08-10 16:00:00,N06,0.1282,0.006905,4.75,0.0023,9e-06,36.5,23.766971,86.410125
2026-08-10 17:00:00,N06,0.0907,0.006536,5.55,0.0024,9.3e-05,34.7,23.766971,86.410125
2026-08-10 18:00:00,N06,0.1585,0.005557,8.17,0.0021,0.000347,32.8,23.766971,86.410125
2026-08-10 19:00:00,N06,0.2439,0.007744,7.49,0.0017,0.000314,30.8,23.766971,86.410125
2026-08-10 20:00:00,N06,0.2391,0.005403,6.36,0.0027,0.000843,29.0,23.766971,86.410125
2026-08-10 21:00:00,N06,0.2977,0.006954,1.13,0.0034,0.000196,27.5,23.766971,86.410125
2026-08-10 22:00:00,N06,0.0465,0.008338,3.97,0.0023,0.000461,26.3,23.766971,86.410125
2026-08-10 23:00:00,N06,0.2874,0.005693,9.82,0.0025,0.000223,25.5,23.766971,86.410125
2026-08-11 00:00:00,N06,0.0572,0.006194,9.22,0.0019,5.2e-05,25.7,23.766971,86.410125
2026-08-11 01:00:00,N06,0.0129,0.006777,5.69,0.0024,6.8e-05,26.0,23.766971,86.410125
2026-08-11 02:00:00,N06,0.0063,0.00707,8.79,0.0017,0.000286,26.8,23.766971,86.410125
2026-08-11 03:00:00,N06,0.1119,0.008508,7.74,0.0018,0.000236,27.9,23.766971,86.410125
2026-08-11 04:00:00,N06,0.0237,0.006621,9.91,0.0013,4.3e-05,29.5,23.766971,86.410125
2026-08-11 05:00:00,N06,0.0244,0.007151,8.04,0.0019,0.000291,31.3,23.766971,86.410125
2026-08-11 06:00:00,N06,0.0411,0.007493,7.71,0.0018,1e-06,33.2,23.766971,86.410125
2026-08-11 07:00:00,N06,0.0708,0.00735,1.61,0.0019,0.00015,35.2,23.766971,86.410125
2026-08-11 08:00:00,N06,-0.0739,0.005916,5.45,0.0021,0.000358,37.0,23.766971,86.410125
2026-08-11 09:00:00,N06,-0.2727,0.005238,5.83,0.0026,0.005943,38.6,23.766971,86.410125
2026-08-11 10:00:00,N06,0.0818,0.823688,32.53,0.014,0.005634,39.7,23.766971,86.410125
2026-08-11 11:00:00,N06,-0.1747,0.877515,39.72,0.0139,0.006083,40.5,23.766971,86.410125
2026-08-11 12:00:00,N06,0.0219,0.005458,3.87,0.0019,0.005665,40.7,23.766971,86.410125
2026-08-11 13:00:00,N06,0.3164,0.007154,3.31,0.0025,0.003654,40.5,23.766971,86.410125
2026-08-11 14:00:00,N06,0.0848,0.730346,33.66,0.0092,0.000592,39.7,23.766971,86.410125
2026-08-11 15:00:00,N06,-0.0118,0.006895,2.08,0.0037,0.003253,38.6,23.766971,86.410125
2026-08-11 16:00:00,N06,,,,,,,23.766971,86.410125
2026-08-11 17:00:00,N06,-0.1033,0.697708,41.06,-0.0084,0.000613,35.2,23.766971,86.410125
2026-08-11 18:00:00,N06,-0.4344,0.005457,3.87,0.0039,0.006299,33.2,23.766971,86.410125
2026-08-11 19:00:00,N06,0.18,0.00799,1.35,0.0042,0.000114,31.3,23.766971,86.410125
2026-08-11 20:00:00,N06,0.0226,0.007509,4.75,0.0037,6e-05,29.5,23.766971,86.410125
2026-08-11 21:00:00,N06,-0.1263,0.006438,3.74,0.004,0.000115,27.9,23.766971,86.410125
2026-08-11 22:00:00,N06,-0.0644,0.006187,9.55,0.0034,7.6e-05,26.8,23.766971,86.410125
2026-08-11 23:00:00,N06,0.0774,0.005245,7.88,0.0039,1e-06,26.0,23.766971,86.410125
2026-08-12 00:00:00,N06,-0.0416,0.007187,7.93,0.0034,0.000247,25.2,23.766971,86.410125
2026-08-12 01:00:00,N06,-0.0347,0.005687,8.52,0.0034,4.3e-05,25.4,23.766971,86.410125
2026-08-12 02:00:00,N06,-0.1475,0.006841,1.84,0.0035,0.000318,26.2,23.766971,86.410125
2026-08-12 03:00:00,N06,-0.0252,0.005435,8.47,0.0027,0.000448,27.4,23.766971,86.410125
2026-08-12 04:00:00,N06,-0.0308,0.005456,2.84,0.0026,0.000359,28.9,23.766971,86.410125
2026-08-12 05:00:00,N06,0.2643,0.007255,6.01,0.0035,0.000601,30.7,23.766971,86.410125
2026-08-12 06:00:00,N06,0.1672,0.006541,4.11,0.0038,1e-06,32.7,23.766971,86.410125
2026-08-12 07:00:00,N06,,,,,,,23.766971,86.410125
2026-08-12 08:00:00,N06,,,,,,,23.766971,86.410125
2026-08-12 09:00:00,N06,,,,,,,23.766971,86.410125
2026-08-12 10:00:00,N06,,,,,,,23.766971,86.410125
2026-08-12 11:00:00,N06,,,,,,,23.766971,86.410125
2026-08-12 12:00:00,N06,0.1999,0.00766,1.75,0.0036,0.004835,40.2,23.766971,86.410125
2026-08-12 13:00:00,N06,0.1074,0.008881,2.25,0.0033,0.003184,39.9,23.766971,86.410125
2026-08-12 14:00:00,N06,-0.0458,0.990904,40.56,-0.0028,0.00074,39.2,23.766971,86.410125
2026-08-12 15:00:00,N06,,,,,,,23.766971,86.410125
2026-08-12 16:00:00,N06,0.2692,0.005274,3.17,0.0041,0.00011,36.4,23.766971,86.410125
2026-08-12 17:00:00,N06,0.137,0.006867,8.76,0.0046,0.000399,34.6,23.766971,86.410125
2026-08-12 18:00:00,N06,,,,,,,23.766971,86.410125
2026-08-12 19:00:00,N06,,,,,,,23.766971,86.410125
2026-08-12 20:00:00,N06,-0.0651,0.005148,4.01,0.0041,2.7e-05,28.9,23.766971,86.410125
2026-08-12 21:00:00,N06,-0.2055,0.00686,2.85,0.0044,0.000185,27.4,23.766971,86.410125
2026-08-12 22:00:00,N06,0.2315,0.00706,5.25,0.0037,0.000633,26.2,23.766971,86.410125
2026-08-12 23:00:00,N06,-0.1708,0.006821,3.9,0.0031,0.000556,25.4,23.766971,86.410125
2026-08-13 00:00:00,N06,-0.0764,0.005889,4.86,0.0026,0.000327,23.6,23.766971,86.410125
2026-08-13 01:00:00,N06,0.1381,0.00647,4.25,0.0025,1.8e-05,23.8,23.766971,86.410125
2026-08-13 02:00:00,N06,-0.1053,0.00725,7.34,0.0026,0.000107,24.6,23.766971,86.410125
2026-08-13 03:00:00,N06,0.0512,0.008157,8.52,0.0023,2e-05,25.8,23.766971,86.410125
2026-08-13 04:00:00,N06,-0.0552,0.005406,3.56,0.0026,0.000103,27.3,23.766971,86.410125
2026-08-13 05:00:00,N06,-0.0103,0.005571,2.36,0.002,0.000478,29.1,23.766971,86.410125
2026-08-13 06:00:00,N06,0.0461,0.008102,8.93,0.0017,0.000649,31.1,23.766971,86.410125
2026-08-13 07:00:00,N06,0.0461,0.005949,6.59,0.0007,0.000606,33.0,23.766971,86.410125
2026-08-13 08:00:00,N06,0.189,0.00774,6.61,0.0005,6.3e-05,34.8,23.766971,86.410125
2026-08-13 09:00:00,N06,-0.032,0.005674,1.8,0.0006,0.000154,36.4,23.766971,86.410125
2026-08-13 10:00:00,N06,0.1375,0.006356,2.29,0.0008,0.000191,37.6,23.766971,86.410125
2026-08-13 11:00:00,N06,0.2995,0.007448,2.34,0.001,0.008621,38.3,23.766971,86.410125
2026-08-13 12:00:00,N06,0.1522,0.927126,25.95,0.018,0.000253,38.6,23.766971,86.410125
2026-08-13 13:00:00,N06,-0.2461,0.005499,5.61,0.0015,0.008558,38.3,23.766971,86.410125
2026-08-13 14:00:00,N06,-0.1727,0.006393,3.83,0.0009,3.3e-05,37.6,23.766971,86.410125
2026-08-13 15:00:00,N06,0.0425,0.006174,2.04,0.0016,0.000229,36.4,23.766971,86.410125
2026-08-13 16:00:00,N06,0.1142,0.005807,5.96,0.0014,0.000304,34.8,23.766971,86.410125
2026-08-13 17:00:00,N06,0.0678,0.005875,3.71,0.001,0.00025,33.0,23.766971,86.410125
2026-08-13 18:00:00,N06,0.0215,0.008375,3.72,0.0009,1.8e-05,31.1,23.766971,86.410125
2026-08-13 19:00:00,N06,-0.0141,0.005036,6.89,0.001,0.000265,29.1,23.766971,86.410125
2026-08-13 20:00:00,N06,,,,,,,23.766971,86.410125
2026-08-13 21:00:00,N06,0.1364,0.007258,6.4,0.0016,0.000124,25.8,23.766971,86.410125
2026-08-13 22:00:00,N06,0.1086,0.009203,4.18,0.0016,2.3e-05,24.6,23.766971,86.410125
2026-08-13 23:00:00,N06,-0.1001,0.007336,2.16,0.0017,0.000178,23.8,23.766971,86.410125
2026-08-14 00:00:00,N06,-0.0215,0.010614,6.11,0.002,6.6e-05,20.7,23.766971,86.410125
2026-08-14 01:00:00,N06,-0.2031,0.006187,3.38,0.0015,0.000121,21.0,23.766971,86.410125
2026-08-14 02:00:00,N06,-0.1421,0.006154,4.21,0.0022,0.000628,21.7,23.766971,86.410125
2026-08-14 03:00:00,N06,0.0541,0.006085,7.94,0.0028,0.000471,22.9,23.766971,86.410125
2026-08-14 04:00:00,N06,,,,,,,23.766971,86.410125
2026-08-14 05:00:00,N06,,,,,,,23.766971,86.410125
2026-08-14 06:00:00,N06,,,,,,,23.766971,86.410125
2026-08-14 07:00:00,N06,,,,,,,23.766971,86.410125
2026-08-14 08:00:00,N06,,,,,,,23.766971,86.410125
2026-08-14 09:00:00,N06,-0.2561,0.005365,8.78,0.0026,0.000182,33.5,23.766971,86.410125
2026-08-14 10:00:00,N06,-0.1591,0.005371,8.43,0.003,7.3e-05,34.7,23.766971,86.410125
2026-08-14 11:00:00,N06,0.0215,0.006414,7.61,0.0025,0.000217,35.4,23.766971,86.410125
2026-08-14 12:00:00,N06,0.1569,0.006999,9.19,0.0026,0.000162,35.7,23.766971,86.410125
2026-08-14 13:00:00,N06,0.0797,0.005448,8.01,0.0028,0.000145,35.4,23.766971,86.410125
2026-08-14 14:00:00,N06,-0.1956,0.007241,1.2,0.0029,0.000424,34.7,23.766971,86.410125
2026-08-14 15:00:00,N06,-0.1176,0.005836,5.85,0.0037,0.005705,33.5,23.766971,86.410125
2026-08-14 16:00:00,N06,0.0668,0.978583,16.8,-0.0085,7.7e-05,31.9,23.766971,86.410125
2026-08-14 17:00:00,N06,-0.05,0.009491,5.85,0.0038,0.006353,30.1,23.766971,86.410125
2026-08-14 18:00:00,N06,-0.1426,0.005336,6.45,0.0042,0.000338,28.2,23.766971,86.410125
2026-08-14 19:00:00,N06,-0.3559,0.005155,7.84,0.0045,0.000106,26.3,23.766971,86.410125
2026-08-14 20:00:00,N06,-0.3318,0.007159,5.62,0.0044,0.000321,24.4,23.766971,86.410125
2026-08-14 21:00:00,N06,-0.1597,0.005237,1.63,0.0051,2e-05,22.9,23.766971,86.410125
2026-08-14 22:00:00,N06,0.1273,0.005922,8.12,0.0044,0.000721,21.7,23.766971,86.410125
2026-08-14 23:00:00,N06,-0.0236,0.00572,8.29,0.0037,0.0,21.0,23.766971,86.410125
2026-08-15 00:00:00,N06,-0.1383,0.005633,6.95,0.0044,0.000256,25.3,23.766971,86.410125
2026-08-15 01:00:00,N06,0.0718,0.008822,2.51,0.0042,0.000106,25.5,23.766971,86.410125
2026-08-15 02:00:00,N06,0.1863,0.008721,6.64,0.0046,0.000156,26.3,23.766971,86.410125
2026-08-15 03:00:00,N06,-0.1031,0.005528,3.74,0.0039,0.000518,27.5,23.766971,86.410125
2026-08-15 04:00:00,N06,-0.3746,0.006395,7.22,0.0036,0.000529,29.0,23.766971,86.410125
2026-08-15 05:00:00,N06,-0.1338,0.007065,8.49,0.0028,0.000417,30.8,23.766971,86.410125
2026-08-15 06:00:00,N06,-0.07,0.007102,1.77,0.0028,0.000405,32.8,23.766971,86.410125
2026-08-15 07:00:00,N06,-0.2786,0.007438,2.49,0.0036,0.000874,34.7,23.766971,86.410125
2026-08-15 08:00:00,N06,-0.1016,0.007207,1.87,0.0045,0.000311,36.5,23.766971,86.410125
2026-08-15 09:00:00,N06,0.0468,0.006151,1.74,0.0043,1.6e-05,38.1,23.766971,86.410125
2026-08-15 10:00:00,N06,0.158,0.005589,8.57,0.0045,0.00813,39.3,23.766971,86.410125
2026-08-15 11:00:00,N06,-0.1263,0.971633,18.62,-0.012,0.000398,40.0,23.766971,86.410125
2026-08-15 12:00:00,N06,0.1401,0.00513,2.02,0.0037,0.008255,40.3,23.766971,86.410125
2026-08-15 13:00:00,N06,-0.2556,0.006112,2.5,0.0045,0.000738,40.0,23.766971,86.410125
2026-08-15 14:00:00,N06,-0.0597,0.005507,6.79,0.0052,4.4e-05,39.3,23.766971,86.410125
2026-08-15 15:00:00,N06,-0.1013,0.006971,6.96,0.0044,0.000424,38.1,23.766971,86.410125
2026-08-15 16:00:00,N06,-0.1974,0.00775,4.16,0.0043,0.00014,36.5,23.766971,86.410125
2026-08-15 17:00:00,N06,0.0135,0.007527,4.44,0.0047,0.000566,34.7,23.766971,86.410125
2026-08-15 18:00:00,N06,0.0903,0.006637,4.31,0.0054,0.000481,32.8,23.766971,86.410125
2026-08-15 19:00:00,N06,-0.0369,0.007558,5.85,0.0057,0.000269,30.8,23.766971,86.410125
2026-08-15 20:00:00,N06,0.3174,0.006634,3.92,0.006,9.8e-05,29.0,23.766971,86.410125
2026-08-15 21:00:00,N06,0.1153,0.006759,2.81,0.0055,0.000392,27.5,23.766971,86.410125
2026-08-15 22:00:00,N06,-0.1041,0.006933,4.96,0.0052,0.000649,26.3,23.766971,86.410125
2026-08-15 23:00:00,N06,-0.2133,0.006312,7.47,0.0042,0.000446,25.5,23.766971,86.410125
2026-08-16 00:00:00,N06,0.0917,0.005493,9.61,0.0043,0.000211,22.5,23.766971,86.410125
2026-08-16 01:00:00,N06,,,,,,,23.766971,86.410125
2026-08-16 02:00:00,N06,,,,,,,23.766971,86.410125
2026-08-16 03:00:00,N06,,,,,,,23.766971,86.410125
2026-08-16 04:00:00,N06,-0.1744,0.005279,6.53,0.0024,0.001207,26.2,23.766971,86.410125
2026-08-16 05:00:00,N06,0.0634,0.005816,6.3,0.0012,0.009288,28.1,23.766971,86.410125
2026-08-16 06:00:00,N06,0.0348,0.527795,29.75,0.021,0.005572,30.0,23.766971,86.410125
2026-08-16 07:00:00,N06,,,,,,,23.766971,86.410125
2026-08-16 08:00:00,N06,,,,,,,23.766971,86.410125
2026-08-16 09:00:00,N06,,,,,,,23.766971,86.410125
2026-08-16 10:00:00,N06,,,,,,,23.766971,86.410125
2026-08-16 11:00:00,N06,0.1064,0.005515,6.59,-0.0,0.000184,37.2,23.766971,86.410125
2026-08-16 12:00:00,N06,-0.0194,0.006067,8.7,0.0003,3.2e-05,37.5,23.766971,86.410125
2026-08-16 13:00:00,N06,0.0886,0.005886,9.52,0.0,0.000101,37.2,23.766971,86.410125
2026-08-16 14:00:00,N06,-0.0449,0.009192,3.94,0.0001,6.9e-05,36.5,23.766971,86.410125
2026-08-16 15:00:00,N06,-0.0973,0.005449,9.32,-0.0001,0.002249,35.3,23.766971,86.410125
2026-08-16 16:00:00,N06,0.2518,0.605916,42.88,0.0046,0.000366,33.7,23.766971,86.410125
2026-08-16 17:00:00,N06,-0.0866,0.006556,7.28,-0.0008,0.002446,31.9,23.766971,86.410125
2026-08-16 18:00:00,N06,0.0193,0.006133,4.74,-0.0003,7e-05,30.0,23.766971,86.410125
2026-08-16 19:00:00,N06,-0.1553,0.006324,4.37,-0.0007,7.5e-05,28.1,23.766971,86.410125
2026-08-16 20:00:00,N06,-0.0141,0.006148,2.71,-0.0001,0.000271,26.2,23.766971,86.410125
2026-08-16 21:00:00,N06,-0.2008,0.008431,6.21,-0.0001,7.8e-05,24.7,23.766971,86.410125
2026-08-16 22:00:00,N06,-0.022,0.005686,6.22,-0.0003,0.000203,23.5,23.766971,86.410125
2026-08-16 23:00:00,N06,-0.2059,0.007606,4.09,0.0003,0.000638,22.8,23.766971,86.410125
2026-08-17 00:00:00,N06,-0.1903,0.007391,1.44,0.001,7.6e-05,21.0,23.766971,86.410125
2026-08-17 01:00:00,N06,-0.0341,0.006894,8.61,0.0001,0.000492,21.2,23.766971,86.410125
2026-08-17 02:00:00,N06,0.0711,0.006068,5.67,-0.0,0.000339,22.0,23.766971,86.410125
2026-08-17 03:00:00,N06,-0.0831,0.005247,6.66,-0.0006,0.000535,23.2,23.766971,86.410125
2026-08-17 04:00:00,N06,0.0113,0.006591,3.98,-0.0011,0.000582,24.7,23.766971,86.410125
2026-08-17 05:00:00,N06,-0.094,0.00673,9.02,-0.0017,0.000304,26.5,23.766971,86.410125
2026-08-17 06:00:00,N06,0.1346,0.006075,6.32,-0.0017,0.000157,28.5,23.766971,86.410125
2026-08-17 07:00:00,N06,0.1466,0.005147,3.65,-0.0014,0.004257,30.4,23.766971,86.410125
2026-08-17 08:00:00,N06,-0.426,0.781756,16.03,-0.0102,0.004815,32.2,23.766971,86.410125
2026-08-17 09:00:00,N06,0.0757,0.634396,31.06,-0.0111,0.003974,33.8,23.766971,86.410125
2026-08-17 10:00:00,N06,0.3282,0.005856,9.09,-0.0022,0.012216,35.0,23.766971,86.410125
2026-08-17 11:00:00,N06,-0.0362,0.706644,46.59,0.0134,0.008106,35.7,23.766971,86.410125
2026-08-17 12:00:00,N06,0.1572,0.594515,16.79,0.014,0.007503,36.0,23.766971,86.410125
2026-08-17 13:00:00,N06,-0.2086,0.005206,2.91,-0.0016,0.00757,35.7,23.766971,86.410125
2026-08-17 14:00:00,N06,0.0252,0.006194,5.22,-0.0012,0.00028,35.0,23.766971,86.410125
2026-08-17 15:00:00,N06,0.0842,0.005379,7.62,-0.0011,0.00318,33.8,23.766971,86.410125
2026-08-17 16:00:00,N06,-0.2256,0.66793,17.37,0.0052,0.000561,32.2,23.766971,86.410125
2026-08-17 17:00:00,N06,0.0436,0.006165,8.27,0.0001,0.002868,30.4,23.766971,86.410125
2026-08-17 18:00:00,N06,-0.0444,0.006568,6.14,-0.0006,8.4e-05,28.5,23.766971,86.410125
2026-08-17 19:00:00,N06,-0.0719,0.005076,7.09,0.0002,0.000422,26.5,23.766971,86.410125
2026-08-17 20:00:00,N06,0.0495,0.005952,4.36,0.0003,0.000353,24.7,23.766971,86.410125
2026-08-17 21:00:00,N06,0.0006,0.007928,6.27,0.0009,0.000425,23.2,23.766971,86.410125
2026-08-17 22:00:00,N06,-0.0517,0.008227,7.19,0.0011,0.000379,22.0,23.766971,86.410125
2026-08-17 23:00:00,N06,-0.0234,0.010772,3.66,0.0017,0.000444,21.2,23.766971,86.410125
2026-08-18 00:00:00,N06,0.2191,0.007737,5.41,0.002,0.000758,25.9,23.766971,86.410125
2026-08-18 01:00:00,N06,-0.1489,0.005892,5.28,0.0032,0.000363,26.2,23.766971,86.410125
2026-08-18 02:00:00,N06,-0.1975,0.005388,6.71,0.0028,0.000341,26.9,23.766971,86.410125
2026-08-18 03:00:00,N06,-0.0122,0.007049,6.36,0.0025,0.000249,28.1,23.766971,86.410125
2026-08-18 04:00:00,N06,-0.0417,0.010011,4.37,0.0033,0.000669,29.7,23.766971,86.410125
2026-08-18 05:00:00,N06,-0.0124,0.006268,9.89,0.0039,0.00628,31.5,23.766971,86.410125
2026-08-18 06:00:00,N06,0.049,0.922061,49.78,0.0158,0.006059,33.4,23.766971,86.410125
2026-08-18 07:00:00,N06,0.0764,0.608418,45.67,0.016,0.005674,35.4,23.766971,86.410125
2026-08-18 08:00:00,N06,-0.0204,0.006588,2.24,0.0045,0.006297,37.2,23.766971,86.410125
2026-08-18 09:00:00,N06,0.0826,0.0061,9.08,0.0034,0.009591,38.7,23.766971,86.410125
2026-08-18 10:00:00,N06,0.0532,0.960287,18.3,-0.0147,0.008487,39.9,23.766971,86.410125
2026-08-18 11:00:00,N06,,,,,,,23.766971,86.410125
2026-08-18 12:00:00,N06,,,,,,,23.766971,86.410125
2026-08-18 13:00:00,N06,,,,,,,23.766971,86.410125
2026-08-18 14:00:00,N06,-0.0387,0.00974,9.71,0.0047,0.000956,39.9,23.766971,86.410125
2026-08-18 15:00:00,N06,-0.1358,0.00912,1.85,0.0058,0.000535,38.7,23.766971,86.410125
2026-08-18 16:00:00,N06,-0.1294,0.005895,8.08,0.0057,0.000364,37.2,23.766971,86.410125
2026-08-18 17:00:00,N06,-0.1591,0.006822,6.19,0.0051,0.000132,35.4,23.766971,86.410125
2026-08-18 18:00:00,N06,,,,,,,23.766971,86.410125
2026-08-18 19:00:00,N06,,,,,,,23.766971,86.410125
2026-08-18 20:00:00,N06,,,,,,,23.766971,86.410125
2026-08-18 21:00:00,N06,,,,,,,23.766971,86.410125
2026-08-18 22:00:00,N06,,,,,,,23.766971,86.410125
2026-08-18 23:00:00,N06,-0.2528,0.006302,7.3,0.0056,0.00013,26.2,23.766971,86.410125
2026-08-19 00:00:00,N06,0.192,0.00789,7.83,0.0054,0.000152,24.4,23.766971,86.410125
2026-08-19 01:00:00,N06,0.1721,0.006694,2.53,0.0059,0.000204,24.6,23.766971,86.410125
2026-08-19 02:00:00,N06,0.0022,0.007314,5.83,0.005,0.000673,25.4,23.766971,86.410125
2026-08-19 03:00:00,N06,-0.0494,0.006109,7.69,0.0045,0.0001,26.6,23.766971,86.410125
2026-08-19 04:00:00,N06,-0.1981,0.005035,4.78,0.0048,0.000337,28.1,23.766971,86.410125
2026-08-19 05:00:00,N06,-0.0386,0.007521,3.34,0.0052,0.000275,30.0,23.766971,86.410125
2026-08-19 06:00:00,N06,-0.1052,0.006102,3.21,0.0054,0.000469,31.9,23.766971,86.410125
2026-08-19 07:00:00,N06,0.0223,0.006079,9.63,0.0061,0.000448,33.8,23.766971,86.410125
2026-08-19 08:00:00,N06,-0.017,0.007299,3.3,0.0063,0.000354,35.6,23.766971,86.410125
2026-08-19 09:00:00,N06,-0.184,0.005228,8.13,0.0068,0.000294,37.2,23.766971,86.410125
2026-08-19 10:00:00,N06,0.1022,0.005389,5.61,0.0069,0.000108,38.4,23.766971,86.410125
2026-08-19 11:00:00,N06,-0.0828,0.005829,9.82,0.0066,0.007635,39.1,23.766971,86.410125
2026-08-19 12:00:00,N06,0.057,0.667274,45.04,-0.0084,2.3e-05,39.4,23.766971,86.410125
2026-08-19 13:00:00,N06,-0.208,0.005071,8.37,0.0067,0.007486,39.1,23.766971,86.410125
2026-08-19 14:00:00,N06,0.1938,0.007162,2.24,0.0066,0.000458,38.4,23.766971,86.410125
2026-08-19 15:00:00,N06,0.1772,0.008769,7.14,0.0058,0.000446,37.2,23.766971,86.410125
2026-08-19 16:00:00,N06,0.0462,0.005102,1.04,0.0057,5.5e-05,35.6,23.766971,86.410125
2026-08-19 17:00:00,N06,-0.0913,0.005257,9.21,0.0056,2e-05,33.8,23.766971,86.410125
2026-08-19 18:00:00,N06,0.0494,0.007666,4.96,0.0056,0.000319,31.9,23.766971,86.410125
2026-08-19 19:00:00,N06,0.0059,0.005538,6.82,0.0063,0.000539,30.0,23.766971,86.410125
2026-08-19 20:00:00,N06,-0.1201,0.005894,4.36,0.0067,0.000608,28.1,23.766971,86.410125
2026-08-19 21:00:00,N06,-0.0008,0.007752,2.58,0.0075,0.000425,26.6,23.766971,86.410125
2026-08-19 22:00:00,N06,-0.0885,0.005093,4.33,0.0075,0.000674,25.4,23.766971,86.410125
2026-08-19 23:00:00,N06,-0.0065,0.005998,4.18,0.0088,0.000555,24.6,23.766971,86.410125
2026-08-20 00:00:00,N06,-0.0347,0.007395,8.31,0.0087,5.7e-05,25.9,23.766971,86.410125
2026-08-20 01:00:00,N06,0.2568,0.005633,3.95,0.009,0.000241,26.2,23.766971,86.410125
2026-08-20 02:00:00,N06,,,,,,,23.766971,86.410125
2026-08-20 03:00:00,N06,,,,,,,23.766971,86.410125
2026-08-20 04:00:00,N06,,,,,,,23.766971,86.410125
2026-08-20 05:00:00,N06,0.0363,0.005977,2.28,0.0064,0.000448,31.5,23.766971,86.410125
2026-08-20 06:00:00,N06,-0.0988,0.00665,5.65,0.0057,0.000562,33.4,23.766971,86.410125
2026-08-20 07:00:00,N06,-0.106,0.007973,1.9,0.0053,0.000344,35.4,23.766971,86.410125
2026-08-20 08:00:00,N06,-0.1272,0.005136,4.65,0.005,0.000241,37.2,23.766971,86.410125
2026-08-20 09:00:00,N06,0.0965,0.005031,8.51,0.0048,0.004336,38.7,23.766971,86.410125
2026-08-20 10:00:00,N06,0.2179,0.606017,32.4,-0.0036,0.000327,39.9,23.766971,86.410125
2026-08-20 11:00:00,N06,0.2486,0.006016,6.49,0.0054,0.004832,40.7,23.766971,86.410125
2026-08-20 12:00:00,N06,-0.2051,0.006613,9.59,0.006,0.00069,40.9,23.766971,86.410125
2026-08-20 13:00:00,N06,-0.1037,0.008044,7.3,0.0068,0.000184,40.7,23.766971,86.410125
2026-08-20 14:00:00,N06,0.028,0.008596,2.39,0.0064,0.000574,39.9,23.766971,86.410125
2026-08-20 15:00:00,N06,-0.0649,0.008536,3.75,0.0057,0.003884,38.7,23.766971,86.410125
2026-08-20 16:00:00,N06,-0.084,0.650768,46.3,-0.0014,0.000325,37.2,23.766971,86.410125
2026-08-20 17:00:00,N06,-0.1794,0.008988,2.21,0.0063,0.003882,35.4,23.766971,86.410125
2026-08-20 18:00:00,N06,0.2565,0.006683,6.72,0.0064,0.000396,33.4,23.766971,86.410125
2026-08-20 19:00:00,N06,-0.0603,0.006331,7.71,0.0071,1.2e-05,31.5,23.766971,86.410125
2026-08-20 20:00:00,N06,-0.2161,0.005249,3.32,0.0064,0.000327,29.7,23.766971,86.410125
2026-08-20 21:00:00,N06,-0.2069,0.006025,9.08,0.0065,0.000488,28.1,23.766971,86.410125
2026-08-20 22:00:00,N06,-0.1663,0.005339,9.0,0.0054,0.000864,26.9,23.766971,86.410125
2026-08-20 23:00:00,N06,-0.1248,0.008959,7.2,0.0047,0.000379,26.2,23.766971,86.410125
2026-08-21 00:00:00,N06,-0.0835,0.005801,5.84,0.0046,0.000122,28.0,23.766971,86.410125
2026-08-21 01:00:00,N06,0.1674,0.005769,2.01,0.005,8.2e-05,28.3,23.766971,86.410125
2026-08-21 02:00:00,N06,0.0387,0.005851,7.08,0.0048,0.000284,29.0,23.766971,86.410125
2026-08-21 03:00:00,N06,-0.0134,0.008845,4.1,0.0044,0.000357,30.2,23.766971,86.410125
2026-08-21 04:00:00,N06,-0.0844,0.009162,2.16,0.0041,0.00051,31.8,23.766971,86.410125
2026-08-21 05:00:00,N06,-0.1146,0.005844,4.54,0.0034,0.000764,33.6,23.766971,86.410125
2026-08-21 06:00:00,N06,-0.0998,0.006709,3.31,0.0026,0.000165,35.5,23.766971,86.410125
2026-08-21 07:00:00,N06,0.0956,0.007029,2.74,0.003,0.00044,37.5,23.766971,86.410125
2026-08-21 08:00:00,N06,0.1167,0.006553,3.27,0.0034,0.000331,39.3,23.766971,86.410125
2026-08-21 09:00:00,N06,,,,,,,23.766971,86.410125
2026-08-21 10:00:00,N06,,,,,,,23.766971,86.410125
2026-08-21 11:00:00,N06,,,,,,,23.766971,86.410125
2026-08-21 12:00:00,N06,0.0293,0.966814,23.92,0.0172,0.005205,43.0,23.766971,86.410125
2026-08-21 13:00:00,N06,0.0188,0.005606,9.66,0.0057,0.00579,42.8,23.766971,86.410125
2026-08-21 14:00:00,N06,0.0074,0.005567,9.64,0.0056,0.006213,42.0,23.766971,86.410125
2026-08-21 15:00:00,N06,-0.0674,0.763446,31.28,0.0181,0.006238,40.8,23.766971,86.410125
2026-08-21 16:00:00,N06,0.1657,0.887569,39.16,0.0181,0.010307,39.3,23.766971,86.410125
2026-08-21 17:00:00,N06,-0.1426,0.696828,32.4,-0.0025,0.010204,37.5,23.766971,86.410125
2026-08-21 18:00:00,N06,,,,,,,23.766971,86.410125
2026-08-21 19:00:00,N06,,,,,,,23.766971,86.410125
2026-08-21 20:00:00,N06,,,,,,,23.766971,86.410125
2026-08-21 21:00:00,N06,,,,,,,23.766971,86.410125
2026-08-21 22:00:00,N06,,,,,,,23.766971,86.410125
2026-08-21 23:00:00,N06,-0.0303,0.005433,8.52,0.0062,1e-05,28.3,23.766971,86.410125
2026-08-22 00:00:00,N06,-0.0203,0.005446,2.53,0.0065,0.000561,26.9,23.766971,86.410125
2026-08-22 01:00:00,N06,0.2312,0.007711,7.8,0.0073,0.000329,27.1,23.766971,86.410125
2026-08-22 02:00:00,N06,-0.0296,0.005953,4.73,0.0059,0.000689,27.9,23.766971,86.410125
2026-08-22 03:00:00,N06,-0.0599,0.005005,8.74,0.0059,7e-05,29.1,23.766971,86.410125
2026-08-22 04:00:00,N06,0.0209,0.006077,9.84,0.0057,0.000214,30.6,23.766971,86.410125
2026-08-22 05:00:00,N06,-0.1953,0.006026,3.23,0.0064,0.005633,32.4,23.766971,86.410125
2026-08-22 06:00:00,N06,0.0927,0.942869,35.34,0.017,0.005705,34.4,23.766971,86.410125
2026-08-22 07:00:00,N06,0.1334,0.706997,16.05,0.0178,0.00501,36.3,23.766971,86.410125
2026-08-22 08:00:00,N06,-0.1011,0.005723,7.69,0.007,0.005695,38.1,23.766971,86.410125
2026-08-22 09:00:00,N06,0.1053,0.005885,5.49,0.0064,0.000582,39.7,23.766971,86.410125
2026-08-22 10:00:00,N06,0.3803,0.00615,3.78,0.0058,0.000231,40.9,23.766971,86.410125
2026-08-22 11:00:00,N06,0.1088,0.007505,1.72,0.0059,0.000155,41.6,23.766971,86.410125
2026-08-22 12:00:00,N06,0.0641,0.006013,2.3,0.0061,0.004367,41.9,23.766971,86.410125
2026-08-22 13:00:00,N06,-0.0579,0.638878,36.23,0.0147,0.000115,41.6,23.766971,86.410125
2026-08-22 14:00:00,N06,-0.1544,0.006837,7.81,0.0064,0.004066,40.9,23.766971,86.410125
2026-08-22 15:00:00,N06,-0.1898,0.006382,1.64,0.0065,0.000217,39.7,23.766971,86.410125
2026-08-22 16:00:00,N06,0.1063,0.00766,1.25,0.0059,0.000673,38.1,23.766971,86.410125
2026-08-22 17:00:00,N06,0.1935,0.006005,1.66,0.0052,0.000342,36.3,23.766971,86.410125
2026-08-22 18:00:00,N06,0.1568,0.007041,5.41,0.0052,0.000229,34.4,23.766971,86.410125
2026-08-22 19:00:00,N06,-0.0561,0.008802,2.26,0.0047,5.5e-05,32.4,23.766971,86.410125
2026-08-22 20:00:00,N06,-0.1118,0.005816,9.02,0.0054,2.3e-05,30.6,23.766971,86.410125
2026-08-22 21:00:00,N06,-0.0205,0.006295,5.79,0.0048,0.000498,29.1,23.766971,86.410125
2026-08-22 22:00:00,N06,-0.0134,0.006922,1.8,0.0044,1.9e-05,27.9,23.766971,86.410125
2026-08-22 23:00:00,N06,-0.3619,0.005835,5.65,0.0048,6.7e-05,27.1,23.766971,86.410125
2026-08-23 00:00:00,N06,-0.1892,0.008646,8.64,0.0045,0.000195,25.9,23.766971,86.410125
2026-08-23 01:00:00,N06,-0.2401,0.007034,7.71,0.0044,0.000181,26.2,23.766971,86.410125
2026-08-23 02:00:00,N06,-0.034,0.005953,3.33,0.0049,0.000154,26.9,23.766971,86.410125
2026-08-23 03:00:00,N06,-0.0136,0.007537,1.15,0.0041,0.000478,28.1,23.766971,86.410125
2026-08-23 04:00:00,N06,0.096,0.005605,1.3,0.0039,0.000189,29.7,23.766971,86.410125
2026-08-23 05:00:00,N06,-0.178,0.007065,4.26,0.0045,0.000589,31.5,23.766971,86.410125
2026-08-23 06:00:00,N06,-0.0823,0.006274,9.82,0.0051,0.000145,33.4,23.766971,86.410125
2026-08-23 07:00:00,N06,-0.4167,0.005125,5.66,0.0048,0.004099,35.4,23.766971,86.410125
2026-08-23 08:00:00,N06,0.0727,0.992583,24.99,-0.0031,0.010941,37.2,23.766971,86.410125
2026-08-23 09:00:00,N06,-0.0499,0.550796,18.72,-0.0171,0.002802,38.7,23.766971,86.410125
2026-08-23 10:00:00,N06,0.2437,0.541469,18.05,-0.0087,0.011089,39.9,23.766971,86.410125
2026-08-23 11:00:00,N06,0.1847,0.006063,7.38,0.0051,0.006914,40.7,23.766971,86.410125
2026-08-23 12:00:00,N06,-0.1287,0.005922,1.5,0.0051,1.4e-05,40.9,23.766971,86.410125
2026-08-23 13:00:00,N06,0.0375,0.005561,2.93,0.0051,0.000189,40.7,23.766971,86.410125
2026-08-23 14:00:00,N06,0.0388,0.006492,2.65,0.0055,0.000532,39.9,23.766971,86.410125
2026-08-23 15:00:00,N06,0.2639,0.007181,9.88,0.0061,0.000516,38.7,23.766971,86.410125
2026-08-23 16:00:00,N06,-0.0271,0.007793,3.97,0.0065,0.000309,37.2,23.766971,86.410125
2026-08-23 17:00:00,N06,,,,,,,23.766971,86.410125
2026-08-23 18:00:00,N06,-0.0913,0.005797,2.44,0.0068,0.000352,33.4,23.766971,86.410125
2026-08-23 19:00:00,N06,-0.0406,0.007605,1.09,0.0074,0.000248,31.5,23.766971,86.410125
2026-08-23 20:00:00,N06,-0.189,0.005047,7.28,0.0073,5.9e-05,29.7,23.766971,86.410125
2026-08-23 21:00:00,N06,0.3142,0.008824,9.89,0.0076,0.000215,28.1,23.766971,86.410125
2026-08-23 22:00:00,N06,0.092,0.005418,4.13,0.0077,9.6e-05,26.9,23.766971,86.410125
2026-08-23 23:00:00,N06,0.1488,0.00638,3.36,0.0078,0.000106,26.2,23.766971,86.410125
2026-08-24 00:00:00,N06,0.0539,0.005096,3.25,0.0075,0.000169,24.1,23.766971,86.410125
2026-08-24 01:00:00,N06,-0.341,0.007902,9.45,0.0074,0.00063,24.3,23.766971,86.410125
2026-08-24 02:00:00,N06,0.1853,0.005371,6.91,0.0062,0.000998,25.1,23.766971,86.410125
2026-08-24 03:00:00,N06,-0.009,0.00622,7.67,0.0054,0.000191,26.3,23.766971,86.410125
2026-08-24 04:00:00,N06,-0.0964,0.005442,1.79,0.0058,0.000446,27.8,23.766971,86.410125
2026-08-24 05:00:00,N06,-0.0192,0.007925,4.3,0.0063,9.3e-05,29.6,23.766971,86.410125
2026-08-24 06:00:00,N06,-0.1386,0.005213,6.81,0.006,0.00032,31.6,23.766971,86.410125
2026-08-24 07:00:00,N06,-0.1761,0.007843,1.63,0.0057,0.006047,33.5,23.766971,86.410125
2026-08-24 08:00:00,N06,,,,,,,23.766971,86.410125
2026-08-24 09:00:00,N06,,,,,,,23.766971,86.410125
2026-08-24 10:00:00,N06,,,,,,,23.766971,86.410125
2026-08-24 11:00:00,N06,,,,,,,23.766971,86.410125
2026-08-24 12:00:00,N06,,,,,,,23.766971,86.410125
2026-08-24 13:00:00,N06,0.2146,0.005912,1.49,0.0049,0.000184,38.8,23.766971,86.410125
2026-08-24 14:00:00,N06,-0.0791,0.010293,1.37,0.005,2.9e-05,38.1,23.766971,86.410125
2026-08-24 15:00:00,N06,-0.2685,0.006546,1.76,0.005,0.000411,36.9,23.766971,86.410125
2026-08-24 16:00:00,N06,-0.0342,0.007238,9.18,0.0058,0.000192,35.3,23.766971,86.410125
2026-08-24 17:00:00,N06,-0.0281,0.00694,9.57,0.0053,0.000564,33.5,23.766971,86.410125
2026-08-24 18:00:00,N06,0.2797,0.006798,5.2,0.0047,0.000279,31.6,23.766971,86.410125
2026-08-24 19:00:00,N06,0.0331,0.007506,5.76,0.0048,0.000111,29.6,23.766971,86.410125
2026-08-24 20:00:00,N06,-0.1131,0.007172,9.22,0.0045,6.1e-05,27.8,23.766971,86.410125
2026-08-24 21:00:00,N06,-0.1347,0.005486,1.18,0.0047,0.000171,26.3,23.766971,86.410125
2026-08-24 22:00:00,N06,-0.1103,0.005459,1.99,0.0048,5.8e-05,25.1,23.766971,86.410125
2026-08-24 23:00:00,N06,-0.0701,0.005602,8.13,0.0048,0.000138,24.3,23.766971,86.410125
2026-08-25 00:00:00,N06,-0.0734,0.006287,8.5,0.0045,0.000533,29.8,23.766971,86.410125
2026-08-25 01:00:00,N06,0.0666,0.006105,7.15,0.0037,0.000797,30.1,23.766971,86.410125
2026-08-25 02:00:00,N06,-0.1552,0.009627,2.69,0.003,0.000369,30.8,23.766971,86.410125
2026-08-25 03:00:00,N06,-0.0319,0.007555,8.01,0.003,7.4e-05,32.0,23.766971,86.410125
2026-08-25 04:00:00,N06,-0.0258,0.005143,7.35,0.0031,0.000142,33.6,23.766971,86.410125
2026-08-25 05:00:00,N06,-0.0762,0.005854,1.27,0.0027,0.000421,35.4,23.766971,86.410125
2026-08-25 06:00:00,N06,0.0776,0.005523,1.89,0.0023,0.000191,37.3,23.766971,86.410125
2026-08-25 07:00:00,N06,0.0832,0.00803,8.22,0.0023,0.000138,39.3,23.766971,86.410125
2026-08-25 08:00:00,N06,0.0997,0.009575,3.24,0.0025,9.2e-05,41.1,23.766971,86.410125
2026-08-25 09:00:00,N06,0.0816,0.005509,3.02,0.0025,0.000572,42.6,23.766971,86.410125
2026-08-25 10:00:00,N06,-0.0639,0.005303,1.35,0.0014,0.012895,43.8,23.766971,86.410125
2026-08-25 11:00:00,N06,0.2159,0.858084,32.56,0.0283,0.009483,44.6,23.766971,86.410125
2026-08-25 12:00:00,N06,-0.1798,0.753314,19.18,0.0204,0.01341,44.8,23.766971,86.410125
2026-08-25 13:00:00,N06,0.1068,0.006167,1.4,0.0015,0.009224,44.6,23.766971,86.410125
2026-08-25 14:00:00,N06,-0.0082,0.006867,8.9,0.0019,0.006142,43.8,23.766971,86.410125
2026-08-25 15:00:00,N06,0.0972,0.532259,38.71,-0.0108,0.006802,42.6,23.766971,86.410125
2026-08-25 16:00:00,N06,0.2262,0.805424,19.12,-0.0117,0.006283,41.1,23.766971,86.410125
2026-08-25 17:00:00,N06,-0.1012,0.007588,7.62,0.0018,0.006591,39.3,23.766971,86.410125
2026-08-25 18:00:00,N06,0.1897,0.007158,6.13,0.0015,0.000106,37.3,23.766971,86.410125
2026-08-25 19:00:00,N06,-0.0973,0.006745,5.51,0.002,0.000482,35.4,23.766971,86.410125
2026-08-25 20:00:00,N06,0.0765,0.005925,5.35,0.0025,0.00011,33.6,23.766971,86.410125
2026-08-25 21:00:00,N06,-0.1174,0.006182,7.3,0.0017,0.000382,32.0,23.766971,86.410125
2026-08-25 22:00:00,N06,0.0201,0.012271,5.23,0.0017,0.00036,30.8,23.766971,86.410125
2026-08-25 23:00:00,N06,-0.32,0.008766,7.87,0.0025,0.000299,30.1,23.766971,86.410125
2026-08-26 00:00:00,N06,-0.0485,0.00674,6.77,0.0023,0.000281,24.7,23.766971,86.410125
2026-08-26 01:00:00,N06,-0.0596,0.005466,8.34,0.0019,5e-06,24.9,23.766971,86.410125
2026-08-26 02:00:00,N06,-0.0054,0.006716,3.52,0.0023,0.000145,25.7,23.766971,86.410125
2026-08-26 03:00:00,N06,-0.0822,0.005643,4.81,0.0022,0.000316,26.9,23.766971,86.410125
2026-08-26 04:00:00,N06,-0.0937,0.007867,6.22,0.0029,0.000358,28.4,23.766971,86.410125
2026-08-26 05:00:00,N06,0.2506,0.005182,6.27,0.0029,0.00022,30.2,23.766971,86.410125
2026-08-26 06:00:00,N06,0.0181,0.008171,4.2,0.0034,0.005773,32.2,23.766971,86.410125
2026-08-26 07:00:00,N06,-0.2066,0.808112,39.9,-0.0086,0.006056,34.1,23.766971,86.410125
2026-08-26 08:00:00,N06,0.043,0.696165,44.49,-0.0088,0.005875,35.9,23.766971,86.410125
2026-08-26 09:00:00,N06,-0.0424,0.00624,4.0,0.0031,0.006405,37.5,23.766971,86.410125
2026-08-26 10:00:00,N06,0.0368,0.006405,9.42,0.004,0.000282,38.7,23.766971,86.410125
2026-08-26 11:00:00,N06,0.1077,0.00699,8.07,0.0037,0.000209,39.4,23.766971,86.410125
2026-08-26 12:00:00,N06,-0.0721,0.007622,3.9,0.0045,0.000191,39.7,23.766971,86.410125
2026-08-26 13:00:00,N06,0.0956,0.007106,1.43,0.0041,0.000435,39.4,23.766971,86.410125
2026-08-26 14:00:00,N06,,,,,,,23.766971,86.410125
2026-08-26 15:00:00,N06,,,,,,,23.766971,86.410125
2026-08-26 16:00:00,N06,,,,,,,23.766971,86.410125
2026-08-26 17:00:00,N06,,,,,,,23.766971,86.410125
2026-08-26 18:00:00,N06,,,,,,,23.766971,86.410125
2026-08-26 19:00:00,N06,-0.1223,0.005903,2.53,0.0043,5e-06,30.2,23.766971,86.410125
2026-08-26 20:00:00,N06,-0.1211,0.007242,6.15,0.0043,0.000229,28.4,23.766971,86.410125
2026-08-26 21:00:00,N06,-0.0318,0.005711,6.15,0.0038,0.00024,26.9,23.766971,86.410125
2026-08-26 22:00:00,N06,-0.0321,0.005304,1.9,0.0038,0.00036,25.7,23.766971,86.410125
2026-08-26 23:00:00,N06,0.0385,0.005461,5.33,0.0045,0.001176,24.9,23.766971,86.410125
2026-08-27 00:00:00,N06,-0.0029,0.005375,8.91,0.0061,0.000626,23.5,23.766971,86.410125
2026-08-27 01:00:00,N06,-0.0908,0.007615,4.13,0.0058,0.000147,23.7,23.766971,86.410125
2026-08-27 02:00:00,N06,0.0036,0.005691,5.01,0.0058,3e-05,24.5,23.766971,86.410125
2026-08-27 03:00:00,N06,0.0065,0.005407,1.92,0.0058,0.000484,25.7,23.766971,86.410125
2026-08-27 04:00:00,N06,0.122,0.008523,5.56,0.0068,0.000199,27.2,23.766971,86.410125
2026-08-27 05:00:00,N06,-0.142,0.005985,2.74,0.0062,0.000165,29.0,23.766971,86.410125
2026-08-27 06:00:00,N06,0.0933,0.005216,5.92,0.0065,0.000164,31.0,23.766971,86.410125
2026-08-27 07:00:00,N06,0.0187,0.006516,4.82,0.0066,0.000396,32.9,23.766971,86.410125
2026-08-27 08:00:00,N06,-0.0544,0.005214,1.43,0.0057,0.008109,34.7,23.766971,86.410125
2026-08-27 09:00:00,N06,-0.0449,0.767021,49.97,-0.0096,0.007441,36.3,23.766971,86.410125
2026-08-27 10:00:00,N06,0.1171,0.697734,42.62,-0.0092,0.00761,37.5,23.766971,86.410125
2026-08-27 11:00:00,N06,-0.248,0.005456,2.62,0.0056,0.001854,38.2,23.766971,86.410125
2026-08-27 12:00:00,N06,-0.0755,0.958056,17.21,-0.0055,0.009769,38.5,23.766971,86.410125
2026-08-27 13:00:00,N06,-0.0873,0.935738,40.29,-0.014,0.005374,38.2,23.766971,86.410125
2026-08-27 14:00:00,N06,,,,,,,23.766971,86.410125
2026-08-27 15:00:00,N06,,,,,,,23.766971,86.410125
2026-08-27 16:00:00,N06,,,,,,,23.766971,86.410125
2026-08-27 17:00:00,N06,0.0545,0.005583,3.58,0.0059,0.000289,32.9,23.766971,86.410125
2026-08-27 18:00:00,N06,0.2194,0.006748,3.91,0.0046,0.000212,31.0,23.766971,86.410125
2026-08-27 19:00:00,N06,0.0199,0.006038,5.16,0.0054,0.000476,29.0,23.766971,86.410125
2026-08-27 20:00:00,N06,0.2192,0.00508,1.58,0.0056,0.000151,27.2,23.766971,86.410125
2026-08-27 21:00:00,N06,0.0253,0.008081,6.59,0.0057,0.000309,25.7,23.766971,86.410125
2026-08-27 22:00:00,N06,0.1035,0.005925,1.36,0.0049,0.000424,24.5,23.766971,86.410125
2026-08-27 23:00:00,N06,0.0403,0.006425,9.04,0.0049,5.2e-05,23.7,23.766971,86.410125
