timestamp,node_id,tilt_deg,vib_rms,vib_dom_freq_hz,strain_mm,crack_proxy,temp_c,lat,lng
2026-03-01 00:00:00,N10,0.2045,0.005562,3.69,-0.0,0.000167,21.7,23.765137,86.411054
2026-03-01 01:00:00,N10,-0.2468,0.006222,8.91,0.0002,0.000477,21.9,23.765137,86.411054
2026-03-01 02:00:00,N10,0.1471,0.005548,2.19,-0.001,0.00095,22.7,23.765137,86.411054
2026-03-01 03:00:00,N10,0.0413,0.005116,5.09,-0.0017,0.000306,23.9,23.765137,86.411054
2026-03-01 04:00:00,N10,0.1074,0.005965,4.43,-0.0016,0.000441,25.4,23.765137,86.411054
2026-03-01 05:00:00,N10,-0.1621,0.008942,3.33,-0.0009,0.000279,27.2,23.765137,86.411054
2026-03-01 06:00:00,N10,-0.0639,0.005936,6.76,-0.001,9.4e-05,29.2,23.765137,86.411054
2026-03-01 07:00:00,N10,0.0047,0.005694,6.25,-0.0007,6e-05,31.1,23.765137,86.411054
2026-03-01 08:00:00,N10,-0.1726,0.006442,5.22,-0.0011,0.000439,32.9,23.765137,86.411054
2026-03-01 09:00:00,N10,-0.0548,0.007349,6.65,-0.0015,0.011391,34.5,23.765137,86.411054
2026-03-01 10:00:00,N10,-0.2354,0.911266,35.77,0.0216,0.011946,35.7,23.765137,86.411054
2026-03-01 11:00:00,N10,-0.0697,0.522937,39.0,0.0223,0.011006,36.4,23.765137,86.411054
2026-03-01 12:00:00,N10,-0.1823,0.005409,2.22,-0.0004,0.011176,36.7,23.765137,86.411054
2026-03-01 13:00:00,N10,-0.0902,0.007292,1.11,-0.0,3.3e-05,36.4,23.765137,86.411054
2026-03-01 14:00:00,N10,0.1026,0.006758,3.17,-0.0003,6e-06,35.7,23.765137,86.411054
2026-03-01 15:00:00,N10,-0.0825,0.005753,2.99,0.0,0.000128,34.5,23.765137,86.411054
2026-03-01 16:00:00,N10,-0.2255,0.005839,3.32,-0.0,9.2e-05,32.9,23.765137,86.411054
2026-03-01 17:00:00,N10,-0.1958,0.005309,4.9,-0.0002,0.000162,31.1,23.765137,86.411054
2026-03-01 18:00:00,N10,-0.125,0.005349,4.44,-0.0004,0.000303,29.2,23.765137,86.411054
2026-03-01 19:00:00,N10,0.006,0.006963,5.46,-0.0008,0.000347,27.2,23.765137,86.411054
2026-03-01 20:00:00,N10,0.087,0.006472,6.52,-0.0011,0.000139,25.4,23.765137,86.411054
2026-03-01 21:00:00,N10,-0.075,0.005797,1.43,-0.0011,0.000614,23.9,23.765137,86.411054
2026-03-01 22:00:00,N10,,,,,,,23.765137,86.411054
2026-03-01 23:00:00,N10,,,,,,,23.765137,86.411054
2026-03-02 00:00:00,N10,,,,,,,23.765137,86.411054
2026-03-02 01:00:00,N10,,,,,,,23.765137,86.411054
2026-03-02 02:00:00,N10,,,,,,,23.765137,86.411054
2026-03-02 03:00:00,N10,0.1518,0.005663,5.95,0.003,0.000184,25.9,23.765137,86.411054
2026-03-02 04:00:00,N10,0.0806,0.007104,7.76,0.0031,9.3e-05,27.4,23.765137,86.411054
2026-03-02 05:00:00,N10,-0.0657,0.006144,6.7,0.0028,0.000163,29.2,23.765137,86.411054
2026-03-02 06:00:00,N10,-0.0854,0.006548,4.65,0.0028,0.000374,31.2,23.765137,86.411054
2026-03-02 07:00:00,N10,0.032,0.005085,5.82,0.0035,0.000248,33.1,23.765137,86.411054
2026-03-02 08:00:00,N10,-0.1119,0.006441,8.22,0.0033,0.000339,34.9,23.765137,86.411054
2026-03-02 09:00:00,N10,,,,,,,23.765137,86.411054
2026-03-02 10:00:00,N10,,,,,,,23.765137,86.411054
2026-03-02 11:00:00,N10,,,,,,,23.765137,86.411054
2026-03-02 12:00:00,N10,0.0259,0.828119,42.44,-0.0118,0.007233,38.7,23.765137,86.411054
2026-03-02 13:00:00,N10,-0.0515,0.676989,30.1,-0.0108,0.004643,38.4,23.765137,86.411054
2026-03-02 14:00:00,N10,-0.0961,0.569943,48.31,-0.0025,0.00787,37.7,23.765137,86.411054
2026-03-02 15:00:00,N10,0.0902,0.00514,3.48,0.0049,0.004051,36.5,23.765137,86.411054
2026-03-02 16:00:00,N10,-0.2802,0.007187,8.85,0.0056,0.003643,34.9,23.765137,86.411054
2026-03-02 17:00:00,N10,0.2311,0.707806,39.06,-0.0023,0.000964,33.1,23.765137,86.411054
2026-03-02 18:00:00,N10,0.0313,0.006418,4.14,0.0076,0.005072,31.2,23.765137,86.411054
2026-03-02 19:00:00,N10,0.0351,0.006438,1.58,0.0078,0.000166,29.2,23.765137,86.411054
2026-03-02 20:00:00,N10,-0.1147,0.007575,1.1,0.0072,0.000723,27.4,23.765137,86.411054
2026-03-02 21:00:00,N10,,,,,,,23.765137,86.411054
2026-03-02 22:00:00,N10,,,,,,,23.765137,86.411054
2026-03-02 23:00:00,N10,,,,,,,23.765137,86.411054
2026-03-03 00:00:00,N10,,,,,,,23.765137,86.411054
2026-03-03 01:00:00,N10,,,,,,,23.765137,86.411054
2026-03-03 02:00:00,N10,-0.1318,0.007086,4.78,0.004,0.000378,24.8,23.765137,86.411054
2026-03-03 03:00:00,N10,-0.0583,0.007729,8.95,0.004,0.000322,26.0,23.765137,86.411054
2026-03-03 04:00:00,N10,-0.0477,0.006672,7.62,0.0034,0.000847,27.5,23.765137,86.411054
2026-03-03 05:00:00,N10,,,,,,,23.765137,86.411054
2026-03-03 06:00:00,N10,,,,,,,23.765137,86.411054
2026-03-03 07:00:00,N10,0.0152,0.006575,1.92,0.0038,0.006162,33.2,23.765137,86.411054
2026-03-03 08:00:00,N10,0.0704,0.005682,9.02,0.003,0.000655,35.0,23.765137,86.411054
2026-03-03 09:00:00,N10,0.1117,0.00645,4.53,0.0025,0.000305,36.6,23.765137,86.411054
2026-03-03 10:00:00,N10,0.2797,0.007452,6.41,0.0024,0.00012,37.8,23.765137,86.411054
2026-03-03 11:00:00,N10,0.09,0.010165,9.95,0.0028,0.000348,38.5,23.765137,86.411054
2026-03-03 12:00:00,N10,,,,,,,23.765137,86.411054
2026-03-03 13:00:00,N10,,,,,,,23.765137,86.411054
2026-03-03 14:00:00,N10,,,,,,,23.765137,86.411054
2026-03-03 15:00:00,N10,,,,,,,23.765137,86.411054
2026-03-03 16:00:00,N10,,,,,,,23.765137,86.411054
2026-03-03 17:00:00,N10,,,,,,,23.765137,86.411054
2026-03-03 18:00:00,N10,,,,,,,23.765137,86.411054
2026-03-03 19:00:00,N10,,,,,,,23.765137,86.411054
2026-03-03 20:00:00,N10,-0.3619,0.005187,4.47,0.0024,0.000294,27.5,23.765137,86.411054
2026-03-03 21:00:00,N10,-0.0548,0.006085,6.89,0.0022,0.000221,26.0,23.765137,86.411054
2026-03-03 22:00:00,N10,-0.0895,0.005234,9.96,0.002,5.2e-05,24.8,23.765137,86.411054
2026-03-03 23:00:00,N10,0.074,0.008722,7.92,0.0023,0.000158,24.0,23.765137,86.411054
2026-03-04 00:00:00,N10,-0.0768,0.005575,8.9,0.0023,0.000251,22.9,23.765137,86.411054
2026-03-04 01:00:00,N10,-0.0813,0.005036,7.88,0.0018,0.00026,23.2,23.765137,86.411054
2026-03-04 02:00:00,N10,-0.0542,0.006913,1.3,0.0018,4.8e-05,23.9,23.765137,86.411054
2026-03-04 03:00:00,N10,0.0496,0.005337,9.13,0.0017,0.000232,25.1,23.765137,86.411054
2026-03-04 04:00:00,N10,-0.2957,0.005397,2.42,0.0013,0.000457,26.7,23.765137,86.411054
2026-03-04 05:00:00,N10,-0.2067,0.007901,1.73,0.0008,0.000207,28.5,23.765137,86.411054
2026-03-04 06:00:00,N10,-0.0587,0.005547,1.55,0.0017,0.006616,30.4,23.765137,86.411054
2026-03-04 07:00:00,N10,-0.1023,0.731282,26.59,0.014,0.006506,32.4,23.765137,86.411054
2026-03-04 08:00:00,N10,0.018,0.817358,35.41,0.0148,0.005938,34.2,23.765137,86.411054
2026-03-04 09:00:00,N10,-0.2407,0.00555,9.43,0.0022,0.006726,35.7,23.765137,86.411054
2026-03-04 10:00:00,N10,0.0871,0.005623,6.14,0.0013,0.004637,36.9,23.765137,86.411054
2026-03-04 11:00:00,N10,,,,,,,23.765137,86.411054
2026-03-04 12:00:00,N10,,,,,,,23.765137,86.411054
2026-03-04 13:00:00,N10,,,,,,,23.765137,86.411054
2026-03-04 14:00:00,N10,,,,,,,23.765137,86.411054
2026-03-04 15:00:00,N10,,,,,,,23.765137,86.411054
2026-03-04 16:00:00,N10,0.07,0.006653,7.64,0.0027,0.000533,34.2,23.765137,86.411054
2026-03-04 17:00:00,N10,0.1893,0.005668,2.78,0.004,0.000701,32.4,23.765137,86.411054
2026-03-04 18:00:00,N10,-0.1384,0.006283,7.02,0.0041,0.000219,30.4,23.765137,86.411054
2026-03-04 19:00:00,N10,-0.1207,0.006339,2.33,0.0035,0.000431,28.5,23.765137,86.411054
2026-03-04 20:00:00,N10,0.2177,0.00685,2.88,0.0033,0.000438,26.7,23.765137,86.411054
2026-03-04 21:00:00,N10,-0.2221,0.008305,8.65,0.0026,0.000574,25.1,23.765137,86.411054
2026-03-04 22:00:00,N10,-0.347,0.005984,7.26,0.0021,0.000413,23.9,23.765137,86.411054
2026-03-04 23:00:00,N10,,,,,,,23.765137,86.411054
2026-03-05 00:00:00,N10,-0.0863,0.008282,8.64,0.0017,5e-05,24.4,23.765137,86.411054
2026-03-05 01:00:00,N10,-0.1498,0.005223,7.85,0.0019,1e-06,24.6,23.765137,86.411054
2026-03-05 02:00:00,N10,-0.0209,0.007017,6.8,0.0017,0.000405,25.4,23.765137,86.411054
2026-03-05 03:00:00,N10,-0.0491,0.005873,2.33,0.0011,0.000365,26.6,23.765137,86.411054
2026-03-05 04:00:00,N10,-0.2046,0.005411,2.64,0.001,2.6e-05,28.1,23.765137,86.411054
2026-03-05 05:00:00,N10,-0.2142,0.007592,1.3,0.0012,0.000197,30.0,23.765137,86.411054
2026-03-05 06:00:00,N10,0.0284,0.005943,2.17,0.0014,7.2e-05,31.9,23.765137,86.411054
2026-03-05 07:00:00,N10,-0.0133,0.00695,1.03,0.0013,0.007336,33.8,23.765137,86.411054
2026-03-05 08:00:00,N10,-0.0777,0.777073,46.03,0.0161,0.007342,35.6,23.765137,86.411054
2026-03-05 09:00:00,N10,-0.0792,0.860766,32.05,0.016,0.000367,37.2,23.765137,86.411054
2026-03-05 10:00:00,N10,-0.0312,0.534729,49.36,0.0153,0.000402,38.4,23.765137,86.411054
2026-03-05 11:00:00,N10,0.0233,0.79448,25.69,0.0152,0.006813,39.1,23.765137,86.411054
2026-03-05 12:00:00,N10,0.0046,0.008359,9.19,0.0017,0.006186,39.4,23.765137,86.411054
2026-03-05 13:00:00,N10,0.0186,0.005841,9.28,0.0028,0.001197,39.1,23.765137,86.411054
2026-03-05 14:00:00,N10,,,,,,,23.765137,86.411054
2026-03-05 15:00:00,N10,,,,,,,23.765137,86.411054
2026-03-05 16:00:00,N10,,,,,,,23.765137,86.411054
2026-03-05 17:00:00,N10,0.1626,0.543748,40.93,-0.0036,0.006244,33.8,23.765137,86.411054
2026-03-05 18:00:00,N10,-0.1945,0.006227,3.79,0.0078,0.005932,31.9,23.765137,86.411054
2026-03-05 19:00:00,N10,-0.3266,0.005695,5.53,0.0083,0.000533,30.0,23.765137,86.411054
2026-03-05 20:00:00,N10,0.022,0.007238,6.59,0.0089,0.000877,28.1,23.765137,86.411054
2026-03-05 21:00:00,N10,0.1929,0.009859,5.91,0.01,0.000716,26.6,23.765137,86.411054
2026-03-05 22:00:00,N10,-0.3157,0.006154,1.04,0.0103,0.000452,25.4,23.765137,86.411054
2026-03-05 23:00:00,N10,0.3486,0.00919,1.72,0.0109,0.000648,24.6,23.765137,86.411054
2026-03-06 00:00:00,N10,0.1985,0.006679,9.51,0.0116,0.000628,27.6,23.765137,86.411054
2026-03-06 01:00:00,N10,-0.0127,0.00559,9.94,0.0122,0.000634,27.9,23.765137,86.411054
2026-03-06 02:00:00,N10,,,,,,,23.765137,86.411054
2026-03-06 03:00:00,N10,0.0032,0.008052,3.3,0.0131,0.000376,29.8,23.765137,86.411054
2026-03-06 04:00:00,N10,0.3494,0.005636,6.19,0.0136,0.000454,31.4,23.765137,86.411054
2026-03-06 05:00:00,N10,0.1274,0.005967,8.06,0.014,0.000613,33.2,23.765137,86.411054
2026-03-06 06:00:00,N10,-0.0964,0.005142,4.94,0.0148,0.000485,35.1,23.765137,86.411054
2026-03-06 07:00:00,N10,,,,,,,23.765137,86.411054
2026-03-06 08:00:00,N10,,,,,,,23.765137,86.411054
2026-03-06 09:00:00,N10,0.0613,0.005161,6.61,0.0159,0.000978,40.4,23.765137,86.411054
2026-03-06 10:00:00,N10,0.0885,0.005973,9.52,0.017,0.000889,41.6,23.765137,86.411054
2026-03-06 11:00:00,N10,0.4529,0.00624,1.17,0.0177,0.004129,42.4,23.765137,86.411054
2026-03-06 12:00:00,N10,0.0432,0.824113,19.95,0.0252,6.3e-05,42.6,23.765137,86.411054
2026-03-06 13:00:00,N10,0.1838,0.006493,2.72,0.0175,0.003572,42.4,23.765137,86.411054
2026-03-06 14:00:00,N10,0.2634,0.008904,6.71,0.0181,0.000799,41.6,23.765137,86.411054
2026-03-06 15:00:00,N10,-0.1362,0.006838,7.96,0.0191,0.000987,40.4,23.765137,86.411054
2026-03-06 16:00:00,N10,-0.0374,0.008521,9.39,0.0201,0.000783,38.9,23.765137,86.411054
2026-03-06 17:00:00,N10,0.3641,0.00616,2.9,0.0207,0.000341,37.1,23.765137,86.411054
2026-03-06 18:00:00,N10,-0.1899,0.005876,6.86,0.0207,0.000143,35.1,23.765137,86.411054
2026-03-06 19:00:00,N10,-0.0071,0.005514,5.07,0.021,0.000527,33.2,23.765137,86.411054
2026-03-06 20:00:00,N10,0.0758,0.007077,2.07,0.0218,0.000332,31.4,23.765137,86.411054
2026-03-06 21:00:00,N10,-0.454,0.006389,4.39,0.0216,0.000149,29.8,23.765137,86.411054
2026-03-06 22:00:00,N10,-0.2009,0.005742,1.88,0.0221,0.000379,28.6,23.765137,86.411054
2026-03-06 23:00:00,N10,0.1519,0.006542,9.09,0.0224,0.000638,27.9,23.765137,86.411054
2026-03-07 00:00:00,N10,-0.2538,0.00738,3.11,0.0234,0.000639,24.1,23.765137,86.411054
2026-03-07 01:00:00,N10,-0.0606,0.005023,5.75,0.0237,3.6e-05,24.4,23.765137,86.411054
2026-03-07 02:00:00,N10,0.0569,0.00584,2.11,0.0234,0.000174,25.1,23.765137,86.411054
2026-03-07 03:00:00,N10,0.0398,0.007291,7.67,0.0233,4.8e-05,26.3,23.765137,86.411054
2026-03-07 04:00:00,N10,0.0294,0.005792,6.16,0.0235,0.000127,27.9,23.765137,86.411054
2026-03-07 05:00:00,N10,0.0977,0.007256,3.37,0.0231,0.000149,29.7,23.765137,86.411054
2026-03-07 06:00:00,N10,0.2778,0.007017,8.2,0.0232,0.000298,31.6,23.765137,86.411054
2026-03-07 07:00:00,N10,0.1597,0.005244,7.37,0.0225,6.1e-05,33.6,23.765137,86.411054
2026-03-07 08:00:00,N10,0.2779,0.00701,4.35,0.0231,0.000411,35.4,23.765137,86.411054
2026-03-07 09:00:00,N10,0.2805,0.007348,3.53,0.0233,5.2e-05,36.9,23.765137,86.411054
2026-03-07 10:00:00,N10,-0.1149,0.006394,2.52,0.023,0.00068,38.1,23.765137,86.411054
2026-03-07 11:00:00,N10,-0.0003,0.007464,9.06,0.0219,0.000141,38.9,23.765137,86.411054
2026-03-07 12:00:00,N10,0.1776,0.005435,4.01,0.0227,0.008991,39.1,23.765137,86.411054
2026-03-07 13:00:00,N10,-0.0608,0.543189,45.72,0.0399,0.000454,38.9,23.765137,86.411054
2026-03-07 14:00:00,N10,0.174,0.005603,8.73,0.0236,0.008015,38.1,23.765137,86.411054
2026-03-07 15:00:00,N10,0.0954,0.006337,5.17,0.0239,0.000366,36.9,23.765137,86.411054
2026-03-07 16:00:00,N10,-0.0803,0.005068,6.22,0.0244,0.009934,35.4,23.765137,86.411054
2026-03-07 17:00:00,N10,-0.1025,0.55617,31.04,0.0438,0.0,33.6,23.765137,86.411054
2026-03-07 18:00:00,N10,-0.0542,0.007939,2.1,0.0244,0.009687,31.6,23.765137,86.411054
2026-03-07 19:00:00,N10,-0.1354,0.005526,6.01,0.0244,0.000617,29.7,23.765137,86.411054
2026-03-07 20:00:00,N10,0.0076,0.007445,9.09,0.0256,0.000287,27.9,23.765137,86.411054
2026-03-07 21:00:00,N10,-0.0525,0.005549,4.08,0.025,0.00018,26.3,23.765137,86.411054
2026-03-07 22:00:00,N10,-0.1412,0.006214,1.22,0.0252,2.3e-05,25.1,23.765137,86.411054
2026-03-07 23:00:00,N10,-0.4803,0.005521,8.85,0.0249,0.000479,24.4,23.765137,86.411054
2026-03-08 00:00:00,N10,0.2532,0.00955,1.96,0.0243,0.000298,27.9,23.765137,86.411054
2026-03-08 01:00:00,N10,0.1845,0.005463,7.77,0.0243,0.000312,28.2,23.765137,86.411054
2026-03-08 02:00:00,N10,-0.202,0.005879,7.17,0.0237,0.000456,28.9,23.765137,86.411054
2026-03-08 03:00:00,N10,0.3283,0.00549,8.87,0.0234,0.00061,30.1,23.765137,86.411054
2026-03-08 04:00:00,N10,-0.1167,0.005759,9.43,0.0224,0.00048,31.7,23.765137,86.411054
2026-03-08 05:00:00,N10,0.2499,0.006121,3.18,0.0224,0.000174,33.5,23.765137,86.411054
2026-03-08 06:00:00,N10,0.3233,0.005281,8.61,0.0221,0.004216,35.4,23.765137,86.411054
2026-03-08 07:00:00,N10,0.1272,0.612943,31.06,0.0309,0.004161,37.4,23.765137,86.411054
2026-03-08 08:00:00,N10,,,,,,,23.765137,86.411054
2026-03-08 09:00:00,N10,,,,,,,23.765137,86.411054
2026-03-08 10:00:00,N10,,,,,,,23.765137,86.411054
2026-03-08 11:00:00,N10,,,,,,,23.765137,86.411054
2026-03-08 12:00:00,N10,,,,,,,23.765137,86.411054
2026-03-08 13:00:00,N10,0.3288,0.005834,1.93,0.0193,5.6e-05,42.7,23.765137,86.411054
2026-03-08 14:00:00,N10,-0.0213,0.006855,8.76,0.0201,0.009116,41.9,23.765137,86.411054
2026-03-08 15:00:00,N10,-0.1124,0.795996,31.95,0.0376,0.008815,40.7,23.765137,86.411054
2026-03-08 16:00:00,N10,0.0968,0.607109,27.35,0.0377,0.008923,39.2,23.765137,86.411054
2026-03-08 17:00:00,N10,-0.0282,0.008269,5.61,0.0197,0.00903,37.4,23.765137,86.411054
2026-03-08 18:00:00,N10,-0.1968,0.005912,6.55,0.0196,7.7e-05,35.4,23.765137,86.411054
2026-03-08 19:00:00,N10,-0.0808,0.008908,6.51,0.0196,0.000418,33.5,23.765137,86.411054
2026-03-08 20:00:00,N10,,,,,,,23.765137,86.411054
2026-03-08 21:00:00,N10,,,,,,,23.765137,86.411054
2026-03-08 22:00:00,N10,,,,,,,23.765137,86.411054
2026-03-08 23:00:00,N10,-0.0898,0.005549,4.22,0.018,4.9e-05,28.2,23.765137,86.411054
2026-03-09 00:00:00,N10,-0.2612,0.009185,4.34,0.0183,5e-06,28.4,23.765137,86.411054
2026-03-09 01:00:00,N10,-0.0875,0.006665,9.95,0.018,0.000488,28.7,23.765137,86.411054
2026-03-09 02:00:00,N10,0.0729,0.005597,7.04,0.0173,0.000353,29.4,23.765137,86.411054
2026-03-09 03:00:00,N10,0.025,0.006081,3.76,0.0173,5e-05,30.6,23.765137,86.411054
2026-03-09 04:00:00,N10,0.1385,0.005924,2.25,0.0172,0.000136,32.2,23.765137,86.411054
2026-03-09 05:00:00,N10,-0.0501,0.006909,6.41,0.0176,0.006061,34.0,23.765137,86.411054
2026-03-09 06:00:00,N10,0.0691,0.703419,38.24,0.0293,0.005482,35.9,23.765137,86.411054
2026-03-09 07:00:00,N10,-0.188,0.762936,25.97,0.0286,0.006203,37.9,23.765137,86.411054
2026-03-09 08:00:00,N10,0.1507,0.00561,5.31,0.0169,0.005883,39.7,23.765137,86.411054
2026-03-09 09:00:00,N10,0.2639,0.005312,9.13,0.0168,4.6e-05,41.2,23.765137,86.411054
2026-03-09 10:00:00,N10,-0.0486,0.007573,7.46,0.017,0.000242,42.4,23.765137,86.411054
2026-03-09 11:00:00,N10,0.1083,0.008395,8.88,0.0173,1.3e-05,43.2,23.765137,86.411054
2026-03-09 12:00:00,N10,0.0602,0.005905,5.85,0.017,0.000141,43.4,23.765137,86.411054
2026-03-09 13:00:00,N10,,,,,,,23.765137,86.411054
2026-03-09 14:00:00,N10,,,,,,,23.765137,86.411054
2026-03-09 15:00:00,N10,,,,,,,23.765137,86.411054
2026-03-09 16:00:00,N10,,,,,,,23.765137,86.411054
2026-03-09 17:00:00,N10,,,,,,,23.765137,86.411054
2026-03-09 18:00:00,N10,-0.0318,0.005487,4.79,0.0157,0.000468,35.9,23.765137,86.411054
2026-03-09 19:00:00,N10,-0.2498,0.007598,1.82,0.0155,3.2e-05,34.0,23.765137,86.411054
2026-03-09 20:00:00,N10,-0.1776,0.007556,8.5,0.0157,2.6e-05,32.2,23.765137,86.411054
2026-03-09 21:00:00,N10,-0.0972,0.005731,4.73,0.0156,7.2e-05,30.6,23.765137,86.411054
2026-03-09 22:00:00,N10,-0.0295,0.00712,5.68,0.0159,9.4e-05,29.4,23.765137,86.411054
2026-03-09 23:00:00,N10,0.0241,0.005853,3.68,0.0154,0.00055,28.7,23.765137,86.411054
2026-03-10 00:00:00,N10,-0.0353,0.006191,7.14,0.0148,3.4e-05,24.6,23.765137,86.411054
2026-03-10 01:00:00,N10,-0.001,0.00558,4.61,0.0153,0.000488,24.8,23.765137,86.411054
2026-03-10 02:00:00,N10,-0.0285,0.005943,8.86,0.0157,0.000225,25.6,23.765137,86.411054
2026-03-10 03:00:00,N10,0.0405,0.005574,2.35,0.0149,0.000419,26.8,23.765137,86.411054
2026-03-10 04:00:00,N10,-0.0717,0.007472,3.55,0.0149,0.000186,28.3,23.765137,86.411054
2026-03-10 05:00:00,N10,-0.1233,0.005985,9.01,0.0153,0.000294,30.1,23.765137,86.411054
2026-03-10 06:00:00,N10,0.0229,0.005285,3.5,0.0143,7.7e-05,32.1,23.765137,86.411054
2026-03-10 07:00:00,N10,-0.1952,0.007063,6.85,0.0154,0.000642,34.0,23.765137,86.411054
2026-03-10 08:00:00,N10,0.0311,0.005494,2.45,0.0156,0.008167,35.8,23.765137,86.411054
2026-03-10 09:00:00,N10,0.22,0.909396,30.92,0.0318,0.008398,37.4,23.765137,86.411054
2026-03-10 10:00:00,N10,,,,,,,23.765137,86.411054
2026-03-10 11:00:00,N10,,,,,,,23.765137,86.411054
2026-03-10 12:00:00,N10,,,,,,,23.765137,86.411054
2026-03-10 13:00:00,N10,-0.0724,0.006645,9.4,0.0171,4.1e-05,39.3,23.765137,86.411054
2026-03-10 14:00:00,N10,0.0995,0.008365,4.08,0.0173,9e-05,38.6,23.765137,86.411054
2026-03-10 15:00:00,N10,0.0031,0.006668,4.75,0.0169,0.000604,37.4,23.765137,86.411054
2026-03-10 16:00:00,N10,0.1499,0.006087,7.47,0.0161,0.000127,35.8,23.765137,86.411054
2026-03-10 17:00:00,N10,-0.0489,0.006083,3.99,0.0166,0.000354,34.0,23.765137,86.411054
2026-03-10 18:00:00,N10,,,,,,,23.765137,86.411054
2026-03-10 19:00:00,N10,,,,,,,23.765137,86.411054
2026-03-10 20:00:00,N10,-0.1354,0.005218,4.23,0.0163,0.00016,28.3,23.765137,86.411054
2026-03-10 21:00:00,N10,-0.201,0.006456,1.97,0.0168,0.00077,26.8,23.765137,86.411054
2026-03-10 22:00:00,N10,-0.0015,0.006068,4.74,0.0179,6.1e-05,25.6,23.765137,86.411054
2026-03-10 23:00:00,N10,-0.1439,0.005982,7.97,0.0166,0.000937,24.8,23.765137,86.411054
2026-03-11 00:00:00,N10,0.0027,0.00594,7.61,0.016,0.000488,24.7,23.765137,86.411054
2026-03-11 01:00:00,N10,0.2043,0.005791,1.44,0.0157,0.00018,25.0,23.765137,86.411054
2026-03-11 02:00:00,N10,,,,,,,23.765137,86.411054
2026-03-11 03:00:00,N10,,,,,,,23.765137,86.411054
2026-03-11 04:00:00,N10,0.1723,0.006967,9.1,0.0159,1e-06,28.5,23.765137,86.411054
2026-03-11 05:00:00,N10,,,,,,,23.765137,86.411054
2026-03-11 06:00:00,N10,,,,,,,23.765137,86.411054
2026-03-11 07:00:00,N10,,,,,,,23.765137,86.411054
2026-03-11 08:00:00,N10,,,,,,,23.765137,86.411054
2026-03-11 09:00:00,N10,,,,,,,23.765137,86.411054
2026-03-11 10:00:00,N10,-0.0934,0.781049,34.19,0.0098,0.000178,38.7,23.765137,86.411054
2026-03-11 11:00:00,N10,,,,,,,23.765137,86.411054
2026-03-11 12:00:00,N10,,,,,,,23.765137,86.411054
2026-03-11 13:00:00,N10,,,,,,,23.765137,86.411054
2026-03-11 14:00:00,N10,,,,,,,23.765137,86.411054
2026-03-11 15:00:00,N10,0.21,0.601577,20.61,0.0038,0.006381,37.5,23.765137,86.411054
2026-03-11 16:00:00,N10,0.1614,0.577703,18.9,0.0035,0.005778,36.0,23.765137,86.411054
2026-03-11 17:00:00,N10,0.3606,0.005114,6.68,0.0154,0.005907,34.1,23.765137,86.411054
2026-03-11 18:00:00,N10,-0.0625,0.007452,9.55,0.0153,8.6e-05,32.2,23.765137,86.411054
2026-03-11 19:00:00,N10,-0.3003,0.006157,3.53,0.0155,0.000291,30.3,23.765137,86.411054
2026-03-11 20:00:00,N10,-0.0745,0.005831,2.41,0.0159,0.000136,28.5,23.765137,86.411054
2026-03-11 21:00:00,N10,0.1004,0.006902,7.04,0.0158,0.000514,26.9,23.765137,86.411054
2026-03-11 22:00:00,N10,0.1722,0.005571,1.55,0.0148,0.000465,25.7,23.765137,86.411054
2026-03-11 23:00:00,N10,0.1144,0.006185,7.98,0.0149,9.3e-05,25.0,23.765137,86.411054
2026-03-12 00:00:00,N10,-0.029,0.007571,4.29,0.015,0.000157,24.0,23.765137,86.411054
2026-03-12 01:00:00,N10,-0.0197,0.006866,7.0,0.0146,0.000151,24.2,23.765137,86.411054
2026-03-12 02:00:00,N10,-0.2245,0.005453,9.45,0.0147,0.000621,25.0,23.765137,86.411054
2026-03-12 03:00:00,N10,0.2796,0.006952,4.85,0.0158,0.000211,26.2,23.765137,86.411054
2026-03-12 04:00:00,N10,,,,,,,23.765137,86.411054
2026-03-12 05:00:00,N10,,,,,,,23.765137,86.411054
2026-03-12 06:00:00,N10,,,,,,,23.765137,86.411054
2026-03-12 07:00:00,N10,,,,,,,23.765137,86.411054
2026-03-12 08:00:00,N10,-0.13,0.005299,7.4,0.0143,0.000624,35.2,23.765137,86.411054
2026-03-12 09:00:00,N10,-0.0009,0.005676,1.27,0.0139,0.000363,36.8,23.765137,86.411054
2026-03-12 10:00:00,N10,0.0473,0.005294,1.23,0.0136,0.008912,38.0,23.765137,86.411054
2026-03-12 11:00:00,N10,0.0593,0.70912,19.35,-0.0039,0.000267,38.7,23.765137,86.411054
2026-03-12 12:00:00,N10,0.1527,0.00773,6.36,0.0141,0.008236,39.0,23.765137,86.411054
2026-03-12 13:00:00,N10,0.0599,0.006797,6.78,0.0125,0.000588,38.7,23.765137,86.411054
2026-03-12 14:00:00,N10,-0.0022,0.006101,1.78,0.0129,0.000175,38.0,23.765137,86.411054
2026-03-12 15:00:00,N10,0.2003,0.005404,5.6,0.0129,0.000306,36.8,23.765137,86.411054
2026-03-12 16:00:00,N10,-0.075,0.005609,4.0,0.0123,0.009033,35.2,23.765137,86.411054
2026-03-12 17:00:00,N10,,,,,,,23.765137,86.411054
2026-03-12 18:00:00,N10,,,,,,,23.765137,86.411054
2026-03-12 19:00:00,N10,,,,,,,23.765137,86.411054
2026-03-12 20:00:00,N10,,,,,,,23.765137,86.411054
2026-03-12 21:00:00,N10,0.1841,0.005658,6.01,0.0048,0.003852,26.2,23.765137,86.411054
2026-03-12 22:00:00,N10,-0.2196,0.006257,1.68,0.0049,0.00022,25.0,23.765137,86.411054
2026-03-12 23:00:00,N10,-0.1256,0.006705,9.56,0.0044,0.000153,24.2,23.765137,86.411054
2026-03-13 00:00:00,N10,-0.0609,0.006238,5.34,0.0052,0.00029,24.5,23.765137,86.411054
2026-03-13 01:00:00,N10,0.0967,0.00737,7.42,0.005,6.2e-05,24.7,23.765137,86.411054
2026-03-13 02:00:00,N10,0.0549,0.005704,8.57,0.0051,0.000165,25.5,23.765137,86.411054
2026-03-13 03:00:00,N10,0.096,0.005112,6.23,0.0053,0.000163,26.7,23.765137,86.411054
2026-03-13 04:00:00,N10,0.0621,0.005888,1.39,0.0054,0.000616,28.2,23.765137,86.411054
2026-03-13 05:00:00,N10,-0.037,0.005736,4.72,0.0041,0.001103,30.0,23.765137,86.411054
2026-03-13 06:00:00,N10,0.1663,0.006071,7.9,0.0032,0.000382,32.0,23.765137,86.411054
2026-03-13 07:00:00,N10,-0.1,0.005741,3.03,0.0033,9e-05,33.9,23.765137,86.411054
2026-03-13 08:00:00,N10,-0.2845,0.006287,2.04,0.0034,0.000117,35.7,23.765137,86.411054
2026-03-13 09:00:00,N10,0.0015,0.006544,9.48,0.0031,0.000299,37.3,23.765137,86.411054
2026-03-13 10:00:00,N10,-0.0399,0.005164,9.65,0.004,0.006922,38.5,23.765137,86.411054
2026-03-13 11:00:00,N10,0.2674,0.84989,40.57,-0.0108,0.007177,39.2,23.765137,86.411054
2026-03-13 12:00:00,N10,-0.0213,0.73322,19.76,-0.0104,0.001729,39.5,23.765137,86.411054
2026-03-13 13:00:00,N10,0.1626,0.831949,42.13,-0.0142,0.007515,39.2,23.765137,86.411054
2026-03-13 14:00:00,N10,0.1213,0.005759,2.02,0.0046,0.009539,38.5,23.765137,86.411054
2026-03-13 15:00:00,N10,-0.1516,0.006684,5.07,0.0048,5.5e-05,37.3,23.765137,86.411054
2026-03-13 16:00:00,N10,-0.0842,0.007688,1.13,0.0048,0.00032,35.7,23.765137,86.411054
2026-03-13 17:00:00,N10,0.0197,0.005388,8.27,0.0042,0.00032,33.9,23.765137,86.411054
2026-03-13 18:00:00,N10,-0.2632,0.008345,8.81,0.0041,4.3e-05,32.0,23.765137,86.411054
2026-03-13 19:00:00,N10,-0.3183,0.005284,4.69,0.0041,0.000125,30.0,23.765137,86.411054
2026-03-13 20:00:00,N10,-0.1321,0.006114,6.08,0.0044,0.000486,28.2,23.765137,86.411054
2026-03-13 21:00:00,N10,0.2506,0.005235,7.11,0.0051,0.000188,26.7,23.765137,86.411054
2026-03-13 22:00:00,N10,-0.1779,0.005874,6.38,0.0047,0.000562,25.5,23.765137,86.411054
2026-03-13 23:00:00,N10,0.0193,0.005416,5.97,0.004,0.000597,24.7,23.765137,86.411054
2026-03-14 00:00:00,N10,0.1715,0.00527,1.14,0.0035,0.000221,24.4,23.765137,86.411054
2026-03-14 01:00:00,N10,0.0023,0.007593,7.51,0.0035,8.9e-05,24.6,23.765137,86.411054
2026-03-14 02:00:00,N10,0.3513,0.007176,1.24,0.0037,0.00026,25.4,23.765137,86.411054
2026-03-14 03:00:00,N10,-0.3061,0.008209,1.31,0.004,0.000361,26.6,23.765137,86.411054
2026-03-14 04:00:00,N10,0.0928,0.007959,3.34,0.0044,0.000127,28.1,23.765137,86.411054
2026-03-14 05:00:00,N10,,,,,,,23.765137,86.411054
2026-03-14 06:00:00,N10,,,,,,,23.765137,86.411054
2026-03-14 07:00:00,N10,,,,,,,23.765137,86.411054
2026-03-14 08:00:00,N10,,,,,,,23.765137,86.411054
2026-03-14 09:00:00,N10,0.1431,0.00587,5.19,0.0073,0.000333,37.2,23.765137,86.411054
2026-03-14 10:00:00,N10,0.0555,0.00757,9.04,0.0069,0.009149,38.4,23.765137,86.411054
2026-03-14 11:00:00,N10,-0.0601,0.785662,31.99,-0.011,0.009132,39.1,23.765137,86.411054
2026-03-14 12:00:00,N10,0.0383,0.588107,31.46,-0.0113,0.008038,39.4,23.765137,86.411054
2026-03-14 13:00:00,N10,0.1191,0.005893,3.35,0.005,0.008151,39.1,23.765137,86.411054
2026-03-14 14:00:00,N10,-0.1854,0.007629,2.33,0.005,0.000117,38.4,23.765137,86.411054
2026-03-14 15:00:00,N10,0.088,0.005164,8.12,0.0053,0.000163,37.2,23.765137,86.411054
2026-03-14 16:00:00,N10,-0.183,0.005652,9.5,0.0053,0.000225,35.6,23.765137,86.411054
2026-03-14 17:00:00,N10,-0.1623,0.007819,2.1,0.0048,0.000185,33.8,23.765137,86.411054
2026-03-14 18:00:00,N10,-0.2768,0.006585,7.19,0.0049,0.00051,31.9,23.765137,86.411054
2026-03-14 19:00:00,N10,0.0194,0.005742,8.29,0.0058,0.000804,29.9,23.765137,86.411054
2026-03-14 20:00:00,N10,0.0863,0.005695,8.7,0.0065,0.000823,28.1,23.765137,86.411054
2026-03-14 21:00:00,N10,-0.1493,0.006441,7.74,0.0075,0.000543,26.6,23.765137,86.411054
2026-03-14 22:00:00,N10,-0.2498,0.006212,9.08,0.0076,0.000329,25.4,23.765137,86.411054
2026-03-14 23:00:00,N10,0.3567,0.006866,7.73,0.0068,0.000248,24.6,23.765137,86.411054
2026-03-15 00:00:00,N10,-0.1409,0.007878,2.53,0.0071,0.000314,25.0,23.765137,86.411054
2026-03-15 01:00:00,N10,-0.1174,0.005694,9.81,0.0075,3e-06,25.2,23.765137,86.411054
2026-03-15 02:00:00,N10,-0.2871,0.005687,3.04,0.0071,2.3e-05,26.0,23.765137,86.411054
2026-03-15 03:00:00,N10,0.1177,0.007866,2.49,0.0075,0.00028,27.2,23.765137,86.411054
2026-03-15 04:00:00,N10,-0.0319,0.007221,7.25,0.0077,0.000101,28.7,23.765137,86.411054
2026-03-15 05:00:00,N10,-0.0101,0.006104,4.5,0.0077,0.004517,30.5,23.765137,86.411054
2026-03-15 06:00:00,N10,-0.0079,0.738158,16.33,0.0167,0.015784,32.5,23.765137,86.411054
2026-03-15 07:00:00,N10,0.0266,0.668705,32.1,-0.0239,0.012312,34.4,23.765137,86.411054
2026-03-15 08:00:00,N10,-0.2894,0.504327,20.83,-0.0079,0.015583,36.2,23.765137,86.411054
2026-03-15 09:00:00,N10,-0.1193,0.006371,3.63,0.0073,0.007423,37.8,23.765137,86.411054
2026-03-15 10:00:00,N10,-0.1207,0.005248,1.94,0.0069,6.3e-05,39.0,23.765137,86.411054
2026-03-15 11:00:00,N10,0.1474,0.009225,5.52,0.0074,0.000192,39.7,23.765137,86.411054
2026-03-15 12:00:00,N10,0.1575,0.007812,2.57,0.0065,1.3e-05,40.0,23.765137,86.411054
2026-03-15 13:00:00,N10,-0.16,0.00648,8.35,0.0074,0.000129,39.7,23.765137,86.411054
2026-03-15 14:00:00,N10,-0.1202,0.005294,9.87,0.0068,5.1e-05,39.0,23.765137,86.411054
2026-03-15 15:00:00,N10,0.2971,0.006305,3.41,0.0075,0.000496,37.8,23.765137,86.411054
2026-03-15 16:00:00,N10,-0.0201,0.007933,6.63,0.0078,0.000206,36.2,23.765137,86.411054
2026-03-15 17:00:00,N10,-0.3849,0.00609,7.24,0.0079,0.000191,34.4,23.765137,86.411054
2026-03-15 18:00:00,N10,0.0967,0.006398,6.03,0.0082,7.9e-05,32.5,23.765137,86.411054
2026-03-15 19:00:00,N10,-0.1336,0.005498,2.75,0.0081,0.000235,30.5,23.765137,86.411054
2026-03-15 20:00:00,N10,-0.1739,0.00853,6.94,0.0077,0.000145,28.7,23.765137,86.411054
2026-03-15 21:00:00,N10,0.0145,0.005929,5.24,0.0078,0.000186,27.2,23.765137,86.411054
2026-03-15 22:00:00,N10,0.0476,0.005083,8.94,0.0073,0.000722,26.0,23.765137,86.411054
2026-03-15 23:00:00,N10,0.3694,0.006872,8.86,0.0063,0.000849,25.2,23.765137,86.411054
2026-03-16 00:00:00,N10,0.1282,0.005315,8.0,0.0056,0.000341,27.2,23.765137,86.411054
2026-03-16 01:00:00,N10,0.1448,0.005446,3.7,0.0057,0.000443,27.4,23.765137,86.411054
2026-03-16 02:00:00,N10,0.0145,0.006062,5.37,0.0048,0.00051,28.2,23.765137,86.411054
2026-03-16 03:00:00,N10,-0.1403,0.008911,8.59,0.0046,5.4e-05,29.4,23.765137,86.411054
2026-03-16 04:00:00,N10,0.1237,0.005469,1.51,0.0046,4.3e-05,30.9,23.765137,86.411054
2026-03-16 05:00:00,N10,-0.0689,0.007216,2.98,0.0047,0.0002,32.7,23.765137,86.411054
2026-03-16 06:00:00,N10,0.0195,0.005308,7.47,0.005,0.000144,34.7,23.765137,86.411054
2026-03-16 07:00:00,N10,-0.2915,0.010052,4.91,0.005,5.3e-05,36.6,23.765137,86.411054
2026-03-16 08:00:00,N10,-0.0621,0.006044,4.81,0.0052,0.000119,38.4,23.765137,86.411054
2026-03-16 09:00:00,N10,-0.3705,0.006577,1.0,0.0048,0.003924,40.0,23.765137,86.411054
2026-03-16 10:00:00,N10,-0.0713,0.992312,33.65,-0.0027,0.003613,41.2,23.765137,86.411054
2026-03-16 11:00:00,N10,-0.0787,0.851873,40.37,-0.0025,0.001344,41.9,23.765137,86.411054
2026-03-16 12:00:00,N10,0.0238,0.689845,24.15,-0.0,0.003841,42.2,23.765137,86.411054
2026-03-16 13:00:00,N10,0.1422,0.007044,9.42,0.0052,0.006017,41.9,23.765137,86.411054
2026-03-16 14:00:00,N10,0.0823,0.997039,39.38,-0.012,0.009282,41.2,23.765137,86.411054
2026-03-16 15:00:00,N10,-0.1812,0.671638,43.63,-0.0133,0.007948,40.0,23.765137,86.411054
2026-03-16 16:00:00,N10,-0.2291,0.006092,4.65,0.0039,0.008911,38.4,23.765137,86.411054
2026-03-16 17:00:00,N10,-0.1161,0.005953,1.26,0.0045,0.000554,36.6,23.765137,86.411054
2026-03-16 18:00:00,N10,0.0459,0.006334,2.76,0.005,0.000203,34.7,23.765137,86.411054
2026-03-16 19:00:00,N10,-0.0905,0.006276,5.9,0.0049,8e-06,32.7,23.765137,86.411054
2026-03-16 20:00:00,N10,-0.2419,0.006887,4.0,0.0049,0.000121,30.9,23.765137,86.411054
2026-03-16 21:00:00,N10,,,,,,,23.765137,86.411054
2026-03-16 22:00:00,N10,,,,,,,23.765137,86.411054
2026-03-16 23:00:00,N10,-0.0919,0.005962,4.59,0.005,0.000146,27.4,23.765137,86.411054
2026-03-17 00:00:00,N10,0.2042,0.009779,5.41,0.0056,0.00024,25.7,23.765137,86.411054
2026-03-17 01:00:00,N10,,,,,,,23.765137,86.411054
2026-03-17 02:00:00,N10,,,,,,,23.765137,86.411054
2026-03-17 03:00:00,N10,-0.014,0.005475,9.17,0.0062,0.000305,27.9,23.765137,86.411054
2026-03-17 04:00:00,N10,-0.0289,0.005621,7.43,0.0065,0.000554,29.4,23.765137,86.411054
2026-03-17 05:00:00,N10,0.1558,0.005688,2.32,0.0073,1.6e-05,31.2,23.765137,86.411054
2026-03-17 06:00:00,N10,-0.0427,0.006561,2.37,0.0065,5e-05,33.2,23.765137,86.411054
2026-03-17 07:00:00,N10,-0.0675,0.008702,5.38,0.0072,0.000718,35.1,23.765137,86.411054
2026-03-17 08:00:00,N10,-0.0986,0.777906,49.43,0.008,0.000641,36.9,23.765137,86.411054
2026-03-17 09:00:00,N10,0.0821,0.950962,28.3,0.0084,0.004474,38.5,23.765137,86.411054
2026-03-17 10:00:00,N10,-0.0036,0.933427,24.87,0.0169,0.004272,39.7,23.765137,86.411054
2026-03-17 11:00:00,N10,-0.1648,0.842547,45.02,0.017,0.005211,40.4,23.765137,86.411054
2026-03-17 12:00:00,N10,-0.094,0.00688,8.25,0.0065,0.005413,40.7,23.765137,86.411054
2026-03-17 13:00:00,N10,0.1354,0.006065,7.19,0.0062,0.000282,40.4,23.765137,86.411054
2026-03-17 14:00:00,N10,,,,,,,23.765137,86.411054
2026-03-17 15:00:00,N10,,,,,,,23.765137,86.411054
2026-03-17 16:00:00,N10,,,,,,,23.765137,86.411054
2026-03-17 17:00:00,N10,,,,,,,23.765137,86.411054
2026-03-17 18:00:00,N10,,,,,,,23.765137,86.411054
2026-03-17 19:00:00,N10,0.0384,0.00521,2.64,0.0068,9.7e-05,31.2,23.765137,86.411054
2026-03-17 20:00:00,N10,-0.2668,0.00591,6.47,0.0069,3.1e-05,29.4,23.765137,86.411054
2026-03-17 21:00:00,N10,0.1055,0.005521,1.6,0.0068,0.000229,27.9,23.765137,86.411054
2026-03-17 22:00:00,N10,0.0166,0.006673,8.18,0.0064,0.000463,26.7,23.765137,86.411054
2026-03-17 23:00:00,N10,-0.1605,0.00712,8.47,0.0058,8.6e-05,25.9,23.765137,86.411054
2026-03-18 00:00:00,N10,0.3288,0.006483,5.01,0.0062,0.000377,24.4,23.765137,86.411054
2026-03-18 01:00:00,N10,0.0211,0.006085,6.12,0.0066,0.000233,24.7,23.765137,86.411054
2026-03-18 02:00:00,N10,-0.0541,0.005049,3.55,0.0067,0.000444,25.4,23.765137,86.411054
2026-03-18 03:00:00,N10,-0.3538,0.005872,1.71,0.0075,0.00081,26.6,23.765137,86.411054
2026-03-18 04:00:00,N10,-0.2366,0.006847,5.31,0.0083,0.000343,28.2,23.765137,86.411054
2026-03-18 05:00:00,N10,-0.1475,0.005908,1.75,0.0082,0.009175,30.0,23.765137,86.411054
2026-03-18 06:00:00,N10,0.194,0.503231,46.34,0.0267,0.000333,31.9,23.765137,86.411054
2026-03-18 07:00:00,N10,-0.1804,0.007569,9.27,0.0075,0.009725,33.9,23.765137,86.411054
2026-03-18 08:00:00,N10,0.1367,0.005389,4.38,0.0072,0.000241,35.7,23.765137,86.411054
2026-03-18 09:00:00,N10,0.2839,0.006963,4.37,0.007,0.000259,37.2,23.765137,86.411054
2026-03-18 10:00:00,N10,0.0651,0.005107,4.96,0.0067,2.1e-05,38.4,23.765137,86.411054
2026-03-18 11:00:00,N10,0.0058,0.005084,5.3,0.0071,0.004158,39.2,23.765137,86.411054
2026-03-18 12:00:00,N10,-0.3693,0.664537,21.85,0.015,4.7e-05,39.4,23.765137,86.411054
2026-03-18 13:00:00,N10,-0.1401,0.008188,7.64,0.0072,0.005705,39.2,23.765137,86.411054
2026-03-18 14:00:00,N10,-0.0679,0.825191,42.22,0.0264,0.009831,38.4,23.765137,86.411054
2026-03-18 15:00:00,N10,0.0218,0.956761,25.58,0.0268,0.009495,37.2,23.765137,86.411054
2026-03-18 16:00:00,N10,0.164,0.008073,2.82,0.0074,0.01007,35.7,23.765137,86.411054
2026-03-18 17:00:00,N10,,,,,,,23.765137,86.411054
2026-03-18 18:00:00,N10,,,,,,,23.765137,86.411054
2026-03-18 19:00:00,N10,0.0787,0.007478,5.02,0.0058,0.000241,30.0,23.765137,86.411054
2026-03-18 20:00:00,N10,-0.2624,0.005358,3.65,0.005,0.000283,28.2,23.765137,86.411054
2026-03-18 21:00:00,N10,-0.0274,0.005719,5.48,0.0053,0.000352,26.6,23.765137,86.411054
2026-03-18 22:00:00,N10,-0.1422,0.006726,3.07,0.0043,0.000215,25.4,23.765137,86.411054
2026-03-18 23:00:00,N10,-0.0528,0.005354,6.69,0.0048,0.000528,24.7,23.765137,86.411054
2026-03-19 00:00:00,N10,-0.1631,0.005904,2.59,0.0053,0.000576,23.1,23.765137,86.411054
2026-03-19 01:00:00,N10,-0.1367,0.006594,6.69,0.006,0.000574,23.3,23.765137,86.411054
2026-03-19 02:00:00,N10,0.2786,0.007072,2.8,0.0065,0.000381,24.1,23.765137,86.411054
2026-03-19 03:00:00,N10,,,,,,,23.765137,86.411054
2026-03-19 04:00:00,N10,,,,,,,23.765137,86.411054
2026-03-19 05:00:00,N10,,,,,,,23.765137,86.411054
2026-03-19 06:00:00,N10,0.0494,0.006386,6.37,0.0068,0.000772,30.6,23.765137,86.411054
2026-03-19 07:00:00,N10,-0.1315,0.006277,7.88,0.0079,0.000704,32.5,23.765137,86.411054
2026-03-19 08:00:00,N10,-0.2187,0.007053,4.54,0.0082,4.5e-05,34.3,23.765137,86.411054
2026-03-19 09:00:00,N10,-0.0023,0.006547,9.77,0.008,7.8e-05,35.9,23.765137,86.411054
2026-03-19 10:00:00,N10,-0.0308,0.005291,8.48,0.0081,0.000466,37.1,23.765137,86.411054
2026-03-19 11:00:00,N10,0.1491,0.007688,7.71,0.007,0.00055,37.8,23.765137,86.411054
2026-03-19 12:00:00,N10,0.3462,0.006407,6.31,0.007,0.000316,38.1,23.765137,86.411054
2026-03-19 13:00:00,N10,0.334,0.005422,1.57,0.0064,0.00049,37.8,23.765137,86.411054
2026-03-19 14:00:00,N10,,,,,,,23.765137,86.411054
2026-03-19 15:00:00,N10,,,,,,,23.765137,86.411054
2026-03-19 16:00:00,N10,,,,,,,23.765137,86.411054
2026-03-19 17:00:00,N10,,,,,,,23.765137,86.411054
2026-03-19 18:00:00,N10,0.1867,0.007867,1.13,0.008,7.8e-05,30.6,23.765137,86.411054
2026-03-19 19:00:00,N10,-0.1079,0.006563,3.21,0.0077,0.000221,28.6,23.765137,86.411054
2026-03-19 20:00:00,N10,0.0508,0.005413,6.39,0.0076,0.000305,26.8,23.765137,86.411054
2026-03-19 21:00:00,N10,-0.0656,0.005128,1.83,0.0071,0.000162,25.3,23.765137,86.411054
2026-03-19 22:00:00,N10,0.2483,0.005845,8.73,0.0073,0.000402,24.1,23.765137,86.411054
2026-03-19 23:00:00,N10,-0.0251,0.008375,1.22,0.0079,0.000262,23.3,23.765137,86.411054
2026-03-20 00:00:00,N10,-0.1962,0.00741,9.71,0.0078,0.000182,25.5,23.765137,86.411054
2026-03-20 01:00:00,N10,0.1916,0.00535,5.38,0.0083,0.000318,25.8,23.765137,86.411054
2026-03-20 02:00:00,N10,0.11,0.007033,2.3,0.0084,0.000263,26.5,23.765137,86.411054
2026-03-20 03:00:00,N10,,,,,,,23.765137,86.411054
2026-03-20 04:00:00,N10,-0.1861,0.005979,3.95,0.0072,1.8e-05,29.3,23.765137,86.411054
2026-03-20 05:00:00,N10,0.2552,0.007415,9.08,0.0077,0.005626,31.1,23.765137,86.411054
2026-03-20 06:00:00,N10,-0.1264,0.751329,27.89,-0.004,0.0059,33.0,23.765137,86.411054
2026-03-20 07:00:00,N10,0.1847,0.619304,21.54,-0.0041,0.005956,35.0,23.765137,86.411054
2026-03-20 08:00:00,N10,0.1585,0.006035,3.18,0.0079,0.005653,36.8,23.765137,86.411054
2026-03-20 09:00:00,N10,-0.044,0.006142,5.98,0.0073,8.2e-05,38.3,23.765137,86.411054
2026-03-20 10:00:00,N10,0.017,0.006128,5.96,0.0077,0.000357,39.5,23.765137,86.411054
2026-03-20 11:00:00,N10,0.098,0.005579,5.06,0.008,0.000147,40.3,23.765137,86.411054
2026-03-20 12:00:00,N10,-0.1009,0.005631,7.64,0.008,0.000159,40.5,23.765137,86.411054
2026-03-20 13:00:00,N10,,,,,,,23.765137,86.411054
2026-03-20 14:00:00,N10,,,,,,,23.765137,86.411054
2026-03-20 15:00:00,N10,-0.1218,0.007928,1.32,0.008,0.000214,38.3,23.765137,86.411054
2026-03-20 16:00:00,N10,0.2442,0.006824,2.66,0.0077,8.4e-05,36.8,23.765137,86.411054
2026-03-20 17:00:00,N10,0.1024,0.005223,2.58,0.0078,0.000207,35.0,23.765137,86.411054
2026-03-20 18:00:00,N10,-0.1497,0.005552,5.9,0.0073,0.000311,33.0,23.765137,86.411054
2026-03-20 19:00:00,N10,-0.2783,0.006278,8.78,0.0072,0.000413,31.1,23.765137,86.411054
2026-03-20 20:00:00,N10,-0.1264,0.005045,8.37,0.0081,0.000189,29.3,23.765137,86.411054
2026-03-20 21:00:00,N10,,,,,,,23.765137,86.411054
2026-03-20 22:00:00,N10,,,,,,,23.765137,86.411054
2026-03-20 23:00:00,N10,,,,,,,23.765137,86.411054
2026-03-21 00:00:00,N10,,,,,,,23.765137,86.411054
2026-03-21 01:00:00,N10,0.3471,0.006861,5.22,0.0084,0.000231,25.5,23.765137,86.411054
2026-03-21 02:00:00,N10,-0.1801,0.006396,5.67,0.0077,0.000169,26.2,23.765137,86.411054
2026-03-21 03:00:00,N10,0.1802,0.006993,6.35,0.008,6.4e-05,27.4,23.765137,86.411054
2026-03-21 04:00:00,N10,0.1477,0.006268,2.04,0.0078,4.9e-05,29.0,23.765137,86.411054
2026-03-21 05:00:00,N10,0.0745,0.006884,4.77,0.0081,0.000312,30.8,23.765137,86.411054
2026-03-21 06:00:00,N10,0.0883,0.005519,2.02,0.0084,0.009289,32.7,23.765137,86.411054
2026-03-21 07:00:00,N10,,,,,,,23.765137,86.411054
2026-03-21 08:00:00,N10,,,,,,,23.765137,86.411054
2026-03-21 09:00:00,N10,,,,,,,23.765137,86.411054
2026-03-21 10:00:00,N10,,,,,,,23.765137,86.411054
2026-03-21 11:00:00,N10,0.2031,0.007168,2.43,0.0073,0.000256,40.0,23.765137,86.411054
2026-03-21 12:00:00,N10,0.3403,0.005033,4.93,0.0081,0.000263,40.2,23.765137,86.411054
2026-03-21 13:00:00,N10,-0.1851,0.006965,1.78,0.0078,0.003203,40.0,23.765137,86.411054
2026-03-21 14:00:00,N10,0.0776,0.977083,29.57,0.0145,0.000194,39.2,23.765137,86.411054
2026-03-21 15:00:00,N10,0.0443,0.006327,9.86,0.0075,0.003554,38.0,23.765137,86.411054
2026-03-21 16:00:00,N10,,,,,,,23.765137,86.411054
2026-03-21 17:00:00,N10,0.0538,0.006637,8.24,0.0072,1.6e-05,34.7,23.765137,86.411054
2026-03-21 18:00:00,N10,0.0663,0.005166,3.09,0.0074,0.000176,32.7,23.765137,86.411054
2026-03-21 19:00:00,N10,-0.0282,0.0054,4.12,0.0075,0.00014,30.8,23.765137,86.411054
2026-03-21 20:00:00,N10,-0.0604,0.00531,3.21,0.0071,0.000312,29.0,23.765137,86.411054
2026-03-21 21:00:00,N10,-0.1328,0.005642,8.54,0.0069,3e-06,27.4,23.765137,86.411054
2026-03-21 22:00:00,N10,0.2277,0.006084,9.4,0.0071,3e-06,26.2,23.765137,86.411054
2026-03-21 23:00:00,N10,0.1407,0.005698,6.46,0.0069,7e-05,25.5,23.765137,86.411054
2026-03-22 00:00:00,N10,-0.1512,0.005658,8.71,0.007,3.1e-05,27.5,23.765137,86.411054
2026-03-22 01:00:00,N10,-0.2545,0.006482,3.5,0.0068,6.9e-05,27.8,23.765137,86.411054
2026-03-22 02:00:00,N10,-0.2335,0.005485,2.36,0.0069,7.5e-05,28.5,23.765137,86.411054
2026-03-22 03:00:00,N10,0.0736,0.006667,1.01,0.007,0.000224,29.7,23.765137,86.411054
2026-03-22 04:00:00,N10,0.1019,0.00883,3.55,0.0064,0.000483,31.3,23.765137,86.411054
2026-03-22 05:00:00,N10,-0.1746,0.005391,8.66,0.006,0.000103,33.1,23.765137,86.411054
2026-03-22 06:00:00,N10,-0.1084,0.007232,7.6,0.0066,0.009609,35.0,23.765137,86.411054
2026-03-22 07:00:00,N10,-0.0345,0.996733,18.26,0.0252,0.000512,37.0,23.765137,86.411054
2026-03-22 08:00:00,N10,0.1648,0.006828,1.76,0.0056,0.010293,38.8,23.765137,86.411054
2026-03-22 09:00:00,N10,,,,,,,23.765137,86.411054
2026-03-22 10:00:00,N10,,,,,,,23.765137,86.411054
2026-03-22 11:00:00,N10,,,,,,,23.765137,86.411054
2026-03-22 12:00:00,N10,0.2539,0.952374,35.77,0.018,0.011724,42.5,23.765137,86.411054
2026-03-22 13:00:00,N10,-0.2452,0.700274,31.03,-0.0056,0.01154,42.3,23.765137,86.411054
2026-03-22 14:00:00,N10,0.1713,0.966824,41.82,-0.0051,0.006068,41.5,23.765137,86.411054
2026-03-22 15:00:00,N10,0.0079,0.005955,7.26,0.0065,0.005826,40.3,23.765137,86.411054
2026-03-22 16:00:00,N10,0.2995,0.005015,4.54,0.0065,0.000129,38.8,23.765137,86.411054
2026-03-22 17:00:00,N10,-0.0235,0.005957,9.25,0.0068,0.000374,37.0,23.765137,86.411054
2026-03-22 18:00:00,N10,0.0132,0.011201,6.56,0.0073,0.000185,35.0,23.765137,86.411054
2026-03-22 19:00:00,N10,-0.1939,0.006154,4.07,0.0064,0.000325,33.1,23.765137,86.411054
2026-03-22 20:00:00,N10,-0.1317,0.005791,2.71,0.0066,0.000164,31.3,23.765137,86.411054
2026-03-22 21:00:00,N10,-0.1152,0.005704,9.07,0.0061,0.000328,29.7,23.765137,86.411054
2026-03-22 22:00:00,N10,-0.0488,0.007999,2.49,0.006,5e-05,28.5,23.765137,86.411054
2026-03-22 23:00:00,N10,-0.018,0.005483,8.07,0.0062,0.000106,27.8,23.765137,86.411054
2026-03-23 00:00:00,N10,-0.2393,0.006763,5.6,0.0062,2.9e-05,23.6,23.765137,86.411054
2026-03-23 01:00:00,N10,0.0501,0.007043,9.26,0.0061,0.000533,23.8,23.765137,86.411054
2026-03-23 02:00:00,N10,0.0884,0.006394,7.55,0.0073,0.000744,24.6,23.765137,86.411054
2026-03-23 03:00:00,N10,-0.4909,0.008026,8.61,0.0076,9.8e-05,25.8,23.765137,86.411054
2026-03-23 04:00:00,N10,-0.2215,0.006444,6.98,0.0075,3.5e-05,27.3,23.765137,86.411054
2026-03-23 05:00:00,N10,-0.0983,0.00593,5.11,0.0077,0.003175,29.1,23.765137,86.411054
2026-03-23 06:00:00,N10,-0.1157,0.946702,32.81,0.0011,0.003028,31.1,23.765137,86.411054
2026-03-23 07:00:00,N10,0.0935,0.806487,20.59,0.0016,0.003053,33.0,23.765137,86.411054
2026-03-23 08:00:00,N10,0.0112,0.007052,4.81,0.0072,0.011253,34.8,23.765137,86.411054
2026-03-23 09:00:00,N10,0.0464,0.995101,16.71,0.0241,0.000244,36.4,23.765137,86.411054
2026-03-23 10:00:00,N10,-0.0626,0.005878,8.18,0.0067,0.0177,37.6,23.765137,86.411054
2026-03-23 11:00:00,N10,0.2561,0.575595,36.77,-0.0113,0.009123,38.3,23.765137,86.411054
2026-03-23 12:00:00,N10,-0.198,0.866184,37.23,-0.0115,0.008773,38.6,23.765137,86.411054
2026-03-23 13:00:00,N10,0.1265,0.006529,7.89,0.0063,0.00901,38.3,23.765137,86.411054
2026-03-23 14:00:00,N10,0.2075,0.005966,7.76,0.0065,3e-06,37.6,23.765137,86.411054
2026-03-23 15:00:00,N10,0.1146,0.005826,2.54,0.0063,0.000189,36.4,23.765137,86.411054
2026-03-23 16:00:00,N10,-0.2117,0.006496,6.18,0.0061,0.000225,34.8,23.765137,86.411054
2026-03-23 17:00:00,N10,-0.0119,0.005066,9.26,0.0058,2.6e-05,33.0,23.765137,86.411054
2026-03-23 18:00:00,N10,-0.3459,0.007078,6.55,0.0061,0.000199,31.1,23.765137,86.411054
2026-03-23 19:00:00,N10,0.0925,0.006711,7.21,0.0062,7e-05,29.1,23.765137,86.411054
2026-03-23 20:00:00,N10,0.3287,0.006522,1.46,0.0059,8.6e-05,27.3,23.765137,86.411054
2026-03-23 21:00:00,N10,-0.0868,0.005019,4.79,0.0061,7.1e-05,25.8,23.765137,86.411054
2026-03-23 22:00:00,N10,0.0787,0.007816,2.03,0.0061,4e-05,24.6,23.765137,86.411054
2026-03-23 23:00:00,N10,0.1689,0.005445,9.37,0.006,7.6e-05,23.8,23.765137,86.411054
2026-03-24 00:00:00,N10,-0.0351,0.00801,9.63,0.0062,2.7e-05,22.9,23.765137,86.411054
2026-03-24 01:00:00,N10,-0.2181,0.008174,5.75,0.006,7.1e-05,23.2,23.765137,86.411054
2026-03-24 02:00:00,N10,0.0242,0.006333,1.48,0.0061,9.5e-05,23.9,23.765137,86.411054
2026-03-24 03:00:00,N10,-0.2526,0.005119,1.4,0.0058,4.6e-05,25.1,23.765137,86.411054
2026-03-24 04:00:00,N10,-0.2145,0.006257,5.92,0.0062,0.000409,26.7,23.765137,86.411054
2026-03-24 05:00:00,N10,-0.0953,0.005164,3.91,0.0067,7.4e-05,28.5,23.765137,86.411054
2026-03-24 06:00:00,N10,,,,,,,23.765137,86.411054
2026-03-24 07:00:00,N10,,,,,,,23.765137,86.411054
2026-03-24 08:00:00,N10,,,,,,,23.765137,86.411054
2026-03-24 09:00:00,N10,,,,,,,23.765137,86.411054
2026-03-24 10:00:00,N10,,,,,,,23.765137,86.411054
2026-03-24 11:00:00,N10,-0.0583,0.005968,6.5,0.0084,0.000124,37.7,23.765137,86.411054
2026-03-24 12:00:00,N10,0.0801,0.006146,6.84,0.0082,0.000234,37.9,23.765137,86.411054
2026-03-24 13:00:00,N10,-0.2243,0.006779,1.88,0.0079,0.000447,37.7,23.765137,86.411054
2026-03-24 14:00:00,N10,-0.0258,0.006946,1.65,0.0073,0.000436,36.9,23.765137,86.411054
2026-03-24 15:00:00,N10,0.0565,0.005967,3.22,0.007,0.000232,35.7,23.765137,86.411054
2026-03-24 16:00:00,N10,-0.1473,0.006673,9.5,0.0069,0.000535,34.2,23.765137,86.411054
2026-03-24 17:00:00,N10,0.0673,0.006492,9.71,0.006,0.000478,32.4,23.765137,86.411054
2026-03-24 18:00:00,N10,-0.1147,0.007518,7.51,0.0059,0.000218,30.4,23.765137,86.411054
2026-03-24 19:00:00,N10,0.1181,0.009589,2.99,0.0064,4.2e-05,28.5,23.765137,86.411054
2026-03-24 20:00:00,N10,-0.0241,0.006785,4.1,0.006,9.3e-05,26.7,23.765137,86.411054
2026-03-24 21:00:00,N10,0.1253,0.005573,1.47,0.0066,0.00042,25.1,23.765137,86.411054
2026-03-24 22:00:00,N10,0.078,0.005666,1.15,0.0068,0.000172,23.9,23.765137,86.411054
2026-03-24 23:00:00,N10,-0.0979,0.006468,1.68,0.0062,0.000165,23.2,23.765137,86.411054
2026-03-25 00:00:00,N10,0.0506,0.00662,7.89,0.0065,0.000147,26.8,23.765137,86.411054
2026-03-25 01:00:00,N10,-0.0009,0.00636,9.86,0.0059,0.000101,27.1,23.765137,86.411054
2026-03-25 02:00:00,N10,-0.2153,0.00765,1.72,0.0063,0.00033,27.8,23.765137,86.411054
2026-03-25 03:00:00,N10,0.1132,0.006459,3.31,0.0066,8.8e-05,29.0,23.765137,86.411054
2026-03-25 04:00:00,N10,0.0137,0.00618,8.12,0.0065,0.000126,30.6,23.765137,86.411054
2026-03-25 05:00:00,N10,0.1987,0.005033,7.93,0.0063,0.000197,32.4,23.765137,86.411054
2026-03-25 06:00:00,N10,,,,,,,23.765137,86.411054
2026-03-25 07:00:00,N10,,,,,,,23.765137,86.411054
2026-03-25 08:00:00,N10,,,,,,,23.765137,86.411054
2026-03-25 09:00:00,N10,,,,,,,23.765137,86.411054
2026-03-25 10:00:00,N10,0.1477,0.005484,3.55,0.0054,0.000812,40.8,23.765137,86.411054
2026-03-25 11:00:00,N10,0.0466,0.008633,4.69,0.0052,0.003348,41.6,23.765137,86.411054
2026-03-25 12:00:00,N10,0.0984,0.904088,22.87,0.0121,0.000623,41.8,23.765137,86.411054
2026-03-25 13:00:00,N10,-0.1352,0.005541,8.68,0.0039,0.00393,41.6,23.765137,86.411054
2026-03-25 14:00:00,N10,-0.1607,0.006293,3.13,0.0042,0.000119,40.8,23.765137,86.411054
2026-03-25 15:00:00,N10,-0.0801,0.007221,9.4,0.0041,0.005174,39.6,23.765137,86.411054
2026-03-25 16:00:00,N10,-0.075,0.822588,37.4,0.0146,0.000392,38.1,23.765137,86.411054
2026-03-25 17:00:00,N10,-0.0422,0.00709,2.11,0.0034,0.005279,36.3,23.765137,86.411054
2026-03-25 18:00:00,N10,-0.1996,0.006552,6.11,0.004,0.000398,34.3,23.765137,86.411054
2026-03-25 19:00:00,N10,0.0999,0.00667,8.71,0.0042,5.6e-05,32.4,23.765137,86.411054
2026-03-25 20:00:00,N10,0.0006,0.008019,6.07,0.0039,0.000382,30.6,23.765137,86.411054
2026-03-25 21:00:00,N10,,,,,,,23.765137,86.411054
2026-03-25 22:00:00,N10,0.1321,0.006864,9.33,0.0041,0.000287,27.8,23.765137,86.411054
2026-03-25 23:00:00,N10,0.1428,0.007012,2.14,0.0028,0.001266,27.1,23.765137,86.411054
2026-03-26 00:00:00,N10,-0.1201,0.0057,3.33,0.0015,0.001015,23.9,23.765137,86.411054
2026-03-26 01:00:00,N10,0.0394,0.00524,7.61,0.0008,0.000163,24.2,23.765137,86.411054
2026-03-26 02:00:00,N10,0.046,0.005546,2.6,0.0012,0.000348,25.0,23.765137,86.411054
2026-03-26 03:00:00,N10,0.0116,0.005277,1.86,0.0015,0.000379,26.1,23.765137,86.411054
2026-03-26 04:00:00,N10,-0.1221,0.008374,4.66,0.002,0.000147,27.7,23.765137,86.411054
2026-03-26 05:00:00,N10,-0.0686,0.005497,5.35,0.0012,0.007864,29.5,23.765137,86.411054
2026-03-26 06:00:00,N10,0.0383,0.502869,15.53,0.0177,0.008205,31.4,23.765137,86.411054
2026-03-26 07:00:00,N10,-0.1884,0.549072,38.58,0.0176,0.008546,33.4,23.765137,86.411054
2026-03-26 08:00:00,N10,-0.0662,0.005346,8.74,0.0006,0.008555,35.2,23.765137,86.411054
2026-03-26 09:00:00,N10,-0.0348,0.00623,6.08,0.0005,0.00041,36.7,23.765137,86.411054
2026-03-26 10:00:00,N10,-0.0349,0.006098,6.42,-0.0002,0.005233,37.9,23.765137,86.411054
2026-03-26 11:00:00,N10,,,,,,,23.765137,86.411054
2026-03-26 12:00:00,N10,,,,,,,23.765137,86.411054
2026-03-26 13:00:00,N10,,,,,,,23.765137,86.411054
2026-03-26 14:00:00,N10,0.1998,0.006441,8.87,-0.0001,0.003304,37.9,23.765137,86.411054
2026-03-26 15:00:00,N10,-0.177,0.70773,39.9,-0.0063,0.000163,36.7,23.765137,86.411054
2026-03-26 16:00:00,N10,-0.107,0.006983,2.58,-0.0005,0.002901,35.2,23.765137,86.411054
2026-03-26 17:00:00,N10,0.3533,0.006594,6.28,-0.0005,4.5e-05,33.4,23.765137,86.411054
2026-03-26 18:00:00,N10,-0.0306,0.008474,3.62,-0.0006,0.00037,31.4,23.765137,86.411054
2026-03-26 19:00:00,N10,-0.1909,0.006016,8.18,0.0002,0.000927,29.5,23.765137,86.411054
2026-03-26 20:00:00,N10,-0.1839,0.006652,1.32,0.0013,0.000524,27.7,23.765137,86.411054
2026-03-26 21:00:00,N10,-0.1116,0.00589,4.09,0.0012,7e-05,26.1,23.765137,86.411054
2026-03-26 22:00:00,N10,-0.0866,0.006774,6.61,0.0014,0.000225,25.0,23.765137,86.411054
2026-03-26 23:00:00,N10,-0.021,0.007987,6.77,0.0017,6.7e-05,24.2,23.765137,86.411054
2026-03-27 00:00:00,N10,0.0577,0.006953,3.16,0.0013,7.4e-05,27.0,23.765137,86.411054
2026-03-27 01:00:00,N10,,,,,,,23.765137,86.411054
2026-03-27 02:00:00,N10,0.0891,0.006609,7.53,0.0011,0.000425,28.0,23.765137,86.411054
2026-03-27 03:00:00,N10,0.1437,0.005917,4.6,0.0007,0.000305,29.2,23.765137,86.411054
2026-03-27 04:00:00,N10,-0.0031,0.00751,9.96,0.0005,0.000447,30.7,23.765137,86.411054
2026-03-27 05:00:00,N10,0.1963,0.006207,5.95,0.0016,0.000719,32.5,23.765137,86.411054
2026-03-27 06:00:00,N10,-0.0203,0.005537,6.28,0.002,0.003216,34.5,23.765137,86.411054
2026-03-27 07:00:00,N10,0.0429,0.752465,49.08,0.008,0.000647,36.4,23.765137,86.411054
2026-03-27 08:00:00,N10,0.074,0.006004,8.11,0.0033,0.002456,38.2,23.765137,86.411054
2026-03-27 09:00:00,N10,-0.0858,0.005902,2.73,0.0031,2.9e-05,39.8,23.765137,86.411054
2026-03-27 10:00:00,N10,-0.1847,0.006751,9.83,0.0033,0.005888,41.0,23.765137,86.411054
2026-03-27 11:00:00,N10,-0.009,0.533111,24.0,0.0149,0.005849,41.7,23.765137,86.411054
2026-03-27 12:00:00,N10,-0.0244,0.786038,43.96,0.015,0.005534,42.0,23.765137,86.411054
2026-03-27 13:00:00,N10,-0.0144,0.006602,9.87,0.0038,0.005536,41.7,23.765137,86.411054
2026-03-27 14:00:00,N10,0.098,0.005087,7.03,0.0039,0.000282,41.0,23.765137,86.411054
2026-03-27 15:00:00,N10,0.0281,0.007037,8.04,0.0032,0.000655,39.8,23.765137,86.411054
2026-03-27 16:00:00,N10,-0.1071,0.009258,1.91,0.0026,0.000156,38.2,23.765137,86.411054
2026-03-27 17:00:00,N10,-0.0237,0.00584,7.98,0.0029,8.3e-05,36.4,23.765137,86.411054
2026-03-27 18:00:00,N10,-0.0905,0.00956,4.15,0.0025,0.000256,34.5,23.765137,86.411054
2026-03-27 19:00:00,N10,0.1679,0.006039,1.72,0.0024,0.000107,32.5,23.765137,86.411054
2026-03-27 20:00:00,N10,-0.1562,0.008483,8.63,0.0022,0.00037,30.7,23.765137,86.411054
2026-03-27 21:00:00,N10,0.089,0.007196,3.39,0.0032,0.000754,29.2,23.765137,86.411054
2026-03-27 22:00:00,N10,0.1472,0.007517,9.94,0.0038,6.4e-05,28.0,23.765137,86.411054
2026-03-27 23:00:00,N10,0.0866,0.006115,2.51,0.003,0.000384,27.2,23.765137,86.411054
2026-03-28 00:00:00,N10,-0.002,0.005888,9.1,0.003,0.000208,21.8,23.765137,86.411054
2026-03-28 01:00:00,N10,-0.1276,0.008321,6.93,0.0026,0.000353,22.0,23.765137,86.411054
2026-03-28 02:00:00,N10,0.4403,0.006074,8.68,0.0023,2.2e-05,22.8,23.765137,86.411054
2026-03-28 03:00:00,N10,0.137,0.005419,7.07,0.0027,0.000184,24.0,23.765137,86.411054
2026-03-28 04:00:00,N10,0.0307,0.005632,5.59,0.0026,0.000378,25.5,23.765137,86.411054
2026-03-28 05:00:00,N10,-0.0816,0.005564,4.78,0.0034,0.000111,27.4,23.765137,86.411054
2026-03-28 06:00:00,N10,-0.1605,0.006583,2.03,0.0029,8.6e-05,29.3,23.765137,86.411054
2026-03-28 07:00:00,N10,0.0082,0.005951,6.88,0.0032,0.004294,31.2,23.765137,86.411054
2026-03-28 08:00:00,N10,0.122,0.823759,20.48,0.0115,0.000705,33.0,23.765137,86.411054
2026-03-28 09:00:00,N10,0.2327,0.005377,2.26,0.0047,0.00365,34.6,23.765137,86.411054
2026-03-28 10:00:00,N10,-0.0965,0.00548,4.44,0.0042,0.000154,35.8,23.765137,86.411054
2026-03-28 11:00:00,N10,0.0566,0.006049,8.46,0.0043,3.2e-05,36.5,23.765137,86.411054
2026-03-28 12:00:00,N10,-0.1284,0.00713,8.97,0.0041,0.000257,36.8,23.765137,86.411054
2026-03-28 13:00:00,N10,-0.1337,0.007128,9.8,0.0038,3.2e-05,36.5,23.765137,86.411054
2026-03-28 14:00:00,N10,-0.1721,0.006135,8.99,0.0042,0.000101,35.8,23.765137,86.411054
2026-03-28 15:00:00,N10,-0.0977,0.007471,5.63,0.0036,0.000327,34.6,23.765137,86.411054
2026-03-28 16:00:00,N10,-0.0647,0.005333,7.32,0.0035,0.000394,33.0,23.765137,86.411054
2026-03-28 17:00:00,N10,-0.054,0.006605,2.4,0.0028,0.000626,31.2,23.765137,86.411054
2026-03-28 18:00:00,N10,0.0525,0.008804,1.33,0.0023,0.000107,29.3,23.765137,86.411054
2026-03-28 19:00:00,N10,-0.0138,0.005543,6.72,0.0026,0.000469,27.4,23.765137,86.411054
2026-03-28 20:00:00,N10,-0.0214,0.005675,7.76,0.0032,0.000282,25.5,23.765137,86.411054
2026-03-28 21:00:00,N10,-0.0537,0.007007,9.71,0.0032,8.2e-05,24.0,23.765137,86.411054
2026-03-28 22:00:00,N10,0.1945,0.005716,4.07,0.0034,1.5e-05,22.8,23.765137,86.411054
2026-03-28 23:00:00,N10,0.1596,0.007106,9.61,0.0032,0.000141,22.0,23.765137,86.411054
2026-03-29 00:00:00,N10,-0.3019,0.005727,6.54,0.0036,0.000234,25.8,23.765137,86.411054
2026-03-29 01:00:00,N10,-0.1453,0.005962,9.9,0.0036,0.000257,26.1,23.765137,86.411054
2026-03-29 02:00:00,N10,0.0019,0.005417,5.19,0.0031,0.000509,26.8,23.765137,86.411054
2026-03-29 03:00:00,N10,-0.3216,0.007727,1.82,0.0026,5.2e-05,28.0,23.765137,86.411054
2026-03-29 04:00:00,N10,-0.0817,0.009114,8.59,0.003,2.3e-05,29.6,23.765137,86.411054
2026-03-29 05:00:00,N10,-0.085,0.007015,6.85,0.0026,0.000281,31.4,23.765137,86.411054
2026-03-29 06:00:00,N10,-0.0487,0.006663,9.2,0.0025,0.004729,33.3,23.765137,86.411054
2026-03-29 07:00:00,N10,0.0361,0.974564,34.89,0.012,0.00528,35.2,23.765137,86.411054
2026-03-29 08:00:00,N10,-0.0128,0.681762,20.05,0.013,0.000651,37.1,23.765137,86.411054
2026-03-29 09:00:00,N10,-0.0586,0.762345,15.13,0.0133,0.00558,38.6,23.765137,86.411054
2026-03-29 10:00:00,N10,0.1429,0.007575,2.7,0.0019,0.00621,39.8,23.765137,86.411054
2026-03-29 11:00:00,N10,,,,,,,23.765137,86.411054
2026-03-29 12:00:00,N10,,,,,,,23.765137,86.411054
2026-03-29 13:00:00,N10,,,,,,,23.765137,86.411054
2026-03-29 14:00:00,N10,0.2004,0.005252,2.03,0.0013,0.000414,39.8,23.765137,86.411054
2026-03-29 15:00:00,N10,,,,,,,23.765137,86.411054
2026-03-29 16:00:00,N10,,,,,,,23.765137,86.411054
2026-03-29 17:00:00,N10,,,,,,,23.765137,86.411054
2026-03-29 18:00:00,N10,,,,,,,23.765137,86.411054
2026-03-29 19:00:00,N10,-0.1102,0.005063,7.2,0.002,0.000315,31.4,23.765137,86.411054
2026-03-29 20:00:00,N10,-0.0104,0.007236,9.35,0.0021,0.000258,29.6,23.765137,86.411054
2026-03-29 21:00:00,N10,0.1842,0.007078,3.26,0.0015,0.000282,28.0,23.765137,86.411054
2026-03-29 22:00:00,N10,-0.2322,0.00637,6.15,0.0015,0.000143,26.8,23.765137,86.411054
2026-03-29 23:00:00,N10,-0.0184,0.007237,6.66,0.0012,0.000211,26.1,23.765137,86.411054
2026-03-30 00:00:00,N10,-0.1189,0.006355,2.5,0.0011,9.2e-05,25.7,23.765137,86.411054
2026-03-30 01:00:00,N10,0.1134,0.005455,8.54,0.001,7.2e-05,26.0,23.765137,86.411054
2026-03-30 02:00:00,N10,-0.117,0.005497,6.13,0.0013,0.000196,26.7,23.765137,86.411054
2026-03-30 03:00:00,N10,0.1531,0.007507,9.33,0.0014,0.000398,27.9,23.765137,86.411054
2026-03-30 04:00:00,N10,-0.2244,0.007556,9.49,0.0021,0.000386,29.5,23.765137,86.411054
2026-03-30 05:00:00,N10,,,,,,,23.765137,86.411054
2026-03-30 06:00:00,N10,,,,,,,23.765137,86.411054
2026-03-30 07:00:00,N10,,,,,,,23.765137,86.411054
2026-03-30 08:00:00,N10,,,,,,,23.765137,86.411054
2026-03-30 09:00:00,N10,,,,,,,23.765137,86.411054
2026-03-30 10:00:00,N10,0.1981,0.006141,5.78,0.0019,0.000256,39.7,23.765137,86.411054
2026-03-30 11:00:00,N10,0.2015,0.008874,5.81,0.0015,0.000394,40.5,23.765137,86.411054
2026-03-30 12:00:00,N10,0.0346,0.006757,1.22,0.0011,3.7e-05,40.7,23.765137,86.411054
2026-03-30 13:00:00,N10,-0.0974,0.008047,7.81,0.0014,0.006443,40.5,23.765137,86.411054
2026-03-30 14:00:00,N10,-0.0474,0.873743,32.85,-0.0118,0.003288,39.7,23.765137,86.411054
2026-03-30 15:00:00,N10,0.1512,0.52346,42.89,0.008,0.006815,38.5,23.765137,86.411054
2026-03-30 16:00:00,N10,0.0196,0.005769,5.24,0.0018,0.002951,37.0,23.765137,86.411054
2026-03-30 17:00:00,N10,-0.102,0.005898,5.97,0.0021,0.000188,35.2,23.765137,86.411054
2026-03-30 18:00:00,N10,0.0425,0.005887,6.67,0.0014,0.000191,33.2,23.765137,86.411054
2026-03-30 19:00:00,N10,0.0444,0.006695,9.96,0.0017,1e-05,31.3,23.765137,86.411054
2026-03-30 20:00:00,N10,-0.07,0.005676,9.87,0.0014,1.5e-05,29.5,23.765137,86.411054
2026-03-30 21:00:00,N10,-0.0607,0.005081,6.08,0.0017,0.00035,27.9,23.765137,86.411054
2026-03-30 22:00:00,N10,0.021,0.006676,9.6,0.0007,0.000645,26.7,23.765137,86.411054
2026-03-30 23:00:00,N10,-0.2002,0.00525,1.68,0.0004,3.2e-05,26.0,23.765137,86.411054
2026-03-31 00:00:00,N10,-0.1739,0.005277,3.3,0.0006,0.000363,26.6,23.765137,86.411054
2026-03-31 01:00:00,N10,0.1643,0.005244,3.87,-0.0003,0.000469,26.9,23.765137,86.411054
2026-03-31 02:00:00,N10,0.121,0.009447,8.87,-0.0003,0.000142,27.6,23.765137,86.411054
2026-03-31 03:00:00,N10,0.1901,0.005223,3.18,-0.0006,0.000243,28.8,23.765137,86.411054
2026-03-31 04:00:00,N10,0.2247,0.006766,4.88,0.0002,0.000501,30.4,23.765137,86.411054
2026-03-31 05:00:00,N10,0.1037,0.006528,7.37,0.0004,0.000212,32.2,23.765137,86.411054
2026-03-31 06:00:00,N10,-0.0096,0.006461,4.96,0.0006,0.005426,34.1,23.765137,86.411054
2026-03-31 07:00:00,N10,-0.2636,0.720617,33.41,0.0113,0.012868,36.0,23.765137,86.411054
2026-03-31 08:00:00,N10,-0.0981,0.862897,47.34,0.0264,0.005214,37.9,23.765137,86.411054
2026-03-31 09:00:00,N10,0.1704,0.00722,2.38,0.0008,0.012838,39.4,23.765137,86.411054
2026-03-31 10:00:00,N10,,,,,,,23.765137,86.411054
2026-03-31 11:00:00,N10,,,,,,,23.765137,86.411054
2026-03-31 12:00:00,N10,,,,,,,23.765137,86.411054
2026-03-31 13:00:00,N10,,,,,,,23.765137,86.411054
2026-03-31 14:00:00,N10,,,,,,,23.765137,86.411054
2026-03-31 15:00:00,N10,-0.1068,0.005275,3.38,0.0003,0.000795,39.4,23.765137,86.411054
2026-03-31 16:00:00,N10,0.0437,0.007464,4.97,-0.001,0.000812,37.9,23.765137,86.411054
2026-03-31 17:00:00,N10,-0.3653,0.009586,6.81,-0.0013,0.000519,36.0,23.765137,86.411054
2026-03-31 18:00:00,N10,-0.1372,0.006456,4.12,-0.002,0.000388,34.1,23.765137,86.411054
2026-03-31 19:00:00,N10,-0.0696,0.005737,2.54,-0.0021,1.3e-05,32.2,23.765137,86.411054
2026-03-31 20:00:00,N10,-0.1503,0.005567,5.71,-0.0021,0.000178,30.4,23.765137,86.411054
2026-03-31 21:00:00,N10,0.0842,0.005646,1.94,-0.0024,0.00033,28.8,23.765137,86.411054
2026-03-31 22:00:00,N10,-0.2758,0.00669,6.49,-0.0027,0.000174,27.6,23.765137,86.411054
2026-03-31 23:00:00,N10,-0.0132,0.006334,7.1,-0.0028,6.2e-05,26.9,23.765137,86.411054
2026-04-01 00:00:00,N10,-0.0077,0.005401,9.44,-0.0026,5.5e-05,26.2,23.765137,86.411054
2026-04-01 01:00:00,N10,0.268,0.005367,3.29,-0.0027,0.000464,26.5,23.765137,86.411054
2026-04-01 02:00:00,N10,-0.198,0.005751,8.43,-0.0035,0.000837,27.2,23.765137,86.411054
2026-04-01 03:00:00,N10,-0.0492,0.006109,6.79,-0.0043,0.000631,28.4,23.765137,86.411054
2026-04-01 04:00:00,N10,0.0253,0.005321,3.29,-0.0048,0.000726,30.0,23.765137,86.411054
2026-04-01 05:00:00,N10,-0.0999,0.005821,8.73,-0.0058,0.000189,31.8,23.765137,86.411054
2026-04-01 06:00:00,N10,-0.025,0.007855,3.64,-0.0052,0.00028,33.7,23.765137,86.411054
2026-04-01 07:00:00,N10,-0.1775,0.006625,1.87,-0.0052,0.000152,35.7,23.765137,86.411054
2026-04-01 08:00:00,N10,,,,,,,23.765137,86.411054
2026-04-01 09:00:00,N10,0.0026,0.718859,29.46,-0.0107,0.000234,39.0,23.765137,86.411054
2026-04-01 10:00:00,N10,0.1775,0.006498,6.88,-0.0059,0.002482,40.2,23.765137,86.411054
2026-04-01 11:00:00,N10,0.0679,0.00596,8.92,-0.0057,0.000118,41.0,23.765137,86.411054
2026-04-01 12:00:00,N10,-0.0073,0.005559,6.84,-0.0057,0.000188,41.2,23.765137,86.411054
2026-04-01 13:00:00,N10,0.154,0.007004,7.41,-0.0061,0.000269,41.0,23.765137,86.411054
2026-04-01 14:00:00,N10,0.1222,0.005262,3.01,-0.0062,0.000381,40.2,23.765137,86.411054
2026-04-01 15:00:00,N10,0.0037,0.005676,5.24,-0.0068,0.000413,39.0,23.765137,86.411054
2026-04-01 16:00:00,N10,-0.1505,0.007872,9.97,-0.0071,0.000726,37.5,23.765137,86.411054
2026-04-01 17:00:00,N10,-0.2031,0.009277,2.34,-0.0083,0.000866,35.7,23.765137,86.411054
2026-04-01 18:00:00,N10,0.0971,0.006185,5.42,-0.0088,0.000441,33.7,23.765137,86.411054
2026-04-01 19:00:00,N10,0.1778,0.005231,5.52,-0.0092,0.000363,31.8,23.765137,86.411054
2026-04-01 20:00:00,N10,-0.4356,0.005182,4.74,-0.0095,0.00043,30.0,23.765137,86.411054
2026-04-01 21:00:00,N10,-0.3801,0.006204,6.17,-0.01,0.000295,28.4,23.765137,86.411054
2026-04-01 22:00:00,N10,-0.0759,0.008052,5.15,-0.0101,3.2e-05,27.2,23.765137,86.411054
2026-04-01 23:00:00,N10,-0.072,0.006267,2.6,-0.01,0.00015,26.5,23.765137,86.411054
2026-04-02 00:00:00,N10,-0.1498,0.007682,6.02,-0.0104,0.000141,24.6,23.765137,86.411054
2026-04-02 01:00:00,N10,0.0607,0.006127,6.72,-0.0102,0.00053,24.9,23.765137,86.411054
2026-04-02 02:00:00,N10,-0.1021,0.00607,6.72,-0.0093,0.000816,25.6,23.765137,86.411054
2026-04-02 03:00:00,N10,0.0251,0.005004,9.39,-0.0086,0.000474,26.8,23.765137,86.411054
2026-04-02 04:00:00,N10,-0.1138,0.008155,9.86,-0.0084,0.000175,28.3,23.765137,86.411054
2026-04-02 05:00:00,N10,0.0932,0.007162,7.4,-0.0083,0.005804,30.2,23.765137,86.411054
2026-04-02 06:00:00,N10,-0.1109,0.75066,48.3,-0.02,0.005705,32.1,23.765137,86.411054
2026-04-02 07:00:00,N10,0.0226,0.874329,38.41,-0.0197,0.006434,34.0,23.765137,86.411054
2026-04-02 08:00:00,N10,-0.0119,0.005846,3.88,-0.0071,0.006239,35.8,23.765137,86.411054
2026-04-02 09:00:00,N10,0.1045,0.005905,8.8,-0.0072,5.7e-05,37.4,23.765137,86.411054
2026-04-02 10:00:00,N10,,,,,,,23.765137,86.411054
2026-04-02 11:00:00,N10,,,,,,,23.765137,86.411054
2026-04-02 12:00:00,N10,,,,,,,23.765137,86.411054
2026-04-02 13:00:00,N10,,,,,,,23.765137,86.411054
2026-04-02 14:00:00,N10,-0.2862,0.00829,6.07,-0.0089,0.002136,38.6,23.765137,86.411054
2026-04-02 15:00:00,N10,-0.0776,0.67301,48.01,-0.004,0.002394,37.4,23.765137,86.411054
2026-04-02 16:00:00,N10,0.0468,0.713873,49.36,-0.0041,0.001167,35.8,23.765137,86.411054
2026-04-02 17:00:00,N10,0.2449,0.953417,21.86,-0.0016,0.001445,34.0,23.765137,86.411054
2026-04-02 18:00:00,N10,-0.1268,0.878353,35.9,-0.0012,0.003591,32.1,23.765137,86.411054
2026-04-02 19:00:00,N10,0.0306,0.005715,1.61,-0.0088,0.003619,30.2,23.765137,86.411054
2026-04-02 20:00:00,N10,-0.1066,0.005001,5.81,-0.0085,5.3e-05,28.3,23.765137,86.411054
2026-04-02 21:00:00,N10,0.3331,0.005113,5.38,-0.0089,4.9e-05,26.8,23.765137,86.411054
2026-04-02 22:00:00,N10,0.0331,0.007093,7.52,-0.0084,0.000747,25.6,23.765137,86.411054
2026-04-02 23:00:00,N10,-0.324,0.005314,1.26,-0.0074,0.000381,24.9,23.765137,86.411054
2026-04-03 00:00:00,N10,-0.32,0.005056,4.42,-0.0076,0.000302,23.2,23.765137,86.411054
2026-04-03 01:00:00,N10,0.0558,0.005947,3.43,-0.0068,0.000415,23.5,23.765137,86.411054
2026-04-03 02:00:00,N10,0.1503,0.00791,8.25,-0.0068,0.000174,24.2,23.765137,86.411054
2026-04-03 03:00:00,N10,-0.1124,0.005661,6.85,-0.0065,0.000219,25.4,23.765137,86.411054
2026-04-03 04:00:00,N10,-0.1031,0.009475,9.06,-0.0063,0.000282,26.9,23.765137,86.411054
2026-04-03 05:00:00,N10,0.0419,0.006324,3.07,-0.0059,0.004977,28.8,23.765137,86.411054
2026-04-03 06:00:00,N10,-0.011,0.597545,22.83,-0.0163,0.005224,30.7,23.765137,86.411054
2026-04-03 07:00:00,N10,0.0596,0.775603,24.24,-0.0164,0.004834,32.6,23.765137,86.411054
2026-04-03 08:00:00,N10,0.0408,0.007924,2.84,-0.0066,0.005025,34.4,23.765137,86.411054
2026-04-03 09:00:00,N10,-0.1328,0.005335,4.92,-0.0063,0.000135,36.0,23.765137,86.411054
2026-04-03 10:00:00,N10,-0.231,0.007538,6.93,-0.0069,0.00038,37.2,23.765137,86.411054
2026-04-03 11:00:00,N10,-0.157,0.00619,7.83,-0.0071,8.7e-05,37.9,23.765137,86.411054
2026-04-03 12:00:00,N10,-0.2159,0.008752,8.9,-0.0067,0.000191,38.2,23.765137,86.411054
2026-04-03 13:00:00,N10,-0.2179,0.006664,7.91,-0.0067,0.00016,37.9,23.765137,86.411054
2026-04-03 14:00:00,N10,0.1399,0.00777,4.7,-0.007,0.000101,37.2,23.765137,86.411054
2026-04-03 15:00:00,N10,-0.2975,0.006421,6.26,-0.0065,0.000266,36.0,23.765137,86.411054
2026-04-03 16:00:00,N10,-0.0783,0.006406,4.61,-0.0065,3.8e-05,34.4,23.765137,86.411054
2026-04-03 17:00:00,N10,-0.0843,0.008246,3.03,-0.0066,4e-05,32.6,23.765137,86.411054
2026-04-03 18:00:00,N10,-0.0494,0.007195,6.49,-0.0066,0.000298,30.7,23.765137,86.411054
2026-04-03 19:00:00,N10,-0.1478,0.007521,2.32,-0.0072,0.00038,28.8,23.765137,86.411054
2026-04-03 20:00:00,N10,0.1747,0.005556,7.67,-0.0073,5.8e-05,26.9,23.765137,86.411054
2026-04-03 21:00:00,N10,-0.0664,0.008156,1.08,-0.0071,0.000291,25.4,23.765137,86.411054
2026-04-03 22:00:00,N10,0.0239,0.006936,6.46,-0.0068,0.000349,24.2,23.765137,86.411054
2026-04-03 23:00:00,N10,0.1196,0.005617,8.09,-0.0064,0.000227,23.5,23.765137,86.411054
2026-04-04 00:00:00,N10,-0.2866,0.005324,9.7,-0.0063,9e-05,22.8,23.765137,86.411054
2026-04-04 01:00:00,N10,0.0957,0.008739,4.36,-0.0065,0.000405,23.1,23.765137,86.411054
2026-04-04 02:00:00,N10,0.0435,0.005296,9.22,-0.0071,0.000456,23.8,23.765137,86.411054
2026-04-04 03:00:00,N10,-0.065,0.005154,5.85,-0.0074,3.6e-05,25.0,23.765137,86.411054
2026-04-04 04:00:00,N10,0.2339,0.00705,5.34,-0.007,0.000543,26.6,23.765137,86.411054
2026-04-04 05:00:00,N10,-0.1657,0.006003,8.03,-0.0064,0.000107,28.4,23.765137,86.411054
2026-04-04 06:00:00,N10,0.1403,0.007713,9.69,-0.0068,0.000159,30.3,23.765137,86.411054
2026-04-04 07:00:00,N10,-0.118,0.005382,1.37,-0.0067,0.000223,32.3,23.765137,86.411054
2026-04-04 08:00:00,N10,,,,,,,23.765137,86.411054
2026-04-04 09:00:00,N10,,,,,,,23.765137,86.411054
2026-04-04 10:00:00,N10,,,,,,,23.765137,86.411054
2026-04-04 11:00:00,N10,,,,,,,23.765137,86.411054
2026-04-04 12:00:00,N10,,,,,,,23.765137,86.411054
2026-04-04 13:00:00,N10,0.2982,0.732709,23.46,-0.0223,0.000586,37.6,23.765137,86.411054
2026-04-04 14:00:00,N10,0.4239,0.005327,4.36,-0.0085,0.007357,36.8,23.765137,86.411054
2026-04-04 15:00:00,N10,-0.101,0.005039,9.8,-0.0075,0.000726,35.6,23.765137,86.411054
2026-04-04 16:00:00,N10,0.1479,0.005658,3.65,-0.0071,0.000252,34.1,23.765137,86.411054
2026-04-04 17:00:00,N10,-0.0994,0.006929,4.1,-0.007,4.6e-05,32.3,23.765137,86.411054
2026-04-04 18:00:00,N10,-0.0261,0.007148,5.4,-0.007,0.000598,30.3,23.765137,86.411054
2026-04-04 19:00:00,N10,0.0166,0.005752,4.45,-0.0058,0.001151,28.4,23.765137,86.411054
2026-04-04 20:00:00,N10,-0.0067,0.008826,9.12,-0.0047,0.000236,26.6,23.765137,86.411054
2026-04-04 21:00:00,N10,-0.177,0.005721,8.59,-0.0054,0.000142,25.0,23.765137,86.411054
2026-04-04 22:00:00,N10,-0.04,0.005307,7.05,-0.005,3.8e-05,23.8,23.765137,86.411054
2026-04-04 23:00:00,N10,0.0017,0.007076,3.77,-0.0055,0.00016,23.1,23.765137,86.411054
2026-04-05 00:00:00,N10,0.0576,0.005089,8.4,-0.0047,0.000219,25.6,23.765137,86.411054
2026-04-05 01:00:00,N10,-0.0654,0.00623,6.23,-0.005,0.000122,25.9,23.765137,86.411054
2026-04-05 02:00:00,N10,-0.0788,0.008495,2.63,-0.0049,0.000276,26.6,23.765137,86.411054
2026-04-05 03:00:00,N10,-0.2393,0.005524,8.52,-0.0056,0.000319,27.8,23.765137,86.411054
2026-04-05 04:00:00,N10,0.2426,0.00708,1.62,-0.0055,0.000105,29.4,23.765137,86.411054
2026-04-05 05:00:00,N10,-0.1555,0.007256,7.0,-0.0054,0.000166,31.2,23.765137,86.411054
2026-04-05 06:00:00,N10,-0.196,0.006231,3.02,-0.0059,0.000183,33.1,23.765137,86.411054
2026-04-05 07:00:00,N10,-0.0758,0.006747,4.57,-0.0057,0.000199,35.1,23.765137,86.411054
2026-04-05 08:00:00,N10,0.1817,0.007782,2.55,-0.0063,0.000242,36.9,23.765137,86.411054
2026-04-05 09:00:00,N10,0.0219,0.008807,4.36,-0.0062,0.006424,38.4,23.765137,86.411054
2026-04-05 10:00:00,N10,-0.1654,0.68868,45.13,0.0066,0.00072,39.6,23.765137,86.411054
2026-04-05 11:00:00,N10,0.0521,0.005536,7.2,-0.0048,0.005617,40.4,23.765137,86.411054
2026-04-05 12:00:00,N10,-0.0335,0.005161,4.56,-0.0047,0.000562,40.6,23.765137,86.411054
2026-04-05 13:00:00,N10,0.0715,0.005774,9.11,-0.0036,0.000526,40.4,23.765137,86.411054
2026-04-05 14:00:00,N10,0.0822,0.010266,2.63,-0.0036,3.7e-05,39.6,23.765137,86.411054
2026-04-05 15:00:00,N10,-0.0748,0.005108,2.9,-0.0037,0.000296,38.4,23.765137,86.411054
2026-04-05 16:00:00,N10,-0.0366,0.008781,3.34,-0.0042,0.006392,36.9,23.765137,86.411054
2026-04-05 17:00:00,N10,-0.0287,0.878166,20.11,0.0091,2.3e-05,35.1,23.765137,86.411054
2026-04-05 18:00:00,N10,0.2928,0.008536,4.24,-0.0041,0.006484,33.1,23.765137,86.411054
2026-04-05 19:00:00,N10,0.0963,0.007318,1.74,-0.0039,0.000433,31.2,23.765137,86.411054
2026-04-05 20:00:00,N10,-0.2265,0.007524,2.89,-0.005,0.000144,29.4,23.765137,86.411054
2026-04-05 21:00:00,N10,0.0584,0.007054,8.11,-0.0042,0.000739,27.8,23.765137,86.411054
2026-04-05 22:00:00,N10,-0.0777,0.005282,7.31,-0.0035,0.000206,26.6,23.765137,86.411054
2026-04-05 23:00:00,N10,-0.2767,0.006874,3.78,-0.0038,0.000106,25.9,23.765137,86.411054
2026-04-06 00:00:00,N10,0.0726,0.005312,5.86,-0.0033,0.000102,24.0,23.765137,86.411054
2026-04-06 01:00:00,N10,-0.1594,0.008005,1.01,-0.004,0.000594,24.3,23.765137,86.411054
2026-04-06 02:00:00,N10,,,,,,,23.765137,86.411054
2026-04-06 03:00:00,N10,,,,,,,23.765137,86.411054
2026-04-06 04:00:00,N10,,,,,,,23.765137,86.411054
2026-04-06 05:00:00,N10,0.0475,0.006563,4.75,-0.0049,0.00015,29.6,23.765137,86.411054
2026-04-06 06:00:00,N10,0.1339,0.005372,6.77,-0.0047,0.000193,31.5,23.765137,86.411054
2026-04-06 07:00:00,N10,0.0639,0.00853,8.06,-0.0046,7.1e-05,33.5,23.765137,86.411054
2026-04-06 08:00:00,N10,0.1312,0.005565,2.63,-0.0046,0.006962,35.3,23.765137,86.411054
2026-04-06 09:00:00,N10,0.1359,0.601303,48.95,0.0094,0.007059,36.8,23.765137,86.411054
2026-04-06 10:00:00,N10,0.4845,0.551728,36.3,0.0096,0.006781,38.0,23.765137,86.411054
2026-04-06 11:00:00,N10,-0.114,0.006382,2.12,-0.0042,0.006975,38.8,23.765137,86.411054
2026-04-06 12:00:00,N10,0.2246,0.006961,6.0,-0.0044,0.000284,39.0,23.765137,86.411054
2026-04-06 13:00:00,N10,-0.1676,0.005399,9.74,-0.0048,0.000399,38.8,23.765137,86.411054
2026-04-06 14:00:00,N10,0.2446,0.005468,1.45,-0.0052,0.000865,38.0,23.765137,86.411054
2026-04-06 15:00:00,N10,0.217,0.006139,2.45,-0.0065,0.000848,36.8,23.765137,86.411054
2026-04-06 16:00:00,N10,-0.2546,0.006891,9.08,-0.0069,0.000256,35.3,23.765137,86.411054
2026-04-06 17:00:00,N10,0.1337,0.005874,2.11,-0.007,0.000176,33.5,23.765137,86.411054
2026-04-06 18:00:00,N10,-0.093,0.005895,1.14,-0.0065,8.6e-05,31.5,23.765137,86.411054
2026-04-06 19:00:00,N10,-0.065,0.005622,3.22,-0.0072,1.5e-05,29.6,23.765137,86.411054
2026-04-06 20:00:00,N10,0.1467,0.005192,1.2,-0.0065,0.000818,27.8,23.765137,86.411054
2026-04-06 21:00:00,N10,-0.4526,0.005021,3.47,-0.0055,8.2e-05,26.2,23.765137,86.411054
2026-04-06 22:00:00,N10,-0.2326,0.005099,8.7,-0.0063,0.000273,25.0,23.765137,86.411054
2026-04-06 23:00:00,N10,-0.0826,0.005047,4.16,-0.005,0.000744,24.3,23.765137,86.411054
2026-04-07 00:00:00,N10,0.0235,0.006767,3.79,-0.0049,0.000239,26.6,23.765137,86.411054
2026-04-07 01:00:00,N10,-0.1213,0.005194,1.2,-0.0045,0.000322,26.9,23.765137,86.411054
2026-04-07 02:00:00,N10,0.1025,0.00557,9.32,-0.0042,0.000304,27.6,23.765137,86.411054
2026-04-07 03:00:00,N10,0.3136,0.006988,8.22,-0.0039,0.000201,28.8,23.765137,86.411054
2026-04-07 04:00:00,N10,0.1263,0.007554,5.26,-0.0038,0.00022,30.4,23.765137,86.411054
2026-04-07 05:00:00,N10,-0.122,0.006873,2.63,-0.0035,0.000192,32.2,23.765137,86.411054
2026-04-07 06:00:00,N10,0.019,0.006294,2.27,-0.0042,0.000714,34.1,23.765137,86.411054
2026-04-07 07:00:00,N10,0.1349,0.006107,4.49,-0.0049,0.005572,36.0,23.765137,86.411054
2026-04-07 08:00:00,N10,-0.2517,0.777234,33.36,-0.0153,0.004777,37.9,23.765137,86.411054
2026-04-07 09:00:00,N10,-0.1485,0.811349,26.44,-0.0145,0.005614,39.4,23.765137,86.411054
2026-04-07 10:00:00,N10,0.0354,0.007091,8.42,-0.0041,0.005294,40.6,23.765137,86.411054
2026-04-07 11:00:00,N10,0.1267,0.007216,3.24,-0.0039,2.4e-05,41.4,23.765137,86.411054
2026-04-07 12:00:00,N10,,,,,,,23.765137,86.411054
2026-04-07 13:00:00,N10,0.0898,0.776271,45.78,-0.0214,0.008619,41.4,23.765137,86.411054
2026-04-07 14:00:00,N10,0.0308,0.906774,20.39,-0.0213,0.009204,40.6,23.765137,86.411054
2026-04-07 15:00:00,N10,-0.211,0.007398,6.8,-0.003,0.009039,39.4,23.765137,86.411054
2026-04-07 16:00:00,N10,0.1415,0.006934,2.44,-0.0032,4e-05,37.9,23.765137,86.411054
2026-04-07 17:00:00,N10,-0.0414,0.005902,1.91,-0.0029,9.1e-05,36.0,23.765137,86.411054
2026-04-07 18:00:00,N10,-0.025,0.009093,2.16,-0.0034,0.000686,34.1,23.765137,86.411054
2026-04-07 19:00:00,N10,-0.2456,0.00572,1.78,-0.0043,0.000708,32.2,23.765137,86.411054
2026-04-07 20:00:00,N10,0.1896,0.006883,2.31,-0.0048,7.7e-05,30.4,23.765137,86.411054
2026-04-07 21:00:00,N10,0.1374,0.007089,2.89,-0.0044,0.000788,28.8,23.765137,86.411054
2026-04-07 22:00:00,N10,,,,,,,23.765137,86.411054
2026-04-07 23:00:00,N10,-0.2014,0.006383,9.65,-0.0068,5.2e-05,26.9,23.765137,86.411054
2026-04-08 00:00:00,N10,0.076,0.006236,1.88,-0.0065,5.8e-05,25.1,23.765137,86.411054
2026-04-08 01:00:00,N10,-0.081,0.005354,1.7,-0.0069,6.5e-05,25.3,23.765137,86.411054
2026-04-08 02:00:00,N10,0.2176,0.005785,2.43,-0.0064,0.000124,26.1,23.765137,86.411054
2026-04-08 03:00:00,N10,,,,,,,23.765137,86.411054
2026-04-08 04:00:00,N10,,,,,,,23.765137,86.411054
2026-04-08 05:00:00,N10,-0.0518,0.005479,3.53,-0.0061,0.000344,30.6,23.765137,86.411054
2026-04-08 06:00:00,N10,-0.1547,0.005385,8.63,-0.0055,0.000407,32.6,23.765137,86.411054
2026-04-08 07:00:00,N10,0.2336,0.005017,3.35,-0.0069,0.000664,34.5,23.765137,86.411054
2026-04-08 08:00:00,N10,0.1892,0.005406,8.14,-0.0069,0.00049,36.3,23.765137,86.411054
2026-04-08 09:00:00,N10,0.1172,0.00603,3.77,-0.0079,0.004089,37.9,23.765137,86.411054
2026-04-08 10:00:00,N10,0.0314,0.806411,32.07,0.0013,0.000146,39.1,23.765137,86.411054
2026-04-08 11:00:00,N10,-0.2457,0.006001,7.01,-0.0082,0.004736,39.8,23.765137,86.411054
2026-04-08 12:00:00,N10,-0.0941,0.008989,2.39,-0.0082,3.5e-05,40.1,23.765137,86.411054
2026-04-08 13:00:00,N10,0.1363,0.005489,9.94,-0.0082,0.004535,39.8,23.765137,86.411054
2026-04-08 14:00:00,N10,0.3052,0.998203,43.53,-0.0172,0.004324,39.1,23.765137,86.411054
2026-04-08 15:00:00,N10,0.0069,0.94365,15.85,-0.0169,0.004982,37.9,23.765137,86.411054
2026-04-08 16:00:00,N10,-0.015,0.005225,6.19,-0.0073,0.004416,36.3,23.765137,86.411054
2026-04-08 17:00:00,N10,0.1182,0.005576,9.08,-0.0081,0.000485,34.5,23.765137,86.411054
2026-04-08 18:00:00,N10,0.0665,0.005931,4.52,-0.0082,0.000179,32.6,23.765137,86.411054
2026-04-08 19:00:00,N10,0.0938,0.005987,4.43,-0.0084,2.3e-05,30.6,23.765137,86.411054
2026-04-08 20:00:00,N10,,,,,,,23.765137,86.411054
2026-04-08 21:00:00,N10,,,,,,,23.765137,86.411054
2026-04-08 22:00:00,N10,,,,,,,23.765137,86.411054
2026-04-08 23:00:00,N10,,,,,,,23.765137,86.411054
2026-04-09 00:00:00,N10,0.0089,0.005084,7.84,-0.0068,0.000104,27.3,23.765137,86.411054
2026-04-09 01:00:00,N10,0.1106,0.007956,2.56,-0.0066,5.8e-05,27.6,23.765137,86.411054
2026-04-09 02:00:00,N10,0.0065,0.007258,5.39,-0.0067,0.000112,28.3,23.765137,86.411054
2026-04-09 03:00:00,N10,-0.096,0.00621,5.27,-0.0069,0.000313,29.5,23.765137,86.411054
2026-04-09 04:00:00,N10,-0.2658,0.006924,5.87,-0.0061,0.000386,31.1,23.765137,86.411054
2026-04-09 05:00:00,N10,,,,,,,23.765137,86.411054
2026-04-09 06:00:00,N10,,,,,,,23.765137,86.411054
2026-04-09 07:00:00,N10,,,,,,,23.765137,86.411054
2026-04-09 08:00:00,N10,-0.1313,0.994788,21.73,-0.0153,0.004576,38.6,23.765137,86.411054
2026-04-09 09:00:00,N10,0.1835,0.006676,9.0,-0.006,0.004739,40.1,23.765137,86.411054
2026-04-09 10:00:00,N10,0.0961,0.005385,3.18,-0.0059,0.000183,41.3,23.765137,86.411054
2026-04-09 11:00:00,N10,0.041,0.006987,5.73,-0.0057,0.000287,42.1,23.765137,86.411054
2026-04-09 12:00:00,N10,-0.0313,0.008182,8.58,-0.0053,5.5e-05,42.3,23.765137,86.411054
2026-04-09 13:00:00,N10,-0.0354,0.006238,6.8,-0.0058,0.00078,42.1,23.765137,86.411054
2026-04-09 14:00:00,N10,0.0068,0.005088,5.23,-0.0069,0.00043,41.3,23.765137,86.411054
2026-04-09 15:00:00,N10,0.1001,0.005829,1.28,-0.0067,3.4e-05,40.1,23.765137,86.411054
2026-04-09 16:00:00,N10,0.2029,0.007107,2.73,-0.0068,6e-06,38.6,23.765137,86.411054
2026-04-09 17:00:00,N10,-0.118,0.007053,9.23,-0.0066,0.000495,36.8,23.765137,86.411054
2026-04-09 18:00:00,N10,0.048,0.006119,7.91,-0.0078,0.000653,34.8,23.765137,86.411054
2026-04-09 19:00:00,N10,-0.1312,0.005724,1.21,-0.0079,7e-05,32.9,23.765137,86.411054
2026-04-09 20:00:00,N10,0.0666,0.006871,5.83,-0.0076,0.000492,31.1,23.765137,86.411054
2026-04-09 21:00:00,N10,-0.0102,0.006657,8.7,-0.0089,0.000931,29.5,23.765137,86.411054
2026-04-09 22:00:00,N10,-0.067,0.006346,4.27,-0.0095,0.000283,28.3,23.765137,86.411054
2026-04-09 23:00:00,N10,0.1089,0.006391,7.86,-0.0095,0.000521,27.6,23.765137,86.411054
2026-04-10 00:00:00,N10,,,,,,,23.765137,86.411054
2026-04-10 01:00:00,N10,0.038,0.005968,1.22,-0.0091,0.000604,26.9,23.765137,86.411054
2026-04-10 02:00:00,N10,-0.0867,0.008097,3.96,-0.0093,0.000234,27.7,23.765137,86.411054
2026-04-10 03:00:00,N10,0.2173,0.005075,1.93,-0.0096,0.00012,28.9,23.765137,86.411054
2026-04-10 04:00:00,N10,0.0103,0.007587,2.87,-0.0091,0.000117,30.4,23.765137,86.411054
2026-04-10 05:00:00,N10,0.007,0.005988,3.45,-0.0094,0.000467,32.2,23.765137,86.411054
2026-04-10 06:00:00,N10,-0.0664,0.006218,9.37,-0.01,0.000166,34.2,23.765137,86.411054
2026-04-10 07:00:00,N10,0.4069,0.006383,9.38,-0.009,0.000924,36.1,23.765137,86.411054
2026-04-10 08:00:00,N10,0.0923,0.005022,5.42,-0.0082,0.0004,37.9,23.765137,86.411054
2026-04-10 09:00:00,N10,0.1663,0.007637,1.93,-0.0082,0.000341,39.5,23.765137,86.411054
2026-04-10 10:00:00,N10,0.0601,0.006755,2.08,-0.0089,0.009144,40.7,23.765137,86.411054
2026-04-10 11:00:00,N10,0.2592,0.590785,29.66,-0.0265,0.008533,41.4,23.765137,86.411054
2026-04-10 12:00:00,N10,0.0062,0.984989,19.14,-0.0259,0.009035,41.7,23.765137,86.411054
2026-04-10 13:00:00,N10,0.1575,0.005626,1.33,-0.0084,0.008867,41.4,23.765137,86.411054
2026-04-10 14:00:00,N10,0.3084,0.005595,2.98,-0.0082,5.2e-05,40.7,23.765137,86.411054
2026-04-10 15:00:00,N10,0.0377,0.008046,4.56,-0.0085,0.000329,39.5,23.765137,86.411054
2026-04-10 16:00:00,N10,-0.0828,0.007965,5.29,-0.0088,0.000423,37.9,23.765137,86.411054
2026-04-10 17:00:00,N10,0.0728,0.006945,6.34,-0.0094,0.000177,36.1,23.765137,86.411054
2026-04-10 18:00:00,N10,0.0408,0.006537,2.1,-0.0092,1e-05,34.2,23.765137,86.411054
2026-04-10 19:00:00,N10,,,,,,,23.765137,86.411054
2026-04-10 20:00:00,N10,,,,,,,23.765137,86.411054
2026-04-10 21:00:00,N10,,,,,,,23.765137,86.411054
2026-04-10 22:00:00,N10,,,,,,,23.765137,86.411054
2026-04-10 23:00:00,N10,0.0344,0.005392,9.96,-0.0101,8.5e-05,26.9,23.765137,86.411054
2026-04-11 00:00:00,N10,-0.0267,0.006294,4.35,-0.0102,0.000108,23.6,23.765137,86.411054
2026-04-11 01:00:00,N10,,,,,,,23.765137,86.411054
2026-04-11 02:00:00,N10,,,,,,,23.765137,86.411054
2026-04-11 03:00:00,N10,-0.0459,0.00904,8.74,-0.0098,3.1e-05,25.7,23.765137,86.411054
2026-04-11 04:00:00,N10,0.0057,0.009888,4.9,-0.0101,0.000364,27.3,23.765137,86.411054
2026-04-11 05:00:00,N10,0.0981,0.005436,6.5,-0.0105,4.4e-05,29.1,23.765137,86.411054
2026-04-11 06:00:00,N10,-0.142,0.006208,7.82,-0.0102,0.000359,31.1,23.765137,86.411054
2026-04-11 07:00:00,N10,0.105,0.005475,4.14,-0.0098,0.000285,33.0,23.765137,86.411054
2026-04-11 08:00:00,N10,-0.2129,0.007054,4.87,-0.0096,0.00047,34.8,23.765137,86.411054
2026-04-11 09:00:00,N10,-0.0799,0.006806,5.5,-0.0107,0.000458,36.4,23.765137,86.411054
2026-04-11 10:00:00,N10,,,,,,,23.765137,86.411054
2026-04-11 11:00:00,N10,,,,,,,23.765137,86.411054
2026-04-11 12:00:00,N10,,,,,,,23.765137,86.411054
2026-04-11 13:00:00,N10,,,,,,,23.765137,86.411054
2026-04-11 14:00:00,N10,,,,,,,23.765137,86.411054
2026-04-11 15:00:00,N10,,,,,,,23.765137,86.411054
2026-04-11 16:00:00,N10,0.1443,0.005743,7.36,-0.0114,0.00022,34.8,23.765137,86.411054
2026-04-11 17:00:00,N10,-0.0968,0.005951,8.33,-0.0111,9.3e-05,33.0,23.765137,86.411054
2026-04-11 18:00:00,N10,-0.242,0.006198,3.63,-0.0116,0.000271,31.1,23.765137,86.411054
2026-04-11 19:00:00,N10,0.0197,0.005518,3.88,-0.0116,0.000107,29.1,23.765137,86.411054
2026-04-11 20:00:00,N10,0.0163,0.005537,7.78,-0.0118,0.000196,27.3,23.765137,86.411054
2026-04-11 21:00:00,N10,-0.0505,0.008947,6.32,-0.0112,0.000593,25.7,23.765137,86.411054
2026-04-11 22:00:00,N10,-0.1124,0.007446,6.72,-0.0107,0.000255,24.6,23.765137,86.411054
2026-04-11 23:00:00,N10,-0.1444,0.005771,8.85,-0.0107,0.000114,23.8,23.765137,86.411054
2026-04-12 00:00:00,N10,0.1152,0.005715,4.18,-0.0109,0.000333,27.7,23.765137,86.411054
2026-04-12 01:00:00,N10,0.1476,0.006654,3.71,-0.0114,0.000323,28.0,23.765137,86.411054
2026-04-12 02:00:00,N10,0.0281,0.006305,8.7,-0.0115,0.000129,28.7,23.765137,86.411054
2026-04-12 03:00:00,N10,-0.2556,0.008038,3.95,-0.0116,0.000247,29.9,23.765137,86.411054
2026-04-12 04:00:00,N10,-0.1735,0.006906,3.05,-0.012,5.2e-05,31.5,23.765137,86.411054
2026-04-12 05:00:00,N10,-0.1894,0.008264,2.36,-0.0115,0.000658,33.3,23.765137,86.411054
2026-04-12 06:00:00,N10,0.0413,0.005503,8.48,-0.0107,0.002955,35.2,23.765137,86.411054
2026-04-12 07:00:00,N10,0.0922,0.740358,41.92,-0.0174,0.004311,37.2,23.765137,86.411054
2026-04-12 08:00:00,N10,0.1925,0.540706,18.29,-0.0193,0.001434,39.0,23.765137,86.411054
2026-04-12 09:00:00,N10,0.1358,0.005417,4.41,-0.0146,0.002063,40.5,23.765137,86.411054
2026-04-12 10:00:00,N10,0.2419,0.702485,22.0,-0.0235,0.004848,41.7,23.765137,86.411054
2026-04-12 11:00:00,N10,-0.2221,0.797947,20.25,-0.0243,0.003225,42.5,23.765137,86.411054
2026-04-12 12:00:00,N10,-0.3,0.006251,7.99,-0.017,0.006231,42.7,23.765137,86.411054
2026-04-12 13:00:00,N10,0.0651,0.941791,24.34,-0.0367,0.000989,42.5,23.765137,86.411054
2026-04-12 14:00:00,N10,-0.0057,0.007049,5.35,-0.019,0.008812,41.7,23.765137,86.411054
2026-04-12 15:00:00,N10,-0.0146,0.007244,3.36,-0.0191,0.000752,40.5,23.765137,86.411054
2026-04-12 16:00:00,N10,0.041,0.00719,4.55,-0.0205,0.001624,39.0,23.765137,86.411054
2026-04-12 17:00:00,N10,0.0502,0.005455,1.5,-0.0224,0.001466,37.2,23.765137,86.411054
2026-04-12 18:00:00,N10,0.1579,0.006434,7.9,-0.0234,0.000746,35.2,23.765137,86.411054
2026-04-12 19:00:00,N10,0.0685,0.006531,2.86,-0.0238,0.000358,33.3,23.765137,86.411054
2026-04-12 20:00:00,N10,0.389,0.00528,6.21,-0.0241,0.00081,31.5,23.765137,86.411054
2026-04-12 21:00:00,N10,,,,,,,23.765137,86.411054
2026-04-12 22:00:00,N10,0.0296,0.00512,5.0,-0.0268,0.00128,28.7,23.765137,86.411054
2026-04-12 23:00:00,N10,0.139,0.008035,7.32,-0.028,0.001031,28.0,23.765137,86.411054
2026-04-13 00:00:00,N10,-0.3345,0.005689,4.56,-0.0289,0.000481,21.7,23.765137,86.411054
2026-04-13 01:00:00,N10,-0.095,0.008416,1.94,-0.029,0.000486,21.9,23.765137,86.411054
2026-04-13 02:00:00,N10,0.0222,0.007754,1.92,-0.0298,0.000752,22.7,23.765137,86.411054
2026-04-13 03:00:00,N10,-0.0583,0.005351,1.87,-0.0305,0.001036,23.9,23.765137,86.411054
2026-04-13 04:00:00,N10,-0.1432,0.005552,9.51,-0.0319,0.000865,25.4,23.765137,86.411054
2026-04-13 05:00:00,N10,-0.1545,0.006114,1.24,-0.0322,0.000538,27.2,23.765137,86.411054
2026-04-13 06:00:00,N10,0.1982,0.005847,6.79,-0.033,0.000695,29.2,23.765137,86.411054
2026-04-13 07:00:00,N10,-0.0696,0.00582,3.34,-0.0336,0.00081,31.1,23.765137,86.411054
2026-04-13 08:00:00,N10,-0.0154,0.005135,7.2,-0.0346,0.00029,32.9,23.765137,86.411054
2026-04-13 09:00:00,N10,,,,,,,23.765137,86.411054
2026-04-13 10:00:00,N10,,,,,,,23.765137,86.411054
2026-04-13 11:00:00,N10,,,,,,,23.765137,86.411054
2026-04-13 12:00:00,N10,,,,,,,23.765137,86.411054
2026-04-13 13:00:00,N10,,,,,,,23.765137,86.411054
2026-04-13 14:00:00,N10,,,,,,,23.765137,86.411054
2026-04-13 15:00:00,N10,,,,,,,23.765137,86.411054
2026-04-13 16:00:00,N10,,,,,,,23.765137,86.411054
2026-04-13 17:00:00,N10,-0.0988,0.006784,5.91,-0.0383,0.000214,31.1,23.765137,86.411054
2026-04-13 18:00:00,N10,-0.0048,0.005856,5.9,-0.0377,0.000555,29.2,23.765137,86.411054
2026-04-13 19:00:00,N10,0.0146,0.008132,4.51,-0.0372,0.000464,27.2,23.765137,86.411054
2026-04-13 20:00:00,N10,-0.1705,0.00558,6.4,-0.0367,0.000138,25.4,23.765137,86.411054
2026-04-13 21:00:00,N10,-0.1623,0.00866,4.49,-0.0369,2.2e-05,23.9,23.765137,86.411054
2026-04-13 22:00:00,N10,0.0119,0.005191,4.85,-0.0368,0.000527,22.7,23.765137,86.411054
2026-04-13 23:00:00,N10,-0.0725,0.006648,8.73,-0.0359,0.000978,21.9,23.765137,86.411054
2026-04-14 00:00:00,N10,0.0443,0.005936,5.36,-0.0348,0.000743,23.2,23.765137,86.411054
2026-04-14 01:00:00,N10,0.0576,0.006464,8.08,-0.0344,0.000325,23.5,23.765137,86.411054
2026-04-14 02:00:00,N10,-0.0171,0.005989,8.49,-0.0342,0.000397,24.3,23.765137,86.411054
2026-04-14 03:00:00,N10,-0.1472,0.005114,4.39,-0.0336,0.000455,25.4,23.765137,86.411054
2026-04-14 04:00:00,N10,-0.1581,0.005151,8.67,-0.0333,0.00042,27.0,23.765137,86.411054
2026-04-14 05:00:00,N10,0.1106,0.007262,2.95,-0.0328,7.6e-05,28.8,23.765137,86.411054
2026-04-14 06:00:00,N10,-0.0085,0.007071,5.29,-0.0331,0.000115,30.7,23.765137,86.411054
2026-04-14 07:00:00,N10,-0.0137,0.008995,5.25,-0.033,0.00488,32.7,23.765137,86.411054
2026-04-14 08:00:00,N10,-0.156,0.608646,49.47,-0.0429,0.001235,34.5,23.765137,86.411054
2026-04-14 09:00:00,N10,-0.231,0.887412,37.63,-0.0305,0.005466,36.1,23.765137,86.411054
2026-04-14 10:00:00,N10,-0.0023,0.005399,3.84,-0.0319,0.000401,37.2,23.765137,86.411054
2026-04-14 11:00:00,N10,-0.0874,0.00537,6.26,-0.0313,0.000113,38.0,23.765137,86.411054
2026-04-14 12:00:00,N10,0.2258,0.005109,2.63,-0.0317,0.000184,38.2,23.765137,86.411054
2026-04-14 13:00:00,N10,0.2154,0.005067,6.87,-0.031,0.00069,38.0,23.765137,86.411054
2026-04-14 14:00:00,N10,,,,,,,23.765137,86.411054
2026-04-14 15:00:00,N10,,,,,,,23.765137,86.411054
2026-04-14 16:00:00,N10,,,,,,,23.765137,86.411054
2026-04-14 17:00:00,N10,,,,,,,23.765137,86.411054
2026-04-14 18:00:00,N10,,,,,,,23.765137,86.411054
2026-04-14 19:00:00,N10,-0.252,0.009076,3.07,-0.0273,0.000544,28.8,23.765137,86.411054
2026-04-14 20:00:00,N10,-0.1361,0.005235,1.47,-0.0272,0.000401,27.0,23.765137,86.411054
2026-04-14 21:00:00,N10,-0.392,0.008891,7.06,-0.0265,0.000289,25.4,23.765137,86.411054
2026-04-14 22:00:00,N10,0.4471,0.007204,7.11,-0.0266,0.00011,24.3,23.765137,86.411054
2026-04-14 23:00:00,N10,-0.0765,0.005322,3.94,-0.0263,0.00076,23.5,23.765137,86.411054
2026-04-15 00:00:00,N10,0.0235,0.005984,7.32,-0.0251,0.000957,28.7,23.765137,86.411054
2026-04-15 01:00:00,N10,0.0407,0.005111,5.86,-0.0244,0.000666,29.0,23.765137,86.411054
2026-04-15 02:00:00,N10,-0.0182,0.005717,5.23,-0.0237,0.000684,29.7,23.765137,86.411054
2026-04-15 03:00:00,N10,0.0823,0.007537,1.85,-0.023,0.000349,30.9,23.765137,86.411054
2026-04-15 04:00:00,N10,-0.0305,0.005175,2.22,-0.023,0.000255,32.5,23.765137,86.411054
2026-04-15 05:00:00,N10,0.1068,0.00945,9.64,-0.0225,0.008733,34.3,23.765137,86.411054
2026-04-15 06:00:00,N10,0.1353,0.780062,44.76,-0.0056,0.00818,36.2,23.765137,86.411054
2026-04-15 07:00:00,N10,-0.3218,0.503682,40.86,-0.0061,0.008485,38.2,23.765137,86.411054
2026-04-15 08:00:00,N10,-0.2945,0.005044,1.25,-0.0225,0.008489,40.0,23.765137,86.411054
2026-04-15 09:00:00,N10,0.086,0.005476,2.44,-0.0231,0.000109,41.5,23.765137,86.411054
2026-04-15 10:00:00,N10,-0.0501,0.006675,3.86,-0.0228,0.000161,42.7,23.765137,86.411054
2026-04-15 11:00:00,N10,-0.0426,0.00568,9.04,-0.0228,0.000358,43.5,23.765137,86.411054
2026-04-15 12:00:00,N10,0.1533,0.005875,8.38,-0.022,0.000777,43.7,23.765137,86.411054
2026-04-15 13:00:00,N10,-0.073,0.005014,6.35,-0.0212,0.007872,43.5,23.765137,86.411054
2026-04-15 14:00:00,N10,0.0011,0.739704,40.99,-0.0378,0.000116,42.7,23.765137,86.411054
2026-04-15 15:00:00,N10,0.1763,0.009968,7.07,-0.0215,0.008199,41.5,23.765137,86.411054
2026-04-15 16:00:00,N10,0.0087,0.008757,8.06,-0.0214,0.000155,40.0,23.765137,86.411054
2026-04-15 17:00:00,N10,-0.0609,0.006624,1.42,-0.0211,0.000152,38.2,23.765137,86.411054
2026-04-15 18:00:00,N10,-0.0379,0.006349,7.1,-0.0211,3.6e-05,36.2,23.765137,86.411054
2026-04-15 19:00:00,N10,,,,,,,23.765137,86.411054
2026-04-15 20:00:00,N10,,,,,,,23.765137,86.411054
2026-04-15 21:00:00,N10,0.1679,0.00636,7.35,-0.0209,0.000576,30.9,23.765137,86.411054
2026-04-15 22:00:00,N10,-0.0081,0.005252,3.46,-0.0217,0.000203,29.7,23.765137,86.411054
2026-04-15 23:00:00,N10,-0.0463,0.009151,7.64,-0.0213,9.1e-05,29.0,23.765137,86.411054
2026-04-16 00:00:00,N10,-0.0622,0.005379,9.67,-0.0216,4.7e-05,26.9,23.765137,86.411054
2026-04-16 01:00:00,N10,-0.3765,0.005562,2.32,-0.0214,2.2e-05,27.2,23.765137,86.411054
2026-04-16 02:00:00,N10,-0.0843,0.00571,6.75,-0.0215,1e-05,27.9,23.765137,86.411054
2026-04-16 03:00:00,N10,0.0338,0.005341,3.89,-0.0214,0.000395,29.1,23.765137,86.411054
2026-04-16 04:00:00,N10,-0.2107,0.006988,9.03,-0.0207,0.000274,30.7,23.765137,86.411054
2026-04-16 05:00:00,N10,-0.0229,0.005978,3.57,-0.0208,0.000179,32.5,23.765137,86.411054
2026-04-16 06:00:00,N10,-0.0791,0.006573,1.98,-0.0204,0.000747,34.4,23.765137,86.411054
2026-04-16 07:00:00,N10,-0.0595,0.008744,1.49,-0.0193,0.000333,36.4,23.765137,86.411054
2026-04-16 08:00:00,N10,-0.1411,0.007013,1.09,-0.0197,0.000262,38.2,23.765137,86.411054
2026-04-16 09:00:00,N10,0.065,0.006618,6.32,-0.0188,0.000365,39.7,23.765137,86.411054
2026-04-16 10:00:00,N10,-0.1076,0.007685,2.55,-0.019,0.000118,40.9,23.765137,86.411054
2026-04-16 11:00:00,N10,-0.261,0.00717,3.3,-0.019,0.007656,41.7,23.765137,86.411054
2026-04-16 12:00:00,N10,0.098,0.902104,46.51,-0.0343,0.000281,41.9,23.765137,86.411054
2026-04-16 13:00:00,N10,0.1546,0.005058,8.15,-0.0196,0.017309,41.7,23.765137,86.411054
2026-04-16 14:00:00,N10,-0.2156,0.665366,40.31,0.0003,2.5e-05,40.9,23.765137,86.411054
2026-04-16 15:00:00,N10,-0.022,0.005485,1.11,-0.0196,0.014899,39.7,23.765137,86.411054
2026-04-16 16:00:00,N10,-0.0185,0.689904,32.48,-0.0295,0.004531,38.2,23.765137,86.411054
2026-04-16 17:00:00,N10,-0.0264,0.722984,27.77,-0.0286,0.006013,36.4,23.765137,86.411054
2026-04-16 18:00:00,N10,-0.3684,0.005788,5.26,-0.0174,0.005406,34.4,23.765137,86.411054
2026-04-16 19:00:00,N10,0.1945,0.006069,8.94,-0.0178,0.000206,32.5,23.765137,86.411054
2026-04-16 20:00:00,N10,-0.0125,0.005508,6.7,-0.017,5.2e-05,30.7,23.765137,86.411054
2026-04-16 21:00:00,N10,-0.0191,0.007819,1.45,-0.0177,0.000487,29.1,23.765137,86.411054
2026-04-16 22:00:00,N10,-0.0539,0.005119,3.86,-0.018,0.000263,27.9,23.765137,86.411054
2026-04-16 23:00:00,N10,-0.1209,0.007567,3.06,-0.0182,0.000198,27.2,23.765137,86.411054
2026-04-17 00:00:00,N10,-0.1218,0.006037,1.63,-0.0184,0.000183,24.6,23.765137,86.411054
2026-04-17 01:00:00,N10,-0.0316,0.010474,5.21,-0.0186,0.000162,24.9,23.765137,86.411054
2026-04-17 02:00:00,N10,,,,,,,23.765137,86.411054
2026-04-17 03:00:00,N10,,,,,,,23.765137,86.411054
2026-04-17 04:00:00,N10,,,,,,,23.765137,86.411054
2026-04-17 05:00:00,N10,,,,,,,23.765137,86.411054
2026-04-17 06:00:00,N10,,,,,,,23.765137,86.411054
2026-04-17 07:00:00,N10,0.042,0.005987,7.56,-0.0193,0.000188,34.0,23.765137,86.411054
2026-04-17 08:00:00,N10,-0.3472,0.007269,1.94,-0.0192,0.000184,35.9,23.765137,86.411054
2026-04-17 09:00:00,N10,0.009,0.009253,8.01,-0.0189,0.000423,37.4,23.765137,86.411054
2026-04-17 10:00:00,N10,0.2155,0.006624,7.75,-0.0184,0.000576,38.6,23.765137,86.411054
2026-04-17 11:00:00,N10,0.0074,0.00622,7.07,-0.0177,0.000375,39.3,23.765137,86.411054
2026-04-17 12:00:00,N10,-0.0523,0.008324,3.19,-0.0176,0.000146,39.6,23.765137,86.411054
2026-04-17 13:00:00,N10,-0.1015,0.009729,3.44,-0.0175,4.8e-05,39.3,23.765137,86.411054
2026-04-17 14:00:00,N10,-0.1813,0.005767,5.86,-0.0175,2e-05,38.6,23.765137,86.411054
2026-04-17 15:00:00,N10,0.0508,0.006147,8.45,-0.0174,8e-05,37.4,23.765137,86.411054
2026-04-17 16:00:00,N10,0.0784,0.005836,8.35,-0.0174,0.006598,35.9,23.765137,86.411054
2026-04-17 17:00:00,N10,0.0147,0.856307,47.75,-0.0306,0.006876,34.0,23.765137,86.411054
2026-04-17 18:00:00,N10,0.0296,0.528187,32.48,-0.0311,0.006562,32.1,23.765137,86.411054
2026-04-17 19:00:00,N10,-0.1146,0.005133,1.99,-0.0175,0.007178,30.2,23.765137,86.411054
2026-04-17 20:00:00,N10,,,,,,,23.765137,86.411054
2026-04-17 21:00:00,N10,,,,,,,23.765137,86.411054
2026-04-17 22:00:00,N10,,,,,,,23.765137,86.411054
2026-04-17 23:00:00,N10,-0.2728,0.005637,2.96,-0.0175,0.000123,24.9,23.765137,86.411054
2026-04-18 00:00:00,N10,0.1098,0.00659,7.51,-0.0175,7.8e-05,23.1,23.765137,86.411054
2026-04-18 01:00:00,N10,-0.0642,0.005262,7.92,-0.0173,0.004899,23.3,23.765137,86.411054
2026-04-18 02:00:00,N10,,,,,,,23.765137,86.411054
2026-04-18 03:00:00,N10,,,,,,,23.765137,86.411054
2026-04-18 04:00:00,N10,,,,,,,23.765137,86.411054
2026-04-18 05:00:00,N10,,,,,,,23.765137,86.411054
2026-04-18 06:00:00,N10,,,,,,,23.765137,86.411054
2026-04-18 07:00:00,N10,0.0611,0.006505,7.09,-0.0061,0.000396,32.5,23.765137,86.411054
2026-04-18 08:00:00,N10,-0.1573,0.006976,5.41,-0.0061,8.8e-05,34.3,23.765137,86.411054
2026-04-18 09:00:00,N10,0.041,0.00669,6.82,-0.0059,0.00048,35.9,23.765137,86.411054
2026-04-18 10:00:00,N10,-0.1836,0.009326,2.85,-0.0051,0.003948,37.1,23.765137,86.411054
2026-04-18 11:00:00,N10,0.0714,0.626949,34.42,-0.0138,0.004094,37.8,23.765137,86.411054
2026-04-18 12:00:00,N10,0.0955,0.959801,19.64,-0.0133,0.004227,38.1,23.765137,86.411054
2026-04-18 13:00:00,N10,-0.1331,0.006898,7.25,-0.0053,0.003919,37.8,23.765137,86.411054
2026-04-18 14:00:00,N10,-0.0352,0.00516,6.77,-0.0055,0.009658,37.1,23.765137,86.411054
2026-04-18 15:00:00,N10,-0.0845,0.551802,28.93,0.014,0.005693,35.9,23.765137,86.411054
2026-04-18 16:00:00,N10,-0.075,0.754082,24.32,0.0059,0.004062,34.3,23.765137,86.411054
2026-04-18 17:00:00,N10,0.1744,0.892338,44.47,0.0059,0.005888,32.5,23.765137,86.411054
2026-04-18 18:00:00,N10,0.0329,0.007276,6.32,-0.0059,0.005743,30.6,23.765137,86.411054
2026-04-18 19:00:00,N10,-0.0711,0.006751,6.07,-0.0056,2.9e-05,28.6,23.765137,86.411054
2026-04-18 20:00:00,N10,-0.1825,0.006869,4.66,-0.0059,0.000499,26.8,23.765137,86.411054
2026-04-18 21:00:00,N10,-0.2796,0.006695,2.88,-0.0066,0.000253,25.3,23.765137,86.411054
2026-04-18 22:00:00,N10,0.195,0.006748,1.46,-0.0054,0.000691,24.1,23.765137,86.411054
2026-04-18 23:00:00,N10,0.158,0.008718,9.21,-0.0052,0.000276,23.3,23.765137,86.411054
2026-04-19 00:00:00,N10,-0.2083,0.008119,5.88,-0.0049,0.000212,23.8,23.765137,86.411054
2026-04-19 01:00:00,N10,0.1489,0.005931,2.52,-0.0048,2.1e-05,24.1,23.765137,86.411054
2026-04-19 02:00:00,N10,0.1204,0.006298,3.52,-0.0048,0.000214,24.8,23.765137,86.411054
2026-04-19 03:00:00,N10,,,,,,,23.765137,86.411054
2026-04-19 04:00:00,N10,,,,,,,23.765137,86.411054
2026-04-19 05:00:00,N10,0.0332,0.006702,6.58,-0.0048,4e-05,29.4,23.765137,86.411054
2026-04-19 06:00:00,N10,-0.0751,0.007184,4.24,-0.005,0.000329,31.3,23.765137,86.411054
2026-04-19 07:00:00,N10,0.099,0.006875,9.56,-0.0042,0.000554,33.2,23.765137,86.411054
2026-04-19 08:00:00,N10,0.3022,0.007418,6.44,-0.0039,0.000246,35.1,23.765137,86.411054
2026-04-19 09:00:00,N10,-0.0666,0.00782,6.17,-0.0047,0.000269,36.6,23.765137,86.411054
2026-04-19 10:00:00,N10,-0.0255,0.006241,6.89,-0.0044,2.6e-05,37.8,23.765137,86.411054
2026-04-19 11:00:00,N10,-0.1211,0.006495,3.87,-0.0046,0.008671,38.5,23.765137,86.411054
2026-04-19 12:00:00,N10,0.1424,0.703579,18.35,-0.0218,0.000489,38.8,23.765137,86.411054
2026-04-19 13:00:00,N10,-0.1144,0.0054,5.59,-0.0056,0.007871,38.5,23.765137,86.411054
2026-04-19 14:00:00,N10,0.1617,0.005037,9.98,-0.006,0.000749,37.8,23.765137,86.411054
2026-04-19 15:00:00,N10,0.0176,0.006639,1.91,-0.0071,0.009415,36.6,23.765137,86.411054
2026-04-19 16:00:00,N10,0.2042,0.58912,43.06,-0.0248,0.006753,35.1,23.765137,86.411054
2026-04-19 17:00:00,N10,-0.0021,0.741703,25.94,0.0064,0.015307,33.2,23.765137,86.411054
2026-04-19 18:00:00,N10,0.0413,0.742207,49.23,0.0058,0.006906,31.3,23.765137,86.411054
2026-04-19 19:00:00,N10,0.0939,0.006557,1.1,-0.0074,0.006653,29.4,23.765137,86.411054
2026-04-19 20:00:00,N10,-0.1212,0.006726,9.59,-0.0075,5.6e-05,27.6,23.765137,86.411054
2026-04-19 21:00:00,N10,0.2848,0.006775,9.43,-0.0075,0.000257,26.0,23.765137,86.411054
2026-04-19 22:00:00,N10,0.0709,0.0073,2.37,-0.0081,0.000553,24.8,23.765137,86.411054
2026-04-19 23:00:00,N10,-0.0293,0.008355,8.72,-0.0086,0.000153,24.1,23.765137,86.411054
2026-04-20 00:00:00,N10,0.3569,0.006539,1.42,-0.0084,0.000246,27.7,23.765137,86.411054
2026-04-20 01:00:00,N10,0.0202,0.0052,3.7,-0.0081,0.000204,27.9,23.765137,86.411054
2026-04-20 02:00:00,N10,-0.0504,0.00553,7.69,-0.0079,0.000694,28.7,23.765137,86.411054
2026-04-20 03:00:00,N10,0.0885,0.005789,8.41,-0.0067,0.001208,29.9,23.765137,86.411054
2026-04-20 04:00:00,N10,0.2227,0.005643,2.66,-0.0055,0.001048,31.4,23.765137,86.411054
2026-04-20 05:00:00,N10,-0.3565,0.009508,6.24,-0.0047,0.001027,33.2,23.765137,86.411054
2026-04-20 06:00:00,N10,0.0529,0.006597,6.47,-0.0035,0.000861,35.2,23.765137,86.411054
2026-04-20 07:00:00,N10,0.6571,0.005254,3.61,-0.0029,0.00052,37.1,23.765137,86.411054
2026-04-20 08:00:00,N10,0.0877,0.008289,9.02,-0.0024,0.000957,38.9,23.765137,86.411054
2026-04-20 09:00:00,N10,-0.1096,0.006248,8.47,-0.001,0.004766,40.5,23.765137,86.411054
2026-04-20 10:00:00,N10,0.12,0.580488,22.08,0.0071,0.001276,41.7,23.765137,86.411054
2026-04-20 11:00:00,N10,0.0042,0.005043,3.66,0.0015,0.002267,42.4,23.765137,86.411054
2026-04-20 12:00:00,N10,0.2488,0.006167,4.79,0.0026,0.000649,42.7,23.765137,86.411054
2026-04-20 13:00:00,N10,-0.1557,0.009166,6.22,0.0028,0.000163,42.4,23.765137,86.411054
2026-04-20 14:00:00,N10,-0.0755,0.005243,5.53,0.0029,0.0001,41.7,23.765137,86.411054
2026-04-20 15:00:00,N10,-0.0615,0.008055,3.16,0.003,0.004777,40.5,23.765137,86.411054
2026-04-20 16:00:00,N10,0.3338,0.964731,17.5,-0.0067,0.00701,38.9,23.765137,86.411054
2026-04-20 17:00:00,N10,-0.0014,0.88326,15.79,-0.011,0.001936,37.1,23.765137,86.411054
2026-04-20 18:00:00,N10,0.4087,0.958259,30.33,-0.0105,0.008155,35.2,23.765137,86.411054
2026-04-20 19:00:00,N10,-0.1083,0.00547,4.79,0.0053,0.008312,33.2,23.765137,86.411054
2026-04-20 20:00:00,N10,0.2084,0.005362,5.5,0.0061,2.5e-05,31.4,23.765137,86.411054
2026-04-20 21:00:00,N10,-0.1212,0.005368,2.38,0.0053,0.000388,29.9,23.765137,86.411054
2026-04-20 22:00:00,N10,0.0657,0.007966,6.62,0.0053,0.00046,28.7,23.765137,86.411054
2026-04-20 23:00:00,N10,,,,,,,23.765137,86.411054
2026-04-21 00:00:00,N10,,,,,,,23.765137,86.411054
2026-04-21 01:00:00,N10,,,,,,,23.765137,86.411054
2026-04-21 02:00:00,N10,0.1102,0.005147,4.79,0.0044,8.3e-05,27.0,23.765137,86.411054
2026-04-21 03:00:00,N10,0.1096,0.007161,6.86,0.004,0.000164,28.2,23.765137,86.411054
2026-04-21 04:00:00,N10,0.1683,0.007,7.07,0.0041,0.000255,29.8,23.765137,86.411054
2026-04-21 05:00:00,N10,-0.0959,0.005546,5.24,0.0045,0.000119,31.6,23.765137,86.411054
2026-04-21 06:00:00,N10,0.1128,0.005185,7.96,0.0044,0.000568,33.5,23.765137,86.411054
2026-04-21 07:00:00,N10,0.1414,0.009121,7.02,0.0056,0.000485,35.4,23.765137,86.411054
2026-04-21 08:00:00,N10,-0.0367,0.005843,9.53,0.0053,0.003522,37.3,23.765137,86.411054
2026-04-21 09:00:00,N10,,,,,,,23.765137,86.411054
2026-04-21 10:00:00,N10,,,,,,,23.765137,86.411054
2026-04-21 11:00:00,N10,,,,,,,23.765137,86.411054
2026-04-21 12:00:00,N10,,,,,,,23.765137,86.411054
2026-04-21 13:00:00,N10,0.0151,0.006166,1.89,0.0083,0.000574,40.7,23.765137,86.411054
2026-04-21 14:00:00,N10,-0.0092,0.007097,9.97,0.0087,0.00055,40.0,23.765137,86.411054
2026-04-21 15:00:00,N10,0.3411,0.006505,7.44,0.0094,0.000648,38.8,23.765137,86.411054
2026-04-21 16:00:00,N10,0.0038,0.005595,3.46,0.01,0.000211,37.3,23.765137,86.411054
2026-04-21 17:00:00,N10,0.017,0.009564,3.55,0.0099,0.000262,35.4,23.765137,86.411054
2026-04-21 18:00:00,N10,0.0085,0.007568,6.81,0.0105,0.000135,33.5,23.765137,86.411054
2026-04-21 19:00:00,N10,-0.1263,0.005749,4.2,0.0101,0.000208,31.6,23.765137,86.411054
2026-04-21 20:00:00,N10,0.2511,0.006117,7.42,0.0109,1.1e-05,29.8,23.765137,86.411054
2026-04-21 21:00:00,N10,-0.0071,0.006365,4.09,0.0101,0.000549,28.2,23.765137,86.411054
2026-04-21 22:00:00,N10,-0.1523,0.007708,7.11,0.0098,0.00041,27.0,23.765137,86.411054
2026-04-21 23:00:00,N10,-0.1793,0.005268,3.18,0.0093,0.000294,26.3,23.765137,86.411054
2026-04-22 00:00:00,N10,-0.4254,0.008368,2.24,0.0092,0.000365,26.8,23.765137,86.411054
2026-04-22 01:00:00,N10,0.0833,0.005276,4.03,0.0086,0.000439,27.0,23.765137,86.411054
2026-04-22 02:00:00,N10,0.0068,0.006803,9.67,0.0084,0.000119,27.8,23.765137,86.411054
2026-04-22 03:00:00,N10,0.081,0.006647,8.44,0.0083,6.9e-05,29.0,23.765137,86.411054
2026-04-22 04:00:00,N10,-0.1186,0.005274,3.98,0.0082,0.000571,30.5,23.765137,86.411054
2026-04-22 05:00:00,N10,0.0207,0.005278,5.29,0.0072,0.000197,32.3,23.765137,86.411054
2026-04-22 06:00:00,N10,-0.0981,0.0062,2.58,0.0078,5.1e-05,34.3,23.765137,86.411054
2026-04-22 07:00:00,N10,0.1498,0.005824,2.25,0.0073,0.000332,36.2,23.765137,86.411054
2026-04-22 08:00:00,N10,-0.0618,0.005353,6.56,0.0072,0.000309,38.0,23.765137,86.411054
2026-04-22 09:00:00,N10,0.1004,0.0063,1.47,0.0067,0.00025,39.6,23.765137,86.411054
2026-04-22 10:00:00,N10,,,,,,,23.765137,86.411054
2026-04-22 11:00:00,N10,,,,,,,23.765137,86.411054
2026-04-22 12:00:00,N10,,,,,,,23.765137,86.411054
2026-04-22 13:00:00,N10,,,,,,,23.765137,86.411054
2026-04-22 14:00:00,N10,-0.1388,0.009153,5.85,0.0055,0.008852,40.8,23.765137,86.411054
2026-04-22 15:00:00,N10,0.1529,0.007171,7.88,0.0051,0.000294,39.6,23.765137,86.411054
2026-04-22 16:00:00,N10,0.0475,0.006203,7.2,0.0049,8.3e-05,38.0,23.765137,86.411054
2026-04-22 17:00:00,N10,0.1687,0.007376,3.49,0.005,0.000247,36.2,23.765137,86.411054
2026-04-22 18:00:00,N10,0.0095,0.00616,3.83,0.0044,0.000159,34.3,23.765137,86.411054
2026-04-22 19:00:00,N10,0.1884,0.005504,9.15,0.0047,0.00044,32.3,23.765137,86.411054
2026-04-22 20:00:00,N10,0.1412,0.009925,4.5,0.0035,0.000648,30.5,23.765137,86.411054
2026-04-22 21:00:00,N10,-0.0784,0.006981,2.38,0.0034,0.000145,29.0,23.765137,86.411054
2026-04-22 22:00:00,N10,-0.066,0.005682,5.69,0.0038,7e-06,27.8,23.765137,86.411054
2026-04-22 23:00:00,N10,0.3051,0.006149,4.91,0.0034,0.000119,27.0,23.765137,86.411054
2026-04-23 00:00:00,N10,0.0336,0.008739,7.53,0.0036,0.000316,24.6,23.765137,86.411054
2026-04-23 01:00:00,N10,-0.028,0.005419,1.9,0.004,0.000251,24.8,23.765137,86.411054
2026-04-23 02:00:00,N10,0.0098,0.006552,3.3,0.0041,0.000192,25.6,23.765137,86.411054
2026-04-23 03:00:00,N10,0.0393,0.006108,5.18,0.0036,0.000581,26.8,23.765137,86.411054
2026-04-23 04:00:00,N10,0.068,0.006165,5.51,0.0029,0.000572,28.3,23.765137,86.411054
2026-04-23 05:00:00,N10,-0.0524,0.005212,6.69,0.0025,8e-05,30.1,23.765137,86.411054
2026-04-23 06:00:00,N10,-0.0493,0.006052,5.97,0.0028,0.007779,32.1,23.765137,86.411054
2026-04-23 07:00:00,N10,-0.0982,0.998073,39.99,-0.0131,0.000318,34.0,23.765137,86.411054
2026-04-23 08:00:00,N10,,,,,,,23.765137,86.411054
2026-04-23 09:00:00,N10,,,,,,,23.765137,86.411054
2026-04-23 10:00:00,N10,-0.066,0.00614,7.15,0.0013,0.000745,38.6,23.765137,86.411054
2026-04-23 11:00:00,N10,-0.0136,0.006976,5.65,0.0006,0.000718,39.3,23.765137,86.411054
2026-04-23 12:00:00,N10,0.0775,0.008235,8.91,-0.0001,0.000503,39.6,23.765137,86.411054
2026-04-23 13:00:00,N10,-0.1526,0.006602,5.84,-0.0004,0.008908,39.3,23.765137,86.411054
2026-04-23 14:00:00,N10,-0.2157,0.918736,25.64,0.0177,0.009099,38.6,23.765137,86.411054
2026-04-23 15:00:00,N10,-0.01,0.903482,40.97,0.0178,0.009583,37.4,23.765137,86.411054
2026-04-23 16:00:00,N10,-0.0646,0.010842,3.77,-0.0014,0.00971,35.8,23.765137,86.411054
2026-04-23 17:00:00,N10,0.1552,0.006881,9.48,-0.0016,0.000284,34.0,23.765137,86.411054
2026-04-23 18:00:00,N10,-0.0189,0.005893,4.72,-0.002,0.000366,32.1,23.765137,86.411054
2026-04-23 19:00:00,N10,0.0576,0.00653,5.8,-0.0009,0.000539,30.1,23.765137,86.411054
2026-04-23 20:00:00,N10,0.0037,0.006617,6.34,-0.0009,0.00023,28.3,23.765137,86.411054
2026-04-23 21:00:00,N10,-0.1223,0.006001,9.62,-0.0014,0.000255,26.8,23.765137,86.411054
2026-04-23 22:00:00,N10,-0.0909,0.005332,7.0,-0.0014,0.000615,25.6,23.765137,86.411054
2026-04-23 23:00:00,N10,0.1199,0.00698,9.77,-0.0026,0.000519,24.8,23.765137,86.411054
2026-04-24 00:00:00,N10,-0.0296,0.006601,3.37,-0.0025,3e-06,25.8,23.765137,86.411054
2026-04-24 01:00:00,N10,0.2469,0.007408,5.91,-0.0026,0.000102,26.0,23.765137,86.411054
2026-04-24 02:00:00,N10,-0.2304,0.005937,9.0,-0.0027,0.00021,26.8,23.765137,86.411054
2026-04-24 03:00:00,N10,0.3203,0.006015,3.04,-0.0022,0.000134,28.0,23.765137,86.411054
2026-04-24 04:00:00,N10,,,,,,,23.765137,86.411054
2026-04-24 05:00:00,N10,,,,,,,23.765137,86.411054
2026-04-24 06:00:00,N10,-0.1792,0.008466,1.82,-0.0038,0.000791,33.3,23.765137,86.411054
2026-04-24 07:00:00,N10,0.3755,0.005006,2.11,-0.0043,0.000273,35.2,23.765137,86.411054
2026-04-24 08:00:00,N10,0.0302,0.008234,6.07,-0.0043,0.002205,37.0,23.765137,86.411054
2026-04-24 09:00:00,N10,-0.0617,0.761036,19.04,-0.0087,0.000328,38.6,23.765137,86.411054
2026-04-24 10:00:00,N10,-0.1515,0.007897,3.42,-0.005,0.001885,39.8,23.765137,86.411054
2026-04-24 11:00:00,N10,0.3193,0.006744,8.41,-0.0049,0.003482,40.5,23.765137,86.411054
2026-04-24 12:00:00,N10,-0.0418,0.833738,40.77,-0.012,0.000356,40.8,23.765137,86.411054
2026-04-24 13:00:00,N10,0.0545,0.005767,9.26,-0.0042,0.004015,40.5,23.765137,86.411054
2026-04-24 14:00:00,N10,0.4056,0.005556,6.76,-0.0039,7.4e-05,39.8,23.765137,86.411054
2026-04-24 15:00:00,N10,-0.0816,0.005126,4.96,-0.0041,0.000209,38.6,23.765137,86.411054
2026-04-24 16:00:00,N10,-0.0642,0.006559,9.72,-0.0043,8.7e-05,37.0,23.765137,86.411054
2026-04-24 17:00:00,N10,-0.1204,0.007071,1.08,-0.0039,0.0,35.2,23.765137,86.411054
2026-04-24 18:00:00,N10,0.0277,0.00579,5.54,-0.0043,7e-06,33.3,23.765137,86.411054
2026-04-24 19:00:00,N10,-0.1009,0.007398,3.11,-0.0039,8.3e-05,31.3,23.765137,86.411054
2026-04-24 20:00:00,N10,0.0479,0.00772,5.0,-0.0042,0.000179,29.5,23.765137,86.411054
2026-04-24 21:00:00,N10,0.0212,0.007182,9.45,-0.0035,0.000163,28.0,23.765137,86.411054
2026-04-24 22:00:00,N10,-0.183,0.006761,6.03,-0.0039,4.3e-05,26.8,23.765137,86.411054
2026-04-24 23:00:00,N10,-0.0653,0.00732,5.16,-0.0036,4.4e-05,26.0,23.765137,86.411054
2026-04-25 00:00:00,N10,-0.1215,0.005809,7.8,-0.0038,0.000154,24.6,23.765137,86.411054
2026-04-25 01:00:00,N10,0.1948,0.006299,2.49,-0.0033,0.000191,24.9,23.765137,86.411054
2026-04-25 02:00:00,N10,0.1459,0.00617,2.27,-0.0034,2.4e-05,25.6,23.765137,86.411054
2026-04-25 03:00:00,N10,0.1452,0.006754,5.1,-0.0034,2.4e-05,26.8,23.765137,86.411054
2026-04-25 04:00:00,N10,0.352,0.00737,7.41,-0.0034,0.00033,28.4,23.765137,86.411054
2026-04-25 05:00:00,N10,0.0444,0.006175,3.08,-0.0027,0.007841,30.2,23.765137,86.411054
2026-04-25 06:00:00,N10,-0.164,0.913068,17.17,-0.0191,0.008511,32.1,23.765137,86.411054
2026-04-25 07:00:00,N10,-0.198,0.519857,20.72,-0.0197,0.008101,34.1,23.765137,86.411054
2026-04-25 08:00:00,N10,-0.1028,0.009402,3.12,-0.0029,0.008511,35.9,23.765137,86.411054
2026-04-25 09:00:00,N10,0.0951,0.006433,1.96,-0.0027,0.000287,37.4,23.765137,86.411054
2026-04-25 10:00:00,N10,-0.2181,0.005914,2.63,-0.0023,0.000556,38.6,23.765137,86.411054
2026-04-25 11:00:00,N10,-0.1505,0.005264,1.78,-0.0016,0.00067,39.4,23.765137,86.411054
2026-04-25 12:00:00,N10,0.2495,0.007006,7.99,-0.001,0.000404,39.6,23.765137,86.411054
2026-04-25 13:00:00,N10,0.1924,0.005313,9.23,-0.0008,0.008414,39.4,23.765137,86.411054
2026-04-25 14:00:00,N10,-0.1569,0.811352,34.49,0.0158,0.005783,38.6,23.765137,86.411054
2026-04-25 15:00:00,N10,0.1817,0.846055,34.59,0.0108,0.008353,37.4,23.765137,86.411054
2026-04-25 16:00:00,N10,-0.048,0.006325,6.35,-0.0009,0.005968,35.9,23.765137,86.411054
2026-04-25 17:00:00,N10,0.0103,0.00749,1.01,-0.0012,2.3e-05,34.1,23.765137,86.411054
2026-04-25 18:00:00,N10,0.1548,0.00821,8.22,-0.0009,0.000261,32.1,23.765137,86.411054
2026-04-25 19:00:00,N10,0.0905,0.007487,4.22,-0.0006,6.1e-05,30.2,23.765137,86.411054
2026-04-25 20:00:00,N10,-0.1929,0.008455,6.11,-0.0008,0.000117,28.4,23.765137,86.411054
2026-04-25 21:00:00,N10,-0.2537,0.005191,6.88,-0.0009,0.000197,26.8,23.765137,86.411054
2026-04-25 22:00:00,N10,0.1369,0.00819,2.33,-0.0012,0.000448,25.6,23.765137,86.411054
2026-04-25 23:00:00,N10,-0.1329,0.005985,4.29,-0.0018,0.000325,24.9,23.765137,86.411054
2026-04-26 00:00:00,N10,-0.1812,0.005403,1.04,-0.0018,0.000187,27.3,23.765137,86.411054
2026-04-26 01:00:00,N10,-0.1275,0.008459,8.3,-0.0014,6.3e-05,27.5,23.765137,86.411054
2026-04-26 02:00:00,N10,0.0351,0.005235,7.79,-0.002,0.000639,28.3,23.765137,86.411054
2026-04-26 03:00:00,N10,0.2803,0.009301,1.17,-0.0027,0.000367,29.5,23.765137,86.411054
2026-04-26 04:00:00,N10,0.0934,0.005885,1.68,-0.0027,0.000385,31.0,23.765137,86.411054
2026-04-26 05:00:00,N10,-0.1045,0.006287,8.26,-0.0034,0.004229,32.8,23.765137,86.411054
2026-04-26 06:00:00,N10,-0.13,0.010015,5.86,-0.0112,0.004631,34.8,23.765137,86.411054
2026-04-26 07:00:00,N10,-0.328,0.725562,44.56,-0.0127,0.000728,36.7,23.765137,86.411054
2026-04-26 08:00:00,N10,0.275,0.790713,46.25,-0.0126,0.00058,38.5,23.765137,86.411054
2026-04-26 09:00:00,N10,-0.0716,0.007494,5.6,-0.0115,0.000521,40.1,23.765137,86.411054
2026-04-26 10:00:00,N10,-0.0289,0.006003,8.59,-0.0116,0.000477,41.3,23.765137,86.411054
2026-04-26 11:00:00,N10,-0.0903,0.007589,3.66,-0.0106,0.000834,42.0,23.765137,86.411054
2026-04-26 12:00:00,N10,-0.0913,0.006109,6.73,-0.0099,0.000167,42.3,23.765137,86.411054
2026-04-26 13:00:00,N10,-0.0475,0.007265,6.83,-0.0103,0.000125,42.0,23.765137,86.411054
2026-04-26 14:00:00,N10,-0.0397,0.006148,3.96,-0.0102,0.000494,41.3,23.765137,86.411054
2026-04-26 15:00:00,N10,0.1437,0.011904,9.71,-0.0093,0.000294,40.1,23.765137,86.411054
2026-04-26 16:00:00,N10,0.0449,0.008428,9.49,-0.0096,0.008261,38.5,23.765137,86.411054
2026-04-26 17:00:00,N10,-0.1562,0.78319,18.18,0.0073,0.008472,36.7,23.765137,86.411054
2026-04-26 18:00:00,N10,-0.0157,0.521851,30.61,0.0074,0.008805,34.8,23.765137,86.411054
2026-04-26 19:00:00,N10,0.0149,0.00543,7.96,-0.0104,0.009101,32.8,23.765137,86.411054
2026-04-26 20:00:00,N10,-0.0443,0.00653,9.38,-0.0108,0.000355,31.0,23.765137,86.411054
2026-04-26 21:00:00,N10,0.0331,0.005451,9.51,-0.0111,0.000233,29.5,23.765137,86.411054
2026-04-26 22:00:00,N10,0.1663,0.005222,9.68,-0.0113,0.000438,28.3,23.765137,86.411054
2026-04-26 23:00:00,N10,0.1211,0.005071,9.6,-0.0119,0.000133,27.5,23.765137,86.411054
2026-04-27 00:00:00,N10,0.1642,0.006111,9.93,-0.0116,0.000237,24.2,23.765137,86.411054
2026-04-27 01:00:00,N10,-0.1938,0.005386,1.59,-0.0124,0.000301,24.5,23.765137,86.411054
2026-04-27 02:00:00,N10,,,,,,,23.765137,86.411054
2026-04-27 03:00:00,N10,,,,,,,23.765137,86.411054
2026-04-27 04:00:00,N10,,,,,,,23.765137,86.411054
2026-04-27 05:00:00,N10,,,,,,,23.765137,86.411054
2026-04-27 06:00:00,N10,-0.1468,0.005793,9.34,-0.0126,0.005923,31.7,23.765137,86.411054
2026-04-27 07:00:00,N10,0.2203,0.511898,39.13,-0.0237,0.00534,33.7,23.765137,86.411054
2026-04-27 08:00:00,N10,0.0479,0.847927,34.71,-0.0233,0.006038,35.5,23.765137,86.411054
2026-04-27 09:00:00,N10,0.265,0.005876,6.73,-0.0116,0.00601,37.0,23.765137,86.411054
2026-04-27 10:00:00,N10,-0.0204,0.006541,7.32,-0.0112,0.000375,38.2,23.765137,86.411054
2026-04-27 11:00:00,N10,-0.0766,0.006647,5.62,-0.0124,0.000567,39.0,23.765137,86.411054
2026-04-27 12:00:00,N10,-0.0203,0.005828,1.89,-0.0124,6.4e-05,39.2,23.765137,86.411054
2026-04-27 13:00:00,N10,0.09,0.005455,3.92,-0.0125,0.000235,39.0,23.765137,86.411054
2026-04-27 14:00:00,N10,,,,,,,23.765137,86.411054
2026-04-27 15:00:00,N10,,,,,,,23.765137,86.411054
2026-04-27 16:00:00,N10,,,,,,,23.765137,86.411054
2026-04-27 17:00:00,N10,,,,,,,23.765137,86.411054
2026-04-27 18:00:00,N10,,,,,,,23.765137,86.411054
2026-04-27 19:00:00,N10,0.1215,0.005163,1.82,-0.0137,0.004769,29.8,23.765137,86.411054
2026-04-27 20:00:00,N10,-0.1319,0.009507,2.69,-0.0135,0.00024,28.0,23.765137,86.411054
2026-04-27 21:00:00,N10,0.1217,0.006202,6.29,-0.0132,0.000248,26.4,23.765137,86.411054
2026-04-27 22:00:00,N10,-0.0348,0.00653,8.85,-0.013,0.000271,25.2,23.765137,86.411054
2026-04-27 23:00:00,N10,0.0118,0.006494,7.24,-0.0138,0.000293,24.5,23.765137,86.411054
2026-04-28 00:00:00,N10,-0.0678,0.005899,4.66,-0.0136,0.000218,27.5,23.765137,86.411054
2026-04-28 01:00:00,N10,-0.2501,0.005153,9.7,-0.0134,0.000172,27.7,23.765137,86.411054
2026-04-28 02:00:00,N10,-0.124,0.005444,3.3,-0.0132,0.000549,28.5,23.765137,86.411054
2026-04-28 03:00:00,N10,-0.1158,0.005461,1.61,-0.0123,0.000538,29.7,23.765137,86.411054
2026-04-28 04:00:00,N10,0.2581,0.006244,8.28,-0.0122,0.000294,31.2,23.765137,86.411054
2026-04-28 05:00:00,N10,0.0339,0.009374,6.47,-0.0117,0.000242,33.0,23.765137,86.411054
2026-04-28 06:00:00,N10,-0.0391,0.005934,7.5,-0.0117,0.000501,35.0,23.765137,86.411054
2026-04-28 07:00:00,N10,0.0527,0.006412,4.22,-0.0107,0.000443,36.9,23.765137,86.411054
2026-04-28 08:00:00,N10,0.0713,0.009482,8.72,-0.0108,0.009919,38.7,23.765137,86.411054
2026-04-28 09:00:00,N10,-0.0473,0.533089,32.2,-0.0305,2.1e-05,40.3,23.765137,86.411054
2026-04-28 10:00:00,N10,0.2662,0.005314,8.6,-0.0107,0.009471,41.5,23.765137,86.411054
2026-04-28 11:00:00,N10,0.2195,0.006673,7.02,-0.0116,2.5e-05,42.2,23.765137,86.411054
2026-04-28 12:00:00,N10,0.177,0.00821,3.57,-0.0108,0.000583,42.5,23.765137,86.411054
2026-04-28 13:00:00,N10,-0.2181,0.005891,1.62,-0.0104,0.000293,42.2,23.765137,86.411054
2026-04-28 14:00:00,N10,0.275,0.006133,6.86,-0.0114,0.000302,41.5,23.765137,86.411054
2026-04-28 15:00:00,N10,0.2253,0.006841,6.17,-0.011,0.009804,40.3,23.765137,86.411054
2026-04-28 16:00:00,N10,-0.0384,0.602606,43.23,-0.031,0.010437,38.7,23.765137,86.411054
2026-04-28 17:00:00,N10,-0.0848,0.597228,16.75,-0.0319,0.009549,36.9,23.765137,86.411054
2026-04-28 18:00:00,N10,0.0333,0.006374,1.06,-0.0119,0.010129,35.0,23.765137,86.411054
2026-04-28 19:00:00,N10,0.0435,0.006538,8.14,-0.0116,0.00022,33.0,23.765137,86.411054
2026-04-28 20:00:00,N10,0.013,0.005921,5.66,-0.0123,2.8e-05,31.2,23.765137,86.411054
2026-04-28 21:00:00,N10,0.16,0.006572,9.55,-0.0116,0.000312,29.7,23.765137,86.411054
2026-04-28 22:00:00,N10,-0.1426,0.006259,3.78,-0.0117,5.4e-05,28.5,23.765137,86.411054
2026-04-28 23:00:00,N10,0.2297,0.005768,8.71,-0.0117,6e-05,27.7,23.765137,86.411054
2026-04-29 00:00:00,N10,-0.3612,0.007164,1.31,-0.0118,0.000478,26.9,23.765137,86.411054
2026-04-29 01:00:00,N10,-0.2502,0.007063,2.41,-0.0126,0.000392,27.1,23.765137,86.411054
2026-04-29 02:00:00,N10,-0.0458,0.005402,3.93,-0.0126,4.8e-05,27.9,23.765137,86.411054
2026-04-29 03:00:00,N10,-0.0587,0.007924,3.94,-0.0125,0.000479,29.1,23.765137,86.411054
2026-04-29 04:00:00,N10,,,,,,,23.765137,86.411054
2026-04-29 05:00:00,N10,,,,,,,23.765137,86.411054
2026-04-29 06:00:00,N10,,,,,,,23.765137,86.411054
2026-04-29 07:00:00,N10,,,,,,,23.765137,86.411054
2026-04-29 08:00:00,N10,,,,,,,23.765137,86.411054
2026-04-29 09:00:00,N10,-0.0972,0.00553,1.06,-0.0129,0.002831,39.7,23.765137,86.411054
2026-04-29 10:00:00,N10,0.0189,0.572713,45.02,-0.0189,0.000582,40.9,23.765137,86.411054
2026-04-29 11:00:00,N10,-0.0448,0.00636,4.11,-0.0117,0.003939,41.6,23.765137,86.411054
2026-04-29 12:00:00,N10,0.0188,0.007406,3.23,-0.011,0.000257,41.9,23.765137,86.411054
2026-04-29 13:00:00,N10,-0.2024,0.005689,10.0,-0.0112,0.000334,41.6,23.765137,86.411054
2026-04-29 14:00:00,N10,-0.1789,0.006729,8.47,-0.0117,0.000173,40.9,23.765137,86.411054
2026-04-29 15:00:00,N10,-0.1083,0.007106,2.43,-0.0116,0.000399,39.7,23.765137,86.411054
2026-04-29 16:00:00,N10,0.1032,0.005523,5.98,-0.0109,0.00046,38.1,23.765137,86.411054
2026-04-29 17:00:00,N10,-0.2207,0.006682,6.97,-0.0106,6.8e-05,36.3,23.765137,86.411054
2026-04-29 18:00:00,N10,-0.1617,0.005755,3.19,-0.011,0.000246,34.4,23.765137,86.411054
2026-04-29 19:00:00,N10,0.15,0.006818,9.92,-0.0111,2e-05,32.5,23.765137,86.411054
2026-04-29 20:00:00,N10,-0.189,0.006446,4.1,-0.011,0.000811,30.6,23.765137,86.411054
2026-04-29 21:00:00,N10,0.1341,0.007198,4.46,-0.0095,0.001163,29.1,23.765137,86.411054
2026-04-29 22:00:00,N10,-0.0431,0.007432,1.29,-0.0087,4.6e-05,27.9,23.765137,86.411054
2026-04-29 23:00:00,N10,0.1098,0.006336,3.54,-0.0094,0.000526,27.1,23.765137,86.411054
2026-04-30 00:00:00,N10,-0.0709,0.007454,2.91,-0.0097,0.000185,24.3,23.765137,86.411054
2026-04-30 01:00:00,N10,0.0342,0.007391,9.31,-0.0098,0.000131,24.6,23.765137,86.411054
2026-04-30 02:00:00,N10,-0.1411,0.006034,5.68,-0.0094,0.000161,25.3,23.765137,86.411054
2026-04-30 03:00:00,N10,-0.1228,0.005307,2.23,-0.0101,0.000409,26.5,23.765137,86.411054
2026-04-30 04:00:00,N10,-0.3484,0.005129,9.08,-0.0103,0.000234,28.1,23.765137,86.411054
2026-04-30 05:00:00,N10,0.0147,0.005137,2.72,-0.0106,0.009711,29.9,23.765137,86.411054
2026-04-30 06:00:00,N10,0.0772,0.613292,35.45,0.0092,0.009969,31.8,23.765137,86.411054
2026-04-30 07:00:00,N10,-0.2097,0.891892,32.1,0.0094,0.009476,33.8,23.765137,86.411054
2026-04-30 08:00:00,N10,0.1633,0.005629,7.92,-0.0098,0.009887,35.6,23.765137,86.411054
2026-04-30 09:00:00,N10,-0.2224,0.00738,1.2,-0.0104,0.002232,37.1,23.765137,86.411054
2026-04-30 10:00:00,N10,0.0421,0.680023,31.11,-0.0053,0.002416,38.3,23.765137,86.411054
2026-04-30 11:00:00,N10,-0.0659,0.749359,44.2,-0.0056,0.002527,39.1,23.765137,86.411054
2026-04-30 12:00:00,N10,0.0636,0.006492,4.79,-0.0104,0.002328,39.3,23.765137,86.411054
2026-04-30 13:00:00,N10,-0.113,0.005992,8.08,-0.0102,0.000411,39.1,23.765137,86.411054
2026-04-30 14:00:00,N10,-0.1785,0.008377,6.3,-0.0096,9.7e-05,38.3,23.765137,86.411054
2026-04-30 15:00:00,N10,-0.0137,0.005797,6.48,-0.0104,0.000569,37.1,23.765137,86.411054
2026-04-30 16:00:00,N10,0.0449,0.007233,8.77,-0.0107,0.00015,35.6,23.765137,86.411054
2026-04-30 17:00:00,N10,-0.1437,0.005257,1.59,-0.0107,0.000263,33.8,23.765137,86.411054
2026-04-30 18:00:00,N10,0.0995,0.009333,5.27,-0.0102,0.00062,31.8,23.765137,86.411054
2026-04-30 19:00:00,N10,-0.0746,0.00596,8.94,-0.0095,0.000119,29.9,23.765137,86.411054
2026-04-30 20:00:00,N10,0.0207,0.006091,5.19,-0.0104,0.000465,28.1,23.765137,86.411054
2026-04-30 21:00:00,N10,0.1039,0.005695,6.6,-0.0104,5.1e-05,26.5,23.765137,86.411054
2026-04-30 22:00:00,N10,-0.0215,0.006231,3.81,-0.0103,1.9e-05,25.3,23.765137,86.411054
2026-04-30 23:00:00,N10,0.0169,0.007501,5.77,-0.0104,0.00013,24.6,23.765137,86.411054
2026-05-01 00:00:00,N10,0.0998,0.007439,1.73,-0.0101,0.000514,28.5,23.765137,86.411054
2026-05-01 01:00:00,N10,0.0376,0.005073,3.71,-0.0114,0.000957,28.8,23.765137,86.411054
2026-05-01 02:00:00,N10,0.1559,0.010273,2.92,-0.012,9e-06,29.5,23.765137,86.411054
2026-05-01 03:00:00,N10,0.1384,0.006888,6.45,-0.0114,0.000761,30.7,23.765137,86.411054
2026-05-01 04:00:00,N10,,,,,,,23.765137,86.411054
2026-05-01 05:00:00,N10,0.1483,0.005202,7.86,-0.0104,6.1e-05,34.1,23.765137,86.411054
2026-05-01 06:00:00,N10,-0.0514,0.007067,1.99,-0.0103,0.000115,36.0,23.765137,86.411054
2026-05-01 07:00:00,N10,0.1993,0.007035,8.01,-0.0106,0.0004,37.9,23.765137,86.411054
2026-05-01 08:00:00,N10,0.0073,0.005532,7.91,-0.0111,0.000158,39.8,23.765137,86.411054
2026-05-01 09:00:00,N10,0.0772,0.005823,9.68,-0.011,0.000122,41.3,23.765137,86.411054
2026-05-01 10:00:00,N10,-0.1893,0.00513,6.54,-0.0109,5.5e-05,42.5,23.765137,86.411054
2026-05-01 11:00:00,N10,-0.0019,0.006608,8.12,-0.0108,2.5e-05,43.3,23.765137,86.411054
2026-05-01 12:00:00,N10,,,,,,,23.765137,86.411054
2026-05-01 13:00:00,N10,,,,,,,23.765137,86.411054
2026-05-01 14:00:00,N10,,,,,,,23.765137,86.411054
2026-05-01 15:00:00,N10,,,,,,,23.765137,86.411054
2026-05-01 16:00:00,N10,0.0806,0.005836,4.1,-0.0104,0.009827,39.8,23.765137,86.411054
2026-05-01 17:00:00,N10,0.1861,0.005016,1.07,-0.0107,5.7e-05,37.9,23.765137,86.411054
2026-05-01 18:00:00,N10,0.2169,0.005396,3.52,-0.0105,0.000324,36.0,23.765137,86.411054
2026-05-01 19:00:00,N10,,,,,,,23.765137,86.411054
2026-05-01 20:00:00,N10,-0.1636,0.005824,9.5,-0.0102,0.000288,32.3,23.765137,86.411054
2026-05-01 21:00:00,N10,0.0289,0.005072,9.11,-0.0107,3.4e-05,30.7,23.765137,86.411054
2026-05-01 22:00:00,N10,0.091,0.006824,9.86,-0.0103,0.000557,29.5,23.765137,86.411054
2026-05-01 23:00:00,N10,-0.104,0.008404,2.47,-0.0095,0.000136,28.8,23.765137,86.411054
2026-05-02 00:00:00,N10,0.2765,0.006049,5.07,-0.01,5.1e-05,20.7,23.765137,86.411054
2026-05-02 01:00:00,N10,-0.0775,0.007366,7.73,-0.0094,0.000101,20.9,23.765137,86.411054
2026-05-02 02:00:00,N10,0.0806,0.007037,4.79,-0.0098,0.000418,21.7,23.765137,86.411054
2026-05-02 03:00:00,N10,0.1081,0.007122,6.4,-0.0103,0.000308,22.9,23.765137,86.411054
2026-05-02 04:00:00,N10,-0.0932,0.007097,9.09,-0.0104,0.000613,24.4,23.765137,86.411054
2026-05-02 05:00:00,N10,-0.1055,0.007013,9.32,-0.0115,0.000652,26.3,23.765137,86.411054
2026-05-02 06:00:00,N10,-0.1329,0.007052,8.06,-0.0117,0.00024,28.2,23.765137,86.411054
2026-05-02 07:00:00,N10,0.0919,0.005761,5.11,-0.012,0.007783,30.1,23.765137,86.411054
2026-05-02 08:00:00,N10,0.2399,0.815294,29.23,0.0039,8.5e-05,31.9,23.765137,86.411054
2026-05-02 09:00:00,N10,-0.1193,0.009084,4.48,-0.0118,0.008083,33.5,23.765137,86.411054
2026-05-02 10:00:00,N10,,,,,,,23.765137,86.411054
2026-05-02 11:00:00,N10,,,,,,,23.765137,86.411054
2026-05-02 12:00:00,N10,-0.2363,0.005619,9.47,-0.0126,0.000315,35.7,23.765137,86.411054
2026-05-02 13:00:00,N10,-0.077,0.006107,6.49,-0.0117,0.000112,35.4,23.765137,86.411054
2026-05-02 14:00:00,N10,0.0814,0.010391,9.66,-0.0123,0.000534,34.7,23.765137,86.411054
2026-05-02 15:00:00,N10,-0.112,0.006202,5.62,-0.0127,0.0029,33.5,23.765137,86.411054
2026-05-02 16:00:00,N10,0.2091,0.641212,21.72,-0.0065,0.003124,31.9,23.765137,86.411054
2026-05-02 17:00:00,N10,0.3107,0.563789,29.69,-0.0065,0.0032,30.1,23.765137,86.411054
2026-05-02 18:00:00,N10,0.1608,0.008045,2.74,-0.0129,0.002956,28.2,23.765137,86.411054
2026-05-02 19:00:00,N10,0.1711,0.007694,4.74,-0.0124,1.8e-05,26.3,23.765137,86.411054
2026-05-02 20:00:00,N10,0.0151,0.005855,5.38,-0.013,0.000672,24.4,23.765137,86.411054
2026-05-02 21:00:00,N10,0.0125,0.00667,4.96,-0.0137,0.00019,22.9,23.765137,86.411054
2026-05-02 22:00:00,N10,0.1098,0.007295,8.45,-0.0134,0.000163,21.7,23.765137,86.411054
2026-05-02 23:00:00,N10,,,,,,,23.765137,86.411054
2026-05-03 00:00:00,N10,,,,,,,23.765137,86.411054
2026-05-03 01:00:00,N10,,,,,,,23.765137,86.411054
2026-05-03 02:00:00,N10,,,,,,,23.765137,86.411054
2026-05-03 03:00:00,N10,,,,,,,23.765137,86.411054
2026-05-03 04:00:00,N10,0.0403,0.005049,3.95,-0.0138,0.000211,30.1,23.765137,86.411054
2026-05-03 05:00:00,N10,-0.406,0.006677,3.62,-0.0139,0.000166,31.9,23.765137,86.411054
2026-05-03 06:00:00,N10,-0.0858,0.005161,6.14,-0.0141,0.000298,33.9,23.765137,86.411054
2026-05-03 07:00:00,N10,-0.144,0.005813,9.81,-0.0145,0.000315,35.8,23.765137,86.411054
2026-05-03 08:00:00,N10,-0.0832,0.00566,8.67,-0.0148,0.000255,37.6,23.765137,86.411054
2026-05-03 09:00:00,N10,-0.0975,0.00756,8.65,-0.015,0.000105,39.2,23.765137,86.411054
2026-05-03 10:00:00,N10,0.2116,0.008148,3.37,-0.015,0.000107,40.4,23.765137,86.411054
2026-05-03 11:00:00,N10,0.1882,0.005105,1.95,-0.0152,0.004392,41.1,23.765137,86.411054
2026-05-03 12:00:00,N10,0.3335,0.665067,19.21,-0.0238,5.1e-05,41.4,23.765137,86.411054
2026-05-03 13:00:00,N10,-0.0781,0.005717,5.85,-0.0153,0.004462,41.1,23.765137,86.411054
2026-05-03 14:00:00,N10,0.0527,0.005804,4.61,-0.0148,0.000122,40.4,23.765137,86.411054
2026-05-03 15:00:00,N10,-0.0227,0.007684,3.72,-0.0151,0.00017,39.2,23.765137,86.411054
2026-05-03 16:00:00,N10,0.051,0.006205,8.4,-0.0152,0.000358,37.6,23.765137,86.411054
2026-05-03 17:00:00,N10,0.0309,0.00525,5.6,-0.0158,0.000743,35.8,23.765137,86.411054
2026-05-03 18:00:00,N10,0.1763,0.005142,7.24,-0.0167,9.7e-05,33.9,23.765137,86.411054
2026-05-03 19:00:00,N10,0.0004,0.006221,8.52,-0.016,0.000549,31.9,23.765137,86.411054
2026-05-03 20:00:00,N10,0.1619,0.005602,9.77,-0.0156,0.000291,30.1,23.765137,86.411054
2026-05-03 21:00:00,N10,0.0064,0.006615,4.39,-0.0154,0.000212,28.6,23.765137,86.411054
2026-05-03 22:00:00,N10,-0.3172,0.00616,4.4,-0.016,7e-06,27.4,23.765137,86.411054
2026-05-03 23:00:00,N10,-0.293,0.007363,9.55,-0.0154,0.000218,26.6,23.765137,86.411054
2026-05-04 00:00:00,N10,0.0762,0.005758,8.45,-0.0155,0.000156,21.7,23.765137,86.411054
2026-05-04 01:00:00,N10,-0.3171,0.005683,5.25,-0.0157,0.000369,21.9,23.765137,86.411054
2026-05-04 02:00:00,N10,0.1801,0.0054,9.85,-0.0163,0.000304,22.7,23.765137,86.411054
2026-05-04 03:00:00,N10,0.1473,0.005711,7.05,-0.0163,0.000572,23.8,23.765137,86.411054
2026-05-04 04:00:00,N10,,,,,,,23.765137,86.411054
2026-05-04 05:00:00,N10,-0.106,0.006843,8.84,-0.0169,0.000205,27.2,23.765137,86.411054
2026-05-04 06:00:00,N10,,,,,,,23.765137,86.411054
2026-05-04 07:00:00,N10,,,,,,,23.765137,86.411054
2026-05-04 08:00:00,N10,,,,,,,23.765137,86.411054
2026-05-04 09:00:00,N10,,,,,,,23.765137,86.411054
2026-05-04 10:00:00,N10,0.1028,0.823537,29.18,-0.0219,0.006919,35.6,23.765137,86.411054
2026-05-04 11:00:00,N10,-0.2768,0.565198,43.76,-0.0219,0.001554,36.4,23.765137,86.411054
2026-05-04 12:00:00,N10,,,,,,,23.765137,86.411054
2026-05-04 13:00:00,N10,,,,,,,23.765137,86.411054
2026-05-04 14:00:00,N10,-0.1404,0.005679,1.71,-0.0184,0.000409,35.6,23.765137,86.411054
2026-05-04 15:00:00,N10,0.2403,0.006548,1.62,-0.018,0.000311,34.5,23.765137,86.411054
2026-05-04 16:00:00,N10,0.1294,0.005821,4.87,-0.019,0.000428,32.9,23.765137,86.411054
2026-05-04 17:00:00,N10,-0.0215,0.005941,4.1,-0.0189,0.000467,31.1,23.765137,86.411054
2026-05-04 18:00:00,N10,0.1986,0.006886,3.29,-0.0181,0.000112,29.2,23.765137,86.411054
2026-05-04 19:00:00,N10,0.1809,0.005945,7.9,-0.0187,0.000775,27.2,23.765137,86.411054
2026-05-04 20:00:00,N10,-0.131,0.007702,1.73,-0.0196,0.000361,25.4,23.765137,86.411054
2026-05-04 21:00:00,N10,0.2721,0.005387,1.33,-0.0194,0.000164,23.8,23.765137,86.411054
2026-05-04 22:00:00,N10,-0.3089,0.005679,7.16,-0.02,0.000404,22.7,23.765137,86.411054
2026-05-04 23:00:00,N10,0.3453,0.005758,5.51,-0.0202,0.000187,21.9,23.765137,86.411054
2026-05-05 00:00:00,N10,,,,,,,23.765137,86.411054
2026-05-05 01:00:00,N10,,,,,,,23.765137,86.411054
2026-05-05 02:00:00,N10,,,,,,,23.765137,86.411054
2026-05-05 03:00:00,N10,-0.096,0.005492,7.86,-0.0194,0.000271,28.3,23.765137,86.411054
2026-05-05 04:00:00,N10,-0.0904,0.006565,8.13,-0.0199,0.000372,29.8,23.765137,86.411054
2026-05-05 05:00:00,N10,-0.191,0.007201,4.05,-0.0202,0.000229,31.7,23.765137,86.411054
2026-05-05 06:00:00,N10,-0.0816,0.006377,7.14,-0.0194,0.000319,33.6,23.765137,86.411054
2026-05-05 07:00:00,N10,0.0083,0.005241,1.52,-0.0195,2e-06,35.5,23.765137,86.411054
2026-05-05 08:00:00,N10,-0.2471,0.005444,6.73,-0.0194,0.000266,37.3,23.765137,86.411054
2026-05-05 09:00:00,N10,0.1549,0.00693,3.24,-0.0201,0.000676,38.9,23.765137,86.411054
2026-05-05 10:00:00,N10,0.2964,0.00629,5.73,-0.0207,0.000453,40.1,23.765137,86.411054
2026-05-05 11:00:00,N10,-0.0943,0.005008,2.18,-0.021,0.000282,40.8,23.765137,86.411054
2026-05-05 12:00:00,N10,-0.1171,0.006,6.98,-0.0213,0.000622,41.1,23.765137,86.411054
2026-05-05 13:00:00,N10,0.1809,0.008099,7.35,-0.0222,0.008693,40.8,23.765137,86.411054
2026-05-05 14:00:00,N10,-0.1018,0.732203,31.47,-0.0387,0.004007,40.1,23.765137,86.411054
2026-05-05 15:00:00,N10,0.0093,0.981395,35.81,-0.0302,0.007755,38.9,23.765137,86.411054
2026-05-05 16:00:00,N10,-0.1236,0.006384,2.4,-0.0232,0.003357,37.3,23.765137,86.411054
2026-05-05 17:00:00,N10,-0.0724,0.007478,1.26,-0.0235,0.000405,35.5,23.765137,86.411054
2026-05-05 18:00:00,N10,-0.1,0.006068,3.45,-0.0224,0.000633,33.6,23.765137,86.411054
2026-05-05 19:00:00,N10,0.07,0.005295,8.67,-0.0222,0.000395,31.7,23.765137,86.411054
2026-05-05 20:00:00,N10,0.0821,0.009281,8.43,-0.0216,0.000794,29.8,23.765137,86.411054
2026-05-05 21:00:00,N10,-0.1727,0.006368,1.75,-0.0207,0.000654,28.3,23.765137,86.411054
2026-05-05 22:00:00,N10,-0.1767,0.006641,3.87,-0.0203,0.000119,27.1,23.765137,86.411054
2026-05-05 23:00:00,N10,-0.2508,0.00511,9.18,-0.0209,0.000466,26.4,23.765137,86.411054
2026-05-06 00:00:00,N10,0.0537,0.006399,7.37,-0.0212,0.000253,25.1,23.765137,86.411054
2026-05-06 01:00:00,N10,0.1601,0.006018,4.43,-0.0214,0.000486,25.4,23.765137,86.411054
2026-05-06 02:00:00,N10,-0.0997,0.006406,9.85,-0.0222,0.000438,26.1,23.765137,86.411054
2026-05-06 03:00:00,N10,,,,,,,23.765137,86.411054
2026-05-06 04:00:00,N10,-0.0509,0.006453,3.43,-0.0219,0.000281,28.9,23.765137,86.411054
2026-05-06 05:00:00,N10,0.0336,0.005371,8.51,-0.0228,0.000265,30.7,23.765137,86.411054
2026-05-06 06:00:00,N10,-0.2013,0.007554,9.5,-0.0224,0.000522,32.6,23.765137,86.411054
2026-05-06 07:00:00,N10,0.0389,0.005938,2.0,-0.0218,0.003194,34.5,23.765137,86.411054
2026-05-06 08:00:00,N10,0.1317,0.787248,33.57,-0.016,0.000333,36.4,23.765137,86.411054
2026-05-06 09:00:00,N10,-0.2349,0.005425,4.04,-0.0211,0.011066,37.9,23.765137,86.411054
2026-05-06 10:00:00,N10,0.029,0.719085,31.09,0.0061,0.006312,39.1,23.765137,86.411054
2026-05-06 11:00:00,N10,-0.0557,0.91687,31.62,-0.0085,0.014293,39.9,23.765137,86.411054
2026-05-06 12:00:00,N10,-0.3138,0.005388,5.86,-0.0225,0.007275,40.1,23.765137,86.411054
2026-05-06 13:00:00,N10,-0.0777,0.006232,6.18,-0.0231,0.000239,39.9,23.765137,86.411054
2026-05-06 14:00:00,N10,0.0017,0.006569,5.96,-0.0229,0.000387,39.1,23.765137,86.411054
2026-05-06 15:00:00,N10,0.0441,0.005654,7.53,-0.0223,0.000103,37.9,23.765137,86.411054
2026-05-06 16:00:00,N10,-0.1763,0.007248,8.3,-0.0231,0.000291,36.4,23.765137,86.411054
2026-05-06 17:00:00,N10,0.0272,0.007247,6.47,-0.0229,0.000261,34.5,23.765137,86.411054
2026-05-06 18:00:00,N10,0.1646,0.008445,9.3,-0.0226,9e-05,32.6,23.765137,86.411054
2026-05-06 19:00:00,N10,-0.1687,0.008771,6.35,-0.0227,0.000162,30.7,23.765137,86.411054
2026-05-06 20:00:00,N10,0.1493,0.005149,5.46,-0.0223,0.000276,28.9,23.765137,86.411054
2026-05-06 21:00:00,N10,0.0331,0.005793,6.34,-0.0221,0.000211,27.3,23.765137,86.411054
2026-05-06 22:00:00,N10,0.0087,0.006727,1.65,-0.0219,0.000139,26.1,23.765137,86.411054
2026-05-06 23:00:00,N10,0.197,0.005957,7.15,-0.0224,0.000511,25.4,23.765137,86.411054
2026-05-07 00:00:00,N10,0.0175,0.009319,9.05,-0.0229,6.2e-05,21.8,23.765137,86.411054
2026-05-07 01:00:00,N10,-0.094,0.005009,6.45,-0.0225,0.000153,22.1,23.765137,86.411054
2026-05-07 02:00:00,N10,-0.2051,0.009682,6.59,-0.0232,0.000372,22.8,23.765137,86.411054
2026-05-07 03:00:00,N10,,,,,,,23.765137,86.411054
2026-05-07 04:00:00,N10,,,,,,,23.765137,86.411054
2026-05-07 05:00:00,N10,,,,,,,23.765137,86.411054
2026-05-07 06:00:00,N10,,,,,,,23.765137,86.411054
2026-05-07 07:00:00,N10,,,,,,,23.765137,86.411054
2026-05-07 08:00:00,N10,0.155,0.513136,30.17,-0.0364,2e-05,33.0,23.765137,86.411054
2026-05-07 09:00:00,N10,0.0594,0.008066,3.05,-0.023,0.006673,34.6,23.765137,86.411054
2026-05-07 10:00:00,N10,0.2152,0.005715,7.42,-0.023,0.000168,35.8,23.765137,86.411054
2026-05-07 11:00:00,N10,-0.0296,0.005311,1.41,-0.0234,0.000584,36.5,23.765137,86.411054
2026-05-07 12:00:00,N10,0.0576,0.006359,7.52,-0.0242,0.000504,36.8,23.765137,86.411054
2026-05-07 13:00:00,N10,-0.0966,0.006924,8.25,-0.0244,0.005876,36.5,23.765137,86.411054
2026-05-07 14:00:00,N10,0.2785,0.964197,27.45,-0.0359,0.000434,35.8,23.765137,86.411054
2026-05-07 15:00:00,N10,-0.006,0.005398,3.77,-0.0235,0.015138,34.6,23.765137,86.411054
2026-05-07 16:00:00,N10,-0.2741,0.763904,26.74,-0.0057,0.000107,33.0,23.765137,86.411054
2026-05-07 17:00:00,N10,0.2437,0.006765,5.62,-0.0237,0.008922,31.2,23.765137,86.411054
2026-05-07 18:00:00,N10,-0.0919,0.006151,2.51,-0.0235,1e-06,29.3,23.765137,86.411054
2026-05-07 19:00:00,N10,-0.0355,0.009525,4.4,-0.0237,0.000186,27.4,23.765137,86.411054
2026-05-07 20:00:00,N10,0.014,0.006042,6.87,-0.0239,3.1e-05,25.5,23.765137,86.411054
2026-05-07 21:00:00,N10,0.0771,0.005499,3.56,-0.0238,0.000301,24.0,23.765137,86.411054
2026-05-07 22:00:00,N10,0.0594,0.00874,9.9,-0.0245,0.000135,22.8,23.765137,86.411054
2026-05-07 23:00:00,N10,-0.2588,0.006035,8.0,-0.024,0.000447,22.1,23.765137,86.411054
2026-05-08 00:00:00,N10,0.12,0.007107,9.65,-0.0236,0.000393,24.6,23.765137,86.411054
2026-05-08 01:00:00,N10,0.1031,0.006341,1.28,-0.0233,0.000119,24.9,23.765137,86.411054
2026-05-08 02:00:00,N10,0.0777,0.010873,5.62,-0.0238,0.000341,25.6,23.765137,86.411054
2026-05-08 03:00:00,N10,-0.1461,0.007475,2.88,-0.0239,1.3e-05,26.8,23.765137,86.411054
2026-05-08 04:00:00,N10,,,,,,,23.765137,86.411054
2026-05-08 05:00:00,N10,,,,,,,23.765137,86.411054
2026-05-08 06:00:00,N10,,,,,,,23.765137,86.411054
2026-05-08 07:00:00,N10,0.0461,0.005038,7.52,-0.0251,2e-05,34.1,23.765137,86.411054
2026-05-08 08:00:00,N10,0.1544,0.007278,6.8,-0.025,0.000369,35.9,23.765137,86.411054
2026-05-08 09:00:00,N10,0.0379,0.006204,8.25,-0.0258,0.000523,37.4,23.765137,86.411054
2026-05-08 10:00:00,N10,,,,,,,23.765137,86.411054
2026-05-08 11:00:00,N10,,,,,,,23.765137,86.411054
2026-05-08 12:00:00,N10,,,,,,,23.765137,86.411054
2026-05-08 13:00:00,N10,,,,,,,23.765137,86.411054
2026-05-08 14:00:00,N10,-0.1986,0.700294,26.32,-0.0111,6.5e-05,38.6,23.765137,86.411054
2026-05-08 15:00:00,N10,-0.4783,0.0072,5.9,-0.0274,0.008564,37.4,23.765137,86.411054
2026-05-08 16:00:00,N10,-0.087,0.006814,4.75,-0.0283,0.000139,35.9,23.765137,86.411054
2026-05-08 17:00:00,N10,0.0733,0.005478,4.06,-0.0277,0.000298,34.1,23.765137,86.411054
2026-05-08 18:00:00,N10,0.0036,0.005249,3.59,-0.0277,0.00017,32.1,23.765137,86.411054
2026-05-08 19:00:00,N10,-0.0864,0.00686,4.01,-0.0273,0.000222,30.2,23.765137,86.411054
2026-05-08 20:00:00,N10,0.0586,0.005576,7.46,-0.0281,0.000788,28.4,23.765137,86.411054
2026-05-08 21:00:00,N10,0.1438,0.007413,4.12,-0.0289,0.000359,26.8,23.765137,86.411054
2026-05-08 22:00:00,N10,-0.046,0.005434,4.87,-0.0288,0.000545,25.6,23.765137,86.411054
2026-05-08 23:00:00,N10,-0.0907,0.005833,4.03,-0.0278,0.000444,24.9,23.765137,86.411054
2026-05-09 00:00:00,N10,-0.0154,0.006117,7.43,-0.0279,0.000212,25.3,23.765137,86.411054
2026-05-09 01:00:00,N10,,,,,,,23.765137,86.411054
2026-05-09 02:00:00,N10,,,,,,,23.765137,86.411054
2026-05-09 03:00:00,N10,,,,,,,23.765137,86.411054
2026-05-09 04:00:00,N10,-0.009,0.005955,2.71,-0.0285,0.000286,29.1,23.765137,86.411054
2026-05-09 05:00:00,N10,-0.2524,0.005152,4.87,-0.029,0.00018,30.9,23.765137,86.411054
2026-05-09 06:00:00,N10,-0.2473,0.005435,2.53,-0.0288,7.9e-05,32.8,23.765137,86.411054
2026-05-09 07:00:00,N10,-0.0383,0.006427,2.47,-0.0289,0.009398,34.8,23.765137,86.411054
2026-05-09 08:00:00,N10,-0.2828,0.699049,42.86,-0.0476,0.009643,36.6,23.765137,86.411054
2026-05-09 09:00:00,N10,0.1029,0.579647,41.07,-0.0482,0.008787,38.1,23.765137,86.411054
2026-05-09 10:00:00,N10,,,,,,,23.765137,86.411054
2026-05-09 11:00:00,N10,,,,,,,23.765137,86.411054
2026-05-09 12:00:00,N10,0.059,0.642295,18.14,-0.0376,0.00398,40.3,23.765137,86.411054
2026-05-09 13:00:00,N10,0.2072,0.00664,9.67,-0.0295,0.00372,40.1,23.765137,86.411054
2026-05-09 14:00:00,N10,0.0207,0.00516,5.01,-0.0302,0.000319,39.3,23.765137,86.411054
2026-05-09 15:00:00,N10,0.0135,0.005966,2.05,-0.0301,0.004299,38.1,23.765137,86.411054
2026-05-09 16:00:00,N10,0.2218,0.808224,37.3,-0.0216,0.004322,36.6,23.765137,86.411054
2026-05-09 17:00:00,N10,-0.1362,0.995214,47.99,-0.0215,0.004573,34.8,23.765137,86.411054
2026-05-09 18:00:00,N10,-0.047,0.006129,2.38,-0.0307,0.003935,32.8,23.765137,86.411054
2026-05-09 19:00:00,N10,0.2745,0.006605,5.68,-0.0294,0.000629,30.9,23.765137,86.411054
2026-05-09 20:00:00,N10,-0.1426,0.00532,2.59,-0.0295,0.000217,29.1,23.765137,86.411054
2026-05-09 21:00:00,N10,-0.2354,0.006406,5.92,-0.0298,0.000563,27.5,23.765137,86.411054
2026-05-09 22:00:00,N10,0.01,0.006985,1.18,-0.0306,0.000544,26.3,23.765137,86.411054
2026-05-09 23:00:00,N10,-0.1273,0.006212,2.98,-0.0309,0.000333,25.6,23.765137,86.411054
2026-05-10 00:00:00,N10,,,,,,,23.765137,86.411054
2026-05-10 01:00:00,N10,,,,,,,23.765137,86.411054
2026-05-10 02:00:00,N10,0.1296,0.006889,5.34,-0.0301,0.000474,23.6,23.765137,86.411054
2026-05-10 03:00:00,N10,-0.1968,0.005864,6.34,-0.0298,0.000163,24.8,23.765137,86.411054
2026-05-10 04:00:00,N10,0.0045,0.007334,7.72,-0.0305,0.000557,26.4,23.765137,86.411054
2026-05-10 05:00:00,N10,0.2808,0.005644,8.17,-0.0309,0.009893,28.2,23.765137,86.411054
2026-05-10 06:00:00,N10,-0.0214,0.977769,35.72,-0.0107,0.010348,30.1,23.765137,86.411054
2026-05-10 07:00:00,N10,0.0639,0.824494,28.47,-0.0102,0.009473,32.0,23.765137,86.411054
2026-05-10 08:00:00,N10,0.0899,0.005005,3.5,-0.0296,0.009572,33.9,23.765137,86.411054
2026-05-10 09:00:00,N10,-0.2716,0.006497,9.68,-0.0294,0.000378,35.4,23.765137,86.411054
2026-05-10 10:00:00,N10,-0.2287,0.005204,7.37,-0.0289,0.000159,36.6,23.765137,86.411054
2026-05-10 11:00:00,N10,0.0628,0.006031,4.32,-0.029,2e-05,37.3,23.765137,86.411054
2026-05-10 12:00:00,N10,0.1037,0.005633,1.59,-0.0289,0.003921,37.6,23.765137,86.411054
2026-05-10 13:00:00,N10,-0.2167,0.949921,26.17,-0.0369,0.000149,37.3,23.765137,86.411054
2026-05-10 14:00:00,N10,0.1553,0.007066,2.91,-0.0286,0.003922,36.6,23.765137,86.411054
2026-05-10 15:00:00,N10,0.0898,0.007268,3.08,-0.029,0.000565,35.4,23.765137,86.411054
2026-05-10 16:00:00,N10,0.039,0.005122,9.27,-0.0297,0.000244,33.9,23.765137,86.411054
2026-05-10 17:00:00,N10,-0.3394,0.006014,4.5,-0.0295,0.000589,32.0,23.765137,86.411054
2026-05-10 18:00:00,N10,0.0445,0.006652,6.07,-0.0286,0.000319,30.1,23.765137,86.411054
2026-05-10 19:00:00,N10,-0.055,0.00616,6.78,-0.0289,0.000121,28.2,23.765137,86.411054
2026-05-10 20:00:00,N10,-0.0091,0.005138,9.48,-0.0283,0.000265,26.4,23.765137,86.411054
2026-05-10 21:00:00,N10,0.0861,0.005408,1.38,-0.0284,0.000146,24.8,23.765137,86.411054
2026-05-10 22:00:00,N10,0.0276,0.007682,2.7,-0.0286,0.000113,23.6,23.765137,86.411054
2026-05-10 23:00:00,N10,-0.0344,0.008302,2.22,-0.0286,0.000203,22.9,23.765137,86.411054
2026-05-11 00:00:00,N10,-0.1131,0.006841,6.76,-0.0282,2e-05,24.8,23.765137,86.411054
2026-05-11 01:00:00,N10,0.0335,0.00649,8.25,-0.0285,0.000123,25.1,23.765137,86.411054
2026-05-11 02:00:00,N10,0.12,0.00682,5.19,-0.0285,9.7e-05,25.8,23.765137,86.411054
2026-05-11 03:00:00,N10,-0.2009,0.006399,3.43,-0.0287,0.000474,27.0,23.765137,86.411054
2026-05-11 04:00:00,N10,-0.1482,0.007829,9.29,-0.0294,0.000509,28.6,23.765137,86.411054
2026-05-11 05:00:00,N10,0.0387,0.008507,5.29,-0.0298,0.000377,30.4,23.765137,86.411054
2026-05-11 06:00:00,N10,0.2468,0.009675,1.36,-0.0302,8.6e-05,32.3,23.765137,86.411054
2026-05-11 07:00:00,N10,0.1425,0.009575,8.71,-0.0296,0.000988,34.3,23.765137,86.411054
2026-05-11 08:00:00,N10,0.0089,0.005364,6.57,-0.0282,0.000773,36.1,23.765137,86.411054
2026-05-11 09:00:00,N10,-0.2522,0.005866,7.86,-0.028,6.4e-05,37.6,23.765137,86.411054
2026-05-11 10:00:00,N10,-0.3086,0.006232,8.19,-0.0281,0.000347,38.8,23.765137,86.411054
2026-05-11 11:00:00,N10,-0.1414,0.005544,6.73,-0.0273,0.002559,39.6,23.765137,86.411054
2026-05-11 12:00:00,N10,-0.1865,0.893951,15.46,-0.0332,0.003759,39.8,23.765137,86.411054
2026-05-11 13:00:00,N10,0.0758,0.965209,31.67,-0.0198,0.006818,39.6,23.765137,86.411054
2026-05-11 14:00:00,N10,,,,,,,23.765137,86.411054
2026-05-11 15:00:00,N10,,,,,,,23.765137,86.411054
2026-05-11 16:00:00,N10,,,,,,,23.765137,86.411054
2026-05-11 17:00:00,N10,,,,,,,23.765137,86.411054
2026-05-11 18:00:00,N10,0.3329,0.00829,2.45,-0.027,0.000121,32.3,23.765137,86.411054
2026-05-11 19:00:00,N10,0.0266,0.005054,1.09,-0.0263,0.000622,30.4,23.765137,86.411054
2026-05-11 20:00:00,N10,-0.08,0.005502,3.2,-0.0257,0.000536,28.6,23.765137,86.411054
2026-05-11 21:00:00,N10,-0.2026,0.006772,6.09,-0.0253,0.000159,27.0,23.765137,86.411054
2026-05-11 22:00:00,N10,-0.1335,0.005523,6.97,-0.0254,0.000274,25.8,23.765137,86.411054
2026-05-11 23:00:00,N10,-0.0058,0.005989,6.74,-0.0247,0.00019,25.1,23.765137,86.411054
2026-05-12 00:00:00,N10,-0.1622,0.007885,6.63,-0.025,0.000122,27.2,23.765137,86.411054
2026-05-12 01:00:00,N10,0.1887,0.005007,7.91,-0.025,0.000114,27.5,23.765137,86.411054
2026-05-12 02:00:00,N10,,,,,,,23.765137,86.411054
2026-05-12 03:00:00,N10,,,,,,,23.765137,86.411054
2026-05-12 04:00:00,N10,-0.1656,0.006149,3.49,-0.024,0.000353,31.0,23.765137,86.411054
2026-05-12 05:00:00,N10,0.0295,0.007703,7.16,-0.0236,0.000156,32.8,23.765137,86.411054
2026-05-12 06:00:00,N10,-0.0195,0.006121,4.17,-0.0243,0.00041,34.7,23.765137,86.411054
2026-05-12 07:00:00,N10,0.0374,0.005761,1.14,-0.0244,0.000287,36.7,23.765137,86.411054
2026-05-12 08:00:00,N10,-0.2515,0.008178,6.06,-0.0237,0.004487,38.5,23.765137,86.411054
2026-05-12 09:00:00,N10,0.0238,0.77186,27.14,-0.0333,0.005021,40.0,23.765137,86.411054
2026-05-12 10:00:00,N10,-0.1294,0.819142,16.39,-0.0338,0.004266,41.2,23.765137,86.411054
2026-05-12 11:00:00,N10,,,,,,,23.765137,86.411054
2026-05-12 12:00:00,N10,,,,,,,23.765137,86.411054
2026-05-12 13:00:00,N10,,,,,,,23.765137,86.411054
2026-05-12 14:00:00,N10,,,,,,,23.765137,86.411054
2026-05-12 15:00:00,N10,-0.3067,0.007503,5.12,-0.0246,0.0029,40.0,23.765137,86.411054
2026-05-12 16:00:00,N10,0.3031,0.793218,27.34,-0.0305,0.002876,38.5,23.765137,86.411054
2026-05-12 17:00:00,N10,0.0858,0.970803,36.0,-0.0303,0.002557,36.7,23.765137,86.411054
2026-05-12 18:00:00,N10,0.0258,0.008115,9.11,-0.0254,0.002425,34.7,23.765137,86.411054
2026-05-12 19:00:00,N10,0.118,0.00747,1.35,-0.0255,0.000181,32.8,23.765137,86.411054
2026-05-12 20:00:00,N10,-0.0103,0.006367,3.59,-0.0258,0.000207,31.0,23.765137,86.411054
2026-05-12 21:00:00,N10,-0.138,0.006531,5.15,-0.0259,8.9e-05,29.4,23.765137,86.411054
2026-05-12 22:00:00,N10,0.0131,0.006827,6.62,-0.0256,0.000107,28.2,23.765137,86.411054
2026-05-12 23:00:00,N10,-0.2866,0.006064,9.63,-0.0257,0.000304,27.5,23.765137,86.411054
2026-05-13 00:00:00,N10,-0.2115,0.005435,8.19,-0.025,7.5e-05,27.2,23.765137,86.411054
2026-05-13 01:00:00,N10,0.4673,0.006194,8.67,-0.0255,0.000219,27.5,23.765137,86.411054
2026-05-13 02:00:00,N10,0.0663,0.005303,7.94,-0.0254,0.000293,28.2,23.765137,86.411054
2026-05-13 03:00:00,N10,0.0108,0.006389,3.2,-0.0249,0.000137,29.4,23.765137,86.411054
2026-05-13 04:00:00,N10,-0.232,0.010837,4.14,-0.0251,7e-05,31.0,23.765137,86.411054
2026-05-13 05:00:00,N10,-0.1551,0.006463,9.64,-0.0251,9.5e-05,32.8,23.765137,86.411054
2026-05-13 06:00:00,N10,0.1722,0.006657,7.46,-0.0253,0.000169,34.7,23.765137,86.411054
2026-05-13 07:00:00,N10,-0.0571,0.005493,8.5,-0.0254,0.000164,36.7,23.765137,86.411054
2026-05-13 08:00:00,N10,-0.047,0.006781,1.28,-0.025,0.000473,38.5,23.765137,86.411054
2026-05-13 09:00:00,N10,0.0897,0.007415,6.31,-0.0245,0.00016,40.0,23.765137,86.411054
2026-05-13 10:00:00,N10,-0.2457,0.006455,7.17,-0.0253,0.000322,41.2,23.765137,86.411054
2026-05-13 11:00:00,N10,0.3216,0.005106,2.67,-0.0251,0.000124,42.0,23.765137,86.411054
2026-05-13 12:00:00,N10,-0.0337,0.005195,6.38,-0.0256,0.003868,42.2,23.765137,86.411054
2026-05-13 13:00:00,N10,-0.1314,0.639831,41.26,-0.0328,0.005725,42.0,23.765137,86.411054
2026-05-13 14:00:00,N10,0.2254,0.842515,36.41,-0.0141,0.00368,41.2,23.765137,86.411054
2026-05-13 15:00:00,N10,0.1015,0.005737,8.1,-0.0255,0.002407,40.0,23.765137,86.411054
2026-05-13 16:00:00,N10,0.2437,0.917393,15.34,-0.0189,0.000124,38.5,23.765137,86.411054
2026-05-13 17:00:00,N10,-0.0892,0.005227,9.19,-0.0252,0.003136,36.7,23.765137,86.411054
2026-05-13 18:00:00,N10,-0.1273,0.007067,5.87,-0.0252,5.7e-05,34.7,23.765137,86.411054
2026-05-13 19:00:00,N10,0.0122,0.005244,4.99,-0.0251,9.6e-05,32.8,23.765137,86.411054
2026-05-13 20:00:00,N10,0.096,0.007142,7.38,-0.0254,1e-06,31.0,23.765137,86.411054
2026-05-13 21:00:00,N10,-0.2623,0.006788,5.9,-0.0251,0.000336,29.4,23.765137,86.411054
2026-05-13 22:00:00,N10,-0.1724,0.005675,6.7,-0.0247,4.5e-05,28.2,23.765137,86.411054
2026-05-13 23:00:00,N10,-0.0166,0.006937,8.5,-0.0252,7e-05,27.5,23.765137,86.411054
2026-05-14 00:00:00,N10,-0.1097,0.007546,1.11,-0.0249,0.000113,23.1,23.765137,86.411054
2026-05-14 01:00:00,N10,0.0846,0.007819,1.4,-0.025,9.2e-05,23.3,23.765137,86.411054
2026-05-14 02:00:00,N10,-0.2937,0.00503,5.2,-0.025,0.000232,24.1,23.765137,86.411054
2026-05-14 03:00:00,N10,,,,,,,23.765137,86.411054
2026-05-14 04:00:00,N10,,,,,,,23.765137,86.411054
2026-05-14 05:00:00,N10,-0.39,0.006383,9.71,-0.0253,0.008197,28.6,23.765137,86.411054
2026-05-14 06:00:00,N10,-0.2964,0.830083,28.76,-0.0091,0.00029,30.6,23.765137,86.411054
2026-05-14 07:00:00,N10,,,,,,,23.765137,86.411054
2026-05-14 08:00:00,N10,,,,,,,23.765137,86.411054
2026-05-14 09:00:00,N10,,,,,,,23.765137,86.411054
2026-05-14 10:00:00,N10,,,,,,,23.765137,86.411054
2026-05-14 11:00:00,N10,,,,,,,23.765137,86.411054
2026-05-14 12:00:00,N10,-0.0185,0.005242,2.31,-0.0256,0.000332,38.1,23.765137,86.411054
2026-05-14 13:00:00,N10,-0.0972,0.007122,6.13,-0.0251,6.4e-05,37.8,23.765137,86.411054
2026-05-14 14:00:00,N10,-0.024,0.005239,9.85,-0.0255,0.000375,37.1,23.765137,86.411054
2026-05-14 15:00:00,N10,0.0942,0.006652,2.74,-0.0258,0.007845,35.9,23.765137,86.411054
2026-05-14 16:00:00,N10,,,,,,,23.765137,86.411054
2026-05-14 17:00:00,N10,-0.2541,0.005047,4.94,-0.0254,0.008136,32.5,23.765137,86.411054
2026-05-14 18:00:00,N10,-0.1038,0.005101,6.21,-0.0249,0.000227,30.6,23.765137,86.411054
2026-05-14 19:00:00,N10,-0.0834,0.005581,3.2,-0.025,8.1e-05,28.6,23.765137,86.411054
2026-05-14 20:00:00,N10,0.0049,0.006772,7.55,-0.0251,0.000716,26.8,23.765137,86.411054
2026-05-14 21:00:00,N10,-0.2566,0.005863,3.81,-0.0235,0.000948,25.3,23.765137,86.411054
2026-05-14 22:00:00,N10,0.094,0.005496,6.61,-0.0232,0.000148,24.1,23.765137,86.411054
2026-05-14 23:00:00,N10,-0.0428,0.006051,4.83,-0.0232,0.000205,23.3,23.765137,86.411054
2026-05-15 00:00:00,N10,0.1641,0.005949,4.95,-0.0228,2.8e-05,27.3,23.765137,86.411054
2026-05-15 01:00:00,N10,0.0293,0.00556,9.75,-0.0232,0.000258,27.5,23.765137,86.411054
2026-05-15 02:00:00,N10,0.0914,0.006024,9.39,-0.0233,3.9e-05,28.3,23.765137,86.411054
2026-05-15 03:00:00,N10,0.204,0.005443,4.34,-0.0232,0.000123,29.5,23.765137,86.411054
2026-05-15 04:00:00,N10,,,,,,,23.765137,86.411054
2026-05-15 05:00:00,N10,,,,,,,23.765137,86.411054
2026-05-15 06:00:00,N10,,,,,,,23.765137,86.411054
2026-05-15 07:00:00,N10,,,,,,,23.765137,86.411054
2026-05-15 08:00:00,N10,-0.0297,0.632248,37.27,-0.0415,0.000926,38.5,23.765137,86.411054
2026-05-15 09:00:00,N10,-0.0605,0.007858,1.73,-0.022,0.009003,40.1,23.765137,86.411054
2026-05-15 10:00:00,N10,0.0065,0.005437,7.16,-0.0235,0.00077,41.3,23.765137,86.411054
2026-05-15 11:00:00,N10,0.0636,0.006462,8.43,-0.0236,0.003799,42.0,23.765137,86.411054
2026-05-15 12:00:00,N10,0.1631,0.727964,49.94,-0.0311,0.000293,42.3,23.765137,86.411054
2026-05-15 13:00:00,N10,0.1609,0.006214,2.99,-0.023,0.004204,42.0,23.765137,86.411054
2026-05-15 14:00:00,N10,0.0926,0.005312,6.72,-0.0227,0.000184,41.3,23.765137,86.411054
2026-05-15 15:00:00,N10,-0.077,0.006613,4.89,-0.0234,0.000496,40.1,23.765137,86.411054
2026-05-15 16:00:00,N10,0.1182,0.005021,4.53,-0.0237,0.000178,38.5,23.765137,86.411054
2026-05-15 17:00:00,N10,-0.0156,0.006984,5.77,-0.0237,0.000431,36.7,23.765137,86.411054
2026-05-15 18:00:00,N10,-0.261,0.006163,2.73,-0.0245,0.000763,34.8,23.765137,86.411054
2026-05-15 19:00:00,N10,-0.0373,0.00536,8.19,-0.0252,0.000638,32.8,23.765137,86.411054
2026-05-15 20:00:00,N10,-0.0859,0.007537,3.47,-0.0258,0.000634,31.0,23.765137,86.411054
2026-05-15 21:00:00,N10,-0.0297,0.005581,6.73,-0.0265,0.000626,29.5,23.765137,86.411054
2026-05-15 22:00:00,N10,0.2322,0.005229,4.5,-0.0271,0.000112,28.3,23.765137,86.411054
2026-05-15 23:00:00,N10,-0.0738,0.006019,8.65,-0.0263,0.000378,27.5,23.765137,86.411054
2026-05-16 00:00:00,N10,-0.0514,0.005807,2.08,-0.0263,0.000249,26.3,23.765137,86.411054
2026-05-16 01:00:00,N10,0.3472,0.006112,5.84,-0.0258,0.000843,26.6,23.765137,86.411054
2026-05-16 02:00:00,N10,0.2359,0.008778,4.36,-0.0246,0.000317,27.3,23.765137,86.411054
2026-05-16 03:00:00,N10,,,,,,,23.765137,86.411054
2026-05-16 04:00:00,N10,,,,,,,23.765137,86.411054
2026-05-16 05:00:00,N10,,,,,,,23.765137,86.411054
2026-05-16 06:00:00,N10,,,,,,,23.765137,86.411054
2026-05-16 07:00:00,N10,-0.4144,0.005816,7.75,-0.0247,1.5e-05,35.7,23.765137,86.411054
2026-05-16 08:00:00,N10,-0.0036,0.006599,6.35,-0.0247,2.7e-05,37.6,23.765137,86.411054
2026-05-16 09:00:00,N10,0.095,0.005544,8.64,-0.0248,0.007937,39.1,23.765137,86.411054
2026-05-16 10:00:00,N10,0.0019,0.993284,32.27,-0.0405,0.000199,40.3,23.765137,86.411054
2026-05-16 11:00:00,N10,0.002,0.006448,8.62,-0.0244,0.008291,41.0,23.765137,86.411054
2026-05-16 12:00:00,N10,0.0805,0.006901,1.75,-0.024,0.000134,41.3,23.765137,86.411054
2026-05-16 13:00:00,N10,0.2127,0.005763,5.73,-0.0247,0.000285,41.0,23.765137,86.411054
2026-05-16 14:00:00,N10,0.0768,0.007384,4.68,-0.0245,5.3e-05,40.3,23.765137,86.411054
2026-05-16 15:00:00,N10,,,,,,,23.765137,86.411054
2026-05-16 16:00:00,N10,,,,,,,23.765137,86.411054
2026-05-16 17:00:00,N10,,,,,,,23.765137,86.411054
2026-05-16 18:00:00,N10,-0.0872,0.005043,1.85,-0.0258,9.9e-05,33.8,23.765137,86.411054
2026-05-16 19:00:00,N10,-0.4066,0.009005,2.41,-0.0256,7.7e-05,31.9,23.765137,86.411054
2026-05-16 20:00:00,N10,0.0024,0.005109,2.19,-0.0256,0.000146,30.1,23.765137,86.411054
2026-05-16 21:00:00,N10,0.1419,0.006704,1.55,-0.0253,0.000195,28.5,23.765137,86.411054
2026-05-16 22:00:00,N10,-0.0233,0.005161,2.0,-0.0252,5.2e-05,27.3,23.765137,86.411054
2026-05-16 23:00:00,N10,-0.2351,0.006932,9.76,-0.0252,2.2e-05,26.6,23.765137,86.411054
2026-05-17 00:00:00,N10,-0.195,0.006029,8.44,-0.0253,0.000456,22.3,23.765137,86.411054
2026-05-17 01:00:00,N10,0.1057,0.008128,4.71,-0.0243,0.000508,22.6,23.765137,86.411054
2026-05-17 02:00:00,N10,-0.2233,0.007111,1.32,-0.0242,4.3e-05,23.3,23.765137,86.411054
2026-05-17 03:00:00,N10,-0.0043,0.005584,4.29,-0.0244,9.1e-05,24.5,23.765137,86.411054
2026-05-17 04:00:00,N10,0.0931,0.009123,7.7,-0.0241,0.000187,26.1,23.765137,86.411054
2026-05-17 05:00:00,N10,0.0551,0.006467,2.38,-0.0247,0.000883,27.9,23.765137,86.411054
2026-05-17 06:00:00,N10,0.1419,0.005432,9.32,-0.0258,0.004388,29.8,23.765137,86.411054
2026-05-17 07:00:00,N10,-0.2099,0.57862,34.0,-0.0335,0.001158,31.8,23.765137,86.411054
2026-05-17 08:00:00,N10,0.0249,0.00699,9.56,-0.0281,0.001827,33.6,23.765137,86.411054
2026-05-17 09:00:00,N10,-0.4227,0.007493,5.34,-0.0299,0.001593,35.1,23.765137,86.411054
2026-05-17 10:00:00,N10,0.4356,0.006315,7.82,-0.0313,0.0014,36.3,23.765137,86.411054
2026-05-17 11:00:00,N10,0.0154,0.00777,3.51,-0.0327,0.001276,37.1,23.765137,86.411054
2026-05-17 12:00:00,N10,-0.0248,0.005781,3.34,-0.0339,0.001321,37.3,23.765137,86.411054
2026-05-17 13:00:00,N10,0.2896,0.005108,5.38,-0.0353,0.001431,37.1,23.765137,86.411054
2026-05-17 14:00:00,N10,-0.1065,0.00759,2.69,-0.0367,0.001171,36.3,23.765137,86.411054
2026-05-17 15:00:00,N10,0.0546,0.006066,4.4,-0.0376,0.000747,35.1,23.765137,86.411054
2026-05-17 16:00:00,N10,-0.1135,0.010456,5.02,-0.0382,0.000385,33.6,23.765137,86.411054
2026-05-17 17:00:00,N10,-0.0213,0.005006,2.44,-0.0384,0.000475,31.8,23.765137,86.411054
2026-05-17 18:00:00,N10,-0.2414,0.005149,4.44,-0.0392,0.000634,29.8,23.765137,86.411054
2026-05-17 19:00:00,N10,-0.0129,0.005291,6.95,-0.0397,0.00051,27.9,23.765137,86.411054
2026-05-17 20:00:00,N10,-0.0256,0.005504,8.02,-0.0402,0.000328,26.1,23.765137,86.411054
2026-05-17 21:00:00,N10,-0.1141,0.006107,5.57,-0.0403,0.000491,24.5,23.765137,86.411054
2026-05-17 22:00:00,N10,-0.2192,0.009669,2.68,-0.0412,0.000837,23.3,23.765137,86.411054
2026-05-17 23:00:00,N10,-0.073,0.005337,7.43,-0.042,0.000656,22.6,23.765137,86.411054
2026-05-18 00:00:00,N10,-0.0395,0.006167,5.12,-0.0425,8.8e-05,23.9,23.765137,86.411054
2026-05-18 01:00:00,N10,-0.0331,0.007162,5.17,-0.0422,0.000134,24.2,23.765137,86.411054
2026-05-18 02:00:00,N10,0.187,0.005299,4.69,-0.0428,0.0009,24.9,23.765137,86.411054
2026-05-18 03:00:00,N10,-0.0859,0.008223,8.72,-0.044,0.000847,26.1,23.765137,86.411054
2026-05-18 04:00:00,N10,0.1197,0.008179,4.67,-0.0445,0.000371,27.6,23.765137,86.411054
2026-05-18 05:00:00,N10,0.3318,0.005838,2.1,-0.0447,0.008382,29.5,23.765137,86.411054
2026-05-18 06:00:00,N10,-0.1031,0.954701,18.72,-0.0612,0.011944,31.4,23.765137,86.411054
2026-05-18 07:00:00,N10,-0.3971,0.788648,43.84,-0.0686,0.004341,33.3,23.765137,86.411054
2026-05-18 08:00:00,N10,-0.1256,0.575519,34.88,-0.0526,0.011469,35.1,23.765137,86.411054
2026-05-18 09:00:00,N10,0.1712,0.006646,8.78,-0.0457,0.003391,36.7,23.765137,86.411054
2026-05-18 10:00:00,N10,-0.1161,0.007513,5.45,-0.0458,0.000155,37.9,23.765137,86.411054
2026-05-18 11:00:00,N10,0.1129,0.006616,5.18,-0.0454,0.000596,38.6,23.765137,86.411054
2026-05-18 12:00:00,N10,0.111,0.005666,7.9,-0.0446,0.000231,38.9,23.765137,86.411054
2026-05-18 13:00:00,N10,-0.0958,0.007909,7.24,-0.0449,0.005801,38.6,23.765137,86.411054
2026-05-18 14:00:00,N10,-0.1106,0.776962,36.12,-0.0562,0.000222,37.9,23.765137,86.411054
2026-05-18 15:00:00,N10,-0.0266,0.006982,8.81,-0.0445,0.005622,36.7,23.765137,86.411054
2026-05-18 16:00:00,N10,-0.04,0.005616,7.82,-0.0449,0.000399,35.1,23.765137,86.411054
2026-05-18 17:00:00,N10,-0.1747,0.006538,4.94,-0.0437,0.00076,33.3,23.765137,86.411054
2026-05-18 18:00:00,N10,-0.0841,0.005294,5.66,-0.0434,3.5e-05,31.4,23.765137,86.411054
2026-05-18 19:00:00,N10,-0.0554,0.005684,1.01,-0.0436,4.2e-05,29.5,23.765137,86.411054
2026-05-18 20:00:00,N10,,,,,,,23.765137,86.411054
2026-05-18 21:00:00,N10,,,,,,,23.765137,86.411054
2026-05-18 22:00:00,N10,,,,,,,23.765137,86.411054
2026-05-18 23:00:00,N10,-0.336,0.007043,8.22,-0.0429,8.3e-05,24.2,23.765137,86.411054
2026-05-19 00:00:00,N10,-0.0194,0.005988,4.46,-0.0429,0.000103,25.2,23.765137,86.411054
2026-05-19 01:00:00,N10,-0.0762,0.005455,7.58,-0.0427,0.000285,25.4,23.765137,86.411054
2026-05-19 02:00:00,N10,-0.1731,0.007368,4.24,-0.0423,0.000463,26.2,23.765137,86.411054
2026-05-19 03:00:00,N10,0.2025,0.006151,3.77,-0.0418,0.00053,27.4,23.765137,86.411054
2026-05-19 04:00:00,N10,0.0318,0.005355,7.55,-0.0413,8e-05,28.9,23.765137,86.411054
2026-05-19 05:00:00,N10,-0.0429,0.00566,5.5,-0.0419,0.00635,30.7,23.765137,86.411054
2026-05-19 06:00:00,N10,-0.2388,0.753393,37.29,-0.0286,0.002027,32.7,23.765137,86.411054
2026-05-19 07:00:00,N10,-0.0553,0.567444,15.99,-0.0379,0.006152,34.6,23.765137,86.411054
2026-05-19 08:00:00,N10,0.0762,0.005792,4.16,-0.0409,0.000969,36.4,23.765137,86.411054
2026-05-19 09:00:00,N10,0.0296,0.005907,7.75,-0.0398,0.000758,38.0,23.765137,86.411054
2026-05-19 10:00:00,N10,-0.1306,0.005117,1.14,-0.0394,0.000253,39.2,23.765137,86.411054
2026-05-19 11:00:00,N10,0.1067,0.006456,5.81,-0.0393,0.000129,39.9,23.765137,86.411054
2026-05-19 12:00:00,N10,-0.269,0.006674,3.33,-0.0396,0.000291,40.2,23.765137,86.411054
2026-05-19 13:00:00,N10,0.2466,0.006738,8.57,-0.0399,0.000139,39.9,23.765137,86.411054
2026-05-19 14:00:00,N10,0.0779,0.007439,9.13,-0.0394,0.000377,39.2,23.765137,86.411054
2026-05-19 15:00:00,N10,0.1976,0.008919,2.11,-0.0391,0.005283,38.0,23.765137,86.411054
2026-05-19 16:00:00,N10,-0.2921,0.835381,24.93,-0.0499,0.005256,36.4,23.765137,86.411054
2026-05-19 17:00:00,N10,0.0276,0.576886,45.33,-0.0496,0.006227,34.6,23.765137,86.411054
2026-05-19 18:00:00,N10,-0.2066,0.00651,5.05,-0.0375,0.006229,32.7,23.765137,86.411054
2026-05-19 19:00:00,N10,-0.0608,0.005694,2.68,-0.0372,9.2e-05,30.7,23.765137,86.411054
2026-05-19 20:00:00,N10,0.1476,0.008162,4.56,-0.0373,0.000308,28.9,23.765137,86.411054
2026-05-19 21:00:00,N10,0.3694,0.00501,3.44,-0.0366,0.000739,27.4,23.765137,86.411054
2026-05-19 22:00:00,N10,0.0793,0.005407,4.26,-0.0358,0.001092,26.2,23.765137,86.411054
2026-05-19 23:00:00,N10,0.0026,0.005688,8.01,-0.0344,0.000782,25.4,23.765137,86.411054
2026-05-20 00:00:00,N10,-0.1112,0.007395,1.23,-0.0342,7e-06,26.5,23.765137,86.411054
2026-05-20 01:00:00,N10,0.0939,0.006901,2.92,-0.0344,0.000465,26.8,23.765137,86.411054
2026-05-20 02:00:00,N10,0.0116,0.005553,9.28,-0.0352,0.000715,27.5,23.765137,86.411054
2026-05-20 03:00:00,N10,-0.1589,0.009212,6.81,-0.0358,0.00021,28.7,23.765137,86.411054
2026-05-20 04:00:00,N10,0.1036,0.006811,5.05,-0.0356,2e-05,30.3,23.765137,86.411054
2026-05-20 05:00:00,N10,-0.109,0.00533,7.77,-0.0358,0.000288,32.1,23.765137,86.411054
2026-05-20 06:00:00,N10,0.0011,0.006632,2.39,-0.035,0.009373,34.0,23.765137,86.411054
2026-05-20 07:00:00,N10,-0.3501,0.768566,47.4,-0.0545,7.6e-05,35.9,23.765137,86.411054
2026-05-20 08:00:00,N10,0.0591,0.006766,5.08,-0.0352,0.009592,37.8,23.765137,86.411054
2026-05-20 09:00:00,N10,0.1754,0.006323,2.93,-0.0354,0.000334,39.3,23.765137,86.411054
2026-05-20 10:00:00,N10,0.1355,0.007164,1.39,-0.0358,0.00017,40.5,23.765137,86.411054
2026-05-20 11:00:00,N10,-0.1488,0.006167,8.84,-0.0357,0.000304,41.2,23.765137,86.411054
2026-05-20 12:00:00,N10,0.0883,0.006259,7.27,-0.0352,0.00012,41.5,23.765137,86.411054
2026-05-20 13:00:00,N10,-0.0233,0.006408,5.43,-0.0359,0.007789,41.2,23.765137,86.411054
2026-05-20 14:00:00,N10,0.2903,0.671325,45.34,-0.0508,0.007274,40.5,23.765137,86.411054
2026-05-20 15:00:00,N10,-0.0241,0.741408,48.47,-0.0505,0.007638,39.3,23.765137,86.411054
2026-05-20 16:00:00,N10,-0.0115,0.006079,1.95,-0.0355,0.007429,37.8,23.765137,86.411054
2026-05-20 17:00:00,N10,-0.0062,0.00759,1.81,-0.0356,0.000116,35.9,23.765137,86.411054
2026-05-20 18:00:00,N10,0.072,0.006723,1.65,-0.0358,0.000131,34.0,23.765137,86.411054
2026-05-20 19:00:00,N10,0.2066,0.00553,6.82,-0.0354,0.000132,32.1,23.765137,86.411054
2026-05-20 20:00:00,N10,,,,,,,23.765137,86.411054
2026-05-20 21:00:00,N10,,,,,,,23.765137,86.411054
2026-05-20 22:00:00,N10,,,,,,,23.765137,86.411054
2026-05-20 23:00:00,N10,,,,,,,23.765137,86.411054
2026-05-21 00:00:00,N10,-0.2891,0.00741,8.26,-0.0368,0.000309,25.2,23.765137,86.411054
2026-05-21 01:00:00,N10,,,,,,,23.765137,86.411054
2026-05-21 02:00:00,N10,-0.0351,0.007631,5.48,-0.0378,9.4e-05,26.3,23.765137,86.411054
2026-05-21 03:00:00,N10,0.1054,0.008564,2.79,-0.0374,0.000439,27.4,23.765137,86.411054
2026-05-21 04:00:00,N10,-0.2435,0.006313,9.04,-0.0369,0.000243,29.0,23.765137,86.411054
2026-05-21 05:00:00,N10,-0.1915,0.007022,2.26,-0.0369,0.003901,30.8,23.765137,86.411054
2026-05-21 06:00:00,N10,0.1769,0.71162,34.62,-0.0447,8e-05,32.7,23.765137,86.411054
2026-05-21 07:00:00,N10,0.0133,0.006488,5.39,-0.0371,0.006383,34.7,23.765137,86.411054
2026-05-21 08:00:00,N10,-0.1261,0.858271,48.83,-0.032,5.1e-05,36.5,23.765137,86.411054
2026-05-21 09:00:00,N10,-0.0525,0.006565,9.13,-0.0372,0.00253,38.1,23.765137,86.411054
2026-05-21 10:00:00,N10,-0.14,0.005756,2.02,-0.037,0.000172,39.2,23.765137,86.411054
2026-05-21 11:00:00,N10,0.2472,0.005521,3.11,-0.0369,0.000815,40.0,23.765137,86.411054
2026-05-21 12:00:00,N10,,,,,,,23.765137,86.411054
2026-05-21 13:00:00,N10,0.0916,0.007536,1.26,-0.035,0.000251,40.0,23.765137,86.411054
2026-05-21 14:00:00,N10,0.2001,0.00841,6.06,-0.0349,3e-05,39.2,23.765137,86.411054
2026-05-21 15:00:00,N10,0.2458,0.008548,7.36,-0.035,0.003857,38.1,23.765137,86.411054
2026-05-21 16:00:00,N10,0.2762,0.773775,36.82,-0.0426,0.000941,36.5,23.765137,86.411054
2026-05-21 17:00:00,N10,0.0174,0.007095,3.43,-0.0331,0.005016,34.7,23.765137,86.411054
2026-05-21 18:00:00,N10,-0.3048,0.00903,7.08,-0.0326,0.000343,32.7,23.765137,86.411054
2026-05-21 19:00:00,N10,,,,,,,23.765137,86.411054
2026-05-21 20:00:00,N10,,,,,,,23.765137,86.411054
2026-05-21 21:00:00,N10,0.1235,0.005396,5.24,-0.032,0.000141,27.4,23.765137,86.411054
2026-05-21 22:00:00,N10,-0.1629,0.005807,5.23,-0.0326,0.00038,26.3,23.765137,86.411054
2026-05-21 23:00:00,N10,-0.0539,0.007253,1.33,-0.0327,0.000328,25.5,23.765137,86.411054
2026-05-22 00:00:00,N10,-0.1362,0.007409,6.54,-0.0333,0.00022,23.1,23.765137,86.411054
2026-05-22 01:00:00,N10,-0.0638,0.00519,4.0,-0.0332,0.000181,23.3,23.765137,86.411054
2026-05-22 02:00:00,N10,-0.0783,0.007739,7.55,-0.0329,0.000323,24.1,23.765137,86.411054
2026-05-22 03:00:00,N10,-0.4003,0.006229,7.41,-0.0325,1.9e-05,25.3,23.765137,86.411054
2026-05-22 04:00:00,N10,-0.3358,0.006287,3.48,-0.033,0.000564,26.8,23.765137,86.411054
2026-05-22 05:00:00,N10,0.0674,0.00757,5.85,-0.0337,0.000355,28.6,23.765137,86.411054
2026-05-22 06:00:00,N10,0.1279,0.005726,2.11,-0.0337,0.000331,30.6,23.765137,86.411054
2026-05-22 07:00:00,N10,0.1705,0.006997,1.14,-0.0343,0.000173,32.5,23.765137,86.411054
2026-05-22 08:00:00,N10,-0.0939,0.00645,2.75,-0.034,7.6e-05,34.3,23.765137,86.411054
2026-05-22 09:00:00,N10,-0.1331,0.006083,3.35,-0.0342,0.000433,35.9,23.765137,86.411054
2026-05-22 10:00:00,N10,0.489,0.007965,2.5,-0.0349,0.000513,37.1,23.765137,86.411054
2026-05-22 11:00:00,N10,0.1736,0.00941,5.17,-0.0352,0.000438,37.8,23.765137,86.411054
2026-05-22 12:00:00,N10,0.0771,0.006553,8.26,-0.0358,0.00035,38.1,23.765137,86.411054
2026-05-22 13:00:00,N10,0.109,0.00817,9.4,-0.0359,0.000239,37.8,23.765137,86.411054
2026-05-22 14:00:00,N10,-0.0269,0.006917,5.46,-0.0353,0.000332,37.1,23.765137,86.411054
2026-05-22 15:00:00,N10,0.006,0.005441,5.53,-0.0352,0.016523,35.9,23.765137,86.411054
2026-05-22 16:00:00,N10,0.0506,0.530755,22.83,-0.0022,0.016548,34.3,23.765137,86.411054
2026-05-22 17:00:00,N10,0.2725,0.738671,25.47,-0.0021,0.016623,32.5,23.765137,86.411054
2026-05-22 18:00:00,N10,-0.1819,0.005613,9.58,-0.0355,0.016342,30.6,23.765137,86.411054
2026-05-22 19:00:00,N10,0.1756,0.006449,8.33,-0.0348,0.000466,28.6,23.765137,86.411054
2026-05-22 20:00:00,N10,,,,,,,23.765137,86.411054
2026-05-22 21:00:00,N10,,,,,,,23.765137,86.411054
2026-05-22 22:00:00,N10,,,,,,,23.765137,86.411054
2026-05-22 23:00:00,N10,,,,,,,23.765137,86.411054
2026-05-23 00:00:00,N10,,,,,,,23.765137,86.411054
2026-05-23 01:00:00,N10,0.0534,0.007449,2.42,-0.0346,0.000358,29.2,23.765137,86.411054
2026-05-23 02:00:00,N10,0.0733,0.006091,4.51,-0.0353,0.000134,30.0,23.765137,86.411054
2026-05-23 03:00:00,N10,0.1462,0.005136,1.88,-0.0349,0.00028,31.2,23.765137,86.411054
2026-05-23 04:00:00,N10,-0.0364,0.006005,2.86,-0.0348,0.00029,32.7,23.765137,86.411054
2026-05-23 05:00:00,N10,0.1324,0.005967,4.69,-0.0343,0.000303,34.5,23.765137,86.411054
2026-05-23 06:00:00,N10,0.0387,0.007941,1.16,-0.0342,1.7e-05,36.5,23.765137,86.411054
2026-05-23 07:00:00,N10,0.0945,0.007478,5.04,-0.0343,0.00045,38.4,23.765137,86.411054
2026-05-23 08:00:00,N10,0.1584,0.005554,9.97,-0.0333,0.000368,40.2,23.765137,86.411054
2026-05-23 09:00:00,N10,-0.0165,0.005212,4.41,-0.0335,1.7e-05,41.8,23.765137,86.411054
2026-05-23 10:00:00,N10,0.2417,0.00634,6.88,-0.0333,0.000321,43.0,23.765137,86.411054
2026-05-23 11:00:00,N10,-0.1969,0.006284,2.93,-0.0329,0.006111,43.7,23.765137,86.411054
2026-05-23 12:00:00,N10,0.0206,0.557046,34.72,-0.0211,0.001823,44.0,23.765137,86.411054
2026-05-23 13:00:00,N10,0.1996,0.936938,43.68,-0.0292,0.006555,43.7,23.765137,86.411054
2026-05-23 14:00:00,N10,-0.0072,0.006593,2.11,-0.0342,0.002559,43.0,23.765137,86.411054
2026-05-23 15:00:00,N10,0.0559,0.005839,3.35,-0.0344,4.1e-05,41.8,23.765137,86.411054
2026-05-23 16:00:00,N10,-0.0462,0.005655,8.05,-0.0341,0.000254,40.2,23.765137,86.411054
2026-05-23 17:00:00,N10,-0.1117,0.005234,4.89,-0.0339,7.4e-05,38.4,23.765137,86.411054
2026-05-23 18:00:00,N10,-0.0594,0.008551,9.51,-0.034,0.000641,36.5,23.765137,86.411054
2026-05-23 19:00:00,N10,-0.1473,0.006392,4.91,-0.0351,0.00027,34.5,23.765137,86.411054
2026-05-23 20:00:00,N10,-0.3231,0.008618,6.49,-0.0345,0.000183,32.7,23.765137,86.411054
2026-05-23 21:00:00,N10,0.0468,0.005622,2.57,-0.0348,9e-05,31.2,23.765137,86.411054
2026-05-23 22:00:00,N10,-0.0322,0.009469,1.45,-0.0343,0.003596,30.0,23.765137,86.411054
2026-05-23 23:00:00,N10,0.126,0.005966,4.72,-0.0276,0.003478,29.2,23.765137,86.411054
2026-05-24 00:00:00,N10,-0.137,0.008997,2.94,-0.0274,0.000377,28.5,23.765137,86.411054
2026-05-24 01:00:00,N10,0.053,0.007392,2.74,-0.0268,0.000239,28.8,23.765137,86.411054
2026-05-24 02:00:00,N10,-0.191,0.005517,7.51,-0.0269,0.000401,29.5,23.765137,86.411054
2026-05-24 03:00:00,N10,-0.0381,0.008207,1.83,-0.0276,0.000605,30.7,23.765137,86.411054
2026-05-24 04:00:00,N10,0.0471,0.007442,6.14,-0.0281,0.000605,32.3,23.765137,86.411054
2026-05-24 05:00:00,N10,0.1109,0.005457,3.9,-0.0288,0.000213,34.1,23.765137,86.411054
2026-05-24 06:00:00,N10,-0.0094,0.006557,6.42,-0.0285,0.000375,36.0,23.765137,86.411054
2026-05-24 07:00:00,N10,-0.0489,0.005102,8.75,-0.0281,0.000313,38.0,23.765137,86.411054
2026-05-24 08:00:00,N10,0.0237,0.005226,8.91,-0.0279,2.8e-05,39.8,23.765137,86.411054
2026-05-24 09:00:00,N10,0.1575,0.005834,5.55,-0.028,0.000554,41.3,23.765137,86.411054
2026-05-24 10:00:00,N10,0.0939,0.007241,7.47,-0.029,0.003276,42.5,23.765137,86.411054
2026-05-24 11:00:00,N10,-0.0361,0.680219,36.36,-0.0215,0.000282,43.3,23.765137,86.411054
2026-05-24 12:00:00,N10,0.0854,0.006901,1.09,-0.0284,0.00354,43.5,23.765137,86.411054
2026-05-24 13:00:00,N10,0.0082,0.008094,1.42,-0.0286,0.000111,43.3,23.765137,86.411054
2026-05-24 14:00:00,N10,0.1007,0.007802,9.39,-0.0287,0.000219,42.5,23.765137,86.411054
2026-05-24 15:00:00,N10,0.0512,0.007148,8.89,-0.029,0.000356,41.3,23.765137,86.411054
2026-05-24 16:00:00,N10,-0.1489,0.00637,4.86,-0.0294,2.9e-05,39.8,23.765137,86.411054
2026-05-24 17:00:00,N10,-0.0292,0.005513,6.63,-0.0291,0.000172,38.0,23.765137,86.411054
2026-05-24 18:00:00,N10,0.0111,0.0054,5.62,-0.029,7.4e-05,36.0,23.765137,86.411054
2026-05-24 19:00:00,N10,0.2564,0.005214,5.1,-0.0292,0.000309,34.1,23.765137,86.411054
2026-05-24 20:00:00,N10,0.1391,0.005218,5.32,-0.0284,0.000114,32.3,23.765137,86.411054
2026-05-24 21:00:00,N10,0.1648,0.006651,5.65,-0.029,0.000293,30.7,23.765137,86.411054
2026-05-24 22:00:00,N10,-0.1403,0.005004,4.55,-0.029,0.000193,29.5,23.765137,86.411054
2026-05-24 23:00:00,N10,-0.1719,0.007302,9.03,-0.0286,0.00038,28.8,23.765137,86.411054
2026-05-25 00:00:00,N10,0.1332,0.005667,9.31,-0.0282,4e-06,26.3,23.765137,86.411054
2026-05-25 01:00:00,N10,0.1775,0.00841,8.21,-0.0286,9.7e-05,26.5,23.765137,86.411054
2026-05-25 02:00:00,N10,-0.0696,0.005973,4.57,-0.0284,9.3e-05,27.3,23.765137,86.411054
2026-05-25 03:00:00,N10,,,,,,,23.765137,86.411054
2026-05-25 04:00:00,N10,,,,,,,23.765137,86.411054
2026-05-25 05:00:00,N10,,,,,,,23.765137,86.411054
2026-05-25 06:00:00,N10,-0.0394,0.006049,7.79,-0.0314,0.001391,33.8,23.765137,86.411054
2026-05-25 07:00:00,N10,-0.063,0.005405,9.18,-0.0329,0.000645,35.7,23.765137,86.411054
2026-05-25 08:00:00,N10,,,,,,,23.765137,86.411054
2026-05-25 09:00:00,N10,-0.0586,0.007023,4.9,-0.0328,0.000814,39.1,23.765137,86.411054
2026-05-25 10:00:00,N10,,,,,,,23.765137,86.411054
2026-05-25 11:00:00,N10,,,,,,,23.765137,86.411054
2026-05-25 12:00:00,N10,,,,,,,23.765137,86.411054
2026-05-25 13:00:00,N10,,,,,,,23.765137,86.411054
2026-05-25 14:00:00,N10,,,,,,,23.765137,86.411054
2026-05-25 15:00:00,N10,-0.0267,0.005834,4.81,-0.0351,0.000282,39.1,23.765137,86.411054
2026-05-25 16:00:00,N10,0.2505,0.006251,9.86,-0.0348,0.000324,37.5,23.765137,86.411054
2026-05-25 17:00:00,N10,0.0734,0.007195,9.92,-0.0357,0.000614,35.7,23.765137,86.411054
2026-05-25 18:00:00,N10,0.103,0.006429,1.65,-0.0361,0.000356,33.8,23.765137,86.411054
2026-05-25 19:00:00,N10,,,,,,,23.765137,86.411054
2026-05-25 20:00:00,N10,,,,,,,23.765137,86.411054
2026-05-25 21:00:00,N10,,,,,,,23.765137,86.411054
2026-05-25 22:00:00,N10,,,,,,,23.765137,86.411054
2026-05-25 23:00:00,N10,,,,,,,23.765137,86.411054
2026-05-26 00:00:00,N10,0.0788,0.009161,2.86,-0.0376,0.000204,26.6,23.765137,86.411054
2026-05-26 01:00:00,N10,-0.1288,0.007032,9.2,-0.0374,0.000501,26.8,23.765137,86.411054
2026-05-26 02:00:00,N10,-0.1688,0.005569,3.75,-0.0386,0.000677,27.6,23.765137,86.411054
2026-05-26 03:00:00,N10,0.4245,0.007749,1.01,-0.0388,0.000108,28.8,23.765137,86.411054
2026-05-26 04:00:00,N10,-0.1001,0.007603,8.11,-0.0384,0.000235,30.3,23.765137,86.411054
2026-05-26 05:00:00,N10,-0.2549,0.010617,2.33,-0.0383,0.000245,32.1,23.765137,86.411054
2026-05-26 06:00:00,N10,0.0189,0.006036,8.56,-0.0379,0.000801,34.1,23.765137,86.411054
2026-05-26 07:00:00,N10,0.012,0.007212,3.87,-0.0367,0.000971,36.0,23.765137,86.411054
2026-05-26 08:00:00,N10,-0.2057,0.009829,9.13,-0.036,3.4e-05,37.8,23.765137,86.411054
2026-05-26 09:00:00,N10,-0.0768,0.005331,8.95,-0.0368,8.8e-05,39.4,23.765137,86.411054
2026-05-26 10:00:00,N10,0.0051,0.00544,3.11,-0.0362,4.1e-05,40.6,23.765137,86.411054
2026-05-26 11:00:00,N10,-0.0796,0.00718,4.73,-0.0369,0.000183,41.3,23.765137,86.411054
2026-05-26 12:00:00,N10,-0.0909,0.006965,5.88,-0.0365,0.000166,41.6,23.765137,86.411054
2026-05-26 13:00:00,N10,-0.291,0.00572,5.65,-0.0365,0.004374,41.3,23.765137,86.411054
2026-05-26 14:00:00,N10,0.0165,0.885311,42.54,-0.0453,0.00444,40.6,23.765137,86.411054
2026-05-26 15:00:00,N10,-0.0573,0.95102,35.49,-0.0454,0.003783,39.4,23.765137,86.411054
2026-05-26 16:00:00,N10,0.0019,0.008896,7.26,-0.0377,0.003631,37.8,23.765137,86.411054
2026-05-26 17:00:00,N10,0.0807,0.005565,7.44,-0.0381,0.000119,36.0,23.765137,86.411054
2026-05-26 18:00:00,N10,-0.1546,0.007631,8.29,-0.038,0.000324,34.1,23.765137,86.411054
2026-05-26 19:00:00,N10,-0.1313,0.005011,6.76,-0.0388,0.000973,32.1,23.765137,86.411054
2026-05-26 20:00:00,N10,-0.0157,0.007827,4.75,-0.0399,0.000956,30.3,23.765137,86.411054
2026-05-26 21:00:00,N10,0.1347,0.005833,4.05,-0.0407,0.000395,28.8,23.765137,86.411054
2026-05-26 22:00:00,N10,-0.104,0.006175,9.22,-0.0407,0.000145,27.6,23.765137,86.411054
2026-05-26 23:00:00,N10,0.0999,0.007096,8.96,-0.0404,2e-06,26.8,23.765137,86.411054
2026-05-27 00:00:00,N10,,,,,,,23.765137,86.411054
2026-05-27 01:00:00,N10,,,,,,,23.765137,86.411054
2026-05-27 02:00:00,N10,,,,,,,23.765137,86.411054
2026-05-27 03:00:00,N10,,,,,,,23.765137,86.411054
2026-05-27 04:00:00,N10,,,,,,,23.765137,86.411054
2026-05-27 05:00:00,N10,-0.0968,0.006047,4.92,-0.0389,0.000461,30.9,23.765137,86.411054
2026-05-27 06:00:00,N10,0.1744,0.005072,9.46,-0.0391,0.000269,32.9,23.765137,86.411054
2026-05-27 07:00:00,N10,,,,,,,23.765137,86.411054
2026-05-27 08:00:00,N10,,,,,,,23.765137,86.411054
2026-05-27 09:00:00,N10,,,,,,,23.765137,86.411054
2026-05-27 10:00:00,N10,0.0185,0.774024,19.4,-0.0191,0.017447,39.4,23.765137,86.411054
2026-05-27 11:00:00,N10,-0.0267,0.919828,36.82,-0.0191,0.009757,40.1,23.765137,86.411054
2026-05-27 12:00:00,N10,0.0436,0.006315,7.59,-0.0386,0.009523,40.4,23.765137,86.411054
2026-05-27 13:00:00,N10,-0.0557,0.006437,8.25,-0.0381,0.000401,40.1,23.765137,86.411054
2026-05-27 14:00:00,N10,-0.0195,0.005408,4.12,-0.0378,0.002941,39.4,23.765137,86.411054
2026-05-27 15:00:00,N10,0.0147,0.99884,35.46,-0.0322,0.002652,38.2,23.765137,86.411054
2026-05-27 16:00:00,N10,-0.0364,0.59966,20.12,-0.0325,0.002933,36.6,23.765137,86.411054
2026-05-27 17:00:00,N10,-0.0134,0.006698,4.2,-0.0381,0.002935,34.8,23.765137,86.411054
2026-05-27 18:00:00,N10,0.1803,0.005269,6.23,-0.0383,9.6e-05,32.9,23.765137,86.411054
2026-05-27 19:00:00,N10,-0.1324,0.005467,3.51,-0.0383,0.000148,30.9,23.765137,86.411054
2026-05-27 20:00:00,N10,,,,,,,23.765137,86.411054
2026-05-27 21:00:00,N10,,,,,,,23.765137,86.411054
2026-05-27 22:00:00,N10,,,,,,,23.765137,86.411054
2026-05-27 23:00:00,N10,,,,,,,23.765137,86.411054
2026-05-28 00:00:00,N10,-0.0129,0.00517,8.38,-0.0376,0.000389,25.5,23.765137,86.411054
2026-05-28 01:00:00,N10,-0.3168,0.005492,8.12,-0.0369,0.000266,25.7,23.765137,86.411054
2026-05-28 02:00:00,N10,-0.1704,0.006383,8.38,-0.037,0.000201,26.5,23.765137,86.411054
2026-05-28 03:00:00,N10,0.1661,0.007761,7.39,-0.0373,4.6e-05,27.7,23.765137,86.411054
2026-05-28 04:00:00,N10,-0.0334,0.005144,1.12,-0.0371,6.7e-05,29.2,23.765137,86.411054
2026-05-28 05:00:00,N10,-0.0662,0.005629,5.6,-0.0374,5.5e-05,31.0,23.765137,86.411054
2026-05-28 06:00:00,N10,0.2138,0.005522,8.7,-0.0372,3.6e-05,33.0,23.765137,86.411054
2026-05-28 07:00:00,N10,-0.2166,0.007148,5.66,-0.0374,0.007548,34.9,23.765137,86.411054
2026-05-28 08:00:00,N10,0.003,0.746628,32.38,-0.0221,0.001532,36.7,23.765137,86.411054
2026-05-28 09:00:00,N10,0.1178,0.75678,41.36,-0.0343,0.00749,38.3,23.765137,86.411054
2026-05-28 10:00:00,N10,-0.1653,0.005108,5.45,-0.0371,0.001131,39.5,23.765137,86.411054
2026-05-28 11:00:00,N10,0.045,0.006656,5.1,-0.0366,0.000201,40.2,23.765137,86.411054
2026-05-28 12:00:00,N10,0.1667,0.007106,6.77,-0.0375,0.000243,40.5,23.765137,86.411054
2026-05-28 13:00:00,N10,0.0167,0.007574,8.04,-0.037,0.007454,40.2,23.765137,86.411054
2026-05-28 14:00:00,N10,-0.1767,0.923805,19.59,-0.0524,0.000209,39.5,23.765137,86.411054
2026-05-28 15:00:00,N10,0.1774,0.008001,4.46,-0.0375,0.007283,38.3,23.765137,86.411054
2026-05-28 16:00:00,N10,0.0434,0.007155,6.6,-0.0379,0.000358,36.7,23.765137,86.411054
2026-05-28 17:00:00,N10,0.1316,0.008046,5.22,-0.0382,0.000116,34.9,23.765137,86.411054
2026-05-28 18:00:00,N10,0.0638,0.010057,8.76,-0.0376,0.000303,33.0,23.765137,86.411054
2026-05-28 19:00:00,N10,0.0639,0.007618,7.38,-0.0376,1e-05,31.0,23.765137,86.411054
2026-05-28 20:00:00,N10,-0.0584,0.00537,6.74,-0.0376,2.2e-05,29.2,23.765137,86.411054
2026-05-28 21:00:00,N10,-0.009,0.006309,9.19,-0.0376,0.000245,27.7,23.765137,86.411054
2026-05-28 22:00:00,N10,-0.0627,0.00675,7.98,-0.0371,0.000412,26.5,23.765137,86.411054
2026-05-28 23:00:00,N10,-0.0942,0.008439,6.61,-0.0368,0.000466,25.7,23.765137,86.411054
2026-05-29 00:00:00,N10,0.1327,0.006364,7.16,-0.0362,0.000327,22.6,23.765137,86.411054
2026-05-29 01:00:00,N10,-0.2592,0.005702,4.26,-0.0361,0.000285,22.8,23.765137,86.411054
2026-05-29 02:00:00,N10,-0.0224,0.006252,6.59,-0.0368,0.000651,23.6,23.765137,86.411054
2026-05-29 03:00:00,N10,0.1383,0.006186,9.08,-0.0374,0.000357,24.8,23.765137,86.411054
2026-05-29 04:00:00,N10,0.0747,0.008521,6.56,-0.0375,4e-06,26.3,23.765137,86.411054
2026-05-29 05:00:00,N10,-0.1779,0.005608,6.07,-0.0374,0.003928,28.1,23.765137,86.411054
2026-05-29 06:00:00,N10,-0.1522,0.939913,43.5,-0.0296,0.003837,30.1,23.765137,86.411054
2026-05-29 07:00:00,N10,-0.1116,0.897845,20.27,-0.0298,0.00358,32.0,23.765137,86.411054
2026-05-29 08:00:00,N10,-0.2866,0.005684,6.13,-0.0368,0.003029,33.8,23.765137,86.411054
2026-05-29 09:00:00,N10,-0.0703,0.009558,4.53,-0.0358,0.000346,35.4,23.765137,86.411054
2026-05-29 10:00:00,N10,-0.2014,0.006107,5.6,-0.0361,8e-06,36.6,23.765137,86.411054
2026-05-29 11:00:00,N10,-0.0814,0.007646,4.81,-0.0358,0.000292,37.3,23.765137,86.411054
2026-05-29 12:00:00,N10,0.1049,0.007905,5.82,-0.0355,0.000614,37.6,23.765137,86.411054
2026-05-29 13:00:00,N10,-0.1296,0.00739,2.56,-0.0346,0.000745,37.3,23.765137,86.411054
2026-05-29 14:00:00,N10,-0.163,0.007031,3.57,-0.034,4e-05,36.6,23.765137,86.411054
2026-05-29 15:00:00,N10,0.1684,0.007593,8.86,-0.0346,7.5e-05,35.4,23.765137,86.411054
2026-05-29 16:00:00,N10,-0.0492,0.698486,39.29,-0.0339,0.00824,33.8,23.765137,86.411054
2026-05-29 17:00:00,N10,-0.1917,0.97675,39.95,-0.0511,0.000577,32.0,23.765137,86.411054
2026-05-29 18:00:00,N10,-0.1637,0.006439,8.52,-0.035,0.008569,30.1,23.765137,86.411054
2026-05-29 19:00:00,N10,0.0798,0.005552,8.46,-0.034,0.00091,28.1,23.765137,86.411054
2026-05-29 20:00:00,N10,0.0423,0.006798,2.0,-0.0332,0.001023,26.3,23.765137,86.411054
2026-05-29 21:00:00,N10,-0.1209,0.00552,1.38,-0.0319,0.000437,24.8,23.765137,86.411054
2026-05-29 22:00:00,N10,-0.0145,0.005209,4.0,-0.0323,0.00012,23.6,23.765137,86.411054
2026-05-29 23:00:00,N10,0.0557,0.007065,8.85,-0.0322,2.9e-05,22.8,23.765137,86.411054
2026-05-30 00:00:00,N10,0.0881,0.009746,5.8,-0.0324,0.000483,23.9,23.765137,86.411054
2026-05-30 01:00:00,N10,-0.1729,0.006218,8.36,-0.0332,0.000644,24.1,23.765137,86.411054
2026-05-30 02:00:00,N10,-0.0859,0.00733,8.44,-0.0337,4e-05,24.9,23.765137,86.411054
2026-05-30 03:00:00,N10,-0.0429,0.005573,9.66,-0.0331,0.000733,26.1,23.765137,86.411054
2026-05-30 04:00:00,N10,-0.1359,0.005241,8.28,-0.0322,0.00022,27.6,23.765137,86.411054
2026-05-30 05:00:00,N10,-0.3856,0.007732,7.27,-0.0326,6.7e-05,29.4,23.765137,86.411054
2026-05-30 06:00:00,N10,-0.3393,0.005354,3.08,-0.0321,0.009692,31.4,23.765137,86.411054
2026-05-30 07:00:00,N10,0.007,0.517258,21.71,-0.0132,0.000227,33.3,23.765137,86.411054
2026-05-30 08:00:00,N10,0.1728,0.008929,3.56,-0.0325,0.00983,35.1,23.765137,86.411054
2026-05-30 09:00:00,N10,0.0217,0.00514,1.97,-0.0329,3.1e-05,36.7,23.765137,86.411054
2026-05-30 10:00:00,N10,0.0806,0.008201,7.44,-0.0325,0.000215,37.9,23.765137,86.411054
2026-05-30 11:00:00,N10,-0.0078,0.007974,9.68,-0.0325,0.000136,38.6,23.765137,86.411054
2026-05-30 12:00:00,N10,-0.1702,0.005404,5.4,-0.0327,0.000354,38.9,23.765137,86.411054
2026-05-30 13:00:00,N10,0.1391,0.005299,6.25,-0.0318,0.000459,38.6,23.765137,86.411054
2026-05-30 14:00:00,N10,0.1009,0.005093,1.75,-0.0318,9.6e-05,37.9,23.765137,86.411054
2026-05-30 15:00:00,N10,0.1597,0.005402,2.87,-0.0316,0.000119,36.7,23.765137,86.411054
2026-05-30 16:00:00,N10,0.3012,0.005688,2.44,-0.0321,0.000478,35.1,23.765137,86.411054
2026-05-30 17:00:00,N10,-0.0163,0.005385,8.18,-0.0325,1.7e-05,33.3,23.765137,86.411054
2026-05-30 18:00:00,N10,-0.2958,0.00579,6.71,-0.0321,0.000309,31.4,23.765137,86.411054
2026-05-30 19:00:00,N10,0.0984,0.005216,4.54,-0.0319,0.000312,29.4,23.765137,86.411054
2026-05-30 20:00:00,N10,-0.0448,0.006986,4.78,-0.0315,0.000328,27.6,23.765137,86.411054
2026-05-30 21:00:00,N10,0.2003,0.005562,1.13,-0.0313,8.3e-05,26.1,23.765137,86.411054
2026-05-30 22:00:00,N10,0.0346,0.005953,3.44,-0.0313,4.1e-05,24.9,23.765137,86.411054
2026-05-30 23:00:00,N10,-0.2501,0.005472,3.35,-0.0313,0.000219,24.1,23.765137,86.411054
2026-05-31 00:00:00,N10,-0.2204,0.006105,5.81,-0.0309,0.000197,22.8,23.765137,86.411054
2026-05-31 01:00:00,N10,0.0023,0.006396,1.41,-0.0309,2e-06,23.1,23.765137,86.411054
2026-05-31 02:00:00,N10,-0.1714,0.005055,4.9,-0.0309,0.000378,23.8,23.765137,86.411054
2026-05-31 03:00:00,N10,,,,,,,23.765137,86.411054
2026-05-31 04:00:00,N10,,,,,,,23.765137,86.411054
2026-05-31 05:00:00,N10,,,,,,,23.765137,86.411054
2026-05-31 06:00:00,N10,,,,,,,23.765137,86.411054
2026-05-31 07:00:00,N10,,,,,,,23.765137,86.411054
2026-05-31 08:00:00,N10,0.4739,0.564948,24.23,-0.0162,0.005313,34.1,23.765137,86.411054
2026-05-31 09:00:00,N10,-0.0321,0.006435,7.6,-0.0279,0.005943,35.6,23.765137,86.411054
2026-05-31 10:00:00,N10,-0.0951,0.008446,9.53,-0.028,0.000229,36.8,23.765137,86.411054
2026-05-31 11:00:00,N10,0.1328,0.007464,8.58,-0.0274,0.000207,37.6,23.765137,86.411054
2026-05-31 12:00:00,N10,0.0048,0.005412,3.78,-0.0276,0.006884,37.8,23.765137,86.411054
2026-05-31 13:00:00,N10,-0.0661,0.796479,29.59,-0.0412,0.000168,37.6,23.765137,86.411054
2026-05-31 14:00:00,N10,-0.0712,0.005521,9.9,-0.028,0.006326,36.8,23.765137,86.411054
2026-05-31 15:00:00,N10,-0.0789,0.007459,1.4,-0.0285,0.000323,35.6,23.765137,86.411054
2026-05-31 16:00:00,N10,-0.0126,0.006117,3.52,-0.0286,6.7e-05,34.1,23.765137,86.411054
2026-05-31 17:00:00,N10,0.0156,0.00645,9.07,-0.0287,0.000232,32.2,23.765137,86.411054
2026-05-31 18:00:00,N10,-0.1698,0.006602,9.11,-0.0291,0.000227,30.3,23.765137,86.411054
2026-05-31 19:00:00,N10,-0.1404,0.005527,3.85,-0.0282,0.0007,28.4,23.765137,86.411054
2026-05-31 20:00:00,N10,-0.2192,0.005918,7.6,-0.0277,0.000526,26.6,23.765137,86.411054
2026-05-31 21:00:00,N10,0.1591,0.007199,6.57,-0.0272,2.8e-05,25.0,23.765137,86.411054
2026-05-31 22:00:00,N10,-0.0352,0.010199,9.37,-0.0277,0.000278,23.8,23.765137,86.411054
2026-05-31 23:00:00,N10,-0.1706,0.007597,3.71,-0.0277,8.7e-05,23.1,23.765137,86.411054
2026-06-01 00:00:00,N10,-0.216,0.005884,8.14,-0.0279,0.000273,25.9,23.765137,86.411054
2026-06-01 01:00:00,N10,,,,,,,23.765137,86.411054
2026-06-01 02:00:00,N10,,,,,,,23.765137,86.411054
2026-06-01 03:00:00,N10,,,,,,,23.765137,86.411054
2026-06-01 04:00:00,N10,-0.0372,0.007088,5.54,-0.0287,0.000237,29.7,23.765137,86.411054
2026-06-01 05:00:00,N10,-0.0193,0.008265,5.91,-0.0285,0.000157,31.5,23.765137,86.411054
2026-06-01 06:00:00,N10,0.1264,0.005752,8.3,-0.0284,0.009976,33.4,23.765137,86.411054
2026-06-01 07:00:00,N10,,,,,,,23.765137,86.411054
2026-06-01 08:00:00,N10,,,,,,,23.765137,86.411054
2026-06-01 09:00:00,N10,-0.2144,0.693411,39.8,-0.0161,0.00664,38.7,23.765137,86.411054
2026-06-01 10:00:00,N10,0.1955,0.694462,39.19,-0.0164,0.005762,39.9,23.765137,86.411054
2026-06-01 11:00:00,N10,0.0574,0.006007,9.21,-0.0276,0.005504,40.7,23.765137,86.411054
2026-06-01 12:00:00,N10,-0.1521,0.008515,4.17,-0.0274,0.000347,40.9,23.765137,86.411054
2026-06-01 13:00:00,N10,-0.0366,0.005058,6.07,-0.0269,0.000289,40.7,23.765137,86.411054
2026-06-01 14:00:00,N10,0.1729,0.005001,7.85,-0.0268,0.000548,39.9,23.765137,86.411054
2026-06-01 15:00:00,N10,-0.2367,0.006688,3.27,-0.028,0.0008,38.7,23.765137,86.411054
2026-06-01 16:00:00,N10,-0.1035,0.00591,2.42,-0.0284,0.000115,37.2,23.765137,86.411054
2026-06-01 17:00:00,N10,0.0481,0.007925,9.21,-0.0282,0.0002,35.4,23.765137,86.411054
2026-06-01 18:00:00,N10,0.1953,0.007946,3.26,-0.0288,0.000422,33.4,23.765137,86.411054
2026-06-01 19:00:00,N10,-0.2049,0.006647,1.65,-0.0291,0.000332,31.5,23.765137,86.411054
2026-06-01 20:00:00,N10,-0.1832,0.006693,4.09,-0.0294,0.000235,29.7,23.765137,86.411054
2026-06-01 21:00:00,N10,-0.0982,0.00508,4.04,-0.0286,2.1e-05,28.1,23.765137,86.411054
2026-06-01 22:00:00,N10,0.4241,0.009268,5.26,-0.0295,0.000848,26.9,23.765137,86.411054
2026-06-01 23:00:00,N10,0.2176,0.007518,4.81,-0.0303,7.9e-05,26.2,23.765137,86.411054
2026-06-02 00:00:00,N10,-0.0965,0.006934,1.97,-0.0296,0.000445,26.7,23.765137,86.411054
2026-06-02 01:00:00,N10,0.0278,0.007109,8.08,-0.0294,9.1e-05,26.9,23.765137,86.411054
2026-06-02 02:00:00,N10,-0.0262,0.007097,6.55,-0.0295,0.000156,27.7,23.765137,86.411054
2026-06-02 03:00:00,N10,0.1979,0.010729,9.96,-0.0297,3.5e-05,28.9,23.765137,86.411054
2026-06-02 04:00:00,N10,,,,,,,23.765137,86.411054
2026-06-02 05:00:00,N10,,,,,,,23.765137,86.411054
2026-06-02 06:00:00,N10,0.0507,0.533894,39.18,-0.0562,0.013822,34.2,23.765137,86.411054
2026-06-02 07:00:00,N10,0.2771,0.618503,41.86,-0.0572,0.012885,36.1,23.765137,86.411054
2026-06-02 08:00:00,N10,-0.2597,0.005646,7.0,-0.0305,0.013501,37.9,23.765137,86.411054
2026-06-02 09:00:00,N10,,,,,,,23.765137,86.411054
2026-06-02 10:00:00,N10,-0.1966,0.606718,31.23,-0.01,9.1e-05,40.7,23.765137,86.411054
2026-06-02 11:00:00,N10,0.4044,0.00714,7.83,-0.03,0.010115,41.4,23.765137,86.411054
2026-06-02 12:00:00,N10,0.0112,0.006773,1.54,-0.0302,3.3e-05,41.7,23.765137,86.411054
2026-06-02 13:00:00,N10,-0.1143,0.005998,2.64,-0.0299,0.000505,41.4,23.765137,86.411054
2026-06-02 14:00:00,N10,0.1683,0.005054,9.83,-0.0292,0.000484,40.7,23.765137,86.411054
2026-06-02 15:00:00,N10,-0.103,0.008145,9.83,-0.0289,1e-06,39.5,23.765137,86.411054
2026-06-02 16:00:00,N10,-0.299,0.005132,7.34,-0.0292,0.000151,37.9,23.765137,86.411054
2026-06-02 17:00:00,N10,-0.0695,0.007373,5.58,-0.0292,0.000117,36.1,23.765137,86.411054
2026-06-02 18:00:00,N10,-0.1265,0.005857,7.89,-0.0294,6.4e-05,34.2,23.765137,86.411054
2026-06-02 19:00:00,N10,-0.0115,0.00674,4.92,-0.0291,4.8e-05,32.2,23.765137,86.411054
2026-06-02 20:00:00,N10,-0.0762,0.007338,5.02,-0.0293,0.000111,30.4,23.765137,86.411054
2026-06-02 21:00:00,N10,-0.0092,0.005745,5.03,-0.0289,0.000351,28.9,23.765137,86.411054
2026-06-02 22:00:00,N10,0.1924,0.005314,1.16,-0.0286,0.000425,27.7,23.765137,86.411054
2026-06-02 23:00:00,N10,,,,,,,23.765137,86.411054
2026-06-03 00:00:00,N10,,,,,,,23.765137,86.411054
2026-06-03 01:00:00,N10,,,,,,,23.765137,86.411054
2026-06-03 02:00:00,N10,,,,,,,23.765137,86.411054
2026-06-03 03:00:00,N10,,,,,,,23.765137,86.411054
2026-06-03 04:00:00,N10,0.0517,0.006502,2.12,-0.027,2.9e-05,26.5,23.765137,86.411054
2026-06-03 05:00:00,N10,0.0313,0.007125,6.86,-0.0271,0.009618,28.3,23.765137,86.411054
2026-06-03 06:00:00,N10,-0.049,0.885279,33.81,-0.0462,0.000107,30.3,23.765137,86.411054
2026-06-03 07:00:00,N10,0.04,0.006103,2.04,-0.0273,0.009117,32.2,23.765137,86.411054
2026-06-03 08:00:00,N10,-0.4781,0.005296,7.37,-0.028,0.000309,34.0,23.765137,86.411054
2026-06-03 09:00:00,N10,0.2533,0.006392,1.16,-0.0279,0.000179,35.6,23.765137,86.411054
2026-06-03 10:00:00,N10,-0.0934,0.005062,1.75,-0.0283,0.000392,36.8,23.765137,86.411054
2026-06-03 11:00:00,N10,-0.1842,0.005055,7.73,-0.0271,0.000353,37.5,23.765137,86.411054
2026-06-03 12:00:00,N10,0.2161,0.006249,3.04,-0.0276,0.004,37.8,23.765137,86.411054
2026-06-03 13:00:00,N10,0.1157,0.633169,42.61,-0.0191,0.000399,37.5,23.765137,86.411054
2026-06-03 14:00:00,N10,0.1256,0.007378,7.91,-0.0268,0.003732,36.8,23.765137,86.411054
2026-06-03 15:00:00,N10,0.0995,0.005339,5.16,-0.0266,0.000119,35.6,23.765137,86.411054
2026-06-03 16:00:00,N10,-0.0019,0.006795,6.85,-0.0266,0.000107,34.0,23.765137,86.411054
2026-06-03 17:00:00,N10,0.1328,0.006837,8.43,-0.0264,5.9e-05,32.2,23.765137,86.411054
2026-06-03 18:00:00,N10,0.0541,0.008954,3.02,-0.0267,0.000338,30.3,23.765137,86.411054
2026-06-03 19:00:00,N10,-0.082,0.006286,3.58,-0.027,2.5e-05,28.3,23.765137,86.411054
2026-06-03 20:00:00,N10,-0.0952,0.008676,8.05,-0.0267,0.000148,26.5,23.765137,86.411054
2026-06-03 21:00:00,N10,0.1412,0.005294,4.8,-0.0273,0.000524,25.0,23.765137,86.411054
2026-06-03 22:00:00,N10,-0.0167,0.005776,2.3,-0.0277,0.000236,23.8,23.765137,86.411054
2026-06-03 23:00:00,N10,-0.0929,0.006132,3.15,-0.0269,0.000535,23.0,23.765137,86.411054
2026-06-04 00:00:00,N10,-0.1859,0.005772,4.22,-0.0266,0.000545,22.8,23.765137,86.411054
2026-06-04 01:00:00,N10,-0.2039,0.005071,3.11,-0.0258,0.000312,23.1,23.765137,86.411054
2026-06-04 02:00:00,N10,-0.1355,0.006624,6.63,-0.026,2.3e-05,23.8,23.765137,86.411054
2026-06-04 03:00:00,N10,0.1407,0.008102,8.89,-0.0258,2.2e-05,25.0,23.765137,86.411054
2026-06-04 04:00:00,N10,0.0773,0.006598,9.33,-0.026,0.0001,26.6,23.765137,86.411054
2026-06-04 05:00:00,N10,0.1393,0.006871,3.32,-0.026,0.000121,28.4,23.765137,86.411054
2026-06-04 06:00:00,N10,0.1023,0.006312,8.54,-0.0262,0.003626,30.3,23.765137,86.411054
2026-06-04 07:00:00,N10,0.1924,0.796275,20.17,-0.0333,0.003471,32.3,23.765137,86.411054
2026-06-04 08:00:00,N10,-0.1225,0.5042,15.43,-0.0332,0.013559,34.1,23.765137,86.411054
2026-06-04 09:00:00,N10,-0.0632,0.888342,46.02,-0.0062,0.013169,35.6,23.765137,86.411054
2026-06-04 10:00:00,N10,0.0365,0.515196,21.94,-0.0068,0.010298,36.8,23.765137,86.411054
2026-06-04 11:00:00,N10,0.0036,0.007732,5.06,-0.0268,0.009796,37.6,23.765137,86.411054
2026-06-04 12:00:00,N10,0.1377,0.005188,3.44,-0.0264,0.000602,37.8,23.765137,86.411054
2026-06-04 13:00:00,N10,0.0714,0.006142,5.46,-0.0256,0.000187,37.6,23.765137,86.411054
2026-06-04 14:00:00,N10,-0.038,0.00735,5.12,-0.026,0.000328,36.8,23.765137,86.411054
2026-06-04 15:00:00,N10,0.22,0.005134,6.65,-0.0262,0.000293,35.6,23.765137,86.411054
2026-06-04 16:00:00,N10,0.1389,0.005885,7.99,-0.0266,0.000206,34.1,23.765137,86.411054
2026-06-04 17:00:00,N10,,,,,,,23.765137,86.411054
2026-06-04 18:00:00,N10,,,,,,,23.765137,86.411054
2026-06-04 19:00:00,N10,,,,,,,23.765137,86.411054
2026-06-04 20:00:00,N10,,,,,,,23.765137,86.411054
2026-06-04 21:00:00,N10,,,,,,,23.765137,86.411054
2026-06-04 22:00:00,N10,0.1893,0.008951,3.33,-0.027,0.000187,23.8,23.765137,86.411054
2026-06-04 23:00:00,N10,-0.0736,0.005953,7.81,-0.0263,0.000153,23.1,23.765137,86.411054
2026-06-05 00:00:00,N10,-0.1982,0.007181,1.81,-0.0267,0.000263,22.4,23.765137,86.411054
2026-06-05 01:00:00,N10,-0.3138,0.006144,2.51,-0.0268,4.7e-05,22.6,23.765137,86.411054
2026-06-05 02:00:00,N10,0.2279,0.006378,4.44,-0.0266,0.000195,23.4,23.765137,86.411054
2026-06-05 03:00:00,N10,0.085,0.006816,2.66,-0.0264,0.000676,24.6,23.765137,86.411054
2026-06-05 04:00:00,N10,-0.0056,0.005332,5.84,-0.0252,0.001021,26.1,23.765137,86.411054
2026-06-05 05:00:00,N10,0.1045,0.005379,1.87,-0.0244,0.000658,27.9,23.765137,86.411054
2026-06-05 06:00:00,N10,-0.1997,0.005648,7.34,-0.0239,0.000317,29.9,23.765137,86.411054
2026-06-05 07:00:00,N10,-0.0102,0.006146,6.0,-0.0238,5.2e-05,31.8,23.765137,86.411054
2026-06-05 08:00:00,N10,0.214,0.00882,5.22,-0.024,0.00088,33.6,23.765137,86.411054
2026-06-05 09:00:00,N10,0.3332,0.006921,3.4,-0.0255,0.000705,35.2,23.765137,86.411054
2026-06-05 10:00:00,N10,0.2369,0.00936,4.76,-0.0254,0.000326,36.4,23.765137,86.411054
2026-06-05 11:00:00,N10,,,,,,,23.765137,86.411054
2026-06-05 12:00:00,N10,,,,,,,23.765137,86.411054
2026-06-05 13:00:00,N10,,,,,,,23.765137,86.411054
2026-06-05 14:00:00,N10,0.1954,0.005998,4.23,-0.0258,0.00865,36.4,23.765137,86.411054
2026-06-05 15:00:00,N10,0.0921,0.007089,4.09,-0.0266,0.000186,35.2,23.765137,86.411054
2026-06-05 16:00:00,N10,0.1701,0.008298,4.73,-0.0261,0.000772,33.6,23.765137,86.411054
2026-06-05 17:00:00,N10,-0.0975,0.005773,1.91,-0.0251,0.000676,31.8,23.765137,86.411054
2026-06-05 18:00:00,N10,-0.0954,0.007126,7.52,-0.0248,1.9e-05,29.9,23.765137,86.411054
2026-06-05 19:00:00,N10,0.0164,0.007136,6.45,-0.0251,7.5e-05,27.9,23.765137,86.411054
2026-06-05 20:00:00,N10,-0.2564,0.005669,5.07,-0.0246,0.000488,26.1,23.765137,86.411054
2026-06-05 21:00:00,N10,-0.0921,0.006387,7.65,-0.0242,0.00019,24.6,23.765137,86.411054
2026-06-05 22:00:00,N10,-0.2949,0.009356,6.77,-0.025,0.000569,23.4,23.765137,86.411054
2026-06-05 23:00:00,N10,0.0807,0.005655,4.67,-0.0253,0.000714,22.6,23.765137,86.411054
2026-06-06 00:00:00,N10,0.1424,0.008039,1.25,-0.0264,0.000508,25.4,23.765137,86.411054
2026-06-06 01:00:00,N10,-0.1028,0.007171,3.16,-0.0263,0.000115,25.6,23.765137,86.411054
2026-06-06 02:00:00,N10,0.1057,0.010479,7.79,-0.0267,6.3e-05,26.4,23.765137,86.411054
2026-06-06 03:00:00,N10,0.1157,0.005491,8.37,-0.0264,0.000191,27.6,23.765137,86.411054
2026-06-06 04:00:00,N10,-0.0176,0.005341,9.48,-0.0263,9.2e-05,29.1,23.765137,86.411054
2026-06-06 05:00:00,N10,0.1741,0.005479,6.1,-0.0266,1.6e-05,30.9,23.765137,86.411054
2026-06-06 06:00:00,N10,-0.3298,0.005075,3.59,-0.0263,0.000534,32.9,23.765137,86.411054
2026-06-06 07:00:00,N10,0.0569,0.009226,2.15,-0.0256,0.000558,34.8,23.765137,86.411054
2026-06-06 08:00:00,N10,0.1644,0.005199,7.72,-0.0252,0.003473,36.6,23.765137,86.411054
2026-06-06 09:00:00,N10,-0.0092,0.871096,33.6,-0.0186,0.003419,38.2,23.765137,86.411054
2026-06-06 10:00:00,N10,0.1242,0.683875,46.27,-0.0184,0.004535,39.4,23.765137,86.411054
2026-06-06 11:00:00,N10,0.0155,0.530904,37.18,-0.0277,0.003914,40.1,23.765137,86.411054
2026-06-06 12:00:00,N10,0.1475,0.006532,7.99,-0.0262,0.000488,40.4,23.765137,86.411054
2026-06-06 13:00:00,N10,0.344,0.005269,6.13,-0.0267,0.000219,40.1,23.765137,86.411054
2026-06-06 14:00:00,N10,,,,,,,23.765137,86.411054
2026-06-06 15:00:00,N10,,,,,,,23.765137,86.411054
2026-06-06 16:00:00,N10,,,,,,,23.765137,86.411054
2026-06-06 17:00:00,N10,,,,,,,23.765137,86.411054
2026-06-06 18:00:00,N10,0.1527,0.006588,5.98,-0.0258,0.000148,32.9,23.765137,86.411054
2026-06-06 19:00:00,N10,-0.0804,0.005443,7.07,-0.0259,0.000209,30.9,23.765137,86.411054
2026-06-06 20:00:00,N10,-0.0755,0.006535,2.5,-0.0263,0.000287,29.1,23.765137,86.411054
2026-06-06 21:00:00,N10,0.3213,0.005474,7.53,-0.0265,3e-05,27.6,23.765137,86.411054
2026-06-06 22:00:00,N10,0.0803,0.005599,1.93,-0.0263,0.000255,26.4,23.765137,86.411054
2026-06-06 23:00:00,N10,-0.1828,0.005365,5.02,-0.027,0.000831,25.6,23.765137,86.411054
2026-06-07 00:00:00,N10,-0.0264,0.006631,4.2,-0.028,0.000663,27.0,23.765137,86.411054
2026-06-07 01:00:00,N10,0.0306,0.006891,1.06,-0.0283,0.000106,27.3,23.765137,86.411054
2026-06-07 02:00:00,N10,-0.1248,0.007166,4.65,-0.0282,8.7e-05,28.0,23.765137,86.411054
2026-06-07 03:00:00,N10,,,,,,,23.765137,86.411054
2026-06-07 04:00:00,N10,0.074,0.005508,4.5,-0.0284,0.000502,30.8,23.765137,86.411054
2026-06-07 05:00:00,N10,-0.2275,0.006424,5.45,-0.0275,0.000542,32.6,23.765137,86.411054
2026-06-07 06:00:00,N10,-0.1841,0.007891,2.85,-0.0273,0.000171,34.5,23.765137,86.411054
2026-06-07 07:00:00,N10,0.1856,0.005584,5.35,-0.0271,0.003643,36.5,23.765137,86.411054
2026-06-07 08:00:00,N10,0.032,0.801651,21.54,-0.02,0.000184,38.3,23.765137,86.411054
2026-06-07 09:00:00,N10,,,,,,,23.765137,86.411054
2026-06-07 10:00:00,N10,,,,,,,23.765137,86.411054
2026-06-07 11:00:00,N10,0.3864,0.006723,7.97,-0.0277,0.000388,41.8,23.765137,86.411054
2026-06-07 12:00:00,N10,0.0046,0.005438,2.65,-0.0282,0.000294,42.0,23.765137,86.411054
2026-06-07 13:00:00,N10,0.1116,0.006036,4.37,-0.0282,0.000225,41.8,23.765137,86.411054
2026-06-07 14:00:00,N10,0.0225,0.00683,7.74,-0.0286,0.000188,41.0,23.765137,86.411054
2026-06-07 15:00:00,N10,,,,,,,23.765137,86.411054
2026-06-07 16:00:00,N10,-0.1101,0.500747,29.31,-0.0097,0.007025,38.3,23.765137,86.411054
2026-06-07 17:00:00,N10,0.1182,0.769514,44.98,-0.0427,0.016152,36.5,23.765137,86.411054
2026-06-07 18:00:00,N10,-0.0851,0.579484,28.99,-0.042,0.007424,34.5,23.765137,86.411054
2026-06-07 19:00:00,N10,,,,,,,23.765137,86.411054
2026-06-07 20:00:00,N10,,,,,,,23.765137,86.411054
2026-06-07 21:00:00,N10,0.109,0.005475,2.71,-0.0292,5e-05,29.2,23.765137,86.411054
2026-06-07 22:00:00,N10,-0.0725,0.006669,3.35,-0.0286,0.000307,28.0,23.765137,86.411054
2026-06-07 23:00:00,N10,0.3082,0.005452,5.41,-0.0286,9.6e-05,27.3,23.765137,86.411054
2026-06-08 00:00:00,N10,-0.217,0.006193,2.87,-0.0288,3.8e-05,21.3,23.765137,86.411054
2026-06-08 01:00:00,N10,-0.2002,0.005776,7.42,-0.0287,0.000131,21.6,23.765137,86.411054
2026-06-08 02:00:00,N10,-0.017,0.006781,6.48,-0.0286,6.3e-05,22.3,23.765137,86.411054
2026-06-08 03:00:00,N10,-0.0841,0.00687,10.0,-0.0286,3.6e-05,23.5,23.765137,86.411054
2026-06-08 04:00:00,N10,0.2924,0.005023,7.85,-0.0286,0.00015,25.1,23.765137,86.411054
2026-06-08 05:00:00,N10,-0.1357,0.006953,5.05,-0.0289,0.000377,26.9,23.765137,86.411054
2026-06-08 06:00:00,N10,0.0337,0.007802,9.53,-0.0294,0.000295,28.8,23.765137,86.411054
2026-06-08 07:00:00,N10,-0.1136,0.005531,5.18,-0.0295,0.0001,30.7,23.765137,86.411054
2026-06-08 08:00:00,N10,0.1095,0.005994,3.05,-0.0296,0.000496,32.6,23.765137,86.411054
2026-06-08 09:00:00,N10,-0.2011,0.005255,7.37,-0.0304,0.000591,34.1,23.765137,86.411054
2026-06-08 10:00:00,N10,-0.0162,0.006573,3.91,-0.0308,0.010575,35.3,23.765137,86.411054
2026-06-08 11:00:00,N10,0.3164,0.645801,17.32,-0.0516,0.00026,36.1,23.765137,86.411054
2026-06-08 12:00:00,N10,0.2312,0.006932,3.4,-0.0313,0.010029,36.3,23.765137,86.411054
2026-06-08 13:00:00,N10,0.2173,0.008907,9.96,-0.0315,2.1e-05,36.1,23.765137,86.411054
2026-06-08 14:00:00,N10,-0.1759,0.009275,3.96,-0.0312,0.000628,35.3,23.765137,86.411054
2026-06-08 15:00:00,N10,-0.1619,0.005179,9.51,-0.0303,0.00071,34.1,23.765137,86.411054
2026-06-08 16:00:00,N10,-0.0966,0.008828,6.87,-0.0298,7.7e-05,32.6,23.765137,86.411054
2026-06-08 17:00:00,N10,0.134,0.005756,6.16,-0.0301,4.9e-05,30.7,23.765137,86.411054
2026-06-08 18:00:00,N10,-0.1818,0.005693,4.2,-0.0299,0.000117,28.8,23.765137,86.411054
2026-06-08 19:00:00,N10,-0.0079,0.005196,3.31,-0.0304,0.000223,26.9,23.765137,86.411054
2026-06-08 20:00:00,N10,0.0932,0.005544,9.51,-0.0304,0.000182,25.1,23.765137,86.411054
2026-06-08 21:00:00,N10,-0.0581,0.005423,1.25,-0.0307,0.000127,23.5,23.765137,86.411054
2026-06-08 22:00:00,N10,0.1249,0.007433,2.58,-0.0306,9.9e-05,22.3,23.765137,86.411054
2026-06-08 23:00:00,N10,0.1627,0.005328,9.1,-0.0309,0.000317,21.6,23.765137,86.411054
2026-06-09 00:00:00,N10,-0.0632,0.005713,3.84,-0.0312,0.00019,24.8,23.765137,86.411054
2026-06-09 01:00:00,N10,-0.0555,0.006656,1.0,-0.0313,7.1e-05,25.1,23.765137,86.411054
2026-06-09 02:00:00,N10,-0.1039,0.00689,2.16,-0.0314,0.000168,25.8,23.765137,86.411054
2026-06-09 03:00:00,N10,-0.0633,0.006044,7.66,-0.031,1.8e-05,27.0,23.765137,86.411054
2026-06-09 04:00:00,N10,0.0062,0.005949,2.6,-0.0314,0.000377,28.5,23.765137,86.411054
2026-06-09 05:00:00,N10,-0.0203,0.006819,5.13,-0.0317,1.6e-05,30.4,23.765137,86.411054
2026-06-09 06:00:00,N10,-0.0605,0.007628,2.01,-0.0314,0.000238,32.3,23.765137,86.411054
2026-06-09 07:00:00,N10,0.0519,0.005021,7.89,-0.0312,3.3e-05,34.2,23.765137,86.411054
2026-06-09 08:00:00,N10,0.0737,0.007277,1.92,-0.0313,0.002924,36.0,23.765137,86.411054
2026-06-09 09:00:00,N10,-0.0799,0.542247,18.29,-0.0254,0.002824,37.6,23.765137,86.411054
2026-06-09 10:00:00,N10,,,,,,,23.765137,86.411054
2026-06-09 11:00:00,N10,,,,,,,23.765137,86.411054
2026-06-09 12:00:00,N10,-0.2859,0.006899,4.43,-0.0333,0.000493,39.8,23.765137,86.411054
2026-06-09 13:00:00,N10,0.0553,0.006246,5.39,-0.0338,0.000318,39.5,23.765137,86.411054
2026-06-09 14:00:00,N10,-0.196,0.005729,2.11,-0.0339,0.000254,38.8,23.765137,86.411054
2026-06-09 15:00:00,N10,-0.2499,0.005833,4.66,-0.0343,6.3e-05,37.6,23.765137,86.411054
2026-06-09 16:00:00,N10,-0.1272,0.005318,7.04,-0.0338,0.000174,36.0,23.765137,86.411054
2026-06-09 17:00:00,N10,-0.1209,0.005676,5.41,-0.0339,0.000443,34.2,23.765137,86.411054
2026-06-09 18:00:00,N10,-0.1231,0.006197,5.71,-0.0347,0.000388,32.3,23.765137,86.411054
2026-06-09 19:00:00,N10,0.1091,0.005324,1.35,-0.0347,1.2e-05,30.4,23.765137,86.411054
2026-06-09 20:00:00,N10,0.1387,0.005667,2.75,-0.0347,0.000112,28.5,23.765137,86.411054
2026-06-09 21:00:00,N10,0.0414,0.008516,7.69,-0.0345,0.000278,27.0,23.765137,86.411054
2026-06-09 22:00:00,N10,-0.0847,0.005047,8.32,-0.0341,0.000318,25.8,23.765137,86.411054
2026-06-09 23:00:00,N10,,,,,,,23.765137,86.411054
2026-06-10 00:00:00,N10,,,,,,,23.765137,86.411054
2026-06-10 01:00:00,N10,,,,,,,23.765137,86.411054
2026-06-10 02:00:00,N10,,,,,,,23.765137,86.411054
2026-06-10 03:00:00,N10,-0.0018,0.009287,5.78,-0.0332,6e-05,25.7,23.765137,86.411054
2026-06-10 04:00:00,N10,0.1595,0.00689,5.12,-0.0334,0.000112,27.3,23.765137,86.411054
2026-06-10 05:00:00,N10,0.2669,0.005009,3.06,-0.033,0.000173,29.1,23.765137,86.411054
2026-06-10 06:00:00,N10,0.2145,0.009574,9.16,-0.0337,0.000744,31.0,23.765137,86.411054
2026-06-10 07:00:00,N10,0.3204,0.007046,9.56,-0.0345,0.004634,33.0,23.765137,86.411054
2026-06-10 08:00:00,N10,0.1024,0.669616,15.98,-0.0244,0.005402,34.8,23.765137,86.411054
2026-06-10 09:00:00,N10,0.0767,0.873,33.58,-0.0237,0.004904,36.3,23.765137,86.411054
2026-06-10 10:00:00,N10,-0.1382,0.005067,7.05,-0.0342,0.005205,37.5,23.765137,86.411054
2026-06-10 11:00:00,N10,-0.2435,0.006583,5.5,-0.0341,0.000552,38.3,23.765137,86.411054
2026-06-10 12:00:00,N10,-0.0267,0.005915,4.96,-0.0331,0.008933,38.5,23.765137,86.411054
2026-06-10 13:00:00,N10,0.1603,0.608607,27.66,-0.052,0.009144,38.3,23.765137,86.411054
2026-06-10 14:00:00,N10,-0.0738,0.71735,34.07,-0.0514,0.009175,37.5,23.765137,86.411054
2026-06-10 15:00:00,N10,0.0508,0.008025,2.85,-0.0336,0.008931,36.3,23.765137,86.411054
2026-06-10 16:00:00,N10,0.1317,0.005441,1.01,-0.0336,0.000293,34.8,23.765137,86.411054
2026-06-10 17:00:00,N10,0.0217,0.005203,6.06,-0.033,2.5e-05,33.0,23.765137,86.411054
2026-06-10 18:00:00,N10,-0.2679,0.007656,8.97,-0.0336,0.000231,31.0,23.765137,86.411054
2026-06-10 19:00:00,N10,-0.2165,0.00631,6.42,-0.0335,0.000558,29.1,23.765137,86.411054
2026-06-10 20:00:00,N10,0.0917,0.006542,9.6,-0.0325,0.000411,27.3,23.765137,86.411054
2026-06-10 21:00:00,N10,-0.3347,0.005964,8.93,-0.0327,9.8e-05,25.7,23.765137,86.411054
2026-06-10 22:00:00,N10,-0.1368,0.005494,3.08,-0.0323,4.1e-05,24.5,23.765137,86.411054
2026-06-10 23:00:00,N10,-0.0107,0.006653,9.45,-0.0326,0.00028,23.8,23.765137,86.411054
2026-06-11 00:00:00,N10,-0.1389,0.00546,2.16,-0.0329,0.00042,25.2,23.765137,86.411054
2026-06-11 01:00:00,N10,0.1074,0.006219,9.96,-0.0334,0.00037,25.4,23.765137,86.411054
2026-06-11 02:00:00,N10,-0.3721,0.005733,8.86,-0.0336,0.000104,26.2,23.765137,86.411054
2026-06-11 03:00:00,N10,0.0844,0.005651,9.85,-0.0336,3.2e-05,27.4,23.765137,86.411054
2026-06-11 04:00:00,N10,,,,,,,23.765137,86.411054
2026-06-11 05:00:00,N10,,,,,,,23.765137,86.411054
2026-06-11 06:00:00,N10,,,,,,,23.765137,86.411054
2026-06-11 07:00:00,N10,-0.1081,0.80325,19.17,-0.0153,0.008498,34.6,23.765137,86.411054
2026-06-11 08:00:00,N10,-0.0803,0.008689,8.63,-0.0328,0.008833,36.4,23.765137,86.411054
2026-06-11 09:00:00,N10,0.008,0.008235,5.46,-0.033,0.00816,38.0,23.765137,86.411054
2026-06-11 10:00:00,N10,-0.0233,0.867765,44.08,-0.0491,0.000108,39.2,23.765137,86.411054
2026-06-11 11:00:00,N10,-0.2323,0.005284,3.98,-0.0332,0.007858,39.9,23.765137,86.411054
2026-06-11 12:00:00,N10,0.0634,0.006496,5.23,-0.0334,0.000179,40.2,23.765137,86.411054
2026-06-11 13:00:00,N10,0.0797,0.005263,5.08,-0.0335,0.000276,39.9,23.765137,86.411054
2026-06-11 14:00:00,N10,0.1451,0.007991,5.74,-0.0328,0.000412,39.2,23.765137,86.411054
2026-06-11 15:00:00,N10,-0.0753,0.007051,3.47,-0.0327,0.000129,38.0,23.765137,86.411054
2026-06-11 16:00:00,N10,-0.2864,0.005186,4.13,-0.0326,0.000266,36.4,23.765137,86.411054
2026-06-11 17:00:00,N10,-0.1102,0.00542,4.93,-0.0322,0.000306,34.6,23.765137,86.411054
2026-06-11 18:00:00,N10,0.091,0.005234,6.06,-0.032,0.000171,32.7,23.765137,86.411054
2026-06-11 19:00:00,N10,0.1658,0.006583,2.27,-0.0318,0.000364,30.7,23.765137,86.411054
2026-06-11 20:00:00,N10,0.0728,0.006849,8.76,-0.0327,0.001378,28.9,23.765137,86.411054
2026-06-11 21:00:00,N10,0.2764,0.006045,6.21,-0.0346,0.000848,27.4,23.765137,86.411054
2026-06-11 22:00:00,N10,0.0427,0.006732,1.37,-0.0344,0.000299,26.2,23.765137,86.411054
2026-06-11 23:00:00,N10,-0.0404,0.008091,6.63,-0.0352,0.000166,25.4,23.765137,86.411054
2026-06-12 00:00:00,N10,,,,,,,23.765137,86.411054
2026-06-12 01:00:00,N10,,,,,,,23.765137,86.411054
2026-06-12 02:00:00,N10,-0.0017,0.006206,3.71,-0.035,0.000205,27.5,23.765137,86.411054
2026-06-12 03:00:00,N10,-0.0133,0.006647,2.26,-0.0354,1.7e-05,28.7,23.765137,86.411054
2026-06-12 04:00:00,N10,0.1072,0.007025,4.52,-0.0349,0.000163,30.2,23.765137,86.411054
2026-06-12 05:00:00,N10,-0.074,0.006388,1.53,-0.035,6.4e-05,32.0,23.765137,86.411054
2026-06-12 06:00:00,N10,-0.0528,0.006306,7.8,-0.0348,7.7e-05,34.0,23.765137,86.411054
2026-06-12 07:00:00,N10,0.1777,0.005936,1.82,-0.0352,0.000108,35.9,23.765137,86.411054
2026-06-12 08:00:00,N10,-0.1142,0.00618,4.77,-0.035,0.000215,37.7,23.765137,86.411054
2026-06-12 09:00:00,N10,-0.0832,0.006433,5.57,-0.0348,3.1e-05,39.3,23.765137,86.411054
2026-06-12 10:00:00,N10,-0.0436,0.007636,5.42,-0.035,2.3e-05,40.5,23.765137,86.411054
2026-06-12 11:00:00,N10,-0.1377,0.00805,8.44,-0.0348,5.5e-05,41.2,23.765137,86.411054
2026-06-12 12:00:00,N10,-0.0234,0.007945,7.68,-0.0351,0.000328,41.5,23.765137,86.411054
2026-06-12 13:00:00,N10,0.2126,0.005305,6.16,-0.0341,0.000406,41.2,23.765137,86.411054
2026-06-12 14:00:00,N10,-0.196,0.006483,5.46,-0.0343,0.000245,40.5,23.765137,86.411054
2026-06-12 15:00:00,N10,-0.145,0.005128,8.75,-0.0337,0.007872,39.3,23.765137,86.411054
2026-06-12 16:00:00,N10,0.0666,0.724908,19.92,-0.0185,0.00726,37.7,23.765137,86.411054
2026-06-12 17:00:00,N10,0.1173,0.884337,24.24,-0.0191,0.007743,35.9,23.765137,86.411054
2026-06-12 18:00:00,N10,0.1403,0.005629,6.76,-0.034,0.007607,34.0,23.765137,86.411054
2026-06-12 19:00:00,N10,-0.1815,0.006918,6.6,-0.0343,3.2e-05,32.0,23.765137,86.411054
2026-06-12 20:00:00,N10,-0.0913,0.005933,8.21,-0.0341,0.000369,30.2,23.765137,86.411054
2026-06-12 21:00:00,N10,-0.267,0.005551,9.42,-0.0336,0.000594,28.7,23.765137,86.411054
2026-06-12 22:00:00,N10,-0.0412,0.006275,6.64,-0.0329,0.000351,27.5,23.765137,86.411054
2026-06-12 23:00:00,N10,-0.0721,0.005987,2.31,-0.0329,0.000209,26.7,23.765137,86.411054
2026-06-13 00:00:00,N10,-0.0381,0.007322,7.48,-0.0333,0.000439,22.3,23.765137,86.411054
2026-06-13 01:00:00,N10,0.0466,0.005125,2.63,-0.032,0.000686,22.6,23.765137,86.411054
2026-06-13 02:00:00,N10,-0.0772,0.007927,7.38,-0.0319,8.9e-05,23.3,23.765137,86.411054
2026-06-13 03:00:00,N10,0.1855,0.006853,2.13,-0.0318,6.8e-05,24.5,23.765137,86.411054
2026-06-13 04:00:00,N10,0.2175,0.005296,1.93,-0.0318,0.000166,26.1,23.765137,86.411054
2026-06-13 05:00:00,N10,-0.3306,0.007326,1.25,-0.0322,0.000173,27.9,23.765137,86.411054
2026-06-13 06:00:00,N10,0.1603,0.005325,8.1,-0.0321,4.5e-05,29.8,23.765137,86.411054
2026-06-13 07:00:00,N10,-0.0226,0.005377,8.38,-0.0323,8.7e-05,31.8,23.765137,86.411054
2026-06-13 08:00:00,N10,0.0351,0.005397,2.66,-0.032,0.000594,33.6,23.765137,86.411054
2026-06-13 09:00:00,N10,-0.1952,0.007466,8.29,-0.0311,0.000512,35.1,23.765137,86.411054
2026-06-13 10:00:00,N10,-0.1879,0.005606,7.69,-0.0309,0.000236,36.3,23.765137,86.411054
2026-06-13 11:00:00,N10,0.0326,0.005091,5.09,-0.0316,0.014675,37.1,23.765137,86.411054
2026-06-13 12:00:00,N10,0.1818,0.716386,39.06,-0.0016,0.006953,37.3,23.765137,86.411054
2026-06-13 13:00:00,N10,0.0362,0.936994,23.24,-0.0176,0.015569,37.1,23.765137,86.411054
2026-06-13 14:00:00,N10,-0.0304,0.007034,2.92,-0.0327,0.007425,36.3,23.765137,86.411054
2026-06-13 15:00:00,N10,-0.1872,0.007773,8.85,-0.0325,0.00013,35.1,23.765137,86.411054
2026-06-13 16:00:00,N10,0.0133,0.005734,7.03,-0.033,0.00065,33.6,23.765137,86.411054
2026-06-13 17:00:00,N10,-0.1121,0.007768,3.38,-0.0338,0.000289,31.8,23.765137,86.411054
2026-06-13 18:00:00,N10,-0.0219,0.005354,9.66,-0.0336,5.7e-05,29.8,23.765137,86.411054
2026-06-13 19:00:00,N10,0.1443,0.007461,1.92,-0.0337,6.3e-05,27.9,23.765137,86.411054
2026-06-13 20:00:00,N10,-0.044,0.00519,2.31,-0.0334,0.000151,26.1,23.765137,86.411054
2026-06-13 21:00:00,N10,-0.0319,0.005968,4.05,-0.0334,1.7e-05,24.5,23.765137,86.411054
2026-06-13 22:00:00,N10,-0.07,0.00808,4.31,-0.0334,0.00036,23.3,23.765137,86.411054
2026-06-13 23:00:00,N10,-0.1533,0.005393,4.82,-0.0327,7.6e-05,22.6,23.765137,86.411054
2026-06-14 00:00:00,N10,0.2334,0.005034,4.45,-0.0332,0.000104,26.5,23.765137,86.411054
2026-06-14 01:00:00,N10,0.1046,0.005662,6.39,-0.0325,0.000799,26.8,23.765137,86.411054
2026-06-14 02:00:00,N10,-0.0121,0.006041,1.32,-0.0316,0.000738,27.5,23.765137,86.411054
2026-06-14 03:00:00,N10,-0.099,0.005442,5.75,-0.031,0.000633,28.7,23.765137,86.411054
2026-06-14 04:00:00,N10,0.0699,0.006002,3.3,-0.0304,5.4e-05,30.3,23.765137,86.411054
2026-06-14 05:00:00,N10,0.1604,0.008447,1.06,-0.0309,0.000121,32.1,23.765137,86.411054
2026-06-14 06:00:00,N10,-0.1093,0.006662,1.41,-0.0306,0.005702,34.0,23.765137,86.411054
2026-06-14 07:00:00,N10,0.1038,0.773259,43.51,-0.0423,0.005524,36.0,23.765137,86.411054
2026-06-14 08:00:00,N10,-0.0228,0.74954,43.79,-0.0417,0.006833,37.8,23.765137,86.411054
2026-06-14 09:00:00,N10,0.2846,0.00612,8.42,-0.0286,0.006389,39.3,23.765137,86.411054
2026-06-14 10:00:00,N10,0.1825,0.005276,5.95,-0.0289,0.000221,40.5,23.765137,86.411054
2026-06-14 11:00:00,N10,-0.1712,0.006029,8.36,-0.029,4.3e-05,41.3,23.765137,86.411054
2026-06-14 12:00:00,N10,-0.0854,0.006348,1.35,-0.029,0.000188,41.5,23.765137,86.411054
2026-06-14 13:00:00,N10,-0.0163,0.007677,8.44,-0.0294,0.000525,41.3,23.765137,86.411054
2026-06-14 14:00:00,N10,0.0106,0.005773,8.21,-0.03,9.5e-05,40.5,23.765137,86.411054
2026-06-14 15:00:00,N10,-0.2267,0.008549,5.33,-0.0296,0.001883,39.3,23.765137,86.411054
2026-06-14 16:00:00,N10,0.0758,0.682361,37.52,-0.0338,0.005759,37.8,23.765137,86.411054
2026-06-14 17:00:00,N10,-0.1761,0.631499,18.99,-0.0181,0.002326,36.0,23.765137,86.411054
2026-06-14 18:00:00,N10,-0.2483,0.007577,3.87,-0.0291,0.004954,34.0,23.765137,86.411054
2026-06-14 19:00:00,N10,-0.0514,0.008317,2.42,-0.028,0.000819,32.1,23.765137,86.411054
2026-06-14 20:00:00,N10,-0.11,0.006946,2.93,-0.0275,0.000164,30.3,23.765137,86.411054
2026-06-14 21:00:00,N10,-0.2419,0.005479,1.76,-0.0277,0.000188,28.7,23.765137,86.411054
2026-06-14 22:00:00,N10,0.0533,0.005221,3.46,-0.0279,0.000405,27.5,23.765137,86.411054
2026-06-14 23:00:00,N10,,,,,,,23.765137,86.411054
2026-06-15 00:00:00,N10,,,,,,,23.765137,86.411054
2026-06-15 01:00:00,N10,,,,,,,23.765137,86.411054
2026-06-15 02:00:00,N10,-0.192,0.005948,2.46,-0.0288,0.000167,26.8,23.765137,86.411054
2026-06-15 03:00:00,N10,0.098,0.00665,8.9,-0.0291,0.000603,28.0,23.765137,86.411054
2026-06-15 04:00:00,N10,-0.1569,0.005447,4.74,-0.03,0.000602,29.6,23.765137,86.411054
2026-06-15 05:00:00,N10,0.2624,0.005456,7.47,-0.0303,8.5e-05,31.4,23.765137,86.411054
2026-06-15 06:00:00,N10,-0.0829,0.006758,5.77,-0.0302,0.00027,33.3,23.765137,86.411054
2026-06-15 07:00:00,N10,0.0539,0.010248,2.44,-0.0309,0.000667,35.3,23.765137,86.411054
2026-06-15 08:00:00,N10,0.002,0.006396,5.46,-0.0315,0.000628,37.1,23.765137,86.411054
2026-06-15 09:00:00,N10,0.0723,0.005656,2.39,-0.0321,0.000544,38.6,23.765137,86.411054
2026-06-15 10:00:00,N10,0.0224,0.005319,5.27,-0.0326,0.005678,39.8,23.765137,86.411054
2026-06-15 11:00:00,N10,-0.1099,0.986396,28.91,-0.0208,0.008815,40.6,23.765137,86.411054
2026-06-15 12:00:00,N10,-0.0904,0.814356,32.62,-0.015,0.00284,40.8,23.765137,86.411054
2026-06-15 13:00:00,N10,0.3532,0.664361,22.23,-0.0151,0.008667,40.6,23.765137,86.411054
2026-06-15 14:00:00,N10,-0.023,0.00544,6.53,-0.0323,0.008775,39.8,23.765137,86.411054
2026-06-15 15:00:00,N10,0.0543,0.005637,3.63,-0.0326,0.000354,38.6,23.765137,86.411054
2026-06-15 16:00:00,N10,-0.014,0.005331,3.76,-0.033,0.000397,37.1,23.765137,86.411054
2026-06-15 17:00:00,N10,-0.1237,0.006989,2.98,-0.0334,0.000447,35.3,23.765137,86.411054
2026-06-15 18:00:00,N10,0.1519,0.005492,5.08,-0.0339,0.000112,33.3,23.765137,86.411054
2026-06-15 19:00:00,N10,0.029,0.007768,1.57,-0.0332,0.000313,31.4,23.765137,86.411054
2026-06-15 20:00:00,N10,-0.0175,0.005056,5.59,-0.0333,9.9e-05,29.6,23.765137,86.411054
2026-06-15 21:00:00,N10,-0.1506,0.005221,9.83,-0.033,6.7e-05,28.0,23.765137,86.411054
2026-06-15 22:00:00,N10,-0.1171,0.006834,3.38,-0.0334,0.000479,26.8,23.765137,86.411054
2026-06-15 23:00:00,N10,0.0094,0.008447,9.63,-0.034,0.000241,26.1,23.765137,86.411054
2026-06-16 00:00:00,N10,0.174,0.007672,6.1,-0.0339,0.000361,25.4,23.765137,86.411054
2026-06-16 01:00:00,N10,-0.0436,0.007836,1.2,-0.0347,0.000668,25.6,23.765137,86.411054
2026-06-16 02:00:00,N10,-0.213,0.006528,4.27,-0.0353,0.000363,26.4,23.765137,86.411054
2026-06-16 03:00:00,N10,0.0382,0.005497,3.61,-0.0354,2e-05,27.6,23.765137,86.411054
2026-06-16 04:00:00,N10,-0.0665,0.0056,4.53,-0.0353,0.000287,29.1,23.765137,86.411054
2026-06-16 05:00:00,N10,-0.0937,0.008967,7.44,-0.0348,0.005724,30.9,23.765137,86.411054
2026-06-16 06:00:00,N10,-0.0551,0.764651,31.21,-0.0239,0.005321,32.9,23.765137,86.411054
2026-06-16 07:00:00,N10,0.0396,0.798689,42.29,-0.0242,0.005635,34.8,23.765137,86.411054
2026-06-16 08:00:00,N10,-0.0466,0.005045,7.37,-0.0351,0.005693,36.6,23.765137,86.411054
2026-06-16 09:00:00,N10,-0.2048,0.007335,9.16,-0.0356,0.000228,38.2,23.765137,86.411054
2026-06-16 10:00:00,N10,-0.1676,0.006045,1.2,-0.0356,6e-05,39.4,23.765137,86.411054
2026-06-16 11:00:00,N10,0.1267,0.006112,2.46,-0.0357,0.00043,40.1,23.765137,86.411054
2026-06-16 12:00:00,N10,-0.1788,0.005469,3.01,-0.0364,0.000784,40.4,23.765137,86.411054
2026-06-16 13:00:00,N10,-0.3166,0.005993,7.85,-0.0373,0.000622,40.1,23.765137,86.411054
2026-06-16 14:00:00,N10,-0.136,0.0078,4.36,-0.0377,0.000533,39.4,23.765137,86.411054
2026-06-16 15:00:00,N10,0.2774,0.005832,7.77,-0.0383,8e-05,38.2,23.765137,86.411054
2026-06-16 16:00:00,N10,0.0291,0.006222,5.59,-0.0378,0.000529,36.6,23.765137,86.411054
2026-06-16 17:00:00,N10,0.2198,0.007579,3.77,-0.0373,0.00074,34.8,23.765137,86.411054
2026-06-16 18:00:00,N10,0.0246,0.005476,4.96,-0.0364,0.0003,32.9,23.765137,86.411054
2026-06-16 19:00:00,N10,-0.1219,0.008159,1.82,-0.0367,0.00042,30.9,23.765137,86.411054
2026-06-16 20:00:00,N10,,,,,,,23.765137,86.411054
2026-06-16 21:00:00,N10,,,,,,,23.765137,86.411054
2026-06-16 22:00:00,N10,,,,,,,23.765137,86.411054
2026-06-16 23:00:00,N10,,,,,,,23.765137,86.411054
2026-06-17 00:00:00,N10,-0.2487,0.005303,5.99,-0.0356,0.000267,27.9,23.765137,86.411054
2026-06-17 01:00:00,N10,0.2189,0.007469,5.64,-0.0367,0.00073,28.2,23.765137,86.411054
2026-06-17 02:00:00,N10,-0.132,0.006049,9.1,-0.0371,0.000369,28.9,23.765137,86.411054
2026-06-17 03:00:00,N10,0.0581,0.007324,2.23,-0.0375,0.000329,30.1,23.765137,86.411054
2026-06-17 04:00:00,N10,0.208,0.007024,1.61,-0.0377,0.000474,31.7,23.765137,86.411054
2026-06-17 05:00:00,N10,-0.0806,0.008237,2.91,-0.0384,0.000722,33.5,23.765137,86.411054
2026-06-17 06:00:00,N10,-0.0812,0.00642,4.67,-0.0392,0.000995,35.4,23.765137,86.411054
2026-06-17 07:00:00,N10,-0.3404,0.006538,7.62,-0.0404,0.008694,37.3,23.765137,86.411054
2026-06-17 08:00:00,N10,-0.0003,0.696516,49.43,-0.0566,0.001376,39.2,23.765137,86.411054
2026-06-17 09:00:00,N10,,,,,,,23.765137,86.411054
2026-06-17 10:00:00,N10,,,,,,,23.765137,86.411054
2026-06-17 11:00:00,N10,0.1145,0.005087,6.61,-0.0435,0.007329,42.6,23.765137,86.411054
2026-06-17 12:00:00,N10,0.1212,0.005916,2.84,-0.0438,0.000447,42.9,23.765137,86.411054
2026-06-17 13:00:00,N10,-0.3016,0.007486,4.61,-0.0444,0.000438,42.6,23.765137,86.411054
2026-06-17 14:00:00,N10,,,,,,,23.765137,86.411054
2026-06-17 15:00:00,N10,,,,,,,23.765137,86.411054
2026-06-17 16:00:00,N10,,,,,,,23.765137,86.411054
2026-06-17 17:00:00,N10,0.0584,0.006001,4.97,-0.0467,8e-05,37.3,23.765137,86.411054
2026-06-17 18:00:00,N10,-0.1054,0.005733,8.71,-0.0466,0.000285,35.4,23.765137,86.411054
2026-06-17 19:00:00,N10,0.1458,0.007344,1.46,-0.0472,0.000204,33.5,23.765137,86.411054
2026-06-17 20:00:00,N10,0.1,0.007457,9.41,-0.047,9.3e-05,31.7,23.765137,86.411054
2026-06-17 21:00:00,N10,-0.1218,0.005411,5.62,-0.0474,0.000614,30.1,23.765137,86.411054
2026-06-17 22:00:00,N10,0.1561,0.005978,8.97,-0.0482,0.000589,28.9,23.765137,86.411054
2026-06-17 23:00:00,N10,-0.2975,0.007253,6.59,-0.0486,0.000511,28.2,23.765137,86.411054
2026-06-18 00:00:00,N10,-0.1633,0.00903,8.77,-0.0493,0.00034,25.8,23.765137,86.411054
2026-06-18 01:00:00,N10,-0.16,0.006753,7.2,-0.0493,0.000204,26.1,23.765137,86.411054
2026-06-18 02:00:00,N10,0.0241,0.006234,8.03,-0.0497,0.001015,26.8,23.765137,86.411054
2026-06-18 03:00:00,N10,-0.115,0.008703,9.13,-0.0513,0.000694,28.0,23.765137,86.411054
2026-06-18 04:00:00,N10,0.0031,0.007458,3.04,-0.0511,0.000367,29.6,23.765137,86.411054
2026-06-18 05:00:00,N10,-0.015,0.006583,6.93,-0.0506,0.000177,31.4,23.765137,86.411054
2026-06-18 06:00:00,N10,-0.0978,0.006497,2.18,-0.0514,0.000334,33.3,23.765137,86.411054
2026-06-18 07:00:00,N10,-0.0654,0.006564,6.41,-0.0512,7.4e-05,35.3,23.765137,86.411054
2026-06-18 08:00:00,N10,-0.0342,0.005716,6.26,-0.0513,0.005874,37.1,23.765137,86.411054
2026-06-18 09:00:00,N10,-0.2701,0.510303,18.7,-0.0395,0.006038,38.6,23.765137,86.411054
2026-06-18 10:00:00,N10,-0.0949,0.822868,24.21,-0.0392,0.006161,39.8,23.765137,86.411054
2026-06-18 11:00:00,N10,0.024,0.005242,9.69,-0.0518,0.006544,40.6,23.765137,86.411054
2026-06-18 12:00:00,N10,0.0384,0.007172,6.21,-0.0523,7.2e-05,40.8,23.765137,86.411054
2026-06-18 13:00:00,N10,-0.136,0.00888,7.34,-0.0517,0.000631,40.6,23.765137,86.411054
2026-06-18 14:00:00,N10,0.1744,0.007811,3.25,-0.051,0.004983,39.8,23.765137,86.411054
2026-06-18 15:00:00,N10,0.0768,0.664043,48.4,-0.0417,2.1e-05,38.6,23.765137,86.411054
2026-06-18 16:00:00,N10,,,,,,,23.765137,86.411054
2026-06-18 17:00:00,N10,,,,,,,23.765137,86.411054
2026-06-18 18:00:00,N10,,,,,,,23.765137,86.411054
2026-06-18 19:00:00,N10,,,,,,,23.765137,86.411054
2026-06-18 20:00:00,N10,,,,,,,23.765137,86.411054
2026-06-18 21:00:00,N10,-0.11,0.007604,2.86,-0.0508,0.001094,28.0,23.765137,86.411054
2026-06-18 22:00:00,N10,-0.0326,0.005063,2.56,-0.0498,0.000521,26.8,23.765137,86.411054
2026-06-18 23:00:00,N10,0.0416,0.007445,5.47,-0.0497,4.9e-05,26.1,23.765137,86.411054
2026-06-19 00:00:00,N10,-0.1253,0.00711,2.12,-0.0499,0.000406,25.3,23.765137,86.411054
2026-06-19 01:00:00,N10,-0.0287,0.005738,5.89,-0.0505,0.000425,25.5,23.765137,86.411054
2026-06-19 02:00:00,N10,0.0621,0.006648,1.35,-0.0507,0.000167,26.3,23.765137,86.411054
2026-06-19 03:00:00,N10,-0.1408,0.006736,2.52,-0.0502,0.000621,27.5,23.765137,86.411054
2026-06-19 04:00:00,N10,-0.1741,0.008097,3.06,-0.0495,0.00066,29.0,23.765137,86.411054
2026-06-19 05:00:00,N10,,,,,,,23.765137,86.411054
2026-06-19 06:00:00,N10,,,,,,,23.765137,86.411054
2026-06-19 07:00:00,N10,,,,,,,23.765137,86.411054
2026-06-19 08:00:00,N10,-0.3241,0.007083,4.21,-0.049,0.000672,36.5,23.765137,86.411054
2026-06-19 09:00:00,N10,-0.0793,0.010833,8.85,-0.0478,0.000748,38.1,23.765137,86.411054
2026-06-19 10:00:00,N10,0.1918,0.00675,9.7,-0.0475,9e-05,39.3,23.765137,86.411054
2026-06-19 11:00:00,N10,0.0281,0.007991,6.76,-0.0476,0.000386,40.0,23.765137,86.411054
2026-06-19 12:00:00,N10,-0.0837,0.822664,46.39,-0.0467,0.009128,40.3,23.765137,86.411054
2026-06-19 13:00:00,N10,-0.1805,0.870681,29.95,-0.0659,0.00048,40.0,23.765137,86.411054
2026-06-19 14:00:00,N10,-0.1664,0.005246,3.81,-0.0457,0.010307,39.3,23.765137,86.411054
2026-06-19 15:00:00,N10,-0.1427,0.005081,1.27,-0.0453,0.000322,38.1,23.765137,86.411054
2026-06-19 16:00:00,N10,-0.1778,0.006031,4.33,-0.0451,0.000334,36.5,23.765137,86.411054
2026-06-19 17:00:00,N10,0.1854,0.00647,8.85,-0.0446,3.7e-05,34.7,23.765137,86.411054
2026-06-19 18:00:00,N10,-0.0488,0.006384,5.8,-0.0452,1e-06,32.8,23.765137,86.411054
2026-06-19 19:00:00,N10,-0.0054,0.005905,1.53,-0.0446,0.00047,30.9,23.765137,86.411054
2026-06-19 20:00:00,N10,-0.0817,0.008013,5.11,-0.0442,0.000216,29.0,23.765137,86.411054
2026-06-19 21:00:00,N10,-0.0577,0.005488,6.44,-0.0442,0.000127,27.5,23.765137,86.411054
2026-06-19 22:00:00,N10,-0.0729,0.005465,3.72,-0.044,0.000309,26.3,23.765137,86.411054
2026-06-19 23:00:00,N10,0.133,0.007693,9.03,-0.0435,0.000398,25.5,23.765137,86.411054
2026-06-20 00:00:00,N10,-0.2103,0.006679,4.19,-0.0432,0.000397,21.5,23.765137,86.411054
2026-06-20 01:00:00,N10,-0.3234,0.005481,2.73,-0.0427,0.000694,21.8,23.765137,86.411054
2026-06-20 02:00:00,N10,,,,,,,23.765137,86.411054
2026-06-20 03:00:00,N10,,,,,,,23.765137,86.411054
2026-06-20 04:00:00,N10,,,,,,,23.765137,86.411054
2026-06-20 05:00:00,N10,,,,,,,23.765137,86.411054
2026-06-20 06:00:00,N10,0.2691,0.009173,9.3,-0.0422,0.000666,29.0,23.765137,86.411054
2026-06-20 07:00:00,N10,-0.101,0.007734,1.5,-0.0418,0.00063,31.0,23.765137,86.411054
2026-06-20 08:00:00,N10,0.1021,0.006726,4.22,-0.0409,0.000191,32.8,23.765137,86.411054
2026-06-20 09:00:00,N10,-0.1202,0.005587,8.92,-0.0414,0.00895,34.3,23.765137,86.411054
2026-06-20 10:00:00,N10,0.2032,0.786784,28.7,-0.0588,0.008318,35.5,23.765137,86.411054
2026-06-20 11:00:00,N10,0.1174,0.753615,28.39,-0.0581,0.009744,36.3,23.765137,86.411054
2026-06-20 12:00:00,N10,-0.0887,0.005838,6.73,-0.0393,0.009301,36.5,23.765137,86.411054
2026-06-20 13:00:00,N10,0.0616,0.007803,5.11,-0.0395,3.1e-05,36.3,23.765137,86.411054
2026-06-20 14:00:00,N10,0.1477,0.007378,5.38,-0.0392,0.000274,35.5,23.765137,86.411054
2026-06-20 15:00:00,N10,-0.1418,0.007236,6.03,-0.0389,0.000387,34.3,23.765137,86.411054
2026-06-20 16:00:00,N10,-0.0751,0.005258,4.63,-0.0385,0.000218,32.8,23.765137,86.411054
2026-06-20 17:00:00,N10,0.0919,0.00911,4.45,-0.0385,0.000556,31.0,23.765137,86.411054
2026-06-20 18:00:00,N10,0.091,0.005444,7.8,-0.0396,0.000243,29.0,23.765137,86.411054
2026-06-20 19:00:00,N10,,,,,,,23.765137,86.411054
2026-06-20 20:00:00,N10,,,,,,,23.765137,86.411054
2026-06-20 21:00:00,N10,,,,,,,23.765137,86.411054
2026-06-20 22:00:00,N10,,,,,,,23.765137,86.411054
2026-06-20 23:00:00,N10,,,,,,,23.765137,86.411054
2026-06-21 00:00:00,N10,0.1474,0.006327,4.59,-0.0374,0.000226,24.3,23.765137,86.411054
2026-06-21 01:00:00,N10,-0.1223,0.008104,4.93,-0.0385,0.000878,24.6,23.765137,86.411054
2026-06-21 02:00:00,N10,-0.1473,0.007516,8.5,-0.0392,0.000125,25.3,23.765137,86.411054
2026-06-21 03:00:00,N10,0.2284,0.006739,9.45,-0.0387,0.000902,26.5,23.765137,86.411054
2026-06-21 04:00:00,N10,-0.3574,0.006332,4.98,-0.0374,0.00057,28.1,23.765137,86.411054
2026-06-21 05:00:00,N10,0.1407,0.005875,2.97,-0.0376,0.000248,29.9,23.765137,86.411054
2026-06-21 06:00:00,N10,-0.0236,0.00662,4.31,-0.0379,3.8e-05,31.8,23.765137,86.411054
2026-06-21 07:00:00,N10,-0.0157,0.007928,8.33,-0.0377,1.4e-05,33.8,23.765137,86.411054
2026-06-21 08:00:00,N10,-0.1908,0.007829,9.82,-0.0379,0.007767,35.6,23.765137,86.411054
2026-06-21 09:00:00,N10,-0.091,0.564521,44.64,-0.0221,0.008057,37.1,23.765137,86.411054
2026-06-21 10:00:00,N10,0.0781,0.653508,22.4,-0.0218,0.007723,38.3,23.765137,86.411054
2026-06-21 11:00:00,N10,-0.0922,0.005323,5.15,-0.0376,0.007643,39.1,23.765137,86.411054
2026-06-21 12:00:00,N10,-0.0502,0.006888,7.43,-0.0371,0.000451,39.3,23.765137,86.411054
2026-06-21 13:00:00,N10,-0.2573,0.005938,3.24,-0.0367,0.000668,39.1,23.765137,86.411054
2026-06-21 14:00:00,N10,0.2556,0.005265,9.3,-0.0358,0.000256,38.3,23.765137,86.411054
2026-06-21 15:00:00,N10,-0.1821,0.006035,8.99,-0.0362,0.000412,37.1,23.765137,86.411054
2026-06-21 16:00:00,N10,0.2182,0.005882,5.71,-0.0349,0.001108,35.6,23.765137,86.411054
2026-06-21 17:00:00,N10,,,,,,,23.765137,86.411054
2026-06-21 18:00:00,N10,,,,,,,23.765137,86.411054
2026-06-21 19:00:00,N10,,,,,,,23.765137,86.411054
2026-06-21 20:00:00,N10,,,,,,,23.765137,86.411054
2026-06-21 21:00:00,N10,,,,,,,23.765137,86.411054
2026-06-21 22:00:00,N10,-0.0587,0.005644,6.83,-0.0348,6.7e-05,25.3,23.765137,86.411054
2026-06-21 23:00:00,N10,0.1434,0.007848,8.87,-0.0343,8.6e-05,24.6,23.765137,86.411054
2026-06-22 00:00:00,N10,0.0134,0.00587,7.97,-0.0346,0.000146,25.0,23.765137,86.411054
2026-06-22 01:00:00,N10,0.0854,0.005166,6.36,-0.0346,0.002155,25.3,23.765137,86.411054
2026-06-22 02:00:00,N10,0.217,0.008635,2.67,-0.0303,0.001861,26.0,23.765137,86.411054
2026-06-22 03:00:00,N10,-0.0288,0.005247,6.87,-0.0309,0.000794,27.2,23.765137,86.411054
2026-06-22 04:00:00,N10,0.0478,0.009021,4.7,-0.0319,0.000188,28.8,23.765137,86.411054
2026-06-22 05:00:00,N10,0.001,0.005333,9.63,-0.0313,0.000112,30.6,23.765137,86.411054
2026-06-22 06:00:00,N10,-0.1621,0.008806,3.52,-0.0317,4.3e-05,32.5,23.765137,86.411054
2026-06-22 07:00:00,N10,-0.0688,0.006561,3.63,-0.0314,0.000247,34.5,23.765137,86.411054
2026-06-22 08:00:00,N10,-0.0847,0.00649,7.61,-0.0322,0.000124,36.3,23.765137,86.411054
2026-06-22 09:00:00,N10,0.1583,0.005654,2.98,-0.0316,0.00021,37.8,23.765137,86.411054
2026-06-22 10:00:00,N10,0.1516,0.007591,3.4,-0.0317,0.009136,39.0,23.765137,86.411054
2026-06-22 11:00:00,N10,-0.0655,0.923306,36.8,-0.0499,0.005684,39.8,23.765137,86.411054
2026-06-22 12:00:00,N10,0.1713,0.546142,28.23,-0.0431,0.009338,40.0,23.765137,86.411054
2026-06-22 13:00:00,N10,0.0601,0.007318,8.76,-0.0312,0.006069,39.8,23.765137,86.411054
2026-06-22 14:00:00,N10,0.1889,0.005857,1.28,-0.031,0.000349,39.0,23.765137,86.411054
2026-06-22 15:00:00,N10,-0.0214,0.00587,6.3,-0.0319,0.005942,37.8,23.765137,86.411054
2026-06-22 16:00:00,N10,-0.2401,0.99766,42.14,-0.0191,0.001024,36.3,23.765137,86.411054
2026-06-22 17:00:00,N10,-0.2167,0.008213,6.3,-0.0299,0.005597,34.5,23.765137,86.411054
2026-06-22 18:00:00,N10,0.2194,0.00762,8.29,-0.0303,0.000362,32.5,23.765137,86.411054
2026-06-22 19:00:00,N10,-0.037,0.006387,5.64,-0.0306,0.000181,30.6,23.765137,86.411054
2026-06-22 20:00:00,N10,0.0094,0.006379,9.61,-0.0306,3.2e-05,28.8,23.765137,86.411054
2026-06-22 21:00:00,N10,0.0062,0.00866,8.32,-0.0305,8.1e-05,27.2,23.765137,86.411054
2026-06-22 22:00:00,N10,,,,,,,23.765137,86.411054
2026-06-22 23:00:00,N10,,,,,,,23.765137,86.411054
2026-06-23 00:00:00,N10,,,,,,,23.765137,86.411054
2026-06-23 01:00:00,N10,0.0967,0.007231,3.23,-0.0317,0.000413,23.2,23.765137,86.411054
2026-06-23 02:00:00,N10,-0.1321,0.005029,7.57,-0.0321,0.000614,23.9,23.765137,86.411054
2026-06-23 03:00:00,N10,-0.05,0.00782,8.31,-0.0329,5e-06,25.1,23.765137,86.411054
2026-06-23 04:00:00,N10,,,,,,,23.765137,86.411054
2026-06-23 05:00:00,N10,0.0621,0.007609,3.76,-0.0322,0.0053,28.5,23.765137,86.411054
2026-06-23 06:00:00,N10,-0.1815,0.695057,46.8,-0.0215,0.004363,30.4,23.765137,86.411054
2026-06-23 07:00:00,N10,-0.2358,0.586149,20.91,-0.0409,0.009421,32.4,23.765137,86.411054
2026-06-23 08:00:00,N10,-0.1093,0.659245,48.97,-0.0404,0.004726,34.2,23.765137,86.411054
2026-06-23 09:00:00,N10,-0.0279,0.006264,5.88,-0.0315,0.004326,35.7,23.765137,86.411054
2026-06-23 10:00:00,N10,-0.0255,0.005963,5.83,-0.0317,0.000336,36.9,23.765137,86.411054
2026-06-23 11:00:00,N10,-0.1015,0.005362,1.68,-0.0321,0.006661,37.7,23.765137,86.411054
2026-06-23 12:00:00,N10,-0.0146,0.554718,31.19,-0.0184,0.006924,37.9,23.765137,86.411054
2026-06-23 13:00:00,N10,0.0382,0.844782,17.99,-0.0183,0.007289,37.7,23.765137,86.411054
2026-06-23 14:00:00,N10,0.0027,0.008145,3.68,-0.033,0.007659,36.9,23.765137,86.411054
2026-06-23 15:00:00,N10,-0.0761,0.006189,9.5,-0.0336,6.8e-05,35.7,23.765137,86.411054
2026-06-23 16:00:00,N10,0.0007,0.005105,6.54,-0.0328,0.000684,34.2,23.765137,86.411054
2026-06-23 17:00:00,N10,0.0111,0.005232,1.09,-0.0322,0.000895,32.4,23.765137,86.411054
2026-06-23 18:00:00,N10,0.0154,0.006651,9.48,-0.031,0.000682,30.4,23.765137,86.411054
2026-06-23 19:00:00,N10,-0.0606,0.005487,8.98,-0.0309,0.000601,28.5,23.765137,86.411054
2026-06-23 20:00:00,N10,-0.1329,0.008527,2.0,-0.0298,0.000419,26.7,23.765137,86.411054
2026-06-23 21:00:00,N10,0.108,0.00522,2.66,-0.03,0.000498,25.1,23.765137,86.411054
2026-06-23 22:00:00,N10,0.0579,0.00719,7.86,-0.0308,0.000549,23.9,23.765137,86.411054
2026-06-23 23:00:00,N10,-0.1182,0.006093,7.61,-0.0311,0.00017,23.2,23.765137,86.411054
2026-06-24 00:00:00,N10,0.1244,0.00562,9.52,-0.0312,9.7e-05,26.3,23.765137,86.411054
2026-06-24 01:00:00,N10,-0.0384,0.005271,6.71,-0.0309,0.000419,26.5,23.765137,86.411054
2026-06-24 02:00:00,N10,-0.1095,0.00583,6.41,-0.0303,0.000469,27.3,23.765137,86.411054
2026-06-24 03:00:00,N10,0.1101,0.005066,4.85,-0.03,2.8e-05,28.5,23.765137,86.411054
2026-06-24 04:00:00,N10,0.1119,0.009285,6.28,-0.0304,0.000172,30.0,23.765137,86.411054
2026-06-24 05:00:00,N10,-0.0681,0.007183,2.44,-0.0303,0.000147,31.8,23.765137,86.411054
2026-06-24 06:00:00,N10,0.168,0.008091,1.74,-0.0301,0.000386,33.8,23.765137,86.411054
2026-06-24 07:00:00,N10,-0.0133,0.005322,2.55,-0.0296,0.000272,35.7,23.765137,86.411054
2026-06-24 08:00:00,N10,0.1303,0.005746,6.55,-0.0295,0.000184,37.5,23.765137,86.411054
2026-06-24 09:00:00,N10,0.0657,0.005383,3.22,-0.0299,2e-06,39.1,23.765137,86.411054
2026-06-24 10:00:00,N10,0.3059,0.010773,9.09,-0.0295,0.000609,40.3,23.765137,86.411054
2026-06-24 11:00:00,N10,-0.0659,0.006207,8.5,-0.0287,0.000905,41.0,23.765137,86.411054
2026-06-24 12:00:00,N10,,,,,,,23.765137,86.411054
2026-06-24 13:00:00,N10,0.1649,0.005445,4.89,-0.0279,0.000185,41.0,23.765137,86.411054
2026-06-24 14:00:00,N10,0.093,0.005306,6.88,-0.0281,0.006031,40.3,23.765137,86.411054
2026-06-24 15:00:00,N10,0.0501,0.774408,32.96,-0.0159,0.006133,39.1,23.765137,86.411054
2026-06-24 16:00:00,N10,-0.0559,0.916786,28.27,-0.0158,0.005696,37.5,23.765137,86.411054
2026-06-24 17:00:00,N10,0.0565,0.005311,1.63,-0.0273,0.005685,35.7,23.765137,86.411054
2026-06-24 18:00:00,N10,0.2034,0.005621,8.61,-0.0272,1.2e-05,33.8,23.765137,86.411054
2026-06-24 19:00:00,N10,0.0241,0.006072,9.06,-0.0272,3e-05,31.8,23.765137,86.411054
2026-06-24 20:00:00,N10,-0.0603,0.007921,8.43,-0.0272,0.000229,30.0,23.765137,86.411054
2026-06-24 21:00:00,N10,,,,,,,23.765137,86.411054
2026-06-24 22:00:00,N10,,,,,,,23.765137,86.411054
2026-06-24 23:00:00,N10,,,,,,,23.765137,86.411054
2026-06-25 00:00:00,N10,,,,,,,23.765137,86.411054
2026-06-25 01:00:00,N10,0.1783,0.005742,1.9,-0.0282,0.000294,25.6,23.765137,86.411054
2026-06-25 02:00:00,N10,-0.2446,0.006078,1.04,-0.0281,0.000156,26.4,23.765137,86.411054
2026-06-25 03:00:00,N10,0.0657,0.006184,8.97,-0.0279,0.000324,27.6,23.765137,86.411054
2026-06-25 04:00:00,N10,-0.0047,0.005502,2.02,-0.0274,0.000225,29.1,23.765137,86.411054
2026-06-25 05:00:00,N10,-0.0047,0.007264,8.36,-0.0275,8.6e-05,31.0,23.765137,86.411054
2026-06-25 06:00:00,N10,-0.1933,0.006982,3.8,-0.0276,0.004424,32.9,23.765137,86.411054
2026-06-25 07:00:00,N10,-0.0316,0.753988,16.37,-0.0186,0.000229,34.8,23.765137,86.411054
2026-06-25 08:00:00,N10,,,,,,,23.765137,86.411054
2026-06-25 09:00:00,N10,,,,,,,23.765137,86.411054
2026-06-25 10:00:00,N10,,,,,,,23.765137,86.411054
2026-06-25 11:00:00,N10,0.159,0.006668,2.34,-0.0255,0.005172,40.1,23.765137,86.411054
2026-06-25 12:00:00,N10,,,,,,,23.765137,86.411054
2026-06-25 13:00:00,N10,,,,,,,23.765137,86.411054
2026-06-25 14:00:00,N10,,,,,,,23.765137,86.411054
2026-06-25 15:00:00,N10,,,,,,,23.765137,86.411054
2026-06-25 16:00:00,N10,,,,,,,23.765137,86.411054
2026-06-25 17:00:00,N10,0.1794,0.792644,25.18,-0.0436,0.008185,34.8,23.765137,86.411054
2026-06-25 18:00:00,N10,-0.1023,0.00911,6.77,-0.0267,0.008671,32.9,23.765137,86.411054
2026-06-25 19:00:00,N10,-0.2682,0.005174,8.94,-0.0263,0.000695,31.0,23.765137,86.411054
2026-06-25 20:00:00,N10,0.1902,0.008238,6.21,-0.0253,0.000293,29.1,23.765137,86.411054
2026-06-25 21:00:00,N10,-0.0239,0.009089,7.05,-0.0257,0.000135,27.6,23.765137,86.411054
2026-06-25 22:00:00,N10,,,,,,,23.765137,86.411054
2026-06-25 23:00:00,N10,,,,,,,23.765137,86.411054
2026-06-26 00:00:00,N10,,,,,,,23.765137,86.411054
2026-06-26 01:00:00,N10,,,,,,,23.765137,86.411054
2026-06-26 02:00:00,N10,0.1552,0.006885,5.15,-0.0267,5.8e-05,26.9,23.765137,86.411054
2026-06-26 03:00:00,N10,-0.3058,0.00553,4.58,-0.0259,0.000521,28.1,23.765137,86.411054
2026-06-26 04:00:00,N10,0.2655,0.005997,6.46,-0.0256,0.000307,29.7,23.765137,86.411054
2026-06-26 05:00:00,N10,0.1225,0.006338,1.61,-0.0253,0.000165,31.5,23.765137,86.411054
2026-06-26 06:00:00,N10,0.1345,0.007606,3.49,-0.026,0.000495,33.4,23.765137,86.411054
2026-06-26 07:00:00,N10,-0.0585,0.006901,3.52,-0.0263,6.3e-05,35.4,23.765137,86.411054
2026-06-26 08:00:00,N10,0.088,0.005828,6.41,-0.0261,0.00021,37.2,23.765137,86.411054
2026-06-26 09:00:00,N10,0.0829,0.008236,9.36,-0.0267,0.000426,38.7,23.765137,86.411054
2026-06-26 10:00:00,N10,-0.0369,0.006488,4.82,-0.0269,5.9e-05,39.9,23.765137,86.411054
2026-06-26 11:00:00,N10,-0.1279,0.005633,4.64,-0.0269,0.000163,40.7,23.765137,86.411054
2026-06-26 12:00:00,N10,0.2431,0.008051,9.8,-0.0266,0.000442,40.9,23.765137,86.411054
2026-06-26 13:00:00,N10,0.0609,0.007013,5.12,-0.026,0.004745,40.7,23.765137,86.411054
2026-06-26 14:00:00,N10,0.0525,0.884812,25.8,-0.0361,0.005242,39.9,23.765137,86.411054
2026-06-26 15:00:00,N10,0.0658,0.89082,49.01,-0.0365,0.005037,38.7,23.765137,86.411054
2026-06-26 16:00:00,N10,-0.0842,0.006144,2.64,-0.026,0.005164,37.2,23.765137,86.411054
2026-06-26 17:00:00,N10,0.1283,0.006239,3.12,-0.0261,3e-05,35.4,23.765137,86.411054
2026-06-26 18:00:00,N10,0.1598,0.009383,2.52,-0.026,2.9e-05,33.4,23.765137,86.411054
2026-06-26 19:00:00,N10,-0.127,0.006796,5.4,-0.0262,0.000154,31.5,23.765137,86.411054
2026-06-26 20:00:00,N10,-0.0628,0.005698,7.54,-0.0263,0.000296,29.7,23.765137,86.411054
2026-06-26 21:00:00,N10,0.0051,0.005071,8.86,-0.0268,0.000746,28.1,23.765137,86.411054
2026-06-26 22:00:00,N10,0.0362,0.006774,3.3,-0.0278,0.000614,26.9,23.765137,86.411054
2026-06-26 23:00:00,N10,-0.0035,0.005557,5.1,-0.028,0.000102,26.2,23.765137,86.411054
2026-06-27 00:00:00,N10,-0.044,0.009131,9.23,-0.0276,0.000238,25.7,23.765137,86.411054
2026-06-27 01:00:00,N10,0.0996,0.005059,1.54,-0.0275,2.6e-05,26.0,23.765137,86.411054
2026-06-27 02:00:00,N10,,,,,,,23.765137,86.411054
2026-06-27 03:00:00,N10,,,,,,,23.765137,86.411054
2026-06-27 04:00:00,N10,-0.1302,0.00698,9.86,-0.0269,0.000168,29.5,23.765137,86.411054
2026-06-27 05:00:00,N10,0.0614,0.005751,8.26,-0.0263,0.000347,31.3,23.765137,86.411054
2026-06-27 06:00:00,N10,-0.0551,0.008489,4.14,-0.0262,4.6e-05,33.2,23.765137,86.411054
2026-06-27 07:00:00,N10,0.0083,0.006524,8.2,-0.0264,2.9e-05,35.2,23.765137,86.411054
2026-06-27 08:00:00,N10,,,,,,,23.765137,86.411054
2026-06-27 09:00:00,N10,,,,,,,23.765137,86.411054
2026-06-27 10:00:00,N10,-0.1218,0.007132,3.59,-0.0273,0.000261,39.7,23.765137,86.411054
2026-06-27 11:00:00,N10,0.018,0.007005,7.19,-0.0273,0.007945,40.5,23.765137,86.411054
2026-06-27 12:00:00,N10,0.035,0.521555,27.78,-0.0114,0.000173,40.7,23.765137,86.411054
2026-06-27 13:00:00,N10,0.3433,0.006561,7.79,-0.0277,0.007935,40.5,23.765137,86.411054
2026-06-27 14:00:00,N10,-0.0316,0.005758,5.06,-0.0273,0.000119,39.7,23.765137,86.411054
2026-06-27 15:00:00,N10,-0.1209,0.008596,4.23,-0.0279,0.00672,38.5,23.765137,86.411054
2026-06-27 16:00:00,N10,-0.257,0.81074,37.9,-0.0139,0.000142,37.0,23.765137,86.411054
2026-06-27 17:00:00,N10,0.1281,0.007344,7.51,-0.0276,0.006665,35.2,23.765137,86.411054
2026-06-27 18:00:00,N10,0.1936,0.005225,6.67,-0.0272,3.9e-05,33.2,23.765137,86.411054
2026-06-27 19:00:00,N10,0.0884,0.008293,6.84,-0.0277,0.000409,31.3,23.765137,86.411054
2026-06-27 20:00:00,N10,-0.1077,0.005668,6.91,-0.028,0.000247,29.5,23.765137,86.411054
2026-06-27 21:00:00,N10,-0.017,0.005696,7.69,-0.0282,8.8e-05,27.9,23.765137,86.411054
2026-06-27 22:00:00,N10,0.0411,0.006179,1.12,-0.0282,0.000506,26.7,23.765137,86.411054
2026-06-27 23:00:00,N10,-0.0414,0.00554,7.57,-0.0272,0.000699,26.0,23.765137,86.411054
2026-06-28 00:00:00,N10,-0.0027,0.007209,1.32,-0.0268,0.000349,25.1,23.765137,86.411054
2026-06-28 01:00:00,N10,0.0083,0.006389,4.85,-0.0265,0.000104,25.3,23.765137,86.411054
2026-06-28 02:00:00,N10,0.1078,0.00526,5.93,-0.0266,0.000278,26.1,23.765137,86.411054
2026-06-28 03:00:00,N10,-0.194,0.005969,6.16,-0.0259,0.000232,27.3,23.765137,86.411054
2026-06-28 04:00:00,N10,,,,,,,23.765137,86.411054
2026-06-28 05:00:00,N10,,,,,,,23.765137,86.411054
2026-06-28 06:00:00,N10,,,,,,,23.765137,86.411054
2026-06-28 07:00:00,N10,,,,,,,23.765137,86.411054
2026-06-28 08:00:00,N10,,,,,,,23.765137,86.411054
2026-06-28 09:00:00,N10,0.0904,0.01046,1.84,-0.0252,0.000302,37.9,23.765137,86.411054
2026-06-28 10:00:00,N10,0.1608,0.007575,8.44,-0.0253,0.009359,39.1,23.765137,86.411054
2026-06-28 11:00:00,N10,0.161,0.936807,39.79,-0.0065,0.009671,39.8,23.765137,86.411054
2026-06-28 12:00:00,N10,-0.0382,0.988794,41.22,-0.006,0.009313,40.1,23.765137,86.411054
2026-06-28 13:00:00,N10,-0.0089,0.007206,6.12,-0.0251,0.009619,39.8,23.765137,86.411054
2026-06-28 14:00:00,N10,0.0377,0.005674,8.13,-0.0252,0.000182,39.1,23.765137,86.411054
2026-06-28 15:00:00,N10,0.0649,0.006744,8.75,-0.0247,0.000484,37.9,23.765137,86.411054
2026-06-28 16:00:00,N10,-0.0035,0.007034,1.59,-0.0242,0.000586,36.3,23.765137,86.411054
2026-06-28 17:00:00,N10,-0.1816,0.008219,9.82,-0.0235,3.3e-05,34.5,23.765137,86.411054
2026-06-28 18:00:00,N10,0.1854,0.006228,3.39,-0.0243,0.000461,32.6,23.765137,86.411054
2026-06-28 19:00:00,N10,-0.077,0.006719,5.64,-0.0245,0.000139,30.6,23.765137,86.411054
2026-06-28 20:00:00,N10,0.05,0.006507,8.3,-0.0246,0.000115,28.8,23.765137,86.411054
2026-06-28 21:00:00,N10,0.0837,0.00505,1.42,-0.0247,0.000369,27.3,23.765137,86.411054
2026-06-28 22:00:00,N10,-0.271,0.009383,7.56,-0.0253,0.000652,26.1,23.765137,86.411054
2026-06-28 23:00:00,N10,0.0616,0.008892,1.43,-0.026,0.000461,25.3,23.765137,86.411054
2026-06-29 00:00:00,N10,0.0793,0.005148,8.3,-0.0263,9e-06,24.7,23.765137,86.411054
2026-06-29 01:00:00,N10,-0.0307,0.007938,4.31,-0.026,1.3e-05,25.0,23.765137,86.411054
2026-06-29 02:00:00,N10,0.0049,0.007598,6.61,-0.0262,0.00036,25.7,23.765137,86.411054
2026-06-29 03:00:00,N10,-0.1955,0.005537,3.08,-0.0267,6.5e-05,26.9,23.765137,86.411054
2026-06-29 04:00:00,N10,-0.1311,0.006887,8.06,-0.0261,0.000427,28.5,23.765137,86.411054
2026-06-29 05:00:00,N10,-0.1246,0.005168,1.36,-0.0258,0.000281,30.3,23.765137,86.411054
2026-06-29 06:00:00,N10,-0.0519,0.00643,3.09,-0.0267,1.3e-05,32.2,23.765137,86.411054
2026-06-29 07:00:00,N10,0.2704,0.005493,9.98,-0.0259,0.00327,34.1,23.765137,86.411054
2026-06-29 08:00:00,N10,0.0411,0.912798,49.17,-0.0201,0.000399,36.0,23.765137,86.411054
2026-06-29 09:00:00,N10,-0.3904,0.005779,8.19,-0.0251,0.002388,37.5,23.765137,86.411054
2026-06-29 10:00:00,N10,-0.0565,0.005201,9.65,-0.0249,0.006177,38.7,23.765137,86.411054
2026-06-29 11:00:00,N10,-0.0459,0.553346,29.73,-0.0127,2.4e-05,39.4,23.765137,86.411054
2026-06-29 12:00:00,N10,-0.1787,0.008446,8.92,-0.0248,0.006147,39.7,23.765137,86.411054
2026-06-29 13:00:00,N10,-0.2169,0.005578,6.92,-0.025,0.000645,39.4,23.765137,86.411054
2026-06-29 14:00:00,N10,-0.0546,0.007173,3.07,-0.0261,0.000599,38.7,23.765137,86.411054
2026-06-29 15:00:00,N10,-0.1352,0.007328,5.19,-0.0262,0.009052,37.5,23.765137,86.411054
2026-06-29 16:00:00,N10,0.0336,0.550251,45.72,-0.0442,0.009207,36.0,23.765137,86.411054
2026-06-29 17:00:00,N10,-0.2638,0.921225,45.77,-0.0446,0.008553,34.1,23.765137,86.411054
2026-06-29 18:00:00,N10,-0.0474,0.005067,1.2,-0.0271,0.008636,32.2,23.765137,86.411054
2026-06-29 19:00:00,N10,0.0707,0.005406,9.37,-0.0274,0.0006,30.3,23.765137,86.411054
2026-06-29 20:00:00,N10,0.255,0.006493,9.95,-0.0283,0.000216,28.5,23.765137,86.411054
2026-06-29 21:00:00,N10,0.0705,0.005852,8.95,-0.0278,0.000739,26.9,23.765137,86.411054
2026-06-29 22:00:00,N10,-0.0384,0.006581,2.2,-0.0269,0.000532,25.7,23.765137,86.411054
2026-06-29 23:00:00,N10,-0.0899,0.006856,5.88,-0.0267,0.000365,25.0,23.765137,86.411054
2026-06-30 00:00:00,N10,-0.0626,0.005122,7.09,-0.0276,0.000522,27.6,23.765137,86.411054
2026-06-30 01:00:00,N10,0.0001,0.005238,5.54,-0.0278,0.000157,27.9,23.765137,86.411054
2026-06-30 02:00:00,N10,0.1797,0.005983,1.87,-0.0279,0.000242,28.7,23.765137,86.411054
2026-06-30 03:00:00,N10,-0.0634,0.006293,1.45,-0.0282,0.000321,29.8,23.765137,86.411054
2026-06-30 04:00:00,N10,-0.1314,0.006347,5.72,-0.0285,5e-05,31.4,23.765137,86.411054
2026-06-30 05:00:00,N10,0.0297,0.006286,8.01,-0.0283,0.000345,33.2,23.765137,86.411054
2026-06-30 06:00:00,N10,0.3257,0.005748,8.07,-0.0279,0.000105,35.1,23.765137,86.411054
2026-06-30 07:00:00,N10,0.1074,0.006551,7.09,-0.0286,0.000806,37.1,23.765137,86.411054
2026-06-30 08:00:00,N10,0.1169,0.005317,9.62,-0.0295,0.000669,38.9,23.765137,86.411054
2026-06-30 09:00:00,N10,-0.1862,0.006742,9.76,-0.0299,0.000317,40.5,23.765137,86.411054
2026-06-30 10:00:00,N10,-0.0405,0.006182,4.1,-0.0301,0.000107,41.6,23.765137,86.411054
2026-06-30 11:00:00,N10,0.118,0.00518,2.35,-0.0297,0.005222,42.4,23.765137,86.411054
2026-06-30 12:00:00,N10,-0.2496,0.997153,34.07,-0.0197,0.004841,42.6,23.765137,86.411054
2026-06-30 13:00:00,N10,-0.0813,0.593268,43.45,-0.02,0.004985,42.4,23.765137,86.411054
2026-06-30 14:00:00,N10,0.029,0.006309,7.82,-0.0296,0.004696,41.6,23.765137,86.411054
2026-06-30 15:00:00,N10,0.2957,0.007163,9.26,-0.0294,0.00012,40.5,23.765137,86.411054
2026-06-30 16:00:00,N10,-0.0839,0.009138,8.19,-0.0299,0.005663,38.9,23.765137,86.411054
2026-06-30 17:00:00,N10,,,,,,,23.765137,86.411054
2026-06-30 18:00:00,N10,,,,,,,23.765137,86.411054
2026-06-30 19:00:00,N10,,,,,,,23.765137,86.411054
2026-06-30 20:00:00,N10,,,,,,,23.765137,86.411054
2026-06-30 21:00:00,N10,,,,,,,23.765137,86.411054
2026-06-30 22:00:00,N10,,,,,,,23.765137,86.411054
2026-06-30 23:00:00,N10,-0.2095,0.005625,8.93,-0.0301,8e-06,27.9,23.765137,86.411054
2026-07-01 00:00:00,N10,0.1424,0.005414,9.95,-0.0302,0.000408,27.1,23.765137,86.411054
2026-07-01 01:00:00,N10,-0.0573,0.007337,9.11,-0.0293,0.000708,27.4,23.765137,86.411054
2026-07-01 02:00:00,N10,0.0074,0.00645,3.3,-0.0287,0.000539,28.1,23.765137,86.411054
2026-07-01 03:00:00,N10,0.3147,0.006325,8.59,-0.0282,0.000344,29.3,23.765137,86.411054
2026-07-01 04:00:00,N10,0.1481,0.008417,3.35,-0.0281,7.6e-05,30.9,23.765137,86.411054
2026-07-01 05:00:00,N10,0.3134,0.005154,7.21,-0.0281,0.000413,32.7,23.765137,86.411054
2026-07-01 06:00:00,N10,0.0608,0.005818,2.3,-0.0289,0.00867,34.6,23.765137,86.411054
2026-07-01 07:00:00,N10,,,,,,,23.765137,86.411054
2026-07-01 08:00:00,N10,,,,,,,23.765137,86.411054
2026-07-01 09:00:00,N10,,,,,,,23.765137,86.411054
2026-07-01 10:00:00,N10,,,,,,,23.765137,86.411054
2026-07-01 11:00:00,N10,,,,,,,23.765137,86.411054
2026-07-01 12:00:00,N10,0.2478,0.00698,8.14,-0.0298,0.000585,42.1,23.765137,86.411054
2026-07-01 13:00:00,N10,0.0907,0.005808,6.47,-0.0306,0.009367,41.9,23.765137,86.411054
2026-07-01 14:00:00,N10,,,,,,,23.765137,86.411054
2026-07-01 15:00:00,N10,,,,,,,23.765137,86.411054
2026-07-01 16:00:00,N10,,,,,,,23.765137,86.411054
2026-07-01 17:00:00,N10,0.2959,0.005293,7.55,-0.03,0.000141,36.6,23.765137,86.411054
2026-07-01 18:00:00,N10,0.0164,0.005605,9.04,-0.0301,1e-06,34.6,23.765137,86.411054
2026-07-01 19:00:00,N10,-0.304,0.005168,2.85,-0.03,6.4e-05,32.7,23.765137,86.411054
2026-07-01 20:00:00,N10,-0.0613,0.005772,2.36,-0.03,0.000478,30.9,23.765137,86.411054
2026-07-01 21:00:00,N10,0.0802,0.007338,1.79,-0.031,0.000699,29.3,23.765137,86.411054
2026-07-01 22:00:00,N10,-0.2684,0.00927,5.51,-0.0314,0.000343,28.1,23.765137,86.411054
2026-07-01 23:00:00,N10,-0.1737,0.006304,4.36,-0.0317,0.000156,27.4,23.765137,86.411054
2026-07-02 00:00:00,N10,0.1269,0.006951,2.86,-0.0311,0.00048,23.6,23.765137,86.411054
2026-07-02 01:00:00,N10,-0.0786,0.007257,4.82,-0.0307,4e-06,23.9,23.765137,86.411054
2026-07-02 02:00:00,N10,-0.1672,0.006516,9.45,-0.0311,0.000396,24.6,23.765137,86.411054
2026-07-02 03:00:00,N10,-0.0398,0.006062,9.48,-0.0315,0.000377,25.8,23.765137,86.411054
2026-07-02 04:00:00,N10,0.0274,0.006558,7.07,-0.0318,5.8e-05,27.4,23.765137,86.411054
2026-07-02 05:00:00,N10,-0.156,0.00735,3.84,-0.0314,0.000339,29.2,23.765137,86.411054
2026-07-02 06:00:00,N10,-0.1874,0.007832,9.83,-0.0311,0.000205,31.1,23.765137,86.411054
2026-07-02 07:00:00,N10,-0.0162,0.005963,4.24,-0.031,0.00016,33.1,23.765137,86.411054
2026-07-02 08:00:00,N10,-0.2916,0.005223,5.27,-0.0308,0.009403,34.9,23.765137,86.411054
2026-07-02 09:00:00,N10,0.0336,0.920925,49.03,-0.0122,0.009659,36.4,23.765137,86.411054
2026-07-02 10:00:00,N10,-0.1399,0.953509,27.2,-0.0115,0.0064,37.6,23.765137,86.411054
2026-07-02 11:00:00,N10,0.1255,0.989699,41.21,-0.025,0.006602,38.4,23.765137,86.411054
2026-07-02 12:00:00,N10,-0.0421,0.881107,39.13,-0.0247,0.002276,38.6,23.765137,86.411054
2026-07-02 13:00:00,N10,,,,,,,23.765137,86.411054
2026-07-02 14:00:00,N10,,,,,,,23.765137,86.411054
2026-07-02 15:00:00,N10,,,,,,,23.765137,86.411054
2026-07-02 16:00:00,N10,0.0566,0.005474,8.14,-0.0281,0.000627,34.9,23.765137,86.411054
2026-07-02 17:00:00,N10,-0.0563,0.006786,9.85,-0.0273,0.00015,33.1,23.765137,86.411054
2026-07-02 18:00:00,N10,0.3267,0.005881,5.7,-0.0278,0.000489,31.1,23.765137,86.411054
2026-07-02 19:00:00,N10,,,,,,,23.765137,86.411054
2026-07-02 20:00:00,N10,0.1677,0.00529,9.87,-0.0275,0.000714,27.4,23.765137,86.411054
2026-07-02 21:00:00,N10,-0.3176,0.007573,6.36,-0.0269,0.000396,25.8,23.765137,86.411054
2026-07-02 22:00:00,N10,0.0116,0.009453,7.8,-0.0267,0.000222,24.6,23.765137,86.411054
2026-07-02 23:00:00,N10,,,,,,,23.765137,86.411054
2026-07-03 00:00:00,N10,,,,,,,23.765137,86.411054
2026-07-03 01:00:00,N10,,,,,,,23.765137,86.411054
2026-07-03 02:00:00,N10,0.1003,0.005819,8.97,-0.0284,0.000443,26.6,23.765137,86.411054
2026-07-03 03:00:00,N10,0.2837,0.006775,4.73,-0.0293,0.000826,27.8,23.765137,86.411054
2026-07-03 04:00:00,N10,-0.0985,0.005646,3.78,-0.03,0.000459,29.3,23.765137,86.411054
2026-07-03 05:00:00,N10,-0.0248,0.008724,1.58,-0.0302,0.005397,31.1,23.765137,86.411054
2026-07-03 06:00:00,N10,-0.1436,0.647546,22.46,-0.0192,0.004329,33.1,23.765137,86.411054
2026-07-03 07:00:00,N10,-0.3292,0.811306,29.04,-0.0216,0.001566,35.0,23.765137,86.411054
2026-07-03 08:00:00,N10,0.1214,0.56266,16.19,-0.0224,0.004773,36.8,23.765137,86.411054
2026-07-03 09:00:00,N10,-0.1918,0.006246,6.97,-0.0311,0.004032,38.4,23.765137,86.411054
2026-07-03 10:00:00,N10,0.017,0.008354,6.91,-0.0304,0.007631,39.6,23.765137,86.411054
2026-07-03 11:00:00,N10,-0.1087,0.697417,20.76,-0.0464,0.007642,40.3,23.765137,86.411054
2026-07-03 12:00:00,N10,0.0374,0.762492,21.38,-0.0457,0.008119,40.6,23.765137,86.411054
2026-07-03 13:00:00,N10,-0.0199,0.005095,2.19,-0.0301,0.007699,40.3,23.765137,86.411054
2026-07-03 14:00:00,N10,-0.0767,0.007075,4.53,-0.0303,0.000172,39.6,23.765137,86.411054
2026-07-03 15:00:00,N10,-0.0313,0.00848,9.76,-0.0298,0.000127,38.4,23.765137,86.411054
2026-07-03 16:00:00,N10,0.0515,0.005152,5.87,-0.0301,0.00016,36.8,23.765137,86.411054
2026-07-03 17:00:00,N10,,,,,,,23.765137,86.411054
2026-07-03 18:00:00,N10,,,,,,,23.765137,86.411054
2026-07-03 19:00:00,N10,,,,,,,23.765137,86.411054
2026-07-03 20:00:00,N10,,,,,,,23.765137,86.411054
2026-07-03 21:00:00,N10,0.059,0.007406,7.53,-0.0282,0.000479,27.8,23.765137,86.411054
2026-07-03 22:00:00,N10,0.0392,0.008405,6.0,-0.0287,0.000474,26.6,23.765137,86.411054
2026-07-03 23:00:00,N10,-0.0117,0.005706,3.79,-0.0292,0.000487,25.8,23.765137,86.411054
2026-07-04 00:00:00,N10,0.0631,0.007494,1.72,-0.0296,0.000489,23.3,23.765137,86.411054
2026-07-04 01:00:00,N10,-0.1467,0.005371,7.03,-0.0302,0.000146,23.5,23.765137,86.411054
2026-07-04 02:00:00,N10,,,,,,,23.765137,86.411054
2026-07-04 03:00:00,N10,-0.1033,0.007805,1.35,-0.03,5.6e-05,25.5,23.765137,86.411054
2026-07-04 04:00:00,N10,-0.085,0.005156,4.64,-0.03,0.000324,27.0,23.765137,86.411054
2026-07-04 05:00:00,N10,0.1058,0.006136,7.34,-0.0294,0.000717,28.8,23.765137,86.411054
2026-07-04 06:00:00,N10,0.1973,0.006015,1.83,-0.0286,0.001091,30.8,23.765137,86.411054
2026-07-04 07:00:00,N10,-0.1714,0.005897,4.63,-0.0272,0.000489,32.7,23.765137,86.411054
2026-07-04 08:00:00,N10,-0.0626,0.006436,3.46,-0.0276,0.000302,34.5,23.765137,86.411054
2026-07-04 09:00:00,N10,-0.0265,0.006314,6.24,-0.0278,2.7e-05,36.1,23.765137,86.411054
2026-07-04 10:00:00,N10,0.2276,0.008902,4.78,-0.0276,0.000145,37.3,23.765137,86.411054
2026-07-04 11:00:00,N10,0.0727,0.006516,4.24,-0.0281,0.000223,38.0,23.765137,86.411054
2026-07-04 12:00:00,N10,,,,,,,23.765137,86.411054
2026-07-04 13:00:00,N10,,,,,,,23.765137,86.411054
2026-07-04 14:00:00,N10,,,,,,,23.765137,86.411054
2026-07-04 15:00:00,N10,0.1215,0.516086,23.46,-0.0201,0.003941,36.1,23.765137,86.411054
2026-07-04 16:00:00,N10,-0.3268,0.849816,45.79,-0.0201,0.004047,34.5,23.765137,86.411054
2026-07-04 17:00:00,N10,0.3559,0.006748,6.05,-0.0281,0.004184,32.7,23.765137,86.411054
2026-07-04 18:00:00,N10,-0.1329,0.009148,9.57,-0.0284,0.000348,30.8,23.765137,86.411054
2026-07-04 19:00:00,N10,0.1208,0.005687,3.47,-0.0288,0.000303,28.8,23.765137,86.411054
2026-07-04 20:00:00,N10,-0.0563,0.005907,1.37,-0.029,0.000157,27.0,23.765137,86.411054
2026-07-04 21:00:00,N10,-0.0694,0.006955,8.92,-0.0285,0.000522,25.5,23.765137,86.411054
2026-07-04 22:00:00,N10,0.0771,0.007216,7.03,-0.028,0.000314,24.3,23.765137,86.411054
2026-07-04 23:00:00,N10,-0.1353,0.007996,9.67,-0.0279,0.0002,23.5,23.765137,86.411054
2026-07-05 00:00:00,N10,0.0828,0.006369,5.22,-0.0284,0.000281,29.1,23.765137,86.411054
2026-07-05 01:00:00,N10,-0.0611,0.010817,1.47,-0.0273,0.000524,29.4,23.765137,86.411054
2026-07-05 02:00:00,N10,-0.0452,0.007204,7.79,-0.0273,0.000117,30.1,23.765137,86.411054
2026-07-05 03:00:00,N10,-0.0904,0.006208,8.9,-0.0276,0.000136,31.3,23.765137,86.411054
2026-07-05 04:00:00,N10,-0.0879,0.005208,5.01,-0.0276,8e-05,32.9,23.765137,86.411054
2026-07-05 05:00:00,N10,-0.0905,0.006422,6.36,-0.0274,0.00016,34.7,23.765137,86.411054
2026-07-05 06:00:00,N10,0.1828,0.006125,2.77,-0.0279,0.000378,36.6,23.765137,86.411054
2026-07-05 07:00:00,N10,-0.1668,0.005755,3.83,-0.0282,5.3e-05,38.6,23.765137,86.411054
2026-07-05 08:00:00,N10,-0.012,0.007222,6.8,-0.0278,3.2e-05,40.4,23.765137,86.411054
2026-07-05 09:00:00,N10,,,,,,,23.765137,86.411054
2026-07-05 10:00:00,N10,,,,,,,23.765137,86.411054
2026-07-05 11:00:00,N10,,,,,,,23.765137,86.411054
2026-07-05 12:00:00,N10,,,,,,,23.765137,86.411054
2026-07-05 13:00:00,N10,-0.1167,0.519936,45.86,-0.0364,0.003606,43.9,23.765137,86.411054
2026-07-05 14:00:00,N10,-0.0073,0.792854,48.97,-0.0371,0.003413,43.1,23.765137,86.411054
2026-07-05 15:00:00,N10,0.0114,0.007541,9.8,-0.0296,0.01054,41.9,23.765137,86.411054
2026-07-05 16:00:00,N10,0.0705,0.688166,31.94,-0.016,0.000649,40.4,23.765137,86.411054
2026-07-05 17:00:00,N10,0.0135,0.005614,3.63,-0.0309,0.007357,38.6,23.765137,86.411054
2026-07-05 18:00:00,N10,0.0579,0.005977,7.36,-0.0307,0.000163,36.6,23.765137,86.411054
2026-07-05 19:00:00,N10,-0.2229,0.006591,8.31,-0.0305,0.00032,34.7,23.765137,86.411054
2026-07-05 20:00:00,N10,,,,,,,23.765137,86.411054
2026-07-05 21:00:00,N10,,,,,,,23.765137,86.411054
2026-07-05 22:00:00,N10,,,,,,,23.765137,86.411054
2026-07-05 23:00:00,N10,0.0484,0.006777,3.03,-0.029,0.000387,29.4,23.765137,86.411054
2026-07-06 00:00:00,N10,-0.1635,0.005849,6.81,-0.029,0.000432,27.1,23.765137,86.411054
2026-07-06 01:00:00,N10,,,,,,,23.765137,86.411054
2026-07-06 02:00:00,N10,,,,,,,23.765137,86.411054
2026-07-06 03:00:00,N10,,,,,,,23.765137,86.411054
2026-07-06 04:00:00,N10,,,,,,,23.765137,86.411054
2026-07-06 05:00:00,N10,0.3064,0.006282,1.98,-0.0287,0.000329,32.7,23.765137,86.411054
2026-07-06 06:00:00,N10,-0.1414,0.007571,8.54,-0.0288,9.1e-05,34.6,23.765137,86.411054
2026-07-06 07:00:00,N10,-0.0529,0.007583,5.55,-0.0286,0.000568,36.5,23.765137,86.411054
2026-07-06 08:00:00,N10,-0.0717,0.006996,6.52,-0.0277,0.000601,38.3,23.765137,86.411054
2026-07-06 09:00:00,N10,-0.0106,0.00578,7.52,-0.0274,0.000223,39.9,23.765137,86.411054
2026-07-06 10:00:00,N10,0.2262,0.006568,2.54,-0.0272,0.000207,41.1,23.765137,86.411054
2026-07-06 11:00:00,N10,-0.0792,0.007656,5.68,-0.027,0.000106,41.8,23.765137,86.411054
2026-07-06 12:00:00,N10,-0.0472,0.005412,5.16,-0.0274,0.003942,42.1,23.765137,86.411054
2026-07-06 13:00:00,N10,0.2346,0.624755,34.95,-0.0348,0.003621,41.8,23.765137,86.411054
2026-07-06 14:00:00,N10,,,,,,,23.765137,86.411054
2026-07-06 15:00:00,N10,,,,,,,23.765137,86.411054
2026-07-06 16:00:00,N10,,,,,,,23.765137,86.411054
2026-07-06 17:00:00,N10,0.0576,0.006341,5.5,-0.027,0.000772,36.5,23.765137,86.411054
2026-07-06 18:00:00,N10,0.0232,0.005527,8.54,-0.028,0.00019,34.6,23.765137,86.411054
2026-07-06 19:00:00,N10,-0.1104,0.00557,9.43,-0.0274,0.000123,32.7,23.765137,86.411054
2026-07-06 20:00:00,N10,-0.0054,0.00696,4.53,-0.0278,0.000123,30.8,23.765137,86.411054
2026-07-06 21:00:00,N10,0.184,0.00672,9.88,-0.0272,0.000407,29.3,23.765137,86.411054
2026-07-06 22:00:00,N10,-0.206,0.006193,8.34,-0.027,0.000349,28.1,23.765137,86.411054
2026-07-06 23:00:00,N10,-0.2096,0.00586,3.28,-0.0279,0.000325,27.4,23.765137,86.411054
2026-07-07 00:00:00,N10,0.0481,0.005798,2.92,-0.0276,0.000135,24.6,23.765137,86.411054
2026-07-07 01:00:00,N10,0.0172,0.006435,7.21,-0.0281,0.000452,24.8,23.765137,86.411054
2026-07-07 02:00:00,N10,-0.0943,0.007491,2.26,-0.0285,5e-06,25.6,23.765137,86.411054
2026-07-07 03:00:00,N10,0.3197,0.005697,9.67,-0.0281,0.000221,26.8,23.765137,86.411054
2026-07-07 04:00:00,N10,-0.2027,0.00682,1.52,-0.0281,0.000294,28.3,23.765137,86.411054
2026-07-07 05:00:00,N10,-0.2109,0.005684,6.71,-0.0275,0.000126,30.1,23.765137,86.411054
2026-07-07 06:00:00,N10,0.2014,0.006886,7.28,-0.0278,0.000442,32.1,23.765137,86.411054
2026-07-07 07:00:00,N10,-0.2091,0.005157,9.12,-0.0284,0.000322,34.0,23.765137,86.411054
2026-07-07 08:00:00,N10,-0.1278,0.006984,9.48,-0.0285,1.1e-05,35.8,23.765137,86.411054
2026-07-07 09:00:00,N10,0.1896,0.005709,7.35,-0.0284,0.000227,37.4,23.765137,86.411054
2026-07-07 10:00:00,N10,0.0041,0.006112,7.77,-0.028,0.000154,38.6,23.765137,86.411054
2026-07-07 11:00:00,N10,0.0318,0.005879,3.82,-0.0281,4.1e-05,39.3,23.765137,86.411054
2026-07-07 12:00:00,N10,-0.0143,0.005269,7.43,-0.0279,0.004442,39.6,23.765137,86.411054
2026-07-07 13:00:00,N10,-0.0114,0.719375,16.9,-0.037,0.000369,39.3,23.765137,86.411054
2026-07-07 14:00:00,N10,-0.0232,0.005204,9.58,-0.0287,0.004466,38.6,23.765137,86.411054
2026-07-07 15:00:00,N10,0.0263,0.005939,1.12,-0.028,0.007851,37.4,23.765137,86.411054
2026-07-07 16:00:00,N10,0.0038,0.895732,42.09,-0.0444,0.000439,35.8,23.765137,86.411054
2026-07-07 17:00:00,N10,0.0908,0.005584,6.72,-0.0272,0.008401,34.0,23.765137,86.411054
2026-07-07 18:00:00,N10,-0.2167,0.005367,6.41,-0.0276,4.6e-05,32.1,23.765137,86.411054
2026-07-07 19:00:00,N10,0.1682,0.005015,8.21,-0.0273,0.000108,30.1,23.765137,86.411054
2026-07-07 20:00:00,N10,0.3553,0.008058,2.68,-0.0278,1.1e-05,28.3,23.765137,86.411054
2026-07-07 21:00:00,N10,-0.2157,0.006927,8.22,-0.0273,0.000385,26.8,23.765137,86.411054
2026-07-07 22:00:00,N10,-0.0433,0.005991,6.74,-0.027,0.000123,25.6,23.765137,86.411054
2026-07-07 23:00:00,N10,-0.1562,0.005711,6.47,-0.027,9e-06,24.8,23.765137,86.411054
2026-07-08 00:00:00,N10,0.2276,0.005005,2.08,-0.027,0.000167,22.0,23.765137,86.411054
2026-07-08 01:00:00,N10,0.0712,0.005023,8.43,-0.0267,5.1e-05,22.2,23.765137,86.411054
2026-07-08 02:00:00,N10,0.0149,0.005243,1.18,-0.0269,0.000835,23.0,23.765137,86.411054
2026-07-08 03:00:00,N10,-0.1175,0.006634,8.71,-0.0284,0.000783,24.2,23.765137,86.411054
2026-07-08 04:00:00,N10,0.0872,0.007736,3.52,-0.0285,6e-05,25.7,23.765137,86.411054
2026-07-08 05:00:00,N10,-0.1214,0.007084,2.97,-0.0285,3.7e-05,27.5,23.765137,86.411054
2026-07-08 06:00:00,N10,-0.0627,0.008126,2.17,-0.0284,5e-06,29.5,23.765137,86.411054
2026-07-08 07:00:00,N10,-0.0293,0.005492,2.1,-0.0285,6.4e-05,31.4,23.765137,86.411054
2026-07-08 08:00:00,N10,-0.0545,0.009455,7.95,-0.0285,0.011444,33.2,23.765137,86.411054
2026-07-08 09:00:00,N10,0.0728,0.722494,31.89,-0.0056,0.000639,34.8,23.765137,86.411054
2026-07-08 10:00:00,N10,0.0799,0.00878,5.73,-0.0272,0.010487,36.0,23.765137,86.411054
2026-07-08 11:00:00,N10,-0.036,0.005706,2.11,-0.0266,0.00025,36.7,23.765137,86.411054
2026-07-08 12:00:00,N10,0.0343,0.005778,3.59,-0.0267,0.00035,37.0,23.765137,86.411054
2026-07-08 13:00:00,N10,0.1129,0.006822,2.66,-0.0273,3.1e-05,36.7,23.765137,86.411054
2026-07-08 14:00:00,N10,0.0018,0.006062,9.02,-0.0268,0.000177,36.0,23.765137,86.411054
2026-07-08 15:00:00,N10,0.2063,0.005591,8.61,-0.0269,0.000186,34.8,23.765137,86.411054
2026-07-08 16:00:00,N10,-0.0373,0.007812,4.56,-0.0264,0.007599,33.2,23.765137,86.411054
2026-07-08 17:00:00,N10,-0.107,0.613171,15.62,-0.0421,0.000366,31.4,23.765137,86.411054
2026-07-08 18:00:00,N10,0.1488,0.007073,7.44,-0.0272,0.007293,29.5,23.765137,86.411054
2026-07-08 19:00:00,N10,-0.0983,0.006279,8.26,-0.0275,1.4e-05,27.5,23.765137,86.411054
2026-07-08 20:00:00,N10,-0.0213,0.006585,1.8,-0.0271,0.000421,25.7,23.765137,86.411054
2026-07-08 21:00:00,N10,-0.0067,0.00704,1.02,-0.0267,0.000373,24.2,23.765137,86.411054
2026-07-08 22:00:00,N10,-0.1965,0.006167,8.72,-0.0264,6.7e-05,23.0,23.765137,86.411054
2026-07-08 23:00:00,N10,0.0942,0.0067,4.46,-0.0265,0.0005,22.2,23.765137,86.411054
2026-07-09 00:00:00,N10,-0.0648,0.009868,7.46,-0.0274,0.000342,27.4,23.765137,86.411054
2026-07-09 01:00:00,N10,-0.0153,0.006858,2.43,-0.0272,0.000219,27.6,23.765137,86.411054
2026-07-09 02:00:00,N10,0.0509,0.006947,7.69,-0.0278,0.000432,28.4,23.765137,86.411054
2026-07-09 03:00:00,N10,-0.1003,0.007401,1.45,-0.0281,0.000149,29.6,23.765137,86.411054
2026-07-09 04:00:00,N10,-0.2003,0.006088,8.26,-0.0281,0.000295,31.1,23.765137,86.411054
2026-07-09 05:00:00,N10,0.0844,0.005685,6.87,-0.0275,4.2e-05,32.9,23.765137,86.411054
2026-07-09 06:00:00,N10,-0.0365,0.005631,5.73,-0.028,4e-05,34.9,23.765137,86.411054
2026-07-09 07:00:00,N10,-0.1058,0.007071,1.72,-0.0274,0.000686,36.8,23.765137,86.411054
2026-07-09 08:00:00,N10,0.2437,0.006185,2.16,-0.0267,0.010451,38.6,23.765137,86.411054
2026-07-09 09:00:00,N10,-0.0203,0.506153,49.2,-0.0065,0.010186,40.2,23.765137,86.411054
2026-07-09 10:00:00,N10,0.0676,0.821934,18.77,-0.0063,0.009319,41.4,23.765137,86.411054
2026-07-09 11:00:00,N10,0.1511,0.005869,8.45,-0.0252,0.004708,42.1,23.765137,86.411054
2026-07-09 12:00:00,N10,,,,,,,23.765137,86.411054
2026-07-09 13:00:00,N10,,,,,,,23.765137,86.411054
2026-07-09 14:00:00,N10,,,,,,,23.765137,86.411054
2026-07-09 15:00:00,N10,,,,,,,23.765137,86.411054
2026-07-09 16:00:00,N10,,,,,,,23.765137,86.411054
2026-07-09 17:00:00,N10,0.1326,0.008136,5.65,-0.0259,3.7e-05,36.8,23.765137,86.411054
2026-07-09 18:00:00,N10,0.178,0.006443,4.24,-0.0257,0.000119,34.9,23.765137,86.411054
2026-07-09 19:00:00,N10,-0.0469,0.005487,9.74,-0.0262,0.000402,32.9,23.765137,86.411054
2026-07-09 20:00:00,N10,-0.0081,0.00679,5.16,-0.0265,3.2e-05,31.1,23.765137,86.411054
2026-07-09 21:00:00,N10,0.1671,0.005815,8.25,-0.0263,0.000586,29.6,23.765137,86.411054
2026-07-09 22:00:00,N10,-0.1921,0.005231,2.63,-0.0254,0.000319,28.4,23.765137,86.411054
2026-07-09 23:00:00,N10,-0.1648,0.005907,5.26,-0.0256,0.000255,27.6,23.765137,86.411054
2026-07-10 00:00:00,N10,0.1084,0.009709,2.96,-0.0259,0.000327,23.8,23.765137,86.411054
2026-07-10 01:00:00,N10,-0.061,0.007051,9.95,-0.0263,0.000705,24.1,23.765137,86.411054
2026-07-10 02:00:00,N10,-0.1476,0.005241,5.38,-0.0273,0.000466,24.8,23.765137,86.411054
2026-07-10 03:00:00,N10,,,,,,,23.765137,86.411054
2026-07-10 04:00:00,N10,,,,,,,23.765137,86.411054
2026-07-10 05:00:00,N10,,,,,,,23.765137,86.411054
2026-07-10 06:00:00,N10,,,,,,,23.765137,86.411054
2026-07-10 07:00:00,N10,0.1022,0.005732,8.86,-0.0285,2.9e-05,33.2,23.765137,86.411054
2026-07-10 08:00:00,N10,-0.2476,0.005544,3.14,-0.0283,0.000103,35.1,23.765137,86.411054
2026-07-10 09:00:00,N10,-0.1334,0.00598,7.14,-0.0287,0.000327,36.6,23.765137,86.411054
2026-07-10 10:00:00,N10,0.111,0.008219,7.19,-0.0289,0.000181,37.8,23.765137,86.411054
2026-07-10 11:00:00,N10,0.2291,0.005661,9.3,-0.0291,0.008741,38.5,23.765137,86.411054
2026-07-10 12:00:00,N10,0.1204,0.888843,41.48,-0.0114,0.008892,38.8,23.765137,86.411054
2026-07-10 13:00:00,N10,0.1646,0.825073,30.19,-0.0113,0.008769,38.5,23.765137,86.411054
2026-07-10 14:00:00,N10,-0.1752,0.005419,9.51,-0.029,0.008729,37.8,23.765137,86.411054
2026-07-10 15:00:00,N10,-0.0737,0.005551,5.7,-0.0288,0.007127,36.6,23.765137,86.411054
2026-07-10 16:00:00,N10,-0.0763,0.733621,32.17,-0.0147,0.007155,35.1,23.765137,86.411054
2026-07-10 17:00:00,N10,0.2547,0.962007,45.76,-0.0145,0.00706,33.2,23.765137,86.411054
2026-07-10 18:00:00,N10,,,,,,,23.765137,86.411054
2026-07-10 19:00:00,N10,,,,,,,23.765137,86.411054
2026-07-10 20:00:00,N10,,,,,,,23.765137,86.411054
2026-07-10 21:00:00,N10,,,,,,,23.765137,86.411054
2026-07-10 22:00:00,N10,,,,,,,23.765137,86.411054
2026-07-10 23:00:00,N10,0.2489,0.006903,1.4,-0.0292,1e-06,24.1,23.765137,86.411054
2026-07-11 00:00:00,N10,-0.0291,0.00884,9.65,-0.0297,0.000652,27.6,23.765137,86.411054
2026-07-11 01:00:00,N10,-0.0178,0.006057,6.64,-0.0305,0.000462,27.8,23.765137,86.411054
2026-07-11 02:00:00,N10,-0.3968,0.006316,3.37,-0.0307,0.000676,28.6,23.765137,86.411054
2026-07-11 03:00:00,N10,0.0132,0.006776,9.16,-0.0318,0.000692,29.8,23.765137,86.411054
2026-07-11 04:00:00,N10,-0.181,0.006943,3.73,-0.032,0.000121,31.3,23.765137,86.411054
2026-07-11 05:00:00,N10,0.0619,0.006379,5.73,-0.032,0.000112,33.1,23.765137,86.411054
2026-07-11 06:00:00,N10,0.0807,0.007082,7.17,-0.0318,0.00029,35.1,23.765137,86.411054
2026-07-11 07:00:00,N10,-0.0181,0.005757,8.23,-0.0326,0.000449,37.0,23.765137,86.411054
2026-07-11 08:00:00,N10,-0.0212,0.008053,6.96,-0.0327,0.000383,38.8,23.765137,86.411054
2026-07-11 09:00:00,N10,0.2912,0.009226,1.31,-0.0319,0.000156,40.4,23.765137,86.411054
2026-07-11 10:00:00,N10,0.2426,0.005165,7.87,-0.0324,0.000365,41.6,23.765137,86.411054
2026-07-11 11:00:00,N10,-0.0396,0.005604,2.9,-0.0326,0.000259,42.3,23.765137,86.411054
2026-07-11 12:00:00,N10,0.261,0.006135,4.22,-0.0329,0.000272,42.6,23.765137,86.411054
2026-07-11 13:00:00,N10,-0.0706,0.009234,6.41,-0.0331,0.005271,42.3,23.765137,86.411054
2026-07-11 14:00:00,N10,0.0936,0.603825,46.85,-0.0224,0.011638,41.6,23.765137,86.411054
2026-07-11 15:00:00,N10,0.4144,0.776048,44.43,-0.0099,0.001317,40.4,23.765137,86.411054
2026-07-11 16:00:00,N10,-0.2134,0.836746,30.61,-0.0197,0.011189,38.8,23.765137,86.411054
2026-07-11 17:00:00,N10,0.0667,0.006364,3.54,-0.0322,0.006326,37.0,23.765137,86.411054
2026-07-11 18:00:00,N10,,,,,,,23.765137,86.411054
2026-07-11 19:00:00,N10,,,,,,,23.765137,86.411054
2026-07-11 20:00:00,N10,,,,,,,23.765137,86.411054
2026-07-11 21:00:00,N10,,,,,,,23.765137,86.411054
2026-07-11 22:00:00,N10,0.0671,0.009627,1.94,-0.0314,8.1e-05,28.6,23.765137,86.411054
2026-07-11 23:00:00,N10,-0.0011,0.005465,7.12,-0.0315,0.000197,27.8,23.765137,86.411054
2026-07-12 00:00:00,N10,-0.1597,0.007147,6.83,-0.0318,0.000166,23.3,23.765137,86.411054
2026-07-12 01:00:00,N10,0.0162,0.006027,1.83,-0.0319,0.000239,23.6,23.765137,86.411054
2026-07-12 02:00:00,N10,0.1895,0.005194,9.56,-0.0314,0.000268,24.3,23.765137,86.411054
2026-07-12 03:00:00,N10,-0.1589,0.008183,6.06,-0.0313,8.8e-05,25.5,23.765137,86.411054
2026-07-12 04:00:00,N10,0.0522,0.006176,7.05,-0.0312,0.000239,27.1,23.765137,86.411054
2026-07-12 05:00:00,N10,-0.101,0.006482,8.89,-0.0318,0.000447,28.9,23.765137,86.411054
2026-07-12 06:00:00,N10,0.1,0.005154,5.08,-0.0321,0.000147,30.8,23.765137,86.411054
2026-07-12 07:00:00,N10,0.1022,0.006449,8.99,-0.0321,2e-06,32.7,23.765137,86.411054
2026-07-12 08:00:00,N10,-0.1214,0.008215,6.76,-0.0321,0.000151,34.6,23.765137,86.411054
2026-07-12 09:00:00,N10,-0.0618,0.005415,3.93,-0.0324,0.009089,36.1,23.765137,86.411054
2026-07-12 10:00:00,N10,0.1646,0.789732,30.69,-0.0502,0.000691,37.3,23.765137,86.411054
2026-07-12 11:00:00,N10,-0.0392,0.006681,8.2,-0.0338,0.008572,38.1,23.765137,86.411054
2026-07-12 12:00:00,N10,-0.1334,0.006652,5.68,-0.0331,0.000402,38.3,23.765137,86.411054
2026-07-12 13:00:00,N10,-0.074,0.005961,6.34,-0.033,0.000115,38.1,23.765137,86.411054
2026-07-12 14:00:00,N10,-0.0974,0.005953,9.12,-0.0329,0.000138,37.3,23.765137,86.411054
2026-07-12 15:00:00,N10,0.0496,0.008336,7.99,-0.0327,0.004254,36.1,23.765137,86.411054
2026-07-12 16:00:00,N10,0.1172,0.745725,34.62,-0.0244,0.000684,34.6,23.765137,86.411054
2026-07-12 17:00:00,N10,0.3407,0.005308,6.87,-0.0341,0.004663,32.7,23.765137,86.411054
2026-07-12 18:00:00,N10,-0.0907,0.005842,9.45,-0.0337,0.000264,30.8,23.765137,86.411054
2026-07-12 19:00:00,N10,0.1231,0.007684,3.48,-0.0346,0.000252,28.9,23.765137,86.411054
2026-07-12 20:00:00,N10,-0.1515,0.010969,5.62,-0.0342,0.00039,27.1,23.765137,86.411054
2026-07-12 21:00:00,N10,-0.2826,0.005384,1.43,-0.0338,3.8e-05,25.5,23.765137,86.411054
2026-07-12 22:00:00,N10,-0.0055,0.006031,7.08,-0.0343,0.000475,24.3,23.765137,86.411054
2026-07-12 23:00:00,N10,-0.1399,0.006979,3.68,-0.0348,0.000165,23.6,23.765137,86.411054
2026-07-13 00:00:00,N10,-0.167,0.008229,9.49,-0.0346,9.7e-05,26.9,23.765137,86.411054
2026-07-13 01:00:00,N10,0.119,0.006086,4.66,-0.035,0.000152,27.2,23.765137,86.411054
2026-07-13 02:00:00,N10,-0.0592,0.006242,2.21,-0.0349,0.000291,28.0,23.765137,86.411054
2026-07-13 03:00:00,N10,-0.1776,0.005783,3.41,-0.0344,0.000567,29.1,23.765137,86.411054
2026-07-13 04:00:00,N10,0.3356,0.007098,1.41,-0.0338,4.3e-05,30.7,23.765137,86.411054
2026-07-13 05:00:00,N10,-0.0861,0.007222,6.9,-0.0343,7.7e-05,32.5,23.765137,86.411054
2026-07-13 06:00:00,N10,0.2542,0.006458,2.67,-0.0339,0.003519,34.4,23.765137,86.411054
2026-07-13 07:00:00,N10,0.0086,0.585218,26.79,-0.0413,0.003387,36.4,23.765137,86.411054
2026-07-13 08:00:00,N10,0.1284,0.542412,35.56,-0.0407,0.003864,38.2,23.765137,86.411054
2026-07-13 09:00:00,N10,0.2747,0.005219,1.84,-0.0336,0.003324,39.8,23.765137,86.411054
2026-07-13 10:00:00,N10,-0.031,0.006841,5.61,-0.034,0.000526,40.9,23.765137,86.411054
2026-07-13 11:00:00,N10,0.0802,0.0111,3.18,-0.0347,0.000757,41.7,23.765137,86.411054
2026-07-13 12:00:00,N10,0.0384,0.006934,2.42,-0.0356,0.000586,41.9,23.765137,86.411054
2026-07-13 13:00:00,N10,0.1353,0.005537,3.6,-0.0358,0.000131,41.7,23.765137,86.411054
2026-07-13 14:00:00,N10,-0.08,0.009738,3.95,-0.0358,0.000115,40.9,23.765137,86.411054
2026-07-13 15:00:00,N10,0.096,0.006029,5.13,-0.0361,5.5e-05,39.8,23.765137,86.411054
2026-07-13 16:00:00,N10,0.165,0.00509,7.09,-0.0357,0.006106,38.2,23.765137,86.411054
2026-07-13 17:00:00,N10,0.1138,0.597561,43.67,-0.0483,0.006119,36.4,23.765137,86.411054
2026-07-13 18:00:00,N10,-0.3392,0.621674,40.29,-0.048,0.0067,34.4,23.765137,86.411054
2026-07-13 19:00:00,N10,-0.0196,0.005297,7.85,-0.0349,0.00686,32.5,23.765137,86.411054
2026-07-13 20:00:00,N10,0.0094,0.006409,1.15,-0.0342,0.000313,30.7,23.765137,86.411054
2026-07-13 21:00:00,N10,0.0147,0.005208,5.52,-0.0342,3.1e-05,29.1,23.765137,86.411054
2026-07-13 22:00:00,N10,-0.1256,0.00752,4.21,-0.0343,9.5e-05,28.0,23.765137,86.411054
2026-07-13 23:00:00,N10,0.1448,0.005852,9.53,-0.0344,0.000255,27.2,23.765137,86.411054
2026-07-14 00:00:00,N10,,,,,,,23.765137,86.411054
2026-07-14 01:00:00,N10,,,,,,,23.765137,86.411054
2026-07-14 02:00:00,N10,,,,,,,23.765137,86.411054
2026-07-14 03:00:00,N10,0.3185,0.005725,4.96,-0.0344,0.000327,26.9,23.765137,86.411054
2026-07-14 04:00:00,N10,-0.2721,0.006303,3.59,-0.0341,0.000284,28.4,23.765137,86.411054
2026-07-14 05:00:00,N10,0.2088,0.006187,6.69,-0.0338,0.000139,30.2,23.765137,86.411054
2026-07-14 06:00:00,N10,-0.3535,0.006,8.0,-0.0338,0.000387,32.2,23.765137,86.411054
2026-07-14 07:00:00,N10,0.1349,0.006151,9.0,-0.0346,0.000671,34.1,23.765137,86.411054
2026-07-14 08:00:00,N10,-0.0664,0.007392,1.35,-0.0352,0.00258,35.9,23.765137,86.411054
2026-07-14 09:00:00,N10,0.102,0.525544,41.35,-0.0294,0.000644,37.5,23.765137,86.411054
2026-07-14 10:00:00,N10,-0.0851,0.006681,6.56,-0.0339,0.002516,38.7,23.765137,86.411054
2026-07-14 11:00:00,N10,0.0918,0.005886,8.37,-0.0344,0.000316,39.4,23.765137,86.411054
2026-07-14 12:00:00,N10,,,,,,,23.765137,86.411054
2026-07-14 13:00:00,N10,,,,,,,23.765137,86.411054
2026-07-14 14:00:00,N10,,,,,,,23.765137,86.411054
2026-07-14 15:00:00,N10,0.0432,0.005816,9.74,-0.0339,0.004052,37.5,23.765137,86.411054
2026-07-14 16:00:00,N10,0.0064,0.005233,1.36,-0.0339,0.000103,35.9,23.765137,86.411054
2026-07-14 17:00:00,N10,-0.1367,0.006732,3.34,-0.0337,0.000119,34.1,23.765137,86.411054
2026-07-14 18:00:00,N10,,,,,,,23.765137,86.411054
2026-07-14 19:00:00,N10,,,,,,,23.765137,86.411054
2026-07-14 20:00:00,N10,,,,,,,23.765137,86.411054
2026-07-14 21:00:00,N10,0.1729,0.005008,3.36,-0.0337,0.000127,26.9,23.765137,86.411054
2026-07-14 22:00:00,N10,-0.1254,0.006293,8.45,-0.0336,0.000129,25.7,23.765137,86.411054
2026-07-14 23:00:00,N10,,,,,,,23.765137,86.411054
2026-07-15 00:00:00,N10,,,,,,,23.765137,86.411054
2026-07-15 01:00:00,N10,,,,,,,23.765137,86.411054
2026-07-15 02:00:00,N10,-0.0118,0.005882,3.44,-0.0354,8e-05,24.6,23.765137,86.411054
2026-07-15 03:00:00,N10,0.1764,0.00617,3.94,-0.0348,0.00024,25.8,23.765137,86.411054
2026-07-15 04:00:00,N10,,,,,,,23.765137,86.411054
2026-07-15 05:00:00,N10,,,,,,,23.765137,86.411054
2026-07-15 06:00:00,N10,,,,,,,23.765137,86.411054
2026-07-15 07:00:00,N10,,,,,,,23.765137,86.411054
2026-07-15 08:00:00,N10,,,,,,,23.765137,86.411054
2026-07-15 09:00:00,N10,,,,,,,23.765137,86.411054
2026-07-15 10:00:00,N10,-0.0012,0.889237,38.18,-0.0225,0.006045,37.6,23.765137,86.411054
2026-07-15 11:00:00,N10,-0.1009,0.005565,9.82,-0.0345,0.005807,38.3,23.765137,86.411054
2026-07-15 12:00:00,N10,0.1224,0.006369,6.67,-0.0341,8.9e-05,38.6,23.765137,86.411054
2026-07-15 13:00:00,N10,0.139,0.005358,1.35,-0.0344,0.007842,38.3,23.765137,86.411054
2026-07-15 14:00:00,N10,0.0273,0.585958,23.52,-0.0498,4.6e-05,37.6,23.765137,86.411054
2026-07-15 15:00:00,N10,-0.1391,0.006985,5.89,-0.0345,0.007615,36.4,23.765137,86.411054
2026-07-15 16:00:00,N10,0.1454,0.005867,3.58,-0.0346,0.000134,34.8,23.765137,86.411054
2026-07-15 17:00:00,N10,-0.1058,0.005032,7.05,-0.0347,0.000489,33.0,23.765137,86.411054
2026-07-15 18:00:00,N10,-0.1058,0.006268,3.65,-0.0336,0.000481,31.1,23.765137,86.411054
2026-07-15 19:00:00,N10,-0.0143,0.005404,5.85,-0.0338,0.000139,29.1,23.765137,86.411054
2026-07-15 20:00:00,N10,0.0897,0.007525,8.19,-0.0333,0.000193,27.3,23.765137,86.411054
2026-07-15 21:00:00,N10,0.0722,0.009072,9.66,-0.0342,0.000651,25.8,23.765137,86.411054
2026-07-15 22:00:00,N10,0.1729,0.006946,4.73,-0.0346,0.00048,24.6,23.765137,86.411054
2026-07-15 23:00:00,N10,-0.209,0.005957,3.61,-0.0351,0.000606,23.8,23.765137,86.411054
2026-07-16 00:00:00,N10,-0.1001,0.00909,9.74,-0.0358,0.000521,24.2,23.765137,86.411054
2026-07-16 01:00:00,N10,0.1084,0.00564,5.75,-0.0362,8.4e-05,24.5,23.765137,86.411054
2026-07-16 02:00:00,N10,0.1721,0.008204,3.91,-0.036,0.000307,25.2,23.765137,86.411054
2026-07-16 03:00:00,N10,0.0077,0.007216,9.19,-0.0368,3e-06,26.4,23.765137,86.411054
2026-07-16 04:00:00,N10,0.0914,0.009569,7.12,-0.036,0.000275,28.0,23.765137,86.411054
2026-07-16 05:00:00,N10,0.0941,0.00609,3.46,-0.0362,0.000255,29.8,23.765137,86.411054
2026-07-16 06:00:00,N10,0.0731,0.009984,7.41,-0.0365,0.000391,31.7,23.765137,86.411054
2026-07-16 07:00:00,N10,-0.0723,0.005145,7.2,-0.037,0.000156,33.7,23.765137,86.411054
2026-07-16 08:00:00,N10,-0.1677,0.006333,3.08,-0.0368,6.9e-05,35.5,23.765137,86.411054
2026-07-16 09:00:00,N10,-0.1996,0.006636,8.45,-0.0369,0.000135,37.0,23.765137,86.411054
2026-07-16 10:00:00,N10,-0.2402,0.00539,6.49,-0.0366,3e-05,38.2,23.765137,86.411054
2026-07-16 11:00:00,N10,-0.1037,0.008428,2.21,-0.0368,0.000409,39.0,23.765137,86.411054
2026-07-16 12:00:00,N10,0.1972,0.005226,9.62,-0.0374,0.000236,39.2,23.765137,86.411054
2026-07-16 13:00:00,N10,0.0515,0.006512,3.56,-0.0373,0.007071,39.0,23.765137,86.411054
2026-07-16 14:00:00,N10,0.1132,0.678074,37.82,-0.0232,7.4e-05,38.2,23.765137,86.411054
2026-07-16 15:00:00,N10,0.1066,0.005517,8.44,-0.0374,0.007119,37.0,23.765137,86.411054
2026-07-16 16:00:00,N10,-0.0876,0.006341,7.68,-0.0375,0.000159,35.5,23.765137,86.411054
2026-07-16 17:00:00,N10,-0.1189,0.005595,8.66,-0.0371,0.000483,33.7,23.765137,86.411054
2026-07-16 18:00:00,N10,-0.0761,0.00564,5.82,-0.0365,0.000153,31.7,23.765137,86.411054
2026-07-16 19:00:00,N10,0.1477,0.008332,4.83,-0.0368,0.000186,29.8,23.765137,86.411054
2026-07-16 20:00:00,N10,0.1085,0.006671,4.17,-0.0369,7.7e-05,28.0,23.765137,86.411054
2026-07-16 21:00:00,N10,0.0894,0.006953,4.14,-0.0366,0.000104,26.4,23.765137,86.411054
2026-07-16 22:00:00,N10,-0.3295,0.005813,2.59,-0.0367,0.000243,25.2,23.765137,86.411054
2026-07-16 23:00:00,N10,-0.048,0.007716,6.15,-0.0362,0.000154,24.5,23.765137,86.411054
2026-07-17 00:00:00,N10,-0.2912,0.007769,6.32,-0.0364,0.000482,26.9,23.765137,86.411054
2026-07-17 01:00:00,N10,0.1691,0.005295,4.47,-0.0371,0.000393,27.1,23.765137,86.411054
2026-07-17 02:00:00,N10,-0.2863,0.006628,8.67,-0.0371,0.000131,27.9,23.765137,86.411054
2026-07-17 03:00:00,N10,0.0362,0.005481,1.12,-0.0374,9.7e-05,29.1,23.765137,86.411054
2026-07-17 04:00:00,N10,,,,,,,23.765137,86.411054
2026-07-17 05:00:00,N10,0.0417,0.005305,6.69,-0.0385,0.009647,32.4,23.765137,86.411054
2026-07-17 06:00:00,N10,0.1333,0.867916,45.51,-0.0566,0.009284,34.4,23.765137,86.411054
2026-07-17 07:00:00,N10,-0.1885,0.931118,16.22,-0.057,0.006095,36.3,23.765137,86.411054
2026-07-17 08:00:00,N10,0.0189,0.854635,16.59,-0.0444,0.006668,38.1,23.765137,86.411054
2026-07-17 09:00:00,N10,0.0416,0.690837,30.16,-0.0437,0.003365,39.7,23.765137,86.411054
2026-07-17 10:00:00,N10,,,,,,,23.765137,86.411054
2026-07-17 11:00:00,N10,,,,,,,23.765137,86.411054
2026-07-17 12:00:00,N10,,,,,,,23.765137,86.411054
2026-07-17 13:00:00,N10,-0.0859,0.00666,6.91,-0.038,5.1e-05,41.6,23.765137,86.411054
2026-07-17 14:00:00,N10,0.1064,0.007095,4.52,-0.039,0.000179,40.9,23.765137,86.411054
2026-07-17 15:00:00,N10,0.0882,0.006993,8.15,-0.0384,0.009471,39.7,23.765137,86.411054
2026-07-17 16:00:00,N10,0.0885,0.904315,26.13,-0.02,0.00874,38.1,23.765137,86.411054
2026-07-17 17:00:00,N10,-0.0832,0.751258,19.95,-0.0209,0.00914,36.3,23.765137,86.411054
2026-07-17 18:00:00,N10,0.0782,0.00702,8.52,-0.0383,0.008754,34.4,23.765137,86.411054
2026-07-17 19:00:00,N10,0.1397,0.008296,3.73,-0.0384,0.000214,32.4,23.765137,86.411054
2026-07-17 20:00:00,N10,-0.0288,0.005867,6.54,-0.0379,0.00033,30.6,23.765137,86.411054
2026-07-17 21:00:00,N10,0.1776,0.006062,9.6,-0.0377,0.000126,29.1,23.765137,86.411054
2026-07-17 22:00:00,N10,-0.1536,0.005012,8.51,-0.0376,0.000227,27.9,23.765137,86.411054
2026-07-17 23:00:00,N10,0.0694,0.00563,3.24,-0.0373,0.000307,27.1,23.765137,86.411054
2026-07-18 00:00:00,N10,-0.0401,0.005627,8.19,-0.037,0.000111,27.6,23.765137,86.411054
2026-07-18 01:00:00,N10,0.0867,0.006171,8.92,-0.037,0.000299,27.8,23.765137,86.411054
2026-07-18 02:00:00,N10,-0.2049,0.005273,9.22,-0.0376,7.3e-05,28.6,23.765137,86.411054
2026-07-18 03:00:00,N10,0.1663,0.008641,1.27,-0.0372,2.5e-05,29.8,23.765137,86.411054
2026-07-18 04:00:00,N10,-0.0244,0.007531,8.37,-0.0376,2.8e-05,31.3,23.765137,86.411054
2026-07-18 05:00:00,N10,-0.1592,0.006259,9.11,-0.0371,0.000452,33.1,23.765137,86.411054
2026-07-18 06:00:00,N10,-0.1618,0.006947,3.63,-0.0367,0.000246,35.1,23.765137,86.411054
2026-07-18 07:00:00,N10,,,,,,,23.765137,86.411054
2026-07-18 08:00:00,N10,,,,,,,23.765137,86.411054
2026-07-18 09:00:00,N10,0.202,0.855275,27.85,-0.0187,0.008793,40.4,23.765137,86.411054
2026-07-18 10:00:00,N10,-0.2093,0.761844,24.65,-0.0195,0.00927,41.6,23.765137,86.411054
2026-07-18 11:00:00,N10,0.1501,0.006454,4.4,-0.0372,0.008522,42.3,23.765137,86.411054
2026-07-18 12:00:00,N10,-0.1505,0.007713,5.37,-0.0365,0.000553,42.6,23.765137,86.411054
2026-07-18 13:00:00,N10,0.0579,0.005253,9.8,-0.0361,0.000449,42.3,23.765137,86.411054
2026-07-18 14:00:00,N10,0.1444,0.007975,2.53,-0.0356,0.000358,41.6,23.765137,86.411054
2026-07-18 15:00:00,N10,0.0325,0.006617,5.66,-0.0354,0.000238,40.4,23.765137,86.411054
2026-07-18 16:00:00,N10,0.1981,0.006289,9.2,-0.0351,0.000466,38.8,23.765137,86.411054
2026-07-18 17:00:00,N10,-0.0749,0.005174,7.23,-0.0345,2.8e-05,37.0,23.765137,86.411054
2026-07-18 18:00:00,N10,0.0002,0.005047,1.47,-0.0352,0.000231,35.1,23.765137,86.411054
2026-07-18 19:00:00,N10,0.1682,0.006111,6.85,-0.0349,4.3e-05,33.1,23.765137,86.411054
2026-07-18 20:00:00,N10,0.1685,0.005501,4.84,-0.0351,0.000208,31.3,23.765137,86.411054
2026-07-18 21:00:00,N10,-0.2948,0.005615,5.64,-0.0354,2e-06,29.8,23.765137,86.411054
2026-07-18 22:00:00,N10,0.0769,0.006409,7.08,-0.0351,1e-05,28.6,23.765137,86.411054
2026-07-18 23:00:00,N10,,,,,,,23.765137,86.411054
2026-07-19 00:00:00,N10,,,,,,,23.765137,86.411054
2026-07-19 01:00:00,N10,,,,,,,23.765137,86.411054
2026-07-19 02:00:00,N10,,,,,,,23.765137,86.411054
2026-07-19 03:00:00,N10,,,,,,,23.765137,86.411054
2026-07-19 04:00:00,N10,-0.1371,0.005403,4.84,-0.0366,0.000263,27.4,23.765137,86.411054
2026-07-19 05:00:00,N10,-0.1388,0.005885,9.74,-0.0368,0.00016,29.2,23.765137,86.411054
2026-07-19 06:00:00,N10,-0.1877,0.005781,5.19,-0.0363,0.000145,31.1,23.765137,86.411054
2026-07-19 07:00:00,N10,0.1507,0.006964,6.48,-0.0371,0.000505,33.1,23.765137,86.411054
2026-07-19 08:00:00,N10,-0.0549,0.00521,7.12,-0.0373,0.000134,34.9,23.765137,86.411054
2026-07-19 09:00:00,N10,-0.0398,0.005925,5.63,-0.0373,0.004786,36.4,23.765137,86.411054
2026-07-19 10:00:00,N10,0.283,0.602888,44.74,-0.0278,0.002127,37.6,23.765137,86.411054
2026-07-19 11:00:00,N10,0.1062,0.006824,9.33,-0.0416,0.008651,38.4,23.765137,86.411054
2026-07-19 12:00:00,N10,-0.0218,0.006106,9.8,-0.0451,0.003654,38.6,23.765137,86.411054
2026-07-19 13:00:00,N10,-0.149,0.007449,4.15,-0.0489,0.003396,38.4,23.765137,86.411054
2026-07-19 14:00:00,N10,-0.0373,0.005083,2.15,-0.0519,0.002806,37.6,23.765137,86.411054
2026-07-19 15:00:00,N10,-0.1913,0.007652,3.13,-0.0545,0.002792,36.4,23.765137,86.411054
2026-07-19 16:00:00,N10,,,,,,,23.765137,86.411054
2026-07-19 17:00:00,N10,,,,,,,23.765137,86.411054
2026-07-19 18:00:00,N10,-0.1115,0.006793,4.84,-0.0619,0.002089,31.1,23.765137,86.411054
2026-07-19 19:00:00,N10,0.1949,0.007055,1.28,-0.0636,0.001887,29.2,23.765137,86.411054
2026-07-19 20:00:00,N10,-0.1307,0.007729,8.37,-0.0657,0.001846,27.4,23.765137,86.411054
2026-07-19 21:00:00,N10,-0.064,0.006869,5.16,-0.0673,0.000902,25.8,23.765137,86.411054
2026-07-19 22:00:00,N10,,,,,,,23.765137,86.411054
2026-07-19 23:00:00,N10,,,,,,,23.765137,86.411054
2026-07-20 00:00:00,N10,,,,,,,23.765137,86.411054
2026-07-20 01:00:00,N10,,,,,,,23.765137,86.411054
2026-07-20 02:00:00,N10,,,,,,,23.765137,86.411054
2026-07-20 03:00:00,N10,-0.2788,0.007587,9.87,-0.065,3.4e-05,24.5,23.765137,86.411054
2026-07-20 04:00:00,N10,-0.2544,0.006102,9.89,-0.065,0.000118,26.1,23.765137,86.411054
2026-07-20 05:00:00,N10,0.1524,0.006701,7.19,-0.0647,0.003297,27.9,23.765137,86.411054
2026-07-20 06:00:00,N10,0.1985,0.781334,21.72,-0.0716,0.003145,29.8,23.765137,86.411054
2026-07-20 07:00:00,N10,-0.1234,0.543684,22.73,-0.071,0.003387,31.8,23.765137,86.411054
2026-07-20 08:00:00,N10,0.0322,0.00575,1.01,-0.0648,0.003869,33.6,23.765137,86.411054
2026-07-20 09:00:00,N10,-0.1617,0.71286,16.16,-0.0788,1.1e-05,35.1,23.765137,86.411054
2026-07-20 10:00:00,N10,-0.0868,0.008479,8.8,-0.0648,0.00712,36.3,23.765137,86.411054
2026-07-20 11:00:00,N10,0.0425,0.006245,9.79,-0.0645,0.000545,37.1,23.765137,86.411054
2026-07-20 12:00:00,N10,-0.0505,0.006513,5.77,-0.0637,0.000329,37.3,23.765137,86.411054
2026-07-20 13:00:00,N10,0.2689,0.007065,5.07,-0.0639,0.00016,37.1,23.765137,86.411054
2026-07-20 14:00:00,N10,-0.1873,0.006512,1.92,-0.064,0.000219,36.3,23.765137,86.411054
2026-07-20 15:00:00,N10,-0.1081,0.006602,3.39,-0.0634,0.000268,35.1,23.765137,86.411054
2026-07-20 16:00:00,N10,-0.0321,0.005374,2.85,-0.0634,0.000126,33.6,23.765137,86.411054
2026-07-20 17:00:00,N10,-0.0123,0.00655,3.7,-0.0632,0.000568,31.8,23.765137,86.411054
2026-07-20 18:00:00,N10,-0.2432,0.005061,8.11,-0.0623,0.000495,29.8,23.765137,86.411054
2026-07-20 19:00:00,N10,0.0033,0.005158,6.56,-0.0622,5.3e-05,27.9,23.765137,86.411054
2026-07-20 20:00:00,N10,-0.002,0.005213,4.7,-0.0622,9.9e-05,26.1,23.765137,86.411054
2026-07-20 21:00:00,N10,-0.2077,0.006088,7.59,-0.062,0.000289,24.5,23.765137,86.411054
2026-07-20 22:00:00,N10,-0.334,0.007631,5.8,-0.0616,0.000369,23.3,23.765137,86.411054
2026-07-20 23:00:00,N10,0.0155,0.008498,3.26,-0.0613,0.000336,22.6,23.765137,86.411054
2026-07-21 00:00:00,N10,-0.0759,0.009074,2.99,-0.061,0.000276,24.3,23.765137,86.411054
2026-07-21 01:00:00,N10,-0.2129,0.008124,9.66,-0.0607,0.000257,24.5,23.765137,86.411054
2026-07-21 02:00:00,N10,,,,,,,23.765137,86.411054
2026-07-21 03:00:00,N10,-0.1522,0.005607,4.63,-0.06,8e-05,26.5,23.765137,86.411054
2026-07-21 04:00:00,N10,-0.1173,0.005088,6.62,-0.0603,0.000529,28.0,23.765137,86.411054
2026-07-21 05:00:00,N10,-0.1049,0.006468,6.91,-0.0611,5.9e-05,29.8,23.765137,86.411054
2026-07-21 06:00:00,N10,0.0195,0.007276,8.84,-0.0604,0.00683,31.8,23.765137,86.411054
2026-07-21 07:00:00,N10,0.1538,0.56298,27.4,-0.0748,0.000378,33.7,23.765137,86.411054
2026-07-21 08:00:00,N10,-0.1467,0.005219,4.9,-0.0596,0.007421,35.5,23.765137,86.411054
2026-07-21 09:00:00,N10,-0.3427,0.00528,1.5,-0.0599,0.000459,37.1,23.765137,86.411054
2026-07-21 10:00:00,N10,0.0286,0.006455,2.68,-0.0606,0.00039,38.3,23.765137,86.411054
2026-07-21 11:00:00,N10,-0.2432,0.006185,1.25,-0.0607,0.009132,39.0,23.765137,86.411054
2026-07-21 12:00:00,N10,-0.2576,0.547971,41.41,-0.0788,0.008868,39.3,23.765137,86.411054
2026-07-21 13:00:00,N10,-0.0189,0.806469,15.95,-0.0784,0.000295,39.0,23.765137,86.411054
2026-07-21 14:00:00,N10,-0.0418,0.606983,39.68,-0.0794,0.00925,38.3,23.765137,86.411054
2026-07-21 15:00:00,N10,0.1468,0.00579,4.69,-0.0599,0.009557,37.1,23.765137,86.411054
2026-07-21 16:00:00,N10,-0.274,0.005339,8.99,-0.0603,0.000582,35.5,23.765137,86.411054
2026-07-21 17:00:00,N10,0.1213,0.006916,7.48,-0.0611,0.000131,33.7,23.765137,86.411054
2026-07-21 18:00:00,N10,0.079,0.006403,8.47,-0.06,0.000627,31.8,23.765137,86.411054
2026-07-21 19:00:00,N10,-0.1465,0.00762,9.37,-0.0598,0.000211,29.8,23.765137,86.411054
2026-07-21 20:00:00,N10,-0.0676,0.006969,3.39,-0.0596,1.2e-05,28.0,23.765137,86.411054
2026-07-21 21:00:00,N10,-0.0902,0.007474,9.68,-0.0598,6.3e-05,26.5,23.765137,86.411054
2026-07-21 22:00:00,N10,-0.0511,0.007445,6.01,-0.0595,0.00042,25.3,23.765137,86.411054
2026-07-21 23:00:00,N10,,,,,,,23.765137,86.411054
2026-07-22 00:00:00,N10,-0.1232,0.005133,9.91,-0.0589,0.00025,28.6,23.765137,86.411054
2026-07-22 01:00:00,N10,0.0213,0.006746,1.35,-0.0585,0.000602,28.8,23.765137,86.411054
2026-07-22 02:00:00,N10,-0.4219,0.006125,8.68,-0.0577,0.000722,29.6,23.765137,86.411054
2026-07-22 03:00:00,N10,0.0633,0.005388,6.42,-0.057,0.000744,30.8,23.765137,86.411054
2026-07-22 04:00:00,N10,-0.063,0.005209,5.86,-0.0562,0.00014,32.3,23.765137,86.411054
2026-07-22 05:00:00,N10,0.1826,0.005754,2.91,-0.0573,0.003753,34.1,23.765137,86.411054
2026-07-22 06:00:00,N10,-0.044,0.644168,40.1,-0.0637,5e-06,36.1,23.765137,86.411054
2026-07-22 07:00:00,N10,0.0634,0.005731,7.8,-0.0573,0.00305,38.0,23.765137,86.411054
2026-07-22 08:00:00,N10,-0.3002,0.006463,5.07,-0.0576,0.00033,39.8,23.765137,86.411054
2026-07-22 09:00:00,N10,-0.2087,0.007315,6.77,-0.058,0.000186,41.4,23.765137,86.411054
2026-07-22 10:00:00,N10,-0.1899,0.005935,3.84,-0.058,5.9e-05,42.6,23.765137,86.411054
2026-07-22 11:00:00,N10,-0.1804,0.00741,1.06,-0.0581,7.6e-05,43.3,23.765137,86.411054
2026-07-22 12:00:00,N10,0.1655,0.005991,9.2,-0.0578,0.004798,43.6,23.765137,86.411054
2026-07-22 13:00:00,N10,0.0345,0.990933,36.75,-0.0677,0.000132,43.3,23.765137,86.411054
2026-07-22 14:00:00,N10,0.0505,0.007639,4.66,-0.0575,0.005467,42.6,23.765137,86.411054
2026-07-22 15:00:00,N10,-0.0488,0.007603,2.75,-0.0568,0.000492,41.4,23.765137,86.411054
2026-07-22 16:00:00,N10,-0.2389,0.005489,5.44,-0.0566,0.000381,39.8,23.765137,86.411054
2026-07-22 17:00:00,N10,0.0989,0.006957,3.47,-0.056,0.000113,38.0,23.765137,86.411054
2026-07-22 18:00:00,N10,0.1539,0.007941,4.79,-0.0568,0.000551,36.1,23.765137,86.411054
2026-07-22 19:00:00,N10,-0.2429,0.005818,5.16,-0.0571,0.000453,34.1,23.765137,86.411054
2026-07-22 20:00:00,N10,0.1202,0.00557,2.84,-0.0577,6.2e-05,32.3,23.765137,86.411054
2026-07-22 21:00:00,N10,0.024,0.005115,2.73,-0.0572,0.000102,30.8,23.765137,86.411054
2026-07-22 22:00:00,N10,-0.0227,0.009553,3.53,-0.0575,2.4e-05,29.6,23.765137,86.411054
2026-07-22 23:00:00,N10,-0.0199,0.008324,6.88,-0.0572,0.000139,28.8,23.765137,86.411054
2026-07-23 00:00:00,N10,0.1858,0.006806,2.75,-0.0572,1.8e-05,22.0,23.765137,86.411054
2026-07-23 01:00:00,N10,-0.1414,0.006427,8.61,-0.0571,0.000447,22.2,23.765137,86.411054
2026-07-23 02:00:00,N10,-0.0413,0.007013,3.88,-0.0563,0.000282,23.0,23.765137,86.411054
2026-07-23 03:00:00,N10,0.0306,0.005745,8.19,-0.0566,0.000676,24.2,23.765137,86.411054
2026-07-23 04:00:00,N10,-0.2612,0.005362,9.69,-0.0577,0.000606,25.7,23.765137,86.411054
2026-07-23 05:00:00,N10,-0.0264,0.005537,9.01,-0.0578,0.000131,27.5,23.765137,86.411054
2026-07-23 06:00:00,N10,0.0864,0.005834,9.74,-0.0574,0.000357,29.5,23.765137,86.411054
2026-07-23 07:00:00,N10,,,,,,,23.765137,86.411054
2026-07-23 08:00:00,N10,,,,,,,23.765137,86.411054
2026-07-23 09:00:00,N10,,,,,,,23.765137,86.411054
2026-07-23 10:00:00,N10,,,,,,,23.765137,86.411054
2026-07-23 11:00:00,N10,0.1466,0.006475,9.77,-0.0571,0.000189,36.7,23.765137,86.411054
2026-07-23 12:00:00,N10,-0.2173,0.00677,7.0,-0.057,0.000287,37.0,23.765137,86.411054
2026-07-23 13:00:00,N10,-0.2114,0.005356,7.82,-0.0566,0.000133,36.7,23.765137,86.411054
2026-07-23 14:00:00,N10,-0.0548,0.006932,7.53,-0.0567,0.00021,36.0,23.765137,86.411054
2026-07-23 15:00:00,N10,-0.0503,0.005501,8.97,-0.0561,0.000479,34.8,23.765137,86.411054
2026-07-23 16:00:00,N10,-0.0988,0.009402,2.71,-0.0558,0.007016,33.2,23.765137,86.411054
2026-07-23 17:00:00,N10,-0.0293,0.568403,26.41,-0.0702,0.000441,31.4,23.765137,86.411054
2026-07-23 18:00:00,N10,0.0037,0.00829,6.78,-0.0549,0.007647,29.5,23.765137,86.411054
2026-07-23 19:00:00,N10,-0.2042,0.006776,4.66,-0.0549,0.00019,27.5,23.765137,86.411054
2026-07-23 20:00:00,N10,0.1337,0.00747,5.99,-0.0553,0.000169,25.7,23.765137,86.411054
2026-07-23 21:00:00,N10,0.0576,0.005483,2.14,-0.0552,0.000289,24.2,23.765137,86.411054
2026-07-23 22:00:00,N10,-0.1892,0.005312,5.7,-0.0547,8.5e-05,23.0,23.765137,86.411054
2026-07-23 23:00:00,N10,-0.1225,0.005277,3.79,-0.055,8.5e-05,22.2,23.765137,86.411054
2026-07-24 00:00:00,N10,-0.045,0.006995,2.12,-0.0548,0.000172,25.6,23.765137,86.411054
2026-07-24 01:00:00,N10,0.0573,0.007444,8.99,-0.0547,5.4e-05,25.8,23.765137,86.411054
2026-07-24 02:00:00,N10,0.1247,0.00634,3.5,-0.0547,0.000425,26.6,23.765137,86.411054
2026-07-24 03:00:00,N10,-0.0863,0.005607,1.86,-0.0555,0.000501,27.8,23.765137,86.411054
2026-07-24 04:00:00,N10,0.0768,0.009081,5.07,-0.0557,0.000282,29.3,23.765137,86.411054
2026-07-24 05:00:00,N10,0.1703,0.005124,3.74,-0.0561,0.000388,31.1,23.765137,86.411054
2026-07-24 06:00:00,N10,0.035,0.007294,5.12,-0.0565,0.000115,33.1,23.765137,86.411054
2026-07-24 07:00:00,N10,0.0355,0.005386,7.85,-0.0563,8.9e-05,35.0,23.765137,86.411054
2026-07-24 08:00:00,N10,-0.0391,0.006373,4.99,-0.0567,0.000257,36.8,23.765137,86.411054
2026-07-24 09:00:00,N10,0.0226,0.006862,2.26,-0.0558,0.000377,38.4,23.765137,86.411054
2026-07-24 10:00:00,N10,0.0091,0.009744,9.89,-0.0559,0.000245,39.6,23.765137,86.411054
2026-07-24 11:00:00,N10,-0.1689,0.006541,4.74,-0.0553,0.000209,40.3,23.765137,86.411054
2026-07-24 12:00:00,N10,0.1852,0.00667,9.7,-0.0555,0.000144,40.6,23.765137,86.411054
2026-07-24 13:00:00,N10,-0.0221,0.006826,8.82,-0.0556,0.000136,40.3,23.765137,86.411054
2026-07-24 14:00:00,N10,,,,,,,23.765137,86.411054
2026-07-24 15:00:00,N10,,,,,,,23.765137,86.411054
2026-07-24 16:00:00,N10,,,,,,,23.765137,86.411054
2026-07-24 17:00:00,N10,0.0584,0.686096,48.88,-0.0618,0.002796,35.0,23.765137,86.411054
2026-07-24 18:00:00,N10,0.0366,0.005308,8.09,-0.0555,0.003393,33.1,23.765137,86.411054
2026-07-24 19:00:00,N10,-0.0308,0.00841,8.26,-0.055,0.000249,31.1,23.765137,86.411054
2026-07-24 20:00:00,N10,,,,,,,23.765137,86.411054
2026-07-24 21:00:00,N10,,,,,,,23.765137,86.411054
2026-07-24 22:00:00,N10,,,,,,,23.765137,86.411054
2026-07-24 23:00:00,N10,,,,,,,23.765137,86.411054
2026-07-25 00:00:00,N10,,,,,,,23.765137,86.411054
2026-07-25 01:00:00,N10,0.1554,0.007326,8.94,-0.0556,0.000504,26.3,23.765137,86.411054
2026-07-25 02:00:00,N10,,,,,,,23.765137,86.411054
2026-07-25 03:00:00,N10,0.1611,0.00857,4.32,-0.0551,7.4e-05,28.2,23.765137,86.411054
2026-07-25 04:00:00,N10,0.079,0.007168,1.3,-0.0553,0.000227,29.8,23.765137,86.411054
2026-07-25 05:00:00,N10,-0.0723,0.005826,2.78,-0.0555,0.000604,31.6,23.765137,86.411054
2026-07-25 06:00:00,N10,0.0613,0.005876,5.93,-0.0565,0.000103,33.5,23.765137,86.411054
2026-07-25 07:00:00,N10,,,,,,,23.765137,86.411054
2026-07-25 08:00:00,N10,,,,,,,23.765137,86.411054
2026-07-25 09:00:00,N10,,,,,,,23.765137,86.411054
2026-07-25 10:00:00,N10,,,,,,,23.765137,86.411054
2026-07-25 11:00:00,N10,,,,,,,23.765137,86.411054
2026-07-25 12:00:00,N10,0.1176,0.969498,25.19,-0.0653,0.004452,41.0,23.765137,86.411054
2026-07-25 13:00:00,N10,0.132,0.006762,1.37,-0.0564,0.004747,40.8,23.765137,86.411054
2026-07-25 14:00:00,N10,-0.0545,0.005373,9.79,-0.0558,0.000358,40.0,23.765137,86.411054
2026-07-25 15:00:00,N10,-0.0742,0.007029,9.78,-0.0557,0.000183,38.8,23.765137,86.411054
2026-07-25 16:00:00,N10,-0.0289,0.009183,3.1,-0.0562,0.00034,37.3,23.765137,86.411054
2026-07-25 17:00:00,N10,-0.266,0.005515,2.71,-0.0564,0.000178,35.5,23.765137,86.411054
2026-07-25 18:00:00,N10,,,,,,,23.765137,86.411054
2026-07-25 19:00:00,N10,,,,,,,23.765137,86.411054
2026-07-25 20:00:00,N10,,,,,,,23.765137,86.411054
2026-07-25 21:00:00,N10,,,,,,,23.765137,86.411054
2026-07-25 22:00:00,N10,-0.2645,0.007144,3.96,-0.0554,0.000189,27.0,23.765137,86.411054
2026-07-25 23:00:00,N10,-0.0069,0.006575,8.48,-0.056,0.000302,26.3,23.765137,86.411054
2026-07-26 00:00:00,N10,-0.1289,0.00808,4.25,-0.056,0.000137,27.8,23.765137,86.411054
2026-07-26 01:00:00,N10,0.1609,0.008298,6.9,-0.0562,0.000142,28.1,23.765137,86.411054
2026-07-26 02:00:00,N10,-0.0011,0.007277,3.9,-0.0563,0.000192,28.8,23.765137,86.411054
2026-07-26 03:00:00,N10,-0.0051,0.009301,7.46,-0.0566,3.8e-05,30.0,23.765137,86.411054
2026-07-26 04:00:00,N10,0.1514,0.005359,5.84,-0.0562,0.00011,31.6,23.765137,86.411054
2026-07-26 05:00:00,N10,0.2083,0.006281,1.19,-0.0564,0.003908,33.4,23.765137,86.411054
2026-07-26 06:00:00,N10,0.2167,0.562214,19.9,-0.0484,0.009881,35.3,23.765137,86.411054
2026-07-26 07:00:00,N10,-0.2014,0.534938,19.79,-0.0366,0.003611,37.3,23.765137,86.411054
2026-07-26 08:00:00,N10,-0.1578,0.00726,5.14,-0.0557,0.015298,39.1,23.765137,86.411054
2026-07-26 09:00:00,N10,0.0364,0.568954,46.48,-0.0672,0.000593,40.6,23.765137,86.411054
2026-07-26 10:00:00,N10,-0.1429,0.006273,3.3,-0.0568,0.005118,41.8,23.765137,86.411054
2026-07-26 11:00:00,N10,-0.0957,0.006056,3.1,-0.057,0.000147,42.6,23.765137,86.411054
2026-07-26 12:00:00,N10,0.1279,0.005856,6.52,-0.0571,9e-06,42.8,23.765137,86.411054
2026-07-26 13:00:00,N10,-0.1206,0.006838,8.71,-0.057,0.000144,42.6,23.765137,86.411054
2026-07-26 14:00:00,N10,0.0247,0.005348,8.39,-0.0574,0.00046,41.8,23.765137,86.411054
2026-07-26 15:00:00,N10,-0.0424,0.005855,3.56,-0.0579,7.1e-05,40.6,23.765137,86.411054
2026-07-26 16:00:00,N10,,,,,,,23.765137,86.411054
2026-07-26 17:00:00,N10,,,,,,,23.765137,86.411054
2026-07-26 18:00:00,N10,,,,,,,23.765137,86.411054
2026-07-26 19:00:00,N10,,,,,,,23.765137,86.411054
2026-07-26 20:00:00,N10,,,,,,,23.765137,86.411054
2026-07-26 21:00:00,N10,0.0489,0.006617,9.13,-0.0473,0.000564,30.0,23.765137,86.411054
2026-07-26 22:00:00,N10,-0.0323,0.0074,8.08,-0.0469,0.000184,28.8,23.765137,86.411054
2026-07-26 23:00:00,N10,-0.0642,0.00644,6.8,-0.0469,0.0001,28.1,23.765137,86.411054
2026-07-27 00:00:00,N10,,,,,,,23.765137,86.411054
2026-07-27 01:00:00,N10,,,,,,,23.765137,86.411054
2026-07-27 02:00:00,N10,,,,,,,23.765137,86.411054
2026-07-27 03:00:00,N10,-0.0542,0.007547,4.65,-0.0482,0.000354,28.9,23.765137,86.411054
2026-07-27 04:00:00,N10,,,,,,,23.765137,86.411054
2026-07-27 05:00:00,N10,,,,,,,23.765137,86.411054
2026-07-27 06:00:00,N10,0.1176,0.009713,1.53,-0.0465,0.000542,34.2,23.765137,86.411054
2026-07-27 07:00:00,N10,0.0108,0.0053,1.16,-0.0466,0.000255,36.1,23.765137,86.411054
2026-07-27 08:00:00,N10,0.2181,0.007203,6.24,-0.047,0.000145,37.9,23.765137,86.411054
2026-07-27 09:00:00,N10,0.2026,0.006683,1.48,-0.0469,0.000218,39.5,23.765137,86.411054
2026-07-27 10:00:00,N10,,,,,,,23.765137,86.411054
2026-07-27 11:00:00,N10,,,,,,,23.765137,86.411054
2026-07-27 12:00:00,N10,,,,,,,23.765137,86.411054
2026-07-27 13:00:00,N10,,,,,,,23.765137,86.411054
2026-07-27 14:00:00,N10,-0.0842,0.005782,7.02,-0.0478,0.006406,40.7,23.765137,86.411054
2026-07-27 15:00:00,N10,-0.0111,0.577573,49.92,-0.0348,0.000248,39.5,23.765137,86.411054
2026-07-27 16:00:00,N10,-0.0486,0.005235,3.31,-0.0483,0.006337,37.9,23.765137,86.411054
2026-07-27 17:00:00,N10,-0.0536,0.005106,4.11,-0.0475,0.00036,36.1,23.765137,86.411054
2026-07-27 18:00:00,N10,0.1022,0.007548,6.86,-0.0475,0.000229,34.2,23.765137,86.411054
2026-07-27 19:00:00,N10,0.041,0.005507,7.69,-0.048,0.000169,32.2,23.765137,86.411054
2026-07-27 20:00:00,N10,0.1224,0.006468,5.65,-0.0479,4.4e-05,30.4,23.765137,86.411054
2026-07-27 21:00:00,N10,-0.2195,0.006393,4.04,-0.0479,0.000518,28.9,23.765137,86.411054
2026-07-27 22:00:00,N10,-0.1032,0.007102,6.97,-0.0489,0.000548,27.7,23.765137,86.411054
2026-07-27 23:00:00,N10,0.0577,0.006026,3.22,-0.049,0.000154,26.9,23.765137,86.411054
2026-07-28 00:00:00,N10,-0.0957,0.005861,4.76,-0.0486,0.000209,25.2,23.765137,86.411054
2026-07-28 01:00:00,N10,0.0745,0.007504,6.67,-0.0485,0.000212,25.4,23.765137,86.411054
2026-07-28 02:00:00,N10,0.1792,0.005455,5.19,-0.0482,0.000464,26.2,23.765137,86.411054
2026-07-28 03:00:00,N10,0.1923,0.006438,7.51,-0.0476,0.000408,27.3,23.765137,86.411054
2026-07-28 04:00:00,N10,-0.0602,0.005458,9.98,-0.049,0.000924,28.9,23.765137,86.411054
2026-07-28 05:00:00,N10,-0.0573,0.007897,8.35,-0.0495,0.005365,30.7,23.765137,86.411054
2026-07-28 06:00:00,N10,-0.0317,0.546094,41.98,-0.0597,0.005215,32.7,23.765137,86.411054
2026-07-28 07:00:00,N10,0.0285,0.749003,30.33,-0.0599,0.005184,34.6,23.765137,86.411054
2026-07-28 08:00:00,N10,-0.0483,0.009065,6.31,-0.0494,0.005677,36.4,23.765137,86.411054
2026-07-28 09:00:00,N10,,,,,,,23.765137,86.411054
2026-07-28 10:00:00,N10,,,,,,,23.765137,86.411054
2026-07-28 11:00:00,N10,,,,,,,23.765137,86.411054
2026-07-28 12:00:00,N10,0.042,0.005712,7.56,-0.049,0.000289,40.2,23.765137,86.411054
2026-07-28 13:00:00,N10,-0.3229,0.005303,7.16,-0.0492,4.5e-05,39.9,23.765137,86.411054
2026-07-28 14:00:00,N10,-0.053,0.005141,9.73,-0.0489,0.000209,39.1,23.765137,86.411054
2026-07-28 15:00:00,N10,0.0789,0.005153,2.48,-0.0488,0.000214,38.0,23.765137,86.411054
2026-07-28 16:00:00,N10,-0.1878,0.007015,8.51,-0.0485,3.6e-05,36.4,23.765137,86.411054
2026-07-28 17:00:00,N10,-0.1791,0.006403,9.23,-0.0488,6.8e-05,34.6,23.765137,86.411054
2026-07-28 18:00:00,N10,,,,,,,23.765137,86.411054
2026-07-28 19:00:00,N10,0.2475,0.005313,4.3,-0.0485,0.00014,30.7,23.765137,86.411054
2026-07-28 20:00:00,N10,-0.1303,0.006578,9.26,-0.0483,0.000207,28.9,23.765137,86.411054
2026-07-28 21:00:00,N10,-0.1623,0.006211,7.26,-0.0481,8.1e-05,27.3,23.765137,86.411054
2026-07-28 22:00:00,N10,-0.1998,0.006284,2.88,-0.0482,0.000331,26.2,23.765137,86.411054
2026-07-28 23:00:00,N10,-0.1296,0.008969,8.1,-0.0488,0.000261,25.4,23.765137,86.411054
2026-07-29 00:00:00,N10,-0.0604,0.005226,7.11,-0.0487,9e-06,27.9,23.765137,86.411054
2026-07-29 01:00:00,N10,-0.0924,0.005341,1.38,-0.0488,0.000169,28.2,23.765137,86.411054
2026-07-29 02:00:00,N10,0.0514,0.006527,2.07,-0.049,0.00052,29.0,23.765137,86.411054
2026-07-29 03:00:00,N10,-0.0713,0.007368,7.44,-0.0498,0.000538,30.1,23.765137,86.411054
2026-07-29 04:00:00,N10,-0.2954,0.006652,1.46,-0.0501,0.0006,31.7,23.765137,86.411054
2026-07-29 05:00:00,N10,0.2016,0.00546,9.53,-0.051,0.000794,33.5,23.765137,86.411054
2026-07-29 06:00:00,N10,0.0587,0.007931,5.68,-0.0517,0.000716,35.4,23.765137,86.411054
2026-07-29 07:00:00,N10,0.2393,0.005168,7.05,-0.0524,3.2e-05,37.4,23.765137,86.411054
2026-07-29 08:00:00,N10,-0.168,0.006119,1.45,-0.0517,2.6e-05,39.2,23.765137,86.411054
2026-07-29 09:00:00,N10,0.1153,0.006429,9.86,-0.0524,0.000496,40.7,23.765137,86.411054
2026-07-29 10:00:00,N10,-0.1435,0.007003,1.4,-0.0527,0.000314,41.9,23.765137,86.411054
2026-07-29 11:00:00,N10,0.0158,0.005807,2.89,-0.053,0.00012,42.7,23.765137,86.411054
2026-07-29 12:00:00,N10,-0.0369,0.005213,7.32,-0.053,0.000509,42.9,23.765137,86.411054
2026-07-29 13:00:00,N10,-0.0442,0.005726,3.28,-0.054,0.012235,42.7,23.765137,86.411054
2026-07-29 14:00:00,N10,0.2055,0.698091,42.29,-0.0774,0.004963,41.9,23.765137,86.411054
2026-07-29 15:00:00,N10,-0.0488,0.899728,19.88,-0.0639,0.012351,40.7,23.765137,86.411054
2026-07-29 16:00:00,N10,0.2216,0.005616,9.49,-0.0527,0.00886,39.2,23.765137,86.411054
2026-07-29 17:00:00,N10,-0.0865,0.62831,44.64,-0.0462,0.000375,37.4,23.765137,86.411054
2026-07-29 18:00:00,N10,-0.0267,0.007136,3.92,-0.052,0.002849,35.4,23.765137,86.411054
2026-07-29 19:00:00,N10,0.0085,0.009531,9.95,-0.0519,0.00027,33.5,23.765137,86.411054
2026-07-29 20:00:00,N10,,,,,,,23.765137,86.411054
2026-07-29 21:00:00,N10,,,,,,,23.765137,86.411054
2026-07-29 22:00:00,N10,,,,,,,23.765137,86.411054
2026-07-29 23:00:00,N10,0.0519,0.00758,9.73,-0.0505,0.000472,28.2,23.765137,86.411054
2026-07-30 00:00:00,N10,,,,,,,23.765137,86.411054
2026-07-30 01:00:00,N10,,,,,,,23.765137,86.411054
2026-07-30 02:00:00,N10,,,,,,,23.765137,86.411054
2026-07-30 03:00:00,N10,-0.021,0.005327,2.47,-0.05,0.00013,26.3,23.765137,86.411054
2026-07-30 04:00:00,N10,-0.0574,0.005611,9.1,-0.0497,2.9e-05,27.8,23.765137,86.411054
2026-07-30 05:00:00,N10,-0.0778,0.006536,9.07,-0.0501,0.000142,29.6,23.765137,86.411054
2026-07-30 06:00:00,N10,-0.1027,0.005333,1.58,-0.0494,0.003224,31.6,23.765137,86.411054
2026-07-30 07:00:00,N10,-0.1034,0.679901,43.08,-0.0436,0.002899,33.5,23.765137,86.411054
2026-07-30 08:00:00,N10,0.6057,0.95548,25.54,-0.0436,0.002952,35.3,23.765137,86.411054
2026-07-30 09:00:00,N10,-0.1398,0.005224,7.64,-0.0495,0.002828,36.9,23.765137,86.411054
2026-07-30 10:00:00,N10,0.0666,0.00548,8.59,-0.0493,0.000501,38.1,23.765137,86.411054
2026-07-30 11:00:00,N10,-0.002,0.007458,1.51,-0.0485,0.000338,38.8,23.765137,86.411054
2026-07-30 12:00:00,N10,,,,,,,23.765137,86.411054
2026-07-30 13:00:00,N10,,,,,,,23.765137,86.411054
2026-07-30 14:00:00,N10,,,,,,,23.765137,86.411054
2026-07-30 15:00:00,N10,-0.0103,0.005958,1.54,-0.0486,0.000349,36.9,23.765137,86.411054
2026-07-30 16:00:00,N10,-0.0644,0.005372,8.47,-0.0478,0.000631,35.3,23.765137,86.411054
2026-07-30 17:00:00,N10,0.1606,0.005926,6.62,-0.0473,0.000722,33.5,23.765137,86.411054
2026-07-30 18:00:00,N10,0.0494,0.005026,7.83,-0.0464,0.000618,31.6,23.765137,86.411054
2026-07-30 19:00:00,N10,0.2594,0.005275,4.36,-0.0461,5.1e-05,29.6,23.765137,86.411054
2026-07-30 20:00:00,N10,-0.2236,0.005946,3.04,-0.0463,0.000487,27.8,23.765137,86.411054
2026-07-30 21:00:00,N10,-0.0103,0.007098,4.23,-0.0471,0.000316,26.3,23.765137,86.411054
2026-07-30 22:00:00,N10,-0.2167,0.005917,5.91,-0.0469,0.000187,25.1,23.765137,86.411054
2026-07-30 23:00:00,N10,0.3135,0.006787,6.57,-0.0474,0.000466,24.3,23.765137,86.411054
2026-07-31 00:00:00,N10,-0.0731,0.007846,1.46,-0.046,0.00044,22.4,23.765137,86.411054
2026-07-31 01:00:00,N10,-0.1489,0.00701,4.14,-0.0465,0.000179,22.7,23.765137,86.411054
2026-07-31 02:00:00,N10,0.1519,0.005516,9.91,-0.0464,0.000282,23.4,23.765137,86.411054
2026-07-31 03:00:00,N10,-0.1265,0.005238,4.74,-0.046,0.000167,24.6,23.765137,86.411054
2026-07-31 04:00:00,N10,,,,,,,23.765137,86.411054
2026-07-31 05:00:00,N10,0.0193,0.00647,3.71,-0.0463,2e-05,28.0,23.765137,86.411054
2026-07-31 06:00:00,N10,-0.1117,0.006125,8.2,-0.0461,0.000118,29.9,23.765137,86.411054
2026-07-31 07:00:00,N10,0.148,0.007663,6.71,-0.046,0.000144,31.9,23.765137,86.411054
2026-07-31 08:00:00,N10,-0.0897,0.005462,4.1,-0.0458,0.004121,33.7,23.765137,86.411054
2026-07-31 09:00:00,N10,-0.0287,0.660752,35.11,-0.0378,0.000588,35.2,23.765137,86.411054
2026-07-31 10:00:00,N10,-0.2383,0.008057,2.93,-0.0469,0.004578,36.4,23.765137,86.411054
2026-07-31 11:00:00,N10,0.0429,0.006206,8.78,-0.0469,0.007678,37.2,23.765137,86.411054
2026-07-31 12:00:00,N10,-0.0464,0.97231,24.97,-0.0316,0.000324,37.4,23.765137,86.411054
2026-07-31 13:00:00,N10,-0.1006,0.006582,3.43,-0.0476,0.008589,37.2,23.765137,86.411054
2026-07-31 14:00:00,N10,0.0743,0.006593,3.21,-0.0488,0.000888,36.4,23.765137,86.411054
2026-07-31 15:00:00,N10,0.1373,0.006664,1.15,-0.0494,0.00013,35.2,23.765137,86.411054
2026-07-31 16:00:00,N10,0.0136,0.005313,9.71,-0.049,0.002948,33.7,23.765137,86.411054
2026-07-31 17:00:00,N10,-0.1247,0.634618,32.21,-0.0553,0.000648,31.9,23.765137,86.411054
2026-07-31 18:00:00,N10,-0.1049,0.008942,8.42,-0.0503,0.002549,29.9,23.765137,86.411054
2026-07-31 19:00:00,N10,0.1984,0.005126,3.65,-0.0502,0.000331,28.0,23.765137,86.411054
2026-07-31 20:00:00,N10,0.0765,0.005556,7.8,-0.0497,0.000145,26.2,23.765137,86.411054
2026-07-31 21:00:00,N10,0.0986,0.005902,3.85,-0.0499,6.3e-05,24.6,23.765137,86.411054
2026-07-31 22:00:00,N10,-0.0883,0.007535,2.86,-0.0495,0.000327,23.4,23.765137,86.411054
2026-07-31 23:00:00,N10,,,,,,,23.765137,86.411054
2026-08-01 00:00:00,N10,,,,,,,23.765137,86.411054
2026-08-01 01:00:00,N10,,,,,,,23.765137,86.411054
2026-08-01 02:00:00,N10,,,,,,,23.765137,86.411054
2026-08-01 03:00:00,N10,,,,,,,23.765137,86.411054
2026-08-01 04:00:00,N10,-0.1494,0.005416,2.15,-0.0492,5.4e-05,27.4,23.765137,86.411054
2026-08-01 05:00:00,N10,-0.1669,0.005731,8.78,-0.0489,0.006145,29.2,23.765137,86.411054
2026-08-01 06:00:00,N10,-0.0529,0.990426,44.79,-0.0615,0.004683,31.2,23.765137,86.411054
2026-08-01 07:00:00,N10,-0.0337,0.729805,16.43,-0.0395,0.011263,33.1,23.765137,86.411054
2026-08-01 08:00:00,N10,0.0858,0.688531,49.67,-0.039,0.000949,34.9,23.765137,86.411054
2026-08-01 09:00:00,N10,-0.0093,0.726562,40.95,-0.0376,0.001044,36.5,23.765137,86.411054
2026-08-01 10:00:00,N10,-0.0843,0.704898,37.88,-0.0369,0.004968,37.7,23.765137,86.411054
2026-08-01 11:00:00,N10,0.2444,0.010139,9.15,-0.0475,0.005038,38.4,23.765137,86.411054
2026-08-01 12:00:00,N10,0.1433,0.008506,8.79,-0.047,0.000138,38.7,23.765137,86.411054
2026-08-01 13:00:00,N10,0.2602,0.005709,6.99,-0.0473,0.000188,38.4,23.765137,86.411054
2026-08-01 14:00:00,N10,-0.0381,0.00598,8.13,-0.0474,9.6e-05,37.7,23.765137,86.411054
2026-08-01 15:00:00,N10,-0.0872,0.00642,6.43,-0.0475,2.2e-05,36.5,23.765137,86.411054
2026-08-01 16:00:00,N10,0.0566,0.006097,2.44,-0.0473,0.000212,34.9,23.765137,86.411054
2026-08-01 17:00:00,N10,-0.3764,0.005716,5.04,-0.0479,0.000503,33.1,23.765137,86.411054
2026-08-01 18:00:00,N10,0.1085,0.005064,4.86,-0.0483,0.000147,31.2,23.765137,86.411054
2026-08-01 19:00:00,N10,-0.2866,0.005342,7.22,-0.0482,0.000221,29.2,23.765137,86.411054
2026-08-01 20:00:00,N10,-0.0555,0.007417,1.0,-0.0479,0.000281,27.4,23.765137,86.411054
2026-08-01 21:00:00,N10,0.0341,0.007178,6.71,-0.0487,0.000837,25.9,23.765137,86.411054
2026-08-01 22:00:00,N10,-0.106,0.009441,1.52,-0.0496,0.000356,24.7,23.765137,86.411054
2026-08-01 23:00:00,N10,-0.1003,0.007028,7.63,-0.0494,0.000135,23.9,23.765137,86.411054
2026-08-02 00:00:00,N10,-0.0557,0.005576,8.5,-0.0498,0.000239,26.9,23.765137,86.411054
2026-08-02 01:00:00,N10,-0.0983,0.006827,4.6,-0.0499,0.000229,27.2,23.765137,86.411054
2026-08-02 02:00:00,N10,0.173,0.007614,2.45,-0.0494,0.000241,27.9,23.765137,86.411054
2026-08-02 03:00:00,N10,-0.0861,0.00975,9.31,-0.0494,0.000166,29.1,23.765137,86.411054
2026-08-02 04:00:00,N10,-0.2448,0.005206,4.13,-0.0491,0.000202,30.7,23.765137,86.411054
2026-08-02 05:00:00,N10,0.1699,0.006255,3.09,-0.049,0.007782,32.5,23.765137,86.411054
2026-08-02 06:00:00,N10,0.002,0.661951,41.78,-0.0646,0.007637,34.4,23.765137,86.411054
2026-08-02 07:00:00,N10,-0.1378,0.565543,21.48,-0.0643,0.00794,36.4,23.765137,86.411054
2026-08-02 08:00:00,N10,-0.0144,0.006267,2.88,-0.0487,0.007801,38.2,23.765137,86.411054
2026-08-02 09:00:00,N10,0.1312,0.007329,6.73,-0.0487,0.000236,39.7,23.765137,86.411054
2026-08-02 10:00:00,N10,0.0452,0.007145,9.08,-0.0483,0.006558,40.9,23.765137,86.411054
2026-08-02 11:00:00,N10,0.2898,0.974365,15.64,-0.0618,6.9e-05,41.7,23.765137,86.411054
2026-08-02 12:00:00,N10,-0.0049,0.007562,7.83,-0.0481,0.001407,41.9,23.765137,86.411054
2026-08-02 13:00:00,N10,-0.1722,0.60682,44.08,-0.059,0.005319,41.7,23.765137,86.411054
2026-08-02 14:00:00,N10,-0.0645,0.815973,32.21,-0.0588,0.005944,40.9,23.765137,86.411054
2026-08-02 15:00:00,N10,-0.0479,0.005525,1.52,-0.0471,0.006124,39.7,23.765137,86.411054
2026-08-02 16:00:00,N10,0.2187,0.010361,5.56,-0.0465,0.00033,38.2,23.765137,86.411054
2026-08-02 17:00:00,N10,0.1451,0.006655,1.03,-0.0465,1.1e-05,36.4,23.765137,86.411054
2026-08-02 18:00:00,N10,0.0872,0.005372,1.41,-0.0465,0.000517,34.4,23.765137,86.411054
2026-08-02 19:00:00,N10,0.0052,0.008655,8.39,-0.0475,0.000255,32.5,23.765137,86.411054
2026-08-02 20:00:00,N10,0.0789,0.005923,5.7,-0.0471,0.00045,30.7,23.765137,86.411054
2026-08-02 21:00:00,N10,0.1851,0.007736,6.14,-0.0466,0.000231,29.1,23.765137,86.411054
2026-08-02 22:00:00,N10,-0.0993,0.005777,8.9,-0.0466,0.000232,27.9,23.765137,86.411054
2026-08-02 23:00:00,N10,0.1657,0.006473,8.93,-0.0471,0.000628,27.2,23.765137,86.411054
2026-08-03 00:00:00,N10,0.1775,0.007292,5.01,-0.0478,9e-05,27.3,23.765137,86.411054
2026-08-03 01:00:00,N10,-0.0679,0.00507,7.47,-0.0472,0.000678,27.5,23.765137,86.411054
2026-08-03 02:00:00,N10,0.09,0.006952,9.14,-0.0465,0.000333,28.3,23.765137,86.411054
2026-08-03 03:00:00,N10,-0.3547,0.005926,7.02,-0.0466,7.4e-05,29.4,23.765137,86.411054
2026-08-03 04:00:00,N10,0.0972,0.005993,8.23,-0.0463,9.5e-05,31.0,23.765137,86.411054
2026-08-03 05:00:00,N10,-0.2522,0.007031,7.02,-0.0464,6.8e-05,32.8,23.765137,86.411054
2026-08-03 06:00:00,N10,-0.4019,0.006578,9.82,-0.0462,0.000118,34.8,23.765137,86.411054
2026-08-03 07:00:00,N10,0.1932,0.005881,2.1,-0.0461,1.8e-05,36.7,23.765137,86.411054
2026-08-03 08:00:00,N10,-0.1566,0.005569,4.89,-0.0462,0.000106,38.5,23.765137,86.411054
2026-08-03 09:00:00,N10,,,,,,,23.765137,86.411054
2026-08-03 10:00:00,N10,-0.0091,0.005295,7.72,-0.0453,0.000133,41.2,23.765137,86.411054
2026-08-03 11:00:00,N10,-0.111,0.00635,7.07,-0.0457,0.00024,42.0,23.765137,86.411054
2026-08-03 12:00:00,N10,0.1139,0.007452,7.73,-0.0458,0.000227,42.3,23.765137,86.411054
2026-08-03 13:00:00,N10,0.1885,0.006098,6.89,-0.0452,0.000252,42.0,23.765137,86.411054
2026-08-03 14:00:00,N10,0.1397,0.006364,7.28,-0.0453,8.2e-05,41.2,23.765137,86.411054
2026-08-03 15:00:00,N10,0.3081,0.006045,1.08,-0.0454,0.000282,40.1,23.765137,86.411054
2026-08-03 16:00:00,N10,-0.0304,0.006229,1.07,-0.0458,0.007981,38.5,23.765137,86.411054
2026-08-03 17:00:00,N10,0.054,0.768756,43.4,-0.0613,0.008074,36.7,23.765137,86.411054
2026-08-03 18:00:00,N10,0.0231,0.724303,31.65,-0.062,0.007219,34.8,23.765137,86.411054
2026-08-03 19:00:00,N10,-0.1494,0.00575,6.59,-0.0469,0.007496,32.8,23.765137,86.411054
2026-08-03 20:00:00,N10,0.0026,0.006019,1.47,-0.047,0.000168,31.0,23.765137,86.411054
2026-08-03 21:00:00,N10,-0.2179,0.006703,2.72,-0.0472,6.7e-05,29.4,23.765137,86.411054
2026-08-03 22:00:00,N10,0.1025,0.009068,2.22,-0.0471,0.000115,28.3,23.765137,86.411054
2026-08-03 23:00:00,N10,-0.1471,0.006319,2.85,-0.047,0.000623,27.5,23.765137,86.411054
2026-08-04 00:00:00,N10,-0.002,0.009248,4.86,-0.0459,0.000494,22.6,23.765137,86.411054
2026-08-04 01:00:00,N10,0.1174,0.007694,2.15,-0.046,6.1e-05,22.8,23.765137,86.411054
2026-08-04 02:00:00,N10,,,,,,,23.765137,86.411054
2026-08-04 03:00:00,N10,,,,,,,23.765137,86.411054
2026-08-04 04:00:00,N10,0.1855,0.005798,2.24,-0.0452,0.000145,26.3,23.765137,86.411054
2026-08-04 05:00:00,N10,0.0814,0.005214,8.62,-0.0453,0.000572,28.1,23.765137,86.411054
2026-08-04 06:00:00,N10,0.0446,0.006865,9.95,-0.0463,0.003624,30.1,23.765137,86.411054
2026-08-04 07:00:00,N10,-0.1848,0.634607,29.88,-0.0526,0.002975,32.0,23.765137,86.411054
2026-08-04 08:00:00,N10,-0.0481,0.927597,44.98,-0.0523,0.003266,33.8,23.765137,86.411054
2026-08-04 09:00:00,N10,0.0269,0.009317,9.7,-0.046,0.003089,35.4,23.765137,86.411054
2026-08-04 10:00:00,N10,0.3547,0.005431,8.09,-0.0461,0.000242,36.6,23.765137,86.411054
2026-08-04 11:00:00,N10,-0.1239,0.007846,1.21,-0.0465,0.000539,37.3,23.765137,86.411054
2026-08-04 12:00:00,N10,0.0939,0.005454,5.04,-0.0472,0.000263,37.6,23.765137,86.411054
2026-08-04 13:00:00,N10,-0.1787,0.00634,2.81,-0.047,3.8e-05,37.3,23.765137,86.411054
2026-08-04 14:00:00,N10,-0.1586,0.008398,8.65,-0.0472,0.000537,36.6,23.765137,86.411054
2026-08-04 15:00:00,N10,0.1453,0.005751,3.88,-0.0481,0.000643,35.4,23.765137,86.411054
2026-08-04 16:00:00,N10,0.2948,0.005161,5.71,-0.0485,0.000156,33.8,23.765137,86.411054
2026-08-04 17:00:00,N10,0.0584,0.00548,2.36,-0.0484,0.00041,32.0,23.765137,86.411054
2026-08-04 18:00:00,N10,0.0843,0.006336,3.17,-0.0477,0.000117,30.1,23.765137,86.411054
2026-08-04 19:00:00,N10,-0.0713,0.00595,9.38,-0.0486,0.000123,28.1,23.765137,86.411054
2026-08-04 20:00:00,N10,-0.1469,0.005337,3.35,-0.048,7e-05,26.3,23.765137,86.411054
2026-08-04 21:00:00,N10,-0.0162,0.005566,5.85,-0.0485,0.000136,24.8,23.765137,86.411054
2026-08-04 22:00:00,N10,-0.2073,0.005613,2.63,-0.0482,7.1e-05,23.6,23.765137,86.411054
2026-08-04 23:00:00,N10,-0.0979,0.006141,9.17,-0.0484,0.000138,22.8,23.765137,86.411054
2026-08-05 00:00:00,N10,-0.0178,0.007967,3.97,-0.048,0.000434,27.1,23.765137,86.411054
2026-08-05 01:00:00,N10,0.0227,0.007341,7.7,-0.0475,0.000236,27.3,23.765137,86.411054
2026-08-05 02:00:00,N10,-0.0416,0.006052,8.56,-0.0475,0.000257,28.1,23.765137,86.411054
2026-08-05 03:00:00,N10,-0.1885,0.007573,1.0,-0.047,0.000154,29.3,23.765137,86.411054
2026-08-05 04:00:00,N10,0.1453,0.007921,5.32,-0.0472,0.000281,30.8,23.765137,86.411054
2026-08-05 05:00:00,N10,0.1197,0.005533,7.33,-0.0475,0.000111,32.6,23.765137,86.411054
2026-08-05 06:00:00,N10,-0.0827,0.008897,4.65,-0.047,0.000278,34.6,23.765137,86.411054
2026-08-05 07:00:00,N10,-0.0645,0.005779,9.0,-0.047,3.9e-05,36.5,23.765137,86.411054
2026-08-05 08:00:00,N10,-0.0422,0.005153,3.68,-0.047,2e-06,38.3,23.765137,86.411054
2026-08-05 09:00:00,N10,0.01,0.005219,1.55,-0.047,0.000165,39.9,23.765137,86.411054
2026-08-05 10:00:00,N10,0.15,0.006848,7.56,-0.0474,0.000397,41.1,23.765137,86.411054
2026-08-05 11:00:00,N10,0.2858,0.008587,3.72,-0.0478,0.000274,41.8,23.765137,86.411054
2026-08-05 12:00:00,N10,-0.0651,0.007065,8.79,-0.0479,0.00488,42.1,23.765137,86.411054
2026-08-05 13:00:00,N10,-0.0103,0.754172,49.58,-0.038,0.000355,41.8,23.765137,86.411054
2026-08-05 14:00:00,N10,0.1174,0.005147,1.03,-0.0472,0.004721,41.1,23.765137,86.411054
2026-08-05 15:00:00,N10,0.0639,0.006262,3.04,-0.0475,0.000115,39.9,23.765137,86.411054
2026-08-05 16:00:00,N10,0.0727,0.00787,1.65,-0.047,0.000303,38.3,23.765137,86.411054
2026-08-05 17:00:00,N10,0.1535,0.005565,7.11,-0.0469,7e-06,36.5,23.765137,86.411054
2026-08-05 18:00:00,N10,0.2024,0.007029,6.82,-0.047,0.000445,34.6,23.765137,86.411054
2026-08-05 19:00:00,N10,-0.2057,0.005288,2.93,-0.0478,0.000294,32.6,23.765137,86.411054
2026-08-05 20:00:00,N10,-0.0438,0.006332,9.98,-0.0476,0.000405,30.8,23.765137,86.411054
2026-08-05 21:00:00,N10,0.0017,0.005025,8.56,-0.0469,0.000398,29.3,23.765137,86.411054
2026-08-05 22:00:00,N10,0.1025,0.005851,3.7,-0.0468,6.8e-05,28.1,23.765137,86.411054
2026-08-05 23:00:00,N10,-0.2547,0.005043,9.26,-0.0468,0.000301,27.3,23.765137,86.411054
2026-08-06 00:00:00,N10,-0.3142,0.006681,9.47,-0.0474,0.000329,26.8,23.765137,86.411054
2026-08-06 01:00:00,N10,0.0744,0.005782,5.63,-0.0475,7.6e-05,27.0,23.765137,86.411054
2026-08-06 02:00:00,N10,-0.1443,0.006444,7.64,-0.0475,0.000201,27.8,23.765137,86.411054
2026-08-06 03:00:00,N10,-0.0747,0.007745,9.91,-0.0471,0.000592,29.0,23.765137,86.411054
2026-08-06 04:00:00,N10,0.0003,0.005406,3.22,-0.0463,2.8e-05,30.5,23.765137,86.411054
2026-08-06 05:00:00,N10,0.1706,0.006734,9.62,-0.047,0.000703,32.3,23.765137,86.411054
2026-08-06 06:00:00,N10,-0.1707,0.008173,5.12,-0.0477,0.000309,34.3,23.765137,86.411054
2026-08-06 07:00:00,N10,0.2481,0.008156,7.33,-0.0476,0.000631,36.2,23.765137,86.411054
2026-08-06 08:00:00,N10,0.1597,0.008385,6.04,-0.0465,0.000736,38.0,23.765137,86.411054
2026-08-06 09:00:00,N10,-0.1438,0.005289,9.54,-0.0462,0.000186,39.6,23.765137,86.411054
2026-08-06 10:00:00,N10,-0.4334,0.006821,7.07,-0.0461,7.4e-05,40.8,23.765137,86.411054
2026-08-06 11:00:00,N10,0.0718,0.007219,6.21,-0.0463,0.003502,41.5,23.765137,86.411054
2026-08-06 12:00:00,N10,0.3478,0.698547,43.14,-0.0531,0.003562,41.8,23.765137,86.411054
2026-08-06 13:00:00,N10,0.1533,0.933542,35.76,-0.0534,0.003062,41.5,23.765137,86.411054
2026-08-06 14:00:00,N10,-0.1069,0.005938,5.78,-0.047,0.0029,40.8,23.765137,86.411054
2026-08-06 15:00:00,N10,-0.0635,0.006749,3.35,-0.0476,0.00011,39.6,23.765137,86.411054
2026-08-06 16:00:00,N10,0.0917,0.005774,5.25,-0.0472,0.000567,38.0,23.765137,86.411054
2026-08-06 17:00:00,N10,0.0207,0.005124,7.19,-0.0465,0.000111,36.2,23.765137,86.411054
2026-08-06 18:00:00,N10,-0.0808,0.005294,7.31,-0.047,0.000375,34.3,23.765137,86.411054
2026-08-06 19:00:00,N10,0.0621,0.007475,5.16,-0.0472,0.000159,32.3,23.765137,86.411054
2026-08-06 20:00:00,N10,-0.0828,0.005219,8.87,-0.0467,0.000211,30.5,23.765137,86.411054
2026-08-06 21:00:00,N10,0.0053,0.005631,7.02,-0.0477,0.000147,29.0,23.765137,86.411054
2026-08-06 22:00:00,N10,-0.1345,0.010111,8.49,-0.047,0.000471,27.8,23.765137,86.411054
2026-08-06 23:00:00,N10,-0.0282,0.005763,6.08,-0.0467,0.000232,27.0,23.765137,86.411054
2026-08-07 00:00:00,N10,-0.0813,0.006368,4.4,-0.0465,0.000174,26.2,23.765137,86.411054
2026-08-07 01:00:00,N10,-0.0857,0.008239,9.27,-0.0471,0.000343,26.4,23.765137,86.411054
2026-08-07 02:00:00,N10,0.186,0.00888,5.25,-0.0472,0.000487,27.2,23.765137,86.411054
2026-08-07 03:00:00,N10,0.1906,0.007445,5.1,-0.0461,0.000403,28.4,23.765137,86.411054
2026-08-07 04:00:00,N10,0.1269,0.005944,7.12,-0.0464,0.000389,29.9,23.765137,86.411054
2026-08-07 05:00:00,N10,-0.2611,0.005188,2.18,-0.0469,0.000731,31.7,23.765137,86.411054
2026-08-07 06:00:00,N10,-0.026,0.008767,5.46,-0.0478,0.014522,33.7,23.765137,86.411054
2026-08-07 07:00:00,N10,-0.2853,0.578495,25.47,-0.0759,0.004352,35.6,23.765137,86.411054
2026-08-07 08:00:00,N10,-0.1888,0.639144,46.66,-0.0566,0.017715,37.4,23.765137,86.411054
2026-08-07 09:00:00,N10,-0.067,0.571744,47.61,-0.0405,0.003958,39.0,23.765137,86.411054
2026-08-07 10:00:00,N10,,,,,,,23.765137,86.411054
2026-08-07 11:00:00,N10,,,,,,,23.765137,86.411054
2026-08-07 12:00:00,N10,,,,,,,23.765137,86.411054
2026-08-07 13:00:00,N10,0.1659,0.007132,7.47,-0.0486,0.000283,40.9,23.765137,86.411054
2026-08-07 14:00:00,N10,-0.1011,0.007391,9.46,-0.049,0.000387,40.2,23.765137,86.411054
2026-08-07 15:00:00,N10,-0.0823,0.005477,6.78,-0.0494,9.8e-05,39.0,23.765137,86.411054
2026-08-07 16:00:00,N10,0.0433,0.007086,8.4,-0.0488,0.000459,37.4,23.765137,86.411054
2026-08-07 17:00:00,N10,-0.0619,0.006201,3.53,-0.0484,0.000311,35.6,23.765137,86.411054
2026-08-07 18:00:00,N10,0.0087,0.006622,6.81,-0.0482,0.000239,33.7,23.765137,86.411054
2026-08-07 19:00:00,N10,0.1196,0.009254,8.59,-0.0489,0.00015,31.7,23.765137,86.411054
2026-08-07 20:00:00,N10,-0.1106,0.005673,9.95,-0.0479,7.9e-05,29.9,23.765137,86.411054
2026-08-07 21:00:00,N10,0.059,0.007351,5.19,-0.0491,0.000259,28.4,23.765137,86.411054
2026-08-07 22:00:00,N10,-0.0302,0.005632,4.01,-0.0484,0.000405,27.2,23.765137,86.411054
2026-08-07 23:00:00,N10,-0.2933,0.005997,8.88,-0.0483,0.000205,26.4,23.765137,86.411054
2026-08-08 00:00:00,N10,0.2891,0.005582,1.0,-0.048,0.000392,24.4,23.765137,86.411054
2026-08-08 01:00:00,N10,-0.239,0.005605,6.95,-0.049,0.000564,24.7,23.765137,86.411054
2026-08-08 02:00:00,N10,-0.0773,0.006758,9.8,-0.0491,4.2e-05,25.4,23.765137,86.411054
2026-08-08 03:00:00,N10,0.0419,0.005294,7.78,-0.0491,5e-05,26.6,23.765137,86.411054
2026-08-08 04:00:00,N10,-0.0014,0.005508,4.36,-0.0492,0.000101,28.2,23.765137,86.411054
2026-08-08 05:00:00,N10,0.2542,0.007046,2.39,-0.0493,0.000259,30.0,23.765137,86.411054
2026-08-08 06:00:00,N10,-0.0455,0.007566,1.61,-0.0498,0.000184,31.9,23.765137,86.411054
2026-08-08 07:00:00,N10,-0.2612,0.008074,5.96,-0.0497,0.010615,33.9,23.765137,86.411054
2026-08-08 08:00:00,N10,0.1245,0.538369,42.75,-0.071,0.000282,35.7,23.765137,86.411054
2026-08-08 09:00:00,N10,-0.1445,0.006022,3.65,-0.0503,0.009969,37.2,23.765137,86.411054
2026-08-08 10:00:00,N10,0.434,0.007521,8.86,-0.051,0.000733,38.4,23.765137,86.411054
2026-08-08 11:00:00,N10,-0.1828,0.006714,9.81,-0.0517,0.000219,39.2,23.765137,86.411054
2026-08-08 12:00:00,N10,0.1718,0.006265,8.28,-0.0506,0.00012,39.4,23.765137,86.411054
2026-08-08 13:00:00,N10,-0.1081,0.0056,5.18,-0.0515,0.000649,39.2,23.765137,86.411054
2026-08-08 14:00:00,N10,-0.0218,0.01218,4.87,-0.0519,0.000554,38.4,23.765137,86.411054
2026-08-08 15:00:00,N10,-0.0956,0.006431,4.67,-0.0526,0.000432,37.2,23.765137,86.411054
2026-08-08 16:00:00,N10,-0.0929,0.006265,1.5,-0.0528,0.000567,35.7,23.765137,86.411054
2026-08-08 17:00:00,N10,-0.0694,0.008105,2.34,-0.0537,0.000128,33.9,23.765137,86.411054
2026-08-08 18:00:00,N10,-0.1793,0.006362,8.04,-0.053,0.000521,31.9,23.765137,86.411054
2026-08-08 19:00:00,N10,,,,,,,23.765137,86.411054
2026-08-08 20:00:00,N10,,,,,,,23.765137,86.411054
2026-08-08 21:00:00,N10,,,,,,,23.765137,86.411054
2026-08-08 22:00:00,N10,,,,,,,23.765137,86.411054
2026-08-08 23:00:00,N10,-0.203,0.005521,9.55,-0.053,0.000208,24.7,23.765137,86.411054
2026-08-09 00:00:00,N10,0.0479,0.008564,7.51,-0.0532,1.2e-05,27.0,23.765137,86.411054
2026-08-09 01:00:00,N10,,,,,,,23.765137,86.411054
2026-08-09 02:00:00,N10,-0.0846,0.007004,5.74,-0.0526,0.000172,28.0,23.765137,86.411054
2026-08-09 03:00:00,N10,0.0108,0.007142,6.85,-0.0527,0.000275,29.2,23.765137,86.411054
2026-08-09 04:00:00,N10,0.0934,0.008438,1.17,-0.0521,0.000332,30.8,23.765137,86.411054
2026-08-09 05:00:00,N10,0.1857,0.006116,3.14,-0.0521,0.000305,32.6,23.765137,86.411054
2026-08-09 06:00:00,N10,-0.0309,0.009347,2.86,-0.0515,0.008859,34.5,23.765137,86.411054
2026-08-09 07:00:00,N10,-0.1097,0.95998,27.23,-0.0698,2e-05,36.5,23.765137,86.411054
2026-08-09 08:00:00,N10,-0.0595,0.005986,4.92,-0.0515,0.008739,38.3,23.765137,86.411054
2026-08-09 09:00:00,N10,,,,,,,23.765137,86.411054
2026-08-09 10:00:00,N10,,,,,,,23.765137,86.411054
2026-08-09 11:00:00,N10,,,,,,,23.765137,86.411054
2026-08-09 12:00:00,N10,,,,,,,23.765137,86.411054
2026-08-09 13:00:00,N10,-0.0083,0.007828,7.41,-0.0548,0.000307,41.8,23.765137,86.411054
2026-08-09 14:00:00,N10,-0.1074,0.00614,9.97,-0.0539,0.000464,41.0,23.765137,86.411054
2026-08-09 15:00:00,N10,0.0295,0.006224,9.51,-0.0539,0.000272,39.8,23.765137,86.411054
2026-08-09 16:00:00,N10,0.4385,0.00554,7.0,-0.0544,0.000455,38.3,23.765137,86.411054
2026-08-09 17:00:00,N10,0.1944,0.006791,9.88,-0.0548,0.000164,36.5,23.765137,86.411054
2026-08-09 18:00:00,N10,0.2695,0.005765,2.87,-0.0541,0.000202,34.5,23.765137,86.411054
2026-08-09 19:00:00,N10,-0.0162,0.006477,5.63,-0.0544,7.3e-05,32.6,23.765137,86.411054
2026-08-09 20:00:00,N10,-0.0574,0.006812,5.01,-0.054,0.000398,30.8,23.765137,86.411054
2026-08-09 21:00:00,N10,0.2025,0.005714,3.17,-0.0536,0.000665,29.2,23.765137,86.411054
2026-08-09 22:00:00,N10,-0.0623,0.006887,4.51,-0.0526,0.000859,28.0,23.765137,86.411054
2026-08-09 23:00:00,N10,-0.0048,0.00602,7.59,-0.0519,0.000491,27.3,23.765137,86.411054
2026-08-10 00:00:00,N10,-0.3245,0.007943,3.56,-0.0517,0.000159,29.3,23.765137,86.411054
2026-08-10 01:00:00,N10,0.1012,0.006559,7.8,-0.0522,0.000152,29.6,23.765137,86.411054
2026-08-10 02:00:00,N10,,,,,,,23.765137,86.411054
2026-08-10 03:00:00,N10,-0.0234,0.005259,3.63,-0.051,0.000165,31.5,23.765137,86.411054
2026-08-10 04:00:00,N10,0.2564,0.006308,9.42,-0.0517,0.000118,33.1,23.765137,86.411054
2026-08-10 05:00:00,N10,0.093,0.005543,7.78,-0.0512,0.008223,34.9,23.765137,86.411054
2026-08-10 06:00:00,N10,-0.0886,0.706749,19.61,-0.0352,0.008081,36.8,23.765137,86.411054
2026-08-10 07:00:00,N10,-0.2699,0.722068,15.27,-0.035,0.008532,38.8,23.765137,86.411054
2026-08-10 08:00:00,N10,-0.2077,0.005916,2.11,-0.0523,0.009496,40.6,23.765137,86.411054
2026-08-10 09:00:00,N10,0.147,0.007472,8.88,-0.054,0.00116,42.1,23.765137,86.411054
2026-08-10 10:00:00,N10,-0.0243,0.005044,1.1,-0.0546,0.000635,43.3,23.765137,86.411054
2026-08-10 11:00:00,N10,-0.0804,0.005732,8.07,-0.0553,0.000512,44.1,23.765137,86.411054
2026-08-10 12:00:00,N10,0.214,0.005951,2.46,-0.0556,0.000469,44.3,23.765137,86.411054
2026-08-10 13:00:00,N10,-0.0554,0.007321,1.72,-0.0562,0.000369,44.1,23.765137,86.411054
2026-08-10 14:00:00,N10,0.1778,0.006094,4.39,-0.0564,0.00054,43.3,23.765137,86.411054
2026-08-10 15:00:00,N10,0.0619,0.005659,8.15,-0.0573,0.005513,42.1,23.765137,86.411054
2026-08-10 16:00:00,N10,-0.0285,0.953961,23.31,-0.0454,0.000374,40.6,23.765137,86.411054
2026-08-10 17:00:00,N10,-0.3287,0.006659,4.35,-0.0581,0.006701,38.8,23.765137,86.411054
2026-08-10 18:00:00,N10,0.13,0.006682,5.01,-0.0588,0.000838,36.8,23.765137,86.411054
2026-08-10 19:00:00,N10,0.1388,0.007125,7.68,-0.0597,0.001031,34.9,23.765137,86.411054
2026-08-10 20:00:00,N10,-0.1705,0.006743,2.12,-0.0608,0.001078,33.1,23.765137,86.411054
2026-08-10 21:00:00,N10,0.0494,0.007156,1.87,-0.0619,0.000695,31.5,23.765137,86.411054
2026-08-10 22:00:00,N10,-0.1238,0.006279,3.95,-0.0622,0.000368,30.3,23.765137,86.411054
2026-08-10 23:00:00,N10,0.1847,0.006918,2.53,-0.0626,0.00031,29.6,23.765137,86.411054
2026-08-11 00:00:00,N10,0.0723,0.005981,4.61,-0.0628,0.000475,27.1,23.765137,86.411054
2026-08-11 01:00:00,N10,-0.1288,0.006248,6.52,-0.0636,0.000391,27.4,23.765137,86.411054
2026-08-11 02:00:00,N10,-0.1439,0.005614,4.9,-0.0636,5.6e-05,28.1,23.765137,86.411054
2026-08-11 03:00:00,N10,,,,,,,23.765137,86.411054
2026-08-11 04:00:00,N10,,,,,,,23.765137,86.411054
2026-08-11 05:00:00,N10,,,,,,,23.765137,86.411054
2026-08-11 06:00:00,N10,,,,,,,23.765137,86.411054
2026-08-11 07:00:00,N10,,,,,,,23.765137,86.411054
2026-08-11 08:00:00,N10,0.0408,0.579983,32.2,-0.0834,0.009826,38.4,23.765137,86.411054
2026-08-11 09:00:00,N10,0.2133,0.74227,26.54,-0.0836,0.005997,39.9,23.765137,86.411054
2026-08-11 10:00:00,N10,0.0164,0.815274,15.43,-0.0714,0.008816,41.1,23.765137,86.411054
2026-08-11 11:00:00,N10,-0.0933,0.006284,8.59,-0.066,0.002537,41.9,23.765137,86.411054
2026-08-11 12:00:00,N10,-0.1796,0.008284,5.8,-0.0663,8e-06,42.1,23.765137,86.411054
2026-08-11 13:00:00,N10,-0.2661,0.007766,7.5,-0.066,0.000315,41.9,23.765137,86.411054
2026-08-11 14:00:00,N10,-0.3271,0.007059,6.85,-0.0657,9.6e-05,41.1,23.765137,86.411054
2026-08-11 15:00:00,N10,-0.02,0.008609,8.48,-0.0658,0.00017,39.9,23.765137,86.411054
2026-08-11 16:00:00,N10,0.1972,0.005103,9.51,-0.066,0.00024,38.4,23.765137,86.411054
2026-08-11 17:00:00,N10,-0.0303,0.005428,4.76,-0.0653,0.000157,36.6,23.765137,86.411054
2026-08-11 18:00:00,N10,-0.2043,0.006477,9.63,-0.0657,0.001012,34.6,23.765137,86.411054
2026-08-11 19:00:00,N10,0.0644,0.007678,5.61,-0.0673,0.001158,32.7,23.765137,86.411054
2026-08-11 20:00:00,N10,-0.2855,0.006888,6.47,-0.068,0.000471,30.9,23.765137,86.411054
2026-08-11 21:00:00,N10,-0.0433,0.006624,9.63,-0.0683,0.000295,29.3,23.765137,86.411054
2026-08-11 22:00:00,N10,-0.1151,0.006868,9.15,-0.0675,0.000955,28.1,23.765137,86.411054
2026-08-11 23:00:00,N10,-0.0074,0.00974,5.42,-0.0664,0.000863,27.4,23.765137,86.411054
2026-08-12 00:00:00,N10,-0.0264,0.007208,2.32,-0.0657,0.000494,28.9,23.765137,86.411054
2026-08-12 01:00:00,N10,-0.0482,0.005375,4.8,-0.0654,0.000629,29.1,23.765137,86.411054
2026-08-12 02:00:00,N10,0.1282,0.008236,7.91,-0.0645,0.000294,29.9,23.765137,86.411054
2026-08-12 03:00:00,N10,-0.1234,0.006006,3.11,-0.0648,0.000519,31.1,23.765137,86.411054
2026-08-12 04:00:00,N10,0.0418,0.006354,2.8,-0.0634,0.001085,32.6,23.765137,86.411054
2026-08-12 05:00:00,N10,0.1481,0.006218,2.4,-0.0626,0.000484,34.4,23.765137,86.411054
2026-08-12 06:00:00,N10,-0.2541,0.005575,5.46,-0.0625,0.000542,36.4,23.765137,86.411054
2026-08-12 07:00:00,N10,-0.2121,0.005077,5.98,-0.0615,0.000594,38.3,23.765137,86.411054
2026-08-12 08:00:00,N10,0.0722,0.006767,8.6,-0.0613,0.000192,40.1,23.765137,86.411054
2026-08-12 09:00:00,N10,0.142,0.007745,8.43,-0.0611,0.000172,41.7,23.765137,86.411054
2026-08-12 10:00:00,N10,-0.0838,0.005127,5.92,-0.0609,0.009781,42.8,23.765137,86.411054
2026-08-12 11:00:00,N10,-0.1792,0.811839,37.18,-0.0416,0.00959,43.6,23.765137,86.411054
2026-08-12 12:00:00,N10,-0.1908,0.998634,48.05,-0.0418,0.009142,43.9,23.765137,86.411054
2026-08-12 13:00:00,N10,-0.2531,0.005003,5.17,-0.0599,0.009315,43.6,23.765137,86.411054
2026-08-12 14:00:00,N10,0.0046,0.00747,3.31,-0.0604,9.1e-05,42.8,23.765137,86.411054
2026-08-12 15:00:00,N10,0.2132,0.007394,8.44,-0.06,0.000315,41.7,23.765137,86.411054
2026-08-12 16:00:00,N10,-0.0791,0.008072,5.03,-0.0598,0.008605,40.1,23.765137,86.411054
2026-08-12 17:00:00,N10,0.0758,0.553449,42.17,-0.0773,0.000122,38.3,23.765137,86.411054
2026-08-12 18:00:00,N10,-0.0592,0.005329,7.09,-0.0595,0.008616,36.4,23.765137,86.411054
2026-08-12 19:00:00,N10,0.1879,0.005619,8.15,-0.06,0.000219,34.4,23.765137,86.411054
2026-08-12 20:00:00,N10,0.1447,0.006125,5.73,-0.0599,0.000132,32.6,23.765137,86.411054
2026-08-12 21:00:00,N10,-0.0585,0.007293,3.14,-0.0603,0.000306,31.1,23.765137,86.411054
2026-08-12 22:00:00,N10,-0.0376,0.007371,4.22,-0.0593,0.000401,29.9,23.765137,86.411054
2026-08-12 23:00:00,N10,-0.0699,0.005795,8.69,-0.0595,4.5e-05,29.1,23.765137,86.411054
2026-08-13 00:00:00,N10,0.182,0.006069,8.31,-0.0594,3.4e-05,23.4,23.765137,86.411054
2026-08-13 01:00:00,N10,-0.1307,0.005554,6.18,-0.0594,4.5e-05,23.7,23.765137,86.411054
2026-08-13 02:00:00,N10,-0.235,0.006963,6.19,-0.0593,0.000227,24.4,23.765137,86.411054
2026-08-13 03:00:00,N10,0.0574,0.00528,9.91,-0.059,0.000578,25.6,23.765137,86.411054
2026-08-13 04:00:00,N10,-0.0374,0.005685,7.5,-0.0582,0.000348,27.2,23.765137,86.411054
2026-08-13 05:00:00,N10,0.1656,0.007535,2.81,-0.0583,0.000132,29.0,23.765137,86.411054
2026-08-13 06:00:00,N10,0.165,0.006639,3.49,-0.0584,0.000345,30.9,23.765137,86.411054
2026-08-13 07:00:00,N10,0.1187,0.006908,5.57,-0.059,7.6e-05,32.9,23.765137,86.411054
2026-08-13 08:00:00,N10,0.2394,0.005654,9.5,-0.0583,0.000648,34.7,23.765137,86.411054
2026-08-13 09:00:00,N10,-0.1756,0.00576,2.05,-0.0577,0.000264,36.2,23.765137,86.411054
2026-08-13 10:00:00,N10,-0.0031,0.005547,7.71,-0.0588,0.000922,37.4,23.765137,86.411054
2026-08-13 11:00:00,N10,-0.2169,0.0067,9.37,-0.0595,0.00963,38.2,23.765137,86.411054
2026-08-13 12:00:00,N10,0.1108,0.77034,32.77,-0.0781,0.00916,38.4,23.765137,86.411054
2026-08-13 13:00:00,N10,0.2003,0.593883,43.33,-0.0778,0.00916,38.2,23.765137,86.411054
2026-08-13 14:00:00,N10,-0.0983,0.005576,4.83,-0.0598,0.013954,37.4,23.765137,86.411054
2026-08-13 15:00:00,N10,-0.2319,0.785256,36.28,-0.0499,0.012066,36.2,23.765137,86.411054
2026-08-13 16:00:00,N10,0.0407,0.673468,17.42,-0.0356,0.004639,34.7,23.765137,86.411054
2026-08-13 17:00:00,N10,-0.184,0.008581,9.63,-0.0592,0.012103,32.9,23.765137,86.411054
2026-08-13 18:00:00,N10,-0.1698,0.006114,2.23,-0.0598,5.7e-05,30.9,23.765137,86.411054
2026-08-13 19:00:00,N10,0.0853,0.005671,2.73,-0.0593,0.00017,29.0,23.765137,86.411054
2026-08-13 20:00:00,N10,-0.1462,0.010857,1.29,-0.0595,0.000342,27.2,23.765137,86.411054
2026-08-13 21:00:00,N10,-0.2084,0.00548,9.29,-0.0586,4e-05,25.6,23.765137,86.411054
2026-08-13 22:00:00,N10,-0.2117,0.007999,5.4,-0.0594,0.000653,24.4,23.765137,86.411054
2026-08-13 23:00:00,N10,0.3942,0.00594,7.29,-0.0599,0.000698,23.7,23.765137,86.411054
2026-08-14 00:00:00,N10,-0.2065,0.0051,2.01,-0.0608,0.000503,25.8,23.765137,86.411054
2026-08-14 01:00:00,N10,0.0323,0.005176,9.58,-0.0609,0.000445,26.0,23.765137,86.411054
2026-08-14 02:00:00,N10,0.0259,0.006281,2.02,-0.0617,0.000251,26.8,23.765137,86.411054
2026-08-14 03:00:00,N10,0.068,0.009392,1.9,-0.0614,0.000428,28.0,23.765137,86.411054
2026-08-14 04:00:00,N10,-0.0653,0.005252,2.79,-0.0608,0.00035,29.5,23.765137,86.411054
2026-08-14 05:00:00,N10,,,,,,,23.765137,86.411054
2026-08-14 06:00:00,N10,-0.1394,0.006278,1.76,-0.061,0.000165,33.3,23.765137,86.411054
2026-08-14 07:00:00,N10,0.0955,0.009511,1.54,-0.0611,7.5e-05,35.2,23.765137,86.411054
2026-08-14 08:00:00,N10,-0.0573,0.005827,6.28,-0.0609,0.00019,37.0,23.765137,86.411054
2026-08-14 09:00:00,N10,-0.1881,0.006429,9.29,-0.0607,0.000182,38.6,23.765137,86.411054
2026-08-14 10:00:00,N10,0.1439,0.008058,9.06,-0.0605,0.000133,39.8,23.765137,86.411054
2026-08-14 11:00:00,N10,0.0383,0.006847,8.2,-0.0604,0.002585,40.5,23.765137,86.411054
2026-08-14 12:00:00,N10,-0.32,0.744306,22.66,-0.0553,0.000463,40.8,23.765137,86.411054
2026-08-14 13:00:00,N10,,,,,,,23.765137,86.411054
2026-08-14 14:00:00,N10,,,,,,,23.765137,86.411054
2026-08-14 15:00:00,N10,-0.1732,0.005241,5.45,-0.0611,6.7e-05,38.6,23.765137,86.411054
2026-08-14 16:00:00,N10,0.0703,0.005566,7.95,-0.0608,0.000242,37.0,23.765137,86.411054
2026-08-14 17:00:00,N10,0.0837,0.007822,7.27,-0.0616,0.000382,35.2,23.765137,86.411054
2026-08-14 18:00:00,N10,-0.1407,0.005676,2.78,-0.0616,0.000352,33.3,23.765137,86.411054
2026-08-14 19:00:00,N10,-0.2057,0.005516,6.08,-0.0609,9e-06,31.3,23.765137,86.411054
2026-08-14 20:00:00,N10,-0.1267,0.006122,2.2,-0.0616,0.000451,29.5,23.765137,86.411054
2026-08-14 21:00:00,N10,,,,,,,23.765137,86.411054
2026-08-14 22:00:00,N10,,,,,,,23.765137,86.411054
2026-08-14 23:00:00,N10,,,,,,,23.765137,86.411054
2026-08-15 00:00:00,N10,,,,,,,23.765137,86.411054
2026-08-15 01:00:00,N10,,,,,,,23.765137,86.411054
2026-08-15 02:00:00,N10,,,,,,,23.765137,86.411054
2026-08-15 03:00:00,N10,,,,,,,23.765137,86.411054
2026-08-15 04:00:00,N10,-0.2376,0.005147,4.0,-0.0612,0.000218,27.4,23.765137,86.411054
2026-08-15 05:00:00,N10,0.0048,0.005306,3.91,-0.0603,0.001395,29.2,23.765137,86.411054
2026-08-15 06:00:00,N10,0.2374,0.006204,8.2,-0.0584,0.003851,31.2,23.765137,86.411054
2026-08-15 07:00:00,N10,0.1305,0.005085,2.05,-0.0526,0.002614,33.1,23.765137,86.411054
2026-08-15 08:00:00,N10,-0.0169,0.005351,1.36,-0.0532,0.00051,34.9,23.765137,86.411054
2026-08-15 09:00:00,N10,-0.0155,0.005243,7.63,-0.0536,0.00013,36.5,23.765137,86.411054
2026-08-15 10:00:00,N10,0.1929,0.0073,5.13,-0.0529,0.000154,37.7,23.765137,86.411054
2026-08-15 11:00:00,N10,-0.1132,0.00688,7.55,-0.0539,0.000214,38.4,23.765137,86.411054
2026-08-15 12:00:00,N10,-0.0831,0.007482,4.92,-0.0533,5e-06,38.7,23.765137,86.411054
2026-08-15 13:00:00,N10,0.017,0.00646,9.24,-0.0539,0.000161,38.4,23.765137,86.411054
2026-08-15 14:00:00,N10,-0.0348,0.005868,9.05,-0.0536,2.9e-05,37.7,23.765137,86.411054
2026-08-15 15:00:00,N10,-0.1039,0.005627,5.85,-0.054,0.008856,36.5,23.765137,86.411054
2026-08-15 16:00:00,N10,0.0766,0.816539,30.87,-0.0359,0.008657,34.9,23.765137,86.411054
2026-08-15 17:00:00,N10,-0.0244,0.755999,49.74,-0.0367,0.009483,33.1,23.765137,86.411054
2026-08-15 18:00:00,N10,-0.0399,0.005108,7.93,-0.0549,0.009354,31.2,23.765137,86.411054
2026-08-15 19:00:00,N10,-0.1908,0.006563,7.82,-0.0554,4e-06,29.2,23.765137,86.411054
2026-08-15 20:00:00,N10,0.1149,0.006961,7.48,-0.0549,0.000161,27.4,23.765137,86.411054
2026-08-15 21:00:00,N10,-0.3323,0.00639,5.0,-0.055,0.000249,25.9,23.765137,86.411054
2026-08-15 22:00:00,N10,,,,,,,23.765137,86.411054
2026-08-15 23:00:00,N10,,,,,,,23.765137,86.411054
2026-08-16 00:00:00,N10,,,,,,,23.765137,86.411054
2026-08-16 01:00:00,N10,,,,,,,23.765137,86.411054
2026-08-16 02:00:00,N10,-0.0672,0.007524,5.28,-0.0549,0.00059,27.7,23.765137,86.411054
2026-08-16 03:00:00,N10,-0.0207,0.006968,7.92,-0.0541,0.000536,28.9,23.765137,86.411054
2026-08-16 04:00:00,N10,-0.1817,0.006305,6.57,-0.0538,0.000407,30.4,23.765137,86.411054
2026-08-16 05:00:00,N10,0.0087,0.00561,2.68,-0.0532,0.000296,32.2,23.765137,86.411054
2026-08-16 06:00:00,N10,-0.0959,0.005338,9.5,-0.0532,2.7e-05,34.2,23.765137,86.411054
2026-08-16 07:00:00,N10,0.2769,0.006639,1.87,-0.0532,0.000476,36.1,23.765137,86.411054
2026-08-16 08:00:00,N10,0.0118,0.005081,7.04,-0.0523,0.000358,37.9,23.765137,86.411054
2026-08-16 09:00:00,N10,0.1326,0.006059,5.97,-0.0525,0.000146,39.5,23.765137,86.411054
2026-08-16 10:00:00,N10,0.0335,0.006163,1.36,-0.052,5.3e-05,40.7,23.765137,86.411054
2026-08-16 11:00:00,N10,0.2683,0.007381,1.06,-0.0526,0.000503,41.4,23.765137,86.411054
2026-08-16 12:00:00,N10,-0.125,0.007098,9.16,-0.053,0.000139,41.7,23.765137,86.411054
2026-08-16 13:00:00,N10,0.3309,0.007114,1.64,-0.0529,0.000243,41.4,23.765137,86.411054
2026-08-16 14:00:00,N10,-0.0925,0.005068,4.98,-0.0525,0.003553,40.7,23.765137,86.411054
2026-08-16 15:00:00,N10,0.1678,0.880857,47.34,-0.0457,0.00013,39.5,23.765137,86.411054
2026-08-16 16:00:00,N10,,,,,,,23.765137,86.411054
2026-08-16 17:00:00,N10,,,,,,,23.765137,86.411054
2026-08-16 18:00:00,N10,0.044,0.005233,8.03,-0.0529,0.000164,34.2,23.765137,86.411054
2026-08-16 19:00:00,N10,0.3931,0.006024,9.45,-0.0522,0.000358,32.2,23.765137,86.411054
2026-08-16 20:00:00,N10,,,,,,,23.765137,86.411054
2026-08-16 21:00:00,N10,,,,,,,23.765137,86.411054
2026-08-16 22:00:00,N10,,,,,,,23.765137,86.411054
2026-08-16 23:00:00,N10,,,,,,,23.765137,86.411054
2026-08-17 00:00:00,N10,,,,,,,23.765137,86.411054
2026-08-17 01:00:00,N10,0.2833,0.006053,1.91,-0.051,0.000405,23.7,23.765137,86.411054
2026-08-17 02:00:00,N10,-0.0166,0.006271,3.6,-0.0509,0.000134,24.4,23.765137,86.411054
2026-08-17 03:00:00,N10,-0.0967,0.011256,3.71,-0.0513,0.000217,25.6,23.765137,86.411054
2026-08-17 04:00:00,N10,0.0784,0.005136,5.74,-0.0505,0.000346,27.1,23.765137,86.411054
2026-08-17 05:00:00,N10,0.2421,0.007127,4.72,-0.0506,0.003068,29.0,23.765137,86.411054
2026-08-17 06:00:00,N10,-0.1371,0.856763,45.35,-0.0566,9.1e-05,30.9,23.765137,86.411054
2026-08-17 07:00:00,N10,-0.0152,0.005957,9.83,-0.0504,0.002713,32.8,23.765137,86.411054
2026-08-17 08:00:00,N10,-0.1232,0.006238,3.1,-0.0512,0.000339,34.6,23.765137,86.411054
2026-08-17 09:00:00,N10,-0.0617,0.005887,4.0,-0.0511,0.000315,36.2,23.765137,86.411054
2026-08-17 10:00:00,N10,0.003,0.005206,9.93,-0.0518,0.000345,37.4,23.765137,86.411054
2026-08-17 11:00:00,N10,,,,,,,23.765137,86.411054
2026-08-17 12:00:00,N10,,,,,,,23.765137,86.411054
2026-08-17 13:00:00,N10,,,,,,,23.765137,86.411054
2026-08-17 14:00:00,N10,0.031,0.658332,25.12,-0.0359,6.1e-05,37.4,23.765137,86.411054
2026-08-17 15:00:00,N10,-0.0195,0.006673,5.95,-0.0525,0.013112,36.2,23.765137,86.411054
2026-08-17 16:00:00,N10,0.3365,0.735271,17.32,-0.0622,0.000359,34.6,23.765137,86.411054
2026-08-17 17:00:00,N10,-0.1508,0.005452,4.15,-0.0518,0.005524,32.8,23.765137,86.411054
2026-08-17 18:00:00,N10,-0.0114,0.008038,6.2,-0.0511,0.000316,30.9,23.765137,86.411054
2026-08-17 19:00:00,N10,0.0031,0.007872,1.12,-0.0512,0.000143,29.0,23.765137,86.411054
2026-08-17 20:00:00,N10,0.2622,0.006104,8.65,-0.0508,0.000523,27.1,23.765137,86.411054
2026-08-17 21:00:00,N10,0.0112,0.005805,6.08,-0.0501,0.000109,25.6,23.765137,86.411054
2026-08-17 22:00:00,N10,-0.2362,0.005719,9.53,-0.0506,7e-06,24.4,23.765137,86.411054
2026-08-17 23:00:00,N10,-0.2748,0.00783,5.34,-0.0501,0.000158,23.7,23.765137,86.411054
2026-08-18 00:00:00,N10,0.0206,0.006691,7.79,-0.0503,0.000246,22.7,23.765137,86.411054
2026-08-18 01:00:00,N10,0.023,0.007391,6.35,-0.0496,0.000361,23.0,23.765137,86.411054
2026-08-18 02:00:00,N10,0.0052,0.008076,2.36,-0.0496,0.000156,23.7,23.765137,86.411054
2026-08-18 03:00:00,N10,-0.0371,0.00535,8.52,-0.0493,0.000349,24.9,23.765137,86.411054
2026-08-18 04:00:00,N10,0.0964,0.007626,4.29,-0.0489,0.000405,26.5,23.765137,86.411054
2026-08-18 05:00:00,N10,0.1165,0.00709,8.12,-0.0485,0.000229,28.3,23.765137,86.411054
2026-08-18 06:00:00,N10,-0.074,0.010067,6.98,-0.0493,0.000324,30.2,23.765137,86.411054
2026-08-18 07:00:00,N10,-0.0249,0.007581,7.07,-0.0492,1.4e-05,32.2,23.765137,86.411054
2026-08-18 08:00:00,N10,0.0177,0.005695,3.97,-0.0493,5e-06,34.0,23.765137,86.411054
2026-08-18 09:00:00,N10,-0.0225,0.005392,4.91,-0.0491,0.000183,35.5,23.765137,86.411054
2026-08-18 10:00:00,N10,-0.0736,0.005113,1.76,-0.0497,0.000359,36.7,23.765137,86.411054
2026-08-18 11:00:00,N10,0.0843,0.005895,3.24,-0.0499,0.00017,37.5,23.765137,86.411054
2026-08-18 12:00:00,N10,-0.1153,0.005939,8.58,-0.05,2e-05,37.7,23.765137,86.411054
2026-08-18 13:00:00,N10,0.163,0.007664,3.17,-0.0499,0.000284,37.5,23.765137,86.411054
2026-08-18 14:00:00,N10,-0.1435,0.005375,3.5,-0.0506,0.006477,36.7,23.765137,86.411054
2026-08-18 15:00:00,N10,0.012,0.850033,33.22,-0.0369,0.014709,35.5,23.765137,86.411054
2026-08-18 16:00:00,N10,0.0855,0.868239,30.25,-0.0212,0.001162,34.0,23.765137,86.411054
2026-08-18 17:00:00,N10,-0.0252,0.53102,18.07,-0.0346,0.013888,32.2,23.765137,86.411054
2026-08-18 18:00:00,N10,0.0855,0.005195,3.51,-0.0489,0.007171,30.2,23.765137,86.411054
2026-08-18 19:00:00,N10,0.1377,0.005704,5.3,-0.049,9.1e-05,28.3,23.765137,86.411054
2026-08-18 20:00:00,N10,0.0383,0.005359,8.19,-0.0491,8.9e-05,26.5,23.765137,86.411054
2026-08-18 21:00:00,N10,0.1569,0.005049,9.69,-0.0491,0.000262,24.9,23.765137,86.411054
2026-08-18 22:00:00,N10,-0.0089,0.006946,9.27,-0.0486,0.000431,23.7,23.765137,86.411054
2026-08-18 23:00:00,N10,0.0723,0.007909,9.42,-0.0483,2.9e-05,23.0,23.765137,86.411054
2026-08-19 00:00:00,N10,-0.0798,0.006985,6.65,-0.0487,5e-05,23.3,23.765137,86.411054
2026-08-19 01:00:00,N10,0.0723,0.005447,2.9,-0.0484,7.8e-05,23.5,23.765137,86.411054
2026-08-19 02:00:00,N10,0.1992,0.007331,8.91,-0.0488,0.000324,24.3,23.765137,86.411054
2026-08-19 03:00:00,N10,0.0124,0.007237,9.62,-0.049,0.000239,25.5,23.765137,86.411054
2026-08-19 04:00:00,N10,0.0933,0.006623,1.59,-0.0493,0.000331,27.0,23.765137,86.411054
2026-08-19 05:00:00,N10,0.1766,0.007752,5.4,-0.0497,0.000243,28.8,23.765137,86.411054
2026-08-19 06:00:00,N10,-0.0076,0.00603,6.03,-0.0498,0.007067,30.8,23.765137,86.411054
2026-08-19 07:00:00,N10,-0.387,0.850544,24.02,-0.0356,0.013047,32.7,23.765137,86.411054
2026-08-19 08:00:00,N10,0.1738,0.560189,27.63,-0.0237,0.007388,34.5,23.765137,86.411054
2026-08-19 09:00:00,N10,-0.0007,0.006439,1.3,-0.0503,0.013271,36.1,23.765137,86.411054
2026-08-19 10:00:00,N10,0.1366,0.006855,7.33,-0.0502,9.7e-05,37.3,23.765137,86.411054
2026-08-19 11:00:00,N10,0.0398,0.007892,1.17,-0.0505,0.00032,38.0,23.765137,86.411054
2026-08-19 12:00:00,N10,0.033,0.006978,4.23,-0.0509,0.000105,38.3,23.765137,86.411054
2026-08-19 13:00:00,N10,-0.2768,0.00568,8.73,-0.0503,0.000146,38.0,23.765137,86.411054
2026-08-19 14:00:00,N10,-0.0406,0.006426,1.84,-0.0506,0.000222,37.3,23.765137,86.411054
2026-08-19 15:00:00,N10,0.0006,0.007312,1.07,-0.0499,0.000283,36.1,23.765137,86.411054
2026-08-19 16:00:00,N10,0.1326,0.007435,4.21,-0.05,0.000174,34.5,23.765137,86.411054
2026-08-19 17:00:00,N10,0.1624,0.007204,3.47,-0.0502,0.000261,32.7,23.765137,86.411054
2026-08-19 18:00:00,N10,-0.1168,0.007779,2.96,-0.0505,0.000833,30.8,23.765137,86.411054
2026-08-19 19:00:00,N10,0.0043,0.006015,8.47,-0.0519,0.000514,28.8,23.765137,86.411054
2026-08-19 20:00:00,N10,0.1049,0.005225,1.52,-0.0516,0.000279,27.0,23.765137,86.411054
2026-08-19 21:00:00,N10,-0.1127,0.006175,8.23,-0.0513,3.7e-05,25.5,23.765137,86.411054
2026-08-19 22:00:00,N10,0.1508,0.006144,8.44,-0.0515,0.000582,24.3,23.765137,86.411054
2026-08-19 23:00:00,N10,-0.1756,0.005606,4.24,-0.0525,8e-06,23.5,23.765137,86.411054
2026-08-20 00:00:00,N10,-0.1579,0.006294,1.9,-0.0515,0.00048,25.3,23.765137,86.411054
2026-08-20 01:00:00,N10,0.0056,0.005195,7.41,-0.0515,3.2e-05,25.5,23.765137,86.411054
2026-08-20 02:00:00,N10,-0.0895,0.005119,8.16,-0.0514,4.1e-05,26.3,23.765137,86.411054
2026-08-20 03:00:00,N10,-0.1291,0.00669,2.66,-0.0516,7.2e-05,27.5,23.765137,86.411054
2026-08-20 04:00:00,N10,0.2887,0.006323,5.11,-0.0516,0.000149,29.0,23.765137,86.411054
2026-08-20 05:00:00,N10,0.0448,0.007185,4.62,-0.0519,0.000398,30.8,23.765137,86.411054
2026-08-20 06:00:00,N10,-0.1606,0.006207,9.95,-0.0524,0.000112,32.8,23.765137,86.411054
2026-08-20 07:00:00,N10,0.0048,0.005162,9.17,-0.0521,0.000102,34.7,23.765137,86.411054
2026-08-20 08:00:00,N10,0.0024,0.007347,9.9,-0.0522,0.003625,36.5,23.765137,86.411054
2026-08-20 09:00:00,N10,0.2573,0.752943,18.63,-0.0449,0.003863,38.1,23.765137,86.411054
2026-08-20 10:00:00,N10,0.0706,0.600209,39.41,-0.0444,0.002535,39.3,23.765137,86.411054
2026-08-20 11:00:00,N10,-0.1152,0.006122,4.59,-0.05,0.002531,40.0,23.765137,86.411054
2026-08-20 12:00:00,N10,-0.1036,0.005799,7.93,-0.0495,4.1e-05,40.3,23.765137,86.411054
2026-08-20 13:00:00,N10,-0.1584,0.006533,4.16,-0.0499,0.000203,40.0,23.765137,86.411054
2026-08-20 14:00:00,N10,0.3549,0.005938,6.82,-0.0499,0.000442,39.3,23.765137,86.411054
2026-08-20 15:00:00,N10,-0.0928,0.005835,7.04,-0.049,0.000652,38.1,23.765137,86.411054
2026-08-20 16:00:00,N10,0.0372,0.006878,2.66,-0.0486,0.00013,36.5,23.765137,86.411054
2026-08-20 17:00:00,N10,0.0845,0.006632,3.76,-0.0492,0.000754,34.7,23.765137,86.411054
2026-08-20 18:00:00,N10,-0.0473,0.006226,7.1,-0.0501,0.000514,32.8,23.765137,86.411054
2026-08-20 19:00:00,N10,-0.0315,0.008071,6.19,-0.0503,0.000186,30.8,23.765137,86.411054
2026-08-20 20:00:00,N10,-0.0573,0.008249,1.98,-0.0505,0.00061,29.0,23.765137,86.411054
2026-08-20 21:00:00,N10,-0.172,0.005619,7.67,-0.0515,0.000413,27.5,23.765137,86.411054
2026-08-20 22:00:00,N10,-0.1028,0.008456,3.65,-0.0513,9.8e-05,26.3,23.765137,86.411054
2026-08-20 23:00:00,N10,-0.0772,0.007089,3.9,-0.0513,1.1e-05,25.5,23.765137,86.411054
2026-08-21 00:00:00,N10,-0.0701,0.007615,9.44,-0.0513,0.000272,27.8,23.765137,86.411054
2026-08-21 01:00:00,N10,0.0447,0.006427,5.55,-0.0518,0.000186,28.1,23.765137,86.411054
2026-08-21 02:00:00,N10,,,,,,,23.765137,86.411054
2026-08-21 03:00:00,N10,,,,,,,23.765137,86.411054
2026-08-21 04:00:00,N10,,,,,,,23.765137,86.411054
2026-08-21 05:00:00,N10,0.0217,0.006659,9.65,-0.0513,0.000457,33.4,23.765137,86.411054
2026-08-21 06:00:00,N10,-0.1347,0.005631,1.03,-0.0509,0.000285,35.3,23.765137,86.411054
2026-08-21 07:00:00,N10,0.0678,0.005472,4.7,-0.0507,0.0001,37.3,23.765137,86.411054
2026-08-21 08:00:00,N10,-0.0423,0.005111,6.61,-0.0507,9.3e-05,39.1,23.765137,86.411054
2026-08-21 09:00:00,N10,-0.0661,0.010175,1.02,-0.0506,0.000479,40.7,23.765137,86.411054
2026-08-21 10:00:00,N10,0.1297,0.009289,3.92,-0.0497,0.009619,41.8,23.765137,86.411054
2026-08-21 11:00:00,N10,-0.1281,0.508323,39.55,-0.0698,0.009795,42.6,23.765137,86.411054
2026-08-21 12:00:00,N10,-0.0185,0.921902,27.09,-0.0693,0.010379,42.8,23.765137,86.411054
2026-08-21 13:00:00,N10,-0.1517,0.006246,3.24,-0.049,0.010436,42.6,23.765137,86.411054
2026-08-21 14:00:00,N10,,,,,,,23.765137,86.411054
2026-08-21 15:00:00,N10,,,,,,,23.765137,86.411054
2026-08-21 16:00:00,N10,,,,,,,23.765137,86.411054
2026-08-21 17:00:00,N10,,,,,,,23.765137,86.411054
2026-08-21 18:00:00,N10,,,,,,,23.765137,86.411054
2026-08-21 19:00:00,N10,0.1423,0.005243,6.62,-0.0466,0.00058,33.4,23.765137,86.411054
2026-08-21 20:00:00,N10,0.0774,0.006215,1.12,-0.0465,0.000305,31.6,23.765137,86.411054
2026-08-21 21:00:00,N10,0.1067,0.005152,9.62,-0.0472,3.3e-05,30.0,23.765137,86.411054
2026-08-21 22:00:00,N10,-0.1012,0.005195,9.35,-0.0466,0.000325,28.9,23.765137,86.411054
2026-08-21 23:00:00,N10,0.0855,0.005457,4.9,-0.0465,0.000248,28.1,23.765137,86.411054
2026-08-22 00:00:00,N10,,,,,,,23.765137,86.411054
2026-08-22 01:00:00,N10,,,,,,,23.765137,86.411054
2026-08-22 02:00:00,N10,,,,,,,23.765137,86.411054
2026-08-22 03:00:00,N10,,,,,,,23.765137,86.411054
2026-08-22 04:00:00,N10,0.2368,0.005344,4.72,-0.0473,0.000641,26.6,23.765137,86.411054
2026-08-22 05:00:00,N10,-0.313,0.005963,6.47,-0.048,0.000274,28.4,23.765137,86.411054
2026-08-22 06:00:00,N10,-0.1006,0.00573,9.24,-0.0479,0.000133,30.3,23.765137,86.411054
2026-08-22 07:00:00,N10,0.0465,0.005613,5.6,-0.0478,8e-05,32.3,23.765137,86.411054
2026-08-22 08:00:00,N10,-0.1387,0.007973,2.28,-0.0477,0.000104,34.1,23.765137,86.411054
2026-08-22 09:00:00,N10,0.0365,0.006596,3.32,-0.048,0.000155,35.7,23.765137,86.411054
2026-08-22 10:00:00,N10,-0.1073,0.005307,4.94,-0.048,7.2e-05,36.8,23.765137,86.411054
2026-08-22 11:00:00,N10,0.0535,0.007245,1.42,-0.0481,0.000391,37.6,23.765137,86.411054
2026-08-22 12:00:00,N10,0.0163,0.005618,4.94,-0.0488,0.000375,37.8,23.765137,86.411054
2026-08-22 13:00:00,N10,0.0179,0.007323,6.91,-0.0489,0.002104,37.6,23.765137,86.411054
2026-08-22 14:00:00,N10,-0.053,0.638165,40.87,-0.0446,0.002099,36.8,23.765137,86.411054
2026-08-22 15:00:00,N10,-0.0466,0.703791,47.82,-0.0447,0.002691,35.7,23.765137,86.411054
2026-08-22 16:00:00,N10,-0.0617,0.005218,6.15,-0.05,0.002873,34.1,23.765137,86.411054
2026-08-22 17:00:00,N10,0.3382,0.006123,8.22,-0.0504,9.3e-05,32.3,23.765137,86.411054
2026-08-22 18:00:00,N10,0.1175,0.006154,9.28,-0.0498,0.000661,30.3,23.765137,86.411054
2026-08-22 19:00:00,N10,-0.0421,0.005847,8.27,-0.0491,0.000341,28.4,23.765137,86.411054
2026-08-22 20:00:00,N10,-0.0726,0.006517,2.4,-0.0491,0.000597,26.6,23.765137,86.411054
2026-08-22 21:00:00,N10,-0.0197,0.007926,1.84,-0.0503,0.00071,25.0,23.765137,86.411054
2026-08-22 22:00:00,N10,-0.0109,0.005444,8.78,-0.0505,0.000325,23.9,23.765137,86.411054
2026-08-22 23:00:00,N10,-0.0913,0.005497,1.75,-0.0496,0.001045,23.1,23.765137,86.411054
2026-08-23 00:00:00,N10,0.0545,0.005782,3.95,-0.0485,0.000568,25.5,23.765137,86.411054
2026-08-23 01:00:00,N10,-0.0484,0.005348,8.18,-0.0485,0.000245,25.7,23.765137,86.411054
2026-08-23 02:00:00,N10,-0.1435,0.006238,7.61,-0.048,0.000457,26.5,23.765137,86.411054
2026-08-23 03:00:00,N10,0.0278,0.005211,9.98,-0.0476,0.000315,27.7,23.765137,86.411054
2026-08-23 04:00:00,N10,-0.0172,0.006454,3.29,-0.0473,0.000603,29.2,23.765137,86.411054
2026-08-23 05:00:00,N10,0.0358,0.007531,3.92,-0.0464,0.000387,31.0,23.765137,86.411054
2026-08-23 06:00:00,N10,-0.2235,0.005929,2.21,-0.0466,0.000247,33.0,23.765137,86.411054
2026-08-23 07:00:00,N10,0.1263,0.005787,5.24,-0.0469,1e-05,34.9,23.765137,86.411054
2026-08-23 08:00:00,N10,0.0063,0.007,5.22,-0.0466,1.1e-05,36.7,23.765137,86.411054
2026-08-23 09:00:00,N10,0.0385,0.005494,4.31,-0.0469,0.000388,38.3,23.765137,86.411054
2026-08-23 10:00:00,N10,-0.0102,0.007226,8.47,-0.0474,0.000644,39.5,23.765137,86.411054
2026-08-23 11:00:00,N10,0.0883,0.005043,7.97,-0.0482,0.000148,40.2,23.765137,86.411054
2026-08-23 12:00:00,N10,0.1068,0.00593,8.38,-0.0477,0.000139,40.5,23.765137,86.411054
2026-08-23 13:00:00,N10,0.3275,0.005957,2.98,-0.0479,0.010016,40.2,23.765137,86.411054
2026-08-23 14:00:00,N10,,,,,,,23.765137,86.411054
2026-08-23 15:00:00,N10,,,,,,,23.765137,86.411054
2026-08-23 16:00:00,N10,,,,,,,23.765137,86.411054
2026-08-23 17:00:00,N10,,,,,,,23.765137,86.411054
2026-08-23 18:00:00,N10,,,,,,,23.765137,86.411054
2026-08-23 19:00:00,N10,0.045,0.006411,4.36,-0.0466,0.000328,31.0,23.765137,86.411054
2026-08-23 20:00:00,N10,0.1533,0.007052,6.93,-0.0462,0.000224,29.2,23.765137,86.411054
2026-08-23 21:00:00,N10,-0.0457,0.009223,9.69,-0.0461,7.5e-05,27.7,23.765137,86.411054
2026-08-23 22:00:00,N10,-0.0146,0.006283,7.57,-0.0464,0.000237,26.5,23.765137,86.411054
2026-08-23 23:00:00,N10,-0.0911,0.006883,3.06,-0.0466,0.000427,25.7,23.765137,86.411054
2026-08-24 00:00:00,N10,0.0017,0.007567,8.74,-0.0472,6.7e-05,28.0,23.765137,86.411054
2026-08-24 01:00:00,N10,-0.0738,0.00515,2.49,-0.0467,0.00013,28.3,23.765137,86.411054
2026-08-24 02:00:00,N10,0.0624,0.006027,4.42,-0.0475,0.00046,29.0,23.765137,86.411054
2026-08-24 03:00:00,N10,-0.0163,0.005408,1.34,-0.0477,6.2e-05,30.2,23.765137,86.411054
2026-08-24 04:00:00,N10,0.1783,0.007463,3.92,-0.0476,0.000271,31.7,23.765137,86.411054
2026-08-24 05:00:00,N10,-0.2262,0.008567,8.25,-0.0471,0.000545,33.6,23.765137,86.411054
2026-08-24 06:00:00,N10,-0.0983,0.009631,5.06,-0.0465,0.00054,35.5,23.765137,86.411054
2026-08-24 07:00:00,N10,-0.2524,0.007363,6.12,-0.046,0.000256,37.4,23.765137,86.411054
2026-08-24 08:00:00,N10,,,,,,,23.765137,86.411054
2026-08-24 09:00:00,N10,,,,,,,23.765137,86.411054
2026-08-24 10:00:00,N10,,,,,,,23.765137,86.411054
2026-08-24 11:00:00,N10,-0.0236,0.007096,3.18,-0.046,0.009065,42.7,23.765137,86.411054
2026-08-24 12:00:00,N10,0.2472,0.007305,2.76,-0.0455,0.000271,43.0,23.765137,86.411054
2026-08-24 13:00:00,N10,0.0884,0.007071,6.91,-0.0454,1.6e-05,42.7,23.765137,86.411054
2026-08-24 14:00:00,N10,0.1361,0.006646,2.72,-0.0455,6.5e-05,42.0,23.765137,86.411054
2026-08-24 15:00:00,N10,0.2194,0.008033,3.95,-0.0453,2.1e-05,40.8,23.765137,86.411054
2026-08-24 16:00:00,N10,0.1706,0.006405,4.67,-0.0455,0.000355,39.2,23.765137,86.411054
2026-08-24 17:00:00,N10,0.0841,0.005523,8.68,-0.0446,0.000163,37.4,23.765137,86.411054
2026-08-24 18:00:00,N10,-0.0618,0.005848,8.83,-0.0451,0.000205,35.5,23.765137,86.411054
2026-08-24 19:00:00,N10,,,,,,,23.765137,86.411054
2026-08-24 20:00:00,N10,,,,,,,23.765137,86.411054
2026-08-24 21:00:00,N10,,,,,,,23.765137,86.411054
2026-08-24 22:00:00,N10,0.0968,0.009917,4.82,-0.0449,0.000294,29.0,23.765137,86.411054
2026-08-24 23:00:00,N10,0.0159,0.007452,4.81,-0.0448,9.2e-05,28.3,23.765137,86.411054
2026-08-25 00:00:00,N10,-0.0224,0.007286,7.16,-0.045,0.000157,23.8,23.765137,86.411054
2026-08-25 01:00:00,N10,0.0095,0.005313,2.35,-0.0451,0.000308,24.1,23.765137,86.411054
2026-08-25 02:00:00,N10,-0.1244,0.006379,4.47,-0.0444,0.000111,24.8,23.765137,86.411054
2026-08-25 03:00:00,N10,0.1553,0.005853,7.34,-0.0449,0.000174,26.0,23.765137,86.411054
2026-08-25 04:00:00,N10,-0.1275,0.007226,1.88,-0.0448,0.000302,27.6,23.765137,86.411054
2026-08-25 05:00:00,N10,-0.1248,0.005799,7.67,-0.0443,0.000242,29.4,23.765137,86.411054
2026-08-25 06:00:00,N10,-0.2747,0.006859,2.59,-0.0443,0.000167,31.3,23.765137,86.411054
2026-08-25 07:00:00,N10,-0.0776,0.00578,9.23,-0.0446,3.3e-05,33.2,23.765137,86.411054
2026-08-25 08:00:00,N10,-0.051,0.007536,4.94,-0.0442,8.5e-05,35.1,23.765137,86.411054
2026-08-25 09:00:00,N10,-0.0375,0.005781,1.74,-0.0448,0.000212,36.6,23.765137,86.411054
2026-08-25 10:00:00,N10,0.0481,0.006754,9.88,-0.0447,3.9e-05,37.8,23.765137,86.411054
2026-08-25 11:00:00,N10,0.0219,0.005761,6.66,-0.0447,0.000412,38.5,23.765137,86.411054
2026-08-25 12:00:00,N10,-0.0895,0.005556,7.67,-0.0438,0.000837,38.8,23.765137,86.411054
2026-08-25 13:00:00,N10,-0.1622,0.009262,1.37,-0.043,0.0005,38.5,23.765137,86.411054
2026-08-25 14:00:00,N10,-0.0723,0.005001,1.07,-0.0428,0.000368,37.8,23.765137,86.411054
2026-08-25 15:00:00,N10,0.1841,0.007352,7.76,-0.0423,0.017489,36.6,23.765137,86.411054
2026-08-25 16:00:00,N10,-0.1869,0.707696,31.79,-0.0778,0.008074,35.1,23.765137,86.411054
2026-08-25 17:00:00,N10,0.012,0.640342,37.11,-0.0584,0.018405,33.2,23.765137,86.411054
2026-08-25 18:00:00,N10,-0.1991,0.005278,5.74,-0.041,0.008667,31.3,23.765137,86.411054
2026-08-25 19:00:00,N10,-0.2117,0.006899,6.73,-0.0411,0.000197,29.4,23.765137,86.411054
2026-08-25 20:00:00,N10,-0.1947,0.00812,4.95,-0.0406,0.000373,27.6,23.765137,86.411054
2026-08-25 21:00:00,N10,-0.0505,0.006159,3.48,-0.0418,0.000532,26.0,23.765137,86.411054
2026-08-25 22:00:00,N10,-0.2997,0.006982,8.01,-0.0417,1.6e-05,24.8,23.765137,86.411054
2026-08-25 23:00:00,N10,-0.0553,0.006648,6.4,-0.0418,0.000361,24.1,23.765137,86.411054
2026-08-26 00:00:00,N10,,,,,,,23.765137,86.411054
2026-08-26 01:00:00,N10,,,,,,,23.765137,86.411054
2026-08-26 02:00:00,N10,-0.1467,0.006295,5.81,-0.0414,0.000129,25.3,23.765137,86.411054
2026-08-26 03:00:00,N10,-0.0257,0.005067,7.7,-0.0416,0.000466,26.5,23.765137,86.411054
2026-08-26 04:00:00,N10,0.0495,0.006875,3.71,-0.0423,4.9e-05,28.0,23.765137,86.411054
2026-08-26 05:00:00,N10,-0.0713,0.006657,8.74,-0.0417,0.000261,29.8,23.765137,86.411054
2026-08-26 06:00:00,N10,-0.0614,0.007681,6.88,-0.0418,0.009132,31.8,23.765137,86.411054
2026-08-26 07:00:00,N10,-0.0203,0.996259,35.89,-0.06,0.000148,33.7,23.765137,86.411054
2026-08-26 08:00:00,N10,0.3078,0.007364,3.24,-0.0415,0.009634,35.5,23.765137,86.411054
2026-08-26 09:00:00,N10,,,,,,,23.765137,86.411054
2026-08-26 10:00:00,N10,,,,,,,23.765137,86.411054
2026-08-26 11:00:00,N10,,,,,,,23.765137,86.411054
2026-08-26 12:00:00,N10,0.0787,0.005779,1.83,-0.041,6.1e-05,39.3,23.765137,86.411054
2026-08-26 13:00:00,N10,0.032,0.007137,9.88,-0.041,0.002648,39.0,23.765137,86.411054
2026-08-26 14:00:00,N10,-0.2421,0.687581,17.39,-0.0357,0.002921,38.3,23.765137,86.411054
2026-08-26 15:00:00,N10,-0.1079,0.977099,38.0,-0.0352,0.002315,37.1,23.765137,86.411054
2026-08-26 16:00:00,N10,0.0351,0.006129,5.31,-0.0403,0.002347,35.5,23.765137,86.411054
2026-08-26 17:00:00,N10,0.0295,0.007307,6.35,-0.0399,1e-05,33.7,23.765137,86.411054
2026-08-26 18:00:00,N10,0.0746,0.006173,9.95,-0.0403,2.9e-05,31.8,23.765137,86.411054
2026-08-26 19:00:00,N10,-0.1455,0.008537,5.26,-0.04,0.000112,29.8,23.765137,86.411054
2026-08-26 20:00:00,N10,0.0828,0.006471,8.33,-0.0405,5.5e-05,28.0,23.765137,86.411054
2026-08-26 21:00:00,N10,-0.3512,0.005376,3.58,-0.0398,0.000284,26.5,23.765137,86.411054
2026-08-26 22:00:00,N10,-0.1522,0.005462,8.3,-0.04,0.000301,25.3,23.765137,86.411054
2026-08-26 23:00:00,N10,0.0515,0.005363,8.83,-0.0404,6.4e-05,24.5,23.765137,86.411054
2026-08-27 00:00:00,N10,-0.067,0.007923,4.94,-0.0398,0.000287,26.1,23.765137,86.411054
2026-08-27 01:00:00,N10,-0.145,0.008025,8.81,-0.0399,8.9e-05,26.4,23.765137,86.411054
2026-08-27 02:00:00,N10,-0.1313,0.005309,6.09,-0.0397,0.000158,27.2,23.765137,86.411054
2026-08-27 03:00:00,N10,,,,,,,23.765137,86.411054
2026-08-27 04:00:00,N10,,,,,,,23.765137,86.411054
2026-08-27 05:00:00,N10,,,,,,,23.765137,86.411054
2026-08-27 06:00:00,N10,,,,,,,23.765137,86.411054
2026-08-27 07:00:00,N10,,,,,,,23.765137,86.411054
2026-08-27 08:00:00,N10,0.0341,0.006045,9.83,-0.0412,0.000382,37.4,23.765137,86.411054
2026-08-27 09:00:00,N10,0.0405,0.007532,8.25,-0.0414,0.00022,38.9,23.765137,86.411054
2026-08-27 10:00:00,N10,-0.0208,0.005042,6.48,-0.0408,0.000133,40.1,23.765137,86.411054
2026-08-27 11:00:00,N10,0.3132,0.005131,5.11,-0.0412,0.000553,40.9,23.765137,86.411054
2026-08-27 12:00:00,N10,,,,,,,23.765137,86.411054
2026-08-27 13:00:00,N10,,,,,,,23.765137,86.411054
2026-08-27 14:00:00,N10,,,,,,,23.765137,86.411054
2026-08-27 15:00:00,N10,,,,,,,23.765137,86.411054
2026-08-27 16:00:00,N10,,,,,,,23.765137,86.411054
2026-08-27 17:00:00,N10,0.0775,0.00507,8.6,-0.0413,0.006355,35.6,23.765137,86.411054
2026-08-27 18:00:00,N10,0.0092,0.005471,2.82,-0.0418,0.000188,33.6,23.765137,86.411054
2026-08-27 19:00:00,N10,-0.0031,0.005055,8.85,-0.0409,0.000305,31.7,23.765137,86.411054
2026-08-27 20:00:00,N10,0.0421,0.007161,7.85,-0.0412,0.000244,29.9,23.765137,86.411054
2026-08-27 21:00:00,N10,0.2129,0.006426,1.53,-0.0414,0.000124,28.3,23.765137,86.411054
2026-08-27 22:00:00,N10,0.2854,0.005377,3.61,-0.0414,9.3e-05,27.2,23.765137,86.411054
2026-08-27 23:00:00,N10,-0.0522,0.007599,1.64,-0.0412,0.000215,26.4,23.765137,86.411054
