timestamp,node_id,tilt_deg,vib_rms,vib_dom_freq_hz,strain_mm,crack_proxy,temp_c,lat,lng
2026-03-01 00:00:00,N05,0.1563,0.005303,5.12,-0.0011,0.000299,27.0,23.765562,86.415081
2026-03-01 01:00:00,N05,-0.301,0.005464,7.49,-0.0008,0.00013,27.3,23.765562,86.415081
2026-03-01 02:00:00,N05,,,,,,,23.765562,86.415081
2026-03-01 03:00:00,N05,,,,,,,23.765562,86.415081
2026-03-01 04:00:00,N05,,,,,,,23.765562,86.415081
2026-03-01 05:00:00,N05,-0.286,0.006011,1.53,-0.0008,0.003791,32.6,23.765562,86.415081
2026-03-01 06:00:00,N05,0.2863,0.984047,49.42,0.0067,0.00396,34.5,23.765562,86.415081
2026-03-01 07:00:00,N05,-0.1657,0.655168,39.31,0.0071,0.003605,36.5,23.765562,86.415081
2026-03-01 08:00:00,N05,-0.0816,0.006274,3.58,-0.0005,0.003522,38.3,23.765562,86.415081
2026-03-01 09:00:00,N05,0.0225,0.005018,6.14,0.0001,0.000425,39.8,23.765562,86.415081
2026-03-01 10:00:00,N05,-0.0291,0.006614,3.79,0.0004,0.002893,41.0,23.765562,86.415081
2026-03-01 11:00:00,N05,0.0668,0.625008,22.38,0.0059,0.006813,41.8,23.765562,86.415081
2026-03-01 12:00:00,N05,0.2165,0.538423,47.1,0.014,0.003319,42.0,23.765562,86.415081
2026-03-01 13:00:00,N05,0.1682,0.008201,8.12,-0.0007,0.007416,41.8,23.765562,86.415081
2026-03-01 14:00:00,N05,0.2795,0.006442,8.22,-0.0009,0.00054,41.0,23.765562,86.415081
2026-03-01 15:00:00,N05,-0.4001,0.00802,9.44,-0.0018,0.000352,39.8,23.765562,86.415081
2026-03-01 16:00:00,N05,0.1718,0.008014,3.75,-0.0016,1.6e-05,38.3,23.765562,86.415081
2026-03-01 17:00:00,N05,-0.0857,0.006938,5.75,-0.0018,0.000136,36.5,23.765562,86.415081
2026-03-01 18:00:00,N05,0.0414,0.005729,4.5,-0.0018,0.000197,34.5,23.765562,86.415081
2026-03-01 19:00:00,N05,-0.0415,0.005123,7.23,-0.0022,0.000145,32.6,23.765562,86.415081
2026-03-01 20:00:00,N05,-0.223,0.006722,3.65,-0.0021,0.00031,30.8,23.765562,86.415081
2026-03-01 21:00:00,N05,-0.05,0.007616,1.5,-0.0016,6.8e-05,29.2,23.765562,86.415081
2026-03-01 22:00:00,N05,-0.0002,0.006375,7.22,-0.002,0.000602,28.1,23.765562,86.415081
2026-03-01 23:00:00,N05,-0.12,0.005859,1.92,-0.0028,0.000454,27.3,23.765562,86.415081
2026-03-02 00:00:00,N05,-0.0063,0.007185,9.91,-0.0029,0.000154,30.6,23.765562,86.415081
2026-03-02 01:00:00,N05,0.0174,0.005206,9.29,-0.0031,0.000187,30.9,23.765562,86.415081
2026-03-02 02:00:00,N05,-0.2245,0.00826,9.76,-0.0033,0.000247,31.6,23.765562,86.415081
2026-03-02 03:00:00,N05,-0.2682,0.008333,7.43,-0.0026,0.000191,32.8,23.765562,86.415081
2026-03-02 04:00:00,N05,0.0632,0.007688,8.12,-0.0029,0.000196,34.4,23.765562,86.415081
2026-03-02 05:00:00,N05,-0.1597,0.005237,9.25,-0.0022,1e-06,36.2,23.765562,86.415081
2026-03-02 06:00:00,N05,0.1624,0.009299,6.88,-0.0029,0.000962,38.1,23.765562,86.415081
2026-03-02 07:00:00,N05,0.1974,0.006652,2.26,-0.0041,0.000675,40.1,23.765562,86.415081
2026-03-02 08:00:00,N05,0.0499,0.007438,1.69,-0.0042,0.000307,41.9,23.765562,86.415081
2026-03-02 09:00:00,N05,-0.249,0.006808,5.81,-0.0035,0.000592,43.4,23.765562,86.415081
2026-03-02 10:00:00,N05,-0.1215,0.005721,5.9,-0.003,0.00396,44.6,23.765562,86.415081
2026-03-02 11:00:00,N05,0.1463,0.858204,49.49,-0.0114,0.004555,45.4,23.765562,86.415081
2026-03-02 12:00:00,N05,-0.1343,0.776401,47.29,-0.0122,0.00331,45.6,23.765562,86.415081
2026-03-02 13:00:00,N05,-0.0071,0.005944,9.76,-0.0048,0.004335,45.4,23.765562,86.415081
2026-03-02 14:00:00,N05,0.0579,0.006792,1.14,-0.0035,0.000562,44.6,23.765562,86.415081
2026-03-02 15:00:00,N05,-0.0584,0.008953,6.37,-0.0037,0.000372,43.4,23.765562,86.415081
2026-03-02 16:00:00,N05,-0.0535,0.006824,4.91,-0.0042,5.1e-05,41.9,23.765562,86.415081
2026-03-02 17:00:00,N05,-0.0641,0.005484,5.43,-0.0038,0.000172,40.1,23.765562,86.415081
2026-03-02 18:00:00,N05,0.0185,0.006035,2.26,-0.0039,0.000143,38.1,23.765562,86.415081
2026-03-02 19:00:00,N05,0.0215,0.008192,5.37,-0.0041,0.00021,36.2,23.765562,86.415081
2026-03-02 20:00:00,N05,0.2862,0.007616,9.84,-0.0043,0.000134,34.4,23.765562,86.415081
2026-03-02 21:00:00,N05,0.0377,0.005718,5.24,-0.0043,0.000181,32.8,23.765562,86.415081
2026-03-02 22:00:00,N05,0.0943,0.006359,7.89,-0.0039,6.7e-05,31.6,23.765562,86.415081
2026-03-02 23:00:00,N05,-0.283,0.006866,4.2,-0.0042,0.000528,30.9,23.765562,86.415081
2026-03-03 00:00:00,N05,-0.1165,0.006911,2.69,-0.0029,0.000321,23.1,23.765562,86.415081
2026-03-03 01:00:00,N05,0.286,0.005739,7.6,-0.0036,0.000161,23.3,23.765562,86.415081
2026-03-03 02:00:00,N05,0.0346,0.008636,2.71,-0.0032,0.000306,24.1,23.765562,86.415081
2026-03-03 03:00:00,N05,0.0037,0.005555,1.98,-0.003,0.000108,25.3,23.765562,86.415081
2026-03-03 04:00:00,N05,-0.0552,0.007316,3.31,-0.003,3.8e-05,26.8,23.765562,86.415081
2026-03-03 05:00:00,N05,-0.2311,0.008297,4.29,-0.0029,7e-05,28.6,23.765562,86.415081
2026-03-03 06:00:00,N05,0.2646,0.009069,7.69,-0.0031,0.000467,30.6,23.765562,86.415081
2026-03-03 07:00:00,N05,-0.1873,0.006625,1.12,-0.0019,0.000381,32.5,23.765562,86.415081
2026-03-03 08:00:00,N05,,,,,,,23.765562,86.415081
2026-03-03 09:00:00,N05,0.0069,0.008206,5.47,-0.0022,0.000138,35.9,23.765562,86.415081
2026-03-03 10:00:00,N05,0.0289,0.006418,6.18,-0.0027,0.000479,37.1,23.765562,86.415081
2026-03-03 11:00:00,N05,-0.177,0.005658,1.58,-0.0032,0.009975,37.8,23.765562,86.415081
2026-03-03 12:00:00,N05,-0.112,0.698008,46.37,-0.0226,0.005872,38.1,23.765562,86.415081
2026-03-03 13:00:00,N05,0.0362,0.512659,42.36,-0.0149,0.01036,37.8,23.765562,86.415081
2026-03-03 14:00:00,N05,-0.0313,0.007811,1.21,-0.0019,0.006316,37.1,23.765562,86.415081
2026-03-03 15:00:00,N05,0.0653,0.007602,1.74,-0.0023,0.009124,35.9,23.765562,86.415081
2026-03-03 16:00:00,N05,-0.1465,0.60018,31.07,0.0164,0.000711,34.3,23.765562,86.415081
2026-03-03 17:00:00,N05,,,,,,,23.765562,86.415081
2026-03-03 18:00:00,N05,,,,,,,23.765562,86.415081
2026-03-03 19:00:00,N05,,,,,,,23.765562,86.415081
2026-03-03 20:00:00,N05,,,,,,,23.765562,86.415081
2026-03-03 21:00:00,N05,0.0798,0.0059,2.55,-0.0009,7e-06,25.3,23.765562,86.415081
2026-03-03 22:00:00,N05,-0.1342,0.005438,8.89,-0.0007,0.000145,24.1,23.765562,86.415081
2026-03-03 23:00:00,N05,-0.2354,0.006177,3.53,-0.0012,0.000571,23.3,23.765562,86.415081
2026-03-04 00:00:00,N05,-0.0866,0.008048,5.36,-0.0019,0.000419,24.0,23.765562,86.415081
2026-03-04 01:00:00,N05,0.0529,0.006159,9.78,-0.002,0.000357,24.3,23.765562,86.415081
2026-03-04 02:00:00,N05,-0.0842,0.005429,2.55,-0.0011,0.00018,25.0,23.765562,86.415081
2026-03-04 03:00:00,N05,-0.1177,0.007312,8.74,-0.0017,0.000231,26.2,23.765562,86.415081
2026-03-04 04:00:00,N05,0.033,0.008019,6.4,-0.0016,0.00011,27.8,23.765562,86.415081
2026-03-04 05:00:00,N05,0.2927,0.005086,7.26,-0.0019,0.000377,29.6,23.765562,86.415081
2026-03-04 06:00:00,N05,-0.0829,0.005889,4.99,-0.0024,0.000421,31.5,23.765562,86.415081
2026-03-04 07:00:00,N05,,,,,,,23.765562,86.415081
2026-03-04 08:00:00,N05,,,,,,,23.765562,86.415081
2026-03-04 09:00:00,N05,,,,,,,23.765562,86.415081
2026-03-04 10:00:00,N05,,,,,,,23.765562,86.415081
2026-03-04 11:00:00,N05,,,,,,,23.765562,86.415081
2026-03-04 12:00:00,N05,0.0657,0.006598,7.54,-0.0015,0.000119,39.0,23.765562,86.415081
2026-03-04 13:00:00,N05,0.1467,0.007343,1.88,-0.0012,0.000136,38.8,23.765562,86.415081
2026-03-04 14:00:00,N05,0.092,0.005563,6.58,-0.0012,0.004619,38.0,23.765562,86.415081
2026-03-04 15:00:00,N05,0.0232,0.985841,34.01,0.008,0.000269,36.8,23.765562,86.415081
2026-03-04 16:00:00,N05,0.015,0.010903,6.77,-0.0007,0.003991,35.3,23.765562,86.415081
2026-03-04 17:00:00,N05,0.0493,0.005509,3.74,0.0,4.8e-05,33.5,23.765562,86.415081
2026-03-04 18:00:00,N05,0.2116,0.005207,4.56,-0.0006,0.000565,31.5,23.765562,86.415081
2026-03-04 19:00:00,N05,-0.1428,0.006096,8.54,-0.0011,0.000208,29.6,23.765562,86.415081
2026-03-04 20:00:00,N05,-0.047,0.006007,5.2,-0.0002,0.000315,27.8,23.765562,86.415081
2026-03-04 21:00:00,N05,-0.131,0.005035,8.72,-0.0005,0.000239,26.2,23.765562,86.415081
2026-03-04 22:00:00,N05,0.0233,0.005229,7.19,0.0003,0.000179,25.0,23.765562,86.415081
2026-03-04 23:00:00,N05,-0.1753,0.006539,6.37,-0.0001,0.000151,24.3,23.765562,86.415081
2026-03-05 00:00:00,N05,,,,,,,23.765562,86.415081
2026-03-05 01:00:00,N05,,,,,,,23.765562,86.415081
2026-03-05 02:00:00,N05,,,,,,,23.765562,86.415081
2026-03-05 03:00:00,N05,0.005,0.005496,1.47,-0.0005,4.5e-05,22.9,23.765562,86.415081
2026-03-05 04:00:00,N05,-0.0644,0.007889,6.16,-0.0012,0.000265,24.5,23.765562,86.415081
2026-03-05 05:00:00,N05,-0.0504,0.006064,6.32,-0.001,0.000206,26.3,23.765562,86.415081
2026-03-05 06:00:00,N05,,,,,,,23.765562,86.415081
2026-03-05 07:00:00,N05,,,,,,,23.765562,86.415081
2026-03-05 08:00:00,N05,-0.2529,0.005357,8.14,-0.0027,0.000223,32.0,23.765562,86.415081
2026-03-05 09:00:00,N05,-0.1418,0.007221,2.17,-0.002,0.002713,33.5,23.765562,86.415081
2026-03-05 10:00:00,N05,0.1331,0.762539,22.82,-0.0081,0.000569,34.7,23.765562,86.415081
2026-03-05 11:00:00,N05,0.0381,0.006056,9.0,-0.0032,0.002363,35.5,23.765562,86.415081
2026-03-05 12:00:00,N05,-0.1619,0.007005,7.53,-0.0034,0.000494,35.7,23.765562,86.415081
2026-03-05 13:00:00,N05,-0.0217,0.007076,8.47,-0.0042,0.000602,35.5,23.765562,86.415081
2026-03-05 14:00:00,N05,-0.0865,0.005978,2.29,-0.0046,0.006121,34.7,23.765562,86.415081
2026-03-05 15:00:00,N05,-0.0114,0.642522,44.05,-0.0164,0.005738,33.5,23.765562,86.415081
2026-03-05 16:00:00,N05,0.6169,0.513257,32.77,-0.0161,0.006528,32.0,23.765562,86.415081
2026-03-05 17:00:00,N05,0.0504,0.005497,7.71,-0.0033,0.006908,30.2,23.765562,86.415081
2026-03-05 18:00:00,N05,0.0409,0.006743,5.39,-0.0023,0.000292,28.2,23.765562,86.415081
2026-03-05 19:00:00,N05,0.0505,0.005757,6.53,-0.0028,0.000481,26.3,23.765562,86.415081
2026-03-05 20:00:00,N05,-0.1644,0.009789,5.72,-0.0032,0.000408,24.5,23.765562,86.415081
2026-03-05 21:00:00,N05,-0.1608,0.00781,3.79,-0.0036,0.000178,22.9,23.765562,86.415081
2026-03-05 22:00:00,N05,,,,,,,23.765562,86.415081
2026-03-05 23:00:00,N05,,,,,,,23.765562,86.415081
2026-03-06 00:00:00,N05,,,,,,,23.765562,86.415081
2026-03-06 01:00:00,N05,-0.1726,0.006261,1.77,-0.0039,0.000396,23.4,23.765562,86.415081
2026-03-06 02:00:00,N05,0.0158,0.005938,6.44,-0.0039,3e-05,24.2,23.765562,86.415081
2026-03-06 03:00:00,N05,0.0162,0.005378,7.29,-0.0039,5.5e-05,25.4,23.765562,86.415081
2026-03-06 04:00:00,N05,0.092,0.006545,1.07,-0.004,0.000207,26.9,23.765562,86.415081
2026-03-06 05:00:00,N05,-0.0768,0.008074,6.43,-0.0043,0.000115,28.7,23.765562,86.415081
2026-03-06 06:00:00,N05,0.0028,0.006591,1.78,-0.0043,0.000174,30.7,23.765562,86.415081
2026-03-06 07:00:00,N05,0.2682,0.006151,4.87,-0.0046,0.000373,32.6,23.765562,86.415081
2026-03-06 08:00:00,N05,0.1688,0.006947,6.55,-0.0035,0.000786,34.4,23.765562,86.415081
2026-03-06 09:00:00,N05,0.2391,0.007568,5.27,-0.0031,0.000326,36.0,23.765562,86.415081
2026-03-06 10:00:00,N05,0.0889,0.00713,9.19,-0.0029,1e-06,37.2,23.765562,86.415081
2026-03-06 11:00:00,N05,-0.1794,0.007551,5.94,-0.0031,0.009845,37.9,23.765562,86.415081
2026-03-06 12:00:00,N05,,,,,,,23.765562,86.415081
2026-03-06 13:00:00,N05,,,,,,,23.765562,86.415081
2026-03-06 14:00:00,N05,0.117,0.584,19.31,-0.0179,0.002038,37.2,23.765562,86.415081
2026-03-06 15:00:00,N05,,,,,,,23.765562,86.415081
2026-03-06 16:00:00,N05,,,,,,,23.765562,86.415081
2026-03-06 17:00:00,N05,,,,,,,23.765562,86.415081
2026-03-06 18:00:00,N05,0.0876,0.006076,7.9,-0.0068,2.7e-05,30.7,23.765562,86.415081
2026-03-06 19:00:00,N05,0.2773,0.005012,5.3,-0.0064,0.000218,28.7,23.765562,86.415081
2026-03-06 20:00:00,N05,-0.0335,0.007341,2.54,-0.0063,0.000241,26.9,23.765562,86.415081
2026-03-06 21:00:00,N05,-0.0695,0.00989,8.89,-0.0059,0.00073,25.4,23.765562,86.415081
2026-03-06 22:00:00,N05,0.1892,0.007109,3.63,-0.0049,0.000508,24.2,23.765562,86.415081
2026-03-06 23:00:00,N05,-0.1309,0.005511,7.89,-0.0049,0.000142,23.4,23.765562,86.415081
2026-03-07 00:00:00,N05,-0.0696,0.005796,6.11,-0.0046,1.4e-05,27.2,23.765562,86.415081
2026-03-07 01:00:00,N05,-0.317,0.005339,6.08,-0.0049,5e-06,27.5,23.765562,86.415081
2026-03-07 02:00:00,N05,-0.0587,0.005034,5.43,-0.0046,0.000206,28.3,23.765562,86.415081
2026-03-07 03:00:00,N05,0.0723,0.006071,6.6,-0.0045,4.3e-05,29.4,23.765562,86.415081
2026-03-07 04:00:00,N05,-0.0423,0.005156,5.96,-0.0045,0.000248,31.0,23.765562,86.415081
2026-03-07 05:00:00,N05,,,,,,,23.765562,86.415081
2026-03-07 06:00:00,N05,,,,,,,23.765562,86.415081
2026-03-07 07:00:00,N05,,,,,,,23.765562,86.415081
2026-03-07 08:00:00,N05,,,,,,,23.765562,86.415081
2026-03-07 09:00:00,N05,,,,,,,23.765562,86.415081
2026-03-07 10:00:00,N05,0.0377,0.0081,5.38,-0.004,0.000332,41.2,23.765562,86.415081
2026-03-07 11:00:00,N05,-0.0652,0.006022,7.6,-0.0042,6.7e-05,42.0,23.765562,86.415081
2026-03-07 12:00:00,N05,-0.0332,0.006194,7.73,-0.0041,4.3e-05,42.2,23.765562,86.415081
2026-03-07 13:00:00,N05,-0.3503,0.008941,4.32,-0.0043,0.009252,42.0,23.765562,86.415081
2026-03-07 14:00:00,N05,0.1793,0.899757,32.42,0.0144,0.005691,41.2,23.765562,86.415081
2026-03-07 15:00:00,N05,,,,,,,23.765562,86.415081
2026-03-07 16:00:00,N05,,,,,,,23.765562,86.415081
2026-03-07 17:00:00,N05,,,,,,,23.765562,86.415081
2026-03-07 18:00:00,N05,,,,,,,23.765562,86.415081
2026-03-07 19:00:00,N05,0.2517,0.005104,8.85,-0.0064,0.000286,32.8,23.765562,86.415081
2026-03-07 20:00:00,N05,0.0654,0.006801,5.45,-0.0061,0.000206,31.0,23.765562,86.415081
2026-03-07 21:00:00,N05,0.0815,0.006941,6.97,-0.0068,6.7e-05,29.4,23.765562,86.415081
2026-03-07 22:00:00,N05,-0.0385,0.005339,8.76,-0.0063,0.00017,28.3,23.765562,86.415081
2026-03-07 23:00:00,N05,-0.0681,0.007324,7.59,-0.0064,0.000122,27.5,23.765562,86.415081
2026-03-08 00:00:00,N05,0.1354,0.006274,2.04,-0.0065,0.001374,23.8,23.765562,86.415081
2026-03-08 01:00:00,N05,-0.1445,0.006835,3.36,-0.0037,0.002543,24.0,23.765562,86.415081
2026-03-08 02:00:00,N05,-0.1099,0.005415,3.51,-0.0014,0.00229,24.8,23.765562,86.415081
2026-03-08 03:00:00,N05,0.1631,0.00617,4.41,0.0009,0.002314,26.0,23.765562,86.415081
2026-03-08 04:00:00,N05,-0.0775,0.006106,9.32,0.0032,0.002045,27.5,23.765562,86.415081
2026-03-08 05:00:00,N05,0.3995,0.007828,1.57,0.005,0.002157,29.3,23.765562,86.415081
2026-03-08 06:00:00,N05,0.0421,0.006022,4.82,0.0075,0.00238,31.3,23.765562,86.415081
2026-03-08 07:00:00,N05,-0.1177,0.007551,7.45,0.0097,0.00237,33.2,23.765562,86.415081
2026-03-08 08:00:00,N05,0.0227,0.00944,2.96,0.0123,0.002507,35.0,23.765562,86.415081
2026-03-08 09:00:00,N05,-0.2431,0.008515,8.88,0.0148,0.00203,36.6,23.765562,86.415081
2026-03-08 10:00:00,N05,-0.1045,0.007426,8.17,0.0163,0.001796,37.8,23.765562,86.415081
2026-03-08 11:00:00,N05,-0.0776,0.005604,1.89,0.0184,0.002093,38.5,23.765562,86.415081
2026-03-08 12:00:00,N05,-0.0775,0.006019,5.76,0.0205,0.006338,38.8,23.765562,86.415081
2026-03-08 13:00:00,N05,,,,,,,23.765562,86.415081
2026-03-08 14:00:00,N05,,,,,,,23.765562,86.415081
2026-03-08 15:00:00,N05,,,,,,,23.765562,86.415081
2026-03-08 16:00:00,N05,,,,,,,23.765562,86.415081
2026-03-08 17:00:00,N05,,,,,,,23.765562,86.415081
2026-03-08 18:00:00,N05,,,,,,,23.765562,86.415081
2026-03-08 19:00:00,N05,-0.1455,0.008141,8.48,0.026,5.3e-05,29.3,23.765562,86.415081
2026-03-08 20:00:00,N05,-0.1731,0.005693,6.21,0.0267,0.000106,27.5,23.765562,86.415081
2026-03-08 21:00:00,N05,-0.178,0.01053,5.41,0.0263,0.000249,26.0,23.765562,86.415081
2026-03-08 22:00:00,N05,0.1831,0.007461,2.0,0.0262,0.00027,24.8,23.765562,86.415081
2026-03-08 23:00:00,N05,0.3455,0.006988,2.04,0.0257,0.000395,24.0,23.765562,86.415081
2026-03-09 00:00:00,N05,0.081,0.005912,8.65,0.0255,0.00018,21.6,23.765562,86.415081
2026-03-09 01:00:00,N05,-0.014,0.005314,6.25,0.0254,3.8e-05,21.8,23.765562,86.415081
2026-03-09 02:00:00,N05,-0.0486,0.008448,7.65,0.0255,0.000155,22.6,23.765562,86.415081
2026-03-09 03:00:00,N05,-0.1383,0.005874,2.45,0.025,0.000628,23.8,23.765562,86.415081
2026-03-09 04:00:00,N05,0.3768,0.007663,5.24,0.0243,0.000522,25.3,23.765562,86.415081
2026-03-09 05:00:00,N05,0.0078,0.006254,8.44,0.024,4.2e-05,27.1,23.765562,86.415081
2026-03-09 06:00:00,N05,0.1849,0.005401,4.2,0.0242,7e-06,29.1,23.765562,86.415081
2026-03-09 07:00:00,N05,,,,,,,23.765562,86.415081
2026-03-09 08:00:00,N05,,,,,,,23.765562,86.415081
2026-03-09 09:00:00,N05,,,,,,,23.765562,86.415081
2026-03-09 10:00:00,N05,0.1289,0.680851,20.05,0.0036,0.009491,35.6,23.765562,86.415081
2026-03-09 11:00:00,N05,0.0619,0.008769,8.05,0.0229,0.009527,36.3,23.765562,86.415081
2026-03-09 12:00:00,N05,0.0423,0.00692,7.61,0.0227,7.4e-05,36.6,23.765562,86.415081
2026-03-09 13:00:00,N05,0.0528,0.006129,7.37,0.0231,0.000128,36.3,23.765562,86.415081
2026-03-09 14:00:00,N05,0.1961,0.006572,9.92,0.0229,0.000244,35.6,23.765562,86.415081
2026-03-09 15:00:00,N05,0.1753,0.00807,7.41,0.0236,0.000181,34.4,23.765562,86.415081
2026-03-09 16:00:00,N05,0.0851,0.006859,9.52,0.0226,0.000736,32.8,23.765562,86.415081
2026-03-09 17:00:00,N05,-0.0261,0.006401,2.29,0.0221,9.5e-05,31.0,23.765562,86.415081
2026-03-09 18:00:00,N05,-0.0329,0.00708,7.62,0.0228,0.000556,29.1,23.765562,86.415081
2026-03-09 19:00:00,N05,0.0338,0.006549,6.56,0.0232,0.000485,27.1,23.765562,86.415081
2026-03-09 20:00:00,N05,-0.0144,0.006059,9.1,0.0218,0.000396,25.3,23.765562,86.415081
2026-03-09 21:00:00,N05,-0.0388,0.007895,4.73,0.0224,0.000485,23.8,23.765562,86.415081
2026-03-09 22:00:00,N05,0.1735,0.005972,8.58,0.0228,0.000175,22.6,23.765562,86.415081
2026-03-09 23:00:00,N05,0.0652,0.005839,9.6,0.0228,0.000143,21.8,23.765562,86.415081
2026-03-10 00:00:00,N05,,,,,,,23.765562,86.415081
2026-03-10 01:00:00,N05,,,,,,,23.765562,86.415081
2026-03-10 02:00:00,N05,-0.1147,0.006025,9.09,0.023,0.000938,24.2,23.765562,86.415081
2026-03-10 03:00:00,N05,0.3264,0.006957,1.18,0.0218,0.000915,25.4,23.765562,86.415081
2026-03-10 04:00:00,N05,0.102,0.007698,1.81,0.0211,0.000639,26.9,23.765562,86.415081
2026-03-10 05:00:00,N05,-0.1677,0.005061,7.41,0.0206,0.009534,28.7,23.765562,86.415081
2026-03-10 06:00:00,N05,-0.2119,0.937247,17.09,0.0021,6.9e-05,30.7,23.765562,86.415081
2026-03-10 07:00:00,N05,-0.0331,0.008201,1.0,0.0207,0.009471,32.6,23.765562,86.415081
2026-03-10 08:00:00,N05,0.0875,0.005217,5.72,0.021,0.00022,34.4,23.765562,86.415081
2026-03-10 09:00:00,N05,0.1623,0.006615,9.84,0.0203,0.000792,36.0,23.765562,86.415081
2026-03-10 10:00:00,N05,0.4167,0.008312,9.43,0.0194,0.000504,37.2,23.765562,86.415081
2026-03-10 11:00:00,N05,,,,,,,23.765562,86.415081
2026-03-10 12:00:00,N05,,,,,,,23.765562,86.415081
2026-03-10 13:00:00,N05,,,,,,,23.765562,86.415081
2026-03-10 14:00:00,N05,,,,,,,23.765562,86.415081
2026-03-10 15:00:00,N05,,,,,,,23.765562,86.415081
2026-03-10 16:00:00,N05,0.1183,0.575846,38.41,0.0103,0.004386,34.4,23.765562,86.415081
2026-03-10 17:00:00,N05,-0.0606,0.006806,7.94,0.0187,0.004176,32.6,23.765562,86.415081
2026-03-10 18:00:00,N05,-0.0865,0.005268,9.81,0.0186,6.3e-05,30.7,23.765562,86.415081
2026-03-10 19:00:00,N05,-0.036,0.00749,8.88,0.0188,0.000449,28.7,23.765562,86.415081
2026-03-10 20:00:00,N05,0.1472,0.006298,9.45,0.0195,0.000404,26.9,23.765562,86.415081
2026-03-10 21:00:00,N05,0.1494,0.005704,4.33,0.0196,0.000209,25.4,23.765562,86.415081
2026-03-10 22:00:00,N05,0.0454,0.006273,1.27,0.0191,6.1e-05,24.2,23.765562,86.415081
2026-03-10 23:00:00,N05,,,,,,,23.765562,86.415081
2026-03-11 00:00:00,N05,,,,,,,23.765562,86.415081
2026-03-11 01:00:00,N05,,,,,,,23.765562,86.415081
2026-03-11 02:00:00,N05,,,,,,,23.765562,86.415081
2026-03-11 03:00:00,N05,,,,,,,23.765562,86.415081
2026-03-11 04:00:00,N05,-0.1994,0.005014,8.54,0.0193,0.000184,29.2,23.765562,86.415081
2026-03-11 05:00:00,N05,0.0007,0.005695,9.34,0.0197,0.00062,31.0,23.765562,86.415081
2026-03-11 06:00:00,N05,-0.0017,0.007705,1.82,0.0205,0.000637,32.9,23.765562,86.415081
2026-03-11 07:00:00,N05,,,,,,,23.765562,86.415081
2026-03-11 08:00:00,N05,,,,,,,23.765562,86.415081
2026-03-11 09:00:00,N05,,,,,,,23.765562,86.415081
2026-03-11 10:00:00,N05,-0.3384,0.006227,8.91,0.0213,2.1e-05,39.4,23.765562,86.415081
2026-03-11 11:00:00,N05,-0.1538,0.007009,6.19,0.0214,0.003096,40.2,23.765562,86.415081
2026-03-11 12:00:00,N05,0.0815,0.725004,32.1,0.0275,0.002744,40.4,23.765562,86.415081
2026-03-11 13:00:00,N05,0.1874,0.985168,34.87,0.0269,0.003483,40.2,23.765562,86.415081
2026-03-11 14:00:00,N05,,,,,,,23.765562,86.415081
2026-03-11 15:00:00,N05,,,,,,,23.765562,86.415081
2026-03-11 16:00:00,N05,-0.0033,0.526752,21.82,0.0295,0.00858,36.7,23.765562,86.415081
2026-03-11 17:00:00,N05,0.1151,0.738806,26.75,0.0375,0.000324,34.9,23.765562,86.415081
2026-03-11 18:00:00,N05,,,,,,,23.765562,86.415081
2026-03-11 19:00:00,N05,,,,,,,23.765562,86.415081
2026-03-11 20:00:00,N05,,,,,,,23.765562,86.415081
2026-03-11 21:00:00,N05,0.0696,0.007629,9.88,0.0195,8e-06,27.6,23.765562,86.415081
2026-03-11 22:00:00,N05,-0.1313,0.007839,2.3,0.0195,9.9e-05,26.4,23.765562,86.415081
2026-03-11 23:00:00,N05,0.2492,0.005288,8.42,0.0193,0.000367,25.7,23.765562,86.415081
2026-03-12 00:00:00,N05,0.0603,0.006447,7.56,0.0188,0.000275,27.1,23.765562,86.415081
2026-03-12 01:00:00,N05,-0.3138,0.005286,1.97,0.0187,0.000423,27.4,23.765562,86.415081
2026-03-12 02:00:00,N05,-0.1166,0.008247,3.98,0.0196,0.000237,28.1,23.765562,86.415081
2026-03-12 03:00:00,N05,-0.0604,0.008671,8.41,0.0192,0.000204,29.3,23.765562,86.415081
2026-03-12 04:00:00,N05,-0.247,0.006365,8.1,0.0192,0.000117,30.9,23.765562,86.415081
2026-03-12 05:00:00,N05,0.0381,0.005684,6.28,0.019,0.000188,32.7,23.765562,86.415081
2026-03-12 06:00:00,N05,0.2852,0.007462,9.9,0.0188,8.5e-05,34.6,23.765562,86.415081
2026-03-12 07:00:00,N05,-0.0247,0.005512,1.18,0.0188,7.1e-05,36.6,23.765562,86.415081
2026-03-12 08:00:00,N05,-0.0188,0.006016,3.93,0.019,0.000379,38.4,23.765562,86.415081
2026-03-12 09:00:00,N05,,,,,,,23.765562,86.415081
2026-03-12 10:00:00,N05,,,,,,,23.765562,86.415081
2026-03-12 11:00:00,N05,,,,,,,23.765562,86.415081
2026-03-12 12:00:00,N05,0.1439,0.005263,2.63,0.0205,0.00014,42.1,23.765562,86.415081
2026-03-12 13:00:00,N05,-0.2484,0.007442,6.95,0.0207,0.008269,41.9,23.765562,86.415081
2026-03-12 14:00:00,N05,,,,,,,23.765562,86.415081
2026-03-12 15:00:00,N05,,,,,,,23.765562,86.415081
2026-03-12 16:00:00,N05,,,,,,,23.765562,86.415081
2026-03-12 17:00:00,N05,,,,,,,23.765562,86.415081
2026-03-12 18:00:00,N05,,,,,,,23.765562,86.415081
2026-03-12 19:00:00,N05,-0.1582,0.00555,2.0,0.0207,0.000558,32.7,23.765562,86.415081
2026-03-12 20:00:00,N05,-0.1595,0.008338,9.52,0.0199,0.000478,30.9,23.765562,86.415081
2026-03-12 21:00:00,N05,-0.1141,0.007183,2.36,0.0197,0.000487,29.3,23.765562,86.415081
2026-03-12 22:00:00,N05,0.2157,0.005298,8.77,0.0209,0.000419,28.1,23.765562,86.415081
2026-03-12 23:00:00,N05,-0.0189,0.005923,6.83,0.0206,0.000126,27.4,23.765562,86.415081
2026-03-13 00:00:00,N05,,,,,,,23.765562,86.415081
2026-03-13 01:00:00,N05,,,,,,,23.765562,86.415081
2026-03-13 02:00:00,N05,,,,,,,23.765562,86.415081
2026-03-13 03:00:00,N05,-0.0413,0.006433,6.58,0.0213,0.000757,28.5,23.765562,86.415081
2026-03-13 04:00:00,N05,0.0778,0.007857,9.86,0.0216,0.000189,30.0,23.765562,86.415081
2026-03-13 05:00:00,N05,0.1296,0.006101,3.91,0.021,0.000563,31.8,23.765562,86.415081
2026-03-13 06:00:00,N05,-0.0438,0.009126,9.38,0.0204,0.00021,33.8,23.765562,86.415081
2026-03-13 07:00:00,N05,0.1635,0.006355,6.33,0.0214,0.000256,35.7,23.765562,86.415081
2026-03-13 08:00:00,N05,-0.0368,0.007208,2.93,0.0209,0.00438,37.5,23.765562,86.415081
2026-03-13 09:00:00,N05,,,,,,,23.765562,86.415081
2026-03-13 10:00:00,N05,,,,,,,23.765562,86.415081
2026-03-13 11:00:00,N05,,,,,,,23.765562,86.415081
2026-03-13 12:00:00,N05,,,,,,,23.765562,86.415081
2026-03-13 13:00:00,N05,0.1646,0.0062,7.25,0.0206,0.000101,41.0,23.765562,86.415081
2026-03-13 14:00:00,N05,0.0063,0.008625,3.26,0.0207,0.000647,40.2,23.765562,86.415081
2026-03-13 15:00:00,N05,0.25,0.007275,4.54,0.0219,0.000828,39.1,23.765562,86.415081
2026-03-13 16:00:00,N05,0.175,0.00626,8.81,0.0223,0.000179,37.5,23.765562,86.415081
2026-03-13 17:00:00,N05,,,,,,,23.765562,86.415081
2026-03-13 18:00:00,N05,-0.2946,0.006579,2.44,0.0229,0.000439,33.8,23.765562,86.415081
2026-03-13 19:00:00,N05,-0.0114,0.007405,7.97,0.0231,0.00024,31.8,23.765562,86.415081
2026-03-13 20:00:00,N05,-0.0499,0.005416,6.62,0.0224,0.000173,30.0,23.765562,86.415081
2026-03-13 21:00:00,N05,0.0605,0.006031,7.41,0.0227,0.000611,28.5,23.765562,86.415081
2026-03-13 22:00:00,N05,-0.3527,0.007193,8.04,0.0236,0.000319,27.3,23.765562,86.415081
2026-03-13 23:00:00,N05,0.2304,0.007132,1.42,0.0234,0.000232,26.5,23.765562,86.415081
2026-03-14 00:00:00,N05,-0.0256,0.006197,2.08,0.0232,0.000446,25.4,23.765562,86.415081
2026-03-14 01:00:00,N05,0.0534,0.005446,3.12,0.0225,0.000514,25.7,23.765562,86.415081
2026-03-14 02:00:00,N05,-0.0596,0.006495,8.6,0.0221,1e-05,26.4,23.765562,86.415081
2026-03-14 03:00:00,N05,-0.0632,0.005976,2.43,0.0225,3.6e-05,27.6,23.765562,86.415081
2026-03-14 04:00:00,N05,0.0443,0.006784,7.61,0.0222,0.00058,29.1,23.765562,86.415081
2026-03-14 05:00:00,N05,0.1498,0.005408,6.5,0.0213,0.005269,31.0,23.765562,86.415081
2026-03-14 06:00:00,N05,-0.1214,0.005209,1.05,0.0117,0.004621,32.9,23.765562,86.415081
2026-03-14 07:00:00,N05,0.0263,0.006676,8.94,0.0121,0.000489,34.8,23.765562,86.415081
2026-03-14 08:00:00,N05,0.1414,0.007062,5.7,0.0126,0.000762,36.6,23.765562,86.415081
2026-03-14 09:00:00,N05,0.1382,0.005016,5.36,0.0136,0.000317,38.2,23.765562,86.415081
2026-03-14 10:00:00,N05,0.1701,0.007029,5.73,0.0133,0.000219,39.4,23.765562,86.415081
2026-03-14 11:00:00,N05,-0.3068,0.007874,5.09,0.0132,5e-05,40.1,23.765562,86.415081
2026-03-14 12:00:00,N05,0.2248,0.005205,6.34,0.0134,1.4e-05,40.4,23.765562,86.415081
2026-03-14 13:00:00,N05,-0.258,0.009353,5.13,0.0132,0.006366,40.1,23.765562,86.415081
2026-03-14 14:00:00,N05,0.4817,0.770147,34.57,0.0261,0.006528,39.4,23.765562,86.415081
2026-03-14 15:00:00,N05,-0.1825,0.739107,35.9,0.0262,0.006333,38.2,23.765562,86.415081
2026-03-14 16:00:00,N05,0.1325,0.008019,8.25,0.0134,0.006452,36.6,23.765562,86.415081
2026-03-14 17:00:00,N05,,,,,,,23.765562,86.415081
2026-03-14 18:00:00,N05,-0.2875,0.006606,7.17,0.0133,0.000349,32.9,23.765562,86.415081
2026-03-14 19:00:00,N05,-0.036,0.007626,1.83,0.014,0.000584,31.0,23.765562,86.415081
2026-03-14 20:00:00,N05,0.1669,0.006175,1.39,0.0144,4e-05,29.1,23.765562,86.415081
2026-03-14 21:00:00,N05,-0.0198,0.007185,2.33,0.0141,0.000548,27.6,23.765562,86.415081
2026-03-14 22:00:00,N05,0.2033,0.005567,8.89,0.0134,0.000837,26.4,23.765562,86.415081
2026-03-14 23:00:00,N05,0.0353,0.007693,6.07,0.0124,0.000741,25.7,23.765562,86.415081
2026-03-15 00:00:00,N05,0.0144,0.008027,2.24,0.0119,0.000297,25.4,23.765562,86.415081
2026-03-15 01:00:00,N05,-0.0258,0.007728,5.46,0.0118,5.5e-05,25.6,23.765562,86.415081
2026-03-15 02:00:00,N05,0.1043,0.006023,4.94,0.0118,0.00015,26.4,23.765562,86.415081
2026-03-15 03:00:00,N05,0.0933,0.006399,8.17,0.0121,2e-06,27.6,23.765562,86.415081
2026-03-15 04:00:00,N05,0.0144,0.006129,4.82,0.0118,0.000241,29.1,23.765562,86.415081
2026-03-15 05:00:00,N05,0.2282,0.007084,8.17,0.0117,0.000451,30.9,23.765562,86.415081
2026-03-15 06:00:00,N05,0.218,0.006503,4.4,0.0127,0.003483,32.9,23.765562,86.415081
2026-03-15 07:00:00,N05,0.0563,0.829716,49.14,0.0047,0.00393,34.8,23.765562,86.415081
2026-03-15 08:00:00,N05,-0.1605,0.867092,17.33,0.0048,0.004548,36.6,23.765562,86.415081
2026-03-15 09:00:00,N05,0.0871,0.006162,9.0,0.0138,0.004561,38.2,23.765562,86.415081
2026-03-15 10:00:00,N05,-0.0456,0.005752,3.78,0.0139,0.000154,39.4,23.765562,86.415081
2026-03-15 11:00:00,N05,0.1459,0.005762,9.57,0.0135,4.8e-05,40.1,23.765562,86.415081
2026-03-15 12:00:00,N05,0.3759,0.008334,2.87,0.014,0.000141,40.4,23.765562,86.415081
2026-03-15 13:00:00,N05,0.0312,0.005231,4.41,0.0138,0.000133,40.1,23.765562,86.415081
2026-03-15 14:00:00,N05,-0.1763,0.005327,8.2,0.0138,0.000113,39.4,23.765562,86.415081
2026-03-15 15:00:00,N05,-0.2521,0.006384,9.41,0.014,0.000336,38.2,23.765562,86.415081
2026-03-15 16:00:00,N05,0.0054,0.007965,4.88,0.0144,0.004959,36.6,23.765562,86.415081
2026-03-15 17:00:00,N05,-0.009,0.786868,48.64,0.0041,0.005562,34.8,23.765562,86.415081
2026-03-15 18:00:00,N05,-0.1922,0.824292,24.02,0.0033,0.004421,32.9,23.765562,86.415081
2026-03-15 19:00:00,N05,-0.2481,0.005079,6.01,0.0129,0.004472,30.9,23.765562,86.415081
2026-03-15 20:00:00,N05,-0.242,0.008648,1.79,0.0122,0.000162,29.1,23.765562,86.415081
2026-03-15 21:00:00,N05,-0.1274,0.007864,5.56,0.0126,6.3e-05,27.6,23.765562,86.415081
2026-03-15 22:00:00,N05,-0.1037,0.006161,5.4,0.0121,0.000636,26.4,23.765562,86.415081
2026-03-15 23:00:00,N05,0.1767,0.006362,9.33,0.0113,0.000897,25.6,23.765562,86.415081
2026-03-16 00:00:00,N05,,,,,,,23.765562,86.415081
2026-03-16 01:00:00,N05,,,,,,,23.765562,86.415081
2026-03-16 02:00:00,N05,-0.1721,0.005384,6.81,0.0119,0.000316,24.7,23.765562,86.415081
2026-03-16 03:00:00,N05,0.1628,0.005045,1.63,0.0116,4.7e-05,25.9,23.765562,86.415081
2026-03-16 04:00:00,N05,,,,,,,23.765562,86.415081
2026-03-16 05:00:00,N05,-0.01,0.006889,5.93,0.0121,0.000144,29.2,23.765562,86.415081
2026-03-16 06:00:00,N05,-0.0363,0.0066,5.71,0.0115,0.000349,31.2,23.765562,86.415081
2026-03-16 07:00:00,N05,0.0185,0.007696,5.65,0.0114,0.000195,33.1,23.765562,86.415081
2026-03-16 08:00:00,N05,-0.0263,0.009349,9.2,0.0119,0.000119,34.9,23.765562,86.415081
2026-03-16 09:00:00,N05,0.2142,0.006843,6.84,0.0116,0.000304,36.5,23.765562,86.415081
2026-03-16 10:00:00,N05,0.1867,0.005445,8.64,0.0113,0.00046,37.7,23.765562,86.415081
2026-03-16 11:00:00,N05,-0.1468,0.005295,1.73,0.0107,0.000691,38.4,23.765562,86.415081
2026-03-16 12:00:00,N05,0.101,0.005105,2.73,0.0099,0.000153,38.7,23.765562,86.415081
2026-03-16 13:00:00,N05,-0.0354,0.005485,8.19,0.0104,0.000231,38.4,23.765562,86.415081
2026-03-16 14:00:00,N05,0.1769,0.005878,2.77,0.0103,0.000164,37.7,23.765562,86.415081
2026-03-16 15:00:00,N05,,,,,,,23.765562,86.415081
2026-03-16 16:00:00,N05,0.1584,0.983539,17.35,0.0033,0.003743,34.9,23.765562,86.415081
2026-03-16 17:00:00,N05,0.1816,0.851805,37.7,0.0032,0.003794,33.1,23.765562,86.415081
2026-03-16 18:00:00,N05,0.1387,0.00513,5.59,0.0108,0.003897,31.2,23.765562,86.415081
2026-03-16 19:00:00,N05,0.2385,0.00601,5.93,0.011,0.000575,29.2,23.765562,86.415081
2026-03-16 20:00:00,N05,-0.1339,0.008629,4.18,0.012,2.7e-05,27.4,23.765562,86.415081
2026-03-16 21:00:00,N05,0.0581,0.006374,4.93,0.011,0.000593,25.9,23.765562,86.415081
2026-03-16 22:00:00,N05,-0.0118,0.006305,3.29,0.0108,0.00013,24.7,23.765562,86.415081
2026-03-16 23:00:00,N05,0.1439,0.006085,9.97,0.0107,8.7e-05,23.9,23.765562,86.415081
2026-03-17 00:00:00,N05,-0.2949,0.005976,3.5,0.011,0.000141,24.7,23.765562,86.415081
2026-03-17 01:00:00,N05,0.055,0.00514,5.55,0.011,0.000233,24.9,23.765562,86.415081
2026-03-17 02:00:00,N05,0.1131,0.005243,1.38,0.0105,5.3e-05,25.7,23.765562,86.415081
2026-03-17 03:00:00,N05,0.0904,0.007212,1.15,0.0111,3e-06,26.9,23.765562,86.415081
2026-03-17 04:00:00,N05,0.1929,0.007737,8.14,0.0105,0.000136,28.4,23.765562,86.415081
2026-03-17 05:00:00,N05,-0.2509,0.005213,1.74,0.0108,1e-06,30.2,23.765562,86.415081
2026-03-17 06:00:00,N05,0.3882,0.006853,9.77,0.0105,0.000147,32.2,23.765562,86.415081
2026-03-17 07:00:00,N05,-0.0845,0.008869,8.35,0.0105,6e-06,34.1,23.765562,86.415081
2026-03-17 08:00:00,N05,0.1028,0.005026,7.61,0.0105,0.007217,35.9,23.765562,86.415081
2026-03-17 09:00:00,N05,-0.0224,0.687705,32.94,0.025,0.000502,37.5,23.765562,86.415081
2026-03-17 10:00:00,N05,0.0766,0.005379,8.64,0.0115,0.006529,38.7,23.765562,86.415081
2026-03-17 11:00:00,N05,0.1356,0.007174,7.55,0.0119,0.005273,39.4,23.765562,86.415081
2026-03-17 12:00:00,N05,0.2631,0.990226,21.85,0.001,0.005472,39.7,23.765562,86.415081
2026-03-17 13:00:00,N05,,,,,,,23.765562,86.415081
2026-03-17 14:00:00,N05,0.2573,0.800112,34.58,-0.002,0.005086,38.7,23.765562,86.415081
2026-03-17 15:00:00,N05,-0.3366,0.00533,7.32,0.0111,0.006582,37.5,23.765562,86.415081
2026-03-17 16:00:00,N05,0.3754,0.005509,8.69,0.0112,5.9e-05,35.9,23.765562,86.415081
2026-03-17 17:00:00,N05,,,,,,,23.765562,86.415081
2026-03-17 18:00:00,N05,,,,,,,23.765562,86.415081
2026-03-17 19:00:00,N05,,,,,,,23.765562,86.415081
2026-03-17 20:00:00,N05,,,,,,,23.765562,86.415081
2026-03-17 21:00:00,N05,,,,,,,23.765562,86.415081
2026-03-17 22:00:00,N05,0.2246,0.00503,9.52,0.0122,0.000183,25.7,23.765562,86.415081
2026-03-17 23:00:00,N05,0.0992,0.005836,4.3,0.0121,0.000192,24.9,23.765562,86.415081
2026-03-18 00:00:00,N05,-0.095,0.006473,7.58,0.0126,0.000504,25.3,23.765562,86.415081
2026-03-18 01:00:00,N05,-0.1548,0.006683,8.24,0.0131,7e-05,25.5,23.765562,86.415081
2026-03-18 02:00:00,N05,-0.0911,0.007534,1.73,0.0127,0.000227,26.3,23.765562,86.415081
2026-03-18 03:00:00,N05,-0.0253,0.005896,3.61,0.0136,0.000749,27.5,23.765562,86.415081
2026-03-18 04:00:00,N05,-0.0162,0.005106,5.91,0.0142,0.00047,29.0,23.765562,86.415081
2026-03-18 05:00:00,N05,-0.192,0.008564,6.61,0.0145,0.000203,30.8,23.765562,86.415081
2026-03-18 06:00:00,N05,0.0111,0.006768,5.43,0.0146,9.6e-05,32.8,23.765562,86.415081
2026-03-18 07:00:00,N05,-0.0959,0.007501,1.38,0.0147,3.5e-05,34.7,23.765562,86.415081
2026-03-18 08:00:00,N05,0.2473,0.006422,9.01,0.0147,0.000331,36.5,23.765562,86.415081
2026-03-18 09:00:00,N05,0.0735,0.007386,6.83,0.0141,0.000502,38.1,23.765562,86.415081
2026-03-18 10:00:00,N05,0.0338,0.005953,6.45,0.0137,0.000284,39.3,23.765562,86.415081
2026-03-18 11:00:00,N05,-0.1455,0.008901,5.55,0.0135,0.007397,40.0,23.765562,86.415081
2026-03-18 12:00:00,N05,-0.0102,0.593017,48.83,-0.0011,0.000253,40.3,23.765562,86.415081
2026-03-18 13:00:00,N05,0.0578,0.00661,2.84,0.013,0.016355,40.0,23.765562,86.415081
2026-03-18 14:00:00,N05,-0.0982,0.756457,49.48,0.0316,0.008895,39.3,23.765562,86.415081
2026-03-18 15:00:00,N05,,,,,,,23.765562,86.415081
2026-03-18 16:00:00,N05,,,,,,,23.765562,86.415081
2026-03-18 17:00:00,N05,,,,,,,23.765562,86.415081
2026-03-18 18:00:00,N05,,,,,,,23.765562,86.415081
2026-03-18 19:00:00,N05,0.1772,0.005552,4.04,0.0137,0.00595,30.8,23.765562,86.415081
2026-03-18 20:00:00,N05,-0.1051,0.005901,5.08,0.0141,3.6e-05,29.0,23.765562,86.415081
2026-03-18 21:00:00,N05,0.251,0.005959,2.08,0.0138,0.000304,27.5,23.765562,86.415081
2026-03-18 22:00:00,N05,,,,,,,23.765562,86.415081
2026-03-18 23:00:00,N05,,,,,,,23.765562,86.415081
2026-03-19 00:00:00,N05,,,,,,,23.765562,86.415081
2026-03-19 01:00:00,N05,,,,,,,23.765562,86.415081
2026-03-19 02:00:00,N05,,,,,,,23.765562,86.415081
2026-03-19 03:00:00,N05,0.3595,0.007617,7.41,0.0127,0.000599,24.8,23.765562,86.415081
2026-03-19 04:00:00,N05,-0.0167,0.006129,2.93,0.0125,2.3e-05,26.4,23.765562,86.415081
2026-03-19 05:00:00,N05,-0.0522,0.007437,3.97,0.0127,0.000221,28.2,23.765562,86.415081
2026-03-19 06:00:00,N05,-0.0781,0.00563,9.72,0.0121,0.000171,30.1,23.765562,86.415081
2026-03-19 07:00:00,N05,0.0373,0.005449,5.23,0.0124,0.000286,32.1,23.765562,86.415081
2026-03-19 08:00:00,N05,-0.0061,0.006944,3.12,0.0126,0.000152,33.9,23.765562,86.415081
2026-03-19 09:00:00,N05,,,,,,,23.765562,86.415081
2026-03-19 10:00:00,N05,-0.0054,0.005336,6.19,0.0126,0.000213,36.6,23.765562,86.415081
2026-03-19 11:00:00,N05,-0.0967,0.007436,8.55,0.0131,0.000309,37.4,23.765562,86.415081
2026-03-19 12:00:00,N05,0.2879,0.006186,8.62,0.0132,0.000411,37.6,23.765562,86.415081
2026-03-19 13:00:00,N05,0.1544,0.00505,3.28,0.0139,0.000214,37.4,23.765562,86.415081
2026-03-19 14:00:00,N05,-0.2981,0.006172,6.42,0.0137,4.7e-05,36.6,23.765562,86.415081
2026-03-19 15:00:00,N05,0.0574,0.007508,3.87,0.0138,0.003893,35.4,23.765562,86.415081
2026-03-19 16:00:00,N05,-0.0619,0.526484,49.94,0.0059,0.004019,33.9,23.765562,86.415081
2026-03-19 17:00:00,N05,-0.0396,0.522327,15.03,0.0058,0.004152,32.1,23.765562,86.415081
2026-03-19 18:00:00,N05,0.1474,0.007829,7.14,0.0142,0.004008,30.1,23.765562,86.415081
2026-03-19 19:00:00,N05,0.4555,0.006109,3.66,0.0138,0.000135,28.2,23.765562,86.415081
2026-03-19 20:00:00,N05,-0.2726,0.005564,1.95,0.0139,0.000164,26.4,23.765562,86.415081
2026-03-19 21:00:00,N05,0.0169,0.006159,2.6,0.0141,0.000301,24.8,23.765562,86.415081
2026-03-19 22:00:00,N05,0.0778,0.005209,9.3,0.0145,3.9e-05,23.6,23.765562,86.415081
2026-03-19 23:00:00,N05,0.1232,0.007666,6.18,0.0142,2.8e-05,22.9,23.765562,86.415081
2026-03-20 00:00:00,N05,0.1175,0.007094,9.83,0.0145,0.000292,27.0,23.765562,86.415081
2026-03-20 01:00:00,N05,0.013,0.005594,2.67,0.0148,0.000251,27.3,23.765562,86.415081
2026-03-20 02:00:00,N05,0.0836,0.006183,6.29,0.014,0.0001,28.0,23.765562,86.415081
2026-03-20 03:00:00,N05,-0.3963,0.005736,6.47,0.0146,0.000272,29.2,23.765562,86.415081
2026-03-20 04:00:00,N05,-0.1861,0.008108,3.98,0.0145,0.000312,30.8,23.765562,86.415081
2026-03-20 05:00:00,N05,,,,,,,23.765562,86.415081
2026-03-20 06:00:00,N05,0.2197,0.006396,4.79,0.0143,0.000228,34.5,23.765562,86.415081
2026-03-20 07:00:00,N05,0.1038,0.005153,3.52,0.0144,0.000197,36.5,23.765562,86.415081
2026-03-20 08:00:00,N05,0.0402,0.006284,6.21,0.0139,0.000129,38.3,23.765562,86.415081
2026-03-20 09:00:00,N05,0.0649,0.00749,5.97,0.0147,0.000644,39.8,23.765562,86.415081
2026-03-20 10:00:00,N05,0.0165,0.005305,4.95,0.0152,0.000424,41.0,23.765562,86.415081
2026-03-20 11:00:00,N05,-0.1456,0.008136,7.17,0.0155,0.002425,41.8,23.765562,86.415081
2026-03-20 12:00:00,N05,0.1012,0.545024,27.24,0.0201,0.002316,42.0,23.765562,86.415081
2026-03-20 13:00:00,N05,,,,,,,23.765562,86.415081
2026-03-20 14:00:00,N05,,,,,,,23.765562,86.415081
2026-03-20 15:00:00,N05,0.1547,0.560641,43.96,0.0291,0.007349,39.8,23.765562,86.415081
2026-03-20 16:00:00,N05,0.054,0.005549,2.32,0.0143,0.00747,38.3,23.765562,86.415081
2026-03-20 17:00:00,N05,-0.1272,0.005497,9.25,0.0142,0.00033,36.5,23.765562,86.415081
2026-03-20 18:00:00,N05,0.0133,0.00608,2.49,0.0136,0.000987,34.5,23.765562,86.415081
2026-03-20 19:00:00,N05,0.2267,0.005572,7.87,0.0122,0.000248,32.6,23.765562,86.415081
2026-03-20 20:00:00,N05,-0.1735,0.009029,6.82,0.0131,0.000564,30.8,23.765562,86.415081
2026-03-20 21:00:00,N05,0.1544,0.007085,6.91,0.0134,0.000504,29.2,23.765562,86.415081
2026-03-20 22:00:00,N05,0.1254,0.005355,2.47,0.0142,0.000479,28.0,23.765562,86.415081
2026-03-20 23:00:00,N05,0.0634,0.005111,5.46,0.0143,0.000114,27.3,23.765562,86.415081
2026-03-21 00:00:00,N05,0.0889,0.005232,5.31,0.0144,0.000393,21.6,23.765562,86.415081
2026-03-21 01:00:00,N05,0.0083,0.007022,4.73,0.0135,0.000491,21.9,23.765562,86.415081
2026-03-21 02:00:00,N05,-0.297,0.006888,1.31,0.0134,0.000366,22.6,23.765562,86.415081
2026-03-21 03:00:00,N05,-0.1177,0.007303,8.28,0.0128,7.7e-05,23.8,23.765562,86.415081
2026-03-21 04:00:00,N05,-0.0841,0.005588,4.35,0.0136,0.000672,25.4,23.765562,86.415081
2026-03-21 05:00:00,N05,-0.1277,0.005028,9.01,0.0141,0.000317,27.2,23.765562,86.415081
2026-03-21 06:00:00,N05,,,,,,,23.765562,86.415081
2026-03-21 07:00:00,N05,,,,,,,23.765562,86.415081
2026-03-21 08:00:00,N05,,,,,,,23.765562,86.415081
2026-03-21 09:00:00,N05,-0.2684,0.008192,6.3,0.0135,0.018791,34.4,23.765562,86.415081
2026-03-21 10:00:00,N05,0.0434,0.007702,5.33,0.0137,0.000327,35.6,23.765562,86.415081
2026-03-21 11:00:00,N05,0.1355,0.005104,4.03,0.0128,0.000376,36.4,23.765562,86.415081
2026-03-21 12:00:00,N05,,,,,,,23.765562,86.415081
2026-03-21 13:00:00,N05,,,,,,,23.765562,86.415081
2026-03-21 14:00:00,N05,0.0755,0.00657,1.71,0.0117,0.000196,35.6,23.765562,86.415081
2026-03-21 15:00:00,N05,0.1785,0.005202,4.8,0.0129,0.000422,34.4,23.765562,86.415081
2026-03-21 16:00:00,N05,,,,,,,23.765562,86.415081
2026-03-21 17:00:00,N05,,,,,,,23.765562,86.415081
2026-03-21 18:00:00,N05,,,,,,,23.765562,86.415081
2026-03-21 19:00:00,N05,,,,,,,23.765562,86.415081
2026-03-21 20:00:00,N05,,,,,,,23.765562,86.415081
2026-03-21 21:00:00,N05,-0.3275,0.007598,3.87,0.0128,0.000435,23.8,23.765562,86.415081
2026-03-21 22:00:00,N05,-0.0721,0.007075,3.57,0.0133,0.000386,22.6,23.765562,86.415081
2026-03-21 23:00:00,N05,0.2992,0.008647,5.94,0.0136,0.000129,21.9,23.765562,86.415081
2026-03-22 00:00:00,N05,-0.2047,0.006999,1.47,0.0135,6.3e-05,26.0,23.765562,86.415081
2026-03-22 01:00:00,N05,-0.1437,0.008194,2.25,0.0134,1.7e-05,26.3,23.765562,86.415081
2026-03-22 02:00:00,N05,,,,,,,23.765562,86.415081
2026-03-22 03:00:00,N05,,,,,,,23.765562,86.415081
2026-03-22 04:00:00,N05,,,,,,,23.765562,86.415081
2026-03-22 05:00:00,N05,0.0292,0.005723,4.65,0.0139,0.006341,31.6,23.765562,86.415081
2026-03-22 06:00:00,N05,0.2003,0.709887,33.51,0.001,0.002875,33.5,23.765562,86.415081
2026-03-22 07:00:00,N05,,,,,,,23.765562,86.415081
2026-03-22 08:00:00,N05,,,,,,,23.765562,86.415081
2026-03-22 09:00:00,N05,,,,,,,23.765562,86.415081
2026-03-22 10:00:00,N05,,,,,,,23.765562,86.415081
2026-03-22 11:00:00,N05,,,,,,,23.765562,86.415081
2026-03-22 12:00:00,N05,0.0748,0.007102,2.97,0.014,0.000104,41.0,23.765562,86.415081
2026-03-22 13:00:00,N05,-0.1263,0.008464,5.79,0.0134,3.6e-05,40.7,23.765562,86.415081
2026-03-22 14:00:00,N05,-0.0302,0.009781,6.17,0.0141,0.000448,40.0,23.765562,86.415081
2026-03-22 15:00:00,N05,-0.0552,0.006848,7.28,0.0143,0.000248,38.8,23.765562,86.415081
2026-03-22 16:00:00,N05,0.0435,0.007283,5.05,0.0146,0.000383,37.2,23.765562,86.415081
2026-03-22 17:00:00,N05,0.1396,0.005918,5.53,0.0151,0.000178,35.4,23.765562,86.415081
2026-03-22 18:00:00,N05,-0.1588,0.008867,7.31,0.0142,0.00033,33.5,23.765562,86.415081
2026-03-22 19:00:00,N05,0.1713,0.005725,1.88,0.0144,8.4e-05,31.6,23.765562,86.415081
2026-03-22 20:00:00,N05,-0.1735,0.006651,2.94,0.0144,0.000235,29.7,23.765562,86.415081
2026-03-22 21:00:00,N05,0.0125,0.008239,5.87,0.0149,5.1e-05,28.2,23.765562,86.415081
2026-03-22 22:00:00,N05,0.1774,0.008465,6.1,0.0145,0.000277,27.0,23.765562,86.415081
2026-03-22 23:00:00,N05,-0.0449,0.005589,7.69,0.0143,0.00052,26.3,23.765562,86.415081
2026-03-23 00:00:00,N05,-0.0663,0.005924,4.76,0.0135,0.000165,24.1,23.765562,86.415081
2026-03-23 01:00:00,N05,-0.1561,0.006291,3.97,0.014,0.000148,24.4,23.765562,86.415081
2026-03-23 02:00:00,N05,-0.1574,0.007802,4.12,0.0137,0.000232,25.1,23.765562,86.415081
2026-03-23 03:00:00,N05,0.118,0.005306,2.39,0.0144,0.000612,26.3,23.765562,86.415081
2026-03-23 04:00:00,N05,0.1274,0.006319,7.89,0.015,0.000183,27.9,23.765562,86.415081
2026-03-23 05:00:00,N05,0.2098,0.0052,8.44,0.0148,0.000415,29.7,23.765562,86.415081
2026-03-23 06:00:00,N05,0.0921,0.006577,5.15,0.0158,0.000194,31.6,23.765562,86.415081
2026-03-23 07:00:00,N05,,,,,,,23.765562,86.415081
2026-03-23 08:00:00,N05,,,,,,,23.765562,86.415081
2026-03-23 09:00:00,N05,-0.0689,0.005005,5.06,0.0151,0.004836,36.9,23.765562,86.415081
2026-03-23 10:00:00,N05,-0.1296,0.558233,42.59,0.0052,8.5e-05,38.1,23.765562,86.415081
2026-03-23 11:00:00,N05,0.0757,0.006234,9.6,0.0149,0.009392,38.9,23.765562,86.415081
2026-03-23 12:00:00,N05,0.1252,0.813516,24.56,0.024,0.000754,39.1,23.765562,86.415081
2026-03-23 13:00:00,N05,-0.2044,0.900729,21.48,0.0134,0.004694,38.9,23.765562,86.415081
2026-03-23 14:00:00,N05,0.0003,0.00582,8.28,0.0146,0.000444,38.1,23.765562,86.415081
2026-03-23 15:00:00,N05,0.2056,0.008206,6.01,0.0143,0.0003,36.9,23.765562,86.415081
2026-03-23 16:00:00,N05,-0.0446,0.007432,1.08,0.0152,0.000142,35.4,23.765562,86.415081
2026-03-23 17:00:00,N05,-0.0689,0.007338,1.43,0.0146,0.000286,33.6,23.765562,86.415081
2026-03-23 18:00:00,N05,-0.1942,0.006872,9.43,0.0146,0.000143,31.6,23.765562,86.415081
2026-03-23 19:00:00,N05,0.0046,0.005003,2.7,0.0143,8e-06,29.7,23.765562,86.415081
2026-03-23 20:00:00,N05,-0.1145,0.007181,6.05,0.0146,0.000317,27.9,23.765562,86.415081
2026-03-23 21:00:00,N05,0.0543,0.006977,3.3,0.0149,9.4e-05,26.3,23.765562,86.415081
2026-03-23 22:00:00,N05,-0.0707,0.006389,2.34,0.0148,0.000337,25.1,23.765562,86.415081
2026-03-23 23:00:00,N05,-0.1264,0.008919,7.87,0.0143,0.000428,24.4,23.765562,86.415081
2026-03-24 00:00:00,N05,0.0311,0.005312,4.44,0.0139,0.000385,24.4,23.765562,86.415081
2026-03-24 01:00:00,N05,0.1118,0.009122,4.86,0.0135,0.000688,24.7,23.765562,86.415081
2026-03-24 02:00:00,N05,-0.1709,0.005791,6.25,0.0125,0.000504,25.4,23.765562,86.415081
2026-03-24 03:00:00,N05,0.0701,0.005935,1.14,0.0125,0.000216,26.6,23.765562,86.415081
2026-03-24 04:00:00,N05,,,,,,,23.765562,86.415081
2026-03-24 05:00:00,N05,,,,,,,23.765562,86.415081
2026-03-24 06:00:00,N05,0.0561,0.005418,9.97,0.0123,0.000152,31.9,23.765562,86.415081
2026-03-24 07:00:00,N05,0.134,0.005623,4.57,0.0118,0.000651,33.8,23.765562,86.415081
2026-03-24 08:00:00,N05,0.1554,0.005629,6.26,0.011,0.000441,35.6,23.765562,86.415081
2026-03-24 09:00:00,N05,,,,,,,23.765562,86.415081
2026-03-24 10:00:00,N05,,,,,,,23.765562,86.415081
2026-03-24 11:00:00,N05,,,,,,,23.765562,86.415081
2026-03-24 12:00:00,N05,,,,,,,23.765562,86.415081
2026-03-24 13:00:00,N05,-0.2633,0.006252,3.61,0.0107,0.007623,39.1,23.765562,86.415081
2026-03-24 14:00:00,N05,-0.0735,0.748169,37.29,-0.0039,0.011578,38.4,23.765562,86.415081
2026-03-24 15:00:00,N05,0.0023,0.741586,43.1,-0.0124,0.002821,37.2,23.765562,86.415081
2026-03-24 16:00:00,N05,-0.0952,0.640644,42.18,0.0017,0.01128,35.6,23.765562,86.415081
2026-03-24 17:00:00,N05,-0.0997,0.007566,3.9,0.0101,0.004646,33.8,23.765562,86.415081
2026-03-24 18:00:00,N05,0.0449,0.006167,9.69,0.011,0.000147,31.9,23.765562,86.415081
2026-03-24 19:00:00,N05,-0.0363,0.007633,6.33,0.0098,0.000375,30.0,23.765562,86.415081
2026-03-24 20:00:00,N05,-0.0521,0.007003,4.93,0.0103,0.000351,28.1,23.765562,86.415081
2026-03-24 21:00:00,N05,0.4365,0.006714,8.28,0.0105,0.000395,26.6,23.765562,86.415081
2026-03-24 22:00:00,N05,,,,,,,23.765562,86.415081
2026-03-24 23:00:00,N05,,,,,,,23.765562,86.415081
2026-03-25 00:00:00,N05,,,,,,,23.765562,86.415081
2026-03-25 01:00:00,N05,0.1673,0.006422,9.31,0.008,0.000553,25.1,23.765562,86.415081
2026-03-25 02:00:00,N05,,,,,,,23.765562,86.415081
2026-03-25 03:00:00,N05,,,,,,,23.765562,86.415081
2026-03-25 04:00:00,N05,,,,,,,23.765562,86.415081
2026-03-25 05:00:00,N05,,,,,,,23.765562,86.415081
2026-03-25 06:00:00,N05,-0.2143,0.005552,1.93,0.0084,0.005266,32.4,23.765562,86.415081
2026-03-25 07:00:00,N05,,,,,,,23.765562,86.415081
2026-03-25 08:00:00,N05,,,,,,,23.765562,86.415081
2026-03-25 09:00:00,N05,,,,,,,23.765562,86.415081
2026-03-25 10:00:00,N05,,,,,,,23.765562,86.415081
2026-03-25 11:00:00,N05,,,,,,,23.765562,86.415081
2026-03-25 12:00:00,N05,0.161,0.009035,1.21,0.0074,0.000775,39.9,23.765562,86.415081
2026-03-25 13:00:00,N05,-0.0639,0.005086,9.02,0.0064,0.000297,39.6,23.765562,86.415081
2026-03-25 14:00:00,N05,-0.0193,0.006175,9.36,0.0068,0.000139,38.9,23.765562,86.415081
2026-03-25 15:00:00,N05,0.087,0.007713,4.95,0.0066,0.000115,37.7,23.765562,86.415081
2026-03-25 16:00:00,N05,-0.2427,0.005625,8.37,0.007,0.00024,36.1,23.765562,86.415081
2026-03-25 17:00:00,N05,-0.2707,0.005633,6.84,0.0071,8.3e-05,34.3,23.765562,86.415081
2026-03-25 18:00:00,N05,-0.025,0.00597,7.29,0.0069,0.000188,32.4,23.765562,86.415081
2026-03-25 19:00:00,N05,-0.2627,0.005046,8.72,0.0068,0.000174,30.4,23.765562,86.415081
2026-03-25 20:00:00,N05,0.1166,0.006245,9.18,0.0065,0.000626,28.6,23.765562,86.415081
2026-03-25 21:00:00,N05,0.3758,0.007215,8.36,0.0055,0.000626,27.1,23.765562,86.415081
2026-03-25 22:00:00,N05,0.0768,0.005905,1.61,0.0053,0.000146,25.9,23.765562,86.415081
2026-03-25 23:00:00,N05,0.0357,0.007981,3.42,0.0052,0.000414,25.1,23.765562,86.415081
2026-03-26 00:00:00,N05,,,,,,,23.765562,86.415081
2026-03-26 01:00:00,N05,,,,,,,23.765562,86.415081
2026-03-26 02:00:00,N05,,,,,,,23.765562,86.415081
2026-03-26 03:00:00,N05,,,,,,,23.765562,86.415081
2026-03-26 04:00:00,N05,0.3075,0.007186,9.65,0.0039,0.000162,30.4,23.765562,86.415081
2026-03-26 05:00:00,N05,-0.3577,0.0066,5.03,0.0043,3.2e-05,32.2,23.765562,86.415081
2026-03-26 06:00:00,N05,-0.1216,0.006867,1.07,0.0039,0.000166,34.1,23.765562,86.415081
2026-03-26 07:00:00,N05,-0.2391,0.0059,1.76,0.004,0.000165,36.1,23.765562,86.415081
2026-03-26 08:00:00,N05,-0.1892,0.009245,4.25,0.0042,0.000313,37.9,23.765562,86.415081
2026-03-26 09:00:00,N05,0.0773,0.006445,9.28,0.0046,0.000421,39.4,23.765562,86.415081
2026-03-26 10:00:00,N05,0.282,0.007481,1.84,0.0051,8.9e-05,40.6,23.765562,86.415081
2026-03-26 11:00:00,N05,-0.0676,0.006681,3.56,0.0048,0.000238,41.4,23.765562,86.415081
2026-03-26 12:00:00,N05,0.4727,0.007305,9.24,0.0056,0.000476,41.6,23.765562,86.415081
2026-03-26 13:00:00,N05,0.2585,0.007845,3.0,0.0057,0.000104,41.4,23.765562,86.415081
2026-03-26 14:00:00,N05,0.1461,0.007436,4.87,0.0054,0.000333,40.6,23.765562,86.415081
2026-03-26 15:00:00,N05,-0.1067,0.005844,8.96,0.005,0.000335,39.4,23.765562,86.415081
2026-03-26 16:00:00,N05,0.0644,0.005625,7.44,0.0047,0.008434,37.9,23.765562,86.415081
2026-03-26 17:00:00,N05,0.0859,0.662837,32.52,-0.0118,0.00895,36.1,23.765562,86.415081
2026-03-26 18:00:00,N05,0.0596,0.868369,17.91,-0.0132,0.007571,34.1,23.765562,86.415081
2026-03-26 19:00:00,N05,-0.0028,0.005744,6.34,0.0033,0.008438,32.2,23.765562,86.415081
2026-03-26 20:00:00,N05,,,,,,,23.765562,86.415081
2026-03-26 21:00:00,N05,,,,,,,23.765562,86.415081
2026-03-26 22:00:00,N05,,,,,,,23.765562,86.415081
2026-03-26 23:00:00,N05,,,,,,,23.765562,86.415081
2026-03-27 00:00:00,N05,,,,,,,23.765562,86.415081
2026-03-27 01:00:00,N05,0.0105,0.007237,5.76,0.0038,0.000191,26.9,23.765562,86.415081
2026-03-27 02:00:00,N05,-0.0164,0.005872,4.34,0.0039,3e-06,27.6,23.765562,86.415081
2026-03-27 03:00:00,N05,-0.0653,0.005589,4.15,0.0038,0.000262,28.8,23.765562,86.415081
2026-03-27 04:00:00,N05,-0.2224,0.006829,1.46,0.0034,0.000274,30.4,23.765562,86.415081
2026-03-27 05:00:00,N05,-0.0998,0.005888,9.16,0.0043,0.000659,32.2,23.765562,86.415081
2026-03-27 06:00:00,N05,-0.2791,0.005894,3.72,0.0047,0.000295,34.1,23.765562,86.415081
2026-03-27 07:00:00,N05,0.1472,0.005732,1.58,0.0049,0.00538,36.1,23.765562,86.415081
2026-03-27 08:00:00,N05,-0.2783,0.857821,39.43,-0.0061,0.005745,37.9,23.765562,86.415081
2026-03-27 09:00:00,N05,-0.4156,0.879171,35.27,-0.0066,0.005201,39.4,23.765562,86.415081
2026-03-27 10:00:00,N05,0.0155,0.00759,6.19,0.0043,0.005861,40.6,23.765562,86.415081
2026-03-27 11:00:00,N05,-0.173,0.007606,8.22,0.0052,0.000252,41.4,23.765562,86.415081
2026-03-27 12:00:00,N05,0.0032,0.005861,8.86,0.0048,0.000192,41.6,23.765562,86.415081
2026-03-27 13:00:00,N05,0.0351,0.006753,7.91,0.0048,0.000231,41.4,23.765562,86.415081
2026-03-27 14:00:00,N05,0.258,0.006111,5.54,0.0053,0.009613,40.6,23.765562,86.415081
2026-03-27 15:00:00,N05,-0.1822,0.778676,35.02,0.024,0.0005,39.4,23.765562,86.415081
2026-03-27 16:00:00,N05,0.1395,0.005199,3.56,0.0063,0.008793,37.9,23.765562,86.415081
2026-03-27 17:00:00,N05,-0.0178,0.006493,2.95,0.0064,0.000282,36.1,23.765562,86.415081
2026-03-27 18:00:00,N05,-0.0247,0.005618,9.5,0.0057,0.000239,34.1,23.765562,86.415081
2026-03-27 19:00:00,N05,-0.0764,0.00704,6.64,0.0059,0.00062,32.2,23.765562,86.415081
2026-03-27 20:00:00,N05,-0.1355,0.006466,1.88,0.007,0.000547,30.4,23.765562,86.415081
2026-03-27 21:00:00,N05,0.0201,0.007216,6.59,0.007,2e-06,28.8,23.765562,86.415081
2026-03-27 22:00:00,N05,-0.0369,0.005745,8.78,0.007,0.000289,27.6,23.765562,86.415081
2026-03-27 23:00:00,N05,-0.055,0.008045,6.96,0.0076,0.000337,26.9,23.765562,86.415081
2026-03-28 00:00:00,N05,0.0709,0.006028,5.84,0.0076,0.000365,20.4,23.765562,86.415081
2026-03-28 01:00:00,N05,0.2108,0.005969,6.48,0.0069,0.000456,20.6,23.765562,86.415081
2026-03-28 02:00:00,N05,0.0339,0.0064,6.89,0.0067,4.4e-05,21.4,23.765562,86.415081
2026-03-28 03:00:00,N05,-0.0678,0.008302,7.31,0.0068,0.00017,22.6,23.765562,86.415081
2026-03-28 04:00:00,N05,0.0398,0.005568,9.16,0.0071,0.000115,24.1,23.765562,86.415081
2026-03-28 05:00:00,N05,0.0897,0.005096,3.54,0.0066,0.000386,25.9,23.765562,86.415081
2026-03-28 06:00:00,N05,-0.2491,0.006865,3.63,0.0063,0.000247,27.9,23.765562,86.415081
2026-03-28 07:00:00,N05,0.2886,0.006535,8.26,0.0061,0.000155,29.8,23.765562,86.415081
2026-03-28 08:00:00,N05,0.0233,0.005465,4.26,0.006,0.000127,31.6,23.765562,86.415081
2026-03-28 09:00:00,N05,-0.2421,0.006279,2.78,0.0058,0.000109,33.2,23.765562,86.415081
2026-03-28 10:00:00,N05,,,,,,,23.765562,86.415081
2026-03-28 11:00:00,N05,,,,,,,23.765562,86.415081
2026-03-28 12:00:00,N05,,,,,,,23.765562,86.415081
2026-03-28 13:00:00,N05,,,,,,,23.765562,86.415081
2026-03-28 14:00:00,N05,,,,,,,23.765562,86.415081
2026-03-28 15:00:00,N05,0.2704,0.005164,8.33,0.0054,5.5e-05,33.2,23.765562,86.415081
2026-03-28 16:00:00,N05,-0.1512,0.008259,3.9,0.0048,0.000222,31.6,23.765562,86.415081
2026-03-28 17:00:00,N05,0.0334,0.00761,3.8,0.005,2e-05,29.8,23.765562,86.415081
2026-03-28 18:00:00,N05,,,,,,,23.765562,86.415081
2026-03-28 19:00:00,N05,,,,,,,23.765562,86.415081
2026-03-28 20:00:00,N05,,,,,,,23.765562,86.415081
2026-03-28 21:00:00,N05,,,,,,,23.765562,86.415081
2026-03-28 22:00:00,N05,,,,,,,23.765562,86.415081
2026-03-28 23:00:00,N05,-0.2855,0.006378,2.38,0.0053,0.000353,20.6,23.765562,86.415081
2026-03-29 00:00:00,N05,-0.0503,0.006614,2.09,0.0061,0.000273,24.9,23.765562,86.415081
2026-03-29 01:00:00,N05,0.0378,0.005892,3.95,0.0059,5.7e-05,25.1,23.765562,86.415081
2026-03-29 02:00:00,N05,-0.1012,0.005075,9.16,0.006,0.000151,25.9,23.765562,86.415081
2026-03-29 03:00:00,N05,-0.0603,0.006478,8.5,0.0056,0.000504,27.1,23.765562,86.415081
2026-03-29 04:00:00,N05,0.1484,0.006488,10.0,0.005,0.000559,28.6,23.765562,86.415081
2026-03-29 05:00:00,N05,0.3748,0.006558,1.52,0.0044,0.000192,30.4,23.765562,86.415081
2026-03-29 06:00:00,N05,0.1975,0.006156,7.97,0.0046,0.002859,32.4,23.765562,86.415081
2026-03-29 07:00:00,N05,,,,,,,23.765562,86.415081
2026-03-29 08:00:00,N05,,,,,,,23.765562,86.415081
2026-03-29 09:00:00,N05,,,,,,,23.765562,86.415081
2026-03-29 10:00:00,N05,-0.0171,0.917911,25.68,-0.0166,0.010206,38.9,23.765562,86.415081
2026-03-29 11:00:00,N05,-0.3103,0.859343,36.9,-0.0169,0.009596,39.6,23.765562,86.415081
2026-03-29 12:00:00,N05,0.1303,0.005079,9.3,0.0026,0.009703,39.9,23.765562,86.415081
2026-03-29 13:00:00,N05,0.2646,0.010206,2.05,0.0025,0.004398,39.6,23.765562,86.415081
2026-03-29 14:00:00,N05,0.06,0.777672,16.43,-0.0062,0.004401,38.9,23.765562,86.415081
2026-03-29 15:00:00,N05,-0.1345,0.65632,28.67,-0.0063,0.004027,37.7,23.765562,86.415081
2026-03-29 16:00:00,N05,0.062,0.006988,4.04,0.0019,0.003957,36.1,23.765562,86.415081
2026-03-29 17:00:00,N05,0.0821,0.00635,2.44,0.0016,9.8e-05,34.3,23.765562,86.415081
2026-03-29 18:00:00,N05,-0.0365,0.005967,3.0,0.0017,0.000221,32.4,23.765562,86.415081
2026-03-29 19:00:00,N05,-0.085,0.006624,3.66,0.0012,0.000257,30.4,23.765562,86.415081
2026-03-29 20:00:00,N05,,,,,,,23.765562,86.415081
2026-03-29 21:00:00,N05,,,,,,,23.765562,86.415081
2026-03-29 22:00:00,N05,,,,,,,23.765562,86.415081
2026-03-29 23:00:00,N05,,,,,,,23.765562,86.415081
2026-03-30 00:00:00,N05,-0.0563,0.006575,3.81,0.0018,0.000286,25.7,23.765562,86.415081
2026-03-30 01:00:00,N05,0.0486,0.00619,1.0,0.0021,0.00034,25.9,23.765562,86.415081
2026-03-30 02:00:00,N05,-0.0265,0.006176,3.73,0.0025,4.3e-05,26.7,23.765562,86.415081
2026-03-30 03:00:00,N05,0.0448,0.005277,3.17,0.0022,0.00021,27.9,23.765562,86.415081
2026-03-30 04:00:00,N05,-0.147,0.005216,8.68,0.0021,0.000117,29.4,23.765562,86.415081
2026-03-30 05:00:00,N05,0.069,0.008865,6.84,0.002,0.000199,31.2,23.765562,86.415081
2026-03-30 06:00:00,N05,0.1465,0.005615,5.19,0.0017,0.000153,33.2,23.765562,86.415081
2026-03-30 07:00:00,N05,,,,,,,23.765562,86.415081
2026-03-30 08:00:00,N05,,,,,,,23.765562,86.415081
2026-03-30 09:00:00,N05,-0.1317,0.00613,1.15,0.0033,8.5e-05,38.5,23.765562,86.415081
2026-03-30 10:00:00,N05,0.0277,0.006538,7.32,0.0026,0.000818,39.7,23.765562,86.415081
2026-03-30 11:00:00,N05,-0.0303,0.00663,5.16,0.0017,0.000681,40.4,23.765562,86.415081
2026-03-30 12:00:00,N05,-0.3781,0.007762,5.01,0.0012,0.000408,40.7,23.765562,86.415081
2026-03-30 13:00:00,N05,-0.2371,0.005192,4.18,0.0025,0.00721,40.4,23.765562,86.415081
2026-03-30 14:00:00,N05,0.3043,0.61862,23.01,-0.0132,0.007891,39.7,23.765562,86.415081
2026-03-30 15:00:00,N05,-0.0001,0.727753,27.91,-0.0133,0.007359,38.5,23.765562,86.415081
2026-03-30 16:00:00,N05,-0.0516,0.005803,3.15,0.0015,0.007794,36.9,23.765562,86.415081
2026-03-30 17:00:00,N05,-0.1955,0.007039,8.99,0.0023,0.000441,35.1,23.765562,86.415081
2026-03-30 18:00:00,N05,-0.0487,0.007045,4.6,0.0024,0.000176,33.2,23.765562,86.415081
2026-03-30 19:00:00,N05,-0.2096,0.006953,3.15,0.002,0.000491,31.2,23.765562,86.415081
2026-03-30 20:00:00,N05,0.2879,0.005471,5.75,0.0014,8.6e-05,29.4,23.765562,86.415081
2026-03-30 21:00:00,N05,-0.0488,0.007877,8.22,0.0021,0.000598,27.9,23.765562,86.415081
2026-03-30 22:00:00,N05,0.0524,0.006403,7.02,0.0026,0.000343,26.7,23.765562,86.415081
2026-03-30 23:00:00,N05,-0.2754,0.006298,3.08,0.0028,0.000254,25.9,23.765562,86.415081
2026-03-31 00:00:00,N05,0.1112,0.005582,8.99,0.0021,0.000428,25.7,23.765562,86.415081
2026-03-31 01:00:00,N05,-0.019,0.007849,8.72,0.002,0.000131,25.9,23.765562,86.415081
2026-03-31 02:00:00,N05,,,,,,,23.765562,86.415081
2026-03-31 03:00:00,N05,,,,,,,23.765562,86.415081
2026-03-31 04:00:00,N05,,,,,,,23.765562,86.415081
2026-03-31 05:00:00,N05,,,,,,,23.765562,86.415081
2026-03-31 06:00:00,N05,,,,,,,23.765562,86.415081
2026-03-31 07:00:00,N05,,,,,,,23.765562,86.415081
2026-03-31 08:00:00,N05,,,,,,,23.765562,86.415081
2026-03-31 09:00:00,N05,,,,,,,23.765562,86.415081
2026-03-31 10:00:00,N05,0.2384,0.00554,7.78,-0.0002,0.00415,39.7,23.765562,86.415081
2026-03-31 11:00:00,N05,0.1288,0.00631,6.08,0.0004,0.000624,40.4,23.765562,86.415081
2026-03-31 12:00:00,N05,0.0062,0.00505,4.03,0.001,0.000378,40.7,23.765562,86.415081
2026-03-31 13:00:00,N05,0.2305,0.005655,7.2,0.0012,0.000138,40.4,23.765562,86.415081
2026-03-31 14:00:00,N05,0.1593,0.007114,5.88,0.0013,0.000118,39.7,23.765562,86.415081
2026-03-31 15:00:00,N05,,,,,,,23.765562,86.415081
2026-03-31 16:00:00,N05,-0.1414,0.006318,7.65,0.0001,0.000401,36.9,23.765562,86.415081
2026-03-31 17:00:00,N05,-0.1058,0.006165,2.3,0.0002,0.000103,35.1,23.765562,86.415081
2026-03-31 18:00:00,N05,-0.191,0.007667,1.96,-0.0001,0.000104,33.2,23.765562,86.415081
2026-03-31 19:00:00,N05,0.1722,0.006274,1.03,-0.0001,0.000149,31.2,23.765562,86.415081
2026-03-31 20:00:00,N05,-0.1251,0.005224,2.44,-0.0004,0.000239,29.4,23.765562,86.415081
2026-03-31 21:00:00,N05,0.0184,0.006281,1.62,-0.0005,3.7e-05,27.9,23.765562,86.415081
2026-03-31 22:00:00,N05,0.4018,0.005262,7.3,-0.0004,0.000234,26.7,23.765562,86.415081
2026-03-31 23:00:00,N05,,,,,,,23.765562,86.415081
2026-04-01 00:00:00,N05,,,,,,,23.765562,86.415081
2026-04-01 01:00:00,N05,0.0314,0.006237,4.04,-0.002,2.7e-05,22.0,23.765562,86.415081
2026-04-01 02:00:00,N05,0.0409,0.005363,7.7,-0.0015,0.000514,22.7,23.765562,86.415081
2026-04-01 03:00:00,N05,0.1793,0.007641,5.53,-0.0009,0.000456,23.9,23.765562,86.415081
2026-04-01 04:00:00,N05,0.23,0.008955,9.33,-0.0006,1.5e-05,25.5,23.765562,86.415081
2026-04-01 05:00:00,N05,0.028,0.005517,9.68,-0.001,7.4e-05,27.3,23.765562,86.415081
2026-04-01 06:00:00,N05,0.0136,0.00684,8.86,-0.0007,3.8e-05,29.2,23.765562,86.415081
2026-04-01 07:00:00,N05,0.143,0.005443,4.22,-0.001,0.000317,31.2,23.765562,86.415081
2026-04-01 08:00:00,N05,,,,,,,23.765562,86.415081
2026-04-01 09:00:00,N05,,,,,,,23.765562,86.415081
2026-04-01 10:00:00,N05,-0.229,0.948771,36.68,0.0351,0.008418,35.7,23.765562,86.415081
2026-04-01 11:00:00,N05,,,,,,,23.765562,86.415081
2026-04-01 12:00:00,N05,,,,,,,23.765562,86.415081
2026-04-01 13:00:00,N05,,,,,,,23.765562,86.415081
2026-04-01 14:00:00,N05,,,,,,,23.765562,86.415081
2026-04-01 15:00:00,N05,,,,,,,23.765562,86.415081
2026-04-01 16:00:00,N05,-0.1423,0.788492,15.54,0.0134,0.006954,33.0,23.765562,86.415081
2026-04-01 17:00:00,N05,0.2147,0.005542,9.32,-0.0,0.006258,31.2,23.765562,86.415081
2026-04-01 18:00:00,N05,-0.0953,0.005138,7.46,0.0009,0.000481,29.2,23.765562,86.415081
2026-04-01 19:00:00,N05,,,,,,,23.765562,86.415081
2026-04-01 20:00:00,N05,,,,,,,23.765562,86.415081
2026-04-01 21:00:00,N05,,,,,,,23.765562,86.415081
2026-04-01 22:00:00,N05,-0.0448,0.009987,4.76,0.0011,0.000128,22.7,23.765562,86.415081
2026-04-01 23:00:00,N05,-0.0032,0.006002,9.81,0.0013,0.000338,22.0,23.765562,86.415081
2026-04-02 00:00:00,N05,-0.1671,0.007415,1.12,0.0017,0.000257,24.7,23.765562,86.415081
2026-04-02 01:00:00,N05,0.0527,0.007647,3.39,0.0018,8.9e-05,25.0,23.765562,86.415081
2026-04-02 02:00:00,N05,0.0783,0.007377,2.89,0.0019,6.9e-05,25.7,23.765562,86.415081
2026-04-02 03:00:00,N05,0.1117,0.00746,8.6,0.0017,0.000166,26.9,23.765562,86.415081
2026-04-02 04:00:00,N05,-0.1602,0.00601,3.89,0.0016,2.4e-05,28.5,23.765562,86.415081
2026-04-02 05:00:00,N05,0.1373,0.008284,1.66,0.0016,0.000319,30.3,23.765562,86.415081
2026-04-02 06:00:00,N05,-0.0063,0.005425,4.74,0.0022,0.000697,32.2,23.765562,86.415081
2026-04-02 07:00:00,N05,,,,,,,23.765562,86.415081
2026-04-02 08:00:00,N05,,,,,,,23.765562,86.415081
2026-04-02 09:00:00,N05,-0.0458,0.005737,9.25,0.0034,0.0003,37.5,23.765562,86.415081
2026-04-02 10:00:00,N05,-0.0247,0.007517,6.3,0.0028,0.000295,38.7,23.765562,86.415081
2026-04-02 11:00:00,N05,0.2071,0.005869,4.2,0.0028,1.6e-05,39.5,23.765562,86.415081
2026-04-02 12:00:00,N05,0.1064,0.005305,5.42,0.0028,0.000179,39.7,23.765562,86.415081
2026-04-02 13:00:00,N05,-0.0403,0.008952,2.64,0.0025,0.000273,39.5,23.765562,86.415081
2026-04-02 14:00:00,N05,-0.1471,0.006761,1.3,0.0022,0.008684,38.7,23.765562,86.415081
2026-04-02 15:00:00,N05,,,,,,,23.765562,86.415081
2026-04-02 16:00:00,N05,,,,,,,23.765562,86.415081
2026-04-02 17:00:00,N05,-0.1218,0.006851,2.1,0.0036,0.00909,34.2,23.765562,86.415081
2026-04-02 18:00:00,N05,-0.0665,0.007614,3.29,0.0034,0.000154,32.2,23.765562,86.415081
2026-04-02 19:00:00,N05,,,,,,,23.765562,86.415081
2026-04-02 20:00:00,N05,,,,,,,23.765562,86.415081
2026-04-02 21:00:00,N05,,,,,,,23.765562,86.415081
2026-04-02 22:00:00,N05,,,,,,,23.765562,86.415081
2026-04-02 23:00:00,N05,,,,,,,23.765562,86.415081
2026-04-03 00:00:00,N05,-0.1205,0.006354,9.27,0.0021,0.000243,26.1,23.765562,86.415081
2026-04-03 01:00:00,N05,0.1238,0.0062,6.21,0.0017,0.000226,26.4,23.765562,86.415081
2026-04-03 02:00:00,N05,-0.4103,0.007136,2.35,0.0017,4.7e-05,27.1,23.765562,86.415081
2026-04-03 03:00:00,N05,0.069,0.00618,3.83,0.0016,0.000223,28.3,23.765562,86.415081
2026-04-03 04:00:00,N05,0.1648,0.007135,8.42,0.0021,0.000163,29.9,23.765562,86.415081
2026-04-03 05:00:00,N05,0.0802,0.006173,8.8,0.0013,0.004822,31.7,23.765562,86.415081
2026-04-03 06:00:00,N05,-0.2156,0.90257,17.53,-0.0075,0.004193,33.6,23.765562,86.415081
2026-04-03 07:00:00,N05,-0.2923,0.62913,48.97,-0.0071,0.004814,35.6,23.765562,86.415081
2026-04-03 08:00:00,N05,-0.2111,0.007557,2.1,0.0021,0.004924,37.4,23.765562,86.415081
2026-04-03 09:00:00,N05,-0.1577,0.005232,6.76,0.0028,0.000211,38.9,23.765562,86.415081
2026-04-03 10:00:00,N05,-0.1347,0.007981,1.5,0.0025,0.000365,40.1,23.765562,86.415081
2026-04-03 11:00:00,N05,0.0967,0.00673,7.17,0.002,0.000187,40.9,23.765562,86.415081
2026-04-03 12:00:00,N05,0.1526,0.007997,3.45,0.0022,0.000179,41.1,23.765562,86.415081
2026-04-03 13:00:00,N05,0.0829,0.008892,7.77,0.0017,0.00015,40.9,23.765562,86.415081
2026-04-03 14:00:00,N05,0.1818,0.006241,7.17,0.0019,0.000282,40.1,23.765562,86.415081
2026-04-03 15:00:00,N05,0.2129,0.006979,5.41,0.0022,0.000733,38.9,23.765562,86.415081
2026-04-03 16:00:00,N05,-0.1241,0.005296,3.79,0.0033,0.000491,37.4,23.765562,86.415081
2026-04-03 17:00:00,N05,0.1691,0.006302,8.95,0.0032,6.7e-05,35.6,23.765562,86.415081
2026-04-03 18:00:00,N05,-0.2261,0.005614,6.82,0.0035,9.8e-05,33.6,23.765562,86.415081
2026-04-03 19:00:00,N05,0.156,0.005618,5.05,0.0034,0.000199,31.7,23.765562,86.415081
2026-04-03 20:00:00,N05,0.1345,0.006239,6.81,0.0031,0.00021,29.9,23.765562,86.415081
2026-04-03 21:00:00,N05,-0.264,0.005075,3.35,0.003,0.000126,28.3,23.765562,86.415081
2026-04-03 22:00:00,N05,0.1352,0.006886,7.56,0.0028,6.8e-05,27.1,23.765562,86.415081
2026-04-03 23:00:00,N05,-0.0697,0.006813,5.21,0.0029,0.000324,26.4,23.765562,86.415081
2026-04-04 00:00:00,N05,,,,,,,23.765562,86.415081
2026-04-04 01:00:00,N05,,,,,,,23.765562,86.415081
2026-04-04 02:00:00,N05,0.1939,0.006987,4.55,0.0034,0.000262,23.5,23.765562,86.415081
2026-04-04 03:00:00,N05,0.0539,0.007767,2.2,0.0038,6.6e-05,24.7,23.765562,86.415081
2026-04-04 04:00:00,N05,-0.0164,0.005424,2.54,0.0036,2e-06,26.2,23.765562,86.415081
2026-04-04 05:00:00,N05,-0.025,0.008673,4.45,0.0038,2e-06,28.0,23.765562,86.415081
2026-04-04 06:00:00,N05,0.03,0.010008,8.43,0.0036,0.000185,30.0,23.765562,86.415081
2026-04-04 07:00:00,N05,,,,,,,23.765562,86.415081
2026-04-04 08:00:00,N05,,,,,,,23.765562,86.415081
2026-04-04 09:00:00,N05,,,,,,,23.765562,86.415081
2026-04-04 10:00:00,N05,,,,,,,23.765562,86.415081
2026-04-04 11:00:00,N05,,,,,,,23.765562,86.415081
2026-04-04 12:00:00,N05,,,,,,,23.765562,86.415081
2026-04-04 13:00:00,N05,,,,,,,23.765562,86.415081
2026-04-04 14:00:00,N05,,,,,,,23.765562,86.415081
2026-04-04 15:00:00,N05,,,,,,,23.765562,86.415081
2026-04-04 16:00:00,N05,,,,,,,23.765562,86.415081
2026-04-04 17:00:00,N05,0.2426,0.006718,3.57,0.005,0.000429,31.9,23.765562,86.415081
2026-04-04 18:00:00,N05,,,,,,,23.765562,86.415081
2026-04-04 19:00:00,N05,,,,,,,23.765562,86.415081
2026-04-04 20:00:00,N05,,,,,,,23.765562,86.415081
2026-04-04 21:00:00,N05,,,,,,,23.765562,86.415081
2026-04-04 22:00:00,N05,,,,,,,23.765562,86.415081
2026-04-04 23:00:00,N05,,,,,,,23.765562,86.415081
2026-04-05 00:00:00,N05,,,,,,,23.765562,86.415081
2026-04-05 01:00:00,N05,,,,,,,23.765562,86.415081
2026-04-05 02:00:00,N05,,,,,,,23.765562,86.415081
2026-04-05 03:00:00,N05,-0.0975,0.005276,9.92,0.0067,0.000256,27.6,23.765562,86.415081
2026-04-05 04:00:00,N05,0.0143,0.005678,2.15,0.0063,0.000291,29.1,23.765562,86.415081
2026-04-05 05:00:00,N05,0.2936,0.008053,2.07,0.0061,0.000351,30.9,23.765562,86.415081
2026-04-05 06:00:00,N05,0.0841,0.007476,5.34,0.0056,0.000231,32.9,23.765562,86.415081
2026-04-05 07:00:00,N05,-0.0514,0.0051,6.64,0.0057,0.000167,34.8,23.765562,86.415081
2026-04-05 08:00:00,N05,0.2424,0.005322,1.45,0.0053,3.1e-05,36.6,23.765562,86.415081
2026-04-05 09:00:00,N05,-0.104,0.005591,2.12,0.0056,0.01018,38.2,23.765562,86.415081
2026-04-05 10:00:00,N05,0.0847,0.820863,24.44,0.0256,5.3e-05,39.4,23.765562,86.415081
2026-04-05 11:00:00,N05,0.2319,0.005058,7.19,0.0055,0.010138,40.1,23.765562,86.415081
2026-04-05 12:00:00,N05,-0.1951,0.006066,6.28,0.0054,0.00025,40.4,23.765562,86.415081
2026-04-05 13:00:00,N05,-0.0408,0.007119,4.5,0.006,0.000284,40.1,23.765562,86.415081
2026-04-05 14:00:00,N05,0.1933,0.005791,1.09,0.0059,0.006398,39.4,23.765562,86.415081
2026-04-05 15:00:00,N05,-0.0877,0.592306,29.19,-0.0068,0.000771,38.2,23.765562,86.415081
2026-04-05 16:00:00,N05,,,,,,,23.765562,86.415081
2026-04-05 17:00:00,N05,0.0064,0.005543,4.01,0.004,0.000101,34.8,23.765562,86.415081
2026-04-05 18:00:00,N05,0.0365,0.005428,4.29,0.0042,0.000261,32.9,23.765562,86.415081
2026-04-05 19:00:00,N05,0.0598,0.005932,6.96,0.0035,5.5e-05,30.9,23.765562,86.415081
2026-04-05 20:00:00,N05,0.0367,0.005922,1.76,0.0043,0.001006,29.1,23.765562,86.415081
2026-04-05 21:00:00,N05,,,,,,,23.765562,86.415081
2026-04-05 22:00:00,N05,-0.01,0.009333,4.03,0.0059,0.00022,26.4,23.765562,86.415081
2026-04-05 23:00:00,N05,0.0385,0.005556,5.97,0.0059,0.00013,25.6,23.765562,86.415081
2026-04-06 00:00:00,N05,0.0088,0.005888,5.55,0.0062,0.000138,22.1,23.765562,86.415081
2026-04-06 01:00:00,N05,-0.0515,0.00502,9.49,0.0062,0.000428,22.4,23.765562,86.415081
2026-04-06 02:00:00,N05,,,,,,,23.765562,86.415081
2026-04-06 03:00:00,N05,,,,,,,23.765562,86.415081
2026-04-06 04:00:00,N05,,,,,,,23.765562,86.415081
2026-04-06 05:00:00,N05,,,,,,,23.765562,86.415081
2026-04-06 06:00:00,N05,,,,,,,23.765562,86.415081
2026-04-06 07:00:00,N05,0.1253,0.50388,34.02,-0.017,0.011843,31.6,23.765562,86.415081
2026-04-06 08:00:00,N05,-0.0648,0.006896,4.68,0.0063,0.011452,33.4,23.765562,86.415081
2026-04-06 09:00:00,N05,0.1463,0.005654,1.88,0.0059,0.000488,34.9,23.765562,86.415081
2026-04-06 10:00:00,N05,-0.1449,0.008525,3.2,0.0054,0.000287,36.1,23.765562,86.415081
2026-04-06 11:00:00,N05,0.216,0.006595,4.23,0.0053,0.000211,36.9,23.765562,86.415081
2026-04-06 12:00:00,N05,0.0875,0.006299,1.26,0.0058,2e-06,37.1,23.765562,86.415081
2026-04-06 13:00:00,N05,0.1369,0.008084,9.36,0.0053,2.8e-05,36.9,23.765562,86.415081
2026-04-06 14:00:00,N05,0.3307,0.00639,6.58,0.0057,0.000268,36.1,23.765562,86.415081
2026-04-06 15:00:00,N05,-0.0104,0.006521,3.32,0.0059,0.000356,34.9,23.765562,86.415081
2026-04-06 16:00:00,N05,0.0663,0.005179,8.82,0.0064,0.004556,33.4,23.765562,86.415081
2026-04-06 17:00:00,N05,-0.0681,0.744839,41.03,-0.0033,0.004909,31.6,23.765562,86.415081
2026-04-06 18:00:00,N05,-0.0599,0.616518,44.91,-0.0034,0.005008,29.6,23.765562,86.415081
2026-04-06 19:00:00,N05,-0.2095,0.006922,3.03,0.0068,0.005077,27.7,23.765562,86.415081
2026-04-06 20:00:00,N05,-0.0322,0.010889,9.48,0.0068,2.7e-05,25.9,23.765562,86.415081
2026-04-06 21:00:00,N05,0.0218,0.007024,2.15,0.0068,0.000433,24.3,23.765562,86.415081
2026-04-06 22:00:00,N05,-0.074,0.005654,3.93,0.0076,0.000179,23.1,23.765562,86.415081
2026-04-06 23:00:00,N05,-0.1072,0.006346,8.31,0.0072,0.000114,22.4,23.765562,86.415081
2026-04-07 00:00:00,N05,,,,,,,23.765562,86.415081
2026-04-07 01:00:00,N05,0.0073,0.007451,7.1,0.0077,0.000206,25.2,23.765562,86.415081
2026-04-07 02:00:00,N05,-0.1749,0.006327,9.19,0.0078,0.000206,26.0,23.765562,86.415081
2026-04-07 03:00:00,N05,0.2101,0.007532,5.12,0.0073,0.000365,27.1,23.765562,86.415081
2026-04-07 04:00:00,N05,0.0603,0.007994,8.41,0.0071,0.000374,28.7,23.765562,86.415081
2026-04-07 05:00:00,N05,0.0588,0.005785,3.07,0.0081,0.000479,30.5,23.765562,86.415081
2026-04-07 06:00:00,N05,-0.151,0.006426,2.59,0.0081,0.002964,32.4,23.765562,86.415081
2026-04-07 07:00:00,N05,0.2332,0.63245,38.45,0.014,1.7e-05,34.4,23.765562,86.415081
2026-04-07 08:00:00,N05,0.0385,0.005377,3.24,0.0081,0.003087,36.2,23.765562,86.415081
2026-04-07 09:00:00,N05,-0.245,0.00781,3.0,0.0078,0.000436,37.8,23.765562,86.415081
2026-04-07 10:00:00,N05,-0.0175,0.005816,9.82,0.0072,0.000267,38.9,23.765562,86.415081
2026-04-07 11:00:00,N05,0.1957,0.006604,1.59,0.0073,0.000327,39.7,23.765562,86.415081
2026-04-07 12:00:00,N05,0.1771,0.00608,7.49,0.0079,0.0,39.9,23.765562,86.415081
2026-04-07 13:00:00,N05,-0.071,0.005582,2.6,0.0073,0.000307,39.7,23.765562,86.415081
2026-04-07 14:00:00,N05,-0.0216,0.006229,7.07,0.0073,0.005707,38.9,23.765562,86.415081
2026-04-07 15:00:00,N05,,,,,,,23.765562,86.415081
2026-04-07 16:00:00,N05,,,,,,,23.765562,86.415081
2026-04-07 17:00:00,N05,0.0295,0.877862,36.05,-0.0081,0.000553,34.4,23.765562,86.415081
2026-04-07 18:00:00,N05,-0.1651,0.007011,1.96,0.007,0.007825,32.4,23.765562,86.415081
2026-04-07 19:00:00,N05,0.008,0.005771,7.45,0.0075,0.000101,30.5,23.765562,86.415081
2026-04-07 20:00:00,N05,0.0093,0.005987,5.77,0.0072,0.000232,28.7,23.765562,86.415081
2026-04-07 21:00:00,N05,0.0487,0.008471,9.75,0.0071,0.000365,27.1,23.765562,86.415081
2026-04-07 22:00:00,N05,-0.0575,0.007263,9.1,0.0065,0.000227,26.0,23.765562,86.415081
2026-04-07 23:00:00,N05,-0.0625,0.005255,6.39,0.0066,0.000182,25.2,23.765562,86.415081
2026-04-08 00:00:00,N05,-0.1673,0.006693,9.45,0.0061,0.000603,25.8,23.765562,86.415081
2026-04-08 01:00:00,N05,0.0358,0.005408,5.94,0.0054,0.000785,26.1,23.765562,86.415081
2026-04-08 02:00:00,N05,-0.1964,0.006505,9.2,0.0045,0.00081,26.8,23.765562,86.415081
2026-04-08 03:00:00,N05,-0.1651,0.006514,1.64,0.0038,0.000454,28.0,23.765562,86.415081
2026-04-08 04:00:00,N05,0.1777,0.005666,7.94,0.0036,0.00034,29.6,23.765562,86.415081
2026-04-08 05:00:00,N05,0.1501,0.005528,5.95,0.0031,0.00041,31.4,23.765562,86.415081
2026-04-08 06:00:00,N05,0.2746,0.008027,4.06,0.0028,0.00303,33.3,23.765562,86.415081
2026-04-08 07:00:00,N05,-0.1655,0.688948,34.41,-0.003,0.003352,35.3,23.765562,86.415081
2026-04-08 08:00:00,N05,0.1785,0.633515,34.17,-0.0039,0.002101,37.1,23.765562,86.415081
2026-04-08 09:00:00,N05,0.1942,0.005603,8.48,0.0012,0.002016,38.6,23.765562,86.415081
2026-04-08 10:00:00,N05,-0.2152,0.007209,5.52,0.0001,0.006479,39.8,23.765562,86.415081
2026-04-08 11:00:00,N05,-0.0321,0.578343,41.16,0.0142,0.007231,40.6,23.765562,86.415081
2026-04-08 12:00:00,N05,-0.0287,0.596496,21.48,0.0146,0.006691,40.8,23.765562,86.415081
2026-04-08 13:00:00,N05,0.0106,0.006878,1.02,0.0008,0.010883,40.6,23.765562,86.415081
2026-04-08 14:00:00,N05,-0.0668,0.964857,24.19,-0.0072,0.000294,39.8,23.765562,86.415081
2026-04-08 15:00:00,N05,0.1196,0.006505,1.75,0.0002,0.003949,38.6,23.765562,86.415081
2026-04-08 16:00:00,N05,-0.0556,0.00685,9.84,0.0007,0.000558,37.1,23.765562,86.415081
2026-04-08 17:00:00,N05,,,,,,,23.765562,86.415081
2026-04-08 18:00:00,N05,,,,,,,23.765562,86.415081
2026-04-08 19:00:00,N05,,,,,,,23.765562,86.415081
2026-04-08 20:00:00,N05,-0.0698,0.007459,1.28,-0.0001,0.000174,29.6,23.765562,86.415081
2026-04-08 21:00:00,N05,0.0335,0.005296,5.55,-0.0002,0.000209,28.0,23.765562,86.415081
2026-04-08 22:00:00,N05,-0.1833,0.005124,6.01,-0.0006,0.000479,26.8,23.765562,86.415081
2026-04-08 23:00:00,N05,-0.0989,0.005046,7.15,-0.0011,9.1e-05,26.1,23.765562,86.415081
2026-04-09 00:00:00,N05,-0.029,0.008724,5.59,-0.0004,0.000569,20.3,23.765562,86.415081
2026-04-09 01:00:00,N05,0.2874,0.005236,3.32,0.0,0.000114,20.6,23.765562,86.415081
2026-04-09 02:00:00,N05,-0.318,0.007212,1.34,-0.0001,0.00022,21.3,23.765562,86.415081
2026-04-09 03:00:00,N05,0.0522,0.005631,7.7,-0.0004,0.000407,22.5,23.765562,86.415081
2026-04-09 04:00:00,N05,0.183,0.006226,4.12,-0.001,0.000465,24.1,23.765562,86.415081
2026-04-09 05:00:00,N05,,,,,,,23.765562,86.415081
2026-04-09 06:00:00,N05,,,,,,,23.765562,86.415081
2026-04-09 07:00:00,N05,,,,,,,23.765562,86.415081
2026-04-09 08:00:00,N05,0.2613,0.009458,5.65,-0.0022,0.002485,31.6,23.765562,86.415081
2026-04-09 09:00:00,N05,-0.3399,0.005032,1.71,-0.0023,8.7e-05,33.1,23.765562,86.415081
2026-04-09 10:00:00,N05,-0.0745,0.007464,8.48,-0.0024,5.7e-05,34.3,23.765562,86.415081
2026-04-09 11:00:00,N05,,,,,,,23.765562,86.415081
2026-04-09 12:00:00,N05,,,,,,,23.765562,86.415081
2026-04-09 13:00:00,N05,,,,,,,23.765562,86.415081
2026-04-09 14:00:00,N05,,,,,,,23.765562,86.415081
2026-04-09 15:00:00,N05,,,,,,,23.765562,86.415081
2026-04-09 16:00:00,N05,-0.1184,0.008351,1.39,-0.0037,0.00054,31.6,23.765562,86.415081
2026-04-09 17:00:00,N05,-0.1876,0.006279,6.95,-0.0049,0.000821,29.8,23.765562,86.415081
2026-04-09 18:00:00,N05,,,,,,,23.765562,86.415081
2026-04-09 19:00:00,N05,,,,,,,23.765562,86.415081
2026-04-09 20:00:00,N05,0.1249,0.006062,3.45,-0.0061,0.000188,24.1,23.765562,86.415081
2026-04-09 21:00:00,N05,-0.1863,0.007275,7.63,-0.0062,0.00035,22.5,23.765562,86.415081
2026-04-09 22:00:00,N05,0.1776,0.005308,3.51,-0.0068,0.000143,21.3,23.765562,86.415081
2026-04-09 23:00:00,N05,,,,,,,23.765562,86.415081
2026-04-10 00:00:00,N05,,,,,,,23.765562,86.415081
2026-04-10 01:00:00,N05,-0.3204,0.005508,8.0,-0.0067,0.000252,27.0,23.765562,86.415081
2026-04-10 02:00:00,N05,-0.1921,0.006268,2.69,-0.0068,0.000546,27.7,23.765562,86.415081
2026-04-10 03:00:00,N05,0.1175,0.007281,7.85,-0.0078,0.000852,28.9,23.765562,86.415081
2026-04-10 04:00:00,N05,-0.2209,0.006643,8.66,-0.0085,0.000346,30.5,23.765562,86.415081
2026-04-10 05:00:00,N05,0.0063,0.005089,1.16,-0.0085,0.000138,32.3,23.765562,86.415081
2026-04-10 06:00:00,N05,,,,,,,23.765562,86.415081
2026-04-10 07:00:00,N05,,,,,,,23.765562,86.415081
2026-04-10 08:00:00,N05,,,,,,,23.765562,86.415081
2026-04-10 09:00:00,N05,0.0751,0.005635,2.13,-0.0084,0.00025,39.5,23.765562,86.415081
2026-04-10 10:00:00,N05,-0.0308,0.005553,6.36,-0.0086,0.005605,40.7,23.765562,86.415081
2026-04-10 11:00:00,N05,-0.0869,0.566428,19.4,0.0028,0.005775,41.5,23.765562,86.415081
2026-04-10 12:00:00,N05,,,,,,,23.765562,86.415081
2026-04-10 13:00:00,N05,,,,,,,23.765562,86.415081
2026-04-10 14:00:00,N05,-0.025,0.007391,1.49,-0.008,8.9e-05,40.7,23.765562,86.415081
2026-04-10 15:00:00,N05,0.1149,0.005084,7.66,-0.0079,0.000305,39.5,23.765562,86.415081
2026-04-10 16:00:00,N05,-0.1519,0.007968,3.25,-0.0086,0.000479,38.0,23.765562,86.415081
2026-04-10 17:00:00,N05,-0.1347,0.005711,6.89,-0.0089,4.9e-05,36.2,23.765562,86.415081
2026-04-10 18:00:00,N05,0.2627,0.005938,2.12,-0.0087,0.000283,34.2,23.765562,86.415081
2026-04-10 19:00:00,N05,-0.0105,0.006184,1.48,-0.0083,8.2e-05,32.3,23.765562,86.415081
2026-04-10 20:00:00,N05,,,,,,,23.765562,86.415081
2026-04-10 21:00:00,N05,0.3345,0.008034,6.79,-0.008,0.000539,28.9,23.765562,86.415081
2026-04-10 22:00:00,N05,-0.0096,0.005839,8.84,-0.0075,0.000329,27.7,23.765562,86.415081
2026-04-10 23:00:00,N05,0.0919,0.00617,9.17,-0.0073,0.000517,27.0,23.765562,86.415081
2026-04-11 00:00:00,N05,-0.2146,0.007363,9.98,-0.0085,0.000701,24.2,23.765562,86.415081
2026-04-11 01:00:00,N05,,,,,,,23.765562,86.415081
2026-04-11 02:00:00,N05,-0.0254,0.005406,5.97,-0.008,0.000644,25.2,23.765562,86.415081
2026-04-11 03:00:00,N05,-0.0785,0.007525,3.63,-0.0074,0.000235,26.4,23.765562,86.415081
2026-04-11 04:00:00,N05,-0.3269,0.007255,3.12,-0.0075,0.000333,28.0,23.765562,86.415081
2026-04-11 05:00:00,N05,0.0458,0.005294,8.9,-0.0068,3.7e-05,29.8,23.765562,86.415081
2026-04-11 06:00:00,N05,-0.1294,0.005055,5.26,-0.0076,2.4e-05,31.7,23.765562,86.415081
2026-04-11 07:00:00,N05,-0.125,0.005617,8.77,-0.0068,0.000265,33.7,23.765562,86.415081
2026-04-11 08:00:00,N05,0.1972,0.006967,9.13,-0.007,0.000338,35.5,23.765562,86.415081
2026-04-11 09:00:00,N05,-0.0506,0.005979,1.8,-0.0075,0.004595,37.0,23.765562,86.415081
2026-04-11 10:00:00,N05,0.0344,0.541572,48.02,-0.0162,0.004382,38.2,23.765562,86.415081
2026-04-11 11:00:00,N05,0.1269,0.649006,37.28,-0.0163,0.004486,39.0,23.765562,86.415081
2026-04-11 12:00:00,N05,-0.1794,0.007684,7.49,-0.0073,0.00487,39.2,23.765562,86.415081
2026-04-11 13:00:00,N05,-0.0733,0.006481,9.03,-0.0065,0.000484,39.0,23.765562,86.415081
2026-04-11 14:00:00,N05,0.1554,0.005637,7.78,-0.0063,8.7e-05,38.2,23.765562,86.415081
2026-04-11 15:00:00,N05,0.0542,0.00705,8.77,-0.0063,0.000109,37.0,23.765562,86.415081
2026-04-11 16:00:00,N05,-0.0238,0.007722,9.88,-0.0065,4.9e-05,35.5,23.765562,86.415081
2026-04-11 17:00:00,N05,-0.1093,0.005939,4.13,-0.0064,0.000126,33.7,23.765562,86.415081
2026-04-11 18:00:00,N05,,,,,,,23.765562,86.415081
2026-04-11 19:00:00,N05,,,,,,,23.765562,86.415081
2026-04-11 20:00:00,N05,,,,,,,23.765562,86.415081
2026-04-11 21:00:00,N05,,,,,,,23.765562,86.415081
2026-04-11 22:00:00,N05,,,,,,,23.765562,86.415081
2026-04-11 23:00:00,N05,-0.1276,0.008147,5.23,-0.0058,0.000371,24.5,23.765562,86.415081
2026-04-12 00:00:00,N05,0.0477,0.007026,8.91,-0.0058,3.4e-05,23.7,23.765562,86.415081
2026-04-12 01:00:00,N05,-0.1227,0.006504,5.01,-0.0058,0.000191,24.0,23.765562,86.415081
2026-04-12 02:00:00,N05,0.0315,0.005665,1.46,-0.0062,3.1e-05,24.7,23.765562,86.415081
2026-04-12 03:00:00,N05,-0.0072,0.006385,8.54,-0.0059,0.00082,25.9,23.765562,86.415081
2026-04-12 04:00:00,N05,-0.097,0.008148,7.41,-0.0045,0.000407,27.5,23.765562,86.415081
2026-04-12 05:00:00,N05,0.0579,0.006278,2.61,-0.0051,0.000103,29.3,23.765562,86.415081
2026-04-12 06:00:00,N05,,,,,,,23.765562,86.415081
2026-04-12 07:00:00,N05,,,,,,,23.765562,86.415081
2026-04-12 08:00:00,N05,,,,,,,23.765562,86.415081
2026-04-12 09:00:00,N05,,,,,,,23.765562,86.415081
2026-04-12 10:00:00,N05,,,,,,,23.765562,86.415081
2026-04-12 11:00:00,N05,-0.0871,0.005331,6.49,-0.0058,6.9e-05,38.5,23.765562,86.415081
2026-04-12 12:00:00,N05,,,,,,,23.765562,86.415081
2026-04-12 13:00:00,N05,,,,,,,23.765562,86.415081
2026-04-12 14:00:00,N05,,,,,,,23.765562,86.415081
2026-04-12 15:00:00,N05,,,,,,,23.765562,86.415081
2026-04-12 16:00:00,N05,,,,,,,23.765562,86.415081
2026-04-12 17:00:00,N05,-0.0337,0.867245,46.69,-0.0223,0.007323,33.2,23.765562,86.415081
2026-04-12 18:00:00,N05,-0.0519,0.007666,6.77,-0.0072,0.007381,31.2,23.765562,86.415081
2026-04-12 19:00:00,N05,-0.1508,0.005914,9.16,-0.0076,6.9e-05,29.3,23.765562,86.415081
2026-04-12 20:00:00,N05,-0.3307,0.005898,4.57,-0.0071,0.000127,27.5,23.765562,86.415081
2026-04-12 21:00:00,N05,-0.0253,0.007496,9.0,-0.0073,0.000265,25.9,23.765562,86.415081
2026-04-12 22:00:00,N05,-0.2478,0.009308,1.79,-0.0065,0.000288,24.7,23.765562,86.415081
2026-04-12 23:00:00,N05,0.114,0.008148,1.56,-0.0067,0.000154,24.0,23.765562,86.415081
2026-04-13 00:00:00,N05,-0.194,0.006694,3.71,-0.0062,0.00064,25.7,23.765562,86.415081
2026-04-13 01:00:00,N05,0.0006,0.006489,6.53,-0.0055,0.000302,26.0,23.765562,86.415081
2026-04-13 02:00:00,N05,,,,,,,23.765562,86.415081
2026-04-13 03:00:00,N05,,,,,,,23.765562,86.415081
2026-04-13 04:00:00,N05,0.18,0.009411,4.9,-0.0049,0.000269,29.5,23.765562,86.415081
2026-04-13 05:00:00,N05,-0.1694,0.006047,3.69,-0.006,0.000247,31.3,23.765562,86.415081
2026-04-13 06:00:00,N05,-0.2667,0.008066,9.34,-0.0054,0.000533,33.2,23.765562,86.415081
2026-04-13 07:00:00,N05,-0.316,0.005011,5.6,-0.0049,0.000497,35.2,23.765562,86.415081
2026-04-13 08:00:00,N05,0.2111,0.007268,5.75,-0.0044,0.000421,37.0,23.765562,86.415081
2026-04-13 09:00:00,N05,0.2182,0.006692,2.69,-0.0041,0.000403,38.5,23.765562,86.415081
2026-04-13 10:00:00,N05,0.0768,0.005733,4.15,-0.0036,3.1e-05,39.7,23.765562,86.415081
2026-04-13 11:00:00,N05,0.0274,0.007433,3.69,-0.004,8.4e-05,40.5,23.765562,86.415081
2026-04-13 12:00:00,N05,-0.0758,0.005702,1.17,-0.0038,4.1e-05,40.7,23.765562,86.415081
2026-04-13 13:00:00,N05,,,,,,,23.765562,86.415081
2026-04-13 14:00:00,N05,,,,,,,23.765562,86.415081
2026-04-13 15:00:00,N05,,,,,,,23.765562,86.415081
2026-04-13 16:00:00,N05,,,,,,,23.765562,86.415081
2026-04-13 17:00:00,N05,,,,,,,23.765562,86.415081
2026-04-13 18:00:00,N05,,,,,,,23.765562,86.415081
2026-04-13 19:00:00,N05,,,,,,,23.765562,86.415081
2026-04-13 20:00:00,N05,-0.1988,0.005629,9.55,-0.0042,5e-06,29.5,23.765562,86.415081
2026-04-13 21:00:00,N05,-0.0042,0.005605,6.64,-0.0043,0.00019,27.9,23.765562,86.415081
2026-04-13 22:00:00,N05,0.2234,0.005421,8.18,-0.0038,6e-06,26.7,23.765562,86.415081
2026-04-13 23:00:00,N05,-0.0125,0.005467,7.5,-0.0043,0.000121,26.0,23.765562,86.415081
2026-04-14 00:00:00,N05,0.0331,0.006005,7.61,-0.004,0.000317,23.4,23.765562,86.415081
2026-04-14 01:00:00,N05,-0.165,0.006775,5.15,-0.0037,3.5e-05,23.7,23.765562,86.415081
2026-04-14 02:00:00,N05,-0.01,0.006008,4.41,-0.004,0.000402,24.4,23.765562,86.415081
2026-04-14 03:00:00,N05,-0.0469,0.007108,7.0,-0.0045,0.000388,25.6,23.765562,86.415081
2026-04-14 04:00:00,N05,-0.0681,0.007794,2.83,-0.0048,9e-05,27.2,23.765562,86.415081
2026-04-14 05:00:00,N05,0.2452,0.006086,7.82,-0.0043,0.000102,29.0,23.765562,86.415081
2026-04-14 06:00:00,N05,,,,,,,23.765562,86.415081
2026-04-14 07:00:00,N05,-0.0075,0.005495,6.44,-0.0047,0.000159,32.9,23.765562,86.415081
2026-04-14 08:00:00,N05,0.1599,0.007786,6.58,-0.0042,0.000525,34.7,23.765562,86.415081
2026-04-14 09:00:00,N05,0.2352,0.006684,1.3,-0.0036,0.000326,36.2,23.765562,86.415081
2026-04-14 10:00:00,N05,-0.0972,0.0059,4.99,-0.0036,0.005014,37.4,23.765562,86.415081
2026-04-14 11:00:00,N05,-0.1813,0.600733,45.92,-0.0136,0.00489,38.2,23.765562,86.415081
2026-04-14 12:00:00,N05,0.1452,0.835352,45.58,-0.0134,0.003898,38.4,23.765562,86.415081
2026-04-14 13:00:00,N05,0.1772,0.854634,29.79,-0.0214,0.004895,38.2,23.765562,86.415081
2026-04-14 14:00:00,N05,-0.0043,0.005096,7.62,-0.0036,0.008643,37.4,23.765562,86.415081
2026-04-14 15:00:00,N05,0.0024,0.005576,2.53,-0.0041,0.000139,36.2,23.765562,86.415081
2026-04-14 16:00:00,N05,-0.1278,0.005663,5.63,-0.0038,0.000174,34.7,23.765562,86.415081
2026-04-14 17:00:00,N05,0.0356,0.007223,9.64,-0.0038,0.000106,32.9,23.765562,86.415081
2026-04-14 18:00:00,N05,0.2395,0.007115,6.74,-0.0036,0.000435,30.9,23.765562,86.415081
2026-04-14 19:00:00,N05,0.0742,0.006381,8.87,-0.0029,0.000196,29.0,23.765562,86.415081
2026-04-14 20:00:00,N05,-0.0821,0.006827,1.08,-0.0032,9.1e-05,27.2,23.765562,86.415081
2026-04-14 21:00:00,N05,0.0765,0.00665,5.87,-0.0031,0.000359,25.6,23.765562,86.415081
2026-04-14 22:00:00,N05,,,,,,,23.765562,86.415081
2026-04-14 23:00:00,N05,,,,,,,23.765562,86.415081
2026-04-15 00:00:00,N05,,,,,,,23.765562,86.415081
2026-04-15 01:00:00,N05,0.3654,0.006596,1.59,-0.0022,0.000144,25.2,23.765562,86.415081
2026-04-15 02:00:00,N05,-0.0525,0.007041,2.74,-0.0023,0.000323,25.9,23.765562,86.415081
2026-04-15 03:00:00,N05,,,,,,,23.765562,86.415081
2026-04-15 04:00:00,N05,-0.043,0.006301,1.17,-0.0034,5.7e-05,28.7,23.765562,86.415081
2026-04-15 05:00:00,N05,0.0773,0.006352,1.27,-0.0029,4.9e-05,30.5,23.765562,86.415081
2026-04-15 06:00:00,N05,-0.1737,0.007848,9.84,-0.0033,9.6e-05,32.4,23.765562,86.415081
2026-04-15 07:00:00,N05,-0.0123,0.005464,8.8,-0.0031,0.007454,34.4,23.765562,86.415081
2026-04-15 08:00:00,N05,0.332,0.848048,26.41,0.0116,0.002682,36.2,23.765562,86.415081
2026-04-15 09:00:00,N05,0.0414,0.565444,47.61,0.0023,0.007416,37.7,23.765562,86.415081
2026-04-15 10:00:00,N05,0.0688,0.005697,7.06,-0.0033,0.01287,38.9,23.765562,86.415081
2026-04-15 11:00:00,N05,-0.0446,0.678702,38.8,-0.0235,0.000493,39.7,23.765562,86.415081
2026-04-15 12:00:00,N05,-0.1282,0.007581,8.32,-0.0042,0.009468,39.9,23.765562,86.415081
2026-04-15 13:00:00,N05,0.0119,0.005158,5.61,-0.0045,0.000462,39.7,23.765562,86.415081
2026-04-15 14:00:00,N05,,,,,,,23.765562,86.415081
2026-04-15 15:00:00,N05,,,,,,,23.765562,86.415081
2026-04-15 16:00:00,N05,,,,,,,23.765562,86.415081
2026-04-15 17:00:00,N05,,,,,,,23.765562,86.415081
2026-04-15 18:00:00,N05,,,,,,,23.765562,86.415081
2026-04-15 19:00:00,N05,0.2121,0.009295,3.36,-0.0034,0.001102,30.5,23.765562,86.415081
2026-04-15 20:00:00,N05,-0.2111,0.005372,1.89,-0.0022,0.000476,28.7,23.765562,86.415081
2026-04-15 21:00:00,N05,-0.0125,0.007267,6.21,-0.0025,0.000186,27.1,23.765562,86.415081
2026-04-15 22:00:00,N05,0.0184,0.005094,3.42,-0.0026,1.2e-05,25.9,23.765562,86.415081
2026-04-15 23:00:00,N05,0.3228,0.005682,4.17,-0.0025,0.000204,25.2,23.765562,86.415081
2026-04-16 00:00:00,N05,0.1565,0.005084,5.25,-0.0022,0.000143,27.6,23.765562,86.415081
2026-04-16 01:00:00,N05,-0.2907,0.011463,3.77,-0.0022,4e-06,27.8,23.765562,86.415081
2026-04-16 02:00:00,N05,0.2581,0.007965,9.56,-0.0022,8.5e-05,28.6,23.765562,86.415081
2026-04-16 03:00:00,N05,-0.246,0.005471,2.61,-0.002,6.4e-05,29.8,23.765562,86.415081
2026-04-16 04:00:00,N05,0.0411,0.006199,2.24,-0.002,0.00024,31.3,23.765562,86.415081
2026-04-16 05:00:00,N05,-0.1477,0.006769,9.06,-0.0015,0.000193,33.1,23.765562,86.415081
2026-04-16 06:00:00,N05,0.1916,0.007707,3.64,-0.0017,4.7e-05,35.1,23.765562,86.415081
2026-04-16 07:00:00,N05,-0.0196,0.006597,4.93,-0.0014,0.000224,37.0,23.765562,86.415081
2026-04-16 08:00:00,N05,-0.0827,0.005394,2.33,-0.0021,0.000437,38.8,23.765562,86.415081
2026-04-16 09:00:00,N05,-0.0866,0.006788,6.84,-0.0023,0.00813,40.4,23.765562,86.415081
2026-04-16 10:00:00,N05,0.0933,0.676926,38.75,-0.0184,0.000606,41.6,23.765562,86.415081
2026-04-16 11:00:00,N05,0.1716,0.005314,6.2,-0.0011,0.008847,42.3,23.765562,86.415081
2026-04-16 12:00:00,N05,0.0714,0.005209,6.85,-0.0007,0.000473,42.6,23.765562,86.415081
2026-04-16 13:00:00,N05,0.1044,0.00503,4.13,-0.0001,0.000297,42.3,23.765562,86.415081
2026-04-16 14:00:00,N05,-0.0051,0.007303,7.16,-0.0013,0.000303,41.6,23.765562,86.415081
2026-04-16 15:00:00,N05,-0.0313,0.005814,9.04,-0.0007,0.000127,40.4,23.765562,86.415081
2026-04-16 16:00:00,N05,0.0287,0.006351,3.83,-0.001,7.4e-05,38.8,23.765562,86.415081
2026-04-16 17:00:00,N05,-0.0858,0.007102,3.47,-0.0009,0.000603,37.0,23.765562,86.415081
2026-04-16 18:00:00,N05,,,,,,,23.765562,86.415081
2026-04-16 19:00:00,N05,,,,,,,23.765562,86.415081
2026-04-16 20:00:00,N05,0.2067,0.005353,8.97,-0.0012,0.000393,31.3,23.765562,86.415081
2026-04-16 21:00:00,N05,0.0449,0.006633,5.09,-0.0013,0.000208,29.8,23.765562,86.415081
2026-04-16 22:00:00,N05,,,,,,,23.765562,86.415081
2026-04-16 23:00:00,N05,,,,,,,23.765562,86.415081
2026-04-17 00:00:00,N05,,,,,,,23.765562,86.415081
2026-04-17 01:00:00,N05,-0.1078,0.007672,9.11,0.0001,0.00068,25.0,23.765562,86.415081
2026-04-17 02:00:00,N05,0.0064,0.006356,6.26,0.0005,0.00012,25.8,23.765562,86.415081
2026-04-17 03:00:00,N05,-0.0761,0.006469,9.65,0.0003,0.000538,27.0,23.765562,86.415081
2026-04-17 04:00:00,N05,0.2996,0.00726,7.31,-0.0005,0.000857,28.5,23.765562,86.415081
2026-04-17 05:00:00,N05,-0.0683,0.007682,6.88,-0.0014,0.00029,30.3,23.765562,86.415081
2026-04-17 06:00:00,N05,-0.0723,0.008315,9.6,-0.0011,0.008064,32.3,23.765562,86.415081
2026-04-17 07:00:00,N05,-0.0795,0.808243,49.72,0.0147,5.2e-05,34.2,23.765562,86.415081
2026-04-17 08:00:00,N05,-0.0238,0.007022,7.41,-0.0012,0.007785,36.0,23.765562,86.415081
2026-04-17 09:00:00,N05,-0.0018,0.005434,9.21,-0.0009,0.000341,37.6,23.765562,86.415081
2026-04-17 10:00:00,N05,-0.0271,0.006625,2.91,-0.0005,0.000246,38.8,23.765562,86.415081
2026-04-17 11:00:00,N05,0.1276,0.006726,1.37,-0.0004,6.2e-05,39.5,23.765562,86.415081
2026-04-17 12:00:00,N05,0.0555,0.005565,4.93,-0.0007,8.9e-05,39.8,23.765562,86.415081
2026-04-17 13:00:00,N05,,,,,,,23.765562,86.415081
2026-04-17 14:00:00,N05,,,,,,,23.765562,86.415081
2026-04-17 15:00:00,N05,,,,,,,23.765562,86.415081
2026-04-17 16:00:00,N05,-0.0455,0.009703,5.7,-0.0007,0.000115,36.0,23.765562,86.415081
2026-04-17 17:00:00,N05,0.0178,0.005581,4.06,-0.0008,0.000313,34.2,23.765562,86.415081
2026-04-17 18:00:00,N05,-0.2216,0.006093,4.29,-0.0013,2.5e-05,32.3,23.765562,86.415081
2026-04-17 19:00:00,N05,,,,,,,23.765562,86.415081
2026-04-17 20:00:00,N05,,,,,,,23.765562,86.415081
2026-04-17 21:00:00,N05,,,,,,,23.765562,86.415081
2026-04-17 22:00:00,N05,,,,,,,23.765562,86.415081
2026-04-17 23:00:00,N05,0.1525,0.00771,3.96,-0.0013,0.000418,25.0,23.765562,86.415081
2026-04-18 00:00:00,N05,-0.0785,0.005344,7.51,-0.0018,0.000544,25.5,23.765562,86.415081
2026-04-18 01:00:00,N05,-0.177,0.007759,4.29,-0.0024,0.000634,25.7,23.765562,86.415081
2026-04-18 02:00:00,N05,-0.2339,0.006415,1.17,-0.0031,1.6e-05,26.5,23.765562,86.415081
2026-04-18 03:00:00,N05,-0.1165,0.006877,6.57,-0.0024,3.2e-05,27.7,23.765562,86.415081
2026-04-18 04:00:00,N05,0.0178,0.006433,5.61,-0.003,5.2e-05,29.2,23.765562,86.415081
2026-04-18 05:00:00,N05,0.2474,0.005017,5.42,-0.0023,5e-06,31.0,23.765562,86.415081
2026-04-18 06:00:00,N05,-0.1269,0.00858,1.73,-0.003,6.5e-05,33.0,23.765562,86.415081
2026-04-18 07:00:00,N05,-0.2333,0.007123,1.48,-0.0024,0.008193,34.9,23.765562,86.415081
2026-04-18 08:00:00,N05,,,,,,,23.765562,86.415081
2026-04-18 09:00:00,N05,,,,,,,23.765562,86.415081
2026-04-18 10:00:00,N05,,,,,,,23.765562,86.415081
2026-04-18 11:00:00,N05,,,,,,,23.765562,86.415081
2026-04-18 12:00:00,N05,,,,,,,23.765562,86.415081
2026-04-18 13:00:00,N05,,,,,,,23.765562,86.415081
2026-04-18 14:00:00,N05,,,,,,,23.765562,86.415081
2026-04-18 15:00:00,N05,-0.1092,0.005181,8.85,-0.0018,0.019463,38.3,23.765562,86.415081
2026-04-18 16:00:00,N05,0.0526,0.006116,4.71,-0.0013,0.0005,36.7,23.765562,86.415081
2026-04-18 17:00:00,N05,0.1982,0.006855,3.45,-0.0008,0.000528,34.9,23.765562,86.415081
2026-04-18 18:00:00,N05,,,,,,,23.765562,86.415081
2026-04-18 19:00:00,N05,0.1687,0.005419,8.01,-0.0003,0.000146,31.0,23.765562,86.415081
2026-04-18 20:00:00,N05,-0.1554,0.006338,9.8,-0.0,0.000514,29.2,23.765562,86.415081
2026-04-18 21:00:00,N05,0.459,0.006122,4.06,0.0007,0.000286,27.7,23.765562,86.415081
2026-04-18 22:00:00,N05,0.0385,0.00618,1.91,0.0006,0.000294,26.5,23.765562,86.415081
2026-04-18 23:00:00,N05,,,,,,,23.765562,86.415081
2026-04-19 00:00:00,N05,,,,,,,23.765562,86.415081
2026-04-19 01:00:00,N05,-0.0079,0.005801,4.62,0.0004,0.000431,28.1,23.765562,86.415081
2026-04-19 02:00:00,N05,,,,,,,23.765562,86.415081
2026-04-19 03:00:00,N05,,,,,,,23.765562,86.415081
2026-04-19 04:00:00,N05,-0.1922,0.005563,2.84,0.0005,0.000152,31.6,23.765562,86.415081
2026-04-19 05:00:00,N05,,,,,,,23.765562,86.415081
2026-04-19 06:00:00,N05,,,,,,,23.765562,86.415081
2026-04-19 07:00:00,N05,,,,,,,23.765562,86.415081
2026-04-19 08:00:00,N05,0.2367,0.005639,1.53,0.0002,0.000317,39.1,23.765562,86.415081
2026-04-19 09:00:00,N05,-0.2528,0.005859,8.35,0.0,0.00767,40.7,23.765562,86.415081
2026-04-19 10:00:00,N05,0.0803,0.803047,47.9,0.0156,0.00747,41.8,23.765562,86.415081
2026-04-19 11:00:00,N05,0.032,0.634083,31.91,0.0149,0.000124,42.6,23.765562,86.415081
2026-04-19 12:00:00,N05,0.2204,0.612374,26.86,0.0153,0.000112,42.8,23.765562,86.415081
2026-04-19 13:00:00,N05,-0.0758,0.835784,18.11,0.0152,0.007793,42.6,23.765562,86.415081
2026-04-19 14:00:00,N05,-0.0472,0.005302,4.78,-0.0003,0.007816,41.8,23.765562,86.415081
2026-04-19 15:00:00,N05,0.0758,0.00519,7.78,-0.0005,0.000409,40.7,23.765562,86.415081
2026-04-19 16:00:00,N05,,,,,,,23.765562,86.415081
2026-04-19 17:00:00,N05,0.0174,0.008009,3.16,-0.0009,0.000328,37.3,23.765562,86.415081
2026-04-19 18:00:00,N05,0.0041,0.005482,8.59,-0.0004,0.000154,35.3,23.765562,86.415081
2026-04-19 19:00:00,N05,-0.0298,0.005827,7.73,-0.0012,0.000422,33.4,23.765562,86.415081
2026-04-19 20:00:00,N05,0.1186,0.007858,3.82,-0.0013,0.000491,31.6,23.765562,86.415081
2026-04-19 21:00:00,N05,-0.1032,0.005457,8.32,-0.0022,0.000684,30.0,23.765562,86.415081
2026-04-19 22:00:00,N05,-0.0118,0.00907,9.88,-0.0026,9e-05,28.9,23.765562,86.415081
2026-04-19 23:00:00,N05,-0.0449,0.006224,2.36,-0.002,0.000449,28.1,23.765562,86.415081
2026-04-20 00:00:00,N05,0.2238,0.005613,9.1,-0.0017,0.000172,25.4,23.765562,86.415081
2026-04-20 01:00:00,N05,0.3111,0.006252,4.33,-0.0017,0.000268,25.7,23.765562,86.415081
2026-04-20 02:00:00,N05,-0.1119,0.008061,1.68,-0.0012,0.000539,26.4,23.765562,86.415081
2026-04-20 03:00:00,N05,-0.1476,0.005961,7.32,-0.0006,0.000572,27.6,23.765562,86.415081
2026-04-20 04:00:00,N05,0.0006,0.006714,7.76,-0.0001,0.000233,29.2,23.765562,86.415081
2026-04-20 05:00:00,N05,-0.2136,0.006287,4.61,-0.0001,0.004447,31.0,23.765562,86.415081
2026-04-20 06:00:00,N05,-0.2118,0.770685,16.46,-0.009,0.004432,32.9,23.765562,86.415081
2026-04-20 07:00:00,N05,-0.2674,0.857973,33.97,-0.009,0.004398,34.9,23.765562,86.415081
2026-04-20 08:00:00,N05,-0.1587,0.006375,3.9,-0.0002,0.004603,36.7,23.765562,86.415081
2026-04-20 09:00:00,N05,0.0812,0.005994,8.66,0.0002,0.000299,38.2,23.765562,86.415081
2026-04-20 10:00:00,N05,0.0648,0.007033,4.17,0.0004,0.000386,39.4,23.765562,86.415081
2026-04-20 11:00:00,N05,-0.0194,0.005514,3.9,0.001,0.000348,40.2,23.765562,86.415081
2026-04-20 12:00:00,N05,0.197,0.009799,3.83,0.0011,0.000215,40.4,23.765562,86.415081
2026-04-20 13:00:00,N05,0.1567,0.005006,2.07,0.0014,0.000158,40.2,23.765562,86.415081
2026-04-20 14:00:00,N05,-0.1114,0.005616,5.5,0.0008,0.000265,39.4,23.765562,86.415081
2026-04-20 15:00:00,N05,-0.3432,0.007164,9.07,0.0009,0.000148,38.2,23.765562,86.415081
2026-04-20 16:00:00,N05,0.1212,0.00641,1.62,0.0005,0.016017,36.7,23.765562,86.415081
2026-04-20 17:00:00,N05,-0.0622,0.712145,49.34,0.0329,0.009312,34.9,23.765562,86.415081
2026-04-20 18:00:00,N05,0.0231,0.739927,21.69,0.0191,0.016709,32.9,23.765562,86.415081
2026-04-20 19:00:00,N05,0.01,0.006233,9.72,-0.0005,0.009686,31.0,23.765562,86.415081
2026-04-20 20:00:00,N05,,,,,,,23.765562,86.415081
2026-04-20 21:00:00,N05,,,,,,,23.765562,86.415081
2026-04-20 22:00:00,N05,-0.0634,0.00594,2.65,-0.0001,0.000483,26.4,23.765562,86.415081
2026-04-20 23:00:00,N05,-0.0964,0.00672,7.86,-0.0009,0.000457,25.7,23.765562,86.415081
2026-04-21 00:00:00,N05,-0.1475,0.00719,7.29,-0.001,0.000196,21.1,23.765562,86.415081
2026-04-21 01:00:00,N05,-0.0857,0.005798,6.77,-0.0013,0.000251,21.4,23.765562,86.415081
2026-04-21 02:00:00,N05,-0.3029,0.005606,7.42,-0.0015,8.8e-05,22.1,23.765562,86.415081
2026-04-21 03:00:00,N05,0.0418,0.005706,6.1,-0.0014,2.2e-05,23.3,23.765562,86.415081
2026-04-21 04:00:00,N05,-0.0294,0.007038,8.72,-0.0016,0.000107,24.9,23.765562,86.415081
2026-04-21 05:00:00,N05,0.164,0.00641,4.4,-0.0017,0.000103,26.7,23.765562,86.415081
2026-04-21 06:00:00,N05,-0.3811,0.007522,2.99,-0.0013,0.000304,28.6,23.765562,86.415081
2026-04-21 07:00:00,N05,-0.322,0.005292,3.31,-0.001,0.000337,30.6,23.765562,86.415081
2026-04-21 08:00:00,N05,0.0546,0.006976,3.54,-0.002,0.000899,32.4,23.765562,86.415081
2026-04-21 09:00:00,N05,0.1267,0.009844,2.55,-0.0028,0.000516,33.9,23.765562,86.415081
2026-04-21 10:00:00,N05,-0.1334,0.008485,4.01,-0.0031,7e-06,35.1,23.765562,86.415081
2026-04-21 11:00:00,N05,-0.0578,0.005785,9.34,-0.0029,0.004227,35.9,23.765562,86.415081
2026-04-21 12:00:00,N05,-0.2922,0.559985,21.75,0.0054,0.002785,36.1,23.765562,86.415081
2026-04-21 13:00:00,N05,-0.1453,0.725636,44.93,-0.0084,0.004154,35.9,23.765562,86.415081
2026-04-21 14:00:00,N05,0.2857,0.005184,5.48,-0.0029,0.002978,35.1,23.765562,86.415081
2026-04-21 15:00:00,N05,-0.0327,0.005949,8.35,-0.0025,0.000299,33.9,23.765562,86.415081
2026-04-21 16:00:00,N05,-0.1851,0.007886,3.43,-0.0023,0.005839,32.4,23.765562,86.415081
2026-04-21 17:00:00,N05,-0.0289,0.723446,26.26,0.0092,0.006165,30.6,23.765562,86.415081
2026-04-21 18:00:00,N05,,,,,,,23.765562,86.415081
2026-04-21 19:00:00,N05,,,,,,,23.765562,86.415081
2026-04-21 20:00:00,N05,,,,,,,23.765562,86.415081
2026-04-21 21:00:00,N05,,,,,,,23.765562,86.415081
2026-04-21 22:00:00,N05,,,,,,,23.765562,86.415081
2026-04-21 23:00:00,N05,-0.5081,0.006369,3.96,-0.0013,0.000193,21.4,23.765562,86.415081
2026-04-22 00:00:00,N05,,,,,,,23.765562,86.415081
2026-04-22 01:00:00,N05,,,,,,,23.765562,86.415081
2026-04-22 02:00:00,N05,,,,,,,23.765562,86.415081
2026-04-22 03:00:00,N05,,,,,,,23.765562,86.415081
2026-04-22 04:00:00,N05,,,,,,,23.765562,86.415081
2026-04-22 05:00:00,N05,0.0287,0.005695,2.31,0.0011,0.000759,32.6,23.765562,86.415081
2026-04-22 06:00:00,N05,,,,,,,23.765562,86.415081
2026-04-22 07:00:00,N05,,,,,,,23.765562,86.415081
2026-04-22 08:00:00,N05,,,,,,,23.765562,86.415081
2026-04-22 09:00:00,N05,-0.08,0.674442,42.25,-0.0058,0.009472,39.9,23.765562,86.415081
2026-04-22 10:00:00,N05,0.1771,0.53992,15.61,-0.0178,0.003271,41.1,23.765562,86.415081
2026-04-22 11:00:00,N05,-0.4173,0.842866,38.18,-0.0124,0.002666,41.8,23.765562,86.415081
2026-04-22 12:00:00,N05,0.1222,0.931931,46.01,-0.0125,0.007548,42.1,23.765562,86.415081
2026-04-22 13:00:00,N05,0.0911,0.006189,3.93,0.0027,0.007696,41.8,23.765562,86.415081
2026-04-22 14:00:00,N05,-0.0467,0.007125,4.25,0.0029,0.000205,41.1,23.765562,86.415081
2026-04-22 15:00:00,N05,-0.0877,0.006729,2.04,0.0031,0.00021,39.9,23.765562,86.415081
2026-04-22 16:00:00,N05,0.2345,0.005786,5.67,0.0025,0.000515,38.3,23.765562,86.415081
2026-04-22 17:00:00,N05,0.0222,0.006068,7.98,0.0021,0.000803,36.5,23.765562,86.415081
2026-04-22 18:00:00,N05,-0.0995,0.005647,3.8,0.0009,0.00044,34.6,23.765562,86.415081
2026-04-22 19:00:00,N05,,,,,,,23.765562,86.415081
2026-04-22 20:00:00,N05,0.2511,0.00667,1.43,0.0008,0.000542,30.8,23.765562,86.415081
2026-04-22 21:00:00,N05,-0.0412,0.005299,4.72,0.0002,0.000325,29.3,23.765562,86.415081
2026-04-22 22:00:00,N05,0.2069,0.005221,4.96,0.0001,7e-06,28.1,23.765562,86.415081
2026-04-22 23:00:00,N05,0.1583,0.005429,5.67,0.0001,0.000312,27.3,23.765562,86.415081
2026-04-23 00:00:00,N05,0.0174,0.007594,5.82,-0.0005,0.000518,23.0,23.765562,86.415081
2026-04-23 01:00:00,N05,-0.0359,0.005918,4.46,-0.0009,0.0002,23.3,23.765562,86.415081
2026-04-23 02:00:00,N05,0.0995,0.007237,1.93,-0.0009,0.000161,24.0,23.765562,86.415081
2026-04-23 03:00:00,N05,-0.0889,0.006195,2.54,-0.0012,0.000204,25.2,23.765562,86.415081
2026-04-23 04:00:00,N05,0.0507,0.0071,7.61,-0.0013,0.000348,26.8,23.765562,86.415081
2026-04-23 05:00:00,N05,0.0671,0.00517,2.85,-0.0019,0.000251,28.6,23.765562,86.415081
2026-04-23 06:00:00,N05,-0.1532,0.007563,5.68,-0.0018,6.1e-05,30.5,23.765562,86.415081
2026-04-23 07:00:00,N05,-0.0402,0.005254,1.81,-0.002,2.9e-05,32.5,23.765562,86.415081
2026-04-23 08:00:00,N05,,,,,,,23.765562,86.415081
2026-04-23 09:00:00,N05,,,,,,,23.765562,86.415081
2026-04-23 10:00:00,N05,,,,,,,23.765562,86.415081
2026-04-23 11:00:00,N05,,,,,,,23.765562,86.415081
2026-04-23 12:00:00,N05,,,,,,,23.765562,86.415081
2026-04-23 13:00:00,N05,-0.0976,0.73384,48.5,0.014,0.007766,37.8,23.765562,86.415081
2026-04-23 14:00:00,N05,-0.0598,0.9314,49.24,0.0134,0.008499,37.0,23.765562,86.415081
2026-04-23 15:00:00,N05,0.0985,0.006441,2.75,-0.003,0.008577,35.8,23.765562,86.415081
2026-04-23 16:00:00,N05,0.2378,0.007549,5.11,-0.0038,0.000326,34.3,23.765562,86.415081
2026-04-23 17:00:00,N05,-0.0359,0.005968,8.54,-0.0036,0.000118,32.5,23.765562,86.415081
2026-04-23 18:00:00,N05,-0.2618,0.009605,4.74,-0.0036,0.000127,30.5,23.765562,86.415081
2026-04-23 19:00:00,N05,-0.0604,0.007783,9.81,-0.0039,0.000471,28.6,23.765562,86.415081
2026-04-23 20:00:00,N05,-0.0414,0.008176,5.34,-0.0045,0.000285,26.8,23.765562,86.415081
2026-04-23 21:00:00,N05,0.0177,0.005101,9.69,-0.0044,0.000251,25.2,23.765562,86.415081
2026-04-23 22:00:00,N05,0.0225,0.006531,5.04,-0.005,0.000118,24.0,23.765562,86.415081
2026-04-23 23:00:00,N05,0.1414,0.006322,1.1,-0.0042,0.000221,23.3,23.765562,86.415081
2026-04-24 00:00:00,N05,-0.2285,0.007312,8.0,-0.0046,0.000243,23.2,23.765562,86.415081
2026-04-24 01:00:00,N05,-0.1141,0.006204,6.2,-0.0047,0.000367,23.4,23.765562,86.415081
2026-04-24 02:00:00,N05,-0.051,0.006332,6.54,-0.0053,0.000338,24.2,23.765562,86.415081
2026-04-24 03:00:00,N05,0.0187,0.00617,4.65,-0.0054,4.6e-05,25.4,23.765562,86.415081
2026-04-24 04:00:00,N05,-0.0433,0.00525,6.68,-0.0054,0.000229,26.9,23.765562,86.415081
2026-04-24 05:00:00,N05,,,,,,,23.765562,86.415081
2026-04-24 06:00:00,N05,,,,,,,23.765562,86.415081
2026-04-24 07:00:00,N05,,,,,,,23.765562,86.415081
2026-04-24 08:00:00,N05,,,,,,,23.765562,86.415081
2026-04-24 09:00:00,N05,,,,,,,23.765562,86.415081
2026-04-24 10:00:00,N05,-0.1051,0.007397,9.08,-0.0067,0.000369,37.2,23.765562,86.415081
2026-04-24 11:00:00,N05,-0.117,0.005632,3.41,-0.0074,0.000758,37.9,23.765562,86.415081
2026-04-24 12:00:00,N05,-0.2067,0.009839,3.6,-0.0082,0.000361,38.2,23.765562,86.415081
2026-04-24 13:00:00,N05,-0.244,0.00654,6.73,-0.0081,0.008643,37.9,23.765562,86.415081
2026-04-24 14:00:00,N05,-0.0362,0.954084,17.64,0.0091,0.008433,37.2,23.765562,86.415081
2026-04-24 15:00:00,N05,-0.1672,0.676328,17.56,0.0088,0.009,36.0,23.765562,86.415081
2026-04-24 16:00:00,N05,0.1566,0.005618,6.92,-0.0089,0.008967,34.4,23.765562,86.415081
2026-04-24 17:00:00,N05,-0.1021,0.005839,2.39,-0.0091,0.000244,32.6,23.765562,86.415081
2026-04-24 18:00:00,N05,0.1129,0.006909,7.33,-0.0084,0.000338,30.7,23.765562,86.415081
2026-04-24 19:00:00,N05,-0.3003,0.005044,8.26,-0.0085,0.001195,28.7,23.765562,86.415081
2026-04-24 20:00:00,N05,,,,,,,23.765562,86.415081
2026-04-24 21:00:00,N05,,,,,,,23.765562,86.415081
2026-04-24 22:00:00,N05,0.0367,0.005357,7.92,-0.0168,0.002871,24.2,23.765562,86.415081
2026-04-24 23:00:00,N05,-0.0156,0.007517,7.63,-0.02,0.003173,23.4,23.765562,86.415081
2026-04-25 00:00:00,N05,0.1701,0.007624,7.46,-0.0232,0.003219,24.4,23.765562,86.415081
2026-04-25 01:00:00,N05,0.0365,0.00999,8.32,-0.0264,0.002975,24.7,23.765562,86.415081
2026-04-25 02:00:00,N05,-0.162,0.005887,5.58,-0.0291,0.002455,25.4,23.765562,86.415081
2026-04-25 03:00:00,N05,-0.1888,0.005766,4.65,-0.0313,0.001717,26.6,23.765562,86.415081
2026-04-25 04:00:00,N05,0.0252,0.007423,8.35,-0.0326,0.001496,28.2,23.765562,86.415081
2026-04-25 05:00:00,N05,-0.1083,0.005174,3.27,-0.0343,0.001024,30.0,23.765562,86.415081
2026-04-25 06:00:00,N05,-0.1373,0.006643,8.58,-0.0346,0.007519,31.9,23.765562,86.415081
2026-04-25 07:00:00,N05,0.0035,0.747728,45.95,-0.0193,0.007812,33.9,23.765562,86.415081
2026-04-25 08:00:00,N05,-0.033,0.59528,20.61,-0.019,0.014273,35.7,23.765562,86.415081
2026-04-25 09:00:00,N05,-0.0837,0.954831,25.85,-0.0478,0.01409,37.2,23.765562,86.415081
2026-04-25 10:00:00,N05,0.0932,0.90532,35.69,-0.0472,0.007547,38.4,23.765562,86.415081
2026-04-25 11:00:00,N05,0.1162,0.007142,5.71,-0.0327,0.012276,39.2,23.765562,86.415081
2026-04-25 12:00:00,N05,-0.0099,0.693216,36.49,-0.0226,0.000393,39.4,23.765562,86.415081
2026-04-25 13:00:00,N05,-0.1342,0.007036,2.23,-0.0319,0.004401,39.2,23.765562,86.415081
2026-04-25 14:00:00,N05,-0.194,0.006058,2.91,-0.0314,0.000114,38.4,23.765562,86.415081
2026-04-25 15:00:00,N05,-0.1466,0.006488,2.45,-0.0317,4.4e-05,37.2,23.765562,86.415081
2026-04-25 16:00:00,N05,0.1337,0.006223,3.84,-0.0313,0.000135,35.7,23.765562,86.415081
2026-04-25 17:00:00,N05,-0.1309,0.006728,2.01,-0.0314,6.8e-05,33.9,23.765562,86.415081
2026-04-25 18:00:00,N05,0.0166,0.007043,8.12,-0.0312,0.000294,31.9,23.765562,86.415081
2026-04-25 19:00:00,N05,-0.1062,0.006855,2.02,-0.0309,0.000325,30.0,23.765562,86.415081
2026-04-25 20:00:00,N05,0.0036,0.006144,9.04,-0.0306,0.000755,28.2,23.765562,86.415081
2026-04-25 21:00:00,N05,-0.0286,0.005798,5.63,-0.0294,0.001224,26.6,23.765562,86.415081
2026-04-25 22:00:00,N05,0.0424,0.005692,3.57,-0.0281,0.001244,25.4,23.765562,86.415081
2026-04-25 23:00:00,N05,,,,,,,23.765562,86.415081
2026-04-26 00:00:00,N05,,,,,,,23.765562,86.415081
2026-04-26 01:00:00,N05,-0.1351,0.006269,7.43,-0.0267,0.000535,21.3,23.765562,86.415081
2026-04-26 02:00:00,N05,0.0239,0.005368,7.01,-0.0259,0.000587,22.0,23.765562,86.415081
2026-04-26 03:00:00,N05,0.1732,0.005376,9.33,-0.0256,0.000588,23.2,23.765562,86.415081
2026-04-26 04:00:00,N05,0.0569,0.005386,5.94,-0.0248,0.000907,24.8,23.765562,86.415081
2026-04-26 05:00:00,N05,0.1725,0.006182,7.77,-0.0237,0.000451,26.6,23.765562,86.415081
2026-04-26 06:00:00,N05,0.1069,0.006593,4.54,-0.0239,0.000186,28.5,23.765562,86.415081
2026-04-26 07:00:00,N05,-0.1859,0.00655,1.36,-0.0241,0.009756,30.4,23.765562,86.415081
2026-04-26 08:00:00,N05,-0.0281,0.913759,25.96,-0.0044,0.009799,32.3,23.765562,86.415081
2026-04-26 09:00:00,N05,-0.274,0.657362,45.66,-0.0045,0.009783,33.8,23.765562,86.415081
2026-04-26 10:00:00,N05,-0.1328,0.007214,9.49,-0.0239,0.009834,35.0,23.765562,86.415081
2026-04-26 11:00:00,N05,0.1811,0.005243,3.73,-0.0242,0.000129,35.7,23.765562,86.415081
2026-04-26 12:00:00,N05,0.0444,0.005521,7.53,-0.0237,0.000231,36.0,23.765562,86.415081
2026-04-26 13:00:00,N05,,,,,,,23.765562,86.415081
2026-04-26 14:00:00,N05,,,,,,,23.765562,86.415081
2026-04-26 15:00:00,N05,,,,,,,23.765562,86.415081
2026-04-26 16:00:00,N05,,,,,,,23.765562,86.415081
2026-04-26 17:00:00,N05,,,,,,,23.765562,86.415081
2026-04-26 18:00:00,N05,-0.1066,0.005983,9.62,-0.0247,0.000493,28.5,23.765562,86.415081
2026-04-26 19:00:00,N05,,,,,,,23.765562,86.415081
2026-04-26 20:00:00,N05,-0.0619,0.007705,6.29,-0.0249,0.000274,24.8,23.765562,86.415081
2026-04-26 21:00:00,N05,-0.1055,0.005628,4.5,-0.0243,0.000459,23.2,23.765562,86.415081
2026-04-26 22:00:00,N05,-0.2475,0.006944,1.89,-0.024,0.00065,22.0,23.765562,86.415081
2026-04-26 23:00:00,N05,-0.0507,0.006053,2.8,-0.023,0.000758,21.3,23.765562,86.415081
2026-04-27 00:00:00,N05,0.044,0.009688,9.96,-0.0225,0.000416,26.7,23.765562,86.415081
2026-04-27 01:00:00,N05,0.1024,0.008193,5.54,-0.0221,0.000259,27.0,23.765562,86.415081
2026-04-27 02:00:00,N05,0.0863,0.007141,4.58,-0.0219,0.000299,27.7,23.765562,86.415081
2026-04-27 03:00:00,N05,0.1716,0.005433,3.5,-0.0215,1e-06,28.9,23.765562,86.415081
2026-04-27 04:00:00,N05,-0.0209,0.005196,5.59,-0.0219,0.000127,30.5,23.765562,86.415081
2026-04-27 05:00:00,N05,0.1765,0.0057,4.95,-0.0213,0.000613,32.3,23.765562,86.415081
2026-04-27 06:00:00,N05,-0.3114,0.006285,1.45,-0.0207,0.000241,34.2,23.765562,86.415081
2026-04-27 07:00:00,N05,-0.0225,0.007124,4.33,-0.0208,0.00022,36.2,23.765562,86.415081
2026-04-27 08:00:00,N05,-0.0229,0.007866,6.93,-0.0203,0.000347,38.0,23.765562,86.415081
2026-04-27 09:00:00,N05,-0.1528,0.008909,3.95,-0.0201,0.000233,39.5,23.765562,86.415081
2026-04-27 10:00:00,N05,-0.0041,0.008517,9.71,-0.0198,6.6e-05,40.7,23.765562,86.415081
2026-04-27 11:00:00,N05,-0.2707,0.005645,4.05,-0.02,0.002468,41.5,23.765562,86.415081
2026-04-27 12:00:00,N05,,,,,,,23.765562,86.415081
2026-04-27 13:00:00,N05,,,,,,,23.765562,86.415081
2026-04-27 14:00:00,N05,,,,,,,23.765562,86.415081
2026-04-27 15:00:00,N05,,,,,,,23.765562,86.415081
2026-04-27 16:00:00,N05,,,,,,,23.765562,86.415081
2026-04-27 17:00:00,N05,-0.1422,0.006309,5.18,-0.0196,0.000557,36.2,23.765562,86.415081
2026-04-27 18:00:00,N05,0.1017,0.007897,6.31,-0.0203,0.000282,34.2,23.765562,86.415081
2026-04-27 19:00:00,N05,0.0108,0.005925,1.98,-0.0202,0.000206,32.3,23.765562,86.415081
2026-04-27 20:00:00,N05,,,,,,,23.765562,86.415081
2026-04-27 21:00:00,N05,-0.1329,0.005375,5.74,-0.0199,0.000254,28.9,23.765562,86.415081
2026-04-27 22:00:00,N05,-0.0806,0.006371,2.66,-0.0204,0.000126,27.7,23.765562,86.415081
2026-04-27 23:00:00,N05,-0.1561,0.010887,1.5,-0.0202,0.000462,27.0,23.765562,86.415081
2026-04-28 00:00:00,N05,-0.0196,0.005848,4.68,-0.0194,0.000611,23.7,23.765562,86.415081
2026-04-28 01:00:00,N05,-0.2944,0.007534,3.02,-0.019,0.000245,24.0,23.765562,86.415081
2026-04-28 02:00:00,N05,0.226,0.007775,9.97,-0.0189,0.000274,24.7,23.765562,86.415081
2026-04-28 03:00:00,N05,-0.2811,0.007211,6.02,-0.0195,0.000265,25.9,23.765562,86.415081
2026-04-28 04:00:00,N05,0.0118,0.00689,4.22,-0.0184,0.000609,27.5,23.765562,86.415081
2026-04-28 05:00:00,N05,-0.1116,0.005061,3.66,-0.0183,0.00076,29.3,23.765562,86.415081
2026-04-28 06:00:00,N05,-0.1623,0.005903,3.24,-0.0169,0.001065,31.2,23.765562,86.415081
2026-04-28 07:00:00,N05,-0.0802,0.006135,4.13,-0.0162,0.000162,33.2,23.765562,86.415081
2026-04-28 08:00:00,N05,-0.1446,0.00534,4.15,-0.0166,0.000181,35.0,23.765562,86.415081
2026-04-28 09:00:00,N05,0.185,0.006584,1.15,-0.0158,0.00056,36.5,23.765562,86.415081
2026-04-28 10:00:00,N05,0.0013,0.005499,5.07,-0.0154,0.000322,37.7,23.765562,86.415081
2026-04-28 11:00:00,N05,-0.1549,0.006199,6.89,-0.0152,0.007692,38.5,23.765562,86.415081
2026-04-28 12:00:00,N05,0.1088,0.688701,43.7,-0.0308,0.00091,38.7,23.765562,86.415081
2026-04-28 13:00:00,N05,-0.1609,0.843711,31.1,-0.0133,0.014709,38.5,23.765562,86.415081
2026-04-28 14:00:00,N05,0.0493,0.989896,24.3,-0.0014,0.000988,37.7,23.765562,86.415081
2026-04-28 15:00:00,N05,0.0069,0.005822,7.02,-0.0153,0.006834,36.5,23.765562,86.415081
2026-04-28 16:00:00,N05,,,,,,,23.765562,86.415081
2026-04-28 17:00:00,N05,-0.2268,0.007934,3.82,-0.0144,0.00012,33.2,23.765562,86.415081
2026-04-28 18:00:00,N05,0.1451,0.007502,7.55,-0.0148,0.000478,31.2,23.765562,86.415081
2026-04-28 19:00:00,N05,-0.1257,0.00793,9.82,-0.0154,1e-05,29.3,23.765562,86.415081
2026-04-28 20:00:00,N05,0.168,0.005186,5.02,-0.0149,0.000252,27.5,23.765562,86.415081
2026-04-28 21:00:00,N05,,,,,,,23.765562,86.415081
2026-04-28 22:00:00,N05,,,,,,,23.765562,86.415081
2026-04-28 23:00:00,N05,,,,,,,23.765562,86.415081
2026-04-29 00:00:00,N05,0.0689,0.005525,2.55,-0.0142,0.000106,26.9,23.765562,86.415081
2026-04-29 01:00:00,N05,-0.0637,0.006808,2.97,-0.0139,0.000112,27.2,23.765562,86.415081
2026-04-29 02:00:00,N05,-0.0124,0.006188,9.33,-0.0144,0.000206,27.9,23.765562,86.415081
2026-04-29 03:00:00,N05,0.1256,0.005525,3.36,-0.0143,0.000112,29.1,23.765562,86.415081
2026-04-29 04:00:00,N05,0.1631,0.006954,4.26,-0.0146,0.000134,30.7,23.765562,86.415081
2026-04-29 05:00:00,N05,0.1164,0.006084,8.11,-0.0146,2e-05,32.5,23.765562,86.415081
2026-04-29 06:00:00,N05,-0.1307,0.008796,1.18,-0.0147,0.000265,34.4,23.765562,86.415081
2026-04-29 07:00:00,N05,-0.0924,0.005077,3.67,-0.0151,0.000336,36.4,23.765562,86.415081
2026-04-29 08:00:00,N05,-0.0302,0.005241,3.61,-0.0153,9.6e-05,38.2,23.765562,86.415081
2026-04-29 09:00:00,N05,0.1959,0.008485,6.25,-0.0149,0.000152,39.7,23.765562,86.415081
2026-04-29 10:00:00,N05,0.0059,0.006893,1.91,-0.015,0.004697,40.9,23.765562,86.415081
2026-04-29 11:00:00,N05,-0.0445,0.867661,18.04,-0.0056,0.000613,41.7,23.765562,86.415081
2026-04-29 12:00:00,N05,0.0544,0.006127,4.09,-0.0163,0.00522,41.9,23.765562,86.415081
2026-04-29 13:00:00,N05,-0.0196,0.006499,3.01,-0.016,9.2e-05,41.7,23.765562,86.415081
2026-04-29 14:00:00,N05,0.1761,0.006576,1.19,-0.0165,0.000206,40.9,23.765562,86.415081
2026-04-29 15:00:00,N05,,,,,,,23.765562,86.415081
2026-04-29 16:00:00,N05,,,,,,,23.765562,86.415081
2026-04-29 17:00:00,N05,,,,,,,23.765562,86.415081
2026-04-29 18:00:00,N05,0.0575,0.005493,4.75,-0.0164,2.8e-05,34.4,23.765562,86.415081
2026-04-29 19:00:00,N05,-0.0592,0.00911,2.33,-0.0166,0.000388,32.5,23.765562,86.415081
2026-04-29 20:00:00,N05,-0.0477,0.00842,9.73,-0.0172,0.000264,30.7,23.765562,86.415081
2026-04-29 21:00:00,N05,0.091,0.006584,9.16,-0.0171,0.000337,29.1,23.765562,86.415081
2026-04-29 22:00:00,N05,-0.1797,0.005397,6.61,-0.0165,0.000513,27.9,23.765562,86.415081
2026-04-29 23:00:00,N05,0.0881,0.008464,5.02,-0.0161,0.000371,27.2,23.765562,86.415081
2026-04-30 00:00:00,N05,-0.2692,0.008605,9.07,-0.0158,7.2e-05,20.8,23.765562,86.415081
2026-04-30 01:00:00,N05,-0.0722,0.006016,6.01,-0.0163,0.000289,21.0,23.765562,86.415081
2026-04-30 02:00:00,N05,-0.1536,0.007957,7.86,-0.0163,0.000253,21.8,23.765562,86.415081
2026-04-30 03:00:00,N05,-0.1406,0.006996,6.94,-0.0168,0.000178,23.0,23.765562,86.415081
2026-04-30 04:00:00,N05,0.2575,0.007071,2.73,-0.0167,0.000427,24.5,23.765562,86.415081
2026-04-30 05:00:00,N05,0.0049,0.00783,6.4,-0.0159,0.000329,26.3,23.765562,86.415081
2026-04-30 06:00:00,N05,-0.196,0.005008,9.21,-0.016,0.005406,28.3,23.765562,86.415081
2026-04-30 07:00:00,N05,0.0559,0.736925,15.95,-0.0051,0.000117,30.2,23.765562,86.415081
2026-04-30 08:00:00,N05,0.1241,0.005046,8.2,-0.0163,0.006088,32.0,23.765562,86.415081
2026-04-30 09:00:00,N05,-0.0671,0.006436,8.62,-0.0173,0.000589,33.6,23.765562,86.415081
2026-04-30 10:00:00,N05,0.0166,0.006415,8.55,-0.0175,7.4e-05,34.8,23.765562,86.415081
2026-04-30 11:00:00,N05,-0.0896,0.006309,9.01,-0.0174,0.009712,35.5,23.765562,86.415081
2026-04-30 12:00:00,N05,-0.0373,0.704863,28.42,0.002,0.000449,35.8,23.765562,86.415081
2026-04-30 13:00:00,N05,0.0374,0.005923,9.1,-0.0165,0.009052,35.5,23.765562,86.415081
2026-04-30 14:00:00,N05,-0.12,0.006519,2.8,-0.0161,9.9e-05,34.8,23.765562,86.415081
2026-04-30 15:00:00,N05,-0.0711,0.007418,5.11,-0.0163,0.007538,33.6,23.765562,86.415081
2026-04-30 16:00:00,N05,-0.0563,0.5593,30.66,-0.0011,0.007897,32.0,23.765562,86.415081
2026-04-30 17:00:00,N05,-0.1551,0.633471,36.43,-0.0005,0.00254,30.2,23.765562,86.415081
2026-04-30 18:00:00,N05,-0.0205,0.006002,1.98,-0.0061,0.002736,28.3,23.765562,86.415081
2026-04-30 19:00:00,N05,-0.1589,0.005307,7.68,-0.006,6e-06,26.3,23.765562,86.415081
2026-04-30 20:00:00,N05,0.2278,0.005658,6.57,-0.0061,0.000249,24.5,23.765562,86.415081
2026-04-30 21:00:00,N05,,,,,,,23.765562,86.415081
2026-04-30 22:00:00,N05,,,,,,,23.765562,86.415081
2026-04-30 23:00:00,N05,,,,,,,23.765562,86.415081
2026-05-01 00:00:00,N05,-0.0663,0.006275,5.97,-0.0051,0.000154,27.0,23.765562,86.415081
2026-05-01 01:00:00,N05,,,,,,,23.765562,86.415081
2026-05-01 02:00:00,N05,,,,,,,23.765562,86.415081
2026-05-01 03:00:00,N05,,,,,,,23.765562,86.415081
2026-05-01 04:00:00,N05,,,,,,,23.765562,86.415081
2026-05-01 05:00:00,N05,-0.1364,0.007101,8.14,-0.0062,0.007145,32.5,23.765562,86.415081
2026-05-01 06:00:00,N05,0.1989,0.807386,31.24,0.0081,0.007639,34.5,23.765562,86.415081
2026-05-01 07:00:00,N05,-0.0945,0.845834,31.0,0.0091,0.006677,36.4,23.765562,86.415081
2026-05-01 08:00:00,N05,0.0051,0.005945,1.01,-0.0052,0.007219,38.2,23.765562,86.415081
2026-05-01 09:00:00,N05,0.0917,0.007613,5.09,-0.0053,9.6e-05,39.8,23.765562,86.415081
2026-05-01 10:00:00,N05,-0.2273,0.005415,5.34,-0.0054,0.000112,41.0,23.765562,86.415081
2026-05-01 11:00:00,N05,0.1893,0.007322,4.22,-0.0056,0.000371,41.7,23.765562,86.415081
2026-05-01 12:00:00,N05,0.0628,0.007267,7.29,-0.0062,0.000396,42.0,23.765562,86.415081
2026-05-01 13:00:00,N05,,,,,,,23.765562,86.415081
2026-05-01 14:00:00,N05,,,,,,,23.765562,86.415081
2026-05-01 15:00:00,N05,,,,,,,23.765562,86.415081
2026-05-01 16:00:00,N05,,,,,,,23.765562,86.415081
2026-05-01 17:00:00,N05,,,,,,,23.765562,86.415081
2026-05-01 18:00:00,N05,0.0183,0.005028,2.77,-0.0072,0.000248,34.5,23.765562,86.415081
2026-05-01 19:00:00,N05,,,,,,,23.765562,86.415081
2026-05-01 20:00:00,N05,,,,,,,23.765562,86.415081
2026-05-01 21:00:00,N05,,,,,,,23.765562,86.415081
2026-05-01 22:00:00,N05,,,,,,,23.765562,86.415081
2026-05-01 23:00:00,N05,,,,,,,23.765562,86.415081
2026-05-02 00:00:00,N05,-0.0013,0.006989,2.5,-0.0085,0.000589,30.8,23.765562,86.415081
2026-05-02 01:00:00,N05,0.1323,0.005826,6.81,-0.0089,1.7e-05,31.1,23.765562,86.415081
2026-05-02 02:00:00,N05,0.0606,0.006973,2.69,-0.0085,0.000424,31.8,23.765562,86.415081
2026-05-02 03:00:00,N05,-0.0065,0.005792,5.5,-0.0081,0.000207,33.0,23.765562,86.415081
2026-05-02 04:00:00,N05,0.0851,0.005483,7.29,-0.0081,0.000257,34.6,23.765562,86.415081
2026-05-02 05:00:00,N05,-0.0378,0.007364,5.82,-0.0075,0.000723,36.4,23.765562,86.415081
2026-05-02 06:00:00,N05,0.2224,0.006257,1.21,-0.0067,2.7e-05,38.3,23.765562,86.415081
2026-05-02 07:00:00,N05,-0.3529,0.009358,8.73,-0.0076,0.000362,40.3,23.765562,86.415081
2026-05-02 08:00:00,N05,-0.0606,0.007408,2.32,-0.0074,4.7e-05,42.1,23.765562,86.415081
2026-05-02 09:00:00,N05,-0.1336,0.006671,3.01,-0.0077,2.5e-05,43.6,23.765562,86.415081
2026-05-02 10:00:00,N05,,,,,,,23.765562,86.415081
2026-05-02 11:00:00,N05,,,,,,,23.765562,86.415081
2026-05-02 12:00:00,N05,-0.113,0.556892,48.99,0.0096,0.008701,45.8,23.765562,86.415081
2026-05-02 13:00:00,N05,,,,,,,23.765562,86.415081
2026-05-02 14:00:00,N05,,,,,,,23.765562,86.415081
2026-05-02 15:00:00,N05,0.1743,0.006905,3.16,-0.008,0.000208,43.6,23.765562,86.415081
2026-05-02 16:00:00,N05,-0.0397,0.00618,4.53,-0.0082,0.000225,42.1,23.765562,86.415081
2026-05-02 17:00:00,N05,-0.1532,0.008529,3.34,-0.0085,0.000292,40.3,23.765562,86.415081
2026-05-02 18:00:00,N05,0.1407,0.005725,9.27,-0.0076,0.000363,38.3,23.765562,86.415081
2026-05-02 19:00:00,N05,0.1564,0.005242,5.35,-0.0078,9.6e-05,36.4,23.765562,86.415081
2026-05-02 20:00:00,N05,-0.0528,0.005951,8.74,-0.0078,5.9e-05,34.6,23.765562,86.415081
2026-05-02 21:00:00,N05,-0.1192,0.006223,2.41,-0.0077,1.2e-05,33.0,23.765562,86.415081
2026-05-02 22:00:00,N05,-0.0681,0.005315,6.49,-0.0078,0.000111,31.8,23.765562,86.415081
2026-05-02 23:00:00,N05,-0.228,0.006176,2.81,-0.0079,0.000211,31.1,23.765562,86.415081
2026-05-03 00:00:00,N05,0.1877,0.006888,4.99,-0.0082,0.000127,25.1,23.765562,86.415081
2026-05-03 01:00:00,N05,-0.0561,0.005953,9.93,-0.0076,0.000279,25.4,23.765562,86.415081
2026-05-03 02:00:00,N05,-0.0034,0.008018,4.51,-0.0076,0.00013,26.1,23.765562,86.415081
2026-05-03 03:00:00,N05,0.0184,0.00711,1.93,-0.0074,0.00022,27.3,23.765562,86.415081
2026-05-03 04:00:00,N05,-0.1294,0.006808,2.8,-0.0072,0.000516,28.9,23.765562,86.415081
2026-05-03 05:00:00,N05,-0.0188,0.007968,3.78,-0.0063,0.000907,30.7,23.765562,86.415081
2026-05-03 06:00:00,N05,0.0665,0.006317,5.37,-0.0054,0.007291,32.6,23.765562,86.415081
2026-05-03 07:00:00,N05,,,,,,,23.765562,86.415081
2026-05-03 08:00:00,N05,,,,,,,23.765562,86.415081
2026-05-03 09:00:00,N05,,,,,,,23.765562,86.415081
2026-05-03 10:00:00,N05,,,,,,,23.765562,86.415081
2026-05-03 11:00:00,N05,0.1061,0.006986,4.23,-0.0042,0.000232,39.9,23.765562,86.415081
2026-05-03 12:00:00,N05,0.0323,0.010246,4.46,-0.0044,0.00035,40.1,23.765562,86.415081
2026-05-03 13:00:00,N05,-0.0944,0.009158,4.94,-0.0049,0.000353,39.9,23.765562,86.415081
2026-05-03 14:00:00,N05,0.0052,0.007194,9.02,-0.0051,0.000111,39.1,23.765562,86.415081
2026-05-03 15:00:00,N05,0.076,0.007034,3.94,-0.0047,0.000623,37.9,23.765562,86.415081
2026-05-03 16:00:00,N05,,,,,,,23.765562,86.415081
2026-05-03 17:00:00,N05,-0.0405,0.559378,46.32,0.0061,0.00034,34.6,23.765562,86.415081
2026-05-03 18:00:00,N05,-0.0926,0.010603,4.18,-0.0046,0.004684,32.6,23.765562,86.415081
2026-05-03 19:00:00,N05,-0.0005,0.006885,9.59,-0.0032,0.000951,30.7,23.765562,86.415081
2026-05-03 20:00:00,N05,-0.2169,0.008246,6.5,-0.0027,0.000366,28.9,23.765562,86.415081
2026-05-03 21:00:00,N05,-0.1409,0.007257,9.53,-0.0025,0.000389,27.3,23.765562,86.415081
2026-05-03 22:00:00,N05,-0.1622,0.006001,3.72,-0.0034,0.000834,26.1,23.765562,86.415081
2026-05-03 23:00:00,N05,-0.1356,0.005818,7.05,-0.0042,0.000172,25.4,23.765562,86.415081
2026-05-04 00:00:00,N05,0.021,0.005025,3.81,-0.0038,0.000245,27.6,23.765562,86.415081
2026-05-04 01:00:00,N05,-0.3044,0.005007,9.18,-0.0037,0.000346,27.9,23.765562,86.415081
2026-05-04 02:00:00,N05,,,,,,,23.765562,86.415081
2026-05-04 03:00:00,N05,,,,,,,23.765562,86.415081
2026-05-04 04:00:00,N05,,,,,,,23.765562,86.415081
2026-05-04 05:00:00,N05,,,,,,,23.765562,86.415081
2026-05-04 06:00:00,N05,0.1547,0.007209,2.8,-0.0034,0.007865,35.1,23.765562,86.415081
2026-05-04 07:00:00,N05,0.0881,0.981235,47.09,0.0128,0.008394,37.1,23.765562,86.415081
2026-05-04 08:00:00,N05,0.0211,0.81081,48.02,0.0133,0.007607,38.9,23.765562,86.415081
2026-05-04 09:00:00,N05,0.1083,0.005915,1.81,-0.0024,0.003266,40.4,23.765562,86.415081
2026-05-04 10:00:00,N05,,,,,,,23.765562,86.415081
2026-05-04 11:00:00,N05,,,,,,,23.765562,86.415081
2026-05-04 12:00:00,N05,,,,,,,23.765562,86.415081
2026-05-04 13:00:00,N05,,,,,,,23.765562,86.415081
2026-05-04 14:00:00,N05,,,,,,,23.765562,86.415081
2026-05-04 15:00:00,N05,-0.2377,0.009037,3.95,-0.0048,0.00049,40.4,23.765562,86.415081
2026-05-04 16:00:00,N05,0.1169,0.006956,4.17,-0.0054,0.00028,38.9,23.765562,86.415081
2026-05-04 17:00:00,N05,0.1272,0.005415,9.68,-0.0053,0.000233,37.1,23.765562,86.415081
2026-05-04 18:00:00,N05,0.0079,0.008,6.04,-0.0049,0.000113,35.1,23.765562,86.415081
2026-05-04 19:00:00,N05,-0.0234,0.00648,6.17,-0.0051,4.1e-05,33.2,23.765562,86.415081
2026-05-04 20:00:00,N05,-0.0052,0.005283,6.38,-0.0049,0.000211,31.4,23.765562,86.415081
2026-05-04 21:00:00,N05,-0.1163,0.005267,6.23,-0.0047,3.4e-05,29.8,23.765562,86.415081
2026-05-04 22:00:00,N05,0.1991,0.008073,9.84,-0.0049,0.000209,28.6,23.765562,86.415081
2026-05-04 23:00:00,N05,0.0142,0.008887,8.61,-0.0051,0.000238,27.9,23.765562,86.415081
2026-05-05 00:00:00,N05,-0.2543,0.005362,2.72,-0.0054,0.000442,22.9,23.765562,86.415081
2026-05-05 01:00:00,N05,-0.0701,0.009025,1.76,-0.006,0.000453,23.2,23.765562,86.415081
2026-05-05 02:00:00,N05,0.0497,0.006284,4.88,-0.0063,0.000366,23.9,23.765562,86.415081
2026-05-05 03:00:00,N05,-0.4552,0.005605,8.36,-0.0067,0.000285,25.1,23.765562,86.415081
2026-05-05 04:00:00,N05,0.1353,0.009007,7.7,-0.0069,0.000117,26.7,23.765562,86.415081
2026-05-05 05:00:00,N05,-0.0516,0.006077,5.23,-0.0065,2.6e-05,28.5,23.765562,86.415081
2026-05-05 06:00:00,N05,-0.1715,0.00771,7.21,-0.0069,0.000242,30.4,23.765562,86.415081
2026-05-05 07:00:00,N05,0.0346,0.005583,8.07,-0.007,5e-06,32.4,23.765562,86.415081
2026-05-05 08:00:00,N05,-0.05,0.005288,4.3,-0.0069,3.4e-05,34.2,23.765562,86.415081
2026-05-05 09:00:00,N05,-0.1206,0.00588,6.31,-0.007,0.002416,35.7,23.765562,86.415081
2026-05-05 10:00:00,N05,0.1537,0.876373,38.41,-0.0021,0.004921,36.9,23.765562,86.415081
2026-05-05 11:00:00,N05,0.3674,0.659144,26.8,-0.0169,0.001953,37.7,23.765562,86.415081
2026-05-05 12:00:00,N05,0.0074,0.007553,6.05,-0.006,0.005506,37.9,23.765562,86.415081
2026-05-05 13:00:00,N05,0.3243,0.006011,9.12,-0.0059,0.000467,37.7,23.765562,86.415081
2026-05-05 14:00:00,N05,-0.1972,0.008036,3.02,-0.0069,0.000621,36.9,23.765562,86.415081
2026-05-05 15:00:00,N05,0.1261,0.007419,9.24,-0.0071,0.000311,35.7,23.765562,86.415081
2026-05-05 16:00:00,N05,0.0377,0.00553,9.96,-0.0076,0.000133,34.2,23.765562,86.415081
2026-05-05 17:00:00,N05,0.2104,0.007406,3.88,-0.0068,0.000517,32.4,23.765562,86.415081
2026-05-05 18:00:00,N05,0.0393,0.006083,3.72,-0.0065,4.7e-05,30.4,23.765562,86.415081
2026-05-05 19:00:00,N05,0.0729,0.007078,1.3,-0.0067,0.000146,28.5,23.765562,86.415081
2026-05-05 20:00:00,N05,-0.1132,0.006144,3.44,-0.0068,2e-06,26.7,23.765562,86.415081
2026-05-05 21:00:00,N05,-0.2706,0.007541,4.27,-0.0067,0.000402,25.1,23.765562,86.415081
2026-05-05 22:00:00,N05,-0.0427,0.006822,5.36,-0.0076,0.000558,23.9,23.765562,86.415081
2026-05-05 23:00:00,N05,-0.0449,0.005188,2.99,-0.0079,0.000126,23.2,23.765562,86.415081
2026-05-06 00:00:00,N05,0.0134,0.005548,8.48,-0.0074,0.000151,26.4,23.765562,86.415081
2026-05-06 01:00:00,N05,0.1638,0.007393,1.23,-0.0082,0.000478,26.7,23.765562,86.415081
2026-05-06 02:00:00,N05,-0.2276,0.007887,2.04,-0.0083,0.00025,27.4,23.765562,86.415081
2026-05-06 03:00:00,N05,,,,,,,23.765562,86.415081
2026-05-06 04:00:00,N05,,,,,,,23.765562,86.415081
2026-05-06 05:00:00,N05,,,,,,,23.765562,86.415081
2026-05-06 06:00:00,N05,,,,,,,23.765562,86.415081
2026-05-06 07:00:00,N05,,,,,,,23.765562,86.415081
2026-05-06 08:00:00,N05,,,,,,,23.765562,86.415081
2026-05-06 09:00:00,N05,0.0289,0.58796,41.57,-0.0144,0.002645,39.2,23.765562,86.415081
2026-05-06 10:00:00,N05,-0.0754,0.671449,35.34,-0.0145,0.003036,40.4,23.765562,86.415081
2026-05-06 11:00:00,N05,0.138,0.006331,8.38,-0.0083,0.003187,41.2,23.765562,86.415081
2026-05-06 12:00:00,N05,-0.0574,0.955186,25.11,-0.0209,0.006714,41.4,23.765562,86.415081
2026-05-06 13:00:00,N05,-0.1159,0.574955,28.89,-0.0217,0.006274,41.2,23.765562,86.415081
2026-05-06 14:00:00,N05,0.2741,0.005994,1.75,-0.0083,0.00629,40.4,23.765562,86.415081
2026-05-06 15:00:00,N05,-0.1173,0.006066,2.25,-0.0091,0.000218,39.2,23.765562,86.415081
2026-05-06 16:00:00,N05,0.0854,0.00622,9.48,-0.0087,0.000145,37.7,23.765562,86.415081
2026-05-06 17:00:00,N05,0.033,0.007258,4.45,-0.0094,0.00029,35.9,23.765562,86.415081
2026-05-06 18:00:00,N05,-0.0793,0.00537,5.87,-0.0093,6.3e-05,33.9,23.765562,86.415081
2026-05-06 19:00:00,N05,0.0391,0.006017,1.94,-0.0093,0.000157,32.0,23.765562,86.415081
2026-05-06 20:00:00,N05,-0.0339,0.005762,9.97,-0.009,5e-06,30.2,23.765562,86.415081
2026-05-06 21:00:00,N05,-0.3122,0.006807,5.18,-0.0093,2.9e-05,28.6,23.765562,86.415081
2026-05-06 22:00:00,N05,-0.2323,0.005455,6.81,-0.0091,0.000116,27.4,23.765562,86.415081
2026-05-06 23:00:00,N05,-0.0843,0.005166,3.97,-0.0091,0.000268,26.7,23.765562,86.415081
2026-05-07 00:00:00,N05,-0.2126,0.009346,1.78,-0.0096,0.000235,22.3,23.765562,86.415081
2026-05-07 01:00:00,N05,-0.241,0.009421,2.09,-0.0095,0.000316,22.5,23.765562,86.415081
2026-05-07 02:00:00,N05,-0.2587,0.006653,5.57,-0.0102,0.000415,23.3,23.765562,86.415081
2026-05-07 03:00:00,N05,-0.1147,0.007513,4.19,-0.0104,0.000126,24.5,23.765562,86.415081
2026-05-07 04:00:00,N05,0.1881,0.00653,4.83,-0.0105,0.00022,26.0,23.765562,86.415081
2026-05-07 05:00:00,N05,0.1548,0.009451,2.3,-0.0108,8.3e-05,27.8,23.765562,86.415081
2026-05-07 06:00:00,N05,-0.1469,0.005602,5.79,-0.0107,0.000241,29.8,23.765562,86.415081
2026-05-07 07:00:00,N05,-0.085,0.007298,8.94,-0.0113,0.000147,31.7,23.765562,86.415081
2026-05-07 08:00:00,N05,-0.0507,0.007586,9.75,-0.0104,0.000255,33.5,23.765562,86.415081
2026-05-07 09:00:00,N05,0.0263,0.006654,4.12,-0.0108,0.000628,35.1,23.765562,86.415081
2026-05-07 10:00:00,N05,0.0276,0.006601,9.05,-0.0116,0.00025,36.3,23.765562,86.415081
2026-05-07 11:00:00,N05,-0.3831,0.005639,4.21,-0.0113,7.4e-05,37.0,23.765562,86.415081
2026-05-07 12:00:00,N05,-0.0665,0.005225,7.81,-0.0118,0.00364,37.3,23.765562,86.415081
2026-05-07 13:00:00,N05,,,,,,,23.765562,86.415081
2026-05-07 14:00:00,N05,,,,,,,23.765562,86.415081
2026-05-07 15:00:00,N05,,,,,,,23.765562,86.415081
2026-05-07 16:00:00,N05,,,,,,,23.765562,86.415081
2026-05-07 17:00:00,N05,0.0062,0.009817,8.23,-0.0112,0.007412,31.7,23.765562,86.415081
2026-05-07 18:00:00,N05,0.2425,0.005359,1.24,-0.0113,0.000367,29.8,23.765562,86.415081
2026-05-07 19:00:00,N05,0.091,0.007659,9.05,-0.0119,0.000464,27.8,23.765562,86.415081
2026-05-07 20:00:00,N05,0.3178,0.006606,4.55,-0.0123,0.000524,26.0,23.765562,86.415081
2026-05-07 21:00:00,N05,0.2495,0.00609,7.96,-0.013,0.000591,24.5,23.765562,86.415081
2026-05-07 22:00:00,N05,-0.1733,0.005466,2.02,-0.0134,9.3e-05,23.3,23.765562,86.415081
2026-05-07 23:00:00,N05,-0.2768,0.005695,4.94,-0.0132,0.000143,22.5,23.765562,86.415081
2026-05-08 00:00:00,N05,0.1461,0.005306,3.92,-0.0137,0.000154,25.6,23.765562,86.415081
2026-05-08 01:00:00,N05,0.118,0.007011,4.2,-0.0135,0.000388,25.9,23.765562,86.415081
2026-05-08 02:00:00,N05,-0.0435,0.007168,2.26,-0.0129,0.00049,26.6,23.765562,86.415081
2026-05-08 03:00:00,N05,0.1219,0.005499,3.67,-0.0125,0.000285,27.8,23.765562,86.415081
2026-05-08 04:00:00,N05,-0.0092,0.006751,2.04,-0.0124,0.000396,29.4,23.765562,86.415081
2026-05-08 05:00:00,N05,0.1974,0.005934,4.25,-0.0117,0.005547,31.2,23.765562,86.415081
2026-05-08 06:00:00,N05,-0.1239,0.739732,43.99,-0.0013,0.004979,33.1,23.765562,86.415081
2026-05-08 07:00:00,N05,,,,,,,23.765562,86.415081
2026-05-08 08:00:00,N05,,,,,,,23.765562,86.415081
2026-05-08 09:00:00,N05,,,,,,,23.765562,86.415081
2026-05-08 10:00:00,N05,,,,,,,23.765562,86.415081
2026-05-08 11:00:00,N05,0.1577,0.005812,1.9,-0.0121,0.006964,40.3,23.765562,86.415081
2026-05-08 12:00:00,N05,0.1297,0.773083,16.62,-0.0258,0.006712,40.6,23.765562,86.415081
2026-05-08 13:00:00,N05,0.0469,0.877508,28.14,-0.0255,0.007131,40.3,23.765562,86.415081
2026-05-08 14:00:00,N05,-0.1972,0.006964,9.84,-0.0115,0.006775,39.6,23.765562,86.415081
2026-05-08 15:00:00,N05,0.3853,0.005364,3.22,-0.0119,0.00017,38.4,23.765562,86.415081
2026-05-08 16:00:00,N05,0.1266,0.006057,4.7,-0.0118,0.000317,36.9,23.765562,86.415081
2026-05-08 17:00:00,N05,-0.1082,0.006712,3.86,-0.0113,0.000406,35.0,23.765562,86.415081
2026-05-08 18:00:00,N05,0.138,0.007459,4.15,-0.011,6.2e-05,33.1,23.765562,86.415081
2026-05-08 19:00:00,N05,,,,,,,23.765562,86.415081
2026-05-08 20:00:00,N05,,,,,,,23.765562,86.415081
2026-05-08 21:00:00,N05,0.08,0.007388,6.42,-0.0119,0.000313,27.8,23.765562,86.415081
2026-05-08 22:00:00,N05,,,,,,,23.765562,86.415081
2026-05-08 23:00:00,N05,-0.2456,0.005196,8.5,-0.0131,0.000227,25.9,23.765562,86.415081
2026-05-09 00:00:00,N05,0.1751,0.008404,5.46,-0.0127,9e-06,25.7,23.765562,86.415081
2026-05-09 01:00:00,N05,-0.0941,0.005957,4.05,-0.0131,0.000518,26.0,23.765562,86.415081
2026-05-09 02:00:00,N05,-0.0842,0.005576,8.62,-0.0138,0.000296,26.7,23.765562,86.415081
2026-05-09 03:00:00,N05,-0.0445,0.005535,4.83,-0.0137,0.00011,27.9,23.765562,86.415081
2026-05-09 04:00:00,N05,0.1559,0.007652,7.73,-0.014,0.00023,29.5,23.765562,86.415081
2026-05-09 05:00:00,N05,0.0229,0.006178,6.94,-0.0141,0.00021,31.3,23.765562,86.415081
2026-05-09 06:00:00,N05,-0.0638,0.006342,3.58,-0.0144,8.4e-05,33.2,23.765562,86.415081
2026-05-09 07:00:00,N05,0.19,0.006328,6.75,-0.014,0.000314,35.2,23.765562,86.415081
2026-05-09 08:00:00,N05,0.0781,0.007608,6.83,-0.0138,0.008757,37.0,23.765562,86.415081
2026-05-09 09:00:00,N05,-0.0336,0.827636,20.32,-0.0315,8e-06,38.5,23.765562,86.415081
2026-05-09 10:00:00,N05,0.0343,0.005828,1.0,-0.0138,0.008726,39.7,23.765562,86.415081
2026-05-09 11:00:00,N05,-0.0611,0.007078,3.88,-0.014,0.000314,40.5,23.765562,86.415081
2026-05-09 12:00:00,N05,-0.0353,0.005322,4.91,-0.0144,0.000181,40.7,23.765562,86.415081
2026-05-09 13:00:00,N05,0.0346,0.007506,5.11,-0.0144,0.000347,40.5,23.765562,86.415081
2026-05-09 14:00:00,N05,-0.0084,0.007789,7.23,-0.0137,0.000352,39.7,23.765562,86.415081
2026-05-09 15:00:00,N05,-0.2067,0.007069,4.56,-0.0137,0.004216,38.5,23.765562,86.415081
2026-05-09 16:00:00,N05,-0.0433,0.872337,21.53,-0.0222,0.00386,37.0,23.765562,86.415081
2026-05-09 17:00:00,N05,0.1955,0.875062,49.81,-0.0214,0.004513,35.2,23.765562,86.415081
2026-05-09 18:00:00,N05,-0.0861,0.006335,6.46,-0.0131,0.004231,33.2,23.765562,86.415081
2026-05-09 19:00:00,N05,-0.0492,0.007573,2.36,-0.013,0.000265,31.3,23.765562,86.415081
2026-05-09 20:00:00,N05,0.0451,0.005332,4.19,-0.0126,0.000132,29.5,23.765562,86.415081
2026-05-09 21:00:00,N05,0.0152,0.005421,8.56,-0.0127,0.000174,27.9,23.765562,86.415081
2026-05-09 22:00:00,N05,0.0259,0.00665,3.11,-0.0123,0.000218,26.7,23.765562,86.415081
2026-05-09 23:00:00,N05,0.1347,0.006218,7.42,-0.0123,0.000454,26.0,23.765562,86.415081
2026-05-10 00:00:00,N05,0.2526,0.005589,3.56,-0.0113,0.000617,30.0,23.765562,86.415081
2026-05-10 01:00:00,N05,0.0545,0.00642,5.29,-0.011,0.00015,30.2,23.765562,86.415081
2026-05-10 02:00:00,N05,-0.2391,0.009942,6.78,-0.011,6.4e-05,31.0,23.765562,86.415081
2026-05-10 03:00:00,N05,0.122,0.005167,9.48,-0.0109,0.000223,32.2,23.765562,86.415081
2026-05-10 04:00:00,N05,-0.0521,0.006388,3.55,-0.0106,5.6e-05,33.7,23.765562,86.415081
2026-05-10 05:00:00,N05,-0.2071,0.005773,9.13,-0.011,0.00052,35.5,23.765562,86.415081
2026-05-10 06:00:00,N05,-0.0692,0.005724,3.27,-0.0116,0.000256,37.5,23.765562,86.415081
2026-05-10 07:00:00,N05,,,,,,,23.765562,86.415081
2026-05-10 08:00:00,N05,,,,,,,23.765562,86.415081
2026-05-10 09:00:00,N05,-0.0023,0.007866,6.57,-0.0114,0.00048,42.8,23.765562,86.415081
2026-05-10 10:00:00,N05,-0.2628,0.006022,1.31,-0.0119,0.000216,43.9,23.765562,86.415081
2026-05-10 11:00:00,N05,,,,,,,23.765562,86.415081
2026-05-10 12:00:00,N05,0.0156,0.00653,6.42,-0.0113,0.000232,45.0,23.765562,86.415081
2026-05-10 13:00:00,N05,-0.2604,0.005933,1.9,-0.0115,0.000454,44.7,23.765562,86.415081
2026-05-10 14:00:00,N05,0.143,0.005839,1.01,-0.0122,0.000665,43.9,23.765562,86.415081
2026-05-10 15:00:00,N05,0.1092,0.005105,1.18,-0.0128,2.1e-05,42.8,23.765562,86.415081
2026-05-10 16:00:00,N05,0.032,0.005345,7.87,-0.0122,0.005283,41.2,23.765562,86.415081
2026-05-10 17:00:00,N05,-0.0366,0.691974,27.73,-0.0022,2.1e-05,39.4,23.765562,86.415081
2026-05-10 18:00:00,N05,0.0918,0.007151,9.46,-0.0122,0.00503,37.5,23.765562,86.415081
2026-05-10 19:00:00,N05,0.0907,0.005696,4.67,-0.0123,6.6e-05,35.5,23.765562,86.415081
2026-05-10 20:00:00,N05,-0.3814,0.009431,2.18,-0.0124,3.3e-05,33.7,23.765562,86.415081
2026-05-10 21:00:00,N05,-0.1748,0.006568,3.2,-0.0124,8.8e-05,32.2,23.765562,86.415081
2026-05-10 22:00:00,N05,0.1441,0.005425,5.04,-0.0122,0.000437,31.0,23.765562,86.415081
2026-05-10 23:00:00,N05,0.0019,0.005142,9.6,-0.0115,0.000199,30.2,23.765562,86.415081
2026-05-11 00:00:00,N05,-0.1109,0.005382,3.33,-0.0118,0.000305,26.3,23.765562,86.415081
2026-05-11 01:00:00,N05,0.0963,0.006128,8.9,-0.0121,0.000411,26.6,23.765562,86.415081
2026-05-11 02:00:00,N05,-0.17,0.006653,1.21,-0.0126,0.000459,27.3,23.765562,86.415081
2026-05-11 03:00:00,N05,0.2236,0.006456,9.95,-0.013,2.5e-05,28.5,23.765562,86.415081
2026-05-11 04:00:00,N05,0.1267,0.009563,7.39,-0.0127,0.000876,30.1,23.765562,86.415081
2026-05-11 05:00:00,N05,-0.0193,0.005011,3.39,-0.0113,0.000713,31.9,23.765562,86.415081
2026-05-11 06:00:00,N05,0.2867,0.006736,3.8,-0.0112,0.006797,33.8,23.765562,86.415081
2026-05-11 07:00:00,N05,0.0109,0.882843,34.04,0.0023,0.007016,35.7,23.765562,86.415081
2026-05-11 08:00:00,N05,-0.1641,0.67929,42.91,0.0028,0.00641,37.6,23.765562,86.415081
2026-05-11 09:00:00,N05,-0.1936,0.008954,5.18,-0.0105,0.006878,39.1,23.765562,86.415081
2026-05-11 10:00:00,N05,0.0948,0.00571,8.45,-0.011,0.000285,40.3,23.765562,86.415081
2026-05-11 11:00:00,N05,-0.0577,0.005871,1.74,-0.0111,0.000363,41.0,23.765562,86.415081
2026-05-11 12:00:00,N05,-0.0757,0.005838,9.64,-0.0102,0.00032,41.3,23.765562,86.415081
2026-05-11 13:00:00,N05,0.1338,0.005074,1.35,-0.0104,4.7e-05,41.0,23.765562,86.415081
2026-05-11 14:00:00,N05,0.2842,0.005692,1.99,-0.0102,0.000117,40.3,23.765562,86.415081
2026-05-11 15:00:00,N05,-0.1075,0.006439,1.93,-0.0102,0.000455,39.1,23.765562,86.415081
2026-05-11 16:00:00,N05,-0.0529,0.007312,6.04,-0.0111,0.000494,37.6,23.765562,86.415081
2026-05-11 17:00:00,N05,-0.1873,0.007874,8.96,-0.0112,0.000104,35.7,23.765562,86.415081
2026-05-11 18:00:00,N05,0.1379,0.005013,5.12,-0.0109,0.000146,33.8,23.765562,86.415081
2026-05-11 19:00:00,N05,-0.1273,0.005148,3.02,-0.0115,0.000364,31.9,23.765562,86.415081
2026-05-11 20:00:00,N05,-0.1935,0.007448,3.59,-0.0116,0.000203,30.1,23.765562,86.415081
2026-05-11 21:00:00,N05,0.047,0.00568,4.96,-0.0111,0.000232,28.5,23.765562,86.415081
2026-05-11 22:00:00,N05,-0.0311,0.007188,6.62,-0.0111,0.000554,27.3,23.765562,86.415081
2026-05-11 23:00:00,N05,0.2536,0.005823,10.0,-0.01,0.000342,26.6,23.765562,86.415081
2026-05-12 00:00:00,N05,0.1353,0.00586,9.57,-0.0104,8.8e-05,25.6,23.765562,86.415081
2026-05-12 01:00:00,N05,-0.0442,0.005523,3.41,-0.0098,0.00042,25.8,23.765562,86.415081
2026-05-12 02:00:00,N05,0.0411,0.00545,5.82,-0.0096,1.3e-05,26.6,23.765562,86.415081
2026-05-12 03:00:00,N05,-0.3322,0.007956,1.93,-0.0098,0.000236,27.8,23.765562,86.415081
2026-05-12 04:00:00,N05,-0.0718,0.006982,1.66,-0.0091,0.000102,29.3,23.765562,86.415081
2026-05-12 05:00:00,N05,0.2654,0.006411,2.81,-0.0096,0.000376,31.1,23.765562,86.415081
2026-05-12 06:00:00,N05,-0.1626,0.006341,1.08,-0.0099,0.000182,33.1,23.765562,86.415081
2026-05-12 07:00:00,N05,-0.1571,0.005348,4.59,-0.0092,0.000143,35.0,23.765562,86.415081
2026-05-12 08:00:00,N05,0.0702,0.009257,3.87,-0.0096,7.1e-05,36.8,23.765562,86.415081
2026-05-12 09:00:00,N05,,,,,,,23.765562,86.415081
2026-05-12 10:00:00,N05,,,,,,,23.765562,86.415081
2026-05-12 11:00:00,N05,,,,,,,23.765562,86.415081
2026-05-12 12:00:00,N05,-0.011,0.853978,15.43,0.0003,0.000325,40.6,23.765562,86.415081
2026-05-12 13:00:00,N05,0.1353,0.006701,1.52,-0.0097,0.005181,40.3,23.765562,86.415081
2026-05-12 14:00:00,N05,0.0473,0.005045,7.64,-0.01,0.000391,39.6,23.765562,86.415081
2026-05-12 15:00:00,N05,0.3857,0.006502,6.7,-0.0105,0.000179,38.4,23.765562,86.415081
2026-05-12 16:00:00,N05,-0.082,0.008224,8.97,-0.0097,0.00036,36.8,23.765562,86.415081
2026-05-12 17:00:00,N05,-0.1378,0.005639,2.44,-0.0097,4.1e-05,35.0,23.765562,86.415081
2026-05-12 18:00:00,N05,-0.0424,0.005496,3.51,-0.0096,0.000296,33.1,23.765562,86.415081
2026-05-12 19:00:00,N05,-0.0579,0.006749,4.41,-0.0091,0.000251,31.1,23.765562,86.415081
2026-05-12 20:00:00,N05,-0.1162,0.008631,3.87,-0.0091,3.7e-05,29.3,23.765562,86.415081
2026-05-12 21:00:00,N05,0.1236,0.00533,4.46,-0.0092,4.7e-05,27.8,23.765562,86.415081
2026-05-12 22:00:00,N05,0.1448,0.005036,4.49,-0.0092,5.9e-05,26.6,23.765562,86.415081
2026-05-12 23:00:00,N05,-0.209,0.006063,8.58,-0.0093,0.001018,25.8,23.765562,86.415081
2026-05-13 00:00:00,N05,0.1416,0.005977,6.37,-0.0112,0.001969,26.0,23.765562,86.415081
2026-05-13 01:00:00,N05,-0.1458,0.007018,7.55,-0.0133,0.002218,26.3,23.765562,86.415081
2026-05-13 02:00:00,N05,-0.2123,0.005028,6.14,-0.0156,0.002356,27.0,23.765562,86.415081
2026-05-13 03:00:00,N05,-0.0711,0.005077,5.0,-0.018,0.002006,28.2,23.765562,86.415081
2026-05-13 04:00:00,N05,-0.1504,0.005134,4.56,-0.0197,0.001837,29.8,23.765562,86.415081
2026-05-13 05:00:00,N05,0.0591,0.007568,4.17,-0.0217,0.002109,31.6,23.765562,86.415081
2026-05-13 06:00:00,N05,-0.055,0.008302,1.28,-0.0239,0.010413,33.5,23.765562,86.415081
2026-05-13 07:00:00,N05,0.1645,0.971214,38.66,-0.0425,0.01033,35.5,23.765562,86.415081
2026-05-13 08:00:00,N05,0.0275,0.781803,15.72,-0.0445,0.006469,37.3,23.765562,86.415081
2026-05-13 09:00:00,N05,,,,,,,23.765562,86.415081
2026-05-13 10:00:00,N05,0.0829,0.905506,32.2,-0.0207,0.000636,40.0,23.765562,86.415081
2026-05-13 11:00:00,N05,,,,,,,23.765562,86.415081
2026-05-13 12:00:00,N05,,,,,,,23.765562,86.415081
2026-05-13 13:00:00,N05,,,,,,,23.765562,86.415081
2026-05-13 14:00:00,N05,,,,,,,23.765562,86.415081
2026-05-13 15:00:00,N05,,,,,,,23.765562,86.415081
2026-05-13 16:00:00,N05,,,,,,,23.765562,86.415081
2026-05-13 17:00:00,N05,,,,,,,23.765562,86.415081
2026-05-13 18:00:00,N05,0.083,0.006987,4.97,-0.0303,0.000136,33.5,23.765562,86.415081
2026-05-13 19:00:00,N05,0.0917,0.005819,8.12,-0.0302,0.000168,31.6,23.765562,86.415081
2026-05-13 20:00:00,N05,,,,,,,23.765562,86.415081
2026-05-13 21:00:00,N05,,,,,,,23.765562,86.415081
2026-05-13 22:00:00,N05,,,,,,,23.765562,86.415081
2026-05-13 23:00:00,N05,,,,,,,23.765562,86.415081
2026-05-14 00:00:00,N05,-0.0606,0.005583,8.31,-0.0304,0.000358,23.6,23.765562,86.415081
2026-05-14 01:00:00,N05,,,,,,,23.765562,86.415081
2026-05-14 02:00:00,N05,,,,,,,23.765562,86.415081
2026-05-14 03:00:00,N05,,,,,,,23.765562,86.415081
2026-05-14 04:00:00,N05,,,,,,,23.765562,86.415081
2026-05-14 05:00:00,N05,,,,,,,23.765562,86.415081
2026-05-14 06:00:00,N05,0.2753,0.007957,1.4,-0.0303,0.000112,31.1,23.765562,86.415081
2026-05-14 07:00:00,N05,0.2175,0.00596,2.73,-0.0301,0.000852,33.0,23.765562,86.415081
2026-05-14 08:00:00,N05,0.0043,0.009312,3.63,-0.0286,0.000602,34.9,23.765562,86.415081
2026-05-14 09:00:00,N05,0.0539,0.007596,3.15,-0.0289,0.000135,36.4,23.765562,86.415081
2026-05-14 10:00:00,N05,-0.0426,0.005322,3.1,-0.0289,3.7e-05,37.6,23.765562,86.415081
2026-05-14 11:00:00,N05,-0.1189,0.005681,9.03,-0.0288,0.000373,38.4,23.765562,86.415081
2026-05-14 12:00:00,N05,0.1937,0.008481,5.35,-0.0281,1e-05,38.6,23.765562,86.415081
2026-05-14 13:00:00,N05,-0.148,0.005086,3.62,-0.0288,0.000303,38.4,23.765562,86.415081
2026-05-14 14:00:00,N05,,,,,,,23.765562,86.415081
2026-05-14 15:00:00,N05,,,,,,,23.765562,86.415081
2026-05-14 16:00:00,N05,,,,,,,23.765562,86.415081
2026-05-14 17:00:00,N05,,,,,,,23.765562,86.415081
2026-05-14 18:00:00,N05,,,,,,,23.765562,86.415081
2026-05-14 19:00:00,N05,,,,,,,23.765562,86.415081
2026-05-14 20:00:00,N05,,,,,,,23.765562,86.415081
2026-05-14 21:00:00,N05,-0.0976,0.005531,9.18,-0.0291,0.000403,25.8,23.765562,86.415081
2026-05-14 22:00:00,N05,-0.0882,0.005563,8.2,-0.0288,0.000558,24.6,23.765562,86.415081
2026-05-14 23:00:00,N05,-0.1411,0.006448,5.28,-0.028,5.3e-05,23.9,23.765562,86.415081
2026-05-15 00:00:00,N05,-0.0832,0.006612,5.54,-0.0287,0.000555,24.1,23.765562,86.415081
2026-05-15 01:00:00,N05,-0.1126,0.00546,1.76,-0.0291,0.000281,24.3,23.765562,86.415081
2026-05-15 02:00:00,N05,0.1108,0.005431,3.65,-0.0293,0.000237,25.1,23.765562,86.415081
2026-05-15 03:00:00,N05,-0.1805,0.005864,9.55,-0.0296,0.000265,26.3,23.765562,86.415081
2026-05-15 04:00:00,N05,-0.1804,0.005101,2.79,-0.0298,0.000438,27.8,23.765562,86.415081
2026-05-15 05:00:00,N05,-0.0591,0.007253,1.2,-0.0305,0.000149,29.6,23.765562,86.415081
2026-05-15 06:00:00,N05,-0.0653,0.006105,4.43,-0.0301,0.000107,31.6,23.765562,86.415081
2026-05-15 07:00:00,N05,-0.0702,0.005214,4.54,-0.0303,0.000226,33.5,23.765562,86.415081
2026-05-15 08:00:00,N05,0.1641,0.008715,8.91,-0.0306,0.000238,35.3,23.765562,86.415081
2026-05-15 09:00:00,N05,-0.0656,0.0057,4.4,-0.0307,0.000177,36.9,23.765562,86.415081
2026-05-15 10:00:00,N05,0.3739,0.005848,1.78,-0.0302,0.006236,38.1,23.765562,86.415081
2026-05-15 11:00:00,N05,,,,,,,23.765562,86.415081
2026-05-15 12:00:00,N05,,,,,,,23.765562,86.415081
2026-05-15 13:00:00,N05,,,,,,,23.765562,86.415081
2026-05-15 14:00:00,N05,,,,,,,23.765562,86.415081
2026-05-15 15:00:00,N05,,,,,,,23.765562,86.415081
2026-05-15 16:00:00,N05,,,,,,,23.765562,86.415081
2026-05-15 17:00:00,N05,,,,,,,23.765562,86.415081
2026-05-15 18:00:00,N05,,,,,,,23.765562,86.415081
2026-05-15 19:00:00,N05,,,,,,,23.765562,86.415081
2026-05-15 20:00:00,N05,,,,,,,23.765562,86.415081
2026-05-15 21:00:00,N05,,,,,,,23.765562,86.415081
2026-05-15 22:00:00,N05,,,,,,,23.765562,86.415081
2026-05-15 23:00:00,N05,,,,,,,23.765562,86.415081
2026-05-16 00:00:00,N05,,,,,,,23.765562,86.415081
2026-05-16 01:00:00,N05,-0.1678,0.006403,2.6,-0.0319,0.000218,26.5,23.765562,86.415081
2026-05-16 02:00:00,N05,0.0024,0.009479,5.12,-0.0311,0.000399,27.3,23.765562,86.415081
2026-05-16 03:00:00,N05,,,,,,,23.765562,86.415081
2026-05-16 04:00:00,N05,-0.1318,0.006333,6.56,-0.0309,0.000218,30.0,23.765562,86.415081
2026-05-16 05:00:00,N05,-0.123,0.005052,5.91,-0.0315,0.000172,31.8,23.765562,86.415081
2026-05-16 06:00:00,N05,-0.0244,0.007651,1.2,-0.0306,0.005411,33.8,23.765562,86.415081
2026-05-16 07:00:00,N05,-0.0331,0.814203,28.32,-0.0207,0.00483,35.7,23.765562,86.415081
2026-05-16 08:00:00,N05,0.2033,0.638922,22.11,-0.0209,0.005372,37.5,23.765562,86.415081
2026-05-16 09:00:00,N05,-0.1915,0.00626,7.67,-0.0314,0.005407,39.1,23.765562,86.415081
2026-05-16 10:00:00,N05,0.0412,0.006436,9.18,-0.0318,5.1e-05,40.3,23.765562,86.415081
2026-05-16 11:00:00,N05,0.2665,0.00546,1.58,-0.0315,0.000241,41.0,23.765562,86.415081
2026-05-16 12:00:00,N05,0.0092,0.007227,2.95,-0.0313,0.00034,41.3,23.765562,86.415081
2026-05-16 13:00:00,N05,0.0784,0.005611,1.02,-0.0309,0.000114,41.0,23.765562,86.415081
2026-05-16 14:00:00,N05,0.0052,0.00684,3.3,-0.031,0.00037,40.3,23.765562,86.415081
2026-05-16 15:00:00,N05,,,,,,,23.765562,86.415081
2026-05-16 16:00:00,N05,,,,,,,23.765562,86.415081
2026-05-16 17:00:00,N05,-0.0842,0.007689,9.87,-0.0304,0.000292,35.7,23.765562,86.415081
2026-05-16 18:00:00,N05,-0.0111,0.009174,4.22,-0.0297,7.8e-05,33.8,23.765562,86.415081
2026-05-16 19:00:00,N05,0.0139,0.00573,4.89,-0.0306,0.00059,31.8,23.765562,86.415081
2026-05-16 20:00:00,N05,-0.1323,0.006805,2.96,-0.0309,7.4e-05,30.0,23.765562,86.415081
2026-05-16 21:00:00,N05,-0.204,0.006627,9.54,-0.0304,6.6e-05,28.5,23.765562,86.415081
2026-05-16 22:00:00,N05,-0.2191,0.008088,4.73,-0.0308,3.6e-05,27.3,23.765562,86.415081
2026-05-16 23:00:00,N05,-0.006,0.00506,5.23,-0.0303,0.000364,26.5,23.765562,86.415081
2026-05-17 00:00:00,N05,-0.1217,0.00572,5.21,-0.0301,0.000479,28.9,23.765562,86.415081
2026-05-17 01:00:00,N05,-0.1626,0.005826,2.8,-0.0294,0.000756,29.2,23.765562,86.415081
2026-05-17 02:00:00,N05,0.1349,0.007164,1.07,-0.0285,0.000418,29.9,23.765562,86.415081
2026-05-17 03:00:00,N05,-0.1289,0.005403,1.85,-0.0286,8.1e-05,31.1,23.765562,86.415081
2026-05-17 04:00:00,N05,0.2503,0.006603,6.34,-0.0287,0.000105,32.7,23.765562,86.415081
2026-05-17 05:00:00,N05,-0.0696,0.008335,1.5,-0.0288,9.6e-05,34.5,23.765562,86.415081
2026-05-17 06:00:00,N05,-0.0203,0.007568,2.15,-0.0285,0.000133,36.4,23.765562,86.415081
2026-05-17 07:00:00,N05,0.3031,0.005069,5.65,-0.029,6.6e-05,38.3,23.765562,86.415081
2026-05-17 08:00:00,N05,0.0707,0.006076,7.41,-0.0287,0.00809,40.2,23.765562,86.415081
2026-05-17 09:00:00,N05,0.1114,0.807755,21.2,-0.0129,0.008012,41.7,23.765562,86.415081
2026-05-17 10:00:00,N05,-0.0733,0.893055,46.89,-0.0126,0.007836,42.9,23.765562,86.415081
2026-05-17 11:00:00,N05,-0.0921,0.007157,8.28,-0.0285,0.007622,43.6,23.765562,86.415081
2026-05-17 12:00:00,N05,-0.0936,0.005451,1.16,-0.0279,0.000422,43.9,23.765562,86.415081
2026-05-17 13:00:00,N05,-0.3122,0.005982,6.92,-0.0277,0.000373,43.6,23.765562,86.415081
2026-05-17 14:00:00,N05,0.2264,0.007349,2.68,-0.0286,0.000551,42.9,23.765562,86.415081
2026-05-17 15:00:00,N05,-0.0881,0.006577,9.87,-0.0288,0.00036,41.7,23.765562,86.415081
2026-05-17 16:00:00,N05,-0.2292,0.005476,6.84,-0.0293,1.4e-05,40.2,23.765562,86.415081
2026-05-17 17:00:00,N05,0.0369,0.005184,6.41,-0.0288,0.000455,38.3,23.765562,86.415081
2026-05-17 18:00:00,N05,-0.1504,0.006783,2.03,-0.0284,0.000647,36.4,23.765562,86.415081
2026-05-17 19:00:00,N05,-0.0282,0.007045,9.86,-0.0275,0.000936,34.5,23.765562,86.415081
2026-05-17 20:00:00,N05,-0.0193,0.007258,6.31,-0.0266,0.000515,32.7,23.765562,86.415081
2026-05-17 21:00:00,N05,-0.1119,0.006684,6.89,-0.0264,3.6e-05,31.1,23.765562,86.415081
2026-05-17 22:00:00,N05,0.2358,0.005589,5.74,-0.0266,0.000161,29.9,23.765562,86.415081
2026-05-17 23:00:00,N05,0.0809,0.006603,2.37,-0.0261,0.000261,29.2,23.765562,86.415081
2026-05-18 00:00:00,N05,0.0782,0.005962,9.65,-0.0261,0.000111,23.9,23.765562,86.415081
2026-05-18 01:00:00,N05,-0.1858,0.005634,7.31,-0.0263,0.000313,24.2,23.765562,86.415081
2026-05-18 02:00:00,N05,-0.3127,0.005088,1.05,-0.0267,0.000121,24.9,23.765562,86.415081
2026-05-18 03:00:00,N05,-0.1196,0.006325,4.39,-0.0266,0.000239,26.1,23.765562,86.415081
2026-05-18 04:00:00,N05,,,,,,,23.765562,86.415081
2026-05-18 05:00:00,N05,,,,,,,23.765562,86.415081
2026-05-18 06:00:00,N05,,,,,,,23.765562,86.415081
2026-05-18 07:00:00,N05,,,,,,,23.765562,86.415081
2026-05-18 08:00:00,N05,,,,,,,23.765562,86.415081
2026-05-18 09:00:00,N05,-0.0049,0.007205,5.37,-0.027,0.00445,36.7,23.765562,86.415081
2026-05-18 10:00:00,N05,0.3719,0.626551,30.09,-0.043,0.000375,37.9,23.765562,86.415081
2026-05-18 11:00:00,N05,-0.0817,0.00816,4.34,-0.0262,0.00888,38.7,23.765562,86.415081
2026-05-18 12:00:00,N05,-0.1389,0.007644,8.01,-0.0252,0.003703,38.9,23.765562,86.415081
2026-05-18 13:00:00,N05,,,,,,,23.765562,86.415081
2026-05-18 14:00:00,N05,0.2232,0.957695,31.4,-0.0189,0.003475,37.9,23.765562,86.415081
2026-05-18 15:00:00,N05,0.1946,0.009449,1.47,-0.0257,0.003653,36.7,23.765562,86.415081
2026-05-18 16:00:00,N05,,,,,,,23.765562,86.415081
2026-05-18 17:00:00,N05,,,,,,,23.765562,86.415081
2026-05-18 18:00:00,N05,,,,,,,23.765562,86.415081
2026-05-18 19:00:00,N05,,,,,,,23.765562,86.415081
2026-05-18 20:00:00,N05,,,,,,,23.765562,86.415081
2026-05-18 21:00:00,N05,-0.0502,0.006454,9.55,-0.0268,0.000242,26.1,23.765562,86.415081
2026-05-18 22:00:00,N05,,,,,,,23.765562,86.415081
2026-05-18 23:00:00,N05,0.1737,0.006036,8.16,-0.0279,0.000681,24.2,23.765562,86.415081
2026-05-19 00:00:00,N05,0.0351,0.005313,3.25,-0.0285,0.000495,22.9,23.765562,86.415081
2026-05-19 01:00:00,N05,-0.0698,0.007659,8.31,-0.0289,0.000113,23.1,23.765562,86.415081
2026-05-19 02:00:00,N05,-0.1342,0.005163,3.38,-0.0287,0.000421,23.9,23.765562,86.415081
2026-05-19 03:00:00,N05,0.1379,0.007356,8.66,-0.028,0.000623,25.1,23.765562,86.415081
2026-05-19 04:00:00,N05,0.0151,0.005376,6.8,-0.0275,2e-05,26.6,23.765562,86.415081
2026-05-19 05:00:00,N05,-0.0404,0.006409,6.19,-0.0281,0.000456,28.4,23.765562,86.415081
2026-05-19 06:00:00,N05,0.2494,0.005464,3.88,-0.0284,2.3e-05,30.4,23.765562,86.415081
2026-05-19 07:00:00,N05,0.1283,0.007413,3.05,-0.028,0.000104,32.3,23.765562,86.415081
2026-05-19 08:00:00,N05,0.1659,0.005278,6.59,-0.0282,7e-06,34.1,23.765562,86.415081
2026-05-19 09:00:00,N05,0.1106,0.00581,7.54,-0.028,9.4e-05,35.7,23.765562,86.415081
2026-05-19 10:00:00,N05,-0.1968,0.006521,4.71,-0.028,0.002526,36.9,23.765562,86.415081
2026-05-19 11:00:00,N05,-0.0793,0.82877,41.24,-0.023,6.3e-05,37.6,23.765562,86.415081
2026-05-19 12:00:00,N05,,,,,,,23.765562,86.415081
2026-05-19 13:00:00,N05,,,,,,,23.765562,86.415081
2026-05-19 14:00:00,N05,,,,,,,23.765562,86.415081
2026-05-19 15:00:00,N05,-0.1899,0.007141,5.86,-0.0297,0.004413,35.7,23.765562,86.415081
2026-05-19 16:00:00,N05,-0.2273,0.813634,17.98,-0.02,0.004506,34.1,23.765562,86.415081
2026-05-19 17:00:00,N05,0.0691,0.607434,38.92,-0.0207,0.004944,32.3,23.765562,86.415081
2026-05-19 18:00:00,N05,0.0795,0.005838,5.88,-0.0299,0.004508,30.4,23.765562,86.415081
2026-05-19 19:00:00,N05,,,,,,,23.765562,86.415081
2026-05-19 20:00:00,N05,0.2399,0.005566,9.02,-0.0293,0.000162,26.6,23.765562,86.415081
2026-05-19 21:00:00,N05,0.0374,0.005315,4.29,-0.0301,0.000226,25.1,23.765562,86.415081
2026-05-19 22:00:00,N05,-0.1044,0.006938,9.97,-0.0298,0.000266,23.9,23.765562,86.415081
2026-05-19 23:00:00,N05,0.1741,0.008356,9.03,-0.0295,0.000545,23.1,23.765562,86.415081
2026-05-20 00:00:00,N05,0.0463,0.005365,3.37,-0.0287,8.1e-05,25.9,23.765562,86.415081
2026-05-20 01:00:00,N05,,,,,,,23.765562,86.415081
2026-05-20 02:00:00,N05,,,,,,,23.765562,86.415081
2026-05-20 03:00:00,N05,,,,,,,23.765562,86.415081
2026-05-20 04:00:00,N05,,,,,,,23.765562,86.415081
2026-05-20 05:00:00,N05,,,,,,,23.765562,86.415081
2026-05-20 06:00:00,N05,0.091,0.005423,3.25,-0.0309,0.005264,33.4,23.765562,86.415081
2026-05-20 07:00:00,N05,,,,,,,23.765562,86.415081
2026-05-20 08:00:00,N05,,,,,,,23.765562,86.415081
2026-05-20 09:00:00,N05,,,,,,,23.765562,86.415081
2026-05-20 10:00:00,N05,,,,,,,23.765562,86.415081
2026-05-20 11:00:00,N05,-0.1033,0.734572,30.54,-0.0079,0.008081,40.6,23.765562,86.415081
2026-05-20 12:00:00,N05,-0.0934,0.006923,6.2,-0.0242,0.008282,40.9,23.765562,86.415081
2026-05-20 13:00:00,N05,-0.0472,0.008662,7.31,-0.0244,5.9e-05,40.6,23.765562,86.415081
2026-05-20 14:00:00,N05,-0.2399,0.00601,6.39,-0.0241,0.00022,39.9,23.765562,86.415081
2026-05-20 15:00:00,N05,-0.0034,0.005543,2.64,-0.024,0.000267,38.7,23.765562,86.415081
2026-05-20 16:00:00,N05,0.0262,0.00612,4.99,-0.0247,0.000598,37.1,23.765562,86.415081
2026-05-20 17:00:00,N05,0.1362,0.006243,6.09,-0.0252,0.000458,35.3,23.765562,86.415081
2026-05-20 18:00:00,N05,0.0198,0.005837,6.92,-0.0256,0.000344,33.4,23.765562,86.415081
2026-05-20 19:00:00,N05,-0.0822,0.00674,8.66,-0.0259,0.000594,31.4,23.765562,86.415081
2026-05-20 20:00:00,N05,0.0942,0.008806,4.96,-0.0268,0.000374,29.6,23.765562,86.415081
2026-05-20 21:00:00,N05,,,,,,,23.765562,86.415081
2026-05-20 22:00:00,N05,,,,,,,23.765562,86.415081
2026-05-20 23:00:00,N05,,,,,,,23.765562,86.415081
2026-05-21 00:00:00,N05,,,,,,,23.765562,86.415081
2026-05-21 01:00:00,N05,,,,,,,23.765562,86.415081
2026-05-21 02:00:00,N05,-0.2403,0.00624,3.4,-0.0285,0.000683,25.5,23.765562,86.415081
2026-05-21 03:00:00,N05,0.3323,0.007422,6.53,-0.029,0.000749,26.7,23.765562,86.415081
2026-05-21 04:00:00,N05,-0.1323,0.007437,3.8,-0.03,0.00054,28.2,23.765562,86.415081
2026-05-21 05:00:00,N05,0.0774,0.005688,6.39,-0.0301,0.00069,30.0,23.765562,86.415081
2026-05-21 06:00:00,N05,-0.0128,0.007382,2.79,-0.0314,0.000601,32.0,23.765562,86.415081
2026-05-21 07:00:00,N05,-0.16,0.007191,4.09,-0.0313,0.00019,33.9,23.765562,86.415081
2026-05-21 08:00:00,N05,0.0326,0.00654,1.21,-0.0318,0.000505,35.7,23.765562,86.415081
2026-05-21 09:00:00,N05,0.3075,0.005483,4.8,-0.0323,0.000917,37.3,23.765562,86.415081
2026-05-21 10:00:00,N05,-0.14,0.006132,9.31,-0.0336,0.000611,38.5,23.765562,86.415081
2026-05-21 11:00:00,N05,0.0319,0.006579,4.71,-0.0336,0.00013,39.2,23.765562,86.415081
2026-05-21 12:00:00,N05,0.0041,0.006243,4.53,-0.0334,0.006539,39.5,23.765562,86.415081
2026-05-21 13:00:00,N05,-0.0324,0.532396,42.96,-0.0205,0.000141,39.2,23.765562,86.415081
2026-05-21 14:00:00,N05,0.1223,0.006771,1.91,-0.0336,0.006279,38.5,23.765562,86.415081
2026-05-21 15:00:00,N05,-0.1649,0.005593,2.72,-0.033,0.000283,37.3,23.765562,86.415081
2026-05-21 16:00:00,N05,0.145,0.005888,5.19,-0.0331,0.000182,35.7,23.765562,86.415081
2026-05-21 17:00:00,N05,0.0775,0.008375,3.88,-0.0327,0.0,33.9,23.765562,86.415081
2026-05-21 18:00:00,N05,0.01,0.006909,8.47,-0.0331,0.000329,32.0,23.765562,86.415081
2026-05-21 19:00:00,N05,-0.2263,0.009379,5.75,-0.0333,5.6e-05,30.0,23.765562,86.415081
2026-05-21 20:00:00,N05,-0.2353,0.005932,7.26,-0.033,0.000151,28.2,23.765562,86.415081
2026-05-21 21:00:00,N05,-0.1795,0.005625,6.0,-0.0336,0.000328,26.7,23.765562,86.415081
2026-05-21 22:00:00,N05,-0.0853,0.009059,7.75,-0.0336,0.000102,25.5,23.765562,86.415081
2026-05-21 23:00:00,N05,-0.2093,0.00697,1.68,-0.0338,2.5e-05,24.7,23.765562,86.415081
2026-05-22 00:00:00,N05,-0.0411,0.006117,4.09,-0.0336,0.000764,22.5,23.765562,86.415081
2026-05-22 01:00:00,N05,0.072,0.005459,6.58,-0.0323,0.000743,22.8,23.765562,86.415081
2026-05-22 02:00:00,N05,0.2553,0.008475,5.02,-0.0321,5.7e-05,23.5,23.765562,86.415081
2026-05-22 03:00:00,N05,0.1699,0.006237,1.56,-0.0322,0.000483,24.7,23.765562,86.415081
2026-05-22 04:00:00,N05,-0.0751,0.005277,9.21,-0.033,0.000551,26.3,23.765562,86.415081
2026-05-22 05:00:00,N05,0.0977,0.005404,1.69,-0.0333,0.000153,28.1,23.765562,86.415081
2026-05-22 06:00:00,N05,0.1932,0.005361,3.35,-0.0334,3.6e-05,30.0,23.765562,86.415081
2026-05-22 07:00:00,N05,-0.1256,0.005312,8.22,-0.0334,0.000486,32.0,23.765562,86.415081
2026-05-22 08:00:00,N05,-0.168,0.005016,7.72,-0.0343,0.000207,33.8,23.765562,86.415081
2026-05-22 09:00:00,N05,-0.0913,0.005569,7.42,-0.0338,0.000104,35.3,23.765562,86.415081
2026-05-22 10:00:00,N05,-0.0948,0.007458,6.64,-0.0345,0.008484,36.5,23.765562,86.415081
2026-05-22 11:00:00,N05,0.041,0.581802,44.48,-0.0508,2.5e-05,37.3,23.765562,86.415081
2026-05-22 12:00:00,N05,-0.1159,0.00559,3.68,-0.0345,0.008453,37.5,23.765562,86.415081
2026-05-22 13:00:00,N05,-0.0179,0.00548,6.69,-0.0339,0.000429,37.3,23.765562,86.415081
2026-05-22 14:00:00,N05,-0.2307,0.005316,6.6,-0.0336,0.000347,36.5,23.765562,86.415081
2026-05-22 15:00:00,N05,0.0943,0.005292,1.05,-0.0332,0.00046,35.3,23.765562,86.415081
2026-05-22 16:00:00,N05,0.0759,0.00534,4.95,-0.0327,0.000477,33.8,23.765562,86.415081
2026-05-22 17:00:00,N05,0.0485,0.006693,3.04,-0.0322,0.000399,32.0,23.765562,86.415081
2026-05-22 18:00:00,N05,0.0535,0.007205,9.47,-0.0319,0.0,30.0,23.765562,86.415081
2026-05-22 19:00:00,N05,-0.0588,0.005258,8.7,-0.0322,0.000259,28.1,23.765562,86.415081
2026-05-22 20:00:00,N05,0.1908,0.007143,8.9,-0.0314,0.000754,26.3,23.765562,86.415081
2026-05-22 21:00:00,N05,-0.1146,0.006171,7.24,-0.0307,0.000113,24.7,23.765562,86.415081
2026-05-22 22:00:00,N05,-0.1592,0.006747,6.39,-0.0312,0.000242,23.5,23.765562,86.415081
2026-05-22 23:00:00,N05,0.0422,0.008054,5.37,-0.0312,0.000276,22.8,23.765562,86.415081
2026-05-23 00:00:00,N05,-0.1947,0.005185,8.62,-0.0306,0.000842,25.7,23.765562,86.415081
2026-05-23 01:00:00,N05,-0.1877,0.007208,4.83,-0.0295,0.000254,26.0,23.765562,86.415081
2026-05-23 02:00:00,N05,-0.0001,0.006037,1.83,-0.0301,0.000178,26.8,23.765562,86.415081
2026-05-23 03:00:00,N05,,,,,,,23.765562,86.415081
2026-05-23 04:00:00,N05,,,,,,,23.765562,86.415081
2026-05-23 05:00:00,N05,,,,,,,23.765562,86.415081
2026-05-23 06:00:00,N05,0.2084,0.006319,9.55,-0.0312,2.2e-05,33.2,23.765562,86.415081
2026-05-23 07:00:00,N05,0.0413,0.005225,7.3,-0.0308,0.008817,35.2,23.765562,86.415081
2026-05-23 08:00:00,N05,,,,,,,23.765562,86.415081
2026-05-23 09:00:00,N05,,,,,,,23.765562,86.415081
2026-05-23 10:00:00,N05,,,,,,,23.765562,86.415081
2026-05-23 11:00:00,N05,,,,,,,23.765562,86.415081
2026-05-23 12:00:00,N05,0.1909,0.007099,7.48,-0.0298,0.000443,40.7,23.765562,86.415081
2026-05-23 13:00:00,N05,-0.0481,0.005589,9.03,-0.03,0.01597,40.5,23.765562,86.415081
2026-05-23 14:00:00,N05,0.0018,0.828298,41.98,0.0022,0.000155,39.7,23.765562,86.415081
2026-05-23 15:00:00,N05,-0.0486,0.008475,9.06,-0.0303,0.016356,38.6,23.765562,86.415081
2026-05-23 16:00:00,N05,0.1447,0.007019,8.97,-0.0305,0.000375,37.0,23.765562,86.415081
2026-05-23 17:00:00,N05,0.1564,0.006624,7.95,-0.031,0.000241,35.2,23.765562,86.415081
2026-05-23 18:00:00,N05,0.0141,0.005839,9.67,-0.031,3.9e-05,33.2,23.765562,86.415081
2026-05-23 19:00:00,N05,-0.1582,0.006243,8.39,-0.031,8.7e-05,31.3,23.765562,86.415081
2026-05-23 20:00:00,N05,,,,,,,23.765562,86.415081
2026-05-23 21:00:00,N05,,,,,,,23.765562,86.415081
2026-05-23 22:00:00,N05,,,,,,,23.765562,86.415081
2026-05-23 23:00:00,N05,,,,,,,23.765562,86.415081
2026-05-24 00:00:00,N05,,,,,,,23.765562,86.415081
2026-05-24 01:00:00,N05,-0.2398,0.005803,3.56,-0.0309,0.000208,24.8,23.765562,86.415081
2026-05-24 02:00:00,N05,0.1295,0.006968,2.33,-0.0312,0.000226,25.6,23.765562,86.415081
2026-05-24 03:00:00,N05,-0.2726,0.00556,5.55,-0.0305,0.000526,26.7,23.765562,86.415081
2026-05-24 04:00:00,N05,,,,,,,23.765562,86.415081
2026-05-24 05:00:00,N05,0.1,0.005362,9.02,-0.0305,0.000288,30.1,23.765562,86.415081
2026-05-24 06:00:00,N05,-0.0753,0.007465,4.41,-0.0295,0.00026,32.0,23.765562,86.415081
2026-05-24 07:00:00,N05,-0.2389,0.005972,3.92,-0.0299,0.000174,34.0,23.765562,86.415081
2026-05-24 08:00:00,N05,,,,,,,23.765562,86.415081
2026-05-24 09:00:00,N05,0.1465,0.005535,9.8,-0.0297,0.000214,37.4,23.765562,86.415081
2026-05-24 10:00:00,N05,-0.0615,0.00585,2.88,-0.0296,8.2e-05,38.5,23.765562,86.415081
2026-05-24 11:00:00,N05,0.1626,0.007633,2.69,-0.0296,0.000148,39.3,23.765562,86.415081
2026-05-24 12:00:00,N05,-0.2074,0.005602,8.51,-0.0299,0.005533,39.5,23.765562,86.415081
2026-05-24 13:00:00,N05,,,,,,,23.765562,86.415081
2026-05-24 14:00:00,N05,0.1444,0.650287,31.83,-0.019,0.005975,38.5,23.765562,86.415081
2026-05-24 15:00:00,N05,-0.0368,0.009159,9.8,-0.0305,0.005886,37.4,23.765562,86.415081
2026-05-24 16:00:00,N05,-0.2569,0.005863,1.69,-0.0307,9.6e-05,35.8,23.765562,86.415081
2026-05-24 17:00:00,N05,-0.0555,0.005272,2.62,-0.0306,4.2e-05,34.0,23.765562,86.415081
2026-05-24 18:00:00,N05,0.0781,0.005503,5.16,-0.0306,0.000175,32.0,23.765562,86.415081
2026-05-24 19:00:00,N05,,,,,,,23.765562,86.415081
2026-05-24 20:00:00,N05,,,,,,,23.765562,86.415081
2026-05-24 21:00:00,N05,,,,,,,23.765562,86.415081
2026-05-24 22:00:00,N05,0.1077,0.005208,2.75,-0.0312,0.000642,25.6,23.765562,86.415081
2026-05-24 23:00:00,N05,-0.1115,0.005355,6.51,-0.0317,0.000265,24.8,23.765562,86.415081
2026-05-25 00:00:00,N05,-0.0688,0.007461,2.87,-0.0317,8.3e-05,27.2,23.765562,86.415081
2026-05-25 01:00:00,N05,-0.1375,0.006129,6.92,-0.0319,8.6e-05,27.4,23.765562,86.415081
2026-05-25 02:00:00,N05,-0.0939,0.007001,4.94,-0.0315,0.000152,28.2,23.765562,86.415081
2026-05-25 03:00:00,N05,0.1609,0.006322,6.24,-0.0316,2e-06,29.4,23.765562,86.415081
2026-05-25 04:00:00,N05,0.0564,0.005796,8.12,-0.0315,0.000334,30.9,23.765562,86.415081
2026-05-25 05:00:00,N05,-0.2008,0.007177,4.39,-0.0309,0.000846,32.7,23.765562,86.415081
2026-05-25 06:00:00,N05,-0.0772,0.00671,9.37,-0.0299,0.000522,34.7,23.765562,86.415081
2026-05-25 07:00:00,N05,-0.0914,0.006472,1.31,-0.0299,0.00013,36.6,23.765562,86.415081
2026-05-25 08:00:00,N05,0.0591,0.009805,4.05,-0.0301,0.000413,38.4,23.765562,86.415081
2026-05-25 09:00:00,N05,-0.141,0.006624,7.43,-0.0307,0.000681,40.0,23.765562,86.415081
2026-05-25 10:00:00,N05,-0.1689,0.007378,1.84,-0.0315,0.000238,41.2,23.765562,86.415081
2026-05-25 11:00:00,N05,0.0102,0.010827,2.31,-0.0312,0.011042,41.9,23.765562,86.415081
2026-05-25 12:00:00,N05,0.1084,0.517279,19.34,-0.0094,0.011579,42.2,23.765562,86.415081
2026-05-25 13:00:00,N05,0.0405,0.51666,24.19,-0.008,0.009826,41.9,23.765562,86.415081
2026-05-25 14:00:00,N05,,,,,,,23.765562,86.415081
2026-05-25 15:00:00,N05,-0.2504,0.006628,6.13,-0.0294,0.000321,40.0,23.765562,86.415081
2026-05-25 16:00:00,N05,-0.2505,0.005964,4.85,-0.0297,0.000166,38.4,23.765562,86.415081
2026-05-25 17:00:00,N05,-0.0681,0.007258,9.67,-0.0297,9.4e-05,36.6,23.765562,86.415081
2026-05-25 18:00:00,N05,0.1018,0.007405,6.38,-0.0295,0.000245,34.7,23.765562,86.415081
2026-05-25 19:00:00,N05,0.0338,0.007571,9.51,-0.0292,1.4e-05,32.7,23.765562,86.415081
2026-05-25 20:00:00,N05,-0.3504,0.005381,3.39,-0.0295,0.000277,30.9,23.765562,86.415081
2026-05-25 21:00:00,N05,0.2303,0.005813,5.63,-0.0287,0.000573,29.4,23.765562,86.415081
2026-05-25 22:00:00,N05,-0.0513,0.008883,8.98,-0.0283,0.000111,28.2,23.765562,86.415081
2026-05-25 23:00:00,N05,0.0701,0.005152,2.26,-0.0289,2.5e-05,27.4,23.765562,86.415081
2026-05-26 00:00:00,N05,0.0769,0.006086,9.9,-0.0283,0.000684,23.4,23.765562,86.415081
2026-05-26 01:00:00,N05,-0.0271,0.006058,1.53,-0.0275,0.00025,23.7,23.765562,86.415081
2026-05-26 02:00:00,N05,-0.114,0.005613,7.54,-0.0278,4.2e-05,24.4,23.765562,86.415081
2026-05-26 03:00:00,N05,0.065,0.006844,1.82,-0.0276,4.2e-05,25.6,23.765562,86.415081
2026-05-26 04:00:00,N05,0.1088,0.009542,1.65,-0.0279,0.000111,27.2,23.765562,86.415081
2026-05-26 05:00:00,N05,0.2397,0.006138,8.37,-0.0274,0.000176,29.0,23.765562,86.415081
2026-05-26 06:00:00,N05,-0.0324,0.006921,8.89,-0.0275,0.000143,30.9,23.765562,86.415081
2026-05-26 07:00:00,N05,0.0192,0.005657,6.71,-0.0271,0.000419,32.9,23.765562,86.415081
2026-05-26 08:00:00,N05,0.1026,0.007882,6.67,-0.0267,0.005613,34.7,23.765562,86.415081
2026-05-26 09:00:00,N05,-0.0716,0.503783,48.0,-0.0383,0.00602,36.2,23.765562,86.415081
2026-05-26 10:00:00,N05,0.0544,0.698279,16.87,-0.0387,0.005732,37.4,23.765562,86.415081
2026-05-26 11:00:00,N05,-0.0384,0.007345,6.98,-0.0269,0.005788,38.2,23.765562,86.415081
2026-05-26 12:00:00,N05,-0.0825,0.006888,6.29,-0.0271,0.000123,38.4,23.765562,86.415081
2026-05-26 13:00:00,N05,0.0124,0.00871,1.08,-0.0266,0.004103,38.2,23.765562,86.415081
2026-05-26 14:00:00,N05,-0.1094,0.906028,19.96,-0.0353,1.7e-05,37.4,23.765562,86.415081
2026-05-26 15:00:00,N05,0.0854,0.007587,3.46,-0.0266,0.004159,36.2,23.765562,86.415081
2026-05-26 16:00:00,N05,0.1401,0.006179,1.56,-0.027,0.000445,34.7,23.765562,86.415081
2026-05-26 17:00:00,N05,0.0772,0.00596,1.16,-0.0275,0.00033,32.9,23.765562,86.415081
2026-05-26 18:00:00,N05,0.0795,0.005746,4.38,-0.0277,0.000417,30.9,23.765562,86.415081
2026-05-26 19:00:00,N05,-0.1216,0.006998,2.68,-0.0284,0.000208,29.0,23.765562,86.415081
2026-05-26 20:00:00,N05,-0.2237,0.006142,6.44,-0.0281,6.1e-05,27.2,23.765562,86.415081
2026-05-26 21:00:00,N05,0.01,0.00644,4.5,-0.0283,0.000132,25.6,23.765562,86.415081
2026-05-26 22:00:00,N05,-0.1524,0.005641,8.63,-0.0284,7.3e-05,24.4,23.765562,86.415081
2026-05-26 23:00:00,N05,-0.2353,0.010117,1.41,-0.0281,0.000706,23.7,23.765562,86.415081
2026-05-27 00:00:00,N05,-0.1257,0.006064,5.2,-0.0269,0.000909,25.4,23.765562,86.415081
2026-05-27 01:00:00,N05,-0.1049,0.005537,1.55,-0.0263,0.000505,25.6,23.765562,86.415081
2026-05-27 02:00:00,N05,-0.5581,0.007734,2.68,-0.0259,0.000121,26.4,23.765562,86.415081
2026-05-27 03:00:00,N05,-0.1188,0.005465,5.52,-0.026,0.001253,27.6,23.765562,86.415081
2026-05-27 04:00:00,N05,-0.0867,0.006576,9.36,-0.0234,0.001381,29.1,23.765562,86.415081
2026-05-27 05:00:00,N05,-0.0159,0.007685,7.64,-0.0233,0.000121,30.9,23.765562,86.415081
2026-05-27 06:00:00,N05,-0.05,0.007091,3.86,-0.0232,7e-06,32.9,23.765562,86.415081
2026-05-27 07:00:00,N05,-0.0204,0.006361,4.71,-0.0233,0.000178,34.8,23.765562,86.415081
2026-05-27 08:00:00,N05,0.0257,0.007846,2.82,-0.0228,0.000258,36.6,23.765562,86.415081
2026-05-27 09:00:00,N05,,,,,,,23.765562,86.415081
2026-05-27 10:00:00,N05,,,,,,,23.765562,86.415081
2026-05-27 11:00:00,N05,,,,,,,23.765562,86.415081
2026-05-27 12:00:00,N05,,,,,,,23.765562,86.415081
2026-05-27 13:00:00,N05,,,,,,,23.765562,86.415081
2026-05-27 14:00:00,N05,-0.097,0.861988,36.5,-0.0163,0.000173,39.4,23.765562,86.415081
2026-05-27 15:00:00,N05,0.0137,0.007889,5.86,-0.022,0.003132,38.2,23.765562,86.415081
2026-05-27 16:00:00,N05,0.1124,0.008203,7.75,-0.0225,0.000132,36.6,23.765562,86.415081
2026-05-27 17:00:00,N05,-0.2075,0.007701,6.21,-0.0223,9e-05,34.8,23.765562,86.415081
2026-05-27 18:00:00,N05,,,,,,,23.765562,86.415081
2026-05-27 19:00:00,N05,,,,,,,23.765562,86.415081
2026-05-27 20:00:00,N05,,,,,,,23.765562,86.415081
2026-05-27 21:00:00,N05,,,,,,,23.765562,86.415081
2026-05-27 22:00:00,N05,-0.0251,0.006016,3.08,-0.023,0.000355,26.4,23.765562,86.415081
2026-05-27 23:00:00,N05,0.1825,0.005747,4.55,-0.0234,0.000138,25.6,23.765562,86.415081
2026-05-28 00:00:00,N05,-0.1513,0.009288,8.02,-0.0227,0.000123,23.8,23.765562,86.415081
2026-05-28 01:00:00,N05,0.2961,0.006518,2.57,-0.0232,0.000401,24.1,23.765562,86.415081
2026-05-28 02:00:00,N05,-0.0962,0.006928,2.9,-0.0235,0.000176,24.8,23.765562,86.415081
2026-05-28 03:00:00,N05,-0.0715,0.007092,2.72,-0.0228,0.000305,26.0,23.765562,86.415081
2026-05-28 04:00:00,N05,-0.1087,0.00542,7.44,-0.0229,0.000158,27.6,23.765562,86.415081
2026-05-28 05:00:00,N05,-0.1226,0.005681,1.0,-0.0231,3.9e-05,29.4,23.765562,86.415081
2026-05-28 06:00:00,N05,0.071,0.005869,7.53,-0.023,7.1e-05,31.3,23.765562,86.415081
2026-05-28 07:00:00,N05,-0.0141,0.007192,5.5,-0.023,0.000113,33.3,23.765562,86.415081
2026-05-28 08:00:00,N05,0.0612,0.006093,9.58,-0.0227,0.006132,35.1,23.765562,86.415081
2026-05-28 09:00:00,N05,-0.0037,0.756156,42.98,-0.0352,0.006132,36.6,23.765562,86.415081
2026-05-28 10:00:00,N05,0.0791,0.960275,16.56,-0.035,0.007062,37.8,23.765562,86.415081
2026-05-28 11:00:00,N05,0.221,0.007595,4.71,-0.0211,0.016116,38.6,23.765562,86.415081
2026-05-28 12:00:00,N05,-0.0489,0.59576,42.13,-0.0028,0.000335,38.8,23.765562,86.415081
2026-05-28 13:00:00,N05,0.0436,0.00846,5.81,-0.0205,0.00851,38.6,23.765562,86.415081
2026-05-28 14:00:00,N05,0.1796,0.005749,8.45,-0.0198,0.000462,37.8,23.765562,86.415081
2026-05-28 15:00:00,N05,0.0364,0.005314,1.02,-0.0195,0.009147,36.6,23.765562,86.415081
2026-05-28 16:00:00,N05,-0.1628,0.836789,18.68,-0.0381,0.000108,35.1,23.765562,86.415081
2026-05-28 17:00:00,N05,0.1399,0.005678,9.27,-0.0193,0.009389,33.3,23.765562,86.415081
2026-05-28 18:00:00,N05,-0.1216,0.006007,5.69,-0.0193,0.00083,31.3,23.765562,86.415081
2026-05-28 19:00:00,N05,0.0398,0.00546,9.71,-0.021,0.000991,29.4,23.765562,86.415081
2026-05-28 20:00:00,N05,-0.094,0.005494,2.0,-0.0213,0.000218,27.6,23.765562,86.415081
2026-05-28 21:00:00,N05,-0.2571,0.005492,5.0,-0.0214,0.000462,26.0,23.765562,86.415081
2026-05-28 22:00:00,N05,-0.0317,0.006118,3.2,-0.0204,0.00094,24.8,23.765562,86.415081
2026-05-28 23:00:00,N05,0.1787,0.008225,5.4,-0.0195,0.000631,24.1,23.765562,86.415081
2026-05-29 00:00:00,N05,0.0001,0.005779,1.64,-0.0191,6.1e-05,24.8,23.765562,86.415081
2026-05-29 01:00:00,N05,-0.1956,0.008749,5.21,-0.0194,4.9e-05,25.0,23.765562,86.415081
2026-05-29 02:00:00,N05,-0.0949,0.007188,4.12,-0.019,0.000401,25.8,23.765562,86.415081
2026-05-29 03:00:00,N05,-0.1798,0.005473,2.47,-0.0186,6e-05,27.0,23.765562,86.415081
2026-05-29 04:00:00,N05,,,,,,,23.765562,86.415081
2026-05-29 05:00:00,N05,,,,,,,23.765562,86.415081
2026-05-29 06:00:00,N05,-0.1287,0.007146,6.66,-0.0192,3.4e-05,32.3,23.765562,86.415081
2026-05-29 07:00:00,N05,0.1408,0.007454,9.19,-0.0187,0.000354,34.2,23.765562,86.415081
2026-05-29 08:00:00,N05,0.204,0.005157,8.94,-0.0185,0.006435,36.0,23.765562,86.415081
2026-05-29 09:00:00,N05,0.0349,0.708879,44.69,-0.0059,0.000205,37.6,23.765562,86.415081
2026-05-29 10:00:00,N05,-0.2412,0.009775,8.05,-0.018,0.006341,38.8,23.765562,86.415081
2026-05-29 11:00:00,N05,0.2191,0.007768,3.94,-0.0186,0.000899,39.5,23.765562,86.415081
2026-05-29 12:00:00,N05,-0.1793,0.00517,8.24,-0.0198,0.001081,39.8,23.765562,86.415081
2026-05-29 13:00:00,N05,-0.1374,0.006929,8.67,-0.0207,0.000413,39.5,23.765562,86.415081
2026-05-29 14:00:00,N05,,,,,,,23.765562,86.415081
2026-05-29 15:00:00,N05,,,,,,,23.765562,86.415081
2026-05-29 16:00:00,N05,,,,,,,23.765562,86.415081
2026-05-29 17:00:00,N05,,,,,,,23.765562,86.415081
2026-05-29 18:00:00,N05,,,,,,,23.765562,86.415081
2026-05-29 19:00:00,N05,0.0593,0.006908,2.08,-0.021,8.4e-05,30.3,23.765562,86.415081
2026-05-29 20:00:00,N05,-0.1396,0.006203,4.65,-0.0216,0.000512,28.5,23.765562,86.415081
2026-05-29 21:00:00,N05,,,,,,,23.765562,86.415081
2026-05-29 22:00:00,N05,0.1934,0.00547,1.31,-0.0216,0.000233,25.8,23.765562,86.415081
2026-05-29 23:00:00,N05,0.0619,0.005335,9.78,-0.0216,0.000292,25.0,23.765562,86.415081
2026-05-30 00:00:00,N05,0.1867,0.00577,4.38,-0.021,0.000293,23.5,23.765562,86.415081
2026-05-30 01:00:00,N05,-0.0592,0.006725,4.5,-0.021,0.000142,23.7,23.765562,86.415081
2026-05-30 02:00:00,N05,-0.1046,0.005571,4.18,-0.0208,0.000135,24.5,23.765562,86.415081
2026-05-30 03:00:00,N05,,,,,,,23.765562,86.415081
2026-05-30 04:00:00,N05,,,,,,,23.765562,86.415081
2026-05-30 05:00:00,N05,,,,,,,23.765562,86.415081
2026-05-30 06:00:00,N05,0.1951,0.008372,5.41,-0.0211,0.007788,31.0,23.765562,86.415081
2026-05-30 07:00:00,N05,-0.1139,0.980803,17.95,-0.0374,7.7e-05,32.9,23.765562,86.415081
2026-05-30 08:00:00,N05,,,,,,,23.765562,86.415081
2026-05-30 09:00:00,N05,,,,,,,23.765562,86.415081
2026-05-30 10:00:00,N05,,,,,,,23.765562,86.415081
2026-05-30 11:00:00,N05,,,,,,,23.765562,86.415081
2026-05-30 12:00:00,N05,,,,,,,23.765562,86.415081
2026-05-30 13:00:00,N05,0.1052,0.005093,2.26,-0.0203,0.000819,38.2,23.765562,86.415081
2026-05-30 14:00:00,N05,0.0391,0.007611,2.56,-0.0199,2.7e-05,37.5,23.765562,86.415081
2026-05-30 15:00:00,N05,0.0311,0.006509,1.85,-0.0203,0.007623,36.3,23.765562,86.415081
2026-05-30 16:00:00,N05,0.3528,0.971629,36.51,-0.0352,0.000191,34.7,23.765562,86.415081
2026-05-30 17:00:00,N05,-0.0227,0.007277,5.35,-0.0199,0.007586,32.9,23.765562,86.415081
2026-05-30 18:00:00,N05,,,,,,,23.765562,86.415081
2026-05-30 19:00:00,N05,,,,,,,23.765562,86.415081
2026-05-30 20:00:00,N05,,,,,,,23.765562,86.415081
2026-05-30 21:00:00,N05,,,,,,,23.765562,86.415081
2026-05-30 22:00:00,N05,,,,,,,23.765562,86.415081
2026-05-30 23:00:00,N05,0.0718,0.005301,8.39,-0.0199,0.0004,23.7,23.765562,86.415081
2026-05-31 00:00:00,N05,-0.1146,0.006474,8.9,-0.0195,0.000302,24.1,23.765562,86.415081
2026-05-31 01:00:00,N05,0.0146,0.005012,8.31,-0.0193,0.000164,24.4,23.765562,86.415081
2026-05-31 02:00:00,N05,0.0617,0.005896,3.63,-0.0198,3.5e-05,25.1,23.765562,86.415081
2026-05-31 03:00:00,N05,0.0207,0.007265,5.42,-0.0193,0.000141,26.3,23.765562,86.415081
2026-05-31 04:00:00,N05,-0.1936,0.007678,1.6,-0.0195,0.000202,27.9,23.765562,86.415081
2026-05-31 05:00:00,N05,0.0277,0.007177,1.31,-0.0188,0.000246,29.7,23.765562,86.415081
2026-05-31 06:00:00,N05,0.0222,0.00776,2.49,-0.019,0.009129,31.6,23.765562,86.415081
2026-05-31 07:00:00,N05,-0.0974,0.996874,39.96,-0.0006,0.000549,33.6,23.765562,86.415081
2026-05-31 08:00:00,N05,0.1149,0.007477,3.87,-0.0179,0.008694,35.4,23.765562,86.415081
2026-05-31 09:00:00,N05,-0.0153,0.005655,3.84,-0.018,0.000154,36.9,23.765562,86.415081
2026-05-31 10:00:00,N05,0.1428,0.005897,9.26,-0.0176,0.009653,38.1,23.765562,86.415081
2026-05-31 11:00:00,N05,0.0655,0.962535,28.33,-0.0373,0.000281,38.9,23.765562,86.415081
2026-05-31 12:00:00,N05,-0.1454,0.006211,5.16,-0.0182,0.009423,39.1,23.765562,86.415081
2026-05-31 13:00:00,N05,0.1453,0.006319,1.73,-0.0184,0.000104,38.9,23.765562,86.415081
2026-05-31 14:00:00,N05,-0.2197,0.007295,8.66,-0.0184,0.00023,38.1,23.765562,86.415081
2026-05-31 15:00:00,N05,0.0986,0.008534,4.46,-0.018,0.00022,36.9,23.765562,86.415081
2026-05-31 16:00:00,N05,,,,,,,23.765562,86.415081
2026-05-31 17:00:00,N05,,,,,,,23.765562,86.415081
2026-05-31 18:00:00,N05,,,,,,,23.765562,86.415081
2026-05-31 19:00:00,N05,,,,,,,23.765562,86.415081
2026-05-31 20:00:00,N05,-0.3669,0.006661,3.5,-0.0165,1.4e-05,27.9,23.765562,86.415081
2026-05-31 21:00:00,N05,0.0509,0.005571,3.73,-0.0167,0.000205,26.3,23.765562,86.415081
2026-05-31 22:00:00,N05,0.0426,0.006893,5.76,-0.0169,8.8e-05,25.1,23.765562,86.415081
2026-05-31 23:00:00,N05,-0.0512,0.006135,3.78,-0.0166,0.000454,24.4,23.765562,86.415081
2026-06-01 00:00:00,N05,-0.1575,0.007076,7.68,-0.016,0.000351,25.5,23.765562,86.415081
2026-06-01 01:00:00,N05,0.0614,0.006418,1.52,-0.0159,9.4e-05,25.7,23.765562,86.415081
2026-06-01 02:00:00,N05,0.2209,0.005051,9.27,-0.0158,0.000263,26.5,23.765562,86.415081
2026-06-01 03:00:00,N05,-0.0561,0.009286,7.08,-0.0164,0.000235,27.7,23.765562,86.415081
2026-06-01 04:00:00,N05,-0.1169,0.005325,9.87,-0.0162,5.6e-05,29.2,23.765562,86.415081
2026-06-01 05:00:00,N05,-0.0336,0.005029,5.98,-0.0165,0.000249,31.0,23.765562,86.415081
2026-06-01 06:00:00,N05,-0.192,0.005764,9.23,-0.0167,0.0,33.0,23.765562,86.415081
2026-06-01 07:00:00,N05,,,,,,,23.765562,86.415081
2026-06-01 08:00:00,N05,,,,,,,23.765562,86.415081
2026-06-01 09:00:00,N05,,,,,,,23.765562,86.415081
2026-06-01 10:00:00,N05,0.1043,0.005627,5.95,-0.0147,0.007627,39.5,23.765562,86.415081
2026-06-01 11:00:00,N05,0.1742,0.642919,48.62,-0.0306,0.008075,40.2,23.765562,86.415081
2026-06-01 12:00:00,N05,-0.0277,0.920168,33.87,-0.0308,0.00702,40.5,23.765562,86.415081
2026-06-01 13:00:00,N05,0.3669,0.008705,8.19,-0.0165,0.007351,40.2,23.765562,86.415081
2026-06-01 14:00:00,N05,-0.1504,0.006957,2.66,-0.0161,1.5e-05,39.5,23.765562,86.415081
2026-06-01 15:00:00,N05,0.177,0.008379,1.68,-0.0165,0.000235,38.3,23.765562,86.415081
2026-06-01 16:00:00,N05,-0.0784,0.006168,8.28,-0.0166,4.7e-05,36.7,23.765562,86.415081
2026-06-01 17:00:00,N05,-0.1781,0.005051,1.01,-0.0166,7.9e-05,34.9,23.765562,86.415081
2026-06-01 18:00:00,N05,0.0027,0.006419,3.39,-0.0168,0.000578,33.0,23.765562,86.415081
2026-06-01 19:00:00,N05,0.1053,0.005175,3.62,-0.0178,0.000835,31.0,23.765562,86.415081
2026-06-01 20:00:00,N05,-0.0778,0.007401,1.04,-0.0184,0.000293,29.2,23.765562,86.415081
2026-06-01 21:00:00,N05,-0.0365,0.00558,8.43,-0.0184,3.4e-05,27.7,23.765562,86.415081
2026-06-01 22:00:00,N05,-0.2334,0.005953,1.78,-0.0184,5.4e-05,26.5,23.765562,86.415081
2026-06-01 23:00:00,N05,-0.0494,0.007973,4.38,-0.0182,9.4e-05,25.7,23.765562,86.415081
2026-06-02 00:00:00,N05,0.1297,0.005535,3.92,-0.0185,0.000189,19.4,23.765562,86.415081
2026-06-02 01:00:00,N05,0.3503,0.005179,6.33,-0.0186,0.000352,19.6,23.765562,86.415081
2026-06-02 02:00:00,N05,0.0154,0.009792,6.5,-0.0193,0.000334,20.4,23.765562,86.415081
2026-06-02 03:00:00,N05,0.176,0.006724,3.95,-0.0193,0.000218,21.6,23.765562,86.415081
2026-06-02 04:00:00,N05,0.4324,0.009348,8.07,-0.0188,0.000365,23.1,23.765562,86.415081
2026-06-02 05:00:00,N05,-0.0104,0.005059,8.23,-0.0186,4.4e-05,25.0,23.765562,86.415081
2026-06-02 06:00:00,N05,-0.0426,0.005882,5.39,-0.0189,0.010811,26.9,23.765562,86.415081
2026-06-02 07:00:00,N05,0.1303,0.547326,38.96,-0.0402,0.007739,28.8,23.765562,86.415081
2026-06-02 08:00:00,N05,-0.1397,0.949652,16.24,-0.0344,0.010586,30.6,23.765562,86.415081
2026-06-02 09:00:00,N05,-0.1252,0.005663,6.28,-0.019,0.007234,32.2,23.765562,86.415081
2026-06-02 10:00:00,N05,-0.0334,0.005365,5.09,-0.0199,0.000258,33.4,23.765562,86.415081
2026-06-02 11:00:00,N05,-0.2843,0.006186,4.06,-0.0195,0.000356,34.1,23.765562,86.415081
2026-06-02 12:00:00,N05,,,,,,,23.765562,86.415081
2026-06-02 13:00:00,N05,0.0791,0.007144,2.61,-0.0191,0.000182,34.1,23.765562,86.415081
2026-06-02 14:00:00,N05,-0.1708,0.007019,5.01,-0.0196,0.010132,33.4,23.765562,86.415081
2026-06-02 15:00:00,N05,-0.0815,0.975339,47.76,-0.0394,0.009469,32.2,23.765562,86.415081
2026-06-02 16:00:00,N05,-0.1933,0.6836,39.95,-0.0385,0.010866,30.6,23.765562,86.415081
2026-06-02 17:00:00,N05,0.083,0.009168,8.69,-0.0177,0.010138,28.8,23.765562,86.415081
2026-06-02 18:00:00,N05,-0.0863,0.006523,1.27,-0.0182,0.00024,26.9,23.765562,86.415081
2026-06-02 19:00:00,N05,-0.1673,0.00609,8.25,-0.0181,6.5e-05,25.0,23.765562,86.415081
2026-06-02 20:00:00,N05,0.274,0.005681,2.7,-0.0184,3.8e-05,23.1,23.765562,86.415081
2026-06-02 21:00:00,N05,-0.1325,0.00666,6.65,-0.0182,0.000194,21.6,23.765562,86.415081
2026-06-02 22:00:00,N05,-0.1137,0.006856,9.49,-0.018,0.000248,20.4,23.765562,86.415081
2026-06-02 23:00:00,N05,0.0057,0.007077,3.97,-0.0177,0.000216,19.6,23.765562,86.415081
2026-06-03 00:00:00,N05,0.0545,0.005915,8.26,-0.0184,0.000883,23.0,23.765562,86.415081
2026-06-03 01:00:00,N05,-0.1062,0.00616,5.45,-0.0195,0.000242,23.3,23.765562,86.415081
2026-06-03 02:00:00,N05,0.0028,0.005817,6.84,-0.0189,0.000567,24.0,23.765562,86.415081
2026-06-03 03:00:00,N05,0.0756,0.01063,3.16,-0.0183,1e-05,25.2,23.765562,86.415081
2026-06-03 04:00:00,N05,-0.0561,0.006974,6.71,-0.0189,6.2e-05,26.8,23.765562,86.415081
2026-06-03 05:00:00,N05,-0.3219,0.005157,6.73,-0.0182,0.000778,28.6,23.765562,86.415081
2026-06-03 06:00:00,N05,0.0539,0.007245,4.51,-0.0173,0.000174,30.5,23.765562,86.415081
2026-06-03 07:00:00,N05,-0.2123,0.005228,7.27,-0.0179,0.009017,32.5,23.765562,86.415081
2026-06-03 08:00:00,N05,0.0646,0.81937,18.17,-0.0354,0.000732,34.3,23.765562,86.415081
2026-06-03 09:00:00,N05,0.0753,0.006615,8.75,-0.0193,0.008236,35.8,23.765562,86.415081
2026-06-03 10:00:00,N05,0.0344,0.005639,3.91,-0.0189,0.000378,37.0,23.765562,86.415081
2026-06-03 11:00:00,N05,0.2799,0.005772,8.73,-0.0186,0.000291,37.8,23.765562,86.415081
2026-06-03 12:00:00,N05,0.0677,0.922989,32.45,-0.0195,0.004184,38.0,23.765562,86.415081
2026-06-03 13:00:00,N05,-0.1067,0.614374,15.14,-0.0102,0.001394,37.8,23.765562,86.415081
2026-06-03 14:00:00,N05,-0.0258,0.006196,6.62,-0.0167,0.003152,37.0,23.765562,86.415081
2026-06-03 15:00:00,N05,0.0701,0.005107,4.46,-0.0165,0.000596,35.8,23.765562,86.415081
2026-06-03 16:00:00,N05,0.0335,0.006466,6.61,-0.0155,0.000315,34.3,23.765562,86.415081
2026-06-03 17:00:00,N05,-0.0685,0.009359,1.4,-0.0159,1.3e-05,32.5,23.765562,86.415081
2026-06-03 18:00:00,N05,,,,,,,23.765562,86.415081
2026-06-03 19:00:00,N05,,,,,,,23.765562,86.415081
2026-06-03 20:00:00,N05,-0.1369,0.00659,9.42,-0.0151,0.000318,26.8,23.765562,86.415081
2026-06-03 21:00:00,N05,-0.134,0.00692,1.58,-0.0152,7.8e-05,25.2,23.765562,86.415081
2026-06-03 22:00:00,N05,0.3627,0.006344,1.1,-0.0149,0.000217,24.0,23.765562,86.415081
2026-06-03 23:00:00,N05,-0.3043,0.006599,4.23,-0.0147,9.3e-05,23.3,23.765562,86.415081
2026-06-04 00:00:00,N05,-0.2898,0.006415,5.94,-0.0151,0.000669,28.0,23.765562,86.415081
2026-06-04 01:00:00,N05,-0.0129,0.006099,9.1,-0.0161,0.000709,28.3,23.765562,86.415081
2026-06-04 02:00:00,N05,0.1699,0.005677,6.46,-0.0165,0.00058,29.0,23.765562,86.415081
2026-06-04 03:00:00,N05,0.0354,0.006883,2.89,-0.0172,0.000231,30.2,23.765562,86.415081
2026-06-04 04:00:00,N05,0.1361,0.006115,6.23,-0.017,5e-05,31.8,23.765562,86.415081
2026-06-04 05:00:00,N05,-0.2925,0.005641,4.31,-0.0173,0.000133,33.6,23.765562,86.415081
2026-06-04 06:00:00,N05,-0.0488,0.005847,6.92,-0.0173,0.009159,35.5,23.765562,86.415081
2026-06-04 07:00:00,N05,0.0092,0.555584,36.74,0.001,0.00926,37.5,23.765562,86.415081
2026-06-04 08:00:00,N05,-0.0621,0.952975,22.05,0.0013,0.009026,39.3,23.765562,86.415081
2026-06-04 09:00:00,N05,,,,,,,23.765562,86.415081
2026-06-04 10:00:00,N05,,,,,,,23.765562,86.415081
2026-06-04 11:00:00,N05,,,,,,,23.765562,86.415081
2026-06-04 12:00:00,N05,,,,,,,23.765562,86.415081
2026-06-04 13:00:00,N05,-0.1529,0.007597,5.92,-0.0152,0.000336,42.8,23.765562,86.415081
2026-06-04 14:00:00,N05,-0.1377,0.006608,5.17,-0.0166,0.000761,42.0,23.765562,86.415081
2026-06-04 15:00:00,N05,,,,,,,23.765562,86.415081
2026-06-04 16:00:00,N05,-0.1272,0.005584,1.87,-0.0175,0.000728,39.3,23.765562,86.415081
2026-06-04 17:00:00,N05,0.0885,0.005004,4.76,-0.0182,0.000569,37.5,23.765562,86.415081
2026-06-04 18:00:00,N05,0.2318,0.006238,7.64,-0.0187,0.000166,35.5,23.765562,86.415081
2026-06-04 19:00:00,N05,-0.0955,0.009104,9.52,-0.0185,0.000771,33.6,23.765562,86.415081
2026-06-04 20:00:00,N05,-0.0475,0.007583,8.86,-0.0171,0.000978,31.8,23.765562,86.415081
2026-06-04 21:00:00,N05,-0.0564,0.007874,1.5,-0.0166,0.000819,30.2,23.765562,86.415081
2026-06-04 22:00:00,N05,0.0372,0.006521,8.34,-0.0155,0.000347,29.0,23.765562,86.415081
2026-06-04 23:00:00,N05,-0.0212,0.005964,7.25,-0.0159,0.000214,28.3,23.765562,86.415081
2026-06-05 00:00:00,N05,-0.1592,0.005385,3.65,-0.0159,0.000137,23.7,23.765562,86.415081
2026-06-05 01:00:00,N05,0.1184,0.005913,7.83,-0.0156,7.5e-05,23.9,23.765562,86.415081
2026-06-05 02:00:00,N05,-0.0377,0.005242,3.57,-0.0161,0.000488,24.7,23.765562,86.415081
2026-06-05 03:00:00,N05,-0.0476,0.006497,6.76,-0.0166,0.000179,25.9,23.765562,86.415081
2026-06-05 04:00:00,N05,0.4186,0.00576,5.83,-0.0164,0.00024,27.4,23.765562,86.415081
2026-06-05 05:00:00,N05,0.0741,0.005534,6.91,-0.017,0.000392,29.2,23.765562,86.415081
2026-06-05 06:00:00,N05,-0.1883,0.007762,7.78,-0.0172,0.000745,31.2,23.765562,86.415081
2026-06-05 07:00:00,N05,0.1773,0.005284,9.1,-0.0185,0.000935,33.1,23.765562,86.415081
2026-06-05 08:00:00,N05,,,,,,,23.765562,86.415081
2026-06-05 09:00:00,N05,,,,,,,23.765562,86.415081
2026-06-05 10:00:00,N05,,,,,,,23.765562,86.415081
2026-06-05 11:00:00,N05,,,,,,,23.765562,86.415081
2026-06-05 12:00:00,N05,0.0478,0.0078,7.63,-0.0177,0.000159,38.7,23.765562,86.415081
2026-06-05 13:00:00,N05,-0.0398,0.005359,1.71,-0.0177,0.000271,38.4,23.765562,86.415081
2026-06-05 14:00:00,N05,-0.2339,0.008343,5.26,-0.0182,0.000166,37.7,23.765562,86.415081
2026-06-05 15:00:00,N05,-0.102,0.006394,6.04,-0.0181,0.000345,36.5,23.765562,86.415081
2026-06-05 16:00:00,N05,-0.0219,0.005574,2.86,-0.0176,0.002325,34.9,23.765562,86.415081
2026-06-05 17:00:00,N05,,,,,,,23.765562,86.415081
2026-06-05 18:00:00,N05,,,,,,,23.765562,86.415081
2026-06-05 19:00:00,N05,,,,,,,23.765562,86.415081
2026-06-05 20:00:00,N05,,,,,,,23.765562,86.415081
2026-06-05 21:00:00,N05,,,,,,,23.765562,86.415081
2026-06-05 22:00:00,N05,0.0333,0.007612,3.18,-0.0184,0.0001,24.7,23.765562,86.415081
2026-06-05 23:00:00,N05,-0.0135,0.00607,3.91,-0.0181,0.00059,23.9,23.765562,86.415081
2026-06-06 00:00:00,N05,-0.0038,0.00583,5.32,-0.0172,0.000708,26.7,23.765562,86.415081
2026-06-06 01:00:00,N05,-0.095,0.008861,4.81,-0.0167,0.000562,26.9,23.765562,86.415081
2026-06-06 02:00:00,N05,,,,,,,23.765562,86.415081
2026-06-06 03:00:00,N05,,,,,,,23.765562,86.415081
2026-06-06 04:00:00,N05,,,,,,,23.765562,86.415081
2026-06-06 05:00:00,N05,,,,,,,23.765562,86.415081
2026-06-06 06:00:00,N05,,,,,,,23.765562,86.415081
2026-06-06 07:00:00,N05,-0.1083,0.005038,7.74,-0.017,0.008519,36.1,23.765562,86.415081
2026-06-06 08:00:00,N05,0.0199,0.005525,2.78,-0.0168,0.000145,37.9,23.765562,86.415081
2026-06-06 09:00:00,N05,0.2303,0.007244,5.11,-0.0167,3.1e-05,39.5,23.765562,86.415081
2026-06-06 10:00:00,N05,0.2249,0.006666,3.24,-0.0169,1.2e-05,40.7,23.765562,86.415081
2026-06-06 11:00:00,N05,0.0919,0.007294,5.94,-0.0168,0.000109,41.4,23.765562,86.415081
2026-06-06 12:00:00,N05,,,,,,,23.765562,86.415081
2026-06-06 13:00:00,N05,,,,,,,23.765562,86.415081
2026-06-06 14:00:00,N05,0.2359,0.006331,5.51,-0.0166,0.000252,40.7,23.765562,86.415081
2026-06-06 15:00:00,N05,0.1141,0.007422,3.97,-0.0171,7.5e-05,39.5,23.765562,86.415081
2026-06-06 16:00:00,N05,0.226,0.005149,3.55,-0.0168,0.00043,37.9,23.765562,86.415081
2026-06-06 17:00:00,N05,0.1842,0.006993,3.83,-0.0162,0.000316,36.1,23.765562,86.415081
2026-06-06 18:00:00,N05,-0.0807,0.00555,5.9,-0.0161,0.000409,34.2,23.765562,86.415081
2026-06-06 19:00:00,N05,0.207,0.00784,6.86,-0.0154,0.000123,32.2,23.765562,86.415081
2026-06-06 20:00:00,N05,-0.0512,0.00662,8.2,-0.0159,0.000496,30.4,23.765562,86.415081
2026-06-06 21:00:00,N05,-0.2121,0.005127,3.73,-0.0164,0.00021,28.9,23.765562,86.415081
2026-06-06 22:00:00,N05,0.0453,0.007945,8.19,-0.0163,0.000243,27.7,23.765562,86.415081
2026-06-06 23:00:00,N05,-0.0287,0.006099,6.97,-0.0159,0.000282,26.9,23.765562,86.415081
2026-06-07 00:00:00,N05,,,,,,,23.765562,86.415081
2026-06-07 01:00:00,N05,,,,,,,23.765562,86.415081
2026-06-07 02:00:00,N05,,,,,,,23.765562,86.415081
2026-06-07 03:00:00,N05,,,,,,,23.765562,86.415081
2026-06-07 04:00:00,N05,,,,,,,23.765562,86.415081
2026-06-07 05:00:00,N05,,,,,,,23.765562,86.415081
2026-06-07 06:00:00,N05,-0.1337,0.007006,9.92,-0.0147,0.000254,34.1,23.765562,86.415081
2026-06-07 07:00:00,N05,-0.0092,0.007588,8.22,-0.0146,0.009562,36.0,23.765562,86.415081
2026-06-07 08:00:00,N05,-0.147,0.688586,28.82,-0.0338,0.00956,37.8,23.765562,86.415081
2026-06-07 09:00:00,N05,0.1048,0.674075,20.24,-0.0337,0.00973,39.4,23.765562,86.415081
2026-06-07 10:00:00,N05,0.2531,0.005327,2.04,-0.0143,0.00969,40.6,23.765562,86.415081
2026-06-07 11:00:00,N05,-0.0764,0.006235,9.47,-0.0143,0.00011,41.3,23.765562,86.415081
2026-06-07 12:00:00,N05,0.0214,0.006407,8.93,-0.0141,0.000103,41.6,23.765562,86.415081
2026-06-07 13:00:00,N05,,,,,,,23.765562,86.415081
2026-06-07 14:00:00,N05,,,,,,,23.765562,86.415081
2026-06-07 15:00:00,N05,,,,,,,23.765562,86.415081
2026-06-07 16:00:00,N05,,,,,,,23.765562,86.415081
2026-06-07 17:00:00,N05,,,,,,,23.765562,86.415081
2026-06-07 18:00:00,N05,0.0067,0.006201,3.17,-0.0134,0.000124,34.1,23.765562,86.415081
2026-06-07 19:00:00,N05,-0.1209,0.005537,7.12,-0.0133,0.000386,32.1,23.765562,86.415081
2026-06-07 20:00:00,N05,-0.2765,0.009649,3.59,-0.0142,0.000587,30.3,23.765562,86.415081
2026-06-07 21:00:00,N05,0.0319,0.007449,3.07,-0.0145,0.000521,28.8,23.765562,86.415081
2026-06-07 22:00:00,N05,0.024,0.005332,8.82,-0.0132,0.000435,27.6,23.765562,86.415081
2026-06-07 23:00:00,N05,0.0832,0.006187,7.93,-0.0136,0.000371,26.8,23.765562,86.415081
2026-06-08 00:00:00,N05,-0.0963,0.006716,9.4,-0.0139,0.000346,28.3,23.765562,86.415081
2026-06-08 01:00:00,N05,,,,,,,23.765562,86.415081
2026-06-08 02:00:00,N05,,,,,,,23.765562,86.415081
2026-06-08 03:00:00,N05,,,,,,,23.765562,86.415081
2026-06-08 04:00:00,N05,,,,,,,23.765562,86.415081
2026-06-08 05:00:00,N05,0.2161,0.006392,4.68,-0.0147,0.009033,33.8,23.765562,86.415081
2026-06-08 06:00:00,N05,0.1911,0.74512,36.03,0.0036,0.000169,35.8,23.765562,86.415081
2026-06-08 07:00:00,N05,0.0224,0.005657,8.43,-0.0144,0.008859,37.7,23.765562,86.415081
2026-06-08 08:00:00,N05,0.0798,0.007021,1.51,-0.0141,1.4e-05,39.5,23.765562,86.415081
2026-06-08 09:00:00,N05,0.0605,0.008091,5.9,-0.0144,0.000238,41.1,23.765562,86.415081
2026-06-08 10:00:00,N05,,,,,,,23.765562,86.415081
2026-06-08 11:00:00,N05,,,,,,,23.765562,86.415081
2026-06-08 12:00:00,N05,,,,,,,23.765562,86.415081
2026-06-08 13:00:00,N05,,,,,,,23.765562,86.415081
2026-06-08 14:00:00,N05,0.063,0.011517,2.67,-0.0121,0.006285,42.3,23.765562,86.415081
2026-06-08 15:00:00,N05,-0.0778,0.005761,2.95,-0.0115,0.000379,41.1,23.765562,86.415081
2026-06-08 16:00:00,N05,0.1081,0.005753,3.39,-0.0113,0.000474,39.5,23.765562,86.415081
2026-06-08 17:00:00,N05,-0.1035,0.005587,6.43,-0.0106,7.7e-05,37.7,23.765562,86.415081
2026-06-08 18:00:00,N05,0.078,0.00911,9.57,-0.0112,0.00055,35.8,23.765562,86.415081
2026-06-08 19:00:00,N05,-0.0996,0.00544,6.4,-0.0117,0.000328,33.8,23.765562,86.415081
2026-06-08 20:00:00,N05,-0.1283,0.005766,7.0,-0.0118,0.000655,32.0,23.765562,86.415081
2026-06-08 21:00:00,N05,-0.1173,0.006861,4.3,-0.013,0.00067,30.5,23.765562,86.415081
2026-06-08 22:00:00,N05,0.0935,0.007038,8.81,-0.0132,0.000246,29.3,23.765562,86.415081
2026-06-08 23:00:00,N05,0.2282,0.005943,4.07,-0.0125,0.000397,28.5,23.765562,86.415081
2026-06-09 00:00:00,N05,0.0304,0.00691,5.81,-0.0124,5.9e-05,23.6,23.765562,86.415081
2026-06-09 01:00:00,N05,,,,,,,23.765562,86.415081
2026-06-09 02:00:00,N05,-0.0642,0.005585,6.8,-0.0123,0.000229,24.6,23.765562,86.415081
2026-06-09 03:00:00,N05,-0.0761,0.006849,2.06,-0.0122,2e-06,25.8,23.765562,86.415081
2026-06-09 04:00:00,N05,0.0323,0.00782,1.07,-0.0123,6.6e-05,27.4,23.765562,86.415081
2026-06-09 05:00:00,N05,0.2424,0.007176,1.75,-0.0123,0.000214,29.2,23.765562,86.415081
2026-06-09 06:00:00,N05,-0.0709,0.005892,1.92,-0.0119,0.000217,31.1,23.765562,86.415081
2026-06-09 07:00:00,N05,-0.0372,0.008579,3.68,-0.0119,0.007573,33.0,23.765562,86.415081
2026-06-09 08:00:00,N05,-0.196,0.690695,16.72,0.0033,0.000185,34.9,23.765562,86.415081
2026-06-09 09:00:00,N05,0.2507,0.009215,6.33,-0.0122,0.007881,36.4,23.765562,86.415081
2026-06-09 10:00:00,N05,0.3347,0.007306,9.32,-0.0125,0.000495,37.6,23.765562,86.415081
2026-06-09 11:00:00,N05,-0.0008,0.008801,8.33,-0.0112,0.000378,38.3,23.765562,86.415081
2026-06-09 12:00:00,N05,0.1579,0.007607,8.66,-0.0117,0.000338,38.6,23.765562,86.415081
2026-06-09 13:00:00,N05,,,,,,,23.765562,86.415081
2026-06-09 14:00:00,N05,,,,,,,23.765562,86.415081
2026-06-09 15:00:00,N05,0.1804,0.871539,45.16,-0.0063,0.002629,36.4,23.765562,86.415081
2026-06-09 16:00:00,N05,0.1371,0.006584,5.32,-0.0119,0.002565,34.9,23.765562,86.415081
2026-06-09 17:00:00,N05,0.2822,0.007729,2.61,-0.0114,0.000322,33.0,23.765562,86.415081
2026-06-09 18:00:00,N05,0.1341,0.008486,9.78,-0.0113,1e-05,31.1,23.765562,86.415081
2026-06-09 19:00:00,N05,-0.1591,0.005011,1.81,-0.0114,0.000199,29.2,23.765562,86.415081
2026-06-09 20:00:00,N05,0.2383,0.00627,9.95,-0.0117,0.000181,27.4,23.765562,86.415081
2026-06-09 21:00:00,N05,0.1774,0.00647,9.8,-0.0118,0.000389,25.8,23.765562,86.415081
2026-06-09 22:00:00,N05,0.0932,0.006673,3.76,-0.0124,2e-05,24.6,23.765562,86.415081
2026-06-09 23:00:00,N05,0.0858,0.005438,6.49,-0.0118,0.000855,23.9,23.765562,86.415081
2026-06-10 00:00:00,N05,-0.0589,0.006656,9.13,-0.0107,0.000527,25.7,23.765562,86.415081
2026-06-10 01:00:00,N05,0.1945,0.008066,2.58,-0.0107,0.000361,25.9,23.765562,86.415081
2026-06-10 02:00:00,N05,-0.0063,0.006632,5.79,-0.01,0.000269,26.7,23.765562,86.415081
2026-06-10 03:00:00,N05,0.0219,0.008086,2.94,-0.0102,0.000233,27.9,23.765562,86.415081
2026-06-10 04:00:00,N05,-0.0184,0.006251,6.75,-0.0105,5.5e-05,29.4,23.765562,86.415081
2026-06-10 05:00:00,N05,-0.0448,0.007424,7.14,-0.0103,0.000429,31.2,23.765562,86.415081
2026-06-10 06:00:00,N05,0.067,0.006018,7.64,-0.0096,0.091537,33.2,23.765562,86.415081
2026-06-10 07:00:00,N05,,,,,,,23.765562,86.415081
2026-06-10 08:00:00,N05,,,,,,,23.765562,86.415081
2026-06-10 09:00:00,N05,,,,,,,23.765562,86.415081
2026-06-10 10:00:00,N05,,,,,,,23.765562,86.415081
2026-06-10 11:00:00,N05,0.0779,0.008166,2.31,1.0635,0.230417,40.4,23.765562,86.415081
2026-06-10 12:00:00,N05,,,,,,,23.765562,86.415081
2026-06-10 13:00:00,N05,,,,,,,23.765562,86.415081
2026-06-10 14:00:00,N05,,,,,,,23.765562,86.415081
2026-06-10 15:00:00,N05,,,,,,,23.765562,86.415081
2026-06-10 16:00:00,N05,0.0806,0.009481,3.23,2.1697,0.226599,36.9,23.765562,86.415081
2026-06-10 17:00:00,N05,-0.0601,0.581898,36.24,2.4026,0.219562,35.1,23.765562,86.415081
2026-06-10 18:00:00,N05,0.0021,0.006966,2.06,2.6088,0.212325,33.2,23.765562,86.415081
2026-06-10 19:00:00,N05,0.0387,0.009034,2.21,2.8272,0.218615,31.2,23.765562,86.415081
2026-06-10 20:00:00,N05,-0.029,0.006995,2.64,3.046,0.218701,29.4,23.765562,86.415081
2026-06-10 21:00:00,N05,-0.1614,0.006786,6.61,3.2646,0.218146,27.9,23.765562,86.415081
2026-06-10 22:00:00,N05,-0.1912,0.007633,3.47,3.4823,0.217649,26.7,23.765562,86.415081
2026-06-10 23:00:00,N05,0.0294,0.007764,6.23,3.6999,0.217426,25.9,23.765562,86.415081
2026-06-11 00:00:00,N05,-0.0676,0.007431,1.98,3.9172,0.217176,24.0,23.765562,86.415081
2026-06-11 01:00:00,N05,-0.1252,0.006804,6.03,4.1343,0.216835,24.2,23.765562,86.415081
2026-06-11 02:00:00,N05,0.106,0.009726,9.73,4.3508,0.216181,25.0,23.765562,86.415081
2026-06-11 03:00:00,N05,0.1164,0.009868,4.86,4.5666,0.2162,26.2,23.765562,86.415081
2026-06-11 04:00:00,N05,-0.264,0.010097,4.62,4.7832,0.216036,27.7,23.765562,86.415081
2026-06-11 05:00:00,N05,-0.0912,0.010606,3.35,4.9987,0.210616,29.5,23.765562,86.415081
2026-06-11 06:00:00,N05,0.3315,0.740457,25.68,5.2045,0.215455,31.5,23.765562,86.415081
2026-06-11 07:00:00,N05,,,,,,,23.765562,86.415081
2026-06-11 08:00:00,N05,,,,,,,23.765562,86.415081
2026-06-11 09:00:00,N05,0.1134,0.888764,38.32,5.8446,0.220712,36.8,23.765562,86.415081
2026-06-11 10:00:00,N05,,,,,,,23.765562,86.415081
2026-06-11 11:00:00,N05,0.2025,0.627104,28.86,6.2932,0.21274,38.7,23.765562,86.415081
2026-06-11 12:00:00,N05,0.2426,0.007935,8.22,6.4975,0.20839,39.0,23.765562,86.415081
2026-06-11 13:00:00,N05,,,,,,,23.765562,86.415081
2026-06-11 14:00:00,N05,,,,,,,23.765562,86.415081
2026-06-11 15:00:00,N05,0.3069,0.00794,4.13,7.1345,0.211358,36.8,23.765562,86.415081
2026-06-11 16:00:00,N05,0.0826,0.009253,2.27,7.3454,0.210734,35.2,23.765562,86.415081
2026-06-11 17:00:00,N05,0.167,0.007085,9.34,7.5559,0.210625,33.4,23.765562,86.415081
2026-06-11 18:00:00,N05,0.0811,0.00729,4.54,7.7667,0.210555,31.5,23.765562,86.415081
2026-06-11 19:00:00,N05,-0.0269,0.008058,7.18,7.977,0.210487,29.5,23.765562,86.415081
2026-06-11 20:00:00,N05,-0.0877,0.009632,3.64,8.1877,0.209772,27.7,23.765562,86.415081
2026-06-11 21:00:00,N05,0.1164,0.010444,9.29,8.3966,0.209196,26.2,23.765562,86.415081
2026-06-11 22:00:00,N05,0.0011,0.008698,4.41,8.6061,0.209003,25.0,23.765562,86.415081
2026-06-11 23:00:00,N05,,,,,,,23.765562,86.415081
2026-06-12 00:00:00,N05,-0.1713,0.008707,9.09,9.0228,0.208223,24.4,23.765562,86.415081
2026-06-12 01:00:00,N05,-0.1736,0.008348,1.24,9.231,0.207834,24.7,23.765562,86.415081
2026-06-12 02:00:00,N05,-0.0136,0.007662,4.71,9.4385,0.207335,25.4,23.765562,86.415081
2026-06-12 03:00:00,N05,-0.1157,0.008064,9.97,9.6457,0.207035,26.6,23.765562,86.415081
2026-06-12 04:00:00,N05,-0.0466,0.007771,9.06,9.8525,0.206681,28.2,23.765562,86.415081
2026-06-12 05:00:00,N05,0.0865,0.010449,8.23,10.0591,0.206272,30.0,23.765562,86.415081
2026-06-12 06:00:00,N05,-0.0555,0.009085,4.17,10.2651,0.20576,31.9,23.765562,86.415081
2026-06-12 07:00:00,N05,-0.0472,0.009756,5.26,10.4706,0.205834,33.9,23.765562,86.415081
2026-06-12 08:00:00,N05,-0.0238,0.007063,1.87,10.6768,0.205052,35.7,23.765562,86.415081
2026-06-12 09:00:00,N05,-0.1688,0.007046,3.81,10.8807,0.204536,37.2,23.765562,86.415081
2026-06-12 10:00:00,N05,-0.1629,0.006925,1.13,11.0858,0.204345,38.4,23.765562,86.415081
2026-06-12 11:00:00,N05,0.2559,0.009691,7.96,11.2894,0.20414,39.2,23.765562,86.415081
2026-06-12 12:00:00,N05,-0.0048,0.009444,8.01,11.4941,0.203971,39.4,23.765562,86.415081
2026-06-12 13:00:00,N05,0.1271,0.009484,1.36,11.6973,0.202831,39.2,23.765562,86.415081
2026-06-12 14:00:00,N05,0.216,0.009522,9.86,11.8998,0.202884,38.4,23.765562,86.415081
2026-06-12 15:00:00,N05,0.0558,0.009317,1.57,12.1031,0.212823,37.2,23.765562,86.415081
2026-06-12 16:00:00,N05,0.1883,0.604461,45.47,12.3254,0.204759,35.7,23.765562,86.415081
2026-06-12 17:00:00,N05,0.044,0.552634,31.77,12.5126,0.191951,33.9,23.765562,86.415081
2026-06-12 18:00:00,N05,-0.0034,0.007947,6.26,12.7093,0.199286,31.9,23.765562,86.415081
2026-06-12 19:00:00,N05,-0.0312,0.007742,7.01,12.9112,0.201338,30.0,23.765562,86.415081
2026-06-12 20:00:00,N05,-0.2255,0.012632,3.56,13.112,0.20072,28.2,23.765562,86.415081
2026-06-12 21:00:00,N05,-0.1204,0.008623,8.52,13.3126,0.200651,26.6,23.765562,86.415081
2026-06-12 22:00:00,N05,0.0641,0.007557,7.68,13.5133,0.200425,25.4,23.765562,86.415081
2026-06-12 23:00:00,N05,,,,,,,23.765562,86.415081
2026-06-13 00:00:00,N05,,,,,,,23.765562,86.415081
2026-06-13 01:00:00,N05,-0.2669,0.007234,1.83,14.111,0.198882,24.9,23.765562,86.415081
2026-06-13 02:00:00,N05,-0.2003,0.008009,7.04,14.3103,0.199525,25.7,23.765562,86.415081
2026-06-13 03:00:00,N05,-0.0017,0.009305,5.37,14.51,0.198561,26.9,23.765562,86.415081
2026-06-13 04:00:00,N05,,,,,,,23.765562,86.415081
2026-06-13 05:00:00,N05,,,,,,,23.765562,86.415081
2026-06-13 06:00:00,N05,,,,,,,23.765562,86.415081
2026-06-13 07:00:00,N05,0.1394,0.778138,28.51,15.2861,0.192821,34.1,23.765562,86.415081
2026-06-13 08:00:00,N05,-0.0606,0.772441,26.77,15.4886,0.207306,35.9,23.765562,86.415081
2026-06-13 09:00:00,N05,0.2401,0.618741,16.9,15.7007,0.204026,37.5,23.765562,86.415081
2026-06-13 10:00:00,N05,-0.2768,0.610735,23.16,15.8966,0.191897,38.7,23.765562,86.415081
2026-06-13 11:00:00,N05,0.2242,0.011214,3.59,16.0845,0.191385,39.4,23.765562,86.415081
2026-06-13 12:00:00,N05,-0.2754,0.007835,3.86,16.2794,0.194646,39.7,23.765562,86.415081
2026-06-13 13:00:00,N05,-0.0015,0.009097,7.6,16.4738,0.19445,39.4,23.765562,86.415081
2026-06-13 14:00:00,N05,-0.1121,0.007961,3.33,16.6683,0.195173,38.7,23.765562,86.415081
2026-06-13 15:00:00,N05,0.1279,0.007076,7.47,16.8641,0.195082,37.5,23.765562,86.415081
2026-06-13 16:00:00,N05,0.0616,0.008265,4.08,17.0584,0.194068,35.9,23.765562,86.415081
2026-06-13 17:00:00,N05,-0.1389,0.008866,3.66,17.2523,0.193578,34.1,23.765562,86.415081
2026-06-13 18:00:00,N05,0.0109,0.012014,3.89,17.4456,0.193551,32.2,23.765562,86.415081
2026-06-13 19:00:00,N05,0.0136,0.007161,7.02,17.6394,0.192913,30.2,23.765562,86.415081
2026-06-13 20:00:00,N05,,,,,,,23.765562,86.415081
2026-06-13 21:00:00,N05,,,,,,,23.765562,86.415081
2026-06-13 22:00:00,N05,,,,,,,23.765562,86.415081
2026-06-13 23:00:00,N05,,,,,,,23.765562,86.415081
2026-06-14 00:00:00,N05,0.2803,0.006571,5.07,18.5989,0.190822,26.3,23.765562,86.415081
2026-06-14 01:00:00,N05,0.0017,0.010159,9.91,18.79,0.191043,26.5,23.765562,86.415081
2026-06-14 02:00:00,N05,-0.0616,0.007299,6.29,18.981,0.190862,27.3,23.765562,86.415081
2026-06-14 03:00:00,N05,0.0036,0.009889,6.02,19.1717,0.190041,28.5,23.765562,86.415081
2026-06-14 04:00:00,N05,-0.1679,0.009195,4.88,19.3611,0.18962,30.0,23.765562,86.415081
2026-06-14 05:00:00,N05,-0.1731,0.007584,4.2,19.5509,0.189756,31.8,23.765562,86.415081
2026-06-14 06:00:00,N05,-0.133,0.008575,5.08,19.7406,0.189614,33.8,23.765562,86.415081
2026-06-14 07:00:00,N05,0.0844,0.008002,5.94,19.9302,0.189088,35.7,23.765562,86.415081
2026-06-14 08:00:00,N05,-0.2074,0.00695,4.51,20.1188,0.184896,37.5,23.765562,86.415081
2026-06-14 09:00:00,N05,0.0104,0.574563,20.91,20.3,0.184212,39.1,23.765562,86.415081
2026-06-14 10:00:00,N05,0.0376,0.66079,27.97,20.4872,0.190869,40.2,23.765562,86.415081
2026-06-14 11:00:00,N05,-0.0751,0.00799,9.09,20.6817,0.190768,41.0,23.765562,86.415081
2026-06-14 12:00:00,N05,-0.1375,0.007933,1.09,20.8687,0.186907,41.3,23.765562,86.415081
2026-06-14 13:00:00,N05,0.0414,0.007018,1.03,21.0555,0.186988,41.0,23.765562,86.415081
2026-06-14 14:00:00,N05,-0.0427,0.00792,4.91,21.2427,0.186822,40.2,23.765562,86.415081
2026-06-14 15:00:00,N05,-0.1218,0.007787,6.42,21.4292,0.186015,39.1,23.765562,86.415081
2026-06-14 16:00:00,N05,-0.2077,0.006832,1.23,21.6147,0.186195,37.5,23.765562,86.415081
2026-06-14 17:00:00,N05,0.2172,0.008061,2.22,21.8015,0.186724,35.7,23.765562,86.415081
2026-06-14 18:00:00,N05,0.1209,0.007978,4.57,21.9882,0.186389,33.8,23.765562,86.415081
2026-06-14 19:00:00,N05,0.0647,0.008228,2.73,22.1743,0.185964,31.8,23.765562,86.415081
2026-06-14 20:00:00,N05,-0.0181,0.008461,6.95,22.3601,0.184974,30.0,23.765562,86.415081
2026-06-14 21:00:00,N05,-0.0199,0.007094,3.09,22.5443,0.184028,28.5,23.765562,86.415081
2026-06-14 22:00:00,N05,0.2071,0.009615,8.94,22.7282,0.184181,27.3,23.765562,86.415081
2026-06-14 23:00:00,N05,0.1196,0.00786,7.36,22.9126,0.184094,26.5,23.765562,86.415081
2026-06-15 00:00:00,N05,-0.0584,0.009063,7.49,23.0964,0.183683,26.1,23.765562,86.415081
2026-06-15 01:00:00,N05,,,,,,,23.765562,86.415081
2026-06-15 02:00:00,N05,,,,,,,23.765562,86.415081
2026-06-15 03:00:00,N05,0.031,0.007202,2.01,23.6471,0.182824,28.3,23.765562,86.415081
2026-06-15 04:00:00,N05,0.058,0.006473,2.21,23.8291,0.182849,29.9,23.765562,86.415081
2026-06-15 05:00:00,N05,,,,,,,23.765562,86.415081
2026-06-15 06:00:00,N05,-0.0611,0.007884,4.13,24.1958,0.182546,33.6,23.765562,86.415081
2026-06-15 07:00:00,N05,0.0154,0.008653,1.9,24.3779,0.182001,35.6,23.765562,86.415081
2026-06-15 08:00:00,N05,-0.13,0.008283,4.68,24.5598,0.182126,37.4,23.765562,86.415081
2026-06-15 09:00:00,N05,-0.0013,0.006811,3.35,24.7422,0.18159,38.9,23.765562,86.415081
2026-06-15 10:00:00,N05,-0.0381,0.009177,5.15,24.923,0.187693,40.1,23.765562,86.415081
2026-06-15 11:00:00,N05,-0.3531,0.686584,49.67,25.1175,0.187414,40.9,23.765562,86.415081
2026-06-15 12:00:00,N05,-0.3687,0.572521,28.78,25.2978,0.17294,41.1,23.765562,86.415081
2026-06-15 13:00:00,N05,0.1887,0.007029,6.23,25.4634,0.17258,40.9,23.765562,86.415081
2026-06-15 14:00:00,N05,-0.1087,0.008299,2.1,25.643,0.179216,40.1,23.765562,86.415081
2026-06-15 15:00:00,N05,-0.1014,0.007933,8.51,25.8219,0.179172,38.9,23.765562,86.415081
2026-06-15 16:00:00,N05,-0.1702,0.007009,8.74,26.0013,0.178989,37.4,23.765562,86.415081
2026-06-15 17:00:00,N05,0.064,0.007348,8.27,26.1798,0.177925,35.6,23.765562,86.415081
2026-06-15 18:00:00,N05,0.0616,0.009571,2.42,26.3572,0.178177,33.6,23.765562,86.415081
2026-06-15 19:00:00,N05,-0.0115,0.00695,9.69,26.5362,0.178017,31.7,23.765562,86.415081
2026-06-15 20:00:00,N05,-0.0201,0.00668,9.99,26.7132,0.177109,29.9,23.765562,86.415081
2026-06-15 21:00:00,N05,0.1191,0.0072,4.18,26.8904,0.177,28.3,23.765562,86.415081
2026-06-15 22:00:00,N05,-0.1595,0.008037,8.21,27.0672,0.17654,27.1,23.765562,86.415081
2026-06-15 23:00:00,N05,0.0255,0.007603,3.75,27.2435,0.176492,26.4,23.765562,86.415081
2026-06-16 00:00:00,N05,-0.1504,0.00655,6.27,27.4202,0.176615,24.5,23.765562,86.415081
2026-06-16 01:00:00,N05,-0.2913,0.006635,1.84,27.5967,0.175787,24.7,23.765562,86.415081
2026-06-16 02:00:00,N05,-0.2152,0.007263,9.71,27.7718,0.175022,25.5,23.765562,86.415081
2026-06-16 03:00:00,N05,0.0351,0.007411,2.8,27.9468,0.175146,26.7,23.765562,86.415081
2026-06-16 04:00:00,N05,-0.089,0.007149,7.31,28.122,0.17482,28.2,23.765562,86.415081
2026-06-16 05:00:00,N05,0.0727,0.008567,8.51,28.2964,0.174037,30.0,23.765562,86.415081
2026-06-16 06:00:00,N05,-0.0775,0.011606,8.24,28.4701,0.173901,32.0,23.765562,86.415081
2026-06-16 07:00:00,N05,-0.1464,0.009908,3.72,28.6442,0.173534,33.9,23.765562,86.415081
2026-06-16 08:00:00,N05,0.1215,0.007585,5.16,28.8172,0.169341,35.7,23.765562,86.415081
2026-06-16 09:00:00,N05,0.0146,0.990541,30.47,28.9829,0.167573,37.3,23.765562,86.415081
2026-06-16 10:00:00,N05,-0.3631,0.705475,41.23,29.1523,0.170541,38.5,23.765562,86.415081
2026-06-16 11:00:00,N05,-0.0803,0.715488,49.37,29.324,0.176187,39.2,23.765562,86.415081
2026-06-16 12:00:00,N05,-0.0434,0.007021,4.36,29.5047,0.171144,39.5,23.765562,86.415081
2026-06-16 13:00:00,N05,-0.1494,0.740826,22.69,29.6663,0.166555,39.2,23.765562,86.415081
2026-06-16 14:00:00,N05,0.0009,0.61556,37.94,29.8378,0.175692,38.5,23.765562,86.415081
2026-06-16 15:00:00,N05,-0.2872,0.010983,3.78,30.0176,0.175138,37.3,23.765562,86.415081
2026-06-16 16:00:00,N05,0.0426,0.007126,8.67,30.1881,0.170156,35.7,23.765562,86.415081
2026-06-16 17:00:00,N05,0.0906,0.007044,2.29,30.3579,0.170187,33.9,23.765562,86.415081
2026-06-16 18:00:00,N05,-0.152,0.006611,7.23,30.5285,0.170855,32.0,23.765562,86.415081
2026-06-16 19:00:00,N05,-0.0256,0.00773,2.89,30.6997,0.170589,30.0,23.765562,86.415081
2026-06-16 20:00:00,N05,,,,,,,23.765562,86.415081
2026-06-16 21:00:00,N05,,,,,,,23.765562,86.415081
2026-06-16 22:00:00,N05,-0.1151,0.007312,3.72,31.2087,0.168734,25.5,23.765562,86.415081
2026-06-16 23:00:00,N05,0.0931,0.007357,3.01,31.3769,0.16862,24.7,23.765562,86.415081
2026-06-17 00:00:00,N05,0.0275,0.006872,8.56,31.5459,0.168135,23.1,23.765562,86.415081
2026-06-17 01:00:00,N05,-0.2132,0.007976,6.68,31.7131,0.167166,23.3,23.765562,86.415081
2026-06-17 02:00:00,N05,-0.3433,0.010069,3.45,31.8803,0.1671,24.1,23.765562,86.415081
2026-06-17 03:00:00,N05,-0.218,0.007155,3.81,32.0473,0.167078,25.3,23.765562,86.415081
2026-06-17 04:00:00,N05,-0.1589,0.012902,4.5,32.2144,0.166661,26.8,23.765562,86.415081
2026-06-17 05:00:00,N05,-0.5101,0.006443,8.6,32.3807,0.165992,28.6,23.765562,86.415081
2026-06-17 06:00:00,N05,-0.4771,0.006869,4.39,32.5464,0.166102,30.6,23.765562,86.415081
2026-06-17 07:00:00,N05,-0.1454,0.007238,4.52,32.7129,0.160561,32.5,23.765562,86.415081
2026-06-17 08:00:00,N05,-0.0035,0.773782,42.35,32.8675,0.160287,34.3,23.765562,86.415081
2026-06-17 09:00:00,N05,-0.2706,0.634021,39.9,33.0334,0.171282,35.9,23.765562,86.415081
2026-06-17 10:00:00,N05,-0.1231,0.006392,7.75,33.2101,0.180234,37.1,23.765562,86.415081
2026-06-17 11:00:00,N05,0.1755,0.728683,42.39,33.3939,0.16498,37.8,23.765562,86.415081
2026-06-17 12:00:00,N05,0.0371,0.009582,7.27,33.54,0.155786,38.1,23.765562,86.415081
2026-06-17 13:00:00,N05,-0.0659,0.008665,3.01,33.7055,0.164188,37.8,23.765562,86.415081
2026-06-17 14:00:00,N05,0.0671,0.007885,3.85,33.8684,0.163751,37.1,23.765562,86.415081
2026-06-17 15:00:00,N05,0.1361,0.007499,9.41,34.033,0.164154,35.9,23.765562,86.415081
2026-06-17 16:00:00,N05,-0.1681,0.007841,1.31,34.1967,0.163623,34.3,23.765562,86.415081
2026-06-17 17:00:00,N05,0.0099,0.008171,4.36,34.3602,0.163365,32.5,23.765562,86.415081
2026-06-17 18:00:00,N05,0.0206,0.007689,9.81,34.5235,0.163361,30.6,23.765562,86.415081
2026-06-17 19:00:00,N05,-0.1183,0.008808,6.78,34.687,0.162944,28.6,23.765562,86.415081
2026-06-17 20:00:00,N05,-0.2229,0.006962,2.57,34.8493,0.162067,26.8,23.765562,86.415081
2026-06-17 21:00:00,N05,-0.3625,0.006937,6.16,35.0111,0.161859,25.3,23.765562,86.415081
2026-06-17 22:00:00,N05,0.2436,0.006497,9.07,35.1731,0.162009,24.1,23.765562,86.415081
2026-06-17 23:00:00,N05,-0.2351,0.008348,2.65,35.3351,0.161753,23.3,23.765562,86.415081
2026-06-18 00:00:00,N05,-0.3219,0.007125,2.01,35.4966,0.161578,26.4,23.765562,86.415081
2026-06-18 01:00:00,N05,-0.0858,0.006822,5.23,35.6583,0.161594,26.6,23.765562,86.415081
2026-06-18 02:00:00,N05,-0.1451,0.008082,8.01,35.8198,0.161696,27.4,23.765562,86.415081
2026-06-18 03:00:00,N05,,,,,,,23.765562,86.415081
2026-06-18 04:00:00,N05,,,,,,,23.765562,86.415081
2026-06-18 05:00:00,N05,,,,,,,23.765562,86.415081
2026-06-18 06:00:00,N05,-0.223,0.009637,8.32,36.4648,0.160827,33.9,23.765562,86.415081
2026-06-18 07:00:00,N05,-0.1102,0.009246,6.23,36.6258,0.160482,35.8,23.765562,86.415081
2026-06-18 08:00:00,N05,-0.2274,0.008964,5.12,36.7858,0.144553,37.6,23.765562,86.415081
2026-06-18 09:00:00,N05,0.0545,0.742746,21.14,36.9149,0.153087,39.2,23.765562,86.415081
2026-06-18 10:00:00,N05,0.0619,0.64985,37.99,37.0919,0.17454,40.4,23.765562,86.415081
2026-06-18 11:00:00,N05,-0.0297,0.007505,7.64,37.264,0.165041,41.1,23.765562,86.415081
2026-06-18 12:00:00,N05,0.1123,0.009234,1.8,37.422,0.157994,41.4,23.765562,86.415081
2026-06-18 13:00:00,N05,,,,,,,23.765562,86.415081
2026-06-18 14:00:00,N05,,,,,,,23.765562,86.415081
2026-06-18 15:00:00,N05,,,,,,,23.765562,86.415081
2026-06-18 16:00:00,N05,-0.0117,0.008021,2.75,38.0544,0.16615,37.6,23.765562,86.415081
2026-06-18 17:00:00,N05,0.0746,0.820746,35.86,38.2284,0.165092,35.8,23.765562,86.415081
2026-06-18 18:00:00,N05,-0.0964,0.936573,29.7,38.3846,0.148218,33.9,23.765562,86.415081
2026-06-18 19:00:00,N05,-0.3279,0.006854,7.07,38.5249,0.148322,31.9,23.765562,86.415081
2026-06-18 20:00:00,N05,0.0639,0.007589,7.94,38.6812,0.156214,30.1,23.765562,86.415081
2026-06-18 21:00:00,N05,0.0122,0.00691,2.82,38.8373,0.155799,28.6,23.765562,86.415081
2026-06-18 22:00:00,N05,-0.022,0.00875,3.79,38.9928,0.156081,27.4,23.765562,86.415081
2026-06-18 23:00:00,N05,-0.0018,0.007115,6.1,39.1494,0.15604,26.6,23.765562,86.415081
2026-06-19 00:00:00,N05,0.063,0.007484,6.49,39.3049,0.15487,25.0,23.765562,86.415081
2026-06-19 01:00:00,N05,0.0086,0.006599,1.58,39.4592,0.154063,25.3,23.765562,86.415081
2026-06-19 02:00:00,N05,-0.0319,0.00681,2.94,39.6131,0.154295,26.0,23.765562,86.415081
2026-06-19 03:00:00,N05,-0.1404,0.006421,8.01,39.7678,0.154521,27.2,23.765562,86.415081
2026-06-19 04:00:00,N05,0.0355,0.008174,9.12,39.9221,0.153966,28.8,23.765562,86.415081
2026-06-19 05:00:00,N05,-0.206,0.007545,4.74,40.0757,0.153349,30.6,23.765562,86.415081
2026-06-19 06:00:00,N05,-0.1506,0.006435,3.18,40.2288,0.147798,32.5,23.765562,86.415081
2026-06-19 07:00:00,N05,0.0113,0.702251,38.41,40.3713,0.153437,34.5,23.765562,86.415081
2026-06-19 08:00:00,N05,-0.2151,0.007899,1.6,40.5357,0.158893,36.3,23.765562,86.415081
2026-06-19 09:00:00,N05,0.2044,0.006396,4.98,40.6891,0.152768,37.8,23.765562,86.415081
2026-06-19 10:00:00,N05,0.1949,0.007136,3.14,40.8412,0.152191,39.0,23.765562,86.415081
2026-06-19 11:00:00,N05,0.1712,0.006962,2.63,40.9935,0.151946,39.8,23.765562,86.415081
2026-06-19 12:00:00,N05,-0.1139,0.007558,1.6,41.1451,0.151772,40.0,23.765562,86.415081
2026-06-19 13:00:00,N05,,,,,,,23.765562,86.415081
2026-06-19 14:00:00,N05,,,,,,,23.765562,86.415081
2026-06-19 15:00:00,N05,,,,,,,23.765562,86.415081
2026-06-19 16:00:00,N05,,,,,,,23.765562,86.415081
2026-06-19 17:00:00,N05,,,,,,,23.765562,86.415081
2026-06-19 18:00:00,N05,0.0313,0.00705,5.07,42.0488,0.150035,32.5,23.765562,86.415081
2026-06-19 19:00:00,N05,-0.0507,0.006593,7.91,42.1993,0.150249,30.6,23.765562,86.415081
2026-06-19 20:00:00,N05,-0.3491,0.00884,7.43,42.3493,0.146493,28.8,23.765562,86.415081
2026-06-19 21:00:00,N05,0.021,0.008202,7.1,42.4923,0.14579,27.2,23.765562,86.415081
2026-06-19 22:00:00,N05,-0.3336,0.00802,7.29,42.6409,0.148779,26.0,23.765562,86.415081
2026-06-19 23:00:00,N05,-0.0727,0.007668,7.73,42.7898,0.148608,25.3,23.765562,86.415081
2026-06-20 00:00:00,N05,-0.1559,0.009204,6.54,42.9381,0.14815,27.1,23.765562,86.415081
2026-06-20 01:00:00,N05,-0.2656,0.008285,3.95,43.0861,0.147866,27.3,23.765562,86.415081
2026-06-20 02:00:00,N05,-0.0497,0.006998,2.6,43.2338,0.147368,28.1,23.765562,86.415081
2026-06-20 03:00:00,N05,-0.0497,0.009815,3.68,43.3809,0.147236,29.3,23.765562,86.415081
2026-06-20 04:00:00,N05,-0.1477,0.006204,7.25,43.5283,0.14742,30.8,23.765562,86.415081
2026-06-20 05:00:00,N05,-0.0593,0.006245,3.28,43.6757,0.147262,32.6,23.765562,86.415081
2026-06-20 06:00:00,N05,0.2417,0.006452,5.34,43.8228,0.146655,34.6,23.765562,86.415081
2026-06-20 07:00:00,N05,-0.106,0.008195,1.84,43.969,0.143589,36.5,23.765562,86.415081
2026-06-20 08:00:00,N05,-0.0532,0.563914,45.99,44.11,0.143414,38.3,23.765562,86.415081
2026-06-20 09:00:00,N05,-0.0738,0.622512,30.95,44.2559,0.148864,39.9,23.765562,86.415081
2026-06-20 10:00:00,N05,-0.2983,0.00905,8.71,44.4077,0.148467,41.1,23.765562,86.415081
2026-06-20 11:00:00,N05,-0.1681,0.008482,9.61,44.5528,0.14472,41.8,23.765562,86.415081
2026-06-20 12:00:00,N05,-0.1261,0.007584,4.09,44.6971,0.144612,42.1,23.765562,86.415081
2026-06-20 13:00:00,N05,-0.1026,0.008857,2.96,44.842,0.144833,41.8,23.765562,86.415081
2026-06-20 14:00:00,N05,0.0252,0.010222,5.05,44.9868,0.144427,41.1,23.765562,86.415081
2026-06-20 15:00:00,N05,-0.074,0.006465,8.97,45.1309,0.14417,39.9,23.765562,86.415081
2026-06-20 16:00:00,N05,0.3667,0.007614,6.72,45.2752,0.144207,38.3,23.765562,86.415081
2026-06-20 17:00:00,N05,-0.0123,0.007781,8.27,45.4193,0.144062,36.5,23.765562,86.415081
2026-06-20 18:00:00,N05,-0.0298,0.008599,4.18,45.5633,0.143493,34.6,23.765562,86.415081
2026-06-20 19:00:00,N05,-0.0331,0.006223,4.41,45.7063,0.142584,32.6,23.765562,86.415081
2026-06-20 20:00:00,N05,-0.2389,0.006342,4.64,45.8484,0.142844,30.8,23.765562,86.415081
2026-06-20 21:00:00,N05,-0.2382,0.00692,8.36,45.992,0.142803,29.3,23.765562,86.415081
2026-06-20 22:00:00,N05,-0.1248,0.006432,5.6,46.1341,0.142224,28.1,23.765562,86.415081
2026-06-20 23:00:00,N05,0.1151,0.007846,5.82,46.2764,0.142338,27.3,23.765562,86.415081
2026-06-21 00:00:00,N05,,,,,,,23.765562,86.415081
2026-06-21 01:00:00,N05,,,,,,,23.765562,86.415081
2026-06-21 02:00:00,N05,,,,,,,23.765562,86.415081
2026-06-21 03:00:00,N05,,,,,,,23.765562,86.415081
2026-06-21 04:00:00,N05,,,,,,,23.765562,86.415081
2026-06-21 05:00:00,N05,-0.2729,0.011543,7.28,47.1252,0.141019,30.7,23.765562,86.415081
2026-06-21 06:00:00,N05,-0.1355,0.006977,3.68,47.2665,0.140516,32.6,23.765562,86.415081
2026-06-21 07:00:00,N05,-0.2169,0.006263,6.83,47.4062,0.142687,34.6,23.765562,86.415081
2026-06-21 08:00:00,N05,,,,,,,23.765562,86.415081
2026-06-21 09:00:00,N05,,,,,,,23.765562,86.415081
2026-06-21 10:00:00,N05,,,,,,,23.765562,86.415081
2026-06-21 11:00:00,N05,,,,,,,23.765562,86.415081
2026-06-21 12:00:00,N05,,,,,,,23.765562,86.415081
2026-06-21 13:00:00,N05,-0.0534,0.007493,3.88,48.2429,0.132962,39.9,23.765562,86.415081
2026-06-21 14:00:00,N05,-0.056,0.008578,8.37,48.3814,0.138633,39.1,23.765562,86.415081
2026-06-21 15:00:00,N05,,,,,,,23.765562,86.415081
2026-06-21 16:00:00,N05,,,,,,,23.765562,86.415081
2026-06-21 17:00:00,N05,,,,,,,23.765562,86.415081
2026-06-21 18:00:00,N05,-0.0815,0.007715,9.15,48.9347,0.127578,32.6,23.765562,86.415081
2026-06-21 19:00:00,N05,-0.1283,0.006502,3.11,49.0716,0.13728,30.7,23.765562,86.415081
2026-06-21 20:00:00,N05,,,,,,,23.765562,86.415081
2026-06-21 21:00:00,N05,,,,,,,23.765562,86.415081
2026-06-21 22:00:00,N05,,,,,,,23.765562,86.415081
2026-06-21 23:00:00,N05,,,,,,,23.765562,86.415081
2026-06-22 00:00:00,N05,,,,,,,23.765562,86.415081
2026-06-22 01:00:00,N05,-0.2637,0.00652,9.59,49.8905,0.136018,23.7,23.765562,86.415081
2026-06-22 02:00:00,N05,-0.0697,0.006728,8.38,50.0264,0.135768,24.5,23.765562,86.415081
2026-06-22 03:00:00,N05,-0.3348,0.006928,8.53,50.162,0.135082,25.7,23.765562,86.415081
2026-06-22 04:00:00,N05,,,,,,,23.765562,86.415081
2026-06-22 05:00:00,N05,-0.1998,0.007431,5.98,50.432,0.135194,29.0,23.765562,86.415081
2026-06-22 06:00:00,N05,,,,,,,23.765562,86.415081
2026-06-22 07:00:00,N05,,,,,,,23.765562,86.415081
2026-06-22 08:00:00,N05,0.0842,0.00798,2.54,50.8363,0.134347,34.7,23.765562,86.415081
2026-06-22 09:00:00,N05,-0.0002,0.006681,4.77,50.9703,0.134243,36.3,23.765562,86.415081
2026-06-22 10:00:00,N05,-0.2226,0.006146,5.39,51.1048,0.131607,37.5,23.765562,86.415081
2026-06-22 11:00:00,N05,0.1256,0.858708,28.64,51.2335,0.125903,38.2,23.765562,86.415081
2026-06-22 12:00:00,N05,,,,,,,23.765562,86.415081
2026-06-22 13:00:00,N05,,,,,,,23.765562,86.415081
2026-06-22 14:00:00,N05,0.2039,0.006594,5.23,51.6393,0.138082,37.5,23.765562,86.415081
2026-06-22 15:00:00,N05,-0.2888,0.006796,4.78,51.7717,0.132303,36.3,23.765562,86.415081
2026-06-22 16:00:00,N05,-0.3606,0.009094,2.77,51.9039,0.132289,34.7,23.765562,86.415081
2026-06-22 17:00:00,N05,,,,,,,23.765562,86.415081
2026-06-22 18:00:00,N05,,,,,,,23.765562,86.415081
2026-06-22 19:00:00,N05,,,,,,,23.765562,86.415081
2026-06-22 20:00:00,N05,,,,,,,23.765562,86.415081
2026-06-22 21:00:00,N05,-0.078,0.009493,1.31,52.5637,0.131367,25.7,23.765562,86.415081
2026-06-22 22:00:00,N05,-0.4701,0.007314,6.68,52.6945,0.131216,24.5,23.765562,86.415081
2026-06-22 23:00:00,N05,-0.1951,0.006974,5.89,52.8261,0.131078,23.7,23.765562,86.415081
2026-06-23 00:00:00,N05,-0.4533,0.006532,4.49,52.9567,0.130507,23.3,23.765562,86.415081
2026-06-23 01:00:00,N05,0.0773,0.008362,9.63,53.0871,0.130228,23.5,23.765562,86.415081
2026-06-23 02:00:00,N05,0.0934,0.006452,8.39,53.2171,0.130196,24.3,23.765562,86.415081
2026-06-23 03:00:00,N05,-0.1595,0.006904,7.72,53.3475,0.130141,25.5,23.765562,86.415081
2026-06-23 04:00:00,N05,-0.3184,0.006625,8.2,53.4774,0.129573,27.0,23.765562,86.415081
2026-06-23 05:00:00,N05,-0.1771,0.007238,7.04,53.6067,0.129197,28.8,23.765562,86.415081
2026-06-23 06:00:00,N05,-0.0414,0.008148,8.63,53.7358,0.129471,30.8,23.765562,86.415081
2026-06-23 07:00:00,N05,,,,,,,23.765562,86.415081
2026-06-23 08:00:00,N05,,,,,,,23.765562,86.415081
2026-06-23 09:00:00,N05,,,,,,,23.765562,86.415081
2026-06-23 10:00:00,N05,,,,,,,23.765562,86.415081
2026-06-23 11:00:00,N05,,,,,,,23.765562,86.415081
2026-06-23 12:00:00,N05,-0.159,0.006094,8.18,54.5077,0.13709,38.3,23.765562,86.415081
2026-06-23 13:00:00,N05,,,,,,,23.765562,86.415081
2026-06-23 14:00:00,N05,,,,,,,23.765562,86.415081
2026-06-23 15:00:00,N05,,,,,,,23.765562,86.415081
2026-06-23 16:00:00,N05,-0.2272,0.540611,33.48,55.0306,0.119914,34.5,23.765562,86.415081
2026-06-23 17:00:00,N05,-0.4198,0.007677,1.27,55.1435,0.11942,32.7,23.765562,86.415081
2026-06-23 18:00:00,N05,-0.0404,0.006831,2.38,55.2694,0.125913,30.8,23.765562,86.415081
2026-06-23 19:00:00,N05,-0.1084,0.008607,5.57,55.3954,0.125776,28.8,23.765562,86.415081
2026-06-23 20:00:00,N05,-0.0558,0.007124,2.41,55.521,0.125767,27.0,23.765562,86.415081
2026-06-23 21:00:00,N05,-0.082,0.006146,7.25,55.6469,0.125699,25.5,23.765562,86.415081
2026-06-23 22:00:00,N05,-0.1618,0.006433,6.02,55.7724,0.125509,24.3,23.765562,86.415081
2026-06-23 23:00:00,N05,-0.3102,0.008632,2.27,55.8979,0.125776,23.5,23.765562,86.415081
2026-06-24 00:00:00,N05,0.2582,0.008047,2.85,56.0239,0.125605,26.6,23.765562,86.415081
2026-06-24 01:00:00,N05,,,,,,,23.765562,86.415081
2026-06-24 02:00:00,N05,-0.1223,0.006944,8.49,56.2741,0.124913,27.6,23.765562,86.415081
2026-06-24 03:00:00,N05,0.0592,0.010725,2.84,56.3989,0.124966,28.8,23.765562,86.415081
2026-06-24 04:00:00,N05,-0.0035,0.006791,7.28,56.524,0.124545,30.4,23.765562,86.415081
2026-06-24 05:00:00,N05,-0.0805,0.006373,3.62,56.648,0.124178,32.2,23.765562,86.415081
2026-06-24 06:00:00,N05,,,,,,,23.765562,86.415081
2026-06-24 07:00:00,N05,-0.0914,0.00842,3.07,56.8961,0.126985,36.1,23.765562,86.415081
2026-06-24 08:00:00,N05,-0.0465,0.927212,49.38,57.0264,0.123513,37.9,23.765562,86.415081
2026-06-24 09:00:00,N05,0.1282,0.008072,6.71,57.1431,0.120246,39.4,23.765562,86.415081
2026-06-24 10:00:00,N05,0.0162,0.007502,8.97,57.2669,0.123031,40.6,23.765562,86.415081
2026-06-24 11:00:00,N05,-0.2436,0.006171,3.56,57.3892,0.122568,41.4,23.765562,86.415081
2026-06-24 12:00:00,N05,-0.083,0.008102,4.77,57.512,0.122428,41.6,23.765562,86.415081
2026-06-24 13:00:00,N05,0.0757,0.011365,4.94,57.6341,0.131479,41.4,23.765562,86.415081
2026-06-24 14:00:00,N05,-0.1723,0.821101,25.27,57.775,0.122055,40.6,23.765562,86.415081
2026-06-24 15:00:00,N05,0.0719,0.009028,1.27,57.8782,0.112625,39.4,23.765562,86.415081
2026-06-24 16:00:00,N05,0.0317,0.006423,8.73,58.0002,0.121718,37.9,23.765562,86.415081
2026-06-24 17:00:00,N05,-0.2155,0.006699,3.87,58.1216,0.121008,36.1,23.765562,86.415081
2026-06-24 18:00:00,N05,0.016,0.007591,2.66,58.2422,0.121016,34.1,23.765562,86.415081
2026-06-24 19:00:00,N05,-0.039,0.008184,1.69,58.3636,0.121026,32.2,23.765562,86.415081
2026-06-24 20:00:00,N05,-0.0068,0.008521,9.35,58.4843,0.120498,30.4,23.765562,86.415081
2026-06-24 21:00:00,N05,0.0254,0.006421,1.28,58.6046,0.120356,28.8,23.765562,86.415081
2026-06-24 22:00:00,N05,0.074,0.007243,3.53,58.725,0.120605,27.6,23.765562,86.415081
2026-06-24 23:00:00,N05,0.0426,0.007655,3.37,58.8458,0.120707,26.9,23.765562,86.415081
2026-06-25 00:00:00,N05,-0.1946,0.009178,7.05,58.9664,0.120568,28.7,23.765562,86.415081
2026-06-25 01:00:00,N05,,,,,,,23.765562,86.415081
2026-06-25 02:00:00,N05,0.1295,0.00816,7.69,59.2062,0.119565,29.7,23.765562,86.415081
2026-06-25 03:00:00,N05,,,,,,,23.765562,86.415081
2026-06-25 04:00:00,N05,,,,,,,23.765562,86.415081
2026-06-25 05:00:00,N05,,,,,,,23.765562,86.415081
2026-06-25 06:00:00,N05,,,,,,,23.765562,86.415081
2026-06-25 07:00:00,N05,,,,,,,23.765562,86.415081
2026-06-25 08:00:00,N05,,,,,,,23.765562,86.415081
2026-06-25 09:00:00,N05,,,,,,,23.765562,86.415081
2026-06-25 10:00:00,N05,,,,,,,23.765562,86.415081
2026-06-25 11:00:00,N05,,,,,,,23.765562,86.415081
2026-06-25 12:00:00,N05,,,,,,,23.765562,86.415081
2026-06-25 13:00:00,N05,0.0923,0.006263,2.42,60.5036,0.117274,43.4,23.765562,86.415081
2026-06-25 14:00:00,N05,-0.0899,0.010072,9.04,60.6212,0.117269,42.7,23.765562,86.415081
2026-06-25 15:00:00,N05,-0.1663,0.008751,5.32,60.7382,0.110551,41.5,23.765562,86.415081
2026-06-25 16:00:00,N05,0.0413,0.618248,18.15,60.8423,0.116986,39.9,23.765562,86.415081
2026-06-25 17:00:00,N05,-0.1115,0.00674,7.18,60.9722,0.123212,38.1,23.765562,86.415081
2026-06-25 18:00:00,N05,0.0474,0.009407,9.5,61.0887,0.116458,36.2,23.765562,86.415081
2026-06-25 19:00:00,N05,-0.242,0.006664,1.73,61.2051,0.11607,34.3,23.765562,86.415081
2026-06-25 20:00:00,N05,-0.3283,0.009742,2.02,61.3209,0.115661,32.4,23.765562,86.415081
2026-06-25 21:00:00,N05,,,,,,,23.765562,86.415081
2026-06-25 22:00:00,N05,,,,,,,23.765562,86.415081
2026-06-25 23:00:00,N05,,,,,,,23.765562,86.415081
2026-06-26 00:00:00,N05,,,,,,,23.765562,86.415081
2026-06-26 01:00:00,N05,0.0987,0.008703,1.59,61.8974,0.114861,26.1,23.765562,86.415081
2026-06-26 02:00:00,N05,-0.1198,0.008147,3.63,62.0121,0.114595,26.8,23.765562,86.415081
2026-06-26 03:00:00,N05,-0.034,0.008237,7.43,62.1266,0.114583,28.0,23.765562,86.415081
2026-06-26 04:00:00,N05,-0.0377,0.010635,2.32,62.2413,0.114552,29.6,23.765562,86.415081
2026-06-26 05:00:00,N05,,,,,,,23.765562,86.415081
2026-06-26 06:00:00,N05,,,,,,,23.765562,86.415081
2026-06-26 07:00:00,N05,,,,,,,23.765562,86.415081
2026-06-26 08:00:00,N05,,,,,,,23.765562,86.415081
2026-06-26 09:00:00,N05,,,,,,,23.765562,86.415081
2026-06-26 10:00:00,N05,-0.0755,0.008142,9.47,62.9256,0.113248,39.8,23.765562,86.415081
2026-06-26 11:00:00,N05,,,,,,,23.765562,86.415081
2026-06-26 12:00:00,N05,,,,,,,23.765562,86.415081
2026-06-26 13:00:00,N05,-0.1788,0.008715,1.1,63.2642,0.118215,40.6,23.765562,86.415081
2026-06-26 14:00:00,N05,-0.1083,0.008283,1.0,63.377,0.112446,39.8,23.765562,86.415081
2026-06-26 15:00:00,N05,-0.2139,0.008868,2.85,63.4891,0.112178,38.6,23.765562,86.415081
2026-06-26 16:00:00,N05,,,,,,,23.765562,86.415081
2026-06-26 17:00:00,N05,,,,,,,23.765562,86.415081
2026-06-26 18:00:00,N05,,,,,,,23.765562,86.415081
2026-06-26 19:00:00,N05,,,,,,,23.765562,86.415081
2026-06-26 20:00:00,N05,,,,,,,23.765562,86.415081
2026-06-26 21:00:00,N05,-0.093,0.006537,2.73,64.1594,0.111064,28.0,23.765562,86.415081
2026-06-26 22:00:00,N05,,,,,,,23.765562,86.415081
2026-06-26 23:00:00,N05,,,,,,,23.765562,86.415081
2026-06-27 00:00:00,N05,,,,,,,23.765562,86.415081
2026-06-27 01:00:00,N05,-0.1327,0.007566,8.21,64.6024,0.110093,26.7,23.765562,86.415081
2026-06-27 02:00:00,N05,0.0024,0.006986,6.98,64.712,0.109297,27.4,23.765562,86.415081
2026-06-27 03:00:00,N05,,,,,,,23.765562,86.415081
2026-06-27 04:00:00,N05,,,,,,,23.765562,86.415081
2026-06-27 05:00:00,N05,,,,,,,23.765562,86.415081
2026-06-27 06:00:00,N05,,,,,,,23.765562,86.415081
2026-06-27 07:00:00,N05,-0.0776,0.581184,30.07,65.2495,0.108679,35.8,23.765562,86.415081
2026-06-27 08:00:00,N05,-0.3608,0.008001,1.33,65.3659,0.112612,37.6,23.765562,86.415081
2026-06-27 09:00:00,N05,-0.0417,0.006168,5.18,65.4747,0.108598,39.2,23.765562,86.415081
2026-06-27 10:00:00,N05,0.0074,0.006833,6.98,65.5831,0.113323,40.4,23.765562,86.415081
2026-06-27 11:00:00,N05,-0.2191,0.693184,31.48,65.7014,0.113329,41.1,23.765562,86.415081
2026-06-27 12:00:00,N05,,,,,,,23.765562,86.415081
2026-06-27 13:00:00,N05,,,,,,,23.765562,86.415081
2026-06-27 14:00:00,N05,,,,,,,23.765562,86.415081
2026-06-27 15:00:00,N05,,,,,,,23.765562,86.415081
2026-06-27 16:00:00,N05,,,,,,,23.765562,86.415081
2026-06-27 17:00:00,N05,,,,,,,23.765562,86.415081
2026-06-27 18:00:00,N05,-0.348,0.007379,2.43,66.4409,0.106707,33.9,23.765562,86.415081
2026-06-27 19:00:00,N05,0.0526,0.005971,6.89,66.5474,0.106705,32.0,23.765562,86.415081
2026-06-27 20:00:00,N05,-0.0551,0.007456,6.02,66.6543,0.106823,30.1,23.765562,86.415081
2026-06-27 21:00:00,N05,0.0026,0.007679,2.32,66.761,0.106733,28.6,23.765562,86.415081
2026-06-27 22:00:00,N05,-0.0739,0.008957,2.19,66.8677,0.106144,27.4,23.765562,86.415081
2026-06-27 23:00:00,N05,-0.2748,0.008514,9.49,66.9733,0.105619,26.7,23.765562,86.415081
2026-06-28 00:00:00,N05,,,,,,,23.765562,86.415081
2026-06-28 01:00:00,N05,-0.1881,0.006034,4.48,67.1851,0.106327,29.5,23.765562,86.415081
2026-06-28 02:00:00,N05,-0.188,0.00608,2.44,67.2916,0.106045,30.3,23.765562,86.415081
2026-06-28 03:00:00,N05,-0.1528,0.009525,6.56,67.3972,0.105399,31.5,23.765562,86.415081
2026-06-28 04:00:00,N05,-0.0244,0.007304,9.69,67.5024,0.104958,33.0,23.765562,86.415081
2026-06-28 05:00:00,N05,-0.2334,0.006008,3.35,67.6071,0.104817,34.8,23.765562,86.415081
2026-06-28 06:00:00,N05,-0.1317,0.008013,1.08,67.7121,0.104953,36.8,23.765562,86.415081
2026-06-28 07:00:00,N05,-0.374,0.007575,7.09,67.817,0.104732,38.7,23.765562,86.415081
2026-06-28 08:00:00,N05,,,,,,,23.765562,86.415081
2026-06-28 09:00:00,N05,,,,,,,23.765562,86.415081
2026-06-28 10:00:00,N05,,,,,,,23.765562,86.415081
2026-06-28 11:00:00,N05,-0.1399,0.010053,3.41,68.2341,0.104273,44.0,23.765562,86.415081
2026-06-28 12:00:00,N05,-0.3755,0.009218,5.03,68.3389,0.104477,44.3,23.765562,86.415081
2026-06-28 13:00:00,N05,-0.1942,0.007943,4.25,68.443,0.103497,44.0,23.765562,86.415081
2026-06-28 14:00:00,N05,-0.199,0.00633,7.71,68.5459,0.102937,43.3,23.765562,86.415081
2026-06-28 15:00:00,N05,-0.3736,0.007507,8.86,68.6489,0.110767,42.1,23.765562,86.415081
2026-06-28 16:00:00,N05,-0.176,0.776209,45.17,68.7674,0.111239,40.5,23.765562,86.415081
2026-06-28 17:00:00,N05,-0.2372,0.568437,16.07,68.8714,0.095143,38.7,23.765562,86.415081
2026-06-28 18:00:00,N05,-0.2997,0.007044,9.88,68.9577,0.094155,36.8,23.765562,86.415081
2026-06-28 19:00:00,N05,0.0513,0.006512,8.0,69.0597,0.102648,34.8,23.765562,86.415081
2026-06-28 20:00:00,N05,-0.3441,0.006027,2.63,69.163,0.102365,33.0,23.765562,86.415081
2026-06-28 21:00:00,N05,-0.1659,0.007223,4.77,69.2644,0.101803,31.5,23.765562,86.415081
2026-06-28 22:00:00,N05,-0.2384,0.006332,6.56,69.3666,0.102207,30.3,23.765562,86.415081
2026-06-28 23:00:00,N05,-0.383,0.007307,9.9,69.4689,0.101927,29.5,23.765562,86.415081
2026-06-29 00:00:00,N05,-0.2311,0.005915,9.66,69.5705,0.10134,27.0,23.765562,86.415081
2026-06-29 01:00:00,N05,-0.2984,0.007971,3.04,69.6715,0.10115,27.2,23.765562,86.415081
2026-06-29 02:00:00,N05,,,,,,,23.765562,86.415081
2026-06-29 03:00:00,N05,-0.0652,0.006301,8.36,69.8739,0.101208,29.2,23.765562,86.415081
2026-06-29 04:00:00,N05,-0.1889,0.007788,2.75,69.9752,0.101167,30.7,23.765562,86.415081
2026-06-29 05:00:00,N05,-0.186,0.006782,5.66,70.0763,0.100753,32.5,23.765562,86.415081
2026-06-29 06:00:00,N05,-0.4,0.007164,2.95,70.1767,0.100231,34.5,23.765562,86.415081
2026-06-29 07:00:00,N05,-0.3014,0.009095,2.67,70.2767,0.099823,36.4,23.765562,86.415081
2026-06-29 08:00:00,N05,-0.1189,0.007291,5.96,70.3763,0.09996,38.2,23.765562,86.415081
2026-06-29 09:00:00,N05,0.0518,0.010748,4.4,70.4767,0.10834,39.8,23.765562,86.415081
2026-06-29 10:00:00,N05,-0.2165,0.629177,33.85,70.593,0.089903,41.0,23.765562,86.415081
2026-06-29 11:00:00,N05,0.1084,0.519119,46.05,70.6565,0.090722,41.7,23.765562,86.415081
2026-06-29 12:00:00,N05,-0.3089,0.006013,7.82,70.7744,0.108605,42.0,23.765562,86.415081
2026-06-29 13:00:00,N05,-0.2575,0.007436,8.81,70.8737,0.099566,41.7,23.765562,86.415081
2026-06-29 14:00:00,N05,-0.059,0.006333,2.44,70.9736,0.099309,41.0,23.765562,86.415081
2026-06-29 15:00:00,N05,,,,,,,23.765562,86.415081
2026-06-29 16:00:00,N05,,,,,,,23.765562,86.415081
2026-06-29 17:00:00,N05,0.0013,0.005925,1.45,71.2698,0.098559,36.4,23.765562,86.415081
2026-06-29 18:00:00,N05,0.0936,0.005946,2.38,71.3686,0.098794,34.5,23.765562,86.415081
2026-06-29 19:00:00,N05,-0.0619,0.006786,7.21,71.4674,0.098331,32.5,23.765562,86.415081
2026-06-29 20:00:00,N05,-0.2926,0.007886,9.73,71.5652,0.097549,30.7,23.765562,86.415081
2026-06-29 21:00:00,N05,0.0758,0.007091,3.16,71.6625,0.097638,29.2,23.765562,86.415081
2026-06-29 22:00:00,N05,-0.4429,0.006917,2.75,71.7605,0.097816,28.0,23.765562,86.415081
2026-06-29 23:00:00,N05,-0.2618,0.006165,2.58,71.8582,0.097155,27.2,23.765562,86.415081
2026-06-30 00:00:00,N05,-0.2123,0.006914,4.08,71.9548,0.09682,27.2,23.765562,86.415081
2026-06-30 01:00:00,N05,0.0417,0.006212,8.8,72.0518,0.096509,27.5,23.765562,86.415081
2026-06-30 02:00:00,N05,-0.4835,0.00734,9.83,72.1478,0.09655,28.3,23.765562,86.415081
2026-06-30 03:00:00,N05,-0.3745,0.006915,2.39,72.2449,0.097131,29.4,23.765562,86.415081
2026-06-30 04:00:00,N05,-0.2906,0.006516,7.24,72.3421,0.096808,31.0,23.765562,86.415081
2026-06-30 05:00:00,N05,-0.3436,0.005766,6.21,72.4385,0.09612,32.8,23.765562,86.415081
2026-06-30 06:00:00,N05,-0.2159,0.007021,9.11,72.5343,0.096165,34.7,23.765562,86.415081
2026-06-30 07:00:00,N05,-0.1583,0.005868,6.46,72.6308,0.096453,36.7,23.765562,86.415081
2026-06-30 08:00:00,N05,-0.2165,0.007726,9.22,72.7273,0.096129,38.5,23.765562,86.415081
2026-06-30 09:00:00,N05,-0.2111,0.00629,3.92,72.8231,0.096064,40.1,23.765562,86.415081
2026-06-30 10:00:00,N05,-0.0508,0.007279,5.71,72.9194,0.092324,41.2,23.765562,86.415081
2026-06-30 11:00:00,N05,,,,,,,23.765562,86.415081
2026-06-30 12:00:00,N05,,,,,,,23.765562,86.415081
2026-06-30 13:00:00,N05,0.0428,0.007403,6.9,73.2046,0.084654,42.0,23.765562,86.415081
2026-06-30 14:00:00,N05,0.0845,0.621222,37.72,73.2793,0.094917,41.2,23.765562,86.415081
2026-06-30 15:00:00,N05,0.0793,0.006754,3.0,73.3944,0.104791,40.1,23.765562,86.415081
2026-06-30 16:00:00,N05,-0.1445,0.00658,8.07,73.4889,0.094602,38.5,23.765562,86.415081
2026-06-30 17:00:00,N05,0.1768,0.006749,3.71,73.5836,0.094362,36.7,23.765562,86.415081
2026-06-30 18:00:00,N05,0.1679,0.007249,1.79,73.6776,0.094113,34.7,23.765562,86.415081
2026-06-30 19:00:00,N05,-0.2484,0.00606,2.58,73.7718,0.093599,32.8,23.765562,86.415081
2026-06-30 20:00:00,N05,-0.3233,0.008727,9.55,73.8648,0.093798,31.0,23.765562,86.415081
2026-06-30 21:00:00,N05,-0.3632,0.00712,2.57,73.9594,0.094239,29.4,23.765562,86.415081
2026-06-30 22:00:00,N05,-0.0849,0.00786,7.78,74.0533,0.093842,28.3,23.765562,86.415081
2026-06-30 23:00:00,N05,,,,,,,23.765562,86.415081
2026-07-01 00:00:00,N05,,,,,,,23.765562,86.415081
2026-07-01 01:00:00,N05,,,,,,,23.765562,86.415081
2026-07-01 02:00:00,N05,,,,,,,23.765562,86.415081
2026-07-01 03:00:00,N05,-0.3422,0.005978,9.57,74.5189,0.092838,28.3,23.765562,86.415081
2026-07-01 04:00:00,N05,-0.0708,0.007524,9.02,74.6124,0.09337,29.8,23.765562,86.415081
2026-07-01 05:00:00,N05,-0.3705,0.005803,3.88,74.7056,0.092498,31.7,23.765562,86.415081
2026-07-01 06:00:00,N05,0.1251,0.008313,9.82,74.7974,0.092003,33.6,23.765562,86.415081
2026-07-01 07:00:00,N05,-0.155,0.007705,3.69,74.8896,0.0921,35.5,23.765562,86.415081
2026-07-01 08:00:00,N05,-0.0145,0.007967,4.04,74.9816,0.098776,37.3,23.765562,86.415081
2026-07-01 09:00:00,N05,-0.098,0.723369,34.36,75.0872,0.098312,38.9,23.765562,86.415081
2026-07-01 10:00:00,N05,-0.2085,0.632402,30.01,75.1783,0.084016,40.1,23.765562,86.415081
2026-07-01 11:00:00,N05,-0.1375,0.006188,5.78,75.2552,0.084184,40.8,23.765562,86.415081
2026-07-01 12:00:00,N05,-0.1885,0.007805,8.74,75.3466,0.091211,41.1,23.765562,86.415081
2026-07-01 13:00:00,N05,-0.0819,0.00659,1.68,75.4376,0.091064,40.8,23.765562,86.415081
2026-07-01 14:00:00,N05,-0.1868,0.008229,2.17,75.5288,0.095044,40.1,23.765562,86.415081
2026-07-01 15:00:00,N05,-0.0397,0.54207,36.77,75.6277,0.09062,38.9,23.765562,86.415081
2026-07-01 16:00:00,N05,-0.1505,0.008811,5.31,75.71,0.086643,37.3,23.765562,86.415081
2026-07-01 17:00:00,N05,-0.0231,0.006586,9.17,75.801,0.090658,35.5,23.765562,86.415081
2026-07-01 18:00:00,N05,-0.2014,0.009534,9.0,75.8913,0.089788,33.6,23.765562,86.415081
2026-07-01 19:00:00,N05,0.025,0.00745,1.51,75.9806,0.089767,31.7,23.765562,86.415081
2026-07-01 20:00:00,N05,-0.3041,0.006452,4.44,76.0708,0.089771,29.8,23.765562,86.415081
2026-07-01 21:00:00,N05,,,,,,,23.765562,86.415081
2026-07-01 22:00:00,N05,,,,,,,23.765562,86.415081
2026-07-01 23:00:00,N05,-0.2162,0.006283,2.74,76.3395,0.089523,26.3,23.765562,86.415081
2026-07-02 00:00:00,N05,,,,,,,23.765562,86.415081
2026-07-02 01:00:00,N05,,,,,,,23.765562,86.415081
2026-07-02 02:00:00,N05,,,,,,,23.765562,86.415081
2026-07-02 03:00:00,N05,-0.5595,0.005998,7.4,76.6955,0.088766,26.0,23.765562,86.415081
2026-07-02 04:00:00,N05,-0.1918,0.006074,8.75,76.7845,0.088322,27.5,23.765562,86.415081
2026-07-02 05:00:00,N05,-0.372,0.007712,3.69,76.8721,0.087974,29.3,23.765562,86.415081
2026-07-02 06:00:00,N05,-0.1631,0.007637,2.24,76.9604,0.088093,31.3,23.765562,86.415081
2026-07-02 07:00:00,N05,-0.1729,0.006475,4.84,77.0483,0.088237,33.2,23.765562,86.415081
2026-07-02 08:00:00,N05,,,,,,,23.765562,86.415081
2026-07-02 09:00:00,N05,-0.0386,0.654974,33.04,77.2346,0.092675,36.6,23.765562,86.415081
2026-07-02 10:00:00,N05,-0.03,0.651691,43.03,77.3222,0.083077,37.8,23.765562,86.415081
2026-07-02 11:00:00,N05,-0.1404,0.008125,2.66,77.4007,0.092545,38.5,23.765562,86.415081
2026-07-02 12:00:00,N05,-0.3042,0.813324,33.76,77.5073,0.087152,38.8,23.765562,86.415081
2026-07-02 13:00:00,N05,-0.149,0.008421,1.43,77.5751,0.077434,38.5,23.765562,86.415081
2026-07-02 14:00:00,N05,-0.2393,0.006082,8.26,77.6622,0.087138,37.8,23.765562,86.415081
2026-07-02 15:00:00,N05,-0.464,0.006524,2.49,77.7493,0.087377,36.6,23.765562,86.415081
2026-07-02 16:00:00,N05,,,,,,,23.765562,86.415081
2026-07-02 17:00:00,N05,,,,,,,23.765562,86.415081
2026-07-02 18:00:00,N05,-0.2162,0.00675,8.98,78.0092,0.085994,31.3,23.765562,86.415081
2026-07-02 19:00:00,N05,-0.047,0.007132,9.38,78.0955,0.085822,29.3,23.765562,86.415081
2026-07-02 20:00:00,N05,-0.1684,0.00863,8.25,78.1809,0.085511,27.5,23.765562,86.415081
2026-07-02 21:00:00,N05,-0.3902,0.006018,7.91,78.2665,0.08578,26.0,23.765562,86.415081
2026-07-02 22:00:00,N05,-0.3685,0.006612,7.32,78.3524,0.08587,24.8,23.765562,86.415081
2026-07-02 23:00:00,N05,-0.1626,0.010113,5.97,78.4382,0.085423,24.0,23.765562,86.415081
2026-07-03 00:00:00,N05,-0.3192,0.005756,5.7,78.5233,0.085292,23.2,23.765562,86.415081
2026-07-03 01:00:00,N05,0.0126,0.009176,2.04,78.6088,0.085386,23.5,23.765562,86.415081
2026-07-03 02:00:00,N05,-0.392,0.008665,7.76,78.694,0.08502,24.2,23.765562,86.415081
2026-07-03 03:00:00,N05,-0.3844,0.009366,8.25,78.7789,0.085148,25.4,23.765562,86.415081
2026-07-03 04:00:00,N05,-0.5539,0.009344,2.29,78.8643,0.085014,26.9,23.765562,86.415081
2026-07-03 05:00:00,N05,-0.3542,0.006435,1.31,78.9489,0.084611,28.8,23.765562,86.415081
2026-07-03 06:00:00,N05,-0.1102,0.007451,3.08,79.0336,0.085019,30.7,23.765562,86.415081
2026-07-03 07:00:00,N05,-0.2598,0.006961,1.27,79.1189,0.085029,32.6,23.765562,86.415081
2026-07-03 08:00:00,N05,-0.034,0.012055,4.35,79.2036,0.077522,34.4,23.765562,86.415081
2026-07-03 09:00:00,N05,-0.2207,0.820901,27.12,79.274,0.084244,36.0,23.765562,86.415081
2026-07-03 10:00:00,N05,-0.2613,0.006394,5.76,79.3721,0.091107,37.2,23.765562,86.415081
2026-07-03 11:00:00,N05,-0.0155,0.007174,8.14,79.4562,0.08396,37.9,23.765562,86.415081
2026-07-03 12:00:00,N05,0.05,0.005742,4.98,79.54,0.083839,38.2,23.765562,86.415081
2026-07-03 13:00:00,N05,-0.1779,0.00595,8.92,79.6239,0.083663,37.9,23.765562,86.415081
2026-07-03 14:00:00,N05,-0.3676,0.008546,6.42,79.7073,0.08394,37.2,23.765562,86.415081
2026-07-03 15:00:00,N05,-0.2212,0.007548,7.03,79.7917,0.083898,36.0,23.765562,86.415081
2026-07-03 16:00:00,N05,-0.0282,0.007566,8.56,79.8751,0.08327,34.4,23.765562,86.415081
2026-07-03 17:00:00,N05,-0.0548,0.00651,8.71,79.9583,0.083288,32.6,23.765562,86.415081
2026-07-03 18:00:00,N05,0.1226,0.006374,2.23,80.0417,0.082992,30.7,23.765562,86.415081
2026-07-03 19:00:00,N05,-0.0837,0.006522,6.99,80.1243,0.082886,28.8,23.765562,86.415081
2026-07-03 20:00:00,N05,-0.4048,0.009169,6.76,80.2075,0.082917,26.9,23.765562,86.415081
2026-07-03 21:00:00,N05,-0.2584,0.00638,9.25,80.2901,0.082176,25.4,23.765562,86.415081
2026-07-03 22:00:00,N05,-0.111,0.006579,5.34,80.3718,0.082077,24.2,23.765562,86.415081
2026-07-03 23:00:00,N05,-0.0443,0.007443,5.97,80.4543,0.082134,23.5,23.765562,86.415081
2026-07-04 00:00:00,N05,-0.2686,0.007561,2.24,80.5361,0.081954,21.7,23.765562,86.415081
2026-07-04 01:00:00,N05,-0.2223,0.008053,6.22,80.6182,0.081708,22.0,23.765562,86.415081
2026-07-04 02:00:00,N05,-0.4349,0.008406,5.22,80.6995,0.08158,22.7,23.765562,86.415081
2026-07-04 03:00:00,N05,-0.3499,0.006943,9.89,80.7813,0.081606,23.9,23.765562,86.415081
2026-07-04 04:00:00,N05,0.0492,0.006579,7.25,80.8627,0.081628,25.5,23.765562,86.415081
2026-07-04 05:00:00,N05,-0.3304,0.007918,3.73,80.9446,0.081683,27.3,23.765562,86.415081
2026-07-04 06:00:00,N05,,,,,,,23.765562,86.415081
2026-07-04 07:00:00,N05,,,,,,,23.765562,86.415081
2026-07-04 08:00:00,N05,,,,,,,23.765562,86.415081
2026-07-04 09:00:00,N05,-0.0976,0.006062,4.78,81.2696,0.080361,34.5,23.765562,86.415081
2026-07-04 10:00:00,N05,-0.1994,0.005802,5.91,81.3497,0.087541,35.7,23.765562,86.415081
2026-07-04 11:00:00,N05,-0.4478,0.581947,44.83,81.4447,0.080574,36.5,23.765562,86.415081
2026-07-04 12:00:00,N05,-0.2317,0.009908,4.14,81.5109,0.073705,36.7,23.765562,86.415081
2026-07-04 13:00:00,N05,-0.3605,0.007009,4.85,81.5921,0.080554,36.5,23.765562,86.415081
2026-07-04 14:00:00,N05,-0.1715,0.00752,7.75,81.672,0.079571,35.7,23.765562,86.415081
2026-07-04 15:00:00,N05,-0.4227,0.006538,3.92,81.7512,0.079513,34.5,23.765562,86.415081
2026-07-04 16:00:00,N05,-0.1194,0.006109,2.71,81.831,0.079618,33.0,23.765562,86.415081
2026-07-04 17:00:00,N05,-0.1406,0.006346,8.99,81.9105,0.079362,31.2,23.765562,86.415081
2026-07-04 18:00:00,N05,-0.1084,0.007666,7.84,81.9897,0.07897,29.2,23.765562,86.415081
2026-07-04 19:00:00,N05,-0.3171,0.007047,8.32,82.0684,0.079309,27.3,23.765562,86.415081
2026-07-04 20:00:00,N05,-0.3849,0.005855,9.83,82.1484,0.079623,25.5,23.765562,86.415081
2026-07-04 21:00:00,N05,-0.2075,0.005711,6.55,82.2277,0.079358,23.9,23.765562,86.415081
2026-07-04 22:00:00,N05,-0.4003,0.005909,9.24,82.3071,0.079177,22.7,23.765562,86.415081
2026-07-04 23:00:00,N05,-0.0967,0.006812,6.53,82.386,0.078768,22.0,23.765562,86.415081
2026-07-05 00:00:00,N05,-0.2353,0.008279,7.41,82.4646,0.078469,27.6,23.765562,86.415081
2026-07-05 01:00:00,N05,-0.3297,0.006125,9.15,82.543,0.078152,27.8,23.765562,86.415081
2026-07-05 02:00:00,N05,-0.2235,0.007363,5.44,82.6209,0.077983,28.6,23.765562,86.415081
2026-07-05 03:00:00,N05,-0.1238,0.007323,7.49,82.6989,0.078066,29.8,23.765562,86.415081
2026-07-05 04:00:00,N05,-0.2873,0.009162,7.22,82.777,0.078334,31.3,23.765562,86.415081
2026-07-05 05:00:00,N05,0.0178,0.006838,8.25,82.8556,0.074646,33.1,23.765562,86.415081
2026-07-05 06:00:00,N05,-0.304,0.689242,46.57,82.9263,0.069243,35.1,23.765562,86.415081
2026-07-05 07:00:00,N05,,,,,,,23.765562,86.415081
2026-07-05 08:00:00,N05,,,,,,,23.765562,86.415081
2026-07-05 09:00:00,N05,,,,,,,23.765562,86.415081
2026-07-05 10:00:00,N05,0.1029,0.812434,37.17,83.2255,0.087065,41.6,23.765562,86.415081
2026-07-05 11:00:00,N05,0.0793,0.00878,7.4,83.3227,0.087146,42.3,23.765562,86.415081
2026-07-05 12:00:00,N05,0.2293,0.007076,5.74,83.3998,0.076885,42.6,23.765562,86.415081
2026-07-05 13:00:00,N05,-0.4429,0.006626,8.44,83.4765,0.076764,42.3,23.765562,86.415081
2026-07-05 14:00:00,N05,-0.2305,0.007404,4.84,83.5533,0.076643,41.6,23.765562,86.415081
2026-07-05 15:00:00,N05,-0.3155,0.008527,1.91,83.6298,0.07675,40.4,23.765562,86.415081
2026-07-05 16:00:00,N05,-0.2547,0.006332,9.95,83.7068,0.076188,38.8,23.765562,86.415081
2026-07-05 17:00:00,N05,-0.3524,0.008662,7.57,83.7822,0.075582,37.0,23.765562,86.415081
2026-07-05 18:00:00,N05,-0.3702,0.005628,3.6,83.858,0.075924,35.1,23.765562,86.415081
2026-07-05 19:00:00,N05,-0.0827,0.006942,1.8,83.934,0.076089,33.1,23.765562,86.415081
2026-07-05 20:00:00,N05,,,,,,,23.765562,86.415081
2026-07-05 21:00:00,N05,,,,,,,23.765562,86.415081
2026-07-05 22:00:00,N05,,,,,,,23.765562,86.415081
2026-07-05 23:00:00,N05,,,,,,,23.765562,86.415081
2026-07-06 00:00:00,N05,,,,,,,23.765562,86.415081
2026-07-06 01:00:00,N05,-0.1224,0.006554,8.13,84.3891,0.075509,26.2,23.765562,86.415081
2026-07-06 02:00:00,N05,-0.2119,0.00603,2.96,84.4646,0.074758,26.9,23.765562,86.415081
2026-07-06 03:00:00,N05,-0.0723,0.005646,7.31,84.5386,0.074375,28.1,23.765562,86.415081
2026-07-06 04:00:00,N05,-0.2334,0.006565,5.14,84.6134,0.074594,29.7,23.765562,86.415081
2026-07-06 05:00:00,N05,-0.4215,0.007311,7.93,84.6878,0.074514,31.5,23.765562,86.415081
2026-07-06 06:00:00,N05,,,,,,,23.765562,86.415081
2026-07-06 07:00:00,N05,,,,,,,23.765562,86.415081
2026-07-06 08:00:00,N05,-0.3411,0.007028,3.8,84.9124,0.069769,37.2,23.765562,86.415081
2026-07-06 09:00:00,N05,0.0938,0.007031,6.37,84.9867,0.074265,38.7,23.765562,86.415081
2026-07-06 10:00:00,N05,-0.4071,0.009237,5.75,85.0609,0.074276,39.9,23.765562,86.415081
2026-07-06 11:00:00,N05,-0.119,0.006653,3.7,85.1353,0.074193,40.7,23.765562,86.415081
2026-07-06 12:00:00,N05,-0.0757,0.007645,3.54,85.2093,0.080442,40.9,23.765562,86.415081
2026-07-06 13:00:00,N05,-0.0263,0.981904,31.22,85.2961,0.082,40.7,23.765562,86.415081
2026-07-06 14:00:00,N05,-0.0256,0.811365,39.84,85.3733,0.067899,39.9,23.765562,86.415081
2026-07-06 15:00:00,N05,-0.0907,0.007766,5.8,85.4319,0.065973,38.7,23.765562,86.415081
2026-07-06 16:00:00,N05,-0.0564,0.005851,6.74,85.5053,0.072957,37.2,23.765562,86.415081
2026-07-06 17:00:00,N05,-0.3512,0.00652,8.23,85.5779,0.073036,35.4,23.765562,86.415081
2026-07-06 18:00:00,N05,,,,,,,23.765562,86.415081
2026-07-06 19:00:00,N05,,,,,,,23.765562,86.415081
2026-07-06 20:00:00,N05,,,,,,,23.765562,86.415081
2026-07-06 21:00:00,N05,,,,,,,23.765562,86.415081
2026-07-06 22:00:00,N05,,,,,,,23.765562,86.415081
2026-07-06 23:00:00,N05,,,,,,,23.765562,86.415081
2026-07-07 00:00:00,N05,-0.359,0.008524,5.22,86.0876,0.071739,24.6,23.765562,86.415081
2026-07-07 01:00:00,N05,-0.1055,0.009014,4.65,86.1594,0.072125,24.9,23.765562,86.415081
2026-07-07 02:00:00,N05,,,,,,,23.765562,86.415081
2026-07-07 03:00:00,N05,,,,,,,23.765562,86.415081
2026-07-07 04:00:00,N05,,,,,,,23.765562,86.415081
2026-07-07 05:00:00,N05,,,,,,,23.765562,86.415081
2026-07-07 06:00:00,N05,-0.2213,0.008994,5.49,86.5225,0.07122,32.1,23.765562,86.415081
2026-07-07 07:00:00,N05,0.0793,0.008931,4.66,86.5933,0.073479,34.0,23.765562,86.415081
2026-07-07 08:00:00,N05,-0.2681,0.838303,43.41,86.6694,0.070997,35.9,23.765562,86.415081
2026-07-07 09:00:00,N05,-0.028,0.010423,2.43,86.7353,0.068397,37.4,23.765562,86.415081
2026-07-07 10:00:00,N05,-0.0819,0.007332,4.26,86.8062,0.070999,38.6,23.765562,86.415081
2026-07-07 11:00:00,N05,-0.0341,0.008134,4.3,86.8773,0.070651,39.3,23.765562,86.415081
2026-07-07 12:00:00,N05,-0.3349,0.007099,5.49,86.9475,0.070316,39.6,23.765562,86.415081
2026-07-07 13:00:00,N05,0.0417,0.005573,2.55,87.0179,0.070491,39.3,23.765562,86.415081
2026-07-07 14:00:00,N05,-0.2166,0.007741,6.32,87.0885,0.070281,38.6,23.765562,86.415081
2026-07-07 15:00:00,N05,-0.3825,0.006795,1.45,87.1585,0.070032,37.4,23.765562,86.415081
2026-07-07 16:00:00,N05,-0.4011,0.007251,8.78,87.2286,0.070213,35.9,23.765562,86.415081
2026-07-07 17:00:00,N05,-0.1404,0.007336,2.27,87.2989,0.070176,34.0,23.765562,86.415081
2026-07-07 18:00:00,N05,-0.2185,0.005714,1.19,87.3689,0.070346,32.1,23.765562,86.415081
2026-07-07 19:00:00,N05,-0.3978,0.007202,5.89,87.4396,0.070423,30.2,23.765562,86.415081
2026-07-07 20:00:00,N05,-0.3959,0.007129,5.79,87.5098,0.07013,28.4,23.765562,86.415081
2026-07-07 21:00:00,N05,-0.1179,0.00578,9.14,87.5798,0.070294,26.8,23.765562,86.415081
2026-07-07 22:00:00,N05,-0.4436,0.0066,4.08,87.6504,0.070223,25.6,23.765562,86.415081
2026-07-07 23:00:00,N05,-0.3188,0.006661,2.87,87.7203,0.069889,24.9,23.765562,86.415081
2026-07-08 00:00:00,N05,-0.3571,0.007025,9.56,87.7901,0.069777,21.6,23.765562,86.415081
2026-07-08 01:00:00,N05,-0.2439,0.006561,1.48,87.8598,0.069382,21.9,23.765562,86.415081
2026-07-08 02:00:00,N05,-0.2235,0.006653,6.78,87.9289,0.069168,22.6,23.765562,86.415081
2026-07-08 03:00:00,N05,-0.0445,0.009301,5.48,87.9982,0.069292,23.8,23.765562,86.415081
2026-07-08 04:00:00,N05,-0.2012,0.008474,1.68,88.0675,0.069531,25.4,23.765562,86.415081
2026-07-08 05:00:00,N05,0.1385,0.007922,6.35,88.1372,0.069518,27.2,23.765562,86.415081
2026-07-08 06:00:00,N05,-0.2076,0.005641,8.31,88.2065,0.069205,29.1,23.765562,86.415081
2026-07-08 07:00:00,N05,-0.1036,0.006272,9.62,88.2756,0.069338,31.0,23.765562,86.415081
2026-07-08 08:00:00,N05,-0.4355,0.005589,9.68,88.3452,0.069196,32.9,23.765562,86.415081
2026-07-08 09:00:00,N05,-0.3267,0.009525,7.31,88.414,0.06894,34.4,23.765562,86.415081
2026-07-08 10:00:00,N05,-0.2157,0.007644,8.68,88.4831,0.077355,35.6,23.765562,86.415081
2026-07-08 11:00:00,N05,-0.0249,0.546286,39.54,88.5687,0.077456,36.3,23.765562,86.415081
2026-07-08 12:00:00,N05,-0.1776,0.656914,39.19,88.638,0.059266,36.6,23.765562,86.415081
2026-07-08 13:00:00,N05,-0.2473,0.005919,9.95,88.6873,0.058677,36.3,23.765562,86.415081
2026-07-08 14:00:00,N05,-0.4626,0.006067,4.4,88.7553,0.06788,35.6,23.765562,86.415081
2026-07-08 15:00:00,N05,-0.1127,0.00942,4.05,88.823,0.067947,34.4,23.765562,86.415081
2026-07-08 16:00:00,N05,-0.0811,0.007905,1.88,88.8912,0.068243,32.9,23.765562,86.415081
2026-07-08 17:00:00,N05,-0.0244,0.005901,2.15,88.9595,0.068006,31.0,23.765562,86.415081
2026-07-08 18:00:00,N05,,,,,,,23.765562,86.415081
2026-07-08 19:00:00,N05,,,,,,,23.765562,86.415081
2026-07-08 20:00:00,N05,0.115,0.006394,9.05,89.1615,0.067797,25.4,23.765562,86.415081
2026-07-08 21:00:00,N05,-0.2477,0.007287,5.87,89.2296,0.067216,23.8,23.765562,86.415081
2026-07-08 22:00:00,N05,-0.1875,0.006353,1.37,89.2959,0.067008,22.6,23.765562,86.415081
2026-07-08 23:00:00,N05,-0.2562,0.006118,4.04,89.3637,0.067354,21.9,23.765562,86.415081
2026-07-09 00:00:00,N05,-0.386,0.005739,7.38,89.4306,0.067194,25.1,23.765562,86.415081
2026-07-09 01:00:00,N05,-0.2447,0.008165,1.04,89.4981,0.066472,25.4,23.765562,86.415081
2026-07-09 02:00:00,N05,-0.484,0.007189,7.14,89.5636,0.065788,26.1,23.765562,86.415081
2026-07-09 03:00:00,N05,-0.2819,0.00568,2.75,89.6296,0.065623,27.3,23.765562,86.415081
2026-07-09 04:00:00,N05,-0.1627,0.006331,6.2,89.6948,0.065387,28.9,23.765562,86.415081
2026-07-09 05:00:00,N05,-0.3475,0.006727,2.62,89.7604,0.065502,30.7,23.765562,86.415081
2026-07-09 06:00:00,N05,-0.1131,0.005964,5.56,89.8258,0.065882,32.6,23.765562,86.415081
2026-07-09 07:00:00,N05,-0.0389,0.007944,9.7,89.8922,0.065767,34.6,23.765562,86.415081
2026-07-09 08:00:00,N05,-0.0432,0.005951,2.77,89.9573,0.06505,36.4,23.765562,86.415081
2026-07-09 09:00:00,N05,-0.1231,0.005997,1.08,90.0223,0.065273,37.9,23.765562,86.415081
2026-07-09 10:00:00,N05,-0.157,0.006053,8.95,90.0879,0.070603,39.1,23.765562,86.415081
2026-07-09 11:00:00,N05,-0.0867,0.563418,30.58,90.1635,0.070599,39.9,23.765562,86.415081
2026-07-09 12:00:00,N05,-0.2566,0.511667,28.82,90.2291,0.069086,40.1,23.765562,86.415081
2026-07-09 13:00:00,N05,-0.3459,0.812609,41.92,90.3016,0.068514,39.9,23.765562,86.415081
2026-07-09 14:00:00,N05,-0.1161,0.939375,48.56,90.3661,0.054963,39.1,23.765562,86.415081
2026-07-09 15:00:00,N05,-0.1214,0.009128,9.02,90.4116,0.05504,37.9,23.765562,86.415081
2026-07-09 16:00:00,N05,,,,,,,23.765562,86.415081
2026-07-09 17:00:00,N05,-0.1712,0.006576,3.3,90.5407,0.063996,34.6,23.765562,86.415081
2026-07-09 18:00:00,N05,-0.1528,0.005951,5.58,90.6042,0.063741,32.6,23.765562,86.415081
2026-07-09 19:00:00,N05,-0.1858,0.007633,5.14,90.6681,0.063769,30.7,23.765562,86.415081
2026-07-09 20:00:00,N05,-0.3443,0.006358,8.94,90.7317,0.063552,28.9,23.765562,86.415081
2026-07-09 21:00:00,N05,-0.1122,0.005805,9.0,90.7952,0.063606,27.3,23.765562,86.415081
2026-07-09 22:00:00,N05,-0.0666,0.006466,9.82,90.8589,0.063629,26.1,23.765562,86.415081
2026-07-09 23:00:00,N05,-0.0139,0.007062,6.58,90.9225,0.063526,25.4,23.765562,86.415081
2026-07-10 00:00:00,N05,-0.0204,0.007435,4.59,90.986,0.063967,28.0,23.765562,86.415081
2026-07-10 01:00:00,N05,-0.1332,0.005899,7.67,91.0504,0.06383,28.3,23.765562,86.415081
2026-07-10 02:00:00,N05,-0.0755,0.006852,3.18,91.1136,0.063424,29.0,23.765562,86.415081
2026-07-10 03:00:00,N05,,,,,,,23.765562,86.415081
2026-07-10 04:00:00,N05,,,,,,,23.765562,86.415081
2026-07-10 05:00:00,N05,,,,,,,23.765562,86.415081
2026-07-10 06:00:00,N05,,,,,,,23.765562,86.415081
2026-07-10 07:00:00,N05,,,,,,,23.765562,86.415081
2026-07-10 08:00:00,N05,,,,,,,23.765562,86.415081
2026-07-10 09:00:00,N05,,,,,,,23.765562,86.415081
2026-07-10 10:00:00,N05,-0.2435,0.858674,35.07,91.6039,0.063716,42.0,23.765562,86.415081
2026-07-10 11:00:00,N05,-0.3967,0.006928,4.24,91.6799,0.068787,42.8,23.765562,86.415081
2026-07-10 12:00:00,N05,-0.1123,0.007404,3.83,91.7415,0.061812,43.0,23.765562,86.415081
2026-07-10 13:00:00,N05,0.0145,0.007434,8.62,91.8035,0.06156,42.8,23.765562,86.415081
2026-07-10 14:00:00,N05,0.0044,0.007985,7.83,91.8646,0.061874,42.0,23.765562,86.415081
2026-07-10 15:00:00,N05,-0.0524,0.007645,4.91,91.9272,0.062092,40.8,23.765562,86.415081
2026-07-10 16:00:00,N05,-0.1066,0.008716,8.96,91.9888,0.061801,39.3,23.765562,86.415081
2026-07-10 17:00:00,N05,0.0338,0.006268,8.62,92.0508,0.061643,37.5,23.765562,86.415081
2026-07-10 18:00:00,N05,-0.1954,0.006195,8.34,92.1121,0.061292,35.5,23.765562,86.415081
2026-07-10 19:00:00,N05,-0.178,0.007706,3.78,92.1734,0.060993,33.6,23.765562,86.415081
2026-07-10 20:00:00,N05,-0.0347,0.008487,5.01,92.2341,0.06153,31.8,23.765562,86.415081
2026-07-10 21:00:00,N05,-0.2155,0.007866,8.07,92.2965,0.062103,30.2,23.765562,86.415081
2026-07-10 22:00:00,N05,-0.4225,0.007399,9.65,92.3583,0.061593,29.0,23.765562,86.415081
2026-07-10 23:00:00,N05,-0.1681,0.007075,9.83,92.4197,0.061346,28.3,23.765562,86.415081
2026-07-11 00:00:00,N05,-0.2084,0.006158,1.94,92.481,0.0611,25.4,23.765562,86.415081
2026-07-11 01:00:00,N05,-0.1195,0.006284,8.88,92.5419,0.060976,25.7,23.765562,86.415081
2026-07-11 02:00:00,N05,-0.0681,0.005551,1.77,92.6029,0.060863,26.4,23.765562,86.415081
2026-07-11 03:00:00,N05,-0.2986,0.00825,9.03,92.6636,0.060664,27.6,23.765562,86.415081
2026-07-11 04:00:00,N05,-0.3803,0.008254,1.55,92.7243,0.06058,29.2,23.765562,86.415081
2026-07-11 05:00:00,N05,-0.0425,0.00609,9.23,92.7848,0.060451,31.0,23.765562,86.415081
2026-07-11 06:00:00,N05,-0.3132,0.00716,1.41,92.8452,0.060077,32.9,23.765562,86.415081
2026-07-11 07:00:00,N05,-0.2197,0.005804,3.65,92.9049,0.05975,34.9,23.765562,86.415081
2026-07-11 08:00:00,N05,-0.5965,0.00892,9.11,92.9647,0.057433,36.7,23.765562,86.415081
2026-07-11 09:00:00,N05,-0.3845,0.930244,37.37,93.0198,0.059909,38.2,23.765562,86.415081
2026-07-11 10:00:00,N05,-0.0276,0.008167,2.24,93.0845,0.062375,39.4,23.765562,86.415081
2026-07-11 11:00:00,N05,-0.2283,0.005829,5.5,93.1445,0.060003,40.2,23.765562,86.415081
2026-07-11 12:00:00,N05,-0.3341,0.009671,9.87,93.2045,0.059765,40.4,23.765562,86.415081
2026-07-11 13:00:00,N05,-0.1125,0.005699,5.53,93.2641,0.059468,40.2,23.765562,86.415081
2026-07-11 14:00:00,N05,-0.2543,0.006556,7.02,93.3234,0.052094,39.4,23.765562,86.415081
2026-07-11 15:00:00,N05,0.2293,0.792831,33.84,93.3682,0.052521,38.2,23.765562,86.415081
2026-07-11 16:00:00,N05,-0.3153,0.605012,31.49,93.4285,0.067762,36.7,23.765562,86.415081
2026-07-11 17:00:00,N05,-0.3846,0.005981,6.82,93.5038,0.066947,34.9,23.765562,86.415081
2026-07-11 18:00:00,N05,-0.2311,0.008937,1.42,93.5624,0.058534,32.9,23.765562,86.415081
2026-07-11 19:00:00,N05,-0.1688,0.00972,2.57,93.6208,0.058486,31.0,23.765562,86.415081
2026-07-11 20:00:00,N05,-0.4965,0.009006,4.33,93.6793,0.058543,29.2,23.765562,86.415081
2026-07-11 21:00:00,N05,-0.0518,0.005935,3.2,93.7379,0.058779,27.6,23.765562,86.415081
2026-07-11 22:00:00,N05,-0.1454,0.006671,9.65,93.7969,0.058447,26.4,23.765562,86.415081
2026-07-11 23:00:00,N05,-0.2226,0.00692,9.72,93.8548,0.058393,25.7,23.765562,86.415081
2026-07-12 00:00:00,N05,,,,,,,23.765562,86.415081
2026-07-12 01:00:00,N05,,,,,,,23.765562,86.415081
2026-07-12 02:00:00,N05,,,,,,,23.765562,86.415081
2026-07-12 03:00:00,N05,,,,,,,23.765562,86.415081
2026-07-12 04:00:00,N05,-0.1864,0.005988,8.5,94.1463,0.058056,31.9,23.765562,86.415081
2026-07-12 05:00:00,N05,-0.1737,0.009596,9.12,94.204,0.057491,33.7,23.765562,86.415081
2026-07-12 06:00:00,N05,-0.324,0.007219,6.38,94.2613,0.057714,35.7,23.765562,86.415081
2026-07-12 07:00:00,N05,-0.2741,0.007279,8.12,94.3194,0.058,37.6,23.765562,86.415081
2026-07-12 08:00:00,N05,-0.0505,0.006911,8.82,94.3773,0.057498,39.4,23.765562,86.415081
2026-07-12 09:00:00,N05,,,,,,,23.765562,86.415081
2026-07-12 10:00:00,N05,,,,,,,23.765562,86.415081
2026-07-12 11:00:00,N05,,,,,,,23.765562,86.415081
2026-07-12 12:00:00,N05,,,,,,,23.765562,86.415081
2026-07-12 13:00:00,N05,,,,,,,23.765562,86.415081
2026-07-12 14:00:00,N05,,,,,,,23.765562,86.415081
2026-07-12 15:00:00,N05,,,,,,,23.765562,86.415081
2026-07-12 16:00:00,N05,-0.2016,0.702104,25.23,94.8219,0.056643,39.4,23.765562,86.415081
2026-07-12 17:00:00,N05,-0.1545,0.007855,2.69,94.8941,0.064241,37.6,23.765562,86.415081
2026-07-12 18:00:00,N05,,,,,,,23.765562,86.415081
2026-07-12 19:00:00,N05,,,,,,,23.765562,86.415081
2026-07-12 20:00:00,N05,-0.4348,0.009493,9.07,95.0645,0.056518,31.9,23.765562,86.415081
2026-07-12 21:00:00,N05,-0.4556,0.006015,8.58,95.1206,0.056013,30.4,23.765562,86.415081
2026-07-12 22:00:00,N05,-0.3178,0.006988,2.17,95.1765,0.055896,29.2,23.765562,86.415081
2026-07-12 23:00:00,N05,-0.1519,0.008123,6.93,95.2324,0.056199,28.4,23.765562,86.415081
2026-07-13 00:00:00,N05,-0.2348,0.006704,2.48,95.2889,0.056146,26.7,23.765562,86.415081
2026-07-13 01:00:00,N05,-0.2991,0.006535,5.26,95.3447,0.056179,27.0,23.765562,86.415081
2026-07-13 02:00:00,N05,-0.2167,0.008108,7.35,95.4013,0.056432,27.7,23.765562,86.415081
2026-07-13 03:00:00,N05,-0.1863,0.006978,5.45,95.4575,0.055953,28.9,23.765562,86.415081
2026-07-13 04:00:00,N05,,,,,,,23.765562,86.415081
2026-07-13 05:00:00,N05,-0.0328,0.008555,1.49,95.5689,0.059527,32.3,23.765562,86.415081
2026-07-13 06:00:00,N05,0.0033,0.858746,15.37,95.6322,0.059132,34.2,23.765562,86.415081
2026-07-13 07:00:00,N05,-0.0474,0.72275,18.63,95.6872,0.051835,36.2,23.765562,86.415081
2026-07-13 08:00:00,N05,,,,,,,23.765562,86.415081
2026-07-13 09:00:00,N05,-0.2506,0.005441,3.0,95.7907,0.054872,39.5,23.765562,86.415081
2026-07-13 10:00:00,N05,,,,,,,23.765562,86.415081
2026-07-13 11:00:00,N05,,,,,,,23.765562,86.415081
2026-07-13 12:00:00,N05,,,,,,,23.765562,86.415081
2026-07-13 13:00:00,N05,,,,,,,23.765562,86.415081
2026-07-13 14:00:00,N05,,,,,,,23.765562,86.415081
2026-07-13 15:00:00,N05,-0.2971,0.006002,5.99,96.1199,0.054094,39.5,23.765562,86.415081
2026-07-13 16:00:00,N05,-0.025,0.007436,6.44,96.1742,0.054399,38.0,23.765562,86.415081
2026-07-13 17:00:00,N05,-0.202,0.009046,3.54,96.2287,0.054068,36.2,23.765562,86.415081
2026-07-13 18:00:00,N05,-0.3475,0.007418,7.67,96.2823,0.054382,34.2,23.765562,86.415081
2026-07-13 19:00:00,N05,0.0608,0.010162,7.85,96.3375,0.05452,32.3,23.765562,86.415081
2026-07-13 20:00:00,N05,-0.1318,0.010818,4.25,96.3914,0.053543,30.5,23.765562,86.415081
2026-07-13 21:00:00,N05,-0.1763,0.008051,4.07,96.4446,0.053602,28.9,23.765562,86.415081
2026-07-13 22:00:00,N05,,,,,,,23.765562,86.415081
2026-07-13 23:00:00,N05,,,,,,,23.765562,86.415081
2026-07-14 00:00:00,N05,,,,,,,23.765562,86.415081
2026-07-14 01:00:00,N05,,,,,,,23.765562,86.415081
2026-07-14 02:00:00,N05,,,,,,,23.765562,86.415081
2026-07-14 03:00:00,N05,,,,,,,23.765562,86.415081
2026-07-14 04:00:00,N05,,,,,,,23.765562,86.415081
2026-07-14 05:00:00,N05,,,,,,,23.765562,86.415081
2026-07-14 06:00:00,N05,,,,,,,23.765562,86.415081
2026-07-14 07:00:00,N05,,,,,,,23.765562,86.415081
2026-07-14 08:00:00,N05,-0.2963,0.829221,37.76,97.0402,0.053556,34.8,23.765562,86.415081
2026-07-14 09:00:00,N05,-0.189,0.009751,3.14,97.0862,0.049331,36.3,23.765562,86.415081
2026-07-14 10:00:00,N05,-0.2046,0.006563,5.9,97.1388,0.046766,37.5,23.765562,86.415081
2026-07-14 11:00:00,N05,-0.1426,0.520942,21.17,97.1797,0.046537,38.3,23.765562,86.415081
2026-07-14 12:00:00,N05,0.0981,0.538502,26.41,97.2319,0.058521,38.5,23.765562,86.415081
2026-07-14 13:00:00,N05,-0.2293,0.006577,6.72,97.2967,0.058584,38.3,23.765562,86.415081
2026-07-14 14:00:00,N05,-0.353,0.005533,8.79,97.3491,0.052591,37.5,23.765562,86.415081
2026-07-14 15:00:00,N05,-0.0612,0.005754,5.33,97.4019,0.052871,36.3,23.765562,86.415081
2026-07-14 16:00:00,N05,-0.1526,0.007765,8.37,97.4548,0.052708,34.8,23.765562,86.415081
2026-07-14 17:00:00,N05,-0.0334,0.006031,6.22,97.5073,0.052704,33.0,23.765562,86.415081
2026-07-14 18:00:00,N05,-0.4646,0.008865,6.51,97.5602,0.052568,31.0,23.765562,86.415081
2026-07-14 19:00:00,N05,,,,,,,23.765562,86.415081
2026-07-14 20:00:00,N05,,,,,,,23.765562,86.415081
2026-07-14 21:00:00,N05,,,,,,,23.765562,86.415081
2026-07-14 22:00:00,N05,-0.2773,0.00577,5.59,97.7636,0.049301,24.5,23.765562,86.415081
2026-07-14 23:00:00,N05,-0.2223,0.007649,4.2,97.8148,0.051719,23.8,23.765562,86.415081
2026-07-15 00:00:00,N05,-0.2972,0.005462,3.8,97.867,0.052011,27.5,23.765562,86.415081
2026-07-15 01:00:00,N05,-0.2966,0.006691,3.54,97.9189,0.051798,27.8,23.765562,86.415081
2026-07-15 02:00:00,N05,-0.2016,0.006515,4.45,97.9706,0.051632,28.5,23.765562,86.415081
2026-07-15 03:00:00,N05,,,,,,,23.765562,86.415081
2026-07-15 04:00:00,N05,,,,,,,23.765562,86.415081
2026-07-15 05:00:00,N05,,,,,,,23.765562,86.415081
2026-07-15 06:00:00,N05,-0.3546,0.009633,3.79,98.1762,0.054336,35.0,23.765562,86.415081
2026-07-15 07:00:00,N05,-0.0705,0.833983,32.45,98.2327,0.05432,37.0,23.765562,86.415081
2026-07-15 08:00:00,N05,-0.1173,0.75126,18.14,98.2848,0.047539,38.8,23.765562,86.415081
2026-07-15 09:00:00,N05,-0.0973,0.006473,3.72,98.3278,0.046475,40.3,23.765562,86.415081
2026-07-15 10:00:00,N05,-0.1135,0.009057,8.41,98.3778,0.050493,41.5,23.765562,86.415081
2026-07-15 11:00:00,N05,,,,,,,23.765562,86.415081
2026-07-15 12:00:00,N05,,,,,,,23.765562,86.415081
2026-07-15 13:00:00,N05,-0.3437,0.006289,8.29,98.5302,0.041106,42.3,23.765562,86.415081
2026-07-15 14:00:00,N05,-0.3792,0.006593,4.81,98.5803,0.050197,41.5,23.765562,86.415081
2026-07-15 15:00:00,N05,,,,,,,23.765562,86.415081
2026-07-15 16:00:00,N05,-0.3195,0.006926,4.48,98.682,0.05104,38.8,23.765562,86.415081
2026-07-15 17:00:00,N05,0.0374,0.007091,6.65,98.7327,0.050326,37.0,23.765562,86.415081
2026-07-15 18:00:00,N05,-0.0342,0.006993,5.21,98.7827,0.04974,35.0,23.765562,86.415081
2026-07-15 19:00:00,N05,-0.1951,0.007288,4.21,98.8322,0.049325,33.1,23.765562,86.415081
2026-07-15 20:00:00,N05,-0.2571,0.005728,8.33,98.8813,0.049818,31.3,23.765562,86.415081
2026-07-15 21:00:00,N05,-0.3799,0.006903,1.8,98.9318,0.050095,29.7,23.765562,86.415081
2026-07-15 22:00:00,N05,-0.3256,0.005649,7.12,98.9815,0.049687,28.5,23.765562,86.415081
2026-07-15 23:00:00,N05,-0.2547,0.005815,8.59,99.0312,0.049365,27.8,23.765562,86.415081
2026-07-16 00:00:00,N05,-0.2091,0.006018,6.85,99.0802,0.049343,25.1,23.765562,86.415081
2026-07-16 01:00:00,N05,,,,,,,23.765562,86.415081
2026-07-16 02:00:00,N05,-0.3436,0.006074,5.1,99.1777,0.048442,26.1,23.765562,86.415081
2026-07-16 03:00:00,N05,-0.1417,0.006183,5.15,99.2268,0.049061,27.3,23.765562,86.415081
2026-07-16 04:00:00,N05,-0.1783,0.0072,6.41,99.2759,0.049317,28.9,23.765562,86.415081
2026-07-16 05:00:00,N05,-0.2151,0.008328,2.2,99.3254,0.04901,30.7,23.765562,86.415081
2026-07-16 06:00:00,N05,-0.3289,0.005927,9.98,99.3739,0.048752,32.6,23.765562,86.415081
2026-07-16 07:00:00,N05,-0.2177,0.005416,2.39,99.4229,0.048916,34.6,23.765562,86.415081
2026-07-16 08:00:00,N05,-0.3288,0.005518,4.39,99.4717,0.048823,36.4,23.765562,86.415081
2026-07-16 09:00:00,N05,-0.3552,0.005862,8.54,99.5205,0.041363,37.9,23.765562,86.415081
2026-07-16 10:00:00,N05,-0.5227,0.519252,34.23,99.5544,0.040817,39.1,23.765562,86.415081
2026-07-16 11:00:00,N05,-0.2581,0.964709,30.49,99.6022,0.05602,39.9,23.765562,86.415081
2026-07-16 12:00:00,N05,-0.4906,0.005583,1.88,99.6665,0.056457,40.1,23.765562,86.415081
2026-07-16 13:00:00,N05,-0.4467,0.008503,5.76,99.7151,0.047797,39.9,23.765562,86.415081
2026-07-16 14:00:00,N05,-0.0049,0.005449,9.68,99.7621,0.047616,39.1,23.765562,86.415081
2026-07-16 15:00:00,N05,-0.0775,0.006824,1.3,99.8103,0.048343,37.9,23.765562,86.415081
2026-07-16 16:00:00,N05,,,,,,,23.765562,86.415081
2026-07-16 17:00:00,N05,,,,,,,23.765562,86.415081
2026-07-16 18:00:00,N05,,,,,,,23.765562,86.415081
2026-07-16 19:00:00,N05,-0.5416,0.007426,2.16,100.0009,0.047638,30.7,23.765562,86.415081
2026-07-16 20:00:00,N05,-0.0693,0.006895,1.32,100.0488,0.04786,28.9,23.765562,86.415081
2026-07-16 21:00:00,N05,-0.2363,0.006281,6.78,100.0966,0.047826,27.3,23.765562,86.415081
2026-07-16 22:00:00,N05,-0.0789,0.008515,7.09,100.1444,0.047875,26.1,23.765562,86.415081
2026-07-16 23:00:00,N05,-0.2873,0.00651,8.04,100.1924,0.047345,25.4,23.765562,86.415081
2026-07-17 00:00:00,N05,-0.5475,0.007342,7.29,100.2391,0.046573,22.5,23.765562,86.415081
2026-07-17 01:00:00,N05,-0.1521,0.00669,5.42,100.2855,0.046913,22.7,23.765562,86.415081
2026-07-17 02:00:00,N05,-0.3327,0.007009,8.88,100.333,0.04752,23.5,23.765562,86.415081
2026-07-17 03:00:00,N05,-0.5083,0.007968,1.8,100.3806,0.046805,24.6,23.765562,86.415081
2026-07-17 04:00:00,N05,,,,,,,23.765562,86.415081
2026-07-17 05:00:00,N05,,,,,,,23.765562,86.415081
2026-07-17 06:00:00,N05,,,,,,,23.765562,86.415081
2026-07-17 07:00:00,N05,,,,,,,23.765562,86.415081
2026-07-17 08:00:00,N05,,,,,,,23.765562,86.415081
2026-07-17 09:00:00,N05,-0.2272,0.005704,5.46,100.6603,0.039212,35.3,23.765562,86.415081
2026-07-17 10:00:00,N05,-0.3659,0.006255,4.77,100.7068,0.046358,36.4,23.765562,86.415081
2026-07-17 11:00:00,N05,-0.1129,0.00763,2.88,100.753,0.046219,37.2,23.765562,86.415081
2026-07-17 12:00:00,N05,-0.1614,0.006235,1.11,100.7992,0.040715,37.5,23.765562,86.415081
2026-07-17 13:00:00,N05,-0.1217,0.503726,22.87,100.8345,0.046014,37.2,23.765562,86.415081
2026-07-17 14:00:00,N05,-0.2244,0.005655,4.87,100.8912,0.051324,36.4,23.765562,86.415081
2026-07-17 15:00:00,N05,-0.1402,0.009025,8.89,100.9371,0.045669,35.3,23.765562,86.415081
2026-07-17 16:00:00,N05,-0.1619,0.007762,9.82,100.9826,0.04613,33.7,23.765562,86.415081
2026-07-17 17:00:00,N05,-0.5293,0.006669,5.82,101.0294,0.046441,31.9,23.765562,86.415081
2026-07-17 18:00:00,N05,,,,,,,23.765562,86.415081
2026-07-17 19:00:00,N05,,,,,,,23.765562,86.415081
2026-07-17 20:00:00,N05,,,,,,,23.765562,86.415081
2026-07-17 21:00:00,N05,,,,,,,23.765562,86.415081
2026-07-17 22:00:00,N05,,,,,,,23.765562,86.415081
2026-07-17 23:00:00,N05,-0.2189,0.007774,7.34,101.3046,0.045204,22.7,23.765562,86.415081
2026-07-18 00:00:00,N05,-0.2768,0.006293,6.83,101.3504,0.045704,27.8,23.765562,86.415081
2026-07-18 01:00:00,N05,-0.5155,0.007293,3.89,101.396,0.045647,28.1,23.765562,86.415081
2026-07-18 02:00:00,N05,,,,,,,23.765562,86.415081
2026-07-18 03:00:00,N05,,,,,,,23.765562,86.415081
2026-07-18 04:00:00,N05,,,,,,,23.765562,86.415081
2026-07-18 05:00:00,N05,-0.0873,0.005688,4.51,101.5765,0.04448,33.4,23.765562,86.415081
2026-07-18 06:00:00,N05,-0.1634,0.006042,8.49,101.621,0.044952,35.3,23.765562,86.415081
2026-07-18 07:00:00,N05,-0.3279,0.007073,8.2,101.6664,0.044756,37.3,23.765562,86.415081
2026-07-18 08:00:00,N05,-0.1797,0.00692,7.3,101.7105,0.044766,39.1,23.765562,86.415081
2026-07-18 09:00:00,N05,,,,,,,23.765562,86.415081
2026-07-18 10:00:00,N05,,,,,,,23.765562,86.415081
2026-07-18 11:00:00,N05,,,,,,,23.765562,86.415081
2026-07-18 12:00:00,N05,,,,,,,23.765562,86.415081
2026-07-18 13:00:00,N05,0.006,0.009408,3.3,101.9344,0.04421,42.6,23.765562,86.415081
2026-07-18 14:00:00,N05,-0.1817,0.006199,5.56,101.9785,0.044429,41.8,23.765562,86.415081
2026-07-18 15:00:00,N05,-0.0539,0.007006,9.38,102.0233,0.04796,40.6,23.765562,86.415081
2026-07-18 16:00:00,N05,-0.1619,0.882417,43.98,102.0744,0.044092,39.1,23.765562,86.415081
2026-07-18 17:00:00,N05,-0.2721,0.006954,9.33,102.1114,0.040518,37.3,23.765562,86.415081
2026-07-18 18:00:00,N05,-0.3964,0.00799,8.02,102.1554,0.044257,35.3,23.765562,86.415081
2026-07-18 19:00:00,N05,,,,,,,23.765562,86.415081
2026-07-18 20:00:00,N05,,,,,,,23.765562,86.415081
2026-07-18 21:00:00,N05,,,,,,,23.765562,86.415081
2026-07-18 22:00:00,N05,,,,,,,23.765562,86.415081
2026-07-18 23:00:00,N05,,,,,,,23.765562,86.415081
2026-07-19 00:00:00,N05,-0.1736,0.007308,5.62,102.4176,0.043102,26.9,23.765562,86.415081
2026-07-19 01:00:00,N05,-0.4856,0.008527,1.19,102.4606,0.0432,27.2,23.765562,86.415081
2026-07-19 02:00:00,N05,-0.0506,0.008021,4.57,102.504,0.043411,27.9,23.765562,86.415081
2026-07-19 03:00:00,N05,-0.2851,0.005472,7.32,102.5474,0.043518,29.1,23.765562,86.415081
2026-07-19 04:00:00,N05,-0.2898,0.007914,2.31,102.591,0.043028,30.7,23.765562,86.415081
2026-07-19 05:00:00,N05,,,,,,,23.765562,86.415081
2026-07-19 06:00:00,N05,,,,,,,23.765562,86.415081
2026-07-19 07:00:00,N05,,,,,,,23.765562,86.415081
2026-07-19 08:00:00,N05,,,,,,,23.765562,86.415081
2026-07-19 09:00:00,N05,,,,,,,23.765562,86.415081
2026-07-19 10:00:00,N05,-0.171,0.008058,4.06,102.849,0.037445,40.9,23.765562,86.415081
2026-07-19 11:00:00,N05,-0.491,0.008707,9.4,102.8918,0.042925,41.7,23.765562,86.415081
2026-07-19 12:00:00,N05,-0.1404,0.005599,8.41,102.9348,0.042746,41.9,23.765562,86.415081
2026-07-19 13:00:00,N05,-0.061,0.005859,6.92,102.9773,0.042049,41.7,23.765562,86.415081
2026-07-19 14:00:00,N05,-0.385,0.006339,3.97,103.0189,0.041698,40.9,23.765562,86.415081
2026-07-19 15:00:00,N05,0.0524,0.006032,4.68,103.0607,0.042079,39.7,23.765562,86.415081
2026-07-19 16:00:00,N05,-0.2462,0.007336,2.25,103.1031,0.041965,38.2,23.765562,86.415081
2026-07-19 17:00:00,N05,,,,,,,23.765562,86.415081
2026-07-19 18:00:00,N05,,,,,,,23.765562,86.415081
2026-07-19 19:00:00,N05,,,,,,,23.765562,86.415081
2026-07-19 20:00:00,N05,,,,,,,23.765562,86.415081
2026-07-19 21:00:00,N05,,,,,,,23.765562,86.415081
2026-07-19 22:00:00,N05,-0.1712,0.010412,2.59,103.3525,0.041837,27.9,23.765562,86.415081
2026-07-19 23:00:00,N05,0.0104,0.005755,7.8,103.3938,0.041975,27.2,23.765562,86.415081
2026-07-20 00:00:00,N05,-0.2813,0.006075,2.23,103.4365,0.042107,23.3,23.765562,86.415081
2026-07-20 01:00:00,N05,-0.2537,0.009506,3.67,103.478,0.032181,23.5,23.765562,86.415081
2026-07-20 02:00:00,N05,-0.5372,0.007326,5.41,103.5008,0.013967,24.3,23.765562,86.415081
2026-07-20 03:00:00,N05,-0.2279,0.005284,1.84,103.5059,0.00501,25.5,23.765562,86.415081
2026-07-20 04:00:00,N05,-0.2071,0.006529,2.63,103.5109,0.004771,27.0,23.765562,86.415081
2026-07-20 05:00:00,N05,-0.0951,0.006154,4.72,103.5155,0.005021,28.8,23.765562,86.415081
2026-07-20 06:00:00,N05,-0.4782,0.005253,3.6,103.5209,0.005094,30.8,23.765562,86.415081
2026-07-20 07:00:00,N05,-0.1023,0.00511,2.63,103.5257,0.005096,32.7,23.765562,86.415081
2026-07-20 08:00:00,N05,-0.1938,0.007497,4.25,103.5311,0.005447,34.5,23.765562,86.415081
2026-07-20 09:00:00,N05,-0.1933,0.007044,7.32,103.5366,0.000793,36.1,23.765562,86.415081
2026-07-20 10:00:00,N05,-0.2903,0.954231,46.29,103.5295,0.004907,37.3,23.765562,86.415081
2026-07-20 11:00:00,N05,-0.1788,0.007994,2.93,103.5464,0.010987,38.0,23.765562,86.415081
2026-07-20 12:00:00,N05,0.0516,0.005414,1.59,103.5515,0.005404,38.3,23.765562,86.415081
2026-07-20 13:00:00,N05,-0.3332,0.007947,7.26,103.5572,0.00952,38.0,23.765562,86.415081
2026-07-20 14:00:00,N05,-0.0565,0.563591,15.03,103.5705,0.004803,37.3,23.765562,86.415081
2026-07-20 15:00:00,N05,-0.2644,0.007897,3.1,103.5668,0.000721,36.1,23.765562,86.415081
2026-07-20 16:00:00,N05,-0.3015,0.005924,6.53,103.572,0.005366,34.5,23.765562,86.415081
2026-07-20 17:00:00,N05,,,,,,,23.765562,86.415081
2026-07-20 18:00:00,N05,,,,,,,23.765562,86.415081
2026-07-20 19:00:00,N05,,,,,,,23.765562,86.415081
2026-07-20 20:00:00,N05,,,,,,,23.765562,86.415081
2026-07-20 21:00:00,N05,-0.1171,0.007024,3.64,103.5985,0.005199,25.5,23.765562,86.415081
2026-07-20 22:00:00,N05,-0.3323,0.005377,2.89,103.6036,0.00494,24.3,23.765562,86.415081
2026-07-20 23:00:00,N05,-0.29,0.005054,7.84,103.6084,0.004757,23.5,23.765562,86.415081
2026-07-21 00:00:00,N05,-0.0358,0.005974,6.11,103.6132,0.005195,27.2,23.765562,86.415081
2026-07-21 01:00:00,N05,-0.3088,0.005202,6.04,103.6188,0.005356,27.4,23.765562,86.415081
2026-07-21 02:00:00,N05,-0.3274,0.007259,6.12,103.6239,0.005035,28.2,23.765562,86.415081
2026-07-21 03:00:00,N05,-0.3773,0.007217,6.06,103.6288,0.005171,29.4,23.765562,86.415081
2026-07-21 04:00:00,N05,-0.1299,0.00613,4.38,103.6342,0.005408,30.9,23.765562,86.415081
2026-07-21 05:00:00,N05,-0.3411,0.006015,5.01,103.6397,0.004818,32.7,23.765562,86.415081
2026-07-21 06:00:00,N05,-0.0438,0.006217,1.1,103.6439,0.005146,34.7,23.765562,86.415081
2026-07-21 07:00:00,N05,-0.1261,0.801724,36.11,103.6294,0.001807,36.6,23.765562,86.415081
2026-07-21 08:00:00,N05,0.1007,0.710187,43.15,103.6475,0.014804,38.4,23.765562,86.415081
2026-07-21 09:00:00,N05,-0.1661,0.006403,4.92,103.659,0.008635,40.0,23.765562,86.415081
2026-07-21 10:00:00,N05,-0.252,0.008761,7.78,103.6647,0.001718,41.2,23.765562,86.415081
2026-07-21 11:00:00,N05,-0.1459,0.503187,34.58,103.6555,0.00539,41.9,23.765562,86.415081
2026-07-21 12:00:00,N05,,,,,,,23.765562,86.415081
2026-07-21 13:00:00,N05,,,,,,,23.765562,86.415081
2026-07-21 14:00:00,N05,,,,,,,23.765562,86.415081
2026-07-21 15:00:00,N05,,,,,,,23.765562,86.415081
2026-07-21 16:00:00,N05,,,,,,,23.765562,86.415081
2026-07-21 17:00:00,N05,-0.2297,0.005328,5.55,103.7005,0.005269,36.6,23.765562,86.415081
2026-07-21 18:00:00,N05,-0.0119,0.006167,9.84,103.7055,0.005432,34.7,23.765562,86.415081
2026-07-21 19:00:00,N05,-0.2405,0.006483,9.45,103.7114,0.005646,32.7,23.765562,86.415081
2026-07-21 20:00:00,N05,,,,,,,23.765562,86.415081
2026-07-21 21:00:00,N05,,,,,,,23.765562,86.415081
2026-07-21 22:00:00,N05,-0.3307,0.005202,3.48,103.726,0.004907,28.2,23.765562,86.415081
2026-07-21 23:00:00,N05,-0.2312,0.008096,9.04,103.7312,0.005553,27.4,23.765562,86.415081
2026-07-22 00:00:00,N05,-0.1701,0.005056,3.32,103.7371,0.005821,27.0,23.765562,86.415081
2026-07-22 01:00:00,N05,-0.4525,0.005247,9.89,103.7429,0.005459,27.3,23.765562,86.415081
2026-07-22 02:00:00,N05,0.0172,0.006187,3.16,103.748,0.005452,28.0,23.765562,86.415081
2026-07-22 03:00:00,N05,-0.1636,0.00541,2.89,103.7538,0.005576,29.2,23.765562,86.415081
2026-07-22 04:00:00,N05,,,,,,,23.765562,86.415081
2026-07-22 05:00:00,N05,-0.2585,0.005454,6.86,103.764,0.005044,32.6,23.765562,86.415081
2026-07-22 06:00:00,N05,-0.2132,0.006551,3.46,103.7693,0.002724,34.5,23.765562,86.415081
2026-07-22 07:00:00,N05,-0.2867,0.737291,42.28,103.7586,0.002034,36.4,23.765562,86.415081
2026-07-22 08:00:00,N05,-0.343,0.673353,48.2,103.7652,0.013929,38.2,23.765562,86.415081
2026-07-22 09:00:00,N05,-0.1819,0.007373,8.73,103.7864,0.013277,39.8,23.765562,86.415081
2026-07-22 10:00:00,N05,-0.3676,0.005231,3.44,103.7917,0.00517,41.0,23.765562,86.415081
2026-07-22 11:00:00,N05,-0.0012,0.005948,9.24,103.7968,0.00499,41.7,23.765562,86.415081
2026-07-22 12:00:00,N05,-0.4208,0.005165,4.4,103.8017,0.004731,42.0,23.765562,86.415081
2026-07-22 13:00:00,N05,-0.1865,0.007032,8.36,103.8062,0.005048,41.7,23.765562,86.415081
2026-07-22 14:00:00,N05,0.0494,0.00572,6.17,103.8118,0.000633,41.0,23.765562,86.415081
2026-07-22 15:00:00,N05,-0.4161,0.537796,30.62,103.8075,0.000271,39.8,23.765562,86.415081
2026-07-22 16:00:00,N05,-0.375,0.675296,33.48,103.8124,0.014408,38.2,23.765562,86.415081
2026-07-22 17:00:00,N05,-0.3876,0.872944,30.99,103.8363,0.014328,36.4,23.765562,86.415081
2026-07-22 18:00:00,N05,-0.3234,0.696943,28.08,103.841,0.000744,34.5,23.765562,86.415081
2026-07-22 19:00:00,N05,0.1087,0.006025,2.13,103.8378,0.001125,32.6,23.765562,86.415081
2026-07-22 20:00:00,N05,-0.1964,0.00722,2.43,103.8433,0.005337,30.7,23.765562,86.415081
2026-07-22 21:00:00,N05,-0.3868,0.005943,3.26,103.8485,0.005291,29.2,23.765562,86.415081
2026-07-22 22:00:00,N05,-0.4755,0.006798,4.97,103.8539,0.004969,28.0,23.765562,86.415081
2026-07-22 23:00:00,N05,,,,,,,23.765562,86.415081
2026-07-23 00:00:00,N05,,,,,,,23.765562,86.415081
2026-07-23 01:00:00,N05,,,,,,,23.765562,86.415081
2026-07-23 02:00:00,N05,,,,,,,23.765562,86.415081
2026-07-23 03:00:00,N05,,,,,,,23.765562,86.415081
2026-07-23 04:00:00,N05,,,,,,,23.765562,86.415081
2026-07-23 05:00:00,N05,-0.1062,0.006194,8.85,103.8882,0.004611,29.9,23.765562,86.415081
2026-07-23 06:00:00,N05,-0.4792,0.007431,3.48,103.8929,0.004945,31.9,23.765562,86.415081
2026-07-23 07:00:00,N05,-0.2812,0.008265,2.09,103.8981,0.013358,33.8,23.765562,86.415081
2026-07-23 08:00:00,N05,-0.2362,0.547179,39.46,103.9196,0.01986,35.6,23.765562,86.415081
2026-07-23 09:00:00,N05,-0.3698,0.559396,15.51,103.9379,0.004016,37.2,23.765562,86.415081
2026-07-23 10:00:00,N05,-0.4163,0.555281,23.53,103.9277,0.008389,38.4,23.765562,86.415081
2026-07-23 11:00:00,N05,-0.1639,0.006662,4.66,103.9211,0.000626,39.1,23.765562,86.415081
2026-07-23 12:00:00,N05,-0.2902,0.006269,8.91,103.9264,0.00522,39.4,23.765562,86.415081
2026-07-23 13:00:00,N05,-0.0151,0.005675,6.08,103.9315,0.005249,39.1,23.765562,86.415081
2026-07-23 14:00:00,N05,-0.0143,0.007045,5.62,103.9369,0.005131,38.4,23.765562,86.415081
2026-07-23 15:00:00,N05,-0.1991,0.007223,1.11,103.9418,0.010191,37.2,23.765562,86.415081
2026-07-23 16:00:00,N05,-0.4528,0.921631,28.56,103.9573,0.004951,35.6,23.765562,86.415081
2026-07-23 17:00:00,N05,-0.3172,0.006324,4.69,103.9517,0.000325,33.8,23.765562,86.415081
2026-07-23 18:00:00,N05,0.1624,0.005491,8.57,103.9566,0.005254,31.9,23.765562,86.415081
2026-07-23 19:00:00,N05,-0.1873,0.006124,5.43,103.9622,0.005269,29.9,23.765562,86.415081
2026-07-23 20:00:00,N05,-0.434,0.008977,2.5,103.9672,0.005119,28.1,23.765562,86.415081
2026-07-23 21:00:00,N05,-0.2326,0.005167,3.82,103.9724,0.00524,26.6,23.765562,86.415081
2026-07-23 22:00:00,N05,-0.3301,0.005779,5.62,103.9777,0.005058,25.4,23.765562,86.415081
2026-07-23 23:00:00,N05,-0.4735,0.005636,4.76,103.9825,0.004968,24.6,23.765562,86.415081
2026-07-24 00:00:00,N05,-0.209,0.00648,3.28,103.9876,0.005027,25.1,23.765562,86.415081
2026-07-24 01:00:00,N05,-0.4983,0.006036,4.85,103.9926,0.005534,25.4,23.765562,86.415081
2026-07-24 02:00:00,N05,-0.1295,0.006561,9.19,103.9987,0.005619,26.1,23.765562,86.415081
2026-07-24 03:00:00,N05,-0.228,0.005775,8.24,104.0038,0.005069,27.3,23.765562,86.415081
2026-07-24 04:00:00,N05,-0.0608,0.008386,3.56,104.0088,0.004964,28.9,23.765562,86.415081
2026-07-24 05:00:00,N05,-0.0943,0.005366,6.49,104.0138,0.004608,30.7,23.765562,86.415081
2026-07-24 06:00:00,N05,-0.421,0.00519,5.34,104.018,0.004753,32.6,23.765562,86.415081
2026-07-24 07:00:00,N05,-0.1356,0.008019,3.28,104.0233,0.005265,34.6,23.765562,86.415081
2026-07-24 08:00:00,N05,-0.4373,0.007192,4.87,104.0286,0.005233,36.4,23.765562,86.415081
2026-07-24 09:00:00,N05,-0.2057,0.008408,1.74,104.0337,0.000896,37.9,23.765562,86.415081
2026-07-24 10:00:00,N05,,,,,,,23.765562,86.415081
2026-07-24 11:00:00,N05,,,,,,,23.765562,86.415081
2026-07-24 12:00:00,N05,,,,,,,23.765562,86.415081
2026-07-24 13:00:00,N05,,,,,,,23.765562,86.415081
2026-07-24 14:00:00,N05,,,,,,,23.765562,86.415081
2026-07-24 15:00:00,N05,0.0138,0.546076,18.72,104.085,0.017772,37.9,23.765562,86.415081
2026-07-24 16:00:00,N05,-0.0385,0.99285,29.49,104.0897,0.004968,36.4,23.765562,86.415081
2026-07-24 17:00:00,N05,-0.2053,0.006389,7.7,104.075,0.004898,34.6,23.765562,86.415081
2026-07-24 18:00:00,N05,-0.297,0.00581,7.54,104.0799,0.004635,32.6,23.765562,86.415081
2026-07-24 19:00:00,N05,-0.3626,0.006882,9.2,104.0843,0.0051,30.7,23.765562,86.415081
2026-07-24 20:00:00,N05,-0.2397,0.005447,8.62,104.0901,0.005338,28.9,23.765562,86.415081
2026-07-24 21:00:00,N05,-0.3381,0.005992,6.89,104.095,0.005399,27.3,23.765562,86.415081
2026-07-24 22:00:00,N05,-0.2224,0.008578,3.3,104.1009,0.00585,26.1,23.765562,86.415081
2026-07-24 23:00:00,N05,-0.4137,0.006305,5.11,104.1067,0.005383,25.4,23.765562,86.415081
2026-07-25 00:00:00,N05,-0.0374,0.008593,1.48,104.1117,0.005267,23.7,23.765562,86.415081
2026-07-25 01:00:00,N05,-0.1282,0.007429,3.16,104.1172,0.005739,24.0,23.765562,86.415081
2026-07-25 02:00:00,N05,-0.2983,0.006095,9.14,104.1232,0.005228,24.7,23.765562,86.415081
2026-07-25 03:00:00,N05,-0.3034,0.005491,3.34,104.1277,0.004614,25.9,23.765562,86.415081
2026-07-25 04:00:00,N05,-0.2274,0.00543,1.02,104.1324,0.004933,27.5,23.765562,86.415081
2026-07-25 05:00:00,N05,-0.2968,0.007179,7.45,104.1375,0.005159,29.3,23.765562,86.415081
2026-07-25 06:00:00,N05,-0.229,0.008351,7.45,104.1427,0.005225,31.2,23.765562,86.415081
2026-07-25 07:00:00,N05,-0.0778,0.007227,9.85,104.148,0.005312,33.1,23.765562,86.415081
2026-07-25 08:00:00,N05,-0.1696,0.005455,9.78,104.1533,0.021456,35.0,23.765562,86.415081
2026-07-25 09:00:00,N05,-0.3495,0.776277,34.17,104.1909,0.022464,36.5,23.765562,86.415081
2026-07-25 10:00:00,N05,-0.21,0.960212,42.22,104.1983,0.010396,37.7,23.765562,86.415081
2026-07-25 11:00:00,N05,-0.2024,0.007842,5.81,104.1701,0.011291,38.4,23.765562,86.415081
2026-07-25 12:00:00,N05,-0.3182,0.006026,9.51,104.1757,0.005591,38.7,23.765562,86.415081
2026-07-25 13:00:00,N05,-0.2929,0.006944,6.79,104.1813,0.005395,38.4,23.765562,86.415081
2026-07-25 14:00:00,N05,,,,,,,23.765562,86.415081
2026-07-25 15:00:00,N05,0.052,0.007724,8.34,104.1914,0.00507,36.5,23.765562,86.415081
2026-07-25 16:00:00,N05,-0.2336,0.005181,5.28,104.1966,0.005213,35.0,23.765562,86.415081
2026-07-25 17:00:00,N05,-0.2029,0.007344,6.78,104.2018,0.00521,33.1,23.765562,86.415081
2026-07-25 18:00:00,N05,-0.0616,0.005917,1.24,104.207,0.004727,31.2,23.765562,86.415081
2026-07-25 19:00:00,N05,-0.2338,0.005239,1.75,104.2113,0.004396,29.3,23.765562,86.415081
2026-07-25 20:00:00,N05,-0.3048,0.00533,6.77,104.2158,0.004789,27.5,23.765562,86.415081
2026-07-25 21:00:00,N05,-0.3776,0.005366,5.59,104.2208,0.005721,25.9,23.765562,86.415081
2026-07-25 22:00:00,N05,-0.4671,0.007621,8.23,104.2273,0.005575,24.7,23.765562,86.415081
2026-07-25 23:00:00,N05,-0.339,0.005933,6.46,104.232,0.004738,24.0,23.765562,86.415081
2026-07-26 00:00:00,N05,-0.466,0.00639,1.07,104.2367,0.005157,24.2,23.765562,86.415081
2026-07-26 01:00:00,N05,0.012,0.005345,2.85,104.2423,0.005473,24.4,23.765562,86.415081
2026-07-26 02:00:00,N05,-0.5196,0.006331,4.85,104.2477,0.005273,25.2,23.765562,86.415081
2026-07-26 03:00:00,N05,-0.4589,0.005084,4.24,104.2528,0.004942,26.4,23.765562,86.415081
2026-07-26 04:00:00,N05,-0.0878,0.005678,1.62,104.2576,0.004932,27.9,23.765562,86.415081
2026-07-26 05:00:00,N05,-0.1787,0.006063,6.73,104.2627,0.000529,29.7,23.765562,86.415081
2026-07-26 06:00:00,N05,-0.2293,0.529474,15.41,104.2565,0.005865,31.7,23.765562,86.415081
2026-07-26 07:00:00,N05,-0.447,0.008848,8.02,104.2744,0.011054,33.6,23.765562,86.415081
2026-07-26 08:00:00,N05,-0.2621,0.007258,7.38,104.2786,0.002434,35.4,23.765562,86.415081
2026-07-26 09:00:00,N05,-0.4384,0.949083,32.56,104.2696,0.001711,37.0,23.765562,86.415081
2026-07-26 10:00:00,N05,-0.2384,0.553784,45.31,104.2752,0.012189,38.2,23.765562,86.415081
2026-07-26 11:00:00,N05,-0.1507,0.005787,3.11,104.2939,0.012238,38.9,23.765562,86.415081
2026-07-26 12:00:00,N05,-0.0038,0.011829,5.85,104.2997,0.005616,39.2,23.765562,86.415081
2026-07-26 13:00:00,N05,-0.4301,0.006193,2.29,104.3052,0.005384,38.9,23.765562,86.415081
2026-07-26 14:00:00,N05,-0.0837,0.005577,9.98,104.3104,0.005388,38.2,23.765562,86.415081
2026-07-26 15:00:00,N05,-0.3136,0.006204,1.21,104.316,0.006113,37.0,23.765562,86.415081
2026-07-26 16:00:00,N05,-0.2612,0.006933,8.49,104.3227,0.006169,35.4,23.765562,86.415081
2026-07-26 17:00:00,N05,-0.3283,0.007417,8.15,104.3283,0.005369,33.6,23.765562,86.415081
2026-07-26 18:00:00,N05,-0.1834,0.009974,4.03,104.3334,0.005325,31.7,23.765562,86.415081
2026-07-26 19:00:00,N05,-0.3039,0.005315,7.87,104.3389,0.00491,29.7,23.765562,86.415081
2026-07-26 20:00:00,N05,-0.3343,0.008781,2.4,104.3432,0.004946,27.9,23.765562,86.415081
2026-07-26 21:00:00,N05,,,,,,,23.765562,86.415081
2026-07-26 22:00:00,N05,,,,,,,23.765562,86.415081
2026-07-26 23:00:00,N05,-0.163,0.005343,3.88,104.3584,0.005421,24.4,23.765562,86.415081
2026-07-27 00:00:00,N05,0.0276,0.005159,9.43,104.3642,0.005607,26.4,23.765562,86.415081
2026-07-27 01:00:00,N05,-0.1766,0.009899,2.84,104.3696,0.005294,26.7,23.765562,86.415081
2026-07-27 02:00:00,N05,-0.0687,0.00628,9.51,104.3748,0.005405,27.4,23.765562,86.415081
2026-07-27 03:00:00,N05,,,,,,,23.765562,86.415081
2026-07-27 04:00:00,N05,,,,,,,23.765562,86.415081
2026-07-27 05:00:00,N05,-0.2042,0.00571,6.59,104.3901,0.004532,32.0,23.765562,86.415081
2026-07-27 06:00:00,N05,-0.1201,0.008038,1.81,104.3942,0.00089,33.9,23.765562,86.415081
2026-07-27 07:00:00,N05,-0.2248,0.898118,46.04,104.3918,0.001408,35.8,23.765562,86.415081
2026-07-27 08:00:00,N05,-0.1555,0.976196,46.32,104.3971,0.00842,37.7,23.765562,86.415081
2026-07-27 09:00:00,N05,-0.2677,0.007949,7.92,104.4087,0.008471,39.2,23.765562,86.415081
2026-07-27 10:00:00,N05,-0.4677,0.005337,2.8,104.414,0.005552,40.4,23.765562,86.415081
2026-07-27 11:00:00,N05,,,,,,,23.765562,86.415081
2026-07-27 12:00:00,N05,,,,,,,23.765562,86.415081
2026-07-27 13:00:00,N05,-0.1906,0.006407,1.53,104.4311,0.005166,41.1,23.765562,86.415081
2026-07-27 14:00:00,N05,-0.2373,0.005322,4.38,104.4356,0.004728,40.4,23.765562,86.415081
2026-07-27 15:00:00,N05,-0.0074,0.005609,5.89,104.4405,0.004967,39.2,23.765562,86.415081
2026-07-27 16:00:00,N05,-0.3552,0.007884,2.64,104.4456,0.005192,37.7,23.765562,86.415081
2026-07-27 17:00:00,N05,-0.4856,0.005294,2.52,104.4509,0.005173,35.8,23.765562,86.415081
2026-07-27 18:00:00,N05,-0.3888,0.005128,7.02,104.4559,0.004868,33.9,23.765562,86.415081
2026-07-27 19:00:00,N05,-0.1074,0.00957,2.25,104.4606,0.005115,32.0,23.765562,86.415081
2026-07-27 20:00:00,N05,-0.3079,0.005076,2.26,104.4661,0.005295,30.2,23.765562,86.415081
2026-07-27 21:00:00,N05,-0.0341,0.0076,8.93,104.4712,0.005117,28.6,23.765562,86.415081
2026-07-27 22:00:00,N05,-0.4193,0.006231,6.16,104.4764,0.005336,27.4,23.765562,86.415081
2026-07-27 23:00:00,N05,-0.1938,0.006644,8.15,104.4819,0.005736,26.7,23.765562,86.415081
2026-07-28 00:00:00,N05,-0.4413,0.007522,7.47,104.4878,0.0058,25.5,23.765562,86.415081
2026-07-28 01:00:00,N05,-0.0217,0.005576,2.37,104.4935,0.005339,25.8,23.765562,86.415081
2026-07-28 02:00:00,N05,-0.4244,0.005741,8.73,104.4985,0.004837,26.6,23.765562,86.415081
2026-07-28 03:00:00,N05,-0.1557,0.00583,3.19,104.5032,0.005108,27.7,23.765562,86.415081
2026-07-28 04:00:00,N05,-0.0507,0.007281,2.06,104.5087,0.005465,29.3,23.765562,86.415081
2026-07-28 05:00:00,N05,-0.3364,0.00762,9.7,104.5141,0.005548,31.1,23.765562,86.415081
2026-07-28 06:00:00,N05,-0.296,0.007123,7.63,104.5198,0.005516,33.0,23.765562,86.415081
2026-07-28 07:00:00,N05,-0.205,0.00701,7.7,104.5251,0.005224,35.0,23.765562,86.415081
2026-07-28 08:00:00,N05,,,,,,,23.765562,86.415081
2026-07-28 09:00:00,N05,,,,,,,23.765562,86.415081
2026-07-28 10:00:00,N05,,,,,,,23.765562,86.415081
2026-07-28 11:00:00,N05,-0.0319,0.006033,3.48,104.5456,0.014055,40.3,23.765562,86.415081
2026-07-28 12:00:00,N05,-0.254,0.006792,8.4,104.5505,0.005006,40.5,23.765562,86.415081
2026-07-28 13:00:00,N05,-0.0949,0.006691,9.75,104.5556,0.005077,40.3,23.765562,86.415081
2026-07-28 14:00:00,N05,-0.1175,0.008945,5.9,104.5606,0.005034,39.5,23.765562,86.415081
2026-07-28 15:00:00,N05,-0.2654,0.009698,2.36,104.5656,0.005606,38.4,23.765562,86.415081
2026-07-28 16:00:00,N05,-0.2956,0.007358,1.87,104.5718,0.00557,36.8,23.765562,86.415081
2026-07-28 17:00:00,N05,0.0055,0.009004,4.45,104.5768,0.005105,35.0,23.765562,86.415081
2026-07-28 18:00:00,N05,-0.2818,0.006225,6.97,104.582,0.00539,33.0,23.765562,86.415081
2026-07-28 19:00:00,N05,-0.0983,0.006179,1.12,104.5876,0.00526,31.1,23.765562,86.415081
2026-07-28 20:00:00,N05,-0.2412,0.005573,8.52,104.5925,0.00485,29.3,23.765562,86.415081
2026-07-28 21:00:00,N05,-0.4433,0.005697,1.93,104.5973,0.004922,27.7,23.765562,86.415081
2026-07-28 22:00:00,N05,-0.2816,0.005745,9.19,104.6024,0.004932,26.6,23.765562,86.415081
2026-07-28 23:00:00,N05,-0.1487,0.006571,4.26,104.6071,0.004816,25.8,23.765562,86.415081
2026-07-29 00:00:00,N05,-0.3226,0.005673,6.97,104.612,0.004846,24.5,23.765562,86.415081
2026-07-29 01:00:00,N05,-0.218,0.005064,2.86,104.6168,0.004761,24.7,23.765562,86.415081
2026-07-29 02:00:00,N05,-0.5092,0.007375,6.62,104.6215,0.00429,25.5,23.765562,86.415081
2026-07-29 03:00:00,N05,,,,,,,23.765562,86.415081
2026-07-29 04:00:00,N05,,,,,,,23.765562,86.415081
2026-07-29 05:00:00,N05,,,,,,,23.765562,86.415081
2026-07-29 06:00:00,N05,-0.2126,0.006488,9.01,104.6408,0.005391,32.0,23.765562,86.415081
2026-07-29 07:00:00,N05,-0.4711,0.005445,7.89,104.6464,0.01012,33.9,23.765562,86.415081
2026-07-29 08:00:00,N05,-0.1737,0.650225,32.5,104.6611,0.010224,35.7,23.765562,86.415081
2026-07-29 09:00:00,N05,-0.6049,0.944347,22.63,104.6669,0.000568,37.3,23.765562,86.415081
2026-07-29 10:00:00,N05,-0.2597,0.005259,5.44,104.6622,0.000338,38.5,23.765562,86.415081
2026-07-29 11:00:00,N05,-0.3425,0.0076,7.87,104.6675,0.005073,39.2,23.765562,86.415081
2026-07-29 12:00:00,N05,-0.2883,0.005409,9.29,104.6724,0.005137,39.5,23.765562,86.415081
2026-07-29 13:00:00,N05,-0.3529,0.009568,2.1,104.6778,0.005099,39.2,23.765562,86.415081
2026-07-29 14:00:00,N05,,,,,,,23.765562,86.415081
2026-07-29 15:00:00,N05,,,,,,,23.765562,86.415081
2026-07-29 16:00:00,N05,,,,,,,23.765562,86.415081
2026-07-29 17:00:00,N05,,,,,,,23.765562,86.415081
2026-07-29 18:00:00,N05,,,,,,,23.765562,86.415081
2026-07-29 19:00:00,N05,,,,,,,23.765562,86.415081
2026-07-29 20:00:00,N05,,,,,,,23.765562,86.415081
2026-07-29 21:00:00,N05,,,,,,,23.765562,86.415081
2026-07-29 22:00:00,N05,,,,,,,23.765562,86.415081
2026-07-29 23:00:00,N05,,,,,,,23.765562,86.415081
2026-07-30 00:00:00,N05,-0.3132,0.006847,4.09,104.7348,0.00577,26.2,23.765562,86.415081
2026-07-30 01:00:00,N05,-0.3999,0.006596,2.28,104.7402,0.005233,26.4,23.765562,86.415081
2026-07-30 02:00:00,N05,-0.2015,0.005656,1.67,104.7452,0.005284,27.2,23.765562,86.415081
2026-07-30 03:00:00,N05,-0.2758,0.00818,6.95,104.7508,0.005135,28.4,23.765562,86.415081
2026-07-30 04:00:00,N05,-0.3748,0.006024,5.3,104.7555,0.005316,29.9,23.765562,86.415081
2026-07-30 05:00:00,N05,-0.5238,0.009809,5.86,104.7614,0.01523,31.7,23.765562,86.415081
2026-07-30 06:00:00,N05,-0.2003,0.771881,41.56,104.786,0.004528,33.7,23.765562,86.415081
2026-07-30 07:00:00,N05,-0.3883,0.006074,8.06,104.7705,0.005505,35.6,23.765562,86.415081
2026-07-30 08:00:00,N05,,,,,,,23.765562,86.415081
2026-07-30 09:00:00,N05,,,,,,,23.765562,86.415081
2026-07-30 10:00:00,N05,,,,,,,23.765562,86.415081
2026-07-30 11:00:00,N05,,,,,,,23.765562,86.415081
2026-07-30 12:00:00,N05,,,,,,,23.765562,86.415081
2026-07-30 13:00:00,N05,-0.3359,0.006302,9.86,104.799,0.004459,40.9,23.765562,86.415081
2026-07-30 14:00:00,N05,-0.1987,0.005379,3.22,104.8039,0.005453,40.2,23.765562,86.415081
2026-07-30 15:00:00,N05,-0.2499,0.006065,1.14,104.8099,0.005642,39.0,23.765562,86.415081
2026-07-30 16:00:00,N05,-0.1718,0.006228,4.81,104.8152,0.005714,37.4,23.765562,86.415081
2026-07-30 17:00:00,N05,-0.2706,0.006534,3.77,104.8213,0.005457,35.6,23.765562,86.415081
2026-07-30 18:00:00,N05,-0.1091,0.006095,3.82,104.8261,0.004954,33.7,23.765562,86.415081
2026-07-30 19:00:00,N05,,,,,,,23.765562,86.415081
2026-07-30 20:00:00,N05,,,,,,,23.765562,86.415081
2026-07-30 21:00:00,N05,,,,,,,23.765562,86.415081
2026-07-30 22:00:00,N05,,,,,,,23.765562,86.415081
2026-07-30 23:00:00,N05,,,,,,,23.765562,86.415081
2026-07-31 00:00:00,N05,-0.3537,0.008065,9.57,104.8555,0.004242,24.7,23.765562,86.415081
2026-07-31 01:00:00,N05,-0.2841,0.007063,3.9,104.8596,0.004101,24.9,23.765562,86.415081
2026-07-31 02:00:00,N05,-0.3219,0.009779,6.97,104.8637,0.004813,25.7,23.765562,86.415081
2026-07-31 03:00:00,N05,-0.1827,0.005817,1.83,104.8692,0.005306,26.9,23.765562,86.415081
2026-07-31 04:00:00,N05,-0.4255,0.00576,4.41,104.8743,0.005402,28.4,23.765562,86.415081
2026-07-31 05:00:00,N05,-0.2341,0.007253,3.53,104.88,0.005437,30.2,23.765562,86.415081
2026-07-31 06:00:00,N05,-0.5167,0.005245,4.33,104.8852,0.005216,32.2,23.765562,86.415081
2026-07-31 07:00:00,N05,-0.1872,0.005244,4.03,104.8904,0.004844,34.1,23.765562,86.415081
2026-07-31 08:00:00,N05,-0.129,0.00744,1.55,104.8949,0.004856,35.9,23.765562,86.415081
2026-07-31 09:00:00,N05,-0.3931,0.005196,2.3,104.9002,0.005444,37.5,23.765562,86.415081
2026-07-31 10:00:00,N05,-0.1262,0.005461,7.0,104.9058,0.005146,38.7,23.765562,86.415081
2026-07-31 11:00:00,N05,-0.1465,0.005614,6.28,104.9105,0.004964,39.4,23.765562,86.415081
2026-07-31 12:00:00,N05,-0.0476,0.0057,8.11,104.9157,0.00523,39.7,23.765562,86.415081
2026-07-31 13:00:00,N05,-0.0507,0.007058,2.88,104.9209,0.002707,39.4,23.765562,86.415081
2026-07-31 14:00:00,N05,-0.0632,0.613714,25.57,104.9211,0.005383,38.7,23.765562,86.415081
2026-07-31 15:00:00,N05,-0.4003,0.007058,7.28,104.9317,0.007848,37.5,23.765562,86.415081
2026-07-31 16:00:00,N05,-0.7151,0.005568,2.31,104.9368,0.004879,35.9,23.765562,86.415081
2026-07-31 17:00:00,N05,-0.3806,0.006454,7.27,104.9414,0.00461,34.1,23.765562,86.415081
2026-07-31 18:00:00,N05,0.0151,0.007936,3.85,104.9461,0.004539,32.2,23.765562,86.415081
2026-07-31 19:00:00,N05,-0.2307,0.005576,1.69,104.9505,0.004759,30.2,23.765562,86.415081
2026-07-31 20:00:00,N05,-0.2506,0.006427,8.6,104.9556,0.004843,28.4,23.765562,86.415081
2026-07-31 21:00:00,N05,-0.3461,0.005437,9.52,104.9602,0.004686,26.9,23.765562,86.415081
2026-07-31 22:00:00,N05,-0.0707,0.007439,3.76,104.9649,0.004689,25.7,23.765562,86.415081
2026-07-31 23:00:00,N05,-0.1515,0.009805,6.57,104.9696,0.004499,24.9,23.765562,86.415081
2026-08-01 00:00:00,N05,-0.1547,0.006489,5.85,104.9739,0.004768,22.8,23.765562,86.415081
2026-08-01 01:00:00,N05,-0.2656,0.005904,6.14,104.9791,0.004658,23.0,23.765562,86.415081
2026-08-01 02:00:00,N05,-0.2186,0.006084,2.24,104.9833,0.004601,23.8,23.765562,86.415081
2026-08-01 03:00:00,N05,-0.3163,0.007032,4.32,104.9883,0.005151,25.0,23.765562,86.415081
2026-08-01 04:00:00,N05,-0.2225,0.0061,2.45,104.9936,0.005501,26.5,23.765562,86.415081
2026-08-01 05:00:00,N05,-0.2713,0.006299,9.18,104.9993,0.005399,28.3,23.765562,86.415081
2026-08-01 06:00:00,N05,-0.3766,0.007238,5.22,105.0044,0.005154,30.3,23.765562,86.415081
2026-08-01 07:00:00,N05,-0.1669,0.006156,1.29,105.0096,0.004971,32.2,23.765562,86.415081
2026-08-01 08:00:00,N05,-0.3242,0.006721,3.59,105.0143,0.004152,34.0,23.765562,86.415081
2026-08-01 09:00:00,N05,-0.3421,0.00815,1.63,105.0179,0.003522,35.6,23.765562,86.415081
2026-08-01 10:00:00,N05,,,,,,,23.765562,86.415081
2026-08-01 11:00:00,N05,,,,,,,23.765562,86.415081
2026-08-01 12:00:00,N05,,,,,,,23.765562,86.415081
2026-08-01 13:00:00,N05,-0.1545,0.005235,7.8,105.0329,0.008844,37.5,23.765562,86.415081
2026-08-01 14:00:00,N05,-0.2806,0.711907,31.11,105.0463,0.008699,36.8,23.765562,86.415081
2026-08-01 15:00:00,N05,-0.1654,0.621651,30.17,105.0503,0.000767,35.6,23.765562,86.415081
2026-08-01 16:00:00,N05,-0.3348,0.006339,7.34,105.0448,0.000577,34.0,23.765562,86.415081
2026-08-01 17:00:00,N05,-0.3815,0.00604,7.43,105.0491,0.00422,32.2,23.765562,86.415081
2026-08-01 18:00:00,N05,-0.3402,0.007513,7.44,105.0532,0.004123,30.3,23.765562,86.415081
2026-08-01 19:00:00,N05,-0.1561,0.007139,2.24,105.0574,0.003776,28.3,23.765562,86.415081
2026-08-01 20:00:00,N05,-0.3023,0.007197,6.0,105.0607,0.003562,26.5,23.765562,86.415081
2026-08-01 21:00:00,N05,-0.3568,0.007001,9.63,105.0645,0.003446,25.0,23.765562,86.415081
2026-08-01 22:00:00,N05,-0.1103,0.005213,4.74,105.0676,0.003222,23.8,23.765562,86.415081
2026-08-01 23:00:00,N05,-0.1993,0.005595,2.02,105.071,0.003889,23.0,23.765562,86.415081
2026-08-02 00:00:00,N05,-0.0233,0.006499,5.27,105.0754,0.004327,26.9,23.765562,86.415081
2026-08-02 01:00:00,N05,-0.3148,0.005601,2.87,105.0796,0.004704,27.1,23.765562,86.415081
2026-08-02 02:00:00,N05,-0.4107,0.005703,4.46,105.0848,0.004642,27.9,23.765562,86.415081
2026-08-02 03:00:00,N05,-0.2825,0.005816,2.95,105.0889,0.00458,29.1,23.765562,86.415081
2026-08-02 04:00:00,N05,-0.3629,0.007485,9.85,105.094,0.00451,30.6,23.765562,86.415081
2026-08-02 05:00:00,N05,-0.4082,0.006984,5.49,105.0979,0.004277,32.4,23.765562,86.415081
2026-08-02 06:00:00,N05,-0.4144,0.006365,2.57,105.1025,0.004331,34.4,23.765562,86.415081
2026-08-02 07:00:00,N05,-0.149,0.00506,6.99,105.1066,0.004487,36.3,23.765562,86.415081
2026-08-02 08:00:00,N05,-0.1721,0.005374,7.88,105.1115,0.004672,38.1,23.765562,86.415081
2026-08-02 09:00:00,N05,-0.469,0.007956,9.97,105.1159,0.004486,39.7,23.765562,86.415081
2026-08-02 10:00:00,N05,-0.0369,0.006907,7.61,105.1205,0.004341,40.9,23.765562,86.415081
2026-08-02 11:00:00,N05,-0.0814,0.006316,8.49,105.1246,0.004432,41.6,23.765562,86.415081
2026-08-02 12:00:00,N05,-0.1836,0.005924,8.3,105.1294,0.005222,41.9,23.765562,86.415081
2026-08-02 13:00:00,N05,-0.5271,0.007676,6.3,105.1351,0.004885,41.6,23.765562,86.415081
2026-08-02 14:00:00,N05,-0.4553,0.007402,9.19,105.1391,0.006907,40.9,23.765562,86.415081
2026-08-02 15:00:00,N05,-0.1487,0.535166,21.95,105.1489,0.004404,39.7,23.765562,86.415081
2026-08-02 16:00:00,N05,-0.1284,0.00609,7.19,105.1479,0.00537,38.1,23.765562,86.415081
2026-08-02 17:00:00,N05,-0.069,0.858771,18.73,105.1596,0.005348,36.3,23.765562,86.415081
2026-08-02 18:00:00,N05,-0.3585,0.005356,7.13,105.1586,0.001996,34.4,23.765562,86.415081
2026-08-02 19:00:00,N05,,,,,,,23.765562,86.415081
2026-08-02 20:00:00,N05,-0.2177,0.006992,2.23,105.1686,0.005254,30.6,23.765562,86.415081
2026-08-02 21:00:00,N05,-0.3255,0.005338,9.64,105.1741,0.005749,29.1,23.765562,86.415081
2026-08-02 22:00:00,N05,-0.2653,0.007274,4.92,105.1801,0.005738,27.9,23.765562,86.415081
2026-08-02 23:00:00,N05,-0.0419,0.006109,6.11,105.1856,0.005343,27.1,23.765562,86.415081
2026-08-03 00:00:00,N05,,,,,,,23.765562,86.415081
2026-08-03 01:00:00,N05,,,,,,,23.765562,86.415081
2026-08-03 02:00:00,N05,,,,,,,23.765562,86.415081
2026-08-03 03:00:00,N05,-0.2759,0.00824,5.61,105.2056,0.004466,25.7,23.765562,86.415081
2026-08-03 04:00:00,N05,-0.2505,0.005681,3.19,105.2106,0.005011,27.2,23.765562,86.415081
2026-08-03 05:00:00,N05,0.0437,0.005106,6.77,105.2156,0.005431,29.0,23.765562,86.415081
2026-08-03 06:00:00,N05,-0.5942,0.005443,9.4,105.2214,0.005293,31.0,23.765562,86.415081
2026-08-03 07:00:00,N05,-0.3724,0.007102,8.64,105.2262,0.004746,32.9,23.765562,86.415081
2026-08-03 08:00:00,N05,-0.0783,0.006464,8.17,105.2309,0.004781,34.7,23.765562,86.415081
2026-08-03 09:00:00,N05,-0.1298,0.005565,8.47,105.2357,0.004487,36.3,23.765562,86.415081
2026-08-03 10:00:00,N05,,,,,,,23.765562,86.415081
2026-08-03 11:00:00,N05,,,,,,,23.765562,86.415081
2026-08-03 12:00:00,N05,-0.1591,0.005699,3.41,105.2504,0.0052,38.5,23.765562,86.415081
2026-08-03 13:00:00,N05,-0.3797,0.007929,3.31,105.2547,0.008054,38.2,23.765562,86.415081
2026-08-03 14:00:00,N05,-0.233,0.907035,39.68,105.2665,0.000224,37.5,23.765562,86.415081
2026-08-03 15:00:00,N05,-0.1387,0.561246,25.16,105.2542,0.001848,36.3,23.765562,86.415081
2026-08-03 16:00:00,N05,-0.4456,0.010059,4.74,105.2702,0.010804,34.7,23.765562,86.415081
2026-08-03 17:00:00,N05,-0.0998,0.005805,9.18,105.2758,0.005372,32.9,23.765562,86.415081
2026-08-03 18:00:00,N05,-0.2609,0.00546,6.21,105.2809,0.005381,31.0,23.765562,86.415081
2026-08-03 19:00:00,N05,-0.3751,0.007249,3.92,105.2866,0.005448,29.0,23.765562,86.415081
2026-08-03 20:00:00,N05,-0.1978,0.00731,3.0,105.2918,0.004888,27.2,23.765562,86.415081
2026-08-03 21:00:00,N05,,,,,,,23.765562,86.415081
2026-08-03 22:00:00,N05,-0.349,0.006025,7.05,105.301,0.004677,24.5,23.765562,86.415081
2026-08-03 23:00:00,N05,,,,,,,23.765562,86.415081
2026-08-04 00:00:00,N05,,,,,,,23.765562,86.415081
2026-08-04 01:00:00,N05,,,,,,,23.765562,86.415081
2026-08-04 02:00:00,N05,,,,,,,23.765562,86.415081
2026-08-04 03:00:00,N05,-0.0644,0.008609,4.63,105.3274,0.005467,26.9,23.765562,86.415081
2026-08-04 04:00:00,N05,-0.2082,0.008737,9.15,105.3331,0.005387,28.4,23.765562,86.415081
2026-08-04 05:00:00,N05,-0.2265,0.007086,6.88,105.3382,0.00555,30.2,23.765562,86.415081
2026-08-04 06:00:00,N05,-0.6447,0.005064,6.44,105.3442,0.005478,32.2,23.765562,86.415081
2026-08-04 07:00:00,N05,0.0323,0.005267,2.74,105.3492,0.00495,34.1,23.765562,86.415081
2026-08-04 08:00:00,N05,-0.1568,0.011278,1.97,105.3541,0.004656,35.9,23.765562,86.415081
2026-08-04 09:00:00,N05,-0.0168,0.00647,5.79,105.3585,0.008917,37.5,23.765562,86.415081
2026-08-04 10:00:00,N05,-0.4821,0.535222,25.11,105.3719,0.009414,38.7,23.765562,86.415081
2026-08-04 11:00:00,N05,-0.3072,0.711263,36.89,105.3773,0.000543,39.4,23.765562,86.415081
2026-08-04 12:00:00,N05,-0.2081,0.009386,1.6,105.373,0.000388,39.7,23.765562,86.415081
2026-08-04 13:00:00,N05,-0.129,0.009211,5.66,105.3781,0.00496,39.4,23.765562,86.415081
2026-08-04 14:00:00,N05,-0.2082,0.00514,1.13,105.3829,0.004933,38.7,23.765562,86.415081
2026-08-04 15:00:00,N05,-0.1092,0.005236,2.94,105.388,0.012241,37.5,23.765562,86.415081
2026-08-04 16:00:00,N05,-0.3719,0.537795,19.4,105.4074,0.001111,35.9,23.765562,86.415081
2026-08-04 17:00:00,N05,,,,,,,23.765562,86.415081
2026-08-04 18:00:00,N05,,,,,,,23.765562,86.415081
2026-08-04 19:00:00,N05,,,,,,,23.765562,86.415081
2026-08-04 20:00:00,N05,,,,,,,23.765562,86.415081
2026-08-04 21:00:00,N05,-0.4588,0.007916,1.54,105.4169,0.004974,26.9,23.765562,86.415081
2026-08-04 22:00:00,N05,-0.1416,0.005993,8.46,105.4218,0.004892,25.7,23.765562,86.415081
2026-08-04 23:00:00,N05,-0.5239,0.006694,4.16,105.4267,0.004789,24.9,23.765562,86.415081
2026-08-05 00:00:00,N05,-0.5495,0.00684,3.08,105.4313,0.004991,26.5,23.765562,86.415081
2026-08-05 01:00:00,N05,-0.1209,0.008475,9.11,105.4367,0.00539,26.8,23.765562,86.415081
2026-08-05 02:00:00,N05,-0.4952,0.005849,7.67,105.4421,0.005332,27.5,23.765562,86.415081
2026-08-05 03:00:00,N05,-0.1253,0.008369,7.97,105.4473,0.005005,28.7,23.765562,86.415081
2026-08-05 04:00:00,N05,-0.0185,0.00579,8.71,105.4521,0.005256,30.3,23.765562,86.415081
2026-08-05 05:00:00,N05,-0.576,0.005794,6.44,105.4579,0.012614,32.1,23.765562,86.415081
2026-08-05 06:00:00,N05,-0.3068,0.791986,23.27,105.4774,0.005088,34.0,23.765562,86.415081
2026-08-05 07:00:00,N05,-0.4575,0.006275,6.11,105.468,0.002267,36.0,23.765562,86.415081
2026-08-05 08:00:00,N05,-0.0628,0.007254,1.32,105.4728,0.004891,37.8,23.765562,86.415081
2026-08-05 09:00:00,N05,-0.1428,0.005446,9.44,105.4778,0.005123,39.3,23.765562,86.415081
2026-08-05 10:00:00,N05,-0.1803,0.005777,5.96,105.4831,0.013889,40.5,23.765562,86.415081
2026-08-05 11:00:00,N05,-0.2098,0.953799,34.87,105.5056,0.004805,41.3,23.765562,86.415081
2026-08-05 12:00:00,N05,-0.4288,0.005125,8.41,105.4927,0.004359,41.5,23.765562,86.415081
2026-08-05 13:00:00,N05,-0.1342,0.008658,9.54,105.4969,0.004361,41.3,23.765562,86.415081
2026-08-05 14:00:00,N05,-0.058,0.005164,6.98,105.5014,0.004636,40.5,23.765562,86.415081
2026-08-05 15:00:00,N05,-0.0526,0.00822,6.86,105.5062,0.004781,39.3,23.765562,86.415081
2026-08-05 16:00:00,N05,-0.4114,0.00657,1.21,105.511,0.004571,37.8,23.765562,86.415081
2026-08-05 17:00:00,N05,-0.2672,0.008477,1.77,105.5153,0.004706,36.0,23.765562,86.415081
2026-08-05 18:00:00,N05,-0.3363,0.005524,3.26,105.5204,0.005287,34.0,23.765562,86.415081
2026-08-05 19:00:00,N05,,,,,,,23.765562,86.415081
2026-08-05 20:00:00,N05,,,,,,,23.765562,86.415081
2026-08-05 21:00:00,N05,,,,,,,23.765562,86.415081
2026-08-05 22:00:00,N05,-0.2708,0.005904,9.84,105.5409,0.005387,27.5,23.765562,86.415081
2026-08-05 23:00:00,N05,-0.5953,0.005216,9.56,105.5464,0.005423,26.8,23.765562,86.415081
2026-08-06 00:00:00,N05,-0.0046,0.005495,5.77,105.5517,0.00524,26.4,23.765562,86.415081
2026-08-06 01:00:00,N05,-0.3806,0.006166,6.56,105.5568,0.005043,26.6,23.765562,86.415081
2026-08-06 02:00:00,N05,,,,,,,23.765562,86.415081
2026-08-06 03:00:00,N05,,,,,,,23.765562,86.415081
2026-08-06 04:00:00,N05,,,,,,,23.765562,86.415081
2026-08-06 05:00:00,N05,-0.0752,0.007956,3.13,105.5758,0.011583,31.9,23.765562,86.415081
2026-08-06 06:00:00,N05,-0.2577,0.960507,48.02,105.5939,0.011917,33.9,23.765562,86.415081
2026-08-06 07:00:00,N05,-0.3619,0.970495,35.27,105.5996,0.003999,35.8,23.765562,86.415081
2026-08-06 08:00:00,N05,-0.2365,0.94335,30.35,105.5859,0.001364,37.6,23.765562,86.415081
2026-08-06 09:00:00,N05,-0.0713,0.006269,5.45,105.5969,0.007591,39.2,23.765562,86.415081
2026-08-06 10:00:00,N05,-0.3279,0.005964,9.75,105.6011,0.00926,40.4,23.765562,86.415081
2026-08-06 11:00:00,N05,,,,,,,23.765562,86.415081
2026-08-06 12:00:00,N05,,,,,,,23.765562,86.415081
2026-08-06 13:00:00,N05,,,,,,,23.765562,86.415081
2026-08-06 14:00:00,N05,-0.2779,0.006629,2.41,105.6217,0.004732,40.4,23.765562,86.415081
2026-08-06 15:00:00,N05,-0.3512,0.005574,9.59,105.6264,0.004864,39.2,23.765562,86.415081
2026-08-06 16:00:00,N05,,,,,,,23.765562,86.415081
2026-08-06 17:00:00,N05,-0.2564,0.006614,6.81,105.6364,0.00467,35.8,23.765562,86.415081
2026-08-06 18:00:00,N05,,,,,,,23.765562,86.415081
2026-08-06 19:00:00,N05,,,,,,,23.765562,86.415081
2026-08-06 20:00:00,N05,,,,,,,23.765562,86.415081
2026-08-06 21:00:00,N05,-0.2613,0.00761,9.54,105.6562,0.004909,28.6,23.765562,86.415081
2026-08-06 22:00:00,N05,-0.4792,0.006165,6.43,105.6611,0.005359,27.4,23.765562,86.415081
2026-08-06 23:00:00,N05,-0.168,0.006524,4.33,105.6669,0.005398,26.6,23.765562,86.415081
2026-08-07 00:00:00,N05,,,,,,,23.765562,86.415081
2026-08-07 01:00:00,N05,-0.0845,0.005797,1.68,105.6755,0.003826,27.7,23.765562,86.415081
2026-08-07 02:00:00,N05,-0.2318,0.005107,7.09,105.6796,0.004781,28.4,23.765562,86.415081
2026-08-07 03:00:00,N05,-0.1174,0.005437,3.96,105.6851,0.005316,29.6,23.765562,86.415081
2026-08-07 04:00:00,N05,-0.1087,0.005889,4.84,105.6902,0.004678,31.2,23.765562,86.415081
2026-08-07 05:00:00,N05,-0.5034,0.005119,5.22,105.6944,0.004733,33.0,23.765562,86.415081
2026-08-07 06:00:00,N05,-0.2696,0.007013,6.45,105.6997,0.00536,34.9,23.765562,86.415081
2026-08-07 07:00:00,N05,-0.1215,0.008151,3.89,105.7051,0.004863,36.9,23.765562,86.415081
2026-08-07 08:00:00,N05,-0.2967,0.008918,8.52,105.7094,0.00421,38.7,23.765562,86.415081
2026-08-07 09:00:00,N05,-0.2518,0.005243,4.2,105.7136,0.004804,40.2,23.765562,86.415081
2026-08-07 10:00:00,N05,-0.1927,0.00586,4.73,105.719,0.005103,41.4,23.765562,86.415081
2026-08-07 11:00:00,N05,-0.3662,0.007825,5.01,105.7238,0.004985,42.2,23.765562,86.415081
2026-08-07 12:00:00,N05,-0.0723,0.005328,7.48,105.729,0.004568,42.4,23.765562,86.415081
2026-08-07 13:00:00,N05,-0.3783,0.006403,8.16,105.7329,0.004771,42.2,23.765562,86.415081
2026-08-07 14:00:00,N05,-0.3591,0.007493,8.97,105.7385,0.004852,41.4,23.765562,86.415081
2026-08-07 15:00:00,N05,-0.1713,0.008426,8.6,105.7426,0.003989,40.2,23.765562,86.415081
2026-08-07 16:00:00,N05,-0.061,0.008547,3.77,105.7465,0.014187,38.7,23.765562,86.415081
2026-08-07 17:00:00,N05,-0.3708,0.927875,26.79,105.771,0.014169,36.9,23.765562,86.415081
2026-08-07 18:00:00,N05,-0.1497,0.636641,21.76,105.7748,0.005651,34.9,23.765562,86.415081
2026-08-07 19:00:00,N05,-0.3107,0.00641,4.73,105.7597,0.005127,33.0,23.765562,86.415081
2026-08-07 20:00:00,N05,-0.2707,0.006281,5.28,105.7646,0.004722,31.2,23.765562,86.415081
2026-08-07 21:00:00,N05,,,,,,,23.765562,86.415081
2026-08-07 22:00:00,N05,,,,,,,23.765562,86.415081
2026-08-07 23:00:00,N05,,,,,,,23.765562,86.415081
2026-08-08 00:00:00,N05,-0.3652,0.006124,4.51,105.7829,0.004668,27.6,23.765562,86.415081
2026-08-08 01:00:00,N05,-0.5092,0.006451,8.21,105.7875,0.00473,27.9,23.765562,86.415081
2026-08-08 02:00:00,N05,-0.28,0.007251,3.91,105.7924,0.005014,28.6,23.765562,86.415081
2026-08-08 03:00:00,N05,-0.0388,0.007252,8.76,105.7976,0.005689,29.8,23.765562,86.415081
2026-08-08 04:00:00,N05,-0.3101,0.006259,4.42,105.8037,0.005324,31.4,23.765562,86.415081
2026-08-08 05:00:00,N05,-0.2218,0.006231,4.03,105.8082,0.004606,33.2,23.765562,86.415081
2026-08-08 06:00:00,N05,-0.3638,0.005813,5.59,105.8129,0.004722,35.1,23.765562,86.415081
2026-08-08 07:00:00,N05,-0.0701,0.00674,4.29,105.8177,0.012873,37.0,23.765562,86.415081
2026-08-08 08:00:00,N05,-0.3826,0.555412,44.32,105.8387,0.012677,38.9,23.765562,86.415081
2026-08-08 09:00:00,N05,-0.3037,0.512034,26.91,105.843,0.004397,40.4,23.765562,86.415081
2026-08-08 10:00:00,N05,,,,,,,23.765562,86.415081
2026-08-08 11:00:00,N05,0.0315,0.007811,9.63,105.8344,0.004658,42.3,23.765562,86.415081
2026-08-08 12:00:00,N05,-0.5092,0.00535,9.95,105.8392,0.005451,42.6,23.765562,86.415081
2026-08-08 13:00:00,N05,-0.2145,0.005195,5.55,105.8453,0.008583,42.3,23.765562,86.415081
2026-08-08 14:00:00,N05,-0.3331,0.005945,3.24,105.8564,0.007906,41.6,23.765562,86.415081
2026-08-08 15:00:00,N05,-0.4063,0.007327,5.57,105.8611,0.004477,40.4,23.765562,86.415081
2026-08-08 16:00:00,N05,-0.0746,0.006816,8.22,105.8653,0.00471,38.9,23.765562,86.415081
2026-08-08 17:00:00,N05,-0.5603,0.00708,8.72,105.8705,0.005103,37.0,23.765562,86.415081
2026-08-08 18:00:00,N05,-0.5141,0.007712,6.9,105.8755,0.004643,35.1,23.765562,86.415081
2026-08-08 19:00:00,N05,-0.017,0.007901,2.58,105.8798,0.004857,33.2,23.765562,86.415081
2026-08-08 20:00:00,N05,-0.1866,0.007644,3.76,105.8853,0.005555,31.4,23.765562,86.415081
2026-08-08 21:00:00,N05,-0.2637,0.006368,6.72,105.8909,0.005391,29.8,23.765562,86.415081
2026-08-08 22:00:00,N05,-0.3667,0.007652,5.37,105.896,0.004788,28.6,23.765562,86.415081
2026-08-08 23:00:00,N05,-0.3793,0.008981,6.1,105.9005,0.00454,27.9,23.765562,86.415081
2026-08-09 00:00:00,N05,-0.2697,0.005612,6.06,105.9051,0.0048,28.9,23.765562,86.415081
2026-08-09 01:00:00,N05,-0.1119,0.006057,4.15,105.9101,0.00468,29.1,23.765562,86.415081
2026-08-09 02:00:00,N05,-0.0952,0.005199,5.62,105.9145,0.004494,29.9,23.765562,86.415081
2026-08-09 03:00:00,N05,-0.0863,0.005197,3.51,105.9191,0.004494,31.1,23.765562,86.415081
2026-08-09 04:00:00,N05,-0.0961,0.005254,9.38,105.9235,0.00447,32.6,23.765562,86.415081
2026-08-09 05:00:00,N05,-0.2443,0.005799,5.06,105.928,0.004811,34.4,23.765562,86.415081
2026-08-09 06:00:00,N05,0.0494,0.005654,6.16,105.9331,0.00474,36.4,23.765562,86.415081
2026-08-09 07:00:00,N05,-0.2205,0.007217,2.35,105.9375,0.00437,38.3,23.765562,86.415081
2026-08-09 08:00:00,N05,-0.3732,0.006728,3.57,105.9418,0.004935,40.1,23.765562,86.415081
2026-08-09 09:00:00,N05,0.014,0.006991,4.32,105.9474,0.005561,41.7,23.765562,86.415081
2026-08-09 10:00:00,N05,-0.4879,0.005875,9.4,105.953,0.005292,42.9,23.765562,86.415081
2026-08-09 11:00:00,N05,-0.0694,0.00536,6.17,105.958,0.005097,43.6,23.765562,86.415081
2026-08-09 12:00:00,N05,0.1032,0.005337,1.38,105.9631,0.008156,43.9,23.765562,86.415081
2026-08-09 13:00:00,N05,-0.2715,0.723914,19.17,105.9743,0.005084,43.6,23.765562,86.415081
2026-08-09 14:00:00,N05,0.1759,0.0052,1.57,105.9733,0.002006,42.9,23.765562,86.415081
2026-08-09 15:00:00,N05,-0.022,0.008144,5.0,105.9783,0.005091,41.7,23.765562,86.415081
2026-08-09 16:00:00,N05,,,,,,,23.765562,86.415081
2026-08-09 17:00:00,N05,,,,,,,23.765562,86.415081
2026-08-09 18:00:00,N05,,,,,,,23.765562,86.415081
2026-08-09 19:00:00,N05,,,,,,,23.765562,86.415081
2026-08-09 20:00:00,N05,-0.4366,0.005684,5.29,106.0052,0.005517,32.6,23.765562,86.415081
2026-08-09 21:00:00,N05,-0.2055,0.0074,3.4,106.0112,0.005742,31.1,23.765562,86.415081
2026-08-09 22:00:00,N05,-0.2082,0.009755,9.07,106.0167,0.005405,29.9,23.765562,86.415081
2026-08-09 23:00:00,N05,-0.1281,0.008058,3.93,106.022,0.005362,29.1,23.765562,86.415081
2026-08-10 00:00:00,N05,-0.0659,0.005075,2.55,106.0274,0.005083,24.2,23.765562,86.415081
2026-08-10 01:00:00,N05,-0.0965,0.005597,8.9,106.0322,0.005196,24.5,23.765562,86.415081
2026-08-10 02:00:00,N05,-0.0266,0.007461,2.43,106.0378,0.00548,25.2,23.765562,86.415081
2026-08-10 03:00:00,N05,-0.1449,0.00557,4.45,106.0431,0.005263,26.4,23.765562,86.415081
2026-08-10 04:00:00,N05,-0.3182,0.005333,8.86,106.0483,0.005388,28.0,23.765562,86.415081
2026-08-10 05:00:00,N05,0.002,0.0053,2.02,106.0539,0.005481,29.8,23.765562,86.415081
2026-08-10 06:00:00,N05,-0.126,0.005116,2.41,106.0593,0.004984,31.7,23.765562,86.415081
2026-08-10 07:00:00,N05,-0.1624,0.005239,9.41,106.0639,0.004688,33.7,23.765562,86.415081
2026-08-10 08:00:00,N05,-0.2585,0.005448,4.11,106.0686,0.005295,35.5,23.765562,86.415081
2026-08-10 09:00:00,N05,-0.2079,0.007956,1.41,106.0745,0.005475,37.0,23.765562,86.415081
2026-08-10 10:00:00,N05,-0.1772,0.008194,1.27,106.0796,0.005114,38.2,23.765562,86.415081
2026-08-10 11:00:00,N05,-0.2808,0.005138,5.15,106.0847,0.005291,39.0,23.765562,86.415081
2026-08-10 12:00:00,N05,-0.0721,0.005448,4.84,106.0902,0.011069,39.2,23.765562,86.415081
2026-08-10 13:00:00,N05,,,,,,,23.765562,86.415081
2026-08-10 14:00:00,N05,,,,,,,23.765562,86.415081
2026-08-10 15:00:00,N05,,,,,,,23.765562,86.415081
2026-08-10 16:00:00,N05,,,,,,,23.765562,86.415081
2026-08-10 17:00:00,N05,-0.1412,0.64378,24.54,106.1329,0.013854,33.7,23.765562,86.415081
2026-08-10 18:00:00,N05,-0.016,0.968369,27.89,106.1381,0.003646,31.7,23.765562,86.415081
2026-08-10 19:00:00,N05,-0.2029,0.005881,2.1,106.1256,0.003932,29.8,23.765562,86.415081
2026-08-10 20:00:00,N05,,,,,,,23.765562,86.415081
2026-08-10 21:00:00,N05,-0.3089,0.005678,8.84,106.1339,0.004036,26.4,23.765562,86.415081
2026-08-10 22:00:00,N05,0.1903,0.009231,2.35,106.1383,0.003936,25.2,23.765562,86.415081
2026-08-10 23:00:00,N05,-0.2211,0.006264,3.94,106.1418,0.004064,24.5,23.765562,86.415081
2026-08-11 00:00:00,N05,-0.0838,0.008622,1.51,106.1464,0.00401,22.8,23.765562,86.415081
2026-08-11 01:00:00,N05,-0.272,0.006002,3.2,106.1498,0.003422,23.0,23.765562,86.415081
2026-08-11 02:00:00,N05,-0.2937,0.006192,3.0,106.1533,0.003959,23.8,23.765562,86.415081
2026-08-11 03:00:00,N05,-0.3294,0.008332,3.33,106.1577,0.004657,25.0,23.765562,86.415081
2026-08-11 04:00:00,N05,-0.0636,0.006845,6.83,106.1626,0.004416,26.5,23.765562,86.415081
2026-08-11 05:00:00,N05,-0.0737,0.005175,8.84,106.1665,0.00404,28.4,23.765562,86.415081
2026-08-11 06:00:00,N05,-0.119,0.006428,4.3,106.1707,0.004598,30.3,23.765562,86.415081
2026-08-11 07:00:00,N05,-0.2444,0.00556,9.78,106.1757,0.008735,32.2,23.765562,86.415081
2026-08-11 08:00:00,N05,-0.0952,0.646718,16.43,106.1881,0.004304,34.0,23.765562,86.415081
2026-08-11 09:00:00,N05,0.1325,0.005958,2.77,106.1843,0.000619,35.6,23.765562,86.415081
2026-08-11 10:00:00,N05,-0.3821,0.008462,5.15,106.1894,0.009625,36.8,23.765562,86.415081
2026-08-11 11:00:00,N05,-0.3596,0.9525,48.2,106.2036,0.009173,37.5,23.765562,86.415081
2026-08-11 12:00:00,N05,-0.2811,0.574095,48.9,106.2077,8.9e-05,37.8,23.765562,86.415081
2026-08-11 13:00:00,N05,-0.1241,0.008693,2.92,106.2038,0.00025,37.5,23.765562,86.415081
2026-08-11 14:00:00,N05,,,,,,,23.765562,86.415081
2026-08-11 15:00:00,N05,,,,,,,23.765562,86.415081
2026-08-11 16:00:00,N05,-0.2712,0.007713,6.49,106.2178,0.004956,34.0,23.765562,86.415081
2026-08-11 17:00:00,N05,-0.0834,0.007386,9.35,106.2228,0.00491,32.2,23.765562,86.415081
2026-08-11 18:00:00,N05,0.0398,0.00772,5.02,106.2276,0.004576,30.3,23.765562,86.415081
2026-08-11 19:00:00,N05,-0.3211,0.008493,9.24,106.2319,0.004562,28.4,23.765562,86.415081
2026-08-11 20:00:00,N05,-0.2832,0.005147,6.31,106.2367,0.004287,26.5,23.765562,86.415081
2026-08-11 21:00:00,N05,,,,,,,23.765562,86.415081
2026-08-11 22:00:00,N05,,,,,,,23.765562,86.415081
2026-08-11 23:00:00,N05,,,,,,,23.765562,86.415081
2026-08-12 00:00:00,N05,,,,,,,23.765562,86.415081
2026-08-12 01:00:00,N05,,,,,,,23.765562,86.415081
2026-08-12 02:00:00,N05,-0.2558,0.006559,2.56,106.2639,0.004077,23.2,23.765562,86.415081
2026-08-12 03:00:00,N05,-0.3823,0.007299,2.25,106.2681,0.004703,24.4,23.765562,86.415081
2026-08-12 04:00:00,N05,-0.1966,0.006081,7.12,106.2733,0.004965,26.0,23.765562,86.415081
2026-08-12 05:00:00,N05,-0.3766,0.005109,6.48,106.278,0.005351,27.8,23.765562,86.415081
2026-08-12 06:00:00,N05,0.1358,0.006406,6.15,106.284,0.005565,29.7,23.765562,86.415081
2026-08-12 07:00:00,N05,-0.0494,0.005242,4.33,106.2891,0.005156,31.7,23.765562,86.415081
2026-08-12 08:00:00,N05,-0.3059,0.009318,4.58,106.2943,0.003417,33.5,23.765562,86.415081
2026-08-12 09:00:00,N05,-0.36,0.540521,39.6,106.2823,0.004321,35.0,23.765562,86.415081
2026-08-12 10:00:00,N05,,,,,,,23.765562,86.415081
2026-08-12 11:00:00,N05,,,,,,,23.765562,86.415081
2026-08-12 12:00:00,N05,,,,,,,23.765562,86.415081
2026-08-12 13:00:00,N05,,,,,,,23.765562,86.415081
2026-08-12 14:00:00,N05,-0.1609,0.005296,6.42,106.322,0.004869,36.2,23.765562,86.415081
2026-08-12 15:00:00,N05,-0.0328,0.006986,7.7,106.3271,0.004773,35.0,23.765562,86.415081
2026-08-12 16:00:00,N05,-0.0867,0.006686,6.89,106.3316,0.00503,33.5,23.765562,86.415081
2026-08-12 17:00:00,N05,-0.0292,0.005465,2.12,106.3372,0.005316,31.7,23.765562,86.415081
2026-08-12 18:00:00,N05,-0.3281,0.007534,4.97,106.3422,0.004547,29.7,23.765562,86.415081
2026-08-12 19:00:00,N05,-0.2205,0.005051,9.54,106.3463,0.00475,27.8,23.765562,86.415081
2026-08-12 20:00:00,N05,-0.345,0.007851,7.58,106.3517,0.004739,26.0,23.765562,86.415081
2026-08-12 21:00:00,N05,,,,,,,23.765562,86.415081
2026-08-12 22:00:00,N05,,,,,,,23.765562,86.415081
2026-08-12 23:00:00,N05,-0.4018,0.005565,1.63,106.3652,0.004628,22.5,23.765562,86.415081
2026-08-13 00:00:00,N05,-0.372,0.006189,8.24,106.3701,0.005308,23.9,23.765562,86.415081
2026-08-13 01:00:00,N05,-0.2365,0.005773,1.15,106.3758,0.005384,24.1,23.765562,86.415081
2026-08-13 02:00:00,N05,-0.3805,0.005871,6.97,106.3808,0.004703,24.9,23.765562,86.415081
2026-08-13 03:00:00,N05,-0.1168,0.006826,1.49,106.3852,0.004599,26.1,23.765562,86.415081
2026-08-13 04:00:00,N05,-0.1811,0.005187,8.49,106.39,0.004566,27.6,23.765562,86.415081
2026-08-13 05:00:00,N05,,,,,,,23.765562,86.415081
2026-08-13 06:00:00,N05,-0.2889,0.006877,1.46,106.3985,0.00427,31.4,23.765562,86.415081
2026-08-13 07:00:00,N05,-0.1897,0.005936,6.21,106.4029,0.004697,33.3,23.765562,86.415081
2026-08-13 08:00:00,N05,-0.3047,0.005515,1.69,106.4079,0.0095,35.1,23.765562,86.415081
2026-08-13 09:00:00,N05,-0.1444,0.715734,21.9,106.4219,0.009776,36.7,23.765562,86.415081
2026-08-13 10:00:00,N05,0.2213,0.743076,31.37,106.4274,0.000543,37.9,23.765562,86.415081
2026-08-13 11:00:00,N05,-0.0229,0.005757,9.0,106.423,0.000215,38.6,23.765562,86.415081
2026-08-13 12:00:00,N05,-0.445,0.005786,2.56,106.4278,0.000772,38.9,23.765562,86.415081
2026-08-13 13:00:00,N05,-0.3322,0.68225,46.12,106.4245,0.00518,38.6,23.765562,86.415081
2026-08-13 14:00:00,N05,-0.4437,0.005382,7.51,106.4382,0.017371,37.9,23.765562,86.415081
2026-08-13 15:00:00,N05,-0.0705,0.692666,45.69,106.4593,0.012804,36.7,23.765562,86.415081
2026-08-13 16:00:00,N05,-0.1032,0.698098,22.42,106.4638,0.003508,35.1,23.765562,86.415081
2026-08-13 17:00:00,N05,-0.1998,0.006348,9.94,106.4523,0.00327,33.3,23.765562,86.415081
2026-08-13 18:00:00,N05,,,,,,,23.765562,86.415081
2026-08-13 19:00:00,N05,-0.2266,0.006396,7.76,106.4626,0.004877,29.4,23.765562,86.415081
2026-08-13 20:00:00,N05,-0.0006,0.006913,3.46,106.467,0.00492,27.6,23.765562,86.415081
2026-08-13 21:00:00,N05,-0.1928,0.006253,4.19,106.4724,0.00523,26.1,23.765562,86.415081
2026-08-13 22:00:00,N05,-0.1462,0.005592,6.6,106.4775,0.004819,24.9,23.765562,86.415081
2026-08-13 23:00:00,N05,,,,,,,23.765562,86.415081
2026-08-14 00:00:00,N05,,,,,,,23.765562,86.415081
2026-08-14 01:00:00,N05,,,,,,,23.765562,86.415081
2026-08-14 02:00:00,N05,,,,,,,23.765562,86.415081
2026-08-14 03:00:00,N05,,,,,,,23.765562,86.415081
2026-08-14 04:00:00,N05,-0.3867,0.008021,7.96,106.5069,0.004882,30.0,23.765562,86.415081
2026-08-14 05:00:00,N05,-0.3332,0.006004,8.27,106.5115,0.00465,31.8,23.765562,86.415081
2026-08-14 06:00:00,N05,-0.1022,0.007641,6.73,106.5162,0.004671,33.7,23.765562,86.415081
2026-08-14 07:00:00,N05,-0.2754,0.00579,1.59,106.5208,0.004769,35.7,23.765562,86.415081
2026-08-14 08:00:00,N05,-0.2734,0.00568,2.37,106.5257,0.00483,37.5,23.765562,86.415081
2026-08-14 09:00:00,N05,-0.3708,0.007612,7.92,106.5305,0.002142,39.0,23.765562,86.415081
2026-08-14 10:00:00,N05,-0.189,0.005089,5.21,106.53,0.002779,40.2,23.765562,86.415081
2026-08-14 11:00:00,N05,,,,,,,23.765562,86.415081
2026-08-14 12:00:00,N05,,,,,,,23.765562,86.415081
2026-08-14 13:00:00,N05,,,,,,,23.765562,86.415081
2026-08-14 14:00:00,N05,-0.1111,0.005644,5.06,106.5499,0.004555,40.2,23.765562,86.415081
2026-08-14 15:00:00,N05,-0.0487,0.005615,7.6,106.5545,0.004524,39.0,23.765562,86.415081
2026-08-14 16:00:00,N05,-0.074,0.005314,5.96,106.5589,0.004171,37.5,23.765562,86.415081
2026-08-14 17:00:00,N05,-0.3814,0.006773,6.49,106.5628,0.004611,35.7,23.765562,86.415081
2026-08-14 18:00:00,N05,-0.2456,0.00579,6.58,106.5682,0.004901,33.7,23.765562,86.415081
2026-08-14 19:00:00,N05,-0.1699,0.005319,8.67,106.5726,0.004954,31.8,23.765562,86.415081
2026-08-14 20:00:00,N05,-0.2221,0.006566,6.64,106.5781,0.004973,30.0,23.765562,86.415081
2026-08-14 21:00:00,N05,-0.3492,0.00797,3.99,106.5826,0.004612,28.4,23.765562,86.415081
2026-08-14 22:00:00,N05,-0.1733,0.006398,6.7,106.5873,0.004573,27.2,23.765562,86.415081
2026-08-14 23:00:00,N05,-0.1158,0.006989,8.37,106.5917,0.004305,26.5,23.765562,86.415081
2026-08-15 00:00:00,N05,-0.418,0.007138,8.14,106.5959,0.00442,23.9,23.765562,86.415081
2026-08-15 01:00:00,N05,-0.4523,0.007165,3.1,106.6006,0.004931,24.1,23.765562,86.415081
2026-08-15 02:00:00,N05,-0.3345,0.006181,3.77,106.6058,0.005129,24.9,23.765562,86.415081
2026-08-15 03:00:00,N05,-0.3724,0.007194,1.82,106.6108,0.00444,26.1,23.765562,86.415081
2026-08-15 04:00:00,N05,-0.3066,0.007266,5.31,106.6146,0.004577,27.6,23.765562,86.415081
2026-08-15 05:00:00,N05,-0.0937,0.007613,2.52,106.62,0.005269,29.4,23.765562,86.415081
2026-08-15 06:00:00,N05,-0.05,0.00902,1.22,106.6252,0.000466,31.4,23.765562,86.415081
2026-08-15 07:00:00,N05,-0.2139,0.994087,33.31,106.6209,0.004124,33.3,23.765562,86.415081
2026-08-15 08:00:00,N05,-0.2793,0.00511,8.95,106.6334,0.008201,35.1,23.765562,86.415081
2026-08-15 09:00:00,N05,-0.3065,0.007288,7.65,106.6373,0.004242,36.7,23.765562,86.415081
2026-08-15 10:00:00,N05,-0.1519,0.007055,4.33,106.6419,0.004718,37.9,23.765562,86.415081
2026-08-15 11:00:00,N05,,,,,,,23.765562,86.415081
2026-08-15 12:00:00,N05,,,,,,,23.765562,86.415081
2026-08-15 13:00:00,N05,,,,,,,23.765562,86.415081
2026-08-15 14:00:00,N05,,,,,,,23.765562,86.415081
2026-08-15 15:00:00,N05,,,,,,,23.765562,86.415081
2026-08-15 16:00:00,N05,,,,,,,23.765562,86.415081
2026-08-15 17:00:00,N05,-0.2211,0.007119,3.56,106.675,0.004588,33.3,23.765562,86.415081
2026-08-15 18:00:00,N05,,,,,,,23.765562,86.415081
2026-08-15 19:00:00,N05,-0.2677,0.00702,6.51,106.6838,0.004567,29.4,23.765562,86.415081
2026-08-15 20:00:00,N05,-0.1128,0.007529,1.95,106.6885,0.0047,27.6,23.765562,86.415081
2026-08-15 21:00:00,N05,-0.1488,0.008461,7.31,106.6932,0.004386,26.1,23.765562,86.415081
2026-08-15 22:00:00,N05,-0.2221,0.005236,5.56,106.6972,0.004171,24.9,23.765562,86.415081
2026-08-15 23:00:00,N05,-0.0508,0.005664,7.53,106.7016,0.004596,24.1,23.765562,86.415081
2026-08-16 00:00:00,N05,,,,,,,23.765562,86.415081
2026-08-16 01:00:00,N05,-0.1694,0.006897,4.88,106.7109,0.004658,25.4,23.765562,86.415081
2026-08-16 02:00:00,N05,-0.2156,0.006253,1.91,106.7157,0.00514,26.1,23.765562,86.415081
2026-08-16 03:00:00,N05,-0.1766,0.005941,5.78,106.7211,0.005287,27.3,23.765562,86.415081
2026-08-16 04:00:00,N05,-0.4435,0.00548,7.26,106.7263,0.004892,28.8,23.765562,86.415081
2026-08-16 05:00:00,N05,-0.2487,0.008773,9.73,106.7309,0.004212,30.7,23.765562,86.415081
2026-08-16 06:00:00,N05,-0.4965,0.005142,9.54,106.7347,0.004283,32.6,23.765562,86.415081
2026-08-16 07:00:00,N05,-0.2796,0.005122,7.07,106.7395,0.004948,34.5,23.765562,86.415081
2026-08-16 08:00:00,N05,-0.162,0.006998,5.61,106.7446,0.00478,36.3,23.765562,86.415081
2026-08-16 09:00:00,N05,0.0642,0.007852,7.22,106.749,0.003982,37.9,23.765562,86.415081
2026-08-16 10:00:00,N05,-0.3,0.599757,40.16,106.7367,0.005041,39.1,23.765562,86.415081
2026-08-16 11:00:00,N05,-0.1026,0.005656,3.1,106.7591,0.013633,39.8,23.765562,86.415081
2026-08-16 12:00:00,N05,-0.3324,0.00588,1.77,106.7639,0.004859,40.1,23.765562,86.415081
2026-08-16 13:00:00,N05,-0.0758,0.006354,9.91,106.7688,0.00267,39.8,23.765562,86.415081
2026-08-16 14:00:00,N05,-0.1788,0.980733,33.72,106.7586,0.00443,39.1,23.765562,86.415081
2026-08-16 15:00:00,N05,-0.1943,0.005254,9.72,106.7777,0.011879,37.9,23.765562,86.415081
2026-08-16 16:00:00,N05,-0.1589,0.00632,8.51,106.7824,0.004689,36.3,23.765562,86.415081
2026-08-16 17:00:00,N05,-0.1719,0.00789,9.53,106.7871,0.0044,34.5,23.765562,86.415081
2026-08-16 18:00:00,N05,-0.2944,0.006248,7.01,106.7912,0.004154,32.6,23.765562,86.415081
2026-08-16 19:00:00,N05,-0.3298,0.009947,5.22,106.7954,0.004661,30.7,23.765562,86.415081
2026-08-16 20:00:00,N05,-0.2367,0.007445,1.13,106.8005,0.004463,28.8,23.765562,86.415081
2026-08-16 21:00:00,N05,-0.2835,0.006946,5.19,106.8043,0.004366,27.3,23.765562,86.415081
2026-08-16 22:00:00,N05,,,,,,,23.765562,86.415081
2026-08-16 23:00:00,N05,-0.3665,0.005697,4.63,106.8137,0.004351,25.4,23.765562,86.415081
2026-08-17 00:00:00,N05,-0.5265,0.008365,4.77,106.8179,0.00394,24.7,23.765562,86.415081
2026-08-17 01:00:00,N05,,,,,,,23.765562,86.415081
2026-08-17 02:00:00,N05,-0.2478,0.008939,9.6,106.8258,0.004727,25.7,23.765562,86.415081
2026-08-17 03:00:00,N05,-0.3171,0.007879,1.3,106.8311,0.004523,26.9,23.765562,86.415081
2026-08-17 04:00:00,N05,,,,,,,23.765562,86.415081
2026-08-17 05:00:00,N05,,,,,,,23.765562,86.415081
2026-08-17 06:00:00,N05,,,,,,,23.765562,86.415081
2026-08-17 07:00:00,N05,-0.3806,0.006287,6.11,106.848,0.004638,34.1,23.765562,86.415081
2026-08-17 08:00:00,N05,-0.2271,0.726494,27.5,106.8339,0.004124,35.9,23.765562,86.415081
2026-08-17 09:00:00,N05,-0.2947,0.00614,3.53,106.8562,0.013519,37.5,23.765562,86.415081
2026-08-17 10:00:00,N05,-0.2711,0.005213,7.38,106.8609,0.004857,38.6,23.765562,86.415081
2026-08-17 11:00:00,N05,0.2643,0.005655,7.28,106.866,0.004991,39.4,23.765562,86.415081
2026-08-17 12:00:00,N05,-0.2044,0.005265,4.07,106.8709,0.009939,39.7,23.765562,86.415081
2026-08-17 13:00:00,N05,-0.2632,0.935599,26.75,106.8858,0.009895,39.4,23.765562,86.415081
2026-08-17 14:00:00,N05,,,,,,,23.765562,86.415081
2026-08-17 15:00:00,N05,,,,,,,23.765562,86.415081
2026-08-17 16:00:00,N05,,,,,,,23.765562,86.415081
2026-08-17 17:00:00,N05,-0.3952,0.928218,26.85,106.9054,0.005113,34.1,23.765562,86.415081
2026-08-17 18:00:00,N05,-0.2333,0.007281,8.57,106.9,0.000544,32.2,23.765562,86.415081
2026-08-17 19:00:00,N05,-0.2494,0.006439,1.49,106.9043,0.004458,30.2,23.765562,86.415081
2026-08-17 20:00:00,N05,-0.3905,0.006926,3.51,106.9089,0.004882,28.4,23.765562,86.415081
2026-08-17 21:00:00,N05,-0.2381,0.007693,5.17,106.9141,0.004842,26.9,23.765562,86.415081
2026-08-17 22:00:00,N05,-0.1999,0.00557,2.16,106.9186,0.00426,25.7,23.765562,86.415081
2026-08-17 23:00:00,N05,-0.3772,0.005488,8.18,106.9226,0.004379,24.9,23.765562,86.415081
2026-08-18 00:00:00,N05,-0.3121,0.00737,6.8,106.9274,0.004472,24.0,23.765562,86.415081
2026-08-18 01:00:00,N05,-0.4796,0.007294,5.12,106.9316,0.004056,24.2,23.765562,86.415081
2026-08-18 02:00:00,N05,-0.4989,0.006113,3.42,106.9355,0.004313,25.0,23.765562,86.415081
2026-08-18 03:00:00,N05,-0.4239,0.006651,2.48,106.9402,0.004918,26.1,23.765562,86.415081
2026-08-18 04:00:00,N05,-0.2098,0.008513,6.0,106.9453,0.004637,27.7,23.765562,86.415081
2026-08-18 05:00:00,N05,-0.057,0.008795,9.9,106.9495,0.004312,29.5,23.765562,86.415081
2026-08-18 06:00:00,N05,-0.1636,0.005376,4.04,106.9539,0.00475,31.5,23.765562,86.415081
2026-08-18 07:00:00,N05,-0.2942,0.005179,2.96,106.959,0.005359,33.4,23.765562,86.415081
2026-08-18 08:00:00,N05,-0.1535,0.00746,2.39,106.9647,0.009439,35.2,23.765562,86.415081
2026-08-18 09:00:00,N05,-0.2251,0.830885,45.01,106.9779,0.008702,36.8,23.765562,86.415081
2026-08-18 10:00:00,N05,-0.2041,0.610891,23.67,106.9821,3e-06,37.9,23.765562,86.415081
2026-08-18 11:00:00,N05,-0.1223,0.008204,3.7,106.9779,4.8e-05,38.7,23.765562,86.415081
2026-08-18 12:00:00,N05,0.0236,0.006945,7.26,106.9822,0.011403,39.0,23.765562,86.415081
2026-08-18 13:00:00,N05,-0.2622,0.580643,36.06,107.0007,0.004853,38.7,23.765562,86.415081
2026-08-18 14:00:00,N05,-0.4382,0.005642,5.85,106.9919,0.001876,37.9,23.765562,86.415081
2026-08-18 15:00:00,N05,-0.2592,0.005677,5.91,106.9969,0.004951,36.8,23.765562,86.415081
2026-08-18 16:00:00,N05,-0.2167,0.006381,9.5,107.0018,0.00504,35.2,23.765562,86.415081
2026-08-18 17:00:00,N05,0.0809,0.005805,7.46,107.007,0.004567,33.4,23.765562,86.415081
2026-08-18 18:00:00,N05,-0.0781,0.006371,6.24,107.0109,0.004158,31.5,23.765562,86.415081
2026-08-18 19:00:00,N05,-0.2725,0.005955,9.02,107.0153,0.004441,29.5,23.765562,86.415081
2026-08-18 20:00:00,N05,-0.3016,0.009173,2.0,107.0198,0.004606,27.7,23.765562,86.415081
2026-08-18 21:00:00,N05,-0.2296,0.00694,3.41,107.0245,0.004534,26.1,23.765562,86.415081
2026-08-18 22:00:00,N05,-0.4008,0.007115,9.26,107.0289,0.003798,25.0,23.765562,86.415081
2026-08-18 23:00:00,N05,-0.5219,0.005548,3.02,107.0321,0.003398,24.2,23.765562,86.415081
2026-08-19 00:00:00,N05,-0.4132,0.008456,4.27,107.0357,0.004058,29.0,23.765562,86.415081
2026-08-19 01:00:00,N05,-0.0191,0.005417,5.39,107.0402,0.004485,29.3,23.765562,86.415081
2026-08-19 02:00:00,N05,0.0916,0.005452,1.18,107.0446,0.004588,30.0,23.765562,86.415081
2026-08-19 03:00:00,N05,-0.369,0.005667,9.18,107.0494,0.004189,31.2,23.765562,86.415081
2026-08-19 04:00:00,N05,,,,,,,23.765562,86.415081
2026-08-19 05:00:00,N05,-0.2529,0.006124,3.09,107.0583,0.005224,34.6,23.765562,86.415081
2026-08-19 06:00:00,N05,-0.1694,0.006612,3.96,107.0634,0.010729,36.5,23.765562,86.415081
2026-08-19 07:00:00,N05,-0.0109,0.617295,28.11,107.0798,0.00451,38.4,23.765562,86.415081
2026-08-19 08:00:00,N05,-0.2637,0.007002,9.28,107.0725,0.001389,40.3,23.765562,86.415081
2026-08-19 09:00:00,N05,,,,,,,23.765562,86.415081
2026-08-19 10:00:00,N05,,,,,,,23.765562,86.415081
2026-08-19 11:00:00,N05,,,,,,,23.765562,86.415081
2026-08-19 12:00:00,N05,,,,,,,23.765562,86.415081
2026-08-19 13:00:00,N05,,,,,,,23.765562,86.415081
2026-08-19 14:00:00,N05,,,,,,,23.765562,86.415081
2026-08-19 15:00:00,N05,-0.1685,0.005262,3.33,107.1046,0.004862,41.8,23.765562,86.415081
2026-08-19 16:00:00,N05,-0.229,0.008857,6.01,107.1095,0.00495,40.3,23.765562,86.415081
2026-08-19 17:00:00,N05,-0.1163,0.005269,9.35,107.1145,0.004622,38.4,23.765562,86.415081
2026-08-19 18:00:00,N05,-0.2581,0.007626,6.34,107.1188,0.004268,36.5,23.765562,86.415081
2026-08-19 19:00:00,N05,-0.1649,0.005404,5.6,107.1231,0.004375,34.6,23.765562,86.415081
2026-08-19 20:00:00,N05,-0.4361,0.005373,6.22,107.1275,0.004511,32.8,23.765562,86.415081
2026-08-19 21:00:00,N05,,,,,,,23.765562,86.415081
2026-08-19 22:00:00,N05,,,,,,,23.765562,86.415081
2026-08-19 23:00:00,N05,-0.388,0.005398,1.34,107.1403,0.004745,29.3,23.765562,86.415081
2026-08-20 00:00:00,N05,-0.0647,0.006741,4.22,107.1453,0.004964,19.8,23.765562,86.415081
2026-08-20 01:00:00,N05,-0.2875,0.005967,2.71,107.1503,0.004881,20.0,23.765562,86.415081
2026-08-20 02:00:00,N05,-0.4925,0.00537,9.58,107.155,0.004908,20.8,23.765562,86.415081
2026-08-20 03:00:00,N05,-0.3379,0.005114,3.32,107.1601,0.004521,22.0,23.765562,86.415081
2026-08-20 04:00:00,N05,-0.1041,0.006926,6.57,107.1641,0.003937,23.5,23.765562,86.415081
2026-08-20 05:00:00,N05,-0.0977,0.005513,3.8,107.168,0.004051,25.3,23.765562,86.415081
2026-08-20 06:00:00,N05,-0.1691,0.00584,8.46,107.1722,0.000827,27.3,23.765562,86.415081
2026-08-20 07:00:00,N05,-0.4227,0.756442,32.19,107.1663,0.003994,29.2,23.765562,86.415081
2026-08-20 08:00:00,N05,0.0017,0.005293,4.58,107.1801,0.008673,31.0,23.765562,86.415081
2026-08-20 09:00:00,N05,-0.2152,0.005846,5.37,107.1836,0.000908,32.6,23.765562,86.415081
2026-08-20 10:00:00,N05,-0.2118,0.614453,44.01,107.182,0.001821,33.8,23.765562,86.415081
2026-08-20 11:00:00,N05,-0.3471,0.740492,25.62,107.18,0.007601,34.5,23.765562,86.415081
2026-08-20 12:00:00,N05,-0.4013,0.005776,2.69,107.1972,0.010832,34.8,23.765562,86.415081
2026-08-20 13:00:00,N05,-0.1685,0.005226,2.04,107.2017,0.004035,34.5,23.765562,86.415081
2026-08-20 14:00:00,N05,-0.3877,0.006053,4.08,107.2052,0.004221,33.8,23.765562,86.415081
2026-08-20 15:00:00,N05,-0.4667,0.006677,9.29,107.2101,0.004901,32.6,23.765562,86.415081
2026-08-20 16:00:00,N05,-0.2229,0.006179,7.9,107.215,0.004859,31.0,23.765562,86.415081
2026-08-20 17:00:00,N05,-0.1423,0.008402,6.66,107.2198,0.00446,29.2,23.765562,86.415081
2026-08-20 18:00:00,N05,-0.0099,0.007369,9.47,107.224,0.004561,27.3,23.765562,86.415081
2026-08-20 19:00:00,N05,,,,,,,23.765562,86.415081
2026-08-20 20:00:00,N05,,,,,,,23.765562,86.415081
2026-08-20 21:00:00,N05,-0.3987,0.006934,9.36,107.2385,0.005371,22.0,23.765562,86.415081
2026-08-20 22:00:00,N05,,,,,,,23.765562,86.415081
2026-08-20 23:00:00,N05,-0.3034,0.005405,7.76,107.2477,0.004124,20.0,23.765562,86.415081
2026-08-21 00:00:00,N05,,,,,,,23.765562,86.415081
2026-08-21 01:00:00,N05,,,,,,,23.765562,86.415081
2026-08-21 02:00:00,N05,,,,,,,23.765562,86.415081
2026-08-21 03:00:00,N05,,,,,,,23.765562,86.415081
2026-08-21 04:00:00,N05,,,,,,,23.765562,86.415081
2026-08-21 05:00:00,N05,,,,,,,23.765562,86.415081
2026-08-21 06:00:00,N05,-0.0577,0.007441,3.18,107.2798,0.004685,34.0,23.765562,86.415081
2026-08-21 07:00:00,N05,-0.1367,0.008675,5.81,107.2847,0.004616,35.9,23.765562,86.415081
2026-08-21 08:00:00,N05,-0.0799,0.718662,18.59,107.2706,0.00477,37.7,23.765562,86.415081
2026-08-21 09:00:00,N05,-0.3427,0.008048,5.67,107.2942,0.014366,39.3,23.765562,86.415081
2026-08-21 10:00:00,N05,-0.1028,0.00699,5.22,107.2993,0.003744,40.5,23.765562,86.415081
2026-08-21 11:00:00,N05,-0.1279,0.691884,32.73,107.2867,0.004285,41.2,23.765562,86.415081
2026-08-21 12:00:00,N05,-0.353,0.801258,21.88,107.2907,0.012622,41.5,23.765562,86.415081
2026-08-21 13:00:00,N05,,,,,,,23.765562,86.415081
2026-08-21 14:00:00,N05,-0.3774,0.007748,5.18,107.3163,0.004397,40.5,23.765562,86.415081
2026-08-21 15:00:00,N05,-0.173,0.005769,6.73,107.3208,0.004551,39.3,23.765562,86.415081
2026-08-21 16:00:00,N05,-0.3663,0.006132,8.77,107.3255,0.01457,37.7,23.765562,86.415081
2026-08-21 17:00:00,N05,-0.2441,0.805686,48.3,107.3499,0.014625,35.9,23.765562,86.415081
2026-08-21 18:00:00,N05,-0.0769,0.988059,47.32,107.3547,0.00519,34.0,23.765562,86.415081
2026-08-21 19:00:00,N05,,,,,,,23.765562,86.415081
2026-08-21 20:00:00,N05,,,,,,,23.765562,86.415081
2026-08-21 21:00:00,N05,,,,,,,23.765562,86.415081
2026-08-21 22:00:00,N05,,,,,,,23.765562,86.415081
2026-08-21 23:00:00,N05,,,,,,,23.765562,86.415081
2026-08-22 00:00:00,N05,-0.1872,0.00694,3.88,107.3622,0.003964,21.9,23.765562,86.415081
2026-08-22 01:00:00,N05,-0.1668,0.00546,5.05,107.3664,0.004315,22.2,23.765562,86.415081
2026-08-22 02:00:00,N05,-0.2736,0.006675,8.71,107.3709,0.004379,22.9,23.765562,86.415081
2026-08-22 03:00:00,N05,-0.2733,0.00848,3.6,107.3752,0.004404,24.1,23.765562,86.415081
2026-08-22 04:00:00,N05,-0.2121,0.009157,4.8,107.3797,0.004493,25.7,23.765562,86.415081
2026-08-22 05:00:00,N05,-0.1895,0.00579,5.54,107.3842,0.004508,27.5,23.765562,86.415081
2026-08-22 06:00:00,N05,-0.2747,0.005416,8.39,107.3887,0.004573,29.4,23.765562,86.415081
2026-08-22 07:00:00,N05,-0.4646,0.006432,2.72,107.3933,0.00484,31.4,23.765562,86.415081
2026-08-22 08:00:00,N05,-0.4244,0.006761,9.47,107.3984,0.005091,33.2,23.765562,86.415081
2026-08-22 09:00:00,N05,0.1098,0.006125,1.24,107.4035,0.004806,34.7,23.765562,86.415081
2026-08-22 10:00:00,N05,-0.2788,0.006306,2.59,107.408,0.004558,35.9,23.765562,86.415081
2026-08-22 11:00:00,N05,-0.2546,0.00761,9.71,107.4126,0.004592,36.7,23.765562,86.415081
2026-08-22 12:00:00,N05,-0.21,0.005115,8.09,107.4172,0.00449,36.9,23.765562,86.415081
2026-08-22 13:00:00,N05,-0.2303,0.007831,7.53,107.4216,0.00447,36.7,23.765562,86.415081
2026-08-22 14:00:00,N05,-0.3388,0.010963,6.32,107.4261,0.004775,35.9,23.765562,86.415081
2026-08-22 15:00:00,N05,-0.5301,0.006982,6.1,107.4311,0.00443,34.7,23.765562,86.415081
2026-08-22 16:00:00,N05,-0.3149,0.005861,1.33,107.435,0.009462,33.2,23.765562,86.415081
2026-08-22 17:00:00,N05,-0.1676,0.71258,45.45,107.4501,0.004723,31.4,23.765562,86.415081
2026-08-22 18:00:00,N05,-0.3081,0.00504,3.8,107.4444,0.000744,29.4,23.765562,86.415081
2026-08-22 19:00:00,N05,,,,,,,23.765562,86.415081
2026-08-22 20:00:00,N05,-0.1648,0.007854,8.99,107.4531,0.004225,25.7,23.765562,86.415081
2026-08-22 21:00:00,N05,-0.4085,0.007523,7.48,107.457,0.004029,24.1,23.765562,86.415081
2026-08-22 22:00:00,N05,-0.2025,0.006253,8.49,107.4611,0.003994,22.9,23.765562,86.415081
2026-08-22 23:00:00,N05,-0.3304,0.00628,4.57,107.465,0.004177,22.2,23.765562,86.415081
2026-08-23 00:00:00,N05,,,,,,,23.765562,86.415081
2026-08-23 01:00:00,N05,,,,,,,23.765562,86.415081
2026-08-23 02:00:00,N05,,,,,,,23.765562,86.415081
2026-08-23 03:00:00,N05,-0.4133,0.009114,3.51,107.4821,0.004774,27.5,23.765562,86.415081
2026-08-23 04:00:00,N05,-0.1523,0.006793,3.11,107.4875,0.004934,29.1,23.765562,86.415081
2026-08-23 05:00:00,N05,,,,,,,23.765562,86.415081
2026-08-23 06:00:00,N05,-0.479,0.006863,6.06,107.4965,0.004556,32.8,23.765562,86.415081
2026-08-23 07:00:00,N05,-0.0166,0.006493,2.48,107.5011,0.005473,34.8,23.765562,86.415081
2026-08-23 08:00:00,N05,-0.331,0.823696,48.27,107.4856,0.005379,36.6,23.765562,86.415081
2026-08-23 09:00:00,N05,,,,,,,23.765562,86.415081
2026-08-23 10:00:00,N05,,,,,,,23.765562,86.415081
2026-08-23 11:00:00,N05,,,,,,,23.765562,86.415081
2026-08-23 12:00:00,N05,,,,,,,23.765562,86.415081
2026-08-23 13:00:00,N05,,,,,,,23.765562,86.415081
2026-08-23 14:00:00,N05,,,,,,,23.765562,86.415081
2026-08-23 15:00:00,N05,,,,,,,23.765562,86.415081
2026-08-23 16:00:00,N05,-0.2763,0.00664,4.66,107.5406,0.004412,36.6,23.765562,86.415081
2026-08-23 17:00:00,N05,-0.0731,0.006662,2.24,107.5454,0.004678,34.8,23.765562,86.415081
2026-08-23 18:00:00,N05,,,,,,,23.765562,86.415081
2026-08-23 19:00:00,N05,,,,,,,23.765562,86.415081
2026-08-23 20:00:00,N05,,,,,,,23.765562,86.415081
2026-08-23 21:00:00,N05,,,,,,,23.765562,86.415081
2026-08-23 22:00:00,N05,-0.2738,0.007589,9.7,107.5669,0.004484,26.3,23.765562,86.415081
2026-08-23 23:00:00,N05,-0.3354,0.005293,8.48,107.5711,0.004276,25.6,23.765562,86.415081
2026-08-24 00:00:00,N05,-0.1078,0.005303,6.0,107.5755,0.004494,26.3,23.765562,86.415081
2026-08-24 01:00:00,N05,-0.1881,0.005294,9.02,107.5801,0.004956,26.6,23.765562,86.415081
2026-08-24 02:00:00,N05,-0.1085,0.007598,7.14,107.5854,0.004676,27.3,23.765562,86.415081
2026-08-24 03:00:00,N05,-0.4502,0.006869,6.98,107.5895,0.004299,28.5,23.765562,86.415081
2026-08-24 04:00:00,N05,-0.3115,0.007959,7.65,107.594,0.004413,30.1,23.765562,86.415081
2026-08-24 05:00:00,N05,-0.3591,0.008949,3.47,107.5983,0.004336,31.9,23.765562,86.415081
2026-08-24 06:00:00,N05,-0.3419,0.007314,7.06,107.6026,0.004314,33.8,23.765562,86.415081
2026-08-24 07:00:00,N05,-0.3015,0.006289,8.08,107.6069,0.004678,35.7,23.765562,86.415081
2026-08-24 08:00:00,N05,-0.3233,0.00721,2.71,107.612,0.012142,37.6,23.765562,86.415081
2026-08-24 09:00:00,N05,-0.3324,0.650907,37.45,107.6312,0.011824,39.1,23.765562,86.415081
2026-08-24 10:00:00,N05,-0.1081,0.571636,31.67,107.6357,0.002328,40.3,23.765562,86.415081
2026-08-24 11:00:00,N05,-0.247,0.00646,8.17,107.6266,0.002498,41.0,23.765562,86.415081
2026-08-24 12:00:00,N05,0.0962,0.007486,2.13,107.6307,0.00221,41.3,23.765562,86.415081
2026-08-24 13:00:00,N05,-0.1456,0.743713,41.39,107.6222,0.001632,41.0,23.765562,86.415081
2026-08-24 14:00:00,N05,-0.1387,0.534244,37.78,107.6274,0.011881,40.3,23.765562,86.415081
2026-08-24 15:00:00,N05,-0.3102,0.006171,1.71,107.6459,0.020237,39.1,23.765562,86.415081
2026-08-24 16:00:00,N05,-0.2809,0.636323,15.88,107.6679,0.003764,37.6,23.765562,86.415081
2026-08-24 17:00:00,N05,,,,,,,23.765562,86.415081
2026-08-24 18:00:00,N05,-0.2482,0.00626,8.71,107.6577,0.004197,33.8,23.765562,86.415081
2026-08-24 19:00:00,N05,-0.3257,0.008627,6.71,107.6618,0.004668,31.9,23.765562,86.415081
2026-08-24 20:00:00,N05,-0.128,0.008772,9.86,107.6671,0.004699,30.1,23.765562,86.415081
2026-08-24 21:00:00,N05,-0.1903,0.00941,1.6,107.6712,0.004479,28.5,23.765562,86.415081
2026-08-24 22:00:00,N05,-0.2456,0.005641,4.79,107.676,0.004522,27.3,23.765562,86.415081
2026-08-24 23:00:00,N05,,,,,,,23.765562,86.415081
2026-08-25 00:00:00,N05,,,,,,,23.765562,86.415081
2026-08-25 01:00:00,N05,,,,,,,23.765562,86.415081
2026-08-25 02:00:00,N05,,,,,,,23.765562,86.415081
2026-08-25 03:00:00,N05,-0.269,0.005985,1.77,107.6997,0.004206,28.7,23.765562,86.415081
2026-08-25 04:00:00,N05,-0.1343,0.007512,1.03,107.7034,0.004461,30.2,23.765562,86.415081
2026-08-25 05:00:00,N05,-0.3533,0.005234,2.57,107.7086,0.004519,32.0,23.765562,86.415081
2026-08-25 06:00:00,N05,-0.4131,0.005688,8.51,107.7125,0.00575,34.0,23.765562,86.415081
2026-08-25 07:00:00,N05,-0.2733,0.519451,27.95,107.7201,0.002775,35.9,23.765562,86.415081
2026-08-25 08:00:00,N05,-0.3916,0.767862,38.55,107.7069,0.002789,37.7,23.765562,86.415081
2026-08-25 09:00:00,N05,-0.2627,0.005759,8.13,107.7257,0.011733,39.3,23.765562,86.415081
2026-08-25 10:00:00,N05,-0.4168,0.005692,4.77,107.7304,0.001714,40.5,23.765562,86.415081
2026-08-25 11:00:00,N05,-0.1632,0.500819,15.05,107.7223,0.001739,41.2,23.765562,86.415081
2026-08-25 12:00:00,N05,-0.2661,0.91857,25.19,107.7269,0.010579,41.5,23.765562,86.415081
2026-08-25 13:00:00,N05,-0.3199,0.008685,4.21,107.7434,0.010396,41.2,23.765562,86.415081
2026-08-25 14:00:00,N05,-0.0789,0.006791,7.88,107.7477,0.004154,40.5,23.765562,86.415081
2026-08-25 15:00:00,N05,-0.0743,0.008316,6.22,107.7517,0.004046,39.3,23.765562,86.415081
2026-08-25 16:00:00,N05,-0.1301,0.006209,5.48,107.7558,0.004065,37.7,23.765562,86.415081
2026-08-25 17:00:00,N05,-0.2961,0.005676,8.14,107.7598,0.004632,35.9,23.765562,86.415081
2026-08-25 18:00:00,N05,-0.2539,0.005463,3.31,107.765,0.00455,34.0,23.765562,86.415081
2026-08-25 19:00:00,N05,-0.3533,0.006054,3.05,107.7689,0.004219,32.0,23.765562,86.415081
2026-08-25 20:00:00,N05,-0.1191,0.008458,7.2,107.7735,0.004349,30.2,23.765562,86.415081
2026-08-25 21:00:00,N05,-0.2194,0.006138,5.38,107.7776,0.004341,28.7,23.765562,86.415081
2026-08-25 22:00:00,N05,-0.3326,0.005706,8.49,107.7822,0.004211,27.5,23.765562,86.415081
2026-08-25 23:00:00,N05,-0.1551,0.006374,1.87,107.7861,0.004238,26.7,23.765562,86.415081
2026-08-26 00:00:00,N05,-0.051,0.005225,2.54,107.7906,0.004645,21.0,23.765562,86.415081
2026-08-26 01:00:00,N05,-0.4788,0.00532,2.52,107.7954,0.004838,21.2,23.765562,86.415081
2026-08-26 02:00:00,N05,-0.5269,0.005923,3.81,107.8003,0.004458,22.0,23.765562,86.415081
2026-08-26 03:00:00,N05,-0.3393,0.0059,1.95,107.8043,0.004504,23.2,23.765562,86.415081
2026-08-26 04:00:00,N05,-0.1932,0.008908,5.65,107.8093,0.004653,24.7,23.765562,86.415081
2026-08-26 05:00:00,N05,-0.1282,0.006585,2.08,107.8136,0.012311,26.5,23.765562,86.415081
2026-08-26 06:00:00,N05,-0.2005,0.588198,35.09,107.8339,0.003847,28.5,23.765562,86.415081
2026-08-26 07:00:00,N05,-0.273,0.007306,7.6,107.8213,0.003841,30.4,23.765562,86.415081
2026-08-26 08:00:00,N05,-0.0539,0.007558,2.74,107.8263,0.004623,32.2,23.765562,86.415081
2026-08-26 09:00:00,N05,-0.134,0.009979,7.71,107.8305,0.004535,33.8,23.765562,86.415081
2026-08-26 10:00:00,N05,,,,,,,23.765562,86.415081
2026-08-26 11:00:00,N05,,,,,,,23.765562,86.415081
2026-08-26 12:00:00,N05,,,,,,,23.765562,86.415081
2026-08-26 13:00:00,N05,,,,,,,23.765562,86.415081
2026-08-26 14:00:00,N05,-0.2419,0.006591,7.55,107.8552,0.007619,35.0,23.765562,86.415081
2026-08-26 15:00:00,N05,-0.0347,0.917663,48.62,107.8655,0.003926,33.8,23.765562,86.415081
2026-08-26 16:00:00,N05,-0.3063,0.005796,7.83,107.863,0.001594,32.2,23.765562,86.415081
2026-08-26 17:00:00,N05,-0.2854,0.005974,2.11,107.8686,0.004949,30.4,23.765562,86.415081
2026-08-26 18:00:00,N05,-0.1771,0.006454,2.16,107.8729,0.004149,28.5,23.765562,86.415081
2026-08-26 19:00:00,N05,-0.0513,0.007984,9.0,107.8769,0.004164,26.5,23.765562,86.415081
2026-08-26 20:00:00,N05,,,,,,,23.765562,86.415081
2026-08-26 21:00:00,N05,,,,,,,23.765562,86.415081
2026-08-26 22:00:00,N05,-0.4305,0.006721,3.01,107.8911,0.005248,22.0,23.765562,86.415081
2026-08-26 23:00:00,N05,-0.2812,0.005472,5.51,107.8963,0.004764,21.2,23.765562,86.415081
2026-08-27 00:00:00,N05,-0.1965,0.009371,6.96,107.9007,0.004593,23.6,23.765562,86.415081
2026-08-27 01:00:00,N05,0.0083,0.005639,7.34,107.9054,0.004561,23.9,23.765562,86.415081
2026-08-27 02:00:00,N05,-0.5378,0.006945,4.22,107.9098,0.004386,24.6,23.765562,86.415081
2026-08-27 03:00:00,N05,-0.1514,0.008371,8.22,107.9142,0.004166,25.8,23.765562,86.415081
2026-08-27 04:00:00,N05,-0.0046,0.008661,1.9,107.9181,0.00392,27.4,23.765562,86.415081
2026-08-27 05:00:00,N05,-0.1086,0.006007,7.73,107.9221,0.003976,29.2,23.765562,86.415081
2026-08-27 06:00:00,N05,-0.3166,0.005901,4.49,107.9261,0.003848,31.1,23.765562,86.415081
2026-08-27 07:00:00,N05,-0.3157,0.007605,5.08,107.9297,0.00439,33.1,23.765562,86.415081
2026-08-27 08:00:00,N05,-0.3872,0.006983,4.83,107.9348,0.004747,34.9,23.765562,86.415081
2026-08-27 09:00:00,N05,-0.2231,0.005201,2.63,107.9392,0.00437,36.4,23.765562,86.415081
2026-08-27 10:00:00,N05,-0.6003,0.005994,1.45,107.9436,0.00068,37.6,23.765562,86.415081
2026-08-27 11:00:00,N05,,,,,,,23.765562,86.415081
2026-08-27 12:00:00,N05,-0.2548,0.810547,44.74,107.9457,0.008608,38.6,23.765562,86.415081
2026-08-27 13:00:00,N05,-0.3954,0.005459,4.31,107.9578,0.000874,38.4,23.765562,86.415081
2026-08-27 14:00:00,N05,-0.3595,0.879125,46.77,107.9474,0.003062,37.6,23.765562,86.415081
2026-08-27 15:00:00,N05,-0.4633,0.753518,47.0,107.9517,0.012005,36.4,23.765562,86.415081
2026-08-27 16:00:00,N05,-0.3469,0.005745,9.82,107.9715,0.012237,34.9,23.765562,86.415081
2026-08-27 17:00:00,N05,-0.3325,0.007139,7.85,107.9762,0.004299,33.1,23.765562,86.415081
2026-08-27 18:00:00,N05,-0.2722,0.006434,3.64,107.9801,0.004134,31.1,23.765562,86.415081
2026-08-27 19:00:00,N05,-0.0835,0.006975,8.74,107.9844,0.00426,29.2,23.765562,86.415081
2026-08-27 20:00:00,N05,-0.0126,0.007372,2.56,107.9886,0.004503,27.4,23.765562,86.415081
2026-08-27 21:00:00,N05,-0.2529,0.005349,4.66,107.9934,0.004277,25.8,23.765562,86.415081
2026-08-27 22:00:00,N05,-0.1077,0.00658,6.42,107.9971,0.003602,24.6,23.765562,86.415081
2026-08-27 23:00:00,N05,,,,,,,23.765562,86.415081
