timestamp,node_id,tilt_deg,vib_rms,vib_dom_freq_hz,strain_mm,crack_proxy,temp_c,lat,lng
2026-03-01 00:00:00,N10,-0.2539,0.006012,1.61,0.0006,0.000777,25.9,23.765929,86.415591
2026-03-01 01:00:00,N10,0.2388,0.005338,2.1,0.0014,0.000435,26.1,23.765929,86.415591
2026-03-01 02:00:00,N10,-0.0213,0.007531,6.11,0.0015,0.000402,26.9,23.765929,86.415591
2026-03-01 03:00:00,N10,0.1508,0.008126,1.69,0.0022,0.000433,28.1,23.765929,86.415591
2026-03-01 04:00:00,N10,0.311,0.007454,9.55,0.0024,4.4e-05,29.6,23.765929,86.415591
2026-03-01 05:00:00,N10,-0.0432,0.008497,4.01,0.0023,0.000224,31.4,23.765929,86.415591
2026-03-01 06:00:00,N10,0.1089,0.005593,5.95,0.0019,0.000617,33.4,23.765929,86.415591
2026-03-01 07:00:00,N10,-0.004,0.007855,5.46,0.0011,0.000615,35.3,23.765929,86.415591
2026-03-01 08:00:00,N10,-0.0435,0.007046,2.6,0.0007,0.000346,37.1,23.765929,86.415591
2026-03-01 09:00:00,N10,-0.1507,0.00526,9.39,0.0004,0.005743,38.7,23.765929,86.415591
2026-03-01 10:00:00,N10,0.0776,0.804813,19.91,0.0122,5.9e-05,39.9,23.765929,86.415591
2026-03-01 11:00:00,N10,,,,,,,23.765929,86.415591
2026-03-01 12:00:00,N10,,,,,,,23.765929,86.415591
2026-03-01 13:00:00,N10,,,,,,,23.765929,86.415591
2026-03-01 14:00:00,N10,0.2165,0.007925,6.66,0.0005,8.2e-05,39.9,23.765929,86.415591
2026-03-01 15:00:00,N10,-0.1617,0.006275,9.78,-0.0,0.000513,38.7,23.765929,86.415591
2026-03-01 16:00:00,N10,-0.0959,0.008574,1.18,-0.0006,0.000313,37.1,23.765929,86.415591
2026-03-01 17:00:00,N10,-0.0361,0.007169,8.93,-0.0007,0.000409,35.3,23.765929,86.415591
2026-03-01 18:00:00,N10,-0.0718,0.005272,7.99,0.0003,3e-06,33.4,23.765929,86.415591
2026-03-01 19:00:00,N10,0.2269,0.005979,7.44,-0.0007,0.000643,31.4,23.765929,86.415591
2026-03-01 20:00:00,N10,-0.0662,0.007107,7.5,-0.001,3e-06,29.6,23.765929,86.415591
2026-03-01 21:00:00,N10,0.184,0.006532,6.94,-0.0007,0.000192,28.1,23.765929,86.415591
2026-03-01 22:00:00,N10,0.2557,0.008343,8.4,-0.0006,0.00055,26.9,23.765929,86.415591
2026-03-01 23:00:00,N10,-0.2478,0.005458,8.34,-0.0018,0.000242,26.1,23.765929,86.415591
2026-03-02 00:00:00,N10,-0.1084,0.005988,3.51,-0.0011,0.000236,23.4,23.765929,86.415591
2026-03-02 01:00:00,N10,-0.2174,0.005891,5.55,-0.0013,0.000213,23.7,23.765929,86.415591
2026-03-02 02:00:00,N10,0.064,0.006754,2.45,-0.0007,0.00049,24.4,23.765929,86.415591
2026-03-02 03:00:00,N10,-0.0717,0.005617,3.59,-0.0003,0.000176,25.6,23.765929,86.415591
2026-03-02 04:00:00,N10,0.1645,0.005342,7.62,-0.0004,0.000177,27.1,23.765929,86.415591
2026-03-02 05:00:00,N10,0.0058,0.005332,2.72,0.0,0.00026,29.0,23.765929,86.415591
2026-03-02 06:00:00,N10,-0.0536,0.00508,5.09,0.0002,0.000196,30.9,23.765929,86.415591
2026-03-02 07:00:00,N10,-0.2086,0.007519,4.27,0.0004,0.000127,32.8,23.765929,86.415591
2026-03-02 08:00:00,N10,0.0266,0.007064,6.72,-0.0001,0.000138,34.6,23.765929,86.415591
2026-03-02 09:00:00,N10,-0.089,0.00752,7.46,0.0002,0.009979,36.2,23.765929,86.415591
2026-03-02 10:00:00,N10,-0.0241,0.720654,35.76,0.0199,0.009852,37.4,23.765929,86.415591
2026-03-02 11:00:00,N10,0.0405,0.752569,45.17,0.0199,0.018196,38.1,23.765929,86.415591
2026-03-02 12:00:00,N10,0.244,0.53993,43.0,-0.0165,0.009409,38.4,23.765929,86.415591
2026-03-02 13:00:00,N10,-0.2543,0.00707,2.11,0.001,0.003348,38.1,23.765929,86.415591
2026-03-02 14:00:00,N10,-0.0374,0.713857,41.4,-0.0098,0.005316,37.4,23.765929,86.415591
2026-03-02 15:00:00,N10,-0.0273,0.738802,45.53,-0.0096,0.005688,36.2,23.765929,86.415591
2026-03-02 16:00:00,N10,-0.0832,0.005103,1.29,0.0015,0.005918,34.6,23.765929,86.415591
2026-03-02 17:00:00,N10,0.2187,0.005109,3.73,0.0022,0.000249,32.8,23.765929,86.415591
2026-03-02 18:00:00,N10,-0.022,0.007053,9.35,0.002,0.000145,30.9,23.765929,86.415591
2026-03-02 19:00:00,N10,-0.0797,0.006397,9.12,0.002,5.8e-05,29.0,23.765929,86.415591
2026-03-02 20:00:00,N10,0.1571,0.008161,3.99,0.0022,0.000346,27.1,23.765929,86.415591
2026-03-02 21:00:00,N10,0.0719,0.006186,1.1,0.0026,0.000326,25.6,23.765929,86.415591
2026-03-02 22:00:00,N10,-0.0653,0.007564,1.7,0.0028,7.2e-05,24.4,23.765929,86.415591
2026-03-02 23:00:00,N10,-0.0898,0.006665,6.76,0.0028,2.8e-05,23.7,23.765929,86.415591
2026-03-03 00:00:00,N10,0.0853,0.006085,7.1,0.0029,0.000175,27.8,23.765929,86.415591
2026-03-03 01:00:00,N10,0.0426,0.007134,8.65,0.0024,0.000292,28.1,23.765929,86.415591
2026-03-03 02:00:00,N10,0.0938,0.008079,5.02,0.0023,1.2e-05,28.8,23.765929,86.415591
2026-03-03 03:00:00,N10,0.017,0.006503,7.73,0.0025,0.000153,30.0,23.765929,86.415591
2026-03-03 04:00:00,N10,-0.0915,0.005713,8.19,0.002,0.000157,31.5,23.765929,86.415591
2026-03-03 05:00:00,N10,-0.093,0.005259,8.1,0.0022,9e-06,33.4,23.765929,86.415591
2026-03-03 06:00:00,N10,-0.0072,0.006315,6.18,0.002,0.00896,35.3,23.765929,86.415591
2026-03-03 07:00:00,N10,0.0143,0.793985,49.24,-0.0158,0.009043,37.2,23.765929,86.415591
2026-03-03 08:00:00,N10,-0.3124,0.500709,22.91,-0.0161,0.008339,39.0,23.765929,86.415591
2026-03-03 09:00:00,N10,0.3585,0.00843,2.58,0.0009,0.008662,40.6,23.765929,86.415591
2026-03-03 10:00:00,N10,0.1951,0.005544,1.05,0.0012,0.000122,41.8,23.765929,86.415591
2026-03-03 11:00:00,N10,0.2316,0.006167,1.77,0.0012,0.000212,42.5,23.765929,86.415591
2026-03-03 12:00:00,N10,0.0103,0.009904,1.19,0.0016,0.000299,42.8,23.765929,86.415591
2026-03-03 13:00:00,N10,0.4062,0.005359,5.01,0.0018,0.000321,42.5,23.765929,86.415591
2026-03-03 14:00:00,N10,-0.0241,0.005427,7.08,0.0023,0.006074,41.8,23.765929,86.415591
2026-03-03 15:00:00,N10,0.0125,0.632222,15.03,-0.0104,0.000375,40.6,23.765929,86.415591
2026-03-03 16:00:00,N10,-0.14,0.00595,4.5,0.003,0.006477,39.0,23.765929,86.415591
2026-03-03 17:00:00,N10,0.25,0.008246,4.32,0.0026,0.000186,37.2,23.765929,86.415591
2026-03-03 18:00:00,N10,0.0588,0.009452,1.23,0.0034,0.000143,35.3,23.765929,86.415591
2026-03-03 19:00:00,N10,-0.0456,0.009199,9.75,0.0028,0.000417,33.4,23.765929,86.415591
2026-03-03 20:00:00,N10,-0.2696,0.006195,5.57,0.0026,0.000117,31.5,23.765929,86.415591
2026-03-03 21:00:00,N10,-0.0273,0.005349,9.39,0.0026,0.000366,30.0,23.765929,86.415591
2026-03-03 22:00:00,N10,-0.0243,0.009993,4.6,0.0018,0.000107,28.8,23.765929,86.415591
2026-03-03 23:00:00,N10,,,,,,,23.765929,86.415591
2026-03-04 00:00:00,N10,-0.2425,0.005075,9.23,0.0032,0.000577,26.1,23.765929,86.415591
2026-03-04 01:00:00,N10,-0.2571,0.007218,5.71,0.0035,0.000429,26.3,23.765929,86.415591
2026-03-04 02:00:00,N10,-0.2666,0.006403,7.97,0.004,0.000152,27.1,23.765929,86.415591
2026-03-04 03:00:00,N10,-0.087,0.007192,3.17,0.0032,0.00038,28.3,23.765929,86.415591
2026-03-04 04:00:00,N10,0.2295,0.008295,3.46,0.0033,0.000267,29.8,23.765929,86.415591
2026-03-04 05:00:00,N10,-0.0331,0.006352,8.15,0.0027,0.000562,31.6,23.765929,86.415591
2026-03-04 06:00:00,N10,0.048,0.00549,1.34,0.0021,0.00028,33.6,23.765929,86.415591
2026-03-04 07:00:00,N10,-0.0509,0.007784,3.65,0.0022,0.00034,35.5,23.765929,86.415591
2026-03-04 08:00:00,N10,-0.0637,0.005118,8.4,0.0015,0.000556,37.3,23.765929,86.415591
2026-03-04 09:00:00,N10,0.1988,0.008686,3.31,0.001,0.000141,38.9,23.765929,86.415591
2026-03-04 10:00:00,N10,0.1139,0.006661,9.18,0.0012,2.1e-05,40.1,23.765929,86.415591
2026-03-04 11:00:00,N10,-0.3008,0.006781,8.81,0.0011,0.000187,40.8,23.765929,86.415591
2026-03-04 12:00:00,N10,,,,,,,23.765929,86.415591
2026-03-04 13:00:00,N10,,,,,,,23.765929,86.415591
2026-03-04 14:00:00,N10,,,,,,,23.765929,86.415591
2026-03-04 15:00:00,N10,0.2324,0.005006,8.4,-0.0012,0.004746,38.9,23.765929,86.415591
2026-03-04 16:00:00,N10,-0.3657,0.841523,31.43,0.0084,0.004149,37.3,23.765929,86.415591
2026-03-04 17:00:00,N10,-0.0805,0.663367,22.82,0.0071,0.00097,35.5,23.765929,86.415591
2026-03-04 18:00:00,N10,0.0988,0.778722,36.81,0.0104,0.004791,33.6,23.765929,86.415591
2026-03-04 19:00:00,N10,,,,,,,23.765929,86.415591
2026-03-04 20:00:00,N10,,,,,,,23.765929,86.415591
2026-03-04 21:00:00,N10,,,,,,,23.765929,86.415591
2026-03-04 22:00:00,N10,-0.0519,0.005169,5.12,-0.0034,0.000315,27.1,23.765929,86.415591
2026-03-04 23:00:00,N10,,,,,,,23.765929,86.415591
2026-03-05 00:00:00,N10,,,,,,,23.765929,86.415591
2026-03-05 01:00:00,N10,,,,,,,23.765929,86.415591
2026-03-05 02:00:00,N10,-0.0339,0.005516,1.71,-0.0012,0.000297,24.9,23.765929,86.415591
2026-03-05 03:00:00,N10,,,,,,,23.765929,86.415591
2026-03-05 04:00:00,N10,,,,,,,23.765929,86.415591
2026-03-05 05:00:00,N10,,,,,,,23.765929,86.415591
2026-03-05 06:00:00,N10,,,,,,,23.765929,86.415591
2026-03-05 07:00:00,N10,0.1958,0.825003,49.76,-0.0175,7.9e-05,33.4,23.765929,86.415591
2026-03-05 08:00:00,N10,0.1729,0.006575,2.65,-0.0006,0.008376,35.2,23.765929,86.415591
2026-03-05 09:00:00,N10,0.0689,0.008137,1.27,-0.0007,0.000226,36.7,23.765929,86.415591
2026-03-05 10:00:00,N10,0.1588,0.007545,5.1,-0.001,0.000462,37.9,23.765929,86.415591
2026-03-05 11:00:00,N10,0.2682,0.006441,2.8,-0.0016,0.000284,38.7,23.765929,86.415591
2026-03-05 12:00:00,N10,0.3333,0.006289,9.82,-0.0016,0.00023,38.9,23.765929,86.415591
2026-03-05 13:00:00,N10,0.1269,0.006905,5.21,-0.0012,5.6e-05,38.7,23.765929,86.415591
2026-03-05 14:00:00,N10,0.0734,0.005198,6.02,-0.0015,0.000204,37.9,23.765929,86.415591
2026-03-05 15:00:00,N10,0.0823,0.005616,9.29,-0.0016,0.000169,36.7,23.765929,86.415591
2026-03-05 16:00:00,N10,0.04,0.010657,1.48,-0.0018,0.002093,35.2,23.765929,86.415591
2026-03-05 17:00:00,N10,-0.0465,0.654388,30.77,0.0026,0.000633,33.4,23.765929,86.415591
2026-03-05 18:00:00,N10,-0.1886,0.005536,5.85,-0.0031,0.00284,31.4,23.765929,86.415591
2026-03-05 19:00:00,N10,0.1004,0.006902,5.02,-0.0031,0.000196,29.5,23.765929,86.415591
2026-03-05 20:00:00,N10,0.0291,0.006454,1.46,-0.0035,0.000342,27.7,23.765929,86.415591
2026-03-05 21:00:00,N10,-0.0338,0.005014,1.52,-0.0024,0.000568,26.1,23.765929,86.415591
2026-03-05 22:00:00,N10,,,,,,,23.765929,86.415591
2026-03-05 23:00:00,N10,,,,,,,23.765929,86.415591
2026-03-06 00:00:00,N10,,,,,,,23.765929,86.415591
2026-03-06 01:00:00,N10,,,,,,,23.765929,86.415591
2026-03-06 02:00:00,N10,,,,,,,23.765929,86.415591
2026-03-06 03:00:00,N10,0.1471,0.008482,7.28,-0.0034,0.000183,26.8,23.765929,86.415591
2026-03-06 04:00:00,N10,0.1434,0.00534,8.69,-0.0035,7.8e-05,28.4,23.765929,86.415591
2026-03-06 05:00:00,N10,-0.2901,0.007019,2.63,-0.0032,0.000281,30.2,23.765929,86.415591
2026-03-06 06:00:00,N10,-0.027,0.00565,4.1,-0.0041,0.000362,32.1,23.765929,86.415591
2026-03-06 07:00:00,N10,-0.0052,0.005335,7.83,-0.0039,0.007316,34.1,23.765929,86.415591
2026-03-06 08:00:00,N10,-0.1481,0.516741,35.92,-0.0187,0.007675,35.9,23.765929,86.415591
2026-03-06 09:00:00,N10,0.0574,0.909514,31.78,-0.0193,0.006945,37.4,23.765929,86.415591
2026-03-06 10:00:00,N10,0.0309,0.009672,9.41,-0.0048,0.007711,38.6,23.765929,86.415591
2026-03-06 11:00:00,N10,,,,,,,23.765929,86.415591
2026-03-06 12:00:00,N10,,,,,,,23.765929,86.415591
2026-03-06 13:00:00,N10,0.1675,0.006101,7.58,-0.0039,0.000423,39.4,23.765929,86.415591
2026-03-06 14:00:00,N10,0.0,0.005987,5.5,-0.0045,6.4e-05,38.6,23.765929,86.415591
2026-03-06 15:00:00,N10,0.1876,0.005058,3.44,-0.0038,0.000562,37.4,23.765929,86.415591
2026-03-06 16:00:00,N10,0.0653,0.005625,1.17,-0.0033,0.000272,35.9,23.765929,86.415591
2026-03-06 17:00:00,N10,0.2512,0.006019,4.93,-0.0032,0.000123,34.1,23.765929,86.415591
2026-03-06 18:00:00,N10,-0.1032,0.005966,9.78,-0.0036,0.000428,32.1,23.765929,86.415591
2026-03-06 19:00:00,N10,,,,,,,23.765929,86.415591
2026-03-06 20:00:00,N10,,,,,,,23.765929,86.415591
2026-03-06 21:00:00,N10,,,,,,,23.765929,86.415591
2026-03-06 22:00:00,N10,,,,,,,23.765929,86.415591
2026-03-06 23:00:00,N10,,,,,,,23.765929,86.415591
2026-03-07 00:00:00,N10,0.1768,0.005015,9.51,-0.0037,5.8e-05,23.2,23.765929,86.415591
2026-03-07 01:00:00,N10,-0.2497,0.006159,9.91,-0.0037,0.000582,23.4,23.765929,86.415591
2026-03-07 02:00:00,N10,-0.1223,0.005574,6.62,-0.0025,0.000237,24.2,23.765929,86.415591
2026-03-07 03:00:00,N10,-0.1661,0.006252,9.37,-0.0032,0.000194,25.4,23.765929,86.415591
2026-03-07 04:00:00,N10,-0.3623,0.005928,3.47,-0.0029,1.1e-05,26.9,23.765929,86.415591
2026-03-07 05:00:00,N10,-0.0008,0.005836,1.92,-0.0032,0.000367,28.7,23.765929,86.415591
2026-03-07 06:00:00,N10,-0.1847,0.005198,3.78,-0.0037,0.000149,30.7,23.765929,86.415591
2026-03-07 07:00:00,N10,0.0631,0.005539,4.43,-0.0029,0.000357,32.6,23.765929,86.415591
2026-03-07 08:00:00,N10,-0.1877,0.007947,2.57,-0.003,0.000435,34.4,23.765929,86.415591
2026-03-07 09:00:00,N10,-0.0636,0.00704,4.0,-0.0038,0.000317,36.0,23.765929,86.415591
2026-03-07 10:00:00,N10,-0.1902,0.0058,6.36,-0.0036,0.000236,37.2,23.765929,86.415591
2026-03-07 11:00:00,N10,0.1017,0.006142,1.88,-0.0042,0.00018,37.9,23.765929,86.415591
2026-03-07 12:00:00,N10,-0.1212,0.005503,8.97,-0.0039,0.000139,38.2,23.765929,86.415591
2026-03-07 13:00:00,N10,0.1485,0.007043,5.82,-0.0045,0.007871,37.9,23.765929,86.415591
2026-03-07 14:00:00,N10,-0.1538,0.511338,33.07,0.0118,0.000417,37.2,23.765929,86.415591
2026-03-07 15:00:00,N10,-0.2448,0.006611,2.34,-0.0054,0.000593,36.0,23.765929,86.415591
2026-03-07 16:00:00,N10,-0.0509,0.686169,38.92,0.0106,0.007792,34.4,23.765929,86.415591
2026-03-07 17:00:00,N10,0.2212,0.849602,24.58,0.0102,0.008896,32.6,23.765929,86.415591
2026-03-07 18:00:00,N10,0.1315,0.005254,5.33,-0.0072,0.009315,30.7,23.765929,86.415591
2026-03-07 19:00:00,N10,0.1844,0.006292,3.59,-0.0084,0.000725,28.7,23.765929,86.415591
2026-03-07 20:00:00,N10,-0.2908,0.006052,4.31,-0.0086,0.000703,26.9,23.765929,86.415591
2026-03-07 21:00:00,N10,-0.0575,0.005794,9.97,-0.0098,0.000276,25.4,23.765929,86.415591
2026-03-07 22:00:00,N10,0.1146,0.00622,7.64,-0.0092,0.000356,24.2,23.765929,86.415591
2026-03-07 23:00:00,N10,0.0775,0.007153,5.96,-0.0091,0.000217,23.4,23.765929,86.415591
2026-03-08 00:00:00,N10,-0.1778,0.007587,1.72,-0.0088,0.000199,22.8,23.765929,86.415591
2026-03-08 01:00:00,N10,0.0958,0.005729,6.34,-0.0095,0.001019,23.1,23.765929,86.415591
2026-03-08 02:00:00,N10,-0.1347,0.008052,5.97,-0.0108,0.000832,23.9,23.765929,86.415591
2026-03-08 03:00:00,N10,0.1701,0.005773,4.95,-0.0112,0.000257,25.0,23.765929,86.415591
2026-03-08 04:00:00,N10,0.0023,0.008568,7.18,-0.0113,0.000244,26.6,23.765929,86.415591
2026-03-08 05:00:00,N10,0.047,0.005847,3.71,-0.0117,0.000179,28.4,23.765929,86.415591
2026-03-08 06:00:00,N10,-0.2336,0.009928,2.01,-0.0117,0.004121,30.3,23.765929,86.415591
2026-03-08 07:00:00,N10,0.1933,0.989844,16.69,-0.0199,0.000788,32.3,23.765929,86.415591
2026-03-08 08:00:00,N10,-0.124,0.008245,2.15,-0.0132,0.003407,34.1,23.765929,86.415591
2026-03-08 09:00:00,N10,0.1999,0.005997,7.58,-0.0131,0.000753,35.7,23.765929,86.415591
2026-03-08 10:00:00,N10,0.2969,0.007839,1.3,-0.0147,0.000543,36.8,23.765929,86.415591
2026-03-08 11:00:00,N10,0.0982,0.006793,5.01,-0.0142,0.000484,37.6,23.765929,86.415591
2026-03-08 12:00:00,N10,0.0981,0.005669,2.02,-0.0138,2.9e-05,37.8,23.765929,86.415591
2026-03-08 13:00:00,N10,-0.0107,0.006548,6.95,-0.0142,0.000388,37.6,23.765929,86.415591
2026-03-08 14:00:00,N10,0.2056,0.007686,6.76,-0.0146,0.000351,36.8,23.765929,86.415591
2026-03-08 15:00:00,N10,0.2035,0.007097,9.62,-0.0149,0.003576,35.7,23.765929,86.415591
2026-03-08 16:00:00,N10,0.1109,0.962819,25.2,-0.0074,0.003566,34.1,23.765929,86.415591
2026-03-08 17:00:00,N10,-0.1325,0.5129,31.03,-0.0078,0.00345,32.3,23.765929,86.415591
2026-03-08 18:00:00,N10,-0.0344,0.007114,3.74,-0.0143,0.003694,30.3,23.765929,86.415591
2026-03-08 19:00:00,N10,0.1106,0.005707,7.35,-0.0152,0.000488,28.4,23.765929,86.415591
2026-03-08 20:00:00,N10,-0.1092,0.006111,6.82,-0.0153,4.1e-05,26.6,23.765929,86.415591
2026-03-08 21:00:00,N10,-0.2187,0.00543,7.52,-0.0153,0.000297,25.0,23.765929,86.415591
2026-03-08 22:00:00,N10,,,,,,,23.765929,86.415591
2026-03-08 23:00:00,N10,,,,,,,23.765929,86.415591
2026-03-09 00:00:00,N10,,,,,,,23.765929,86.415591
2026-03-09 01:00:00,N10,,,,,,,23.765929,86.415591
2026-03-09 02:00:00,N10,,,,,,,23.765929,86.415591
2026-03-09 03:00:00,N10,,,,,,,23.765929,86.415591
2026-03-09 04:00:00,N10,0.0134,0.00726,7.2,-0.0135,0.00037,28.6,23.765929,86.415591
2026-03-09 05:00:00,N10,-0.0843,0.0079,7.36,-0.0135,6e-06,30.4,23.765929,86.415591
2026-03-09 06:00:00,N10,0.0117,0.006018,3.15,-0.0135,0.000211,32.3,23.765929,86.415591
2026-03-09 07:00:00,N10,0.1985,0.008333,2.97,-0.014,0.000118,34.3,23.765929,86.415591
2026-03-09 08:00:00,N10,-0.3223,0.006254,4.74,-0.0137,0.00541,36.1,23.765929,86.415591
2026-03-09 09:00:00,N10,-0.1188,0.894638,41.93,-0.0031,0.000474,37.6,23.765929,86.415591
2026-03-09 10:00:00,N10,-0.0565,0.005664,6.14,-0.0128,0.004551,38.8,23.765929,86.415591
2026-03-09 11:00:00,N10,0.1325,0.006509,6.16,-0.0123,0.00063,39.6,23.765929,86.415591
2026-03-09 12:00:00,N10,0.075,0.008961,6.93,-0.0115,0.005461,39.8,23.765929,86.415591
2026-03-09 13:00:00,N10,-0.145,0.883482,15.27,-0.0013,0.00518,39.6,23.765929,86.415591
2026-03-09 14:00:00,N10,0.0237,0.719308,48.74,-0.0011,0.004943,38.8,23.765929,86.415591
2026-03-09 15:00:00,N10,-0.1508,0.005051,1.78,-0.0112,0.004864,37.6,23.765929,86.415591
2026-03-09 16:00:00,N10,0.1054,0.008171,5.13,-0.0109,0.010057,36.1,23.765929,86.415591
2026-03-09 17:00:00,N10,0.1881,0.689807,32.11,0.0089,0.009786,34.3,23.765929,86.415591
2026-03-09 18:00:00,N10,-0.0608,0.606324,33.85,0.0087,0.009743,32.3,23.765929,86.415591
2026-03-09 19:00:00,N10,-0.1778,0.007141,3.58,-0.0106,0.009761,30.4,23.765929,86.415591
2026-03-09 20:00:00,N10,0.1162,0.007515,8.93,-0.0108,0.000317,28.6,23.765929,86.415591
2026-03-09 21:00:00,N10,-0.2026,0.006906,1.83,-0.0099,0.000615,27.0,23.765929,86.415591
2026-03-09 22:00:00,N10,-0.3266,0.005414,8.62,-0.0096,9.1e-05,25.8,23.765929,86.415591
2026-03-09 23:00:00,N10,-0.2461,0.006372,6.3,-0.0101,0.00059,25.1,23.765929,86.415591
2026-03-10 00:00:00,N10,-0.1036,0.007143,1.44,-0.0108,0.000237,25.1,23.765929,86.415591
2026-03-10 01:00:00,N10,0.1584,0.006922,5.75,-0.0106,2.6e-05,25.3,23.765929,86.415591
2026-03-10 02:00:00,N10,0.0054,0.006375,9.42,-0.0107,5.2e-05,26.1,23.765929,86.415591
2026-03-10 03:00:00,N10,0.0722,0.005277,2.15,-0.0105,7.6e-05,27.3,23.765929,86.415591
2026-03-10 04:00:00,N10,0.0034,0.00672,9.46,-0.0106,0.000464,28.8,23.765929,86.415591
2026-03-10 05:00:00,N10,0.0309,0.005421,3.3,-0.0096,0.000508,30.6,23.765929,86.415591
2026-03-10 06:00:00,N10,0.1081,0.00655,8.96,-0.0095,0.004418,32.6,23.765929,86.415591
2026-03-10 07:00:00,N10,0.1093,0.86519,31.45,-0.0007,0.000266,34.5,23.765929,86.415591
2026-03-10 08:00:00,N10,-0.1326,0.005148,3.01,-0.009,0.004237,36.3,23.765929,86.415591
2026-03-10 09:00:00,N10,0.1907,0.005239,9.97,-0.0092,4e-06,37.9,23.765929,86.415591
2026-03-10 10:00:00,N10,0.0279,0.007272,4.15,-0.009,0.000209,39.1,23.765929,86.415591
2026-03-10 11:00:00,N10,0.222,0.005745,2.25,-0.0096,0.00044,39.8,23.765929,86.415591
2026-03-10 12:00:00,N10,0.2756,0.008185,1.74,-0.0099,7.8e-05,40.1,23.765929,86.415591
2026-03-10 13:00:00,N10,,,,,,,23.765929,86.415591
2026-03-10 14:00:00,N10,,,,,,,23.765929,86.415591
2026-03-10 15:00:00,N10,0.1774,0.005977,6.95,-0.0088,0.000598,37.9,23.765929,86.415591
2026-03-10 16:00:00,N10,-0.0029,0.008402,7.02,-0.0086,0.000419,36.3,23.765929,86.415591
2026-03-10 17:00:00,N10,0.0114,0.005126,9.54,-0.0079,0.000144,34.5,23.765929,86.415591
2026-03-10 18:00:00,N10,-0.1089,0.007679,9.22,-0.0088,0.000358,32.6,23.765929,86.415591
2026-03-10 19:00:00,N10,0.1554,0.008451,2.86,-0.0087,0.000188,30.6,23.765929,86.415591
2026-03-10 20:00:00,N10,-0.0195,0.007974,5.95,-0.0085,0.000129,28.8,23.765929,86.415591
2026-03-10 21:00:00,N10,0.0252,0.006936,3.57,-0.0084,0.000205,27.3,23.765929,86.415591
2026-03-10 22:00:00,N10,-0.3453,0.009087,2.86,-0.0089,0.000274,26.1,23.765929,86.415591
2026-03-10 23:00:00,N10,,,,,,,23.765929,86.415591
2026-03-11 00:00:00,N10,,,,,,,23.765929,86.415591
2026-03-11 01:00:00,N10,,,,,,,23.765929,86.415591
2026-03-11 02:00:00,N10,,,,,,,23.765929,86.415591
2026-03-11 03:00:00,N10,-0.0981,0.007491,8.99,-0.0089,0.00035,29.3,23.765929,86.415591
2026-03-11 04:00:00,N10,0.0799,0.0074,5.0,-0.0086,0.000257,30.9,23.765929,86.415591
2026-03-11 05:00:00,N10,-0.01,0.005539,3.13,-0.0083,0.000388,32.7,23.765929,86.415591
2026-03-11 06:00:00,N10,-0.2122,0.006061,5.98,-0.0079,0.00032,34.6,23.765929,86.415591
2026-03-11 07:00:00,N10,-0.0056,0.005514,5.1,-0.0077,0.000266,36.6,23.765929,86.415591
2026-03-11 08:00:00,N10,-0.05,0.006205,8.72,-0.0073,0.00037,38.4,23.765929,86.415591
2026-03-11 09:00:00,N10,-0.202,0.005149,4.18,-0.007,0.000142,39.9,23.765929,86.415591
2026-03-11 10:00:00,N10,0.1747,0.006772,9.25,-0.0071,0.000508,41.1,23.765929,86.415591
2026-03-11 11:00:00,N10,-0.1474,0.005541,5.93,-0.008,0.000572,41.9,23.765929,86.415591
2026-03-11 12:00:00,N10,0.4049,0.006304,2.88,-0.0082,0.000193,42.1,23.765929,86.415591
2026-03-11 13:00:00,N10,0.1653,0.008915,1.57,-0.0084,0.000313,41.9,23.765929,86.415591
2026-03-11 14:00:00,N10,0.0512,0.007279,8.51,-0.0088,0.006743,41.1,23.765929,86.415591
2026-03-11 15:00:00,N10,0.1455,0.588662,32.43,-0.0218,0.000559,39.9,23.765929,86.415591
2026-03-11 16:00:00,N10,-0.089,0.008202,3.64,-0.0077,0.007132,38.4,23.765929,86.415591
2026-03-11 17:00:00,N10,-0.0128,0.007872,8.93,-0.0076,0.000213,36.6,23.765929,86.415591
2026-03-11 18:00:00,N10,-0.136,0.005593,1.56,-0.0073,0.000337,34.6,23.765929,86.415591
2026-03-11 19:00:00,N10,0.215,0.005746,1.73,-0.0069,8.1e-05,32.7,23.765929,86.415591
2026-03-11 20:00:00,N10,0.1323,0.005169,7.15,-0.0071,0.000436,30.9,23.765929,86.415591
2026-03-11 21:00:00,N10,-0.1163,0.005427,7.17,-0.0078,0.000561,29.3,23.765929,86.415591
2026-03-11 22:00:00,N10,0.1012,0.005207,1.46,-0.0082,0.000275,28.1,23.765929,86.415591
2026-03-11 23:00:00,N10,-0.2088,0.005362,4.09,-0.0083,0.000239,27.4,23.765929,86.415591
2026-03-12 00:00:00,N10,-0.2552,0.007812,9.21,-0.0087,0.000396,26.1,23.765929,86.415591
2026-03-12 01:00:00,N10,-0.0043,0.0055,2.62,-0.0091,0.000755,26.4,23.765929,86.415591
2026-03-12 02:00:00,N10,0.1295,0.007086,2.08,-0.0102,0.000269,27.1,23.765929,86.415591
2026-03-12 03:00:00,N10,-0.3627,0.007406,9.49,-0.0097,1.7e-05,28.3,23.765929,86.415591
2026-03-12 04:00:00,N10,0.0016,0.006812,9.65,-0.0102,0.000114,29.9,23.765929,86.415591
2026-03-12 05:00:00,N10,0.009,0.008176,4.72,-0.0094,0.000244,31.7,23.765929,86.415591
2026-03-12 06:00:00,N10,-0.0276,0.005095,3.84,-0.0097,0.008297,33.6,23.765929,86.415591
2026-03-12 07:00:00,N10,-0.0627,0.62985,44.05,-0.026,0.008051,35.5,23.765929,86.415591
2026-03-12 08:00:00,N10,0.299,0.731388,24.31,-0.0258,0.008382,37.4,23.765929,86.415591
2026-03-12 09:00:00,N10,0.182,0.006138,2.77,-0.0093,0.008418,38.9,23.765929,86.415591
2026-03-12 10:00:00,N10,0.1405,0.006758,9.32,-0.009,0.000198,40.1,23.765929,86.415591
2026-03-12 11:00:00,N10,0.1602,0.005367,3.06,-0.0089,2.4e-05,40.9,23.765929,86.415591
2026-03-12 12:00:00,N10,0.0125,0.00918,2.04,-0.009,0.00029,41.1,23.765929,86.415591
2026-03-12 13:00:00,N10,-0.04,0.005816,6.96,-0.0094,0.000108,40.9,23.765929,86.415591
2026-03-12 14:00:00,N10,-0.3961,0.005577,9.31,-0.0092,5e-06,40.1,23.765929,86.415591
2026-03-12 15:00:00,N10,0.1763,0.005169,8.18,-0.0094,0.000408,38.9,23.765929,86.415591
2026-03-12 16:00:00,N10,0.2988,0.005101,8.37,-0.01,0.000271,37.4,23.765929,86.415591
2026-03-12 17:00:00,N10,0.1212,0.006627,7.41,-0.01,0.000118,35.5,23.765929,86.415591
2026-03-12 18:00:00,N10,-0.2194,0.006271,7.08,-0.0098,0.000495,33.6,23.765929,86.415591
2026-03-12 19:00:00,N10,-0.3478,0.006753,3.53,-0.009,6.5e-05,31.7,23.765929,86.415591
2026-03-12 20:00:00,N10,0.3651,0.005233,7.45,-0.0097,0.000229,29.9,23.765929,86.415591
2026-03-12 21:00:00,N10,0.1011,0.010306,7.68,-0.0085,0.000887,28.3,23.765929,86.415591
2026-03-12 22:00:00,N10,-0.1998,0.006248,7.68,-0.0079,0.000147,27.1,23.765929,86.415591
2026-03-12 23:00:00,N10,-0.0658,0.005896,6.69,-0.0082,0.00035,26.4,23.765929,86.415591
2026-03-13 00:00:00,N10,-0.2614,0.006424,3.81,-0.0086,0.000244,24.9,23.765929,86.415591
2026-03-13 01:00:00,N10,-0.3124,0.005396,1.16,-0.0087,0.000263,25.2,23.765929,86.415591
2026-03-13 02:00:00,N10,0.1534,0.00731,3.12,-0.0081,0.000317,25.9,23.765929,86.415591
2026-03-13 03:00:00,N10,0.0127,0.007479,2.5,-0.0081,0.000305,27.1,23.765929,86.415591
2026-03-13 04:00:00,N10,-0.0217,0.0067,9.94,-0.0075,0.000534,28.7,23.765929,86.415591
2026-03-13 05:00:00,N10,-0.2171,0.006376,1.17,-0.007,4.3e-05,30.5,23.765929,86.415591
2026-03-13 06:00:00,N10,-0.1179,0.005421,9.36,-0.0074,0.005123,32.4,23.765929,86.415591
2026-03-13 07:00:00,N10,0.0305,0.849591,41.73,-0.0173,0.005154,34.4,23.765929,86.415591
2026-03-13 08:00:00,N10,0.139,0.813612,38.12,-0.0177,0.004002,36.2,23.765929,86.415591
2026-03-13 09:00:00,N10,-0.0093,0.007576,1.18,-0.0093,0.002054,37.7,23.765929,86.415591
2026-03-13 10:00:00,N10,-0.0045,0.523007,41.58,-0.0218,0.006361,38.9,23.765929,86.415591
2026-03-13 11:00:00,N10,-0.0278,0.93698,37.79,-0.022,0.006026,39.7,23.765929,86.415591
2026-03-13 12:00:00,N10,-0.0403,0.005713,3.64,-0.0098,0.006045,39.9,23.765929,86.415591
2026-03-13 13:00:00,N10,0.0308,0.005429,9.96,-0.0099,0.000101,39.7,23.765929,86.415591
2026-03-13 14:00:00,N10,0.0379,0.006574,5.43,-0.01,0.000175,38.9,23.765929,86.415591
2026-03-13 15:00:00,N10,-0.0246,0.006101,8.81,-0.0102,0.00049,37.7,23.765929,86.415591
2026-03-13 16:00:00,N10,-0.0292,0.005355,7.64,-0.0109,0.000264,36.2,23.765929,86.415591
2026-03-13 17:00:00,N10,0.0941,0.005287,4.47,-0.0108,9.2e-05,34.4,23.765929,86.415591
2026-03-13 18:00:00,N10,0.2337,0.006406,1.07,-0.0111,0.000245,32.4,23.765929,86.415591
2026-03-13 19:00:00,N10,-0.2029,0.005964,9.35,-0.0113,5.9e-05,30.5,23.765929,86.415591
2026-03-13 20:00:00,N10,-0.0892,0.007197,9.71,-0.0112,0.00049,28.7,23.765929,86.415591
2026-03-13 21:00:00,N10,0.0605,0.005911,1.88,-0.0122,0.000329,27.1,23.765929,86.415591
2026-03-13 22:00:00,N10,,,,,,,23.765929,86.415591
2026-03-13 23:00:00,N10,,,,,,,23.765929,86.415591
2026-03-14 00:00:00,N10,,,,,,,23.765929,86.415591
2026-03-14 01:00:00,N10,-0.1354,0.009654,3.84,-0.0117,8.8e-05,23.3,23.765929,86.415591
2026-03-14 02:00:00,N10,-0.0486,0.006829,4.01,-0.0121,5.4e-05,24.0,23.765929,86.415591
2026-03-14 03:00:00,N10,0.2125,0.006294,7.52,-0.0118,0.00043,25.2,23.765929,86.415591
2026-03-14 04:00:00,N10,-0.2943,0.006213,7.6,-0.0112,0.000292,26.8,23.765929,86.415591
2026-03-14 05:00:00,N10,-0.2062,0.008826,6.83,-0.0113,7.6e-05,28.6,23.765929,86.415591
2026-03-14 06:00:00,N10,-0.0557,0.005507,2.08,-0.0111,0.000222,30.5,23.765929,86.415591
2026-03-14 07:00:00,N10,0.1925,0.005402,9.67,-0.0108,0.000109,32.5,23.765929,86.415591
2026-03-14 08:00:00,N10,0.0496,0.005804,1.02,-0.0109,0.003123,34.3,23.765929,86.415591
2026-03-14 09:00:00,N10,-0.0537,0.601813,34.77,-0.0046,0.003134,35.8,23.765929,86.415591
2026-03-14 10:00:00,N10,-0.2868,0.601687,21.17,-0.0046,0.003255,37.0,23.765929,86.415591
2026-03-14 11:00:00,N10,0.0672,0.006099,6.85,-0.0111,0.003107,37.8,23.765929,86.415591
2026-03-14 12:00:00,N10,-0.3012,0.008265,8.35,-0.0108,0.000273,38.0,23.765929,86.415591
2026-03-14 13:00:00,N10,-0.1079,0.006341,6.96,-0.0105,0.000356,37.8,23.765929,86.415591
2026-03-14 14:00:00,N10,-0.283,0.006423,7.17,-0.0101,0.000148,37.0,23.765929,86.415591
2026-03-14 15:00:00,N10,0.1069,0.005884,4.49,-0.0108,0.00068,35.8,23.765929,86.415591
2026-03-14 16:00:00,N10,-0.1496,0.008289,7.66,-0.0115,0.000502,34.3,23.765929,86.415591
2026-03-14 17:00:00,N10,0.0164,0.006342,3.88,-0.0118,0.000206,32.5,23.765929,86.415591
2026-03-14 18:00:00,N10,-0.1795,0.006472,9.5,-0.0119,0.000246,30.5,23.765929,86.415591
2026-03-14 19:00:00,N10,-0.0128,0.008447,7.2,-0.0123,0.00021,28.6,23.765929,86.415591
2026-03-14 20:00:00,N10,-0.1174,0.005638,6.87,-0.0115,4.2e-05,26.8,23.765929,86.415591
2026-03-14 21:00:00,N10,0.0668,0.007788,5.05,-0.0122,0.000569,25.2,23.765929,86.415591
2026-03-14 22:00:00,N10,-0.1627,0.005438,3.36,-0.0126,0.001278,24.0,23.765929,86.415591
2026-03-14 23:00:00,N10,-0.1532,0.005318,2.22,-0.0097,0.001838,23.3,23.765929,86.415591
2026-03-15 00:00:00,N10,-0.0479,0.006216,5.88,-0.0089,0.000386,28.6,23.765929,86.415591
2026-03-15 01:00:00,N10,-0.2281,0.009925,5.39,-0.0089,4.8e-05,28.8,23.765929,86.415591
2026-03-15 02:00:00,N10,-0.047,0.008556,1.51,-0.0088,0.000469,29.6,23.765929,86.415591
2026-03-15 03:00:00,N10,0.0814,0.007044,8.17,-0.0099,0.000482,30.8,23.765929,86.415591
2026-03-15 04:00:00,N10,,,,,,,23.765929,86.415591
2026-03-15 05:00:00,N10,,,,,,,23.765929,86.415591
2026-03-15 06:00:00,N10,,,,,,,23.765929,86.415591
2026-03-15 07:00:00,N10,,,,,,,23.765929,86.415591
2026-03-15 08:00:00,N10,,,,,,,23.765929,86.415591
2026-03-15 09:00:00,N10,0.1325,0.535177,21.18,-0.0196,0.005549,41.4,23.765929,86.415591
2026-03-15 10:00:00,N10,0.1021,0.006058,8.12,-0.0087,0.005391,42.6,23.765929,86.415591
2026-03-15 11:00:00,N10,-0.1477,0.007014,5.13,-0.0088,9.4e-05,43.3,23.765929,86.415591
2026-03-15 12:00:00,N10,-0.1181,0.006919,8.31,-0.0085,2.1e-05,43.6,23.765929,86.415591
2026-03-15 13:00:00,N10,-0.1143,0.007986,1.54,-0.0087,5.3e-05,43.3,23.765929,86.415591
2026-03-15 14:00:00,N10,-0.1258,0.006066,6.66,-0.0084,0.00884,42.6,23.765929,86.415591
2026-03-15 15:00:00,N10,0.1555,0.800354,29.57,-0.0264,3.1e-05,41.4,23.765929,86.415591
2026-03-15 16:00:00,N10,0.1242,0.005062,8.17,-0.0084,0.009023,39.8,23.765929,86.415591
2026-03-15 17:00:00,N10,-0.1647,0.008299,6.98,-0.0084,0.000307,38.0,23.765929,86.415591
2026-03-15 18:00:00,N10,-0.2134,0.006655,5.36,-0.0078,0.000307,36.1,23.765929,86.415591
2026-03-15 19:00:00,N10,-0.2371,0.007956,8.45,-0.0077,3.4e-05,34.2,23.765929,86.415591
2026-03-15 20:00:00,N10,-0.1812,0.00626,1.58,-0.0079,0.00033,32.3,23.765929,86.415591
2026-03-15 21:00:00,N10,0.0662,0.006023,5.21,-0.0071,0.000388,30.8,23.765929,86.415591
2026-03-15 22:00:00,N10,0.226,0.005448,6.23,-0.0071,1.6e-05,29.6,23.765929,86.415591
2026-03-15 23:00:00,N10,0.1304,0.006215,3.82,-0.0071,0.000427,28.8,23.765929,86.415591
2026-03-16 00:00:00,N10,-0.0561,0.005001,2.45,-0.0063,0.000279,24.8,23.765929,86.415591
2026-03-16 01:00:00,N10,-0.028,0.005239,6.31,-0.0065,0.000199,25.1,23.765929,86.415591
2026-03-16 02:00:00,N10,-0.1083,0.00862,9.67,-0.0067,0.000402,25.8,23.765929,86.415591
2026-03-16 03:00:00,N10,-0.2069,0.007437,2.38,-0.0073,0.000379,27.0,23.765929,86.415591
2026-03-16 04:00:00,N10,0.2338,0.006664,5.03,-0.0074,0.000113,28.6,23.765929,86.415591
2026-03-16 05:00:00,N10,-0.0947,0.006003,7.75,-0.0075,0.000214,30.4,23.765929,86.415591
2026-03-16 06:00:00,N10,-0.1342,0.007891,6.55,-0.007,0.000209,32.3,23.765929,86.415591
2026-03-16 07:00:00,N10,-0.1689,0.007651,2.68,-0.0071,0.000309,34.3,23.765929,86.415591
2026-03-16 08:00:00,N10,0.015,0.005312,6.1,-0.0076,0.000302,36.1,23.765929,86.415591
2026-03-16 09:00:00,N10,,,,,,,23.765929,86.415591
2026-03-16 10:00:00,N10,,,,,,,23.765929,86.415591
2026-03-16 11:00:00,N10,,,,,,,23.765929,86.415591
2026-03-16 12:00:00,N10,,,,,,,23.765929,86.415591
2026-03-16 13:00:00,N10,,,,,,,23.765929,86.415591
2026-03-16 14:00:00,N10,0.0983,0.005073,9.74,-0.0082,0.006466,38.8,23.765929,86.415591
2026-03-16 15:00:00,N10,0.0562,0.005202,5.62,-0.0083,0.000141,37.6,23.765929,86.415591
2026-03-16 16:00:00,N10,0.0712,0.008322,1.27,-0.0084,8.1e-05,36.1,23.765929,86.415591
2026-03-16 17:00:00,N10,0.0413,0.006524,8.44,-0.0082,0.000192,34.3,23.765929,86.415591
2026-03-16 18:00:00,N10,-0.1067,0.005547,2.45,-0.0081,0.000291,32.3,23.765929,86.415591
2026-03-16 19:00:00,N10,-0.2231,0.006949,1.87,-0.0088,0.000554,30.4,23.765929,86.415591
2026-03-16 20:00:00,N10,-0.0557,0.006976,4.7,-0.0092,0.00046,28.6,23.765929,86.415591
2026-03-16 21:00:00,N10,-0.2145,0.008065,5.63,-0.0097,9.8e-05,27.0,23.765929,86.415591
2026-03-16 22:00:00,N10,0.1142,0.008156,8.49,-0.0094,8.1e-05,25.8,23.765929,86.415591
2026-03-16 23:00:00,N10,-0.0678,0.006137,3.16,-0.0095,7.6e-05,25.1,23.765929,86.415591
2026-03-17 00:00:00,N10,0.0109,0.005581,3.94,-0.0092,0.000189,22.8,23.765929,86.415591
2026-03-17 01:00:00,N10,-0.3714,0.006697,2.16,-0.0099,0.00036,23.1,23.765929,86.415591
2026-03-17 02:00:00,N10,-0.1004,0.005673,3.82,-0.0099,0.000103,23.8,23.765929,86.415591
2026-03-17 03:00:00,N10,-0.3048,0.006024,5.05,-0.0097,7.6e-05,25.0,23.765929,86.415591
2026-03-17 04:00:00,N10,-0.201,0.005534,6.24,-0.0098,0.000106,26.6,23.765929,86.415591
2026-03-17 05:00:00,N10,0.0929,0.005198,6.09,-0.0099,0.000118,28.4,23.765929,86.415591
2026-03-17 06:00:00,N10,-0.0379,0.01084,3.08,-0.0095,0.000219,30.3,23.765929,86.415591
2026-03-17 07:00:00,N10,0.0959,0.006484,5.69,-0.0103,0.000233,32.3,23.765929,86.415591
2026-03-17 08:00:00,N10,0.0157,0.005201,8.69,-0.01,5.6e-05,34.1,23.765929,86.415591
2026-03-17 09:00:00,N10,,,,,,,23.765929,86.415591
2026-03-17 10:00:00,N10,,,,,,,23.765929,86.415591
2026-03-17 11:00:00,N10,-0.0084,0.727717,40.94,-0.0016,0.004026,37.6,23.765929,86.415591
2026-03-17 12:00:00,N10,-0.0456,0.949448,22.65,-0.0018,0.004934,37.8,23.765929,86.415591
2026-03-17 13:00:00,N10,0.0508,0.005462,6.24,-0.0115,0.00473,37.6,23.765929,86.415591
2026-03-17 14:00:00,N10,-0.066,0.005184,1.72,-0.0113,0.000162,36.8,23.765929,86.415591
2026-03-17 15:00:00,N10,-0.0176,0.005847,2.61,-0.0112,0.000283,35.6,23.765929,86.415591
2026-03-17 16:00:00,N10,0.0027,0.005647,7.17,-0.0119,0.000284,34.1,23.765929,86.415591
2026-03-17 17:00:00,N10,0.0119,0.006447,2.29,-0.0117,5.2e-05,32.3,23.765929,86.415591
2026-03-17 18:00:00,N10,0.0756,0.007532,7.35,-0.0118,0.000198,30.3,23.765929,86.415591
2026-03-17 19:00:00,N10,0.1003,0.007255,5.63,-0.0113,0.000572,28.4,23.765929,86.415591
2026-03-17 20:00:00,N10,0.2035,0.005141,2.67,-0.0106,0.000286,26.6,23.765929,86.415591
2026-03-17 21:00:00,N10,0.0256,0.005233,4.77,-0.0108,0.000383,25.0,23.765929,86.415591
2026-03-17 22:00:00,N10,0.152,0.005231,4.84,-0.0114,0.000142,23.8,23.765929,86.415591
2026-03-17 23:00:00,N10,-0.1165,0.006485,7.32,-0.0111,0.000158,23.1,23.765929,86.415591
2026-03-18 00:00:00,N10,-0.0274,0.006655,7.16,-0.0111,0.000278,24.3,23.765929,86.415591
2026-03-18 01:00:00,N10,-0.1392,0.007101,8.88,-0.0116,0.000649,24.6,23.765929,86.415591
2026-03-18 02:00:00,N10,-0.2135,0.0051,8.5,-0.0124,0.000769,25.3,23.765929,86.415591
2026-03-18 03:00:00,N10,-0.1181,0.005426,2.1,-0.0131,0.000174,26.5,23.765929,86.415591
2026-03-18 04:00:00,N10,0.1553,0.006404,7.36,-0.0127,0.000171,28.1,23.765929,86.415591
2026-03-18 05:00:00,N10,-0.0435,0.006841,6.21,-0.0128,0.000337,29.9,23.765929,86.415591
2026-03-18 06:00:00,N10,0.0591,0.00659,8.54,-0.0134,0.000531,31.8,23.765929,86.415591
2026-03-18 07:00:00,N10,0.0267,0.005388,7.31,-0.0139,8.5e-05,33.8,23.765929,86.415591
2026-03-18 08:00:00,N10,0.1157,0.005063,4.64,-0.0136,0.000153,35.6,23.765929,86.415591
2026-03-18 09:00:00,N10,0.1055,0.007269,6.05,-0.0136,0.007587,37.1,23.765929,86.415591
2026-03-18 10:00:00,N10,-0.0358,0.800198,23.11,0.0016,0.00042,38.3,23.765929,86.415591
2026-03-18 11:00:00,N10,0.2073,0.009222,2.05,-0.0144,0.01589,39.1,23.765929,86.415591
2026-03-18 12:00:00,N10,-0.1031,0.870129,38.86,-0.0302,0.007832,39.3,23.765929,86.415591
2026-03-18 13:00:00,N10,,,,,,,23.765929,86.415591
2026-03-18 14:00:00,N10,,,,,,,23.765929,86.415591
2026-03-18 15:00:00,N10,,,,,,,23.765929,86.415591
2026-03-18 16:00:00,N10,0.1853,0.007236,7.7,-0.014,0.000275,35.6,23.765929,86.415591
2026-03-18 17:00:00,N10,0.0413,0.006239,4.42,-0.0143,0.000454,33.8,23.765929,86.415591
2026-03-18 18:00:00,N10,-0.1206,0.008635,6.57,-0.0149,0.000157,31.8,23.765929,86.415591
2026-03-18 19:00:00,N10,-0.0954,0.005066,8.9,-0.014,0.000483,29.9,23.765929,86.415591
2026-03-18 20:00:00,N10,-0.1906,0.006798,4.8,-0.0139,0.000103,28.1,23.765929,86.415591
2026-03-18 21:00:00,N10,-0.2648,0.008912,7.77,-0.0138,0.000634,26.5,23.765929,86.415591
2026-03-18 22:00:00,N10,-0.1038,0.005313,1.65,-0.0152,0.001109,25.3,23.765929,86.415591
2026-03-18 23:00:00,N10,0.0659,0.005417,2.17,-0.016,0.000357,24.6,23.765929,86.415591
2026-03-19 00:00:00,N10,0.1551,0.006113,1.27,-0.0159,8.7e-05,26.6,23.765929,86.415591
2026-03-19 01:00:00,N10,-0.0157,0.005913,1.97,-0.0158,0.000431,26.8,23.765929,86.415591
2026-03-19 02:00:00,N10,,,,,,,23.765929,86.415591
2026-03-19 03:00:00,N10,,,,,,,23.765929,86.415591
2026-03-19 04:00:00,N10,,,,,,,23.765929,86.415591
2026-03-19 05:00:00,N10,0.0987,0.006983,9.58,-0.015,0.000301,32.1,23.765929,86.415591
2026-03-19 06:00:00,N10,0.2204,0.00511,1.13,-0.015,0.000108,34.1,23.765929,86.415591
2026-03-19 07:00:00,N10,0.3833,0.007106,6.77,-0.0148,0.000331,36.0,23.765929,86.415591
2026-03-19 08:00:00,N10,0.2077,0.007966,1.87,-0.0144,0.000417,37.8,23.765929,86.415591
2026-03-19 09:00:00,N10,0.1307,0.005514,1.53,-0.0139,9.5e-05,39.4,23.765929,86.415591
2026-03-19 10:00:00,N10,0.0993,0.00503,4.53,-0.0142,0.00034,40.6,23.765929,86.415591
2026-03-19 11:00:00,N10,-0.0493,0.00844,6.79,-0.0146,0.000175,41.3,23.765929,86.415591
2026-03-19 12:00:00,N10,0.1793,0.006795,3.34,-0.0145,0.002441,41.6,23.765929,86.415591
2026-03-19 13:00:00,N10,0.1181,0.752463,48.51,-0.0195,0.002288,41.3,23.765929,86.415591
2026-03-19 14:00:00,N10,-0.1063,0.914979,42.87,-0.0191,0.002851,40.6,23.765929,86.415591
2026-03-19 15:00:00,N10,0.3127,0.006671,1.69,-0.0138,0.012276,39.4,23.765929,86.415591
2026-03-19 16:00:00,N10,0.0285,0.567508,37.12,0.0055,0.009577,37.8,23.765929,86.415591
2026-03-19 17:00:00,N10,-0.0306,0.690315,28.61,0.0054,0.00986,36.0,23.765929,86.415591
2026-03-19 18:00:00,N10,-0.0655,0.006384,2.79,-0.0143,0.009839,34.1,23.765929,86.415591
2026-03-19 19:00:00,N10,,,,,,,23.765929,86.415591
2026-03-19 20:00:00,N10,-0.2799,0.008853,2.64,-0.0144,0.000219,30.3,23.765929,86.415591
2026-03-19 21:00:00,N10,-0.0007,0.00515,8.1,-0.0148,0.000735,28.8,23.765929,86.415591
2026-03-19 22:00:00,N10,-0.1896,0.005573,6.6,-0.0159,0.000301,27.6,23.765929,86.415591
2026-03-19 23:00:00,N10,0.0895,0.00595,9.08,-0.0154,0.000258,26.8,23.765929,86.415591
2026-03-20 00:00:00,N10,-0.0401,0.005212,2.96,-0.0154,0.000609,27.1,23.765929,86.415591
2026-03-20 01:00:00,N10,-0.173,0.006206,6.64,-0.0166,0.0006,27.4,23.765929,86.415591
2026-03-20 02:00:00,N10,-0.0286,0.005539,6.48,-0.0166,0.000237,28.1,23.765929,86.415591
2026-03-20 03:00:00,N10,-0.2471,0.009532,6.99,-0.017,0.000113,29.3,23.765929,86.415591
2026-03-20 04:00:00,N10,-0.153,0.0077,9.57,-0.0168,0.000105,30.9,23.765929,86.415591
2026-03-20 05:00:00,N10,0.3036,0.008181,6.27,-0.0168,8.7e-05,32.7,23.765929,86.415591
2026-03-20 06:00:00,N10,-0.0188,0.006138,1.36,-0.0166,5.9e-05,34.6,23.765929,86.415591
2026-03-20 07:00:00,N10,-0.256,0.00819,3.17,-0.0167,0.000227,36.6,23.765929,86.415591
2026-03-20 08:00:00,N10,0.1434,0.00634,1.6,-0.0171,7.8e-05,38.4,23.765929,86.415591
2026-03-20 09:00:00,N10,0.0104,0.006485,4.36,-0.0166,0.000341,39.9,23.765929,86.415591
2026-03-20 10:00:00,N10,-0.0846,0.00539,6.38,-0.0164,0.000324,41.1,23.765929,86.415591
2026-03-20 11:00:00,N10,,,,,,,23.765929,86.415591
2026-03-20 12:00:00,N10,,,,,,,23.765929,86.415591
2026-03-20 13:00:00,N10,,,,,,,23.765929,86.415591
2026-03-20 14:00:00,N10,0.2072,0.005974,5.6,-0.0169,0.000291,41.1,23.765929,86.415591
2026-03-20 15:00:00,N10,-0.037,0.005292,8.85,-0.0173,0.008782,39.9,23.765929,86.415591
2026-03-20 16:00:00,N10,0.255,0.621881,43.54,-0.0345,0.000748,38.4,23.765929,86.415591
2026-03-20 17:00:00,N10,0.0102,0.005638,3.62,-0.0158,0.009378,36.6,23.765929,86.415591
2026-03-20 18:00:00,N10,-0.0025,0.007829,9.14,-0.0157,0.000284,34.6,23.765929,86.415591
2026-03-20 19:00:00,N10,-0.0713,0.0088,1.28,-0.0163,0.000409,32.7,23.765929,86.415591
2026-03-20 20:00:00,N10,-0.1533,0.006703,8.83,-0.0165,0.000265,30.9,23.765929,86.415591
2026-03-20 21:00:00,N10,-0.1734,0.007538,2.42,-0.0169,0.000198,29.3,23.765929,86.415591
2026-03-20 22:00:00,N10,-0.1615,0.009746,5.32,-0.0162,0.000258,28.1,23.765929,86.415591
2026-03-20 23:00:00,N10,-0.1067,0.009763,9.3,-0.0164,7.4e-05,27.4,23.765929,86.415591
2026-03-21 00:00:00,N10,-0.2689,0.005968,2.55,-0.016,0.000319,23.4,23.765929,86.415591
2026-03-21 01:00:00,N10,0.2182,0.007337,1.02,-0.0157,0.000137,23.7,23.765929,86.415591
2026-03-21 02:00:00,N10,-0.0908,0.006948,2.68,-0.0157,0.000393,24.4,23.765929,86.415591
2026-03-21 03:00:00,N10,-0.2038,0.006615,6.33,-0.0165,0.000602,25.6,23.765929,86.415591
2026-03-21 04:00:00,N10,0.2054,0.006901,2.95,-0.0169,0.000622,27.2,23.765929,86.415591
2026-03-21 05:00:00,N10,0.4451,0.006202,6.6,-0.0177,0.000136,29.0,23.765929,86.415591
2026-03-21 06:00:00,N10,0.02,0.00549,6.11,-0.0172,9.8e-05,30.9,23.765929,86.415591
2026-03-21 07:00:00,N10,0.0678,0.006178,9.24,-0.0175,0.000356,32.9,23.765929,86.415591
2026-03-21 08:00:00,N10,0.0092,0.009161,2.86,-0.0179,0.000162,34.7,23.765929,86.415591
2026-03-21 09:00:00,N10,0.0028,0.007874,1.5,-0.0179,0.000165,36.2,23.765929,86.415591
2026-03-21 10:00:00,N10,-0.1646,0.007354,4.14,-0.0183,0.000121,37.4,23.765929,86.415591
2026-03-21 11:00:00,N10,-0.0754,0.009466,3.66,-0.0176,0.010061,38.2,23.765929,86.415591
2026-03-21 12:00:00,N10,0.1533,0.533418,22.08,0.0019,0.000448,38.4,23.765929,86.415591
2026-03-21 13:00:00,N10,0.0226,0.008813,9.79,-0.0185,0.010778,38.2,23.765929,86.415591
2026-03-21 14:00:00,N10,-0.0294,0.008153,9.38,-0.0197,0.000954,37.4,23.765929,86.415591
2026-03-21 15:00:00,N10,-0.1351,0.007322,4.75,-0.0204,0.000244,36.2,23.765929,86.415591
2026-03-21 16:00:00,N10,0.0252,0.005958,1.65,-0.0202,0.000535,34.7,23.765929,86.415591
2026-03-21 17:00:00,N10,-0.1554,0.00568,8.15,-0.0194,3.5e-05,32.9,23.765929,86.415591
2026-03-21 18:00:00,N10,0.0432,0.005536,8.4,-0.0201,0.000759,30.9,23.765929,86.415591
2026-03-21 19:00:00,N10,-0.3155,0.005485,9.19,-0.0209,0.000169,29.0,23.765929,86.415591
2026-03-21 20:00:00,N10,0.0709,0.008405,9.25,-0.0198,0.00033,27.2,23.765929,86.415591
2026-03-21 21:00:00,N10,-0.0107,0.00577,6.71,-0.0202,0.000155,25.6,23.765929,86.415591
2026-03-21 22:00:00,N10,0.0533,0.005929,7.61,-0.0201,9.5e-05,24.4,23.765929,86.415591
2026-03-21 23:00:00,N10,-0.0535,0.006849,3.38,-0.02,0.000227,23.7,23.765929,86.415591
2026-03-22 00:00:00,N10,,,,,,,23.765929,86.415591
2026-03-22 01:00:00,N10,,,,,,,23.765929,86.415591
2026-03-22 02:00:00,N10,,,,,,,23.765929,86.415591
2026-03-22 03:00:00,N10,,,,,,,23.765929,86.415591
2026-03-22 04:00:00,N10,,,,,,,23.765929,86.415591
2026-03-22 05:00:00,N10,-0.0396,0.00659,1.57,-0.0176,0.000764,31.0,23.765929,86.415591
2026-03-22 06:00:00,N10,-0.2784,0.006406,7.1,-0.0165,0.000577,33.0,23.765929,86.415591
2026-03-22 07:00:00,N10,0.2472,0.005659,5.14,-0.0164,0.009883,34.9,23.765929,86.415591
2026-03-22 08:00:00,N10,0.0567,0.756125,22.41,0.0033,0.000348,36.7,23.765929,86.415591
2026-03-22 09:00:00,N10,0.0126,0.006685,3.54,-0.0171,0.009762,38.3,23.765929,86.415591
2026-03-22 10:00:00,N10,0.0184,0.008467,1.07,-0.0163,0.000486,39.4,23.765929,86.415591
2026-03-22 11:00:00,N10,0.0443,0.006737,3.7,-0.0161,0.000226,40.2,23.765929,86.415591
2026-03-22 12:00:00,N10,-0.0974,0.006931,5.75,-0.0167,0.000272,40.5,23.765929,86.415591
2026-03-22 13:00:00,N10,0.2489,0.009985,2.64,-0.0167,0.000369,40.2,23.765929,86.415591
2026-03-22 14:00:00,N10,0.1583,0.006464,9.39,-0.016,3.6e-05,39.4,23.765929,86.415591
2026-03-22 15:00:00,N10,-0.1691,0.005467,7.77,-0.0166,0.000926,38.3,23.765929,86.415591
2026-03-22 16:00:00,N10,0.2781,0.008771,7.85,-0.0178,0.000507,36.7,23.765929,86.415591
2026-03-22 17:00:00,N10,-0.0465,0.010231,2.71,-0.0176,0.000401,34.9,23.765929,86.415591
2026-03-22 18:00:00,N10,0.271,0.005009,2.95,-0.0186,0.000849,33.0,23.765929,86.415591
2026-03-22 19:00:00,N10,0.064,0.00506,3.79,-0.0193,0.000455,31.0,23.765929,86.415591
2026-03-22 20:00:00,N10,0.1556,0.0084,8.1,-0.0177,0.000546,29.2,23.765929,86.415591
2026-03-22 21:00:00,N10,-0.0565,0.009813,2.43,-0.0182,7.2e-05,27.6,23.765929,86.415591
2026-03-22 22:00:00,N10,0.0054,0.005919,1.42,-0.0176,0.000468,26.5,23.765929,86.415591
2026-03-22 23:00:00,N10,-0.1745,0.00648,2.99,-0.0173,0.000272,25.7,23.765929,86.415591
2026-03-23 00:00:00,N10,,,,,,,23.765929,86.415591
2026-03-23 01:00:00,N10,-0.0289,0.006172,2.18,-0.0176,0.000279,22.0,23.765929,86.415591
2026-03-23 02:00:00,N10,-0.1623,0.006758,5.34,-0.0176,3.7e-05,22.7,23.765929,86.415591
2026-03-23 03:00:00,N10,-0.2061,0.006823,2.02,-0.0177,0.000271,23.9,23.765929,86.415591
2026-03-23 04:00:00,N10,-0.2046,0.008681,7.28,-0.0181,0.000685,25.5,23.765929,86.415591
2026-03-23 05:00:00,N10,,,,,,,23.765929,86.415591
2026-03-23 06:00:00,N10,-0.156,0.007525,9.55,-0.0187,0.006865,29.2,23.765929,86.415591
2026-03-23 07:00:00,N10,-0.0015,0.568471,37.98,-0.0328,0.007068,31.2,23.765929,86.415591
2026-03-23 08:00:00,N10,-0.0279,0.996002,21.0,-0.0328,0.007275,33.0,23.765929,86.415591
2026-03-23 09:00:00,N10,0.2515,0.005337,6.88,-0.0183,0.007532,34.5,23.765929,86.415591
2026-03-23 10:00:00,N10,0.023,0.006957,2.76,-0.0177,0.00333,35.7,23.765929,86.415591
2026-03-23 11:00:00,N10,0.0594,0.856732,23.94,-0.0116,0.000417,36.5,23.765929,86.415591
2026-03-23 12:00:00,N10,0.3448,0.008709,4.5,-0.0186,0.003594,36.7,23.765929,86.415591
2026-03-23 13:00:00,N10,-0.0981,0.007792,8.85,-0.0188,0.000225,36.5,23.765929,86.415591
2026-03-23 14:00:00,N10,-0.0559,0.00672,4.28,-0.019,0.000455,35.7,23.765929,86.415591
2026-03-23 15:00:00,N10,0.2966,0.006629,6.21,-0.0197,0.000256,34.5,23.765929,86.415591
2026-03-23 16:00:00,N10,0.171,0.005005,2.82,-0.0195,0.000223,33.0,23.765929,86.415591
2026-03-23 17:00:00,N10,0.0699,0.00828,9.47,-0.0201,0.000308,31.2,23.765929,86.415591
2026-03-23 18:00:00,N10,0.0437,0.008999,2.71,-0.0201,0.000146,29.2,23.765929,86.415591
2026-03-23 19:00:00,N10,-0.0177,0.006668,6.04,-0.0204,0.000464,27.3,23.765929,86.415591
2026-03-23 20:00:00,N10,0.0871,0.007015,6.43,-0.0211,0.000197,25.5,23.765929,86.415591
2026-03-23 21:00:00,N10,0.1235,0.006622,5.66,-0.0208,0.000303,23.9,23.765929,86.415591
2026-03-23 22:00:00,N10,0.0571,0.006036,6.74,-0.0205,0.000372,22.7,23.765929,86.415591
2026-03-23 23:00:00,N10,-0.2019,0.006464,6.17,-0.0201,0.000268,22.0,23.765929,86.415591
2026-03-24 00:00:00,N10,0.0745,0.010373,5.07,-0.0199,9e-06,28.5,23.765929,86.415591
2026-03-24 01:00:00,N10,-0.0619,0.007097,7.44,-0.0201,8.1e-05,28.8,23.765929,86.415591
2026-03-24 02:00:00,N10,0.1801,0.006005,8.78,-0.0201,0.00013,29.5,23.765929,86.415591
2026-03-24 03:00:00,N10,0.0033,0.005469,9.17,-0.0204,9.8e-05,30.7,23.765929,86.415591
2026-03-24 04:00:00,N10,,,,,,,23.765929,86.415591
2026-03-24 05:00:00,N10,,,,,,,23.765929,86.415591
2026-03-24 06:00:00,N10,,,,,,,23.765929,86.415591
2026-03-24 07:00:00,N10,0.0206,0.005288,6.82,-0.0201,6.8e-05,38.0,23.765929,86.415591
2026-03-24 08:00:00,N10,-0.5063,0.007818,6.14,-0.0204,7.4e-05,39.8,23.765929,86.415591
2026-03-24 09:00:00,N10,0.2266,0.009523,1.21,-0.02,0.000423,41.3,23.765929,86.415591
2026-03-24 10:00:00,N10,-0.2458,0.007452,4.53,-0.0196,0.004143,42.5,23.765929,86.415591
2026-03-24 11:00:00,N10,0.0324,0.873803,36.62,-0.0282,0.004502,43.3,23.765929,86.415591
2026-03-24 12:00:00,N10,0.1207,0.699592,46.07,-0.0286,0.003725,43.5,23.765929,86.415591
2026-03-24 13:00:00,N10,0.057,0.006513,3.12,-0.0208,0.003712,43.3,23.765929,86.415591
2026-03-24 14:00:00,N10,0.0122,0.005585,9.01,-0.0211,0.000109,42.5,23.765929,86.415591
2026-03-24 15:00:00,N10,0.1094,0.006045,6.61,-0.021,0.005808,41.3,23.765929,86.415591
2026-03-24 16:00:00,N10,0.1662,0.592051,18.72,-0.0095,0.005576,39.8,23.765929,86.415591
2026-03-24 17:00:00,N10,0.19,0.898639,22.3,-0.0099,0.005686,38.0,23.765929,86.415591
2026-03-24 18:00:00,N10,-0.0306,0.006084,6.53,-0.0209,0.005379,36.0,23.765929,86.415591
2026-03-24 19:00:00,N10,-0.0206,0.007833,9.96,-0.0206,0.000479,34.1,23.765929,86.415591
2026-03-24 20:00:00,N10,0.1452,0.006544,3.28,-0.0199,0.000283,32.3,23.765929,86.415591
2026-03-24 21:00:00,N10,0.1999,0.005123,4.34,-0.02,0.00036,30.7,23.765929,86.415591
2026-03-24 22:00:00,N10,-0.0542,0.005,6.66,-0.0207,5.5e-05,29.5,23.765929,86.415591
2026-03-24 23:00:00,N10,,,,,,,23.765929,86.415591
2026-03-25 00:00:00,N10,,,,,,,23.765929,86.415591
2026-03-25 01:00:00,N10,,,,,,,23.765929,86.415591
2026-03-25 02:00:00,N10,,,,,,,23.765929,86.415591
2026-03-25 03:00:00,N10,-0.3308,0.006572,7.2,-0.0202,2.1e-05,27.8,23.765929,86.415591
2026-03-25 04:00:00,N10,-0.0379,0.007024,3.4,-0.0206,0.000402,29.4,23.765929,86.415591
2026-03-25 05:00:00,N10,-0.0435,0.00627,8.17,-0.021,0.004848,31.2,23.765929,86.415591
2026-03-25 06:00:00,N10,-0.0588,0.758599,19.6,-0.0109,0.004856,33.1,23.765929,86.415591
2026-03-25 07:00:00,N10,,,,,,,23.765929,86.415591
2026-03-25 08:00:00,N10,,,,,,,23.765929,86.415591
2026-03-25 09:00:00,N10,,,,,,,23.765929,86.415591
2026-03-25 10:00:00,N10,,,,,,,23.765929,86.415591
2026-03-25 11:00:00,N10,,,,,,,23.765929,86.415591
2026-03-25 12:00:00,N10,-0.0966,0.006613,7.0,-0.0202,0.006248,40.6,23.765929,86.415591
2026-03-25 13:00:00,N10,0.0344,0.005722,2.29,-0.0197,0.00012,40.3,23.765929,86.415591
2026-03-25 14:00:00,N10,0.1054,0.006983,1.75,-0.0199,0.000305,39.6,23.765929,86.415591
2026-03-25 15:00:00,N10,,,,,,,23.765929,86.415591
2026-03-25 16:00:00,N10,,,,,,,23.765929,86.415591
2026-03-25 17:00:00,N10,,,,,,,23.765929,86.415591
2026-03-25 18:00:00,N10,,,,,,,23.765929,86.415591
2026-03-25 19:00:00,N10,-0.1058,0.007227,2.97,-0.0221,0.001197,31.2,23.765929,86.415591
2026-03-25 20:00:00,N10,-0.3023,0.007064,6.33,-0.0234,0.000428,29.4,23.765929,86.415591
2026-03-25 21:00:00,N10,0.0592,0.00558,1.5,-0.0229,0.000282,27.8,23.765929,86.415591
2026-03-25 22:00:00,N10,0.2191,0.005781,9.33,-0.0228,7.8e-05,26.6,23.765929,86.415591
2026-03-25 23:00:00,N10,-0.0428,0.008113,10.0,-0.0228,0.000195,25.9,23.765929,86.415591
2026-03-26 00:00:00,N10,0.0596,0.005097,5.19,-0.0232,0.000129,26.5,23.765929,86.415591
2026-03-26 01:00:00,N10,,,,,,,23.765929,86.415591
2026-03-26 02:00:00,N10,,,,,,,23.765929,86.415591
2026-03-26 03:00:00,N10,,,,,,,23.765929,86.415591
2026-03-26 04:00:00,N10,,,,,,,23.765929,86.415591
2026-03-26 05:00:00,N10,,,,,,,23.765929,86.415591
2026-03-26 06:00:00,N10,0.2383,0.007412,4.42,-0.0235,0.000188,34.0,23.765929,86.415591
2026-03-26 07:00:00,N10,,,,,,,23.765929,86.415591
2026-03-26 08:00:00,N10,,,,,,,23.765929,86.415591
2026-03-26 09:00:00,N10,,,,,,,23.765929,86.415591
2026-03-26 10:00:00,N10,0.0249,0.608308,38.91,-0.0139,0.004397,40.5,23.765929,86.415591
2026-03-26 11:00:00,N10,0.0279,0.00623,3.5,-0.0244,0.005016,41.3,23.765929,86.415591
2026-03-26 12:00:00,N10,-0.0445,0.00759,3.16,-0.0239,0.000898,41.5,23.765929,86.415591
2026-03-26 13:00:00,N10,0.1313,0.0069,4.69,-0.0226,0.000461,41.3,23.765929,86.415591
2026-03-26 14:00:00,N10,0.2446,0.005219,3.45,-0.023,3.5e-05,40.5,23.765929,86.415591
2026-03-26 15:00:00,N10,0.0189,0.006218,4.85,-0.0227,0.000141,39.3,23.765929,86.415591
2026-03-26 16:00:00,N10,-0.0239,0.006596,9.58,-0.0227,0.000705,37.8,23.765929,86.415591
2026-03-26 17:00:00,N10,-0.017,0.005173,6.54,-0.0213,0.000288,36.0,23.765929,86.415591
2026-03-26 18:00:00,N10,0.0747,0.005772,4.88,-0.0221,0.000544,34.0,23.765929,86.415591
2026-03-26 19:00:00,N10,0.0504,0.006433,4.25,-0.0224,0.00014,32.1,23.765929,86.415591
2026-03-26 20:00:00,N10,0.1111,0.007119,8.09,-0.0218,0.000319,30.3,23.765929,86.415591
2026-03-26 21:00:00,N10,-0.0852,0.006403,8.16,-0.0217,0.000489,28.7,23.765929,86.415591
2026-03-26 22:00:00,N10,0.2438,0.007185,3.79,-0.0209,0.000582,27.5,23.765929,86.415591
2026-03-26 23:00:00,N10,0.1902,0.006288,4.43,-0.0206,2.9e-05,26.8,23.765929,86.415591
2026-03-27 00:00:00,N10,-0.0216,0.0096,3.79,-0.0209,2.6e-05,25.8,23.765929,86.415591
2026-03-27 01:00:00,N10,0.2831,0.009614,8.51,-0.0205,0.000189,26.1,23.765929,86.415591
2026-03-27 02:00:00,N10,0.1639,0.006063,4.83,-0.0205,0.000114,26.8,23.765929,86.415591
2026-03-27 03:00:00,N10,0.0613,0.007423,5.42,-0.0208,0.000243,28.0,23.765929,86.415591
2026-03-27 04:00:00,N10,0.0477,0.006747,3.77,-0.021,5.5e-05,29.6,23.765929,86.415591
2026-03-27 05:00:00,N10,-0.0362,0.006685,3.55,-0.0209,0.000392,31.4,23.765929,86.415591
2026-03-27 06:00:00,N10,0.0093,0.007044,1.85,-0.0202,0.000241,33.3,23.765929,86.415591
2026-03-27 07:00:00,N10,0.0661,0.005247,9.81,-0.0204,0.000132,35.2,23.765929,86.415591
2026-03-27 08:00:00,N10,0.3725,0.006445,9.04,-0.02,0.000177,37.1,23.765929,86.415591
2026-03-27 09:00:00,N10,0.0302,0.008541,5.96,-0.0207,0.000208,38.6,23.765929,86.415591
2026-03-27 10:00:00,N10,-0.2253,0.007277,4.11,-0.0204,0.00766,39.8,23.765929,86.415591
2026-03-27 11:00:00,N10,0.1787,0.756694,15.57,-0.0054,0.000176,40.6,23.765929,86.415591
2026-03-27 12:00:00,N10,0.0024,0.006359,8.18,-0.0207,0.007889,40.8,23.765929,86.415591
2026-03-27 13:00:00,N10,0.0165,0.005861,6.44,-0.0212,0.000356,40.6,23.765929,86.415591
2026-03-27 14:00:00,N10,-0.0904,0.007246,1.92,-0.02,0.003079,39.8,23.765929,86.415591
2026-03-27 15:00:00,N10,0.0868,0.592949,31.89,-0.015,0.006526,38.6,23.765929,86.415591
2026-03-27 16:00:00,N10,,,,,,,23.765929,86.415591
2026-03-27 17:00:00,N10,,,,,,,23.765929,86.415591
2026-03-27 18:00:00,N10,,,,,,,23.765929,86.415591
2026-03-27 19:00:00,N10,,,,,,,23.765929,86.415591
2026-03-27 20:00:00,N10,,,,,,,23.765929,86.415591
2026-03-27 21:00:00,N10,-0.1646,0.006471,2.88,-0.0207,8.1e-05,28.0,23.765929,86.415591
2026-03-27 22:00:00,N10,-0.0339,0.006165,8.94,-0.0206,8.6e-05,26.8,23.765929,86.415591
2026-03-27 23:00:00,N10,-0.1124,0.005032,1.29,-0.0205,0.000553,26.1,23.765929,86.415591
2026-03-28 00:00:00,N10,0.1547,0.005428,4.27,-0.0195,0.00085,24.3,23.765929,86.415591
2026-03-28 01:00:00,N10,0.09,0.007014,8.85,-0.0188,0.00043,24.6,23.765929,86.415591
2026-03-28 02:00:00,N10,-0.1994,0.006711,3.37,-0.0186,0.000177,25.3,23.765929,86.415591
2026-03-28 03:00:00,N10,0.0616,0.005389,5.78,-0.0185,8.3e-05,26.5,23.765929,86.415591
2026-03-28 04:00:00,N10,-0.1113,0.005906,5.03,-0.0184,0.000362,28.1,23.765929,86.415591
2026-03-28 05:00:00,N10,-0.139,0.007791,6.68,-0.0177,0.000679,29.9,23.765929,86.415591
2026-03-28 06:00:00,N10,0.051,0.005574,4.3,-0.0171,1.7e-05,31.8,23.765929,86.415591
2026-03-28 07:00:00,N10,0.15,0.006336,1.57,-0.0177,0.006644,33.8,23.765929,86.415591
2026-03-28 08:00:00,N10,-0.1227,0.656796,27.24,-0.0038,0.006524,35.6,23.765929,86.415591
2026-03-28 09:00:00,N10,-0.1585,0.573579,30.47,-0.0047,0.007201,37.1,23.765929,86.415591
2026-03-28 10:00:00,N10,-0.0535,0.006906,9.55,-0.0182,0.006778,38.3,23.765929,86.415591
2026-03-28 11:00:00,N10,0.0532,0.005521,8.59,-0.0182,0.000275,39.1,23.765929,86.415591
2026-03-28 12:00:00,N10,-0.2317,0.005506,7.0,-0.0176,0.000267,39.3,23.765929,86.415591
2026-03-28 13:00:00,N10,-0.1907,0.006811,5.56,-0.0177,0.00532,39.1,23.765929,86.415591
2026-03-28 14:00:00,N10,0.1916,0.987056,42.22,-0.007,0.000187,38.3,23.765929,86.415591
2026-03-28 15:00:00,N10,-0.1547,0.005878,1.14,-0.0173,0.00519,37.1,23.765929,86.415591
2026-03-28 16:00:00,N10,-0.2829,0.005578,3.82,-0.0174,1.1e-05,35.6,23.765929,86.415591
2026-03-28 17:00:00,N10,0.0774,0.005253,8.42,-0.0173,0.000152,33.8,23.765929,86.415591
2026-03-28 18:00:00,N10,0.0427,0.007175,1.15,-0.0171,0.000135,31.8,23.765929,86.415591
2026-03-28 19:00:00,N10,-0.1437,0.00689,9.22,-0.017,0.000293,29.9,23.765929,86.415591
2026-03-28 20:00:00,N10,-0.0049,0.006506,1.3,-0.0165,0.000122,28.1,23.765929,86.415591
2026-03-28 21:00:00,N10,-0.1855,0.005406,8.87,-0.0168,0.000595,26.5,23.765929,86.415591
2026-03-28 22:00:00,N10,-0.1787,0.006665,2.69,-0.0177,0.000644,25.3,23.765929,86.415591
2026-03-28 23:00:00,N10,0.007,0.005629,5.61,-0.0181,0.000542,24.6,23.765929,86.415591
2026-03-29 00:00:00,N10,-0.1205,0.008186,6.09,-0.0188,0.000295,24.0,23.765929,86.415591
2026-03-29 01:00:00,N10,0.0308,0.007693,6.8,-0.0186,9e-06,24.2,23.765929,86.415591
2026-03-29 02:00:00,N10,0.0978,0.005302,4.16,-0.0188,0.000129,25.0,23.765929,86.415591
2026-03-29 03:00:00,N10,0.1231,0.009342,9.06,-0.0189,0.000238,26.1,23.765929,86.415591
2026-03-29 04:00:00,N10,0.2222,0.006365,6.92,-0.0183,0.000117,27.7,23.765929,86.415591
2026-03-29 05:00:00,N10,0.1704,0.00574,3.28,-0.0187,0.000178,29.5,23.765929,86.415591
2026-03-29 06:00:00,N10,-0.2223,0.005661,3.69,-0.0187,0.000368,31.5,23.765929,86.415591
2026-03-29 07:00:00,N10,0.2385,0.008048,9.26,-0.0179,0.000399,33.4,23.765929,86.415591
2026-03-29 08:00:00,N10,0.0225,0.006576,5.35,-0.0179,0.000236,35.2,23.765929,86.415591
2026-03-29 09:00:00,N10,0.0919,0.006667,2.07,-0.0175,0.003694,36.8,23.765929,86.415591
2026-03-29 10:00:00,N10,0.2017,0.643988,17.77,-0.0105,0.002808,37.9,23.765929,86.415591
2026-03-29 11:00:00,N10,0.1523,0.742434,46.23,-0.0118,0.00312,38.7,23.765929,86.415591
2026-03-29 12:00:00,N10,,,,,,,23.765929,86.415591
2026-03-29 13:00:00,N10,0.1178,0.006884,3.15,-0.017,0.000714,38.7,23.765929,86.415591
2026-03-29 14:00:00,N10,0.1003,0.007053,1.38,-0.0181,0.000358,37.9,23.765929,86.415591
2026-03-29 15:00:00,N10,0.2732,0.00578,8.85,-0.0177,0.000397,36.8,23.765929,86.415591
2026-03-29 16:00:00,N10,-0.1209,0.005113,3.05,-0.0173,0.000116,35.2,23.765929,86.415591
2026-03-29 17:00:00,N10,0.0242,0.008575,8.53,-0.0175,8.3e-05,33.4,23.765929,86.415591
2026-03-29 18:00:00,N10,0.1523,0.007616,4.62,-0.0172,0.000447,31.5,23.765929,86.415591
2026-03-29 19:00:00,N10,0.011,0.005465,8.03,-0.0166,0.000453,29.5,23.765929,86.415591
2026-03-29 20:00:00,N10,-0.2729,0.008214,2.8,-0.0163,0.0004,27.7,23.765929,86.415591
2026-03-29 21:00:00,N10,-0.1223,0.006844,1.82,-0.0158,0.000359,26.1,23.765929,86.415591
2026-03-29 22:00:00,N10,-0.0122,0.006113,5.09,-0.0156,0.00017,25.0,23.765929,86.415591
2026-03-29 23:00:00,N10,-0.2644,0.006654,2.13,-0.0162,0.000662,24.2,23.765929,86.415591
2026-03-30 00:00:00,N10,-0.2095,0.006771,9.05,-0.0169,0.000303,27.3,23.765929,86.415591
2026-03-30 01:00:00,N10,0.1989,0.006666,3.87,-0.0156,0.000344,27.6,23.765929,86.415591
2026-03-30 02:00:00,N10,-0.0903,0.007024,1.44,-0.0162,0.000327,28.3,23.765929,86.415591
2026-03-30 03:00:00,N10,0.0086,0.006409,5.56,-0.0162,0.00017,29.5,23.765929,86.415591
2026-03-30 04:00:00,N10,0.1568,0.00649,8.77,-0.0159,6.5e-05,31.1,23.765929,86.415591
2026-03-30 05:00:00,N10,0.2181,0.005314,4.05,-0.0163,0.000419,32.9,23.765929,86.415591
2026-03-30 06:00:00,N10,0.1028,0.005183,9.76,-0.0167,0.000293,34.8,23.765929,86.415591
2026-03-30 07:00:00,N10,0.1621,0.00624,2.32,-0.0169,0.000421,36.8,23.765929,86.415591
2026-03-30 08:00:00,N10,,,,,,,23.765929,86.415591
2026-03-30 09:00:00,N10,,,,,,,23.765929,86.415591
2026-03-30 10:00:00,N10,,,,,,,23.765929,86.415591
2026-03-30 11:00:00,N10,0.1668,0.64284,34.18,-0.0116,0.006336,42.1,23.765929,86.415591
2026-03-30 12:00:00,N10,-0.2442,0.007732,8.04,-0.0173,0.009342,42.3,23.765929,86.415591
2026-03-30 13:00:00,N10,0.2602,0.846275,37.62,-0.0302,0.006439,42.1,23.765929,86.415591
2026-03-30 14:00:00,N10,0.1101,0.825233,42.2,-0.0302,0.006307,41.3,23.765929,86.415591
2026-03-30 15:00:00,N10,0.0642,0.006531,2.55,-0.0176,0.006434,40.1,23.765929,86.415591
2026-03-30 16:00:00,N10,-0.1688,0.006994,3.85,-0.0174,0.000258,38.6,23.765929,86.415591
2026-03-30 17:00:00,N10,-0.2226,0.005893,5.33,-0.0171,0.000237,36.8,23.765929,86.415591
2026-03-30 18:00:00,N10,-0.0598,0.006471,2.78,-0.0178,0.00039,34.8,23.765929,86.415591
2026-03-30 19:00:00,N10,0.2303,0.008459,7.07,-0.0179,6.7e-05,32.9,23.765929,86.415591
2026-03-30 20:00:00,N10,-0.1765,0.00697,6.03,-0.0177,8.5e-05,31.1,23.765929,86.415591
2026-03-30 21:00:00,N10,,,,,,,23.765929,86.415591
2026-03-30 22:00:00,N10,-0.0445,0.007608,8.6,-0.0172,0.000309,28.3,23.765929,86.415591
2026-03-30 23:00:00,N10,0.0213,0.005629,4.85,-0.0174,0.000213,27.6,23.765929,86.415591
2026-03-31 00:00:00,N10,0.0055,0.006678,8.87,-0.0167,0.000236,27.0,23.765929,86.415591
2026-03-31 01:00:00,N10,-0.1211,0.006041,1.37,-0.017,0.000375,27.3,23.765929,86.415591
2026-03-31 02:00:00,N10,-0.1251,0.007038,3.86,-0.0175,0.000384,28.0,23.765929,86.415591
2026-03-31 03:00:00,N10,-0.0431,0.007576,8.21,-0.0177,0.000137,29.2,23.765929,86.415591
2026-03-31 04:00:00,N10,0.0071,0.006666,7.16,-0.0178,0.000342,30.8,23.765929,86.415591
2026-03-31 05:00:00,N10,-0.1184,0.005794,3.8,-0.0184,0.000286,32.6,23.765929,86.415591
2026-03-31 06:00:00,N10,-0.0868,0.006254,2.45,-0.0183,0.000212,34.5,23.765929,86.415591
2026-03-31 07:00:00,N10,-0.1525,0.007013,3.88,-0.0189,0.006603,36.5,23.765929,86.415591
2026-03-31 08:00:00,N10,0.1193,0.638154,30.31,-0.0315,0.006326,38.3,23.765929,86.415591
2026-03-31 09:00:00,N10,0.1029,0.714047,39.31,-0.0315,0.006683,39.8,23.765929,86.415591
2026-03-31 10:00:00,N10,0.1105,0.006882,9.92,-0.0182,0.007115,41.0,23.765929,86.415591
2026-03-31 11:00:00,N10,-0.0194,0.0062,4.35,-0.0173,0.000504,41.8,23.765929,86.415591
2026-03-31 12:00:00,N10,-0.0026,0.005708,2.83,-0.0172,0.000137,42.0,23.765929,86.415591
2026-03-31 13:00:00,N10,-0.0369,0.007574,3.34,-0.0175,0.000303,41.8,23.765929,86.415591
2026-03-31 14:00:00,N10,-0.2841,0.007467,7.21,-0.0166,0.009341,41.0,23.765929,86.415591
2026-03-31 15:00:00,N10,0.0684,0.605358,21.9,0.0011,0.00013,39.8,23.765929,86.415591
2026-03-31 16:00:00,N10,-0.0044,0.005981,5.35,-0.0163,0.013483,38.3,23.765929,86.415591
2026-03-31 17:00:00,N10,0.1748,0.870201,32.76,-0.0258,0.00507,36.5,23.765929,86.415591
2026-03-31 18:00:00,N10,0.0064,0.864045,47.26,-0.0264,0.004611,34.5,23.765929,86.415591
2026-03-31 19:00:00,N10,-0.0815,0.006103,8.56,-0.0166,0.004688,32.6,23.765929,86.415591
2026-03-31 20:00:00,N10,0.1085,0.007045,6.73,-0.0171,3.7e-05,30.8,23.765929,86.415591
2026-03-31 21:00:00,N10,-0.0414,0.008556,4.64,-0.0165,9.2e-05,29.2,23.765929,86.415591
2026-03-31 22:00:00,N10,-0.0839,0.005108,5.94,-0.0173,0.000595,28.0,23.765929,86.415591
2026-03-31 23:00:00,N10,0.0242,0.005185,7.95,-0.0177,0.000655,27.3,23.765929,86.415591
2026-04-01 00:00:00,N10,0.0075,0.008098,8.39,-0.0186,0.000498,28.6,23.765929,86.415591
2026-04-01 01:00:00,N10,0.1992,0.005808,4.3,-0.0187,6.9e-05,28.9,23.765929,86.415591
2026-04-01 02:00:00,N10,0.0105,0.005676,4.5,-0.0187,0.000184,29.6,23.765929,86.415591
2026-04-01 03:00:00,N10,0.0721,0.005093,1.27,-0.0184,6.4e-05,30.8,23.765929,86.415591
2026-04-01 04:00:00,N10,0.0497,0.005485,9.44,-0.0186,0.000311,32.4,23.765929,86.415591
2026-04-01 05:00:00,N10,-0.1033,0.005986,5.14,-0.0177,0.000144,34.2,23.765929,86.415591
2026-04-01 06:00:00,N10,,,,,,,23.765929,86.415591
2026-04-01 07:00:00,N10,,,,,,,23.765929,86.415591
2026-04-01 08:00:00,N10,-0.0024,0.693311,24.05,-0.0288,0.005042,39.9,23.765929,86.415591
2026-04-01 09:00:00,N10,0.0334,0.008253,2.78,-0.0178,0.005535,41.4,23.765929,86.415591
2026-04-01 10:00:00,N10,0.0194,0.006917,2.88,-0.0177,0.000244,42.6,23.765929,86.415591
2026-04-01 11:00:00,N10,0.0328,0.005707,4.54,-0.0183,2.3e-05,43.4,23.765929,86.415591
2026-04-01 12:00:00,N10,0.033,0.006077,1.28,-0.0177,0.000434,43.6,23.765929,86.415591
2026-04-01 13:00:00,N10,-0.0386,0.006595,8.59,-0.0175,0.000633,43.4,23.765929,86.415591
2026-04-01 14:00:00,N10,0.1425,0.006205,6.62,-0.0165,0.003663,42.6,23.765929,86.415591
2026-04-01 15:00:00,N10,-0.0521,0.787631,45.92,-0.0248,0.00418,41.4,23.765929,86.415591
2026-04-01 16:00:00,N10,0.0898,0.700482,46.08,-0.0248,0.003941,39.9,23.765929,86.415591
2026-04-01 17:00:00,N10,-0.0688,0.011047,3.3,-0.0169,0.003926,38.1,23.765929,86.415591
2026-04-01 18:00:00,N10,-0.1678,0.005997,8.95,-0.017,0.00036,36.1,23.765929,86.415591
2026-04-01 19:00:00,N10,-0.1396,0.006999,2.94,-0.0162,2.6e-05,34.2,23.765929,86.415591
2026-04-01 20:00:00,N10,-0.1806,0.008504,2.83,-0.017,0.000643,32.4,23.765929,86.415591
2026-04-01 21:00:00,N10,-0.0879,0.006427,5.02,-0.0175,0.000273,30.8,23.765929,86.415591
2026-04-01 22:00:00,N10,0.2682,0.005122,5.29,-0.0176,6.7e-05,29.6,23.765929,86.415591
2026-04-01 23:00:00,N10,-0.2348,0.005594,2.52,-0.0173,0.000436,28.9,23.765929,86.415591
2026-04-02 00:00:00,N10,0.1271,0.00505,8.48,-0.0167,0.00015,25.6,23.765929,86.415591
2026-04-02 01:00:00,N10,0.2472,0.007319,6.98,-0.017,0.000689,25.9,23.765929,86.415591
2026-04-02 02:00:00,N10,0.1314,0.005014,8.4,-0.0181,0.000337,26.6,23.765929,86.415591
2026-04-02 03:00:00,N10,0.0758,0.007319,4.99,-0.0177,0.00048,27.8,23.765929,86.415591
2026-04-02 04:00:00,N10,-0.0744,0.005699,1.72,-0.0171,0.000353,29.4,23.765929,86.415591
2026-04-02 05:00:00,N10,-0.0814,0.007234,6.69,-0.017,0.000112,31.2,23.765929,86.415591
2026-04-02 06:00:00,N10,0.1083,0.008153,7.66,-0.0174,3.2e-05,33.1,23.765929,86.415591
2026-04-02 07:00:00,N10,-0.1285,0.00985,4.57,-0.0169,0.005692,35.1,23.765929,86.415591
2026-04-02 08:00:00,N10,-0.189,0.846941,26.68,-0.006,1.9e-05,36.9,23.765929,86.415591
2026-04-02 09:00:00,N10,-0.1773,0.005431,6.15,-0.0169,0.005704,38.4,23.765929,86.415591
2026-04-02 10:00:00,N10,0.1935,0.005492,8.31,-0.0174,0.005296,39.6,23.765929,86.415591
2026-04-02 11:00:00,N10,-0.1177,0.969105,29.43,-0.0063,0.000337,40.4,23.765929,86.415591
2026-04-02 12:00:00,N10,-0.1431,0.007535,5.51,-0.0167,0.005151,40.6,23.765929,86.415591
2026-04-02 13:00:00,N10,-0.1088,0.00548,3.61,-0.0166,1.1e-05,40.4,23.765929,86.415591
2026-04-02 14:00:00,N10,-0.1,0.005677,8.91,-0.0167,0.000125,39.6,23.765929,86.415591
2026-04-02 15:00:00,N10,0.0454,0.006033,2.98,-0.0169,0.000215,38.4,23.765929,86.415591
2026-04-02 16:00:00,N10,0.1741,0.005532,5.97,-0.0171,0.009194,36.9,23.765929,86.415591
2026-04-02 17:00:00,N10,0.0931,0.844957,41.63,0.0015,0.000468,35.1,23.765929,86.415591
2026-04-02 18:00:00,N10,-0.0611,0.005173,7.27,-0.0162,0.008778,33.1,23.765929,86.415591
2026-04-02 19:00:00,N10,-0.2254,0.005937,1.39,-0.016,5e-05,31.2,23.765929,86.415591
2026-04-02 20:00:00,N10,0.1523,0.005606,7.33,-0.0161,0.000447,29.4,23.765929,86.415591
2026-04-02 21:00:00,N10,-0.1948,0.007014,1.86,-0.0151,0.000644,27.8,23.765929,86.415591
2026-04-02 22:00:00,N10,-0.1334,0.00847,7.75,-0.0148,7.3e-05,26.6,23.765929,86.415591
2026-04-02 23:00:00,N10,-0.098,0.005112,4.1,-0.015,0.000342,25.9,23.765929,86.415591
2026-04-03 00:00:00,N10,,,,,,,23.765929,86.415591
2026-04-03 01:00:00,N10,,,,,,,23.765929,86.415591
2026-04-03 02:00:00,N10,0.2762,0.007789,7.3,-0.0158,0.000227,25.3,23.765929,86.415591
2026-04-03 03:00:00,N10,-0.0412,0.006566,6.69,-0.0162,0.000315,26.5,23.765929,86.415591
2026-04-03 04:00:00,N10,-0.1103,0.005315,2.43,-0.0165,0.000618,28.1,23.765929,86.415591
2026-04-03 05:00:00,N10,-0.0177,0.007135,8.09,-0.0149,0.000768,29.9,23.765929,86.415591
2026-04-03 06:00:00,N10,-0.0319,0.009067,7.63,-0.0149,0.000217,31.8,23.765929,86.415591
2026-04-03 07:00:00,N10,0.0935,0.005523,4.59,-0.0145,0.000384,33.8,23.765929,86.415591
2026-04-03 08:00:00,N10,-0.1938,0.006303,1.59,-0.0142,0.000171,35.6,23.765929,86.415591
2026-04-03 09:00:00,N10,-0.2292,0.008634,2.75,-0.0141,0.005834,37.1,23.765929,86.415591
2026-04-03 10:00:00,N10,-0.0628,0.517553,34.17,-0.0025,0.009582,38.3,23.765929,86.415591
2026-04-03 11:00:00,N10,-0.1539,0.966421,42.97,-0.0333,0.015165,39.1,23.765929,86.415591
2026-04-03 12:00:00,N10,0.0043,0.630388,36.77,-0.0328,0.015936,39.3,23.765929,86.415591
2026-04-03 13:00:00,N10,0.168,0.649996,30.24,-0.0014,0.015458,39.1,23.765929,86.415591
2026-04-03 14:00:00,N10,0.0325,0.585449,31.7,-0.0019,0.006519,38.3,23.765929,86.415591
2026-04-03 15:00:00,N10,-0.1375,0.005724,7.64,-0.0145,0.006446,37.1,23.765929,86.415591
2026-04-03 16:00:00,N10,-0.1562,0.005227,2.93,-0.0148,0.000297,35.6,23.765929,86.415591
2026-04-03 17:00:00,N10,0.1847,0.006928,4.98,-0.0151,7.6e-05,33.8,23.765929,86.415591
2026-04-03 18:00:00,N10,-0.0412,0.005328,2.78,-0.0146,6.5e-05,31.8,23.765929,86.415591
2026-04-03 19:00:00,N10,0.1436,0.006925,9.37,-0.0149,1.2e-05,29.9,23.765929,86.415591
2026-04-03 20:00:00,N10,0.2171,0.005203,7.87,-0.0147,6.8e-05,28.1,23.765929,86.415591
2026-04-03 21:00:00,N10,0.0515,0.008505,9.2,-0.0151,3.8e-05,26.5,23.765929,86.415591
2026-04-03 22:00:00,N10,-0.0394,0.006814,4.18,-0.0147,0.000201,25.3,23.765929,86.415591
2026-04-03 23:00:00,N10,0.1249,0.005473,1.99,-0.0147,0.000144,24.6,23.765929,86.415591
2026-04-04 00:00:00,N10,0.0282,0.005809,7.62,-0.015,0.000347,25.8,23.765929,86.415591
2026-04-04 01:00:00,N10,0.2102,0.008822,8.12,-0.0154,2.4e-05,26.1,23.765929,86.415591
2026-04-04 02:00:00,N10,0.0714,0.00763,8.49,-0.0151,0.000372,26.8,23.765929,86.415591
2026-04-04 03:00:00,N10,-0.2274,0.005703,8.19,-0.0146,0.000319,28.0,23.765929,86.415591
2026-04-04 04:00:00,N10,0.0163,0.00532,4.61,-0.0144,0.000311,29.6,23.765929,86.415591
2026-04-04 05:00:00,N10,-0.1742,0.005451,4.27,-0.014,0.00022,31.4,23.765929,86.415591
2026-04-04 06:00:00,N10,,,,,,,23.765929,86.415591
2026-04-04 07:00:00,N10,,,,,,,23.765929,86.415591
2026-04-04 08:00:00,N10,,,,,,,23.765929,86.415591
2026-04-04 09:00:00,N10,,,,,,,23.765929,86.415591
2026-04-04 10:00:00,N10,,,,,,,23.765929,86.415591
2026-04-04 11:00:00,N10,-0.1003,0.005297,3.9,-0.0145,0.005373,40.6,23.765929,86.415591
2026-04-04 12:00:00,N10,0.0714,0.725035,15.06,-0.0032,9.6e-05,40.8,23.765929,86.415591
2026-04-04 13:00:00,N10,-0.1131,0.006639,9.78,-0.0147,0.005951,40.6,23.765929,86.415591
2026-04-04 14:00:00,N10,0.1985,0.005456,5.38,-0.0151,0.006845,39.8,23.765929,86.415591
2026-04-04 15:00:00,N10,0.1554,0.998911,36.33,-0.001,0.000125,38.6,23.765929,86.415591
2026-04-04 16:00:00,N10,,,,,,,23.765929,86.415591
2026-04-04 17:00:00,N10,,,,,,,23.765929,86.415591
2026-04-04 18:00:00,N10,,,,,,,23.765929,86.415591
2026-04-04 19:00:00,N10,-0.0299,0.005219,8.04,-0.0145,0.00012,31.4,23.765929,86.415591
2026-04-04 20:00:00,N10,-0.0532,0.008437,6.33,-0.0147,0.000469,29.6,23.765929,86.415591
2026-04-04 21:00:00,N10,-0.0253,0.006805,4.96,-0.0154,0.000173,28.0,23.765929,86.415591
2026-04-04 22:00:00,N10,-0.1576,0.005903,9.63,-0.0144,5e-05,26.8,23.765929,86.415591
2026-04-04 23:00:00,N10,-0.1204,0.007807,8.56,-0.0155,0.000817,26.1,23.765929,86.415591
2026-04-05 00:00:00,N10,,,,,,,23.765929,86.415591
2026-04-05 01:00:00,N10,0.4211,0.006755,7.09,-0.0161,0.000146,22.6,23.765929,86.415591
2026-04-05 02:00:00,N10,0.1778,0.007079,9.76,-0.0163,6.5e-05,23.3,23.765929,86.415591
2026-04-05 03:00:00,N10,-0.2706,0.006193,4.18,-0.016,0.000485,24.5,23.765929,86.415591
2026-04-05 04:00:00,N10,-0.1754,0.006903,8.49,-0.0173,0.000647,26.1,23.765929,86.415591
2026-04-05 05:00:00,N10,-0.1394,0.006412,6.97,-0.0173,0.000195,27.9,23.765929,86.415591
2026-04-05 06:00:00,N10,0.2611,0.00615,6.5,-0.0169,0.000468,29.8,23.765929,86.415591
2026-04-05 07:00:00,N10,0.0895,0.005192,5.52,-0.0164,0.000158,31.8,23.765929,86.415591
2026-04-05 08:00:00,N10,0.0099,0.005328,5.92,-0.0172,0.000458,33.6,23.765929,86.415591
2026-04-05 09:00:00,N10,-0.0047,0.005333,9.11,-0.0173,0.000235,35.1,23.765929,86.415591
2026-04-05 10:00:00,N10,0.0211,0.007166,5.64,-0.0168,0.000212,36.3,23.765929,86.415591
2026-04-05 11:00:00,N10,0.1227,0.005829,9.18,-0.0169,1.6e-05,37.1,23.765929,86.415591
2026-04-05 12:00:00,N10,0.0082,0.005704,4.92,-0.0168,0.000151,37.3,23.765929,86.415591
2026-04-05 13:00:00,N10,0.0793,0.006312,3.33,-0.0166,0.0035,37.1,23.765929,86.415591
2026-04-05 14:00:00,N10,-0.1227,0.803235,18.09,-0.0238,0.003698,36.3,23.765929,86.415591
2026-04-05 15:00:00,N10,0.3235,0.995609,28.93,-0.024,0.003703,35.1,23.765929,86.415591
2026-04-05 16:00:00,N10,-0.1326,0.006029,8.86,-0.0164,0.003776,33.6,23.765929,86.415591
2026-04-05 17:00:00,N10,0.2026,0.008259,6.78,-0.0164,1.1e-05,31.8,23.765929,86.415591
2026-04-05 18:00:00,N10,-0.1752,0.00658,2.72,-0.0164,0.000379,29.8,23.765929,86.415591
2026-04-05 19:00:00,N10,-0.0861,0.005195,6.23,-0.0156,0.00058,27.9,23.765929,86.415591
2026-04-05 20:00:00,N10,0.2258,0.005788,7.19,-0.0152,0.000346,26.1,23.765929,86.415591
2026-04-05 21:00:00,N10,-0.2169,0.005092,7.88,-0.0163,0.000574,24.5,23.765929,86.415591
2026-04-05 22:00:00,N10,-0.0294,0.006236,7.16,-0.0164,0.000323,23.3,23.765929,86.415591
2026-04-05 23:00:00,N10,0.0806,0.007188,5.74,-0.0157,0.000874,22.6,23.765929,86.415591
2026-04-06 00:00:00,N10,0.0073,0.007394,8.92,-0.0146,0.000139,26.8,23.765929,86.415591
2026-04-06 01:00:00,N10,0.1044,0.0053,7.6,-0.0154,0.000474,27.0,23.765929,86.415591
2026-04-06 02:00:00,N10,-0.2068,0.007647,7.54,-0.0156,5.1e-05,27.8,23.765929,86.415591
2026-04-06 03:00:00,N10,0.0891,0.006432,5.08,-0.0153,0.000366,29.0,23.765929,86.415591
2026-04-06 04:00:00,N10,-0.0565,0.005311,1.17,-0.0149,0.000143,30.5,23.765929,86.415591
2026-04-06 05:00:00,N10,-0.0672,0.006035,5.58,-0.015,0.00023,32.3,23.765929,86.415591
2026-04-06 06:00:00,N10,-0.0906,0.005898,3.65,-0.0153,0.00713,34.3,23.765929,86.415591
2026-04-06 07:00:00,N10,-0.112,0.889358,35.85,-0.0293,0.006954,36.2,23.765929,86.415591
2026-04-06 08:00:00,N10,-0.0425,0.648732,32.12,-0.0292,0.007201,38.0,23.765929,86.415591
2026-04-06 09:00:00,N10,-0.1746,0.00815,5.55,-0.0149,0.007068,39.6,23.765929,86.415591
2026-04-06 10:00:00,N10,0.124,0.006013,4.96,-0.0151,0.000168,40.8,23.765929,86.415591
2026-04-06 11:00:00,N10,0.1415,0.006378,5.72,-0.0152,0.000154,41.5,23.765929,86.415591
2026-04-06 12:00:00,N10,-0.0839,0.005129,6.64,-0.0154,9.8e-05,41.8,23.765929,86.415591
2026-04-06 13:00:00,N10,0.2961,0.006121,1.83,-0.0154,0.000159,41.5,23.765929,86.415591
2026-04-06 14:00:00,N10,0.0637,0.005955,5.15,-0.0157,0.000104,40.8,23.765929,86.415591
2026-04-06 15:00:00,N10,-0.0732,0.006308,3.51,-0.0156,0.000236,39.6,23.765929,86.415591
2026-04-06 16:00:00,N10,0.074,0.00809,3.25,-0.0152,0.000163,38.0,23.765929,86.415591
2026-04-06 17:00:00,N10,0.238,0.005748,3.22,-0.0153,0.000351,36.2,23.765929,86.415591
2026-04-06 18:00:00,N10,-0.1646,0.006138,1.49,-0.016,6.9e-05,34.3,23.765929,86.415591
2026-04-06 19:00:00,N10,-0.0786,0.005985,5.4,-0.0154,7.1e-05,32.3,23.765929,86.415591
2026-04-06 20:00:00,N10,-0.0247,0.006392,4.41,-0.0161,7.4e-05,30.5,23.765929,86.415591
2026-04-06 21:00:00,N10,-0.1259,0.006958,8.33,-0.0153,0.000135,29.0,23.765929,86.415591
2026-04-06 22:00:00,N10,-0.1891,0.005958,8.18,-0.0158,0.000519,27.8,23.765929,86.415591
2026-04-06 23:00:00,N10,0.108,0.009169,4.03,-0.0163,1.1e-05,27.0,23.765929,86.415591
2026-04-07 00:00:00,N10,-0.0134,0.005064,3.29,-0.0158,0.000114,28.5,23.765929,86.415591
2026-04-07 01:00:00,N10,0.0308,0.005361,4.61,-0.0161,0.000154,28.8,23.765929,86.415591
2026-04-07 02:00:00,N10,-0.0673,0.005875,7.6,-0.0155,0.000117,29.5,23.765929,86.415591
2026-04-07 03:00:00,N10,0.1678,0.006367,7.74,-0.0159,0.000275,30.7,23.765929,86.415591
2026-04-07 04:00:00,N10,0.0941,0.005769,8.62,-0.016,1.3e-05,32.3,23.765929,86.415591
2026-04-07 05:00:00,N10,-0.2541,0.006818,2.93,-0.0158,1e-05,34.1,23.765929,86.415591
2026-04-07 06:00:00,N10,,,,,,,23.765929,86.415591
2026-04-07 07:00:00,N10,,,,,,,23.765929,86.415591
2026-04-07 08:00:00,N10,,,,,,,23.765929,86.415591
2026-04-07 09:00:00,N10,,,,,,,23.765929,86.415591
2026-04-07 10:00:00,N10,0.0002,0.006504,1.98,-0.0161,0.000485,42.5,23.765929,86.415591
2026-04-07 11:00:00,N10,-0.0584,0.007172,1.4,-0.0168,0.000754,43.3,23.765929,86.415591
2026-04-07 12:00:00,N10,-0.0158,0.007404,6.07,-0.0176,3.7e-05,43.5,23.765929,86.415591
2026-04-07 13:00:00,N10,0.1198,0.006991,4.62,-0.0167,0.000319,43.3,23.765929,86.415591
2026-04-07 14:00:00,N10,0.2407,0.006902,3.61,-0.0169,0.000527,42.5,23.765929,86.415591
2026-04-07 15:00:00,N10,0.1427,0.008124,5.62,-0.0178,0.000764,41.3,23.765929,86.415591
2026-04-07 16:00:00,N10,-0.0059,0.007262,4.78,-0.0185,0.00375,39.8,23.765929,86.415591
2026-04-07 17:00:00,N10,0.15,0.574945,40.15,-0.0103,0.00017,38.0,23.765929,86.415591
2026-04-07 18:00:00,N10,0.0908,0.007293,7.5,-0.0181,0.003855,36.0,23.765929,86.415591
2026-04-07 19:00:00,N10,0.101,0.005958,6.19,-0.018,2e-05,34.1,23.765929,86.415591
2026-04-07 20:00:00,N10,-0.3329,0.005698,9.58,-0.0182,0.00014,32.3,23.765929,86.415591
2026-04-07 21:00:00,N10,-0.173,0.006576,9.9,-0.0183,0.000108,30.7,23.765929,86.415591
2026-04-07 22:00:00,N10,-0.0268,0.005065,4.49,-0.0179,0.000373,29.5,23.765929,86.415591
2026-04-07 23:00:00,N10,0.064,0.006227,4.59,-0.019,0.000832,28.8,23.765929,86.415591
2026-04-08 00:00:00,N10,-0.2167,0.00877,4.9,-0.0196,5.6e-05,25.8,23.765929,86.415591
2026-04-08 01:00:00,N10,,,,,,,23.765929,86.415591
2026-04-08 02:00:00,N10,,,,,,,23.765929,86.415591
2026-04-08 03:00:00,N10,,,,,,,23.765929,86.415591
2026-04-08 04:00:00,N10,,,,,,,23.765929,86.415591
2026-04-08 05:00:00,N10,0.0288,0.006991,7.22,-0.0187,0.006389,31.4,23.765929,86.415591
2026-04-08 06:00:00,N10,-0.0253,0.939845,36.56,-0.0311,0.000484,33.3,23.765929,86.415591
2026-04-08 07:00:00,N10,0.1404,0.006976,4.52,-0.0177,0.006685,35.3,23.765929,86.415591
2026-04-08 08:00:00,N10,,,,,,,23.765929,86.415591
2026-04-08 09:00:00,N10,,,,,,,23.765929,86.415591
2026-04-08 10:00:00,N10,,,,,,,23.765929,86.415591
2026-04-08 11:00:00,N10,,,,,,,23.765929,86.415591
2026-04-08 12:00:00,N10,,,,,,,23.765929,86.415591
2026-04-08 13:00:00,N10,0.13,0.007801,5.52,-0.0179,0.000233,40.6,23.765929,86.415591
2026-04-08 14:00:00,N10,0.294,0.007441,5.72,-0.0176,0.000113,39.8,23.765929,86.415591
2026-04-08 15:00:00,N10,0.2276,0.008517,4.31,-0.0181,0.000341,38.6,23.765929,86.415591
2026-04-08 16:00:00,N10,-0.1062,0.005558,5.06,-0.0183,3.8e-05,37.1,23.765929,86.415591
2026-04-08 17:00:00,N10,0.1456,0.007399,2.21,-0.0182,0.000409,35.3,23.765929,86.415591
2026-04-08 18:00:00,N10,-0.057,0.005724,1.1,-0.0175,0.000113,33.3,23.765929,86.415591
2026-04-08 19:00:00,N10,0.3123,0.006167,7.43,-0.018,5.3e-05,31.4,23.765929,86.415591
2026-04-08 20:00:00,N10,-0.0268,0.005478,1.37,-0.0174,0.000588,29.6,23.765929,86.415591
2026-04-08 21:00:00,N10,0.1017,0.006989,2.73,-0.0168,0.000276,28.0,23.765929,86.415591
2026-04-08 22:00:00,N10,-0.1711,0.007485,9.78,-0.0169,4.3e-05,26.8,23.765929,86.415591
2026-04-08 23:00:00,N10,-0.0084,0.006177,3.58,-0.0169,0.000148,26.1,23.765929,86.415591
2026-04-09 00:00:00,N10,-0.0905,0.0056,3.32,-0.0171,0.000389,21.2,23.765929,86.415591
2026-04-09 01:00:00,N10,-0.0196,0.007626,4.39,-0.0176,0.000403,21.4,23.765929,86.415591
2026-04-09 02:00:00,N10,-0.0952,0.007586,1.88,-0.018,0.000465,22.2,23.765929,86.415591
2026-04-09 03:00:00,N10,-0.0673,0.007042,7.83,-0.0186,4.9e-05,23.4,23.765929,86.415591
2026-04-09 04:00:00,N10,-0.127,0.010415,9.51,-0.0181,1.8e-05,24.9,23.765929,86.415591
2026-04-09 05:00:00,N10,0.0825,0.00577,1.09,-0.0185,1e-05,26.7,23.765929,86.415591
2026-04-09 06:00:00,N10,-0.093,0.008499,7.57,-0.018,0.000209,28.7,23.765929,86.415591
2026-04-09 07:00:00,N10,0.0186,0.006809,7.06,-0.0189,1.3e-05,30.6,23.765929,86.415591
2026-04-09 08:00:00,N10,0.0032,0.006804,2.21,-0.0181,0.000352,32.4,23.765929,86.415591
2026-04-09 09:00:00,N10,-0.1101,0.005774,8.47,-0.0182,0.000227,34.0,23.765929,86.415591
2026-04-09 10:00:00,N10,,,,,,,23.765929,86.415591
2026-04-09 11:00:00,N10,,,,,,,23.765929,86.415591
2026-04-09 12:00:00,N10,,,,,,,23.765929,86.415591
2026-04-09 13:00:00,N10,,,,,,,23.765929,86.415591
2026-04-09 14:00:00,N10,,,,,,,23.765929,86.415591
2026-04-09 15:00:00,N10,0.1483,0.005419,8.65,-0.0161,0.00038,34.0,23.765929,86.415591
2026-04-09 16:00:00,N10,0.009,0.007175,5.98,-0.016,6e-06,32.4,23.765929,86.415591
2026-04-09 17:00:00,N10,0.1824,0.005482,7.84,-0.0161,6.2e-05,30.6,23.765929,86.415591
2026-04-09 18:00:00,N10,-0.0908,0.005967,1.3,-0.0159,0.000416,28.7,23.765929,86.415591
2026-04-09 19:00:00,N10,-0.2234,0.006002,3.33,-0.0153,0.000103,26.7,23.765929,86.415591
2026-04-09 20:00:00,N10,,,,,,,23.765929,86.415591
2026-04-09 21:00:00,N10,0.1125,0.006296,5.81,-0.0156,9.3e-05,23.4,23.765929,86.415591
2026-04-09 22:00:00,N10,0.1844,0.005908,9.09,-0.0155,0.000521,22.2,23.765929,86.415591
2026-04-09 23:00:00,N10,-0.079,0.005038,4.54,-0.0146,0.000575,21.4,23.765929,86.415591
2026-04-10 00:00:00,N10,-0.1562,0.0091,4.74,-0.0143,0.00014,24.4,23.765929,86.415591
2026-04-10 01:00:00,N10,-0.0405,0.005776,6.87,-0.0149,0.000157,24.7,23.765929,86.415591
2026-04-10 02:00:00,N10,-0.2478,0.006844,3.36,-0.0146,2.2e-05,25.4,23.765929,86.415591
2026-04-10 03:00:00,N10,,,,,,,23.765929,86.415591
2026-04-10 04:00:00,N10,0.0484,0.005105,6.08,-0.015,0.00018,28.2,23.765929,86.415591
2026-04-10 05:00:00,N10,-0.0289,0.006385,9.2,-0.0153,0.000348,30.0,23.765929,86.415591
2026-04-10 06:00:00,N10,-0.0765,0.008603,5.75,-0.0143,0.000506,31.9,23.765929,86.415591
2026-04-10 07:00:00,N10,0.146,0.006405,4.2,-0.0143,0.000126,33.9,23.765929,86.415591
2026-04-10 08:00:00,N10,-0.0798,0.00704,7.12,-0.0145,4e-05,35.7,23.765929,86.415591
2026-04-10 09:00:00,N10,0.2978,0.007291,4.56,-0.0143,0.000403,37.2,23.765929,86.415591
2026-04-10 10:00:00,N10,-0.0916,0.005009,9.91,-0.0137,0.000395,38.4,23.765929,86.415591
2026-04-10 11:00:00,N10,0.0574,0.005222,5.98,-0.0135,0.003723,39.2,23.765929,86.415591
2026-04-10 12:00:00,N10,0.0882,0.714866,18.96,-0.0212,0.011305,39.4,23.765929,86.415591
2026-04-10 13:00:00,N10,0.0467,0.539353,42.0,-0.0362,0.003599,39.2,23.765929,86.415591
2026-04-10 14:00:00,N10,0.1596,0.555362,36.63,-0.0284,0.011305,38.4,23.765929,86.415591
2026-04-10 15:00:00,N10,-0.1363,0.006198,6.65,-0.0135,0.007892,37.2,23.765929,86.415591
2026-04-10 16:00:00,N10,-0.1972,0.006333,6.07,-0.0126,0.000125,35.7,23.765929,86.415591
2026-04-10 17:00:00,N10,0.1475,0.005315,7.83,-0.0133,0.000358,33.9,23.765929,86.415591
2026-04-10 18:00:00,N10,0.0228,0.005502,7.83,-0.0133,6.1e-05,31.9,23.765929,86.415591
2026-04-10 19:00:00,N10,0.1776,0.007697,9.01,-0.0132,0.000228,30.0,23.765929,86.415591
2026-04-10 20:00:00,N10,-0.1983,0.005081,6.39,-0.0138,0.000846,28.2,23.765929,86.415591
2026-04-10 21:00:00,N10,-0.0709,0.00675,9.05,-0.0149,0.000914,26.6,23.765929,86.415591
2026-04-10 22:00:00,N10,0.0515,0.00621,8.19,-0.0156,0.000586,25.4,23.765929,86.415591
2026-04-10 23:00:00,N10,,,,,,,23.765929,86.415591
2026-04-11 00:00:00,N10,-0.3698,0.006684,5.71,-0.0161,0.000243,26.2,23.765929,86.415591
2026-04-11 01:00:00,N10,-0.1433,0.006896,8.49,-0.0165,0.000175,26.4,23.765929,86.415591
2026-04-11 02:00:00,N10,0.1706,0.006097,2.54,-0.0165,0.000176,27.2,23.765929,86.415591
2026-04-11 03:00:00,N10,0.1136,0.005446,2.38,-0.0169,0.000281,28.4,23.765929,86.415591
2026-04-11 04:00:00,N10,0.0034,0.007874,1.99,-0.0171,0.000158,29.9,23.765929,86.415591
2026-04-11 05:00:00,N10,,,,,,,23.765929,86.415591
2026-04-11 06:00:00,N10,0.2423,0.897238,48.64,-0.0,0.008149,33.7,23.765929,86.415591
2026-04-11 07:00:00,N10,0.3086,0.954623,49.89,-0.0003,0.008777,35.6,23.765929,86.415591
2026-04-11 08:00:00,N10,-0.0389,0.005726,7.02,-0.0176,0.008855,37.4,23.765929,86.415591
2026-04-11 09:00:00,N10,0.1961,0.007489,8.94,-0.018,0.006701,39.0,23.765929,86.415591
2026-04-11 10:00:00,N10,-0.0459,0.951611,32.7,-0.0042,0.006732,40.2,23.765929,86.415591
2026-04-11 11:00:00,N10,-0.0559,0.994159,33.26,-0.0045,0.006613,40.9,23.765929,86.415591
2026-04-11 12:00:00,N10,-0.034,0.006264,5.21,-0.0174,0.006363,41.2,23.765929,86.415591
2026-04-11 13:00:00,N10,-0.0528,0.006031,4.51,-0.0172,0.000535,40.9,23.765929,86.415591
2026-04-11 14:00:00,N10,0.0563,0.006213,1.34,-0.0163,0.005371,40.2,23.765929,86.415591
2026-04-11 15:00:00,N10,-0.0983,0.670288,17.37,-0.028,0.000131,39.0,23.765929,86.415591
2026-04-11 16:00:00,N10,0.0827,0.007823,9.67,-0.016,0.006066,37.4,23.765929,86.415591
2026-04-11 17:00:00,N10,,,,,,,23.765929,86.415591
2026-04-11 18:00:00,N10,,,,,,,23.765929,86.415591
2026-04-11 19:00:00,N10,,,,,,,23.765929,86.415591
2026-04-11 20:00:00,N10,-0.1041,0.005327,2.86,-0.0158,3.5e-05,29.9,23.765929,86.415591
2026-04-11 21:00:00,N10,-0.0223,0.006514,5.85,-0.0164,0.000256,28.4,23.765929,86.415591
2026-04-11 22:00:00,N10,0.2634,0.005883,1.21,-0.0163,0.000124,27.2,23.765929,86.415591
2026-04-11 23:00:00,N10,-0.0353,0.006914,5.14,-0.0166,5.7e-05,26.4,23.765929,86.415591
2026-04-12 00:00:00,N10,-0.0135,0.006393,5.79,-0.0162,0.000417,26.0,23.765929,86.415591
2026-04-12 01:00:00,N10,-0.2137,0.008383,5.48,-0.0158,7.6e-05,26.3,23.765929,86.415591
2026-04-12 02:00:00,N10,0.1025,0.007196,3.97,-0.0163,0.000742,27.0,23.765929,86.415591
2026-04-12 03:00:00,N10,0.1661,0.007465,4.93,-0.0173,0.000167,28.2,23.765929,86.415591
2026-04-12 04:00:00,N10,-0.0997,0.009678,3.47,-0.0167,0.000363,29.8,23.765929,86.415591
2026-04-12 05:00:00,N10,-0.1976,0.005299,9.45,-0.0166,3.1e-05,31.6,23.765929,86.415591
2026-04-12 06:00:00,N10,-0.1677,0.006235,5.16,-0.0166,0.000313,33.5,23.765929,86.415591
2026-04-12 07:00:00,N10,-0.0488,0.005945,7.91,-0.0172,0.000246,35.5,23.765929,86.415591
2026-04-12 08:00:00,N10,-0.0341,0.006789,5.3,-0.0171,0.006529,37.3,23.765929,86.415591
2026-04-12 09:00:00,N10,0.0027,0.714097,27.34,-0.0302,0.012695,38.8,23.765929,86.415591
2026-04-12 10:00:00,N10,-0.028,0.702491,35.23,-0.0425,0.012177,40.0,23.765929,86.415591
2026-04-12 11:00:00,N10,0.0054,0.859489,25.93,-0.0059,0.018111,40.8,23.765929,86.415591
2026-04-12 12:00:00,N10,0.1165,0.896863,21.12,-0.0063,0.005853,41.0,23.765929,86.415591
2026-04-12 13:00:00,N10,-0.0363,0.005315,5.04,-0.0176,0.005802,40.8,23.765929,86.415591
2026-04-12 14:00:00,N10,-0.0301,0.006109,7.22,-0.0179,8.9e-05,40.0,23.765929,86.415591
2026-04-12 15:00:00,N10,0.0013,0.006666,3.59,-0.0178,0.000461,38.8,23.765929,86.415591
2026-04-12 16:00:00,N10,-0.3318,0.006979,4.28,-0.0188,0.000846,37.3,23.765929,86.415591
2026-04-12 17:00:00,N10,0.2909,0.006093,9.01,-0.0195,6.6e-05,35.5,23.765929,86.415591
2026-04-12 18:00:00,N10,-0.0258,0.005592,5.68,-0.0189,0.000223,33.5,23.765929,86.415591
2026-04-12 19:00:00,N10,0.1455,0.007183,3.8,-0.019,6.1e-05,31.6,23.765929,86.415591
2026-04-12 20:00:00,N10,-0.1632,0.006115,3.65,-0.019,0.000244,29.8,23.765929,86.415591
2026-04-12 21:00:00,N10,,,,,,,23.765929,86.415591
2026-04-12 22:00:00,N10,,,,,,,23.765929,86.415591
2026-04-12 23:00:00,N10,,,,,,,23.765929,86.415591
2026-04-13 00:00:00,N10,-0.1978,0.005027,3.2,-0.0177,0.000424,25.0,23.765929,86.415591
2026-04-13 01:00:00,N10,0.0384,0.005115,2.71,-0.0173,1.9e-05,25.2,23.765929,86.415591
2026-04-13 02:00:00,N10,-0.1283,0.008437,8.77,-0.0177,0.000337,26.0,23.765929,86.415591
2026-04-13 03:00:00,N10,-0.1228,0.006264,8.35,-0.018,1e-06,27.2,23.765929,86.415591
2026-04-13 04:00:00,N10,,,,,,,23.765929,86.415591
2026-04-13 05:00:00,N10,,,,,,,23.765929,86.415591
2026-04-13 06:00:00,N10,,,,,,,23.765929,86.415591
2026-04-13 07:00:00,N10,-0.1172,0.008025,6.92,-0.0182,0.000381,34.4,23.765929,86.415591
2026-04-13 08:00:00,N10,0.1095,0.005235,8.02,-0.0187,0.00013,36.2,23.765929,86.415591
2026-04-13 09:00:00,N10,0.292,0.007217,4.0,-0.0185,0.000443,37.8,23.765929,86.415591
2026-04-13 10:00:00,N10,0.2695,0.005452,1.08,-0.0178,0.007674,39.0,23.765929,86.415591
2026-04-13 11:00:00,N10,0.046,0.877408,37.54,-0.0338,0.00835,39.7,23.765929,86.415591
2026-04-13 12:00:00,N10,0.2538,0.678032,42.93,-0.0345,0.00849,40.0,23.765929,86.415591
2026-04-13 13:00:00,N10,0.2446,0.005444,6.58,-0.0169,0.008414,39.7,23.765929,86.415591
2026-04-13 14:00:00,N10,-0.1072,0.005176,4.16,-0.0177,0.00033,39.0,23.765929,86.415591
2026-04-13 15:00:00,N10,0.1556,0.005376,3.5,-0.0175,0.001902,37.8,23.765929,86.415591
2026-04-13 16:00:00,N10,0.2652,0.562121,20.28,-0.0139,0.004784,36.2,23.765929,86.415591
2026-04-13 17:00:00,N10,0.01,0.751491,18.11,-0.0079,0.001618,34.4,23.765929,86.415591
2026-04-13 18:00:00,N10,0.1268,0.00766,4.3,-0.0171,0.004543,32.5,23.765929,86.415591
2026-04-13 19:00:00,N10,0.2442,0.005741,4.92,-0.017,2.4e-05,30.5,23.765929,86.415591
2026-04-13 20:00:00,N10,-0.1182,0.006034,5.32,-0.0171,0.000133,28.7,23.765929,86.415591
2026-04-13 21:00:00,N10,-0.2923,0.006395,7.43,-0.0173,0.00016,27.2,23.765929,86.415591
2026-04-13 22:00:00,N10,-0.1549,0.008934,2.75,-0.0167,8e-06,26.0,23.765929,86.415591
2026-04-13 23:00:00,N10,-0.0489,0.007317,6.64,-0.0173,5.3e-05,25.2,23.765929,86.415591
2026-04-14 00:00:00,N10,0.0455,0.005107,1.08,-0.0166,0.000571,25.5,23.765929,86.415591
2026-04-14 01:00:00,N10,0.2138,0.007763,3.81,-0.0161,0.000441,25.8,23.765929,86.415591
2026-04-14 02:00:00,N10,-0.2211,0.007953,5.64,-0.0158,0.000514,26.5,23.765929,86.415591
2026-04-14 03:00:00,N10,0.0126,0.005701,5.03,-0.0151,0.000275,27.7,23.765929,86.415591
2026-04-14 04:00:00,N10,-0.0908,0.007133,2.87,-0.0152,0.000175,29.3,23.765929,86.415591
2026-04-14 05:00:00,N10,-0.0923,0.007782,9.09,-0.0148,0.000607,31.1,23.765929,86.415591
2026-04-14 06:00:00,N10,,,,,,,23.765929,86.415591
2026-04-14 07:00:00,N10,,,,,,,23.765929,86.415591
2026-04-14 08:00:00,N10,-0.2073,0.007109,6.94,-0.0143,0.007253,36.8,23.765929,86.415591
2026-04-14 09:00:00,N10,-0.0827,0.558523,41.23,0.0001,0.000364,38.3,23.765929,86.415591
2026-04-14 10:00:00,N10,-0.0338,0.005319,5.43,-0.0151,0.007233,39.5,23.765929,86.415591
2026-04-14 11:00:00,N10,-0.2156,0.006207,4.95,-0.0143,4.9e-05,40.2,23.765929,86.415591
2026-04-14 12:00:00,N10,0.1349,0.006473,9.39,-0.015,0.000125,40.5,23.765929,86.415591
2026-04-14 13:00:00,N10,-0.1058,0.006378,1.37,-0.0146,0.005511,40.2,23.765929,86.415591
2026-04-14 14:00:00,N10,-0.011,0.968427,38.52,-0.026,0.005478,39.5,23.765929,86.415591
2026-04-14 15:00:00,N10,-0.2301,0.946754,34.86,-0.0256,0.006282,38.3,23.765929,86.415591
2026-04-14 16:00:00,N10,,,,,,,23.765929,86.415591
2026-04-14 17:00:00,N10,,,,,,,23.765929,86.415591
2026-04-14 18:00:00,N10,,,,,,,23.765929,86.415591
2026-04-14 19:00:00,N10,,,,,,,23.765929,86.415591
2026-04-14 20:00:00,N10,,,,,,,23.765929,86.415591
2026-04-14 21:00:00,N10,-0.2493,0.008653,7.2,-0.014,0.00047,27.7,23.765929,86.415591
2026-04-14 22:00:00,N10,-0.0042,0.006455,8.07,-0.0133,0.000268,26.5,23.765929,86.415591
2026-04-14 23:00:00,N10,-0.1865,0.007783,1.68,-0.0135,2.1e-05,25.8,23.765929,86.415591
2026-04-15 00:00:00,N10,-0.0237,0.008002,8.19,-0.0132,2.8e-05,25.0,23.765929,86.415591
2026-04-15 01:00:00,N10,-0.1473,0.005381,3.64,-0.0135,0.00014,25.2,23.765929,86.415591
2026-04-15 02:00:00,N10,-0.1433,0.005098,5.68,-0.0135,7.8e-05,26.0,23.765929,86.415591
2026-04-15 03:00:00,N10,0.0193,0.005847,1.03,-0.0136,3e-06,27.2,23.765929,86.415591
2026-04-15 04:00:00,N10,0.2585,0.00592,5.36,-0.0135,0.000107,28.7,23.765929,86.415591
2026-04-15 05:00:00,N10,,,,,,,23.765929,86.415591
2026-04-15 06:00:00,N10,,,,,,,23.765929,86.415591
2026-04-15 07:00:00,N10,0.1076,0.005976,2.12,-0.014,0.002202,34.4,23.765929,86.415591
2026-04-15 08:00:00,N10,0.009,0.707501,27.15,-0.0001,0.006526,36.2,23.765929,86.415591
2026-04-15 09:00:00,N10,0.0003,0.939558,38.11,-0.001,0.007192,37.8,23.765929,86.415591
2026-04-15 10:00:00,N10,-0.2047,0.006065,7.11,-0.0145,0.005879,39.0,23.765929,86.415591
2026-04-15 11:00:00,N10,0.0462,0.00604,4.82,-0.0127,0.000971,39.7,23.765929,86.415591
2026-04-15 12:00:00,N10,0.1792,0.005579,6.27,-0.0126,0.000802,40.0,23.765929,86.415591
2026-04-15 13:00:00,N10,0.2048,0.005098,5.04,-0.0111,0.000455,39.7,23.765929,86.415591
2026-04-15 14:00:00,N10,0.095,0.005622,2.06,-0.0117,2.1e-05,39.0,23.765929,86.415591
2026-04-15 15:00:00,N10,,,,,,,23.765929,86.415591
2026-04-15 16:00:00,N10,0.0642,0.533898,44.51,-0.0311,0.009889,36.2,23.765929,86.415591
2026-04-15 17:00:00,N10,-0.2074,0.542374,34.75,-0.0309,0.01038,34.4,23.765929,86.415591
2026-04-15 18:00:00,N10,0.1634,0.006957,8.93,-0.0103,0.010377,32.5,23.765929,86.415591
2026-04-15 19:00:00,N10,0.1779,0.006942,5.38,-0.0101,8.7e-05,30.5,23.765929,86.415591
2026-04-15 20:00:00,N10,0.0231,0.005889,8.82,-0.0101,0.000539,28.7,23.765929,86.415591
2026-04-15 21:00:00,N10,0.011,0.007482,8.66,-0.0112,0.00096,27.2,23.765929,86.415591
2026-04-15 22:00:00,N10,-0.1408,0.005107,6.59,-0.0121,0.000338,26.0,23.765929,86.415591
2026-04-15 23:00:00,N10,0.2582,0.007623,9.28,-0.0119,0.000449,25.2,23.765929,86.415591
2026-04-16 00:00:00,N10,-0.1747,0.007761,1.78,-0.0112,0.00065,22.5,23.765929,86.415591
2026-04-16 01:00:00,N10,-0.0831,0.005162,2.69,-0.0106,0.000564,22.7,23.765929,86.415591
2026-04-16 02:00:00,N10,,,,,,,23.765929,86.415591
2026-04-16 03:00:00,N10,,,,,,,23.765929,86.415591
2026-04-16 04:00:00,N10,,,,,,,23.765929,86.415591
2026-04-16 05:00:00,N10,,,,,,,23.765929,86.415591
2026-04-16 06:00:00,N10,,,,,,,23.765929,86.415591
2026-04-16 07:00:00,N10,0.0145,0.00555,2.17,-0.0104,1e-05,31.9,23.765929,86.415591
2026-04-16 08:00:00,N10,0.0245,0.007765,6.74,-0.0097,0.000218,33.7,23.765929,86.415591
2026-04-16 09:00:00,N10,-0.0246,0.006812,3.28,-0.0099,0.000432,35.3,23.765929,86.415591
2026-04-16 10:00:00,N10,-0.0612,0.006115,2.52,-0.0106,0.000233,36.5,23.765929,86.415591
2026-04-16 11:00:00,N10,0.1193,0.007466,9.11,-0.0104,0.000126,37.2,23.765929,86.415591
2026-04-16 12:00:00,N10,0.0458,0.007437,9.78,-0.0103,0.000179,37.5,23.765929,86.415591
2026-04-16 13:00:00,N10,0.2082,0.008039,8.83,-0.01,0.000225,37.2,23.765929,86.415591
2026-04-16 14:00:00,N10,0.023,0.006286,8.39,-0.0099,0.003044,36.5,23.765929,86.415591
2026-04-16 15:00:00,N10,0.2822,0.741586,47.27,-0.0161,0.003162,35.3,23.765929,86.415591
2026-04-16 16:00:00,N10,0.1757,0.955719,47.92,-0.0162,0.002865,33.7,23.765929,86.415591
2026-04-16 17:00:00,N10,0.335,0.00722,1.04,-0.0104,0.00342,31.9,23.765929,86.415591
2026-04-16 18:00:00,N10,-0.0519,0.006836,9.08,-0.0094,0.000418,30.0,23.765929,86.415591
2026-04-16 19:00:00,N10,-0.1474,0.005393,3.44,-0.0096,0.000331,28.0,23.765929,86.415591
2026-04-16 20:00:00,N10,-0.0769,0.007864,8.31,-0.0087,0.000804,26.2,23.765929,86.415591
2026-04-16 21:00:00,N10,0.2325,0.007555,6.47,-0.008,0.000396,24.7,23.765929,86.415591
2026-04-16 22:00:00,N10,-0.0906,0.005797,8.81,-0.0079,0.000112,23.5,23.765929,86.415591
2026-04-16 23:00:00,N10,0.0654,0.00749,6.89,-0.0077,9e-06,22.7,23.765929,86.415591
2026-04-17 00:00:00,N10,0.0095,0.006353,6.6,-0.0079,0.000218,26.7,23.765929,86.415591
2026-04-17 01:00:00,N10,0.0586,0.005044,3.49,-0.0082,0.000331,27.0,23.765929,86.415591
2026-04-17 02:00:00,N10,0.2594,0.005282,6.14,-0.0086,0.000205,27.8,23.765929,86.415591
2026-04-17 03:00:00,N10,-0.0961,0.006673,4.79,-0.0086,0.00065,28.9,23.765929,86.415591
2026-04-17 04:00:00,N10,0.1431,0.007228,4.17,-0.0073,0.001152,30.5,23.765929,86.415591
2026-04-17 05:00:00,N10,-0.0328,0.007022,4.48,-0.0063,0.000803,32.3,23.765929,86.415591
2026-04-17 06:00:00,N10,-0.0295,0.00538,2.48,-0.0057,0.004157,34.2,23.765929,86.415591
2026-04-17 07:00:00,N10,0.0057,0.669124,32.97,0.002,0.003878,36.2,23.765929,86.415591
2026-04-17 08:00:00,N10,-0.249,0.931833,33.12,0.0021,0.00371,38.0,23.765929,86.415591
2026-04-17 09:00:00,N10,-0.0662,0.010903,9.47,-0.0054,0.002929,39.5,23.765929,86.415591
2026-04-17 10:00:00,N10,,,,,,,23.765929,86.415591
2026-04-17 11:00:00,N10,,,,,,,23.765929,86.415591
2026-04-17 12:00:00,N10,,,,,,,23.765929,86.415591
2026-04-17 13:00:00,N10,,,,,,,23.765929,86.415591
2026-04-17 14:00:00,N10,-0.1183,0.005486,3.46,-0.0037,0.000738,40.7,23.765929,86.415591
2026-04-17 15:00:00,N10,0.0325,0.006134,6.77,-0.0023,0.001141,39.5,23.765929,86.415591
2026-04-17 16:00:00,N10,-0.0727,0.005264,1.97,-0.0014,0.000687,38.0,23.765929,86.415591
2026-04-17 17:00:00,N10,0.0946,0.005853,5.4,-0.001,0.00023,36.2,23.765929,86.415591
2026-04-17 18:00:00,N10,-0.0906,0.005647,5.84,-0.0009,0.00015,34.2,23.765929,86.415591
2026-04-17 19:00:00,N10,0.0953,0.008338,9.08,-0.0013,0.000159,32.3,23.765929,86.415591
2026-04-17 20:00:00,N10,-0.0016,0.007267,8.86,-0.0006,0.000271,30.5,23.765929,86.415591
2026-04-17 21:00:00,N10,0.0732,0.005922,8.6,-0.0007,0.000272,28.9,23.765929,86.415591
2026-04-17 22:00:00,N10,-0.0752,0.006327,4.5,-0.0012,5.9e-05,27.8,23.765929,86.415591
2026-04-17 23:00:00,N10,-0.0215,0.006509,3.18,-0.0006,0.000281,27.0,23.765929,86.415591
2026-04-18 00:00:00,N10,0.0579,0.005146,2.64,-0.0006,0.000121,27.4,23.765929,86.415591
2026-04-18 01:00:00,N10,-0.0234,0.005286,8.25,-0.0008,0.000276,27.7,23.765929,86.415591
2026-04-18 02:00:00,N10,0.0415,0.005365,8.17,-0.0011,0.000157,28.4,23.765929,86.415591
2026-04-18 03:00:00,N10,-0.0311,0.007912,8.7,-0.0012,0.000405,29.6,23.765929,86.415591
2026-04-18 04:00:00,N10,0.441,0.005415,8.6,-0.002,0.000471,31.2,23.765929,86.415591
2026-04-18 05:00:00,N10,-0.1212,0.007325,7.26,-0.0021,0.000278,33.0,23.765929,86.415591
2026-04-18 06:00:00,N10,0.1668,0.0082,5.72,-0.0014,6.4e-05,34.9,23.765929,86.415591
2026-04-18 07:00:00,N10,-0.0733,0.005868,4.35,-0.002,5.1e-05,36.9,23.765929,86.415591
2026-04-18 08:00:00,N10,,,,,,,23.765929,86.415591
2026-04-18 09:00:00,N10,,,,,,,23.765929,86.415591
2026-04-18 10:00:00,N10,,,,,,,23.765929,86.415591
2026-04-18 11:00:00,N10,-0.2488,0.006188,3.63,-0.003,0.000433,42.2,23.765929,86.415591
2026-04-18 12:00:00,N10,0.0152,0.007966,4.72,-0.0036,0.005633,42.4,23.765929,86.415591
2026-04-18 13:00:00,N10,-0.0647,0.510778,19.98,-0.0142,4.5e-05,42.2,23.765929,86.415591
2026-04-18 14:00:00,N10,-0.0105,0.005726,7.6,-0.0035,0.005406,41.4,23.765929,86.415591
2026-04-18 15:00:00,N10,0.1378,0.005561,2.05,-0.0034,6.5e-05,40.2,23.765929,86.415591
2026-04-18 16:00:00,N10,-0.0215,0.007444,6.89,-0.0034,0.009048,38.7,23.765929,86.415591
2026-04-18 17:00:00,N10,0.0384,0.868361,37.05,0.0147,0.000444,36.9,23.765929,86.415591
2026-04-18 18:00:00,N10,-0.0496,0.008194,1.52,-0.0043,0.009776,34.9,23.765929,86.415591
2026-04-18 19:00:00,N10,-0.0422,0.007975,3.49,-0.0049,0.000343,33.0,23.765929,86.415591
2026-04-18 20:00:00,N10,-0.0888,0.00613,3.19,-0.0049,0.000241,31.2,23.765929,86.415591
2026-04-18 21:00:00,N10,0.0756,0.006002,5.31,-0.0053,0.000258,29.6,23.765929,86.415591
2026-04-18 22:00:00,N10,-0.0356,0.007322,8.34,-0.0044,0.000736,28.4,23.765929,86.415591
2026-04-18 23:00:00,N10,-0.1713,0.005922,1.5,-0.0039,0.00022,27.7,23.765929,86.415591
2026-04-19 00:00:00,N10,0.1071,0.005963,6.15,-0.004,0.000322,28.0,23.765929,86.415591
2026-04-19 01:00:00,N10,0.0385,0.006457,4.85,-0.0045,2.3e-05,28.2,23.765929,86.415591
2026-04-19 02:00:00,N10,-0.0443,0.009309,9.93,-0.004,7.9e-05,29.0,23.765929,86.415591
2026-04-19 03:00:00,N10,-0.0082,0.005995,8.57,-0.0044,0.00015,30.2,23.765929,86.415591
2026-04-19 04:00:00,N10,-0.234,0.007494,9.69,-0.0043,0.000384,31.7,23.765929,86.415591
2026-04-19 05:00:00,N10,0.2689,0.005055,7.5,-0.0036,0.000438,33.5,23.765929,86.415591
2026-04-19 06:00:00,N10,-0.0825,0.006931,6.23,-0.0035,0.000535,35.5,23.765929,86.415591
2026-04-19 07:00:00,N10,0.1572,0.006668,1.08,-0.0025,0.000612,37.4,23.765929,86.415591
2026-04-19 08:00:00,N10,0.1378,0.005406,7.03,-0.0022,0.005245,39.2,23.765929,86.415591
2026-04-19 09:00:00,N10,0.1863,0.898049,46.13,-0.013,0.005204,40.8,23.765929,86.415591
2026-04-19 10:00:00,N10,,,,,,,23.765929,86.415591
2026-04-19 11:00:00,N10,,,,,,,23.765929,86.415591
2026-04-19 12:00:00,N10,,,,,,,23.765929,86.415591
2026-04-19 13:00:00,N10,,,,,,,23.765929,86.415591
2026-04-19 14:00:00,N10,,,,,,,23.765929,86.415591
2026-04-19 15:00:00,N10,-0.1869,0.534133,20.99,-0.0143,0.007497,40.8,23.765929,86.415591
2026-04-19 16:00:00,N10,0.19,0.005586,7.3,-0.0008,0.006764,39.2,23.765929,86.415591
2026-04-19 17:00:00,N10,0.0186,0.005973,2.46,-0.0008,0.000515,37.4,23.765929,86.415591
2026-04-19 18:00:00,N10,0.0928,0.006357,3.78,0.0002,0.000305,35.5,23.765929,86.415591
2026-04-19 19:00:00,N10,0.089,0.008967,5.27,-0.0001,0.000351,33.5,23.765929,86.415591
2026-04-19 20:00:00,N10,-0.1395,0.009005,8.59,-0.0005,0.000153,31.7,23.765929,86.415591
2026-04-19 21:00:00,N10,-0.0508,0.006356,7.97,-0.0004,2.7e-05,30.2,23.765929,86.415591
2026-04-19 22:00:00,N10,0.0782,0.007807,5.96,-0.0004,0.000152,29.0,23.765929,86.415591
2026-04-19 23:00:00,N10,-0.2555,0.007996,1.52,-0.0008,0.000312,28.2,23.765929,86.415591
2026-04-20 00:00:00,N10,0.2208,0.007866,2.23,-0.001,9.8e-05,26.5,23.765929,86.415591
2026-04-20 01:00:00,N10,0.0199,0.007218,5.18,-0.0009,0.000264,26.7,23.765929,86.415591
2026-04-20 02:00:00,N10,-0.2157,0.005855,2.93,-0.0005,0.000492,27.5,23.765929,86.415591
2026-04-20 03:00:00,N10,-0.0777,0.008357,4.53,-0.0019,0.000243,28.7,23.765929,86.415591
2026-04-20 04:00:00,N10,0.0211,0.005432,6.42,-0.001,0.000684,30.2,23.765929,86.415591
2026-04-20 05:00:00,N10,0.1279,0.007029,8.08,-0.0006,0.000512,32.0,23.765929,86.415591
2026-04-20 06:00:00,N10,0.0069,0.005494,7.0,0.0,0.008053,34.0,23.765929,86.415591
2026-04-20 07:00:00,N10,0.1084,0.943061,43.3,-0.0167,0.000279,35.9,23.765929,86.415591
2026-04-20 08:00:00,N10,0.3498,0.006852,9.94,-0.0005,0.008051,37.7,23.765929,86.415591
2026-04-20 09:00:00,N10,0.1279,0.00899,3.15,-0.0006,0.000177,39.3,23.765929,86.415591
2026-04-20 10:00:00,N10,-0.0438,0.006688,3.04,-0.0009,1e-06,40.5,23.765929,86.415591
2026-04-20 11:00:00,N10,-0.0207,0.006444,5.54,-0.0006,0.000418,41.2,23.765929,86.415591
2026-04-20 12:00:00,N10,0.0952,0.007293,6.9,-0.0,0.005132,41.5,23.765929,86.415591
2026-04-20 13:00:00,N10,0.3108,0.726493,41.74,-0.0108,0.00522,41.2,23.765929,86.415591
2026-04-20 14:00:00,N10,0.1673,0.889757,45.43,-0.0105,0.005433,40.5,23.765929,86.415591
2026-04-20 15:00:00,N10,0.1335,0.005276,3.97,0.0,0.005311,39.3,23.765929,86.415591
2026-04-20 16:00:00,N10,-0.0142,0.005367,4.62,0.0001,0.000212,37.7,23.765929,86.415591
2026-04-20 17:00:00,N10,,,,,,,23.765929,86.415591
2026-04-20 18:00:00,N10,,,,,,,23.765929,86.415591
2026-04-20 19:00:00,N10,,,,,,,23.765929,86.415591
2026-04-20 20:00:00,N10,-0.0428,0.008037,9.02,0.0003,8.9e-05,30.2,23.765929,86.415591
2026-04-20 21:00:00,N10,-0.0592,0.006749,2.81,0.0004,0.000277,28.7,23.765929,86.415591
2026-04-20 22:00:00,N10,-0.1342,0.006259,8.49,-0.0002,0.000419,27.5,23.765929,86.415591
2026-04-20 23:00:00,N10,0.1071,0.006422,7.55,0.0012,0.00114,26.7,23.765929,86.415591
2026-04-21 00:00:00,N10,0.0132,0.008894,2.0,0.0021,0.001075,24.1,23.765929,86.415591
2026-04-21 01:00:00,N10,0.0737,0.005096,4.49,0.0034,0.000934,24.3,23.765929,86.415591
2026-04-21 02:00:00,N10,-0.0945,0.007462,6.13,0.0039,0.001022,25.1,23.765929,86.415591
2026-04-21 03:00:00,N10,-0.0385,0.006663,3.87,0.0054,0.001363,26.3,23.765929,86.415591
2026-04-21 04:00:00,N10,-0.148,0.007616,1.56,0.0067,0.00098,27.8,23.765929,86.415591
2026-04-21 05:00:00,N10,-0.1141,0.006248,4.15,0.0074,0.000618,29.6,23.765929,86.415591
2026-04-21 06:00:00,N10,0.2129,0.005673,7.95,0.0079,0.000831,31.6,23.765929,86.415591
2026-04-21 07:00:00,N10,-0.0469,0.007202,8.9,0.0091,0.001116,33.5,23.765929,86.415591
2026-04-21 08:00:00,N10,0.1166,0.006987,3.45,0.0101,0.0007,35.3,23.765929,86.415591
2026-04-21 09:00:00,N10,-0.0,0.005533,2.15,0.0105,0.000734,36.9,23.765929,86.415591
2026-04-21 10:00:00,N10,0.1022,0.008524,1.78,0.0116,0.006471,38.1,23.765929,86.415591
2026-04-21 11:00:00,N10,0.2967,0.760803,22.0,-0.0025,0.001801,38.8,23.765929,86.415591
2026-04-21 12:00:00,N10,0.2106,0.006087,3.98,0.0152,0.00894,39.1,23.765929,86.415591
2026-04-21 13:00:00,N10,-0.1313,0.007034,5.94,0.0154,0.000559,38.8,23.765929,86.415591
2026-04-21 14:00:00,N10,-0.0954,0.006178,9.62,0.0163,0.002062,38.1,23.765929,86.415591
2026-04-21 15:00:00,N10,0.3193,0.005387,2.15,0.0195,0.00335,36.9,23.765929,86.415591
2026-04-21 16:00:00,N10,0.0997,0.006436,6.18,0.023,0.003082,35.3,23.765929,86.415591
2026-04-21 17:00:00,N10,-0.2016,0.007653,6.47,0.0257,0.002929,33.5,23.765929,86.415591
2026-04-21 18:00:00,N10,0.4623,0.005558,7.6,0.0289,0.003358,31.6,23.765929,86.415591
2026-04-21 19:00:00,N10,-0.1111,0.005158,8.42,0.0324,0.002623,29.6,23.765929,86.415591
2026-04-21 20:00:00,N10,0.082,0.007453,3.27,0.0341,0.002137,27.8,23.765929,86.415591
2026-04-21 21:00:00,N10,-0.2188,0.006221,2.41,0.0367,0.001869,26.3,23.765929,86.415591
2026-04-21 22:00:00,N10,,,,,,,23.765929,86.415591
2026-04-21 23:00:00,N10,,,,,,,23.765929,86.415591
2026-04-22 00:00:00,N10,,,,,,,23.765929,86.415591
2026-04-22 01:00:00,N10,,,,,,,23.765929,86.415591
2026-04-22 02:00:00,N10,0.278,0.008586,7.42,0.0437,0.000709,25.3,23.765929,86.415591
2026-04-22 03:00:00,N10,0.3267,0.007868,7.84,0.0445,0.000414,26.5,23.765929,86.415591
2026-04-22 04:00:00,N10,-0.1282,0.010227,2.01,0.0446,0.000118,28.0,23.765929,86.415591
2026-04-22 05:00:00,N10,0.215,0.007982,7.24,0.0443,0.003753,29.9,23.765929,86.415591
2026-04-22 06:00:00,N10,-0.1892,0.782131,24.75,0.0521,0.006642,31.8,23.765929,86.415591
2026-04-22 07:00:00,N10,0.2619,0.936767,27.46,0.0576,0.004712,33.7,23.765929,86.415591
2026-04-22 08:00:00,N10,0.0345,0.008823,5.44,0.0427,0.008364,35.5,23.765929,86.415591
2026-04-22 09:00:00,N10,0.1109,0.007225,4.9,0.0408,0.001219,37.1,23.765929,86.415591
2026-04-22 10:00:00,N10,-0.1073,0.006837,7.71,0.0402,0.00032,38.3,23.765929,86.415591
2026-04-22 11:00:00,N10,0.2528,0.005245,4.79,0.0402,0.00286,39.0,23.765929,86.415591
2026-04-22 12:00:00,N10,0.0365,0.746309,25.18,0.0459,0.001151,39.3,23.765929,86.415591
2026-04-22 13:00:00,N10,0.1552,0.005632,6.35,0.0379,0.004389,39.0,23.765929,86.415591
2026-04-22 14:00:00,N10,-0.2006,0.007192,4.66,0.0372,0.000779,38.3,23.765929,86.415591
2026-04-22 15:00:00,N10,0.108,0.009081,4.23,0.0363,0.000867,37.1,23.765929,86.415591
2026-04-22 16:00:00,N10,-0.0784,0.006122,2.88,0.0354,0.001405,35.5,23.765929,86.415591
2026-04-22 17:00:00,N10,0.1997,0.007581,3.9,0.0335,0.001681,33.7,23.765929,86.415591
2026-04-22 18:00:00,N10,0.1018,0.005651,8.11,0.0321,0.000549,31.8,23.765929,86.415591
2026-04-22 19:00:00,N10,-0.1013,0.008679,1.3,0.0324,0.000265,29.9,23.765929,86.415591
2026-04-22 20:00:00,N10,-0.305,0.005022,8.77,0.0315,0.000798,28.0,23.765929,86.415591
2026-04-22 21:00:00,N10,0.0646,0.005543,9.69,0.0308,0.000478,26.5,23.765929,86.415591
2026-04-22 22:00:00,N10,-0.0352,0.005802,5.16,0.0306,0.000227,25.3,23.765929,86.415591
2026-04-22 23:00:00,N10,0.025,0.005763,3.24,0.0304,1.1e-05,24.6,23.765929,86.415591
2026-04-23 00:00:00,N10,0.1396,0.007271,1.05,0.0306,0.000567,25.5,23.765929,86.415591
2026-04-23 01:00:00,N10,-0.0068,0.006224,2.05,0.0292,0.000823,25.7,23.765929,86.415591
2026-04-23 02:00:00,N10,0.1289,0.005758,4.77,0.0289,0.000622,26.5,23.765929,86.415591
2026-04-23 03:00:00,N10,0.0145,0.00633,5.27,0.028,0.001035,27.7,23.765929,86.415591
2026-04-23 04:00:00,N10,-0.1228,0.00802,9.35,0.0268,0.001185,29.2,23.765929,86.415591
2026-04-23 05:00:00,N10,0.0342,0.005709,7.88,0.0256,0.000653,31.1,23.765929,86.415591
2026-04-23 06:00:00,N10,0.0137,0.005669,8.11,0.0255,8.1e-05,33.0,23.765929,86.415591
2026-04-23 07:00:00,N10,-0.044,0.005601,6.93,0.0255,0.000227,34.9,23.765929,86.415591
2026-04-23 08:00:00,N10,0.1368,0.005112,4.21,0.0251,0.000339,36.7,23.765929,86.415591
2026-04-23 09:00:00,N10,0.0932,0.006658,3.65,0.0248,0.000265,38.3,23.765929,86.415591
2026-04-23 10:00:00,N10,-0.0559,0.006695,6.02,0.0246,0.000215,39.5,23.765929,86.415591
2026-04-23 11:00:00,N10,0.1263,0.005556,6.18,0.0252,0.000383,40.2,23.765929,86.415591
2026-04-23 12:00:00,N10,0.1791,0.006218,6.06,0.0238,0.000993,40.5,23.765929,86.415591
2026-04-23 13:00:00,N10,0.0898,0.00611,5.55,0.0232,0.000622,40.2,23.765929,86.415591
2026-04-23 14:00:00,N10,-0.0508,0.00543,2.7,0.0225,0.000359,39.5,23.765929,86.415591
2026-04-23 15:00:00,N10,0.0506,0.006555,4.79,0.0225,0.008908,38.3,23.765929,86.415591
2026-04-23 16:00:00,N10,0.1535,0.576424,38.53,0.0047,0.009413,36.7,23.765929,86.415591
2026-04-23 17:00:00,N10,0.111,0.994386,29.45,0.0037,0.008457,34.9,23.765929,86.415591
2026-04-23 18:00:00,N10,-0.057,0.006782,4.44,0.0216,0.008937,33.0,23.765929,86.415591
2026-04-23 19:00:00,N10,,,,,,,23.765929,86.415591
2026-04-23 20:00:00,N10,,,,,,,23.765929,86.415591
2026-04-23 21:00:00,N10,,,,,,,23.765929,86.415591
2026-04-23 22:00:00,N10,0.0265,0.006426,3.66,0.0199,0.000303,26.5,23.765929,86.415591
2026-04-23 23:00:00,N10,0.1179,0.006395,1.64,0.0203,0.000173,25.7,23.765929,86.415591
2026-04-24 00:00:00,N10,0.2681,0.008663,5.11,0.0195,0.000276,24.4,23.765929,86.415591
2026-04-24 01:00:00,N10,-0.2662,0.007947,2.41,0.0198,0.000208,24.6,23.765929,86.415591
2026-04-24 02:00:00,N10,,,,,,,23.765929,86.415591
2026-04-24 03:00:00,N10,,,,,,,23.765929,86.415591
2026-04-24 04:00:00,N10,,,,,,,23.765929,86.415591
2026-04-24 05:00:00,N10,0.1076,0.005388,2.61,0.0194,5.7e-05,29.9,23.765929,86.415591
2026-04-24 06:00:00,N10,-0.0191,0.005565,9.55,0.0196,0.000255,31.9,23.765929,86.415591
2026-04-24 07:00:00,N10,-0.1549,0.005448,2.69,0.0189,0.000173,33.8,23.765929,86.415591
2026-04-24 08:00:00,N10,0.2274,0.006661,8.49,0.0193,0.003449,35.6,23.765929,86.415591
2026-04-24 09:00:00,N10,0.1361,0.742576,21.72,0.0258,0.000537,37.2,23.765929,86.415591
2026-04-24 10:00:00,N10,-0.1193,0.005865,9.52,0.0182,0.004169,38.4,23.765929,86.415591
2026-04-24 11:00:00,N10,0.1298,0.006038,9.66,0.0175,0.00097,39.1,23.765929,86.415591
2026-04-24 12:00:00,N10,0.0481,0.007489,9.58,0.0163,0.000859,39.4,23.765929,86.415591
2026-04-24 13:00:00,N10,0.1444,0.006346,2.39,0.0158,0.000217,39.1,23.765929,86.415591
2026-04-24 14:00:00,N10,-0.1723,0.005771,9.98,0.0158,0.008561,38.4,23.765929,86.415591
2026-04-24 15:00:00,N10,-0.0931,0.906296,23.49,-0.0014,0.0087,37.2,23.765929,86.415591
2026-04-24 16:00:00,N10,0.0819,0.672832,28.68,-0.0016,0.008354,35.6,23.765929,86.415591
2026-04-24 17:00:00,N10,-0.0136,0.007476,8.94,0.0153,0.008363,33.8,23.765929,86.415591
2026-04-24 18:00:00,N10,0.0549,0.006834,6.81,0.0151,0.000304,31.9,23.765929,86.415591
2026-04-24 19:00:00,N10,-0.056,0.010026,9.87,0.016,3.4e-05,29.9,23.765929,86.415591
2026-04-24 20:00:00,N10,0.1866,0.005866,3.04,0.0152,0.000545,28.1,23.765929,86.415591
2026-04-24 21:00:00,N10,-0.1187,0.006406,8.9,0.0149,0.000174,26.6,23.765929,86.415591
2026-04-24 22:00:00,N10,,,,,,,23.765929,86.415591
2026-04-24 23:00:00,N10,,,,,,,23.765929,86.415591
2026-04-25 00:00:00,N10,,,,,,,23.765929,86.415591
2026-04-25 01:00:00,N10,,,,,,,23.765929,86.415591
2026-04-25 02:00:00,N10,0.081,0.008004,4.94,0.0157,0.000558,24.6,23.765929,86.415591
2026-04-25 03:00:00,N10,-0.055,0.006534,6.85,0.0144,0.000731,25.8,23.765929,86.415591
2026-04-25 04:00:00,N10,-0.098,0.006632,9.17,0.0143,0.000147,27.3,23.765929,86.415591
2026-04-25 05:00:00,N10,0.0396,0.006293,5.35,0.0141,0.000557,29.1,23.765929,86.415591
2026-04-25 06:00:00,N10,-0.0311,0.009806,9.93,0.0132,0.004232,31.1,23.765929,86.415591
2026-04-25 07:00:00,N10,0.1643,0.931389,35.19,0.0056,0.003745,33.0,23.765929,86.415591
2026-04-25 08:00:00,N10,0.0602,0.586807,15.51,0.0057,0.003597,34.8,23.765929,86.415591
2026-04-25 09:00:00,N10,0.1302,0.005306,7.21,0.0128,0.003108,36.4,23.765929,86.415591
2026-04-25 10:00:00,N10,0.2607,0.008575,6.51,0.0119,0.000452,37.6,23.765929,86.415591
2026-04-25 11:00:00,N10,0.0094,0.005466,7.37,0.0119,0.000132,38.3,23.765929,86.415591
2026-04-25 12:00:00,N10,-0.1522,0.00722,5.73,0.0116,7.7e-05,38.6,23.765929,86.415591
2026-04-25 13:00:00,N10,-0.0191,0.005372,6.29,0.012,0.00013,38.3,23.765929,86.415591
2026-04-25 14:00:00,N10,0.3548,0.005848,9.08,0.0114,0.000319,37.6,23.765929,86.415591
2026-04-25 15:00:00,N10,-0.0475,0.006973,9.82,0.0114,2.9e-05,36.4,23.765929,86.415591
2026-04-25 16:00:00,N10,0.3964,0.007446,7.24,0.0113,0.000148,34.8,23.765929,86.415591
2026-04-25 17:00:00,N10,0.3685,0.005759,3.01,0.0111,0.008419,33.0,23.765929,86.415591
2026-04-25 18:00:00,N10,0.2126,0.007397,3.53,-0.0055,0.008169,31.1,23.765929,86.415591
2026-04-25 19:00:00,N10,-0.1341,0.007032,4.9,-0.0052,0.000324,29.1,23.765929,86.415591
2026-04-25 20:00:00,N10,-0.1256,0.006404,2.37,-0.0049,6.6e-05,27.3,23.765929,86.415591
2026-04-25 21:00:00,N10,-0.0288,0.005834,6.81,-0.0051,0.00018,25.8,23.765929,86.415591
2026-04-25 22:00:00,N10,-0.1363,0.005751,3.35,-0.0045,0.000181,24.6,23.765929,86.415591
2026-04-25 23:00:00,N10,-0.2386,0.005213,6.31,-0.0047,0.000399,23.8,23.765929,86.415591
2026-04-26 00:00:00,N10,0.1327,0.005374,8.59,-0.0037,0.00066,22.9,23.765929,86.415591
2026-04-26 01:00:00,N10,-0.0862,0.006289,3.87,-0.0034,0.000336,23.2,23.765929,86.415591
2026-04-26 02:00:00,N10,0.1529,0.007287,3.89,-0.003,0.000304,23.9,23.765929,86.415591
2026-04-26 03:00:00,N10,-0.1034,0.007899,3.16,-0.0028,0.000217,25.1,23.765929,86.415591
2026-04-26 04:00:00,N10,0.2518,0.007657,2.83,-0.0026,0.000101,26.7,23.765929,86.415591
2026-04-26 05:00:00,N10,-0.1129,0.005187,8.37,-0.0026,0.000168,28.5,23.765929,86.415591
2026-04-26 06:00:00,N10,0.0115,0.006304,2.33,-0.0023,0.000131,30.4,23.765929,86.415591
2026-04-26 07:00:00,N10,0.002,0.006902,6.15,-0.0029,0.006547,32.4,23.765929,86.415591
2026-04-26 08:00:00,N10,-0.176,0.536571,29.58,-0.0154,0.006431,34.2,23.765929,86.415591
2026-04-26 09:00:00,N10,0.0919,0.828072,38.63,-0.0157,0.006403,35.7,23.765929,86.415591
2026-04-26 10:00:00,N10,0.2464,0.006711,7.2,-0.0026,0.006754,36.9,23.765929,86.415591
2026-04-26 11:00:00,N10,-0.2936,0.005206,2.6,-0.0022,0.000157,37.7,23.765929,86.415591
2026-04-26 12:00:00,N10,0.1945,0.006247,1.86,-0.0023,0.000237,37.9,23.765929,86.415591
2026-04-26 13:00:00,N10,0.0286,0.008612,5.99,-0.0027,0.000199,37.7,23.765929,86.415591
2026-04-26 14:00:00,N10,,,,,,,23.765929,86.415591
2026-04-26 15:00:00,N10,,,,,,,23.765929,86.415591
2026-04-26 16:00:00,N10,,,,,,,23.765929,86.415591
2026-04-26 17:00:00,N10,,,,,,,23.765929,86.415591
2026-04-26 18:00:00,N10,-0.3617,0.008862,9.12,-0.0021,0.000605,30.4,23.765929,86.415591
2026-04-26 19:00:00,N10,-0.1035,0.009232,2.5,-0.0019,0.000371,28.5,23.765929,86.415591
2026-04-26 20:00:00,N10,0.1563,0.006181,9.39,-0.0013,0.000547,26.7,23.765929,86.415591
2026-04-26 21:00:00,N10,-0.0841,0.005748,4.39,-0.0008,0.000279,25.1,23.765929,86.415591
2026-04-26 22:00:00,N10,-0.0274,0.006121,6.17,-0.0008,3.7e-05,23.9,23.765929,86.415591
2026-04-26 23:00:00,N10,-0.096,0.006386,7.67,-0.0009,0.000155,23.2,23.765929,86.415591
2026-04-27 00:00:00,N10,-0.0457,0.005821,3.45,-0.0011,0.000102,21.8,23.765929,86.415591
2026-04-27 01:00:00,N10,-0.007,0.006046,2.47,-0.0011,0.00015,22.0,23.765929,86.415591
2026-04-27 02:00:00,N10,-0.1055,0.005731,8.66,-0.0008,0.000152,22.8,23.765929,86.415591
2026-04-27 03:00:00,N10,0.2151,0.007782,7.37,-0.0008,0.000115,24.0,23.765929,86.415591
2026-04-27 04:00:00,N10,,,,,,,23.765929,86.415591
2026-04-27 05:00:00,N10,,,,,,,23.765929,86.415591
2026-04-27 06:00:00,N10,,,,,,,23.765929,86.415591
2026-04-27 07:00:00,N10,,,,,,,23.765929,86.415591
2026-04-27 08:00:00,N10,0.2088,0.006055,9.71,-0.0006,6.4e-05,33.0,23.765929,86.415591
2026-04-27 09:00:00,N10,0.0461,0.007518,8.91,-0.0009,0.000232,34.6,23.765929,86.415591
2026-04-27 10:00:00,N10,0.2022,0.00553,9.18,-0.0011,0.000156,35.8,23.765929,86.415591
2026-04-27 11:00:00,N10,,,,,,,23.765929,86.415591
2026-04-27 12:00:00,N10,,,,,,,23.765929,86.415591
2026-04-27 13:00:00,N10,,,,,,,23.765929,86.415591
2026-04-27 14:00:00,N10,-0.1768,0.006217,9.22,-0.002,6e-05,35.8,23.765929,86.415591
2026-04-27 15:00:00,N10,-0.0896,0.005044,9.45,-0.002,0.006659,34.6,23.765929,86.415591
2026-04-27 16:00:00,N10,-0.1321,0.981853,28.49,0.0113,0.000288,33.0,23.765929,86.415591
2026-04-27 17:00:00,N10,0.1782,0.005338,4.73,-0.0014,0.006153,31.2,23.765929,86.415591
2026-04-27 18:00:00,N10,-0.1113,0.00564,1.02,-0.001,0.000272,29.3,23.765929,86.415591
2026-04-27 19:00:00,N10,-0.0962,0.007028,3.66,-0.0019,0.000524,27.3,23.765929,86.415591
2026-04-27 20:00:00,N10,0.0349,0.007438,6.56,-0.0021,0.000244,25.5,23.765929,86.415591
2026-04-27 21:00:00,N10,0.1156,0.007042,8.66,-0.0024,7.3e-05,24.0,23.765929,86.415591
2026-04-27 22:00:00,N10,-0.0927,0.006726,4.18,-0.0019,0.000401,22.8,23.765929,86.415591
2026-04-27 23:00:00,N10,-0.1052,0.006436,1.51,-0.0016,0.000124,22.0,23.765929,86.415591
2026-04-28 00:00:00,N10,-0.13,0.007382,5.23,-0.0017,0.00046,26.3,23.765929,86.415591
2026-04-28 01:00:00,N10,-0.2885,0.006918,5.67,-0.0025,0.000425,26.5,23.765929,86.415591
2026-04-28 02:00:00,N10,-0.0566,0.00634,6.59,-0.0025,0.000275,27.3,23.765929,86.415591
2026-04-28 03:00:00,N10,,,,,,,23.765929,86.415591
2026-04-28 04:00:00,N10,,,,,,,23.765929,86.415591
2026-04-28 05:00:00,N10,,,,,,,23.765929,86.415591
2026-04-28 06:00:00,N10,-0.1482,0.005566,8.86,-0.0009,0.000223,33.8,23.765929,86.415591
2026-04-28 07:00:00,N10,-0.1584,0.005191,1.16,-0.0011,3.2e-05,35.7,23.765929,86.415591
2026-04-28 08:00:00,N10,-0.0418,0.006064,3.91,-0.0009,7.7e-05,37.5,23.765929,86.415591
2026-04-28 09:00:00,N10,-0.2213,0.008993,6.33,-0.0009,0.000967,39.1,23.765929,86.415591
2026-04-28 10:00:00,N10,-0.1106,0.914044,16.31,-0.0028,0.001082,40.3,23.765929,86.415591
2026-04-28 11:00:00,N10,-0.0648,0.762543,33.43,-0.0031,0.001471,41.0,23.765929,86.415591
2026-04-28 12:00:00,N10,0.2764,0.005936,9.33,0.0001,0.001082,41.3,23.765929,86.415591
2026-04-28 13:00:00,N10,0.1662,0.005918,1.39,-0.0009,0.000684,41.0,23.765929,86.415591
2026-04-28 14:00:00,N10,0.2695,0.006912,6.08,-0.0012,0.000512,40.3,23.765929,86.415591
2026-04-28 15:00:00,N10,-0.0106,0.007773,3.1,-0.0019,0.000351,39.1,23.765929,86.415591
2026-04-28 16:00:00,N10,0.0735,0.007059,4.08,-0.0005,0.000557,37.5,23.765929,86.415591
2026-04-28 17:00:00,N10,0.1024,0.006111,7.05,-0.0008,0.000147,35.7,23.765929,86.415591
2026-04-28 18:00:00,N10,0.0087,0.007023,8.55,-0.0003,1.2e-05,33.8,23.765929,86.415591
2026-04-28 19:00:00,N10,,,,,,,23.765929,86.415591
2026-04-28 20:00:00,N10,,,,,,,23.765929,86.415591
2026-04-28 21:00:00,N10,,,,,,,23.765929,86.415591
2026-04-28 22:00:00,N10,,,,,,,23.765929,86.415591
2026-04-28 23:00:00,N10,,,,,,,23.765929,86.415591
2026-04-29 00:00:00,N10,-0.2085,0.006296,2.06,-0.0,3.5e-05,24.8,23.765929,86.415591
2026-04-29 01:00:00,N10,-0.039,0.0053,4.29,-0.0001,4.8e-05,25.1,23.765929,86.415591
2026-04-29 02:00:00,N10,-0.055,0.006285,9.35,0.0001,0.000335,25.8,23.765929,86.415591
2026-04-29 03:00:00,N10,,,,,,,23.765929,86.415591
2026-04-29 04:00:00,N10,,,,,,,23.765929,86.415591
2026-04-29 05:00:00,N10,0.1372,0.005708,7.97,0.0014,0.000429,30.4,23.765929,86.415591
2026-04-29 06:00:00,N10,-0.2687,0.007202,3.85,0.0018,0.000301,32.3,23.765929,86.415591
2026-04-29 07:00:00,N10,-0.1308,0.006965,2.13,0.002,4.8e-05,34.3,23.765929,86.415591
2026-04-29 08:00:00,N10,-0.2815,0.008079,2.46,0.0017,0.000585,36.1,23.765929,86.415591
2026-04-29 09:00:00,N10,0.1497,0.005669,8.55,0.0009,0.00031,37.6,23.765929,86.415591
2026-04-29 10:00:00,N10,0.1585,0.008335,8.28,0.0011,0.002777,38.8,23.765929,86.415591
2026-04-29 11:00:00,N10,0.0173,0.552075,21.73,-0.0047,0.00281,39.6,23.765929,86.415591
2026-04-29 12:00:00,N10,-0.1654,0.934829,22.73,-0.0045,0.002643,39.8,23.765929,86.415591
2026-04-29 13:00:00,N10,0.2406,0.00954,1.41,0.0006,0.00252,39.6,23.765929,86.415591
2026-04-29 14:00:00,N10,0.0353,0.007289,3.45,0.0005,0.000233,38.8,23.765929,86.415591
2026-04-29 15:00:00,N10,-0.0702,0.005135,6.55,0.0011,6.4e-05,37.6,23.765929,86.415591
2026-04-29 16:00:00,N10,0.1345,0.00649,3.23,0.0004,0.000997,36.1,23.765929,86.415591
2026-04-29 17:00:00,N10,-0.0866,0.005862,3.78,-0.0009,0.000665,34.3,23.765929,86.415591
2026-04-29 18:00:00,N10,-0.0139,0.006799,6.64,-0.001,0.000237,32.3,23.765929,86.415591
2026-04-29 19:00:00,N10,0.2635,0.005477,4.44,-0.0004,1.2e-05,30.4,23.765929,86.415591
2026-04-29 20:00:00,N10,0.0589,0.005314,3.0,-0.0009,0.000149,28.6,23.765929,86.415591
2026-04-29 21:00:00,N10,-0.0767,0.005127,6.8,-0.0007,0.000369,27.0,23.765929,86.415591
2026-04-29 22:00:00,N10,-0.1226,0.006612,4.63,-0.0002,0.000359,25.8,23.765929,86.415591
2026-04-29 23:00:00,N10,-0.1164,0.006936,4.17,-0.0,0.000249,25.1,23.765929,86.415591
2026-04-30 00:00:00,N10,-0.1124,0.008945,1.75,0.0003,4.1e-05,23.8,23.765929,86.415591
2026-04-30 01:00:00,N10,-0.0171,0.005687,1.83,0.0001,0.00013,24.0,23.765929,86.415591
2026-04-30 02:00:00,N10,0.0685,0.0082,6.35,0.0,0.000323,24.8,23.765929,86.415591
2026-04-30 03:00:00,N10,-0.0918,0.006325,8.32,0.0007,0.000387,26.0,23.765929,86.415591
2026-04-30 04:00:00,N10,-0.1193,0.006477,8.83,0.0008,8.6e-05,27.5,23.765929,86.415591
2026-04-30 05:00:00,N10,-0.0969,0.005403,1.92,0.0005,0.000132,29.3,23.765929,86.415591
2026-04-30 06:00:00,N10,0.1486,0.006366,2.53,0.0005,0.000241,31.3,23.765929,86.415591
2026-04-30 07:00:00,N10,-0.1321,0.005184,1.95,0.0,0.000383,33.2,23.765929,86.415591
2026-04-30 08:00:00,N10,,,,,,,23.765929,86.415591
2026-04-30 09:00:00,N10,,,,,,,23.765929,86.415591
2026-04-30 10:00:00,N10,,,,,,,23.765929,86.415591
2026-04-30 11:00:00,N10,0.1019,0.007307,5.18,-0.0007,0.00531,38.5,23.765929,86.415591
2026-04-30 12:00:00,N10,-0.1247,0.551264,36.33,-0.0112,0.005596,38.8,23.765929,86.415591
2026-04-30 13:00:00,N10,0.1751,0.602109,41.77,-0.0119,0.004465,38.5,23.765929,86.415591
2026-04-30 14:00:00,N10,0.0702,0.005556,8.43,-0.0023,0.005236,37.8,23.765929,86.415591
2026-04-30 15:00:00,N10,-0.2394,0.005258,4.25,-0.0015,0.000577,36.6,23.765929,86.415591
2026-04-30 16:00:00,N10,0.0854,0.006086,7.43,-0.0012,8.5e-05,35.0,23.765929,86.415591
2026-04-30 17:00:00,N10,-0.1517,0.007088,4.2,-0.0013,0.000133,33.2,23.765929,86.415591
2026-04-30 18:00:00,N10,0.0475,0.006472,6.85,-0.0014,0.000262,31.3,23.765929,86.415591
2026-04-30 19:00:00,N10,0.1081,0.006119,5.17,-0.0018,7e-05,29.3,23.765929,86.415591
2026-04-30 20:00:00,N10,0.0125,0.005779,9.37,-0.0013,0.000341,27.5,23.765929,86.415591
2026-04-30 21:00:00,N10,0.0658,0.005173,3.61,-0.0011,0.000214,26.0,23.765929,86.415591
2026-04-30 22:00:00,N10,0.1303,0.005626,4.92,-0.0017,0.000349,24.8,23.765929,86.415591
2026-04-30 23:00:00,N10,0.4357,0.009166,8.9,-0.0018,5.3e-05,24.0,23.765929,86.415591
2026-05-01 00:00:00,N10,-0.3139,0.008007,4.74,-0.0018,0.000114,24.0,23.765929,86.415591
2026-05-01 01:00:00,N10,-0.2077,0.007487,4.8,-0.0016,2.5e-05,24.2,23.765929,86.415591
2026-05-01 02:00:00,N10,-0.0138,0.0056,3.92,-0.0019,5.9e-05,25.0,23.765929,86.415591
2026-05-01 03:00:00,N10,-0.1593,0.006092,6.15,-0.0017,0.000156,26.1,23.765929,86.415591
2026-05-01 04:00:00,N10,0.1131,0.005494,9.12,-0.0022,0.000378,27.7,23.765929,86.415591
2026-05-01 05:00:00,N10,,,,,,,23.765929,86.415591
2026-05-01 06:00:00,N10,,,,,,,23.765929,86.415591
2026-05-01 07:00:00,N10,,,,,,,23.765929,86.415591
2026-05-01 08:00:00,N10,,,,,,,23.765929,86.415591
2026-05-01 09:00:00,N10,,,,,,,23.765929,86.415591
2026-05-01 10:00:00,N10,,,,,,,23.765929,86.415591
2026-05-01 11:00:00,N10,0.0813,0.005855,1.67,-0.0033,0.000444,38.7,23.765929,86.415591
2026-05-01 12:00:00,N10,0.0875,0.005967,9.36,-0.0033,4e-05,39.0,23.765929,86.415591
2026-05-01 13:00:00,N10,0.0052,0.005301,5.7,-0.0032,1.7e-05,38.7,23.765929,86.415591
2026-05-01 14:00:00,N10,-0.1041,0.005698,4.56,-0.0033,0.000387,37.9,23.765929,86.415591
2026-05-01 15:00:00,N10,-0.3611,0.005661,9.12,-0.0024,0.001153,36.8,23.765929,86.415591
2026-05-01 16:00:00,N10,-0.0277,0.815068,31.19,-0.0056,0.001446,35.2,23.765929,86.415591
2026-05-01 17:00:00,N10,-0.2791,0.681824,41.16,-0.0053,0.001501,33.4,23.765929,86.415591
2026-05-01 18:00:00,N10,-0.1446,0.006468,1.87,-0.0026,0.001326,31.5,23.765929,86.415591
2026-05-01 19:00:00,N10,-0.054,0.006272,7.8,-0.0027,2.2e-05,29.5,23.765929,86.415591
2026-05-01 20:00:00,N10,0.0105,0.007136,7.1,-0.0026,2e-06,27.7,23.765929,86.415591
2026-05-01 21:00:00,N10,0.0201,0.007493,7.46,-0.0027,0.000202,26.1,23.765929,86.415591
2026-05-01 22:00:00,N10,-0.0833,0.006007,3.34,-0.003,0.000429,25.0,23.765929,86.415591
2026-05-01 23:00:00,N10,-0.1729,0.005554,6.81,-0.0036,0.000445,24.2,23.765929,86.415591
2026-05-02 00:00:00,N10,0.2738,0.005675,6.01,-0.0038,0.000191,21.8,23.765929,86.415591
2026-05-02 01:00:00,N10,-0.0788,0.007255,5.06,-0.0039,0.00048,22.0,23.765929,86.415591
2026-05-02 02:00:00,N10,0.1831,0.00708,8.66,-0.0048,0.000501,22.8,23.765929,86.415591
2026-05-02 03:00:00,N10,-0.2459,0.009809,3.06,-0.0049,1.4e-05,24.0,23.765929,86.415591
2026-05-02 04:00:00,N10,-0.0464,0.005345,5.06,-0.0048,4.2e-05,25.5,23.765929,86.415591
2026-05-02 05:00:00,N10,0.0997,0.008728,2.94,-0.0049,0.000289,27.3,23.765929,86.415591
2026-05-02 06:00:00,N10,0.1031,0.010399,5.44,-0.0042,0.000613,29.3,23.765929,86.415591
2026-05-02 07:00:00,N10,-0.0683,0.005709,4.5,-0.0036,0.000468,31.2,23.765929,86.415591
2026-05-02 08:00:00,N10,-0.1254,0.007003,1.9,-0.0033,0.00044,33.0,23.765929,86.415591
2026-05-02 09:00:00,N10,0.0196,0.006191,6.56,-0.0027,0.000219,34.6,23.765929,86.415591
2026-05-02 10:00:00,N10,-0.4105,0.006409,9.64,-0.0028,0.000514,35.8,23.765929,86.415591
2026-05-02 11:00:00,N10,-0.181,0.007531,7.28,-0.0038,0.002699,36.5,23.765929,86.415591
2026-05-02 12:00:00,N10,-0.1052,0.877812,30.17,0.0026,0.000358,36.8,23.765929,86.415591
2026-05-02 13:00:00,N10,-0.0051,0.00838,1.21,-0.0031,0.002792,36.5,23.765929,86.415591
2026-05-02 14:00:00,N10,-0.0118,0.006463,1.73,-0.003,0.000185,35.8,23.765929,86.415591
2026-05-02 15:00:00,N10,-0.1707,0.00757,1.62,-0.0027,4.9e-05,34.6,23.765929,86.415591
2026-05-02 16:00:00,N10,0.0181,0.005282,3.97,-0.0029,0.00011,33.0,23.765929,86.415591
2026-05-02 17:00:00,N10,-0.146,0.007884,4.19,-0.0029,5e-05,31.2,23.765929,86.415591
2026-05-02 18:00:00,N10,0.1667,0.006511,7.81,-0.003,0.000505,29.3,23.765929,86.415591
2026-05-02 19:00:00,N10,0.111,0.00656,5.62,-0.0039,0.000308,27.3,23.765929,86.415591
2026-05-02 20:00:00,N10,-0.2288,0.008311,7.09,-0.0024,0.00103,25.5,23.765929,86.415591
2026-05-02 21:00:00,N10,-0.0867,0.005448,6.46,-0.0019,6.9e-05,24.0,23.765929,86.415591
2026-05-02 22:00:00,N10,-0.0987,0.005631,2.77,-0.0023,0.000465,22.8,23.765929,86.415591
2026-05-02 23:00:00,N10,-0.2662,0.005625,4.25,-0.0009,0.000989,22.0,23.765929,86.415591
2026-05-03 00:00:00,N10,-0.2113,0.005625,7.35,-0.0003,0.000216,27.2,23.765929,86.415591
2026-05-03 01:00:00,N10,0.2079,0.00522,4.76,-0.0014,0.000821,27.4,23.765929,86.415591
2026-05-03 02:00:00,N10,-0.0097,0.009094,1.93,-0.0019,0.000687,28.2,23.765929,86.415591
2026-05-03 03:00:00,N10,-0.015,0.006337,8.95,-0.0027,0.000678,29.4,23.765929,86.415591
2026-05-03 04:00:00,N10,0.0622,0.005387,8.25,-0.0033,0.000269,30.9,23.765929,86.415591
2026-05-03 05:00:00,N10,0.156,0.00605,9.66,-0.0033,0.000216,32.7,23.765929,86.415591
2026-05-03 06:00:00,N10,0.0643,0.009458,1.9,-0.0037,6.5e-05,34.7,23.765929,86.415591
2026-05-03 07:00:00,N10,0.0916,0.008297,7.19,-0.0034,0.000474,36.6,23.765929,86.415591
2026-05-03 08:00:00,N10,0.0455,0.006,7.05,-0.0028,0.000413,38.4,23.765929,86.415591
2026-05-03 09:00:00,N10,0.003,0.005041,6.77,-0.0026,9.8e-05,40.0,23.765929,86.415591
2026-05-03 10:00:00,N10,0.1041,0.005184,5.62,-0.003,0.000346,41.2,23.765929,86.415591
2026-05-03 11:00:00,N10,-0.066,0.008787,7.71,-0.0033,5.3e-05,41.9,23.765929,86.415591
2026-05-03 12:00:00,N10,,,,,,,23.765929,86.415591
2026-05-03 13:00:00,N10,-0.0702,0.005083,6.34,-0.0028,3e-05,41.9,23.765929,86.415591
2026-05-03 14:00:00,N10,-0.0815,0.006538,4.08,-0.003,0.009509,41.2,23.765929,86.415591
2026-05-03 15:00:00,N10,-0.0506,0.97471,22.07,0.0162,0.009754,40.0,23.765929,86.415591
2026-05-03 16:00:00,N10,0.0211,0.54816,41.16,0.0165,0.00026,38.4,23.765929,86.415591
2026-05-03 17:00:00,N10,,,,,,,23.765929,86.415591
2026-05-03 18:00:00,N10,,,,,,,23.765929,86.415591
2026-05-03 19:00:00,N10,,,,,,,23.765929,86.415591
2026-05-03 20:00:00,N10,,,,,,,23.765929,86.415591
2026-05-03 21:00:00,N10,,,,,,,23.765929,86.415591
2026-05-03 22:00:00,N10,-0.0155,0.0053,5.96,-0.0018,0.000433,28.2,23.765929,86.415591
2026-05-03 23:00:00,N10,0.0541,0.007872,3.51,-0.0009,3.7e-05,27.4,23.765929,86.415591
2026-05-04 00:00:00,N10,-0.0208,0.005132,4.34,-0.0017,0.000512,26.7,23.765929,86.415591
2026-05-04 01:00:00,N10,0.0497,0.006356,6.57,-0.002,8.9e-05,27.0,23.765929,86.415591
2026-05-04 02:00:00,N10,-0.0351,0.005891,9.07,-0.0015,0.000356,27.7,23.765929,86.415591
2026-05-04 03:00:00,N10,0.0077,0.005738,7.97,-0.0027,0.000497,28.9,23.765929,86.415591
2026-05-04 04:00:00,N10,,,,,,,23.765929,86.415591
2026-05-04 05:00:00,N10,,,,,,,23.765929,86.415591
2026-05-04 06:00:00,N10,0.0912,0.006028,1.56,-0.0013,6.5e-05,34.2,23.765929,86.415591
2026-05-04 07:00:00,N10,-0.086,0.005557,7.97,-0.0014,0.000337,36.2,23.765929,86.415591
2026-05-04 08:00:00,N10,-0.1858,0.007168,1.28,-0.002,0.000562,38.0,23.765929,86.415591
2026-05-04 09:00:00,N10,0.1437,0.008029,6.95,-0.0025,6.1e-05,39.5,23.765929,86.415591
2026-05-04 10:00:00,N10,-0.0743,0.005718,5.65,-0.0021,0.000223,40.7,23.765929,86.415591
2026-05-04 11:00:00,N10,0.1146,0.006342,5.59,-0.0021,0.000282,41.5,23.765929,86.415591
2026-05-04 12:00:00,N10,-0.0779,0.008088,1.57,-0.0015,0.000165,41.7,23.765929,86.415591
2026-05-04 13:00:00,N10,0.0872,0.008366,7.72,-0.0018,0.000117,41.5,23.765929,86.415591
2026-05-04 14:00:00,N10,0.1723,0.008222,3.31,-0.0013,0.00253,40.7,23.765929,86.415591
2026-05-04 15:00:00,N10,-0.1356,0.882053,31.81,-0.0068,0.00293,39.5,23.765929,86.415591
2026-05-04 16:00:00,N10,-0.1047,0.538897,23.23,-0.0072,0.002189,38.0,23.765929,86.415591
2026-05-04 17:00:00,N10,0.2125,0.005761,7.92,-0.0024,0.002501,36.2,23.765929,86.415591
2026-05-04 18:00:00,N10,-0.1978,0.007768,6.66,-0.0022,0.000658,34.2,23.765929,86.415591
2026-05-04 19:00:00,N10,-0.2609,0.007418,1.65,-0.0011,0.000887,32.3,23.765929,86.415591
2026-05-04 20:00:00,N10,-0.0775,0.005235,9.13,-0.0004,0.000351,30.5,23.765929,86.415591
2026-05-04 21:00:00,N10,-0.1153,0.007321,8.54,-0.0004,4.9e-05,28.9,23.765929,86.415591
2026-05-04 22:00:00,N10,-0.0674,0.005243,7.85,-0.0005,4e-06,27.7,23.765929,86.415591
2026-05-04 23:00:00,N10,0.0509,0.005104,4.63,-0.0004,0.000237,27.0,23.765929,86.415591
2026-05-05 00:00:00,N10,-0.1161,0.005743,1.82,-0.0,4.3e-05,23.3,23.765929,86.415591
2026-05-05 01:00:00,N10,0.1284,0.008558,6.55,-0.0003,0.000101,23.5,23.765929,86.415591
2026-05-05 02:00:00,N10,0.0213,0.006701,2.19,-0.0002,0.000159,24.3,23.765929,86.415591
2026-05-05 03:00:00,N10,-0.0286,0.007124,9.54,-0.0,0.000245,25.5,23.765929,86.415591
2026-05-05 04:00:00,N10,-0.0401,0.005715,7.02,0.0003,0.000292,27.0,23.765929,86.415591
2026-05-05 05:00:00,N10,-0.0842,0.009157,2.95,0.0006,0.000218,28.8,23.765929,86.415591
2026-05-05 06:00:00,N10,-0.0333,0.00588,8.9,0.0007,0.000349,30.8,23.765929,86.415591
2026-05-05 07:00:00,N10,-0.1584,0.006983,8.15,-0.0001,0.000657,32.7,23.765929,86.415591
2026-05-05 08:00:00,N10,0.0285,0.005898,1.16,-0.0006,0.004994,34.5,23.765929,86.415591
2026-05-05 09:00:00,N10,-0.0977,0.501356,37.18,0.0099,0.000145,36.1,23.765929,86.415591
2026-05-05 10:00:00,N10,-0.0334,0.005028,2.43,-0.0003,0.005415,37.3,23.765929,86.415591
2026-05-05 11:00:00,N10,-0.1021,0.00506,8.43,-0.001,0.000464,38.0,23.765929,86.415591
2026-05-05 12:00:00,N10,-0.1733,0.006143,9.73,-0.0012,0.000168,38.3,23.765929,86.415591
2026-05-05 13:00:00,N10,0.1698,0.005486,3.48,-0.0013,6.9e-05,38.0,23.765929,86.415591
2026-05-05 14:00:00,N10,-0.0033,0.007993,8.86,-0.0014,0.000294,37.3,23.765929,86.415591
2026-05-05 15:00:00,N10,-0.0034,0.007364,4.45,-0.0007,0.000266,36.1,23.765929,86.415591
2026-05-05 16:00:00,N10,,,,,,,23.765929,86.415591
2026-05-05 17:00:00,N10,,,,,,,23.765929,86.415591
2026-05-05 18:00:00,N10,,,,,,,23.765929,86.415591
2026-05-05 19:00:00,N10,0.0279,0.009859,8.71,-0.0003,0.000367,28.8,23.765929,86.415591
2026-05-05 20:00:00,N10,-0.0247,0.008005,9.57,0.0002,0.000197,27.0,23.765929,86.415591
2026-05-05 21:00:00,N10,-0.0535,0.005579,3.73,0.0001,0.000586,25.5,23.765929,86.415591
2026-05-05 22:00:00,N10,-0.3985,0.007124,2.41,-0.001,0.000445,24.3,23.765929,86.415591
2026-05-05 23:00:00,N10,-0.2609,0.005632,1.55,-0.0008,7.7e-05,23.5,23.765929,86.415591
2026-05-06 00:00:00,N10,-0.1424,0.005645,5.99,-0.0008,0.000222,24.8,23.765929,86.415591
2026-05-06 01:00:00,N10,-0.2577,0.010123,5.79,-0.0012,4.7e-05,25.0,23.765929,86.415591
2026-05-06 02:00:00,N10,0.2093,0.005209,3.75,-0.0008,0.000145,25.8,23.765929,86.415591
2026-05-06 03:00:00,N10,0.1385,0.005186,3.68,-0.001,0.000114,27.0,23.765929,86.415591
2026-05-06 04:00:00,N10,-0.178,0.005952,7.42,-0.001,2.5e-05,28.5,23.765929,86.415591
2026-05-06 05:00:00,N10,0.2552,0.006083,6.99,-0.001,0.0,30.3,23.765929,86.415591
2026-05-06 06:00:00,N10,0.1928,0.005122,6.01,-0.001,0.008504,32.3,23.765929,86.415591
2026-05-06 07:00:00,N10,0.2393,0.725163,44.82,0.016,0.000452,34.2,23.765929,86.415591
2026-05-06 08:00:00,N10,0.0654,0.005148,4.72,-0.0019,0.008541,36.0,23.765929,86.415591
2026-05-06 09:00:00,N10,0.0871,0.005183,3.51,-0.0011,0.000441,37.6,23.765929,86.415591
2026-05-06 10:00:00,N10,0.0125,0.007824,7.78,-0.001,0.003452,38.8,23.765929,86.415591
2026-05-06 11:00:00,N10,0.3864,0.731343,41.38,-0.008,0.003505,39.5,23.765929,86.415591
2026-05-06 12:00:00,N10,0.2244,0.974034,42.45,-0.008,0.003356,39.8,23.765929,86.415591
2026-05-06 13:00:00,N10,0.2065,0.006589,9.95,-0.0013,0.003929,39.5,23.765929,86.415591
2026-05-06 14:00:00,N10,-0.0868,0.005984,5.15,-0.0002,0.001062,38.8,23.765929,86.415591
2026-05-06 15:00:00,N10,0.1757,0.007081,8.3,0.0009,0.000599,37.6,23.765929,86.415591
2026-05-06 16:00:00,N10,0.0088,0.006117,3.88,0.001,0.000149,36.0,23.765929,86.415591
2026-05-06 17:00:00,N10,0.2316,0.007807,7.56,0.0006,0.000217,34.2,23.765929,86.415591
2026-05-06 18:00:00,N10,0.2024,0.005496,7.42,0.0006,0.000146,32.3,23.765929,86.415591
2026-05-06 19:00:00,N10,-0.1168,0.006544,1.02,0.0003,6.1e-05,30.3,23.765929,86.415591
2026-05-06 20:00:00,N10,0.155,0.006387,6.76,0.0005,1.2e-05,28.5,23.765929,86.415591
2026-05-06 21:00:00,N10,0.0248,0.005642,3.18,0.0003,0.00024,27.0,23.765929,86.415591
2026-05-06 22:00:00,N10,0.044,0.006796,8.44,0.0,0.000126,25.8,23.765929,86.415591
2026-05-06 23:00:00,N10,-0.0692,0.005516,1.57,0.0005,0.000165,25.0,23.765929,86.415591
2026-05-07 00:00:00,N10,-0.0874,0.005966,6.6,0.0003,0.000305,25.5,23.765929,86.415591
2026-05-07 01:00:00,N10,0.0257,0.005719,1.85,-0.0001,0.000327,25.8,23.765929,86.415591
2026-05-07 02:00:00,N10,0.0487,0.005913,4.57,-0.0003,6.6e-05,26.5,23.765929,86.415591
2026-05-07 03:00:00,N10,-0.0927,0.006844,3.46,-0.0002,0.000266,27.7,23.765929,86.415591
2026-05-07 04:00:00,N10,0.2379,0.006098,5.58,-0.0009,0.000528,29.3,23.765929,86.415591
2026-05-07 05:00:00,N10,0.0435,0.005078,3.16,-0.0013,0.00013,31.1,23.765929,86.415591
2026-05-07 06:00:00,N10,,,,,,,23.765929,86.415591
2026-05-07 07:00:00,N10,,,,,,,23.765929,86.415591
2026-05-07 08:00:00,N10,,,,,,,23.765929,86.415591
2026-05-07 09:00:00,N10,,,,,,,23.765929,86.415591
2026-05-07 10:00:00,N10,0.1625,0.005471,9.11,-0.0002,0.005963,39.5,23.765929,86.415591
2026-05-07 11:00:00,N10,-0.2369,0.596579,25.27,0.0116,0.000497,40.3,23.765929,86.415591
2026-05-07 12:00:00,N10,0.0494,0.007174,9.71,-0.0012,0.006538,40.5,23.765929,86.415591
2026-05-07 13:00:00,N10,0.2941,0.006687,3.13,-0.0015,0.000124,40.3,23.765929,86.415591
2026-05-07 14:00:00,N10,0.0745,0.005519,9.96,-0.001,0.00032,39.5,23.765929,86.415591
2026-05-07 15:00:00,N10,0.033,0.007526,3.73,-0.0022,0.000871,38.3,23.765929,86.415591
2026-05-07 16:00:00,N10,0.2819,0.005073,5.99,-0.0027,8e-05,36.8,23.765929,86.415591
2026-05-07 17:00:00,N10,0.1942,0.008774,5.18,-0.0023,5.6e-05,35.0,23.765929,86.415591
2026-05-07 18:00:00,N10,-0.1035,0.006872,1.13,-0.0028,0.000758,33.0,23.765929,86.415591
2026-05-07 19:00:00,N10,-0.1183,0.005177,8.07,-0.0038,0.000687,31.1,23.765929,86.415591
2026-05-07 20:00:00,N10,0.1051,0.006291,9.96,-0.0042,0.000349,29.3,23.765929,86.415591
2026-05-07 21:00:00,N10,0.2072,0.006535,1.81,-0.0045,4.5e-05,27.7,23.765929,86.415591
2026-05-07 22:00:00,N10,0.0875,0.006413,9.98,-0.0041,0.000433,26.5,23.765929,86.415591
2026-05-07 23:00:00,N10,0.1405,0.005888,3.64,-0.0037,7.9e-05,25.8,23.765929,86.415591
2026-05-08 00:00:00,N10,-0.101,0.005796,1.89,-0.0043,6.5e-05,29.8,23.765929,86.415591
2026-05-08 01:00:00,N10,-0.0669,0.007575,1.29,-0.0038,0.00028,30.0,23.765929,86.415591
2026-05-08 02:00:00,N10,0.1587,0.005026,7.98,-0.0037,0.000158,30.8,23.765929,86.415591
2026-05-08 03:00:00,N10,-0.29,0.005277,6.26,-0.0035,3.9e-05,32.0,23.765929,86.415591
2026-05-08 04:00:00,N10,0.3063,0.005358,5.73,-0.0036,0.000156,33.5,23.765929,86.415591
2026-05-08 05:00:00,N10,0.0965,0.009659,9.3,-0.0032,0.000167,35.3,23.765929,86.415591
2026-05-08 06:00:00,N10,-0.153,0.005421,6.85,-0.0033,5.6e-05,37.3,23.765929,86.415591
2026-05-08 07:00:00,N10,-0.0004,0.005626,7.05,-0.0031,0.000137,39.2,23.765929,86.415591
2026-05-08 08:00:00,N10,0.1353,0.005792,1.35,-0.0036,0.003927,41.0,23.765929,86.415591
2026-05-08 09:00:00,N10,0.0763,0.879827,27.39,-0.0109,0.000247,42.6,23.765929,86.415591
2026-05-08 10:00:00,N10,0.2231,0.009824,3.51,-0.0041,0.003356,43.8,23.765929,86.415591
2026-05-08 11:00:00,N10,0.1505,0.005286,8.42,-0.0042,0.000188,44.5,23.765929,86.415591
2026-05-08 12:00:00,N10,-0.0799,0.006578,8.41,-0.0044,0.000536,44.8,23.765929,86.415591
2026-05-08 13:00:00,N10,-0.1092,0.006961,3.29,-0.0053,0.000436,44.5,23.765929,86.415591
2026-05-08 14:00:00,N10,0.1719,0.0065,6.94,-0.0053,0.000168,43.8,23.765929,86.415591
2026-05-08 15:00:00,N10,-0.1453,0.008232,3.87,-0.0049,0.000361,42.6,23.765929,86.415591
2026-05-08 16:00:00,N10,-0.2391,0.006812,4.47,-0.006,0.000263,41.0,23.765929,86.415591
2026-05-08 17:00:00,N10,0.26,0.006546,1.61,-0.0055,0.000377,39.2,23.765929,86.415591
2026-05-08 18:00:00,N10,-0.0194,0.007533,2.25,-0.0053,3.2e-05,37.3,23.765929,86.415591
2026-05-08 19:00:00,N10,-0.0409,0.006703,5.22,-0.0054,0.000184,35.3,23.765929,86.415591
2026-05-08 20:00:00,N10,-0.2647,0.005684,7.0,-0.0056,7.8e-05,33.5,23.765929,86.415591
2026-05-08 21:00:00,N10,-0.1156,0.01047,2.29,-0.0056,2.2e-05,32.0,23.765929,86.415591
2026-05-08 22:00:00,N10,-0.1312,0.005559,9.09,-0.0057,0.000197,30.8,23.765929,86.415591
2026-05-08 23:00:00,N10,0.1666,0.005663,2.66,-0.0052,3.1e-05,30.0,23.765929,86.415591
2026-05-09 00:00:00,N10,-0.1179,0.005019,5.09,-0.0057,0.000546,26.9,23.765929,86.415591
2026-05-09 01:00:00,N10,-0.0592,0.005443,9.92,-0.0063,0.000279,27.1,23.765929,86.415591
2026-05-09 02:00:00,N10,-0.1526,0.005345,6.33,-0.0063,0.000176,27.9,23.765929,86.415591
2026-05-09 03:00:00,N10,,,,,,,23.765929,86.415591
2026-05-09 04:00:00,N10,,,,,,,23.765929,86.415591
2026-05-09 05:00:00,N10,,,,,,,23.765929,86.415591
2026-05-09 06:00:00,N10,,,,,,,23.765929,86.415591
2026-05-09 07:00:00,N10,0.0259,0.005648,6.07,-0.0039,0.000209,36.3,23.765929,86.415591
2026-05-09 08:00:00,N10,-0.0887,0.007489,2.19,-0.0038,8.5e-05,38.1,23.765929,86.415591
2026-05-09 09:00:00,N10,0.1028,0.007539,6.16,-0.0037,0.003942,39.7,23.765929,86.415591
2026-05-09 10:00:00,N10,-0.1065,0.69896,24.23,-0.0117,0.003777,40.9,23.765929,86.415591
2026-05-09 11:00:00,N10,-0.0207,0.584472,23.27,-0.0113,0.003712,41.6,23.765929,86.415591
2026-05-09 12:00:00,N10,0.046,0.007098,4.01,-0.0043,0.003605,41.9,23.765929,86.415591
2026-05-09 13:00:00,N10,-0.1084,0.007465,8.35,-0.004,8.9e-05,41.6,23.765929,86.415591
2026-05-09 14:00:00,N10,0.1378,0.006269,1.96,-0.0041,0.000247,40.9,23.765929,86.415591
2026-05-09 15:00:00,N10,0.2384,0.009551,1.21,-0.0035,0.000398,39.7,23.765929,86.415591
2026-05-09 16:00:00,N10,0.1074,0.006416,8.78,-0.0033,0.000207,38.1,23.765929,86.415591
2026-05-09 17:00:00,N10,0.0614,0.006045,1.6,-0.0031,5.6e-05,36.3,23.765929,86.415591
2026-05-09 18:00:00,N10,-0.3585,0.00827,7.3,-0.0032,0.000152,34.4,23.765929,86.415591
2026-05-09 19:00:00,N10,-0.1022,0.006381,3.84,-0.0028,8.8e-05,32.4,23.765929,86.415591
2026-05-09 20:00:00,N10,0.0177,0.006294,5.97,-0.0033,0.000122,30.6,23.765929,86.415591
2026-05-09 21:00:00,N10,-0.1203,0.005064,1.29,-0.0026,0.000589,29.1,23.765929,86.415591
2026-05-09 22:00:00,N10,0.1711,0.005442,7.6,-0.0022,0.000165,27.9,23.765929,86.415591
2026-05-09 23:00:00,N10,-0.0736,0.005298,7.2,-0.0029,9e-05,27.1,23.765929,86.415591
2026-05-10 00:00:00,N10,-0.0782,0.010603,6.31,-0.0023,7.1e-05,22.4,23.765929,86.415591
2026-05-10 01:00:00,N10,0.0635,0.007598,7.85,-0.0031,0.000107,22.6,23.765929,86.415591
2026-05-10 02:00:00,N10,-0.3101,0.009793,4.8,-0.0026,3.9e-05,23.4,23.765929,86.415591
2026-05-10 03:00:00,N10,0.0946,0.006169,3.41,-0.003,8.8e-05,24.6,23.765929,86.415591
2026-05-10 04:00:00,N10,-0.0515,0.005912,1.12,-0.0024,0.001173,26.1,23.765929,86.415591
2026-05-10 05:00:00,N10,-0.2421,0.005135,9.76,-0.0006,0.00069,27.9,23.765929,86.415591
2026-05-10 06:00:00,N10,-0.1346,0.005415,7.05,-0.001,0.000282,29.9,23.765929,86.415591
2026-05-10 07:00:00,N10,0.0406,0.005617,5.0,-0.0012,0.004246,31.8,23.765929,86.415591
2026-05-10 08:00:00,N10,-0.1456,0.588772,37.7,-0.0095,0.0004,33.6,23.765929,86.415591
2026-05-10 09:00:00,N10,0.101,0.005771,8.3,-0.0004,0.004554,35.2,23.765929,86.415591
2026-05-10 10:00:00,N10,0.1633,0.006578,5.94,-0.0004,0.000159,36.4,23.765929,86.415591
2026-05-10 11:00:00,N10,0.1854,0.006055,2.06,-0.0001,0.000441,37.1,23.765929,86.415591
2026-05-10 12:00:00,N10,-0.1353,0.005967,4.68,0.0005,0.000341,37.4,23.765929,86.415591
2026-05-10 13:00:00,N10,0.2499,0.006468,7.58,0.0006,7.4e-05,37.1,23.765929,86.415591
2026-05-10 14:00:00,N10,-0.1829,0.005858,5.64,0.0006,0.007508,36.4,23.765929,86.415591
2026-05-10 15:00:00,N10,0.0318,0.934102,18.57,0.0156,0.007674,35.2,23.765929,86.415591
2026-05-10 16:00:00,N10,-0.0873,0.689628,18.76,0.016,0.007004,33.6,23.765929,86.415591
2026-05-10 17:00:00,N10,0.1121,0.007514,5.12,0.0016,0.006821,31.8,23.765929,86.415591
2026-05-10 18:00:00,N10,0.0732,0.007569,5.73,0.0023,0.000398,29.9,23.765929,86.415591
2026-05-10 19:00:00,N10,0.0087,0.006886,1.39,0.0024,0.000162,27.9,23.765929,86.415591
2026-05-10 20:00:00,N10,-0.3127,0.006482,9.07,0.0027,0.000242,26.1,23.765929,86.415591
2026-05-10 21:00:00,N10,0.0046,0.0079,6.96,0.0019,6.6e-05,24.6,23.765929,86.415591
2026-05-10 22:00:00,N10,0.0153,0.006886,9.41,0.0025,0.000442,23.4,23.765929,86.415591
2026-05-10 23:00:00,N10,0.02,0.007326,6.46,0.0028,0.000266,22.6,23.765929,86.415591
2026-05-11 00:00:00,N10,-0.1396,0.005442,7.72,0.0031,6.7e-05,26.7,23.765929,86.415591
2026-05-11 01:00:00,N10,-0.1974,0.005934,3.07,0.0029,0.000248,27.0,23.765929,86.415591
2026-05-11 02:00:00,N10,-0.123,0.007323,9.32,0.0036,0.000369,27.7,23.765929,86.415591
2026-05-11 03:00:00,N10,-0.0915,0.00672,9.0,0.0037,0.000412,28.9,23.765929,86.415591
2026-05-11 04:00:00,N10,-0.1134,0.0055,2.0,0.0044,0.000499,30.5,23.765929,86.415591
2026-05-11 05:00:00,N10,0.1622,0.005754,5.3,0.0047,0.000245,32.3,23.765929,86.415591
2026-05-11 06:00:00,N10,0.3481,0.007877,2.97,0.0049,0.000281,34.2,23.765929,86.415591
2026-05-11 07:00:00,N10,-0.0867,0.006187,2.68,0.0052,0.002797,36.2,23.765929,86.415591
2026-05-11 08:00:00,N10,-0.0745,0.811623,46.77,0.0105,0.002872,38.0,23.765929,86.415591
2026-05-11 09:00:00,N10,0.0932,0.988938,22.18,0.011,0.000308,39.5,23.765929,86.415591
2026-05-11 10:00:00,N10,0.016,0.591556,19.62,0.0111,3.1e-05,40.7,23.765929,86.415591
2026-05-11 11:00:00,N10,0.2284,0.825813,46.94,0.011,0.002993,41.5,23.765929,86.415591
2026-05-11 12:00:00,N10,0.1689,0.005444,1.57,0.0051,0.003117,41.7,23.765929,86.415591
2026-05-11 13:00:00,N10,0.015,0.007561,8.65,0.0048,0.005889,41.5,23.765929,86.415591
2026-05-11 14:00:00,N10,0.1983,0.50226,36.28,0.0169,0.005891,40.7,23.765929,86.415591
2026-05-11 15:00:00,N10,0.0361,0.832503,47.75,0.0166,0.006304,39.5,23.765929,86.415591
2026-05-11 16:00:00,N10,-0.0463,0.005782,3.67,0.0043,0.006446,38.0,23.765929,86.415591
2026-05-11 17:00:00,N10,-0.0912,0.006874,9.94,0.0037,0.000488,36.2,23.765929,86.415591
2026-05-11 18:00:00,N10,-0.29,0.005829,1.95,0.0033,0.000337,34.2,23.765929,86.415591
2026-05-11 19:00:00,N10,0.2127,0.007893,6.8,0.0044,0.000132,32.3,23.765929,86.415591
2026-05-11 20:00:00,N10,0.1335,0.006131,2.38,0.0036,0.000518,30.5,23.765929,86.415591
2026-05-11 21:00:00,N10,-0.0097,0.00697,5.55,0.0033,0.000214,28.9,23.765929,86.415591
2026-05-11 22:00:00,N10,0.0848,0.00893,2.74,0.0031,5.9e-05,27.7,23.765929,86.415591
2026-05-11 23:00:00,N10,-0.0981,0.008137,3.24,0.0032,0.000255,27.0,23.765929,86.415591
2026-05-12 00:00:00,N10,0.0367,0.005792,1.32,0.0036,0.000237,26.8,23.765929,86.415591
2026-05-12 01:00:00,N10,0.3181,0.006436,4.54,0.0037,0.000533,27.1,23.765929,86.415591
2026-05-12 02:00:00,N10,-0.2621,0.005446,2.29,0.0047,7.6e-05,27.8,23.765929,86.415591
2026-05-12 03:00:00,N10,-0.1825,0.009304,2.58,0.0038,0.000153,29.0,23.765929,86.415591
2026-05-12 04:00:00,N10,-0.069,0.005161,3.23,0.0044,0.00025,30.6,23.765929,86.415591
2026-05-12 05:00:00,N10,-0.1052,0.006345,6.54,0.0043,0.000126,32.4,23.765929,86.415591
2026-05-12 06:00:00,N10,0.2636,0.007804,6.01,0.0047,0.000557,34.3,23.765929,86.415591
2026-05-12 07:00:00,N10,,,,,,,23.765929,86.415591
2026-05-12 08:00:00,N10,,,,,,,23.765929,86.415591
2026-05-12 09:00:00,N10,,,,,,,23.765929,86.415591
2026-05-12 10:00:00,N10,0.1368,0.006643,1.08,0.0065,0.000562,40.8,23.765929,86.415591
2026-05-12 11:00:00,N10,0.2514,0.007251,1.25,0.0068,0.000368,41.6,23.765929,86.415591
2026-05-12 12:00:00,N10,0.035,0.006361,1.24,0.0072,0.000204,41.8,23.765929,86.415591
2026-05-12 13:00:00,N10,-0.1594,0.00547,4.67,0.0072,0.002757,41.6,23.765929,86.415591
2026-05-12 14:00:00,N10,0.0811,0.58209,43.83,0.0128,1.6e-05,40.8,23.765929,86.415591
2026-05-12 15:00:00,N10,0.1368,0.006351,6.19,0.0072,0.004258,39.6,23.765929,86.415591
2026-05-12 16:00:00,N10,0.1473,0.804533,43.56,0.0213,7.4e-05,38.1,23.765929,86.415591
2026-05-12 17:00:00,N10,-0.2122,0.006705,2.86,0.0071,0.006905,36.3,23.765929,86.415591
2026-05-12 18:00:00,N10,0.1392,0.006835,5.05,0.0075,0.000238,34.3,23.765929,86.415591
2026-05-12 19:00:00,N10,-0.0696,0.008479,3.92,0.0066,0.000654,32.4,23.765929,86.415591
2026-05-12 20:00:00,N10,0.0663,0.007022,7.8,0.0062,0.000253,30.6,23.765929,86.415591
2026-05-12 21:00:00,N10,-0.0125,0.005536,8.08,0.0061,1.5e-05,29.0,23.765929,86.415591
2026-05-12 22:00:00,N10,-0.0262,0.00568,2.99,0.0062,0.000226,27.8,23.765929,86.415591
2026-05-12 23:00:00,N10,,,,,,,23.765929,86.415591
2026-05-13 00:00:00,N10,-0.0219,0.00613,7.38,0.0073,0.000411,24.9,23.765929,86.415591
2026-05-13 01:00:00,N10,0.3701,0.005139,7.24,0.0074,0.000167,25.2,23.765929,86.415591
2026-05-13 02:00:00,N10,-0.0846,0.006131,4.54,0.0076,0.000404,25.9,23.765929,86.415591
2026-05-13 03:00:00,N10,0.0319,0.006634,3.98,0.0082,9.4e-05,27.1,23.765929,86.415591
2026-05-13 04:00:00,N10,-0.1432,0.006103,7.01,0.0078,2.9e-05,28.7,23.765929,86.415591
2026-05-13 05:00:00,N10,0.0395,0.007487,3.03,0.0081,0.000302,30.5,23.765929,86.415591
2026-05-13 06:00:00,N10,-0.0262,0.007996,9.79,0.0084,0.005752,32.4,23.765929,86.415591
2026-05-13 07:00:00,N10,0.1859,0.853611,16.52,0.0196,0.000202,34.4,23.765929,86.415591
2026-05-13 08:00:00,N10,-0.086,0.007487,3.51,0.0088,0.005537,36.2,23.765929,86.415591
2026-05-13 09:00:00,N10,0.0367,0.007445,6.55,0.0085,0.000687,37.7,23.765929,86.415591
2026-05-13 10:00:00,N10,0.3599,0.007795,8.74,0.0074,0.000594,38.9,23.765929,86.415591
2026-05-13 11:00:00,N10,-0.0592,0.007671,4.26,0.0073,0.000592,39.7,23.765929,86.415591
2026-05-13 12:00:00,N10,0.1558,0.005358,5.69,0.0086,0.000368,39.9,23.765929,86.415591
2026-05-13 13:00:00,N10,0.2102,0.005086,7.1,0.0081,0.000427,39.7,23.765929,86.415591
2026-05-13 14:00:00,N10,-0.1434,0.00542,4.25,0.0078,0.000132,38.9,23.765929,86.415591
2026-05-13 15:00:00,N10,-0.1007,0.007668,8.96,0.0078,0.000261,37.7,23.765929,86.415591
2026-05-13 16:00:00,N10,0.0349,0.006292,9.19,0.0083,5.1e-05,36.2,23.765929,86.415591
2026-05-13 17:00:00,N10,0.3086,0.007997,6.48,0.0079,0.000269,34.4,23.765929,86.415591
2026-05-13 18:00:00,N10,-0.0571,0.00771,4.77,0.0078,0.000614,32.4,23.765929,86.415591
2026-05-13 19:00:00,N10,-0.0532,0.007175,6.88,0.0067,0.000527,30.5,23.765929,86.415591
2026-05-13 20:00:00,N10,,,,,,,23.765929,86.415591
2026-05-13 21:00:00,N10,,,,,,,23.765929,86.415591
2026-05-13 22:00:00,N10,,,,,,,23.765929,86.415591
2026-05-13 23:00:00,N10,,,,,,,23.765929,86.415591
2026-05-14 00:00:00,N10,,,,,,,23.765929,86.415591
2026-05-14 01:00:00,N10,-0.0844,0.00504,3.22,0.0061,0.000394,26.0,23.765929,86.415591
2026-05-14 02:00:00,N10,-0.3202,0.006731,5.44,0.0066,0.000503,26.7,23.765929,86.415591
2026-05-14 03:00:00,N10,-0.0709,0.006596,4.47,0.0071,3.7e-05,27.9,23.765929,86.415591
2026-05-14 04:00:00,N10,0.0365,0.006295,5.76,0.0065,0.000116,29.5,23.765929,86.415591
2026-05-14 05:00:00,N10,-0.0004,0.00663,8.66,0.0069,0.000688,31.3,23.765929,86.415591
2026-05-14 06:00:00,N10,,,,,,,23.765929,86.415591
2026-05-14 07:00:00,N10,,,,,,,23.765929,86.415591
2026-05-14 08:00:00,N10,,,,,,,23.765929,86.415591
2026-05-14 09:00:00,N10,,,,,,,23.765929,86.415591
2026-05-14 10:00:00,N10,,,,,,,23.765929,86.415591
2026-05-14 11:00:00,N10,0.0848,0.007297,5.51,0.0085,0.000408,40.5,23.765929,86.415591
2026-05-14 12:00:00,N10,0.182,0.005558,5.72,0.0089,0.000394,40.7,23.765929,86.415591
2026-05-14 13:00:00,N10,-0.0799,0.005453,1.27,0.0092,0.000343,40.5,23.765929,86.415591
2026-05-14 14:00:00,N10,0.4346,0.007363,6.47,0.0096,0.000106,39.7,23.765929,86.415591
2026-05-14 15:00:00,N10,0.1399,0.008357,6.59,0.0095,5.7e-05,38.5,23.765929,86.415591
2026-05-14 16:00:00,N10,-0.0035,0.007244,4.95,0.0094,0.007879,37.0,23.765929,86.415591
2026-05-14 17:00:00,N10,-0.0032,0.621408,45.55,-0.0063,0.000258,35.2,23.765929,86.415591
2026-05-14 18:00:00,N10,-0.0816,0.008374,2.45,0.01,0.00751,33.2,23.765929,86.415591
2026-05-14 19:00:00,N10,0.3868,0.008277,5.61,0.0087,0.000638,31.3,23.765929,86.415591
2026-05-14 20:00:00,N10,0.3078,0.0053,1.37,0.0087,0.00029,29.5,23.765929,86.415591
2026-05-14 21:00:00,N10,0.0459,0.005699,8.33,0.0093,0.000454,27.9,23.765929,86.415591
2026-05-14 22:00:00,N10,-0.0986,0.006819,5.2,0.0096,0.000339,26.7,23.765929,86.415591
2026-05-14 23:00:00,N10,0.0938,0.007634,6.85,0.0086,0.000366,26.0,23.765929,86.415591
2026-05-15 00:00:00,N10,0.0806,0.005169,8.41,0.0089,5.2e-05,21.6,23.765929,86.415591
2026-05-15 01:00:00,N10,-0.0415,0.005843,7.38,0.0085,0.000275,21.9,23.765929,86.415591
2026-05-15 02:00:00,N10,-0.0421,0.005804,7.87,0.0083,0.000124,22.6,23.765929,86.415591
2026-05-15 03:00:00,N10,-0.0179,0.008184,8.53,0.0083,2.8e-05,23.8,23.765929,86.415591
2026-05-15 04:00:00,N10,-0.0607,0.007259,3.85,0.0082,0.000128,25.4,23.765929,86.415591
2026-05-15 05:00:00,N10,-0.0364,0.005396,1.32,0.008,0.000169,27.2,23.765929,86.415591
2026-05-15 06:00:00,N10,0.0671,0.006353,3.89,0.0079,0.006498,29.1,23.765929,86.415591
2026-05-15 07:00:00,N10,0.014,0.598428,33.45,0.021,0.000584,31.1,23.765929,86.415591
2026-05-15 08:00:00,N10,0.0585,0.00558,5.05,0.0091,0.006129,32.9,23.765929,86.415591
2026-05-15 09:00:00,N10,0.1934,0.005576,1.43,0.0088,0.000223,34.4,23.765929,86.415591
2026-05-15 10:00:00,N10,-0.0678,0.005065,4.61,0.0086,0.009865,35.6,23.765929,86.415591
2026-05-15 11:00:00,N10,0.2113,0.653257,28.23,-0.011,0.009823,36.4,23.765929,86.415591
2026-05-15 12:00:00,N10,0.4203,0.888327,38.48,-0.011,0.009871,36.6,23.765929,86.415591
2026-05-15 13:00:00,N10,0.2051,0.008907,8.39,0.0088,0.009492,36.4,23.765929,86.415591
2026-05-15 14:00:00,N10,0.0057,0.007549,6.71,0.008,0.000386,35.6,23.765929,86.415591
2026-05-15 15:00:00,N10,0.3872,0.006174,2.24,0.008,0.005174,34.4,23.765929,86.415591
2026-05-15 16:00:00,N10,0.0598,0.740745,21.0,0.0183,0.000732,32.9,23.765929,86.415591
2026-05-15 17:00:00,N10,-0.2019,0.005933,4.02,0.0095,0.004183,31.1,23.765929,86.415591
2026-05-15 18:00:00,N10,,,,,,,23.765929,86.415591
2026-05-15 19:00:00,N10,,,,,,,23.765929,86.415591
2026-05-15 20:00:00,N10,,,,,,,23.765929,86.415591
2026-05-15 21:00:00,N10,-0.3061,0.007357,3.86,0.0102,0.000355,23.8,23.765929,86.415591
2026-05-15 22:00:00,N10,0.1971,0.006325,2.7,0.0105,0.000171,22.6,23.765929,86.415591
2026-05-15 23:00:00,N10,-0.0312,0.007112,6.05,0.0099,0.000383,21.9,23.765929,86.415591
2026-05-16 00:00:00,N10,,,,,,,23.765929,86.415591
2026-05-16 01:00:00,N10,,,,,,,23.765929,86.415591
2026-05-16 02:00:00,N10,,,,,,,23.765929,86.415591
2026-05-16 03:00:00,N10,,,,,,,23.765929,86.415591
2026-05-16 04:00:00,N10,,,,,,,23.765929,86.415591
2026-05-16 05:00:00,N10,-0.0331,0.006041,9.92,0.0094,0.00037,29.7,23.765929,86.415591
2026-05-16 06:00:00,N10,0.0963,0.008488,1.48,0.009,0.00028,31.7,23.765929,86.415591
2026-05-16 07:00:00,N10,,,,,,,23.765929,86.415591
2026-05-16 08:00:00,N10,,,,,,,23.765929,86.415591
2026-05-16 09:00:00,N10,,,,,,,23.765929,86.415591
2026-05-16 10:00:00,N10,0.2144,0.006177,7.71,0.0102,6.5e-05,38.2,23.765929,86.415591
2026-05-16 11:00:00,N10,-0.2475,0.006446,9.09,0.0099,0.00496,38.9,23.765929,86.415591
2026-05-16 12:00:00,N10,-0.1753,0.71039,24.85,0.0003,0.000435,39.2,23.765929,86.415591
2026-05-16 13:00:00,N10,-0.1221,0.006775,8.64,0.009,0.004613,38.9,23.765929,86.415591
2026-05-16 14:00:00,N10,0.1019,0.005111,6.1,0.0095,0.000196,38.2,23.765929,86.415591
2026-05-16 15:00:00,N10,0.1939,0.005137,7.67,0.0094,0.000198,37.0,23.765929,86.415591
2026-05-16 16:00:00,N10,0.2193,0.006546,2.05,0.0091,0.000412,35.4,23.765929,86.415591
2026-05-16 17:00:00,N10,-0.1269,0.005948,2.88,0.0086,0.000111,33.6,23.765929,86.415591
2026-05-16 18:00:00,N10,,,,,,,23.765929,86.415591
2026-05-16 19:00:00,N10,,,,,,,23.765929,86.415591
2026-05-16 20:00:00,N10,,,,,,,23.765929,86.415591
2026-05-16 21:00:00,N10,,,,,,,23.765929,86.415591
2026-05-16 22:00:00,N10,-0.0731,0.007404,9.48,0.0078,0.000454,25.2,23.765929,86.415591
2026-05-16 23:00:00,N10,0.1334,0.00555,6.57,0.0076,0.000206,24.4,23.765929,86.415591
2026-05-17 00:00:00,N10,-0.1813,0.007298,9.03,0.0082,0.000259,26.9,23.765929,86.415591
2026-05-17 01:00:00,N10,0.051,0.005413,5.37,0.0081,0.000277,27.2,23.765929,86.415591
2026-05-17 02:00:00,N10,0.1678,0.008833,5.65,0.0077,0.000847,27.9,23.765929,86.415591
2026-05-17 03:00:00,N10,0.0193,0.005643,4.07,0.0064,0.000364,29.1,23.765929,86.415591
2026-05-17 04:00:00,N10,-0.1034,0.007461,1.17,0.0069,0.000107,30.7,23.765929,86.415591
2026-05-17 05:00:00,N10,0.1119,0.005486,6.49,0.0062,0.000417,32.5,23.765929,86.415591
2026-05-17 06:00:00,N10,-0.0323,0.008062,1.6,0.0061,0.000343,34.4,23.765929,86.415591
2026-05-17 07:00:00,N10,-0.0382,0.006209,5.09,0.0069,0.000753,36.4,23.765929,86.415591
2026-05-17 08:00:00,N10,,,,,,,23.765929,86.415591
2026-05-17 09:00:00,N10,-0.2421,0.005721,9.5,0.0081,0.009127,39.7,23.765929,86.415591
2026-05-17 10:00:00,N10,0.0,0.60934,37.38,0.0259,0.009499,40.9,23.765929,86.415591
2026-05-17 11:00:00,N10,-0.0366,0.77723,22.64,0.0271,0.00726,41.7,23.765929,86.415591
2026-05-17 12:00:00,N10,-0.3099,0.005117,1.63,0.0113,0.007201,41.9,23.765929,86.415591
2026-05-17 13:00:00,N10,,,,,,,23.765929,86.415591
2026-05-17 14:00:00,N10,,,,,,,23.765929,86.415591
2026-05-17 15:00:00,N10,,,,,,,23.765929,86.415591
2026-05-17 16:00:00,N10,,,,,,,23.765929,86.415591
2026-05-17 17:00:00,N10,-0.1283,0.006905,1.55,0.0161,0.000232,36.4,23.765929,86.415591
2026-05-17 18:00:00,N10,-0.0742,0.006899,2.61,0.0163,0.000801,34.4,23.765929,86.415591
2026-05-17 19:00:00,N10,0.3736,0.005161,7.1,0.0177,0.001562,32.5,23.765929,86.415591
2026-05-17 20:00:00,N10,0.0252,0.00748,4.0,0.0194,0.00133,30.7,23.765929,86.415591
2026-05-17 21:00:00,N10,0.2045,0.005732,5.24,0.0204,0.000944,29.1,23.765929,86.415591
2026-05-17 22:00:00,N10,0.0343,0.008077,1.63,0.0213,0.000943,27.9,23.765929,86.415591
2026-05-17 23:00:00,N10,-0.0067,0.006138,1.96,0.0223,0.000327,27.2,23.765929,86.415591
2026-05-18 00:00:00,N10,0.1296,0.006788,6.44,0.0219,7.4e-05,25.5,23.765929,86.415591
2026-05-18 01:00:00,N10,-0.0369,0.005789,4.98,0.0221,0.000592,25.8,23.765929,86.415591
2026-05-18 02:00:00,N10,-0.0012,0.006165,2.12,0.0231,0.000717,26.5,23.765929,86.415591
2026-05-18 03:00:00,N10,,,,,,,23.765929,86.415591
2026-05-18 04:00:00,N10,,,,,,,23.765929,86.415591
2026-05-18 05:00:00,N10,,,,,,,23.765929,86.415591
2026-05-18 06:00:00,N10,,,,,,,23.765929,86.415591
2026-05-18 07:00:00,N10,,,,,,,23.765929,86.415591
2026-05-18 08:00:00,N10,-0.0594,0.006043,4.98,0.0251,0.003725,36.8,23.765929,86.415591
2026-05-18 09:00:00,N10,0.0166,0.00991,2.46,0.0249,0.000195,38.3,23.765929,86.415591
2026-05-18 10:00:00,N10,0.1552,0.008123,2.61,0.0247,3.2e-05,39.5,23.765929,86.415591
2026-05-18 11:00:00,N10,0.2984,0.006056,5.83,0.0248,0.009646,40.2,23.765929,86.415591
2026-05-18 12:00:00,N10,0.047,0.959116,49.44,0.044,0.000247,40.5,23.765929,86.415591
2026-05-18 13:00:00,N10,0.1375,0.980607,17.5,0.0253,0.009661,40.2,23.765929,86.415591
2026-05-18 14:00:00,N10,,,,,,,23.765929,86.415591
2026-05-18 15:00:00,N10,,,,,,,23.765929,86.415591
2026-05-18 16:00:00,N10,,,,,,,23.765929,86.415591
2026-05-18 17:00:00,N10,-0.0214,0.006645,9.45,0.0235,0.000586,34.9,23.765929,86.415591
2026-05-18 18:00:00,N10,-0.2551,0.005315,7.14,0.0239,0.00025,33.0,23.765929,86.415591
2026-05-18 19:00:00,N10,0.2222,0.005428,6.55,0.023,0.000465,31.1,23.765929,86.415591
2026-05-18 20:00:00,N10,0.356,0.005438,8.91,0.023,7.9e-05,29.3,23.765929,86.415591
2026-05-18 21:00:00,N10,-0.0788,0.007869,3.88,0.0229,0.000354,27.7,23.765929,86.415591
2026-05-18 22:00:00,N10,0.0242,0.00742,9.66,0.0223,0.000533,26.5,23.765929,86.415591
2026-05-18 23:00:00,N10,0.1511,0.007632,6.48,0.0218,0.000647,25.8,23.765929,86.415591
2026-05-19 00:00:00,N10,-0.1419,0.007387,5.84,0.021,0.000439,26.6,23.765929,86.415591
2026-05-19 01:00:00,N10,0.1553,0.006226,5.86,0.0209,0.000163,26.8,23.765929,86.415591
2026-05-19 02:00:00,N10,0.0534,0.006828,1.18,0.0207,0.001235,27.6,23.765929,86.415591
2026-05-19 03:00:00,N10,-0.0177,0.008143,1.65,0.0185,0.001256,28.8,23.765929,86.415591
2026-05-19 04:00:00,N10,-0.2466,0.007421,1.4,0.0182,0.000459,30.3,23.765929,86.415591
2026-05-19 05:00:00,N10,0.1124,0.005895,3.56,0.0176,0.000172,32.1,23.765929,86.415591
2026-05-19 06:00:00,N10,-0.2201,0.005357,6.4,0.0178,0.000388,34.1,23.765929,86.415591
2026-05-19 07:00:00,N10,0.0095,0.007608,2.38,0.0183,0.00029,36.0,23.765929,86.415591
2026-05-19 08:00:00,N10,-0.196,0.0063,5.15,0.0184,6.4e-05,37.8,23.765929,86.415591
2026-05-19 09:00:00,N10,0.05,0.006713,9.44,0.0182,0.004759,39.4,23.765929,86.415591
2026-05-19 10:00:00,N10,0.0341,0.76217,19.05,0.0279,0.005055,40.6,23.765929,86.415591
2026-05-19 11:00:00,N10,0.2282,0.608756,37.65,0.0283,0.005125,41.3,23.765929,86.415591
2026-05-19 12:00:00,N10,-0.1984,0.005988,7.91,0.0177,0.005546,41.6,23.765929,86.415591
2026-05-19 13:00:00,N10,-0.2138,0.00622,6.04,0.0172,0.000449,41.3,23.765929,86.415591
2026-05-19 14:00:00,N10,0.1844,0.006266,3.57,0.0168,0.000171,40.6,23.765929,86.415591
2026-05-19 15:00:00,N10,0.119,0.006244,8.97,0.0176,0.000182,39.4,23.765929,86.415591
2026-05-19 16:00:00,N10,0.1513,0.005323,3.11,0.0171,0.000321,37.8,23.765929,86.415591
2026-05-19 17:00:00,N10,0.0651,0.00581,2.88,0.0169,0.000121,36.0,23.765929,86.415591
2026-05-19 18:00:00,N10,0.1457,0.007575,3.94,0.0169,0.000544,34.1,23.765929,86.415591
2026-05-19 19:00:00,N10,0.3519,0.005893,6.54,0.0158,0.000535,32.1,23.765929,86.415591
2026-05-19 20:00:00,N10,0.0069,0.007347,6.24,0.0158,0.000252,30.3,23.765929,86.415591
2026-05-19 21:00:00,N10,-0.0098,0.005816,8.18,0.0153,0.000265,28.8,23.765929,86.415591
2026-05-19 22:00:00,N10,0.0269,0.009203,7.85,0.0153,0.000162,27.6,23.765929,86.415591
2026-05-19 23:00:00,N10,-0.0888,0.005371,3.89,0.015,0.000197,26.8,23.765929,86.415591
2026-05-20 00:00:00,N10,-0.0013,0.00612,8.65,0.0157,0.000348,24.0,23.765929,86.415591
2026-05-20 01:00:00,N10,-0.2569,0.006937,1.66,0.0157,0.000268,24.3,23.765929,86.415591
2026-05-20 02:00:00,N10,-0.0822,0.005154,8.41,0.0151,0.000162,25.0,23.765929,86.415591
2026-05-20 03:00:00,N10,0.0906,0.007878,9.77,0.0154,0.000516,26.2,23.765929,86.415591
2026-05-20 04:00:00,N10,-0.0982,0.005139,7.71,0.0162,0.000423,27.8,23.765929,86.415591
2026-05-20 05:00:00,N10,-0.1971,0.005328,1.45,0.0162,0.000461,29.6,23.765929,86.415591
2026-05-20 06:00:00,N10,-0.0553,0.005739,3.95,0.0171,0.000584,31.5,23.765929,86.415591
2026-05-20 07:00:00,N10,0.1765,0.00595,9.57,0.0174,0.006433,33.5,23.765929,86.415591
2026-05-20 08:00:00,N10,0.0715,0.680237,25.01,0.0042,0.000396,35.3,23.765929,86.415591
2026-05-20 09:00:00,N10,-0.175,0.00623,5.5,0.0166,0.005936,36.8,23.765929,86.415591
2026-05-20 10:00:00,N10,0.2592,0.005123,8.29,0.0161,2.8e-05,38.0,23.765929,86.415591
2026-05-20 11:00:00,N10,0.1441,0.006812,6.38,0.0167,1.6e-05,38.8,23.765929,86.415591
2026-05-20 12:00:00,N10,-0.3236,0.006092,6.34,0.0161,0.000175,39.0,23.765929,86.415591
2026-05-20 13:00:00,N10,0.0589,0.008416,9.27,0.0163,2e-06,38.8,23.765929,86.415591
2026-05-20 14:00:00,N10,-0.1293,0.007253,5.0,0.0161,6.7e-05,38.0,23.765929,86.415591
2026-05-20 15:00:00,N10,0.2811,0.009318,6.62,0.0164,3.3e-05,36.8,23.765929,86.415591
2026-05-20 16:00:00,N10,-0.006,0.005316,9.01,0.0161,0.000184,35.3,23.765929,86.415591
2026-05-20 17:00:00,N10,0.0838,0.007473,6.66,0.0161,0.000744,33.5,23.765929,86.415591
2026-05-20 18:00:00,N10,-0.0197,0.006298,6.3,0.0146,0.000687,31.5,23.765929,86.415591
2026-05-20 19:00:00,N10,0.0325,0.007033,5.83,0.0147,0.000349,29.6,23.765929,86.415591
2026-05-20 20:00:00,N10,0.2111,0.006802,9.03,0.0153,0.00027,27.8,23.765929,86.415591
2026-05-20 21:00:00,N10,-0.1717,0.005986,1.68,0.0152,0.000182,26.2,23.765929,86.415591
2026-05-20 22:00:00,N10,0.1054,0.006001,6.78,0.0156,0.00018,25.0,23.765929,86.415591
2026-05-20 23:00:00,N10,-0.3609,0.005744,2.28,0.0149,0.000263,24.3,23.765929,86.415591
2026-05-21 00:00:00,N10,-0.334,0.006867,2.87,0.0151,0.000485,24.1,23.765929,86.415591
2026-05-21 01:00:00,N10,-0.1649,0.008276,1.1,0.0158,0.000474,24.3,23.765929,86.415591
2026-05-21 02:00:00,N10,-0.1017,0.007976,4.65,0.0161,0.000163,25.1,23.765929,86.415591
2026-05-21 03:00:00,N10,-0.0627,0.007398,2.04,0.0162,0.000302,26.3,23.765929,86.415591
2026-05-21 04:00:00,N10,0.1906,0.005394,9.71,0.0155,7.8e-05,27.8,23.765929,86.415591
2026-05-21 05:00:00,N10,0.2979,0.009731,8.93,0.016,0.000551,29.6,23.765929,86.415591
2026-05-21 06:00:00,N10,0.1478,0.009546,3.74,0.0166,0.000316,31.6,23.765929,86.415591
2026-05-21 07:00:00,N10,0.0941,0.006229,8.3,0.0166,0.000464,33.5,23.765929,86.415591
2026-05-21 08:00:00,N10,-0.0259,0.007616,2.48,0.0156,0.000228,35.3,23.765929,86.415591
2026-05-21 09:00:00,N10,0.0184,0.008745,8.63,0.0162,0.000193,36.9,23.765929,86.415591
2026-05-21 10:00:00,N10,-0.1792,0.006182,5.64,0.016,0.005083,38.1,23.765929,86.415591
2026-05-21 11:00:00,N10,-0.078,0.612859,17.94,0.006,0.000123,38.8,23.765929,86.415591
2026-05-21 12:00:00,N10,0.0999,0.698328,27.76,0.0163,0.010824,39.1,23.765929,86.415591
2026-05-21 13:00:00,N10,0.1375,0.654512,16.71,0.0277,0.007344,38.8,23.765929,86.415591
2026-05-21 14:00:00,N10,0.2374,0.908527,37.69,0.0309,0.004709,38.1,23.765929,86.415591
2026-05-21 15:00:00,N10,0.2921,0.009884,8.31,0.0183,0.006445,36.9,23.765929,86.415591
2026-05-21 16:00:00,N10,0.0588,0.005495,7.9,0.0181,0.000348,35.3,23.765929,86.415591
2026-05-21 17:00:00,N10,-0.0779,0.005356,3.22,0.0176,0.000483,33.5,23.765929,86.415591
2026-05-21 18:00:00,N10,0.0726,0.007713,1.29,0.0171,0.0001,31.6,23.765929,86.415591
2026-05-21 19:00:00,N10,0.1236,0.00676,8.44,0.0178,0.000549,29.6,23.765929,86.415591
2026-05-21 20:00:00,N10,-0.164,0.005206,8.94,0.0182,0.000152,27.8,23.765929,86.415591
2026-05-21 21:00:00,N10,0.1208,0.006062,2.4,0.0181,0.000166,26.3,23.765929,86.415591
2026-05-21 22:00:00,N10,-0.2549,0.005354,8.87,0.0179,5.7e-05,25.1,23.765929,86.415591
2026-05-21 23:00:00,N10,-0.1524,0.005364,6.54,0.018,8.2e-05,24.3,23.765929,86.415591
2026-05-22 00:00:00,N10,0.3341,0.007517,7.25,0.018,0.000333,23.6,23.765929,86.415591
2026-05-22 01:00:00,N10,0.035,0.00607,8.0,0.0186,0.000647,23.8,23.765929,86.415591
2026-05-22 02:00:00,N10,0.2613,0.005884,5.72,0.0193,0.000284,24.6,23.765929,86.415591
2026-05-22 03:00:00,N10,0.0335,0.006351,3.66,0.0192,9e-06,25.8,23.765929,86.415591
2026-05-22 04:00:00,N10,0.0507,0.008255,1.44,0.0193,0.000253,27.3,23.765929,86.415591
2026-05-22 05:00:00,N10,0.0409,0.006187,4.21,0.0187,0.000432,29.1,23.765929,86.415591
2026-05-22 06:00:00,N10,0.0359,0.005028,5.06,0.0184,0.000467,31.1,23.765929,86.415591
2026-05-22 07:00:00,N10,-0.0388,0.007367,7.86,0.0196,0.000546,33.0,23.765929,86.415591
2026-05-22 08:00:00,N10,-0.0046,0.006428,4.66,0.0195,0.000127,34.8,23.765929,86.415591
2026-05-22 09:00:00,N10,-0.0825,0.005037,5.62,0.0194,0.000221,36.4,23.765929,86.415591
2026-05-22 10:00:00,N10,0.1138,0.944481,27.32,0.0191,0.000287,37.6,23.765929,86.415591
2026-05-22 11:00:00,N10,-0.0697,0.538416,23.73,0.0188,0.003419,38.3,23.765929,86.415591
2026-05-22 12:00:00,N10,-0.134,0.005131,8.09,0.0122,0.003172,38.6,23.765929,86.415591
2026-05-22 13:00:00,N10,0.0567,0.005978,2.03,0.0124,0.004584,38.3,23.765929,86.415591
2026-05-22 14:00:00,N10,-0.134,0.682192,25.48,0.0214,0.000289,37.6,23.765929,86.415591
2026-05-22 15:00:00,N10,0.0127,0.005689,8.75,0.0119,0.005114,36.4,23.765929,86.415591
2026-05-22 16:00:00,N10,,,,,,,23.765929,86.415591
2026-05-22 17:00:00,N10,,,,,,,23.765929,86.415591
2026-05-22 18:00:00,N10,0.1294,0.006623,8.93,0.0116,0.000181,31.1,23.765929,86.415591
2026-05-22 19:00:00,N10,-0.208,0.007216,1.65,0.0117,0.000106,29.1,23.765929,86.415591
2026-05-22 20:00:00,N10,-0.003,0.010965,3.93,0.0114,3.3e-05,27.3,23.765929,86.415591
2026-05-22 21:00:00,N10,-0.0002,0.005355,5.26,0.0116,0.000244,25.8,23.765929,86.415591
2026-05-22 22:00:00,N10,-0.1504,0.007936,8.1,0.0119,7.1e-05,24.6,23.765929,86.415591
2026-05-22 23:00:00,N10,-0.2085,0.005545,2.98,0.0115,2.8e-05,23.8,23.765929,86.415591
2026-05-23 00:00:00,N10,-0.0844,0.006647,7.82,0.0118,0.000266,28.9,23.765929,86.415591
2026-05-23 01:00:00,N10,-0.1193,0.010318,1.63,0.012,0.000109,29.2,23.765929,86.415591
2026-05-23 02:00:00,N10,0.1572,0.005502,6.23,0.0116,0.000587,29.9,23.765929,86.415591
2026-05-23 03:00:00,N10,0.1385,0.006147,8.76,0.0108,0.000461,31.1,23.765929,86.415591
2026-05-23 04:00:00,N10,-0.0033,0.006754,7.79,0.0107,1.4e-05,32.7,23.765929,86.415591
2026-05-23 05:00:00,N10,0.159,0.005211,6.43,0.0108,0.000241,34.5,23.765929,86.415591
2026-05-23 06:00:00,N10,-0.22,0.007911,5.77,0.0112,0.000226,36.4,23.765929,86.415591
2026-05-23 07:00:00,N10,0.0166,0.008093,8.35,0.0113,3e-05,38.4,23.765929,86.415591
2026-05-23 08:00:00,N10,0.1186,0.0062,9.57,0.0111,0.004728,40.2,23.765929,86.415591
2026-05-23 09:00:00,N10,0.0977,0.703377,45.1,0.0207,4.7e-05,41.7,23.765929,86.415591
2026-05-23 10:00:00,N10,,,,,,,23.765929,86.415591
2026-05-23 11:00:00,N10,,,,,,,23.765929,86.415591
2026-05-23 12:00:00,N10,,,,,,,23.765929,86.415591
2026-05-23 13:00:00,N10,,,,,,,23.765929,86.415591
2026-05-23 14:00:00,N10,,,,,,,23.765929,86.415591
2026-05-23 15:00:00,N10,0.1455,0.649176,23.06,-0.0041,0.00031,41.7,23.765929,86.415591
2026-05-23 16:00:00,N10,-0.0137,0.006097,9.02,0.0116,0.00787,40.2,23.765929,86.415591
2026-05-23 17:00:00,N10,0.3833,0.007065,8.79,0.0116,0.000448,38.4,23.765929,86.415591
2026-05-23 18:00:00,N10,-0.0149,0.00838,2.18,0.0125,0.000275,36.4,23.765929,86.415591
2026-05-23 19:00:00,N10,-0.0914,0.005412,5.3,0.0122,0.000262,34.5,23.765929,86.415591
2026-05-23 20:00:00,N10,0.3627,0.006852,7.6,0.012,0.000166,32.7,23.765929,86.415591
2026-05-23 21:00:00,N10,0.0567,0.005839,2.04,0.0119,2.9e-05,31.1,23.765929,86.415591
2026-05-23 22:00:00,N10,-0.1972,0.007752,6.69,0.0119,0.000299,29.9,23.765929,86.415591
2026-05-23 23:00:00,N10,0.2671,0.006967,3.71,0.0113,3.8e-05,29.2,23.765929,86.415591
2026-05-24 00:00:00,N10,-0.0517,0.006531,4.47,0.012,0.00066,26.4,23.765929,86.415591
2026-05-24 01:00:00,N10,0.0429,0.005603,2.93,0.0126,0.000629,26.6,23.765929,86.415591
2026-05-24 02:00:00,N10,-0.0421,0.007399,7.03,0.0132,0.000748,27.4,23.765929,86.415591
2026-05-24 03:00:00,N10,-0.0307,0.005596,4.91,0.0141,0.000427,28.6,23.765929,86.415591
2026-05-24 04:00:00,N10,0.2461,0.005479,2.86,0.0141,7.7e-05,30.1,23.765929,86.415591
2026-05-24 05:00:00,N10,-0.003,0.008399,7.58,0.0139,6.9e-05,31.9,23.765929,86.415591
2026-05-24 06:00:00,N10,,,,,,,23.765929,86.415591
2026-05-24 07:00:00,N10,-0.0277,0.006065,9.94,0.0143,9.9e-05,35.8,23.765929,86.415591
2026-05-24 08:00:00,N10,-0.2729,0.009034,7.04,0.014,9.6e-05,37.6,23.765929,86.415591
2026-05-24 09:00:00,N10,0.2069,0.006554,6.47,0.0141,0.000245,39.2,23.765929,86.415591
2026-05-24 10:00:00,N10,0.0518,0.006089,9.65,0.0135,0.000311,40.4,23.765929,86.415591
2026-05-24 11:00:00,N10,0.1913,0.005966,5.6,0.0135,0.004844,41.1,23.765929,86.415591
2026-05-24 12:00:00,N10,0.1565,0.97382,31.81,0.0232,9.1e-05,41.4,23.765929,86.415591
2026-05-24 13:00:00,N10,0.1292,0.007427,7.48,0.0133,0.005035,41.1,23.765929,86.415591
2026-05-24 14:00:00,N10,-0.1962,0.007585,8.07,0.0132,0.000177,40.4,23.765929,86.415591
2026-05-24 15:00:00,N10,0.2124,0.006238,1.49,0.013,0.00017,39.2,23.765929,86.415591
2026-05-24 16:00:00,N10,0.0744,0.006349,4.97,0.0128,0.004011,37.6,23.765929,86.415591
2026-05-24 17:00:00,N10,0.0287,0.520664,16.67,0.021,0.003808,35.8,23.765929,86.415591
2026-05-24 18:00:00,N10,0.2256,0.545233,20.05,0.0204,0.004017,33.9,23.765929,86.415591
2026-05-24 19:00:00,N10,0.1841,0.00536,6.86,0.013,0.003861,31.9,23.765929,86.415591
2026-05-24 20:00:00,N10,0.0554,0.006564,2.66,0.0127,0.000331,30.1,23.765929,86.415591
2026-05-24 21:00:00,N10,-0.1628,0.007607,4.89,0.0123,0.000673,28.6,23.765929,86.415591
2026-05-24 22:00:00,N10,0.165,0.00504,2.34,0.0114,0.000508,27.4,23.765929,86.415591
2026-05-24 23:00:00,N10,-0.2714,0.005566,4.27,0.0113,0.00036,26.6,23.765929,86.415591
2026-05-25 00:00:00,N10,-0.28,0.006073,6.05,0.0106,1.2e-05,25.2,23.765929,86.415591
2026-05-25 01:00:00,N10,-0.1602,0.006009,3.6,0.0113,0.000161,25.4,23.765929,86.415591
2026-05-25 02:00:00,N10,-0.1356,0.007879,8.25,0.011,0.000524,26.2,23.765929,86.415591
2026-05-25 03:00:00,N10,0.1363,0.006486,3.63,0.0102,6.1e-05,27.4,23.765929,86.415591
2026-05-25 04:00:00,N10,,,,,,,23.765929,86.415591
2026-05-25 05:00:00,N10,,,,,,,23.765929,86.415591
2026-05-25 06:00:00,N10,,,,,,,23.765929,86.415591
2026-05-25 07:00:00,N10,0.0507,0.008594,6.69,0.0098,4.2e-05,34.6,23.765929,86.415591
2026-05-25 08:00:00,N10,,,,,,,23.765929,86.415591
2026-05-25 09:00:00,N10,,,,,,,23.765929,86.415591
2026-05-25 10:00:00,N10,,,,,,,23.765929,86.415591
2026-05-25 11:00:00,N10,,,,,,,23.765929,86.415591
2026-05-25 12:00:00,N10,-0.2268,0.569719,24.78,0.0038,0.005412,40.2,23.765929,86.415591
2026-05-25 13:00:00,N10,-0.024,0.722627,29.38,0.0217,0.012642,39.9,23.765929,86.415591
2026-05-25 14:00:00,N10,-0.0761,0.618071,31.69,0.0291,0.005161,39.2,23.765929,86.415591
2026-05-25 15:00:00,N10,0.2241,0.007885,1.5,0.0113,0.009186,38.0,23.765929,86.415591
2026-05-25 16:00:00,N10,-0.0335,0.005884,2.81,0.0107,0.009456,36.4,23.765929,86.415591
2026-05-25 17:00:00,N10,-0.0221,0.529586,38.01,-0.0076,5.2e-05,34.6,23.765929,86.415591
2026-05-25 18:00:00,N10,-0.0993,0.005855,7.53,0.0106,0.009381,32.7,23.765929,86.415591
2026-05-25 19:00:00,N10,0.1769,0.005974,1.65,0.0112,0.000657,30.7,23.765929,86.415591
2026-05-25 20:00:00,N10,-0.1225,0.005372,3.6,0.0119,5.6e-05,28.9,23.765929,86.415591
2026-05-25 21:00:00,N10,,,,,,,23.765929,86.415591
2026-05-25 22:00:00,N10,,,,,,,23.765929,86.415591
2026-05-25 23:00:00,N10,0.14,0.005385,7.91,0.0102,0.000127,25.4,23.765929,86.415591
2026-05-26 00:00:00,N10,0.0123,0.005365,9.77,0.01,0.000144,24.7,23.765929,86.415591
2026-05-26 01:00:00,N10,-0.0699,0.006189,2.51,0.0099,0.000415,25.0,23.765929,86.415591
2026-05-26 02:00:00,N10,,,,,,,23.765929,86.415591
2026-05-26 03:00:00,N10,,,,,,,23.765929,86.415591
2026-05-26 04:00:00,N10,,,,,,,23.765929,86.415591
2026-05-26 05:00:00,N10,,,,,,,23.765929,86.415591
2026-05-26 06:00:00,N10,-0.2271,0.540035,33.61,0.0293,0.009296,32.2,23.765929,86.415591
2026-05-26 07:00:00,N10,0.0586,0.889636,17.55,0.0288,0.013118,34.2,23.765929,86.415591
2026-05-26 08:00:00,N10,0.1887,0.596622,33.55,0.0031,0.008993,36.0,23.765929,86.415591
2026-05-26 09:00:00,N10,0.0213,0.005467,7.34,0.0108,0.004021,37.5,23.765929,86.415591
2026-05-26 10:00:00,N10,-0.1194,0.005517,4.24,0.0111,0.000207,38.7,23.765929,86.415591
2026-05-26 11:00:00,N10,-0.1697,0.007709,3.73,0.0112,6.7e-05,39.5,23.765929,86.415591
2026-05-26 12:00:00,N10,0.133,0.005481,9.39,0.011,0.000329,39.7,23.765929,86.415591
2026-05-26 13:00:00,N10,,,,,,,23.765929,86.415591
2026-05-26 14:00:00,N10,,,,,,,23.765929,86.415591
2026-05-26 15:00:00,N10,,,,,,,23.765929,86.415591
2026-05-26 16:00:00,N10,,,,,,,23.765929,86.415591
2026-05-26 17:00:00,N10,,,,,,,23.765929,86.415591
2026-05-26 18:00:00,N10,0.0633,0.006758,7.33,0.0104,0.005805,32.2,23.765929,86.415591
2026-05-26 19:00:00,N10,-0.112,0.006817,1.05,0.0103,4e-06,30.3,23.765929,86.415591
2026-05-26 20:00:00,N10,-0.0428,0.006356,1.28,0.0103,0.000295,28.5,23.765929,86.415591
2026-05-26 21:00:00,N10,-0.2094,0.006184,7.21,0.0109,0.000127,26.9,23.765929,86.415591
2026-05-26 22:00:00,N10,-0.2682,0.00856,9.48,0.0106,0.000426,25.7,23.765929,86.415591
2026-05-26 23:00:00,N10,-0.1952,0.005588,2.84,0.0101,0.000612,25.0,23.765929,86.415591
2026-05-27 00:00:00,N10,0.1051,0.006138,3.77,0.0094,0.000486,25.9,23.765929,86.415591
2026-05-27 01:00:00,N10,-0.0125,0.007209,6.93,0.0091,8.2e-05,26.2,23.765929,86.415591
2026-05-27 02:00:00,N10,-0.2231,0.007942,7.26,0.0092,0.000331,26.9,23.765929,86.415591
2026-05-27 03:00:00,N10,0.2711,0.008369,1.75,0.0097,0.000215,28.1,23.765929,86.415591
2026-05-27 04:00:00,N10,0.2052,0.00566,4.31,0.0096,0.000418,29.7,23.765929,86.415591
2026-05-27 05:00:00,N10,-0.1387,0.006297,8.32,0.0089,0.000687,31.5,23.765929,86.415591
2026-05-27 06:00:00,N10,0.1479,0.00519,2.43,0.0083,0.000561,33.4,23.765929,86.415591
2026-05-27 07:00:00,N10,-0.1107,0.006199,2.63,0.0078,0.000398,35.4,23.765929,86.415591
2026-05-27 08:00:00,N10,0.1485,0.006084,4.44,0.0075,2.1e-05,37.2,23.765929,86.415591
2026-05-27 09:00:00,N10,-0.0848,0.00504,7.68,0.0077,0.00039,38.7,23.765929,86.415591
2026-05-27 10:00:00,N10,0.0434,0.005955,4.05,0.0083,6.5e-05,39.9,23.765929,86.415591
2026-05-27 11:00:00,N10,0.2382,0.011057,9.67,0.0076,6.3e-05,40.7,23.765929,86.415591
2026-05-27 12:00:00,N10,0.0775,0.006038,1.39,0.0084,0.001134,40.9,23.765929,86.415591
2026-05-27 13:00:00,N10,-0.1865,0.005535,3.77,0.0099,0.000806,40.7,23.765929,86.415591
2026-05-27 14:00:00,N10,0.0572,0.005781,1.39,0.01,3.2e-05,39.9,23.765929,86.415591
2026-05-27 15:00:00,N10,0.0931,0.006677,8.66,0.0098,0.003221,38.7,23.765929,86.415591
2026-05-27 16:00:00,N10,-0.144,0.908604,46.52,0.0035,0.006294,37.2,23.765929,86.415591
2026-05-27 17:00:00,N10,0.0129,0.605472,48.83,-0.0028,0.000128,35.4,23.765929,86.415591
2026-05-27 18:00:00,N10,-0.0022,0.97858,17.34,0.0038,0.006278,33.4,23.765929,86.415591
2026-05-27 19:00:00,N10,0.1111,0.005067,5.41,0.0098,0.003034,31.5,23.765929,86.415591
2026-05-27 20:00:00,N10,-0.1977,0.005649,3.32,0.0099,4.9e-05,29.7,23.765929,86.415591
2026-05-27 21:00:00,N10,0.2225,0.006851,6.33,0.0099,9e-05,28.1,23.765929,86.415591
2026-05-27 22:00:00,N10,-0.0629,0.005787,4.81,0.0101,0.00031,26.9,23.765929,86.415591
2026-05-27 23:00:00,N10,0.08,0.006041,6.47,0.0105,0.00032,26.2,23.765929,86.415591
2026-05-28 00:00:00,N10,,,,,,,23.765929,86.415591
2026-05-28 01:00:00,N10,,,,,,,23.765929,86.415591
2026-05-28 02:00:00,N10,,,,,,,23.765929,86.415591
2026-05-28 03:00:00,N10,,,,,,,23.765929,86.415591
2026-05-28 04:00:00,N10,-0.0009,0.005098,7.37,0.0112,2e-06,31.5,23.765929,86.415591
2026-05-28 05:00:00,N10,-0.1995,0.005861,8.26,0.011,8e-06,33.3,23.765929,86.415591
2026-05-28 06:00:00,N10,-0.1022,0.006479,7.36,0.0111,0.005386,35.3,23.765929,86.415591
2026-05-28 07:00:00,N10,-0.0969,0.91885,43.62,0.0002,0.005111,37.2,23.765929,86.415591
2026-05-28 08:00:00,N10,0.001,0.963772,31.61,0.0009,0.006165,39.0,23.765929,86.415591
2026-05-28 09:00:00,N10,,,,,,,23.765929,86.415591
2026-05-28 10:00:00,N10,,,,,,,23.765929,86.415591
2026-05-28 11:00:00,N10,,,,,,,23.765929,86.415591
2026-05-28 12:00:00,N10,,,,,,,23.765929,86.415591
2026-05-28 13:00:00,N10,,,,,,,23.765929,86.415591
2026-05-28 14:00:00,N10,-0.1252,0.005193,6.61,0.0128,0.000197,41.8,23.765929,86.415591
2026-05-28 15:00:00,N10,-0.2001,0.005657,4.13,0.0123,0.000413,40.6,23.765929,86.415591
2026-05-28 16:00:00,N10,0.0726,0.006697,8.92,0.012,0.000109,39.0,23.765929,86.415591
2026-05-28 17:00:00,N10,0.095,0.009209,3.59,0.0121,1.4e-05,37.2,23.765929,86.415591
2026-05-28 18:00:00,N10,-0.2133,0.00554,2.49,0.0119,0.000163,35.3,23.765929,86.415591
2026-05-28 19:00:00,N10,,,,,,,23.765929,86.415591
2026-05-28 20:00:00,N10,,,,,,,23.765929,86.415591
2026-05-28 21:00:00,N10,-0.3488,0.005461,6.72,0.0116,0.000494,30.0,23.765929,86.415591
2026-05-28 22:00:00,N10,,,,,,,23.765929,86.415591
2026-05-28 23:00:00,N10,,,,,,,23.765929,86.415591
2026-05-29 00:00:00,N10,,,,,,,23.765929,86.415591
2026-05-29 01:00:00,N10,,,,,,,23.765929,86.415591
2026-05-29 02:00:00,N10,-0.0529,0.005893,9.27,0.0111,0.00064,28.1,23.765929,86.415591
2026-05-29 03:00:00,N10,0.106,0.008024,8.21,0.0119,0.00019,29.2,23.765929,86.415591
2026-05-29 04:00:00,N10,-0.1825,0.007619,6.46,0.0115,0.000108,30.8,23.765929,86.415591
2026-05-29 05:00:00,N10,0.154,0.005174,2.81,0.0121,0.000238,32.6,23.765929,86.415591
2026-05-29 06:00:00,N10,-0.08,0.006893,8.51,0.0119,0.000132,34.5,23.765929,86.415591
2026-05-29 07:00:00,N10,0.1363,0.007714,2.84,0.0119,0.000426,36.5,23.765929,86.415591
2026-05-29 08:00:00,N10,0.186,0.007861,1.0,0.0111,0.000415,38.3,23.765929,86.415591
2026-05-29 09:00:00,N10,-0.2987,0.007684,2.26,0.011,0.000149,39.8,23.765929,86.415591
2026-05-29 10:00:00,N10,0.278,0.008144,1.07,0.0108,0.000334,41.0,23.765929,86.415591
2026-05-29 11:00:00,N10,-0.1611,0.006333,2.72,0.0104,0.000441,41.8,23.765929,86.415591
2026-05-29 12:00:00,N10,0.1687,0.005623,3.29,0.0099,0.002583,42.0,23.765929,86.415591
2026-05-29 13:00:00,N10,0.1665,0.963162,26.26,0.0052,0.006422,41.8,23.765929,86.415591
2026-05-29 14:00:00,N10,0.0435,0.651017,38.08,0.0228,0.008922,41.0,23.765929,86.415591
2026-05-29 15:00:00,N10,0.1768,0.738028,21.78,0.023,0.005988,39.8,23.765929,86.415591
2026-05-29 16:00:00,N10,-0.0081,0.008293,2.7,0.0108,0.006316,38.3,23.765929,86.415591
2026-05-29 17:00:00,N10,0.193,0.005544,4.66,0.0104,0.000212,36.5,23.765929,86.415591
2026-05-29 18:00:00,N10,-0.0979,0.00749,2.99,0.0104,6.6e-05,34.5,23.765929,86.415591
2026-05-29 19:00:00,N10,-0.0774,0.006324,4.35,0.0105,0.000461,32.6,23.765929,86.415591
2026-05-29 20:00:00,N10,-0.3479,0.005762,8.26,0.0094,8.8e-05,30.8,23.765929,86.415591
2026-05-29 21:00:00,N10,0.2441,0.005187,3.84,0.0107,0.00085,29.2,23.765929,86.415591
2026-05-29 22:00:00,N10,-0.1612,0.005795,2.97,0.0111,5e-06,28.1,23.765929,86.415591
2026-05-29 23:00:00,N10,0.1887,0.007293,3.65,0.0107,0.000133,27.3,23.765929,86.415591
2026-05-30 00:00:00,N10,-0.1489,0.007297,9.55,0.0109,4.3e-05,24.1,23.765929,86.415591
2026-05-30 01:00:00,N10,0.1156,0.007879,8.52,0.0106,0.000329,24.4,23.765929,86.415591
2026-05-30 02:00:00,N10,-0.0647,0.006278,3.82,0.0102,0.000374,25.1,23.765929,86.415591
2026-05-30 03:00:00,N10,-0.0722,0.008049,9.01,0.0099,0.000113,26.3,23.765929,86.415591
2026-05-30 04:00:00,N10,0.1251,0.006073,5.68,0.01,0.000185,27.9,23.765929,86.415591
2026-05-30 05:00:00,N10,-0.0361,0.006712,6.3,0.0102,0.000262,29.7,23.765929,86.415591
2026-05-30 06:00:00,N10,0.1141,0.005358,3.24,0.0105,0.000163,31.6,23.765929,86.415591
2026-05-30 07:00:00,N10,-0.0826,0.005507,1.03,0.0106,0.000248,33.6,23.765929,86.415591
2026-05-30 08:00:00,N10,0.0518,0.005604,1.75,0.01,0.000233,35.4,23.765929,86.415591
2026-05-30 09:00:00,N10,0.1955,0.008021,4.44,0.0101,0.000329,36.9,23.765929,86.415591
2026-05-30 10:00:00,N10,0.0332,0.005485,4.74,0.0094,0.00068,38.1,23.765929,86.415591
2026-05-30 11:00:00,N10,-0.0869,0.006594,9.11,0.0087,0.000604,38.9,23.765929,86.415591
2026-05-30 12:00:00,N10,,,,,,,23.765929,86.415591
2026-05-30 13:00:00,N10,-0.1049,0.010404,5.6,0.008,0.000323,38.9,23.765929,86.415591
2026-05-30 14:00:00,N10,0.1047,0.009073,4.36,0.0088,0.005795,38.1,23.765929,86.415591
2026-05-30 15:00:00,N10,-0.0693,0.67244,34.16,-0.0036,0.000414,36.9,23.765929,86.415591
2026-05-30 16:00:00,N10,,,,,,,23.765929,86.415591
2026-05-30 17:00:00,N10,,,,,,,23.765929,86.415591
2026-05-30 18:00:00,N10,,,,,,,23.765929,86.415591
2026-05-30 19:00:00,N10,,,,,,,23.765929,86.415591
2026-05-30 20:00:00,N10,-0.2201,0.00724,9.21,0.0105,0.000737,27.9,23.765929,86.415591
2026-05-30 21:00:00,N10,0.0162,0.006062,4.45,0.0114,0.000619,26.3,23.765929,86.415591
2026-05-30 22:00:00,N10,-0.0851,0.00548,7.62,0.0118,0.00021,25.1,23.765929,86.415591
2026-05-30 23:00:00,N10,-0.1996,0.006155,6.59,0.0118,0.000268,24.4,23.765929,86.415591
2026-05-31 00:00:00,N10,-0.2737,0.006978,5.41,0.0123,0.000208,21.6,23.765929,86.415591
2026-05-31 01:00:00,N10,-0.0952,0.005348,8.39,0.0122,0.000264,21.9,23.765929,86.415591
2026-05-31 02:00:00,N10,-0.2107,0.005612,8.11,0.0128,0.000568,22.6,23.765929,86.415591
2026-05-31 03:00:00,N10,0.1192,0.006352,9.66,0.0134,0.00052,23.8,23.765929,86.415591
2026-05-31 04:00:00,N10,0.1644,0.006441,5.81,0.0139,0.00039,25.4,23.765929,86.415591
2026-05-31 05:00:00,N10,-0.0157,0.005951,5.36,0.0141,4e-05,27.2,23.765929,86.415591
2026-05-31 06:00:00,N10,0.002,0.00784,6.7,0.0138,0.000837,29.1,23.765929,86.415591
2026-05-31 07:00:00,N10,0.1823,0.006041,9.41,0.0125,0.000951,31.1,23.765929,86.415591
2026-05-31 08:00:00,N10,-0.0592,0.005879,4.4,0.0119,0.000556,32.9,23.765929,86.415591
2026-05-31 09:00:00,N10,0.1729,0.008233,3.77,0.0113,0.003063,34.4,23.765929,86.415591
2026-05-31 10:00:00,N10,-0.0529,0.964948,26.69,0.0058,0.000645,35.6,23.765929,86.415591
2026-05-31 11:00:00,N10,-0.0496,0.006226,7.95,0.0126,0.00332,36.4,23.765929,86.415591
2026-05-31 12:00:00,N10,,,,,,,23.765929,86.415591
2026-05-31 13:00:00,N10,0.0069,0.0062,3.59,0.012,0.000183,36.4,23.765929,86.415591
2026-05-31 14:00:00,N10,0.0549,0.005433,2.78,0.012,0.00036,35.6,23.765929,86.415591
2026-05-31 15:00:00,N10,-0.0329,0.005928,1.81,0.0113,0.000123,34.4,23.765929,86.415591
2026-05-31 16:00:00,N10,,,,,,,23.765929,86.415591
2026-05-31 17:00:00,N10,,,,,,,23.765929,86.415591
2026-05-31 18:00:00,N10,,,,,,,23.765929,86.415591
2026-05-31 19:00:00,N10,,,,,,,23.765929,86.415591
2026-05-31 20:00:00,N10,,,,,,,23.765929,86.415591
2026-05-31 21:00:00,N10,-0.239,0.008134,4.89,0.0106,0.000251,23.8,23.765929,86.415591
2026-05-31 22:00:00,N10,,,,,,,23.765929,86.415591
2026-05-31 23:00:00,N10,,,,,,,23.765929,86.415591
2026-06-01 00:00:00,N10,0.0447,0.007268,4.02,0.0103,0.000116,27.9,23.765929,86.415591
2026-06-01 01:00:00,N10,-0.2919,0.005404,7.99,0.0097,0.000817,28.2,23.765929,86.415591
2026-06-01 02:00:00,N10,0.2492,0.006689,5.3,0.0087,0.00011,28.9,23.765929,86.415591
2026-06-01 03:00:00,N10,0.203,0.007245,6.89,0.0095,0.000469,30.1,23.765929,86.415591
2026-06-01 04:00:00,N10,-0.1582,0.005802,4.03,0.0096,0.000345,31.7,23.765929,86.415591
2026-06-01 05:00:00,N10,-0.0925,0.005968,1.89,0.0088,4.2e-05,33.5,23.765929,86.415591
2026-06-01 06:00:00,N10,-0.1234,0.006085,5.81,0.0097,0.000327,35.4,23.765929,86.415591
2026-06-01 07:00:00,N10,-0.1309,0.007327,9.03,0.0095,0.00024,37.4,23.765929,86.415591
2026-06-01 08:00:00,N10,0.0238,0.005788,9.87,0.0092,0.000295,39.2,23.765929,86.415591
2026-06-01 09:00:00,N10,-0.1341,0.005341,8.79,0.0089,2.3e-05,40.7,23.765929,86.415591
2026-06-01 10:00:00,N10,-0.1228,0.005187,6.05,0.0092,0.000174,41.9,23.765929,86.415591
2026-06-01 11:00:00,N10,0.2996,0.005578,6.74,0.0092,0.000308,42.7,23.765929,86.415591
2026-06-01 12:00:00,N10,0.0666,0.005943,1.17,0.0099,0.008284,42.9,23.765929,86.415591
2026-06-01 13:00:00,N10,0.0251,0.95248,33.35,-0.0074,0.008879,42.7,23.765929,86.415591
2026-06-01 14:00:00,N10,-0.0524,0.823342,17.51,-0.0079,0.008259,41.9,23.765929,86.415591
2026-06-01 15:00:00,N10,-0.066,0.007833,7.61,0.0092,0.008727,40.7,23.765929,86.415591
2026-06-01 16:00:00,N10,0.1438,0.006508,9.54,0.0096,0.000158,39.2,23.765929,86.415591
2026-06-01 17:00:00,N10,0.1228,0.00827,9.91,0.0095,7.3e-05,37.4,23.765929,86.415591
2026-06-01 18:00:00,N10,-0.0445,0.005789,3.81,0.0097,0.000364,35.4,23.765929,86.415591
2026-06-01 19:00:00,N10,,,,,,,23.765929,86.415591
2026-06-01 20:00:00,N10,-0.0171,0.005204,3.41,0.0108,0.000286,31.7,23.765929,86.415591
2026-06-01 21:00:00,N10,-0.1888,0.007175,5.02,0.0108,0.000407,30.1,23.765929,86.415591
2026-06-01 22:00:00,N10,-0.1959,0.00582,6.59,0.01,1.5e-05,28.9,23.765929,86.415591
2026-06-01 23:00:00,N10,0.1314,0.005741,4.1,0.0108,8.9e-05,28.2,23.765929,86.415591
2026-06-02 00:00:00,N10,-0.1712,0.007331,3.05,0.0099,0.000722,24.2,23.765929,86.415591
2026-06-02 01:00:00,N10,-0.1195,0.005201,5.78,0.0094,0.000379,24.4,23.765929,86.415591
2026-06-02 02:00:00,N10,0.0708,0.005066,9.04,0.0091,0.000646,25.2,23.765929,86.415591
2026-06-02 03:00:00,N10,0.1795,0.006831,2.75,0.0081,0.000541,26.4,23.765929,86.415591
2026-06-02 04:00:00,N10,0.0694,0.005728,8.47,0.008,6.2e-05,27.9,23.765929,86.415591
2026-06-02 05:00:00,N10,0.1237,0.008293,4.56,0.0079,0.007592,29.7,23.765929,86.415591
2026-06-02 06:00:00,N10,0.235,0.908041,27.7,0.0232,0.008077,31.7,23.765929,86.415591
2026-06-02 07:00:00,N10,0.2386,0.610746,48.48,0.0241,0.006969,33.6,23.765929,86.415591
2026-06-02 08:00:00,N10,-0.0281,0.005509,9.23,0.0093,0.007,35.4,23.765929,86.415591
2026-06-02 09:00:00,N10,-0.0394,0.00912,7.4,0.0101,0.000918,37.0,23.765929,86.415591
2026-06-02 10:00:00,N10,0.0578,0.006124,8.59,0.0111,1.6e-05,38.2,23.765929,86.415591
2026-06-02 11:00:00,N10,0.145,0.008574,9.54,0.0101,0.000369,38.9,23.765929,86.415591
2026-06-02 12:00:00,N10,,,,,,,23.765929,86.415591
2026-06-02 13:00:00,N10,,,,,,,23.765929,86.415591
2026-06-02 14:00:00,N10,-0.0164,0.00683,7.21,0.0104,0.000196,38.2,23.765929,86.415591
2026-06-02 15:00:00,N10,-0.0568,0.008386,9.77,0.0102,0.000211,37.0,23.765929,86.415591
2026-06-02 16:00:00,N10,-0.1987,0.005559,8.53,0.01,0.000192,35.4,23.765929,86.415591
2026-06-02 17:00:00,N10,-0.1032,0.005057,5.8,0.0098,0.000172,33.6,23.765929,86.415591
2026-06-02 18:00:00,N10,-0.0505,0.005369,3.23,0.0103,0.000368,31.7,23.765929,86.415591
2026-06-02 19:00:00,N10,0.2644,0.007153,8.87,0.0106,0.000118,29.7,23.765929,86.415591
2026-06-02 20:00:00,N10,-0.1811,0.008237,3.16,0.0106,0.00049,27.9,23.765929,86.415591
2026-06-02 21:00:00,N10,-0.2461,0.005271,9.83,0.0096,0.000288,26.4,23.765929,86.415591
2026-06-02 22:00:00,N10,0.2548,0.005867,5.61,0.01,0.000153,25.2,23.765929,86.415591
2026-06-02 23:00:00,N10,-0.2361,0.005046,9.08,0.0099,1e-05,24.4,23.765929,86.415591
2026-06-03 00:00:00,N10,-0.1364,0.006964,3.9,0.01,0.000134,21.5,23.765929,86.415591
2026-06-03 01:00:00,N10,-0.4272,0.00558,6.53,0.0096,9.3e-05,21.8,23.765929,86.415591
2026-06-03 02:00:00,N10,0.1241,0.006606,5.7,0.0102,0.000456,22.5,23.765929,86.415591
2026-06-03 03:00:00,N10,-0.2186,0.005128,7.39,0.0105,0.000177,23.7,23.765929,86.415591
2026-06-03 04:00:00,N10,-0.1219,0.005904,2.69,0.0106,0.000228,25.3,23.765929,86.415591
2026-06-03 05:00:00,N10,-0.1267,0.006681,2.49,0.0101,0.000306,27.1,23.765929,86.415591
2026-06-03 06:00:00,N10,0.0689,0.006594,7.95,0.0099,3e-06,29.0,23.765929,86.415591
2026-06-03 07:00:00,N10,0.1937,0.006027,4.27,0.0101,0.000231,31.0,23.765929,86.415591
2026-06-03 08:00:00,N10,-0.0858,0.008212,1.92,0.0104,7.7e-05,32.8,23.765929,86.415591
2026-06-03 09:00:00,N10,-0.0745,0.005269,4.93,0.0102,0.000534,34.3,23.765929,86.415591
2026-06-03 10:00:00,N10,0.0765,0.006736,1.86,0.0115,0.000373,35.5,23.765929,86.415591
2026-06-03 11:00:00,N10,0.1318,0.005988,5.29,0.011,0.005314,36.3,23.765929,86.415591
2026-06-03 12:00:00,N10,-0.0217,0.947574,20.64,0.0221,0.000302,36.5,23.765929,86.415591
2026-06-03 13:00:00,N10,,,,,,,23.765929,86.415591
2026-06-03 14:00:00,N10,,,,,,,23.765929,86.415591
2026-06-03 15:00:00,N10,,,,,,,23.765929,86.415591
2026-06-03 16:00:00,N10,,,,,,,23.765929,86.415591
2026-06-03 17:00:00,N10,,,,,,,23.765929,86.415591
2026-06-03 18:00:00,N10,-0.1352,0.009021,8.03,0.0112,2.2e-05,29.0,23.765929,86.415591
2026-06-03 19:00:00,N10,0.2132,0.007113,4.21,0.0112,0.000233,27.1,23.765929,86.415591
2026-06-03 20:00:00,N10,-0.1399,0.005267,6.36,0.0108,0.000406,25.3,23.765929,86.415591
2026-06-03 21:00:00,N10,-0.2033,0.005814,6.81,0.0104,0.000461,23.7,23.765929,86.415591
2026-06-03 22:00:00,N10,0.0099,0.006466,5.36,0.0099,0.000356,22.5,23.765929,86.415591
2026-06-03 23:00:00,N10,0.1425,0.007027,1.91,0.0097,0.000286,21.8,23.765929,86.415591
2026-06-04 00:00:00,N10,0.1245,0.005116,2.72,0.0104,0.000112,25.6,23.765929,86.415591
2026-06-04 01:00:00,N10,-0.2126,0.006538,1.66,0.0099,1.1e-05,25.8,23.765929,86.415591
2026-06-04 02:00:00,N10,0.0079,0.007066,1.49,0.0104,0.000215,26.6,23.765929,86.415591
2026-06-04 03:00:00,N10,-0.1697,0.007758,4.65,0.0104,0.00029,27.8,23.765929,86.415591
2026-06-04 04:00:00,N10,,,,,,,23.765929,86.415591
2026-06-04 05:00:00,N10,-0.0709,0.006072,5.62,0.0104,6.4e-05,31.1,23.765929,86.415591
2026-06-04 06:00:00,N10,0.0736,0.006096,6.55,0.0109,0.000118,33.1,23.765929,86.415591
2026-06-04 07:00:00,N10,0.0153,0.006028,8.21,0.0106,0.000219,35.0,23.765929,86.415591
2026-06-04 08:00:00,N10,,,,,,,23.765929,86.415591
2026-06-04 09:00:00,N10,,,,,,,23.765929,86.415591
2026-06-04 10:00:00,N10,,,,,,,23.765929,86.415591
2026-06-04 11:00:00,N10,,,,,,,23.765929,86.415591
2026-06-04 12:00:00,N10,,,,,,,23.765929,86.415591
2026-06-04 13:00:00,N10,-0.1845,0.005524,7.04,0.0093,3.2e-05,40.3,23.765929,86.415591
2026-06-04 14:00:00,N10,0.1664,0.005794,5.4,0.0093,0.000292,39.6,23.765929,86.415591
2026-06-04 15:00:00,N10,0.0182,0.007709,2.84,0.0099,0.004108,38.4,23.765929,86.415591
2026-06-04 16:00:00,N10,0.1135,0.914403,16.93,0.0175,0.004114,36.8,23.765929,86.415591
2026-06-04 17:00:00,N10,0.1085,0.829836,30.22,0.0181,0.002969,35.0,23.765929,86.415591
2026-06-04 18:00:00,N10,0.0414,0.00575,5.52,0.0116,0.003425,33.1,23.765929,86.415591
2026-06-04 19:00:00,N10,-0.0738,0.006803,6.82,0.0113,0.00042,31.1,23.765929,86.415591
2026-06-04 20:00:00,N10,0.0178,0.006178,5.01,0.0108,0.00029,29.3,23.765929,86.415591
2026-06-04 21:00:00,N10,0.0134,0.006635,3.06,0.0107,0.000126,27.8,23.765929,86.415591
2026-06-04 22:00:00,N10,-0.0069,0.00615,1.22,0.0105,8.2e-05,26.6,23.765929,86.415591
2026-06-04 23:00:00,N10,0.0263,0.00984,7.98,0.0105,0.000222,25.8,23.765929,86.415591
2026-06-05 00:00:00,N10,0.1419,0.006072,1.83,0.011,0.000294,23.5,23.765929,86.415591
2026-06-05 01:00:00,N10,-0.1556,0.006567,7.74,0.0111,0.000132,23.8,23.765929,86.415591
2026-06-05 02:00:00,N10,-0.2558,0.005383,9.14,0.0107,0.000874,24.5,23.765929,86.415591
2026-06-05 03:00:00,N10,0.0721,0.005676,8.35,0.0094,0.000402,25.7,23.765929,86.415591
2026-06-05 04:00:00,N10,-0.203,0.009174,5.98,0.0099,0.000104,27.3,23.765929,86.415591
2026-06-05 05:00:00,N10,0.081,0.006162,5.84,0.0092,0.006636,29.1,23.765929,86.415591
2026-06-05 06:00:00,N10,0.1942,0.792713,46.92,0.0232,0.00726,31.0,23.765929,86.415591
2026-06-05 07:00:00,N10,0.1727,0.800696,25.81,0.0237,0.009542,33.0,23.765929,86.415591
2026-06-05 08:00:00,N10,-0.0308,0.955364,33.89,0.0041,0.009819,34.8,23.765929,86.415591
2026-06-05 09:00:00,N10,0.172,0.523558,43.02,0.0041,0.003448,36.3,23.765929,86.415591
2026-06-05 10:00:00,N10,-0.1402,0.005314,3.06,0.011,0.003429,37.5,23.765929,86.415591
2026-06-05 11:00:00,N10,,,,,,,23.765929,86.415591
2026-06-05 12:00:00,N10,,,,,,,23.765929,86.415591
2026-06-05 13:00:00,N10,0.2623,0.006281,7.02,0.0103,0.000427,38.3,23.765929,86.415591
2026-06-05 14:00:00,N10,0.0075,0.007738,5.34,0.0103,9.1e-05,37.5,23.765929,86.415591
2026-06-05 15:00:00,N10,-0.0739,0.007787,1.51,0.0105,0.000423,36.3,23.765929,86.415591
2026-06-05 16:00:00,N10,,,,,,,23.765929,86.415591
2026-06-05 17:00:00,N10,,,,,,,23.765929,86.415591
2026-06-05 18:00:00,N10,,,,,,,23.765929,86.415591
2026-06-05 19:00:00,N10,,,,,,,23.765929,86.415591
2026-06-05 20:00:00,N10,,,,,,,23.765929,86.415591
2026-06-05 21:00:00,N10,-0.0942,0.006187,2.8,0.0102,0.000101,25.7,23.765929,86.415591
2026-06-05 22:00:00,N10,-0.1679,0.006248,4.83,0.0097,0.000448,24.5,23.765929,86.415591
2026-06-05 23:00:00,N10,0.249,0.007574,6.61,0.0093,0.000453,23.8,23.765929,86.415591
2026-06-06 00:00:00,N10,0.0068,0.012329,5.71,0.0088,0.000181,25.4,23.765929,86.415591
2026-06-06 01:00:00,N10,-0.0965,0.007527,4.46,0.009,0.000113,25.7,23.765929,86.415591
2026-06-06 02:00:00,N10,0.0125,0.006617,4.35,0.0085,0.000741,26.4,23.765929,86.415591
2026-06-06 03:00:00,N10,-0.0442,0.006439,1.94,0.0075,0.00063,27.6,23.765929,86.415591
2026-06-06 04:00:00,N10,0.0588,0.005736,6.25,0.0073,2.5e-05,29.1,23.765929,86.415591
2026-06-06 05:00:00,N10,0.1092,0.005985,8.8,0.0074,0.006715,31.0,23.765929,86.415591
2026-06-06 06:00:00,N10,-0.0389,0.831282,49.83,-0.0061,0.000471,32.9,23.765929,86.415591
2026-06-06 07:00:00,N10,0.0072,0.007272,4.62,0.0084,0.007372,34.8,23.765929,86.415591
2026-06-06 08:00:00,N10,0.1075,0.01039,3.42,0.0086,7e-06,36.6,23.765929,86.415591
2026-06-06 09:00:00,N10,0.2033,0.005761,4.95,0.0084,0.000346,38.2,23.765929,86.415591
2026-06-06 10:00:00,N10,0.2483,0.005123,4.67,0.0093,0.003693,39.4,23.765929,86.415591
2026-06-06 11:00:00,N10,0.0778,0.710889,42.21,0.001,0.000436,40.1,23.765929,86.415591
2026-06-06 12:00:00,N10,0.0748,0.006685,4.71,0.0102,0.004977,40.4,23.765929,86.415591
2026-06-06 13:00:00,N10,0.3927,0.007331,2.05,0.0109,0.000846,40.1,23.765929,86.415591
2026-06-06 14:00:00,N10,0.0639,0.00562,1.04,0.0119,0.007692,39.4,23.765929,86.415591
2026-06-06 15:00:00,N10,-0.2364,0.759263,44.01,0.0263,0.007559,38.2,23.765929,86.415591
2026-06-06 16:00:00,N10,0.1282,0.639312,35.49,0.027,0.006436,36.6,23.765929,86.415591
2026-06-06 17:00:00,N10,0.2903,0.009381,1.49,0.0135,0.006715,34.8,23.765929,86.415591
2026-06-06 18:00:00,N10,-0.0838,0.007558,6.81,0.0135,0.000365,32.9,23.765929,86.415591
2026-06-06 19:00:00,N10,-0.1664,0.007059,1.72,0.0142,0.001041,31.0,23.765929,86.415591
2026-06-06 20:00:00,N10,0.0084,0.010116,1.34,0.0156,0.001028,29.1,23.765929,86.415591
2026-06-06 21:00:00,N10,-0.0563,0.005912,4.71,0.0162,0.001076,27.6,23.765929,86.415591
2026-06-06 22:00:00,N10,0.0052,0.005229,3.09,0.0178,0.000731,26.4,23.765929,86.415591
2026-06-06 23:00:00,N10,0.0383,0.005973,9.1,0.0177,0.000488,25.7,23.765929,86.415591
2026-06-07 00:00:00,N10,0.0927,0.009659,3.99,0.0188,0.000671,24.4,23.765929,86.415591
2026-06-07 01:00:00,N10,-0.5023,0.006853,3.29,0.0191,0.00052,24.6,23.765929,86.415591
2026-06-07 02:00:00,N10,0.1163,0.006545,1.72,0.0198,0.001032,25.4,23.765929,86.415591
2026-06-07 03:00:00,N10,-0.1855,0.007684,3.92,0.0211,0.00067,26.6,23.765929,86.415591
2026-06-07 04:00:00,N10,-0.193,0.00723,4.93,0.0211,0.000562,28.1,23.765929,86.415591
2026-06-07 05:00:00,N10,-0.2282,0.006619,5.67,0.0222,0.000195,29.9,23.765929,86.415591
2026-06-07 06:00:00,N10,-0.0431,0.00685,8.12,0.0215,0.000198,31.9,23.765929,86.415591
2026-06-07 07:00:00,N10,0.2122,0.006663,2.38,0.0218,0.006692,33.8,23.765929,86.415591
2026-06-07 08:00:00,N10,-0.117,0.769008,24.14,0.0349,0.006843,35.6,23.765929,86.415591
2026-06-07 09:00:00,N10,0.1191,0.872694,41.41,0.0355,0.005517,37.2,23.765929,86.415591
2026-06-07 10:00:00,N10,,,,,,,23.765929,86.415591
2026-06-07 11:00:00,N10,,,,,,,23.765929,86.415591
2026-06-07 12:00:00,N10,0.1755,0.005154,6.65,0.0246,0.000579,39.4,23.765929,86.415591
2026-06-07 13:00:00,N10,-0.0508,0.006874,4.4,0.0256,0.008389,39.1,23.765929,86.415591
2026-06-07 14:00:00,N10,0.0855,0.657342,42.3,0.0078,0.009058,38.4,23.765929,86.415591
2026-06-07 15:00:00,N10,0.2444,0.717049,46.64,0.0075,0.00898,37.2,23.765929,86.415591
2026-06-07 16:00:00,N10,-0.1234,0.006944,2.38,0.0257,0.009217,35.6,23.765929,86.415591
2026-06-07 17:00:00,N10,-0.0038,0.00565,8.57,0.0259,5e-05,33.8,23.765929,86.415591
2026-06-07 18:00:00,N10,0.0258,0.006096,2.9,0.0258,0.000334,31.9,23.765929,86.415591
2026-06-07 19:00:00,N10,-0.1198,0.00555,9.06,0.0266,0.000816,29.9,23.765929,86.415591
2026-06-07 20:00:00,N10,-0.0949,0.01033,6.5,0.0275,0.000401,28.1,23.765929,86.415591
2026-06-07 21:00:00,N10,-0.3022,0.007478,4.14,0.0274,0.000304,26.6,23.765929,86.415591
2026-06-07 22:00:00,N10,-0.0974,0.005823,7.66,0.0281,2e-05,25.4,23.765929,86.415591
2026-06-07 23:00:00,N10,0.1802,0.005603,5.14,0.0275,0.000785,24.6,23.765929,86.415591
2026-06-08 00:00:00,N10,0.1935,0.007965,7.71,0.0265,0.000181,24.1,23.765929,86.415591
2026-06-08 01:00:00,N10,-0.0386,0.006001,4.73,0.0271,0.000285,24.3,23.765929,86.415591
2026-06-08 02:00:00,N10,0.0173,0.005388,7.6,0.0271,0.000256,25.1,23.765929,86.415591
2026-06-08 03:00:00,N10,-0.012,0.005298,2.61,0.0276,0.000333,26.3,23.765929,86.415591
2026-06-08 04:00:00,N10,-0.1024,0.00718,9.23,0.0278,0.000165,27.8,23.765929,86.415591
2026-06-08 05:00:00,N10,-0.0075,0.006072,6.75,0.0279,7e-05,29.6,23.765929,86.415591
2026-06-08 06:00:00,N10,,,,,,,23.765929,86.415591
2026-06-08 07:00:00,N10,,,,,,,23.765929,86.415591
2026-06-08 08:00:00,N10,,,,,,,23.765929,86.415591
2026-06-08 09:00:00,N10,,,,,,,23.765929,86.415591
2026-06-08 10:00:00,N10,,,,,,,23.765929,86.415591
2026-06-08 11:00:00,N10,0.0158,0.008995,2.38,0.0262,0.000301,38.8,23.765929,86.415591
2026-06-08 12:00:00,N10,-0.057,0.006102,2.15,0.0267,0.003484,39.1,23.765929,86.415591
2026-06-08 13:00:00,N10,-0.087,0.54982,35.87,0.0332,0.003529,38.8,23.765929,86.415591
2026-06-08 14:00:00,N10,-0.0281,0.519391,37.98,0.0337,0.003863,38.1,23.765929,86.415591
2026-06-08 15:00:00,N10,-0.0238,0.005135,4.9,0.0255,0.004048,36.9,23.765929,86.415591
2026-06-08 16:00:00,N10,-0.0082,0.006515,9.54,0.0256,0.004285,35.3,23.765929,86.415591
2026-06-08 17:00:00,N10,0.1677,0.661966,37.96,0.0169,0.00442,33.5,23.765929,86.415591
2026-06-08 18:00:00,N10,0.1208,0.535844,45.36,0.0168,0.003499,31.6,23.765929,86.415591
2026-06-08 19:00:00,N10,-0.0497,0.005015,1.63,0.0239,0.003462,29.6,23.765929,86.415591
2026-06-08 20:00:00,N10,-0.2096,0.006029,3.32,0.0237,0.000416,27.8,23.765929,86.415591
2026-06-08 21:00:00,N10,0.0523,0.007584,2.33,0.0231,0.000368,26.3,23.765929,86.415591
2026-06-08 22:00:00,N10,0.1878,0.006924,3.28,0.023,0.000123,25.1,23.765929,86.415591
2026-06-08 23:00:00,N10,-0.0615,0.00734,4.02,0.0228,9.4e-05,24.3,23.765929,86.415591
2026-06-09 00:00:00,N10,0.3916,0.007109,5.55,0.0228,3.9e-05,30.5,23.765929,86.415591
2026-06-09 01:00:00,N10,0.0259,0.006805,4.6,0.0229,0.000298,30.8,23.765929,86.415591
2026-06-09 02:00:00,N10,0.082,0.005654,1.76,0.0234,0.000447,31.5,23.765929,86.415591
2026-06-09 03:00:00,N10,0.0488,0.007441,5.51,0.0238,0.000151,32.7,23.765929,86.415591
2026-06-09 04:00:00,N10,-0.1072,0.005832,8.24,0.0237,0.000202,34.3,23.765929,86.415591
2026-06-09 05:00:00,N10,0.0932,0.00598,6.78,0.0234,0.000262,36.1,23.765929,86.415591
2026-06-09 06:00:00,N10,0.1548,0.008,4.76,0.0232,0.00041,38.0,23.765929,86.415591
2026-06-09 07:00:00,N10,-0.2136,0.00815,6.69,0.0226,4.9e-05,39.9,23.765929,86.415591
2026-06-09 08:00:00,N10,0.1119,0.00799,7.75,0.0231,0.000319,41.8,23.765929,86.415591
2026-06-09 09:00:00,N10,0.0031,0.005196,2.09,0.0219,0.000606,43.3,23.765929,86.415591
2026-06-09 10:00:00,N10,0.263,0.005022,5.92,0.0219,0.000272,44.5,23.765929,86.415591
2026-06-09 11:00:00,N10,0.0586,0.008049,6.07,0.0214,0.00043,45.2,23.765929,86.415591
2026-06-09 12:00:00,N10,0.1992,0.006965,7.09,0.021,0.00024,45.5,23.765929,86.415591
2026-06-09 13:00:00,N10,0.0617,0.006084,4.7,0.0209,5.4e-05,45.2,23.765929,86.415591
2026-06-09 14:00:00,N10,0.1695,0.008101,3.19,0.0209,0.000661,44.5,23.765929,86.415591
2026-06-09 15:00:00,N10,0.0378,0.008803,9.09,0.0196,0.000918,43.3,23.765929,86.415591
2026-06-09 16:00:00,N10,0.212,0.007158,7.5,0.0191,0.006818,41.8,23.765929,86.415591
2026-06-09 17:00:00,N10,0.127,0.780221,40.03,0.006,0.006496,39.9,23.765929,86.415591
2026-06-09 18:00:00,N10,0.028,0.974138,28.73,0.0061,0.006309,38.0,23.765929,86.415591
2026-06-09 19:00:00,N10,-0.1264,0.006035,6.44,0.0186,0.005774,36.1,23.765929,86.415591
2026-06-09 20:00:00,N10,-0.0801,0.009483,1.7,0.0176,0.000436,34.3,23.765929,86.415591
2026-06-09 21:00:00,N10,0.0454,0.005478,1.42,0.0177,0.000393,32.7,23.765929,86.415591
2026-06-09 22:00:00,N10,0.0416,0.006152,5.97,0.0184,0.00017,31.5,23.765929,86.415591
2026-06-09 23:00:00,N10,-0.0172,0.005976,2.19,0.018,0.000491,30.8,23.765929,86.415591
2026-06-10 00:00:00,N10,0.1289,0.005168,2.47,0.0174,0.000359,25.2,23.765929,86.415591
2026-06-10 01:00:00,N10,-0.0494,0.005567,8.18,0.0173,0.000195,25.4,23.765929,86.415591
2026-06-10 02:00:00,N10,0.0883,0.008313,1.78,0.0178,0.000217,26.2,23.765929,86.415591
2026-06-10 03:00:00,N10,-0.1095,0.007502,6.52,0.0169,0.000648,27.3,23.765929,86.415591
2026-06-10 04:00:00,N10,-0.2073,0.006971,9.1,0.0165,0.000318,28.9,23.765929,86.415591
2026-06-10 05:00:00,N10,0.088,0.00544,2.74,0.0163,0.003432,30.7,23.765929,86.415591
2026-06-10 06:00:00,N10,-0.1212,0.541974,31.91,0.0234,0.003708,32.7,23.765929,86.415591
2026-06-10 07:00:00,N10,0.2343,0.808052,38.85,0.0237,0.004035,34.6,23.765929,86.415591
2026-06-10 08:00:00,N10,0.196,0.007256,1.55,0.0153,0.004147,36.4,23.765929,86.415591
2026-06-10 09:00:00,N10,0.261,0.006006,2.28,0.0154,0.000109,38.0,23.765929,86.415591
2026-06-10 10:00:00,N10,0.1547,0.00591,7.8,0.0151,0.000296,39.1,23.765929,86.415591
2026-06-10 11:00:00,N10,0.1331,0.006727,8.7,0.016,0.000561,39.9,23.765929,86.415591
2026-06-10 12:00:00,N10,-0.2201,0.005107,9.49,0.0162,0.000396,40.2,23.765929,86.415591
2026-06-10 13:00:00,N10,0.0296,0.007471,7.14,0.0168,0.000325,39.9,23.765929,86.415591
2026-06-10 14:00:00,N10,0.182,0.009055,3.35,0.0156,0.00067,39.1,23.765929,86.415591
2026-06-10 15:00:00,N10,0.1326,0.005715,7.67,0.0154,0.000215,38.0,23.765929,86.415591
2026-06-10 16:00:00,N10,-0.1597,0.007536,2.93,0.0151,0.000212,36.4,23.765929,86.415591
2026-06-10 17:00:00,N10,-0.2182,0.005285,3.18,0.015,0.000265,34.6,23.765929,86.415591
2026-06-10 18:00:00,N10,-0.2132,0.005573,5.78,0.0146,0.000767,32.7,23.765929,86.415591
2026-06-10 19:00:00,N10,0.0457,0.005158,6.73,0.0135,0.000498,30.7,23.765929,86.415591
2026-06-10 20:00:00,N10,,,,,,,23.765929,86.415591
2026-06-10 21:00:00,N10,,,,,,,23.765929,86.415591
2026-06-10 22:00:00,N10,,,,,,,23.765929,86.415591
2026-06-10 23:00:00,N10,0.2361,0.009648,6.74,0.0154,0.000166,25.4,23.765929,86.415591
2026-06-11 00:00:00,N10,-0.0301,0.007898,4.47,0.0153,0.000767,25.8,23.765929,86.415591
2026-06-11 01:00:00,N10,0.1554,0.006214,5.28,0.0139,0.000215,26.0,23.765929,86.415591
2026-06-11 02:00:00,N10,,,,,,,23.765929,86.415591
2026-06-11 03:00:00,N10,,,,,,,23.765929,86.415591
2026-06-11 04:00:00,N10,,,,,,,23.765929,86.415591
2026-06-11 05:00:00,N10,-0.2725,0.006601,9.76,0.0138,0.000447,31.3,23.765929,86.415591
2026-06-11 06:00:00,N10,0.0658,0.005164,6.98,0.0129,0.000268,33.3,23.765929,86.415591
2026-06-11 07:00:00,N10,-0.0655,0.006161,6.52,0.0144,0.00047,35.2,23.765929,86.415591
2026-06-11 08:00:00,N10,0.1977,0.009093,1.71,0.0139,0.00018,37.0,23.765929,86.415591
2026-06-11 09:00:00,N10,-0.0516,0.005935,5.22,0.014,0.000205,38.6,23.765929,86.415591
2026-06-11 10:00:00,N10,0.1666,0.007755,3.5,0.0143,4e-05,39.8,23.765929,86.415591
2026-06-11 11:00:00,N10,-0.0341,0.011431,8.31,0.0139,0.000137,40.5,23.765929,86.415591
2026-06-11 12:00:00,N10,0.1986,0.006079,4.31,0.0146,0.000205,40.8,23.765929,86.415591
2026-06-11 13:00:00,N10,-0.1454,0.005807,5.29,0.0144,0.004818,40.5,23.765929,86.415591
2026-06-11 14:00:00,N10,0.0375,0.967488,46.43,0.0242,0.013771,39.8,23.765929,86.415591
2026-06-11 15:00:00,N10,-0.1115,0.625091,17.75,0.0419,0.004551,38.6,23.765929,86.415591
2026-06-11 16:00:00,N10,0.1177,0.005399,2.59,0.0151,0.013077,37.0,23.765929,86.415591
2026-06-11 17:00:00,N10,0.2597,0.00741,8.03,0.0157,0.000255,35.2,23.765929,86.415591
2026-06-11 18:00:00,N10,-0.2169,0.00643,2.64,0.0156,0.000416,33.3,23.765929,86.415591
2026-06-11 19:00:00,N10,0.0831,0.006695,6.59,0.0149,0.00018,31.3,23.765929,86.415591
2026-06-11 20:00:00,N10,0.0466,0.005891,7.09,0.0153,3.7e-05,29.5,23.765929,86.415591
2026-06-11 21:00:00,N10,-0.1292,0.005717,2.38,0.0148,0.000494,28.0,23.765929,86.415591
2026-06-11 22:00:00,N10,0.1861,0.008386,4.94,0.0143,0.000626,26.8,23.765929,86.415591
2026-06-11 23:00:00,N10,0.157,0.005454,6.71,0.0161,0.000908,26.0,23.765929,86.415591
2026-06-12 00:00:00,N10,0.286,0.005687,9.54,0.0161,1.7e-05,29.2,23.765929,86.415591
2026-06-12 01:00:00,N10,0.0779,0.005815,1.68,0.0161,9e-06,29.5,23.765929,86.415591
2026-06-12 02:00:00,N10,0.154,0.006172,8.87,0.0161,0.000183,30.2,23.765929,86.415591
2026-06-12 03:00:00,N10,0.0899,0.005978,3.09,0.0165,0.000337,31.4,23.765929,86.415591
2026-06-12 04:00:00,N10,0.2341,0.005548,8.52,0.0154,0.003718,33.0,23.765929,86.415591
2026-06-12 05:00:00,N10,0.04,0.008312,3.71,0.0091,0.003011,34.8,23.765929,86.415591
2026-06-12 06:00:00,N10,0.3003,0.005053,5.64,0.0094,0.003841,36.7,23.765929,86.415591
2026-06-12 07:00:00,N10,-0.0686,0.989557,29.45,0.0014,0.004396,38.7,23.765929,86.415591
2026-06-12 08:00:00,N10,-0.047,0.668342,35.99,0.0006,0.002997,40.5,23.765929,86.415591
2026-06-12 09:00:00,N10,0.3652,0.005092,8.87,0.0074,0.003699,42.0,23.765929,86.415591
2026-06-12 10:00:00,N10,0.0127,0.007846,5.35,0.008,0.000749,43.2,23.765929,86.415591
2026-06-12 11:00:00,N10,,,,,,,23.765929,86.415591
2026-06-12 12:00:00,N10,,,,,,,23.765929,86.415591
2026-06-12 13:00:00,N10,,,,,,,23.765929,86.415591
2026-06-12 14:00:00,N10,,,,,,,23.765929,86.415591
2026-06-12 15:00:00,N10,,,,,,,23.765929,86.415591
2026-06-12 16:00:00,N10,0.1554,0.009295,3.21,0.0109,0.000329,40.5,23.765929,86.415591
2026-06-12 17:00:00,N10,-0.1521,0.00526,2.81,0.0112,0.000317,38.7,23.765929,86.415591
2026-06-12 18:00:00,N10,-0.0467,0.009091,2.35,0.0102,0.000733,36.7,23.765929,86.415591
2026-06-12 19:00:00,N10,-0.1352,0.007092,2.86,0.0097,0.000382,34.8,23.765929,86.415591
2026-06-12 20:00:00,N10,-0.0776,0.006351,5.98,0.0095,0.000166,33.0,23.765929,86.415591
2026-06-12 21:00:00,N10,-0.0914,0.00598,5.84,0.0094,8.6e-05,31.4,23.765929,86.415591
2026-06-12 22:00:00,N10,0.1191,0.007477,3.62,0.0093,0.000166,30.2,23.765929,86.415591
2026-06-12 23:00:00,N10,-0.1183,0.005693,8.96,0.009,0.000341,29.5,23.765929,86.415591
2026-06-13 00:00:00,N10,-0.0017,0.006272,4.79,0.0086,0.00034,24.4,23.765929,86.415591
2026-06-13 01:00:00,N10,0.0435,0.005192,4.56,0.0084,0.00018,24.6,23.765929,86.415591
2026-06-13 02:00:00,N10,0.0014,0.006847,2.52,0.0083,0.000232,25.4,23.765929,86.415591
2026-06-13 03:00:00,N10,0.118,0.009563,3.49,0.0079,0.000486,26.6,23.765929,86.415591
2026-06-13 04:00:00,N10,-0.237,0.005187,8.65,0.0073,0.000111,28.1,23.765929,86.415591
2026-06-13 05:00:00,N10,-0.0174,0.006317,8.0,0.0077,0.004614,29.9,23.765929,86.415591
2026-06-13 06:00:00,N10,0.1037,0.684448,27.54,-0.0019,0.000115,31.9,23.765929,86.415591
2026-06-13 07:00:00,N10,-0.1941,0.009314,5.21,0.0074,0.014569,33.8,23.765929,86.415591
2026-06-13 08:00:00,N10,0.255,0.614616,40.48,0.0272,0.000382,35.6,23.765929,86.415591
2026-06-13 09:00:00,N10,0.0905,0.00749,1.77,0.0067,0.010473,37.2,23.765929,86.415591
2026-06-13 10:00:00,N10,0.1579,0.005495,1.28,0.0062,0.000192,38.4,23.765929,86.415591
2026-06-13 11:00:00,N10,0.1941,0.005226,5.48,0.0063,0.000264,39.1,23.765929,86.415591
2026-06-13 12:00:00,N10,0.2163,0.005698,8.58,0.0068,9.7e-05,39.4,23.765929,86.415591
2026-06-13 13:00:00,N10,0.2317,0.006217,5.7,0.0065,0.000213,39.1,23.765929,86.415591
2026-06-13 14:00:00,N10,0.1261,0.008017,3.62,0.0063,0.005597,38.4,23.765929,86.415591
2026-06-13 15:00:00,N10,,,,,,,23.765929,86.415591
2026-06-13 16:00:00,N10,,,,,,,23.765929,86.415591
2026-06-13 17:00:00,N10,,,,,,,23.765929,86.415591
2026-06-13 18:00:00,N10,0.1767,0.005033,9.87,0.0064,5.6e-05,31.9,23.765929,86.415591
2026-06-13 19:00:00,N10,-0.0991,0.007026,8.42,0.006,6e-05,29.9,23.765929,86.415591
2026-06-13 20:00:00,N10,0.0985,0.006253,4.48,0.0063,0.000358,28.1,23.765929,86.415591
2026-06-13 21:00:00,N10,-0.1407,0.0076,3.1,0.0067,2.7e-05,26.6,23.765929,86.415591
2026-06-13 22:00:00,N10,0.0785,0.007759,1.7,0.0063,3.4e-05,25.4,23.765929,86.415591
2026-06-13 23:00:00,N10,-0.1204,0.00532,2.2,0.0066,9.4e-05,24.6,23.765929,86.415591
2026-06-14 00:00:00,N10,-0.2094,0.007077,6.6,0.0065,3e-06,26.1,23.765929,86.415591
2026-06-14 01:00:00,N10,-0.1584,0.009422,7.7,0.0066,0.00016,26.4,23.765929,86.415591
2026-06-14 02:00:00,N10,-0.2228,0.005362,9.19,0.0068,0.000133,27.1,23.765929,86.415591
2026-06-14 03:00:00,N10,-0.0385,0.005455,3.86,0.0069,0.000465,28.3,23.765929,86.415591
2026-06-14 04:00:00,N10,-0.1627,0.005521,5.5,0.0059,0.000743,29.9,23.765929,86.415591
2026-06-14 05:00:00,N10,,,,,,,23.765929,86.415591
2026-06-14 06:00:00,N10,0.3041,0.005024,3.73,0.0051,0.000181,33.6,23.765929,86.415591
2026-06-14 07:00:00,N10,-0.1284,0.009499,1.26,0.005,0.00015,35.6,23.765929,86.415591
2026-06-14 08:00:00,N10,-0.3154,0.005696,1.76,0.0048,0.000498,37.4,23.765929,86.415591
2026-06-14 09:00:00,N10,0.0496,0.007308,2.89,0.004,0.004142,38.9,23.765929,86.415591
2026-06-14 10:00:00,N10,0.0872,0.761396,26.84,-0.0035,0.00041,40.1,23.765929,86.415591
2026-06-14 11:00:00,N10,0.1201,0.005926,7.97,0.0048,0.003776,40.9,23.765929,86.415591
2026-06-14 12:00:00,N10,,,,,,,23.765929,86.415591
2026-06-14 13:00:00,N10,,,,,,,23.765929,86.415591
2026-06-14 14:00:00,N10,-0.0145,0.005352,3.29,0.0036,0.00773,40.1,23.765929,86.415591
2026-06-14 15:00:00,N10,-0.0271,0.007615,3.07,0.0034,0.00032,38.9,23.765929,86.415591
2026-06-14 16:00:00,N10,-0.1759,0.005188,3.13,0.0043,0.000339,37.4,23.765929,86.415591
2026-06-14 17:00:00,N10,-0.058,0.006433,6.19,0.004,0.00019,35.6,23.765929,86.415591
2026-06-14 18:00:00,N10,-0.0004,0.005124,8.62,0.0039,0.000398,33.6,23.765929,86.415591
2026-06-14 19:00:00,N10,-0.1407,0.005055,7.96,0.0032,0.000838,31.7,23.765929,86.415591
2026-06-14 20:00:00,N10,-0.0035,0.006001,3.81,0.0022,0.000826,29.9,23.765929,86.415591
2026-06-14 21:00:00,N10,0.3291,0.005004,4.47,0.0016,2.1e-05,28.3,23.765929,86.415591
2026-06-14 22:00:00,N10,0.1098,0.005071,7.18,0.0022,0.000378,27.1,23.765929,86.415591
2026-06-14 23:00:00,N10,-0.1611,0.008129,6.49,0.0023,0.000184,26.4,23.765929,86.415591
2026-06-15 00:00:00,N10,-0.1302,0.007762,6.96,0.0018,9.6e-05,25.2,23.765929,86.415591
2026-06-15 01:00:00,N10,-0.1431,0.005461,8.48,0.0022,0.000475,25.4,23.765929,86.415591
2026-06-15 02:00:00,N10,-0.1271,0.006962,3.71,0.0028,0.000473,26.2,23.765929,86.415591
2026-06-15 03:00:00,N10,-0.1312,0.007215,6.17,0.0031,7.4e-05,27.3,23.765929,86.415591
2026-06-15 04:00:00,N10,0.0426,0.005357,5.64,0.0029,0.00036,28.9,23.765929,86.415591
2026-06-15 05:00:00,N10,-0.3372,0.005316,3.81,0.0024,0.000537,30.7,23.765929,86.415591
2026-06-15 06:00:00,N10,-0.0488,0.006834,2.38,0.0018,0.000196,32.7,23.765929,86.415591
2026-06-15 07:00:00,N10,-0.026,0.005782,8.57,0.002,0.000203,34.6,23.765929,86.415591
2026-06-15 08:00:00,N10,,,,,,,23.765929,86.415591
2026-06-15 09:00:00,N10,,,,,,,23.765929,86.415591
2026-06-15 10:00:00,N10,0.2003,0.005535,3.03,-0.0005,5.2e-05,39.1,23.765929,86.415591
2026-06-15 11:00:00,N10,0.0052,0.0079,2.71,-0.0001,7.6e-05,39.9,23.765929,86.415591
2026-06-15 12:00:00,N10,0.2312,0.005096,2.73,-0.0004,0.00588,40.2,23.765929,86.415591
2026-06-15 13:00:00,N10,0.1474,0.844565,33.96,0.0116,0.000258,39.9,23.765929,86.415591
2026-06-15 14:00:00,N10,0.0891,0.006125,9.46,0.0002,0.005843,39.1,23.765929,86.415591
2026-06-15 15:00:00,N10,0.224,0.006645,2.11,-0.0,0.000298,38.0,23.765929,86.415591
2026-06-15 16:00:00,N10,-0.2157,0.007631,2.35,0.0008,0.000664,36.4,23.765929,86.415591
2026-06-15 17:00:00,N10,-0.0203,0.008766,6.11,0.0013,0.000474,34.6,23.765929,86.415591
2026-06-15 18:00:00,N10,0.0698,0.00596,7.15,0.0017,0.000198,32.7,23.765929,86.415591
2026-06-15 19:00:00,N10,-0.0358,0.006713,2.49,0.0017,9.9e-05,30.7,23.765929,86.415591
2026-06-15 20:00:00,N10,0.2092,0.005046,3.74,0.0015,7.1e-05,28.9,23.765929,86.415591
2026-06-15 21:00:00,N10,0.0212,0.006505,2.61,0.0015,0.000276,27.3,23.765929,86.415591
2026-06-15 22:00:00,N10,-0.0102,0.005863,9.86,0.0021,0.000504,26.2,23.765929,86.415591
2026-06-15 23:00:00,N10,-0.1569,0.010484,7.31,0.0026,0.000259,25.4,23.765929,86.415591
2026-06-16 00:00:00,N10,0.2404,0.006346,8.72,0.0015,0.000239,23.7,23.765929,86.415591
2026-06-16 01:00:00,N10,0.0485,0.006253,2.57,0.0021,8.8e-05,23.9,23.765929,86.415591
2026-06-16 02:00:00,N10,-0.0259,0.00587,6.49,0.0017,0.000303,24.7,23.765929,86.415591
2026-06-16 03:00:00,N10,-0.2751,0.008851,3.51,0.0015,7.7e-05,25.8,23.765929,86.415591
2026-06-16 04:00:00,N10,0.1801,0.007047,7.56,0.0019,0.00023,27.4,23.765929,86.415591
2026-06-16 05:00:00,N10,0.1318,0.005525,1.24,0.0019,7.1e-05,29.2,23.765929,86.415591
2026-06-16 06:00:00,N10,-0.1262,0.00591,9.75,0.002,8e-06,31.2,23.765929,86.415591
2026-06-16 07:00:00,N10,0.1397,0.007894,8.39,0.0019,4.7e-05,33.1,23.765929,86.415591
2026-06-16 08:00:00,N10,0.3184,0.007205,2.69,0.0021,0.000155,34.9,23.765929,86.415591
2026-06-16 09:00:00,N10,-0.3568,0.005609,2.04,0.0022,7.4e-05,36.5,23.765929,86.415591
2026-06-16 10:00:00,N10,,,,,,,23.765929,86.415591
2026-06-16 11:00:00,N10,,,,,,,23.765929,86.415591
2026-06-16 12:00:00,N10,,,,,,,23.765929,86.415591
2026-06-16 13:00:00,N10,,,,,,,23.765929,86.415591
2026-06-16 14:00:00,N10,,,,,,,23.765929,86.415591
2026-06-16 15:00:00,N10,-0.0104,0.844412,48.78,0.0167,0.003308,36.5,23.765929,86.415591
2026-06-16 16:00:00,N10,-0.0932,0.800442,17.47,0.0171,0.007209,34.9,23.765929,86.415591
2026-06-16 17:00:00,N10,-0.0018,0.007122,3.02,0.0023,0.006885,33.1,23.765929,86.415591
2026-06-16 18:00:00,N10,-0.0785,0.005105,9.05,0.0033,0.000905,31.2,23.765929,86.415591
2026-06-16 19:00:00,N10,-0.2294,0.006996,9.11,0.0041,0.000166,29.2,23.765929,86.415591
2026-06-16 20:00:00,N10,0.1434,0.006762,7.05,0.0037,0.000478,27.4,23.765929,86.415591
2026-06-16 21:00:00,N10,0.0926,0.005242,8.37,0.0031,0.000261,25.8,23.765929,86.415591
2026-06-16 22:00:00,N10,0.2306,0.005783,9.6,0.0031,0.000375,24.7,23.765929,86.415591
2026-06-16 23:00:00,N10,-0.1975,0.0076,5.65,0.0039,0.000901,23.9,23.765929,86.415591
2026-06-17 00:00:00,N10,-0.1667,0.006529,3.25,0.0049,0.000384,25.5,23.765929,86.415591
2026-06-17 01:00:00,N10,0.009,0.007555,3.32,0.0046,9.6e-05,25.7,23.765929,86.415591
2026-06-17 02:00:00,N10,-0.1234,0.005311,6.02,0.0047,0.000113,26.5,23.765929,86.415591
2026-06-17 03:00:00,N10,0.1516,0.006376,8.97,0.0049,0.000246,27.7,23.765929,86.415591
2026-06-17 04:00:00,N10,,,,,,,23.765929,86.415591
2026-06-17 05:00:00,N10,,,,,,,23.765929,86.415591
2026-06-17 06:00:00,N10,-0.046,0.006244,8.9,0.0035,0.000203,33.0,23.765929,86.415591
2026-06-17 07:00:00,N10,0.0297,0.005959,1.18,0.0047,0.008205,34.9,23.765929,86.415591
2026-06-17 08:00:00,N10,-0.1059,0.731221,26.89,0.0199,5e-05,36.7,23.765929,86.415591
2026-06-17 09:00:00,N10,0.0109,0.006464,3.05,0.0048,0.007815,38.3,23.765929,86.415591
2026-06-17 10:00:00,N10,-0.1568,0.00581,5.78,0.0043,0.00018,39.5,23.765929,86.415591
2026-06-17 11:00:00,N10,-0.0724,0.008641,4.55,0.0044,0.000297,40.2,23.765929,86.415591
2026-06-17 12:00:00,N10,0.2359,0.005592,7.59,0.0037,4e-06,40.5,23.765929,86.415591
2026-06-17 13:00:00,N10,0.0851,0.007502,3.43,0.0044,0.003667,40.2,23.765929,86.415591
2026-06-17 14:00:00,N10,,,,,,,23.765929,86.415591
2026-06-17 15:00:00,N10,,,,,,,23.765929,86.415591
2026-06-17 16:00:00,N10,,,,,,,23.765929,86.415591
2026-06-17 17:00:00,N10,,,,,,,23.765929,86.415591
2026-06-17 18:00:00,N10,,,,,,,23.765929,86.415591
2026-06-17 19:00:00,N10,,,,,,,23.765929,86.415591
2026-06-17 20:00:00,N10,,,,,,,23.765929,86.415591
2026-06-17 21:00:00,N10,-0.1171,0.006327,8.3,0.0043,0.000431,27.7,23.765929,86.415591
2026-06-17 22:00:00,N10,-0.3427,0.007453,5.08,0.0053,0.000895,26.5,23.765929,86.415591
2026-06-17 23:00:00,N10,0.0848,0.00617,9.63,0.0061,0.000525,25.7,23.765929,86.415591
2026-06-18 00:00:00,N10,,,,,,,23.765929,86.415591
2026-06-18 01:00:00,N10,,,,,,,23.765929,86.415591
2026-06-18 02:00:00,N10,,,,,,,23.765929,86.415591
2026-06-18 03:00:00,N10,-0.0703,0.007379,5.3,0.0064,9.6e-05,25.9,23.765929,86.415591
2026-06-18 04:00:00,N10,-0.1287,0.006919,9.42,0.0061,0.000236,27.5,23.765929,86.415591
2026-06-18 05:00:00,N10,0.2311,0.007134,2.78,0.0059,0.004762,29.3,23.765929,86.415591
2026-06-18 06:00:00,N10,-0.0424,0.926071,28.62,-0.0034,0.008106,31.3,23.765929,86.415591
2026-06-18 07:00:00,N10,0.1348,0.757823,21.17,-0.0103,0.003867,33.2,23.765929,86.415591
2026-06-18 08:00:00,N10,-0.0797,0.942589,23.48,-0.0112,0.008113,35.0,23.765929,86.415591
2026-06-18 09:00:00,N10,-0.1154,0.006644,4.84,0.0059,0.008485,36.6,23.765929,86.415591
2026-06-18 10:00:00,N10,-0.0669,0.006253,6.48,0.0058,0.000392,37.7,23.765929,86.415591
2026-06-18 11:00:00,N10,-0.0383,0.009896,5.75,0.0067,0.000533,38.5,23.765929,86.415591
2026-06-18 12:00:00,N10,0.2657,0.005572,1.22,0.0069,0.000356,38.8,23.765929,86.415591
2026-06-18 13:00:00,N10,-0.0857,0.00523,2.62,0.0074,0.000649,38.5,23.765929,86.415591
2026-06-18 14:00:00,N10,0.0492,0.006807,1.58,0.0082,0.000265,37.7,23.765929,86.415591
2026-06-18 15:00:00,N10,0.2909,0.005319,8.49,0.0079,0.000228,36.6,23.765929,86.415591
2026-06-18 16:00:00,N10,0.2612,0.006691,3.73,0.0077,0.000198,35.0,23.765929,86.415591
2026-06-18 17:00:00,N10,0.1534,0.00532,5.6,0.0075,0.000416,33.2,23.765929,86.415591
2026-06-18 18:00:00,N10,0.246,0.005661,7.02,0.0086,0.000429,31.3,23.765929,86.415591
2026-06-18 19:00:00,N10,-0.1832,0.005224,2.56,0.0084,0.000287,29.3,23.765929,86.415591
2026-06-18 20:00:00,N10,0.3228,0.005672,5.69,0.008,0.000426,27.5,23.765929,86.415591
2026-06-18 21:00:00,N10,0.1176,0.005413,8.11,0.0076,0.000398,25.9,23.765929,86.415591
2026-06-18 22:00:00,N10,0.1213,0.006057,3.62,0.0072,2.5e-05,24.8,23.765929,86.415591
2026-06-18 23:00:00,N10,-0.1672,0.007143,6.45,0.0075,0.000358,24.0,23.765929,86.415591
2026-06-19 00:00:00,N10,,,,,,,23.765929,86.415591
2026-06-19 01:00:00,N10,,,,,,,23.765929,86.415591
2026-06-19 02:00:00,N10,0.0695,0.005951,9.62,0.0068,0.000243,24.0,23.765929,86.415591
2026-06-19 03:00:00,N10,0.0196,0.00501,3.48,0.007,0.000407,25.2,23.765929,86.415591
2026-06-19 04:00:00,N10,-0.2929,0.00532,7.65,0.0077,0.000279,26.7,23.765929,86.415591
2026-06-19 05:00:00,N10,-0.0413,0.006672,4.13,0.0076,0.000312,28.5,23.765929,86.415591
2026-06-19 06:00:00,N10,0.0949,0.006347,3.15,0.0083,0.000341,30.5,23.765929,86.415591
2026-06-19 07:00:00,N10,-0.0955,0.005674,9.79,0.0083,0.000347,32.4,23.765929,86.415591
2026-06-19 08:00:00,N10,0.0544,0.00577,4.46,0.0076,0.006425,34.2,23.765929,86.415591
2026-06-19 09:00:00,N10,-0.0034,0.504579,45.13,0.0211,0.002851,35.8,23.765929,86.415591
2026-06-19 10:00:00,N10,-0.0135,0.952902,18.81,0.0133,0.006834,37.0,23.765929,86.415591
2026-06-19 11:00:00,N10,-0.021,0.006054,3.49,0.0075,0.003034,37.7,23.765929,86.415591
2026-06-19 12:00:00,N10,0.0955,0.00705,4.04,0.0072,0.000109,38.0,23.765929,86.415591
2026-06-19 13:00:00,N10,0.0166,0.007484,5.35,0.0072,0.000134,37.7,23.765929,86.415591
2026-06-19 14:00:00,N10,-0.0426,0.005001,1.69,0.007,0.00034,37.0,23.765929,86.415591
2026-06-19 15:00:00,N10,0.1827,0.007139,3.23,0.0066,0.000263,35.8,23.765929,86.415591
2026-06-19 16:00:00,N10,0.0107,0.006831,9.78,0.0064,1e-06,34.2,23.765929,86.415591
2026-06-19 17:00:00,N10,-0.1807,0.007105,2.65,0.0066,9.1e-05,32.4,23.765929,86.415591
2026-06-19 18:00:00,N10,-0.0673,0.005883,4.49,0.0062,0.000187,30.5,23.765929,86.415591
2026-06-19 19:00:00,N10,0.1012,0.00605,8.49,0.0062,0.000123,28.5,23.765929,86.415591
2026-06-19 20:00:00,N10,-0.0624,0.00846,9.62,0.006,0.000367,26.7,23.765929,86.415591
2026-06-19 21:00:00,N10,0.0404,0.007158,5.58,0.0055,0.000109,25.2,23.765929,86.415591
2026-06-19 22:00:00,N10,-0.1315,0.006839,5.53,0.0058,0.00011,24.0,23.765929,86.415591
2026-06-19 23:00:00,N10,-0.0339,0.007794,8.23,0.0052,0.000701,23.2,23.765929,86.415591
2026-06-20 00:00:00,N10,-0.0604,0.00586,5.65,0.0044,0.000439,23.9,23.765929,86.415591
2026-06-20 01:00:00,N10,-0.1035,0.006918,4.04,0.0044,0.000121,24.1,23.765929,86.415591
2026-06-20 02:00:00,N10,-0.1386,0.006714,4.35,0.0046,0.000392,24.9,23.765929,86.415591
2026-06-20 03:00:00,N10,-0.0117,0.005685,9.78,0.0051,3.1e-05,26.1,23.765929,86.415591
2026-06-20 04:00:00,N10,0.0266,0.005478,2.37,0.0047,0.000434,27.6,23.765929,86.415591
2026-06-20 05:00:00,N10,-0.1286,0.010305,2.74,0.0043,0.000504,29.4,23.765929,86.415591
2026-06-20 06:00:00,N10,-0.1199,0.0065,9.13,0.0037,0.000429,31.4,23.765929,86.415591
2026-06-20 07:00:00,N10,-0.1157,0.007186,5.87,0.0034,0.004323,33.3,23.765929,86.415591
2026-06-20 08:00:00,N10,0.4761,0.839384,29.56,0.0123,0.004615,35.1,23.765929,86.415591
2026-06-20 09:00:00,N10,0.3567,0.83509,47.96,0.0126,0.004114,36.7,23.765929,86.415591
2026-06-20 10:00:00,N10,0.022,0.007022,7.77,0.0041,0.004051,37.9,23.765929,86.415591
2026-06-20 11:00:00,N10,0.0737,0.007747,6.56,0.0045,0.00016,38.6,23.765929,86.415591
2026-06-20 12:00:00,N10,-0.1258,0.007012,6.91,0.0038,0.000313,38.9,23.765929,86.415591
2026-06-20 13:00:00,N10,0.0873,0.00654,4.48,0.0039,0.004183,38.6,23.765929,86.415591
2026-06-20 14:00:00,N10,-0.0737,0.652723,16.88,0.0121,0.001508,37.9,23.765929,86.415591
2026-06-20 15:00:00,N10,0.2279,0.943003,41.4,0.0069,0.0061,36.7,23.765929,86.415591
2026-06-20 16:00:00,N10,0.1826,0.571177,27.39,-0.0001,0.001127,35.1,23.765929,86.415591
2026-06-20 17:00:00,N10,,,,,,,23.765929,86.415591
2026-06-20 18:00:00,N10,,,,,,,23.765929,86.415591
2026-06-20 19:00:00,N10,,,,,,,23.765929,86.415591
2026-06-20 20:00:00,N10,-0.2162,0.007563,3.81,0.0046,0.000562,27.6,23.765929,86.415591
2026-06-20 21:00:00,N10,0.1546,0.00668,2.69,0.0052,0.000346,26.1,23.765929,86.415591
2026-06-20 22:00:00,N10,0.0065,0.006112,1.1,0.0053,8.6e-05,24.9,23.765929,86.415591
2026-06-20 23:00:00,N10,0.0709,0.007164,3.66,0.005,0.000211,24.1,23.765929,86.415591
2026-06-21 00:00:00,N10,0.1301,0.005896,8.59,0.0057,8.8e-05,25.4,23.765929,86.415591
2026-06-21 01:00:00,N10,-0.3082,0.006277,7.92,0.0052,0.000509,25.7,23.765929,86.415591
2026-06-21 02:00:00,N10,-0.1303,0.006124,6.5,0.0047,3.9e-05,26.4,23.765929,86.415591
2026-06-21 03:00:00,N10,-0.1125,0.006612,8.95,0.0051,0.000265,27.6,23.765929,86.415591
2026-06-21 04:00:00,N10,0.2218,0.007213,7.95,0.0052,0.000217,29.2,23.765929,86.415591
2026-06-21 05:00:00,N10,-0.0594,0.005495,8.15,0.0056,0.000214,31.0,23.765929,86.415591
2026-06-21 06:00:00,N10,-0.1087,0.00539,6.79,0.0048,0.000782,32.9,23.765929,86.415591
2026-06-21 07:00:00,N10,0.115,0.005217,6.33,0.004,0.00713,34.9,23.765929,86.415591
2026-06-21 08:00:00,N10,0.2479,0.897051,26.28,-0.0095,0.007794,36.7,23.765929,86.415591
2026-06-21 09:00:00,N10,0.2216,0.702244,21.71,0.0196,0.014756,38.2,23.765929,86.415591
2026-06-21 10:00:00,N10,0.068,0.898814,38.81,0.02,0.007577,39.4,23.765929,86.415591
2026-06-21 11:00:00,N10,0.1668,0.007268,10.0,0.0044,0.008037,40.2,23.765929,86.415591
2026-06-21 12:00:00,N10,-0.1001,0.006828,9.7,0.004,0.000521,40.4,23.765929,86.415591
2026-06-21 13:00:00,N10,-0.0801,0.005765,3.75,0.0034,0.000258,40.2,23.765929,86.415591
2026-06-21 14:00:00,N10,0.1981,0.006427,6.88,0.0034,0.00013,39.4,23.765929,86.415591
2026-06-21 15:00:00,N10,-0.0806,0.005546,3.67,0.0031,0.000226,38.2,23.765929,86.415591
2026-06-21 16:00:00,N10,-0.0524,0.008254,2.54,0.003,0.000111,36.7,23.765929,86.415591
2026-06-21 17:00:00,N10,-0.1243,0.005939,8.07,0.0033,0.000345,34.9,23.765929,86.415591
2026-06-21 18:00:00,N10,0.2918,0.007749,4.32,0.0037,9.4e-05,32.9,23.765929,86.415591
2026-06-21 19:00:00,N10,-0.0211,0.006506,1.09,0.0035,7.3e-05,31.0,23.765929,86.415591
2026-06-21 20:00:00,N10,0.0729,0.006879,7.22,0.0035,0.000128,29.2,23.765929,86.415591
2026-06-21 21:00:00,N10,-0.0954,0.006302,8.04,0.0033,0.000122,27.6,23.765929,86.415591
2026-06-21 22:00:00,N10,0.1597,0.007042,5.68,0.0038,0.000367,26.4,23.765929,86.415591
2026-06-21 23:00:00,N10,-0.0258,0.008039,6.9,0.004,1.8e-05,25.7,23.765929,86.415591
2026-06-22 00:00:00,N10,-0.0929,0.006307,7.02,0.0037,9.7e-05,24.3,23.765929,86.415591
2026-06-22 01:00:00,N10,-0.168,0.005245,8.12,0.0038,0.00037,24.5,23.765929,86.415591
2026-06-22 02:00:00,N10,0.1916,0.007792,5.77,0.003,6.8e-05,25.3,23.765929,86.415591
2026-06-22 03:00:00,N10,0.017,0.006311,1.98,0.0037,0.000544,26.5,23.765929,86.415591
2026-06-22 04:00:00,N10,0.0501,0.005104,8.88,0.0041,0.000548,28.0,23.765929,86.415591
2026-06-22 05:00:00,N10,-0.1202,0.006838,6.2,0.0048,0.000495,29.8,23.765929,86.415591
2026-06-22 06:00:00,N10,0.2666,0.010384,6.39,0.0051,0.000398,31.8,23.765929,86.415591
2026-06-22 07:00:00,N10,0.094,0.005586,3.19,0.004,0.000333,33.7,23.765929,86.415591
2026-06-22 08:00:00,N10,-0.0887,0.00812,6.58,0.0044,0.000566,35.5,23.765929,86.415591
2026-06-22 09:00:00,N10,0.1051,0.005719,1.17,0.0051,0.000166,37.1,23.765929,86.415591
2026-06-22 10:00:00,N10,,,,,,,23.765929,86.415591
2026-06-22 11:00:00,N10,,,,,,,23.765929,86.415591
2026-06-22 12:00:00,N10,,,,,,,23.765929,86.415591
2026-06-22 13:00:00,N10,,,,,,,23.765929,86.415591
2026-06-22 14:00:00,N10,,,,,,,23.765929,86.415591
2026-06-22 15:00:00,N10,0.1307,0.504298,30.96,0.021,0.008186,37.1,23.765929,86.415591
2026-06-22 16:00:00,N10,0.0196,0.856314,34.22,0.0207,0.008467,35.5,23.765929,86.415591
2026-06-22 17:00:00,N10,-0.0501,0.005506,1.44,0.0041,0.00836,33.7,23.765929,86.415591
2026-06-22 18:00:00,N10,-0.1053,0.006393,3.32,0.004,0.000288,31.8,23.765929,86.415591
2026-06-22 19:00:00,N10,-0.0353,0.005346,8.22,0.0047,0.000439,29.8,23.765929,86.415591
2026-06-22 20:00:00,N10,0.1131,0.007543,9.04,0.0049,0.000272,28.0,23.765929,86.415591
2026-06-22 21:00:00,N10,0.0568,0.006518,5.73,0.0052,0.000544,26.5,23.765929,86.415591
2026-06-22 22:00:00,N10,-0.0696,0.00582,4.98,0.006,3.6e-05,25.3,23.765929,86.415591
2026-06-22 23:00:00,N10,0.0819,0.005733,1.13,0.0053,0.000269,24.5,23.765929,86.415591
2026-06-23 00:00:00,N10,-0.0643,0.005057,8.08,0.0054,5.8e-05,27.7,23.765929,86.415591
2026-06-23 01:00:00,N10,0.0781,0.008603,7.4,0.0052,3.3e-05,28.0,23.765929,86.415591
2026-06-23 02:00:00,N10,-0.1315,0.007569,3.04,0.0055,0.000388,28.7,23.765929,86.415591
2026-06-23 03:00:00,N10,-0.1363,0.006685,3.45,0.0059,0.000248,29.9,23.765929,86.415591
2026-06-23 04:00:00,N10,0.0896,0.007412,8.23,0.006,3.6e-05,31.5,23.765929,86.415591
2026-06-23 05:00:00,N10,0.1279,0.00834,4.9,0.006,0.005934,33.3,23.765929,86.415591
2026-06-23 06:00:00,N10,0.0345,0.73609,15.1,-0.0059,0.006353,35.2,23.765929,86.415591
2026-06-23 07:00:00,N10,-0.0642,0.98525,23.46,-0.0067,0.005172,37.1,23.765929,86.415591
2026-06-23 08:00:00,N10,-0.1998,0.005559,8.62,0.0044,0.005544,39.0,23.765929,86.415591
2026-06-23 09:00:00,N10,0.2399,0.005898,4.92,0.0044,0.000183,40.5,23.765929,86.415591
2026-06-23 10:00:00,N10,-0.054,0.008626,3.56,0.0041,0.000202,41.7,23.765929,86.415591
2026-06-23 11:00:00,N10,0.2744,0.005186,1.23,0.004,0.004602,42.4,23.765929,86.415591
2026-06-23 12:00:00,N10,0.0693,0.710469,48.93,-0.0051,0.00032,42.7,23.765929,86.415591
2026-06-23 13:00:00,N10,-0.1151,0.005755,5.73,0.0046,0.004972,42.4,23.765929,86.415591
2026-06-23 14:00:00,N10,0.0179,0.005912,6.92,0.0048,9.2e-05,41.7,23.765929,86.415591
2026-06-23 15:00:00,N10,,,,,,,23.765929,86.415591
2026-06-23 16:00:00,N10,,,,,,,23.765929,86.415591
2026-06-23 17:00:00,N10,,,,,,,23.765929,86.415591
2026-06-23 18:00:00,N10,,,,,,,23.765929,86.415591
2026-06-23 19:00:00,N10,,,,,,,23.765929,86.415591
2026-06-23 20:00:00,N10,-0.1111,0.008141,2.76,0.0021,0.000529,31.5,23.765929,86.415591
2026-06-23 21:00:00,N10,-0.0734,0.007282,1.66,0.0019,6e-05,29.9,23.765929,86.415591
2026-06-23 22:00:00,N10,-0.1096,0.005868,4.51,0.0019,0.000451,28.7,23.765929,86.415591
2026-06-23 23:00:00,N10,0.0851,0.005664,4.97,0.001,0.000572,28.0,23.765929,86.415591
2026-06-24 00:00:00,N10,-0.0415,0.006143,1.18,0.0008,0.000319,27.4,23.765929,86.415591
2026-06-24 01:00:00,N10,-0.0269,0.006725,8.19,0.0016,0.000753,27.7,23.765929,86.415591
2026-06-24 02:00:00,N10,-0.1724,0.005926,8.75,0.0023,0.000112,28.4,23.765929,86.415591
2026-06-24 03:00:00,N10,-0.1197,0.006024,5.49,0.0019,0.000518,29.6,23.765929,86.415591
2026-06-24 04:00:00,N10,-0.0248,0.007563,1.65,0.0013,0.00013,31.2,23.765929,86.415591
2026-06-24 05:00:00,N10,-0.1301,0.005716,4.97,0.0016,0.000323,33.0,23.765929,86.415591
2026-06-24 06:00:00,N10,-0.1969,0.005068,9.18,0.0019,0.000245,34.9,23.765929,86.415591
2026-06-24 07:00:00,N10,,,,,,,23.765929,86.415591
2026-06-24 08:00:00,N10,,,,,,,23.765929,86.415591
2026-06-24 09:00:00,N10,0.1554,0.715068,15.95,-0.0108,0.005224,40.2,23.765929,86.415591
2026-06-24 10:00:00,N10,-0.3679,0.008557,7.91,0.0004,0.005349,41.4,23.765929,86.415591
2026-06-24 11:00:00,N10,0.27,0.009524,1.47,-0.0001,0.000145,42.2,23.765929,86.415591
2026-06-24 12:00:00,N10,0.1331,0.006031,8.73,0.0001,4e-06,42.4,23.765929,86.415591
2026-06-24 13:00:00,N10,0.0188,0.006382,5.49,-0.0001,0.000198,42.2,23.765929,86.415591
2026-06-24 14:00:00,N10,0.0435,0.005244,3.15,0.0005,0.000274,41.4,23.765929,86.415591
2026-06-24 15:00:00,N10,-0.138,0.005414,2.78,0.0005,0.000117,40.2,23.765929,86.415591
2026-06-24 16:00:00,N10,0.0411,0.006476,9.71,0.0007,3e-06,38.7,23.765929,86.415591
2026-06-24 17:00:00,N10,-0.2796,0.007936,4.31,0.0005,0.000343,36.9,23.765929,86.415591
2026-06-24 18:00:00,N10,-0.0922,0.009237,8.3,0.0001,0.000413,34.9,23.765929,86.415591
2026-06-24 19:00:00,N10,0.1497,0.005458,4.85,-0.0004,0.000181,33.0,23.765929,86.415591
2026-06-24 20:00:00,N10,0.1949,0.009671,6.2,-0.0003,0.000308,31.2,23.765929,86.415591
2026-06-24 21:00:00,N10,-0.0475,0.005046,5.88,0.0002,0.000167,29.6,23.765929,86.415591
2026-06-24 22:00:00,N10,0.0217,0.005937,9.0,0.0,0.000199,28.4,23.765929,86.415591
2026-06-24 23:00:00,N10,-0.0157,0.006288,3.97,0.0006,6.2e-05,27.7,23.765929,86.415591
2026-06-25 00:00:00,N10,0.1322,0.005321,4.01,0.0001,0.000607,27.4,23.765929,86.415591
2026-06-25 01:00:00,N10,-0.2278,0.005655,6.94,-0.0006,0.000395,27.6,23.765929,86.415591
2026-06-25 02:00:00,N10,,,,,,,23.765929,86.415591
2026-06-25 03:00:00,N10,,,,,,,23.765929,86.415591
2026-06-25 04:00:00,N10,,,,,,,23.765929,86.415591
2026-06-25 05:00:00,N10,-0.0634,0.007076,5.85,-0.001,0.000276,32.9,23.765929,86.415591
2026-06-25 06:00:00,N10,-0.0406,0.005269,2.02,-0.0008,9.1e-05,34.9,23.765929,86.415591
2026-06-25 07:00:00,N10,0.2382,0.005058,1.33,-0.0012,4.8e-05,36.8,23.765929,86.415591
2026-06-25 08:00:00,N10,-0.0406,0.005554,8.27,-0.0007,0.000305,38.6,23.765929,86.415591
2026-06-25 09:00:00,N10,0.0235,0.007712,1.84,-0.0006,0.000141,40.2,23.765929,86.415591
2026-06-25 10:00:00,N10,0.3992,0.006177,6.39,-0.0004,6.1e-05,41.4,23.765929,86.415591
2026-06-25 11:00:00,N10,0.0631,0.005441,2.3,-0.0005,8.2e-05,42.1,23.765929,86.415591
2026-06-25 12:00:00,N10,-0.1403,0.005554,4.64,-0.0002,0.000266,42.4,23.765929,86.415591
2026-06-25 13:00:00,N10,-0.1808,0.007046,7.62,-0.001,0.000362,42.1,23.765929,86.415591
2026-06-25 14:00:00,N10,0.0479,0.006937,1.57,-0.001,4e-05,41.4,23.765929,86.415591
2026-06-25 15:00:00,N10,0.0209,0.009879,8.24,-0.0011,0.00384,40.2,23.765929,86.415591
2026-06-25 16:00:00,N10,-0.0127,0.707479,22.55,-0.0086,0.003608,38.6,23.765929,86.415591
2026-06-25 17:00:00,N10,-0.1134,0.945057,38.35,-0.0083,0.004291,36.8,23.765929,86.415591
2026-06-25 18:00:00,N10,-0.0069,0.011038,8.21,-0.0,0.004307,34.9,23.765929,86.415591
2026-06-25 19:00:00,N10,0.1061,0.006014,9.34,0.0003,1.8e-05,32.9,23.765929,86.415591
2026-06-25 20:00:00,N10,0.0273,0.007154,5.36,-0.0,0.000232,31.1,23.765929,86.415591
2026-06-25 21:00:00,N10,0.0168,0.008441,8.48,0.0008,0.000446,29.6,23.765929,86.415591
2026-06-25 22:00:00,N10,0.0477,0.006428,6.6,0.0009,0.000321,28.4,23.765929,86.415591
2026-06-25 23:00:00,N10,-0.2134,0.008519,3.31,0.0014,0.000245,27.6,23.765929,86.415591
2026-06-26 00:00:00,N10,0.1932,0.006922,3.56,0.0014,0.000234,23.8,23.765929,86.415591
2026-06-26 01:00:00,N10,-0.1503,0.006737,9.48,0.0019,9.8e-05,24.1,23.765929,86.415591
2026-06-26 02:00:00,N10,-0.0481,0.007152,3.95,0.0016,0.000512,24.8,23.765929,86.415591
2026-06-26 03:00:00,N10,-0.0113,0.007558,3.87,0.0009,0.000248,26.0,23.765929,86.415591
2026-06-26 04:00:00,N10,-0.0333,0.007244,6.51,0.0011,0.000325,27.6,23.765929,86.415591
2026-06-26 05:00:00,N10,-0.0955,0.006471,4.53,0.0015,0.00028,29.4,23.765929,86.415591
2026-06-26 06:00:00,N10,0.1519,0.007815,9.81,0.0016,9e-05,31.3,23.765929,86.415591
2026-06-26 07:00:00,N10,-0.0495,0.005994,3.86,0.0014,0.000483,33.3,23.765929,86.415591
2026-06-26 08:00:00,N10,-0.0698,0.006295,8.75,0.0007,0.000328,35.1,23.765929,86.415591
2026-06-26 09:00:00,N10,-0.0758,0.007354,8.17,0.0007,2.2e-05,36.6,23.765929,86.415591
2026-06-26 10:00:00,N10,-0.0111,0.005364,8.25,0.0006,1.6e-05,37.8,23.765929,86.415591
2026-06-26 11:00:00,N10,0.1442,0.007568,4.14,0.0007,0.000166,38.6,23.765929,86.415591
2026-06-26 12:00:00,N10,0.1353,0.007891,8.79,0.001,0.00019,38.8,23.765929,86.415591
2026-06-26 13:00:00,N10,-0.1272,0.006457,8.58,0.001,0.000111,38.6,23.765929,86.415591
2026-06-26 14:00:00,N10,0.0936,0.006048,8.82,0.0007,1.6e-05,37.8,23.765929,86.415591
2026-06-26 15:00:00,N10,-0.1023,0.006736,6.85,0.0011,0.008519,36.6,23.765929,86.415591
2026-06-26 16:00:00,N10,0.1556,0.649036,29.09,0.0178,0.008162,35.1,23.765929,86.415591
2026-06-26 17:00:00,N10,-0.1344,0.643095,46.99,0.0174,0.008497,33.3,23.765929,86.415591
2026-06-26 18:00:00,N10,0.2024,0.005178,6.06,0.0008,0.008204,31.3,23.765929,86.415591
2026-06-26 19:00:00,N10,0.3582,0.007352,2.74,0.001,0.000148,29.4,23.765929,86.415591
2026-06-26 20:00:00,N10,-0.0467,0.005091,9.36,0.0005,0.000345,27.6,23.765929,86.415591
2026-06-26 21:00:00,N10,0.0453,0.005056,1.79,0.0017,0.000397,26.0,23.765929,86.415591
2026-06-26 22:00:00,N10,-0.0119,0.00627,9.51,0.0013,0.00016,24.8,23.765929,86.415591
2026-06-26 23:00:00,N10,-0.142,0.008123,6.28,0.0014,0.000139,24.1,23.765929,86.415591
2026-06-27 00:00:00,N10,-0.0823,0.007444,3.79,0.001,0.000534,23.1,23.765929,86.415591
2026-06-27 01:00:00,N10,0.142,0.00883,2.25,0.0003,0.00015,23.3,23.765929,86.415591
2026-06-27 02:00:00,N10,0.0608,0.008036,7.32,0.0007,0.000249,24.1,23.765929,86.415591
2026-06-27 03:00:00,N10,0.1093,0.005809,7.83,-0.0002,0.000383,25.3,23.765929,86.415591
2026-06-27 04:00:00,N10,0.077,0.008217,3.11,-0.0001,0.000317,26.8,23.765929,86.415591
2026-06-27 05:00:00,N10,-0.1166,0.007306,8.35,-0.0008,0.000231,28.6,23.765929,86.415591
2026-06-27 06:00:00,N10,-0.0298,0.005288,2.98,-0.0005,0.000104,30.6,23.765929,86.415591
2026-06-27 07:00:00,N10,-0.1217,0.006238,6.93,-0.001,3.2e-05,32.5,23.765929,86.415591
2026-06-27 08:00:00,N10,-0.1348,0.007597,4.33,-0.0005,6.9e-05,34.3,23.765929,86.415591
2026-06-27 09:00:00,N10,0.2592,0.005649,5.4,-0.0012,0.000409,35.9,23.765929,86.415591
2026-06-27 10:00:00,N10,-0.1392,0.007504,8.01,-0.0013,0.000145,37.1,23.765929,86.415591
2026-06-27 11:00:00,N10,-0.1772,0.006011,7.23,-0.0015,0.007468,37.8,23.765929,86.415591
2026-06-27 12:00:00,N10,-0.2353,0.800881,29.53,0.0136,0.000226,38.1,23.765929,86.415591
2026-06-27 13:00:00,N10,-0.1405,0.005237,2.88,-0.001,0.00741,37.8,23.765929,86.415591
2026-06-27 14:00:00,N10,0.2356,0.008341,6.34,-0.0012,3e-06,37.1,23.765929,86.415591
2026-06-27 15:00:00,N10,0.1287,0.007989,8.16,-0.001,0.002321,35.9,23.765929,86.415591
2026-06-27 16:00:00,N10,0.0452,0.996979,45.69,-0.0058,0.00016,34.3,23.765929,86.415591
2026-06-27 17:00:00,N10,-0.0984,0.008526,5.26,-0.0013,0.002291,32.5,23.765929,86.415591
2026-06-27 18:00:00,N10,-0.108,0.005054,6.93,-0.0012,0.0006,30.6,23.765929,86.415591
2026-06-27 19:00:00,N10,0.0999,0.007557,3.13,-0.0001,0.00033,28.6,23.765929,86.415591
2026-06-27 20:00:00,N10,0.0066,0.009069,8.14,-0.0006,0.000152,26.8,23.765929,86.415591
2026-06-27 21:00:00,N10,0.0204,0.005588,6.63,-0.0004,0.000177,25.3,23.765929,86.415591
2026-06-27 22:00:00,N10,0.0759,0.00615,7.88,-0.0002,0.000483,24.1,23.765929,86.415591
2026-06-27 23:00:00,N10,0.02,0.005077,1.05,0.0005,0.000346,23.3,23.765929,86.415591
2026-06-28 00:00:00,N10,-0.077,0.005641,9.1,0.0005,2.4e-05,21.2,23.765929,86.415591
2026-06-28 01:00:00,N10,-0.2705,0.009657,1.98,0.0005,9.5e-05,21.5,23.765929,86.415591
2026-06-28 02:00:00,N10,-0.1778,0.006018,8.21,0.0007,0.00022,22.2,23.765929,86.415591
2026-06-28 03:00:00,N10,0.3204,0.00524,8.47,0.0,0.000354,23.4,23.765929,86.415591
2026-06-28 04:00:00,N10,0.1586,0.00586,8.06,-0.0001,0.000216,24.9,23.765929,86.415591
2026-06-28 05:00:00,N10,0.0354,0.007385,3.7,-0.0004,3.8e-05,26.8,23.765929,86.415591
2026-06-28 06:00:00,N10,0.1965,0.005781,9.83,0.0,0.000283,28.7,23.765929,86.415591
2026-06-28 07:00:00,N10,-0.063,0.007611,1.39,0.0002,0.000329,30.6,23.765929,86.415591
2026-06-28 08:00:00,N10,0.0788,0.005712,1.8,0.0007,0.000746,32.4,23.765929,86.415591
2026-06-28 09:00:00,N10,0.4595,0.005525,9.16,0.0017,0.008508,34.0,23.765929,86.415591
2026-06-28 10:00:00,N10,-0.0662,0.535913,41.44,0.0177,0.008027,35.2,23.765929,86.415591
2026-06-28 11:00:00,N10,-0.0531,0.935335,45.04,0.0177,0.008334,35.9,23.765929,86.415591
2026-06-28 12:00:00,N10,0.1292,0.007755,8.0,0.001,0.008094,36.2,23.765929,86.415591
2026-06-28 13:00:00,N10,0.1503,0.006133,8.31,0.0015,0.000453,35.9,23.765929,86.415591
2026-06-28 14:00:00,N10,0.331,0.006748,8.19,0.0019,0.000286,35.2,23.765929,86.415591
2026-06-28 15:00:00,N10,0.4597,0.009179,9.66,0.0021,0.000243,34.0,23.765929,86.415591
2026-06-28 16:00:00,N10,-0.1445,0.006568,6.12,0.0024,4.5e-05,32.4,23.765929,86.415591
2026-06-28 17:00:00,N10,-0.216,0.006555,8.24,0.0022,0.000673,30.6,23.765929,86.415591
2026-06-28 18:00:00,N10,0.0389,0.007527,7.2,0.0038,0.00089,28.7,23.765929,86.415591
2026-06-28 19:00:00,N10,-0.1191,0.005689,7.36,0.004,3.2e-05,26.8,23.765929,86.415591
2026-06-28 20:00:00,N10,0.1558,0.009341,1.21,0.0037,0.000117,24.9,23.765929,86.415591
2026-06-28 21:00:00,N10,0.0407,0.006159,8.04,0.0037,9e-06,23.4,23.765929,86.415591
2026-06-28 22:00:00,N10,-0.1625,0.006628,5.76,0.0037,0.000248,22.2,23.765929,86.415591
2026-06-28 23:00:00,N10,0.2101,0.007143,8.07,0.0042,8.2e-05,21.5,23.765929,86.415591
2026-06-29 00:00:00,N10,-0.2429,0.005448,5.53,0.0036,0.00041,26.5,23.765929,86.415591
2026-06-29 01:00:00,N10,-0.0196,0.006603,4.72,0.0034,1.1e-05,26.7,23.765929,86.415591
2026-06-29 02:00:00,N10,-0.1212,0.007062,3.36,0.0035,0.000176,27.5,23.765929,86.415591
2026-06-29 03:00:00,N10,,,,,,,23.765929,86.415591
2026-06-29 04:00:00,N10,,,,,,,23.765929,86.415591
2026-06-29 05:00:00,N10,,,,,,,23.765929,86.415591
2026-06-29 06:00:00,N10,,,,,,,23.765929,86.415591
2026-06-29 07:00:00,N10,-0.0322,0.006801,4.9,0.0037,0.000752,35.9,23.765929,86.415591
2026-06-29 08:00:00,N10,-0.1975,0.005431,7.6,0.0048,0.000554,37.7,23.765929,86.415591
2026-06-29 09:00:00,N10,-0.4517,0.005269,1.52,0.0048,0.000142,39.3,23.765929,86.415591
2026-06-29 10:00:00,N10,0.0224,0.006142,3.36,0.0051,0.000402,40.5,23.765929,86.415591
2026-06-29 11:00:00,N10,-0.1771,0.009283,2.92,0.0056,0.000502,41.2,23.765929,86.415591
2026-06-29 12:00:00,N10,-0.1378,0.006206,9.42,0.0061,0.004673,41.5,23.765929,86.415591
2026-06-29 13:00:00,N10,,,,,,,23.765929,86.415591
2026-06-29 14:00:00,N10,,,,,,,23.765929,86.415591
2026-06-29 15:00:00,N10,0.0906,0.006001,1.72,0.0055,0.000734,39.3,23.765929,86.415591
2026-06-29 16:00:00,N10,0.1443,0.006547,7.2,0.0048,0.002631,37.7,23.765929,86.415591
2026-06-29 17:00:00,N10,0.0431,0.601304,20.93,0.0108,0.000424,35.9,23.765929,86.415591
2026-06-29 18:00:00,N10,-0.2261,0.005192,3.68,0.004,0.003491,34.0,23.765929,86.415591
2026-06-29 19:00:00,N10,-0.2711,0.005256,5.93,0.0038,0.000174,32.0,23.765929,86.415591
2026-06-29 20:00:00,N10,0.008,0.006011,1.46,0.0036,5.1e-05,30.2,23.765929,86.415591
2026-06-29 21:00:00,N10,0.0918,0.006895,9.57,0.0037,3e-05,28.7,23.765929,86.415591
2026-06-29 22:00:00,N10,0.0623,0.005953,8.3,0.0037,0.000257,27.5,23.765929,86.415591
2026-06-29 23:00:00,N10,-0.1267,0.005205,8.56,0.0032,0.000134,26.7,23.765929,86.415591
2026-06-30 00:00:00,N10,,,,,,,23.765929,86.415591
2026-06-30 01:00:00,N10,,,,,,,23.765929,86.415591
2026-06-30 02:00:00,N10,,,,,,,23.765929,86.415591
2026-06-30 03:00:00,N10,,,,,,,23.765929,86.415591
2026-06-30 04:00:00,N10,,,,,,,23.765929,86.415591
2026-06-30 05:00:00,N10,0.0106,0.007524,6.04,0.0027,8.8e-05,30.8,23.765929,86.415591
2026-06-30 06:00:00,N10,0.0408,0.006883,7.97,0.0033,0.000417,32.7,23.765929,86.415591
2026-06-30 07:00:00,N10,0.1148,0.008165,7.96,0.0035,0.000221,34.7,23.765929,86.415591
2026-06-30 08:00:00,N10,0.1019,0.006969,7.11,0.0038,0.000531,36.5,23.765929,86.415591
2026-06-30 09:00:00,N10,0.0477,0.00694,5.35,0.0046,0.010409,38.0,23.765929,86.415591
2026-06-30 10:00:00,N10,0.043,0.79907,45.54,0.0246,0.000363,39.2,23.765929,86.415591
2026-06-30 11:00:00,N10,0.1301,0.005439,7.66,0.0053,0.009134,40.0,23.765929,86.415591
2026-06-30 12:00:00,N10,0.3045,0.005654,9.28,0.0063,0.000765,40.2,23.765929,86.415591
2026-06-30 13:00:00,N10,-0.0105,0.00752,6.81,0.0069,0.000262,40.0,23.765929,86.415591
2026-06-30 14:00:00,N10,-0.1261,0.006349,5.98,0.0058,0.000587,39.2,23.765929,86.415591
2026-06-30 15:00:00,N10,-0.0987,0.005554,4.99,0.0057,0.006103,38.0,23.765929,86.415591
2026-06-30 16:00:00,N10,0.2002,0.915218,38.17,-0.0064,0.006016,36.5,23.765929,86.415591
2026-06-30 17:00:00,N10,-0.2786,0.912345,21.89,-0.0063,0.005887,34.7,23.765929,86.415591
2026-06-30 18:00:00,N10,-0.1927,0.007405,4.56,0.0054,0.005611,32.7,23.765929,86.415591
2026-06-30 19:00:00,N10,-0.1056,0.007262,1.26,0.0049,8e-06,30.8,23.765929,86.415591
2026-06-30 20:00:00,N10,0.0898,0.005677,4.53,0.0054,5.1e-05,29.0,23.765929,86.415591
2026-06-30 21:00:00,N10,0.0612,0.005766,8.76,0.005,0.000633,27.4,23.765929,86.415591
2026-06-30 22:00:00,N10,0.1513,0.006293,1.84,0.0041,0.000571,26.2,23.765929,86.415591
2026-06-30 23:00:00,N10,0.1182,0.008249,6.69,0.0038,0.000152,25.5,23.765929,86.415591
2026-07-01 00:00:00,N10,-0.0461,0.005179,1.82,0.0044,0.00031,23.5,23.765929,86.415591
2026-07-01 01:00:00,N10,-0.1939,0.005029,9.6,0.0045,0.000365,23.7,23.765929,86.415591
2026-07-01 02:00:00,N10,0.2464,0.005709,5.15,0.0037,0.000382,24.5,23.765929,86.415591
2026-07-01 03:00:00,N10,-0.1026,0.005813,5.4,0.0037,0.000229,25.6,23.765929,86.415591
2026-07-01 04:00:00,N10,-0.0397,0.005154,8.86,0.0032,6.3e-05,27.2,23.765929,86.415591
2026-07-01 05:00:00,N10,0.2248,0.005577,7.3,0.0036,0.00034,29.0,23.765929,86.415591
2026-07-01 06:00:00,N10,-0.206,0.008504,2.98,0.0039,7.7e-05,31.0,23.765929,86.415591
2026-07-01 07:00:00,N10,,,,,,,23.765929,86.415591
2026-07-01 08:00:00,N10,,,,,,,23.765929,86.415591
2026-07-01 09:00:00,N10,0.0615,0.006739,2.04,0.0049,0.000252,36.3,23.765929,86.415591
2026-07-01 10:00:00,N10,-0.0777,0.005598,5.13,0.0046,0.000158,37.4,23.765929,86.415591
2026-07-01 11:00:00,N10,-0.0393,0.00608,1.47,0.0046,7.3e-05,38.2,23.765929,86.415591
2026-07-01 12:00:00,N10,0.1099,0.005573,5.2,0.0045,0.004024,38.5,23.765929,86.415591
2026-07-01 13:00:00,N10,-0.0551,0.537838,26.37,-0.0034,0.002705,38.2,23.765929,86.415591
2026-07-01 14:00:00,N10,-0.1462,0.983946,36.38,-0.001,0.001173,37.4,23.765929,86.415591
2026-07-01 15:00:00,N10,0.0817,0.837738,42.51,-0.0011,0.00248,36.3,23.765929,86.415591
2026-07-01 16:00:00,N10,-0.1579,0.008391,7.24,0.004,0.002517,34.7,23.765929,86.415591
2026-07-01 17:00:00,N10,0.1565,0.008832,4.11,0.004,8.3e-05,32.9,23.765929,86.415591
2026-07-01 18:00:00,N10,0.0036,0.00584,6.7,0.0042,2e-06,31.0,23.765929,86.415591
2026-07-01 19:00:00,N10,0.0651,0.006108,1.53,0.004,0.00013,29.0,23.765929,86.415591
2026-07-01 20:00:00,N10,-0.0224,0.007529,9.11,0.0044,0.000351,27.2,23.765929,86.415591
2026-07-01 21:00:00,N10,-0.0139,0.005949,9.61,0.0047,0.000161,25.6,23.765929,86.415591
2026-07-01 22:00:00,N10,-0.1859,0.005983,1.08,0.0041,0.000252,24.5,23.765929,86.415591
2026-07-01 23:00:00,N10,0.0181,0.005772,6.01,0.0042,0.000289,23.7,23.765929,86.415591
2026-07-02 00:00:00,N10,-0.2034,0.00713,3.45,0.0047,0.000397,26.3,23.765929,86.415591
2026-07-02 01:00:00,N10,0.0555,0.008938,3.47,0.005,0.000457,26.6,23.765929,86.415591
2026-07-02 02:00:00,N10,0.0754,0.005195,1.21,0.0056,0.00029,27.3,23.765929,86.415591
2026-07-02 03:00:00,N10,-0.1158,0.005711,1.99,0.0055,0.000235,28.5,23.765929,86.415591
2026-07-02 04:00:00,N10,0.1389,0.008047,5.16,0.0061,7.9e-05,30.1,23.765929,86.415591
2026-07-02 05:00:00,N10,0.0028,0.007903,4.27,0.0054,0.001135,31.9,23.765929,86.415591
2026-07-02 06:00:00,N10,0.072,0.005771,6.46,0.0038,0.000674,33.8,23.765929,86.415591
2026-07-02 07:00:00,N10,-0.1292,0.005447,3.17,0.004,0.000473,35.8,23.765929,86.415591
2026-07-02 08:00:00,N10,0.0067,0.007037,7.85,0.0047,0.000388,37.6,23.765929,86.415591
2026-07-02 09:00:00,N10,0.2466,0.005461,9.76,0.0048,0.000434,39.1,23.765929,86.415591
2026-07-02 10:00:00,N10,0.0768,0.005035,4.42,0.0056,0.000308,40.3,23.765929,86.415591
2026-07-02 11:00:00,N10,-0.1617,0.005585,3.8,0.0054,0.000103,41.1,23.765929,86.415591
2026-07-02 12:00:00,N10,0.2443,0.005307,5.8,0.0054,3.8e-05,41.3,23.765929,86.415591
2026-07-02 13:00:00,N10,0.124,0.006761,5.35,0.0053,0.000131,41.1,23.765929,86.415591
2026-07-02 14:00:00,N10,-0.0812,0.005757,2.66,0.0057,0.000689,40.3,23.765929,86.415591
2026-07-02 15:00:00,N10,-0.2123,0.007006,9.63,0.0067,0.000315,39.1,23.765929,86.415591
2026-07-02 16:00:00,N10,0.0138,0.005379,1.08,0.0063,0.009155,37.6,23.765929,86.415591
2026-07-02 17:00:00,N10,0.1292,0.906487,48.41,0.025,0.000141,35.8,23.765929,86.415591
2026-07-02 18:00:00,N10,0.0955,0.006484,8.26,0.006,0.009361,33.8,23.765929,86.415591
2026-07-02 19:00:00,N10,0.1972,0.007187,8.75,0.0063,0.00031,31.9,23.765929,86.415591
2026-07-02 20:00:00,N10,-0.0313,0.007737,7.31,0.0066,0.000237,30.1,23.765929,86.415591
2026-07-02 21:00:00,N10,-0.03,0.007314,3.83,0.0068,3.7e-05,28.5,23.765929,86.415591
2026-07-02 22:00:00,N10,-0.0168,0.010486,1.42,0.0066,0.000381,27.3,23.765929,86.415591
2026-07-02 23:00:00,N10,-0.1895,0.007485,9.49,0.006,0.000966,26.6,23.765929,86.415591
2026-07-03 00:00:00,N10,-0.0856,0.007892,7.11,0.0046,0.000625,25.6,23.765929,86.415591
2026-07-03 01:00:00,N10,-0.0556,0.010716,5.31,0.0048,0.000185,25.9,23.765929,86.415591
2026-07-03 02:00:00,N10,0.0167,0.006339,1.5,0.0043,0.000509,26.6,23.765929,86.415591
2026-07-03 03:00:00,N10,0.2238,0.006459,7.22,0.0037,0.000432,27.8,23.765929,86.415591
2026-07-03 04:00:00,N10,-0.0275,0.005338,5.65,0.0034,3.2e-05,29.4,23.765929,86.415591
2026-07-03 05:00:00,N10,-0.0974,0.005484,2.17,0.0037,0.003555,31.2,23.765929,86.415591
2026-07-03 06:00:00,N10,0.049,0.687448,46.85,-0.0037,0.003613,33.1,23.765929,86.415591
2026-07-03 07:00:00,N10,-0.1272,0.783096,36.97,-0.0035,0.004135,35.1,23.765929,86.415591
2026-07-03 08:00:00,N10,-0.0359,0.006555,6.59,0.0046,0.003096,36.9,23.765929,86.415591
2026-07-03 09:00:00,N10,-0.1141,0.62163,20.72,-0.0097,1.4e-05,38.4,23.765929,86.415591
2026-07-03 10:00:00,N10,-0.1784,0.008033,1.58,0.0045,0.006717,39.6,23.765929,86.415591
2026-07-03 11:00:00,N10,0.0601,0.009293,9.62,0.0037,0.010623,40.4,23.765929,86.415591
2026-07-03 12:00:00,N10,-0.0196,0.519849,23.59,-0.0167,0.000231,40.6,23.765929,86.415591
2026-07-03 13:00:00,N10,0.2789,0.005025,3.36,0.0032,0.009847,40.4,23.765929,86.415591
2026-07-03 14:00:00,N10,,,,,,,23.765929,86.415591
2026-07-03 15:00:00,N10,,,,,,,23.765929,86.415591
2026-07-03 16:00:00,N10,,,,,,,23.765929,86.415591
2026-07-03 17:00:00,N10,,,,,,,23.765929,86.415591
2026-07-03 18:00:00,N10,-0.1031,0.006621,5.33,0.0043,0.00015,33.1,23.765929,86.415591
2026-07-03 19:00:00,N10,-0.0316,0.005568,5.59,0.0043,0.00049,31.2,23.765929,86.415591
2026-07-03 20:00:00,N10,0.039,0.006077,9.16,0.0033,0.000502,29.4,23.765929,86.415591
2026-07-03 21:00:00,N10,0.0948,0.006128,9.55,0.0033,0.000136,27.8,23.765929,86.415591
2026-07-03 22:00:00,N10,,,,,,,23.765929,86.415591
2026-07-03 23:00:00,N10,,,,,,,23.765929,86.415591
2026-07-04 00:00:00,N10,,,,,,,23.765929,86.415591
2026-07-04 01:00:00,N10,,,,,,,23.765929,86.415591
2026-07-04 02:00:00,N10,,,,,,,23.765929,86.415591
2026-07-04 03:00:00,N10,-0.0254,0.005677,6.29,0.0037,0.000357,27.9,23.765929,86.415591
2026-07-04 04:00:00,N10,-0.2507,0.006615,3.59,0.0042,7e-06,29.5,23.765929,86.415591
2026-07-04 05:00:00,N10,-0.1452,0.009299,6.52,0.0037,0.0002,31.3,23.765929,86.415591
2026-07-04 06:00:00,N10,0.0963,0.005445,8.09,0.0038,0.006249,33.2,23.765929,86.415591
2026-07-04 07:00:00,N10,0.1967,0.983582,35.58,-0.0088,0.00631,35.2,23.765929,86.415591
2026-07-04 08:00:00,N10,0.0137,0.894778,46.61,-0.0088,0.00617,37.0,23.765929,86.415591
2026-07-04 09:00:00,N10,0.1263,0.006225,9.7,0.0036,0.006245,38.5,23.765929,86.415591
2026-07-04 10:00:00,N10,-0.0466,0.006499,8.84,0.0037,0.000341,39.7,23.765929,86.415591
2026-07-04 11:00:00,N10,0.1698,0.007661,3.63,0.0043,0.0004,40.5,23.765929,86.415591
2026-07-04 12:00:00,N10,0.1765,0.008407,7.95,0.0045,0.000174,40.7,23.765929,86.415591
2026-07-04 13:00:00,N10,0.1452,0.008668,1.89,0.0046,0.007136,40.5,23.765929,86.415591
2026-07-04 14:00:00,N10,0.0403,0.560291,21.6,0.0187,0.000156,39.7,23.765929,86.415591
2026-07-04 15:00:00,N10,-0.1562,0.007633,6.47,0.0049,0.007222,38.5,23.765929,86.415591
2026-07-04 16:00:00,N10,-0.1167,0.007931,3.96,0.0043,7e-05,37.0,23.765929,86.415591
2026-07-04 17:00:00,N10,0.1586,0.005094,9.5,0.0051,0.000988,35.2,23.765929,86.415591
2026-07-04 18:00:00,N10,-0.0572,0.006757,3.45,0.0063,0.000685,33.2,23.765929,86.415591
2026-07-04 19:00:00,N10,0.2202,0.008536,7.04,0.0064,0.000104,31.3,23.765929,86.415591
2026-07-04 20:00:00,N10,-0.1365,0.00531,6.02,0.006,0.000484,29.5,23.765929,86.415591
2026-07-04 21:00:00,N10,0.0213,0.005274,7.1,0.0055,3e-06,27.9,23.765929,86.415591
2026-07-04 22:00:00,N10,-0.209,0.008087,3.02,0.006,3e-05,26.7,23.765929,86.415591
2026-07-04 23:00:00,N10,0.1367,0.007055,1.03,0.0055,0.000191,26.0,23.765929,86.415591
2026-07-05 00:00:00,N10,-0.0023,0.007299,7.11,0.0057,0.000404,24.7,23.765929,86.415591
2026-07-05 01:00:00,N10,-0.0828,0.007901,6.15,0.0063,0.000269,24.9,23.765929,86.415591
2026-07-05 02:00:00,N10,-0.0308,0.005308,3.24,0.0062,0.000349,25.7,23.765929,86.415591
2026-07-05 03:00:00,N10,-0.108,0.005035,3.82,0.007,0.000578,26.8,23.765929,86.415591
2026-07-05 04:00:00,N10,-0.1458,0.006055,9.22,0.0074,0.000435,28.4,23.765929,86.415591
2026-07-05 05:00:00,N10,-0.3522,0.008295,6.35,0.0079,1.6e-05,30.2,23.765929,86.415591
2026-07-05 06:00:00,N10,0.2799,0.00742,9.15,0.0073,0.000355,32.2,23.765929,86.415591
2026-07-05 07:00:00,N10,-0.0856,0.006514,9.42,0.0072,0.000175,34.1,23.765929,86.415591
2026-07-05 08:00:00,N10,-0.0129,0.005517,3.82,0.007,1.6e-05,35.9,23.765929,86.415591
2026-07-05 09:00:00,N10,0.1729,0.007334,2.29,0.0071,0.004246,37.5,23.765929,86.415591
2026-07-05 10:00:00,N10,0.0782,0.622782,27.09,0.0155,0.00399,38.6,23.765929,86.415591
2026-07-05 11:00:00,N10,,,,,,,23.765929,86.415591
2026-07-05 12:00:00,N10,,,,,,,23.765929,86.415591
2026-07-05 13:00:00,N10,-0.0524,0.007459,5.13,0.0068,0.000135,39.4,23.765929,86.415591
2026-07-05 14:00:00,N10,0.1128,0.006084,5.78,0.007,0.000124,38.6,23.765929,86.415591
2026-07-05 15:00:00,N10,0.3063,0.006611,9.61,0.0071,0.000437,37.5,23.765929,86.415591
2026-07-05 16:00:00,N10,-0.1613,0.006053,1.1,0.0079,0.000459,35.9,23.765929,86.415591
2026-07-05 17:00:00,N10,0.026,0.00501,9.34,0.008,0.00024,34.1,23.765929,86.415591
2026-07-05 18:00:00,N10,0.0815,0.007623,5.4,0.0074,0.000521,32.2,23.765929,86.415591
2026-07-05 19:00:00,N10,,,,,,,23.765929,86.415591
2026-07-05 20:00:00,N10,,,,,,,23.765929,86.415591
2026-07-05 21:00:00,N10,,,,,,,23.765929,86.415591
2026-07-05 22:00:00,N10,,,,,,,23.765929,86.415591
2026-07-05 23:00:00,N10,0.0584,0.005004,6.03,0.0067,9.7e-05,24.9,23.765929,86.415591
2026-07-06 00:00:00,N10,-0.1423,0.006734,2.94,0.0062,0.000252,25.8,23.765929,86.415591
2026-07-06 01:00:00,N10,0.0326,0.010692,4.26,0.0062,1.5e-05,26.0,23.765929,86.415591
2026-07-06 02:00:00,N10,,,,,,,23.765929,86.415591
2026-07-06 03:00:00,N10,,,,,,,23.765929,86.415591
2026-07-06 04:00:00,N10,,,,,,,23.765929,86.415591
2026-07-06 05:00:00,N10,,,,,,,23.765929,86.415591
2026-07-06 06:00:00,N10,0.1803,0.005133,6.04,0.0043,0.000608,33.3,23.765929,86.415591
2026-07-06 07:00:00,N10,-0.0857,0.005816,9.29,0.0042,7.3e-05,35.2,23.765929,86.415591
2026-07-06 08:00:00,N10,0.0672,0.005091,8.08,0.0044,6.8e-05,37.0,23.765929,86.415591
2026-07-06 09:00:00,N10,-0.0345,0.007392,4.08,0.0043,0.000183,38.6,23.765929,86.415591
2026-07-06 10:00:00,N10,0.0788,0.007767,5.17,0.0041,0.00022,39.8,23.765929,86.415591
2026-07-06 11:00:00,N10,-0.3064,0.007472,9.96,0.0039,7.7e-05,40.5,23.765929,86.415591
2026-07-06 12:00:00,N10,-0.0112,0.005187,3.86,0.0039,0.000303,40.8,23.765929,86.415591
2026-07-06 13:00:00,N10,0.036,0.005284,6.31,0.0045,0.000442,40.5,23.765929,86.415591
2026-07-06 14:00:00,N10,-0.0347,0.006353,7.34,0.0048,0.00592,39.8,23.765929,86.415591
2026-07-06 15:00:00,N10,-0.1014,0.796135,21.77,0.0163,0.005593,38.6,23.765929,86.415591
2026-07-06 16:00:00,N10,0.0753,0.890653,48.66,0.016,0.005181,37.0,23.765929,86.415591
2026-07-06 17:00:00,N10,-0.2296,0.005561,5.95,0.0059,0.005131,35.2,23.765929,86.415591
2026-07-06 18:00:00,N10,-0.2751,0.00781,6.25,0.0057,0.000111,33.3,23.765929,86.415591
2026-07-06 19:00:00,N10,,,,,,,23.765929,86.415591
2026-07-06 20:00:00,N10,0.2371,0.006808,5.91,0.0053,0.000936,29.5,23.765929,86.415591
2026-07-06 21:00:00,N10,0.0498,0.005377,8.72,0.0043,0.000557,28.0,23.765929,86.415591
2026-07-06 22:00:00,N10,0.2973,0.007073,6.15,0.0042,0.00055,26.8,23.765929,86.415591
2026-07-06 23:00:00,N10,-0.1526,0.00544,4.68,0.0032,0.00029,26.0,23.765929,86.415591
2026-07-07 00:00:00,N10,-0.1426,0.005068,8.56,0.0036,2.5e-05,28.6,23.765929,86.415591
2026-07-07 01:00:00,N10,0.0358,0.007662,3.23,0.0031,0.000105,28.9,23.765929,86.415591
2026-07-07 02:00:00,N10,0.0331,0.006728,8.74,0.0034,6.9e-05,29.6,23.765929,86.415591
2026-07-07 03:00:00,N10,-0.0387,0.005316,4.2,0.0033,0.000572,30.8,23.765929,86.415591
2026-07-07 04:00:00,N10,0.0566,0.007672,3.16,0.0045,0.001046,32.4,23.765929,86.415591
2026-07-07 05:00:00,N10,-0.0132,0.005988,9.41,0.0054,0.000524,34.2,23.765929,86.415591
2026-07-07 06:00:00,N10,0.2843,0.006559,6.37,0.0056,0.000337,36.1,23.765929,86.415591
2026-07-07 07:00:00,N10,-0.1897,0.007165,3.35,0.0061,0.00034,38.1,23.765929,86.415591
2026-07-07 08:00:00,N10,0.0901,0.006686,1.64,0.0063,6.7e-05,39.9,23.765929,86.415591
2026-07-07 09:00:00,N10,-0.1673,0.005469,4.83,0.0059,7.3e-05,41.4,23.765929,86.415591
2026-07-07 10:00:00,N10,0.1314,0.006616,8.08,0.0064,0.000125,42.6,23.765929,86.415591
2026-07-07 11:00:00,N10,,,,,,,23.765929,86.415591
2026-07-07 12:00:00,N10,,,,,,,23.765929,86.415591
2026-07-07 13:00:00,N10,,,,,,,23.765929,86.415591
2026-07-07 14:00:00,N10,,,,,,,23.765929,86.415591
2026-07-07 15:00:00,N10,0.2159,0.006288,2.33,0.006,0.00513,41.4,23.765929,86.415591
2026-07-07 16:00:00,N10,-0.0156,0.735453,31.57,-0.0041,9.5e-05,39.9,23.765929,86.415591
2026-07-07 17:00:00,N10,-0.1095,0.005331,5.07,0.0062,0.005222,38.1,23.765929,86.415591
2026-07-07 18:00:00,N10,0.037,0.005665,9.46,0.0063,0.000148,36.1,23.765929,86.415591
2026-07-07 19:00:00,N10,-0.068,0.006057,2.41,0.0065,0.000369,34.2,23.765929,86.415591
2026-07-07 20:00:00,N10,-0.0172,0.010002,9.0,0.0071,0.000526,32.4,23.765929,86.415591
2026-07-07 21:00:00,N10,0.0512,0.006622,8.85,0.0075,0.000239,30.8,23.765929,86.415591
2026-07-07 22:00:00,N10,-0.1909,0.006125,4.51,0.0076,0.000274,29.6,23.765929,86.415591
2026-07-07 23:00:00,N10,-0.0084,0.005262,9.25,0.007,0.00065,28.9,23.765929,86.415591
2026-07-08 00:00:00,N10,0.0218,0.005613,2.94,0.0063,0.00017,23.4,23.765929,86.415591
2026-07-08 01:00:00,N10,0.0513,0.005321,4.26,0.0066,0.000585,23.7,23.765929,86.415591
2026-07-08 02:00:00,N10,-0.289,0.005823,8.69,0.0074,9.6e-05,24.4,23.765929,86.415591
2026-07-08 03:00:00,N10,-0.1556,0.005837,8.29,0.0068,0.000385,25.6,23.765929,86.415591
2026-07-08 04:00:00,N10,-0.0216,0.00764,6.76,0.0067,9.4e-05,27.2,23.765929,86.415591
2026-07-08 05:00:00,N10,-0.0934,0.005169,3.12,0.007,0.000595,29.0,23.765929,86.415591
2026-07-08 06:00:00,N10,0.1557,0.008098,9.08,0.0078,0.000381,30.9,23.765929,86.415591
2026-07-08 07:00:00,N10,0.0123,0.005111,7.51,0.0078,5.2e-05,32.9,23.765929,86.415591
2026-07-08 08:00:00,N10,0.1561,0.008161,2.58,0.0077,0.000211,34.7,23.765929,86.415591
2026-07-08 09:00:00,N10,-0.0076,0.005954,5.4,0.0082,0.0004,36.2,23.765929,86.415591
2026-07-08 10:00:00,N10,-0.2096,0.005944,5.17,0.0085,0.000152,37.4,23.765929,86.415591
2026-07-08 11:00:00,N10,0.0665,0.005605,1.58,0.0085,0.000237,38.2,23.765929,86.415591
2026-07-08 12:00:00,N10,0.0258,0.007651,8.3,0.009,0.000564,38.4,23.765929,86.415591
2026-07-08 13:00:00,N10,0.2105,0.007801,5.31,0.0096,0.00023,38.2,23.765929,86.415591
2026-07-08 14:00:00,N10,-0.2317,0.006863,2.82,0.0095,0.008289,37.4,23.765929,86.415591
2026-07-08 15:00:00,N10,,,,,,,23.765929,86.415591
2026-07-08 16:00:00,N10,,,,,,,23.765929,86.415591
2026-07-08 17:00:00,N10,,,,,,,23.765929,86.415591
2026-07-08 18:00:00,N10,,,,,,,23.765929,86.415591
2026-07-08 19:00:00,N10,,,,,,,23.765929,86.415591
2026-07-08 20:00:00,N10,,,,,,,23.765929,86.415591
2026-07-08 21:00:00,N10,,,,,,,23.765929,86.415591
2026-07-08 22:00:00,N10,,,,,,,23.765929,86.415591
2026-07-08 23:00:00,N10,0.1696,0.007532,1.01,0.0091,0.00026,23.7,23.765929,86.415591
2026-07-09 00:00:00,N10,,,,,,,23.765929,86.415591
2026-07-09 01:00:00,N10,,,,,,,23.765929,86.415591
2026-07-09 02:00:00,N10,-0.019,0.006611,5.85,0.0098,0.000308,27.5,23.765929,86.415591
2026-07-09 03:00:00,N10,0.0446,0.006284,9.34,0.0088,0.000545,28.7,23.765929,86.415591
2026-07-09 04:00:00,N10,0.1257,0.007174,7.26,0.0087,0.000192,30.3,23.765929,86.415591
2026-07-09 05:00:00,N10,-0.3491,0.005142,8.95,0.0092,0.000628,32.1,23.765929,86.415591
2026-07-09 06:00:00,N10,-0.0022,0.006804,6.13,0.0099,0.000276,34.0,23.765929,86.415591
2026-07-09 07:00:00,N10,-0.0028,0.006786,4.3,0.0097,0.000148,35.9,23.765929,86.415591
2026-07-09 08:00:00,N10,0.0076,0.005374,7.82,0.0102,0.000743,37.8,23.765929,86.415591
2026-07-09 09:00:00,N10,0.2635,0.006038,7.27,0.0112,0.004463,39.3,23.765929,86.415591
2026-07-09 10:00:00,N10,0.0066,0.751143,33.97,0.0191,0.000252,40.5,23.765929,86.415591
2026-07-09 11:00:00,N10,0.0505,0.005103,1.19,0.0107,0.004228,41.3,23.765929,86.415591
2026-07-09 12:00:00,N10,0.0465,0.005651,7.65,0.0107,0.010009,41.5,23.765929,86.415591
2026-07-09 13:00:00,N10,-0.2258,0.771154,29.02,0.0307,0.000287,41.3,23.765929,86.415591
2026-07-09 14:00:00,N10,-0.0542,0.005243,5.28,0.0113,0.009652,40.5,23.765929,86.415591
2026-07-09 15:00:00,N10,-0.1433,0.005426,2.85,0.0114,5e-06,39.3,23.765929,86.415591
2026-07-09 16:00:00,N10,0.0844,0.005396,3.21,0.0113,0.003097,37.8,23.765929,86.415591
2026-07-09 17:00:00,N10,-0.3858,0.820955,42.77,0.0176,0.003134,35.9,23.765929,86.415591
2026-07-09 18:00:00,N10,0.1238,0.621752,19.54,0.0175,0.002589,34.0,23.765929,86.415591
2026-07-09 19:00:00,N10,-0.1266,0.011958,6.67,0.0124,0.002367,32.1,23.765929,86.415591
2026-07-09 20:00:00,N10,0.0533,0.00659,1.58,0.0128,0.000343,30.3,23.765929,86.415591
2026-07-09 21:00:00,N10,-0.0349,0.005649,7.93,0.0131,0.000286,28.7,23.765929,86.415591
2026-07-09 22:00:00,N10,-0.0835,0.007363,4.45,0.0134,0.000288,27.5,23.765929,86.415591
2026-07-09 23:00:00,N10,0.061,0.009553,4.58,0.0137,0.000151,26.8,23.765929,86.415591
2026-07-10 00:00:00,N10,0.0551,0.005833,2.72,0.0137,0.000413,25.3,23.765929,86.415591
2026-07-10 01:00:00,N10,0.0027,0.007142,1.15,0.0129,0.000111,25.6,23.765929,86.415591
2026-07-10 02:00:00,N10,0.0811,0.007412,2.25,0.0135,0.000415,26.3,23.765929,86.415591
2026-07-10 03:00:00,N10,-0.088,0.007991,2.06,0.0137,0.000288,27.5,23.765929,86.415591
2026-07-10 04:00:00,N10,0.1415,0.006822,7.87,0.014,0.000285,29.1,23.765929,86.415591
2026-07-10 05:00:00,N10,-0.0212,0.006984,5.52,0.0143,3.7e-05,30.9,23.765929,86.415591
2026-07-10 06:00:00,N10,-0.0435,0.009002,7.73,0.014,0.000142,32.8,23.765929,86.415591
2026-07-10 07:00:00,N10,0.1089,0.006276,8.04,0.0145,0.0004,34.8,23.765929,86.415591
2026-07-10 08:00:00,N10,0.0861,0.006332,5.94,0.0148,0.000311,36.6,23.765929,86.415591
2026-07-10 09:00:00,N10,0.055,0.006902,8.31,0.0152,9.4e-05,38.1,23.765929,86.415591
2026-07-10 10:00:00,N10,-0.0979,0.008077,3.82,0.0146,0.000256,39.3,23.765929,86.415591
2026-07-10 11:00:00,N10,-0.1107,0.005954,1.76,0.0157,0.000609,40.1,23.765929,86.415591
2026-07-10 12:00:00,N10,0.0853,0.006935,3.33,0.0158,6.9e-05,40.3,23.765929,86.415591
2026-07-10 13:00:00,N10,,,,,,,23.765929,86.415591
2026-07-10 14:00:00,N10,,,,,,,23.765929,86.415591
2026-07-10 15:00:00,N10,0.2136,0.006314,6.96,0.0155,0.009977,38.1,23.765929,86.415591
2026-07-10 16:00:00,N10,-0.0601,0.653198,45.33,0.0356,0.01233,36.6,23.765929,86.415591
2026-07-10 17:00:00,N10,0.2666,0.813074,38.7,-0.0091,0.022465,34.8,23.765929,86.415591
2026-07-10 18:00:00,N10,0.1236,0.522595,30.38,-0.0093,0.012464,32.8,23.765929,86.415591
2026-07-10 19:00:00,N10,0.1936,0.00582,9.92,0.0158,0.012865,30.9,23.765929,86.415591
2026-07-10 20:00:00,N10,-0.1467,0.007215,7.31,0.0164,0.000107,29.1,23.765929,86.415591
2026-07-10 21:00:00,N10,0.1427,0.005017,9.45,0.016,0.000248,27.5,23.765929,86.415591
2026-07-10 22:00:00,N10,-0.1123,0.006899,8.08,0.0159,0.00021,26.3,23.765929,86.415591
2026-07-10 23:00:00,N10,0.2931,0.005265,5.59,0.0164,0.000301,25.6,23.765929,86.415591
2026-07-11 00:00:00,N10,-0.126,0.006599,7.17,0.0165,1.1e-05,25.3,23.765929,86.415591
2026-07-11 01:00:00,N10,-0.0351,0.008603,3.47,0.0164,9.3e-05,25.5,23.765929,86.415591
2026-07-11 02:00:00,N10,0.0116,0.008474,6.16,0.0164,8e-05,26.3,23.765929,86.415591
2026-07-11 03:00:00,N10,0.1058,0.006024,7.18,0.0166,2.8e-05,27.5,23.765929,86.415591
2026-07-11 04:00:00,N10,-0.0106,0.006022,7.22,0.0164,0.000373,29.0,23.765929,86.415591
2026-07-11 05:00:00,N10,-0.0648,0.006041,5.45,0.0158,0.000764,30.8,23.765929,86.415591
2026-07-11 06:00:00,N10,-0.3128,0.005436,2.35,0.0149,0.000492,32.8,23.765929,86.415591
2026-07-11 07:00:00,N10,,,,,,,23.765929,86.415591
2026-07-11 08:00:00,N10,,,,,,,23.765929,86.415591
2026-07-11 09:00:00,N10,,,,,,,23.765929,86.415591
2026-07-11 10:00:00,N10,,,,,,,23.765929,86.415591
2026-07-11 11:00:00,N10,0.23,0.007504,1.13,0.0152,0.004686,40.0,23.765929,86.415591
2026-07-11 12:00:00,N10,0.0822,0.852807,17.39,0.006,0.0047,40.3,23.765929,86.415591
2026-07-11 13:00:00,N10,,,,,,,23.765929,86.415591
2026-07-11 14:00:00,N10,-0.0619,0.005537,6.49,0.0143,0.004159,39.3,23.765929,86.415591
2026-07-11 15:00:00,N10,-0.0514,0.006641,9.64,0.0141,0.000328,38.1,23.765929,86.415591
2026-07-11 16:00:00,N10,-0.2327,0.005535,3.16,0.015,0.000513,36.5,23.765929,86.415591
2026-07-11 17:00:00,N10,-0.0379,0.005511,5.41,0.0151,3e-06,34.7,23.765929,86.415591
2026-07-11 18:00:00,N10,-0.1927,0.005471,8.5,0.015,0.000168,32.8,23.765929,86.415591
2026-07-11 19:00:00,N10,-0.0199,0.006568,6.99,0.0148,0.000282,30.8,23.765929,86.415591
2026-07-11 20:00:00,N10,-0.1467,0.006784,5.9,0.0144,5.9e-05,29.0,23.765929,86.415591
2026-07-11 21:00:00,N10,-0.171,0.007173,1.83,0.0147,0.000172,27.5,23.765929,86.415591
2026-07-11 22:00:00,N10,-0.0911,0.005006,6.97,0.0147,0.000251,26.3,23.765929,86.415591
2026-07-11 23:00:00,N10,0.1069,0.005593,6.16,0.0142,0.000459,25.5,23.765929,86.415591
2026-07-12 00:00:00,N10,-0.0317,0.007892,6.45,0.0138,1.1e-05,26.7,23.765929,86.415591
2026-07-12 01:00:00,N10,0.1819,0.005381,6.67,0.0142,2.6e-05,26.9,23.765929,86.415591
2026-07-12 02:00:00,N10,0.1523,0.005927,5.05,0.0138,0.000185,27.7,23.765929,86.415591
2026-07-12 03:00:00,N10,-0.1771,0.006898,2.38,0.0145,0.000286,28.9,23.765929,86.415591
2026-07-12 04:00:00,N10,0.1915,0.007037,5.84,0.0143,0.000151,30.4,23.765929,86.415591
2026-07-12 05:00:00,N10,-0.2217,0.010141,4.0,0.0148,0.005955,32.2,23.765929,86.415591
2026-07-12 06:00:00,N10,0.3631,0.513215,22.58,0.0263,0.005566,34.2,23.765929,86.415591
2026-07-12 07:00:00,N10,-0.0743,0.62756,46.24,0.026,0.006154,36.1,23.765929,86.415591
2026-07-12 08:00:00,N10,-0.1003,0.006691,4.94,0.0139,0.00639,37.9,23.765929,86.415591
2026-07-12 09:00:00,N10,0.0348,0.006963,1.67,0.0132,0.000223,39.5,23.765929,86.415591
2026-07-12 10:00:00,N10,0.0084,0.006084,5.35,0.0135,1.3e-05,40.7,23.765929,86.415591
2026-07-12 11:00:00,N10,-0.2861,0.006767,8.38,0.0132,0.000248,41.4,23.765929,86.415591
2026-07-12 12:00:00,N10,-0.0967,0.005164,5.92,0.014,0.000268,41.7,23.765929,86.415591
2026-07-12 13:00:00,N10,-0.1303,0.005541,9.09,0.0137,0.00067,41.4,23.765929,86.415591
2026-07-12 14:00:00,N10,-0.0363,0.005105,8.59,0.0127,0.000446,40.7,23.765929,86.415591
2026-07-12 15:00:00,N10,-0.1777,0.005596,2.72,0.0128,4.5e-05,39.5,23.765929,86.415591
2026-07-12 16:00:00,N10,0.1034,0.00916,1.93,0.0127,0.000415,37.9,23.765929,86.415591
2026-07-12 17:00:00,N10,0.0388,0.007105,2.4,0.0137,0.000519,36.1,23.765929,86.415591
2026-07-12 18:00:00,N10,0.009,0.005392,1.78,0.0138,0.000175,34.2,23.765929,86.415591
2026-07-12 19:00:00,N10,-0.2234,0.008293,8.14,0.014,6e-05,32.2,23.765929,86.415591
2026-07-12 20:00:00,N10,0.0431,0.005765,3.99,0.0139,0.000107,30.4,23.765929,86.415591
2026-07-12 21:00:00,N10,-0.1829,0.005035,6.57,0.0142,0.00068,28.9,23.765929,86.415591
2026-07-12 22:00:00,N10,-0.1406,0.006959,7.77,0.0153,0.000419,27.7,23.765929,86.415591
2026-07-12 23:00:00,N10,0.0625,0.00512,2.51,0.0151,0.000101,26.9,23.765929,86.415591
2026-07-13 00:00:00,N10,-0.2767,0.006331,9.51,0.0151,0.000464,25.6,23.765929,86.415591
2026-07-13 01:00:00,N10,-0.1401,0.007129,8.02,0.0142,0.000631,25.8,23.765929,86.415591
2026-07-13 02:00:00,N10,0.0134,0.007408,3.14,0.0138,0.000592,26.6,23.765929,86.415591
2026-07-13 03:00:00,N10,-0.3,0.005611,4.92,0.013,0.000592,27.8,23.765929,86.415591
2026-07-13 04:00:00,N10,-0.0793,0.008326,4.44,0.0126,0.000201,29.3,23.765929,86.415591
2026-07-13 05:00:00,N10,0.0145,0.006183,1.52,0.0126,0.000102,31.1,23.765929,86.415591
2026-07-13 06:00:00,N10,,,,,,,23.765929,86.415591
2026-07-13 07:00:00,N10,,,,,,,23.765929,86.415591
2026-07-13 08:00:00,N10,,,,,,,23.765929,86.415591
2026-07-13 09:00:00,N10,,,,,,,23.765929,86.415591
2026-07-13 10:00:00,N10,,,,,,,23.765929,86.415591
2026-07-13 11:00:00,N10,0.1863,0.005302,7.94,0.0141,5e-06,40.3,23.765929,86.415591
2026-07-13 12:00:00,N10,-0.137,0.007968,8.89,0.0136,0.000413,40.6,23.765929,86.415591
2026-07-13 13:00:00,N10,0.3638,0.007638,2.84,0.0149,0.000475,40.3,23.765929,86.415591
2026-07-13 14:00:00,N10,0.1186,0.005198,8.29,0.0146,0.008261,39.6,23.765929,86.415591
2026-07-13 15:00:00,N10,0.0059,0.66209,20.46,-0.0016,0.003431,38.4,23.765929,86.415591
2026-07-13 16:00:00,N10,0.1296,0.561572,22.81,0.0077,0.012196,36.8,23.765929,86.415591
2026-07-13 17:00:00,N10,-0.0745,0.524542,49.1,0.0228,0.003295,35.0,23.765929,86.415591
2026-07-13 18:00:00,N10,-0.0552,0.005765,9.74,0.0143,0.004651,33.1,23.765929,86.415591
2026-07-13 19:00:00,N10,0.2911,0.005286,9.58,0.0135,0.000419,31.1,23.765929,86.415591
2026-07-13 20:00:00,N10,0.0514,0.006537,1.2,0.0135,7.8e-05,29.3,23.765929,86.415591
2026-07-13 21:00:00,N10,-0.1036,0.006637,1.29,0.0134,8.4e-05,27.8,23.765929,86.415591
2026-07-13 22:00:00,N10,0.0853,0.006329,8.19,0.0136,1.9e-05,26.6,23.765929,86.415591
2026-07-13 23:00:00,N10,-0.0071,0.00812,1.61,0.0133,3.5e-05,25.8,23.765929,86.415591
2026-07-14 00:00:00,N10,0.0758,0.006271,6.29,0.0136,0.00016,23.5,23.765929,86.415591
2026-07-14 01:00:00,N10,-0.1113,0.005635,7.45,0.0136,0.000143,23.8,23.765929,86.415591
2026-07-14 02:00:00,N10,-0.0969,0.008507,1.19,0.0133,0.000566,24.5,23.765929,86.415591
2026-07-14 03:00:00,N10,-0.1646,0.005058,4.07,0.0125,0.000414,25.7,23.765929,86.415591
2026-07-14 04:00:00,N10,0.0627,0.005859,9.29,0.0125,0.000254,27.3,23.765929,86.415591
2026-07-14 05:00:00,N10,-0.2094,0.006997,2.34,0.013,0.000168,29.1,23.765929,86.415591
2026-07-14 06:00:00,N10,-0.0959,0.005712,3.33,0.0128,6.4e-05,31.0,23.765929,86.415591
2026-07-14 07:00:00,N10,0.1441,0.005885,7.39,0.0129,0.000301,33.0,23.765929,86.415591
2026-07-14 08:00:00,N10,-0.0481,0.005367,3.69,0.0134,0.000173,34.8,23.765929,86.415591
2026-07-14 09:00:00,N10,-0.2296,0.006527,1.9,0.0132,0.000221,36.3,23.765929,86.415591
2026-07-14 10:00:00,N10,0.1598,0.006492,2.54,0.0129,0.004709,37.5,23.765929,86.415591
2026-07-14 11:00:00,N10,0.0337,0.808447,44.08,0.0038,0.000341,38.3,23.765929,86.415591
2026-07-14 12:00:00,N10,0.3076,0.006068,1.71,0.0123,0.004343,38.5,23.765929,86.415591
2026-07-14 13:00:00,N10,-0.0482,0.006287,7.77,0.0125,0.000647,38.3,23.765929,86.415591
2026-07-14 14:00:00,N10,-0.0024,0.005885,6.5,0.011,0.003374,37.5,23.765929,86.415591
2026-07-14 15:00:00,N10,0.1591,0.68484,38.09,0.0193,0.000187,36.3,23.765929,86.415591
2026-07-14 16:00:00,N10,0.0692,0.005047,1.05,0.0113,0.003895,34.8,23.765929,86.415591
2026-07-14 17:00:00,N10,-0.3285,0.00681,5.22,0.0115,0.00011,33.0,23.765929,86.415591
2026-07-14 18:00:00,N10,-0.0268,0.005017,4.49,0.0111,0.000335,31.0,23.765929,86.415591
2026-07-14 19:00:00,N10,0.0798,0.007629,9.35,0.0108,0.000349,29.1,23.765929,86.415591
2026-07-14 20:00:00,N10,-0.166,0.005566,5.82,0.0118,0.000363,27.3,23.765929,86.415591
2026-07-14 21:00:00,N10,0.0628,0.007004,8.38,0.0115,3.9e-05,25.7,23.765929,86.415591
2026-07-14 22:00:00,N10,-0.1133,0.00554,4.51,0.0117,0.000169,24.5,23.765929,86.415591
2026-07-14 23:00:00,N10,-0.0827,0.006226,2.55,0.0112,0.00047,23.8,23.765929,86.415591
2026-07-15 00:00:00,N10,0.2391,0.005341,8.33,0.0108,0.000476,27.2,23.765929,86.415591
2026-07-15 01:00:00,N10,0.0733,0.007714,5.85,0.0102,0.000198,27.5,23.765929,86.415591
2026-07-15 02:00:00,N10,0.2219,0.00663,7.14,0.0104,0.000366,28.2,23.765929,86.415591
2026-07-15 03:00:00,N10,0.278,0.005155,3.0,0.011,0.000997,29.4,23.765929,86.415591
2026-07-15 04:00:00,N10,-0.0082,0.007457,1.27,0.0124,0.000544,31.0,23.765929,86.415591
2026-07-15 05:00:00,N10,-0.1263,0.006463,8.67,0.012,0.000122,32.8,23.765929,86.415591
2026-07-15 06:00:00,N10,-0.1758,0.009643,2.42,0.0122,3e-05,34.7,23.765929,86.415591
2026-07-15 07:00:00,N10,-0.0925,0.00816,2.9,0.012,4.6e-05,36.6,23.765929,86.415591
2026-07-15 08:00:00,N10,-0.1446,0.006978,6.94,0.0121,9.2e-05,38.5,23.765929,86.415591
2026-07-15 09:00:00,N10,-0.0212,0.009015,2.53,0.0122,0.000175,40.0,23.765929,86.415591
2026-07-15 10:00:00,N10,0.0683,0.00566,6.16,0.0117,0.000463,41.2,23.765929,86.415591
2026-07-15 11:00:00,N10,0.0951,0.006765,2.09,0.0112,3.9e-05,41.9,23.765929,86.415591
2026-07-15 12:00:00,N10,0.0549,0.006644,9.98,0.0118,0.000171,42.2,23.765929,86.415591
2026-07-15 13:00:00,N10,-0.1955,0.005331,5.14,0.0116,0.000401,41.9,23.765929,86.415591
2026-07-15 14:00:00,N10,0.032,0.005031,8.18,0.011,0.000243,41.2,23.765929,86.415591
2026-07-15 15:00:00,N10,,,,,,,23.765929,86.415591
2026-07-15 16:00:00,N10,,,,,,,23.765929,86.415591
2026-07-15 17:00:00,N10,,,,,,,23.765929,86.415591
2026-07-15 18:00:00,N10,,,,,,,23.765929,86.415591
2026-07-15 19:00:00,N10,,,,,,,23.765929,86.415591
2026-07-15 20:00:00,N10,0.1876,0.00503,6.39,0.0107,0.000554,31.0,23.765929,86.415591
2026-07-15 21:00:00,N10,0.1359,0.005312,2.61,0.011,0.000696,29.4,23.765929,86.415591
2026-07-15 22:00:00,N10,-0.1399,0.008241,6.37,0.0121,0.000987,28.2,23.765929,86.415591
2026-07-15 23:00:00,N10,-0.2943,0.005049,7.66,0.013,0.000321,27.5,23.765929,86.415591
2026-07-16 00:00:00,N10,-0.0698,0.007912,6.93,0.0128,0.000123,26.9,23.765929,86.415591
2026-07-16 01:00:00,N10,0.0661,0.005423,8.15,0.0127,0.00022,27.1,23.765929,86.415591
2026-07-16 02:00:00,N10,0.0417,0.006795,7.87,0.0123,0.000497,27.9,23.765929,86.415591
2026-07-16 03:00:00,N10,-0.2163,0.005046,9.81,0.0117,3.1e-05,29.1,23.765929,86.415591
2026-07-16 04:00:00,N10,0.0233,0.005524,9.98,0.0123,0.000149,30.6,23.765929,86.415591
2026-07-16 05:00:00,N10,,,,,,,23.765929,86.415591
2026-07-16 06:00:00,N10,0.0709,0.006891,4.33,0.0113,0.000358,34.4,23.765929,86.415591
2026-07-16 07:00:00,N10,-0.0934,0.005694,4.35,0.0113,0.008591,36.3,23.765929,86.415591
2026-07-16 08:00:00,N10,0.2607,0.570644,39.86,0.0285,0.008848,38.1,23.765929,86.415591
2026-07-16 09:00:00,N10,-0.0673,0.850091,36.9,0.029,0.007953,39.7,23.765929,86.415591
2026-07-16 10:00:00,N10,-0.0277,0.006195,3.98,0.0126,0.008253,40.9,23.765929,86.415591
2026-07-16 11:00:00,N10,0.0854,0.006404,2.21,0.0125,0.000203,41.6,23.765929,86.415591
2026-07-16 12:00:00,N10,-0.0801,0.007208,9.59,0.013,0.000115,41.9,23.765929,86.415591
2026-07-16 13:00:00,N10,0.321,0.008359,6.33,0.0127,0.000172,41.6,23.765929,86.415591
2026-07-16 14:00:00,N10,0.261,0.006632,7.01,0.0134,7e-05,40.9,23.765929,86.415591
2026-07-16 15:00:00,N10,-0.0832,0.007565,7.07,0.0129,2e-05,39.7,23.765929,86.415591
2026-07-16 16:00:00,N10,0.3465,0.005391,7.88,0.0134,0.000668,38.1,23.765929,86.415591
2026-07-16 17:00:00,N10,-0.0996,0.006808,1.53,0.0142,0.000215,36.3,23.765929,86.415591
2026-07-16 18:00:00,N10,0.2194,0.005571,7.61,0.0138,0.000246,34.4,23.765929,86.415591
2026-07-16 19:00:00,N10,0.0159,0.007139,5.46,0.0137,1.2e-05,32.5,23.765929,86.415591
2026-07-16 20:00:00,N10,0.0249,0.00586,1.49,0.0139,0.000191,30.6,23.765929,86.415591
2026-07-16 21:00:00,N10,0.0401,0.006411,4.49,0.0134,0.000203,29.1,23.765929,86.415591
2026-07-16 22:00:00,N10,-0.1073,0.008034,7.74,0.0134,6.4e-05,27.9,23.765929,86.415591
2026-07-16 23:00:00,N10,0.0351,0.006635,3.11,0.0135,0.000342,27.1,23.765929,86.415591
2026-07-17 00:00:00,N10,0.2275,0.00582,7.42,0.0141,0.000399,24.4,23.765929,86.415591
2026-07-17 01:00:00,N10,-0.0012,0.006642,6.05,0.0143,9.4e-05,24.7,23.765929,86.415591
2026-07-17 02:00:00,N10,-0.0493,0.005945,8.33,0.0143,0.00021,25.4,23.765929,86.415591
2026-07-17 03:00:00,N10,-0.2658,0.007054,8.61,0.0147,0.000173,26.6,23.765929,86.415591
2026-07-17 04:00:00,N10,-0.0578,0.005436,5.0,0.014,0.00059,28.1,23.765929,86.415591
2026-07-17 05:00:00,N10,-0.1084,0.005269,7.51,0.0135,0.000189,30.0,23.765929,86.415591
2026-07-17 06:00:00,N10,-0.1233,0.008606,6.13,0.0136,6.7e-05,31.9,23.765929,86.415591
2026-07-17 07:00:00,N10,,,,,,,23.765929,86.415591
2026-07-17 08:00:00,N10,,,,,,,23.765929,86.415591
2026-07-17 09:00:00,N10,,,,,,,23.765929,86.415591
2026-07-17 10:00:00,N10,,,,,,,23.765929,86.415591
2026-07-17 11:00:00,N10,,,,,,,23.765929,86.415591
2026-07-17 12:00:00,N10,0.0862,0.005893,5.94,0.0139,0.008447,39.4,23.765929,86.415591
2026-07-17 13:00:00,N10,-0.2436,0.567664,46.59,-0.0029,4.5e-05,39.1,23.765929,86.415591
2026-07-17 14:00:00,N10,,,,,,,23.765929,86.415591
2026-07-17 15:00:00,N10,,,,,,,23.765929,86.415591
2026-07-17 16:00:00,N10,,,,,,,23.765929,86.415591
2026-07-17 17:00:00,N10,,,,,,,23.765929,86.415591
2026-07-17 18:00:00,N10,,,,,,,23.765929,86.415591
2026-07-17 19:00:00,N10,-0.043,0.005195,6.96,0.0162,4.5e-05,30.0,23.765929,86.415591
2026-07-17 20:00:00,N10,-0.1547,0.006833,6.79,0.0158,0.00024,28.1,23.765929,86.415591
2026-07-17 21:00:00,N10,-0.0795,0.005845,2.07,0.0157,8.1e-05,26.6,23.765929,86.415591
2026-07-17 22:00:00,N10,0.082,0.007809,8.85,0.0157,0.000351,25.4,23.765929,86.415591
2026-07-17 23:00:00,N10,0.0634,0.005045,6.24,0.015,0.000432,24.7,23.765929,86.415591
2026-07-18 00:00:00,N10,-0.2323,0.006868,9.93,0.0148,0.000146,26.7,23.765929,86.415591
2026-07-18 01:00:00,N10,-0.0925,0.00597,7.05,0.0153,0.000245,26.9,23.765929,86.415591
2026-07-18 02:00:00,N10,,,,,,,23.765929,86.415591
2026-07-18 03:00:00,N10,,,,,,,23.765929,86.415591
2026-07-18 04:00:00,N10,,,,,,,23.765929,86.415591
2026-07-18 05:00:00,N10,,,,,,,23.765929,86.415591
2026-07-18 06:00:00,N10,,,,,,,23.765929,86.415591
2026-07-18 07:00:00,N10,0.1567,0.006291,9.23,0.0144,8.9e-05,36.1,23.765929,86.415591
2026-07-18 08:00:00,N10,-0.2009,0.005872,8.39,0.0143,0.000202,37.9,23.765929,86.415591
2026-07-18 09:00:00,N10,-0.0269,0.005235,4.9,0.014,0.000251,39.5,23.765929,86.415591
2026-07-18 10:00:00,N10,0.1546,0.007025,1.8,0.0138,0.000196,40.7,23.765929,86.415591
2026-07-18 11:00:00,N10,0.2267,0.008382,1.57,0.0136,0.000304,41.4,23.765929,86.415591
2026-07-18 12:00:00,N10,-0.0132,0.008452,8.28,0.0132,0.002656,41.7,23.765929,86.415591
2026-07-18 13:00:00,N10,0.0084,0.527451,33.8,0.0189,0.000375,41.4,23.765929,86.415591
2026-07-18 14:00:00,N10,-0.2865,0.00819,3.84,0.0125,0.00352,40.7,23.765929,86.415591
2026-07-18 15:00:00,N10,-0.1923,0.005462,1.31,0.0119,0.00037,39.5,23.765929,86.415591
2026-07-18 16:00:00,N10,-0.1286,0.00635,8.54,0.0117,0.009824,37.9,23.765929,86.415591
2026-07-18 17:00:00,N10,-0.0467,0.857723,36.67,0.0315,0.01031,36.1,23.765929,86.415591
2026-07-18 18:00:00,N10,0.0153,0.945924,49.75,0.0324,0.008228,34.2,23.765929,86.415591
2026-07-18 19:00:00,N10,,,,,,,23.765929,86.415591
2026-07-18 20:00:00,N10,0.1211,0.007857,8.18,0.0153,0.000515,30.4,23.765929,86.415591
2026-07-18 21:00:00,N10,-0.0169,0.006649,7.18,0.0161,0.000999,28.9,23.765929,86.415591
2026-07-18 22:00:00,N10,-0.07,0.007139,1.64,0.0173,0.000932,27.7,23.765929,86.415591
2026-07-18 23:00:00,N10,0.2494,0.006194,3.59,0.018,0.000822,26.9,23.765929,86.415591
2026-07-19 00:00:00,N10,-0.1275,0.006787,7.43,0.019,0.000464,22.7,23.765929,86.415591
2026-07-19 01:00:00,N10,0.2543,0.006287,9.15,0.0189,8.6e-05,22.9,23.765929,86.415591
2026-07-19 02:00:00,N10,0.252,0.007243,2.84,0.0191,0.000218,23.7,23.765929,86.415591
2026-07-19 03:00:00,N10,-0.0022,0.005618,4.24,0.0193,0.000455,24.8,23.765929,86.415591
2026-07-19 04:00:00,N10,0.2209,0.007134,4.27,0.02,0.000459,26.4,23.765929,86.415591
2026-07-19 05:00:00,N10,-0.255,0.006752,5.68,0.0203,0.000246,28.2,23.765929,86.415591
2026-07-19 06:00:00,N10,0.3501,0.00531,8.0,0.0205,2.2e-05,30.2,23.765929,86.415591
2026-07-19 07:00:00,N10,-0.0334,0.005931,3.48,0.0203,0.000288,32.1,23.765929,86.415591
2026-07-19 08:00:00,N10,-0.0995,0.006944,7.15,0.02,9.7e-05,33.9,23.765929,86.415591
2026-07-19 09:00:00,N10,0.1022,0.00732,7.54,0.0205,0.000192,35.5,23.765929,86.415591
2026-07-19 10:00:00,N10,0.0645,0.005935,6.4,0.0203,0.006846,36.6,23.765929,86.415591
2026-07-19 11:00:00,N10,-0.21,0.509083,45.42,0.0068,0.000122,37.4,23.765929,86.415591
2026-07-19 12:00:00,N10,0.0802,0.006755,9.56,0.0201,0.006717,37.7,23.765929,86.415591
2026-07-19 13:00:00,N10,0.036,0.005853,6.8,0.0202,0.003411,37.4,23.765929,86.415591
2026-07-19 14:00:00,N10,-0.028,0.984371,27.27,0.0269,0.003283,36.6,23.765929,86.415591
2026-07-19 15:00:00,N10,-0.1363,0.584894,30.77,0.0268,0.003135,35.5,23.765929,86.415591
2026-07-19 16:00:00,N10,0.0446,0.005593,4.62,0.0206,0.002768,33.9,23.765929,86.415591
2026-07-19 17:00:00,N10,0.0109,0.00532,2.44,0.0213,0.000479,32.1,23.765929,86.415591
2026-07-19 18:00:00,N10,-0.1967,0.005619,9.3,0.0216,0.000265,30.2,23.765929,86.415591
2026-07-19 19:00:00,N10,-0.0202,0.00709,1.44,0.0207,0.000443,28.2,23.765929,86.415591
2026-07-19 20:00:00,N10,,,,,,,23.765929,86.415591
2026-07-19 21:00:00,N10,0.0989,0.006017,3.29,0.0201,0.000644,24.8,23.765929,86.415591
2026-07-19 22:00:00,N10,0.152,0.006638,5.95,0.0194,0.000613,23.7,23.765929,86.415591
2026-07-19 23:00:00,N10,-0.2282,0.005298,5.27,0.0189,0.000619,22.9,23.765929,86.415591
2026-07-20 00:00:00,N10,-0.0026,0.0061,8.45,0.0182,0.000121,22.3,23.765929,86.415591
2026-07-20 01:00:00,N10,0.1015,0.00566,2.09,0.0186,0.000267,22.5,23.765929,86.415591
2026-07-20 02:00:00,N10,0.0158,0.005587,5.42,0.0187,0.000196,23.3,23.765929,86.415591
2026-07-20 03:00:00,N10,0.0098,0.005619,2.12,0.019,0.000104,24.5,23.765929,86.415591
2026-07-20 04:00:00,N10,0.2364,0.007192,4.31,0.0189,0.000277,26.0,23.765929,86.415591
2026-07-20 05:00:00,N10,0.1786,0.007563,5.28,0.0185,0.000261,27.8,23.765929,86.415591
2026-07-20 06:00:00,N10,0.2235,0.006124,3.68,0.0184,9.8e-05,29.8,23.765929,86.415591
2026-07-20 07:00:00,N10,0.2432,0.005946,6.42,0.0183,0.007737,31.7,23.765929,86.415591
2026-07-20 08:00:00,N10,0.1786,0.537404,15.73,0.0339,0.003201,33.5,23.765929,86.415591
2026-07-20 09:00:00,N10,0.23,0.872622,15.09,0.0247,0.008344,35.1,23.765929,86.415591
2026-07-20 10:00:00,N10,0.2708,0.006783,2.36,0.0172,0.00384,36.3,23.765929,86.415591
2026-07-20 11:00:00,N10,0.1779,0.008623,5.03,0.017,0.000193,37.0,23.765929,86.415591
2026-07-20 12:00:00,N10,0.033,0.006695,1.72,0.0168,0.000268,37.3,23.765929,86.415591
2026-07-20 13:00:00,N10,0.0939,0.00614,5.75,0.0165,0.000102,37.0,23.765929,86.415591
2026-07-20 14:00:00,N10,-0.1873,0.007976,7.23,0.017,0.000398,36.3,23.765929,86.415591
2026-07-20 15:00:00,N10,-0.1536,0.006686,6.78,0.0173,0.000438,35.1,23.765929,86.415591
2026-07-20 16:00:00,N10,0.1614,0.007284,8.79,0.0179,0.000226,33.5,23.765929,86.415591
2026-07-20 17:00:00,N10,0.018,0.006809,6.07,0.0168,0.000124,31.7,23.765929,86.415591
2026-07-20 18:00:00,N10,0.0702,0.006743,9.75,0.0176,0.000204,29.8,23.765929,86.415591
2026-07-20 19:00:00,N10,-0.0993,0.007911,2.41,0.0172,0.000382,27.8,23.765929,86.415591
2026-07-20 20:00:00,N10,0.0013,0.005172,7.94,0.0169,0.00023,26.0,23.765929,86.415591
2026-07-20 21:00:00,N10,-0.1577,0.006443,1.71,0.0168,0.000192,24.5,23.765929,86.415591
2026-07-20 22:00:00,N10,0.2073,0.005864,6.69,0.0165,7.3e-05,23.3,23.765929,86.415591
2026-07-20 23:00:00,N10,-0.1547,0.00993,7.89,0.0169,3.8e-05,22.5,23.765929,86.415591
2026-07-21 00:00:00,N10,-0.134,0.005376,9.7,0.0164,0.000181,19.0,23.765929,86.415591
2026-07-21 01:00:00,N10,-0.1281,0.005425,6.03,0.0165,9.8e-05,19.3,23.765929,86.415591
2026-07-21 02:00:00,N10,0.0365,0.005117,4.26,0.0166,0.000212,20.0,23.765929,86.415591
2026-07-21 03:00:00,N10,-0.0448,0.007732,2.39,0.0161,2.8e-05,21.2,23.765929,86.415591
2026-07-21 04:00:00,N10,0.0659,0.006575,2.61,0.0167,0.000141,22.8,23.765929,86.415591
2026-07-21 05:00:00,N10,-0.2131,0.005872,5.88,0.0164,0.00041,24.6,23.765929,86.415591
2026-07-21 06:00:00,N10,0.039,0.010232,8.13,0.0175,0.000477,26.5,23.765929,86.415591
2026-07-21 07:00:00,N10,0.041,0.005013,6.63,0.0174,0.000268,28.5,23.765929,86.415591
2026-07-21 08:00:00,N10,-0.0447,0.005867,3.27,0.017,0.000466,30.3,23.765929,86.415591
2026-07-21 09:00:00,N10,0.3543,0.005787,7.11,0.0164,1.5e-05,31.8,23.765929,86.415591
2026-07-21 10:00:00,N10,0.0095,0.006044,9.55,0.017,0.000876,33.0,23.765929,86.415591
2026-07-21 11:00:00,N10,0.2112,0.005753,5.46,0.0182,0.008664,33.8,23.765929,86.415591
2026-07-21 12:00:00,N10,0.1467,0.638405,42.2,-0.0003,0.000147,34.0,23.765929,86.415591
2026-07-21 13:00:00,N10,-0.116,0.005145,6.28,0.0179,0.009118,33.8,23.765929,86.415591
2026-07-21 14:00:00,N10,0.1098,0.005118,8.16,0.0179,0.000154,33.0,23.765929,86.415591
2026-07-21 15:00:00,N10,0.0274,0.007507,6.3,0.0176,9.3e-05,31.8,23.765929,86.415591
2026-07-21 16:00:00,N10,0.0795,0.008085,5.42,0.0177,0.000101,30.3,23.765929,86.415591
2026-07-21 17:00:00,N10,0.159,0.00635,8.01,0.0178,0.000163,28.5,23.765929,86.415591
2026-07-21 18:00:00,N10,-0.1431,0.005734,7.11,0.018,0.000116,26.5,23.765929,86.415591
2026-07-21 19:00:00,N10,0.1546,0.006978,4.37,0.0175,0.000521,24.6,23.765929,86.415591
2026-07-21 20:00:00,N10,0.0013,0.007786,2.63,0.017,0.000623,22.8,23.765929,86.415591
2026-07-21 21:00:00,N10,0.1608,0.006155,9.13,0.0163,7.2e-05,21.2,23.765929,86.415591
2026-07-21 22:00:00,N10,0.0019,0.007503,6.91,0.0169,0.000275,20.0,23.765929,86.415591
2026-07-21 23:00:00,N10,-0.1109,0.006555,3.82,0.0168,0.000207,19.3,23.765929,86.415591
2026-07-22 00:00:00,N10,-0.0553,0.005614,3.15,0.0173,0.000437,25.3,23.765929,86.415591
2026-07-22 01:00:00,N10,,,,,,,23.765929,86.415591
2026-07-22 02:00:00,N10,,,,,,,23.765929,86.415591
2026-07-22 03:00:00,N10,,,,,,,23.765929,86.415591
2026-07-22 04:00:00,N10,,,,,,,23.765929,86.415591
2026-07-22 05:00:00,N10,-0.0193,0.006869,5.83,0.0171,0.000173,30.9,23.765929,86.415591
2026-07-22 06:00:00,N10,0.1848,0.006737,7.83,0.0175,7.4e-05,32.8,23.765929,86.415591
2026-07-22 07:00:00,N10,0.3077,0.006825,3.51,0.0173,6e-05,34.7,23.765929,86.415591
2026-07-22 08:00:00,N10,,,,,,,23.765929,86.415591
2026-07-22 09:00:00,N10,,,,,,,23.765929,86.415591
2026-07-22 10:00:00,N10,-0.1945,0.006233,9.1,0.0173,0.000223,39.3,23.765929,86.415591
2026-07-22 11:00:00,N10,-0.1357,0.008097,4.71,0.0176,6.4e-05,40.1,23.765929,86.415591
2026-07-22 12:00:00,N10,0.2107,0.005491,2.72,0.0175,0.000217,40.3,23.765929,86.415591
2026-07-22 13:00:00,N10,0.2429,0.006405,4.87,0.0172,0.000195,40.1,23.765929,86.415591
2026-07-22 14:00:00,N10,-0.1208,0.005073,4.9,0.0171,0.000203,39.3,23.765929,86.415591
2026-07-22 15:00:00,N10,0.2752,0.005343,4.41,0.0176,0.000416,38.1,23.765929,86.415591
2026-07-22 16:00:00,N10,0.1499,0.009001,6.5,0.0179,0.006041,36.6,23.765929,86.415591
2026-07-22 17:00:00,N10,-0.225,0.689596,43.61,0.0297,0.005431,34.7,23.765929,86.415591
2026-07-22 18:00:00,N10,0.1444,0.635268,18.49,0.0288,0.006151,32.8,23.765929,86.415591
2026-07-22 19:00:00,N10,,,,,,,23.765929,86.415591
2026-07-22 20:00:00,N10,,,,,,,23.765929,86.415591
2026-07-22 21:00:00,N10,,,,,,,23.765929,86.415591
2026-07-22 22:00:00,N10,,,,,,,23.765929,86.415591
2026-07-22 23:00:00,N10,,,,,,,23.765929,86.415591
2026-07-23 00:00:00,N10,,,,,,,23.765929,86.415591
2026-07-23 01:00:00,N10,,,,,,,23.765929,86.415591
2026-07-23 02:00:00,N10,-0.0081,0.006655,4.36,0.0176,0.000496,22.6,23.765929,86.415591
2026-07-23 03:00:00,N10,0.0558,0.007707,8.49,0.0184,0.000294,23.8,23.765929,86.415591
2026-07-23 04:00:00,N10,0.0358,0.009343,8.82,0.0182,0.000107,25.4,23.765929,86.415591
2026-07-23 05:00:00,N10,0.0233,0.007207,7.23,0.0186,0.000215,27.2,23.765929,86.415591
2026-07-23 06:00:00,N10,-0.0136,0.00587,2.42,0.0186,0.000153,29.1,23.765929,86.415591
2026-07-23 07:00:00,N10,0.131,0.007068,8.96,0.019,0.004696,31.1,23.765929,86.415591
2026-07-23 08:00:00,N10,-0.0651,0.980671,45.24,0.0092,0.004775,32.9,23.765929,86.415591
2026-07-23 09:00:00,N10,-0.3135,0.502043,28.25,0.0094,0.005281,34.4,23.765929,86.415591
2026-07-23 10:00:00,N10,-0.258,0.00577,6.66,0.0198,0.005612,35.6,23.765929,86.415591
2026-07-23 11:00:00,N10,0.1772,0.005024,5.37,0.0206,0.000716,36.4,23.765929,86.415591
2026-07-23 12:00:00,N10,-0.0533,0.006385,4.71,0.0212,0.000351,36.6,23.765929,86.415591
2026-07-23 13:00:00,N10,0.2739,0.006653,9.18,0.0213,0.000127,36.4,23.765929,86.415591
2026-07-23 14:00:00,N10,0.0461,0.009042,6.37,0.021,9.8e-05,35.6,23.765929,86.415591
2026-07-23 15:00:00,N10,0.0451,0.005308,1.05,0.0211,4.6e-05,34.4,23.765929,86.415591
2026-07-23 16:00:00,N10,0.0898,0.006853,3.98,0.0209,0.00033,32.9,23.765929,86.415591
2026-07-23 17:00:00,N10,0.0726,0.005806,6.99,0.0205,0.000308,31.1,23.765929,86.415591
2026-07-23 18:00:00,N10,-0.0708,0.005888,6.02,0.0203,0.000128,29.1,23.765929,86.415591
2026-07-23 19:00:00,N10,-0.0982,0.006956,7.34,0.0207,3.2e-05,27.2,23.765929,86.415591
2026-07-23 20:00:00,N10,0.0737,0.007325,4.34,0.0203,0.000294,25.4,23.765929,86.415591
2026-07-23 21:00:00,N10,-0.025,0.005827,8.74,0.0201,0.000384,23.8,23.765929,86.415591
2026-07-23 22:00:00,N10,0.0162,0.009127,8.98,0.0211,0.000236,22.6,23.765929,86.415591
2026-07-23 23:00:00,N10,0.1267,0.006925,2.41,0.0206,0.000212,21.9,23.765929,86.415591
2026-07-24 00:00:00,N10,,,,,,,23.765929,86.415591
2026-07-24 01:00:00,N10,,,,,,,23.765929,86.415591
2026-07-24 02:00:00,N10,,,,,,,23.765929,86.415591
2026-07-24 03:00:00,N10,,,,,,,23.765929,86.415591
2026-07-24 04:00:00,N10,,,,,,,23.765929,86.415591
2026-07-24 05:00:00,N10,0.1271,0.006505,9.86,0.0224,0.000291,30.6,23.765929,86.415591
2026-07-24 06:00:00,N10,,,,,,,23.765929,86.415591
2026-07-24 07:00:00,N10,,,,,,,23.765929,86.415591
2026-07-24 08:00:00,N10,,,,,,,23.765929,86.415591
2026-07-24 09:00:00,N10,,,,,,,23.765929,86.415591
2026-07-24 10:00:00,N10,0.1083,0.005781,5.95,0.0223,0.000174,39.0,23.765929,86.415591
2026-07-24 11:00:00,N10,0.1587,0.00607,1.68,0.0222,8.2e-05,39.7,23.765929,86.415591
2026-07-24 12:00:00,N10,0.2977,0.006424,4.46,0.0221,0.007982,40.0,23.765929,86.415591
2026-07-24 13:00:00,N10,0.0425,0.920903,31.38,0.0063,0.000142,39.7,23.765929,86.415591
2026-07-24 14:00:00,N10,-0.1589,0.005542,1.05,0.0218,0.008019,39.0,23.765929,86.415591
2026-07-24 15:00:00,N10,0.2236,0.005838,2.78,0.0223,8.3e-05,37.8,23.765929,86.415591
2026-07-24 16:00:00,N10,0.0524,0.006051,5.64,0.022,0.000424,36.3,23.765929,86.415591
2026-07-24 17:00:00,N10,0.0184,0.008985,5.96,0.0214,8.4e-05,34.4,23.765929,86.415591
2026-07-24 18:00:00,N10,0.1475,0.006875,8.69,0.0218,0.000722,32.5,23.765929,86.415591
2026-07-24 19:00:00,N10,0.066,0.006892,7.39,0.0229,0.000214,30.6,23.765929,86.415591
2026-07-24 20:00:00,N10,0.0356,0.005251,4.02,0.0223,0.000576,28.8,23.765929,86.415591
2026-07-24 21:00:00,N10,-0.0118,0.006477,9.1,0.0217,0.00058,27.2,23.765929,86.415591
2026-07-24 22:00:00,N10,0.1943,0.007433,1.65,0.0211,0.000815,26.0,23.765929,86.415591
2026-07-24 23:00:00,N10,-0.2274,0.007368,1.13,0.0201,0.000295,25.3,23.765929,86.415591
2026-07-25 00:00:00,N10,,,,,,,23.765929,86.415591
2026-07-25 01:00:00,N10,,,,,,,23.765929,86.415591
2026-07-25 02:00:00,N10,,,,,,,23.765929,86.415591
2026-07-25 03:00:00,N10,0.0346,0.007006,2.47,0.0184,0.000304,26.7,23.765929,86.415591
2026-07-25 04:00:00,N10,-0.0629,0.005844,9.9,0.018,0.000309,28.2,23.765929,86.415591
2026-07-25 05:00:00,N10,0.118,0.009065,8.94,0.0178,7e-05,30.0,23.765929,86.415591
2026-07-25 06:00:00,N10,-0.0806,0.006397,8.65,0.0181,0.000185,32.0,23.765929,86.415591
2026-07-25 07:00:00,N10,-0.0756,0.007036,1.88,0.0181,9.4e-05,33.9,23.765929,86.415591
2026-07-25 08:00:00,N10,0.0195,0.007145,9.14,0.0179,0.000366,35.7,23.765929,86.415591
2026-07-25 09:00:00,N10,-0.1443,0.00533,5.21,0.0189,0.000483,37.3,23.765929,86.415591
2026-07-25 10:00:00,N10,-0.1787,0.006469,2.19,0.0189,0.000237,38.5,23.765929,86.415591
2026-07-25 11:00:00,N10,-0.1354,0.00681,9.42,0.0193,0.002742,39.2,23.765929,86.415591
2026-07-25 12:00:00,N10,-0.1535,0.939687,17.77,0.0244,0.000126,39.5,23.765929,86.415591
2026-07-25 13:00:00,N10,0.1553,0.008042,9.2,0.0191,0.002945,39.2,23.765929,86.415591
2026-07-25 14:00:00,N10,-0.0645,0.005694,5.4,0.0185,0.000201,38.5,23.765929,86.415591
2026-07-25 15:00:00,N10,-0.0166,0.007377,8.9,0.0187,4.3e-05,37.3,23.765929,86.415591
2026-07-25 16:00:00,N10,-0.0091,0.008423,6.85,0.0184,0.000138,35.7,23.765929,86.415591
2026-07-25 17:00:00,N10,0.0726,0.008364,2.05,0.0184,0.000306,33.9,23.765929,86.415591
2026-07-25 18:00:00,N10,-0.0444,0.008125,6.45,0.019,0.000267,32.0,23.765929,86.415591
2026-07-25 19:00:00,N10,0.0373,0.006408,4.98,0.0189,0.001565,30.0,23.765929,86.415591
2026-07-25 20:00:00,N10,0.0345,0.005144,5.26,0.0159,0.001545,28.2,23.765929,86.415591
2026-07-25 21:00:00,N10,-0.3547,0.009004,7.21,0.0158,4.3e-05,26.7,23.765929,86.415591
2026-07-25 22:00:00,N10,0.0359,0.006898,2.78,0.0158,0.000491,25.5,23.765929,86.415591
2026-07-25 23:00:00,N10,-0.2075,0.008535,9.96,0.0149,7.1e-05,24.7,23.765929,86.415591
2026-07-26 00:00:00,N10,0.1093,0.00642,2.79,0.0157,0.000216,25.2,23.765929,86.415591
2026-07-26 01:00:00,N10,0.1665,0.007328,5.34,0.0144,0.000777,25.5,23.765929,86.415591
2026-07-26 02:00:00,N10,0.0494,0.005463,8.84,0.0141,0.000174,26.3,23.765929,86.415591
2026-07-26 03:00:00,N10,-0.0358,0.009563,4.92,0.0141,0.000188,27.4,23.765929,86.415591
2026-07-26 04:00:00,N10,0.0793,0.005424,9.7,0.0137,0.000433,29.0,23.765929,86.415591
2026-07-26 05:00:00,N10,-0.0093,0.005927,8.88,0.0132,0.000311,30.8,23.765929,86.415591
2026-07-26 06:00:00,N10,0.0166,0.00541,5.08,0.0131,0.007694,32.7,23.765929,86.415591
2026-07-26 07:00:00,N10,0.1083,0.682049,19.19,0.0286,0.000298,34.7,23.765929,86.415591
2026-07-26 08:00:00,N10,-0.0204,0.005234,2.58,0.0125,0.007632,36.5,23.765929,86.415591
2026-07-26 09:00:00,N10,0.2499,0.006992,1.05,0.0133,0.007506,38.0,23.765929,86.415591
2026-07-26 10:00:00,N10,-0.1889,0.787389,29.23,0.0275,0.000202,39.2,23.765929,86.415591
2026-07-26 11:00:00,N10,-0.1011,0.005365,3.27,0.0129,0.007221,40.0,23.765929,86.415591
2026-07-26 12:00:00,N10,0.0341,0.007866,1.52,0.0131,0.000217,40.2,23.765929,86.415591
2026-07-26 13:00:00,N10,-0.0526,0.006485,2.42,0.0134,0.000504,40.0,23.765929,86.415591
2026-07-26 14:00:00,N10,0.3583,0.00743,7.99,0.0141,0.000262,39.2,23.765929,86.415591
2026-07-26 15:00:00,N10,0.0005,0.005389,1.12,0.0139,7e-06,38.0,23.765929,86.415591
2026-07-26 16:00:00,N10,-0.189,0.006259,8.26,0.0141,0.003816,36.5,23.765929,86.415591
2026-07-26 17:00:00,N10,0.3833,0.881346,48.59,0.0215,0.000181,34.7,23.765929,86.415591
2026-07-26 18:00:00,N10,0.0302,0.005409,6.67,0.0144,0.003591,32.7,23.765929,86.415591
2026-07-26 19:00:00,N10,,,,,,,23.765929,86.415591
2026-07-26 20:00:00,N10,,,,,,,23.765929,86.415591
2026-07-26 21:00:00,N10,0.038,0.007104,4.47,0.0153,3.9e-05,27.4,23.765929,86.415591
2026-07-26 22:00:00,N10,0.0683,0.005723,4.98,0.015,0.000248,26.3,23.765929,86.415591
2026-07-26 23:00:00,N10,0.0796,0.007687,4.92,0.0148,0.000313,25.5,23.765929,86.415591
2026-07-27 00:00:00,N10,-0.0925,0.007229,6.79,0.0144,0.000218,29.0,23.765929,86.415591
2026-07-27 01:00:00,N10,-0.2106,0.006661,6.6,0.0143,0.000134,29.3,23.765929,86.415591
2026-07-27 02:00:00,N10,0.1342,0.006275,8.03,0.0147,8.3e-05,30.0,23.765929,86.415591
2026-07-27 03:00:00,N10,0.0282,0.006227,9.01,0.0142,0.00049,31.2,23.765929,86.415591
2026-07-27 04:00:00,N10,-0.1667,0.005249,2.01,0.0137,2.1e-05,32.8,23.765929,86.415591
2026-07-27 05:00:00,N10,0.0652,0.006175,3.84,0.0142,0.000369,34.6,23.765929,86.415591
2026-07-27 06:00:00,N10,0.0086,0.008306,2.73,0.0144,0.000386,36.5,23.765929,86.415591
2026-07-27 07:00:00,N10,-0.0736,0.006949,7.8,0.015,0.00037,38.5,23.765929,86.415591
2026-07-27 08:00:00,N10,-0.1388,0.005798,5.67,0.0152,0.000115,40.3,23.765929,86.415591
2026-07-27 09:00:00,N10,-0.0503,0.009089,2.42,0.0148,0.000299,41.8,23.765929,86.415591
2026-07-27 10:00:00,N10,-0.022,0.005748,7.74,0.0146,0.000238,43.0,23.765929,86.415591
2026-07-27 11:00:00,N10,0.2636,0.006081,5.93,0.0143,0.004163,43.8,23.765929,86.415591
2026-07-27 12:00:00,N10,-0.1068,0.850173,23.05,0.0229,0.00418,44.0,23.765929,86.415591
2026-07-27 13:00:00,N10,0.2051,0.607924,49.41,0.0226,0.004327,43.8,23.765929,86.415591
2026-07-27 14:00:00,N10,-0.0947,0.00525,9.61,0.0143,0.004206,43.0,23.765929,86.415591
2026-07-27 15:00:00,N10,0.2349,0.005729,3.58,0.0142,0.000115,41.8,23.765929,86.415591
2026-07-27 16:00:00,N10,-0.0374,0.006665,7.68,0.0145,0.000486,40.3,23.765929,86.415591
2026-07-27 17:00:00,N10,-0.0601,0.005333,7.83,0.0152,9.3e-05,38.5,23.765929,86.415591
2026-07-27 18:00:00,N10,0.1784,0.005198,1.12,0.0143,0.000741,36.5,23.765929,86.415591
2026-07-27 19:00:00,N10,0.0862,0.006781,1.86,0.0137,0.000713,34.6,23.765929,86.415591
2026-07-27 20:00:00,N10,0.4802,0.005066,9.24,0.0129,0.00054,32.8,23.765929,86.415591
2026-07-27 21:00:00,N10,-0.0033,0.008415,2.74,0.0126,0.00012,31.2,23.765929,86.415591
2026-07-27 22:00:00,N10,0.15,0.006297,5.5,0.0126,0.000338,30.0,23.765929,86.415591
2026-07-27 23:00:00,N10,0.1958,0.006411,9.14,0.012,9.1e-05,29.3,23.765929,86.415591
2026-07-28 00:00:00,N10,0.0579,0.005492,9.16,0.0125,0.000363,27.7,23.765929,86.415591
2026-07-28 01:00:00,N10,0.079,0.005661,8.97,0.0127,0.000183,28.0,23.765929,86.415591
2026-07-28 02:00:00,N10,-0.194,0.005474,4.31,0.0121,0.000401,28.7,23.765929,86.415591
2026-07-28 03:00:00,N10,-0.1358,0.006716,2.99,0.0119,0.000394,29.9,23.765929,86.415591
2026-07-28 04:00:00,N10,0.0237,0.006961,9.76,0.0129,0.000424,31.5,23.765929,86.415591
2026-07-28 05:00:00,N10,0.1548,0.005944,8.81,0.0127,0.004074,33.3,23.765929,86.415591
2026-07-28 06:00:00,N10,-0.3144,0.932196,23.26,0.021,0.000179,35.2,23.765929,86.415591
2026-07-28 07:00:00,N10,-0.0407,0.008158,4.4,0.0131,0.013666,37.2,23.765929,86.415591
2026-07-28 08:00:00,N10,-0.0371,0.591103,38.1,-0.0063,0.009956,39.0,23.765929,86.415591
2026-07-28 09:00:00,N10,-0.0938,0.936554,32.51,-0.0068,0.008991,40.5,23.765929,86.415591
2026-07-28 10:00:00,N10,0.18,0.007613,3.24,0.0117,0.009207,41.7,23.765929,86.415591
2026-07-28 11:00:00,N10,0.1154,0.007129,8.15,0.0116,0.000411,42.5,23.765929,86.415591
2026-07-28 12:00:00,N10,0.1319,0.006323,4.4,0.0109,0.000359,42.7,23.765929,86.415591
2026-07-28 13:00:00,N10,,,,,,,23.765929,86.415591
2026-07-28 14:00:00,N10,,,,,,,23.765929,86.415591
2026-07-28 15:00:00,N10,,,,,,,23.765929,86.415591
2026-07-28 16:00:00,N10,,,,,,,23.765929,86.415591
2026-07-28 17:00:00,N10,,,,,,,23.765929,86.415591
2026-07-28 18:00:00,N10,0.1437,0.006244,2.64,0.0127,0.000196,35.2,23.765929,86.415591
2026-07-28 19:00:00,N10,-0.0543,0.00729,6.85,0.0127,0.000226,33.3,23.765929,86.415591
2026-07-28 20:00:00,N10,0.0432,0.006186,5.96,0.0132,0.000244,31.5,23.765929,86.415591
2026-07-28 21:00:00,N10,-0.0296,0.009431,7.37,0.0132,2.2e-05,29.9,23.765929,86.415591
2026-07-28 22:00:00,N10,0.0331,0.00799,3.87,0.0131,0.000154,28.7,23.765929,86.415591
2026-07-28 23:00:00,N10,0.0015,0.008643,1.14,0.0135,0.000145,28.0,23.765929,86.415591
2026-07-29 00:00:00,N10,-0.1934,0.008616,4.78,0.0134,0.000118,24.4,23.765929,86.415591
2026-07-29 01:00:00,N10,0.0673,0.006474,1.32,0.0138,0.000449,24.7,23.765929,86.415591
2026-07-29 02:00:00,N10,0.0217,0.006303,2.33,0.0143,0.000157,25.4,23.765929,86.415591
2026-07-29 03:00:00,N10,-0.1821,0.005992,6.3,0.0141,2.7e-05,26.6,23.765929,86.415591
2026-07-29 04:00:00,N10,-0.021,0.00826,2.29,0.0144,5e-05,28.2,23.765929,86.415591
2026-07-29 05:00:00,N10,0.0336,0.005377,1.42,0.014,0.000163,30.0,23.765929,86.415591
2026-07-29 06:00:00,N10,-0.2552,0.007399,6.77,0.0141,0.000177,31.9,23.765929,86.415591
2026-07-29 07:00:00,N10,-0.0035,0.007159,9.2,0.0136,0.008418,33.9,23.765929,86.415591
2026-07-29 08:00:00,N10,-0.2539,0.712082,35.23,0.0309,5.7e-05,35.7,23.765929,86.415591
2026-07-29 09:00:00,N10,-0.1377,0.005924,3.51,0.0137,0.008513,37.2,23.765929,86.415591
2026-07-29 10:00:00,N10,0.0237,0.006538,5.06,0.0139,0.000376,38.4,23.765929,86.415591
2026-07-29 11:00:00,N10,0.0155,0.005036,1.11,0.0145,0.000704,39.2,23.765929,86.415591
2026-07-29 12:00:00,N10,-0.0295,0.006398,1.67,0.0153,0.00055,39.4,23.765929,86.415591
2026-07-29 13:00:00,N10,-0.169,0.006381,3.63,0.0156,0.000263,39.2,23.765929,86.415591
2026-07-29 14:00:00,N10,0.3127,0.005167,8.79,0.0158,8.8e-05,38.4,23.765929,86.415591
2026-07-29 15:00:00,N10,-0.106,0.007477,5.52,0.0158,8e-05,37.2,23.765929,86.415591
2026-07-29 16:00:00,N10,-0.0233,0.008834,6.36,0.0156,5.6e-05,35.7,23.765929,86.415591
2026-07-29 17:00:00,N10,-0.2321,0.005665,9.05,0.0159,0.000714,33.9,23.765929,86.415591
2026-07-29 18:00:00,N10,-0.0391,0.005828,3.7,0.0171,0.000594,31.9,23.765929,86.415591
2026-07-29 19:00:00,N10,0.2574,0.005341,3.69,0.0171,2.3e-05,30.0,23.765929,86.415591
2026-07-29 20:00:00,N10,0.0368,0.007174,3.98,0.0171,0.000105,28.2,23.765929,86.415591
2026-07-29 21:00:00,N10,-0.1007,0.007457,5.62,0.0173,2.7e-05,26.6,23.765929,86.415591
2026-07-29 22:00:00,N10,-0.0461,0.008748,4.42,0.0172,0.000268,25.4,23.765929,86.415591
2026-07-29 23:00:00,N10,,,,,,,23.765929,86.415591
2026-07-30 00:00:00,N10,,,,,,,23.765929,86.415591
2026-07-30 01:00:00,N10,,,,,,,23.765929,86.415591
2026-07-30 02:00:00,N10,,,,,,,23.765929,86.415591
2026-07-30 03:00:00,N10,-0.0897,0.008285,1.13,0.0174,0.001161,25.3,23.765929,86.415591
2026-07-30 04:00:00,N10,,,,,,,23.765929,86.415591
2026-07-30 05:00:00,N10,,,,,,,23.765929,86.415591
2026-07-30 06:00:00,N10,,,,,,,23.765929,86.415591
2026-07-30 07:00:00,N10,,,,,,,23.765929,86.415591
2026-07-30 08:00:00,N10,,,,,,,23.765929,86.415591
2026-07-30 09:00:00,N10,0.0689,0.00612,7.89,0.0218,0.003636,35.9,23.765929,86.415591
2026-07-30 10:00:00,N10,0.0047,0.790736,48.07,0.0282,0.00129,37.1,23.765929,86.415591
2026-07-30 11:00:00,N10,0.1599,0.006486,6.11,0.0244,0.001004,37.9,23.765929,86.415591
2026-07-30 12:00:00,N10,-0.0799,0.006349,2.83,0.0262,0.006868,38.1,23.765929,86.415591
2026-07-30 13:00:00,N10,0.0911,0.587153,22.52,0.0381,0.001395,37.9,23.765929,86.415591
2026-07-30 14:00:00,N10,,,,,,,23.765929,86.415591
2026-07-30 15:00:00,N10,,,,,,,23.765929,86.415591
2026-07-30 16:00:00,N10,,,,,,,23.765929,86.415591
2026-07-30 17:00:00,N10,,,,,,,23.765929,86.415591
2026-07-30 18:00:00,N10,0.0257,0.005122,8.56,0.0325,0.000625,30.6,23.765929,86.415591
2026-07-30 19:00:00,N10,0.3122,0.005053,6.27,0.0332,0.0007,28.7,23.765929,86.415591
2026-07-30 20:00:00,N10,-0.2448,0.005029,8.18,0.0339,0.000757,26.9,23.765929,86.415591
2026-07-30 21:00:00,N10,-0.128,0.007127,7.8,0.0347,0.001006,25.3,23.765929,86.415591
2026-07-30 22:00:00,N10,-0.1251,0.006802,7.93,0.0359,0.00082,24.1,23.765929,86.415591
2026-07-30 23:00:00,N10,-0.023,0.005906,8.67,0.0364,0.000404,23.4,23.765929,86.415591
2026-07-31 00:00:00,N10,-0.2494,0.005664,5.28,0.0367,0.000577,27.6,23.765929,86.415591
2026-07-31 01:00:00,N10,-0.047,0.00529,9.8,0.0375,0.000541,27.9,23.765929,86.415591
2026-07-31 02:00:00,N10,-0.2502,0.007602,4.81,0.0378,0.000402,28.6,23.765929,86.415591
2026-07-31 03:00:00,N10,,,,,,,23.765929,86.415591
2026-07-31 04:00:00,N10,,,,,,,23.765929,86.415591
2026-07-31 05:00:00,N10,,,,,,,23.765929,86.415591
2026-07-31 06:00:00,N10,,,,,,,23.765929,86.415591
2026-07-31 07:00:00,N10,-0.0154,0.79919,36.47,0.0522,4.7e-05,37.1,23.765929,86.415591
2026-07-31 08:00:00,N10,0.1519,0.007115,6.36,0.0402,0.005914,38.9,23.765929,86.415591
2026-07-31 09:00:00,N10,0.1245,0.006493,4.54,0.0403,0.000275,40.4,23.765929,86.415591
2026-07-31 10:00:00,N10,0.1029,0.00622,6.74,0.0408,0.005099,41.6,23.765929,86.415591
2026-07-31 11:00:00,N10,0.0689,0.792405,19.15,0.0505,0.01048,42.4,23.765929,86.415591
2026-07-31 12:00:00,N10,0.3618,0.709656,30.81,0.0617,0.003539,42.6,23.765929,86.415591
2026-07-31 13:00:00,N10,0.1106,0.008419,2.22,0.0435,0.008819,42.4,23.765929,86.415591
2026-07-31 14:00:00,N10,-0.1252,0.005927,5.2,0.0441,0.000362,41.6,23.765929,86.415591
2026-07-31 15:00:00,N10,0.1039,0.005042,7.35,0.0442,7.2e-05,40.4,23.765929,86.415591
2026-07-31 16:00:00,N10,-0.0708,0.006528,7.79,0.0439,6e-06,38.9,23.765929,86.415591
2026-07-31 17:00:00,N10,0.0376,0.00597,2.16,0.0442,0.000116,37.1,23.765929,86.415591
2026-07-31 18:00:00,N10,0.2057,0.007941,7.85,0.0437,8.5e-05,35.1,23.765929,86.415591
2026-07-31 19:00:00,N10,-0.0679,0.007155,1.95,0.044,0.000255,33.2,23.765929,86.415591
2026-07-31 20:00:00,N10,-0.0115,0.00723,5.65,0.0442,0.000403,31.4,23.765929,86.415591
2026-07-31 21:00:00,N10,-0.096,0.006297,2.26,0.0432,0.000656,29.8,23.765929,86.415591
2026-07-31 22:00:00,N10,0.0659,0.005637,6.56,0.0429,0.000551,28.6,23.765929,86.415591
2026-07-31 23:00:00,N10,-0.1609,0.006792,9.75,0.0421,0.000846,27.9,23.765929,86.415591
2026-08-01 00:00:00,N10,-0.0747,0.007436,3.24,0.0412,0.000359,23.7,23.765929,86.415591
2026-08-01 01:00:00,N10,,,,,,,23.765929,86.415591
2026-08-01 02:00:00,N10,,,,,,,23.765929,86.415591
2026-08-01 03:00:00,N10,,,,,,,23.765929,86.415591
2026-08-01 04:00:00,N10,,,,,,,23.765929,86.415591
2026-08-01 05:00:00,N10,0.4716,0.005812,9.7,0.0392,0.005103,29.3,23.765929,86.415591
2026-08-01 06:00:00,N10,-0.0072,0.926581,37.16,0.0293,0.000704,31.2,23.765929,86.415591
2026-08-01 07:00:00,N10,0.0957,0.896134,20.14,0.0378,0.004506,33.1,23.765929,86.415591
2026-08-01 08:00:00,N10,0.0245,0.005318,6.81,0.0383,0.00061,34.9,23.765929,86.415591
2026-08-01 09:00:00,N10,0.1898,0.006478,1.77,0.0391,0.000266,36.5,23.765929,86.415591
2026-08-01 10:00:00,N10,0.1738,0.005814,5.11,0.0389,0.00048,37.7,23.765929,86.415591
2026-08-01 11:00:00,N10,0.0602,0.005729,4.72,0.0381,0.000798,38.4,23.765929,86.415591
2026-08-01 12:00:00,N10,,,,,,,23.765929,86.415591
2026-08-01 13:00:00,N10,,,,,,,23.765929,86.415591
2026-08-01 14:00:00,N10,-0.0776,0.00596,4.22,0.0367,0.004808,37.7,23.765929,86.415591
2026-08-01 15:00:00,N10,-0.0546,0.005448,8.53,0.0367,0.000149,36.5,23.765929,86.415591
2026-08-01 16:00:00,N10,-0.1618,0.00525,7.66,0.0364,1.7e-05,34.9,23.765929,86.415591
2026-08-01 17:00:00,N10,0.0197,0.005923,9.98,0.0366,4.3e-05,33.1,23.765929,86.415591
2026-08-01 18:00:00,N10,,,,,,,23.765929,86.415591
2026-08-01 19:00:00,N10,,,,,,,23.765929,86.415591
2026-08-01 20:00:00,N10,,,,,,,23.765929,86.415591
2026-08-01 21:00:00,N10,-0.1565,0.005586,5.76,0.035,0.000265,25.9,23.765929,86.415591
2026-08-01 22:00:00,N10,-0.2061,0.005069,9.07,0.0349,0.000239,24.7,23.765929,86.415591
2026-08-01 23:00:00,N10,0.049,0.006043,3.19,0.0345,0.000134,24.0,23.765929,86.415591
2026-08-02 00:00:00,N10,,,,,,,23.765929,86.415591
2026-08-02 01:00:00,N10,,,,,,,23.765929,86.415591
2026-08-02 02:00:00,N10,,,,,,,23.765929,86.415591
2026-08-02 03:00:00,N10,,,,,,,23.765929,86.415591
2026-08-02 04:00:00,N10,,,,,,,23.765929,86.415591
2026-08-02 05:00:00,N10,0.0598,0.006868,4.33,0.0331,6.2e-05,30.1,23.765929,86.415591
2026-08-02 06:00:00,N10,-0.2747,0.005912,4.13,0.0336,0.000321,32.1,23.765929,86.415591
2026-08-02 07:00:00,N10,0.0568,0.005681,2.2,0.0325,0.000514,34.0,23.765929,86.415591
2026-08-02 08:00:00,N10,-0.2859,0.009211,7.4,0.0326,0.000479,35.8,23.765929,86.415591
2026-08-02 09:00:00,N10,0.0062,0.005959,1.03,0.0334,5.8e-05,37.4,23.765929,86.415591
2026-08-02 10:00:00,N10,0.131,0.005164,4.72,0.0327,0.000176,38.6,23.765929,86.415591
2026-08-02 11:00:00,N10,-0.1237,0.006779,6.49,0.0331,8.6e-05,39.3,23.765929,86.415591
2026-08-02 12:00:00,N10,-0.1226,0.00512,7.87,0.0326,0.000321,39.6,23.765929,86.415591
2026-08-02 13:00:00,N10,0.2735,0.006022,6.93,0.0325,0.000376,39.3,23.765929,86.415591
2026-08-02 14:00:00,N10,-0.0849,0.00531,5.31,0.0318,0.003452,38.6,23.765929,86.415591
2026-08-02 15:00:00,N10,0.1988,0.590809,18.77,0.0255,0.002701,37.4,23.765929,86.415591
2026-08-02 16:00:00,N10,-0.1046,0.610168,39.1,0.0264,0.00372,35.8,23.765929,86.415591
2026-08-02 17:00:00,N10,-0.2442,0.0088,4.24,0.033,0.00311,34.0,23.765929,86.415591
2026-08-02 18:00:00,N10,0.2852,0.007224,9.28,0.0326,0.000452,32.1,23.765929,86.415591
2026-08-02 19:00:00,N10,0.1058,0.005542,7.38,0.0321,0.000474,30.1,23.765929,86.415591
2026-08-02 20:00:00,N10,-0.0823,0.005634,5.2,0.0317,0.00028,28.3,23.765929,86.415591
2026-08-02 21:00:00,N10,0.0309,0.006729,3.28,0.0315,0.000119,26.8,23.765929,86.415591
2026-08-02 22:00:00,N10,-0.2907,0.007936,1.43,0.0314,0.000133,25.6,23.765929,86.415591
2026-08-02 23:00:00,N10,-0.1679,0.008798,3.18,0.0313,0.000197,24.8,23.765929,86.415591
2026-08-03 00:00:00,N10,-0.0866,0.006536,7.73,0.031,9.8e-05,24.6,23.765929,86.415591
2026-08-03 01:00:00,N10,-0.1512,0.005645,4.56,0.0315,0.000326,24.8,23.765929,86.415591
2026-08-03 02:00:00,N10,-0.0178,0.007042,9.82,0.0317,8.5e-05,25.6,23.765929,86.415591
2026-08-03 03:00:00,N10,,,,,,,23.765929,86.415591
2026-08-03 04:00:00,N10,-0.0845,0.005864,9.11,0.0322,0.000487,28.3,23.765929,86.415591
2026-08-03 05:00:00,N10,-0.026,0.007112,9.23,0.0326,5.4e-05,30.1,23.765929,86.415591
2026-08-03 06:00:00,N10,-0.092,0.006326,7.51,0.0323,0.00618,32.1,23.765929,86.415591
2026-08-03 07:00:00,N10,0.0206,0.707174,17.4,0.0202,0.000606,34.0,23.765929,86.415591
2026-08-03 08:00:00,N10,-0.0111,0.007253,9.2,0.0311,0.006014,35.8,23.765929,86.415591
2026-08-03 09:00:00,N10,0.2409,0.006528,1.27,0.0323,0.000476,37.4,23.765929,86.415591
2026-08-03 10:00:00,N10,-0.1091,0.005777,5.64,0.0321,2.2e-05,38.6,23.765929,86.415591
2026-08-03 11:00:00,N10,-0.2603,0.005492,8.07,0.0323,1.8e-05,39.3,23.765929,86.415591
2026-08-03 12:00:00,N10,-0.2229,0.008416,8.1,0.032,9.4e-05,39.6,23.765929,86.415591
2026-08-03 13:00:00,N10,-0.1023,0.006532,5.25,0.0321,7.4e-05,39.3,23.765929,86.415591
2026-08-03 14:00:00,N10,0.2027,0.008424,1.47,0.0322,4.5e-05,38.6,23.765929,86.415591
2026-08-03 15:00:00,N10,0.1942,0.007341,2.43,0.032,0.00028,37.4,23.765929,86.415591
2026-08-03 16:00:00,N10,0.0687,0.006137,8.29,0.0316,0.000209,35.8,23.765929,86.415591
2026-08-03 17:00:00,N10,-0.0187,0.006947,5.39,0.0316,0.000221,34.0,23.765929,86.415591
2026-08-03 18:00:00,N10,-0.3279,0.007205,2.23,0.0312,0.000652,32.1,23.765929,86.415591
2026-08-03 19:00:00,N10,0.2176,0.007664,2.43,0.0303,0.000556,30.1,23.765929,86.415591
2026-08-03 20:00:00,N10,-0.0729,0.006385,5.86,0.0301,5.8e-05,28.3,23.765929,86.415591
2026-08-03 21:00:00,N10,-0.0305,0.007544,6.33,0.0304,0.000267,26.8,23.765929,86.415591
2026-08-03 22:00:00,N10,-0.1649,0.006127,7.75,0.0306,8.9e-05,25.6,23.765929,86.415591
2026-08-03 23:00:00,N10,0.0459,0.00864,8.56,0.0306,0.000334,24.8,23.765929,86.415591
2026-08-04 00:00:00,N10,-0.0685,0.00679,6.62,0.0313,0.000475,25.2,23.765929,86.415591
2026-08-04 01:00:00,N10,-0.1305,0.007221,9.05,0.0316,0.000538,25.5,23.765929,86.415591
2026-08-04 02:00:00,N10,-0.0259,0.005499,9.48,0.0323,0.000345,26.2,23.765929,86.415591
2026-08-04 03:00:00,N10,-0.0228,0.0085,3.57,0.0322,0.000453,27.4,23.765929,86.415591
2026-08-04 04:00:00,N10,-0.2354,0.010064,7.9,0.0314,0.000889,29.0,23.765929,86.415591
2026-08-04 05:00:00,N10,0.0542,0.00566,9.35,0.0305,0.000508,30.8,23.765929,86.415591
2026-08-04 06:00:00,N10,0.3453,0.00876,7.78,0.0304,0.000271,32.7,23.765929,86.415591
2026-08-04 07:00:00,N10,0.0556,0.005017,3.3,0.031,0.000162,34.7,23.765929,86.415591
2026-08-04 08:00:00,N10,0.293,0.00531,8.93,0.0301,0.000771,36.5,23.765929,86.415591
2026-08-04 09:00:00,N10,-0.0809,0.00505,3.96,0.0295,0.000382,38.0,23.765929,86.415591
2026-08-04 10:00:00,N10,0.0149,0.005549,3.4,0.0293,0.000223,39.2,23.765929,86.415591
2026-08-04 11:00:00,N10,-0.0933,0.006248,2.72,0.029,0.000281,40.0,23.765929,86.415591
2026-08-04 12:00:00,N10,0.2929,0.007345,9.77,0.0288,1.5e-05,40.2,23.765929,86.415591
2026-08-04 13:00:00,N10,,,,,,,23.765929,86.415591
2026-08-04 14:00:00,N10,,,,,,,23.765929,86.415591
2026-08-04 15:00:00,N10,-0.1105,0.592565,48.37,0.035,0.002708,38.0,23.765929,86.415591
2026-08-04 16:00:00,N10,-0.1577,0.845305,16.52,0.0344,0.003553,36.5,23.765929,86.415591
2026-08-04 17:00:00,N10,-0.109,0.006704,1.87,0.0279,0.002649,34.7,23.765929,86.415591
2026-08-04 18:00:00,N10,-0.127,0.007294,2.21,0.0291,0.000681,32.7,23.765929,86.415591
2026-08-04 19:00:00,N10,0.1122,0.005178,6.38,0.0293,0.000194,30.8,23.765929,86.415591
2026-08-04 20:00:00,N10,-0.2009,0.006466,2.85,0.0295,6.5e-05,29.0,23.765929,86.415591
2026-08-04 21:00:00,N10,0.1239,0.005236,1.46,0.0292,0.000281,27.4,23.765929,86.415591
2026-08-04 22:00:00,N10,0.1538,0.007518,9.59,0.0289,2e-06,26.2,23.765929,86.415591
2026-08-04 23:00:00,N10,0.4079,0.007854,2.98,0.0292,0.000171,25.5,23.765929,86.415591
2026-08-05 00:00:00,N10,0.0258,0.008675,6.17,0.0286,0.000429,26.5,23.765929,86.415591
2026-08-05 01:00:00,N10,-0.1571,0.00649,1.45,0.0283,0.000139,26.8,23.765929,86.415591
2026-08-05 02:00:00,N10,0.1607,0.008045,8.54,0.0283,2.2e-05,27.5,23.765929,86.415591
2026-08-05 03:00:00,N10,0.0138,0.007075,2.44,0.0284,3.1e-05,28.7,23.765929,86.415591
2026-08-05 04:00:00,N10,0.0387,0.007017,4.27,0.0282,3.5e-05,30.3,23.765929,86.415591
2026-08-05 05:00:00,N10,,,,,,,23.765929,86.415591
2026-08-05 06:00:00,N10,,,,,,,23.765929,86.415591
2026-08-05 07:00:00,N10,,,,,,,23.765929,86.415591
2026-08-05 08:00:00,N10,,,,,,,23.765929,86.415591
2026-08-05 09:00:00,N10,0.0172,0.006194,8.21,0.0281,0.000628,39.3,23.765929,86.415591
2026-08-05 10:00:00,N10,-0.003,0.006958,7.51,0.0268,0.000447,40.5,23.765929,86.415591
2026-08-05 11:00:00,N10,-0.1263,0.005948,1.43,0.0272,0.000151,41.2,23.765929,86.415591
2026-08-05 12:00:00,N10,-0.0535,0.006788,4.01,0.0265,0.000698,41.5,23.765929,86.415591
2026-08-05 13:00:00,N10,-0.2733,0.007922,7.83,0.0258,0.000147,41.2,23.765929,86.415591
2026-08-05 14:00:00,N10,0.192,0.008036,5.02,0.0262,0.000185,40.5,23.765929,86.415591
2026-08-05 15:00:00,N10,0.0771,0.005028,8.13,0.0262,0.000108,39.3,23.765929,86.415591
2026-08-05 16:00:00,N10,-0.0551,0.006853,3.11,0.026,0.000323,37.8,23.765929,86.415591
2026-08-05 17:00:00,N10,0.028,0.007108,8.52,0.0256,1.6e-05,35.9,23.765929,86.415591
2026-08-05 18:00:00,N10,0.0645,0.006449,9.76,0.026,0.000411,34.0,23.765929,86.415591
2026-08-05 19:00:00,N10,-0.2432,0.005856,9.87,0.0264,0.000356,32.1,23.765929,86.415591
2026-08-05 20:00:00,N10,-0.4316,0.005167,1.31,0.0267,0.000219,30.3,23.765929,86.415591
2026-08-05 21:00:00,N10,0.0052,0.007619,2.78,0.0268,6e-06,28.7,23.765929,86.415591
2026-08-05 22:00:00,N10,0.0916,0.008332,6.29,0.0267,0.000324,27.5,23.765929,86.415591
2026-08-05 23:00:00,N10,-0.0802,0.007598,6.97,0.0275,0.00067,26.8,23.765929,86.415591
2026-08-06 00:00:00,N10,0.1251,0.005367,6.56,0.028,2.7e-05,23.7,23.765929,86.415591
2026-08-06 01:00:00,N10,-0.0693,0.005902,3.04,0.0274,0.00065,24.0,23.765929,86.415591
2026-08-06 02:00:00,N10,0.0142,0.007126,4.2,0.0267,0.000853,24.7,23.765929,86.415591
2026-08-06 03:00:00,N10,-0.0593,0.00721,6.04,0.0257,0.000483,25.9,23.765929,86.415591
2026-08-06 04:00:00,N10,0.044,0.005981,6.25,0.0257,0.000246,27.5,23.765929,86.415591
2026-08-06 05:00:00,N10,,,,,,,23.765929,86.415591
2026-08-06 06:00:00,N10,,,,,,,23.765929,86.415591
2026-08-06 07:00:00,N10,,,,,,,23.765929,86.415591
2026-08-06 08:00:00,N10,0.0881,0.005469,1.12,0.0254,5.9e-05,35.0,23.765929,86.415591
2026-08-06 09:00:00,N10,-0.0638,0.006095,3.6,0.0255,0.009239,36.5,23.765929,86.415591
2026-08-06 10:00:00,N10,0.2955,0.680451,37.12,0.0439,0.000326,37.7,23.765929,86.415591
2026-08-06 11:00:00,N10,0.1989,0.006615,2.27,0.0262,0.008595,38.5,23.765929,86.415591
2026-08-06 12:00:00,N10,-0.1632,0.005964,3.8,0.0267,0.000138,38.7,23.765929,86.415591
2026-08-06 13:00:00,N10,-0.0405,0.006162,3.85,0.0265,0.000354,38.5,23.765929,86.415591
2026-08-06 14:00:00,N10,-0.168,0.006239,8.12,0.026,0.003352,37.7,23.765929,86.415591
2026-08-06 15:00:00,N10,0.1966,0.617987,32.06,0.0198,0.000165,36.5,23.765929,86.415591
2026-08-06 16:00:00,N10,0.2576,0.009351,8.28,0.0264,0.003096,35.0,23.765929,86.415591
2026-08-06 17:00:00,N10,-0.1172,0.006518,1.09,0.026,0.00055,33.2,23.765929,86.415591
2026-08-06 18:00:00,N10,0.2817,0.005064,8.5,0.0253,0.0005,31.2,23.765929,86.415591
2026-08-06 19:00:00,N10,-0.159,0.006687,3.95,0.025,6.9e-05,29.3,23.765929,86.415591
2026-08-06 20:00:00,N10,-0.084,0.007381,6.92,0.0254,0.000218,27.5,23.765929,86.415591
2026-08-06 21:00:00,N10,-0.1295,0.009803,3.88,0.0254,7.6e-05,25.9,23.765929,86.415591
2026-08-06 22:00:00,N10,-0.1006,0.005072,3.08,0.0255,0.000161,24.7,23.765929,86.415591
2026-08-06 23:00:00,N10,-0.0184,0.006481,1.99,0.0251,0.000467,24.0,23.765929,86.415591
2026-08-07 00:00:00,N10,-0.0189,0.005375,5.9,0.0246,0.004842,24.3,23.765929,86.415591
2026-08-07 01:00:00,N10,-0.1568,0.005925,6.65,0.0154,0.004873,24.6,23.765929,86.415591
2026-08-07 02:00:00,N10,-0.0531,0.005896,7.91,0.0149,7.7e-05,25.4,23.765929,86.415591
2026-08-07 03:00:00,N10,-0.0658,0.008084,4.23,0.0152,0.000135,26.5,23.765929,86.415591
2026-08-07 04:00:00,N10,-0.063,0.006998,5.47,0.0151,0.000207,28.1,23.765929,86.415591
2026-08-07 05:00:00,N10,0.0166,0.006704,7.08,0.0148,0.00022,29.9,23.765929,86.415591
2026-08-07 06:00:00,N10,-0.0834,0.008323,5.64,0.0147,4.4e-05,31.8,23.765929,86.415591
2026-08-07 07:00:00,N10,-0.1799,0.005938,6.69,0.0147,5.4e-05,33.8,23.765929,86.415591
2026-08-07 08:00:00,N10,0.0896,0.005481,8.19,0.0146,0.000225,35.6,23.765929,86.415591
2026-08-07 09:00:00,N10,-0.2139,0.005702,5.9,0.0152,0.000385,37.1,23.765929,86.415591
2026-08-07 10:00:00,N10,0.0705,0.005367,6.03,0.0154,0.000455,38.3,23.765929,86.415591
2026-08-07 11:00:00,N10,0.0701,0.006527,4.29,0.0143,9.3e-05,39.1,23.765929,86.415591
2026-08-07 12:00:00,N10,0.0826,0.00822,9.29,0.0152,0.000408,39.3,23.765929,86.415591
2026-08-07 13:00:00,N10,0.0332,0.009152,8.86,0.0151,9e-05,39.1,23.765929,86.415591
2026-08-07 14:00:00,N10,0.1825,0.00845,9.36,0.015,0.000115,38.3,23.765929,86.415591
2026-08-07 15:00:00,N10,-0.0106,0.006893,5.41,0.0149,0.009317,37.1,23.765929,86.415591
2026-08-07 16:00:00,N10,-0.0722,0.592806,47.7,0.0336,0.000161,35.6,23.765929,86.415591
2026-08-07 17:00:00,N10,-0.2249,0.005877,1.98,0.0145,0.009098,33.8,23.765929,86.415591
2026-08-07 18:00:00,N10,-0.3424,0.005204,7.83,0.0154,0.000237,31.8,23.765929,86.415591
2026-08-07 19:00:00,N10,0.1068,0.005779,9.2,0.015,0.000162,29.9,23.765929,86.415591
2026-08-07 20:00:00,N10,0.0705,0.00608,9.37,0.0157,6e-05,28.1,23.765929,86.415591
2026-08-07 21:00:00,N10,-0.214,0.007834,9.93,0.0151,0.000292,26.5,23.765929,86.415591
2026-08-07 22:00:00,N10,0.1365,0.007586,9.42,0.0152,0.000276,25.4,23.765929,86.415591
2026-08-07 23:00:00,N10,0.003,0.006408,5.0,0.0157,0.000164,24.6,23.765929,86.415591
2026-08-08 00:00:00,N10,-0.2419,0.00569,3.47,0.0155,0.000233,26.2,23.765929,86.415591
2026-08-08 01:00:00,N10,-0.0258,0.005005,1.44,0.0152,0.000103,26.5,23.765929,86.415591
2026-08-08 02:00:00,N10,0.0409,0.007759,1.23,0.0153,3e-06,27.2,23.765929,86.415591
2026-08-08 03:00:00,N10,-0.0985,0.0052,9.57,0.0152,0.000102,28.4,23.765929,86.415591
2026-08-08 04:00:00,N10,-0.1043,0.0077,1.75,0.0155,0.000175,30.0,23.765929,86.415591
2026-08-08 05:00:00,N10,0.2364,0.009296,1.71,0.0156,7e-05,31.8,23.765929,86.415591
2026-08-08 06:00:00,N10,-0.1965,0.00821,2.1,0.0153,7.4e-05,33.7,23.765929,86.415591
2026-08-08 07:00:00,N10,0.1213,0.00671,6.3,0.0157,0.000416,35.7,23.765929,86.415591
2026-08-08 08:00:00,N10,-0.1971,0.00781,2.01,0.0162,0.007265,37.5,23.765929,86.415591
2026-08-08 09:00:00,N10,-0.008,0.659179,24.71,0.0302,0.007137,39.0,23.765929,86.415591
2026-08-08 10:00:00,N10,,,,,,,23.765929,86.415591
2026-08-08 11:00:00,N10,0.0824,0.010809,1.41,0.0164,0.007841,41.0,23.765929,86.415591
2026-08-08 12:00:00,N10,0.121,0.005469,8.36,0.0148,0.000972,41.2,23.765929,86.415591
2026-08-08 13:00:00,N10,0.1435,0.006761,9.5,0.0145,3e-06,41.0,23.765929,86.415591
2026-08-08 14:00:00,N10,-0.0277,0.006693,6.93,0.0148,8.1e-05,40.2,23.765929,86.415591
2026-08-08 15:00:00,N10,-0.002,0.006688,8.27,0.0143,0.000264,39.0,23.765929,86.415591
2026-08-08 16:00:00,N10,0.0392,0.006886,4.91,0.0142,0.000226,37.5,23.765929,86.415591
2026-08-08 17:00:00,N10,-0.1272,0.008572,1.14,0.0139,0.0001,35.7,23.765929,86.415591
2026-08-08 18:00:00,N10,-0.0354,0.006971,6.92,0.0144,0.000273,33.7,23.765929,86.415591
2026-08-08 19:00:00,N10,-0.1755,0.006533,8.97,0.0144,0.000172,31.8,23.765929,86.415591
2026-08-08 20:00:00,N10,0.2098,0.007207,7.85,0.0141,0.000146,30.0,23.765929,86.415591
2026-08-08 21:00:00,N10,0.2169,0.006324,4.78,0.0147,0.000622,28.4,23.765929,86.415591
2026-08-08 22:00:00,N10,-0.1174,0.005715,1.55,0.0153,0.00061,27.2,23.765929,86.415591
2026-08-08 23:00:00,N10,0.3765,0.006032,6.4,0.0159,0.000153,26.5,23.765929,86.415591
2026-08-09 00:00:00,N10,-0.2103,0.00529,3.78,0.0156,0.000307,24.6,23.765929,86.415591
2026-08-09 01:00:00,N10,-0.1825,0.005318,4.53,0.0165,0.000632,24.9,23.765929,86.415591
2026-08-09 02:00:00,N10,-0.1963,0.006842,7.02,0.0169,0.000351,25.6,23.765929,86.415591
2026-08-09 03:00:00,N10,0.2479,0.005008,5.53,0.0172,9.3e-05,26.8,23.765929,86.415591
2026-08-09 04:00:00,N10,0.0735,0.008289,2.21,0.0171,0.000453,28.4,23.765929,86.415591
2026-08-09 05:00:00,N10,-0.0004,0.005353,4.45,0.0163,0.004302,30.2,23.765929,86.415591
2026-08-09 06:00:00,N10,-0.0894,0.577068,26.23,0.0257,0.000116,32.1,23.765929,86.415591
2026-08-09 07:00:00,N10,-0.0517,0.006716,3.53,0.0166,0.004464,34.1,23.765929,86.415591
2026-08-09 08:00:00,N10,0.1526,0.007419,1.75,0.0168,0.000321,35.9,23.765929,86.415591
2026-08-09 09:00:00,N10,-0.0341,0.005582,6.98,0.0172,1.5e-05,37.4,23.765929,86.415591
2026-08-09 10:00:00,N10,-0.0422,0.005021,7.75,0.0168,0.000565,38.6,23.765929,86.415591
2026-08-09 11:00:00,N10,0.0184,0.006973,6.3,0.0161,0.000832,39.4,23.765929,86.415591
2026-08-09 12:00:00,N10,,,,,,,23.765929,86.415591
2026-08-09 13:00:00,N10,0.0225,0.005053,7.67,0.0147,5.7e-05,39.4,23.765929,86.415591
2026-08-09 14:00:00,N10,0.169,0.005823,1.94,0.0153,0.002997,38.6,23.765929,86.415591
2026-08-09 15:00:00,N10,-0.103,0.876315,46.13,0.0088,0.003406,37.4,23.765929,86.415591
2026-08-09 16:00:00,N10,-0.1006,0.855208,45.69,0.0084,0.002552,35.9,23.765929,86.415591
2026-08-09 17:00:00,N10,0.2292,0.005766,9.65,0.0139,0.002865,34.1,23.765929,86.415591
2026-08-09 18:00:00,N10,0.3571,0.008984,2.41,0.0142,0.000148,32.1,23.765929,86.415591
2026-08-09 19:00:00,N10,0.0045,0.006128,8.83,0.0136,0.000201,30.2,23.765929,86.415591
2026-08-09 20:00:00,N10,-0.0656,0.005905,3.47,0.0138,0.000392,28.4,23.765929,86.415591
2026-08-09 21:00:00,N10,-0.1152,0.006485,2.88,0.0143,0.000518,26.8,23.765929,86.415591
2026-08-09 22:00:00,N10,0.1969,0.00557,9.17,0.0148,1.5e-05,25.6,23.765929,86.415591
2026-08-09 23:00:00,N10,0.051,0.006304,4.85,0.0143,0.000106,24.9,23.765929,86.415591
2026-08-10 00:00:00,N10,-0.1161,0.00679,7.51,0.0146,0.000262,23.7,23.765929,86.415591
2026-08-10 01:00:00,N10,0.0465,0.005121,3.28,0.0148,0.000153,24.0,23.765929,86.415591
2026-08-10 02:00:00,N10,-0.1338,0.00533,7.29,0.0143,0.000425,24.7,23.765929,86.415591
2026-08-10 03:00:00,N10,-0.238,0.006203,2.01,0.014,0.000135,25.9,23.765929,86.415591
2026-08-10 04:00:00,N10,0.0715,0.007306,9.75,0.014,1.1e-05,27.5,23.765929,86.415591
2026-08-10 05:00:00,N10,-0.1967,0.006261,2.21,0.014,0.000141,29.3,23.765929,86.415591
2026-08-10 06:00:00,N10,-0.1251,0.009405,4.05,0.0137,0.000166,31.2,23.765929,86.415591
2026-08-10 07:00:00,N10,-0.3724,0.007027,7.23,0.0136,0.000232,33.1,23.765929,86.415591
2026-08-10 08:00:00,N10,0.0459,0.005186,8.88,0.0133,0.00476,35.0,23.765929,86.415591
2026-08-10 09:00:00,N10,0.045,0.682879,26.42,0.0232,0.000308,36.5,23.765929,86.415591
2026-08-10 10:00:00,N10,0.0955,0.005134,7.89,0.0139,0.004557,37.7,23.765929,86.415591
2026-08-10 11:00:00,N10,-0.1367,0.007993,6.51,0.014,0.000466,38.5,23.765929,86.415591
2026-08-10 12:00:00,N10,-0.0078,0.006425,4.53,0.0148,0.000178,38.7,23.765929,86.415591
2026-08-10 13:00:00,N10,0.4102,0.007293,1.91,0.0144,0.00023,38.5,23.765929,86.415591
2026-08-10 14:00:00,N10,-0.0441,0.007502,3.09,0.0153,0.000743,37.7,23.765929,86.415591
2026-08-10 15:00:00,N10,0.2007,0.007876,7.92,0.0159,7e-05,36.5,23.765929,86.415591
2026-08-10 16:00:00,N10,-0.028,0.00575,9.44,0.0151,0.000437,35.0,23.765929,86.415591
2026-08-10 17:00:00,N10,0.124,0.008223,7.24,0.015,0.000177,33.1,23.765929,86.415591
2026-08-10 18:00:00,N10,-0.2201,0.005848,4.19,0.0155,0.000101,31.2,23.765929,86.415591
2026-08-10 19:00:00,N10,-0.0901,0.008003,5.75,0.0152,0.000374,29.3,23.765929,86.415591
2026-08-10 20:00:00,N10,0.0573,0.008577,8.08,0.0147,0.000242,27.5,23.765929,86.415591
2026-08-10 21:00:00,N10,0.1177,0.005346,7.43,0.0157,0.000202,25.9,23.765929,86.415591
2026-08-10 22:00:00,N10,0.0941,0.00545,1.31,0.0152,0.000497,24.7,23.765929,86.415591
2026-08-10 23:00:00,N10,-0.1549,0.00574,2.0,0.0147,0.000319,24.0,23.765929,86.415591
2026-08-11 00:00:00,N10,0.1303,0.005555,4.84,0.0145,6.8e-05,25.0,23.765929,86.415591
2026-08-11 01:00:00,N10,-0.1411,0.009509,7.38,0.0146,0.000196,25.2,23.765929,86.415591
2026-08-11 02:00:00,N10,0.2317,0.009377,6.99,0.0149,0.000149,26.0,23.765929,86.415591
2026-08-11 03:00:00,N10,-0.1034,0.006775,4.64,0.0149,0.000389,27.2,23.765929,86.415591
2026-08-11 04:00:00,N10,0.1333,0.008692,3.1,0.0157,0.000738,28.7,23.765929,86.415591
2026-08-11 05:00:00,N10,-0.0028,0.006166,1.78,0.0163,0.000214,30.5,23.765929,86.415591
2026-08-11 06:00:00,N10,0.0013,0.005324,3.5,0.0161,5.9e-05,32.5,23.765929,86.415591
2026-08-11 07:00:00,N10,0.1362,0.00621,8.57,0.0165,0.006914,34.4,23.765929,86.415591
2026-08-11 08:00:00,N10,-0.0611,0.984587,46.48,0.0023,0.000888,36.2,23.765929,86.415591
2026-08-11 09:00:00,N10,0.3138,0.006671,7.77,0.0182,0.007773,37.8,23.765929,86.415591
2026-08-11 10:00:00,N10,-0.1323,0.005665,6.54,0.0178,0.000475,39.0,23.765929,86.415591
2026-08-11 11:00:00,N10,-0.3215,0.007017,3.46,0.0173,0.000108,39.7,23.765929,86.415591
2026-08-11 12:00:00,N10,0.3791,0.005686,9.8,0.0176,1e-06,40.0,23.765929,86.415591
2026-08-11 13:00:00,N10,-0.0372,0.005281,3.99,0.0173,0.003958,39.7,23.765929,86.415591
2026-08-11 14:00:00,N10,-0.0112,0.865517,41.85,0.0255,0.003959,39.0,23.765929,86.415591
2026-08-11 15:00:00,N10,0.1272,0.603237,42.99,0.0252,0.003902,37.8,23.765929,86.415591
2026-08-11 16:00:00,N10,-0.1933,0.005868,3.52,0.0177,0.003834,36.2,23.765929,86.415591
2026-08-11 17:00:00,N10,-0.0388,0.005503,1.75,0.0175,0.000132,34.4,23.765929,86.415591
2026-08-11 18:00:00,N10,0.249,0.006033,5.3,0.0175,0.000136,32.5,23.765929,86.415591
2026-08-11 19:00:00,N10,0.0422,0.006078,8.35,0.0173,0.000233,30.5,23.765929,86.415591
2026-08-11 20:00:00,N10,-0.2626,0.006436,6.86,0.0179,0.000109,28.7,23.765929,86.415591
2026-08-11 21:00:00,N10,-0.0438,0.0081,9.14,0.0175,0.000423,27.2,23.765929,86.415591
2026-08-11 22:00:00,N10,0.1417,0.007681,1.39,0.0171,0.000178,26.0,23.765929,86.415591
2026-08-11 23:00:00,N10,-0.0202,0.007048,7.91,0.0178,5.7e-05,25.2,23.765929,86.415591
2026-08-12 00:00:00,N10,-0.0376,0.0059,2.29,0.0172,0.000394,24.9,23.765929,86.415591
2026-08-12 01:00:00,N10,-0.3075,0.005566,7.7,0.017,0.000243,25.2,23.765929,86.415591
2026-08-12 02:00:00,N10,-0.0073,0.005753,7.51,0.0167,0.000375,25.9,23.765929,86.415591
2026-08-12 03:00:00,N10,0.3798,0.005807,4.75,0.0163,0.000451,27.1,23.765929,86.415591
2026-08-12 04:00:00,N10,-0.0998,0.005376,2.56,0.0158,0.000476,28.7,23.765929,86.415591
2026-08-12 05:00:00,N10,0.1769,0.006613,9.29,0.0153,0.000184,30.5,23.765929,86.415591
2026-08-12 06:00:00,N10,-0.1362,0.009302,3.81,0.0154,0.000129,32.4,23.765929,86.415591
2026-08-12 07:00:00,N10,0.0623,0.006053,2.04,0.0156,0.000162,34.4,23.765929,86.415591
2026-08-12 08:00:00,N10,-0.0323,0.007597,2.06,0.0158,0.000411,36.2,23.765929,86.415591
2026-08-12 09:00:00,N10,0.2014,0.006811,1.23,0.0164,0.000189,37.7,23.765929,86.415591
2026-08-12 10:00:00,N10,-0.0973,0.005287,7.62,0.0161,0.000104,38.9,23.765929,86.415591
2026-08-12 11:00:00,N10,0.0104,0.007789,5.16,0.0162,0.000267,39.7,23.765929,86.415591
2026-08-12 12:00:00,N10,-0.0123,0.005742,5.13,0.0167,0.000475,39.9,23.765929,86.415591
2026-08-12 13:00:00,N10,0.3961,0.00663,2.17,0.0172,0.000282,39.7,23.765929,86.415591
2026-08-12 14:00:00,N10,,,,,,,23.765929,86.415591
2026-08-12 15:00:00,N10,-0.1497,0.005312,3.22,0.0177,0.006333,37.7,23.765929,86.415591
2026-08-12 16:00:00,N10,0.1535,0.737438,24.36,0.0299,0.005496,36.2,23.765929,86.415591
2026-08-12 17:00:00,N10,0.052,0.741628,21.4,0.0287,0.007169,34.4,23.765929,86.415591
2026-08-12 18:00:00,N10,-0.1959,0.0058,2.77,0.0156,0.006539,32.4,23.765929,86.415591
2026-08-12 19:00:00,N10,-0.1229,0.005428,1.54,0.0156,0.000486,30.5,23.765929,86.415591
2026-08-12 20:00:00,N10,0.1315,0.006518,3.65,0.0165,0.000691,28.7,23.765929,86.415591
2026-08-12 21:00:00,N10,0.2057,0.007994,8.24,0.017,0.000184,27.1,23.765929,86.415591
2026-08-12 22:00:00,N10,0.0462,0.005484,3.43,0.0169,4e-05,25.9,23.765929,86.415591
2026-08-12 23:00:00,N10,-0.2604,0.005321,2.69,0.0171,0.000255,25.2,23.765929,86.415591
2026-08-13 00:00:00,N10,-0.1273,0.006561,2.53,0.0174,0.000664,27.8,23.765929,86.415591
2026-08-13 01:00:00,N10,-0.0598,0.008056,5.19,0.0184,0.000873,28.1,23.765929,86.415591
2026-08-13 02:00:00,N10,-0.1138,0.005043,6.75,0.0192,0.000405,28.8,23.765929,86.415591
2026-08-13 03:00:00,N10,0.1332,0.008561,2.82,0.0192,0.00011,30.0,23.765929,86.415591
2026-08-13 04:00:00,N10,,,,,,,23.765929,86.415591
2026-08-13 05:00:00,N10,0.1284,0.010619,1.46,0.0194,0.000136,33.4,23.765929,86.415591
2026-08-13 06:00:00,N10,0.0251,0.00501,2.08,0.0197,7e-05,35.3,23.765929,86.415591
2026-08-13 07:00:00,N10,0.0247,0.007024,5.77,0.0193,3.2e-05,37.3,23.765929,86.415591
2026-08-13 08:00:00,N10,-0.0766,0.007295,8.49,0.0197,0.000284,39.1,23.765929,86.415591
2026-08-13 09:00:00,N10,-0.1943,0.006077,1.19,0.0199,0.000399,40.6,23.765929,86.415591
2026-08-13 10:00:00,N10,,,,,,,23.765929,86.415591
2026-08-13 11:00:00,N10,0.0791,0.007561,6.92,0.0206,0.000179,42.6,23.765929,86.415591
2026-08-13 12:00:00,N10,0.0057,0.006312,8.7,0.0209,0.005014,42.8,23.765929,86.415591
2026-08-13 13:00:00,N10,0.001,0.826409,35.41,0.0306,0.005069,42.6,23.765929,86.415591
2026-08-13 14:00:00,N10,0.1435,0.820758,21.62,0.031,0.004481,41.8,23.765929,86.415591
2026-08-13 15:00:00,N10,0.0593,0.005983,3.31,0.0217,0.00455,40.6,23.765929,86.415591
2026-08-13 16:00:00,N10,-0.0139,0.006915,7.02,0.0219,7e-06,39.1,23.765929,86.415591
2026-08-13 17:00:00,N10,-0.1461,0.005957,2.64,0.0217,8.1e-05,37.3,23.765929,86.415591
2026-08-13 18:00:00,N10,-0.1634,0.008203,3.63,0.0218,0.000188,35.3,23.765929,86.415591
2026-08-13 19:00:00,N10,0.0447,0.005427,9.7,0.0221,0.000297,33.4,23.765929,86.415591
2026-08-13 20:00:00,N10,-0.2065,0.008001,4.34,0.0224,5.2e-05,31.6,23.765929,86.415591
2026-08-13 21:00:00,N10,0.1625,0.006483,3.4,0.0222,4.3e-05,30.0,23.765929,86.415591
2026-08-13 22:00:00,N10,-0.0796,0.006608,2.26,0.0223,0.000317,28.8,23.765929,86.415591
2026-08-13 23:00:00,N10,-0.0021,0.005251,5.11,0.0228,6.6e-05,28.1,23.765929,86.415591
2026-08-14 00:00:00,N10,-0.2234,0.005794,9.8,0.0224,3.5e-05,24.4,23.765929,86.415591
2026-08-14 01:00:00,N10,0.2121,0.005731,6.7,0.0229,0.000299,24.6,23.765929,86.415591
2026-08-14 02:00:00,N10,,,,,,,23.765929,86.415591
2026-08-14 03:00:00,N10,,,,,,,23.765929,86.415591
2026-08-14 04:00:00,N10,,,,,,,23.765929,86.415591
2026-08-14 05:00:00,N10,,,,,,,23.765929,86.415591
2026-08-14 06:00:00,N10,,,,,,,23.765929,86.415591
2026-08-14 07:00:00,N10,0.1728,0.006898,2.13,0.0224,5.3e-05,33.8,23.765929,86.415591
2026-08-14 08:00:00,N10,-0.087,0.005046,1.89,0.0229,0.000356,35.6,23.765929,86.415591
2026-08-14 09:00:00,N10,0.2417,0.006423,5.51,0.0232,0.000286,37.2,23.765929,86.415591
2026-08-14 10:00:00,N10,0.0376,0.010009,4.64,0.0235,0.005422,38.4,23.765929,86.415591
2026-08-14 11:00:00,N10,-0.2789,0.94961,36.31,0.034,0.005563,39.1,23.765929,86.415591
2026-08-14 12:00:00,N10,-0.1719,0.50997,38.05,0.0346,0.005109,39.4,23.765929,86.415591
2026-08-14 13:00:00,N10,-0.2086,0.005053,6.32,0.0238,0.001412,39.1,23.765929,86.415591
2026-08-14 14:00:00,N10,,,,,,,23.765929,86.415591
2026-08-14 15:00:00,N10,,,,,,,23.765929,86.415591
2026-08-14 16:00:00,N10,,,,,,,23.765929,86.415591
2026-08-14 17:00:00,N10,,,,,,,23.765929,86.415591
2026-08-14 18:00:00,N10,,,,,,,23.765929,86.415591
2026-08-14 19:00:00,N10,-0.1372,0.00529,7.55,0.0265,0.00031,29.9,23.765929,86.415591
2026-08-14 20:00:00,N10,-0.0308,0.007957,7.68,0.0269,0.000193,28.1,23.765929,86.415591
2026-08-14 21:00:00,N10,-0.0613,0.006778,3.47,0.0269,9e-06,26.6,23.765929,86.415591
2026-08-14 22:00:00,N10,-0.084,0.007336,3.18,0.0269,0.000434,25.4,23.765929,86.415591
2026-08-14 23:00:00,N10,-0.0661,0.005739,7.29,0.0278,0.00033,24.6,23.765929,86.415591
2026-08-15 00:00:00,N10,-0.0433,0.0083,2.73,0.0276,0.000128,26.9,23.765929,86.415591
2026-08-15 01:00:00,N10,-0.0719,0.010985,6.43,0.0275,0.000319,27.1,23.765929,86.415591
2026-08-15 02:00:00,N10,-0.1693,0.005577,8.1,0.027,0.000149,27.9,23.765929,86.415591
2026-08-15 03:00:00,N10,-0.0804,0.008331,4.61,0.0272,8.4e-05,29.1,23.765929,86.415591
2026-08-15 04:00:00,N10,-0.0222,0.005408,2.29,0.0271,0.000276,30.6,23.765929,86.415591
2026-08-15 05:00:00,N10,-0.0408,0.005137,8.41,0.0278,0.000259,32.5,23.765929,86.415591
2026-08-15 06:00:00,N10,0.0642,0.005766,2.81,0.0277,0.000175,34.4,23.765929,86.415591
2026-08-15 07:00:00,N10,-0.0638,0.0061,2.43,0.0274,0.000234,36.3,23.765929,86.415591
2026-08-15 08:00:00,N10,-0.0699,0.006846,8.29,0.0281,0.00058,38.1,23.765929,86.415591
2026-08-15 09:00:00,N10,0.1707,0.005858,3.6,0.0286,0.000259,39.7,23.765929,86.415591
2026-08-15 10:00:00,N10,-0.0633,0.00668,8.57,0.0286,0.000167,40.9,23.765929,86.415591
2026-08-15 11:00:00,N10,0.1177,0.00846,6.86,0.0289,0.005377,41.6,23.765929,86.415591
2026-08-15 12:00:00,N10,0.325,0.691402,41.48,0.0394,0.000237,41.9,23.765929,86.415591
2026-08-15 13:00:00,N10,0.0519,0.005531,5.67,0.0294,0.005161,41.6,23.765929,86.415591
2026-08-15 14:00:00,N10,0.061,0.006426,2.63,0.0291,0.008256,40.9,23.765929,86.415591
2026-08-15 15:00:00,N10,-0.1807,0.672454,26.42,0.0129,5.1e-05,39.7,23.765929,86.415591
2026-08-15 16:00:00,N10,-0.0572,0.009237,9.18,0.0292,0.007731,38.1,23.765929,86.415591
2026-08-15 17:00:00,N10,0.0667,0.007063,9.84,0.0283,0.000437,36.3,23.765929,86.415591
2026-08-15 18:00:00,N10,,,,,,,23.765929,86.415591
2026-08-15 19:00:00,N10,,,,,,,23.765929,86.415591
2026-08-15 20:00:00,N10,,,,,,,23.765929,86.415591
2026-08-15 21:00:00,N10,,,,,,,23.765929,86.415591
2026-08-15 22:00:00,N10,,,,,,,23.765929,86.415591
2026-08-15 23:00:00,N10,0.0253,0.008298,3.15,0.0283,0.000389,27.1,23.765929,86.415591
2026-08-16 00:00:00,N10,0.0794,0.005949,3.24,0.0287,4e-05,27.4,23.765929,86.415591
2026-08-16 01:00:00,N10,0.0195,0.007815,9.9,0.0284,0.000142,27.7,23.765929,86.415591
2026-08-16 02:00:00,N10,0.0441,0.00592,7.26,0.0284,5e-06,28.4,23.765929,86.415591
2026-08-16 03:00:00,N10,-0.0951,0.006874,9.47,0.0284,0.000271,29.6,23.765929,86.415591
2026-08-16 04:00:00,N10,0.0059,0.006193,5.76,0.029,8.1e-05,31.1,23.765929,86.415591
2026-08-16 05:00:00,N10,-0.1459,0.005724,7.27,0.0286,0.000165,33.0,23.765929,86.415591
2026-08-16 06:00:00,N10,0.0133,0.007912,3.86,0.0293,0.000395,34.9,23.765929,86.415591
2026-08-16 07:00:00,N10,0.0734,0.006742,7.02,0.0294,7.6e-05,36.8,23.765929,86.415591
2026-08-16 08:00:00,N10,0.0592,0.007756,7.83,0.0294,0.000193,38.6,23.765929,86.415591
2026-08-16 09:00:00,N10,0.1805,0.006383,8.51,0.029,0.00019,40.2,23.765929,86.415591
2026-08-16 10:00:00,N10,0.2588,0.006425,6.34,0.0291,0.000467,41.4,23.765929,86.415591
2026-08-16 11:00:00,N10,-0.3128,0.005473,1.8,0.0299,0.000767,42.1,23.765929,86.415591
2026-08-16 12:00:00,N10,-0.0361,0.006444,5.78,0.0306,0.000395,42.4,23.765929,86.415591
2026-08-16 13:00:00,N10,0.1587,0.006289,4.63,0.0307,7.7e-05,42.1,23.765929,86.415591
2026-08-16 14:00:00,N10,,,,,,,23.765929,86.415591
2026-08-16 15:00:00,N10,,,,,,,23.765929,86.415591
2026-08-16 16:00:00,N10,0.0978,0.009595,3.02,0.0309,0.00882,38.6,23.765929,86.415591
2026-08-16 17:00:00,N10,-0.1243,0.978894,27.47,0.0136,0.008543,36.8,23.765929,86.415591
2026-08-16 18:00:00,N10,-0.1745,0.943048,36.23,0.0138,0.009358,34.9,23.765929,86.415591
2026-08-16 19:00:00,N10,0.192,0.00521,2.83,0.0323,0.009256,33.0,23.765929,86.415591
2026-08-16 20:00:00,N10,0.1695,0.005513,2.33,0.0323,0.000123,31.1,23.765929,86.415591
2026-08-16 21:00:00,N10,-0.0678,0.005454,3.44,0.032,3.3e-05,29.6,23.765929,86.415591
2026-08-16 22:00:00,N10,-0.0685,0.006603,1.73,0.0324,7.9e-05,28.4,23.765929,86.415591
2026-08-16 23:00:00,N10,-0.1787,0.005454,7.75,0.0322,0.000233,27.7,23.765929,86.415591
2026-08-17 00:00:00,N10,0.0942,0.006596,6.46,0.0328,0.000562,21.4,23.765929,86.415591
2026-08-17 01:00:00,N10,-0.0176,0.006362,7.7,0.0333,5.2e-05,21.7,23.765929,86.415591
2026-08-17 02:00:00,N10,0.122,0.006114,6.73,0.0327,0.000147,22.4,23.765929,86.415591
2026-08-17 03:00:00,N10,-0.29,0.006496,8.76,0.033,0.000895,23.6,23.765929,86.415591
2026-08-17 04:00:00,N10,0.192,0.005572,9.47,0.0345,0.001037,25.2,23.765929,86.415591
2026-08-17 05:00:00,N10,0.1384,0.007827,1.76,0.0351,0.000266,27.0,23.765929,86.415591
2026-08-17 06:00:00,N10,0.0181,0.005443,2.52,0.0351,0.004894,28.9,23.765929,86.415591
2026-08-17 07:00:00,N10,0.1153,0.731054,27.7,0.0253,0.004868,30.9,23.765929,86.415591
2026-08-17 08:00:00,N10,0.0445,0.691836,39.61,0.0253,0.005205,32.7,23.765929,86.415591
2026-08-17 09:00:00,N10,-0.0205,0.005882,7.59,0.0357,0.004606,34.2,23.765929,86.415591
2026-08-17 10:00:00,N10,0.2167,0.005493,3.41,0.0345,0.000713,35.4,23.765929,86.415591
2026-08-17 11:00:00,N10,0.0875,0.009846,6.24,0.0343,2e-06,36.2,23.765929,86.415591
2026-08-17 12:00:00,N10,,,,,,,23.765929,86.415591
2026-08-17 13:00:00,N10,-0.0586,0.005532,1.93,0.0344,0.000362,36.2,23.765929,86.415591
2026-08-17 14:00:00,N10,-0.2162,0.005979,6.42,0.0338,0.00037,35.4,23.765929,86.415591
2026-08-17 15:00:00,N10,0.0063,0.007652,2.54,0.0337,0.000148,34.2,23.765929,86.415591
2026-08-17 16:00:00,N10,-0.0509,0.006971,8.92,0.0341,0.00022,32.7,23.765929,86.415591
2026-08-17 17:00:00,N10,-0.1143,0.005386,3.65,0.0341,0.000201,30.9,23.765929,86.415591
2026-08-17 18:00:00,N10,0.0285,0.005394,6.94,0.0337,0.000339,28.9,23.765929,86.415591
2026-08-17 19:00:00,N10,-0.1909,0.00771,7.87,0.0334,3.2e-05,27.0,23.765929,86.415591
2026-08-17 20:00:00,N10,-0.1168,0.006082,9.63,0.0338,5.4e-05,25.2,23.765929,86.415591
2026-08-17 21:00:00,N10,0.1413,0.007815,9.08,0.0333,0.000472,23.6,23.765929,86.415591
2026-08-17 22:00:00,N10,-0.1932,0.007387,9.67,0.0328,8.5e-05,22.4,23.765929,86.415591
2026-08-17 23:00:00,N10,-0.0245,0.008125,3.62,0.0335,0.000574,21.7,23.765929,86.415591
2026-08-18 00:00:00,N10,0.0213,0.007222,8.48,0.034,9.2e-05,23.2,23.765929,86.415591
2026-08-18 01:00:00,N10,0.3282,0.005821,5.5,0.0337,0.00021,23.5,23.765929,86.415591
2026-08-18 02:00:00,N10,-0.3296,0.005163,9.13,0.0336,0.000215,24.2,23.765929,86.415591
2026-08-18 03:00:00,N10,-0.1478,0.006453,8.23,0.0332,0.000418,25.4,23.765929,86.415591
2026-08-18 04:00:00,N10,-0.0389,0.007196,3.47,0.0327,0.00072,26.9,23.765929,86.415591
2026-08-18 05:00:00,N10,0.1245,0.00553,5.27,0.0318,0.000459,28.8,23.765929,86.415591
2026-08-18 06:00:00,N10,0.113,0.005749,4.15,0.0318,0.00011,30.7,23.765929,86.415591
2026-08-18 07:00:00,N10,0.0169,0.005196,3.02,0.0316,0.00601,32.6,23.765929,86.415591
2026-08-18 08:00:00,N10,-0.0499,0.653285,23.82,0.0438,0.00052,34.4,23.765929,86.415591
2026-08-18 09:00:00,N10,0.0696,0.005216,3.22,0.0305,0.006735,36.0,23.765929,86.415591
2026-08-18 10:00:00,N10,-0.0895,0.006421,5.63,0.0303,0.000407,37.2,23.765929,86.415591
2026-08-18 11:00:00,N10,-0.215,0.005698,4.16,0.0297,3.8e-05,37.9,23.765929,86.415591
2026-08-18 12:00:00,N10,0.1902,0.00731,7.19,0.0303,0.00299,38.2,23.765929,86.415591
2026-08-18 13:00:00,N10,0.2299,0.552784,33.23,0.0357,0.002617,37.9,23.765929,86.415591
2026-08-18 14:00:00,N10,-0.0213,0.931229,39.62,0.0355,0.006508,37.2,23.765929,86.415591
2026-08-18 15:00:00,N10,0.0421,0.601591,45.14,0.0227,0.006639,36.0,23.765929,86.415591
2026-08-18 16:00:00,N10,0.1274,0.625286,17.5,0.0222,0.003216,34.4,23.765929,86.415591
2026-08-18 17:00:00,N10,0.0858,0.005634,3.67,0.0291,0.003482,32.6,23.765929,86.415591
2026-08-18 18:00:00,N10,0.3335,0.007862,6.01,0.0292,0.000125,30.7,23.765929,86.415591
2026-08-18 19:00:00,N10,-0.1469,0.006146,2.91,0.0294,0.000194,28.8,23.765929,86.415591
2026-08-18 20:00:00,N10,-0.0381,0.006493,8.35,0.0288,3.7e-05,26.9,23.765929,86.415591
2026-08-18 21:00:00,N10,-0.4302,0.00708,7.46,0.0293,0.000315,25.4,23.765929,86.415591
2026-08-18 22:00:00,N10,0.093,0.007083,3.55,0.0294,4.5e-05,24.2,23.765929,86.415591
2026-08-18 23:00:00,N10,0.0736,0.005615,9.56,0.0294,0.00015,23.5,23.765929,86.415591
2026-08-19 00:00:00,N10,-0.098,0.006822,8.99,0.0291,0.000374,25.5,23.765929,86.415591
2026-08-19 01:00:00,N10,0.0074,0.005096,2.55,0.0286,0.000169,25.7,23.765929,86.415591
2026-08-19 02:00:00,N10,0.1076,0.005323,7.7,0.0295,0.000695,26.5,23.765929,86.415591
2026-08-19 03:00:00,N10,-0.1685,0.006289,8.39,0.03,0.000172,27.7,23.765929,86.415591
2026-08-19 04:00:00,N10,0.3243,0.006637,4.45,0.0298,7.5e-05,29.2,23.765929,86.415591
2026-08-19 05:00:00,N10,0.1647,0.006246,1.27,0.0299,0.000173,31.0,23.765929,86.415591
2026-08-19 06:00:00,N10,-0.2729,0.00795,3.38,0.0295,0.000627,33.0,23.765929,86.415591
2026-08-19 07:00:00,N10,0.1317,0.005493,9.06,0.0286,0.000341,34.9,23.765929,86.415591
2026-08-19 08:00:00,N10,-0.0304,0.00639,8.93,0.0288,3.9e-05,36.7,23.765929,86.415591
2026-08-19 09:00:00,N10,0.0772,0.005296,9.66,0.0285,9.1e-05,38.3,23.765929,86.415591
2026-08-19 10:00:00,N10,0.0358,0.006783,6.69,0.0286,0.00064,39.5,23.765929,86.415591
2026-08-19 11:00:00,N10,-0.3422,0.00794,8.38,0.0298,0.000823,40.2,23.765929,86.415591
2026-08-19 12:00:00,N10,0.0468,0.00525,7.89,0.0303,0.000678,40.5,23.765929,86.415591
2026-08-19 13:00:00,N10,-0.0681,0.006149,6.47,0.0312,0.007131,40.2,23.765929,86.415591
2026-08-19 14:00:00,N10,0.1966,0.605223,27.45,0.0445,0.006466,39.5,23.765929,86.415591
2026-08-19 15:00:00,N10,0.0927,0.612043,25.93,0.0441,0.006948,38.3,23.765929,86.415591
2026-08-19 16:00:00,N10,-0.1383,0.00756,3.25,0.0306,0.006273,36.7,23.765929,86.415591
2026-08-19 17:00:00,N10,-0.0099,0.005158,4.17,0.0316,0.000472,34.9,23.765929,86.415591
2026-08-19 18:00:00,N10,-0.1562,0.007628,2.48,0.0316,0.000184,33.0,23.765929,86.415591
2026-08-19 19:00:00,N10,-0.228,0.00574,3.87,0.0312,0.00042,31.0,23.765929,86.415591
2026-08-19 20:00:00,N10,,,,,,,23.765929,86.415591
2026-08-19 21:00:00,N10,,,,,,,23.765929,86.415591
2026-08-19 22:00:00,N10,,,,,,,23.765929,86.415591
2026-08-19 23:00:00,N10,0.0007,0.006364,8.43,0.0297,2.7e-05,25.7,23.765929,86.415591
2026-08-20 00:00:00,N10,-0.2094,0.00767,1.28,0.0296,0.000128,23.4,23.765929,86.415591
2026-08-20 01:00:00,N10,0.0593,0.008634,6.11,0.0294,0.000284,23.7,23.765929,86.415591
2026-08-20 02:00:00,N10,0.0364,0.008981,9.42,0.0291,0.000222,24.4,23.765929,86.415591
2026-08-20 03:00:00,N10,-0.0946,0.005069,1.75,0.029,6.8e-05,25.6,23.765929,86.415591
2026-08-20 04:00:00,N10,0.1058,0.005564,8.97,0.0292,0.000124,27.2,23.765929,86.415591
2026-08-20 05:00:00,N10,-0.1289,0.00611,5.9,0.0292,0.000542,29.0,23.765929,86.415591
2026-08-20 06:00:00,N10,0.2205,0.008108,7.4,0.0303,0.000515,30.9,23.765929,86.415591
2026-08-20 07:00:00,N10,0.065,0.007599,4.31,0.0303,9.2e-05,32.9,23.765929,86.415591
2026-08-20 08:00:00,N10,,,,,,,23.765929,86.415591
2026-08-20 09:00:00,N10,,,,,,,23.765929,86.415591
2026-08-20 10:00:00,N10,-0.3866,0.005521,2.93,0.0302,0.000224,37.4,23.765929,86.415591
2026-08-20 11:00:00,N10,0.2379,0.006088,8.35,0.0302,8.2e-05,38.2,23.765929,86.415591
2026-08-20 12:00:00,N10,0.1807,0.00699,5.85,0.0304,7e-05,38.4,23.765929,86.415591
2026-08-20 13:00:00,N10,0.1261,0.007114,6.09,0.0301,0.01107,38.2,23.765929,86.415591
2026-08-20 14:00:00,N10,-0.1282,0.8996,48.15,0.0525,0.011276,37.4,23.765929,86.415591
2026-08-20 15:00:00,N10,-0.127,0.655268,48.28,0.0527,0.010921,36.2,23.765929,86.415591
2026-08-20 16:00:00,N10,0.2742,0.005365,7.29,0.0307,0.011056,34.7,23.765929,86.415591
2026-08-20 17:00:00,N10,0.159,0.007694,7.25,0.0305,0.000186,32.9,23.765929,86.415591
2026-08-20 18:00:00,N10,0.1797,0.006618,7.98,0.0303,0.000334,30.9,23.765929,86.415591
2026-08-20 19:00:00,N10,-0.123,0.006661,4.84,0.0299,8e-05,29.0,23.765929,86.415591
2026-08-20 20:00:00,N10,0.0649,0.009686,8.69,0.0304,0.000342,27.2,23.765929,86.415591
2026-08-20 21:00:00,N10,-0.0617,0.005675,7.19,0.0306,0.000195,25.6,23.765929,86.415591
2026-08-20 22:00:00,N10,,,,,,,23.765929,86.415591
2026-08-20 23:00:00,N10,,,,,,,23.765929,86.415591
2026-08-21 00:00:00,N10,,,,,,,23.765929,86.415591
2026-08-21 01:00:00,N10,,,,,,,23.765929,86.415591
2026-08-21 02:00:00,N10,,,,,,,23.765929,86.415591
2026-08-21 03:00:00,N10,0.0635,0.006647,7.42,0.0294,0.00056,29.6,23.765929,86.415591
2026-08-21 04:00:00,N10,0.0045,0.006329,2.2,0.0305,0.000881,31.2,23.765929,86.415591
2026-08-21 05:00:00,N10,-0.0497,0.007516,4.0,0.0311,0.003628,33.0,23.765929,86.415591
2026-08-21 06:00:00,N10,0.0066,0.944445,21.2,0.0377,0.003401,34.9,23.765929,86.415591
2026-08-21 07:00:00,N10,0.069,0.691077,22.31,0.0379,0.003497,36.9,23.765929,86.415591
2026-08-21 08:00:00,N10,-0.0565,0.009131,5.16,0.0307,0.003718,38.7,23.765929,86.415591
2026-08-21 09:00:00,N10,-0.1476,0.006255,1.24,0.0305,0.000111,40.2,23.765929,86.415591
2026-08-21 10:00:00,N10,-0.0818,0.005462,1.88,0.0309,0.000306,41.4,23.765929,86.415591
2026-08-21 11:00:00,N10,,,,,,,23.765929,86.415591
2026-08-21 12:00:00,N10,-0.0551,0.006503,2.4,0.0316,0.000312,42.4,23.765929,86.415591
2026-08-21 13:00:00,N10,0.2414,0.005369,8.05,0.0317,0.000151,42.2,23.765929,86.415591
2026-08-21 14:00:00,N10,0.07,0.005103,5.12,0.0319,9.8e-05,41.4,23.765929,86.415591
2026-08-21 15:00:00,N10,0.1684,0.006566,1.86,0.0319,5e-05,40.2,23.765929,86.415591
2026-08-21 16:00:00,N10,0.1348,0.007649,9.67,0.032,0.00651,38.7,23.765929,86.415591
2026-08-21 17:00:00,N10,0.1538,0.961292,28.27,0.045,3.6e-05,36.9,23.765929,86.415591
2026-08-21 18:00:00,N10,0.0299,0.005495,9.8,0.0319,0.006503,34.9,23.765929,86.415591
2026-08-21 19:00:00,N10,-0.0186,0.007416,9.27,0.032,0.000192,33.0,23.765929,86.415591
2026-08-21 20:00:00,N10,0.0345,0.005339,6.49,0.0323,7e-06,31.2,23.765929,86.415591
2026-08-21 21:00:00,N10,-0.1748,0.00906,7.74,0.0319,0.000211,29.6,23.765929,86.415591
2026-08-21 22:00:00,N10,-0.0385,0.008426,6.49,0.0319,0.000416,28.4,23.765929,86.415591
2026-08-21 23:00:00,N10,,,,,,,23.765929,86.415591
2026-08-22 00:00:00,N10,,,,,,,23.765929,86.415591
2026-08-22 01:00:00,N10,-0.2043,0.005296,7.84,0.0325,0.000335,22.3,23.765929,86.415591
2026-08-22 02:00:00,N10,0.0296,0.005294,9.85,0.0327,5.5e-05,23.0,23.765929,86.415591
2026-08-22 03:00:00,N10,-0.2585,0.00537,6.98,0.0327,0.00024,24.2,23.765929,86.415591
2026-08-22 04:00:00,N10,0.1707,0.005046,9.56,0.0331,0.000261,25.8,23.765929,86.415591
2026-08-22 05:00:00,N10,0.1124,0.005962,1.56,0.0332,0.00017,27.6,23.765929,86.415591
2026-08-22 06:00:00,N10,0.0685,0.005416,8.76,0.0328,0.000266,29.5,23.765929,86.415591
2026-08-22 07:00:00,N10,-0.0709,0.006648,4.7,0.0326,8.8e-05,31.5,23.765929,86.415591
2026-08-22 08:00:00,N10,0.1977,0.006049,2.28,0.0326,0.00993,33.3,23.765929,86.415591
2026-08-22 09:00:00,N10,-0.0459,0.859789,36.02,0.0128,0.000229,34.8,23.765929,86.415591
2026-08-22 10:00:00,N10,0.3137,0.006074,1.24,0.0331,0.009758,36.0,23.765929,86.415591
2026-08-22 11:00:00,N10,-0.2861,0.006434,7.41,0.0323,6.5e-05,36.8,23.765929,86.415591
2026-08-22 12:00:00,N10,-0.0416,0.008208,4.98,0.0332,0.009251,37.0,23.765929,86.415591
2026-08-22 13:00:00,N10,-0.0753,0.532185,40.18,0.0138,0.009674,36.8,23.765929,86.415591
2026-08-22 14:00:00,N10,-0.0197,0.916902,41.57,0.0139,0.009384,36.0,23.765929,86.415591
2026-08-22 15:00:00,N10,-0.2904,0.005595,1.41,0.0326,0.009318,34.8,23.765929,86.415591
2026-08-22 16:00:00,N10,-0.232,0.010166,1.69,0.0325,0.000434,33.3,23.765929,86.415591
2026-08-22 17:00:00,N10,0.1345,0.005151,7.68,0.0317,8.3e-05,31.5,23.765929,86.415591
2026-08-22 18:00:00,N10,-0.04,0.005517,1.12,0.0323,8.4e-05,29.5,23.765929,86.415591
2026-08-22 19:00:00,N10,0.1732,0.005228,1.98,0.0315,0.000207,27.6,23.765929,86.415591
2026-08-22 20:00:00,N10,0.1059,0.006027,8.07,0.0319,1.1e-05,25.8,23.765929,86.415591
2026-08-22 21:00:00,N10,-0.1738,0.005871,2.83,0.0315,0.000115,24.2,23.765929,86.415591
2026-08-22 22:00:00,N10,0.143,0.005729,2.94,0.0321,0.000188,23.0,23.765929,86.415591
2026-08-22 23:00:00,N10,-0.19,0.006009,2.18,0.0319,8.9e-05,22.3,23.765929,86.415591
2026-08-23 00:00:00,N10,0.0225,0.005241,1.09,0.032,0.000408,24.3,23.765929,86.415591
2026-08-23 01:00:00,N10,0.4004,0.005874,2.29,0.0327,0.000142,24.5,23.765929,86.415591
2026-08-23 02:00:00,N10,-0.0082,0.010146,7.34,0.0323,0.000357,25.3,23.765929,86.415591
2026-08-23 03:00:00,N10,-0.2909,0.007016,3.06,0.032,0.000614,26.5,23.765929,86.415591
2026-08-23 04:00:00,N10,0.0979,0.005315,5.78,0.031,0.000305,28.0,23.765929,86.415591
2026-08-23 05:00:00,N10,0.0583,0.00506,1.02,0.0314,0.000277,29.8,23.765929,86.415591
2026-08-23 06:00:00,N10,-0.0535,0.009228,4.74,0.0316,7e-06,31.8,23.765929,86.415591
2026-08-23 07:00:00,N10,0.0913,0.006619,3.18,0.0314,0.000204,33.7,23.765929,86.415591
2026-08-23 08:00:00,N10,-0.015,0.007396,4.9,0.0312,0.010938,35.5,23.765929,86.415591
2026-08-23 09:00:00,N10,-0.1318,0.568766,24.81,0.0532,0.003795,37.1,23.765929,86.415591
2026-08-23 10:00:00,N10,-0.1484,0.793795,49.41,0.0388,0.011843,38.3,23.765929,86.415591
2026-08-23 11:00:00,N10,-0.1273,0.005439,8.98,0.0296,0.004825,39.0,23.765929,86.415591
2026-08-23 12:00:00,N10,-0.0585,0.005076,1.3,0.0291,0.000469,39.3,23.765929,86.415591
2026-08-23 13:00:00,N10,-0.0491,0.006152,5.61,0.0286,9.4e-05,39.0,23.765929,86.415591
2026-08-23 14:00:00,N10,0.0593,0.006414,4.47,0.0293,0.000557,38.3,23.765929,86.415591
2026-08-23 15:00:00,N10,0.1981,0.008276,1.92,0.0297,1.9e-05,37.1,23.765929,86.415591
2026-08-23 16:00:00,N10,0.0316,0.006298,2.59,0.0293,0.008161,35.5,23.765929,86.415591
2026-08-23 17:00:00,N10,,,,,,,23.765929,86.415591
2026-08-23 18:00:00,N10,,,,,,,23.765929,86.415591
2026-08-23 19:00:00,N10,,,,,,,23.765929,86.415591
2026-08-23 20:00:00,N10,,,,,,,23.765929,86.415591
2026-08-23 21:00:00,N10,,,,,,,23.765929,86.415591
2026-08-23 22:00:00,N10,,,,,,,23.765929,86.415591
2026-08-23 23:00:00,N10,0.0009,0.010873,6.77,0.0302,0.000107,24.5,23.765929,86.415591
2026-08-24 00:00:00,N10,,,,,,,23.765929,86.415591
2026-08-24 01:00:00,N10,-0.1825,0.005045,8.79,0.0307,0.000262,24.4,23.765929,86.415591
2026-08-24 02:00:00,N10,-0.1381,0.005001,4.61,0.0311,0.00031,25.2,23.765929,86.415591
2026-08-24 03:00:00,N10,,,,,,,23.765929,86.415591
2026-08-24 04:00:00,N10,,,,,,,23.765929,86.415591
2026-08-24 05:00:00,N10,,,,,,,23.765929,86.415591
2026-08-24 06:00:00,N10,0.0727,0.005144,6.15,0.031,0.008551,31.7,23.765929,86.415591
2026-08-24 07:00:00,N10,0.2029,0.515969,29.28,0.0485,0.000184,33.6,23.765929,86.415591
2026-08-24 08:00:00,N10,0.1561,0.005304,8.39,0.0306,0.013045,35.4,23.765929,86.415591
2026-08-24 09:00:00,N10,0.038,0.793463,20.23,0.0224,0.004362,37.0,23.765929,86.415591
2026-08-24 10:00:00,N10,0.0202,0.598328,20.11,0.0219,0.003599,38.2,23.765929,86.415591
2026-08-24 11:00:00,N10,-0.0541,0.006948,7.86,0.0296,0.004096,38.9,23.765929,86.415591
2026-08-24 12:00:00,N10,-0.1462,0.007582,2.9,0.0301,0.000125,39.2,23.765929,86.415591
2026-08-24 13:00:00,N10,0.0494,0.006349,4.49,0.0299,0.000145,38.9,23.765929,86.415591
2026-08-24 14:00:00,N10,0.334,0.006776,8.71,0.0298,1.4e-05,38.2,23.765929,86.415591
2026-08-24 15:00:00,N10,-0.1787,0.005901,8.33,0.0299,0.004122,37.0,23.765929,86.415591
2026-08-24 16:00:00,N10,-0.1728,0.812873,33.98,0.0216,3e-05,35.4,23.765929,86.415591
2026-08-24 17:00:00,N10,0.1126,0.008113,4.17,0.0299,0.004363,33.6,23.765929,86.415591
2026-08-24 18:00:00,N10,-0.0996,0.005777,8.52,0.0303,0.000304,31.7,23.765929,86.415591
2026-08-24 19:00:00,N10,-0.0808,0.005915,8.85,0.0305,0.000186,29.8,23.765929,86.415591
2026-08-24 20:00:00,N10,0.1525,0.005892,8.62,0.0307,0.000283,27.9,23.765929,86.415591
2026-08-24 21:00:00,N10,0.0461,0.00645,8.17,0.03,0.000209,26.4,23.765929,86.415591
2026-08-24 22:00:00,N10,0.1158,0.005982,3.16,0.0302,0.000202,25.2,23.765929,86.415591
2026-08-24 23:00:00,N10,0.0336,0.007264,5.66,0.0296,4.5e-05,24.4,23.765929,86.415591
2026-08-25 00:00:00,N10,0.1031,0.00652,5.29,0.0302,0.00026,24.4,23.765929,86.415591
2026-08-25 01:00:00,N10,,,,,,,23.765929,86.415591
2026-08-25 02:00:00,N10,,,,,,,23.765929,86.415591
2026-08-25 03:00:00,N10,,,,,,,23.765929,86.415591
2026-08-25 04:00:00,N10,,,,,,,23.765929,86.415591
2026-08-25 05:00:00,N10,-0.0532,0.006643,6.37,0.0275,0.000221,29.9,23.765929,86.415591
2026-08-25 06:00:00,N10,-0.1855,0.005366,8.26,0.0276,0.000309,31.9,23.765929,86.415591
2026-08-25 07:00:00,N10,0.1002,0.006847,7.86,0.0269,0.000694,33.8,23.765929,86.415591
2026-08-25 08:00:00,N10,0.0096,0.005619,4.93,0.0262,0.00025,35.6,23.765929,86.415591
2026-08-25 09:00:00,N10,-0.1407,0.006392,3.03,0.0264,0.000305,37.2,23.765929,86.415591
2026-08-25 10:00:00,N10,0.1882,0.006171,5.3,0.0268,0.0001,38.4,23.765929,86.415591
2026-08-25 11:00:00,N10,-0.0663,0.007046,5.47,0.0266,0.000323,39.1,23.765929,86.415591
2026-08-25 12:00:00,N10,0.0459,0.00842,5.93,0.0262,4.8e-05,39.4,23.765929,86.415591
2026-08-25 13:00:00,N10,0.0125,0.007069,2.81,0.0267,1.4e-05,39.1,23.765929,86.415591
2026-08-25 14:00:00,N10,0.0907,0.007408,6.9,0.0262,0.007082,38.4,23.765929,86.415591
2026-08-25 15:00:00,N10,-0.0348,0.854499,38.75,0.0125,0.000361,37.2,23.765929,86.415591
2026-08-25 16:00:00,N10,0.0594,0.005361,7.93,0.0254,0.006967,35.6,23.765929,86.415591
2026-08-25 17:00:00,N10,-0.0766,0.005921,9.71,0.0264,0.000227,33.8,23.765929,86.415591
2026-08-25 18:00:00,N10,0.1169,0.005756,6.38,0.0259,5.7e-05,31.9,23.765929,86.415591
2026-08-25 19:00:00,N10,-0.1357,0.008453,2.52,0.0263,3.9e-05,29.9,23.765929,86.415591
2026-08-25 20:00:00,N10,-0.0379,0.007203,8.07,0.0258,0.000418,28.1,23.765929,86.415591
2026-08-25 21:00:00,N10,0.1367,0.006425,1.22,0.0255,5.7e-05,26.6,23.765929,86.415591
2026-08-25 22:00:00,N10,0.0381,0.005689,6.65,0.0257,0.00046,25.4,23.765929,86.415591
2026-08-25 23:00:00,N10,-0.077,0.006406,7.28,0.0264,0.000206,24.6,23.765929,86.415591
2026-08-26 00:00:00,N10,,,,,,,23.765929,86.415591
2026-08-26 01:00:00,N10,0.0141,0.008705,1.56,0.0257,0.000116,23.0,23.765929,86.415591
2026-08-26 02:00:00,N10,0.0243,0.007025,7.62,0.0259,3.2e-05,23.7,23.765929,86.415591
2026-08-26 03:00:00,N10,-0.0571,0.007383,8.08,0.0257,0.000164,24.9,23.765929,86.415591
2026-08-26 04:00:00,N10,0.0142,0.006663,4.02,0.0262,0.000295,26.5,23.765929,86.415591
2026-08-26 05:00:00,N10,0.0337,0.007216,9.46,0.0251,0.000216,28.3,23.765929,86.415591
2026-08-26 06:00:00,N10,-0.0714,0.007331,7.72,0.0258,0.002938,30.2,23.765929,86.415591
2026-08-26 07:00:00,N10,-0.0906,0.826888,45.62,0.0193,0.003506,32.2,23.765929,86.415591
2026-08-26 08:00:00,N10,,,,,,,23.765929,86.415591
2026-08-26 09:00:00,N10,,,,,,,23.765929,86.415591
2026-08-26 10:00:00,N10,,,,,,,23.765929,86.415591
2026-08-26 11:00:00,N10,,,,,,,23.765929,86.415591
2026-08-26 12:00:00,N10,,,,,,,23.765929,86.415591
2026-08-26 13:00:00,N10,-0.2494,0.005815,9.08,0.0249,0.000241,37.5,23.765929,86.415591
2026-08-26 14:00:00,N10,-0.3031,0.007717,4.27,0.025,0.000128,36.7,23.765929,86.415591
2026-08-26 15:00:00,N10,0.0684,0.008881,4.75,0.0252,0.000136,35.5,23.765929,86.415591
2026-08-26 16:00:00,N10,0.038,0.007002,3.35,0.0253,0.000241,34.0,23.765929,86.415591
2026-08-26 17:00:00,N10,-0.1863,0.006005,5.74,0.0247,0.000103,32.2,23.765929,86.415591
2026-08-26 18:00:00,N10,0.064,0.007581,6.68,0.0251,0.000408,30.2,23.765929,86.415591
2026-08-26 19:00:00,N10,0.1684,0.005332,5.32,0.0255,0.000488,28.3,23.765929,86.415591
2026-08-26 20:00:00,N10,0.0528,0.006555,2.38,0.0261,0.000354,26.5,23.765929,86.415591
2026-08-26 21:00:00,N10,-0.1227,0.007135,4.38,0.0262,0.000261,24.9,23.765929,86.415591
2026-08-26 22:00:00,N10,0.1889,0.008641,2.5,0.0266,1.3e-05,23.7,23.765929,86.415591
2026-08-26 23:00:00,N10,0.121,0.008467,4.49,0.0262,0.000155,23.0,23.765929,86.415591
2026-08-27 00:00:00,N10,-0.0975,0.009982,3.36,0.0263,0.000171,22.6,23.765929,86.415591
2026-08-27 01:00:00,N10,-0.0578,0.007352,8.56,0.0265,0.000188,22.8,23.765929,86.415591
2026-08-27 02:00:00,N10,0.0426,0.008505,8.75,0.0259,6.3e-05,23.6,23.765929,86.415591
2026-08-27 03:00:00,N10,,,,,,,23.765929,86.415591
2026-08-27 04:00:00,N10,,,,,,,23.765929,86.415591
2026-08-27 05:00:00,N10,,,,,,,23.765929,86.415591
2026-08-27 06:00:00,N10,-0.2415,0.00598,4.34,0.027,0.000203,30.1,23.765929,86.415591
2026-08-27 07:00:00,N10,0.2964,0.005508,6.46,0.0273,9.3e-05,32.0,23.765929,86.415591
2026-08-27 08:00:00,N10,-0.0534,0.006514,1.73,0.0272,1e-05,33.8,23.765929,86.415591
2026-08-27 09:00:00,N10,0.0618,0.007502,3.64,0.0273,0.000215,35.4,23.765929,86.415591
2026-08-27 10:00:00,N10,-0.0393,0.005317,2.02,0.0276,0.000141,36.6,23.765929,86.415591
2026-08-27 11:00:00,N10,0.0737,0.005147,5.14,0.0271,0.000314,37.3,23.765929,86.415591
2026-08-27 12:00:00,N10,-0.0586,0.005329,6.1,0.027,0.000105,37.6,23.765929,86.415591
2026-08-27 13:00:00,N10,-0.0448,0.005434,7.43,0.0273,0.009456,37.3,23.765929,86.415591
2026-08-27 14:00:00,N10,-0.084,0.685038,21.74,0.0081,4.6e-05,36.6,23.765929,86.415591
2026-08-27 15:00:00,N10,0.0014,0.00506,1.27,0.0274,0.009724,35.4,23.765929,86.415591
2026-08-27 16:00:00,N10,0.08,0.007847,2.67,0.0275,9.2e-05,33.8,23.765929,86.415591
2026-08-27 17:00:00,N10,,,,,,,23.765929,86.415591
2026-08-27 18:00:00,N10,,,,,,,23.765929,86.415591
2026-08-27 19:00:00,N10,,,,,,,23.765929,86.415591
2026-08-27 20:00:00,N10,,,,,,,23.765929,86.415591
2026-08-27 21:00:00,N10,0.2162,0.005912,3.7,0.028,0.000286,24.8,23.765929,86.415591
2026-08-27 22:00:00,N10,0.0249,0.006197,1.85,0.029,0.00032,23.6,23.765929,86.415591
2026-08-27 23:00:00,N10,-0.2618,0.012179,6.14,0.0286,0.000428,22.8,23.765929,86.415591
