timestamp,node_id,tilt_deg,vib_rms,vib_dom_freq_hz,strain_mm,crack_proxy,temp_c,lat,lng
2026-03-01 00:00:00,N10,-0.1835,0.008701,7.16,-0.0004,5.5e-05,24.2,23.76587,86.406547
2026-03-01 01:00:00,N10,-0.2551,0.007976,4.38,-0.0003,0.000362,24.4,23.76587,86.406547
2026-03-01 02:00:00,N10,0.2012,0.005444,3.29,0.0004,0.00052,25.2,23.76587,86.406547
2026-03-01 03:00:00,N10,-0.087,0.006105,2.47,0.0007,0.0001,26.4,23.76587,86.406547
2026-03-01 04:00:00,N10,-0.225,0.006714,4.84,0.0006,9.3e-05,27.9,23.76587,86.406547
2026-03-01 05:00:00,N10,,,,,,,23.76587,86.406547
2026-03-01 06:00:00,N10,,,,,,,23.76587,86.406547
2026-03-01 07:00:00,N10,,,,,,,23.76587,86.406547
2026-03-01 08:00:00,N10,,,,,,,23.76587,86.406547
2026-03-01 09:00:00,N10,,,,,,,23.76587,86.406547
2026-03-01 10:00:00,N10,-0.0065,0.007434,7.3,0.0002,0.004136,38.2,23.76587,86.406547
2026-03-01 11:00:00,N10,0.0415,0.673434,25.92,-0.0085,0.000142,38.9,23.76587,86.406547
2026-03-01 12:00:00,N10,-0.1032,0.00512,8.59,-0.0001,0.004172,39.2,23.76587,86.406547
2026-03-01 13:00:00,N10,0.0684,0.007204,8.5,-0.0001,0.000404,38.9,23.76587,86.406547
2026-03-01 14:00:00,N10,0.0285,0.005151,4.39,-0.0009,0.000139,38.2,23.76587,86.406547
2026-03-01 15:00:00,N10,,,,,,,23.76587,86.406547
2026-03-01 16:00:00,N10,,,,,,,23.76587,86.406547
2026-03-01 17:00:00,N10,,,,,,,23.76587,86.406547
2026-03-01 18:00:00,N10,,,,,,,23.76587,86.406547
2026-03-01 19:00:00,N10,-0.033,0.00593,1.46,-0.0001,0.000355,29.7,23.76587,86.406547
2026-03-01 20:00:00,N10,0.0356,0.005647,6.86,-0.0006,6.1e-05,27.9,23.76587,86.406547
2026-03-01 21:00:00,N10,0.0691,0.009432,7.51,-0.0002,0.000286,26.4,23.76587,86.406547
2026-03-01 22:00:00,N10,-0.1142,0.008281,3.93,-0.0001,8e-05,25.2,23.76587,86.406547
2026-03-01 23:00:00,N10,,,,,,,23.76587,86.406547
2026-03-02 00:00:00,N10,-0.3736,0.00541,3.19,-0.0004,0.000477,24.4,23.76587,86.406547
2026-03-02 01:00:00,N10,-0.0741,0.00534,5.5,-0.001,0.00066,24.7,23.76587,86.406547
2026-03-02 02:00:00,N10,0.1121,0.005599,6.79,-0.0017,0.000579,25.4,23.76587,86.406547
2026-03-02 03:00:00,N10,0.1181,0.006278,2.36,-0.0022,0.000313,26.6,23.76587,86.406547
2026-03-02 04:00:00,N10,0.0591,0.005843,5.38,-0.0023,1.9e-05,28.2,23.76587,86.406547
2026-03-02 05:00:00,N10,-0.1879,0.007368,7.23,-0.0021,0.000187,30.0,23.76587,86.406547
2026-03-02 06:00:00,N10,0.0989,0.006871,5.49,-0.0027,0.000294,31.9,23.76587,86.406547
2026-03-02 07:00:00,N10,-0.0512,0.008585,9.01,-0.0027,0.000153,33.9,23.76587,86.406547
2026-03-02 08:00:00,N10,0.1921,0.006038,7.29,-0.0024,2.3e-05,35.7,23.76587,86.406547
2026-03-02 09:00:00,N10,0.0226,0.005467,8.98,-0.0028,0.000312,37.2,23.76587,86.406547
2026-03-02 10:00:00,N10,-0.0013,0.008147,3.04,-0.003,0.000342,38.4,23.76587,86.406547
2026-03-02 11:00:00,N10,0.1408,0.005309,1.87,-0.0035,0.010046,39.2,23.76587,86.406547
2026-03-02 12:00:00,N10,0.1536,0.680337,36.45,-0.0231,0.009838,39.4,23.76587,86.406547
2026-03-02 13:00:00,N10,0.1662,0.999883,47.74,-0.0231,0.010078,39.2,23.76587,86.406547
2026-03-02 14:00:00,N10,,,,,,,23.76587,86.406547
2026-03-02 15:00:00,N10,,,,,,,23.76587,86.406547
2026-03-02 16:00:00,N10,,,,,,,23.76587,86.406547
2026-03-02 17:00:00,N10,,,,,,,23.76587,86.406547
2026-03-02 18:00:00,N10,,,,,,,23.76587,86.406547
2026-03-02 19:00:00,N10,-0.1503,0.007063,5.3,-0.0029,0.000215,30.0,23.76587,86.406547
2026-03-02 20:00:00,N10,-0.0966,0.005408,7.24,-0.0032,0.000119,28.2,23.76587,86.406547
2026-03-02 21:00:00,N10,,,,,,,23.76587,86.406547
2026-03-02 22:00:00,N10,,,,,,,23.76587,86.406547
2026-03-02 23:00:00,N10,,,,,,,23.76587,86.406547
2026-03-03 00:00:00,N10,,,,,,,23.76587,86.406547
2026-03-03 01:00:00,N10,-0.1812,0.007747,9.55,-0.0029,8.3e-05,25.6,23.76587,86.406547
2026-03-03 02:00:00,N10,0.1542,0.010228,2.37,-0.0028,6.6e-05,26.4,23.76587,86.406547
2026-03-03 03:00:00,N10,0.1636,0.006712,8.89,-0.0028,2e-06,27.6,23.76587,86.406547
2026-03-03 04:00:00,N10,0.0766,0.007744,5.79,-0.0028,0.000201,29.1,23.76587,86.406547
2026-03-03 05:00:00,N10,-0.0607,0.00597,9.19,-0.0032,0.000244,30.9,23.76587,86.406547
2026-03-03 06:00:00,N10,0.2642,0.006721,7.69,-0.0033,8.9e-05,32.9,23.76587,86.406547
2026-03-03 07:00:00,N10,,,,,,,23.76587,86.406547
2026-03-03 08:00:00,N10,,,,,,,23.76587,86.406547
2026-03-03 09:00:00,N10,,,,,,,23.76587,86.406547
2026-03-03 10:00:00,N10,0.1083,0.006439,5.99,-0.0036,0.004618,39.4,23.76587,86.406547
2026-03-03 11:00:00,N10,-0.3711,0.805319,39.9,0.0063,8.6e-05,40.1,23.76587,86.406547
2026-03-03 12:00:00,N10,0.2267,0.006781,6.54,-0.0038,0.004964,40.4,23.76587,86.406547
2026-03-03 13:00:00,N10,0.2112,0.006506,1.74,-0.0036,0.006447,40.1,23.76587,86.406547
2026-03-03 14:00:00,N10,0.0561,0.983655,34.04,0.0091,0.008386,39.4,23.76587,86.406547
2026-03-03 15:00:00,N10,-0.03,0.914565,30.95,0.0132,0.001723,38.2,23.76587,86.406547
2026-03-03 16:00:00,N10,0.1137,0.577997,21.32,0.0126,0.008243,36.6,23.76587,86.406547
2026-03-03 17:00:00,N10,0.0179,0.005785,3.97,-0.0033,0.008024,34.8,23.76587,86.406547
2026-03-03 18:00:00,N10,0.3258,0.007528,4.92,-0.0035,0.000553,32.9,23.76587,86.406547
2026-03-03 19:00:00,N10,0.0517,0.008225,1.02,-0.0044,0.000727,30.9,23.76587,86.406547
2026-03-03 20:00:00,N10,-0.1786,0.008531,6.02,-0.0049,9e-06,29.1,23.76587,86.406547
2026-03-03 21:00:00,N10,-0.0948,0.00973,7.29,-0.0044,0.000161,27.6,23.76587,86.406547
2026-03-03 22:00:00,N10,,,,,,,23.76587,86.406547
2026-03-03 23:00:00,N10,-0.0764,0.005579,8.5,-0.0047,0.000137,25.6,23.76587,86.406547
2026-03-04 00:00:00,N10,0.2384,0.006697,2.84,-0.0049,1e-06,26.2,23.76587,86.406547
2026-03-04 01:00:00,N10,-0.035,0.00642,4.96,-0.0047,0.000368,26.5,23.76587,86.406547
2026-03-04 02:00:00,N10,-0.0232,0.00578,9.87,-0.0041,0.000482,27.2,23.76587,86.406547
2026-03-04 03:00:00,N10,-0.0393,0.00837,8.4,-0.0037,0.000133,28.4,23.76587,86.406547
2026-03-04 04:00:00,N10,,,,,,,23.76587,86.406547
2026-03-04 05:00:00,N10,,,,,,,23.76587,86.406547
2026-03-04 06:00:00,N10,,,,,,,23.76587,86.406547
2026-03-04 07:00:00,N10,,,,,,,23.76587,86.406547
2026-03-04 08:00:00,N10,,,,,,,23.76587,86.406547
2026-03-04 09:00:00,N10,-0.0463,0.00685,1.68,-0.003,0.000195,39.0,23.76587,86.406547
2026-03-04 10:00:00,N10,,,,,,,23.76587,86.406547
2026-03-04 11:00:00,N10,,,,,,,23.76587,86.406547
2026-03-04 12:00:00,N10,,,,,,,23.76587,86.406547
2026-03-04 13:00:00,N10,,,,,,,23.76587,86.406547
2026-03-04 14:00:00,N10,,,,,,,23.76587,86.406547
2026-03-04 15:00:00,N10,0.0189,0.867665,17.99,-0.0162,0.005376,39.0,23.76587,86.406547
2026-03-04 16:00:00,N10,-0.3142,0.744584,37.78,-0.0155,0.005519,37.5,23.76587,86.406547
2026-03-04 17:00:00,N10,-0.0819,0.007437,8.38,-0.0051,0.004966,35.7,23.76587,86.406547
2026-03-04 18:00:00,N10,0.0305,0.005504,5.38,-0.0056,5.7e-05,33.7,23.76587,86.406547
2026-03-04 19:00:00,N10,-0.0988,0.005001,2.1,-0.005,0.000425,31.8,23.76587,86.406547
2026-03-04 20:00:00,N10,0.3142,0.005245,5.31,-0.0047,4.6e-05,30.0,23.76587,86.406547
2026-03-04 21:00:00,N10,-0.0303,0.005041,6.93,-0.0049,6.2e-05,28.4,23.76587,86.406547
2026-03-04 22:00:00,N10,0.2567,0.006834,3.85,-0.0048,6.6e-05,27.2,23.76587,86.406547
2026-03-04 23:00:00,N10,0.2331,0.006741,7.75,-0.0051,0.000251,26.5,23.76587,86.406547
2026-03-05 00:00:00,N10,0.0018,0.008779,9.58,-0.0053,0.000424,24.3,23.76587,86.406547
2026-03-05 01:00:00,N10,0.0339,0.006848,4.54,-0.0059,0.000107,24.6,23.76587,86.406547
2026-03-05 02:00:00,N10,-0.092,0.005478,7.8,-0.0056,0.000655,25.3,23.76587,86.406547
2026-03-05 03:00:00,N10,-0.0891,0.006609,8.9,-0.0046,0.000236,26.5,23.76587,86.406547
2026-03-05 04:00:00,N10,-0.0557,0.006335,4.9,-0.0051,0.000277,28.1,23.76587,86.406547
2026-03-05 05:00:00,N10,0.1221,0.005114,5.92,-0.0052,0.000169,29.9,23.76587,86.406547
2026-03-05 06:00:00,N10,-0.06,0.006721,7.2,-0.0047,0.000411,31.8,23.76587,86.406547
2026-03-05 07:00:00,N10,-0.1695,0.006927,4.3,-0.0043,2.4e-05,33.8,23.76587,86.406547
2026-03-05 08:00:00,N10,0.2337,0.005776,8.08,-0.0048,0.000156,35.6,23.76587,86.406547
2026-03-05 09:00:00,N10,0.0489,0.006234,4.62,-0.0046,0.009523,37.1,23.76587,86.406547
2026-03-05 10:00:00,N10,-0.0918,0.853196,34.47,0.0142,0.009115,38.3,23.76587,86.406547
2026-03-05 11:00:00,N10,-0.1068,0.509576,21.22,0.0136,0.010428,39.1,23.76587,86.406547
2026-03-05 12:00:00,N10,0.1554,0.007095,4.79,-0.0066,0.009917,39.3,23.76587,86.406547
2026-03-05 13:00:00,N10,,,,,,,23.76587,86.406547
2026-03-05 14:00:00,N10,,,,,,,23.76587,86.406547
2026-03-05 15:00:00,N10,,,,,,,23.76587,86.406547
2026-03-05 16:00:00,N10,-0.1086,0.87246,24.27,0.0054,0.005713,35.6,23.76587,86.406547
2026-03-05 17:00:00,N10,-0.0718,0.008704,6.15,-0.0062,0.005831,33.8,23.76587,86.406547
2026-03-05 18:00:00,N10,,,,,,,23.76587,86.406547
2026-03-05 19:00:00,N10,,,,,,,23.76587,86.406547
2026-03-05 20:00:00,N10,,,,,,,23.76587,86.406547
2026-03-05 21:00:00,N10,0.0362,0.00525,2.02,-0.0062,0.000319,26.5,23.76587,86.406547
2026-03-05 22:00:00,N10,-0.2723,0.006117,1.1,-0.0065,0.000168,25.3,23.76587,86.406547
2026-03-05 23:00:00,N10,-0.0437,0.005952,1.22,-0.0065,4e-06,24.6,23.76587,86.406547
2026-03-06 00:00:00,N10,-0.1278,0.005759,5.83,-0.0065,0.000466,27.1,23.76587,86.406547
2026-03-06 01:00:00,N10,0.2336,0.005614,1.64,-0.0056,0.000496,27.4,23.76587,86.406547
2026-03-06 02:00:00,N10,-0.0947,0.00612,4.82,-0.0055,3e-06,28.1,23.76587,86.406547
2026-03-06 03:00:00,N10,0.3428,0.007492,6.24,-0.0056,0.000123,29.3,23.76587,86.406547
2026-03-06 04:00:00,N10,0.0556,0.007638,2.36,-0.0058,0.000193,30.9,23.76587,86.406547
2026-03-06 05:00:00,N10,0.225,0.00956,4.34,-0.006,0.00017,32.7,23.76587,86.406547
2026-03-06 06:00:00,N10,-0.175,0.007317,4.72,-0.0061,3.6e-05,34.6,23.76587,86.406547
2026-03-06 07:00:00,N10,0.1741,0.007058,1.14,-0.0059,0.009235,36.6,23.76587,86.406547
2026-03-06 08:00:00,N10,,,,,,,23.76587,86.406547
2026-03-06 09:00:00,N10,,,,,,,23.76587,86.406547
2026-03-06 10:00:00,N10,,,,,,,23.76587,86.406547
2026-03-06 11:00:00,N10,-0.0871,0.008813,1.65,-0.006,0.000193,41.9,23.76587,86.406547
2026-03-06 12:00:00,N10,0.0651,0.005141,9.17,-0.0053,0.000164,42.1,23.76587,86.406547
2026-03-06 13:00:00,N10,-0.0723,0.00544,9.86,-0.0063,0.000116,41.9,23.76587,86.406547
2026-03-06 14:00:00,N10,0.076,0.006843,2.04,-0.0056,0.000248,41.1,23.76587,86.406547
2026-03-06 15:00:00,N10,0.1401,0.005451,9.18,-0.0058,0.000432,39.9,23.76587,86.406547
2026-03-06 16:00:00,N10,-0.1051,0.005663,2.44,-0.0064,1.6e-05,38.4,23.76587,86.406547
2026-03-06 17:00:00,N10,-0.0745,0.006944,8.08,-0.0059,6.2e-05,36.6,23.76587,86.406547
2026-03-06 18:00:00,N10,0.3325,0.006651,2.56,-0.0066,1e-06,34.6,23.76587,86.406547
2026-03-06 19:00:00,N10,0.106,0.006131,8.66,-0.0059,0.00015,32.7,23.76587,86.406547
2026-03-06 20:00:00,N10,0.0884,0.00605,6.66,-0.0069,0.000246,30.9,23.76587,86.406547
2026-03-06 21:00:00,N10,-0.1371,0.005698,2.52,-0.0064,0.000123,29.3,23.76587,86.406547
2026-03-06 22:00:00,N10,-0.0627,0.009425,4.94,-0.0066,0.000333,28.1,23.76587,86.406547
2026-03-06 23:00:00,N10,0.2019,0.005817,1.7,-0.007,0.000148,27.4,23.76587,86.406547
2026-03-07 00:00:00,N10,0.0743,0.007505,2.73,-0.0063,0.000107,22.7,23.76587,86.406547
2026-03-07 01:00:00,N10,0.1221,0.005888,7.01,-0.0068,0.000306,23.0,23.76587,86.406547
2026-03-07 02:00:00,N10,-0.1265,0.006012,1.74,-0.0069,0.000384,23.7,23.76587,86.406547
2026-03-07 03:00:00,N10,,,,,,,23.76587,86.406547
2026-03-07 04:00:00,N10,,,,,,,23.76587,86.406547
2026-03-07 05:00:00,N10,,,,,,,23.76587,86.406547
2026-03-07 06:00:00,N10,,,,,,,23.76587,86.406547
2026-03-07 07:00:00,N10,0.0315,0.723622,47.93,0.0021,0.007437,32.2,23.76587,86.406547
2026-03-07 08:00:00,N10,0.0814,0.776082,32.93,0.0085,0.000984,34.0,23.76587,86.406547
2026-03-07 09:00:00,N10,0.3901,0.813062,36.65,0.0002,0.007791,35.5,23.76587,86.406547
2026-03-07 10:00:00,N10,0.0009,0.005829,3.05,-0.007,0.00366,36.7,23.76587,86.406547
2026-03-07 11:00:00,N10,-0.137,0.006274,3.28,-0.0071,9.9e-05,37.5,23.76587,86.406547
2026-03-07 12:00:00,N10,0.1367,0.007381,5.88,-0.0068,2.6e-05,37.7,23.76587,86.406547
2026-03-07 13:00:00,N10,-0.2136,0.006756,4.02,-0.0072,0.000458,37.5,23.76587,86.406547
2026-03-07 14:00:00,N10,-0.0772,0.010516,9.74,-0.0078,0.000336,36.7,23.76587,86.406547
2026-03-07 15:00:00,N10,,,,,,,23.76587,86.406547
2026-03-07 16:00:00,N10,,,,,,,23.76587,86.406547
2026-03-07 17:00:00,N10,,,,,,,23.76587,86.406547
2026-03-07 18:00:00,N10,-0.0126,0.005792,5.84,-0.0081,0.00016,30.2,23.76587,86.406547
2026-03-07 19:00:00,N10,-0.0065,0.005284,2.43,-0.0085,0.00024,28.3,23.76587,86.406547
2026-03-07 20:00:00,N10,-0.1438,0.007425,6.58,-0.0086,0.000393,26.5,23.76587,86.406547
2026-03-07 21:00:00,N10,-0.003,0.006156,6.93,-0.0093,0.000258,24.9,23.76587,86.406547
2026-03-07 22:00:00,N10,-0.0226,0.006764,1.97,-0.0091,0.000179,23.7,23.76587,86.406547
2026-03-07 23:00:00,N10,-0.117,0.006125,6.21,-0.0096,0.000217,23.0,23.76587,86.406547
2026-03-08 00:00:00,N10,-0.2615,0.005137,3.18,-0.0095,0.000247,25.0,23.76587,86.406547
2026-03-08 01:00:00,N10,-0.0087,0.005457,3.21,-0.0101,0.000513,25.3,23.76587,86.406547
2026-03-08 02:00:00,N10,0.1476,0.006764,8.82,-0.0106,0.000337,26.0,23.76587,86.406547
2026-03-08 03:00:00,N10,0.2705,0.006823,9.34,-0.0108,0.000267,27.2,23.76587,86.406547
2026-03-08 04:00:00,N10,0.2439,0.0099,6.06,-0.01,0.000541,28.8,23.76587,86.406547
2026-03-08 05:00:00,N10,-0.0333,0.00895,9.19,-0.0097,0.000105,30.6,23.76587,86.406547
2026-03-08 06:00:00,N10,,,,,,,23.76587,86.406547
2026-03-08 07:00:00,N10,,,,,,,23.76587,86.406547
2026-03-08 08:00:00,N10,,,,,,,23.76587,86.406547
2026-03-08 09:00:00,N10,0.1149,0.005386,6.46,-0.01,0.000283,37.8,23.76587,86.406547
2026-03-08 10:00:00,N10,0.1614,0.006419,4.33,-0.01,0.000118,39.0,23.76587,86.406547
2026-03-08 11:00:00,N10,-0.0989,0.009791,4.6,-0.0098,0.000224,39.8,23.76587,86.406547
2026-03-08 12:00:00,N10,0.1479,0.007732,1.54,-0.0096,0.000159,40.0,23.76587,86.406547
2026-03-08 13:00:00,N10,,,,,,,23.76587,86.406547
2026-03-08 14:00:00,N10,,,,,,,23.76587,86.406547
2026-03-08 15:00:00,N10,,,,,,,23.76587,86.406547
2026-03-08 16:00:00,N10,,,,,,,23.76587,86.406547
2026-03-08 17:00:00,N10,,,,,,,23.76587,86.406547
2026-03-08 18:00:00,N10,0.0277,0.005773,8.79,-0.0131,9.2e-05,32.5,23.76587,86.406547
2026-03-08 19:00:00,N10,-0.0146,0.007013,5.62,-0.0123,5.4e-05,30.6,23.76587,86.406547
2026-03-08 20:00:00,N10,-0.0835,0.006004,8.97,-0.013,0.000307,28.8,23.76587,86.406547
2026-03-08 21:00:00,N10,-0.0285,0.006818,2.08,-0.0129,0.000428,27.2,23.76587,86.406547
2026-03-08 22:00:00,N10,,,,,,,23.76587,86.406547
2026-03-08 23:00:00,N10,-0.2146,0.005909,5.67,-0.0122,9.7e-05,25.3,23.76587,86.406547
2026-03-09 00:00:00,N10,-0.0468,0.00542,2.19,-0.0123,0.000139,30.2,23.76587,86.406547
2026-03-09 01:00:00,N10,-0.1868,0.005723,6.3,-0.0124,0.000157,30.5,23.76587,86.406547
2026-03-09 02:00:00,N10,-0.1439,0.007406,9.93,-0.012,0.000323,31.2,23.76587,86.406547
2026-03-09 03:00:00,N10,0.1352,0.005379,4.82,-0.0118,0.000334,32.4,23.76587,86.406547
2026-03-09 04:00:00,N10,0.1763,0.007011,5.49,-0.0114,0.000188,33.9,23.76587,86.406547
2026-03-09 05:00:00,N10,-0.1319,0.006099,5.25,-0.0114,0.00038,35.8,23.76587,86.406547
2026-03-09 06:00:00,N10,-0.1474,0.005473,8.92,-0.0106,0.000456,37.7,23.76587,86.406547
2026-03-09 07:00:00,N10,-0.3695,0.006146,2.44,-0.0105,0.000146,39.6,23.76587,86.406547
2026-03-09 08:00:00,N10,-0.0048,0.007092,4.99,-0.0103,0.000152,41.4,23.76587,86.406547
2026-03-09 09:00:00,N10,0.1141,0.006277,9.05,-0.0102,7.5e-05,43.0,23.76587,86.406547
2026-03-09 10:00:00,N10,-0.078,0.006874,5.89,-0.0102,3e-05,44.2,23.76587,86.406547
2026-03-09 11:00:00,N10,0.0847,0.005513,8.42,-0.0103,0.000547,44.9,23.76587,86.406547
2026-03-09 12:00:00,N10,0.1065,0.006394,7.1,-0.0113,0.004657,45.2,23.76587,86.406547
2026-03-09 13:00:00,N10,0.1493,0.596709,16.41,-0.0009,0.008946,44.9,23.76587,86.406547
2026-03-09 14:00:00,N10,0.0502,0.669714,28.07,0.0066,0.009783,44.2,23.76587,86.406547
2026-03-09 15:00:00,N10,0.0911,0.662091,27.16,-0.0205,0.013708,43.0,23.76587,86.406547
2026-03-09 16:00:00,N10,0.0018,0.829312,47.73,-0.0208,0.004294,41.4,23.76587,86.406547
2026-03-09 17:00:00,N10,0.0295,0.005726,1.54,-0.0119,0.004682,39.6,23.76587,86.406547
2026-03-09 18:00:00,N10,-0.2082,0.007264,2.74,-0.0114,7.8e-05,37.7,23.76587,86.406547
2026-03-09 19:00:00,N10,,,,,,,23.76587,86.406547
2026-03-09 20:00:00,N10,,,,,,,23.76587,86.406547
2026-03-09 21:00:00,N10,,,,,,,23.76587,86.406547
2026-03-09 22:00:00,N10,,,,,,,23.76587,86.406547
2026-03-09 23:00:00,N10,0.2415,0.005993,6.99,-0.0133,4.9e-05,30.5,23.76587,86.406547
2026-03-10 00:00:00,N10,0.0816,0.005971,6.49,-0.0135,0.000138,25.4,23.76587,86.406547
2026-03-10 01:00:00,N10,-0.0484,0.006487,8.07,-0.0136,0.000315,25.7,23.76587,86.406547
2026-03-10 02:00:00,N10,-0.0233,0.00516,8.81,-0.0129,0.00044,26.5,23.76587,86.406547
2026-03-10 03:00:00,N10,-0.0005,0.005475,6.8,-0.0127,0.000487,27.6,23.76587,86.406547
2026-03-10 04:00:00,N10,-0.0891,0.009161,7.35,-0.0139,1.2e-05,29.2,23.76587,86.406547
2026-03-10 05:00:00,N10,0.1125,0.005934,9.36,-0.0127,0.002935,31.0,23.76587,86.406547
2026-03-10 06:00:00,N10,0.0836,0.699437,27.7,-0.008,0.001062,32.9,23.76587,86.406547
2026-03-10 07:00:00,N10,-0.2613,0.005822,1.75,-0.0148,0.003263,34.9,23.76587,86.406547
2026-03-10 08:00:00,N10,0.0869,0.006514,8.33,-0.0145,0.000139,36.7,23.76587,86.406547
2026-03-10 09:00:00,N10,-0.0018,0.005003,4.9,-0.0145,0.000222,38.2,23.76587,86.406547
2026-03-10 10:00:00,N10,,,,,,,23.76587,86.406547
2026-03-10 11:00:00,N10,0.2773,0.005195,1.69,-0.014,0.003322,40.2,23.76587,86.406547
2026-03-10 12:00:00,N10,-0.1006,0.541566,32.61,-0.0074,0.003114,40.4,23.76587,86.406547
2026-03-10 13:00:00,N10,0.229,0.812268,32.94,-0.0078,0.003258,40.2,23.76587,86.406547
2026-03-10 14:00:00,N10,-0.1168,0.007155,7.66,-0.014,0.003279,39.4,23.76587,86.406547
2026-03-10 15:00:00,N10,-0.0287,0.005549,5.19,-0.0143,0.000218,38.2,23.76587,86.406547
2026-03-10 16:00:00,N10,-0.0886,0.00597,7.71,-0.0144,1e-06,36.7,23.76587,86.406547
2026-03-10 17:00:00,N10,-0.0284,0.006548,9.64,-0.0143,0.000288,34.9,23.76587,86.406547
2026-03-10 18:00:00,N10,0.1255,0.005832,2.4,-0.0138,0.000707,32.9,23.76587,86.406547
2026-03-10 19:00:00,N10,0.0509,0.009599,9.65,-0.0129,0.000541,31.0,23.76587,86.406547
2026-03-10 20:00:00,N10,,,,,,,23.76587,86.406547
2026-03-10 21:00:00,N10,,,,,,,23.76587,86.406547
2026-03-10 22:00:00,N10,,,,,,,23.76587,86.406547
2026-03-10 23:00:00,N10,-0.1096,0.005681,8.64,-0.0125,4.6e-05,25.7,23.76587,86.406547
2026-03-11 00:00:00,N10,-0.1508,0.009748,9.13,-0.0127,0.000374,27.9,23.76587,86.406547
2026-03-11 01:00:00,N10,-0.0555,0.005199,4.7,-0.0132,0.000473,28.1,23.76587,86.406547
2026-03-11 02:00:00,N10,-0.0676,0.009025,1.04,-0.0136,1.4e-05,28.9,23.76587,86.406547
2026-03-11 03:00:00,N10,,,,,,,23.76587,86.406547
2026-03-11 04:00:00,N10,,,,,,,23.76587,86.406547
2026-03-11 05:00:00,N10,,,,,,,23.76587,86.406547
2026-03-11 06:00:00,N10,,,,,,,23.76587,86.406547
2026-03-11 07:00:00,N10,,,,,,,23.76587,86.406547
2026-03-11 08:00:00,N10,-0.0306,0.008258,2.65,-0.011,0.005997,39.1,23.76587,86.406547
2026-03-11 09:00:00,N10,0.1367,0.010034,6.56,-0.0105,0.000331,40.7,23.76587,86.406547
2026-03-11 10:00:00,N10,,,,,,,23.76587,86.406547
2026-03-11 11:00:00,N10,,,,,,,23.76587,86.406547
2026-03-11 12:00:00,N10,,,,,,,23.76587,86.406547
2026-03-11 13:00:00,N10,-0.0743,0.008518,5.93,-0.0098,5.9e-05,42.6,23.76587,86.406547
2026-03-11 14:00:00,N10,0.0009,0.005146,6.11,-0.0093,0.000254,41.9,23.76587,86.406547
2026-03-11 15:00:00,N10,0.2959,0.007151,9.95,-0.0093,0.000296,40.7,23.76587,86.406547
2026-03-11 16:00:00,N10,-0.3345,0.007405,8.27,-0.0099,0.00059,39.1,23.76587,86.406547
2026-03-11 17:00:00,N10,0.031,0.005634,4.49,-0.0105,0.000126,37.3,23.76587,86.406547
2026-03-11 18:00:00,N10,0.1876,0.005561,8.64,-0.0097,0.000422,35.4,23.76587,86.406547
2026-03-11 19:00:00,N10,-0.1153,0.005161,3.81,-0.0096,0.000136,33.4,23.76587,86.406547
2026-03-11 20:00:00,N10,0.2679,0.009978,5.52,-0.0099,0.000391,31.6,23.76587,86.406547
2026-03-11 21:00:00,N10,-0.0776,0.006312,6.93,-0.0104,0.000407,30.1,23.76587,86.406547
2026-03-11 22:00:00,N10,0.0741,0.0073,2.12,-0.0108,0.000164,28.9,23.76587,86.406547
2026-03-11 23:00:00,N10,0.2291,0.006677,5.16,-0.0108,0.000238,28.1,23.76587,86.406547
2026-03-12 00:00:00,N10,0.0683,0.006977,5.11,-0.0103,0.000451,25.2,23.76587,86.406547
2026-03-12 01:00:00,N10,-0.1192,0.005798,2.51,-0.0099,0.00087,25.4,23.76587,86.406547
2026-03-12 02:00:00,N10,0.2127,0.005818,6.73,-0.0085,0.00087,26.2,23.76587,86.406547
2026-03-12 03:00:00,N10,0.2111,0.006926,3.02,-0.0081,0.000227,27.4,23.76587,86.406547
2026-03-12 04:00:00,N10,0.0203,0.005052,7.48,-0.0081,0.000396,28.9,23.76587,86.406547
2026-03-12 05:00:00,N10,0.0662,0.008051,9.59,-0.0073,0.008253,30.7,23.76587,86.406547
2026-03-12 06:00:00,N10,-0.1241,0.786467,48.94,-0.0246,0.008398,32.7,23.76587,86.406547
2026-03-12 07:00:00,N10,0.1284,0.932584,47.09,-0.0241,0.008984,34.6,23.76587,86.406547
2026-03-12 08:00:00,N10,,,,,,,23.76587,86.406547
2026-03-12 09:00:00,N10,,,,,,,23.76587,86.406547
2026-03-12 10:00:00,N10,0.1661,0.006016,9.24,-0.0056,0.000419,39.2,23.76587,86.406547
2026-03-12 11:00:00,N10,0.0223,0.005543,4.25,-0.0055,0.000345,39.9,23.76587,86.406547
2026-03-12 12:00:00,N10,,,,,,,23.76587,86.406547
2026-03-12 13:00:00,N10,,,,,,,23.76587,86.406547
2026-03-12 14:00:00,N10,,,,,,,23.76587,86.406547
2026-03-12 15:00:00,N10,0.0893,0.005189,6.28,-0.0054,0.004491,38.0,23.76587,86.406547
2026-03-12 16:00:00,N10,-0.1068,0.675637,21.03,0.004,0.005011,36.4,23.76587,86.406547
2026-03-12 17:00:00,N10,0.1241,0.684129,15.23,0.0046,0.004257,34.6,23.76587,86.406547
2026-03-12 18:00:00,N10,,,,,,,23.76587,86.406547
2026-03-12 19:00:00,N10,,,,,,,23.76587,86.406547
2026-03-12 20:00:00,N10,,,,,,,23.76587,86.406547
2026-03-12 21:00:00,N10,,,,,,,23.76587,86.406547
2026-03-12 22:00:00,N10,,,,,,,23.76587,86.406547
2026-03-12 23:00:00,N10,-0.1044,0.008845,2.31,-0.0064,1e-06,25.4,23.76587,86.406547
2026-03-13 00:00:00,N10,-0.2257,0.005366,6.79,-0.0058,0.000482,26.2,23.76587,86.406547
2026-03-13 01:00:00,N10,-0.0443,0.005189,5.94,-0.0054,0.000204,26.4,23.76587,86.406547
2026-03-13 02:00:00,N10,-0.3203,0.010424,3.18,-0.0054,0.000173,27.2,23.76587,86.406547
2026-03-13 03:00:00,N10,-0.1074,0.006872,8.15,-0.0051,0.000161,28.4,23.76587,86.406547
2026-03-13 04:00:00,N10,0.0582,0.00662,8.55,-0.005,0.000542,29.9,23.76587,86.406547
2026-03-13 05:00:00,N10,0.1087,0.008182,3.16,-0.0061,0.000183,31.7,23.76587,86.406547
2026-03-13 06:00:00,N10,0.0607,0.006318,2.24,-0.0054,0.000905,33.7,23.76587,86.406547
2026-03-13 07:00:00,N10,-0.1117,0.005137,9.09,-0.0043,0.000666,35.6,23.76587,86.406547
2026-03-13 08:00:00,N10,0.0793,0.008612,9.98,-0.0041,6.2e-05,37.4,23.76587,86.406547
2026-03-13 09:00:00,N10,-0.012,0.005768,8.01,-0.0042,0.000509,39.0,23.76587,86.406547
2026-03-13 10:00:00,N10,0.0591,0.006611,7.47,-0.0051,0.000536,40.2,23.76587,86.406547
2026-03-13 11:00:00,N10,-0.1396,0.006258,7.74,-0.0053,0.004332,40.9,23.76587,86.406547
2026-03-13 12:00:00,N10,,,,,,,23.76587,86.406547
2026-03-13 13:00:00,N10,,,,,,,23.76587,86.406547
2026-03-13 14:00:00,N10,-0.0394,0.568697,27.91,-0.0259,0.009456,40.2,23.76587,86.406547
2026-03-13 15:00:00,N10,0.0147,0.008853,8.7,-0.0066,0.009561,39.0,23.76587,86.406547
2026-03-13 16:00:00,N10,0.2398,0.005935,1.1,-0.0067,0.000103,37.4,23.76587,86.406547
2026-03-13 17:00:00,N10,0.0983,0.005221,6.29,-0.0068,7.4e-05,35.6,23.76587,86.406547
2026-03-13 18:00:00,N10,-0.1741,0.006264,7.52,-0.0069,4.9e-05,33.7,23.76587,86.406547
2026-03-13 19:00:00,N10,0.2124,0.005468,7.27,-0.0067,6.4e-05,31.7,23.76587,86.406547
2026-03-13 20:00:00,N10,0.2226,0.006574,2.76,-0.007,0.000671,29.9,23.76587,86.406547
2026-03-13 21:00:00,N10,-0.0077,0.007196,7.53,-0.008,0.000593,28.4,23.76587,86.406547
2026-03-13 22:00:00,N10,0.1511,0.006915,6.86,-0.0082,0.000279,27.2,23.76587,86.406547
2026-03-13 23:00:00,N10,,,,,,,23.76587,86.406547
2026-03-14 00:00:00,N10,,,,,,,23.76587,86.406547
2026-03-14 01:00:00,N10,-0.1084,0.006669,7.87,-0.0081,0.000213,25.1,23.76587,86.406547
2026-03-14 02:00:00,N10,0.0364,0.006344,8.44,-0.0081,6.7e-05,25.9,23.76587,86.406547
2026-03-14 03:00:00,N10,-0.0032,0.006426,2.28,-0.008,0.000408,27.1,23.76587,86.406547
2026-03-14 04:00:00,N10,-0.2047,0.007838,7.9,-0.0073,0.000353,28.6,23.76587,86.406547
2026-03-14 05:00:00,N10,0.3087,0.005438,6.42,-0.0073,0.000545,30.4,23.76587,86.406547
2026-03-14 06:00:00,N10,0.1701,0.006846,2.44,-0.0083,0.00043,32.4,23.76587,86.406547
2026-03-14 07:00:00,N10,0.1821,0.006053,7.94,-0.0082,0.000269,34.3,23.76587,86.406547
2026-03-14 08:00:00,N10,0.1462,0.00656,1.31,-0.0078,0.000222,36.1,23.76587,86.406547
2026-03-14 09:00:00,N10,0.0771,0.006055,7.78,-0.0077,0.000305,37.7,23.76587,86.406547
2026-03-14 10:00:00,N10,-0.0348,0.006254,6.94,-0.0072,9.9e-05,38.9,23.76587,86.406547
2026-03-14 11:00:00,N10,0.1978,0.007498,1.74,-0.0075,4.4e-05,39.6,23.76587,86.406547
2026-03-14 12:00:00,N10,0.0568,0.006011,4.8,-0.0071,0.008676,39.9,23.76587,86.406547
2026-03-14 13:00:00,N10,0.147,0.759662,35.23,0.0098,0.000555,39.6,23.76587,86.406547
2026-03-14 14:00:00,N10,,,,,,,23.76587,86.406547
2026-03-14 15:00:00,N10,,,,,,,23.76587,86.406547
2026-03-14 16:00:00,N10,,,,,,,23.76587,86.406547
2026-03-14 17:00:00,N10,,,,,,,23.76587,86.406547
2026-03-14 18:00:00,N10,,,,,,,23.76587,86.406547
2026-03-14 19:00:00,N10,-0.0278,0.005433,6.51,-0.0062,8.5e-05,30.4,23.76587,86.406547
2026-03-14 20:00:00,N10,-0.3608,0.007498,8.5,-0.0062,0.000617,28.6,23.76587,86.406547
2026-03-14 21:00:00,N10,0.2735,0.007677,1.14,-0.005,0.000387,27.1,23.76587,86.406547
2026-03-14 22:00:00,N10,0.0533,0.00699,8.0,-0.0055,1.2e-05,25.9,23.76587,86.406547
2026-03-14 23:00:00,N10,-0.0206,0.007597,7.09,-0.005,0.000578,25.1,23.76587,86.406547
2026-03-15 00:00:00,N10,-0.0215,0.005022,3.05,-0.0043,0.000432,24.7,23.76587,86.406547
2026-03-15 01:00:00,N10,-0.2315,0.007235,5.0,-0.0041,4.9e-05,24.9,23.76587,86.406547
2026-03-15 02:00:00,N10,,,,,,,23.76587,86.406547
2026-03-15 03:00:00,N10,,,,,,,23.76587,86.406547
2026-03-15 04:00:00,N10,,,,,,,23.76587,86.406547
2026-03-15 05:00:00,N10,,,,,,,23.76587,86.406547
2026-03-15 06:00:00,N10,0.1314,0.006239,2.56,-0.0043,0.000248,32.2,23.76587,86.406547
2026-03-15 07:00:00,N10,0.0699,0.005842,4.02,-0.0048,0.008151,34.1,23.76587,86.406547
2026-03-15 08:00:00,N10,0.0529,0.935108,42.53,0.012,0.000387,35.9,23.76587,86.406547
2026-03-15 09:00:00,N10,,,,,,,23.76587,86.406547
2026-03-15 10:00:00,N10,,,,,,,23.76587,86.406547
2026-03-15 11:00:00,N10,,,,,,,23.76587,86.406547
2026-03-15 12:00:00,N10,0.3245,0.723121,37.73,0.0055,0.004953,39.7,23.76587,86.406547
2026-03-15 13:00:00,N10,,,,,,,23.76587,86.406547
2026-03-15 14:00:00,N10,,,,,,,23.76587,86.406547
2026-03-15 15:00:00,N10,0.2938,0.007431,5.51,-0.0041,9.7e-05,37.5,23.76587,86.406547
2026-03-15 16:00:00,N10,,,,,,,23.76587,86.406547
2026-03-15 17:00:00,N10,0.2488,0.007355,6.93,-0.0033,0.000326,34.1,23.76587,86.406547
2026-03-15 18:00:00,N10,0.0629,0.006404,8.61,-0.0034,0.000102,32.2,23.76587,86.406547
2026-03-15 19:00:00,N10,0.0231,0.006486,6.11,-0.0035,0.00019,30.2,23.76587,86.406547
2026-03-15 20:00:00,N10,-0.0463,0.006646,9.22,-0.0038,0.000523,28.4,23.76587,86.406547
2026-03-15 21:00:00,N10,,,,,,,23.76587,86.406547
2026-03-15 22:00:00,N10,,,,,,,23.76587,86.406547
2026-03-15 23:00:00,N10,,,,,,,23.76587,86.406547
2026-03-16 00:00:00,N10,,,,,,,23.76587,86.406547
2026-03-16 01:00:00,N10,-0.0155,0.006209,7.34,-0.0026,1.6e-05,23.7,23.76587,86.406547
2026-03-16 02:00:00,N10,0.2944,0.007138,8.76,-0.0029,0.000153,24.4,23.76587,86.406547
2026-03-16 03:00:00,N10,,,,,,,23.76587,86.406547
2026-03-16 04:00:00,N10,,,,,,,23.76587,86.406547
2026-03-16 05:00:00,N10,,,,,,,23.76587,86.406547
2026-03-16 06:00:00,N10,,,,,,,23.76587,86.406547
2026-03-16 07:00:00,N10,,,,,,,23.76587,86.406547
2026-03-16 08:00:00,N10,-0.1264,0.005421,4.21,-0.0018,0.000158,34.7,23.76587,86.406547
2026-03-16 09:00:00,N10,-0.1127,0.005447,9.44,-0.0012,1.3e-05,36.2,23.76587,86.406547
2026-03-16 10:00:00,N10,0.163,0.00686,5.45,-0.0018,0.000548,37.4,23.76587,86.406547
2026-03-16 11:00:00,N10,0.1188,0.006197,4.51,-0.0023,7.9e-05,38.2,23.76587,86.406547
2026-03-16 12:00:00,N10,0.0258,0.006636,1.29,-0.0019,5.1e-05,38.4,23.76587,86.406547
2026-03-16 13:00:00,N10,,,,,,,23.76587,86.406547
2026-03-16 14:00:00,N10,,,,,,,23.76587,86.406547
2026-03-16 15:00:00,N10,,,,,,,23.76587,86.406547
2026-03-16 16:00:00,N10,,,,,,,23.76587,86.406547
2026-03-16 17:00:00,N10,,,,,,,23.76587,86.406547
2026-03-16 18:00:00,N10,,,,,,,23.76587,86.406547
2026-03-16 19:00:00,N10,-0.0639,0.005347,7.89,-0.002,0.009823,29.0,23.76587,86.406547
2026-03-16 20:00:00,N10,0.1329,0.005539,3.35,-0.0018,3.3e-05,27.2,23.76587,86.406547
2026-03-16 21:00:00,N10,0.0065,0.005389,6.7,-0.0021,0.000462,25.6,23.76587,86.406547
2026-03-16 22:00:00,N10,-0.1123,0.00515,7.16,-0.0028,0.000243,24.4,23.76587,86.406547
2026-03-16 23:00:00,N10,-0.2487,0.006223,1.88,-0.0025,0.000106,23.7,23.76587,86.406547
2026-03-17 00:00:00,N10,-0.2534,0.005055,6.57,-0.003,0.000289,25.9,23.76587,86.406547
2026-03-17 01:00:00,N10,,,,,,,23.76587,86.406547
2026-03-17 02:00:00,N10,0.0751,0.006434,7.85,-0.0031,0.00018,26.9,23.76587,86.406547
2026-03-17 03:00:00,N10,-0.1817,0.008055,9.39,-0.0028,0.000216,28.1,23.76587,86.406547
2026-03-17 04:00:00,N10,-0.004,0.007966,6.55,-0.0035,0.00015,29.6,23.76587,86.406547
2026-03-17 05:00:00,N10,-0.1129,0.007352,1.4,-0.0031,0.004226,31.4,23.76587,86.406547
2026-03-17 06:00:00,N10,-0.2028,0.64168,43.57,-0.012,0.003843,33.4,23.76587,86.406547
2026-03-17 07:00:00,N10,0.0958,0.68091,33.92,-0.0108,0.005152,35.3,23.76587,86.406547
2026-03-17 08:00:00,N10,-0.0332,0.005209,9.5,-0.0017,0.004265,37.1,23.76587,86.406547
2026-03-17 09:00:00,N10,-0.0567,0.637242,20.18,-0.0022,0.003156,38.7,23.76587,86.406547
2026-03-17 10:00:00,N10,0.288,0.616301,35.96,-0.008,0.000842,39.9,23.76587,86.406547
2026-03-17 11:00:00,N10,0.0017,0.005944,6.73,-0.0005,0.003768,40.6,23.76587,86.406547
2026-03-17 12:00:00,N10,-0.2651,0.006481,7.53,-0.0004,0.000132,40.9,23.76587,86.406547
2026-03-17 13:00:00,N10,0.1142,0.006298,6.31,-0.0003,0.000161,40.6,23.76587,86.406547
2026-03-17 14:00:00,N10,,,,,,,23.76587,86.406547
2026-03-17 15:00:00,N10,,,,,,,23.76587,86.406547
2026-03-17 16:00:00,N10,,,,,,,23.76587,86.406547
2026-03-17 17:00:00,N10,,,,,,,23.76587,86.406547
2026-03-17 18:00:00,N10,,,,,,,23.76587,86.406547
2026-03-17 19:00:00,N10,,,,,,,23.76587,86.406547
2026-03-17 20:00:00,N10,-0.0878,0.007586,2.36,-0.0005,1.4e-05,29.6,23.76587,86.406547
2026-03-17 21:00:00,N10,-0.1551,0.005923,6.11,-0.0009,5.6e-05,28.1,23.76587,86.406547
2026-03-17 22:00:00,N10,,,,,,,23.76587,86.406547
2026-03-17 23:00:00,N10,,,,,,,23.76587,86.406547
2026-03-18 00:00:00,N10,,,,,,,23.76587,86.406547
2026-03-18 01:00:00,N10,,,,,,,23.76587,86.406547
2026-03-18 02:00:00,N10,,,,,,,23.76587,86.406547
2026-03-18 03:00:00,N10,0.1057,0.005559,2.38,-0.0007,0.000319,25.5,23.76587,86.406547
2026-03-18 04:00:00,N10,0.0473,0.007206,4.64,-0.0007,3.8e-05,27.0,23.76587,86.406547
2026-03-18 05:00:00,N10,0.0787,0.005983,7.55,-0.0007,0.000105,28.9,23.76587,86.406547
2026-03-18 06:00:00,N10,0.0251,0.005942,4.11,-0.0009,0.009826,30.8,23.76587,86.406547
2026-03-18 07:00:00,N10,-0.038,0.819119,47.65,-0.0204,0.010053,32.7,23.76587,86.406547
2026-03-18 08:00:00,N10,0.0661,0.524024,36.62,-0.0211,0.009485,34.5,23.76587,86.406547
2026-03-18 09:00:00,N10,,,,,,,23.76587,86.406547
2026-03-18 10:00:00,N10,,,,,,,23.76587,86.406547
2026-03-18 11:00:00,N10,,,,,,,23.76587,86.406547
2026-03-18 12:00:00,N10,,,,,,,23.76587,86.406547
2026-03-18 13:00:00,N10,0.0426,0.771349,49.17,-0.0099,0.004497,38.0,23.76587,86.406547
2026-03-18 14:00:00,N10,0.2765,0.00678,3.75,-0.0009,0.00447,37.3,23.76587,86.406547
2026-03-18 15:00:00,N10,-0.1097,0.005513,2.28,-0.0009,0.000135,36.1,23.76587,86.406547
2026-03-18 16:00:00,N10,0.2195,0.006891,1.42,-0.0007,0.000401,34.5,23.76587,86.406547
2026-03-18 17:00:00,N10,0.3405,0.005329,5.22,-0.0001,1.7e-05,32.7,23.76587,86.406547
2026-03-18 18:00:00,N10,0.2025,0.005559,6.52,-0.0006,0.000238,30.8,23.76587,86.406547
2026-03-18 19:00:00,N10,,,,,,,23.76587,86.406547
2026-03-18 20:00:00,N10,,,,,,,23.76587,86.406547
2026-03-18 21:00:00,N10,,,,,,,23.76587,86.406547
2026-03-18 22:00:00,N10,,,,,,,23.76587,86.406547
2026-03-18 23:00:00,N10,,,,,,,23.76587,86.406547
2026-03-19 00:00:00,N10,-0.0626,0.00597,4.76,0.0008,0.000146,26.3,23.76587,86.406547
2026-03-19 01:00:00,N10,-0.0235,0.00707,2.39,0.0008,0.000128,26.6,23.76587,86.406547
2026-03-19 02:00:00,N10,,,,,,,23.76587,86.406547
2026-03-19 03:00:00,N10,-0.0157,0.008217,7.86,0.0008,0.000152,28.5,23.76587,86.406547
2026-03-19 04:00:00,N10,-0.1935,0.005693,3.01,0.0009,9e-05,30.1,23.76587,86.406547
2026-03-19 05:00:00,N10,-0.0261,0.005653,6.6,0.0009,0.000348,31.9,23.76587,86.406547
2026-03-19 06:00:00,N10,,,,,,,23.76587,86.406547
2026-03-19 07:00:00,N10,,,,,,,23.76587,86.406547
2026-03-19 08:00:00,N10,,,,,,,23.76587,86.406547
2026-03-19 09:00:00,N10,,,,,,,23.76587,86.406547
2026-03-19 10:00:00,N10,-0.2163,0.808663,26.71,0.0101,0.000419,40.3,23.76587,86.406547
2026-03-19 11:00:00,N10,,,,,,,23.76587,86.406547
2026-03-19 12:00:00,N10,-0.2393,0.005818,9.78,-0.0014,0.00876,41.3,23.76587,86.406547
2026-03-19 13:00:00,N10,-0.2181,0.994979,15.81,0.0166,0.000559,41.1,23.76587,86.406547
2026-03-19 14:00:00,N10,,,,,,,23.76587,86.406547
2026-03-19 15:00:00,N10,,,,,,,23.76587,86.406547
2026-03-19 16:00:00,N10,-0.1535,0.005601,6.12,-0.0001,0.003477,37.6,23.76587,86.406547
2026-03-19 17:00:00,N10,-0.229,0.008575,1.85,-0.0001,0.000101,35.8,23.76587,86.406547
2026-03-19 18:00:00,N10,-0.1331,0.007565,2.3,0.0001,0.000163,33.8,23.76587,86.406547
2026-03-19 19:00:00,N10,-0.2313,0.006789,7.83,0.0002,4.5e-05,31.9,23.76587,86.406547
2026-03-19 20:00:00,N10,-0.0445,0.005888,1.34,0.0002,0.00036,30.1,23.76587,86.406547
2026-03-19 21:00:00,N10,-0.0095,0.006805,1.41,0.0009,0.000362,28.5,23.76587,86.406547
2026-03-19 22:00:00,N10,-0.1147,0.007837,8.54,0.0009,0.000434,27.3,23.76587,86.406547
2026-03-19 23:00:00,N10,0.1846,0.00757,7.0,0.0018,0.000464,26.6,23.76587,86.406547
2026-03-20 00:00:00,N10,-0.0223,0.006238,2.67,0.0019,3.1e-05,27.2,23.76587,86.406547
2026-03-20 01:00:00,N10,-0.3548,0.009683,9.59,0.0019,7.3e-05,27.4,23.76587,86.406547
2026-03-20 02:00:00,N10,0.206,0.007206,8.59,0.0017,0.000299,28.2,23.76587,86.406547
2026-03-20 03:00:00,N10,0.101,0.007704,3.02,0.0013,0.000353,29.4,23.76587,86.406547
2026-03-20 04:00:00,N10,0.2392,0.005417,5.43,0.001,6.7e-05,30.9,23.76587,86.406547
2026-03-20 05:00:00,N10,-0.0472,0.007537,2.28,0.0011,0.0001,32.7,23.76587,86.406547
2026-03-20 06:00:00,N10,0.1292,0.005835,1.41,0.0012,1e-06,34.7,23.76587,86.406547
2026-03-20 07:00:00,N10,-0.1568,0.005521,2.64,0.0011,0.000214,36.6,23.76587,86.406547
2026-03-20 08:00:00,N10,,,,,,,23.76587,86.406547
2026-03-20 09:00:00,N10,,,,,,,23.76587,86.406547
2026-03-20 10:00:00,N10,,,,,,,23.76587,86.406547
2026-03-20 11:00:00,N10,,,,,,,23.76587,86.406547
2026-03-20 12:00:00,N10,,,,,,,23.76587,86.406547
2026-03-20 13:00:00,N10,0.2044,0.00732,5.31,0.003,0.000439,41.9,23.76587,86.406547
2026-03-20 14:00:00,N10,-0.0661,0.007394,8.94,0.0021,0.00095,41.2,23.76587,86.406547
2026-03-20 15:00:00,N10,0.0,0.00583,7.08,0.0011,0.000442,40.0,23.76587,86.406547
2026-03-20 16:00:00,N10,-0.1126,0.007912,9.3,0.0012,0.000379,38.4,23.76587,86.406547
2026-03-20 17:00:00,N10,-0.5958,0.005924,3.03,0.0003,0.000668,36.6,23.76587,86.406547
2026-03-20 18:00:00,N10,-0.0125,0.006244,9.31,-0.0002,0.00022,34.7,23.76587,86.406547
2026-03-20 19:00:00,N10,0.0895,0.007984,9.69,-0.0001,2.9e-05,32.7,23.76587,86.406547
2026-03-20 20:00:00,N10,-0.13,0.006558,7.18,-0.0001,0.000501,30.9,23.76587,86.406547
2026-03-20 21:00:00,N10,-0.0758,0.006036,8.81,-0.0011,0.000791,29.4,23.76587,86.406547
2026-03-20 22:00:00,N10,0.2781,0.006734,6.13,-0.0017,0.0005,28.2,23.76587,86.406547
2026-03-20 23:00:00,N10,-0.1607,0.005614,3.05,-0.0021,4.8e-05,27.4,23.76587,86.406547
2026-03-21 00:00:00,N10,0.1549,0.005407,8.74,-0.0018,0.000211,25.7,23.76587,86.406547
2026-03-21 01:00:00,N10,,,,,,,23.76587,86.406547
2026-03-21 02:00:00,N10,,,,,,,23.76587,86.406547
2026-03-21 03:00:00,N10,,,,,,,23.76587,86.406547
2026-03-21 04:00:00,N10,,,,,,,23.76587,86.406547
2026-03-21 05:00:00,N10,-0.0293,0.00609,1.82,-0.0005,0.000273,31.3,23.76587,86.406547
2026-03-21 06:00:00,N10,-0.055,0.006464,6.76,0.0001,0.004702,33.2,23.76587,86.406547
2026-03-21 07:00:00,N10,-0.0332,0.748907,46.57,-0.0099,0.005586,35.2,23.76587,86.406547
2026-03-21 08:00:00,N10,,,,,,,23.76587,86.406547
2026-03-21 09:00:00,N10,,,,,,,23.76587,86.406547
2026-03-21 10:00:00,N10,,,,,,,23.76587,86.406547
2026-03-21 11:00:00,N10,,,,,,,23.76587,86.406547
2026-03-21 12:00:00,N10,,,,,,,23.76587,86.406547
2026-03-21 13:00:00,N10,-0.1883,0.005649,3.69,-0.0021,2.2e-05,40.5,23.76587,86.406547
2026-03-21 14:00:00,N10,0.1835,0.005329,6.48,-0.0027,0.000352,39.7,23.76587,86.406547
2026-03-21 15:00:00,N10,0.1396,0.007726,9.56,-0.0028,0.000464,38.5,23.76587,86.406547
2026-03-21 16:00:00,N10,0.105,0.006232,2.65,-0.0017,0.000656,37.0,23.76587,86.406547
2026-03-21 17:00:00,N10,0.061,0.005003,3.28,-0.0015,0.00013,35.2,23.76587,86.406547
2026-03-21 18:00:00,N10,,,,,,,23.76587,86.406547
2026-03-21 19:00:00,N10,,,,,,,23.76587,86.406547
2026-03-21 20:00:00,N10,,,,,,,23.76587,86.406547
2026-03-21 21:00:00,N10,,,,,,,23.76587,86.406547
2026-03-21 22:00:00,N10,,,,,,,23.76587,86.406547
2026-03-21 23:00:00,N10,-0.146,0.006588,8.75,0.0006,0.000165,26.0,23.76587,86.406547
2026-03-22 00:00:00,N10,-0.0459,0.005446,4.79,0.0002,0.000385,24.4,23.76587,86.406547
2026-03-22 01:00:00,N10,-0.0487,0.005329,6.43,-0.0001,0.000173,24.7,23.76587,86.406547
2026-03-22 02:00:00,N10,-0.0167,0.007246,4.44,0.0005,0.000612,25.4,23.76587,86.406547
2026-03-22 03:00:00,N10,,,,,,,23.76587,86.406547
2026-03-22 04:00:00,N10,,,,,,,23.76587,86.406547
2026-03-22 05:00:00,N10,,,,,,,23.76587,86.406547
2026-03-22 06:00:00,N10,,,,,,,23.76587,86.406547
2026-03-22 07:00:00,N10,-0.1115,0.006265,1.5,-0.0003,9.3e-05,33.9,23.76587,86.406547
2026-03-22 08:00:00,N10,0.1093,0.006952,6.04,0.0001,0.000389,35.7,23.76587,86.406547
2026-03-22 09:00:00,N10,0.0708,0.006773,3.85,0.0005,0.000468,37.2,23.76587,86.406547
2026-03-22 10:00:00,N10,0.0514,0.006442,9.04,0.0011,0.00024,38.4,23.76587,86.406547
2026-03-22 11:00:00,N10,,,,,,,23.76587,86.406547
2026-03-22 12:00:00,N10,,,,,,,23.76587,86.406547
2026-03-22 13:00:00,N10,,,,,,,23.76587,86.406547
2026-03-22 14:00:00,N10,,,,,,,23.76587,86.406547
2026-03-22 15:00:00,N10,-0.0974,0.005211,6.33,-0.0002,0.011417,37.2,23.76587,86.406547
2026-03-22 16:00:00,N10,0.131,0.955267,37.57,0.0125,0.006322,35.7,23.76587,86.406547
2026-03-22 17:00:00,N10,0.1691,0.720993,45.66,0.0125,0.006447,33.9,23.76587,86.406547
2026-03-22 18:00:00,N10,0.0956,0.005811,7.01,-0.0004,0.006391,31.9,23.76587,86.406547
2026-03-22 19:00:00,N10,-0.0761,0.007989,3.15,-0.0003,0.00025,30.0,23.76587,86.406547
2026-03-22 20:00:00,N10,-0.3232,0.008765,4.67,0.0001,0.00055,28.2,23.76587,86.406547
2026-03-22 21:00:00,N10,-0.1949,0.005754,6.67,0.0008,8.9e-05,26.6,23.76587,86.406547
2026-03-22 22:00:00,N10,-0.1754,0.007523,9.62,0.0003,0.000256,25.4,23.76587,86.406547
2026-03-22 23:00:00,N10,0.1995,0.006609,7.66,0.0003,0.00022,24.7,23.76587,86.406547
2026-03-23 00:00:00,N10,0.0334,0.00571,3.3,0.0007,0.000215,25.9,23.76587,86.406547
2026-03-23 01:00:00,N10,0.0177,0.010373,3.05,0.0007,0.000429,26.2,23.76587,86.406547
2026-03-23 02:00:00,N10,-0.1678,0.00527,9.5,0.0016,0.00066,26.9,23.76587,86.406547
2026-03-23 03:00:00,N10,-0.0443,0.00533,7.77,0.002,0.000368,28.1,23.76587,86.406547
2026-03-23 04:00:00,N10,0.0522,0.005579,9.67,0.0009,0.000386,29.7,23.76587,86.406547
2026-03-23 05:00:00,N10,,,,,,,23.76587,86.406547
2026-03-23 06:00:00,N10,,,,,,,23.76587,86.406547
2026-03-23 07:00:00,N10,0.0246,0.542096,41.99,-0.0079,0.000538,35.3,23.76587,86.406547
2026-03-23 08:00:00,N10,,,,,,,23.76587,86.406547
2026-03-23 09:00:00,N10,-0.0834,0.006509,4.37,0.0012,9.3e-05,38.7,23.76587,86.406547
2026-03-23 10:00:00,N10,0.1596,0.00718,2.88,0.001,0.007505,39.9,23.76587,86.406547
2026-03-23 11:00:00,N10,0.0937,0.785901,49.17,0.0162,0.000461,40.7,23.76587,86.406547
2026-03-23 12:00:00,N10,-0.0927,0.0079,6.17,0.0001,0.008229,40.9,23.76587,86.406547
2026-03-23 13:00:00,N10,0.1859,0.006934,5.92,-0.0003,0.004748,40.7,23.76587,86.406547
2026-03-23 14:00:00,N10,0.1913,0.820836,21.96,-0.0094,0.000211,39.9,23.76587,86.406547
2026-03-23 15:00:00,N10,-0.1909,0.006223,4.7,0.0002,0.005242,38.7,23.76587,86.406547
2026-03-23 16:00:00,N10,0.0486,0.005459,4.14,0.001,0.000633,37.2,23.76587,86.406547
2026-03-23 17:00:00,N10,0.0316,0.006415,2.73,0.0014,0.000149,35.3,23.76587,86.406547
2026-03-23 18:00:00,N10,0.0864,0.005087,3.14,0.0013,5e-05,33.4,23.76587,86.406547
2026-03-23 19:00:00,N10,0.3092,0.006132,9.98,0.0015,0.000344,31.5,23.76587,86.406547
2026-03-23 20:00:00,N10,-0.1217,0.007785,7.13,0.002,0.000227,29.7,23.76587,86.406547
2026-03-23 21:00:00,N10,-0.1832,0.006979,5.07,0.002,0.000276,28.1,23.76587,86.406547
2026-03-23 22:00:00,N10,0.1333,0.005716,7.39,0.0015,0.000319,26.9,23.76587,86.406547
2026-03-23 23:00:00,N10,0.0894,0.006104,1.5,0.0013,0.000221,26.2,23.76587,86.406547
2026-03-24 00:00:00,N10,-0.3409,0.006389,8.76,0.001,0.00022,24.4,23.76587,86.406547
2026-03-24 01:00:00,N10,0.0867,0.006388,2.46,0.0009,0.000537,24.6,23.76587,86.406547
2026-03-24 02:00:00,N10,-0.3089,0.005733,2.4,-0.0,0.000122,25.4,23.76587,86.406547
2026-03-24 03:00:00,N10,0.053,0.006906,1.88,0.0007,0.000451,26.6,23.76587,86.406547
2026-03-24 04:00:00,N10,0.2997,0.006646,7.42,0.0009,0.000526,28.1,23.76587,86.406547
2026-03-24 05:00:00,N10,-0.0576,0.006715,6.64,-0.0004,0.000657,29.9,23.76587,86.406547
2026-03-24 06:00:00,N10,-0.0682,0.006248,3.39,-0.0004,0.000535,31.9,23.76587,86.406547
2026-03-24 07:00:00,N10,0.1523,0.005992,5.44,0.0007,0.004742,33.8,23.76587,86.406547
2026-03-24 08:00:00,N10,0.2314,0.628695,36.92,-0.0099,0.000337,35.6,23.76587,86.406547
2026-03-24 09:00:00,N10,0.057,0.005763,3.69,0.0,0.005179,37.2,23.76587,86.406547
2026-03-24 10:00:00,N10,,,,,,,23.76587,86.406547
2026-03-24 11:00:00,N10,,,,,,,23.76587,86.406547
2026-03-24 12:00:00,N10,,,,,,,23.76587,86.406547
2026-03-24 13:00:00,N10,,,,,,,23.76587,86.406547
2026-03-24 14:00:00,N10,,,,,,,23.76587,86.406547
2026-03-24 15:00:00,N10,,,,,,,23.76587,86.406547
2026-03-24 16:00:00,N10,,,,,,,23.76587,86.406547
2026-03-24 17:00:00,N10,,,,,,,23.76587,86.406547
2026-03-24 18:00:00,N10,0.0222,0.006698,9.74,-0.0006,0.000154,31.9,23.76587,86.406547
2026-03-24 19:00:00,N10,-0.0086,0.007393,2.24,-0.0005,2.7e-05,29.9,23.76587,86.406547
2026-03-24 20:00:00,N10,0.0671,0.006945,7.69,-0.0007,4.6e-05,28.1,23.76587,86.406547
2026-03-24 21:00:00,N10,0.0812,0.006593,7.02,-0.0006,0.0005,26.6,23.76587,86.406547
2026-03-24 22:00:00,N10,-0.0801,0.005702,9.14,-0.0017,0.000169,25.4,23.76587,86.406547
2026-03-24 23:00:00,N10,0.1172,0.006243,4.5,-0.001,0.000405,24.6,23.76587,86.406547
2026-03-25 00:00:00,N10,0.0938,0.008902,8.97,-0.0009,0.000277,26.9,23.76587,86.406547
2026-03-25 01:00:00,N10,-0.0345,0.005941,6.55,-0.0004,0.000127,27.1,23.76587,86.406547
2026-03-25 02:00:00,N10,-0.0624,0.005804,8.95,-0.0006,0.000125,27.9,23.76587,86.406547
2026-03-25 03:00:00,N10,0.1271,0.00606,7.83,-0.0007,0.000339,29.1,23.76587,86.406547
2026-03-25 04:00:00,N10,-0.0884,0.008878,7.23,0.0001,7.7e-05,30.6,23.76587,86.406547
2026-03-25 05:00:00,N10,-0.0453,0.005047,2.11,-0.0005,2.3e-05,32.4,23.76587,86.406547
2026-03-25 06:00:00,N10,0.1682,0.00649,3.36,0.0,0.002658,34.4,23.76587,86.406547
2026-03-25 07:00:00,N10,0.0754,0.940793,46.08,-0.0058,0.000801,36.3,23.76587,86.406547
2026-03-25 08:00:00,N10,,,,,,,23.76587,86.406547
2026-03-25 09:00:00,N10,,,,,,,23.76587,86.406547
2026-03-25 10:00:00,N10,,,,,,,23.76587,86.406547
2026-03-25 11:00:00,N10,,,,,,,23.76587,86.406547
2026-03-25 12:00:00,N10,0.1573,0.008485,5.72,0.0014,0.009955,41.9,23.76587,86.406547
2026-03-25 13:00:00,N10,0.0718,0.005844,4.97,0.0021,0.000107,41.6,23.76587,86.406547
2026-03-25 14:00:00,N10,-0.0795,0.007995,7.25,0.0017,0.000183,40.9,23.76587,86.406547
2026-03-25 15:00:00,N10,0.1871,0.005114,7.05,0.0017,0.000186,39.7,23.76587,86.406547
2026-03-25 16:00:00,N10,-0.3055,0.006495,8.91,0.002,0.000287,38.1,23.76587,86.406547
2026-03-25 17:00:00,N10,0.1507,0.008174,9.21,0.0023,7.1e-05,36.3,23.76587,86.406547
2026-03-25 18:00:00,N10,0.0037,0.007388,5.94,0.0022,1e-06,34.4,23.76587,86.406547
2026-03-25 19:00:00,N10,0.0787,0.007187,5.7,0.0023,0.000194,32.4,23.76587,86.406547
2026-03-25 20:00:00,N10,-0.1379,0.006218,1.22,0.0018,0.000443,30.6,23.76587,86.406547
2026-03-25 21:00:00,N10,0.0216,0.006289,9.81,0.0014,0.000276,29.1,23.76587,86.406547
2026-03-25 22:00:00,N10,-0.1944,0.00929,8.73,0.0012,3.7e-05,27.9,23.76587,86.406547
2026-03-25 23:00:00,N10,-0.2305,0.006163,2.15,0.0015,0.000241,27.1,23.76587,86.406547
2026-03-26 00:00:00,N10,,,,,,,23.76587,86.406547
2026-03-26 01:00:00,N10,0.09,0.008874,7.72,0.0022,0.000114,21.6,23.76587,86.406547
2026-03-26 02:00:00,N10,0.0149,0.005634,7.38,0.0015,8.1e-05,22.3,23.76587,86.406547
2026-03-26 03:00:00,N10,0.2055,0.005797,8.8,0.002,0.000339,23.5,23.76587,86.406547
2026-03-26 04:00:00,N10,-0.0827,0.005202,1.97,0.0022,0.000145,25.1,23.76587,86.406547
2026-03-26 05:00:00,N10,0.1949,0.008675,1.37,0.0023,2.7e-05,26.9,23.76587,86.406547
2026-03-26 06:00:00,N10,0.0022,0.006826,3.73,0.0022,4.4e-05,28.8,23.76587,86.406547
2026-03-26 07:00:00,N10,0.0081,0.006973,1.85,0.0024,0.000343,30.8,23.76587,86.406547
2026-03-26 08:00:00,N10,0.2229,0.005743,4.37,0.0015,0.001036,32.6,23.76587,86.406547
2026-03-26 09:00:00,N10,0.0445,0.006093,1.03,0.0003,0.003009,34.1,23.76587,86.406547
2026-03-26 10:00:00,N10,-0.0512,0.807006,38.3,0.0076,0.003803,35.3,23.76587,86.406547
2026-03-26 11:00:00,N10,,,,,,,23.76587,86.406547
2026-03-26 12:00:00,N10,,,,,,,23.76587,86.406547
2026-03-26 13:00:00,N10,,,,,,,23.76587,86.406547
2026-03-26 14:00:00,N10,,,,,,,23.76587,86.406547
2026-03-26 15:00:00,N10,-0.0067,0.006729,2.69,0.0017,0.000242,34.1,23.76587,86.406547
2026-03-26 16:00:00,N10,0.0054,0.005553,1.92,0.0014,0.000199,32.6,23.76587,86.406547
2026-03-26 17:00:00,N10,0.0109,0.006312,3.81,0.0013,0.000421,30.8,23.76587,86.406547
2026-03-26 18:00:00,N10,0.1738,0.007537,8.0,0.0023,0.000534,28.8,23.76587,86.406547
2026-03-26 19:00:00,N10,-0.1148,0.00706,6.44,0.0023,1.6e-05,26.9,23.76587,86.406547
2026-03-26 20:00:00,N10,0.0927,0.005998,8.13,0.0023,0.000503,25.1,23.76587,86.406547
2026-03-26 21:00:00,N10,-0.3832,0.010245,8.8,0.0033,0.000463,23.5,23.76587,86.406547
2026-03-26 22:00:00,N10,-0.0939,0.00604,2.57,0.0032,0.000156,22.3,23.76587,86.406547
2026-03-26 23:00:00,N10,-0.0684,0.006058,9.36,0.003,0.000577,21.6,23.76587,86.406547
2026-03-27 00:00:00,N10,-0.1154,0.008631,1.22,0.0021,0.000453,24.3,23.76587,86.406547
2026-03-27 01:00:00,N10,0.1357,0.007668,1.12,0.0021,7.6e-05,24.6,23.76587,86.406547
2026-03-27 02:00:00,N10,0.0429,0.006337,4.09,0.0019,8.2e-05,25.3,23.76587,86.406547
2026-03-27 03:00:00,N10,-0.2273,0.006118,5.02,0.0019,0.000435,26.5,23.76587,86.406547
2026-03-27 04:00:00,N10,-0.2232,0.005267,7.33,0.0011,0.000396,28.1,23.76587,86.406547
2026-03-27 05:00:00,N10,0.0035,0.006073,6.11,0.0012,0.000225,29.9,23.76587,86.406547
2026-03-27 06:00:00,N10,0.143,0.005506,4.46,0.0015,0.000426,31.8,23.76587,86.406547
2026-03-27 07:00:00,N10,,,,,,,23.76587,86.406547
2026-03-27 08:00:00,N10,0.1836,0.00565,6.25,0.0021,0.000127,35.6,23.76587,86.406547
2026-03-27 09:00:00,N10,,,,,,,23.76587,86.406547
2026-03-27 10:00:00,N10,,,,,,,23.76587,86.406547
2026-03-27 11:00:00,N10,,,,,,,23.76587,86.406547
2026-03-27 12:00:00,N10,,,,,,,23.76587,86.406547
2026-03-27 13:00:00,N10,,,,,,,23.76587,86.406547
2026-03-27 14:00:00,N10,-0.0184,0.725484,33.05,0.0229,0.000224,38.3,23.76587,86.406547
2026-03-27 15:00:00,N10,,,,,,,23.76587,86.406547
2026-03-27 16:00:00,N10,0.0766,0.945239,19.65,-0.0148,0.000652,35.6,23.76587,86.406547
2026-03-27 17:00:00,N10,0.0446,0.00542,9.57,0.0049,0.009695,33.8,23.76587,86.406547
2026-03-27 18:00:00,N10,-0.1962,0.006507,2.95,0.0046,0.000107,31.8,23.76587,86.406547
2026-03-27 19:00:00,N10,-0.1315,0.006851,3.26,0.0046,3.5e-05,29.9,23.76587,86.406547
2026-03-27 20:00:00,N10,,,,,,,23.76587,86.406547
2026-03-27 21:00:00,N10,,,,,,,23.76587,86.406547
2026-03-27 22:00:00,N10,,,,,,,23.76587,86.406547
2026-03-27 23:00:00,N10,,,,,,,23.76587,86.406547
2026-03-28 00:00:00,N10,,,,,,,23.76587,86.406547
2026-03-28 01:00:00,N10,0.0333,0.00725,2.95,0.0044,0.000521,21.3,23.76587,86.406547
2026-03-28 02:00:00,N10,0.0352,0.007749,7.79,0.0044,0.000183,22.0,23.76587,86.406547
2026-03-28 03:00:00,N10,0.0443,0.006204,4.87,0.004,3.9e-05,23.2,23.76587,86.406547
2026-03-28 04:00:00,N10,-0.1755,0.008405,3.63,0.0043,0.000242,24.8,23.76587,86.406547
2026-03-28 05:00:00,N10,,,,,,,23.76587,86.406547
2026-03-28 06:00:00,N10,0.4058,0.006876,1.94,0.0033,0.000428,28.5,23.76587,86.406547
2026-03-28 07:00:00,N10,-0.1755,0.006991,3.76,0.0044,0.000596,30.5,23.76587,86.406547
2026-03-28 08:00:00,N10,-0.0087,0.008174,8.65,0.0045,3e-05,32.3,23.76587,86.406547
2026-03-28 09:00:00,N10,-0.1248,0.007599,1.63,0.0044,0.000149,33.8,23.76587,86.406547
2026-03-28 10:00:00,N10,0.3152,0.006829,1.22,0.0042,1.3e-05,35.0,23.76587,86.406547
2026-03-28 11:00:00,N10,0.0604,0.007472,6.7,0.0044,0.000144,35.8,23.76587,86.406547
2026-03-28 12:00:00,N10,,,,,,,23.76587,86.406547
2026-03-28 13:00:00,N10,0.0545,0.007519,6.2,0.004,0.000182,35.8,23.76587,86.406547
2026-03-28 14:00:00,N10,-0.1057,0.006175,8.62,0.0035,0.003308,35.0,23.76587,86.406547
2026-03-28 15:00:00,N10,0.1456,0.833063,41.85,-0.0026,0.002807,33.8,23.76587,86.406547
2026-03-28 16:00:00,N10,0.1286,0.718289,18.99,-0.0021,0.003548,32.3,23.76587,86.406547
2026-03-28 17:00:00,N10,,,,,,,23.76587,86.406547
2026-03-28 18:00:00,N10,,,,,,,23.76587,86.406547
2026-03-28 19:00:00,N10,,,,,,,23.76587,86.406547
2026-03-28 20:00:00,N10,-0.0081,0.006224,8.54,0.0044,0.000273,24.8,23.76587,86.406547
2026-03-28 21:00:00,N10,,,,,,,23.76587,86.406547
2026-03-28 22:00:00,N10,,,,,,,23.76587,86.406547
2026-03-28 23:00:00,N10,,,,,,,23.76587,86.406547
2026-03-29 00:00:00,N10,,,,,,,23.76587,86.406547
2026-03-29 01:00:00,N10,,,,,,,23.76587,86.406547
2026-03-29 02:00:00,N10,0.1929,0.008508,8.93,0.0035,5e-05,23.0,23.76587,86.406547
2026-03-29 03:00:00,N10,-0.139,0.006521,1.16,0.0038,0.000125,24.2,23.76587,86.406547
2026-03-29 04:00:00,N10,0.1154,0.007416,4.16,0.0038,0.000129,25.8,23.76587,86.406547
2026-03-29 05:00:00,N10,-0.1692,0.007056,8.59,0.0035,0.000101,27.6,23.76587,86.406547
2026-03-29 06:00:00,N10,0.2556,0.005964,7.91,0.0036,5.6e-05,29.5,23.76587,86.406547
2026-03-29 07:00:00,N10,-0.0843,0.007983,3.32,0.0036,3.9e-05,31.5,23.76587,86.406547
2026-03-29 08:00:00,N10,0.0409,0.006107,5.34,0.0036,0.000473,33.3,23.76587,86.406547
2026-03-29 09:00:00,N10,-0.1279,0.006786,4.98,0.0027,0.000149,34.8,23.76587,86.406547
2026-03-29 10:00:00,N10,0.1054,0.00654,8.39,0.0033,0.000236,36.0,23.76587,86.406547
2026-03-29 11:00:00,N10,-0.0334,0.006115,7.51,0.0022,0.000881,36.8,23.76587,86.406547
2026-03-29 12:00:00,N10,-0.0876,0.005134,1.63,0.0016,0.000235,37.0,23.76587,86.406547
2026-03-29 13:00:00,N10,-0.0388,0.007408,2.87,0.0017,1.5e-05,36.8,23.76587,86.406547
2026-03-29 14:00:00,N10,-0.0779,0.007741,7.36,0.0015,0.007917,36.0,23.76587,86.406547
2026-03-29 15:00:00,N10,-0.0688,0.554341,18.58,-0.0141,0.000238,34.8,23.76587,86.406547
2026-03-29 16:00:00,N10,-0.1995,0.005529,8.43,0.0011,0.007509,33.3,23.76587,86.406547
2026-03-29 17:00:00,N10,-0.0098,0.00788,9.17,0.0009,8e-06,31.5,23.76587,86.406547
2026-03-29 18:00:00,N10,0.1434,0.006763,2.01,0.0011,0.000149,29.5,23.76587,86.406547
2026-03-29 19:00:00,N10,0.0383,0.008968,5.98,0.0012,0.000268,27.6,23.76587,86.406547
2026-03-29 20:00:00,N10,0.0995,0.007061,8.17,0.0016,0.000221,25.8,23.76587,86.406547
2026-03-29 21:00:00,N10,0.0022,0.00534,3.27,0.0017,0.000172,24.2,23.76587,86.406547
2026-03-29 22:00:00,N10,0.0548,0.005595,3.33,0.0012,4.2e-05,23.0,23.76587,86.406547
2026-03-29 23:00:00,N10,0.329,0.006675,2.09,0.0016,0.000382,22.3,23.76587,86.406547
2026-03-30 00:00:00,N10,-0.0351,0.007018,5.86,0.002,0.000379,27.7,23.76587,86.406547
2026-03-30 01:00:00,N10,,,,,,,23.76587,86.406547
2026-03-30 02:00:00,N10,,,,,,,23.76587,86.406547
2026-03-30 03:00:00,N10,,,,,,,23.76587,86.406547
2026-03-30 04:00:00,N10,-0.0916,0.005979,2.86,0.0012,0.000461,31.5,23.76587,86.406547
2026-03-30 05:00:00,N10,0.1172,0.007087,9.28,0.001,0.005149,33.3,23.76587,86.406547
2026-03-30 06:00:00,N10,-0.0035,0.95652,47.16,0.0115,0.000521,35.2,23.76587,86.406547
2026-03-30 07:00:00,N10,,,,,,,23.76587,86.406547
2026-03-30 08:00:00,N10,0.0631,0.006029,8.33,0.0028,0.000147,39.0,23.76587,86.406547
2026-03-30 09:00:00,N10,0.1222,0.007011,7.62,0.0023,0.000257,40.5,23.76587,86.406547
2026-03-30 10:00:00,N10,-0.1552,0.006584,5.09,0.0022,0.000113,41.7,23.76587,86.406547
2026-03-30 11:00:00,N10,0.2168,0.005925,5.22,0.0021,0.000416,42.5,23.76587,86.406547
2026-03-30 12:00:00,N10,0.1368,0.007301,2.06,0.0014,0.000236,42.7,23.76587,86.406547
2026-03-30 13:00:00,N10,0.1187,0.007656,2.89,0.0017,0.002441,42.5,23.76587,86.406547
2026-03-30 14:00:00,N10,0.1712,0.788623,39.37,-0.0035,0.00314,41.7,23.76587,86.406547
2026-03-30 15:00:00,N10,0.0136,0.699377,26.66,0.0079,0.001907,40.5,23.76587,86.406547
2026-03-30 16:00:00,N10,0.3522,0.005923,9.48,0.0003,0.003617,39.0,23.76587,86.406547
2026-03-30 17:00:00,N10,0.0148,0.006463,1.6,0.0007,0.000114,37.2,23.76587,86.406547
2026-03-30 18:00:00,N10,0.0528,0.006653,9.67,0.0006,0.000192,35.2,23.76587,86.406547
2026-03-30 19:00:00,N10,0.1471,0.005179,1.46,0.0003,6.8e-05,33.3,23.76587,86.406547
2026-03-30 20:00:00,N10,-0.0907,0.0061,1.57,0.0007,0.000555,31.5,23.76587,86.406547
2026-03-30 21:00:00,N10,,,,,,,23.76587,86.406547
2026-03-30 22:00:00,N10,,,,,,,23.76587,86.406547
2026-03-30 23:00:00,N10,,,,,,,23.76587,86.406547
2026-03-31 00:00:00,N10,,,,,,,23.76587,86.406547
2026-03-31 01:00:00,N10,,,,,,,23.76587,86.406547
2026-03-31 02:00:00,N10,,,,,,,23.76587,86.406547
2026-03-31 03:00:00,N10,,,,,,,23.76587,86.406547
2026-03-31 04:00:00,N10,,,,,,,23.76587,86.406547
2026-03-31 05:00:00,N10,,,,,,,23.76587,86.406547
2026-03-31 06:00:00,N10,,,,,,,23.76587,86.406547
2026-03-31 07:00:00,N10,0.1105,0.005877,8.84,0.0008,0.000428,36.2,23.76587,86.406547
2026-03-31 08:00:00,N10,,,,,,,23.76587,86.406547
2026-03-31 09:00:00,N10,,,,,,,23.76587,86.406547
2026-03-31 10:00:00,N10,,,,,,,23.76587,86.406547
2026-03-31 11:00:00,N10,-0.3615,0.687809,32.41,-0.0185,0.009945,41.5,23.76587,86.406547
2026-03-31 12:00:00,N10,0.0904,0.517232,36.11,-0.0189,0.009746,41.8,23.76587,86.406547
2026-03-31 13:00:00,N10,0.3156,0.007301,8.43,0.001,0.009637,41.5,23.76587,86.406547
2026-03-31 14:00:00,N10,0.0132,0.006061,4.23,0.0004,9.9e-05,40.8,23.76587,86.406547
2026-03-31 15:00:00,N10,,,,,,,23.76587,86.406547
2026-03-31 16:00:00,N10,,,,,,,23.76587,86.406547
2026-03-31 17:00:00,N10,-0.033,0.006753,1.16,0.0017,0.009351,36.2,23.76587,86.406547
2026-03-31 18:00:00,N10,,,,,,,23.76587,86.406547
2026-03-31 19:00:00,N10,,,,,,,23.76587,86.406547
2026-03-31 20:00:00,N10,,,,,,,23.76587,86.406547
2026-03-31 21:00:00,N10,,,,,,,23.76587,86.406547
2026-03-31 22:00:00,N10,0.001,0.005285,2.39,0.0032,0.000191,27.8,23.76587,86.406547
2026-03-31 23:00:00,N10,0.0352,0.005563,2.44,0.0031,0.000171,27.0,23.76587,86.406547
2026-04-01 00:00:00,N10,-0.1584,0.0067,9.6,0.0029,0.000386,23.6,23.76587,86.406547
2026-04-01 01:00:00,N10,0.3635,0.007901,7.58,0.0023,0.000401,23.8,23.76587,86.406547
2026-04-01 02:00:00,N10,-0.2573,0.008235,7.43,0.0021,0.000166,24.6,23.76587,86.406547
2026-04-01 03:00:00,N10,,,,,,,23.76587,86.406547
2026-04-01 04:00:00,N10,,,,,,,23.76587,86.406547
2026-04-01 05:00:00,N10,,,,,,,23.76587,86.406547
2026-04-01 06:00:00,N10,,,,,,,23.76587,86.406547
2026-04-01 07:00:00,N10,,,,,,,23.76587,86.406547
2026-04-01 08:00:00,N10,-0.0069,0.009165,5.95,0.0028,2.7e-05,34.8,23.76587,86.406547
2026-04-01 09:00:00,N10,0.2411,0.006643,8.92,0.0027,0.000199,36.4,23.76587,86.406547
2026-04-01 10:00:00,N10,0.2694,0.005615,6.26,0.0032,6.5e-05,37.6,23.76587,86.406547
2026-04-01 11:00:00,N10,0.1062,0.00734,2.02,0.0029,0.000355,38.3,23.76587,86.406547
2026-04-01 12:00:00,N10,0.1062,0.007131,5.7,0.0025,9.3e-05,38.6,23.76587,86.406547
2026-04-01 13:00:00,N10,0.3839,0.005506,6.78,0.0031,0.002608,38.3,23.76587,86.406547
2026-04-01 14:00:00,N10,,,,,,,23.76587,86.406547
2026-04-01 15:00:00,N10,,,,,,,23.76587,86.406547
2026-04-01 16:00:00,N10,,,,,,,23.76587,86.406547
2026-04-01 17:00:00,N10,-0.0112,0.007193,1.03,0.0019,0.00035,33.0,23.76587,86.406547
2026-04-01 18:00:00,N10,-0.017,0.009033,6.0,0.0017,0.00028,31.1,23.76587,86.406547
2026-04-01 19:00:00,N10,,,,,,,23.76587,86.406547
2026-04-01 20:00:00,N10,,,,,,,23.76587,86.406547
2026-04-01 21:00:00,N10,,,,,,,23.76587,86.406547
2026-04-01 22:00:00,N10,,,,,,,23.76587,86.406547
2026-04-01 23:00:00,N10,,,,,,,23.76587,86.406547
2026-04-02 00:00:00,N10,,,,,,,23.76587,86.406547
2026-04-02 01:00:00,N10,,,,,,,23.76587,86.406547
2026-04-02 02:00:00,N10,,,,,,,23.76587,86.406547
2026-04-02 03:00:00,N10,0.1853,0.007396,2.74,-0.0003,0.00017,24.2,23.76587,86.406547
2026-04-02 04:00:00,N10,-0.0004,0.008656,1.27,-0.0,4.6e-05,25.7,23.76587,86.406547
2026-04-02 05:00:00,N10,0.253,0.006814,8.77,-0.0002,7.9e-05,27.6,23.76587,86.406547
2026-04-02 06:00:00,N10,-0.1514,0.00705,2.58,0.0001,0.00037,29.5,23.76587,86.406547
2026-04-02 07:00:00,N10,-0.0077,0.006212,6.46,0.0006,0.004613,31.4,23.76587,86.406547
2026-04-02 08:00:00,N10,-0.319,0.707962,33.44,-0.0091,5.8e-05,33.2,23.76587,86.406547
2026-04-02 09:00:00,N10,0.0033,0.005723,6.41,0.0007,0.00468,34.8,23.76587,86.406547
2026-04-02 10:00:00,N10,-0.128,0.006425,6.05,0.0003,3.2e-05,36.0,23.76587,86.406547
2026-04-02 11:00:00,N10,-0.0879,0.007488,1.13,0.0007,0.009639,36.7,23.76587,86.406547
2026-04-02 12:00:00,N10,0.0226,0.628854,39.03,-0.019,0.010201,37.0,23.76587,86.406547
2026-04-02 13:00:00,N10,0.1066,0.950573,37.08,-0.0197,0.009219,36.7,23.76587,86.406547
2026-04-02 14:00:00,N10,-0.0292,0.006078,2.13,-0.0006,0.009246,36.0,23.76587,86.406547
2026-04-02 15:00:00,N10,,,,,,,23.76587,86.406547
2026-04-02 16:00:00,N10,,,,,,,23.76587,86.406547
2026-04-02 17:00:00,N10,,,,,,,23.76587,86.406547
2026-04-02 18:00:00,N10,-0.035,0.005386,7.9,-0.0005,0.000762,29.5,23.76587,86.406547
2026-04-02 19:00:00,N10,0.0546,0.005108,3.38,-0.0002,0.000413,27.6,23.76587,86.406547
2026-04-02 20:00:00,N10,-0.2733,0.00596,4.21,-0.0013,0.000568,25.7,23.76587,86.406547
2026-04-02 21:00:00,N10,0.1831,0.005466,1.44,-0.0013,7.2e-05,24.2,23.76587,86.406547
2026-04-02 22:00:00,N10,-0.1953,0.007673,3.98,-0.0015,0.000257,23.0,23.76587,86.406547
2026-04-02 23:00:00,N10,,,,,,,23.76587,86.406547
2026-04-03 00:00:00,N10,,,,,,,23.76587,86.406547
2026-04-03 01:00:00,N10,,,,,,,23.76587,86.406547
2026-04-03 02:00:00,N10,,,,,,,23.76587,86.406547
2026-04-03 03:00:00,N10,0.0153,0.006084,9.33,-0.0019,0.000211,21.3,23.76587,86.406547
2026-04-03 04:00:00,N10,0.0238,0.007517,5.48,-0.0015,0.000205,22.8,23.76587,86.406547
2026-04-03 05:00:00,N10,,,,,,,23.76587,86.406547
2026-04-03 06:00:00,N10,,,,,,,23.76587,86.406547
2026-04-03 07:00:00,N10,,,,,,,23.76587,86.406547
2026-04-03 08:00:00,N10,,,,,,,23.76587,86.406547
2026-04-03 09:00:00,N10,,,,,,,23.76587,86.406547
2026-04-03 10:00:00,N10,,,,,,,23.76587,86.406547
2026-04-03 11:00:00,N10,,,,,,,23.76587,86.406547
2026-04-03 12:00:00,N10,,,,,,,23.76587,86.406547
2026-04-03 13:00:00,N10,0.0519,0.711475,15.74,0.0053,0.002403,33.8,23.76587,86.406547
2026-04-03 14:00:00,N10,0.1201,0.006996,4.88,-0.0033,0.004017,33.1,23.76587,86.406547
2026-04-03 15:00:00,N10,0.0567,0.00673,1.39,-0.0027,0.000472,31.9,23.76587,86.406547
2026-04-03 16:00:00,N10,-0.0478,0.006704,8.11,-0.0023,0.000461,30.3,23.76587,86.406547
2026-04-03 17:00:00,N10,-0.0175,0.006471,8.88,-0.0018,0.00064,28.5,23.76587,86.406547
2026-04-03 18:00:00,N10,-0.1077,0.007838,2.23,-0.001,0.000283,26.6,23.76587,86.406547
2026-04-03 19:00:00,N10,0.0191,0.006636,6.25,-0.0012,0.000106,24.6,23.76587,86.406547
2026-04-03 20:00:00,N10,0.0394,0.007088,7.74,-0.0008,0.0004,22.8,23.76587,86.406547
2026-04-03 21:00:00,N10,-0.0529,0.005688,1.23,-0.0004,0.000247,21.3,23.76587,86.406547
2026-04-03 22:00:00,N10,,,,,,,23.76587,86.406547
2026-04-03 23:00:00,N10,,,,,,,23.76587,86.406547
2026-04-04 00:00:00,N10,,,,,,,23.76587,86.406547
2026-04-04 01:00:00,N10,,,,,,,23.76587,86.406547
2026-04-04 02:00:00,N10,,,,,,,23.76587,86.406547
2026-04-04 03:00:00,N10,,,,,,,23.76587,86.406547
2026-04-04 04:00:00,N10,,,,,,,23.76587,86.406547
2026-04-04 05:00:00,N10,0.0768,0.005747,8.88,-0.0001,7.1e-05,29.5,23.76587,86.406547
2026-04-04 06:00:00,N10,0.2442,0.007415,4.67,-0.0003,0.000431,31.4,23.76587,86.406547
2026-04-04 07:00:00,N10,-0.1097,0.006016,5.8,-0.001,0.00053,33.4,23.76587,86.406547
2026-04-04 08:00:00,N10,0.0904,0.007988,4.34,-0.0014,0.000526,35.2,23.76587,86.406547
2026-04-04 09:00:00,N10,-0.0775,0.005395,1.8,-0.0021,0.000196,36.7,23.76587,86.406547
2026-04-04 10:00:00,N10,,,,,,,23.76587,86.406547
2026-04-04 11:00:00,N10,,,,,,,23.76587,86.406547
2026-04-04 12:00:00,N10,,,,,,,23.76587,86.406547
2026-04-04 13:00:00,N10,,,,,,,23.76587,86.406547
2026-04-04 14:00:00,N10,0.0861,0.005134,8.1,-0.0031,0.008796,37.9,23.76587,86.406547
2026-04-04 15:00:00,N10,-0.2692,0.006382,6.24,-0.0029,0.00011,36.7,23.76587,86.406547
2026-04-04 16:00:00,N10,,,,,,,23.76587,86.406547
2026-04-04 17:00:00,N10,,,,,,,23.76587,86.406547
2026-04-04 18:00:00,N10,,,,,,,23.76587,86.406547
2026-04-04 19:00:00,N10,,,,,,,23.76587,86.406547
2026-04-04 20:00:00,N10,-0.2055,0.005367,8.2,-0.0013,7.8e-05,27.7,23.76587,86.406547
2026-04-04 21:00:00,N10,0.0112,0.007623,7.38,-0.0012,9e-06,26.1,23.76587,86.406547
2026-04-04 22:00:00,N10,0.004,0.007118,6.22,-0.0013,7.7e-05,24.9,23.76587,86.406547
2026-04-04 23:00:00,N10,-0.1105,0.008684,2.25,-0.0011,1.4e-05,24.2,23.76587,86.406547
2026-04-05 00:00:00,N10,,,,,,,23.76587,86.406547
2026-04-05 01:00:00,N10,0.078,0.006139,2.82,-0.0019,0.000249,30.1,23.76587,86.406547
2026-04-05 02:00:00,N10,-0.3101,0.006744,9.11,-0.0018,4.5e-05,30.8,23.76587,86.406547
2026-04-05 03:00:00,N10,0.0519,0.007716,5.07,-0.0018,0.000208,32.0,23.76587,86.406547
2026-04-05 04:00:00,N10,0.0541,0.005942,6.42,-0.0022,0.000207,33.6,23.76587,86.406547
2026-04-05 05:00:00,N10,0.0229,0.008453,9.84,-0.0022,0.000135,35.4,23.76587,86.406547
2026-04-05 06:00:00,N10,,,,,,,23.76587,86.406547
2026-04-05 07:00:00,N10,,,,,,,23.76587,86.406547
2026-04-05 08:00:00,N10,,,,,,,23.76587,86.406547
2026-04-05 09:00:00,N10,,,,,,,23.76587,86.406547
2026-04-05 10:00:00,N10,,,,,,,23.76587,86.406547
2026-04-05 11:00:00,N10,0.2127,0.006723,5.96,-0.0017,0.00018,44.6,23.76587,86.406547
2026-04-05 12:00:00,N10,-0.0727,0.005968,3.58,-0.0019,0.004071,44.8,23.76587,86.406547
2026-04-05 13:00:00,N10,0.0312,0.566009,34.51,-0.0099,0.000137,44.6,23.76587,86.406547
2026-04-05 14:00:00,N10,0.1484,0.005809,4.8,-0.0016,0.002518,43.8,23.76587,86.406547
2026-04-05 15:00:00,N10,-0.0574,0.798463,19.16,-0.0149,0.000478,42.6,23.76587,86.406547
2026-04-05 16:00:00,N10,0.0852,0.008264,2.87,-0.0025,0.006011,41.1,23.76587,86.406547
2026-04-05 17:00:00,N10,-0.0701,0.005856,5.93,-0.0029,0.000135,39.3,23.76587,86.406547
2026-04-05 18:00:00,N10,-0.1197,0.006464,1.18,-0.0023,0.000314,37.3,23.76587,86.406547
2026-04-05 19:00:00,N10,-0.3908,0.007799,8.07,-0.0035,0.001136,35.4,23.76587,86.406547
2026-04-05 20:00:00,N10,-0.0749,0.005429,9.94,-0.0045,0.000794,33.6,23.76587,86.406547
2026-04-05 21:00:00,N10,0.0263,0.011203,2.5,-0.0051,0.000314,32.0,23.76587,86.406547
2026-04-05 22:00:00,N10,0.1202,0.005514,5.01,-0.0052,9e-05,30.8,23.76587,86.406547
2026-04-05 23:00:00,N10,0.1465,0.00551,7.32,-0.0049,3.3e-05,30.1,23.76587,86.406547
2026-04-06 00:00:00,N10,-0.0727,0.005876,6.0,-0.0052,0.000471,25.9,23.76587,86.406547
2026-04-06 01:00:00,N10,0.136,0.005652,7.15,-0.0058,0.000199,26.1,23.76587,86.406547
2026-04-06 02:00:00,N10,0.2557,0.005681,8.41,-0.0056,0.000133,26.9,23.76587,86.406547
2026-04-06 03:00:00,N10,,,,,,,23.76587,86.406547
2026-04-06 04:00:00,N10,,,,,,,23.76587,86.406547
2026-04-06 05:00:00,N10,,,,,,,23.76587,86.406547
2026-04-06 06:00:00,N10,0.0442,0.976699,37.39,0.0047,0.000502,33.4,23.76587,86.406547
2026-04-06 07:00:00,N10,0.0675,0.006022,2.73,-0.008,0.006417,35.3,23.76587,86.406547
2026-04-06 08:00:00,N10,,,,,,,23.76587,86.406547
2026-04-06 09:00:00,N10,,,,,,,23.76587,86.406547
2026-04-06 10:00:00,N10,0.0928,0.957537,33.2,-0.0235,0.010625,39.9,23.76587,86.406547
2026-04-06 11:00:00,N10,0.0109,0.821301,28.09,-0.002,0.006493,40.6,23.76587,86.406547
2026-04-06 12:00:00,N10,0.1746,0.006452,5.85,-0.0105,0.004864,40.9,23.76587,86.406547
2026-04-06 13:00:00,N10,-0.0465,0.005713,5.28,-0.0117,0.000578,40.6,23.76587,86.406547
2026-04-06 14:00:00,N10,0.1456,0.005954,8.45,-0.0117,0.000226,39.9,23.76587,86.406547
2026-04-06 15:00:00,N10,-0.0531,0.006718,7.94,-0.0122,0.000138,38.7,23.76587,86.406547
2026-04-06 16:00:00,N10,0.0839,0.006016,7.46,-0.012,0.000109,37.1,23.76587,86.406547
2026-04-06 17:00:00,N10,-0.0855,0.008353,2.25,-0.0124,0.00027,35.3,23.76587,86.406547
2026-04-06 18:00:00,N10,0.0223,0.00909,8.39,-0.0125,0.000419,33.4,23.76587,86.406547
2026-04-06 19:00:00,N10,-0.1132,0.006768,5.97,-0.0132,0.000106,31.4,23.76587,86.406547
2026-04-06 20:00:00,N10,,,,,,,23.76587,86.406547
2026-04-06 21:00:00,N10,,,,,,,23.76587,86.406547
2026-04-06 22:00:00,N10,,,,,,,23.76587,86.406547
2026-04-06 23:00:00,N10,,,,,,,23.76587,86.406547
2026-04-07 00:00:00,N10,0.2239,0.007733,5.25,-0.0148,0.000263,23.9,23.76587,86.406547
2026-04-07 01:00:00,N10,-0.1222,0.007517,1.03,-0.0147,0.000251,24.1,23.76587,86.406547
2026-04-07 02:00:00,N10,,,,,,,23.76587,86.406547
2026-04-07 03:00:00,N10,0.1903,0.006149,6.97,-0.0142,0.000177,26.1,23.76587,86.406547
2026-04-07 04:00:00,N10,0.0245,0.006433,4.25,-0.0139,0.0001,27.6,23.76587,86.406547
2026-04-07 05:00:00,N10,-0.018,0.008084,1.72,-0.0144,0.00031,29.4,23.76587,86.406547
2026-04-07 06:00:00,N10,0.0372,0.005611,4.74,-0.0145,8.9e-05,31.4,23.76587,86.406547
2026-04-07 07:00:00,N10,-0.3439,0.005159,5.22,-0.0145,3.4e-05,33.3,23.76587,86.406547
2026-04-07 08:00:00,N10,0.2718,0.005797,5.16,-0.0146,0.000328,35.1,23.76587,86.406547
2026-04-07 09:00:00,N10,-0.1213,0.006137,5.52,-0.0152,0.00069,36.7,23.76587,86.406547
2026-04-07 10:00:00,N10,-0.0213,0.006253,9.51,-0.016,0.000734,37.9,23.76587,86.406547
2026-04-07 11:00:00,N10,0.1201,0.006488,9.39,-0.0167,0.000257,38.6,23.76587,86.406547
2026-04-07 12:00:00,N10,0.1623,0.008398,1.05,-0.0165,0.000114,38.9,23.76587,86.406547
2026-04-07 13:00:00,N10,-0.1198,0.007054,1.32,-0.0164,0.005937,38.6,23.76587,86.406547
2026-04-07 14:00:00,N10,0.2399,0.930004,22.89,-0.0046,0.000241,37.9,23.76587,86.406547
2026-04-07 15:00:00,N10,,,,,,,23.76587,86.406547
2026-04-07 16:00:00,N10,,,,,,,23.76587,86.406547
2026-04-07 17:00:00,N10,0.1265,0.006934,1.01,-0.0167,0.000349,33.3,23.76587,86.406547
2026-04-07 18:00:00,N10,0.0085,0.008559,5.87,-0.0176,0.000588,31.4,23.76587,86.406547
2026-04-07 19:00:00,N10,0.085,0.007748,9.46,-0.0179,0.000264,29.4,23.76587,86.406547
2026-04-07 20:00:00,N10,-0.0035,0.00649,1.89,-0.0181,0.00014,27.6,23.76587,86.406547
2026-04-07 21:00:00,N10,-0.0298,0.007141,1.29,-0.0176,0.000371,26.1,23.76587,86.406547
2026-04-07 22:00:00,N10,0.0833,0.007271,6.52,-0.0173,0.000615,24.9,23.76587,86.406547
2026-04-07 23:00:00,N10,-0.0261,0.008878,4.44,-0.0164,0.000388,24.1,23.76587,86.406547
2026-04-08 00:00:00,N10,-0.0174,0.005274,6.71,-0.0166,0.000683,25.9,23.76587,86.406547
2026-04-08 01:00:00,N10,0.0426,0.006722,1.55,-0.0178,0.000482,26.2,23.76587,86.406547
2026-04-08 02:00:00,N10,-0.2158,0.007598,2.14,-0.0175,0.000329,26.9,23.76587,86.406547
2026-04-08 03:00:00,N10,0.0031,0.00722,3.7,-0.0184,0.000372,28.1,23.76587,86.406547
2026-04-08 04:00:00,N10,-0.2245,0.005723,7.46,-0.0183,4.2e-05,29.7,23.76587,86.406547
2026-04-08 05:00:00,N10,,,,,,,23.76587,86.406547
2026-04-08 06:00:00,N10,,,,,,,23.76587,86.406547
2026-04-08 07:00:00,N10,0.0072,0.006108,9.99,-0.019,0.000262,35.4,23.76587,86.406547
2026-04-08 08:00:00,N10,0.0933,0.005738,6.39,-0.0193,0.000679,37.2,23.76587,86.406547
2026-04-08 09:00:00,N10,-0.1766,0.005483,6.56,-0.0203,0.000259,38.7,23.76587,86.406547
2026-04-08 10:00:00,N10,0.2801,0.005469,9.13,-0.0198,0.000329,39.9,23.76587,86.406547
2026-04-08 11:00:00,N10,,,,,,,23.76587,86.406547
2026-04-08 12:00:00,N10,,,,,,,23.76587,86.406547
2026-04-08 13:00:00,N10,,,,,,,23.76587,86.406547
2026-04-08 14:00:00,N10,,,,,,,23.76587,86.406547
2026-04-08 15:00:00,N10,-0.0887,0.005975,3.62,-0.0191,0.00624,38.7,23.76587,86.406547
2026-04-08 16:00:00,N10,0.0998,0.00691,6.38,-0.0183,0.000247,37.2,23.76587,86.406547
2026-04-08 17:00:00,N10,0.0619,0.005145,9.32,-0.0186,7.1e-05,35.4,23.76587,86.406547
2026-04-08 18:00:00,N10,,,,,,,23.76587,86.406547
2026-04-08 19:00:00,N10,-0.0974,0.006561,9.54,-0.0181,0.000557,31.5,23.76587,86.406547
2026-04-08 20:00:00,N10,0.006,0.010605,1.3,-0.0173,6.8e-05,29.7,23.76587,86.406547
2026-04-08 21:00:00,N10,-0.1129,0.00749,1.26,-0.0182,0.000521,28.1,23.76587,86.406547
2026-04-08 22:00:00,N10,0.106,0.005849,9.98,-0.0184,0.000262,26.9,23.76587,86.406547
2026-04-08 23:00:00,N10,0.1099,0.007345,4.24,-0.0188,0.000431,26.2,23.76587,86.406547
2026-04-09 00:00:00,N10,-0.1993,0.007797,7.95,-0.0192,0.000145,21.9,23.76587,86.406547
2026-04-09 01:00:00,N10,-0.0741,0.007505,2.47,-0.019,0.000129,22.1,23.76587,86.406547
2026-04-09 02:00:00,N10,0.0463,0.006544,5.77,-0.0195,0.000113,22.9,23.76587,86.406547
2026-04-09 03:00:00,N10,0.22,0.006944,3.56,-0.0188,0.000638,24.1,23.76587,86.406547
2026-04-09 04:00:00,N10,-0.0247,0.006812,2.3,-0.0182,0.000237,25.6,23.76587,86.406547
2026-04-09 05:00:00,N10,0.2021,0.007872,9.7,-0.0184,0.000506,27.4,23.76587,86.406547
2026-04-09 06:00:00,N10,-0.0412,0.005711,4.39,-0.0192,0.000791,29.4,23.76587,86.406547
2026-04-09 07:00:00,N10,,,,,,,23.76587,86.406547
2026-04-09 08:00:00,N10,0.1671,0.005024,6.75,-0.0194,0.00965,33.1,23.76587,86.406547
2026-04-09 09:00:00,N10,0.2001,0.823789,29.32,-0.0392,0.009486,34.7,23.76587,86.406547
2026-04-09 10:00:00,N10,0.1078,0.6144,40.08,-0.0384,0.010473,35.9,23.76587,86.406547
2026-04-09 11:00:00,N10,0.3119,0.006561,1.43,-0.0183,0.010708,36.6,23.76587,86.406547
2026-04-09 12:00:00,N10,0.089,0.005543,7.4,-0.017,0.001015,36.9,23.76587,86.406547
2026-04-09 13:00:00,N10,-0.1631,0.005595,4.22,-0.0163,0.000551,36.6,23.76587,86.406547
2026-04-09 14:00:00,N10,0.0131,0.006322,5.54,-0.0158,7.7e-05,35.9,23.76587,86.406547
2026-04-09 15:00:00,N10,,,,,,,23.76587,86.406547
2026-04-09 16:00:00,N10,,,,,,,23.76587,86.406547
2026-04-09 17:00:00,N10,,,,,,,23.76587,86.406547
2026-04-09 18:00:00,N10,,,,,,,23.76587,86.406547
2026-04-09 19:00:00,N10,,,,,,,23.76587,86.406547
2026-04-09 20:00:00,N10,-0.1639,0.007687,6.28,-0.0165,1.7e-05,25.6,23.76587,86.406547
2026-04-09 21:00:00,N10,-0.0671,0.007295,8.99,-0.0161,3.6e-05,24.1,23.76587,86.406547
2026-04-09 22:00:00,N10,-0.2332,0.007232,7.36,-0.0165,7.1e-05,22.9,23.76587,86.406547
2026-04-09 23:00:00,N10,-0.4114,0.007573,1.27,-0.0162,0.000273,22.1,23.76587,86.406547
2026-04-10 00:00:00,N10,0.0119,0.00654,7.65,-0.016,0.000126,24.4,23.76587,86.406547
2026-04-10 01:00:00,N10,-0.2702,0.005163,5.22,-0.0159,0.000292,24.7,23.76587,86.406547
2026-04-10 02:00:00,N10,0.0564,0.006188,9.15,-0.0154,6.6e-05,25.4,23.76587,86.406547
2026-04-10 03:00:00,N10,-0.2993,0.006253,6.69,-0.0158,0.000391,26.6,23.76587,86.406547
2026-04-10 04:00:00,N10,,,,,,,23.76587,86.406547
2026-04-10 05:00:00,N10,,,,,,,23.76587,86.406547
2026-04-10 06:00:00,N10,0.1655,0.006238,1.51,-0.0164,0.000368,31.9,23.76587,86.406547
2026-04-10 07:00:00,N10,0.1394,0.00714,5.65,-0.0167,1.5e-05,33.8,23.76587,86.406547
2026-04-10 08:00:00,N10,,,,,,,23.76587,86.406547
2026-04-10 09:00:00,N10,,,,,,,23.76587,86.406547
2026-04-10 10:00:00,N10,-0.1953,0.633118,43.46,-0.026,0.005022,38.4,23.76587,86.406547
2026-04-10 11:00:00,N10,-0.0595,0.54441,35.07,-0.0258,0.002139,39.1,23.76587,86.406547
2026-04-10 12:00:00,N10,0.3688,0.660203,19.11,-0.0303,0.011897,39.4,23.76587,86.406547
2026-04-10 13:00:00,N10,0.0256,0.7113,31.24,-0.002,0.007238,39.1,23.76587,86.406547
2026-04-10 14:00:00,N10,-0.0879,0.006483,9.84,-0.0158,0.006966,38.4,23.76587,86.406547
2026-04-10 15:00:00,N10,-0.1081,0.007594,5.81,-0.0159,4e-05,37.2,23.76587,86.406547
2026-04-10 16:00:00,N10,0.0809,0.006332,3.08,-0.0158,4e-05,35.7,23.76587,86.406547
2026-04-10 17:00:00,N10,,,,,,,23.76587,86.406547
2026-04-10 18:00:00,N10,,,,,,,23.76587,86.406547
2026-04-10 19:00:00,N10,,,,,,,23.76587,86.406547
2026-04-10 20:00:00,N10,,,,,,,23.76587,86.406547
2026-04-10 21:00:00,N10,,,,,,,23.76587,86.406547
2026-04-10 22:00:00,N10,-0.1279,0.006993,6.79,-0.0153,0.000141,25.4,23.76587,86.406547
2026-04-10 23:00:00,N10,0.0963,0.005375,3.36,-0.0156,0.00026,24.7,23.76587,86.406547
2026-04-11 00:00:00,N10,-0.1818,0.005725,7.88,-0.0158,0.000272,25.2,23.76587,86.406547
2026-04-11 01:00:00,N10,0.2068,0.006498,5.35,-0.0161,0.000185,25.5,23.76587,86.406547
2026-04-11 02:00:00,N10,0.1722,0.007579,2.52,-0.0162,0.000181,26.2,23.76587,86.406547
2026-04-11 03:00:00,N10,-0.0778,0.006792,2.82,-0.0165,0.000242,27.4,23.76587,86.406547
2026-04-11 04:00:00,N10,0.1047,0.007839,6.37,-0.0167,0.000267,28.9,23.76587,86.406547
2026-04-11 05:00:00,N10,-0.1491,0.007039,9.95,-0.017,0.000431,30.8,23.76587,86.406547
2026-04-11 06:00:00,N10,-0.0954,0.006954,6.8,-0.0175,0.007839,32.7,23.76587,86.406547
2026-04-11 07:00:00,N10,-0.3355,0.874017,40.48,-0.0327,0.008048,34.6,23.76587,86.406547
2026-04-11 08:00:00,N10,-0.0472,0.7209,48.23,-0.0336,0.007539,36.4,23.76587,86.406547
2026-04-11 09:00:00,N10,0.1569,0.007939,4.78,-0.0176,0.007728,38.0,23.76587,86.406547
2026-04-11 10:00:00,N10,,,,,,,23.76587,86.406547
2026-04-11 11:00:00,N10,,,,,,,23.76587,86.406547
2026-04-11 12:00:00,N10,-0.1756,0.005317,5.04,-0.0181,0.000205,40.2,23.76587,86.406547
2026-04-11 13:00:00,N10,0.0156,0.006604,1.69,-0.0186,0.000464,39.9,23.76587,86.406547
2026-04-11 14:00:00,N10,0.1775,0.005935,5.59,-0.019,0.000289,39.2,23.76587,86.406547
2026-04-11 15:00:00,N10,-0.2709,0.007321,3.41,-0.0192,0.00026,38.0,23.76587,86.406547
2026-04-11 16:00:00,N10,-0.0508,0.00615,6.84,-0.0195,0.000249,36.4,23.76587,86.406547
2026-04-11 17:00:00,N10,0.1338,0.005127,5.73,-0.0197,0.000108,34.6,23.76587,86.406547
2026-04-11 18:00:00,N10,-0.0737,0.005797,8.25,-0.0197,0.000245,32.7,23.76587,86.406547
2026-04-11 19:00:00,N10,-0.0702,0.006361,8.26,-0.0201,4.6e-05,30.8,23.76587,86.406547
2026-04-11 20:00:00,N10,,,,,,,23.76587,86.406547
2026-04-11 21:00:00,N10,-0.2332,0.007487,1.77,-0.0196,9.2e-05,27.4,23.76587,86.406547
2026-04-11 22:00:00,N10,0.0422,0.005949,1.64,-0.02,0.000554,26.2,23.76587,86.406547
2026-04-11 23:00:00,N10,0.0765,0.00667,2.07,-0.0207,7.5e-05,25.5,23.76587,86.406547
2026-04-12 00:00:00,N10,0.2946,0.008176,5.78,-0.0202,0.000245,24.8,23.76587,86.406547
2026-04-12 01:00:00,N10,0.2572,0.006353,7.41,-0.0212,0.000735,25.1,23.76587,86.406547
2026-04-12 02:00:00,N10,-0.0059,0.006194,9.64,-0.0216,2.7e-05,25.8,23.76587,86.406547
2026-04-12 03:00:00,N10,-0.1407,0.005045,1.49,-0.0212,0.000229,27.0,23.76587,86.406547
2026-04-12 04:00:00,N10,-0.0733,0.005542,1.12,-0.0212,0.000244,28.6,23.76587,86.406547
2026-04-12 05:00:00,N10,-0.0689,0.005341,7.61,-0.0207,0.000475,30.4,23.76587,86.406547
2026-04-12 06:00:00,N10,0.0156,0.005189,6.46,-0.0202,5.9e-05,32.3,23.76587,86.406547
2026-04-12 07:00:00,N10,-0.084,0.006239,9.99,-0.0206,6.1e-05,34.3,23.76587,86.406547
2026-04-12 08:00:00,N10,0.23,0.006026,2.33,-0.0204,0.00012,36.1,23.76587,86.406547
2026-04-12 09:00:00,N10,0.1339,0.006736,2.95,-0.0204,0.000238,37.6,23.76587,86.406547
2026-04-12 10:00:00,N10,-0.1033,0.005602,4.86,-0.0208,0.008173,38.8,23.76587,86.406547
2026-04-12 11:00:00,N10,-0.2446,0.846602,32.53,-0.0367,0.000384,39.6,23.76587,86.406547
2026-04-12 12:00:00,N10,,,,,,,23.76587,86.406547
2026-04-12 13:00:00,N10,,,,,,,23.76587,86.406547
2026-04-12 14:00:00,N10,,,,,,,23.76587,86.406547
2026-04-12 15:00:00,N10,0.0325,0.600159,27.18,-0.0151,0.000115,37.6,23.76587,86.406547
2026-04-12 16:00:00,N10,0.0107,0.005167,9.54,-0.0223,0.003461,36.1,23.76587,86.406547
2026-04-12 17:00:00,N10,-0.1208,0.005409,3.95,-0.0221,3.7e-05,34.3,23.76587,86.406547
2026-04-12 18:00:00,N10,-0.3732,0.007119,7.89,-0.0224,7.7e-05,32.3,23.76587,86.406547
2026-04-12 19:00:00,N10,-0.0061,0.006965,3.43,-0.0222,5.9e-05,30.4,23.76587,86.406547
2026-04-12 20:00:00,N10,-0.0341,0.00568,4.38,-0.0223,0.000357,28.6,23.76587,86.406547
2026-04-12 21:00:00,N10,0.0234,0.008468,8.07,-0.0229,0.000554,27.0,23.76587,86.406547
2026-04-12 22:00:00,N10,0.0241,0.007957,9.64,-0.0234,0.000293,25.8,23.76587,86.406547
2026-04-12 23:00:00,N10,-0.0922,0.008424,5.08,-0.0235,0.0004,25.1,23.76587,86.406547
2026-04-13 00:00:00,N10,,,,,,,23.76587,86.406547
2026-04-13 01:00:00,N10,0.0864,0.005398,2.22,-0.0224,0.000305,26.8,23.76587,86.406547
2026-04-13 02:00:00,N10,-0.065,0.00519,4.15,-0.022,0.000236,27.6,23.76587,86.406547
2026-04-13 03:00:00,N10,-0.1299,0.007963,8.4,-0.0229,0.000592,28.8,23.76587,86.406547
2026-04-13 04:00:00,N10,,,,,,,23.76587,86.406547
2026-04-13 05:00:00,N10,,,,,,,23.76587,86.406547
2026-04-13 06:00:00,N10,,,,,,,23.76587,86.406547
2026-04-13 07:00:00,N10,,,,,,,23.76587,86.406547
2026-04-13 08:00:00,N10,0.2012,0.006522,3.06,-0.0244,0.007556,37.8,23.76587,86.406547
2026-04-13 09:00:00,N10,-0.1534,0.619232,16.85,-0.0387,0.000132,39.4,23.76587,86.406547
2026-04-13 10:00:00,N10,-0.1938,0.005656,5.95,-0.0241,0.007294,40.6,23.76587,86.406547
2026-04-13 11:00:00,N10,0.1677,0.011103,6.57,-0.0241,0.000484,41.3,23.76587,86.406547
2026-04-13 12:00:00,N10,0.1502,0.006539,5.67,-0.0232,0.000466,41.6,23.76587,86.406547
2026-04-13 13:00:00,N10,0.3788,0.00525,5.79,-0.0232,0.000316,41.3,23.76587,86.406547
2026-04-13 14:00:00,N10,-0.0716,0.005536,5.93,-0.0238,0.000394,40.6,23.76587,86.406547
2026-04-13 15:00:00,N10,-0.0877,0.008743,7.52,-0.0239,2.5e-05,39.4,23.76587,86.406547
2026-04-13 16:00:00,N10,0.0841,0.005807,3.65,-0.0239,4.8e-05,37.8,23.76587,86.406547
2026-04-13 17:00:00,N10,-0.0632,0.005924,8.83,-0.0238,7.1e-05,36.0,23.76587,86.406547
2026-04-13 18:00:00,N10,-0.0641,0.006132,6.35,-0.024,0.000253,34.1,23.76587,86.406547
2026-04-13 19:00:00,N10,0.3564,0.007692,3.05,-0.0233,7.6e-05,32.1,23.76587,86.406547
2026-04-13 20:00:00,N10,0.009,0.006625,9.55,-0.0241,0.000238,30.3,23.76587,86.406547
2026-04-13 21:00:00,N10,0.0243,0.008101,8.39,-0.0229,0.000756,28.8,23.76587,86.406547
2026-04-13 22:00:00,N10,,,,,,,23.76587,86.406547
2026-04-13 23:00:00,N10,,,,,,,23.76587,86.406547
2026-04-14 00:00:00,N10,,,,,,,23.76587,86.406547
2026-04-14 01:00:00,N10,,,,,,,23.76587,86.406547
2026-04-14 02:00:00,N10,-0.1359,0.007856,5.11,-0.0222,9.4e-05,26.7,23.76587,86.406547
2026-04-14 03:00:00,N10,0.1054,0.009045,9.75,-0.0226,6.8e-05,27.9,23.76587,86.406547
2026-04-14 04:00:00,N10,0.0542,0.007144,4.8,-0.0221,0.000155,29.4,23.76587,86.406547
2026-04-14 05:00:00,N10,,,,,,,23.76587,86.406547
2026-04-14 06:00:00,N10,,,,,,,23.76587,86.406547
2026-04-14 07:00:00,N10,,,,,,,23.76587,86.406547
2026-04-14 08:00:00,N10,,,,,,,23.76587,86.406547
2026-04-14 09:00:00,N10,,,,,,,23.76587,86.406547
2026-04-14 10:00:00,N10,0.1288,0.007151,6.33,-0.0221,0.004089,39.7,23.76587,86.406547
2026-04-14 11:00:00,N10,0.0903,0.555845,27.91,-0.0141,0.006152,40.4,23.76587,86.406547
2026-04-14 12:00:00,N10,-0.0876,0.993391,39.32,-0.0098,0.002222,40.7,23.76587,86.406547
2026-04-14 13:00:00,N10,0.0424,0.951824,29.12,-0.0096,0.005652,40.4,23.76587,86.406547
2026-04-14 14:00:00,N10,0.0631,0.005477,8.57,-0.0211,0.005154,39.7,23.76587,86.406547
2026-04-14 15:00:00,N10,0.1863,0.00803,2.13,-0.0199,0.000545,38.5,23.76587,86.406547
2026-04-14 16:00:00,N10,0.3698,0.006871,8.3,-0.02,0.007294,36.9,23.76587,86.406547
2026-04-14 17:00:00,N10,0.3575,0.771994,38.15,-0.0053,0.000192,35.1,23.76587,86.406547
2026-04-14 18:00:00,N10,0.1229,0.005009,2.8,-0.0204,0.007608,33.2,23.76587,86.406547
2026-04-14 19:00:00,N10,-0.0447,0.00665,8.45,-0.0206,0.0002,31.2,23.76587,86.406547
2026-04-14 20:00:00,N10,-0.0456,0.007072,8.95,-0.02,0.000252,29.4,23.76587,86.406547
2026-04-14 21:00:00,N10,,,,,,,23.76587,86.406547
2026-04-14 22:00:00,N10,,,,,,,23.76587,86.406547
2026-04-14 23:00:00,N10,,,,,,,23.76587,86.406547
2026-04-15 00:00:00,N10,0.0553,0.005667,4.67,-0.02,0.000178,26.3,23.76587,86.406547
2026-04-15 01:00:00,N10,0.2779,0.007069,2.44,-0.0204,5e-05,26.6,23.76587,86.406547
2026-04-15 02:00:00,N10,0.0629,0.006731,5.75,-0.0201,0.000382,27.3,23.76587,86.406547
2026-04-15 03:00:00,N10,0.0844,0.005798,4.05,-0.0211,0.000578,28.5,23.76587,86.406547
2026-04-15 04:00:00,N10,-0.0089,0.005129,1.67,-0.0213,0.000199,30.1,23.76587,86.406547
2026-04-15 05:00:00,N10,-0.2418,0.00717,3.12,-0.0207,0.000263,31.9,23.76587,86.406547
2026-04-15 06:00:00,N10,,,,,,,23.76587,86.406547
2026-04-15 07:00:00,N10,,,,,,,23.76587,86.406547
2026-04-15 08:00:00,N10,0.0148,0.007392,4.61,-0.0203,9.5e-05,37.6,23.76587,86.406547
2026-04-15 09:00:00,N10,-0.0399,0.005374,1.84,-0.0199,3.9e-05,39.1,23.76587,86.406547
2026-04-15 10:00:00,N10,0.0689,0.005928,3.87,-0.0204,0.000288,40.3,23.76587,86.406547
2026-04-15 11:00:00,N10,,,,,,,23.76587,86.406547
2026-04-15 12:00:00,N10,,,,,,,23.76587,86.406547
2026-04-15 13:00:00,N10,,,,,,,23.76587,86.406547
2026-04-15 14:00:00,N10,,,,,,,23.76587,86.406547
2026-04-15 15:00:00,N10,,,,,,,23.76587,86.406547
2026-04-15 16:00:00,N10,,,,,,,23.76587,86.406547
2026-04-15 17:00:00,N10,-0.4125,0.996127,27.3,-0.0302,0.000844,35.8,23.76587,86.406547
2026-04-15 18:00:00,N10,0.032,0.005831,7.25,-0.0215,0.004324,33.8,23.76587,86.406547
2026-04-15 19:00:00,N10,-0.2837,0.006529,7.57,-0.0216,4.9e-05,31.9,23.76587,86.406547
2026-04-15 20:00:00,N10,,,,,,,23.76587,86.406547
2026-04-15 21:00:00,N10,,,,,,,23.76587,86.406547
2026-04-15 22:00:00,N10,,,,,,,23.76587,86.406547
2026-04-15 23:00:00,N10,,,,,,,23.76587,86.406547
2026-04-16 00:00:00,N10,,,,,,,23.76587,86.406547
2026-04-16 01:00:00,N10,,,,,,,23.76587,86.406547
2026-04-16 02:00:00,N10,,,,,,,23.76587,86.406547
2026-04-16 03:00:00,N10,,,,,,,23.76587,86.406547
2026-04-16 04:00:00,N10,-0.1334,0.01005,2.02,-0.0223,0.000221,27.4,23.76587,86.406547
2026-04-16 05:00:00,N10,0.2787,0.007128,8.42,-0.0218,0.000108,29.2,23.76587,86.406547
2026-04-16 06:00:00,N10,0.0392,0.005549,4.19,-0.0221,0.000271,31.1,23.76587,86.406547
2026-04-16 07:00:00,N10,-0.0264,0.008282,2.44,-0.0224,0.000182,33.1,23.76587,86.406547
2026-04-16 08:00:00,N10,0.0817,0.005022,8.39,-0.0225,8e-05,34.9,23.76587,86.406547
2026-04-16 09:00:00,N10,-0.1166,0.005583,2.44,-0.0222,1.1e-05,36.4,23.76587,86.406547
2026-04-16 10:00:00,N10,0.2403,0.005799,1.73,-0.0225,0.009298,37.6,23.76587,86.406547
2026-04-16 11:00:00,N10,0.0499,0.6151,34.9,-0.0036,0.002927,38.4,23.76587,86.406547
2026-04-16 12:00:00,N10,0.044,0.613462,19.7,-0.0166,0.006715,38.6,23.76587,86.406547
2026-04-16 13:00:00,N10,0.0386,0.66874,49.99,-0.0171,0.003264,38.4,23.76587,86.406547
2026-04-16 14:00:00,N10,-0.0652,0.006744,1.31,-0.0232,0.003438,37.6,23.76587,86.406547
2026-04-16 15:00:00,N10,-0.0739,0.006875,9.38,-0.0239,0.000118,36.4,23.76587,86.406547
2026-04-16 16:00:00,N10,,,,,,,23.76587,86.406547
2026-04-16 17:00:00,N10,,,,,,,23.76587,86.406547
2026-04-16 18:00:00,N10,0.0221,0.005569,4.44,-0.0225,0.000421,31.1,23.76587,86.406547
2026-04-16 19:00:00,N10,-0.1276,0.006676,1.23,-0.022,0.000136,29.2,23.76587,86.406547
2026-04-16 20:00:00,N10,-0.1632,0.006834,5.13,-0.0222,8.7e-05,27.4,23.76587,86.406547
2026-04-16 21:00:00,N10,0.032,0.008884,4.28,-0.0222,0.0001,25.8,23.76587,86.406547
2026-04-16 22:00:00,N10,0.0933,0.009983,6.9,-0.0224,0.000132,24.6,23.76587,86.406547
2026-04-16 23:00:00,N10,,,,,,,23.76587,86.406547
2026-04-17 00:00:00,N10,,,,,,,23.76587,86.406547
2026-04-17 01:00:00,N10,,,,,,,23.76587,86.406547
2026-04-17 02:00:00,N10,,,,,,,23.76587,86.406547
2026-04-17 03:00:00,N10,,,,,,,23.76587,86.406547
2026-04-17 04:00:00,N10,0.0525,0.006699,1.52,-0.0207,0.000197,30.5,23.76587,86.406547
2026-04-17 05:00:00,N10,0.1719,0.00606,8.62,-0.0202,0.000383,32.4,23.76587,86.406547
2026-04-17 06:00:00,N10,-0.2003,0.009419,6.16,-0.0199,0.000101,34.3,23.76587,86.406547
2026-04-17 07:00:00,N10,0.1595,0.005573,6.37,-0.02,0.000209,36.2,23.76587,86.406547
2026-04-17 08:00:00,N10,0.0055,0.005462,8.42,-0.0195,0.000494,38.0,23.76587,86.406547
2026-04-17 09:00:00,N10,0.2555,0.005416,4.54,-0.019,0.003756,39.6,23.76587,86.406547
2026-04-17 10:00:00,N10,0.1644,0.660446,15.81,-0.012,0.003533,40.8,23.76587,86.406547
2026-04-17 11:00:00,N10,,,,,,,23.76587,86.406547
2026-04-17 12:00:00,N10,-0.0495,0.00643,6.3,-0.0191,0.003289,41.8,23.76587,86.406547
2026-04-17 13:00:00,N10,0.2129,0.007121,8.25,-0.0185,0.000575,41.5,23.76587,86.406547
2026-04-17 14:00:00,N10,-0.1577,0.006834,8.29,-0.018,0.000139,40.8,23.76587,86.406547
2026-04-17 15:00:00,N10,0.3048,0.005501,6.16,-0.0183,0.000195,39.6,23.76587,86.406547
2026-04-17 16:00:00,N10,-0.0423,0.005037,5.99,-0.0184,0.000433,38.0,23.76587,86.406547
2026-04-17 17:00:00,N10,-0.0164,0.005814,4.71,-0.0174,0.000651,36.2,23.76587,86.406547
2026-04-17 18:00:00,N10,,,,,,,23.76587,86.406547
2026-04-17 19:00:00,N10,,,,,,,23.76587,86.406547
2026-04-17 20:00:00,N10,,,,,,,23.76587,86.406547
2026-04-17 21:00:00,N10,0.0048,0.005672,8.27,-0.0165,0.000285,29.0,23.76587,86.406547
2026-04-17 22:00:00,N10,0.0813,0.009379,4.59,-0.0172,0.000152,27.8,23.76587,86.406547
2026-04-17 23:00:00,N10,-0.0739,0.009209,7.96,-0.0168,0.000395,27.1,23.76587,86.406547
2026-04-18 00:00:00,N10,-0.3522,0.008627,4.81,-0.018,0.000296,28.3,23.76587,86.406547
2026-04-18 01:00:00,N10,0.0189,0.006396,9.14,-0.0174,0.000146,28.5,23.76587,86.406547
2026-04-18 02:00:00,N10,0.3407,0.006522,9.93,-0.0177,9.1e-05,29.3,23.76587,86.406547
2026-04-18 03:00:00,N10,-0.0036,0.005004,5.98,-0.0176,0.000268,30.5,23.76587,86.406547
2026-04-18 04:00:00,N10,0.2482,0.00672,4.88,-0.0182,0.000279,32.0,23.76587,86.406547
2026-04-18 05:00:00,N10,0.3586,0.005609,8.64,-0.0182,0.000324,33.8,23.76587,86.406547
2026-04-18 06:00:00,N10,0.1242,0.007193,8.93,-0.0176,0.000364,35.8,23.76587,86.406547
2026-04-18 07:00:00,N10,0.0022,0.005134,4.43,-0.0174,0.000328,37.7,23.76587,86.406547
2026-04-18 08:00:00,N10,0.2229,0.011867,6.97,-0.0169,0.000458,39.5,23.76587,86.406547
2026-04-18 09:00:00,N10,,,,,,,23.76587,86.406547
2026-04-18 10:00:00,N10,,,,,,,23.76587,86.406547
2026-04-18 11:00:00,N10,,,,,,,23.76587,86.406547
2026-04-18 12:00:00,N10,,,,,,,23.76587,86.406547
2026-04-18 13:00:00,N10,,,,,,,23.76587,86.406547
2026-04-18 14:00:00,N10,0.024,0.007257,2.34,-0.0184,7e-06,42.3,23.76587,86.406547
2026-04-18 15:00:00,N10,0.1584,0.007375,3.25,-0.0189,0.007882,41.1,23.76587,86.406547
2026-04-18 16:00:00,N10,-0.021,0.864764,36.59,-0.0026,0.007922,39.5,23.76587,86.406547
2026-04-18 17:00:00,N10,0.002,0.563531,48.44,-0.0031,0.008476,37.7,23.76587,86.406547
2026-04-18 18:00:00,N10,-0.0069,0.009685,5.8,-0.0196,0.007861,35.8,23.76587,86.406547
2026-04-18 19:00:00,N10,0.2615,0.006791,4.31,-0.0188,0.000556,33.8,23.76587,86.406547
2026-04-18 20:00:00,N10,0.1334,0.005045,5.25,-0.0185,0.000394,32.0,23.76587,86.406547
2026-04-18 21:00:00,N10,0.133,0.005184,8.67,-0.018,0.000103,30.5,23.76587,86.406547
2026-04-18 22:00:00,N10,0.0197,0.005568,6.78,-0.0183,3e-05,29.3,23.76587,86.406547
2026-04-18 23:00:00,N10,0.1773,0.005152,4.27,-0.0181,0.000123,28.5,23.76587,86.406547
2026-04-19 00:00:00,N10,0.0854,0.007185,5.39,-0.018,0.000219,23.1,23.76587,86.406547
2026-04-19 01:00:00,N10,-0.0689,0.005368,4.13,-0.0185,0.000336,23.3,23.76587,86.406547
2026-04-19 02:00:00,N10,,,,,,,23.76587,86.406547
2026-04-19 03:00:00,N10,,,,,,,23.76587,86.406547
2026-04-19 04:00:00,N10,,,,,,,23.76587,86.406547
2026-04-19 05:00:00,N10,,,,,,,23.76587,86.406547
2026-04-19 06:00:00,N10,,,,,,,23.76587,86.406547
2026-04-19 07:00:00,N10,-0.1633,0.005093,1.03,-0.0197,5.7e-05,32.5,23.76587,86.406547
2026-04-19 08:00:00,N10,0.1829,0.006216,9.53,-0.0197,0.006332,34.3,23.76587,86.406547
2026-04-19 09:00:00,N10,0.1594,0.598537,15.44,-0.0324,0.00641,35.9,23.76587,86.406547
2026-04-19 10:00:00,N10,-0.1354,0.647794,32.07,-0.0325,0.005954,37.1,23.76587,86.406547
2026-04-19 11:00:00,N10,-0.0912,0.005384,2.59,-0.0205,0.005782,37.8,23.76587,86.406547
2026-04-19 12:00:00,N10,,,,,,,23.76587,86.406547
2026-04-19 13:00:00,N10,,,,,,,23.76587,86.406547
2026-04-19 14:00:00,N10,0.0294,0.005274,1.63,-0.0207,0.000432,37.1,23.76587,86.406547
2026-04-19 15:00:00,N10,-0.231,0.005634,4.69,-0.0201,0.000437,35.9,23.76587,86.406547
2026-04-19 16:00:00,N10,-0.0082,0.00533,2.47,-0.0198,0.000143,34.3,23.76587,86.406547
2026-04-19 17:00:00,N10,,,,,,,23.76587,86.406547
2026-04-19 18:00:00,N10,,,,,,,23.76587,86.406547
2026-04-19 19:00:00,N10,0.0435,0.007206,8.31,-0.0192,0.000659,28.6,23.76587,86.406547
2026-04-19 20:00:00,N10,0.1914,0.008194,7.07,-0.0207,0.000916,26.8,23.76587,86.406547
2026-04-19 21:00:00,N10,-0.2211,0.008975,3.79,-0.021,0.000149,25.3,23.76587,86.406547
2026-04-19 22:00:00,N10,-0.025,0.007979,9.64,-0.021,0.00023,24.1,23.76587,86.406547
2026-04-19 23:00:00,N10,-0.0586,0.006534,5.98,-0.0215,0.000209,23.3,23.76587,86.406547
2026-04-20 00:00:00,N10,0.0893,0.005692,1.74,-0.0214,0.000152,23.2,23.76587,86.406547
2026-04-20 01:00:00,N10,-0.1014,0.005631,6.58,-0.0218,0.000258,23.5,23.76587,86.406547
2026-04-20 02:00:00,N10,-0.0777,0.005241,9.49,-0.0219,0.000303,24.2,23.76587,86.406547
2026-04-20 03:00:00,N10,0.0176,0.006375,9.71,-0.0224,0.000355,25.4,23.76587,86.406547
2026-04-20 04:00:00,N10,0.013,0.006486,8.85,-0.0226,0.000267,27.0,23.76587,86.406547
2026-04-20 05:00:00,N10,-0.0455,0.006018,3.99,-0.0229,0.000236,28.8,23.76587,86.406547
2026-04-20 06:00:00,N10,,,,,,,23.76587,86.406547
2026-04-20 07:00:00,N10,,,,,,,23.76587,86.406547
2026-04-20 08:00:00,N10,,,,,,,23.76587,86.406547
2026-04-20 09:00:00,N10,,,,,,,23.76587,86.406547
2026-04-20 10:00:00,N10,0.0423,0.00512,3.19,-0.0225,0.00017,37.2,23.76587,86.406547
2026-04-20 11:00:00,N10,-0.0809,0.007428,2.19,-0.0225,4.7e-05,38.0,23.76587,86.406547
2026-04-20 12:00:00,N10,0.2486,0.005893,8.53,-0.0224,7e-06,38.2,23.76587,86.406547
2026-04-20 13:00:00,N10,0.1415,0.00534,3.51,-0.0225,0.000196,38.0,23.76587,86.406547
2026-04-20 14:00:00,N10,0.2893,0.005545,2.5,-0.022,0.000218,37.2,23.76587,86.406547
2026-04-20 15:00:00,N10,-0.0901,0.00604,8.42,-0.0221,0.000442,36.0,23.76587,86.406547
2026-04-20 16:00:00,N10,-0.0773,0.005285,9.17,-0.0211,0.00057,34.5,23.76587,86.406547
2026-04-20 17:00:00,N10,-0.2145,0.005705,7.2,-0.0209,1.5e-05,32.7,23.76587,86.406547
2026-04-20 18:00:00,N10,0.0584,0.006355,1.56,-0.0211,0.000234,30.7,23.76587,86.406547
2026-04-20 19:00:00,N10,-0.1199,0.005216,8.25,-0.0214,0.0004,28.8,23.76587,86.406547
2026-04-20 20:00:00,N10,0.1693,0.00759,7.9,-0.0219,0.000436,27.0,23.76587,86.406547
2026-04-20 21:00:00,N10,-0.1044,0.0052,3.31,-0.0223,3.7e-05,25.4,23.76587,86.406547
2026-04-20 22:00:00,N10,,,,,,,23.76587,86.406547
2026-04-20 23:00:00,N10,,,,,,,23.76587,86.406547
2026-04-21 00:00:00,N10,-0.0243,0.005183,9.51,-0.0223,6.9e-05,27.7,23.76587,86.406547
2026-04-21 01:00:00,N10,0.1097,0.009114,2.88,-0.0221,0.00018,27.9,23.76587,86.406547
2026-04-21 02:00:00,N10,,,,,,,23.76587,86.406547
2026-04-21 03:00:00,N10,,,,,,,23.76587,86.406547
2026-04-21 04:00:00,N10,,,,,,,23.76587,86.406547
2026-04-21 05:00:00,N10,0.1984,0.008011,8.02,-0.0239,0.000263,33.2,23.76587,86.406547
2026-04-21 06:00:00,N10,-0.2712,0.007971,6.18,-0.0237,0.002708,35.2,23.76587,86.406547
2026-04-21 07:00:00,N10,-0.2182,0.826053,24.8,-0.0293,0.004576,37.1,23.76587,86.406547
2026-04-21 08:00:00,N10,0.0006,0.621971,16.57,-0.0146,0.007233,38.9,23.76587,86.406547
2026-04-21 09:00:00,N10,-0.0019,0.78614,34.87,-0.0148,0.004157,40.5,23.76587,86.406547
2026-04-21 10:00:00,N10,-0.2268,0.005289,4.25,-0.0229,0.003774,41.7,23.76587,86.406547
2026-04-21 11:00:00,N10,0.2419,0.005978,8.83,-0.0224,3.1e-05,42.4,23.76587,86.406547
2026-04-21 12:00:00,N10,0.0898,0.006895,4.0,-0.0228,6.8e-05,42.7,23.76587,86.406547
2026-04-21 13:00:00,N10,0.2521,0.005287,8.43,-0.0225,0.009719,42.4,23.76587,86.406547
2026-04-21 14:00:00,N10,,,,,,,23.76587,86.406547
2026-04-21 15:00:00,N10,,,,,,,23.76587,86.406547
2026-04-21 16:00:00,N10,,,,,,,23.76587,86.406547
2026-04-21 17:00:00,N10,-0.0464,0.00559,9.85,-0.0211,2.7e-05,37.1,23.76587,86.406547
2026-04-21 18:00:00,N10,0.0182,0.010176,2.26,-0.0215,2.3e-05,35.2,23.76587,86.406547
2026-04-21 19:00:00,N10,-0.1169,0.005586,7.04,-0.0211,5.5e-05,33.2,23.76587,86.406547
2026-04-21 20:00:00,N10,-0.0365,0.009729,3.56,-0.0216,0.000375,31.4,23.76587,86.406547
2026-04-21 21:00:00,N10,0.1154,0.007044,1.13,-0.0204,2.1e-05,29.9,23.76587,86.406547
2026-04-21 22:00:00,N10,-0.0056,0.006147,1.28,-0.0216,0.000436,28.7,23.76587,86.406547
2026-04-21 23:00:00,N10,-0.0715,0.005609,8.09,-0.0212,0.000465,27.9,23.76587,86.406547
2026-04-22 00:00:00,N10,,,,,,,23.76587,86.406547
2026-04-22 01:00:00,N10,,,,,,,23.76587,86.406547
2026-04-22 02:00:00,N10,,,,,,,23.76587,86.406547
2026-04-22 03:00:00,N10,0.014,0.007185,5.92,-0.0221,3e-06,26.8,23.76587,86.406547
2026-04-22 04:00:00,N10,-0.2473,0.007656,2.36,-0.022,0.00061,28.4,23.76587,86.406547
2026-04-22 05:00:00,N10,0.0695,0.007429,9.41,-0.0209,0.000767,30.2,23.76587,86.406547
2026-04-22 06:00:00,N10,-0.2375,0.005503,7.56,-0.0205,0.005415,32.1,23.76587,86.406547
2026-04-22 07:00:00,N10,0.0576,0.711607,21.43,-0.0317,0.005663,34.1,23.76587,86.406547
2026-04-22 08:00:00,N10,0.0237,0.629396,25.79,-0.0318,0.005976,35.9,23.76587,86.406547
2026-04-22 09:00:00,N10,0.0727,0.006909,1.78,-0.0197,0.006762,37.4,23.76587,86.406547
2026-04-22 10:00:00,N10,-0.0701,0.005398,2.1,-0.0183,0.0013,38.6,23.76587,86.406547
2026-04-22 11:00:00,N10,-0.0186,0.005897,2.98,-0.0171,0.000944,39.4,23.76587,86.406547
2026-04-22 12:00:00,N10,0.1126,0.005279,9.76,-0.0164,0.000281,39.6,23.76587,86.406547
2026-04-22 13:00:00,N10,0.045,0.006467,9.69,-0.0166,4.7e-05,39.4,23.76587,86.406547
2026-04-22 14:00:00,N10,0.1945,0.005841,8.65,-0.0165,0.008684,38.6,23.76587,86.406547
2026-04-22 15:00:00,N10,0.0681,0.890432,32.54,0.0008,0.003415,37.4,23.76587,86.406547
2026-04-22 16:00:00,N10,0.0002,0.557276,31.21,-0.0233,0.011685,35.9,23.76587,86.406547
2026-04-22 17:00:00,N10,-0.2101,0.584258,43.91,-0.0226,0.004401,34.1,23.76587,86.406547
2026-04-22 18:00:00,N10,0.1716,0.005965,6.34,-0.0145,0.004171,32.1,23.76587,86.406547
2026-04-22 19:00:00,N10,0.1567,0.006496,9.12,-0.0142,0.00022,30.2,23.76587,86.406547
2026-04-22 20:00:00,N10,,,,,,,23.76587,86.406547
2026-04-22 21:00:00,N10,,,,,,,23.76587,86.406547
2026-04-22 22:00:00,N10,,,,,,,23.76587,86.406547
2026-04-22 23:00:00,N10,,,,,,,23.76587,86.406547
2026-04-23 00:00:00,N10,0.1242,0.007096,7.06,-0.0136,0.000154,27.8,23.76587,86.406547
2026-04-23 01:00:00,N10,0.0677,0.006199,1.29,-0.0141,0.000723,28.1,23.76587,86.406547
2026-04-23 02:00:00,N10,-0.1573,0.009485,9.95,-0.015,0.00047,28.8,23.76587,86.406547
2026-04-23 03:00:00,N10,0.0371,0.0071,2.61,-0.015,1.3e-05,30.0,23.76587,86.406547
2026-04-23 04:00:00,N10,0.3417,0.006724,9.15,-0.015,0.000393,31.6,23.76587,86.406547
2026-04-23 05:00:00,N10,-0.0208,0.005791,4.7,-0.0142,0.000229,33.4,23.76587,86.406547
2026-04-23 06:00:00,N10,0.2244,0.007142,1.52,-0.0145,0.0001,35.3,23.76587,86.406547
2026-04-23 07:00:00,N10,,,,,,,23.76587,86.406547
2026-04-23 08:00:00,N10,,,,,,,23.76587,86.406547
2026-04-23 09:00:00,N10,-0.2073,0.005872,2.78,-0.0139,0.003194,40.6,23.76587,86.406547
2026-04-23 10:00:00,N10,0.252,0.006448,7.67,-0.0143,0.000616,41.8,23.76587,86.406547
2026-04-23 11:00:00,N10,0.1112,0.006029,4.97,-0.0152,0.000235,42.6,23.76587,86.406547
2026-04-23 12:00:00,N10,-0.0511,0.005502,2.88,-0.0148,0.000203,42.8,23.76587,86.406547
2026-04-23 13:00:00,N10,,,,,,,23.76587,86.406547
2026-04-23 14:00:00,N10,,,,,,,23.76587,86.406547
2026-04-23 15:00:00,N10,,,,,,,23.76587,86.406547
2026-04-23 16:00:00,N10,,,,,,,23.76587,86.406547
2026-04-23 17:00:00,N10,,,,,,,23.76587,86.406547
2026-04-23 18:00:00,N10,0.1283,0.007981,9.27,-0.0153,0.000379,35.3,23.76587,86.406547
2026-04-23 19:00:00,N10,0.021,0.006298,2.48,-0.016,0.000255,33.4,23.76587,86.406547
2026-04-23 20:00:00,N10,-0.0023,0.005315,9.88,-0.0158,4.4e-05,31.6,23.76587,86.406547
2026-04-23 21:00:00,N10,0.0496,0.005969,2.74,-0.0161,0.000268,30.0,23.76587,86.406547
2026-04-23 22:00:00,N10,-0.0419,0.005467,7.91,-0.0164,5e-05,28.8,23.76587,86.406547
2026-04-23 23:00:00,N10,,,,,,,23.76587,86.406547
2026-04-24 00:00:00,N10,,,,,,,23.76587,86.406547
2026-04-24 01:00:00,N10,,,,,,,23.76587,86.406547
2026-04-24 02:00:00,N10,,,,,,,23.76587,86.406547
2026-04-24 03:00:00,N10,-0.2282,0.009472,8.96,-0.0151,7.2e-05,26.3,23.76587,86.406547
2026-04-24 04:00:00,N10,0.0573,0.006413,1.87,-0.0157,0.000138,27.9,23.76587,86.406547
2026-04-24 05:00:00,N10,0.0679,0.00565,1.48,-0.0154,0.000169,29.7,23.76587,86.406547
2026-04-24 06:00:00,N10,0.1275,0.007082,1.17,-0.0153,0.000323,31.6,23.76587,86.406547
2026-04-24 07:00:00,N10,,,,,,,23.76587,86.406547
2026-04-24 08:00:00,N10,0.0852,0.00719,9.9,-0.0163,0.000203,35.4,23.76587,86.406547
2026-04-24 09:00:00,N10,-0.276,0.007111,1.11,-0.0165,0.000332,36.9,23.76587,86.406547
2026-04-24 10:00:00,N10,0.4228,0.00632,8.77,-0.0169,0.000333,38.1,23.76587,86.406547
2026-04-24 11:00:00,N10,-0.2243,0.005732,6.78,-0.0171,0.004721,38.9,23.76587,86.406547
2026-04-24 12:00:00,N10,0.2915,0.796675,28.34,-0.0264,0.004408,39.1,23.76587,86.406547
2026-04-24 13:00:00,N10,0.1655,0.504349,42.55,-0.0259,0.004336,38.9,23.76587,86.406547
2026-04-24 14:00:00,N10,-0.2377,0.00898,9.92,-0.0177,0.00425,38.1,23.76587,86.406547
2026-04-24 15:00:00,N10,0.1023,0.009186,2.85,-0.0174,0.000172,36.9,23.76587,86.406547
2026-04-24 16:00:00,N10,0.0278,0.006982,9.71,-0.0174,0.000223,35.4,23.76587,86.406547
2026-04-24 17:00:00,N10,,,,,,,23.76587,86.406547
2026-04-24 18:00:00,N10,,,,,,,23.76587,86.406547
2026-04-24 19:00:00,N10,,,,,,,23.76587,86.406547
2026-04-24 20:00:00,N10,-0.0073,0.00601,3.95,-0.0159,0.000501,27.9,23.76587,86.406547
2026-04-24 21:00:00,N10,-0.133,0.005864,4.94,-0.0156,0.000245,26.3,23.76587,86.406547
2026-04-24 22:00:00,N10,-0.0025,0.005841,5.53,-0.0164,0.000644,25.1,23.76587,86.406547
2026-04-24 23:00:00,N10,-0.0013,0.009647,8.92,-0.0169,0.000828,24.4,23.76587,86.406547
2026-04-25 00:00:00,N10,0.1765,0.005203,1.57,-0.018,0.000436,27.9,23.76587,86.406547
2026-04-25 01:00:00,N10,-0.0843,0.007986,3.51,-0.0178,1.3e-05,28.2,23.76587,86.406547
2026-04-25 02:00:00,N10,-0.1922,0.007078,4.32,-0.0181,0.000161,28.9,23.76587,86.406547
2026-04-25 03:00:00,N10,-0.0176,0.00537,7.9,-0.0181,0.000309,30.1,23.76587,86.406547
2026-04-25 04:00:00,N10,-0.041,0.007592,6.36,-0.0174,0.000106,31.7,23.76587,86.406547
2026-04-25 05:00:00,N10,0.1489,0.009014,8.58,-0.0183,0.00049,33.5,23.76587,86.406547
2026-04-25 06:00:00,N10,0.1175,0.006589,3.83,-0.0184,0.000139,35.4,23.76587,86.406547
2026-04-25 07:00:00,N10,0.0434,0.005224,6.73,-0.0186,0.000129,37.4,23.76587,86.406547
2026-04-25 08:00:00,N10,-0.0229,0.005738,4.02,-0.0187,0.003197,39.2,23.76587,86.406547
2026-04-25 09:00:00,N10,-0.0143,0.952603,36.01,-0.025,0.002943,40.7,23.76587,86.406547
2026-04-25 10:00:00,N10,0.0655,0.620471,20.22,-0.0246,0.0102,41.9,23.76587,86.406547
2026-04-25 11:00:00,N10,-0.1323,0.595366,31.74,-0.0046,0.01011,42.7,23.76587,86.406547
2026-04-25 12:00:00,N10,0.0645,0.856945,21.02,-0.0044,0.006567,42.9,23.76587,86.406547
2026-04-25 13:00:00,N10,0.0988,0.005793,6.1,-0.0177,0.006939,42.7,23.76587,86.406547
2026-04-25 14:00:00,N10,0.0279,0.005512,4.03,-0.0182,0.000712,41.9,23.76587,86.406547
2026-04-25 15:00:00,N10,,,,,,,23.76587,86.406547
2026-04-25 16:00:00,N10,,,,,,,23.76587,86.406547
2026-04-25 17:00:00,N10,0.1032,0.008691,1.92,-0.0183,0.000568,37.4,23.76587,86.406547
2026-04-25 18:00:00,N10,0.1084,0.008573,7.14,-0.0181,0.000104,35.4,23.76587,86.406547
2026-04-25 19:00:00,N10,-0.0764,0.005819,5.74,-0.0181,0.000221,33.5,23.76587,86.406547
2026-04-25 20:00:00,N10,0.085,0.006911,2.02,-0.0177,0.0002,31.7,23.76587,86.406547
2026-04-25 21:00:00,N10,0.1947,0.005175,8.66,-0.0177,4.6e-05,30.1,23.76587,86.406547
2026-04-25 22:00:00,N10,0.2276,0.007768,5.82,-0.0178,0.000185,28.9,23.76587,86.406547
2026-04-25 23:00:00,N10,0.078,0.005902,6.39,-0.0181,2.9e-05,28.2,23.76587,86.406547
2026-04-26 00:00:00,N10,0.0765,0.005235,6.6,-0.0177,3.9e-05,25.3,23.76587,86.406547
2026-04-26 01:00:00,N10,-0.0983,0.005413,4.41,-0.018,3.3e-05,25.5,23.76587,86.406547
2026-04-26 02:00:00,N10,-0.1048,0.006083,6.2,-0.0177,0.00021,26.3,23.76587,86.406547
2026-04-26 03:00:00,N10,0.1535,0.006619,7.95,-0.0184,9.6e-05,27.5,23.76587,86.406547
2026-04-26 04:00:00,N10,0.0684,0.006669,1.17,-0.0179,0.000509,29.0,23.76587,86.406547
2026-04-26 05:00:00,N10,-0.0003,0.007758,8.63,-0.0174,0.000372,30.8,23.76587,86.406547
2026-04-26 06:00:00,N10,-0.0324,0.005977,9.37,-0.0171,3.3e-05,32.8,23.76587,86.406547
2026-04-26 07:00:00,N10,0.1223,0.009178,5.91,-0.0174,0.000283,34.7,23.76587,86.406547
2026-04-26 08:00:00,N10,0.0213,0.006648,8.26,-0.0177,0.00106,36.5,23.76587,86.406547
2026-04-26 09:00:00,N10,-0.016,0.56019,43.21,-0.0152,0.003757,38.1,23.76587,86.406547
2026-04-26 10:00:00,N10,0.1904,0.584629,36.25,-0.0102,0.00133,39.3,23.76587,86.406547
2026-04-26 11:00:00,N10,0.0605,0.008667,7.5,-0.0179,0.003929,40.0,23.76587,86.406547
2026-04-26 12:00:00,N10,,,,,,,23.76587,86.406547
2026-04-26 13:00:00,N10,,,,,,,23.76587,86.406547
2026-04-26 14:00:00,N10,0.0663,0.006242,8.99,-0.0179,0.000239,39.3,23.76587,86.406547
2026-04-26 15:00:00,N10,,,,,,,23.76587,86.406547
2026-04-26 16:00:00,N10,,,,,,,23.76587,86.406547
2026-04-26 17:00:00,N10,,,,,,,23.76587,86.406547
2026-04-26 18:00:00,N10,,,,,,,23.76587,86.406547
2026-04-26 19:00:00,N10,,,,,,,23.76587,86.406547
2026-04-26 20:00:00,N10,,,,,,,23.76587,86.406547
2026-04-26 21:00:00,N10,,,,,,,23.76587,86.406547
2026-04-26 22:00:00,N10,0.0724,0.007802,3.23,-0.0181,0.000225,26.3,23.76587,86.406547
2026-04-26 23:00:00,N10,-0.3323,0.007212,4.35,-0.0174,0.000879,25.5,23.76587,86.406547
2026-04-27 00:00:00,N10,0.0285,0.00641,7.75,-0.0163,0.00063,25.5,23.76587,86.406547
2026-04-27 01:00:00,N10,-0.2489,0.007116,2.88,-0.0162,0.000462,25.8,23.76587,86.406547
2026-04-27 02:00:00,N10,-0.0069,0.005746,4.54,-0.0154,0.000301,26.5,23.76587,86.406547
2026-04-27 03:00:00,N10,-0.0945,0.009824,5.91,-0.0156,6.5e-05,27.7,23.76587,86.406547
2026-04-27 04:00:00,N10,0.1332,0.007137,7.33,-0.0153,1.1e-05,29.3,23.76587,86.406547
2026-04-27 05:00:00,N10,0.2268,0.006363,2.93,-0.0156,3.9e-05,31.1,23.76587,86.406547
2026-04-27 06:00:00,N10,-0.0004,0.005126,9.56,-0.0153,3e-06,33.0,23.76587,86.406547
2026-04-27 07:00:00,N10,0.2097,0.00835,9.94,-0.0156,0.000213,35.0,23.76587,86.406547
2026-04-27 08:00:00,N10,0.1812,0.005287,6.97,-0.0158,5.6e-05,36.8,23.76587,86.406547
2026-04-27 09:00:00,N10,0.0071,0.009405,4.51,-0.0157,0.00027,38.3,23.76587,86.406547
2026-04-27 10:00:00,N10,-0.0466,0.009364,1.12,-0.0163,0.000856,39.5,23.76587,86.406547
2026-04-27 11:00:00,N10,-0.0609,0.005456,3.41,-0.0174,0.00047,40.3,23.76587,86.406547
2026-04-27 12:00:00,N10,-0.0998,0.008332,8.09,-0.0172,0.000205,40.5,23.76587,86.406547
2026-04-27 13:00:00,N10,0.0805,0.00791,7.42,-0.017,0.000419,40.3,23.76587,86.406547
2026-04-27 14:00:00,N10,0.2155,0.006946,2.62,-0.0164,0.000252,39.5,23.76587,86.406547
2026-04-27 15:00:00,N10,-0.3092,0.006381,8.77,-0.0165,0.004478,38.3,23.76587,86.406547
2026-04-27 16:00:00,N10,0.1042,0.611199,47.72,-0.0254,0.0054,36.8,23.76587,86.406547
2026-04-27 17:00:00,N10,0.0787,0.840225,40.66,-0.0057,0.010117,35.0,23.76587,86.406547
2026-04-27 18:00:00,N10,-0.2066,0.510315,31.52,-0.0051,0.004881,33.0,23.76587,86.406547
2026-04-27 19:00:00,N10,0.0573,0.007362,8.02,-0.0155,0.005616,31.1,23.76587,86.406547
2026-04-27 20:00:00,N10,,,,,,,23.76587,86.406547
2026-04-27 21:00:00,N10,,,,,,,23.76587,86.406547
2026-04-27 22:00:00,N10,,,,,,,23.76587,86.406547
2026-04-27 23:00:00,N10,,,,,,,23.76587,86.406547
2026-04-28 00:00:00,N10,,,,,,,23.76587,86.406547
2026-04-28 01:00:00,N10,0.1209,0.005527,8.95,-0.0167,0.000173,28.4,23.76587,86.406547
2026-04-28 02:00:00,N10,-0.0706,0.00621,2.02,-0.0171,0.000149,29.1,23.76587,86.406547
2026-04-28 03:00:00,N10,0.0781,0.005314,7.21,-0.017,0.000301,30.3,23.76587,86.406547
2026-04-28 04:00:00,N10,0.1585,0.006975,7.73,-0.0177,0.000429,31.9,23.76587,86.406547
2026-04-28 05:00:00,N10,-0.0597,0.005318,8.52,-0.0178,2.4e-05,33.7,23.76587,86.406547
2026-04-28 06:00:00,N10,,,,,,,23.76587,86.406547
2026-04-28 07:00:00,N10,,,,,,,23.76587,86.406547
2026-04-28 08:00:00,N10,,,,,,,23.76587,86.406547
2026-04-28 09:00:00,N10,,,,,,,23.76587,86.406547
2026-04-28 10:00:00,N10,,,,,,,23.76587,86.406547
2026-04-28 11:00:00,N10,0.0423,0.005064,5.8,-0.0176,0.000306,42.9,23.76587,86.406547
2026-04-28 12:00:00,N10,,,,,,,23.76587,86.406547
2026-04-28 13:00:00,N10,,,,,,,23.76587,86.406547
2026-04-28 14:00:00,N10,,,,,,,23.76587,86.406547
2026-04-28 15:00:00,N10,,,,,,,23.76587,86.406547
2026-04-28 16:00:00,N10,,,,,,,23.76587,86.406547
2026-04-28 17:00:00,N10,0.0731,0.005686,5.87,-0.0188,1.6e-05,37.6,23.76587,86.406547
2026-04-28 18:00:00,N10,,,,,,,23.76587,86.406547
2026-04-28 19:00:00,N10,,,,,,,23.76587,86.406547
2026-04-28 20:00:00,N10,,,,,,,23.76587,86.406547
2026-04-28 21:00:00,N10,,,,,,,23.76587,86.406547
2026-04-28 22:00:00,N10,,,,,,,23.76587,86.406547
2026-04-28 23:00:00,N10,-0.0823,0.008981,6.82,-0.0184,0.000359,28.4,23.76587,86.406547
2026-04-29 00:00:00,N10,0.0985,0.006939,7.54,-0.0185,0.000192,24.3,23.76587,86.406547
2026-04-29 01:00:00,N10,-0.2644,0.006366,6.22,-0.0188,0.000497,24.5,23.76587,86.406547
2026-04-29 02:00:00,N10,-0.1381,0.007626,8.5,-0.0195,0.000383,25.3,23.76587,86.406547
2026-04-29 03:00:00,N10,-0.0669,0.005438,4.04,-0.0196,8e-05,26.5,23.76587,86.406547
2026-04-29 04:00:00,N10,-0.1855,0.00563,4.48,-0.0193,5.4e-05,28.0,23.76587,86.406547
2026-04-29 05:00:00,N10,0.2111,0.006262,8.61,-0.0195,0.000632,29.8,23.76587,86.406547
2026-04-29 06:00:00,N10,0.1161,0.00624,5.6,-0.0206,0.000314,31.8,23.76587,86.406547
2026-04-29 07:00:00,N10,-0.0483,0.005399,9.52,-0.0201,0.000224,33.7,23.76587,86.406547
2026-04-29 08:00:00,N10,0.0261,0.005128,1.42,-0.0201,0.003527,35.5,23.76587,86.406547
2026-04-29 09:00:00,N10,,,,,,,23.76587,86.406547
2026-04-29 10:00:00,N10,,,,,,,23.76587,86.406547
2026-04-29 11:00:00,N10,,,,,,,23.76587,86.406547
2026-04-29 12:00:00,N10,-0.0787,0.005681,4.13,-0.0211,0.000495,39.3,23.76587,86.406547
2026-04-29 13:00:00,N10,-0.2052,0.008571,4.66,-0.0201,0.000345,39.0,23.76587,86.406547
2026-04-29 14:00:00,N10,,,,,,,23.76587,86.406547
2026-04-29 15:00:00,N10,,,,,,,23.76587,86.406547
2026-04-29 16:00:00,N10,,,,,,,23.76587,86.406547
2026-04-29 17:00:00,N10,,,,,,,23.76587,86.406547
2026-04-29 18:00:00,N10,,,,,,,23.76587,86.406547
2026-04-29 19:00:00,N10,-0.1407,0.008621,3.65,-0.0197,6e-06,29.8,23.76587,86.406547
2026-04-29 20:00:00,N10,-0.0962,0.008989,4.46,-0.0202,0.000212,28.0,23.76587,86.406547
2026-04-29 21:00:00,N10,,,,,,,23.76587,86.406547
2026-04-29 22:00:00,N10,,,,,,,23.76587,86.406547
2026-04-29 23:00:00,N10,-0.1605,0.006678,3.74,-0.0187,0.0002,24.5,23.76587,86.406547
2026-04-30 00:00:00,N10,-0.1116,0.005367,9.71,-0.0191,0.000129,23.1,23.76587,86.406547
2026-04-30 01:00:00,N10,0.0496,0.009478,6.25,-0.0189,8.3e-05,23.4,23.76587,86.406547
2026-04-30 02:00:00,N10,-0.2109,0.005225,2.2,-0.0193,0.000354,24.1,23.76587,86.406547
2026-04-30 03:00:00,N10,-0.0363,0.006367,8.18,-0.0196,0.000846,25.3,23.76587,86.406547
2026-04-30 04:00:00,N10,-0.022,0.008426,2.63,-0.021,0.00119,26.9,23.76587,86.406547
2026-04-30 05:00:00,N10,-0.2106,0.006999,7.51,-0.022,0.00059,28.7,23.76587,86.406547
2026-04-30 06:00:00,N10,-0.0187,0.00639,4.67,-0.0222,5e-05,30.6,23.76587,86.406547
2026-04-30 07:00:00,N10,,,,,,,23.76587,86.406547
2026-04-30 08:00:00,N10,,,,,,,23.76587,86.406547
2026-04-30 09:00:00,N10,,,,,,,23.76587,86.406547
2026-04-30 10:00:00,N10,,,,,,,23.76587,86.406547
2026-04-30 11:00:00,N10,,,,,,,23.76587,86.406547
2026-04-30 12:00:00,N10,-0.0833,0.007663,6.21,-0.0201,0.000149,38.1,23.76587,86.406547
2026-04-30 13:00:00,N10,0.024,0.006086,3.54,-0.0203,0.006805,37.9,23.76587,86.406547
2026-04-30 14:00:00,N10,0.0176,0.557334,43.15,-0.0065,0.007126,37.1,23.76587,86.406547
2026-04-30 15:00:00,N10,,,,,,,23.76587,86.406547
2026-04-30 16:00:00,N10,,,,,,,23.76587,86.406547
2026-04-30 17:00:00,N10,,,,,,,23.76587,86.406547
2026-04-30 18:00:00,N10,,,,,,,23.76587,86.406547
2026-04-30 19:00:00,N10,,,,,,,23.76587,86.406547
2026-04-30 20:00:00,N10,-0.2448,0.007085,7.4,-0.019,0.000255,26.9,23.76587,86.406547
2026-04-30 21:00:00,N10,0.0439,0.006011,2.57,-0.0198,5.3e-05,25.3,23.76587,86.406547
2026-04-30 22:00:00,N10,,,,,,,23.76587,86.406547
2026-04-30 23:00:00,N10,,,,,,,23.76587,86.406547
2026-05-01 00:00:00,N10,,,,,,,23.76587,86.406547
2026-05-01 01:00:00,N10,,,,,,,23.76587,86.406547
2026-05-01 02:00:00,N10,,,,,,,23.76587,86.406547
2026-05-01 03:00:00,N10,-0.111,0.005116,9.76,-0.0202,2.9e-05,26.3,23.76587,86.406547
2026-05-01 04:00:00,N10,0.0075,0.009491,3.36,-0.0199,0.000143,27.9,23.76587,86.406547
2026-05-01 05:00:00,N10,-0.0765,0.007262,7.21,-0.0199,0.000329,29.7,23.76587,86.406547
2026-05-01 06:00:00,N10,0.0234,0.005731,6.49,-0.0192,0.00888,31.6,23.76587,86.406547
2026-05-01 07:00:00,N10,0.2033,0.605748,43.47,-0.0022,0.001121,33.5,23.76587,86.406547
2026-05-01 08:00:00,N10,0.0258,0.916027,21.57,-0.0215,0.018314,35.4,23.76587,86.406547
2026-05-01 09:00:00,N10,0.1716,0.500291,45.88,-0.0388,0.000962,36.9,23.76587,86.406547
2026-05-01 10:00:00,N10,-0.0536,0.005234,8.81,-0.0196,0.005374,38.1,23.76587,86.406547
2026-05-01 11:00:00,N10,-0.1797,0.541919,15.06,-0.0281,0.000358,38.8,23.76587,86.406547
2026-05-01 12:00:00,N10,0.3045,0.005111,4.28,-0.0203,0.003926,39.1,23.76587,86.406547
2026-05-01 13:00:00,N10,0.0772,0.008472,4.95,-0.0202,0.000438,38.8,23.76587,86.406547
2026-05-01 14:00:00,N10,0.1376,0.006263,1.16,-0.0194,1.1e-05,38.1,23.76587,86.406547
2026-05-01 15:00:00,N10,-0.1094,0.006381,9.21,-0.0202,0.000711,36.9,23.76587,86.406547
2026-05-01 16:00:00,N10,0.0512,0.005292,3.23,-0.0208,3.2e-05,35.4,23.76587,86.406547
2026-05-01 17:00:00,N10,0.0916,0.005044,6.08,-0.0202,0.000652,33.5,23.76587,86.406547
2026-05-01 18:00:00,N10,0.1903,0.007367,9.13,-0.0195,0.000775,31.6,23.76587,86.406547
2026-05-01 19:00:00,N10,0.0547,0.007142,8.0,-0.0186,0.000508,29.7,23.76587,86.406547
2026-05-01 20:00:00,N10,0.0832,0.005112,4.66,-0.0185,0.00029,27.9,23.76587,86.406547
2026-05-01 21:00:00,N10,-0.2204,0.007356,9.97,-0.0192,0.000122,26.3,23.76587,86.406547
2026-05-01 22:00:00,N10,-0.1065,0.007389,7.77,-0.0183,0.000367,25.1,23.76587,86.406547
2026-05-01 23:00:00,N10,0.2077,0.005216,3.59,-0.0185,0.000325,24.4,23.76587,86.406547
2026-05-02 00:00:00,N10,0.1044,0.007101,4.23,-0.0189,0.000147,25.9,23.76587,86.406547
2026-05-02 01:00:00,N10,-0.01,0.006261,8.18,-0.0182,0.00046,26.2,23.76587,86.406547
2026-05-02 02:00:00,N10,0.128,0.006543,1.15,-0.018,0.000144,26.9,23.76587,86.406547
2026-05-02 03:00:00,N10,-0.1974,0.008002,9.86,-0.0179,0.00023,28.1,23.76587,86.406547
2026-05-02 04:00:00,N10,-0.018,0.00787,5.25,-0.0175,0.000361,29.7,23.76587,86.406547
2026-05-02 05:00:00,N10,0.0641,0.00563,2.29,-0.0186,0.000517,31.5,23.76587,86.406547
2026-05-02 06:00:00,N10,-0.3156,0.006466,9.72,-0.0186,0.000172,33.4,23.76587,86.406547
2026-05-02 07:00:00,N10,0.022,0.005315,3.81,-0.0183,0.000338,35.3,23.76587,86.406547
2026-05-02 08:00:00,N10,0.0357,0.005804,6.38,-0.0179,0.000312,37.2,23.76587,86.406547
2026-05-02 09:00:00,N10,-0.0024,0.006543,7.74,-0.0176,0.000164,38.7,23.76587,86.406547
2026-05-02 10:00:00,N10,-0.0045,0.007123,1.3,-0.0182,0.000499,39.9,23.76587,86.406547
2026-05-02 11:00:00,N10,0.0659,0.006123,2.65,-0.0186,5.4e-05,40.6,23.76587,86.406547
2026-05-02 12:00:00,N10,0.1296,0.007826,1.76,-0.0181,0.000107,40.9,23.76587,86.406547
2026-05-02 13:00:00,N10,-0.1348,0.005698,3.27,-0.0184,0.000474,40.6,23.76587,86.406547
2026-05-02 14:00:00,N10,0.0927,0.005839,1.46,-0.019,0.00439,39.9,23.76587,86.406547
2026-05-02 15:00:00,N10,0.1502,0.809562,25.31,-0.0096,0.000183,38.7,23.76587,86.406547
2026-05-02 16:00:00,N10,,,,,,,23.76587,86.406547
2026-05-02 17:00:00,N10,,,,,,,23.76587,86.406547
2026-05-02 18:00:00,N10,0.017,0.006788,2.79,-0.019,0.000279,33.4,23.76587,86.406547
2026-05-02 19:00:00,N10,,,,,,,23.76587,86.406547
2026-05-02 20:00:00,N10,,,,,,,23.76587,86.406547
2026-05-02 21:00:00,N10,,,,,,,23.76587,86.406547
2026-05-02 22:00:00,N10,,,,,,,23.76587,86.406547
2026-05-02 23:00:00,N10,0.01,0.006386,3.72,-0.0187,0.000164,26.2,23.76587,86.406547
2026-05-03 00:00:00,N10,-0.1938,0.006834,3.44,-0.0193,0.000786,21.9,23.76587,86.406547
2026-05-03 01:00:00,N10,-0.2713,0.00505,5.27,-0.0202,0.000303,22.1,23.76587,86.406547
2026-05-03 02:00:00,N10,-0.0581,0.007364,7.8,-0.0199,0.000271,22.9,23.76587,86.406547
2026-05-03 03:00:00,N10,0.1293,0.007463,5.85,-0.0197,0.000143,24.1,23.76587,86.406547
2026-05-03 04:00:00,N10,-0.3465,0.007024,8.37,-0.0196,0.000257,25.6,23.76587,86.406547
2026-05-03 05:00:00,N10,-0.2364,0.007243,8.5,-0.0202,0.000724,27.4,23.76587,86.406547
2026-05-03 06:00:00,N10,-0.0606,0.00667,4.34,-0.0211,0.000541,29.4,23.76587,86.406547
2026-05-03 07:00:00,N10,-0.1636,0.006025,6.07,-0.0213,0.000245,31.3,23.76587,86.406547
2026-05-03 08:00:00,N10,0.0269,0.005276,9.77,-0.0216,0.000146,33.1,23.76587,86.406547
2026-05-03 09:00:00,N10,,,,,,,23.76587,86.406547
2026-05-03 10:00:00,N10,,,,,,,23.76587,86.406547
2026-05-03 11:00:00,N10,0.107,0.005748,1.6,-0.0225,0.002867,36.6,23.76587,86.406547
2026-05-03 12:00:00,N10,,,,,,,23.76587,86.406547
2026-05-03 13:00:00,N10,,,,,,,23.76587,86.406547
2026-05-03 14:00:00,N10,,,,,,,23.76587,86.406547
2026-05-03 15:00:00,N10,,,,,,,23.76587,86.406547
2026-05-03 16:00:00,N10,-0.1286,0.833336,39.07,-0.0365,1e-06,33.1,23.76587,86.406547
2026-05-03 17:00:00,N10,0.1585,0.007411,1.89,-0.0237,0.006278,31.3,23.76587,86.406547
2026-05-03 18:00:00,N10,,,,,,,23.76587,86.406547
2026-05-03 19:00:00,N10,,,,,,,23.76587,86.406547
2026-05-03 20:00:00,N10,0.0095,0.00788,4.35,-0.0249,0.000461,25.6,23.76587,86.406547
2026-05-03 21:00:00,N10,-0.1922,0.00783,6.86,-0.0254,0.000282,24.1,23.76587,86.406547
2026-05-03 22:00:00,N10,-0.0993,0.008732,4.12,-0.0254,0.000366,22.9,23.76587,86.406547
2026-05-03 23:00:00,N10,0.0062,0.007319,6.53,-0.0261,0.000314,22.1,23.76587,86.406547
2026-05-04 00:00:00,N10,-0.2711,0.006563,8.01,-0.0261,0.000236,26.3,23.76587,86.406547
2026-05-04 01:00:00,N10,0.0682,0.006536,3.74,-0.0266,0.000156,26.5,23.76587,86.406547
2026-05-04 02:00:00,N10,-0.0289,0.007675,1.06,-0.0257,3.1e-05,27.3,23.76587,86.406547
2026-05-04 03:00:00,N10,-0.3551,0.008462,1.17,-0.0267,1.2e-05,28.5,23.76587,86.406547
2026-05-04 04:00:00,N10,-0.1972,0.006039,8.24,-0.0258,0.000527,30.0,23.76587,86.406547
2026-05-04 05:00:00,N10,0.0007,0.008457,3.21,-0.0256,0.000437,31.8,23.76587,86.406547
2026-05-04 06:00:00,N10,0.0975,0.005957,6.19,-0.0249,0.000535,33.8,23.76587,86.406547
2026-05-04 07:00:00,N10,0.0054,0.005497,4.61,-0.0246,0.000378,35.7,23.76587,86.406547
2026-05-04 08:00:00,N10,,,,,,,23.76587,86.406547
2026-05-04 09:00:00,N10,,,,,,,23.76587,86.406547
2026-05-04 10:00:00,N10,,,,,,,23.76587,86.406547
2026-05-04 11:00:00,N10,0.1506,0.005242,1.92,-0.0249,0.000428,41.0,23.76587,86.406547
2026-05-04 12:00:00,N10,-0.3362,0.00739,9.11,-0.0241,3.7e-05,41.3,23.76587,86.406547
2026-05-04 13:00:00,N10,0.0156,0.006516,3.44,-0.025,0.010377,41.0,23.76587,86.406547
2026-05-04 14:00:00,N10,0.2017,0.765666,28.88,-0.0449,9.6e-05,40.3,23.76587,86.406547
2026-05-04 15:00:00,N10,-0.1158,0.005643,5.27,-0.0248,0.010148,39.1,23.76587,86.406547
2026-05-04 16:00:00,N10,-0.3036,0.007121,4.91,-0.0246,0.004781,37.5,23.76587,86.406547
2026-05-04 17:00:00,N10,-0.1768,0.681277,38.82,-0.0152,0.004868,35.7,23.76587,86.406547
2026-05-04 18:00:00,N10,-0.0598,0.92522,27.67,-0.0148,0.00419,33.8,23.76587,86.406547
2026-05-04 19:00:00,N10,-0.043,0.006222,8.36,-0.0236,0.004341,31.8,23.76587,86.406547
2026-05-04 20:00:00,N10,-0.2524,0.0058,2.26,-0.0235,0.000156,30.0,23.76587,86.406547
2026-05-04 21:00:00,N10,0.02,0.009484,4.8,-0.0233,9.2e-05,28.5,23.76587,86.406547
2026-05-04 22:00:00,N10,,,,,,,23.76587,86.406547
2026-05-04 23:00:00,N10,,,,,,,23.76587,86.406547
2026-05-05 00:00:00,N10,-0.0714,0.006764,7.59,-0.0239,9e-06,23.9,23.76587,86.406547
2026-05-05 01:00:00,N10,0.0388,0.01028,5.28,-0.0234,0.000222,24.2,23.76587,86.406547
2026-05-05 02:00:00,N10,,,,,,,23.76587,86.406547
2026-05-05 03:00:00,N10,,,,,,,23.76587,86.406547
2026-05-05 04:00:00,N10,,,,,,,23.76587,86.406547
2026-05-05 05:00:00,N10,-0.2737,0.008171,5.71,-0.0236,0.009991,29.5,23.76587,86.406547
2026-05-05 06:00:00,N10,0.3134,0.681865,24.92,-0.0432,0.000334,31.4,23.76587,86.406547
2026-05-05 07:00:00,N10,,,,,,,23.76587,86.406547
2026-05-05 08:00:00,N10,,,,,,,23.76587,86.406547
2026-05-05 09:00:00,N10,-0.0226,0.005668,6.3,-0.0224,0.000218,36.7,23.76587,86.406547
2026-05-05 10:00:00,N10,0.0599,0.005082,1.06,-0.0231,0.000412,37.9,23.76587,86.406547
2026-05-05 11:00:00,N10,,,,,,,23.76587,86.406547
2026-05-05 12:00:00,N10,,,,,,,23.76587,86.406547
2026-05-05 13:00:00,N10,,,,,,,23.76587,86.406547
2026-05-05 14:00:00,N10,,,,,,,23.76587,86.406547
2026-05-05 15:00:00,N10,,,,,,,23.76587,86.406547
2026-05-05 16:00:00,N10,-0.3047,0.007056,2.35,-0.0217,0.00055,35.2,23.76587,86.406547
2026-05-05 17:00:00,N10,0.0328,0.00545,4.55,-0.022,0.000516,33.4,23.76587,86.406547
2026-05-05 18:00:00,N10,0.1405,0.005583,9.42,-0.0227,0.000558,31.4,23.76587,86.406547
2026-05-05 19:00:00,N10,0.026,0.007699,1.3,-0.0231,0.000251,29.5,23.76587,86.406547
2026-05-05 20:00:00,N10,-0.2223,0.007056,4.92,-0.0232,0.00049,27.7,23.76587,86.406547
2026-05-05 21:00:00,N10,0.129,0.005335,9.94,-0.0241,0.000601,26.1,23.76587,86.406547
2026-05-05 22:00:00,N10,0.0483,0.006369,6.02,-0.0245,0.000267,24.9,23.76587,86.406547
2026-05-05 23:00:00,N10,-0.1968,0.005466,9.03,-0.0247,4e-06,24.2,23.76587,86.406547
2026-05-06 00:00:00,N10,,,,,,,23.76587,86.406547
2026-05-06 01:00:00,N10,,,,,,,23.76587,86.406547
2026-05-06 02:00:00,N10,,,,,,,23.76587,86.406547
2026-05-06 03:00:00,N10,,,,,,,23.76587,86.406547
2026-05-06 04:00:00,N10,0.1765,0.006134,8.58,-0.0246,0.00071,31.0,23.76587,86.406547
2026-05-06 05:00:00,N10,-0.1943,0.0077,4.98,-0.0255,0.000524,32.9,23.76587,86.406547
2026-05-06 06:00:00,N10,-0.0219,0.007355,2.97,-0.0257,0.000562,34.8,23.76587,86.406547
2026-05-06 07:00:00,N10,-0.0716,0.00882,1.36,-0.0267,0.000117,36.7,23.76587,86.406547
2026-05-06 08:00:00,N10,0.0847,0.005309,3.72,-0.0259,0.000286,38.5,23.76587,86.406547
2026-05-06 09:00:00,N10,0.111,0.0063,2.05,-0.0261,0.000205,40.1,23.76587,86.406547
2026-05-06 10:00:00,N10,-0.0907,0.007873,5.93,-0.0263,5.6e-05,41.3,23.76587,86.406547
2026-05-06 11:00:00,N10,0.2327,0.006286,9.16,-0.0262,0.000248,42.0,23.76587,86.406547
2026-05-06 12:00:00,N10,0.1174,0.007531,9.56,-0.0258,0.000288,42.3,23.76587,86.406547
2026-05-06 13:00:00,N10,0.034,0.006929,1.02,-0.0256,0.000158,42.0,23.76587,86.406547
2026-05-06 14:00:00,N10,0.0255,0.006934,9.78,-0.0261,0.00984,41.3,23.76587,86.406547
2026-05-06 15:00:00,N10,-0.0981,0.976336,16.59,-0.0453,0.009776,40.1,23.76587,86.406547
2026-05-06 16:00:00,N10,-0.1513,0.680043,46.43,-0.0457,0.009052,38.5,23.76587,86.406547
2026-05-06 17:00:00,N10,0.1673,0.007618,9.35,-0.0272,0.009183,36.7,23.76587,86.406547
2026-05-06 18:00:00,N10,0.235,0.007995,2.54,-0.0273,2.2e-05,34.8,23.76587,86.406547
2026-05-06 19:00:00,N10,0.0881,0.006093,3.16,-0.0272,0.000147,32.9,23.76587,86.406547
2026-05-06 20:00:00,N10,-0.1612,0.009461,5.64,-0.0276,0.000221,31.0,23.76587,86.406547
2026-05-06 21:00:00,N10,-0.0436,0.006114,8.24,-0.0276,0.000277,29.5,23.76587,86.406547
2026-05-06 22:00:00,N10,-0.0455,0.009218,1.04,-0.0282,0.000196,28.3,23.76587,86.406547
2026-05-06 23:00:00,N10,-0.1683,0.008695,5.07,-0.028,0.000123,27.6,23.76587,86.406547
2026-05-07 00:00:00,N10,-0.1482,0.005624,7.65,-0.0284,0.000279,20.2,23.76587,86.406547
2026-05-07 01:00:00,N10,,,,,,,23.76587,86.406547
2026-05-07 02:00:00,N10,,,,,,,23.76587,86.406547
2026-05-07 03:00:00,N10,,,,,,,23.76587,86.406547
2026-05-07 04:00:00,N10,,,,,,,23.76587,86.406547
2026-05-07 05:00:00,N10,,,,,,,23.76587,86.406547
2026-05-07 06:00:00,N10,-0.2329,0.005274,5.23,-0.029,0.000537,27.7,23.76587,86.406547
2026-05-07 07:00:00,N10,0.1006,0.006502,3.59,-0.0292,0.000258,29.7,23.76587,86.406547
2026-05-07 08:00:00,N10,-0.0539,0.008419,5.57,-0.0295,0.000348,31.5,23.76587,86.406547
2026-05-07 09:00:00,N10,0.0268,0.006835,4.38,-0.0285,0.000653,33.0,23.76587,86.406547
2026-05-07 10:00:00,N10,0.0758,0.00558,2.94,-0.0282,0.000179,34.2,23.76587,86.406547
2026-05-07 11:00:00,N10,,,,,,,23.76587,86.406547
2026-05-07 12:00:00,N10,0.2655,0.005165,8.53,-0.0287,0.000195,35.2,23.76587,86.406547
2026-05-07 13:00:00,N10,0.0453,0.006909,2.44,-0.0292,0.008638,35.0,23.76587,86.406547
2026-05-07 14:00:00,N10,,,,,,,23.76587,86.406547
2026-05-07 15:00:00,N10,,,,,,,23.76587,86.406547
2026-05-07 16:00:00,N10,,,,,,,23.76587,86.406547
2026-05-07 17:00:00,N10,-0.1554,0.005599,9.72,-0.0295,0.000267,29.7,23.76587,86.406547
2026-05-07 18:00:00,N10,,,,,,,23.76587,86.406547
2026-05-07 19:00:00,N10,,,,,,,23.76587,86.406547
2026-05-07 20:00:00,N10,0.0528,0.005331,2.89,-0.0285,0.000351,24.0,23.76587,86.406547
2026-05-07 21:00:00,N10,-0.0677,0.006855,4.04,-0.0281,0.000285,22.4,23.76587,86.406547
2026-05-07 22:00:00,N10,0.0038,0.005726,9.79,-0.028,7.4e-05,21.2,23.76587,86.406547
2026-05-07 23:00:00,N10,0.1568,0.006987,9.41,-0.0279,0.000181,20.5,23.76587,86.406547
2026-05-08 00:00:00,N10,-0.1587,0.007133,1.35,-0.0276,6.9e-05,23.4,23.76587,86.406547
2026-05-08 01:00:00,N10,-0.157,0.006035,2.18,-0.0281,9.4e-05,23.7,23.76587,86.406547
2026-05-08 02:00:00,N10,-0.1595,0.005448,5.36,-0.0278,6.4e-05,24.4,23.76587,86.406547
2026-05-08 03:00:00,N10,-0.1334,0.006122,8.35,-0.0279,0.000151,25.6,23.76587,86.406547
2026-05-08 04:00:00,N10,-0.1381,0.007347,4.4,-0.0275,0.000287,27.2,23.76587,86.406547
2026-05-08 05:00:00,N10,0.0026,0.005878,2.21,-0.0274,0.00032,29.0,23.76587,86.406547
2026-05-08 06:00:00,N10,-0.2138,0.007366,6.17,-0.0281,0.000251,30.9,23.76587,86.406547
2026-05-08 07:00:00,N10,0.2255,0.005705,9.92,-0.0279,7.6e-05,32.9,23.76587,86.406547
2026-05-08 08:00:00,N10,0.1188,0.006799,1.85,-0.028,0.000344,34.7,23.76587,86.406547
2026-05-08 09:00:00,N10,-0.0191,0.009488,3.98,-0.0285,7.2e-05,36.2,23.76587,86.406547
2026-05-08 10:00:00,N10,0.2359,0.005453,2.51,-0.0278,0.000531,37.4,23.76587,86.406547
2026-05-08 11:00:00,N10,-0.1187,0.006054,7.06,-0.0275,8.8e-05,38.2,23.76587,86.406547
2026-05-08 12:00:00,N10,0.0069,0.005917,2.47,-0.028,0.007058,38.4,23.76587,86.406547
2026-05-08 13:00:00,N10,0.2419,0.695529,45.3,-0.0416,0.007048,38.2,23.76587,86.406547
2026-05-08 14:00:00,N10,0.1302,0.621612,27.41,-0.0421,0.007228,37.4,23.76587,86.406547
2026-05-08 15:00:00,N10,-0.0354,0.006129,5.44,-0.0271,0.013462,36.2,23.76587,86.406547
2026-05-08 16:00:00,N10,,,,,,,23.76587,86.406547
2026-05-08 17:00:00,N10,,,,,,,23.76587,86.406547
2026-05-08 18:00:00,N10,,,,,,,23.76587,86.406547
2026-05-08 19:00:00,N10,,,,,,,23.76587,86.406547
2026-05-08 20:00:00,N10,,,,,,,23.76587,86.406547
2026-05-08 21:00:00,N10,-0.1451,0.005086,7.09,-0.0288,0.000135,25.6,23.76587,86.406547
2026-05-08 22:00:00,N10,0.2389,0.007054,1.21,-0.0288,0.000298,24.4,23.76587,86.406547
2026-05-08 23:00:00,N10,0.184,0.005358,7.95,-0.0282,0.000349,23.7,23.76587,86.406547
2026-05-09 00:00:00,N10,0.1339,0.007281,9.9,-0.0281,8.9e-05,21.6,23.76587,86.406547
2026-05-09 01:00:00,N10,0.052,0.007072,8.48,-0.0284,0.000213,21.9,23.76587,86.406547
2026-05-09 02:00:00,N10,0.0082,0.005724,8.28,-0.0276,0.000661,22.6,23.76587,86.406547
2026-05-09 03:00:00,N10,0.063,0.006171,1.56,-0.0271,9.2e-05,23.8,23.76587,86.406547
2026-05-09 04:00:00,N10,,,,,,,23.76587,86.406547
2026-05-09 05:00:00,N10,,,,,,,23.76587,86.406547
2026-05-09 06:00:00,N10,,,,,,,23.76587,86.406547
2026-05-09 07:00:00,N10,-0.0458,0.006234,1.64,-0.0261,0.000158,31.1,23.76587,86.406547
2026-05-09 08:00:00,N10,0.0632,0.005183,9.32,-0.0262,0.0037,32.9,23.76587,86.406547
2026-05-09 09:00:00,N10,0.1183,0.909586,47.1,-0.0335,0.000124,34.4,23.76587,86.406547
2026-05-09 10:00:00,N10,-0.302,0.006667,7.63,-0.0264,0.003584,35.6,23.76587,86.406547
2026-05-09 11:00:00,N10,0.1422,0.009023,7.81,-0.0263,0.000285,36.4,23.76587,86.406547
2026-05-09 12:00:00,N10,0.0231,0.005556,5.35,-0.027,8.7e-05,36.6,23.76587,86.406547
2026-05-09 13:00:00,N10,-0.0024,0.006187,2.54,-0.0265,0.000316,36.4,23.76587,86.406547
2026-05-09 14:00:00,N10,0.0847,0.005806,5.56,-0.0264,0.000355,35.6,23.76587,86.406547
2026-05-09 15:00:00,N10,-0.0738,0.008615,3.36,-0.0258,0.000235,34.4,23.76587,86.406547
2026-05-09 16:00:00,N10,-0.0093,0.005608,2.2,-0.0259,0.000466,32.9,23.76587,86.406547
2026-05-09 17:00:00,N10,-0.2894,0.006417,7.03,-0.0267,0.000607,31.1,23.76587,86.406547
2026-05-09 18:00:00,N10,0.0281,0.00759,9.13,-0.0271,0.000588,29.1,23.76587,86.406547
2026-05-09 19:00:00,N10,-0.288,0.005042,2.24,-0.0279,0.000278,27.2,23.76587,86.406547
2026-05-09 20:00:00,N10,0.001,0.005896,5.79,-0.0277,8.5e-05,25.4,23.76587,86.406547
2026-05-09 21:00:00,N10,0.281,0.006481,6.39,-0.0277,0.000468,23.8,23.76587,86.406547
2026-05-09 22:00:00,N10,-0.0753,0.005782,4.87,-0.0267,0.000567,22.6,23.76587,86.406547
2026-05-09 23:00:00,N10,-0.0726,0.006686,4.43,-0.0266,0.000407,21.9,23.76587,86.406547
2026-05-10 00:00:00,N10,-0.0858,0.006107,8.49,-0.0259,0.000399,23.3,23.76587,86.406547
2026-05-10 01:00:00,N10,-0.13,0.008301,4.58,-0.0258,7.1e-05,23.6,23.76587,86.406547
2026-05-10 02:00:00,N10,,,,,,,23.76587,86.406547
2026-05-10 03:00:00,N10,,,,,,,23.76587,86.406547
2026-05-10 04:00:00,N10,,,,,,,23.76587,86.406547
2026-05-10 05:00:00,N10,-0.108,0.006328,8.21,-0.0273,4.7e-05,28.9,23.76587,86.406547
2026-05-10 06:00:00,N10,0.3191,0.0086,1.72,-0.0267,0.000934,30.8,23.76587,86.406547
2026-05-10 07:00:00,N10,-0.0472,0.007949,3.83,-0.0254,0.001402,32.8,23.76587,86.406547
2026-05-10 08:00:00,N10,0.0883,0.006234,2.0,-0.0239,0.001837,34.6,23.76587,86.406547
2026-05-10 09:00:00,N10,,,,,,,23.76587,86.406547
2026-05-10 10:00:00,N10,,,,,,,23.76587,86.406547
2026-05-10 11:00:00,N10,,,,,,,23.76587,86.406547
2026-05-10 12:00:00,N10,,,,,,,23.76587,86.406547
2026-05-10 13:00:00,N10,-0.0754,0.0071,4.9,0.0305,0.018723,38.1,23.76587,86.406547
2026-05-10 14:00:00,N10,0.0708,0.007002,4.51,0.0437,0.015419,37.3,23.76587,86.406547
2026-05-10 15:00:00,N10,0.0758,0.668129,48.94,0.0613,0.012804,36.2,23.76587,86.406547
2026-05-10 16:00:00,N10,,,,,,,23.76587,86.406547
2026-05-10 17:00:00,N10,,,,,,,23.76587,86.406547
2026-05-10 18:00:00,N10,,,,,,,23.76587,86.406547
2026-05-10 19:00:00,N10,,,,,,,23.76587,86.406547
2026-05-10 20:00:00,N10,,,,,,,23.76587,86.406547
2026-05-10 21:00:00,N10,-0.0255,0.007425,1.73,0.1343,0.012608,25.5,23.76587,86.406547
2026-05-10 22:00:00,N10,-0.3795,0.007745,3.74,0.1465,0.012783,24.4,23.76587,86.406547
2026-05-10 23:00:00,N10,-0.1494,0.005017,9.89,0.1598,0.012763,23.6,23.76587,86.406547
2026-05-11 00:00:00,N10,-0.1071,0.006904,2.08,0.172,0.012535,25.5,23.76587,86.406547
2026-05-11 01:00:00,N10,-0.0286,0.006288,3.18,0.1849,0.012853,25.8,23.76587,86.406547
2026-05-11 02:00:00,N10,0.2257,0.008268,1.41,0.1977,0.012821,26.5,23.76587,86.406547
2026-05-11 03:00:00,N10,,,,,,,23.76587,86.406547
2026-05-11 04:00:00,N10,,,,,,,23.76587,86.406547
2026-05-11 05:00:00,N10,0.3246,0.006258,9.99,0.2375,0.01324,31.1,23.76587,86.406547
2026-05-11 06:00:00,N10,0.017,0.00671,1.06,0.2505,0.01316,33.0,23.76587,86.406547
2026-05-11 07:00:00,N10,,,,,,,23.76587,86.406547
2026-05-11 08:00:00,N10,,,,,,,23.76587,86.406547
2026-05-11 09:00:00,N10,,,,,,,23.76587,86.406547
2026-05-11 10:00:00,N10,,,,,,,23.76587,86.406547
2026-05-11 11:00:00,N10,0.042,0.006363,6.78,0.3145,0.013206,40.2,23.76587,86.406547
2026-05-11 12:00:00,N10,-0.0358,0.005906,4.94,0.328,0.013485,40.5,23.76587,86.406547
2026-05-11 13:00:00,N10,,,,,,,23.76587,86.406547
2026-05-11 14:00:00,N10,,,,,,,23.76587,86.406547
2026-05-11 15:00:00,N10,-0.0712,0.005451,6.49,0.3681,0.012774,38.3,23.76587,86.406547
2026-05-11 16:00:00,N10,,,,,,,23.76587,86.406547
2026-05-11 17:00:00,N10,,,,,,,23.76587,86.406547
2026-05-11 18:00:00,N10,,,,,,,23.76587,86.406547
2026-05-11 19:00:00,N10,0.176,0.007585,6.33,0.42,0.01294,31.1,23.76587,86.406547
2026-05-11 20:00:00,N10,0.0368,0.007464,9.19,0.4328,0.012398,29.2,23.76587,86.406547
2026-05-11 21:00:00,N10,-0.1782,0.006264,7.02,0.4448,0.012736,27.7,23.76587,86.406547
2026-05-11 22:00:00,N10,0.0273,0.00712,9.38,0.4583,0.012812,26.5,23.76587,86.406547
2026-05-11 23:00:00,N10,,,,,,,23.76587,86.406547
2026-05-12 00:00:00,N10,,,,,,,23.76587,86.406547
2026-05-12 01:00:00,N10,-0.0978,0.007376,4.15,0.4953,0.012571,24.9,23.76587,86.406547
2026-05-12 02:00:00,N10,-0.0255,0.006908,2.23,0.508,0.012859,25.6,23.76587,86.406547
2026-05-12 03:00:00,N10,-0.0425,0.006598,3.32,0.521,0.013008,26.8,23.76587,86.406547
2026-05-12 04:00:00,N10,0.0461,0.006369,7.95,0.534,0.012375,28.4,23.76587,86.406547
2026-05-12 05:00:00,N10,0.1405,0.008102,3.29,0.5458,0.012173,30.2,23.76587,86.406547
2026-05-12 06:00:00,N10,-0.2305,0.008824,8.65,0.5583,0.012316,32.1,23.76587,86.406547
2026-05-12 07:00:00,N10,-0.0605,0.005554,2.03,0.5704,0.021075,34.1,23.76587,86.406547
2026-05-12 08:00:00,N10,,,,,,,23.76587,86.406547
2026-05-12 09:00:00,N10,,,,,,,23.76587,86.406547
2026-05-12 10:00:00,N10,,,,,,,23.76587,86.406547
2026-05-12 11:00:00,N10,,,,,,,23.76587,86.406547
2026-05-12 12:00:00,N10,,,,,,,23.76587,86.406547
2026-05-12 13:00:00,N10,0.1275,0.005357,9.93,0.6442,0.012352,39.4,23.76587,86.406547
2026-05-12 14:00:00,N10,-0.1648,0.006677,3.79,0.6571,0.013001,38.6,23.76587,86.406547
2026-05-12 15:00:00,N10,-0.0662,0.006889,5.21,0.6702,0.012702,37.4,23.76587,86.406547
2026-05-12 16:00:00,N10,0.0062,0.006482,9.52,0.6825,0.012612,35.9,23.76587,86.406547
2026-05-12 17:00:00,N10,0.3005,0.008293,1.38,0.6954,0.012769,34.1,23.76587,86.406547
2026-05-12 18:00:00,N10,-0.0639,0.005263,4.07,0.708,0.012124,32.1,23.76587,86.406547
2026-05-12 19:00:00,N10,-0.029,0.005579,2.63,0.7196,0.012595,30.2,23.76587,86.406547
2026-05-12 20:00:00,N10,-0.014,0.005958,2.24,0.7332,0.013309,28.4,23.76587,86.406547
2026-05-12 21:00:00,N10,0.1365,0.006686,3.78,0.7462,0.012689,26.8,23.76587,86.406547
2026-05-12 22:00:00,N10,0.1692,0.006231,7.36,0.7586,0.012283,25.6,23.76587,86.406547
2026-05-12 23:00:00,N10,-0.0927,0.005925,3.22,0.7708,0.012559,24.9,23.76587,86.406547
2026-05-13 00:00:00,N10,-0.0611,0.008796,8.85,0.7837,0.012252,24.5,23.76587,86.406547
2026-05-13 01:00:00,N10,0.1198,0.00589,4.39,0.7953,0.012159,24.7,23.76587,86.406547
2026-05-13 02:00:00,N10,0.0194,0.0065,3.28,0.8081,0.012751,25.5,23.76587,86.406547
2026-05-13 03:00:00,N10,0.0542,0.005927,2.62,0.8208,0.012748,26.7,23.76587,86.406547
2026-05-13 04:00:00,N10,-0.1769,0.005043,6.41,0.8336,0.012234,28.2,23.76587,86.406547
2026-05-13 05:00:00,N10,0.1663,0.005177,2.71,0.8453,0.019974,30.1,23.76587,86.406547
2026-05-13 06:00:00,N10,0.2773,0.811818,48.34,0.8735,0.019965,32.0,23.76587,86.406547
2026-05-13 07:00:00,N10,-0.0538,0.912047,30.31,0.8852,0.003679,33.9,23.76587,86.406547
2026-05-13 08:00:00,N10,,,,,,,23.76587,86.406547
2026-05-13 09:00:00,N10,,,,,,,23.76587,86.406547
2026-05-13 10:00:00,N10,,,,,,,23.76587,86.406547
2026-05-13 11:00:00,N10,,,,,,,23.76587,86.406547
2026-05-13 12:00:00,N10,,,,,,,23.76587,86.406547
2026-05-13 13:00:00,N10,0.1998,0.005826,8.82,0.9425,0.012572,39.2,23.76587,86.406547
2026-05-13 14:00:00,N10,-0.2048,0.006044,4.87,0.9552,0.012432,38.5,23.76587,86.406547
2026-05-13 15:00:00,N10,-0.0948,0.005051,6.17,0.9673,0.012292,37.3,23.76587,86.406547
2026-05-13 16:00:00,N10,0.0774,0.005445,7.47,0.9798,0.012643,35.7,23.76587,86.406547
2026-05-13 17:00:00,N10,-0.088,0.00557,3.89,0.9926,0.012574,33.9,23.76587,86.406547
2026-05-13 18:00:00,N10,-0.0723,0.00519,6.98,1.0049,0.012159,32.0,23.76587,86.406547
2026-05-13 19:00:00,N10,-0.031,0.007301,1.74,1.0169,0.011831,30.1,23.76587,86.406547
2026-05-13 20:00:00,N10,-0.0593,0.005193,6.2,1.0286,0.011411,28.2,23.76587,86.406547
2026-05-13 21:00:00,N10,-0.0065,0.006104,4.84,1.0398,0.011731,26.7,23.76587,86.406547
2026-05-13 22:00:00,N10,,,,,,,23.76587,86.406547
2026-05-13 23:00:00,N10,,,,,,,23.76587,86.406547
2026-05-14 00:00:00,N10,,,,,,,23.76587,86.406547
2026-05-14 01:00:00,N10,,,,,,,23.76587,86.406547
2026-05-14 02:00:00,N10,,,,,,,23.76587,86.406547
2026-05-14 03:00:00,N10,,,,,,,23.76587,86.406547
2026-05-14 04:00:00,N10,,,,,,,23.76587,86.406547
2026-05-14 05:00:00,N10,,,,,,,23.76587,86.406547
2026-05-14 06:00:00,N10,,,,,,,23.76587,86.406547
2026-05-14 07:00:00,N10,,,,,,,23.76587,86.406547
2026-05-14 08:00:00,N10,,,,,,,23.76587,86.406547
2026-05-14 09:00:00,N10,,,,,,,23.76587,86.406547
2026-05-14 10:00:00,N10,,,,,,,23.76587,86.406547
2026-05-14 11:00:00,N10,,,,,,,23.76587,86.406547
2026-05-14 12:00:00,N10,,,,,,,23.76587,86.406547
2026-05-14 13:00:00,N10,0.0527,0.851506,36.46,1.2402,0.000463,39.4,23.76587,86.406547
2026-05-14 14:00:00,N10,-0.1711,0.579891,43.68,1.2267,0.000739,38.7,23.76587,86.406547
2026-05-14 15:00:00,N10,0.2007,0.632267,32.3,1.2387,0.021881,37.5,23.76587,86.406547
2026-05-14 16:00:00,N10,0.1271,0.006265,4.61,1.2705,0.02217,35.9,23.76587,86.406547
2026-05-14 17:00:00,N10,0.0982,0.006614,5.72,1.283,0.012306,34.1,23.76587,86.406547
2026-05-14 18:00:00,N10,,,,,,,23.76587,86.406547
2026-05-14 19:00:00,N10,,,,,,,23.76587,86.406547
2026-05-14 20:00:00,N10,,,,,,,23.76587,86.406547
2026-05-14 21:00:00,N10,,,,,,,23.76587,86.406547
2026-05-14 22:00:00,N10,,,,,,,23.76587,86.406547
2026-05-14 23:00:00,N10,,,,,,,23.76587,86.406547
2026-05-15 00:00:00,N10,-0.1857,0.008035,7.6,1.3667,0.011951,25.4,23.76587,86.406547
2026-05-15 01:00:00,N10,,,,,,,23.76587,86.406547
2026-05-15 02:00:00,N10,0.2141,0.005109,3.64,1.3901,0.012014,26.4,23.76587,86.406547
2026-05-15 03:00:00,N10,,,,,,,23.76587,86.406547
2026-05-15 04:00:00,N10,,,,,,,23.76587,86.406547
2026-05-15 05:00:00,N10,0.0838,0.006276,9.46,1.426,0.012406,31.0,23.76587,86.406547
2026-05-15 06:00:00,N10,0.0456,0.005905,4.67,1.4383,0.012481,32.9,23.76587,86.406547
2026-05-15 07:00:00,N10,-0.2699,0.007164,7.72,1.451,0.011891,34.8,23.76587,86.406547
2026-05-15 08:00:00,N10,-0.0817,0.009013,5.37,1.4621,0.011915,36.7,23.76587,86.406547
2026-05-15 09:00:00,N10,,,,,,,23.76587,86.406547
2026-05-15 10:00:00,N10,,,,,,,23.76587,86.406547
2026-05-15 11:00:00,N10,,,,,,,23.76587,86.406547
2026-05-15 12:00:00,N10,,,,,,,23.76587,86.406547
2026-05-15 13:00:00,N10,,,,,,,23.76587,86.406547
2026-05-15 14:00:00,N10,-0.0099,0.005144,4.11,1.5332,0.01113,39.4,23.76587,86.406547
2026-05-15 15:00:00,N10,0.0935,0.008499,4.33,1.5441,0.006174,38.2,23.76587,86.406547
2026-05-15 16:00:00,N10,,,,,,,23.76587,86.406547
2026-05-15 17:00:00,N10,,,,,,,23.76587,86.406547
2026-05-15 18:00:00,N10,0.0629,0.006057,7.62,1.5792,0.017047,32.9,23.76587,86.406547
2026-05-15 19:00:00,N10,0.2223,0.006198,5.2,1.5914,0.012159,31.0,23.76587,86.406547
2026-05-15 20:00:00,N10,-0.0647,0.005287,4.91,1.6035,0.011653,29.2,23.76587,86.406547
2026-05-15 21:00:00,N10,-0.0062,0.005648,4.99,1.6147,0.011768,27.6,23.76587,86.406547
2026-05-15 22:00:00,N10,-0.0491,0.005798,7.82,1.627,0.011893,26.4,23.76587,86.406547
2026-05-15 23:00:00,N10,-0.2123,0.007308,6.67,1.6385,0.011712,25.7,23.76587,86.406547
2026-05-16 00:00:00,N10,0.1601,0.007237,8.08,1.6504,0.011151,23.0,23.76587,86.406547
2026-05-16 01:00:00,N10,-0.0838,0.005845,2.72,1.6608,0.011224,23.2,23.76587,86.406547
2026-05-16 02:00:00,N10,0.0445,0.006012,1.43,1.6729,0.011973,24.0,23.76587,86.406547
2026-05-16 03:00:00,N10,0.1832,0.0052,6.51,1.6848,0.011883,25.2,23.76587,86.406547
2026-05-16 04:00:00,N10,,,,,,,23.76587,86.406547
2026-05-16 05:00:00,N10,,,,,,,23.76587,86.406547
2026-05-16 06:00:00,N10,,,,,,,23.76587,86.406547
2026-05-16 07:00:00,N10,,,,,,,23.76587,86.406547
2026-05-16 08:00:00,N10,0.0269,0.006401,5.51,1.742,0.01174,34.2,23.76587,86.406547
2026-05-16 09:00:00,N10,-0.0194,0.005624,1.98,1.7538,0.011177,35.8,23.76587,86.406547
2026-05-16 10:00:00,N10,-0.0308,0.005105,3.38,1.7644,0.010606,37.0,23.76587,86.406547
2026-05-16 11:00:00,N10,-0.3084,0.005186,7.69,1.775,0.010741,37.7,23.76587,86.406547
2026-05-16 12:00:00,N10,0.1179,0.005885,9.7,1.7859,0.011327,38.0,23.76587,86.406547
2026-05-16 13:00:00,N10,,,,,,,23.76587,86.406547
2026-05-16 14:00:00,N10,,,,,,,23.76587,86.406547
2026-05-16 15:00:00,N10,,,,,,,23.76587,86.406547
2026-05-16 16:00:00,N10,,,,,,,23.76587,86.406547
2026-05-16 17:00:00,N10,,,,,,,23.76587,86.406547
2026-05-16 18:00:00,N10,0.0537,0.007703,2.69,1.8545,0.011486,30.5,23.76587,86.406547
2026-05-16 19:00:00,N10,0.426,0.007699,9.17,1.8658,0.011426,28.5,23.76587,86.406547
2026-05-16 20:00:00,N10,,,,,,,23.76587,86.406547
2026-05-16 21:00:00,N10,,,,,,,23.76587,86.406547
2026-05-16 22:00:00,N10,,,,,,,23.76587,86.406547
2026-05-16 23:00:00,N10,-0.1042,0.00974,5.54,1.9117,0.011911,23.2,23.76587,86.406547
2026-05-17 00:00:00,N10,0.0223,0.005032,7.55,1.9235,0.011805,26.4,23.76587,86.406547
2026-05-17 01:00:00,N10,-0.1163,0.007656,9.59,1.9353,0.010829,26.7,23.76587,86.406547
2026-05-17 02:00:00,N10,-0.1786,0.007198,2.56,1.9452,0.010615,27.4,23.76587,86.406547
2026-05-17 03:00:00,N10,0.0893,0.006933,7.83,1.9565,0.011301,28.6,23.76587,86.406547
2026-05-17 04:00:00,N10,-0.2043,0.00695,3.62,1.9678,0.011525,30.2,23.76587,86.406547
2026-05-17 05:00:00,N10,-0.1424,0.005825,6.04,1.9796,0.011455,32.0,23.76587,86.406547
2026-05-17 06:00:00,N10,0.1268,0.007097,7.92,1.9907,0.011035,33.9,23.76587,86.406547
2026-05-17 07:00:00,N10,0.0338,0.005577,8.69,2.0017,0.011495,35.9,23.76587,86.406547
2026-05-17 08:00:00,N10,0.0211,0.007243,1.29,2.0137,0.011717,37.7,23.76587,86.406547
2026-05-17 09:00:00,N10,,,,,,,23.76587,86.406547
2026-05-17 10:00:00,N10,,,,,,,23.76587,86.406547
2026-05-17 11:00:00,N10,,,,,,,23.76587,86.406547
2026-05-17 12:00:00,N10,0.127,0.664252,30.32,2.0411,0.009621,41.4,23.76587,86.406547
2026-05-17 13:00:00,N10,-0.029,0.782628,28.06,2.0522,0.019406,41.2,23.76587,86.406547
2026-05-17 14:00:00,N10,0.2772,0.008799,3.14,2.0799,0.012027,40.4,23.76587,86.406547
2026-05-17 15:00:00,N10,-0.0747,0.986469,19.26,2.0762,0.011107,39.2,23.76587,86.406547
2026-05-17 16:00:00,N10,-0.0832,0.006571,5.08,2.1022,0.018834,37.7,23.76587,86.406547
2026-05-17 17:00:00,N10,0.2232,0.007918,7.16,2.1139,0.011167,35.9,23.76587,86.406547
2026-05-17 18:00:00,N10,0.2912,0.005223,5.18,2.1245,0.01082,33.9,23.76587,86.406547
2026-05-17 19:00:00,N10,-0.2799,0.006634,9.73,2.1355,0.011106,32.0,23.76587,86.406547
2026-05-17 20:00:00,N10,0.0599,0.008314,5.89,2.1467,0.011316,30.2,23.76587,86.406547
2026-05-17 21:00:00,N10,,,,,,,23.76587,86.406547
2026-05-17 22:00:00,N10,,,,,,,23.76587,86.406547
2026-05-17 23:00:00,N10,,,,,,,23.76587,86.406547
2026-05-18 00:00:00,N10,,,,,,,23.76587,86.406547
2026-05-18 01:00:00,N10,,,,,,,23.76587,86.406547
2026-05-18 02:00:00,N10,,,,,,,23.76587,86.406547
2026-05-18 03:00:00,N10,,,,,,,23.76587,86.406547
2026-05-18 04:00:00,N10,,,,,,,23.76587,86.406547
2026-05-18 05:00:00,N10,-0.048,0.008239,8.4,2.2468,0.011031,31.9,23.76587,86.406547
2026-05-18 06:00:00,N10,-0.2073,0.008462,4.81,2.2582,0.011104,33.8,23.76587,86.406547
2026-05-18 07:00:00,N10,-0.1412,0.006371,2.37,2.269,0.011261,35.8,23.76587,86.406547
2026-05-18 08:00:00,N10,0.0839,0.008375,2.0,2.2807,0.011467,37.6,23.76587,86.406547
2026-05-18 09:00:00,N10,-0.1783,0.00704,1.86,2.2919,0.020882,39.1,23.76587,86.406547
2026-05-18 10:00:00,N10,-0.0191,0.699441,20.86,2.3224,0.020746,40.3,23.76587,86.406547
2026-05-18 11:00:00,N10,,,,,,,23.76587,86.406547
2026-05-18 12:00:00,N10,,,,,,,23.76587,86.406547
2026-05-18 13:00:00,N10,-0.0172,0.006038,5.42,2.3345,0.010557,41.1,23.76587,86.406547
2026-05-18 14:00:00,N10,-0.0207,0.005697,2.01,2.3456,0.011189,40.3,23.76587,86.406547
2026-05-18 15:00:00,N10,-0.0104,0.00611,2.47,2.3568,0.010945,39.1,23.76587,86.406547
2026-05-18 16:00:00,N10,0.013,0.007414,6.6,2.3674,0.010456,37.6,23.76587,86.406547
2026-05-18 17:00:00,N10,-0.1826,0.010226,6.27,2.3778,0.010294,35.8,23.76587,86.406547
2026-05-18 18:00:00,N10,0.2469,0.00792,3.21,2.388,0.010388,33.8,23.76587,86.406547
2026-05-18 19:00:00,N10,0.029,0.006764,1.04,2.3985,0.010701,31.9,23.76587,86.406547
2026-05-18 20:00:00,N10,-0.0002,0.008006,7.35,2.4094,0.010484,30.1,23.76587,86.406547
2026-05-18 21:00:00,N10,-0.0778,0.00725,3.4,2.4195,0.009768,28.5,23.76587,86.406547
2026-05-18 22:00:00,N10,-0.042,0.006861,2.5,2.429,0.009654,27.3,23.76587,86.406547
2026-05-18 23:00:00,N10,-0.1704,0.006906,8.7,2.4388,0.009984,26.6,23.76587,86.406547
2026-05-19 00:00:00,N10,0.1575,0.006174,7.99,2.4489,0.010744,25.8,23.76587,86.406547
2026-05-19 01:00:00,N10,-0.1413,0.005047,5.02,2.4603,0.010954,26.0,23.76587,86.406547
2026-05-19 02:00:00,N10,0.0258,0.005799,1.93,2.4708,0.010224,26.8,23.76587,86.406547
2026-05-19 03:00:00,N10,0.0792,0.005784,5.86,2.4807,0.010379,28.0,23.76587,86.406547
2026-05-19 04:00:00,N10,,,,,,,23.76587,86.406547
2026-05-19 05:00:00,N10,,,,,,,23.76587,86.406547
2026-05-19 06:00:00,N10,,,,,,,23.76587,86.406547
2026-05-19 07:00:00,N10,,,,,,,23.76587,86.406547
2026-05-19 08:00:00,N10,,,,,,,23.76587,86.406547
2026-05-19 09:00:00,N10,,,,,,,23.76587,86.406547
2026-05-19 10:00:00,N10,,,,,,,23.76587,86.406547
2026-05-19 11:00:00,N10,,,,,,,23.76587,86.406547
2026-05-19 12:00:00,N10,0.078,0.005845,7.68,2.5752,0.010472,40.8,23.76587,86.406547
2026-05-19 13:00:00,N10,-0.0285,0.005137,9.37,2.5863,0.010766,40.5,23.76587,86.406547
2026-05-19 14:00:00,N10,0.1837,0.005696,9.21,2.5967,0.010755,39.8,23.76587,86.406547
2026-05-19 15:00:00,N10,-0.1668,0.007544,1.47,2.6078,0.010727,38.6,23.76587,86.406547
2026-05-19 16:00:00,N10,0.1057,0.006121,3.2,2.6181,0.010697,37.0,23.76587,86.406547
2026-05-19 17:00:00,N10,0.1469,0.006957,7.62,2.6292,0.010881,35.2,23.76587,86.406547
2026-05-19 18:00:00,N10,0.1997,0.006762,9.56,2.6399,0.010558,33.3,23.76587,86.406547
2026-05-19 19:00:00,N10,-0.0688,0.008278,6.66,2.6503,0.010515,31.3,23.76587,86.406547
2026-05-19 20:00:00,N10,0.0177,0.007413,2.21,2.6609,0.010838,29.5,23.76587,86.406547
2026-05-19 21:00:00,N10,0.0845,0.006868,7.76,2.672,0.010637,28.0,23.76587,86.406547
2026-05-19 22:00:00,N10,-0.2405,0.006304,7.85,2.6822,0.010333,26.8,23.76587,86.406547
2026-05-19 23:00:00,N10,,,,,,,23.76587,86.406547
2026-05-20 00:00:00,N10,0.0008,0.006458,1.49,2.7028,0.010058,26.1,23.76587,86.406547
2026-05-20 01:00:00,N10,0.0731,0.008201,5.27,2.7127,0.010425,26.4,23.76587,86.406547
2026-05-20 02:00:00,N10,-0.201,0.00819,2.55,2.7236,0.010902,27.1,23.76587,86.406547
2026-05-20 03:00:00,N10,0.0708,0.008658,4.61,2.7345,0.01094,28.3,23.76587,86.406547
2026-05-20 04:00:00,N10,-0.263,0.009047,5.72,2.7455,0.010737,29.9,23.76587,86.406547
2026-05-20 05:00:00,N10,-0.0099,0.006073,7.04,2.756,0.010479,31.7,23.76587,86.406547
2026-05-20 06:00:00,N10,,,,,,,23.76587,86.406547
2026-05-20 07:00:00,N10,,,,,,,23.76587,86.406547
2026-05-20 08:00:00,N10,,,,,,,23.76587,86.406547
2026-05-20 09:00:00,N10,,,,,,,23.76587,86.406547
2026-05-20 10:00:00,N10,,,,,,,23.76587,86.406547
2026-05-20 11:00:00,N10,-0.1812,0.006425,9.79,2.8173,0.009639,40.9,23.76587,86.406547
2026-05-20 12:00:00,N10,,,,,,,23.76587,86.406547
2026-05-20 13:00:00,N10,,,,,,,23.76587,86.406547
2026-05-20 14:00:00,N10,,,,,,,23.76587,86.406547
2026-05-20 15:00:00,N10,,,,,,,23.76587,86.406547
2026-05-20 16:00:00,N10,-0.0971,0.006427,6.5,2.8675,0.002745,37.4,23.76587,86.406547
2026-05-20 17:00:00,N10,-0.0969,0.852285,21.04,2.8621,0.002377,35.6,23.76587,86.406547
2026-05-20 18:00:00,N10,-0.2289,0.830039,20.7,2.8723,0.018066,33.6,23.76587,86.406547
2026-05-20 19:00:00,N10,0.2234,0.007648,7.48,2.8983,0.018214,31.7,23.76587,86.406547
2026-05-20 20:00:00,N10,,,,,,,23.76587,86.406547
2026-05-20 21:00:00,N10,,,,,,,23.76587,86.406547
2026-05-20 22:00:00,N10,,,,,,,23.76587,86.406547
2026-05-20 23:00:00,N10,,,,,,,23.76587,86.406547
2026-05-21 00:00:00,N10,-0.1177,0.00531,5.63,2.9496,0.00975,25.6,23.76587,86.406547
2026-05-21 01:00:00,N10,0.0086,0.005119,9.49,2.9591,0.009876,25.8,23.76587,86.406547
2026-05-21 02:00:00,N10,-0.1731,0.006207,5.41,2.9694,0.010046,26.6,23.76587,86.406547
2026-05-21 03:00:00,N10,-0.2197,0.005957,5.5,2.9792,0.010377,27.8,23.76587,86.406547
2026-05-21 04:00:00,N10,0.0343,0.006645,2.42,2.9901,0.010512,29.3,23.76587,86.406547
2026-05-21 05:00:00,N10,,,,,,,23.76587,86.406547
2026-05-21 06:00:00,N10,0.1213,0.005124,1.48,3.0101,0.010276,33.1,23.76587,86.406547
2026-05-21 07:00:00,N10,,,,,,,23.76587,86.406547
2026-05-21 08:00:00,N10,,,,,,,23.76587,86.406547
2026-05-21 09:00:00,N10,0.0219,0.00723,2.31,3.0424,0.010306,38.4,23.76587,86.406547
2026-05-21 10:00:00,N10,0.0128,0.006833,5.89,3.0525,0.009762,39.6,23.76587,86.406547
2026-05-21 11:00:00,N10,0.1032,0.007194,9.93,3.062,0.009848,40.3,23.76587,86.406547
2026-05-21 12:00:00,N10,,,,,,,23.76587,86.406547
2026-05-21 13:00:00,N10,,,,,,,23.76587,86.406547
2026-05-21 14:00:00,N10,,,,,,,23.76587,86.406547
2026-05-21 15:00:00,N10,-0.0148,0.005534,4.74,3.1041,0.010772,38.4,23.76587,86.406547
2026-05-21 16:00:00,N10,0.0852,0.009868,3.4,3.1146,0.018965,36.8,23.76587,86.406547
2026-05-21 17:00:00,N10,0.1391,0.576591,29.79,3.142,0.018711,35.0,23.76587,86.406547
2026-05-21 18:00:00,N10,0.0199,0.91063,28.15,3.152,0.001792,33.1,23.76587,86.406547
2026-05-21 19:00:00,N10,0.0674,0.009452,8.25,3.1456,0.001192,31.2,23.76587,86.406547
2026-05-21 20:00:00,N10,-0.0209,0.007331,9.79,3.1544,0.009379,29.3,23.76587,86.406547
2026-05-21 21:00:00,N10,-0.0536,0.006456,1.77,3.1644,0.01005,27.8,23.76587,86.406547
2026-05-21 22:00:00,N10,0.0333,0.007299,6.35,3.1745,0.009799,26.6,23.76587,86.406547
2026-05-21 23:00:00,N10,,,,,,,23.76587,86.406547
2026-05-22 00:00:00,N10,,,,,,,23.76587,86.406547
2026-05-22 01:00:00,N10,0.1614,0.005542,5.09,3.2038,0.009799,29.3,23.76587,86.406547
2026-05-22 02:00:00,N10,0.0095,0.005865,4.18,3.2129,0.009604,30.1,23.76587,86.406547
2026-05-22 03:00:00,N10,,,,,,,23.76587,86.406547
2026-05-22 04:00:00,N10,,,,,,,23.76587,86.406547
2026-05-22 05:00:00,N10,-0.129,0.007298,6.26,3.2422,0.003241,34.6,23.76587,86.406547
2026-05-22 06:00:00,N10,-0.2436,0.929534,34.45,3.2391,0.003332,36.6,23.76587,86.406547
2026-05-22 07:00:00,N10,-0.3458,0.615307,39.0,3.2488,0.015577,38.5,23.76587,86.406547
2026-05-22 08:00:00,N10,,,,,,,23.76587,86.406547
2026-05-22 09:00:00,N10,0.0341,0.005132,1.24,3.2797,0.009519,41.9,23.76587,86.406547
2026-05-22 10:00:00,N10,0.0514,0.007451,2.05,3.2893,0.009865,43.1,23.76587,86.406547
2026-05-22 11:00:00,N10,0.2241,0.005488,7.35,3.2994,0.018552,43.8,23.76587,86.406547
2026-05-22 12:00:00,N10,0.0798,0.70051,39.28,3.3264,0.010012,44.1,23.76587,86.406547
2026-05-22 13:00:00,N10,0.1834,0.006266,4.43,3.3194,0.001435,43.8,23.76587,86.406547
2026-05-22 14:00:00,N10,-0.0828,0.006132,2.69,3.3293,0.01017,43.1,23.76587,86.406547
2026-05-22 15:00:00,N10,0.0754,0.007152,4.38,3.3398,0.009729,41.9,23.76587,86.406547
2026-05-22 16:00:00,N10,-0.0649,0.005482,5.03,3.3488,0.009882,40.3,23.76587,86.406547
2026-05-22 17:00:00,N10,,,,,,,23.76587,86.406547
2026-05-22 18:00:00,N10,,,,,,,23.76587,86.406547
2026-05-22 19:00:00,N10,,,,,,,23.76587,86.406547
2026-05-22 20:00:00,N10,,,,,,,23.76587,86.406547
2026-05-22 21:00:00,N10,,,,,,,23.76587,86.406547
2026-05-22 22:00:00,N10,,,,,,,23.76587,86.406547
2026-05-22 23:00:00,N10,,,,,,,23.76587,86.406547
2026-05-23 00:00:00,N10,,,,,,,23.76587,86.406547
2026-05-23 01:00:00,N10,,,,,,,23.76587,86.406547
2026-05-23 02:00:00,N10,,,,,,,23.76587,86.406547
2026-05-23 03:00:00,N10,,,,,,,23.76587,86.406547
2026-05-23 04:00:00,N10,,,,,,,23.76587,86.406547
2026-05-23 05:00:00,N10,,,,,,,23.76587,86.406547
2026-05-23 06:00:00,N10,,,,,,,23.76587,86.406547
2026-05-23 07:00:00,N10,,,,,,,23.76587,86.406547
2026-05-23 08:00:00,N10,,,,,,,23.76587,86.406547
2026-05-23 09:00:00,N10,0.1399,0.007629,6.16,3.5134,0.009536,37.6,23.76587,86.406547
2026-05-23 10:00:00,N10,,,,,,,23.76587,86.406547
2026-05-23 11:00:00,N10,,,,,,,23.76587,86.406547
2026-05-23 12:00:00,N10,-0.2044,0.005434,9.18,3.5442,0.009541,39.8,23.76587,86.406547
2026-05-23 13:00:00,N10,0.1181,0.005806,7.11,3.5528,0.015259,39.6,23.76587,86.406547
2026-05-23 14:00:00,N10,0.0131,0.667694,45.12,3.5747,0.00936,38.8,23.76587,86.406547
2026-05-23 15:00:00,N10,,,,,,,23.76587,86.406547
2026-05-23 16:00:00,N10,,,,,,,23.76587,86.406547
2026-05-23 17:00:00,N10,0.2091,0.006163,5.51,3.5902,0.014907,34.3,23.76587,86.406547
2026-05-23 18:00:00,N10,-0.0294,0.00801,8.58,3.5993,0.009212,32.3,23.76587,86.406547
2026-05-23 19:00:00,N10,0.016,0.010672,8.71,3.6086,0.009468,30.4,23.76587,86.406547
2026-05-23 20:00:00,N10,0.2058,0.006897,1.74,3.6183,0.009753,28.6,23.76587,86.406547
2026-05-23 21:00:00,N10,0.4674,0.006601,8.96,3.6281,0.009677,27.0,23.76587,86.406547
2026-05-23 22:00:00,N10,,,,,,,23.76587,86.406547
2026-05-23 23:00:00,N10,0.1028,0.007047,2.42,3.647,0.00943,25.1,23.76587,86.406547
2026-05-24 00:00:00,N10,-0.1762,0.007687,3.08,3.6565,0.009163,24.4,23.76587,86.406547
2026-05-24 01:00:00,N10,-0.2237,0.00668,5.86,3.6653,0.009309,24.6,23.76587,86.406547
2026-05-24 02:00:00,N10,-0.0199,0.005393,1.59,3.6751,0.009694,25.4,23.76587,86.406547
2026-05-24 03:00:00,N10,-0.1077,0.007049,8.19,3.6847,0.009608,26.6,23.76587,86.406547
2026-05-24 04:00:00,N10,,,,,,,23.76587,86.406547
2026-05-24 05:00:00,N10,,,,,,,23.76587,86.406547
2026-05-24 06:00:00,N10,-0.0945,0.007191,3.17,3.7129,0.009472,31.9,23.76587,86.406547
2026-05-24 07:00:00,N10,0.1718,0.005281,1.48,3.722,0.00901,33.8,23.76587,86.406547
2026-05-24 08:00:00,N10,0.0028,0.007508,9.65,3.7309,0.009219,35.6,23.76587,86.406547
2026-05-24 09:00:00,N10,,,,,,,23.76587,86.406547
2026-05-24 10:00:00,N10,0.0754,0.005544,9.51,3.7499,0.004208,38.4,23.76587,86.406547
2026-05-24 11:00:00,N10,0.1168,0.966664,35.46,3.7489,0.009152,39.1,23.76587,86.406547
2026-05-24 12:00:00,N10,-0.2713,0.005615,6.67,3.7682,0.020459,39.4,23.76587,86.406547
2026-05-24 13:00:00,N10,,,,,,,23.76587,86.406547
2026-05-24 14:00:00,N10,,,,,,,23.76587,86.406547
2026-05-24 15:00:00,N10,,,,,,,23.76587,86.406547
2026-05-24 16:00:00,N10,-0.2887,0.005918,7.73,3.8052,0.0007,35.6,23.76587,86.406547
2026-05-24 17:00:00,N10,-0.113,0.638281,45.63,3.798,0.009572,33.8,23.76587,86.406547
2026-05-24 18:00:00,N10,0.0642,0.005173,1.93,3.8243,0.017589,31.9,23.76587,86.406547
2026-05-24 19:00:00,N10,0.4102,0.006429,9.01,3.8332,0.008974,29.9,23.76587,86.406547
2026-05-24 20:00:00,N10,,,,,,,23.76587,86.406547
2026-05-24 21:00:00,N10,,,,,,,23.76587,86.406547
2026-05-24 22:00:00,N10,,,,,,,23.76587,86.406547
2026-05-24 23:00:00,N10,0.0435,0.006025,8.96,3.8688,0.009262,24.6,23.76587,86.406547
2026-05-25 00:00:00,N10,-0.026,0.006409,8.08,3.8779,0.009159,23.5,23.76587,86.406547
2026-05-25 01:00:00,N10,-0.1163,0.00675,2.16,3.8871,0.009283,23.7,23.76587,86.406547
2026-05-25 02:00:00,N10,-0.0047,0.005615,5.14,3.8965,0.009286,24.5,23.76587,86.406547
2026-05-25 03:00:00,N10,0.0741,0.006638,3.46,3.9057,0.009072,25.7,23.76587,86.406547
2026-05-25 04:00:00,N10,-0.2381,0.008331,8.9,3.9146,0.009554,27.2,23.76587,86.406547
2026-05-25 05:00:00,N10,0.3115,0.005491,4.5,3.9248,0.009492,29.1,23.76587,86.406547
2026-05-25 06:00:00,N10,0.0456,0.00776,7.05,3.9336,0.00901,31.0,23.76587,86.406547
2026-05-25 07:00:00,N10,-0.209,0.009197,7.45,3.9428,0.00972,32.9,23.76587,86.406547
2026-05-25 08:00:00,N10,-0.0603,0.005575,1.68,3.9531,0.009867,34.7,23.76587,86.406547
2026-05-25 09:00:00,N10,-0.1434,0.005279,4.97,3.9625,0.009801,36.3,23.76587,86.406547
2026-05-25 10:00:00,N10,0.2487,0.007573,9.61,3.9727,0.019344,37.5,23.76587,86.406547
2026-05-25 11:00:00,N10,0.1107,0.741071,34.29,4.0012,0.00877,38.2,23.76587,86.406547
2026-05-25 12:00:00,N10,-0.0433,0.005473,1.64,3.9902,0.006684,38.5,23.76587,86.406547
2026-05-25 13:00:00,N10,-0.0715,0.912961,22.97,4.0146,0.02333,38.2,23.76587,86.406547
2026-05-25 14:00:00,N10,,,,,,,23.76587,86.406547
2026-05-25 15:00:00,N10,,,,,,,23.76587,86.406547
2026-05-25 16:00:00,N10,,,,,,,23.76587,86.406547
2026-05-25 17:00:00,N10,0.0293,0.006066,6.88,4.0364,0.008751,32.9,23.76587,86.406547
2026-05-25 18:00:00,N10,0.0693,0.005099,7.76,4.0447,0.008885,31.0,23.76587,86.406547
2026-05-25 19:00:00,N10,0.0781,0.005211,5.71,4.0542,0.008805,29.1,23.76587,86.406547
2026-05-25 20:00:00,N10,-0.0963,0.006528,7.08,4.0623,0.008521,27.2,23.76587,86.406547
2026-05-25 21:00:00,N10,0.1227,0.005453,7.89,4.0712,0.009527,25.7,23.76587,86.406547
2026-05-25 22:00:00,N10,0.0363,0.009422,7.23,4.0814,0.009433,24.5,23.76587,86.406547
2026-05-25 23:00:00,N10,-0.0379,0.007273,9.8,4.0901,0.008392,23.7,23.76587,86.406547
2026-05-26 00:00:00,N10,,,,,,,23.76587,86.406547
2026-05-26 01:00:00,N10,,,,,,,23.76587,86.406547
2026-05-26 02:00:00,N10,,,,,,,23.76587,86.406547
2026-05-26 03:00:00,N10,-0.2402,0.006676,9.82,4.1252,0.008856,25.1,23.76587,86.406547
2026-05-26 04:00:00,N10,-0.1182,0.006119,1.14,4.1342,0.008869,26.7,23.76587,86.406547
2026-05-26 05:00:00,N10,-0.1959,0.006361,5.48,4.1429,0.01409,28.5,23.76587,86.406547
2026-05-26 06:00:00,N10,0.2108,0.67808,45.36,4.1624,0.010128,30.4,23.76587,86.406547
2026-05-26 07:00:00,N10,0.0116,0.967633,40.52,4.1632,0.003177,32.4,23.76587,86.406547
2026-05-26 08:00:00,N10,0.1992,0.007093,4.1,4.1687,0.007152,34.2,23.76587,86.406547
2026-05-26 09:00:00,N10,,,,,,,23.76587,86.406547
2026-05-26 10:00:00,N10,,,,,,,23.76587,86.406547
2026-05-26 11:00:00,N10,0.0146,0.005204,8.55,4.1943,0.008152,37.7,23.76587,86.406547
2026-05-26 12:00:00,N10,0.2803,0.006173,3.89,4.2022,0.008064,37.9,23.76587,86.406547
2026-05-26 13:00:00,N10,-0.0129,0.006375,3.33,4.2105,0.008815,37.7,23.76587,86.406547
2026-05-26 14:00:00,N10,0.0519,0.005841,6.48,4.2199,0.019471,36.9,23.76587,86.406547
2026-05-26 15:00:00,N10,0.0738,0.568255,22.81,4.2494,0.009012,35.7,23.76587,86.406547
2026-05-26 16:00:00,N10,0.0342,0.005921,6.09,4.2379,0.001586,34.2,23.76587,86.406547
2026-05-26 17:00:00,N10,0.0344,0.006631,7.9,4.2462,0.008953,32.4,23.76587,86.406547
2026-05-26 18:00:00,N10,0.0845,0.00558,8.61,4.2558,0.009278,30.4,23.76587,86.406547
2026-05-26 19:00:00,N10,,,,,,,23.76587,86.406547
2026-05-26 20:00:00,N10,,,,,,,23.76587,86.406547
2026-05-26 21:00:00,N10,,,,,,,23.76587,86.406547
2026-05-26 22:00:00,N10,,,,,,,23.76587,86.406547
2026-05-26 23:00:00,N10,,,,,,,23.76587,86.406547
2026-05-27 00:00:00,N10,-0.0864,0.005624,3.3,4.3068,0.008949,22.5,23.76587,86.406547
2026-05-27 01:00:00,N10,-0.0899,0.006106,5.98,4.3169,0.009739,22.8,23.76587,86.406547
2026-05-27 02:00:00,N10,-0.18,0.007072,3.77,4.3263,0.009046,23.5,23.76587,86.406547
2026-05-27 03:00:00,N10,-0.0751,0.007189,6.55,4.335,0.008632,24.7,23.76587,86.406547
2026-05-27 04:00:00,N10,0.1097,0.005285,3.14,4.3435,0.008637,26.3,23.76587,86.406547
2026-05-27 05:00:00,N10,-0.1525,0.006301,5.1,4.3523,0.008747,28.1,23.76587,86.406547
2026-05-27 06:00:00,N10,,,,,,,23.76587,86.406547
2026-05-27 07:00:00,N10,,,,,,,23.76587,86.406547
2026-05-27 08:00:00,N10,,,,,,,23.76587,86.406547
2026-05-27 09:00:00,N10,,,,,,,23.76587,86.406547
2026-05-27 10:00:00,N10,0.1437,0.589248,21.1,4.3759,0.002027,36.5,23.76587,86.406547
2026-05-27 11:00:00,N10,0.0201,0.5738,36.02,4.3904,0.01839,37.3,23.76587,86.406547
2026-05-27 12:00:00,N10,-0.1094,0.007261,2.94,4.4127,0.015602,37.5,23.76587,86.406547
2026-05-27 13:00:00,N10,0.1301,0.005078,9.41,4.4216,0.00858,37.3,23.76587,86.406547
2026-05-27 14:00:00,N10,0.0027,0.005977,9.74,4.4299,7.4e-05,36.5,23.76587,86.406547
2026-05-27 15:00:00,N10,,,,,,,23.76587,86.406547
2026-05-27 16:00:00,N10,,,,,,,23.76587,86.406547
2026-05-27 17:00:00,N10,,,,,,,23.76587,86.406547
2026-05-27 18:00:00,N10,,,,,,,23.76587,86.406547
2026-05-27 19:00:00,N10,0.0126,0.00728,1.07,4.4733,0.00823,28.1,23.76587,86.406547
2026-05-27 20:00:00,N10,-0.1679,0.006042,8.98,4.4814,0.008514,26.3,23.76587,86.406547
2026-05-27 21:00:00,N10,,,,,,,23.76587,86.406547
2026-05-27 22:00:00,N10,0.1059,0.005865,2.47,4.4989,0.008584,23.5,23.76587,86.406547
2026-05-27 23:00:00,N10,0.0308,0.007346,7.18,4.5075,0.008638,22.8,23.76587,86.406547
2026-05-28 00:00:00,N10,-0.1548,0.006983,1.24,4.5161,0.008981,23.2,23.76587,86.406547
2026-05-28 01:00:00,N10,-0.0395,0.005491,6.2,4.5255,0.00882,23.5,23.76587,86.406547
2026-05-28 02:00:00,N10,0.187,0.005051,4.0,4.5338,0.008374,24.2,23.76587,86.406547
2026-05-28 03:00:00,N10,0.0366,0.008333,2.58,4.5423,0.008543,25.4,23.76587,86.406547
2026-05-28 04:00:00,N10,,,,,,,23.76587,86.406547
2026-05-28 05:00:00,N10,,,,,,,23.76587,86.406547
2026-05-28 06:00:00,N10,,,,,,,23.76587,86.406547
2026-05-28 07:00:00,N10,0.0087,0.006353,2.86,4.5759,0.007872,32.7,23.76587,86.406547
2026-05-28 08:00:00,N10,,,,,,,23.76587,86.406547
2026-05-28 09:00:00,N10,,,,,,,23.76587,86.406547
2026-05-28 10:00:00,N10,,,,,,,23.76587,86.406547
2026-05-28 11:00:00,N10,,,,,,,23.76587,86.406547
2026-05-28 12:00:00,N10,0.1785,0.006246,8.63,4.6183,0.016572,38.2,23.76587,86.406547
2026-05-28 13:00:00,N10,-0.0283,0.752567,49.82,4.6429,0.008738,38.0,23.76587,86.406547
2026-05-28 14:00:00,N10,0.0279,0.00756,7.6,4.6358,0.000733,37.2,23.76587,86.406547
2026-05-28 15:00:00,N10,0.1238,0.005467,6.7,4.6444,0.017645,36.0,23.76587,86.406547
2026-05-28 16:00:00,N10,-0.0264,0.662674,43.16,4.6711,0.017588,34.5,23.76587,86.406547
2026-05-28 17:00:00,N10,0.0846,0.556693,40.26,4.6795,0.000558,32.7,23.76587,86.406547
2026-05-28 18:00:00,N10,0.2359,0.007462,3.66,4.67,0.000432,30.7,23.76587,86.406547
2026-05-28 19:00:00,N10,0.0595,0.006654,5.2,4.6787,0.00871,28.8,23.76587,86.406547
2026-05-28 20:00:00,N10,0.0465,0.007984,2.94,4.6874,0.008553,27.0,23.76587,86.406547
2026-05-28 21:00:00,N10,0.2164,0.005111,9.65,4.6958,0.008294,25.4,23.76587,86.406547
2026-05-28 22:00:00,N10,-0.087,0.00729,3.43,4.704,0.008517,24.2,23.76587,86.406547
2026-05-28 23:00:00,N10,-0.2288,0.007832,5.76,4.7128,0.008365,23.5,23.76587,86.406547
2026-05-29 00:00:00,N10,-0.0011,0.007277,6.84,4.7207,0.008256,24.9,23.76587,86.406547
2026-05-29 01:00:00,N10,,,,,,,23.76587,86.406547
2026-05-29 02:00:00,N10,,,,,,,23.76587,86.406547
2026-05-29 03:00:00,N10,,,,,,,23.76587,86.406547
2026-05-29 04:00:00,N10,,,,,,,23.76587,86.406547
2026-05-29 05:00:00,N10,-0.01,0.005895,7.63,4.7624,0.008685,30.4,23.76587,86.406547
2026-05-29 06:00:00,N10,,,,,,,23.76587,86.406547
2026-05-29 07:00:00,N10,0.0037,0.87928,22.37,4.7616,0.00064,34.3,23.76587,86.406547
2026-05-29 08:00:00,N10,,,,,,,23.76587,86.406547
2026-05-29 09:00:00,N10,,,,,,,23.76587,86.406547
2026-05-29 10:00:00,N10,,,,,,,23.76587,86.406547
2026-05-29 11:00:00,N10,,,,,,,23.76587,86.406547
2026-05-29 12:00:00,N10,,,,,,,23.76587,86.406547
2026-05-29 13:00:00,N10,,,,,,,23.76587,86.406547
2026-05-29 14:00:00,N10,-0.1007,0.007096,9.78,4.8356,0.008916,38.9,23.76587,86.406547
2026-05-29 15:00:00,N10,-0.0076,0.007814,2.88,4.8443,0.008963,37.7,23.76587,86.406547
2026-05-29 16:00:00,N10,,,,,,,23.76587,86.406547
2026-05-29 17:00:00,N10,,,,,,,23.76587,86.406547
2026-05-29 18:00:00,N10,,,,,,,23.76587,86.406547
2026-05-29 19:00:00,N10,,,,,,,23.76587,86.406547
2026-05-29 20:00:00,N10,,,,,,,23.76587,86.406547
2026-05-29 21:00:00,N10,0.2676,0.006803,1.05,4.8928,0.007921,27.1,23.76587,86.406547
2026-05-29 22:00:00,N10,,,,,,,23.76587,86.406547
2026-05-29 23:00:00,N10,,,,,,,23.76587,86.406547
2026-05-30 00:00:00,N10,0.0693,0.006738,6.59,4.9167,0.00781,25.7,23.76587,86.406547
2026-05-30 01:00:00,N10,-0.1797,0.005964,7.26,4.9244,0.007993,25.9,23.76587,86.406547
2026-05-30 02:00:00,N10,-0.0296,0.007632,6.91,4.9327,0.007937,26.7,23.76587,86.406547
2026-05-30 03:00:00,N10,0.045,0.007029,1.45,4.9403,0.00761,27.9,23.76587,86.406547
2026-05-30 04:00:00,N10,0.0553,0.005264,5.14,4.9479,0.007932,29.4,23.76587,86.406547
2026-05-30 05:00:00,N10,0.0902,0.005744,3.46,4.9562,0.007884,31.2,23.76587,86.406547
2026-05-30 06:00:00,N10,,,,,,,23.76587,86.406547
2026-05-30 07:00:00,N10,,,,,,,23.76587,86.406547
2026-05-30 08:00:00,N10,,,,,,,23.76587,86.406547
2026-05-30 09:00:00,N10,,,,,,,23.76587,86.406547
2026-05-30 10:00:00,N10,0.1812,0.010568,5.97,4.9967,0.001105,39.7,23.76587,86.406547
2026-05-30 11:00:00,N10,-0.1559,0.541671,25.69,4.9854,0.001589,40.4,23.76587,86.406547
2026-05-30 12:00:00,N10,0.0746,0.915036,42.92,4.9935,0.017335,40.7,23.76587,86.406547
2026-05-30 13:00:00,N10,-0.1629,0.005025,1.67,5.0201,0.017405,40.4,23.76587,86.406547
2026-05-30 14:00:00,N10,0.0693,0.006836,8.27,5.0283,0.008478,39.7,23.76587,86.406547
2026-05-30 15:00:00,N10,0.0658,0.005356,6.85,5.037,0.000587,38.5,23.76587,86.406547
2026-05-30 16:00:00,N10,0.0743,0.739368,24.3,5.0295,0.008004,36.9,23.76587,86.406547
2026-05-30 17:00:00,N10,-0.0684,0.007205,9.76,5.053,0.015969,35.1,23.76587,86.406547
2026-05-30 18:00:00,N10,,,,,,,23.76587,86.406547
2026-05-30 19:00:00,N10,,,,,,,23.76587,86.406547
2026-05-30 20:00:00,N10,,,,,,,23.76587,86.406547
2026-05-30 21:00:00,N10,,,,,,,23.76587,86.406547
2026-05-30 22:00:00,N10,0.0158,0.007046,6.54,5.0932,0.007968,26.7,23.76587,86.406547
2026-05-30 23:00:00,N10,-0.1845,0.007519,7.41,5.1012,0.007831,25.9,23.76587,86.406547
2026-05-31 00:00:00,N10,,,,,,,23.76587,86.406547
2026-05-31 01:00:00,N10,,,,,,,23.76587,86.406547
2026-05-31 02:00:00,N10,0.0215,0.005349,3.49,5.1253,0.008292,26.1,23.76587,86.406547
2026-05-31 03:00:00,N10,-0.0746,0.007514,7.38,5.1339,0.007872,27.3,23.76587,86.406547
2026-05-31 04:00:00,N10,-0.1248,0.005318,8.47,5.141,0.007353,28.9,23.76587,86.406547
2026-05-31 05:00:00,N10,-0.0649,0.008505,7.12,5.1486,0.007457,30.7,23.76587,86.406547
2026-05-31 06:00:00,N10,-0.1437,0.00615,8.18,5.1559,0.007222,32.6,23.76587,86.406547
2026-05-31 07:00:00,N10,,,,,,,23.76587,86.406547
2026-05-31 08:00:00,N10,,,,,,,23.76587,86.406547
2026-05-31 09:00:00,N10,,,,,,,23.76587,86.406547
2026-05-31 10:00:00,N10,,,,,,,23.76587,86.406547
2026-05-31 11:00:00,N10,0.0798,0.006786,6.76,5.1962,0.00734,39.8,23.76587,86.406547
2026-05-31 12:00:00,N10,0.0335,0.00734,2.47,5.2031,0.007305,40.1,23.76587,86.406547
2026-05-31 13:00:00,N10,0.3471,0.00665,5.12,5.2108,0.007246,39.8,23.76587,86.406547
2026-05-31 14:00:00,N10,-0.0048,0.009378,2.63,5.2176,0.007357,39.1,23.76587,86.406547
2026-05-31 15:00:00,N10,0.0554,0.006903,4.25,5.2255,0.008198,37.9,23.76587,86.406547
2026-05-31 16:00:00,N10,0.1689,0.005755,1.42,5.234,0.013237,36.4,23.76587,86.406547
2026-05-31 17:00:00,N10,0.0841,0.841118,46.29,5.252,0.013057,34.5,23.76587,86.406547
2026-05-31 18:00:00,N10,0.1025,0.824687,29.76,5.2601,0.002632,32.6,23.76587,86.406547
2026-05-31 19:00:00,N10,-0.1827,0.005458,6.68,5.2572,0.002717,30.7,23.76587,86.406547
2026-05-31 20:00:00,N10,-0.1545,0.005043,9.7,5.2655,0.008079,28.9,23.76587,86.406547
2026-05-31 21:00:00,N10,-0.1836,0.006461,5.66,5.2734,0.007708,27.3,23.76587,86.406547
2026-05-31 22:00:00,N10,-0.1507,0.008189,9.21,5.2809,0.007573,26.1,23.76587,86.406547
2026-05-31 23:00:00,N10,-0.0446,0.006765,3.35,5.2885,0.007787,25.4,23.76587,86.406547
2026-06-01 00:00:00,N10,-0.0311,0.005336,3.91,5.2965,0.007956,23.5,23.76587,86.406547
2026-06-01 01:00:00,N10,0.0675,0.005655,6.04,5.3045,0.007682,23.7,23.76587,86.406547
2026-06-01 02:00:00,N10,-0.2731,0.005545,9.13,5.3119,0.007437,24.5,23.76587,86.406547
2026-06-01 03:00:00,N10,-0.3018,0.005449,3.24,5.3193,0.007611,25.7,23.76587,86.406547
2026-06-01 04:00:00,N10,0.237,0.006491,6.56,5.3271,0.00776,27.2,23.76587,86.406547
2026-06-01 05:00:00,N10,-0.1794,0.006359,8.91,5.3348,0.000155,29.0,23.76587,86.406547
2026-06-01 06:00:00,N10,0.1156,0.560509,23.47,5.3274,0.001003,31.0,23.76587,86.406547
2026-06-01 07:00:00,N10,0.186,0.8876,47.18,5.3369,0.008761,32.9,23.76587,86.406547
2026-06-01 08:00:00,N10,0.2323,0.850633,43.77,5.3449,0.014677,34.7,23.76587,86.406547
2026-06-01 09:00:00,N10,0.1583,0.005136,3.8,5.3662,0.014555,36.3,23.76587,86.406547
2026-06-01 10:00:00,N10,0.0142,0.007123,6.43,5.374,0.007832,37.5,23.76587,86.406547
2026-06-01 11:00:00,N10,-0.0886,0.007642,6.8,5.3819,0.007686,38.2,23.76587,86.406547
2026-06-01 12:00:00,N10,,,,,,,23.76587,86.406547
2026-06-01 13:00:00,N10,,,,,,,23.76587,86.406547
2026-06-01 14:00:00,N10,,,,,,,23.76587,86.406547
2026-06-01 15:00:00,N10,-0.0147,0.875105,17.15,5.4292,0.016578,36.3,23.76587,86.406547
2026-06-01 16:00:00,N10,0.312,0.981511,49.84,5.4374,0.001411,34.7,23.76587,86.406547
2026-06-01 17:00:00,N10,-0.0305,0.005827,2.41,5.4264,0.001996,32.9,23.76587,86.406547
2026-06-01 18:00:00,N10,0.1502,0.006578,8.43,5.4334,0.007563,31.0,23.76587,86.406547
2026-06-01 19:00:00,N10,-0.0262,0.0055,6.29,5.4415,0.007633,29.0,23.76587,86.406547
2026-06-01 20:00:00,N10,-0.0391,0.005189,4.73,5.4486,0.00698,27.2,23.76587,86.406547
2026-06-01 21:00:00,N10,,,,,,,23.76587,86.406547
2026-06-01 22:00:00,N10,,,,,,,23.76587,86.406547
2026-06-01 23:00:00,N10,,,,,,,23.76587,86.406547
2026-06-02 00:00:00,N10,,,,,,,23.76587,86.406547
2026-06-02 01:00:00,N10,,,,,,,23.76587,86.406547
2026-06-02 02:00:00,N10,-0.0784,0.007941,4.42,5.4931,0.007543,27.8,23.76587,86.406547
2026-06-02 03:00:00,N10,-0.0151,0.00859,4.61,5.5008,0.007452,29.0,23.76587,86.406547
2026-06-02 04:00:00,N10,-0.0024,0.009933,4.58,5.508,0.007166,30.6,23.76587,86.406547
2026-06-02 05:00:00,N10,0.0301,0.005375,4.31,5.5151,0.007164,32.4,23.76587,86.406547
2026-06-02 06:00:00,N10,0.0472,0.005594,3.59,5.5223,0.006843,34.3,23.76587,86.406547
2026-06-02 07:00:00,N10,0.0824,0.008206,1.31,5.5288,0.003401,36.2,23.76587,86.406547
2026-06-02 08:00:00,N10,-0.1986,0.998693,16.38,5.5291,0.003902,38.1,23.76587,86.406547
2026-06-02 09:00:00,N10,-0.2246,0.775687,29.34,5.5366,0.002848,39.6,23.76587,86.406547
2026-06-02 10:00:00,N10,0.0229,0.741496,49.52,5.5348,0.0117,40.8,23.76587,86.406547
2026-06-02 11:00:00,N10,-0.0397,0.006186,7.19,5.56,0.016026,41.5,23.76587,86.406547
2026-06-02 12:00:00,N10,0.0908,0.007585,8.1,5.5668,0.007264,41.8,23.76587,86.406547
2026-06-02 13:00:00,N10,0.15,0.006154,5.41,5.5745,0.007583,41.5,23.76587,86.406547
2026-06-02 14:00:00,N10,,,,,,,23.76587,86.406547
2026-06-02 15:00:00,N10,,,,,,,23.76587,86.406547
2026-06-02 16:00:00,N10,0.1864,0.007231,1.9,5.5973,0.007223,38.1,23.76587,86.406547
2026-06-02 17:00:00,N10,,,,,,,23.76587,86.406547
2026-06-02 18:00:00,N10,,,,,,,23.76587,86.406547
2026-06-02 19:00:00,N10,,,,,,,23.76587,86.406547
2026-06-02 20:00:00,N10,,,,,,,23.76587,86.406547
2026-06-02 21:00:00,N10,-0.013,0.008021,4.47,5.6348,0.007209,29.0,23.76587,86.406547
2026-06-02 22:00:00,N10,0.0554,0.006992,5.57,5.642,0.007525,27.8,23.76587,86.406547
2026-06-02 23:00:00,N10,0.0378,0.005133,8.24,5.6499,0.007774,27.1,23.76587,86.406547
2026-06-03 00:00:00,N10,0.0166,0.006612,6.19,5.6576,0.007549,26.5,23.76587,86.406547
2026-06-03 01:00:00,N10,-0.1049,0.005735,1.92,5.665,0.007351,26.7,23.76587,86.406547
2026-06-03 02:00:00,N10,0.028,0.005733,5.98,5.6723,0.006868,27.5,23.76587,86.406547
2026-06-03 03:00:00,N10,,,,,,,23.76587,86.406547
2026-06-03 04:00:00,N10,,,,,,,23.76587,86.406547
2026-06-03 05:00:00,N10,,,,,,,23.76587,86.406547
2026-06-03 06:00:00,N10,0.1375,0.006564,9.19,5.7001,0.007165,34.0,23.76587,86.406547
2026-06-03 07:00:00,N10,0.0524,0.005112,1.51,5.7073,0.007188,35.9,23.76587,86.406547
2026-06-03 08:00:00,N10,,,,,,,23.76587,86.406547
2026-06-03 09:00:00,N10,,,,,,,23.76587,86.406547
2026-06-03 10:00:00,N10,0.147,0.731313,23.47,5.7159,0.013786,40.5,23.76587,86.406547
2026-06-03 11:00:00,N10,-0.1623,0.008635,7.75,5.7365,0.013637,41.2,23.76587,86.406547
2026-06-03 12:00:00,N10,-0.039,0.006796,2.79,5.7432,0.007529,41.5,23.76587,86.406547
2026-06-03 13:00:00,N10,,,,,,,23.76587,86.406547
2026-06-03 14:00:00,N10,,,,,,,23.76587,86.406547
2026-06-03 15:00:00,N10,0.0666,0.007863,6.24,5.7648,0.006663,39.3,23.76587,86.406547
2026-06-03 16:00:00,N10,-0.1357,0.005068,6.76,5.7715,0.006847,37.7,23.76587,86.406547
2026-06-03 17:00:00,N10,0.1088,0.005624,2.54,5.7784,0.007241,35.9,23.76587,86.406547
2026-06-03 18:00:00,N10,,,,,,,23.76587,86.406547
2026-06-03 19:00:00,N10,,,,,,,23.76587,86.406547
2026-06-03 20:00:00,N10,,,,,,,23.76587,86.406547
2026-06-03 21:00:00,N10,-0.0008,0.006896,9.14,5.8076,0.008112,28.7,23.76587,86.406547
2026-06-03 22:00:00,N10,-0.2136,0.008076,2.94,5.8164,0.007769,27.5,23.76587,86.406547
2026-06-03 23:00:00,N10,,,,,,,23.76587,86.406547
2026-06-04 00:00:00,N10,,,,,,,23.76587,86.406547
2026-06-04 01:00:00,N10,,,,,,,23.76587,86.406547
2026-06-04 02:00:00,N10,,,,,,,23.76587,86.406547
2026-06-04 03:00:00,N10,-0.1451,0.00767,1.13,5.8521,0.00696,26.9,23.76587,86.406547
2026-06-04 04:00:00,N10,-0.0102,0.006465,7.39,5.8593,0.006828,28.4,23.76587,86.406547
2026-06-04 05:00:00,N10,-0.2465,0.00663,3.39,5.8658,0.006594,30.2,23.76587,86.406547
2026-06-04 06:00:00,N10,-0.1434,0.00535,5.74,5.8725,0.006993,32.2,23.76587,86.406547
2026-06-04 07:00:00,N10,,,,,,,23.76587,86.406547
2026-06-04 08:00:00,N10,,,,,,,23.76587,86.406547
2026-06-04 09:00:00,N10,-0.1577,0.007584,1.16,5.8931,0.006914,37.5,23.76587,86.406547
2026-06-04 10:00:00,N10,0.0332,0.005284,5.84,5.8998,0.006765,38.7,23.76587,86.406547
2026-06-04 11:00:00,N10,,,,,,,23.76587,86.406547
2026-06-04 12:00:00,N10,0.2576,0.008246,4.18,5.9122,0.006573,39.7,23.76587,86.406547
2026-06-04 13:00:00,N10,-0.1558,0.005313,4.37,5.9197,0.00789,39.4,23.76587,86.406547
2026-06-04 14:00:00,N10,,,,,,,23.76587,86.406547
2026-06-04 15:00:00,N10,0.1884,0.007682,4.94,5.9349,0.000419,37.5,23.76587,86.406547
2026-06-04 16:00:00,N10,,,,,,,23.76587,86.406547
2026-06-04 17:00:00,N10,,,,,,,23.76587,86.406547
2026-06-04 18:00:00,N10,,,,,,,23.76587,86.406547
2026-06-04 19:00:00,N10,,,,,,,23.76587,86.406547
2026-06-04 20:00:00,N10,,,,,,,23.76587,86.406547
2026-06-04 21:00:00,N10,-0.1824,0.005203,3.94,5.9763,0.006895,26.9,23.76587,86.406547
2026-06-04 22:00:00,N10,0.0338,0.005509,3.68,5.9833,0.007148,25.7,23.76587,86.406547
2026-06-04 23:00:00,N10,-0.2398,0.006047,7.2,5.9906,0.007324,24.9,23.76587,86.406547
2026-06-05 00:00:00,N10,0.1264,0.005513,3.82,5.9979,0.006879,23.7,23.76587,86.406547
2026-06-05 01:00:00,N10,0.0161,0.005303,4.17,6.0044,0.006371,23.9,23.76587,86.406547
2026-06-05 02:00:00,N10,-0.1147,0.006416,1.71,6.0106,0.006946,24.7,23.76587,86.406547
2026-06-05 03:00:00,N10,,,,,,,23.76587,86.406547
2026-06-05 04:00:00,N10,,,,,,,23.76587,86.406547
2026-06-05 05:00:00,N10,,,,,,,23.76587,86.406547
2026-06-05 06:00:00,N10,,,,,,,23.76587,86.406547
2026-06-05 07:00:00,N10,,,,,,,23.76587,86.406547
2026-06-05 08:00:00,N10,0.1196,0.006978,8.21,6.0533,0.005173,34.9,23.76587,86.406547
2026-06-05 09:00:00,N10,-0.0623,0.54398,36.26,6.0476,0.000627,36.5,23.76587,86.406547
2026-06-05 10:00:00,N10,0.0778,0.889791,29.07,6.0545,0.013061,37.7,23.76587,86.406547
2026-06-05 11:00:00,N10,,,,,,,23.76587,86.406547
2026-06-05 12:00:00,N10,,,,,,,23.76587,86.406547
2026-06-05 13:00:00,N10,,,,,,,23.76587,86.406547
2026-06-05 14:00:00,N10,,,,,,,23.76587,86.406547
2026-06-05 15:00:00,N10,,,,,,,23.76587,86.406547
2026-06-05 16:00:00,N10,,,,,,,23.76587,86.406547
2026-06-05 17:00:00,N10,,,,,,,23.76587,86.406547
2026-06-05 18:00:00,N10,,,,,,,23.76587,86.406547
2026-06-05 19:00:00,N10,,,,,,,23.76587,86.406547
2026-06-05 20:00:00,N10,,,,,,,23.76587,86.406547
2026-06-05 21:00:00,N10,,,,,,,23.76587,86.406547
2026-06-05 22:00:00,N10,,,,,,,23.76587,86.406547
2026-06-05 23:00:00,N10,,,,,,,23.76587,86.406547
2026-06-06 00:00:00,N10,,,,,,,23.76587,86.406547
2026-06-06 01:00:00,N10,-0.0369,0.00643,8.74,6.1692,0.006173,26.4,23.76587,86.406547
2026-06-06 02:00:00,N10,0.1034,0.005974,5.44,6.1756,0.006553,27.1,23.76587,86.406547
2026-06-06 03:00:00,N10,-0.3889,0.008719,8.73,6.1823,0.006616,28.3,23.76587,86.406547
2026-06-06 04:00:00,N10,0.1245,0.005292,3.18,6.1888,0.006474,29.8,23.76587,86.406547
2026-06-06 05:00:00,N10,0.3157,0.007075,2.27,6.1952,0.006655,31.7,23.76587,86.406547
2026-06-06 06:00:00,N10,-0.0115,0.005071,9.29,6.2022,0.006664,33.6,23.76587,86.406547
2026-06-06 07:00:00,N10,0.2789,0.01001,8.11,6.2086,0.006771,35.5,23.76587,86.406547
2026-06-06 08:00:00,N10,0.179,0.006947,1.94,6.2157,0.006906,37.3,23.76587,86.406547
2026-06-06 09:00:00,N10,-0.1735,0.005321,3.87,6.2224,0.006798,38.9,23.76587,86.406547
2026-06-06 10:00:00,N10,,,,,,,23.76587,86.406547
2026-06-06 11:00:00,N10,0.0541,0.658479,20.18,6.2289,0.006597,40.8,23.76587,86.406547
2026-06-06 12:00:00,N10,-0.0247,0.005691,4.82,6.2425,0.01012,41.1,23.76587,86.406547
2026-06-06 13:00:00,N10,0.192,0.005372,6.16,6.2492,0.007134,40.8,23.76587,86.406547
2026-06-06 14:00:00,N10,,,,,,,23.76587,86.406547
2026-06-06 15:00:00,N10,,,,,,,23.76587,86.406547
2026-06-06 16:00:00,N10,,,,,,,23.76587,86.406547
2026-06-06 17:00:00,N10,-0.2694,0.007144,6.39,6.2768,0.007123,35.5,23.76587,86.406547
2026-06-06 18:00:00,N10,0.067,0.006308,7.85,6.2839,0.006842,33.6,23.76587,86.406547
2026-06-06 19:00:00,N10,,,,,,,23.76587,86.406547
2026-06-06 20:00:00,N10,-0.139,0.007968,6.41,6.2966,0.006534,29.8,23.76587,86.406547
2026-06-06 21:00:00,N10,-0.1512,0.00572,5.48,6.3036,0.006514,28.3,23.76587,86.406547
2026-06-06 22:00:00,N10,-0.0793,0.006124,3.85,6.3096,0.005851,27.1,23.76587,86.406547
2026-06-06 23:00:00,N10,0.0793,0.006053,9.5,6.3153,0.006543,26.4,23.76587,86.406547
2026-06-07 00:00:00,N10,-0.0221,0.008192,2.56,6.3227,0.007161,25.4,23.76587,86.406547
2026-06-07 01:00:00,N10,-0.0023,0.006543,8.81,6.3296,0.006625,25.6,23.76587,86.406547
2026-06-07 02:00:00,N10,0.2264,0.006712,2.64,6.3359,0.006239,26.4,23.76587,86.406547
2026-06-07 03:00:00,N10,0.1605,0.005685,3.14,6.3421,0.006705,27.6,23.76587,86.406547
2026-06-07 04:00:00,N10,0.1208,0.005676,5.11,6.3493,0.007188,29.1,23.76587,86.406547
2026-06-07 05:00:00,N10,-0.0437,0.00792,7.7,6.3565,0.008786,30.9,23.76587,86.406547
2026-06-07 06:00:00,N10,0.0532,0.757039,39.97,6.3669,0.000853,32.9,23.76587,86.406547
2026-06-07 07:00:00,N10,0.0552,0.694187,18.7,6.3582,0.005185,34.8,23.76587,86.406547
2026-06-07 08:00:00,N10,0.1969,0.008721,8.5,6.3773,0.012713,36.6,23.76587,86.406547
2026-06-07 09:00:00,N10,0.2476,0.009119,3.82,6.3836,0.006741,38.2,23.76587,86.406547
2026-06-07 10:00:00,N10,0.3377,0.006587,8.62,6.3908,0.00737,39.4,23.76587,86.406547
2026-06-07 11:00:00,N10,-0.0292,0.007858,9.44,6.3983,0.007452,40.1,23.76587,86.406547
2026-06-07 12:00:00,N10,0.1065,0.005815,6.08,6.4057,0.00696,40.4,23.76587,86.406547
2026-06-07 13:00:00,N10,-0.0525,0.005171,8.91,6.4122,0.006267,40.1,23.76587,86.406547
2026-06-07 14:00:00,N10,-0.2157,0.005537,6.72,6.4182,0.006515,39.4,23.76587,86.406547
2026-06-07 15:00:00,N10,-0.0471,0.0069,7.36,6.4253,0.006472,38.2,23.76587,86.406547
2026-06-07 16:00:00,N10,0.2532,0.005791,7.17,6.4311,0.006218,36.6,23.76587,86.406547
2026-06-07 17:00:00,N10,0.0218,0.005433,5.61,6.4377,0.006597,34.8,23.76587,86.406547
2026-06-07 18:00:00,N10,0.1416,0.006281,8.53,6.4443,0.006609,32.9,23.76587,86.406547
2026-06-07 19:00:00,N10,0.0922,0.005239,9.48,6.4509,0.006494,30.9,23.76587,86.406547
2026-06-07 20:00:00,N10,-0.2591,0.005095,6.73,6.4573,0.006145,29.1,23.76587,86.406547
2026-06-07 21:00:00,N10,-0.0782,0.006319,5.14,6.4632,0.006218,27.6,23.76587,86.406547
2026-06-07 22:00:00,N10,0.1104,0.005394,6.56,6.4698,0.00675,26.4,23.76587,86.406547
2026-06-07 23:00:00,N10,0.0334,0.005621,5.78,6.4767,0.006608,25.6,23.76587,86.406547
2026-06-08 00:00:00,N10,0.0469,0.007167,8.39,6.483,0.006445,22.1,23.76587,86.406547
2026-06-08 01:00:00,N10,,,,,,,23.76587,86.406547
2026-06-08 02:00:00,N10,,,,,,,23.76587,86.406547
2026-06-08 03:00:00,N10,,,,,,,23.76587,86.406547
2026-06-08 04:00:00,N10,0.249,0.005674,2.01,6.5094,0.006794,25.9,23.76587,86.406547
2026-06-08 05:00:00,N10,-0.1787,0.005579,1.15,6.517,0.00689,27.7,23.76587,86.406547
2026-06-08 06:00:00,N10,0.0986,0.006247,2.98,6.5232,0.006833,29.6,23.76587,86.406547
2026-06-08 07:00:00,N10,-0.0888,0.006972,6.54,6.5307,0.006951,31.5,23.76587,86.406547
2026-06-08 08:00:00,N10,0.1704,0.008621,9.26,6.5371,0.006418,33.4,23.76587,86.406547
2026-06-08 09:00:00,N10,-0.0365,0.007004,4.99,6.5435,0.006603,34.9,23.76587,86.406547
2026-06-08 10:00:00,N10,0.0724,0.005565,2.04,6.5503,0.006772,36.1,23.76587,86.406547
2026-06-08 11:00:00,N10,0.0345,0.006554,1.67,6.5571,0.006148,36.8,23.76587,86.406547
2026-06-08 12:00:00,N10,-0.369,0.005702,4.9,6.5626,0.006347,37.1,23.76587,86.406547
2026-06-08 13:00:00,N10,-0.0418,0.005349,4.07,6.5698,0.006519,36.8,23.76587,86.406547
2026-06-08 14:00:00,N10,,,,,,,23.76587,86.406547
2026-06-08 15:00:00,N10,,,,,,,23.76587,86.406547
2026-06-08 16:00:00,N10,,,,,,,23.76587,86.406547
2026-06-08 17:00:00,N10,,,,,,,23.76587,86.406547
2026-06-08 18:00:00,N10,-0.0308,0.006656,1.73,6.6015,0.006521,29.6,23.76587,86.406547
2026-06-08 19:00:00,N10,0.2156,0.006015,6.87,6.6086,0.006923,27.7,23.76587,86.406547
2026-06-08 20:00:00,N10,0.2476,0.006669,8.09,6.6153,0.006488,25.9,23.76587,86.406547
2026-06-08 21:00:00,N10,-0.1204,0.008474,7.23,6.6216,0.00615,24.3,23.76587,86.406547
2026-06-08 22:00:00,N10,-0.2044,0.005116,4.44,6.6276,0.00635,23.1,23.76587,86.406547
2026-06-08 23:00:00,N10,0.0023,0.006138,1.06,6.6343,0.006315,22.4,23.76587,86.406547
2026-06-09 00:00:00,N10,0.1111,0.005069,7.49,6.6403,0.006106,24.9,23.76587,86.406547
2026-06-09 01:00:00,N10,-0.1339,0.006333,3.24,6.6465,0.006105,25.1,23.76587,86.406547
2026-06-09 02:00:00,N10,-0.212,0.008512,5.72,6.6525,0.006337,25.9,23.76587,86.406547
2026-06-09 03:00:00,N10,0.0388,0.00679,7.2,6.6592,0.006752,27.1,23.76587,86.406547
2026-06-09 04:00:00,N10,0.0692,0.005809,2.68,6.666,0.006924,28.6,23.76587,86.406547
2026-06-09 05:00:00,N10,0.4516,0.006924,6.32,6.673,0.006892,30.4,23.76587,86.406547
2026-06-09 06:00:00,N10,0.1751,0.007235,9.29,6.6798,0.006451,32.4,23.76587,86.406547
2026-06-09 07:00:00,N10,0.102,0.005247,1.54,6.6859,0.006019,34.3,23.76587,86.406547
2026-06-09 08:00:00,N10,0.2807,0.008387,9.37,6.6918,0.005812,36.1,23.76587,86.406547
2026-06-09 09:00:00,N10,0.4131,0.005922,8.19,6.6976,0.00543,37.7,23.76587,86.406547
2026-06-09 10:00:00,N10,0.0133,0.008784,1.89,6.7027,0.005583,38.9,23.76587,86.406547
2026-06-09 11:00:00,N10,0.1505,0.005254,4.2,6.7087,0.005917,39.6,23.76587,86.406547
2026-06-09 12:00:00,N10,-0.1173,0.006055,7.48,6.7145,0.001625,39.9,23.76587,86.406547
2026-06-09 13:00:00,N10,0.0767,0.908544,26.21,6.712,0.009365,39.6,23.76587,86.406547
2026-06-09 14:00:00,N10,-0.074,0.998691,44.66,6.7332,0.018032,38.9,23.76587,86.406547
2026-06-09 15:00:00,N10,-0.0281,0.635986,24.92,6.7481,0.002989,37.7,23.76587,86.406547
2026-06-09 16:00:00,N10,-0.0299,0.010154,7.6,6.7392,0.001644,36.1,23.76587,86.406547
2026-06-09 17:00:00,N10,0.0131,0.008089,7.66,6.7448,0.00577,34.3,23.76587,86.406547
2026-06-09 18:00:00,N10,-0.0651,0.007775,1.23,6.7507,0.006236,32.4,23.76587,86.406547
2026-06-09 19:00:00,N10,-0.001,0.006747,7.47,6.7572,0.006392,30.4,23.76587,86.406547
2026-06-09 20:00:00,N10,0.179,0.007787,6.58,6.7635,0.00641,28.6,23.76587,86.406547
2026-06-09 21:00:00,N10,-0.1818,0.005809,8.89,6.7701,0.006414,27.1,23.76587,86.406547
2026-06-09 22:00:00,N10,-0.0262,0.006639,8.97,6.7763,0.006048,25.9,23.76587,86.406547
2026-06-09 23:00:00,N10,0.22,0.006576,5.69,6.7822,0.005712,25.1,23.76587,86.406547
2026-06-10 00:00:00,N10,-0.022,0.007763,6.87,6.7878,0.005359,25.5,23.76587,86.406547
2026-06-10 01:00:00,N10,,,,,,,23.76587,86.406547
2026-06-10 02:00:00,N10,,,,,,,23.76587,86.406547
2026-06-10 03:00:00,N10,,,,,,,23.76587,86.406547
2026-06-10 04:00:00,N10,0.1772,0.006175,2.13,6.8105,0.00595,29.3,23.76587,86.406547
2026-06-10 05:00:00,N10,-0.035,0.00731,3.38,6.817,0.006482,31.1,23.76587,86.406547
2026-06-10 06:00:00,N10,-0.0093,0.006638,8.58,6.8235,0.006567,33.0,23.76587,86.406547
2026-06-10 07:00:00,N10,-0.1239,0.007603,6.93,6.8302,0.006738,35.0,23.76587,86.406547
2026-06-10 08:00:00,N10,-0.0128,0.005409,7.69,6.8369,0.006824,36.8,23.76587,86.406547
2026-06-10 09:00:00,N10,-0.0029,0.005376,8.93,6.8438,0.006616,38.3,23.76587,86.406547
2026-06-10 10:00:00,N10,-0.1928,0.006092,5.27,6.8502,0.006389,39.5,23.76587,86.406547
2026-06-10 11:00:00,N10,0.0814,0.011252,1.67,6.8566,0.006023,40.3,23.76587,86.406547
2026-06-10 12:00:00,N10,0.0253,0.005549,7.13,6.8622,0.006081,40.5,23.76587,86.406547
2026-06-10 13:00:00,N10,0.094,0.005262,8.66,6.8687,0.006225,40.3,23.76587,86.406547
2026-06-10 14:00:00,N10,0.1869,0.006538,2.15,6.8747,0.00159,39.5,23.76587,86.406547
2026-06-10 15:00:00,N10,0.0713,0.864582,25.01,6.8719,0.005943,38.3,23.76587,86.406547
2026-06-10 16:00:00,N10,-0.0569,0.005463,5.0,6.8866,0.007044,36.8,23.76587,86.406547
2026-06-10 17:00:00,N10,-0.0314,0.709301,43.2,6.886,0.002313,35.0,23.76587,86.406547
2026-06-10 18:00:00,N10,-0.0527,0.575234,25.62,6.8912,0.008904,33.0,23.76587,86.406547
2026-06-10 19:00:00,N10,0.3075,0.006022,7.07,6.9038,0.009511,31.1,23.76587,86.406547
2026-06-10 20:00:00,N10,0.0059,0.006437,2.62,6.9102,0.006038,29.3,23.76587,86.406547
2026-06-10 21:00:00,N10,-0.0375,0.007083,2.38,6.9159,0.005743,27.7,23.76587,86.406547
2026-06-10 22:00:00,N10,-0.0262,0.00574,6.74,6.9217,0.005737,26.5,23.76587,86.406547
2026-06-10 23:00:00,N10,-0.1857,0.005644,1.63,6.9274,0.005908,25.8,23.76587,86.406547
2026-06-11 00:00:00,N10,-0.084,0.005361,4.27,6.9335,0.005806,23.2,23.76587,86.406547
2026-06-11 01:00:00,N10,,,,,,,23.76587,86.406547
2026-06-11 02:00:00,N10,,,,,,,23.76587,86.406547
2026-06-11 03:00:00,N10,,,,,,,23.76587,86.406547
2026-06-11 04:00:00,N10,,,,,,,23.76587,86.406547
2026-06-11 05:00:00,N10,,,,,,,23.76587,86.406547
2026-06-11 06:00:00,N10,0.0379,0.711887,38.21,6.9506,0.006126,30.7,23.76587,86.406547
2026-06-11 07:00:00,N10,-0.0852,0.006085,2.51,6.9755,0.015735,32.6,23.76587,86.406547
2026-06-11 08:00:00,N10,0.2997,0.006399,5.6,6.9821,0.005919,34.5,23.76587,86.406547
2026-06-11 09:00:00,N10,0.1566,0.006953,2.65,6.9874,0.005734,36.0,23.76587,86.406547
2026-06-11 10:00:00,N10,0.045,0.005094,7.36,6.9936,0.006295,37.2,23.76587,86.406547
2026-06-11 11:00:00,N10,,,,,,,23.76587,86.406547
2026-06-11 12:00:00,N10,0.0993,0.005889,8.36,7.0068,0.006608,38.2,23.76587,86.406547
2026-06-11 13:00:00,N10,,,,,,,23.76587,86.406547
2026-06-11 14:00:00,N10,,,,,,,23.76587,86.406547
2026-06-11 15:00:00,N10,,,,,,,23.76587,86.406547
2026-06-11 16:00:00,N10,0.1145,0.639095,20.45,7.0692,0.02476,34.5,23.76587,86.406547
2026-06-11 17:00:00,N10,-0.0111,0.565493,38.69,7.0747,0.013306,32.6,23.76587,86.406547
2026-06-11 18:00:00,N10,0.0703,0.005181,7.7,7.0426,0.013431,30.7,23.76587,86.406547
2026-06-11 19:00:00,N10,0.0715,0.00596,6.67,7.0479,0.005958,28.8,23.76587,86.406547
2026-06-11 20:00:00,N10,0.2871,0.006725,7.53,7.0545,0.00635,27.0,23.76587,86.406547
2026-06-11 21:00:00,N10,0.0813,0.005759,7.64,7.0606,0.00566,25.4,23.76587,86.406547
2026-06-11 22:00:00,N10,-0.1288,0.007228,7.89,7.0659,0.005739,24.2,23.76587,86.406547
2026-06-11 23:00:00,N10,-0.0948,0.00514,5.97,7.072,0.00565,23.5,23.76587,86.406547
2026-06-12 00:00:00,N10,0.012,0.00619,3.37,7.0772,0.005443,25.4,23.76587,86.406547
2026-06-12 01:00:00,N10,-0.1833,0.010203,5.92,7.0829,0.005647,25.6,23.76587,86.406547
2026-06-12 02:00:00,N10,0.0388,0.006196,3.31,7.0885,0.005953,26.4,23.76587,86.406547
2026-06-12 03:00:00,N10,0.1012,0.006732,5.6,7.0948,0.006016,27.6,23.76587,86.406547
2026-06-12 04:00:00,N10,0.1695,0.005713,3.69,7.1005,0.005584,29.1,23.76587,86.406547
2026-06-12 05:00:00,N10,,,,,,,23.76587,86.406547
2026-06-12 06:00:00,N10,,,,,,,23.76587,86.406547
2026-06-12 07:00:00,N10,,,,,,,23.76587,86.406547
2026-06-12 08:00:00,N10,,,,,,,23.76587,86.406547
2026-06-12 09:00:00,N10,-0.252,0.00635,1.05,7.1299,0.005987,38.2,23.76587,86.406547
2026-06-12 10:00:00,N10,,,,,,,23.76587,86.406547
2026-06-12 11:00:00,N10,,,,,,,23.76587,86.406547
2026-06-12 12:00:00,N10,,,,,,,23.76587,86.406547
2026-06-12 13:00:00,N10,0.2258,0.006095,5.3,7.1546,0.006185,40.1,23.76587,86.406547
2026-06-12 14:00:00,N10,-0.1444,0.006189,5.96,7.1605,0.005857,39.4,23.76587,86.406547
2026-06-12 15:00:00,N10,-0.0258,0.006066,9.57,7.1663,0.002407,38.2,23.76587,86.406547
2026-06-12 16:00:00,N10,0.1192,0.60553,34.42,7.1557,0.006323,36.6,23.76587,86.406547
2026-06-12 17:00:00,N10,-0.0267,0.006472,4.38,7.179,0.0153,34.8,23.76587,86.406547
2026-06-12 18:00:00,N10,0.1194,0.008963,9.5,7.1863,0.00582,32.9,23.76587,86.406547
2026-06-12 19:00:00,N10,0.0977,0.006506,7.18,7.1906,0.004853,30.9,23.76587,86.406547
2026-06-12 20:00:00,N10,-0.405,0.006706,2.7,7.196,0.005665,29.1,23.76587,86.406547
2026-06-12 21:00:00,N10,0.1082,0.007869,9.97,7.202,0.006058,27.6,23.76587,86.406547
2026-06-12 22:00:00,N10,-0.1429,0.006836,9.95,7.2082,0.005985,26.4,23.76587,86.406547
2026-06-12 23:00:00,N10,0.0977,0.00648,1.48,7.2139,0.006115,25.6,23.76587,86.406547
2026-06-13 00:00:00,N10,-0.1046,0.007444,5.88,7.2204,0.00612,22.1,23.76587,86.406547
2026-06-13 01:00:00,N10,,,,,,,23.76587,86.406547
2026-06-13 02:00:00,N10,,,,,,,23.76587,86.406547
2026-06-13 03:00:00,N10,,,,,,,23.76587,86.406547
2026-06-13 04:00:00,N10,-0.0054,0.008132,5.72,7.2426,0.005575,25.8,23.76587,86.406547
2026-06-13 05:00:00,N10,-0.0047,0.006809,7.94,7.248,0.005984,27.6,23.76587,86.406547
2026-06-13 06:00:00,N10,0.1084,0.007261,1.64,7.2546,0.005696,29.6,23.76587,86.406547
2026-06-13 07:00:00,N10,0.0828,0.007212,7.72,7.2594,0.002932,31.5,23.76587,86.406547
2026-06-13 08:00:00,N10,0.1304,0.927031,40.71,7.2487,0.002442,33.3,23.76587,86.406547
2026-06-13 09:00:00,N10,-0.0042,0.848572,49.13,7.2545,0.013862,34.9,23.76587,86.406547
2026-06-13 10:00:00,N10,0.2463,0.005529,4.12,7.2764,0.013836,36.1,23.76587,86.406547
2026-06-13 11:00:00,N10,-0.138,0.005116,9.76,7.2822,0.005547,36.8,23.76587,86.406547
2026-06-13 12:00:00,N10,0.2131,0.005595,5.12,7.2875,0.00537,37.1,23.76587,86.406547
2026-06-13 13:00:00,N10,0.2897,0.006674,7.13,7.2929,0.00584,36.8,23.76587,86.406547
2026-06-13 14:00:00,N10,,,,,,,23.76587,86.406547
2026-06-13 15:00:00,N10,-0.1104,0.007727,1.47,7.3041,0.006209,34.9,23.76587,86.406547
2026-06-13 16:00:00,N10,-0.1631,0.005047,7.74,7.3116,0.00639,33.3,23.76587,86.406547
2026-06-13 17:00:00,N10,-0.0714,0.007327,4.38,7.3169,0.005227,31.5,23.76587,86.406547
2026-06-13 18:00:00,N10,-0.0688,0.007233,7.23,7.3221,0.005331,29.6,23.76587,86.406547
2026-06-13 19:00:00,N10,-0.0814,0.006672,4.39,7.3275,0.0053,27.6,23.76587,86.406547
2026-06-13 20:00:00,N10,,,,,,,23.76587,86.406547
2026-06-13 21:00:00,N10,,,,,,,23.76587,86.406547
2026-06-13 22:00:00,N10,0.0847,0.005718,1.4,7.3438,0.005487,23.1,23.76587,86.406547
2026-06-13 23:00:00,N10,0.1007,0.005663,2.01,7.3494,0.005669,22.3,23.76587,86.406547
2026-06-14 00:00:00,N10,0.055,0.007805,2.38,7.3551,0.005478,27.7,23.76587,86.406547
2026-06-14 01:00:00,N10,0.1265,0.005621,1.18,7.3604,0.005404,27.9,23.76587,86.406547
2026-06-14 02:00:00,N10,-0.0687,0.005502,4.86,7.3659,0.005454,28.7,23.76587,86.406547
2026-06-14 03:00:00,N10,-0.1567,0.005643,5.8,7.3713,0.005578,29.9,23.76587,86.406547
2026-06-14 04:00:00,N10,0.0852,0.006168,5.04,7.3771,0.005978,31.4,23.76587,86.406547
2026-06-14 05:00:00,N10,0.4345,0.008268,6.22,7.3833,0.006232,33.2,23.76587,86.406547
2026-06-14 06:00:00,N10,0.2379,0.005689,8.6,7.3895,0.005631,35.2,23.76587,86.406547
2026-06-14 07:00:00,N10,,,,,,,23.76587,86.406547
2026-06-14 08:00:00,N10,,,,,,,23.76587,86.406547
2026-06-14 09:00:00,N10,-0.1215,0.788623,32.3,7.3948,0.00611,40.5,23.76587,86.406547
2026-06-14 10:00:00,N10,0.116,0.008213,1.26,7.4112,0.010799,41.7,23.76587,86.406547
2026-06-14 11:00:00,N10,-0.0281,0.005489,3.77,7.4164,0.005644,42.4,23.76587,86.406547
2026-06-14 12:00:00,N10,,,,,,,23.76587,86.406547
2026-06-14 13:00:00,N10,,,,,,,23.76587,86.406547
2026-06-14 14:00:00,N10,,,,,,,23.76587,86.406547
2026-06-14 15:00:00,N10,-0.15,0.005187,1.27,7.4381,0.005367,40.5,23.76587,86.406547
2026-06-14 16:00:00,N10,0.2466,0.00895,8.14,7.4438,0.000975,38.9,23.76587,86.406547
2026-06-14 17:00:00,N10,-0.0832,0.895141,46.71,7.4401,0.005392,37.1,23.76587,86.406547
2026-06-14 18:00:00,N10,,,,,,,23.76587,86.406547
2026-06-14 19:00:00,N10,0.0349,0.006397,5.9,7.4605,0.005868,33.2,23.76587,86.406547
2026-06-14 20:00:00,N10,0.1116,0.005825,1.84,7.4663,0.005948,31.4,23.76587,86.406547
2026-06-14 21:00:00,N10,,,,,,,23.76587,86.406547
2026-06-14 22:00:00,N10,,,,,,,23.76587,86.406547
2026-06-14 23:00:00,N10,,,,,,,23.76587,86.406547
2026-06-15 00:00:00,N10,-0.1787,0.005049,9.22,7.4886,0.005179,27.5,23.76587,86.406547
2026-06-15 01:00:00,N10,-0.1855,0.005997,1.16,7.4931,0.004442,27.8,23.76587,86.406547
2026-06-15 02:00:00,N10,0.1037,0.005591,7.43,7.4975,0.004983,28.5,23.76587,86.406547
2026-06-15 03:00:00,N10,-0.0165,0.005671,8.77,7.503,0.005444,29.7,23.76587,86.406547
2026-06-15 04:00:00,N10,0.1695,0.005297,2.65,7.5084,0.005296,31.2,23.76587,86.406547
2026-06-15 05:00:00,N10,-0.2006,0.005585,4.12,7.5136,0.005244,33.1,23.76587,86.406547
2026-06-15 06:00:00,N10,-0.0515,0.008843,2.44,7.5189,0.005043,35.0,23.76587,86.406547
2026-06-15 07:00:00,N10,0.0546,0.006223,7.39,7.5237,0.005092,36.9,23.76587,86.406547
2026-06-15 08:00:00,N10,0.1366,0.005632,7.87,7.5291,0.005647,38.7,23.76587,86.406547
2026-06-15 09:00:00,N10,-0.1652,0.006247,8.78,7.535,0.009978,40.3,23.76587,86.406547
2026-06-15 10:00:00,N10,0.1241,0.624908,17.45,7.549,0.009738,41.5,23.76587,86.406547
2026-06-15 11:00:00,N10,-0.05,0.55088,24.61,7.5545,0.001261,42.2,23.76587,86.406547
2026-06-15 12:00:00,N10,0.2526,0.005091,8.76,7.5515,0.001088,42.5,23.76587,86.406547
2026-06-15 13:00:00,N10,0.1244,0.006173,2.06,7.5566,0.004866,42.2,23.76587,86.406547
2026-06-15 14:00:00,N10,0.1397,0.006112,8.24,7.5613,0.005201,41.5,23.76587,86.406547
2026-06-15 15:00:00,N10,0.1122,0.005543,1.8,7.567,0.005583,40.3,23.76587,86.406547
2026-06-15 16:00:00,N10,0.0106,0.007921,6.96,7.5724,0.00541,38.7,23.76587,86.406547
2026-06-15 17:00:00,N10,-0.0106,0.006844,3.42,7.5779,0.005035,36.9,23.76587,86.406547
2026-06-15 18:00:00,N10,,,,,,,23.76587,86.406547
2026-06-15 19:00:00,N10,,,,,,,23.76587,86.406547
2026-06-15 20:00:00,N10,0.0946,0.007313,5.79,7.5937,0.005324,31.2,23.76587,86.406547
2026-06-15 21:00:00,N10,-0.108,0.007789,2.12,7.5986,0.005139,29.7,23.76587,86.406547
2026-06-15 22:00:00,N10,-0.3091,0.006728,7.25,7.604,0.005433,28.5,23.76587,86.406547
2026-06-15 23:00:00,N10,,,,,,,23.76587,86.406547
2026-06-16 00:00:00,N10,,,,,,,23.76587,86.406547
2026-06-16 01:00:00,N10,,,,,,,23.76587,86.406547
2026-06-16 02:00:00,N10,,,,,,,23.76587,86.406547
2026-06-16 03:00:00,N10,,,,,,,23.76587,86.406547
2026-06-16 04:00:00,N10,-0.0933,0.00572,9.24,7.6365,0.005502,28.2,23.76587,86.406547
2026-06-16 05:00:00,N10,-0.0063,0.006484,3.93,7.6418,0.005523,30.1,23.76587,86.406547
2026-06-16 06:00:00,N10,0.079,0.00708,3.05,7.6475,0.001031,32.0,23.76587,86.406547
2026-06-16 07:00:00,N10,0.1649,0.895378,43.08,7.6397,0.000997,33.9,23.76587,86.406547
2026-06-16 08:00:00,N10,0.0377,0.867445,22.77,7.6455,0.011982,35.7,23.76587,86.406547
2026-06-16 09:00:00,N10,-0.0473,0.005575,7.31,7.6637,0.011729,37.3,23.76587,86.406547
2026-06-16 10:00:00,N10,-0.16,0.00655,4.92,7.669,0.00565,38.5,23.76587,86.406547
2026-06-16 11:00:00,N10,0.0565,0.006684,5.58,7.675,0.005341,39.2,23.76587,86.406547
2026-06-16 12:00:00,N10,-0.0497,0.007656,9.03,7.6797,0.005668,39.5,23.76587,86.406547
2026-06-16 13:00:00,N10,0.0746,0.005035,3.56,7.6863,0.006038,39.2,23.76587,86.406547
2026-06-16 14:00:00,N10,-0.0045,0.007776,4.6,7.6917,0.005529,38.5,23.76587,86.406547
2026-06-16 15:00:00,N10,0.0292,0.008966,4.52,7.6974,0.001902,37.3,23.76587,86.406547
2026-06-16 16:00:00,N10,-0.0025,0.870357,40.92,7.6955,0.005354,35.7,23.76587,86.406547
2026-06-16 17:00:00,N10,0.2589,0.008614,4.93,7.7081,0.009073,33.9,23.76587,86.406547
2026-06-16 18:00:00,N10,-0.0257,0.005447,5.95,7.7137,0.005541,32.0,23.76587,86.406547
2026-06-16 19:00:00,N10,-0.0637,0.005725,7.81,7.7192,0.005298,30.1,23.76587,86.406547
2026-06-16 20:00:00,N10,-0.235,0.006995,3.18,7.7243,0.00555,28.2,23.76587,86.406547
2026-06-16 21:00:00,N10,0.0809,0.007003,6.42,7.7303,0.005628,26.7,23.76587,86.406547
2026-06-16 22:00:00,N10,0.0859,0.007027,3.36,7.7355,0.005034,25.5,23.76587,86.406547
2026-06-16 23:00:00,N10,0.1133,0.005327,6.48,7.7403,0.004693,24.8,23.76587,86.406547
2026-06-17 00:00:00,N10,0.117,0.006871,1.7,7.7449,0.00478,25.7,23.76587,86.406547
2026-06-17 01:00:00,N10,-0.0371,0.005501,4.9,7.7499,0.005159,26.0,23.76587,86.406547
2026-06-17 02:00:00,N10,0.131,0.007053,6.7,7.7552,0.005725,26.7,23.76587,86.406547
2026-06-17 03:00:00,N10,-0.0103,0.006602,5.95,7.7614,0.005572,27.9,23.76587,86.406547
2026-06-17 04:00:00,N10,-0.0646,0.005143,6.64,7.7664,0.005432,29.5,23.76587,86.406547
2026-06-17 05:00:00,N10,-0.0714,0.00576,6.95,7.7722,0.007823,31.3,23.76587,86.406547
2026-06-17 06:00:00,N10,0.2266,0.778454,49.46,7.782,0.004498,33.2,23.76587,86.406547
2026-06-17 07:00:00,N10,,,,,,,23.76587,86.406547
2026-06-17 08:00:00,N10,-0.0557,0.005099,3.66,7.7859,0.005431,37.0,23.76587,86.406547
2026-06-17 09:00:00,N10,0.0749,0.00522,9.86,7.7921,0.00543,38.5,23.76587,86.406547
2026-06-17 10:00:00,N10,0.1992,0.008055,9.43,7.7968,0.005069,39.7,23.76587,86.406547
2026-06-17 11:00:00,N10,0.0778,0.008329,6.56,7.8022,0.005915,40.5,23.76587,86.406547
2026-06-17 12:00:00,N10,-0.2026,0.006374,8.37,7.8086,0.005886,40.7,23.76587,86.406547
2026-06-17 13:00:00,N10,0.0598,0.006738,7.78,7.814,0.005426,40.5,23.76587,86.406547
2026-06-17 14:00:00,N10,0.1168,0.007118,3.93,7.8195,0.005133,39.7,23.76587,86.406547
2026-06-17 15:00:00,N10,,,,,,,23.76587,86.406547
2026-06-17 16:00:00,N10,,,,,,,23.76587,86.406547
2026-06-17 17:00:00,N10,0.1421,0.00602,5.09,7.8353,0.005021,35.2,23.76587,86.406547
2026-06-17 18:00:00,N10,-0.2065,0.006599,2.5,7.8398,0.004587,33.2,23.76587,86.406547
2026-06-17 19:00:00,N10,-0.0701,0.006084,1.49,7.8444,0.004705,31.3,23.76587,86.406547
2026-06-17 20:00:00,N10,,,,,,,23.76587,86.406547
2026-06-17 21:00:00,N10,,,,,,,23.76587,86.406547
2026-06-17 22:00:00,N10,,,,,,,23.76587,86.406547
2026-06-17 23:00:00,N10,,,,,,,23.76587,86.406547
2026-06-18 00:00:00,N10,,,,,,,23.76587,86.406547
2026-06-18 01:00:00,N10,-0.0941,0.005502,7.23,7.8736,0.005107,20.4,23.76587,86.406547
2026-06-18 02:00:00,N10,-0.0659,0.00658,9.95,7.8791,0.005645,21.2,23.76587,86.406547
2026-06-18 03:00:00,N10,-0.0951,0.006438,3.65,7.8849,0.005762,22.4,23.76587,86.406547
2026-06-18 04:00:00,N10,,,,,,,23.76587,86.406547
2026-06-18 05:00:00,N10,,,,,,,23.76587,86.406547
2026-06-18 06:00:00,N10,,,,,,,23.76587,86.406547
2026-06-18 07:00:00,N10,,,,,,,23.76587,86.406547
2026-06-18 08:00:00,N10,,,,,,,23.76587,86.406547
2026-06-18 09:00:00,N10,-0.0575,0.005797,8.38,7.9145,0.004948,33.0,23.76587,86.406547
2026-06-18 10:00:00,N10,-0.0998,0.007953,5.08,7.9198,0.004976,34.2,23.76587,86.406547
2026-06-18 11:00:00,N10,-0.0144,0.006784,7.63,7.9244,0.004781,34.9,23.76587,86.406547
2026-06-18 12:00:00,N10,-0.0852,0.005849,4.13,7.9294,0.004381,35.2,23.76587,86.406547
2026-06-18 13:00:00,N10,0.0489,0.005812,7.96,7.9332,0.001122,34.9,23.76587,86.406547
2026-06-18 14:00:00,N10,0.3675,0.648507,16.84,7.9316,0.003368,34.2,23.76587,86.406547
2026-06-18 15:00:00,N10,,,,,,,23.76587,86.406547
2026-06-18 16:00:00,N10,,,,,,,23.76587,86.406547
2026-06-18 17:00:00,N10,,,,,,,23.76587,86.406547
2026-06-18 18:00:00,N10,,,,,,,23.76587,86.406547
2026-06-18 19:00:00,N10,,,,,,,23.76587,86.406547
2026-06-18 20:00:00,N10,,,,,,,23.76587,86.406547
2026-06-18 21:00:00,N10,-0.2256,0.006127,5.57,7.97,0.004918,22.4,23.76587,86.406547
2026-06-18 22:00:00,N10,0.0993,0.006272,5.49,7.9756,0.005297,21.2,23.76587,86.406547
2026-06-18 23:00:00,N10,-0.0527,0.005208,5.24,7.9806,0.004853,20.4,23.76587,86.406547
2026-06-19 00:00:00,N10,-0.2838,0.006037,2.31,7.9853,0.004473,22.7,23.76587,86.406547
2026-06-19 01:00:00,N10,0.13,0.009419,7.68,7.9895,0.004868,22.9,23.76587,86.406547
2026-06-19 02:00:00,N10,-0.1667,0.007499,7.72,7.995,0.005002,23.7,23.76587,86.406547
2026-06-19 03:00:00,N10,,,,,,,23.76587,86.406547
2026-06-19 04:00:00,N10,,,,,,,23.76587,86.406547
2026-06-19 05:00:00,N10,,,,,,,23.76587,86.406547
2026-06-19 06:00:00,N10,,,,,,,23.76587,86.406547
2026-06-19 07:00:00,N10,0.0399,0.005848,7.28,8.02,0.004927,32.1,23.76587,86.406547
2026-06-19 08:00:00,N10,0.1407,0.006956,3.62,8.0257,0.004836,33.9,23.76587,86.406547
2026-06-19 09:00:00,N10,0.1507,0.005813,9.62,8.0297,0.004353,35.5,23.76587,86.406547
2026-06-19 10:00:00,N10,-0.0495,0.006961,6.99,8.0344,0.004844,36.7,23.76587,86.406547
2026-06-19 11:00:00,N10,,,,,,,23.76587,86.406547
2026-06-19 12:00:00,N10,,,,,,,23.76587,86.406547
2026-06-19 13:00:00,N10,,,,,,,23.76587,86.406547
2026-06-19 14:00:00,N10,,,,,,,23.76587,86.406547
2026-06-19 15:00:00,N10,0.0267,0.006279,2.32,8.06,0.005455,35.5,23.76587,86.406547
2026-06-19 16:00:00,N10,-0.0349,0.009021,8.6,8.0652,0.014097,33.9,23.76587,86.406547
2026-06-19 17:00:00,N10,-0.2853,0.500573,35.59,8.0882,0.004675,32.1,23.76587,86.406547
2026-06-19 18:00:00,N10,-0.228,0.009541,8.82,8.0746,0.004216,30.2,23.76587,86.406547
2026-06-19 19:00:00,N10,,,,,,,23.76587,86.406547
2026-06-19 20:00:00,N10,,,,,,,23.76587,86.406547
2026-06-19 21:00:00,N10,-0.1534,0.005098,4.78,8.0887,0.004228,24.9,23.76587,86.406547
2026-06-19 22:00:00,N10,0.0306,0.008588,4.12,8.0932,0.004812,23.7,23.76587,86.406547
2026-06-19 23:00:00,N10,-0.0047,0.005526,8.55,8.0984,0.005049,22.9,23.76587,86.406547
2026-06-20 00:00:00,N10,-0.0279,0.005091,3.41,8.1033,0.004918,24.4,23.76587,86.406547
2026-06-20 01:00:00,N10,-0.0037,0.005386,7.43,8.1082,0.004732,24.7,23.76587,86.406547
2026-06-20 02:00:00,N10,,,,,,,23.76587,86.406547
2026-06-20 03:00:00,N10,,,,,,,23.76587,86.406547
2026-06-20 04:00:00,N10,,,,,,,23.76587,86.406547
2026-06-20 05:00:00,N10,0.0915,0.005014,4.54,8.1263,0.004619,30.0,23.76587,86.406547
2026-06-20 06:00:00,N10,-0.1089,0.005245,3.65,8.1307,0.004119,31.9,23.76587,86.406547
2026-06-20 07:00:00,N10,-0.0405,0.005268,3.64,8.1345,0.004209,33.9,23.76587,86.406547
2026-06-20 08:00:00,N10,-0.324,0.007746,5.15,8.1391,0.004461,35.7,23.76587,86.406547
2026-06-20 09:00:00,N10,,,,,,,23.76587,86.406547
2026-06-20 10:00:00,N10,,,,,,,23.76587,86.406547
2026-06-20 11:00:00,N10,0.0492,0.009912,8.79,8.1534,0.003263,39.2,23.76587,86.406547
2026-06-20 12:00:00,N10,0.1581,0.612806,26.17,8.1415,0.003314,39.4,23.76587,86.406547
2026-06-20 13:00:00,N10,0.2966,0.528734,25.4,8.1468,0.013553,39.2,23.76587,86.406547
2026-06-20 14:00:00,N10,,,,,,,23.76587,86.406547
2026-06-20 15:00:00,N10,,,,,,,23.76587,86.406547
2026-06-20 16:00:00,N10,,,,,,,23.76587,86.406547
2026-06-20 17:00:00,N10,,,,,,,23.76587,86.406547
2026-06-20 18:00:00,N10,,,,,,,23.76587,86.406547
2026-06-20 19:00:00,N10,-0.2086,0.006224,6.97,8.192,0.004633,30.0,23.76587,86.406547
2026-06-20 20:00:00,N10,-0.0192,0.007889,7.79,8.1968,0.004981,28.2,23.76587,86.406547
2026-06-20 21:00:00,N10,-0.0686,0.007575,8.53,8.202,0.005211,26.6,23.76587,86.406547
2026-06-20 22:00:00,N10,-0.2367,0.006553,7.78,8.2072,0.004373,25.4,23.76587,86.406547
2026-06-20 23:00:00,N10,-0.0581,0.006833,2.71,8.2107,0.004661,24.7,23.76587,86.406547
2026-06-21 00:00:00,N10,,,,,,,23.76587,86.406547
2026-06-21 01:00:00,N10,,,,,,,23.76587,86.406547
2026-06-21 02:00:00,N10,,,,,,,23.76587,86.406547
2026-06-21 03:00:00,N10,,,,,,,23.76587,86.406547
2026-06-21 04:00:00,N10,,,,,,,23.76587,86.406547
2026-06-21 05:00:00,N10,0.1897,0.006734,8.41,8.2395,0.004791,28.4,23.76587,86.406547
2026-06-21 06:00:00,N10,,,,,,,23.76587,86.406547
2026-06-21 07:00:00,N10,0.1084,0.678155,44.21,8.2383,0.000776,32.3,23.76587,86.406547
2026-06-21 08:00:00,N10,0.0074,0.981962,40.74,8.2426,0.010181,34.1,23.76587,86.406547
2026-06-21 09:00:00,N10,,,,,,,23.76587,86.406547
2026-06-21 10:00:00,N10,,,,,,,23.76587,86.406547
2026-06-21 11:00:00,N10,,,,,,,23.76587,86.406547
2026-06-21 12:00:00,N10,0.1846,0.842619,15.28,8.2665,0.004253,37.9,23.76587,86.406547
2026-06-21 13:00:00,N10,0.0971,0.55032,28.98,8.2597,0.007655,37.6,23.76587,86.406547
2026-06-21 14:00:00,N10,0.1893,0.006469,8.96,8.2818,0.013792,36.9,23.76587,86.406547
2026-06-21 15:00:00,N10,-0.1044,0.005097,4.82,8.2872,0.00514,35.7,23.76587,86.406547
2026-06-21 16:00:00,N10,0.0761,0.007746,7.04,8.2921,0.004564,34.1,23.76587,86.406547
2026-06-21 17:00:00,N10,0.1813,0.007972,4.66,8.2964,0.004722,32.3,23.76587,86.406547
2026-06-21 18:00:00,N10,0.002,0.008063,6.19,8.3015,0.004941,30.4,23.76587,86.406547
2026-06-21 19:00:00,N10,-0.2317,0.006216,7.5,8.3062,0.004066,28.4,23.76587,86.406547
2026-06-21 20:00:00,N10,0.184,0.00815,7.23,8.3097,0.003886,26.6,23.76587,86.406547
2026-06-21 21:00:00,N10,0.1248,0.005449,4.34,8.314,0.005089,25.1,23.76587,86.406547
2026-06-21 22:00:00,N10,-0.0137,0.008401,5.12,8.3198,0.004825,23.9,23.76587,86.406547
2026-06-21 23:00:00,N10,-0.0497,0.006289,7.54,8.3237,0.004412,23.1,23.76587,86.406547
2026-06-22 00:00:00,N10,0.0705,0.007655,7.47,8.3287,0.004793,26.4,23.76587,86.406547
2026-06-22 01:00:00,N10,0.0155,0.007103,7.64,8.3333,0.004764,26.7,23.76587,86.406547
2026-06-22 02:00:00,N10,0.063,0.006903,4.95,8.3382,0.005076,27.4,23.76587,86.406547
2026-06-22 03:00:00,N10,0.0228,0.006757,5.06,8.3434,0.004958,28.6,23.76587,86.406547
2026-06-22 04:00:00,N10,-0.3465,0.006333,5.15,8.3481,0.004845,30.2,23.76587,86.406547
2026-06-22 05:00:00,N10,0.075,0.006429,1.86,8.3531,0.005019,32.0,23.76587,86.406547
2026-06-22 06:00:00,N10,-0.0247,0.007004,5.42,8.3581,0.004358,33.9,23.76587,86.406547
2026-06-22 07:00:00,N10,0.0848,0.006527,2.13,8.3618,0.004414,35.9,23.76587,86.406547
2026-06-22 08:00:00,N10,,,,,,,23.76587,86.406547
2026-06-22 09:00:00,N10,,,,,,,23.76587,86.406547
2026-06-22 10:00:00,N10,0.143,0.005065,4.94,8.3757,0.004624,40.4,23.76587,86.406547
2026-06-22 11:00:00,N10,-0.1008,0.006475,7.27,8.3805,0.004323,41.2,23.76587,86.406547
2026-06-22 12:00:00,N10,0.2031,0.00776,2.12,8.3843,0.004223,41.4,23.76587,86.406547
2026-06-22 13:00:00,N10,0.2157,0.00737,9.15,8.3889,0.0001,41.2,23.76587,86.406547
2026-06-22 14:00:00,N10,-0.0011,0.975765,38.26,8.3841,0.004763,40.4,23.76587,86.406547
2026-06-22 15:00:00,N10,0.0235,0.856305,31.0,8.3794,6.6e-05,39.2,23.76587,86.406547
2026-06-22 16:00:00,N10,-0.0697,0.727359,37.74,8.3843,0.013395,37.7,23.76587,86.406547
2026-06-22 17:00:00,N10,-0.0023,0.00713,2.64,8.4062,0.013266,35.9,23.76587,86.406547
2026-06-22 18:00:00,N10,0.2104,0.009801,2.53,8.4108,0.004558,33.9,23.76587,86.406547
2026-06-22 19:00:00,N10,,,,,,,23.76587,86.406547
2026-06-22 20:00:00,N10,,,,,,,23.76587,86.406547
2026-06-22 21:00:00,N10,,,,,,,23.76587,86.406547
2026-06-22 22:00:00,N10,-0.1163,0.005063,5.22,8.4277,0.004442,27.4,23.76587,86.406547
2026-06-22 23:00:00,N10,,,,,,,23.76587,86.406547
2026-06-23 00:00:00,N10,,,,,,,23.76587,86.406547
2026-06-23 01:00:00,N10,,,,,,,23.76587,86.406547
2026-06-23 02:00:00,N10,,,,,,,23.76587,86.406547
2026-06-23 03:00:00,N10,0.0417,0.006791,4.07,8.4496,0.003866,31.2,23.76587,86.406547
2026-06-23 04:00:00,N10,,,,,,,23.76587,86.406547
2026-06-23 05:00:00,N10,,,,,,,23.76587,86.406547
2026-06-23 06:00:00,N10,0.306,0.006442,7.75,8.4634,0.004947,36.5,23.76587,86.406547
2026-06-23 07:00:00,N10,0.1844,0.007416,1.3,8.4686,0.004906,38.4,23.76587,86.406547
2026-06-23 08:00:00,N10,0.1629,0.006219,3.36,8.4732,0.00202,40.2,23.76587,86.406547
2026-06-23 09:00:00,N10,-0.2378,0.93544,41.82,8.4645,0.004022,41.8,23.76587,86.406547
2026-06-23 10:00:00,N10,-0.1222,0.005722,2.67,8.4812,0.010333,43.0,23.76587,86.406547
2026-06-23 11:00:00,N10,0.4499,0.008083,4.08,8.4852,0.003927,43.7,23.76587,86.406547
2026-06-23 12:00:00,N10,0.2098,0.00801,7.69,8.4891,0.004368,44.0,23.76587,86.406547
2026-06-23 13:00:00,N10,0.0914,0.005686,6.76,8.4939,0.004572,43.7,23.76587,86.406547
2026-06-23 14:00:00,N10,-0.1154,0.007124,7.31,8.4982,0.004355,43.0,23.76587,86.406547
2026-06-23 15:00:00,N10,0.0323,0.00812,1.67,8.5026,0.004475,41.8,23.76587,86.406547
2026-06-23 16:00:00,N10,,,,,,,23.76587,86.406547
2026-06-23 17:00:00,N10,,,,,,,23.76587,86.406547
2026-06-23 18:00:00,N10,,,,,,,23.76587,86.406547
2026-06-23 19:00:00,N10,,,,,,,23.76587,86.406547
2026-06-23 20:00:00,N10,,,,,,,23.76587,86.406547
2026-06-23 21:00:00,N10,,,,,,,23.76587,86.406547
2026-06-23 22:00:00,N10,,,,,,,23.76587,86.406547
2026-06-23 23:00:00,N10,,,,,,,23.76587,86.406547
2026-06-24 00:00:00,N10,,,,,,,23.76587,86.406547
2026-06-24 01:00:00,N10,0.0504,0.008632,9.79,8.545,0.0041,22.9,23.76587,86.406547
2026-06-24 02:00:00,N10,-0.0797,0.005123,5.73,8.5491,0.004388,23.7,23.76587,86.406547
2026-06-24 03:00:00,N10,0.051,0.00501,4.54,8.5538,0.004635,24.8,23.76587,86.406547
2026-06-24 04:00:00,N10,0.1803,0.006309,6.73,8.5584,0.004843,26.4,23.76587,86.406547
2026-06-24 05:00:00,N10,-0.0608,0.005932,2.83,8.5635,0.004583,28.2,23.76587,86.406547
2026-06-24 06:00:00,N10,0.0319,0.007379,4.25,8.5675,0.004267,30.1,23.76587,86.406547
2026-06-24 07:00:00,N10,0.0362,0.006145,1.8,8.572,0.004399,32.1,23.76587,86.406547
2026-06-24 08:00:00,N10,0.036,0.005149,2.07,8.5763,0.004132,33.9,23.76587,86.406547
2026-06-24 09:00:00,N10,0.1999,0.006263,5.36,8.5803,0.004276,35.5,23.76587,86.406547
2026-06-24 10:00:00,N10,,,,,,,23.76587,86.406547
2026-06-24 11:00:00,N10,,,,,,,23.76587,86.406547
2026-06-24 12:00:00,N10,,,,,,,23.76587,86.406547
2026-06-24 13:00:00,N10,,,,,,,23.76587,86.406547
2026-06-24 14:00:00,N10,-0.042,0.007131,9.99,8.6016,0.004167,36.6,23.76587,86.406547
2026-06-24 15:00:00,N10,-0.1522,0.007766,5.82,8.6062,0.005206,35.5,23.76587,86.406547
2026-06-24 16:00:00,N10,0.0206,0.005489,7.93,8.612,0.004558,33.9,23.76587,86.406547
2026-06-24 17:00:00,N10,,,,,,,23.76587,86.406547
2026-06-24 18:00:00,N10,,,,,,,23.76587,86.406547
2026-06-24 19:00:00,N10,,,,,,,23.76587,86.406547
2026-06-24 20:00:00,N10,,,,,,,23.76587,86.406547
2026-06-24 21:00:00,N10,0.0481,0.006529,2.83,8.6321,0.004493,24.8,23.76587,86.406547
2026-06-24 22:00:00,N10,-0.1157,0.006891,5.98,8.6366,0.004025,23.7,23.76587,86.406547
2026-06-24 23:00:00,N10,-0.0763,0.008561,8.61,8.6401,0.003739,22.9,23.76587,86.406547
2026-06-25 00:00:00,N10,-0.1921,0.006992,1.35,8.6441,0.004257,23.3,23.76587,86.406547
2026-06-25 01:00:00,N10,0.0384,0.006655,2.75,8.6486,0.00397,23.6,23.76587,86.406547
2026-06-25 02:00:00,N10,-0.1044,0.006233,7.94,8.652,0.004286,24.3,23.76587,86.406547
2026-06-25 03:00:00,N10,0.0762,0.006578,1.04,8.6572,0.004879,25.5,23.76587,86.406547
2026-06-25 04:00:00,N10,0.0996,0.005478,7.42,8.6618,0.003979,27.1,23.76587,86.406547
2026-06-25 05:00:00,N10,0.0079,0.006676,7.82,8.6652,0.003852,28.9,23.76587,86.406547
2026-06-25 06:00:00,N10,-0.0404,0.007769,8.77,8.6695,0.004567,30.8,23.76587,86.406547
2026-06-25 07:00:00,N10,0.0002,0.007057,9.61,8.6743,0.004378,32.8,23.76587,86.406547
2026-06-25 08:00:00,N10,-0.055,0.006337,4.65,8.6782,0.00412,34.6,23.76587,86.406547
2026-06-25 09:00:00,N10,,,,,,,23.76587,86.406547
2026-06-25 10:00:00,N10,,,,,,,23.76587,86.406547
2026-06-25 11:00:00,N10,,,,,,,23.76587,86.406547
2026-06-25 12:00:00,N10,-0.042,0.815302,16.29,8.6891,0.007587,38.3,23.76587,86.406547
2026-06-25 13:00:00,N10,0.0428,0.009526,2.79,8.6999,0.008072,38.1,23.76587,86.406547
2026-06-25 14:00:00,N10,0.1854,0.010183,7.75,8.7052,0.004809,37.3,23.76587,86.406547
2026-06-25 15:00:00,N10,,,,,,,23.76587,86.406547
2026-06-25 16:00:00,N10,-0.3648,0.005503,6.03,8.7124,0.003725,34.6,23.76587,86.406547
2026-06-25 17:00:00,N10,-0.0628,0.00599,7.9,8.7169,0.004454,32.8,23.76587,86.406547
2026-06-25 18:00:00,N10,0.0575,0.006821,1.91,8.7213,0.004377,30.8,23.76587,86.406547
2026-06-25 19:00:00,N10,-0.0652,0.007675,5.49,8.7257,0.004645,28.9,23.76587,86.406547
2026-06-25 20:00:00,N10,0.1101,0.006544,6.79,8.7306,0.0046,27.1,23.76587,86.406547
2026-06-25 21:00:00,N10,0.0576,0.005278,9.25,8.7349,0.004691,25.5,23.76587,86.406547
2026-06-25 22:00:00,N10,-0.3042,0.005873,9.03,8.74,0.00448,24.3,23.76587,86.406547
2026-06-25 23:00:00,N10,-0.1209,0.005038,9.66,8.7439,0.003978,23.6,23.76587,86.406547
2026-06-26 00:00:00,N10,0.2166,0.007417,3.75,8.748,0.00392,25.5,23.76587,86.406547
2026-06-26 01:00:00,N10,-0.0779,0.007135,9.94,8.7517,0.003883,25.7,23.76587,86.406547
2026-06-26 02:00:00,N10,,,,,,,23.76587,86.406547
2026-06-26 03:00:00,N10,-0.0124,0.005826,7.62,8.7598,0.003894,27.7,23.76587,86.406547
2026-06-26 04:00:00,N10,0.1754,0.005111,5.86,8.7635,0.003542,29.2,23.76587,86.406547
2026-06-26 05:00:00,N10,-0.0068,0.00597,7.53,8.7668,0.003467,31.0,23.76587,86.406547
2026-06-26 06:00:00,N10,,,,,,,23.76587,86.406547
2026-06-26 07:00:00,N10,,,,,,,23.76587,86.406547
2026-06-26 08:00:00,N10,,,,,,,23.76587,86.406547
2026-06-26 09:00:00,N10,-0.003,0.008948,3.63,8.7832,0.012038,38.3,23.76587,86.406547
2026-06-26 10:00:00,N10,-0.2209,0.516756,21.2,8.8034,0.00418,39.5,23.76587,86.406547
2026-06-26 11:00:00,N10,0.0172,0.005946,4.84,8.7916,0.003338,40.2,23.76587,86.406547
2026-06-26 12:00:00,N10,,,,,,,23.76587,86.406547
2026-06-26 13:00:00,N10,,,,,,,23.76587,86.406547
2026-06-26 14:00:00,N10,,,,,,,23.76587,86.406547
2026-06-26 15:00:00,N10,,,,,,,23.76587,86.406547
2026-06-26 16:00:00,N10,,,,,,,23.76587,86.406547
2026-06-26 17:00:00,N10,0.2878,0.005175,9.31,8.8191,0.004159,34.9,23.76587,86.406547
2026-06-26 18:00:00,N10,,,,,,,23.76587,86.406547
2026-06-26 19:00:00,N10,,,,,,,23.76587,86.406547
2026-06-26 20:00:00,N10,,,,,,,23.76587,86.406547
2026-06-26 21:00:00,N10,,,,,,,23.76587,86.406547
2026-06-26 22:00:00,N10,,,,,,,23.76587,86.406547
2026-06-26 23:00:00,N10,,,,,,,23.76587,86.406547
2026-06-27 00:00:00,N10,0.0521,0.005047,7.41,8.8479,0.003717,28.2,23.76587,86.406547
2026-06-27 01:00:00,N10,,,,,,,23.76587,86.406547
2026-06-27 02:00:00,N10,,,,,,,23.76587,86.406547
2026-06-27 03:00:00,N10,,,,,,,23.76587,86.406547
2026-06-27 04:00:00,N10,,,,,,,23.76587,86.406547
2026-06-27 05:00:00,N10,,,,,,,23.76587,86.406547
2026-06-27 06:00:00,N10,0.2784,0.00526,6.29,8.8707,0.003571,35.7,23.76587,86.406547
2026-06-27 07:00:00,N10,-0.16,0.005478,8.06,8.8747,0.004086,37.7,23.76587,86.406547
2026-06-27 08:00:00,N10,-0.2403,0.007364,7.91,8.8788,0.002829,39.5,23.76587,86.406547
2026-06-27 09:00:00,N10,0.325,0.98684,46.68,8.869,0.0125,41.0,23.76587,86.406547
2026-06-27 10:00:00,N10,-0.0978,0.690463,43.54,8.9038,0.019338,42.2,23.76587,86.406547
2026-06-27 11:00:00,N10,0.0667,0.741502,37.22,8.9077,0.004085,43.0,23.76587,86.406547
2026-06-27 12:00:00,N10,-0.3072,0.006209,9.86,8.8957,0.004315,43.2,23.76587,86.406547
2026-06-27 13:00:00,N10,,,,,,,23.76587,86.406547
2026-06-27 14:00:00,N10,,,,,,,23.76587,86.406547
2026-06-27 15:00:00,N10,,,,,,,23.76587,86.406547
2026-06-27 16:00:00,N10,,,,,,,23.76587,86.406547
2026-06-27 17:00:00,N10,,,,,,,23.76587,86.406547
2026-06-27 18:00:00,N10,-0.0527,0.006364,7.42,8.919,0.003697,35.7,23.76587,86.406547
2026-06-27 19:00:00,N10,-0.0974,0.007663,5.14,8.9225,0.003757,33.8,23.76587,86.406547
2026-06-27 20:00:00,N10,0.1922,0.005802,9.71,8.9265,0.003846,32.0,23.76587,86.406547
2026-06-27 21:00:00,N10,0.2844,0.006213,7.58,8.9302,0.004183,30.4,23.76587,86.406547
2026-06-27 22:00:00,N10,-0.3333,0.008808,3.77,8.9349,0.004259,29.2,23.76587,86.406547
2026-06-27 23:00:00,N10,0.0498,0.006045,7.07,8.9387,0.00367,28.5,23.76587,86.406547
2026-06-28 00:00:00,N10,0.1455,0.006672,9.15,8.9422,0.003581,22.6,23.76587,86.406547
2026-06-28 01:00:00,N10,0.1031,0.009281,2.95,8.9459,0.004111,22.8,23.76587,86.406547
2026-06-28 02:00:00,N10,-0.0293,0.007925,7.03,8.9505,0.004441,23.6,23.76587,86.406547
2026-06-28 03:00:00,N10,-0.1435,0.007154,2.4,8.9547,0.00403,24.8,23.76587,86.406547
2026-06-28 04:00:00,N10,0.1895,0.005521,7.52,8.9585,0.003624,26.3,23.76587,86.406547
2026-06-28 05:00:00,N10,-0.4439,0.007312,3.23,8.962,0.00361,28.1,23.76587,86.406547
2026-06-28 06:00:00,N10,0.0054,0.005419,7.91,8.9657,0.004079,30.1,23.76587,86.406547
2026-06-28 07:00:00,N10,-0.0209,0.005575,5.96,8.9702,0.019559,32.0,23.76587,86.406547
2026-06-28 08:00:00,N10,,,,,,,23.76587,86.406547
2026-06-28 09:00:00,N10,,,,,,,23.76587,86.406547
2026-06-28 10:00:00,N10,,,,,,,23.76587,86.406547
2026-06-28 11:00:00,N10,,,,,,,23.76587,86.406547
2026-06-28 12:00:00,N10,,,,,,,23.76587,86.406547
2026-06-28 13:00:00,N10,0.1954,0.005154,5.87,8.9962,0.004224,37.3,23.76587,86.406547
2026-06-28 14:00:00,N10,,,,,,,23.76587,86.406547
2026-06-28 15:00:00,N10,-0.0453,0.007214,8.77,9.0034,0.003642,35.4,23.76587,86.406547
2026-06-28 16:00:00,N10,0.019,0.00643,4.67,9.0076,0.003686,33.8,23.76587,86.406547
2026-06-28 17:00:00,N10,0.2089,0.005656,5.59,9.0107,0.003529,32.0,23.76587,86.406547
2026-06-28 18:00:00,N10,-0.2155,0.006329,7.69,9.0146,0.003704,30.1,23.76587,86.406547
2026-06-28 19:00:00,N10,0.1612,0.007194,8.5,9.0181,0.003757,28.1,23.76587,86.406547
2026-06-28 20:00:00,N10,0.0246,0.006003,9.21,9.0221,0.004066,26.3,23.76587,86.406547
2026-06-28 21:00:00,N10,-0.0796,0.005397,4.69,9.0263,0.004095,24.8,23.76587,86.406547
2026-06-28 22:00:00,N10,-0.214,0.005815,2.02,9.0303,0.004145,23.6,23.76587,86.406547
2026-06-28 23:00:00,N10,,,,,,,23.76587,86.406547
2026-06-29 00:00:00,N10,,,,,,,23.76587,86.406547
2026-06-29 01:00:00,N10,,,,,,,23.76587,86.406547
2026-06-29 02:00:00,N10,,,,,,,23.76587,86.406547
2026-06-29 03:00:00,N10,,,,,,,23.76587,86.406547
2026-06-29 04:00:00,N10,0.0045,0.006553,1.59,9.0531,0.00379,29.2,23.76587,86.406547
2026-06-29 05:00:00,N10,-0.0291,0.005323,6.32,9.057,0.00402,31.1,23.76587,86.406547
2026-06-29 06:00:00,N10,-0.4185,0.005306,1.54,9.0612,0.004183,33.0,23.76587,86.406547
2026-06-29 07:00:00,N10,0.0694,0.005334,4.72,9.0653,0.003932,34.9,23.76587,86.406547
2026-06-29 08:00:00,N10,-0.0517,0.005292,7.29,9.069,0.003548,36.7,23.76587,86.406547
2026-06-29 09:00:00,N10,-0.0234,0.005583,1.35,9.0724,0.003479,38.3,23.76587,86.406547
2026-06-29 10:00:00,N10,-0.0433,0.00632,7.02,9.076,0.005264,39.5,23.76587,86.406547
2026-06-29 11:00:00,N10,0.2406,0.569633,15.78,9.0619,0.005181,40.2,23.76587,86.406547
2026-06-29 12:00:00,N10,0.1399,0.553612,41.61,9.0656,0.012559,40.5,23.76587,86.406547
2026-06-29 13:00:00,N10,0.2273,0.005605,2.33,9.087,0.013118,40.2,23.76587,86.406547
2026-06-29 14:00:00,N10,-0.1486,0.005724,7.73,9.0919,0.003862,39.5,23.76587,86.406547
2026-06-29 15:00:00,N10,,,,,,,23.76587,86.406547
2026-06-29 16:00:00,N10,,,,,,,23.76587,86.406547
2026-06-29 17:00:00,N10,,,,,,,23.76587,86.406547
2026-06-29 18:00:00,N10,0.1052,0.506859,24.44,9.0873,0.022894,33.0,23.76587,86.406547
2026-06-29 19:00:00,N10,-0.1744,0.008125,2.81,9.111,0.014269,31.1,23.76587,86.406547
2026-06-29 20:00:00,N10,-0.1809,0.007002,9.87,9.1158,0.004228,29.2,23.76587,86.406547
2026-06-29 21:00:00,N10,-0.0164,0.005411,8.84,9.1195,0.004088,27.7,23.76587,86.406547
2026-06-29 22:00:00,N10,-0.1747,0.00667,1.21,9.124,0.004216,26.5,23.76587,86.406547
2026-06-29 23:00:00,N10,-0.0532,0.007389,7.3,9.1279,0.003658,25.8,23.76587,86.406547
2026-06-30 00:00:00,N10,0.029,0.005358,5.8,9.1313,0.003281,28.6,23.76587,86.406547
2026-06-30 01:00:00,N10,,,,,,,23.76587,86.406547
2026-06-30 02:00:00,N10,,,,,,,23.76587,86.406547
2026-06-30 03:00:00,N10,,,,,,,23.76587,86.406547
2026-06-30 04:00:00,N10,,,,,,,23.76587,86.406547
2026-06-30 05:00:00,N10,-0.171,0.005163,4.08,9.1506,0.003573,34.2,23.76587,86.406547
2026-06-30 06:00:00,N10,,,,,,,23.76587,86.406547
2026-06-30 07:00:00,N10,,,,,,,23.76587,86.406547
2026-06-30 08:00:00,N10,,,,,,,23.76587,86.406547
2026-06-30 09:00:00,N10,,,,,,,23.76587,86.406547
2026-06-30 10:00:00,N10,-0.0777,0.008192,6.62,9.1693,0.01137,42.6,23.76587,86.406547
2026-06-30 11:00:00,N10,-0.1266,0.514039,16.78,9.1883,0.011039,43.4,23.76587,86.406547
2026-06-30 12:00:00,N10,,,,,,,23.76587,86.406547
2026-06-30 13:00:00,N10,,,,,,,23.76587,86.406547
2026-06-30 14:00:00,N10,,,,,,,23.76587,86.406547
2026-06-30 15:00:00,N10,,,,,,,23.76587,86.406547
2026-06-30 16:00:00,N10,,,,,,,23.76587,86.406547
2026-06-30 17:00:00,N10,,,,,,,23.76587,86.406547
2026-06-30 18:00:00,N10,,,,,,,23.76587,86.406547
2026-06-30 19:00:00,N10,,,,,,,23.76587,86.406547
2026-06-30 20:00:00,N10,0.3978,0.00655,9.24,9.2076,0.00434,32.4,23.76587,86.406547
2026-06-30 21:00:00,N10,0.0509,0.006739,2.73,9.2117,0.003541,30.8,23.76587,86.406547
2026-06-30 22:00:00,N10,0.1454,0.006559,6.52,9.2147,0.003143,29.6,23.76587,86.406547
2026-06-30 23:00:00,N10,0.0219,0.005417,2.13,9.218,0.003221,28.9,23.76587,86.406547
2026-07-01 00:00:00,N10,0.1901,0.005904,5.79,9.2211,0.003485,21.7,23.76587,86.406547
2026-07-01 01:00:00,N10,-0.0451,0.005276,6.75,9.225,0.004052,22.0,23.76587,86.406547
2026-07-01 02:00:00,N10,-0.0524,0.006851,1.59,9.2292,0.003693,22.7,23.76587,86.406547
2026-07-01 03:00:00,N10,0.0585,0.005963,9.36,9.2324,0.003513,23.9,23.76587,86.406547
2026-07-01 04:00:00,N10,,,,,,,23.76587,86.406547
2026-07-01 05:00:00,N10,,,,,,,23.76587,86.406547
2026-07-01 06:00:00,N10,,,,,,,23.76587,86.406547
2026-07-01 07:00:00,N10,,,,,,,23.76587,86.406547
2026-07-01 08:00:00,N10,,,,,,,23.76587,86.406547
2026-07-01 09:00:00,N10,-0.16,0.006345,3.2,9.256,0.003483,34.5,23.76587,86.406547
2026-07-01 10:00:00,N10,0.071,0.010106,7.86,9.2599,0.004447,35.7,23.76587,86.406547
2026-07-01 11:00:00,N10,0.0589,0.00537,5.5,9.2649,0.004785,36.4,23.76587,86.406547
2026-07-01 12:00:00,N10,-0.0918,0.00566,7.21,9.2694,0.001295,36.7,23.76587,86.406547
2026-07-01 13:00:00,N10,-0.267,0.67684,27.84,9.2675,0.003996,36.4,23.76587,86.406547
2026-07-01 14:00:00,N10,0.2061,0.0057,8.89,9.2774,0.001903,35.7,23.76587,86.406547
2026-07-01 15:00:00,N10,0.318,0.813442,29.23,9.2637,0.013742,34.5,23.76587,86.406547
2026-07-01 16:00:00,N10,-0.1916,0.786911,37.75,9.25,0.012207,32.9,23.76587,86.406547
2026-07-01 17:00:00,N10,0.1168,0.005405,8.4,9.2881,0.020788,31.1,23.76587,86.406547
2026-07-01 18:00:00,N10,0.0565,0.006521,7.45,9.2915,0.003507,29.2,23.76587,86.406547
2026-07-01 19:00:00,N10,0.0249,0.008278,9.32,9.2951,0.003731,27.3,23.76587,86.406547
2026-07-01 20:00:00,N10,-0.1007,0.005274,4.76,9.299,0.003801,25.4,23.76587,86.406547
2026-07-01 21:00:00,N10,-0.1335,0.008625,4.53,9.3027,0.003568,23.9,23.76587,86.406547
2026-07-01 22:00:00,N10,-0.0301,0.006613,7.59,9.3061,0.003876,22.7,23.76587,86.406547
2026-07-01 23:00:00,N10,-0.2529,0.005681,4.01,9.3105,0.00401,22.0,23.76587,86.406547
2026-07-02 00:00:00,N10,-0.1473,0.005168,4.15,9.3141,0.003957,22.4,23.76587,86.406547
2026-07-02 01:00:00,N10,,,,,,,23.76587,86.406547
2026-07-02 02:00:00,N10,0.0473,0.005718,7.04,9.3228,0.003664,23.4,23.76587,86.406547
2026-07-02 03:00:00,N10,-0.2677,0.006676,9.06,9.3257,0.002975,24.6,23.76587,86.406547
2026-07-02 04:00:00,N10,0.0122,0.005112,9.76,9.3288,0.003208,26.2,23.76587,86.406547
2026-07-02 05:00:00,N10,-0.1122,0.006996,3.39,9.3321,0.011353,28.0,23.76587,86.406547
2026-07-02 06:00:00,N10,0.2269,0.652781,24.79,9.3515,0.00418,29.9,23.76587,86.406547
2026-07-02 07:00:00,N10,,,,,,,23.76587,86.406547
2026-07-02 08:00:00,N10,0.1802,0.006301,2.48,9.3431,0.003273,33.7,23.76587,86.406547
2026-07-02 09:00:00,N10,,,,,,,23.76587,86.406547
2026-07-02 10:00:00,N10,,,,,,,23.76587,86.406547
2026-07-02 11:00:00,N10,,,,,,,23.76587,86.406547
2026-07-02 12:00:00,N10,-0.0289,0.00644,4.03,9.3582,0.00389,37.4,23.76587,86.406547
2026-07-02 13:00:00,N10,-0.0634,0.007648,1.43,9.3619,0.003386,37.2,23.76587,86.406547
2026-07-02 14:00:00,N10,0.1646,0.006068,7.15,9.365,0.006986,36.4,23.76587,86.406547
2026-07-02 15:00:00,N10,-0.221,0.835235,26.72,9.3759,0.007685,35.2,23.76587,86.406547
2026-07-02 16:00:00,N10,-0.1755,0.96484,18.94,9.3804,0.000143,33.7,23.76587,86.406547
2026-07-02 17:00:00,N10,-0.065,0.007662,8.61,9.3761,0.000912,31.9,23.76587,86.406547
2026-07-02 18:00:00,N10,0.0212,0.005029,7.53,9.3785,0.003119,29.9,23.76587,86.406547
2026-07-02 19:00:00,N10,0.2341,0.0069,2.28,9.3824,0.00369,28.0,23.76587,86.406547
2026-07-02 20:00:00,N10,0.0456,0.006147,6.0,9.3859,0.003671,26.2,23.76587,86.406547
2026-07-02 21:00:00,N10,,,,,,,23.76587,86.406547
2026-07-02 22:00:00,N10,,,,,,,23.76587,86.406547
2026-07-02 23:00:00,N10,,,,,,,23.76587,86.406547
2026-07-03 00:00:00,N10,,,,,,,23.76587,86.406547
2026-07-03 01:00:00,N10,,,,,,,23.76587,86.406547
2026-07-03 02:00:00,N10,0.038,0.007405,8.71,9.4072,0.003421,25.2,23.76587,86.406547
2026-07-03 03:00:00,N10,,,,,,,23.76587,86.406547
2026-07-03 04:00:00,N10,,,,,,,23.76587,86.406547
2026-07-03 05:00:00,N10,-0.114,0.006033,6.31,9.4176,0.003281,29.7,23.76587,86.406547
2026-07-03 06:00:00,N10,-0.0172,0.006116,6.02,9.4207,0.003503,31.7,23.76587,86.406547
2026-07-03 07:00:00,N10,-0.0371,0.006711,6.74,9.4246,0.003767,33.6,23.76587,86.406547
2026-07-03 08:00:00,N10,,,,,,,23.76587,86.406547
2026-07-03 09:00:00,N10,,,,,,,23.76587,86.406547
2026-07-03 10:00:00,N10,,,,,,,23.76587,86.406547
2026-07-03 11:00:00,N10,,,,,,,23.76587,86.406547
2026-07-03 12:00:00,N10,,,,,,,23.76587,86.406547
2026-07-03 13:00:00,N10,0.0034,0.005455,4.7,9.445,0.010999,38.9,23.76587,86.406547
2026-07-03 14:00:00,N10,0.0618,0.831525,21.51,9.4632,0.003255,38.1,23.76587,86.406547
2026-07-03 15:00:00,N10,0.0047,0.006178,6.93,9.4516,0.003884,37.0,23.76587,86.406547
2026-07-03 16:00:00,N10,,,,,,,23.76587,86.406547
2026-07-03 17:00:00,N10,,,,,,,23.76587,86.406547
2026-07-03 18:00:00,N10,,,,,,,23.76587,86.406547
2026-07-03 19:00:00,N10,-0.168,0.007115,4.44,9.4661,0.002738,29.7,23.76587,86.406547
2026-07-03 20:00:00,N10,0.0186,0.006091,5.03,9.4686,0.002773,27.9,23.76587,86.406547
2026-07-03 21:00:00,N10,-0.1253,0.005484,5.36,9.4717,0.003925,26.3,23.76587,86.406547
2026-07-03 22:00:00,N10,0.2219,0.006638,3.43,9.4765,0.00434,25.2,23.76587,86.406547
2026-07-03 23:00:00,N10,-0.3029,0.005611,1.03,9.4804,0.003796,24.4,23.76587,86.406547
2026-07-04 00:00:00,N10,-0.2171,0.006838,3.63,9.4841,0.003229,24.0,23.76587,86.406547
2026-07-04 01:00:00,N10,-0.1375,0.009666,2.56,9.4868,0.003588,24.2,23.76587,86.406547
2026-07-04 02:00:00,N10,0.1474,0.006338,2.72,9.4913,0.003668,25.0,23.76587,86.406547
2026-07-04 03:00:00,N10,-0.127,0.006972,6.79,9.4942,0.003167,26.2,23.76587,86.406547
2026-07-04 04:00:00,N10,,,,,,,23.76587,86.406547
2026-07-04 05:00:00,N10,0.1454,0.007237,6.38,9.5015,0.0038,29.5,23.76587,86.406547
2026-07-04 06:00:00,N10,-0.0177,0.006167,9.78,9.5052,0.00347,31.5,23.76587,86.406547
2026-07-04 07:00:00,N10,0.037,0.006363,9.56,9.5085,0.003172,33.4,23.76587,86.406547
2026-07-04 08:00:00,N10,0.2774,0.005097,2.83,9.5115,0.003278,35.2,23.76587,86.406547
2026-07-04 09:00:00,N10,0.1099,0.005049,2.79,9.515,0.003214,36.8,23.76587,86.406547
2026-07-04 10:00:00,N10,-0.0032,0.010189,2.2,9.518,0.003175,38.0,23.76587,86.406547
2026-07-04 11:00:00,N10,,,,,,,23.76587,86.406547
2026-07-04 12:00:00,N10,,,,,,,23.76587,86.406547
2026-07-04 13:00:00,N10,,,,,,,23.76587,86.406547
2026-07-04 14:00:00,N10,,,,,,,23.76587,86.406547
2026-07-04 15:00:00,N10,,,,,,,23.76587,86.406547
2026-07-04 16:00:00,N10,-0.1146,0.006085,7.67,9.5385,0.003374,35.2,23.76587,86.406547
2026-07-04 17:00:00,N10,0.0195,0.005569,7.83,9.5421,0.003538,33.4,23.76587,86.406547
2026-07-04 18:00:00,N10,0.0625,0.006854,8.82,9.5456,0.003415,31.5,23.76587,86.406547
2026-07-04 19:00:00,N10,-0.047,0.006481,5.32,9.5489,0.003437,29.5,23.76587,86.406547
2026-07-04 20:00:00,N10,-0.3514,0.006939,3.9,9.5525,0.003391,27.7,23.76587,86.406547
2026-07-04 21:00:00,N10,,,,,,,23.76587,86.406547
2026-07-04 22:00:00,N10,,,,,,,23.76587,86.406547
2026-07-04 23:00:00,N10,-0.4567,0.008088,9.26,9.5635,0.003994,24.2,23.76587,86.406547
2026-07-05 00:00:00,N10,0.006,0.005452,2.54,9.5668,0.003519,26.6,23.76587,86.406547
2026-07-05 01:00:00,N10,-0.1009,0.005933,7.2,9.5705,0.003411,26.9,23.76587,86.406547
2026-07-05 02:00:00,N10,-0.0326,0.006152,9.89,9.5736,0.00267,27.6,23.76587,86.406547
2026-07-05 03:00:00,N10,0.0439,0.005298,2.46,9.5759,0.002565,28.8,23.76587,86.406547
2026-07-05 04:00:00,N10,0.0208,0.005075,5.55,9.5787,0.002737,30.4,23.76587,86.406547
2026-07-05 05:00:00,N10,0.0932,0.006462,4.31,9.5813,0.002884,32.2,23.76587,86.406547
2026-07-05 06:00:00,N10,0.189,0.007325,3.92,9.5845,0.005289,34.1,23.76587,86.406547
2026-07-05 07:00:00,N10,0.0349,0.90973,22.35,9.5707,0.004881,36.1,23.76587,86.406547
2026-07-05 08:00:00,N10,-0.3182,0.509493,43.83,9.5747,0.012537,37.9,23.76587,86.406547
2026-07-05 09:00:00,N10,-0.0728,0.007437,6.5,9.5958,0.012586,39.4,23.76587,86.406547
2026-07-05 10:00:00,N10,0.3041,0.005732,7.48,9.5999,0.003922,40.6,23.76587,86.406547
2026-07-05 11:00:00,N10,-0.0763,0.008424,9.08,9.6037,0.003294,41.4,23.76587,86.406547
2026-07-05 12:00:00,N10,0.2437,0.006554,9.58,9.6065,0.00301,41.6,23.76587,86.406547
2026-07-05 13:00:00,N10,-0.0072,0.005837,3.11,9.6097,0.003418,41.4,23.76587,86.406547
2026-07-05 14:00:00,N10,-0.1173,0.007328,5.5,9.6133,0.003364,40.6,23.76587,86.406547
2026-07-05 15:00:00,N10,0.1024,0.005205,7.28,9.6164,0.003847,39.4,23.76587,86.406547
2026-07-05 16:00:00,N10,0.274,0.713098,26.82,9.6056,0.003649,37.9,23.76587,86.406547
2026-07-05 17:00:00,N10,0.1705,0.502379,18.3,9.6091,0.010577,36.1,23.76587,86.406547
2026-07-05 18:00:00,N10,,,,,,,23.76587,86.406547
2026-07-05 19:00:00,N10,,,,,,,23.76587,86.406547
2026-07-05 20:00:00,N10,,,,,,,23.76587,86.406547
2026-07-05 21:00:00,N10,,,,,,,23.76587,86.406547
2026-07-05 22:00:00,N10,,,,,,,23.76587,86.406547
2026-07-05 23:00:00,N10,0.0483,0.010291,2.13,9.6427,0.003028,26.9,23.76587,86.406547
2026-07-06 00:00:00,N10,0.0306,0.006474,3.43,9.6466,0.003525,25.5,23.76587,86.406547
2026-07-06 01:00:00,N10,0.0071,0.008254,4.73,9.6498,0.003245,25.7,23.76587,86.406547
2026-07-06 02:00:00,N10,-0.2727,0.006902,1.27,9.6531,0.003386,26.5,23.76587,86.406547
2026-07-06 03:00:00,N10,0.0633,0.006948,8.95,9.6565,0.003563,27.7,23.76587,86.406547
2026-07-06 04:00:00,N10,0.0176,0.006071,5.44,9.6602,0.003317,29.2,23.76587,86.406547
2026-07-06 05:00:00,N10,-0.0204,0.007655,2.86,9.6632,0.003276,31.0,23.76587,86.406547
2026-07-06 06:00:00,N10,-0.1944,0.006674,6.54,9.6667,0.003894,33.0,23.76587,86.406547
2026-07-06 07:00:00,N10,-0.1155,0.006576,6.28,9.6709,0.003413,34.9,23.76587,86.406547
2026-07-06 08:00:00,N10,0.0526,0.005489,8.63,9.6736,0.003395,36.7,23.76587,86.406547
2026-07-06 09:00:00,N10,-0.115,0.005354,2.79,9.6777,0.003424,38.3,23.76587,86.406547
2026-07-06 10:00:00,N10,-0.0729,0.007218,4.83,9.6804,0.002324,39.5,23.76587,86.406547
2026-07-06 11:00:00,N10,0.0333,0.005621,1.75,9.6824,0.002223,40.2,23.76587,86.406547
2026-07-06 12:00:00,N10,-0.0115,0.008517,8.19,9.6849,0.012555,40.5,23.76587,86.406547
2026-07-06 13:00:00,N10,0.1096,0.616039,38.43,9.7075,0.010022,40.2,23.76587,86.406547
2026-07-06 14:00:00,N10,0.1109,0.738991,28.96,9.7049,0.005855,39.5,23.76587,86.406547
2026-07-06 15:00:00,N10,,,,,,,23.76587,86.406547
2026-07-06 16:00:00,N10,,,,,,,23.76587,86.406547
2026-07-06 17:00:00,N10,,,,,,,23.76587,86.406547
2026-07-06 18:00:00,N10,,,,,,,23.76587,86.406547
2026-07-06 19:00:00,N10,,,,,,,23.76587,86.406547
2026-07-06 20:00:00,N10,0.0855,0.007187,9.1,9.7129,0.002975,29.2,23.76587,86.406547
2026-07-06 21:00:00,N10,,,,,,,23.76587,86.406547
2026-07-06 22:00:00,N10,0.1529,0.006707,6.65,9.7185,0.002912,26.5,23.76587,86.406547
2026-07-06 23:00:00,N10,-0.0062,0.005219,5.02,9.7214,0.002699,25.7,23.76587,86.406547
2026-07-07 00:00:00,N10,,,,,,,23.76587,86.406547
2026-07-07 01:00:00,N10,,,,,,,23.76587,86.406547
2026-07-07 02:00:00,N10,,,,,,,23.76587,86.406547
2026-07-07 03:00:00,N10,,,,,,,23.76587,86.406547
2026-07-07 04:00:00,N10,0.0604,0.008464,2.4,9.7361,0.002815,25.2,23.76587,86.406547
2026-07-07 05:00:00,N10,0.2174,0.005558,9.99,9.7385,0.0028,27.0,23.76587,86.406547
2026-07-07 06:00:00,N10,-0.1372,0.007856,2.33,9.7417,0.001699,29.0,23.76587,86.406547
2026-07-07 07:00:00,N10,-0.0208,0.641456,22.49,9.7351,0.001601,30.9,23.76587,86.406547
2026-07-07 08:00:00,N10,,,,,,,23.76587,86.406547
2026-07-07 09:00:00,N10,,,,,,,23.76587,86.406547
2026-07-07 10:00:00,N10,,,,,,,23.76587,86.406547
2026-07-07 11:00:00,N10,,,,,,,23.76587,86.406547
2026-07-07 12:00:00,N10,-0.1403,0.008755,7.01,9.7608,0.003313,36.5,23.76587,86.406547
2026-07-07 13:00:00,N10,0.0424,0.006023,1.89,9.764,0.003267,36.2,23.76587,86.406547
2026-07-07 14:00:00,N10,-0.0526,0.006612,2.97,9.7674,0.003006,35.4,23.76587,86.406547
2026-07-07 15:00:00,N10,0.0638,0.005829,3.98,9.77,0.003276,34.3,23.76587,86.406547
2026-07-07 16:00:00,N10,,,,,,,23.76587,86.406547
2026-07-07 17:00:00,N10,,,,,,,23.76587,86.406547
2026-07-07 18:00:00,N10,0.0073,0.667222,46.23,9.7918,0.002478,29.0,23.76587,86.406547
2026-07-07 19:00:00,N10,,,,,,,23.76587,86.406547
2026-07-07 20:00:00,N10,,,,,,,23.76587,86.406547
2026-07-07 21:00:00,N10,,,,,,,23.76587,86.406547
2026-07-07 22:00:00,N10,,,,,,,23.76587,86.406547
2026-07-07 23:00:00,N10,,,,,,,23.76587,86.406547
2026-07-08 00:00:00,N10,,,,,,,23.76587,86.406547
2026-07-08 01:00:00,N10,,,,,,,23.76587,86.406547
2026-07-08 02:00:00,N10,,,,,,,23.76587,86.406547
2026-07-08 03:00:00,N10,-0.1354,0.005903,6.23,9.8091,0.003155,28.2,23.76587,86.406547
2026-07-08 04:00:00,N10,0.0778,0.006636,3.82,9.8122,0.003234,29.8,23.76587,86.406547
2026-07-08 05:00:00,N10,0.0919,0.00643,5.59,9.8155,0.00313,31.6,23.76587,86.406547
2026-07-08 06:00:00,N10,-0.0547,0.007255,9.38,9.8185,0.003149,33.5,23.76587,86.406547
2026-07-08 07:00:00,N10,0.1086,0.006724,7.5,9.8218,0.003231,35.5,23.76587,86.406547
2026-07-08 08:00:00,N10,,,,,,,23.76587,86.406547
2026-07-08 09:00:00,N10,,,,,,,23.76587,86.406547
2026-07-08 10:00:00,N10,,,,,,,23.76587,86.406547
2026-07-08 11:00:00,N10,,,,,,,23.76587,86.406547
2026-07-08 12:00:00,N10,0.1358,0.005849,2.21,9.8376,0.003224,41.0,23.76587,86.406547
2026-07-08 13:00:00,N10,-0.0603,0.005356,3.01,9.8412,0.003789,40.8,23.76587,86.406547
2026-07-08 14:00:00,N10,-0.0738,0.005626,4.66,9.8452,0.003702,40.0,23.76587,86.406547
2026-07-08 15:00:00,N10,0.0329,0.006147,5.4,9.8486,0.002985,38.8,23.76587,86.406547
2026-07-08 16:00:00,N10,,,,,,,23.76587,86.406547
2026-07-08 17:00:00,N10,,,,,,,23.76587,86.406547
2026-07-08 18:00:00,N10,,,,,,,23.76587,86.406547
2026-07-08 19:00:00,N10,,,,,,,23.76587,86.406547
2026-07-08 20:00:00,N10,-0.0369,0.00808,8.89,9.8629,0.002537,29.8,23.76587,86.406547
2026-07-08 21:00:00,N10,0.1207,0.007118,6.85,9.8658,0.002667,28.2,23.76587,86.406547
2026-07-08 22:00:00,N10,-0.0169,0.005325,3.68,9.8683,0.002462,27.0,23.76587,86.406547
2026-07-08 23:00:00,N10,0.1857,0.005424,5.22,9.8708,0.002768,26.3,23.76587,86.406547
2026-07-09 00:00:00,N10,0.1526,0.00803,3.88,9.8738,0.003181,23.8,23.76587,86.406547
2026-07-09 01:00:00,N10,0.0249,0.007356,3.47,9.8771,0.003064,24.1,23.76587,86.406547
2026-07-09 02:00:00,N10,-0.0552,0.006676,1.37,9.8799,0.002413,24.8,23.76587,86.406547
2026-07-09 03:00:00,N10,-0.024,0.008435,6.72,9.8819,0.002918,26.0,23.76587,86.406547
2026-07-09 04:00:00,N10,-0.0683,0.005832,5.84,9.8858,0.003458,27.6,23.76587,86.406547
2026-07-09 05:00:00,N10,-0.1529,0.006326,3.43,9.8889,0.003129,29.4,23.76587,86.406547
2026-07-09 06:00:00,N10,0.0188,0.006322,9.41,9.892,0.003208,31.3,23.76587,86.406547
2026-07-09 07:00:00,N10,0.1412,0.006709,4.98,9.8953,0.002913,33.3,23.76587,86.406547
2026-07-09 08:00:00,N10,0.5233,0.005439,3.29,9.8978,0.003053,35.1,23.76587,86.406547
2026-07-09 09:00:00,N10,0.0851,0.005175,7.2,9.9014,0.003288,36.6,23.76587,86.406547
2026-07-09 10:00:00,N10,-0.0352,0.005767,2.95,9.9044,0.002942,37.8,23.76587,86.406547
2026-07-09 11:00:00,N10,,,,,,,23.76587,86.406547
2026-07-09 12:00:00,N10,,,,,,,23.76587,86.406547
2026-07-09 13:00:00,N10,-0.0301,0.008737,9.88,9.9136,0.002638,38.6,23.76587,86.406547
2026-07-09 14:00:00,N10,-0.1001,0.008449,5.65,9.9159,0.006176,37.8,23.76587,86.406547
2026-07-09 15:00:00,N10,0.026,0.585033,44.71,9.9259,0.003431,36.6,23.76587,86.406547
2026-07-09 16:00:00,N10,-0.1352,0.005369,1.84,9.9227,3.2e-05,35.1,23.76587,86.406547
2026-07-09 17:00:00,N10,0.0063,0.007898,6.38,9.9258,0.003049,33.3,23.76587,86.406547
2026-07-09 18:00:00,N10,,,,,,,23.76587,86.406547
2026-07-09 19:00:00,N10,,,,,,,23.76587,86.406547
2026-07-09 20:00:00,N10,,,,,,,23.76587,86.406547
2026-07-09 21:00:00,N10,-0.0264,0.007335,1.98,9.9378,0.002762,26.0,23.76587,86.406547
2026-07-09 22:00:00,N10,,,,,,,23.76587,86.406547
2026-07-09 23:00:00,N10,,,,,,,23.76587,86.406547
2026-07-10 00:00:00,N10,,,,,,,23.76587,86.406547
2026-07-10 01:00:00,N10,,,,,,,23.76587,86.406547
2026-07-10 02:00:00,N10,,,,,,,23.76587,86.406547
2026-07-10 03:00:00,N10,,,,,,,23.76587,86.406547
2026-07-10 04:00:00,N10,,,,,,,23.76587,86.406547
2026-07-10 05:00:00,N10,-0.0481,0.006039,7.26,9.9631,0.003558,33.1,23.76587,86.406547
2026-07-10 06:00:00,N10,0.0208,0.005543,3.81,9.9662,0.002845,35.0,23.76587,86.406547
2026-07-10 07:00:00,N10,0.2414,0.005445,3.68,9.9688,0.002691,37.0,23.76587,86.406547
2026-07-10 08:00:00,N10,-0.1118,0.006221,6.29,9.9716,0.003022,38.8,23.76587,86.406547
2026-07-10 09:00:00,N10,0.1251,0.007435,6.36,9.9749,0.003245,40.4,23.76587,86.406547
2026-07-10 10:00:00,N10,,,,,,,23.76587,86.406547
2026-07-10 11:00:00,N10,,,,,,,23.76587,86.406547
2026-07-10 12:00:00,N10,0.12,0.876603,40.34,9.9662,0.011514,42.5,23.76587,86.406547
2026-07-10 13:00:00,N10,,,,,,,23.76587,86.406547
2026-07-10 14:00:00,N10,,,,,,,23.76587,86.406547
2026-07-10 15:00:00,N10,0.1537,0.008216,6.08,9.9917,0.002518,40.4,23.76587,86.406547
2026-07-10 16:00:00,N10,-0.209,0.005849,3.85,9.9942,0.003783,38.8,23.76587,86.406547
2026-07-10 17:00:00,N10,-0.0429,0.517641,47.85,9.9841,0.003856,37.0,23.76587,86.406547
2026-07-10 18:00:00,N10,-0.035,0.620653,22.03,9.9865,0.00874,35.0,23.76587,86.406547
2026-07-10 19:00:00,N10,-0.0879,0.005083,3.74,10.0016,0.008846,33.1,23.76587,86.406547
2026-07-10 20:00:00,N10,0.0579,0.005336,7.75,10.0042,0.002718,31.3,23.76587,86.406547
2026-07-10 21:00:00,N10,-0.1188,0.006562,7.97,10.007,0.002673,29.7,23.76587,86.406547
2026-07-10 22:00:00,N10,-0.2064,0.006742,2.57,10.0095,0.003137,28.6,23.76587,86.406547
2026-07-10 23:00:00,N10,0.1142,0.006978,8.36,10.0133,0.003246,27.8,23.76587,86.406547
2026-07-11 00:00:00,N10,-0.2328,0.005181,8.33,10.016,0.002283,23.7,23.76587,86.406547
2026-07-11 01:00:00,N10,0.1569,0.007535,6.47,10.0179,0.002396,24.0,23.76587,86.406547
2026-07-11 02:00:00,N10,-0.1682,0.009431,9.31,10.0208,0.003085,24.7,23.76587,86.406547
2026-07-11 03:00:00,N10,-0.0547,0.007477,5.59,10.0241,0.002928,25.9,23.76587,86.406547
2026-07-11 04:00:00,N10,-0.1206,0.008016,4.45,10.0267,0.002795,27.5,23.76587,86.406547
2026-07-11 05:00:00,N10,0.0472,0.009251,6.16,10.0296,0.003081,29.3,23.76587,86.406547
2026-07-11 06:00:00,N10,0.1193,0.007259,4.57,10.0328,0.003226,31.2,23.76587,86.406547
2026-07-11 07:00:00,N10,-0.0773,0.005915,2.53,10.0361,0.003046,33.2,23.76587,86.406547
2026-07-11 08:00:00,N10,-0.0392,0.00572,7.76,10.0389,0.001006,35.0,23.76587,86.406547
2026-07-11 09:00:00,N10,0.138,0.844103,45.56,10.0341,0.000913,36.5,23.76587,86.406547
2026-07-11 10:00:00,N10,0.167,0.58724,39.2,10.0371,0.006768,37.7,23.76587,86.406547
2026-07-11 11:00:00,N10,-0.0602,0.005506,6.64,10.0476,0.006734,38.5,23.76587,86.406547
2026-07-11 12:00:00,N10,-0.1954,0.007488,7.85,10.0505,0.011106,38.7,23.76587,86.406547
2026-07-11 13:00:00,N10,0.143,0.576839,27.78,10.0698,0.003284,38.5,23.76587,86.406547
2026-07-11 14:00:00,N10,-0.0347,0.010828,3.68,10.0571,0.005479,37.7,23.76587,86.406547
2026-07-11 15:00:00,N10,0.2579,0.005977,3.29,10.0589,0.002139,36.5,23.76587,86.406547
2026-07-11 16:00:00,N10,0.0606,0.006054,5.21,10.0614,0.007398,35.0,23.76587,86.406547
2026-07-11 17:00:00,N10,-0.1496,0.529109,36.07,10.0737,0.002562,33.2,23.76587,86.406547
2026-07-11 18:00:00,N10,0.0205,0.008559,6.2,10.0665,0.002165,31.2,23.76587,86.406547
2026-07-11 19:00:00,N10,-0.1939,0.005111,8.68,10.0693,0.002545,29.3,23.76587,86.406547
2026-07-11 20:00:00,N10,-0.299,0.006523,4.76,10.0716,0.002726,27.5,23.76587,86.406547
2026-07-11 21:00:00,N10,-0.1516,0.00519,5.43,10.0748,0.003524,25.9,23.76587,86.406547
2026-07-11 22:00:00,N10,0.2739,0.008021,5.56,10.0787,0.003312,24.7,23.76587,86.406547
2026-07-11 23:00:00,N10,-0.3721,0.005578,6.24,10.0814,0.002685,24.0,23.76587,86.406547
2026-07-12 00:00:00,N10,0.0961,0.008786,4.29,10.084,0.002689,23.7,23.76587,86.406547
2026-07-12 01:00:00,N10,-0.1727,0.007713,6.23,10.0868,0.002705,24.0,23.76587,86.406547
2026-07-12 02:00:00,N10,0.1316,0.005354,9.38,10.0894,0.002745,24.7,23.76587,86.406547
2026-07-12 03:00:00,N10,0.0997,0.005573,4.79,10.0923,0.002595,25.9,23.76587,86.406547
2026-07-12 04:00:00,N10,0.3112,0.0065,1.65,10.0946,0.002362,27.5,23.76587,86.406547
2026-07-12 05:00:00,N10,0.2144,0.005262,6.89,10.097,0.002925,29.3,23.76587,86.406547
2026-07-12 06:00:00,N10,0.0365,0.00737,9.89,10.1005,0.003075,31.2,23.76587,86.406547
2026-07-12 07:00:00,N10,0.0144,0.005468,9.26,10.1032,0.002709,33.2,23.76587,86.406547
2026-07-12 08:00:00,N10,-0.0813,0.008191,7.87,10.1059,0.003058,35.0,23.76587,86.406547
2026-07-12 09:00:00,N10,-0.1772,0.005685,7.49,10.1093,0.002813,36.5,23.76587,86.406547
2026-07-12 10:00:00,N10,0.2759,0.007022,3.49,10.1115,0.002149,37.7,23.76587,86.406547
2026-07-12 11:00:00,N10,0.0513,0.005677,6.79,10.1136,0.004558,38.5,23.76587,86.406547
2026-07-12 12:00:00,N10,-0.1083,0.645834,33.64,10.1024,0.003998,38.7,23.76587,86.406547
2026-07-12 13:00:00,N10,-0.2922,0.989018,20.53,10.1056,0.010345,38.5,23.76587,86.406547
2026-07-12 14:00:00,N10,0.0141,0.007029,5.3,10.1231,0.010212,37.7,23.76587,86.406547
2026-07-12 15:00:00,N10,0.2288,0.008991,3.81,10.126,0.00262,36.5,23.76587,86.406547
2026-07-12 16:00:00,N10,-0.1296,0.006723,5.3,10.1283,0.00244,35.0,23.76587,86.406547
2026-07-12 17:00:00,N10,-0.2291,0.005881,2.05,10.1309,0.003231,33.2,23.76587,86.406547
2026-07-12 18:00:00,N10,0.005,0.007418,8.95,10.1348,0.003533,31.2,23.76587,86.406547
2026-07-12 19:00:00,N10,,,,,,,23.76587,86.406547
2026-07-12 20:00:00,N10,,,,,,,23.76587,86.406547
2026-07-12 21:00:00,N10,,,,,,,23.76587,86.406547
2026-07-12 22:00:00,N10,,,,,,,23.76587,86.406547
2026-07-12 23:00:00,N10,,,,,,,23.76587,86.406547
2026-07-13 00:00:00,N10,,,,,,,23.76587,86.406547
2026-07-13 01:00:00,N10,0.0317,0.007742,2.6,10.1536,0.003221,26.3,23.76587,86.406547
2026-07-13 02:00:00,N10,-0.1227,0.006194,6.49,10.1569,0.002888,27.1,23.76587,86.406547
2026-07-13 03:00:00,N10,-0.1959,0.007265,4.99,10.1594,0.002602,28.3,23.76587,86.406547
2026-07-13 04:00:00,N10,0.0488,0.007114,4.42,10.1621,0.003108,29.8,23.76587,86.406547
2026-07-13 05:00:00,N10,,,,,,,23.76587,86.406547
2026-07-13 06:00:00,N10,,,,,,,23.76587,86.406547
2026-07-13 07:00:00,N10,,,,,,,23.76587,86.406547
2026-07-13 08:00:00,N10,,,,,,,23.76587,86.406547
2026-07-13 09:00:00,N10,,,,,,,23.76587,86.406547
2026-07-13 10:00:00,N10,0.0347,0.005297,5.26,10.1802,0.002339,40.1,23.76587,86.406547
2026-07-13 11:00:00,N10,,,,,,,23.76587,86.406547
2026-07-13 12:00:00,N10,-0.408,0.009731,6.6,10.1844,0.002491,41.1,23.76587,86.406547
2026-07-13 13:00:00,N10,-0.0893,0.005595,1.71,10.1871,0.002573,40.8,23.76587,86.406547
2026-07-13 14:00:00,N10,-0.0512,0.006872,1.67,10.1896,0.002341,40.1,23.76587,86.406547
2026-07-13 15:00:00,N10,0.2657,0.00556,5.51,10.1918,0.002447,38.9,23.76587,86.406547
2026-07-13 16:00:00,N10,,,,,,,23.76587,86.406547
2026-07-13 17:00:00,N10,,,,,,,23.76587,86.406547
2026-07-13 18:00:00,N10,,,,,,,23.76587,86.406547
2026-07-13 19:00:00,N10,,,,,,,23.76587,86.406547
2026-07-13 20:00:00,N10,,,,,,,23.76587,86.406547
2026-07-13 21:00:00,N10,,,,,,,23.76587,86.406547
2026-07-13 22:00:00,N10,,,,,,,23.76587,86.406547
2026-07-13 23:00:00,N10,,,,,,,23.76587,86.406547
2026-07-14 00:00:00,N10,,,,,,,23.76587,86.406547
2026-07-14 01:00:00,N10,-0.116,0.008417,6.72,10.2172,0.002419,26.8,23.76587,86.406547
2026-07-14 02:00:00,N10,0.0906,0.009966,4.33,10.2197,0.003176,27.5,23.76587,86.406547
2026-07-14 03:00:00,N10,0.0252,0.007722,4.16,10.2235,0.003073,28.7,23.76587,86.406547
2026-07-14 04:00:00,N10,0.0124,0.005702,6.02,10.2259,0.002369,30.3,23.76587,86.406547
2026-07-14 05:00:00,N10,0.1548,0.005696,1.1,10.2283,0.002649,32.1,23.76587,86.406547
2026-07-14 06:00:00,N10,-0.1365,0.923928,41.15,10.2206,0.003025,34.0,23.76587,86.406547
2026-07-14 07:00:00,N10,0.0823,0.895302,29.15,10.2222,0.006869,36.0,23.76587,86.406547
2026-07-14 08:00:00,N10,0.0529,0.005997,6.64,10.2343,0.007103,37.8,23.76587,86.406547
2026-07-14 09:00:00,N10,-0.009,0.005858,1.31,10.2364,0.002394,39.3,23.76587,86.406547
2026-07-14 10:00:00,N10,-0.2225,0.006193,7.05,10.2391,0.003276,40.5,23.76587,86.406547
2026-07-14 11:00:00,N10,0.3661,0.632605,47.87,10.2299,0.002854,41.3,23.76587,86.406547
2026-07-14 12:00:00,N10,,,,,,,23.76587,86.406547
2026-07-14 13:00:00,N10,,,,,,,23.76587,86.406547
2026-07-14 14:00:00,N10,,,,,,,23.76587,86.406547
2026-07-14 15:00:00,N10,,,,,,,23.76587,86.406547
2026-07-14 16:00:00,N10,0.1195,0.006087,1.9,10.2544,0.002611,37.8,23.76587,86.406547
2026-07-14 17:00:00,N10,0.2065,0.005544,1.15,10.2567,0.002842,36.0,23.76587,86.406547
2026-07-14 18:00:00,N10,-0.1607,0.007231,6.55,10.2601,0.003315,34.0,23.76587,86.406547
2026-07-14 19:00:00,N10,,,,,,,23.76587,86.406547
2026-07-14 20:00:00,N10,-0.1179,0.005082,7.06,10.267,0.003265,30.3,23.76587,86.406547
2026-07-14 21:00:00,N10,0.034,0.007325,1.95,10.2699,0.002618,28.7,23.76587,86.406547
2026-07-14 22:00:00,N10,-0.2481,0.005752,7.23,10.2722,0.002796,27.5,23.76587,86.406547
2026-07-14 23:00:00,N10,0.0284,0.005632,2.09,10.2755,0.003106,26.8,23.76587,86.406547
2026-07-15 00:00:00,N10,0.0475,0.005343,5.0,10.2784,0.002818,25.9,23.76587,86.406547
2026-07-15 01:00:00,N10,-0.2201,0.005113,1.65,10.2811,0.00253,26.2,23.76587,86.406547
2026-07-15 02:00:00,N10,0.0113,0.008132,7.46,10.2835,0.002308,26.9,23.76587,86.406547
2026-07-15 03:00:00,N10,,,,,,,23.76587,86.406547
2026-07-15 04:00:00,N10,,,,,,,23.76587,86.406547
2026-07-15 05:00:00,N10,,,,,,,23.76587,86.406547
2026-07-15 06:00:00,N10,,,,,,,23.76587,86.406547
2026-07-15 07:00:00,N10,,,,,,,23.76587,86.406547
2026-07-15 08:00:00,N10,,,,,,,23.76587,86.406547
2026-07-15 09:00:00,N10,,,,,,,23.76587,86.406547
2026-07-15 10:00:00,N10,,,,,,,23.76587,86.406547
2026-07-15 11:00:00,N10,,,,,,,23.76587,86.406547
2026-07-15 12:00:00,N10,0.262,0.883055,17.45,10.3186,0.008377,40.9,23.76587,86.406547
2026-07-15 13:00:00,N10,0.4037,0.765824,49.23,10.3217,0.002523,40.6,23.76587,86.406547
2026-07-15 14:00:00,N10,0.1502,0.005418,3.95,10.3136,0.001262,39.9,23.76587,86.406547
2026-07-15 15:00:00,N10,,,,,,,23.76587,86.406547
2026-07-15 16:00:00,N10,,,,,,,23.76587,86.406547
2026-07-15 17:00:00,N10,0.3796,0.00895,7.18,10.322,0.000909,35.3,23.76587,86.406547
2026-07-15 18:00:00,N10,-0.2281,0.006362,6.06,10.3248,0.002491,33.4,23.76587,86.406547
2026-07-15 19:00:00,N10,-0.0805,0.005023,6.9,10.327,0.002468,31.5,23.76587,86.406547
2026-07-15 20:00:00,N10,-0.1895,0.006228,8.93,10.3297,0.002852,29.6,23.76587,86.406547
2026-07-15 21:00:00,N10,0.043,0.005583,3.07,10.3327,0.002272,28.1,23.76587,86.406547
2026-07-15 22:00:00,N10,0.0154,0.007439,6.16,10.3343,0.002162,26.9,23.76587,86.406547
2026-07-15 23:00:00,N10,-0.0437,0.006259,7.3,10.337,0.002753,26.2,23.76587,86.406547
2026-07-16 00:00:00,N10,,,,,,,23.76587,86.406547
2026-07-16 01:00:00,N10,,,,,,,23.76587,86.406547
2026-07-16 02:00:00,N10,,,,,,,23.76587,86.406547
2026-07-16 03:00:00,N10,,,,,,,23.76587,86.406547
2026-07-16 04:00:00,N10,,,,,,,23.76587,86.406547
2026-07-16 05:00:00,N10,0.239,0.005045,7.57,10.3527,0.002036,27.2,23.76587,86.406547
2026-07-16 06:00:00,N10,-0.4031,0.006633,7.84,10.3546,0.007243,29.1,23.76587,86.406547
2026-07-16 07:00:00,N10,,,,,,,23.76587,86.406547
2026-07-16 08:00:00,N10,,,,,,,23.76587,86.406547
2026-07-16 09:00:00,N10,,,,,,,23.76587,86.406547
2026-07-16 10:00:00,N10,,,,,,,23.76587,86.406547
2026-07-16 11:00:00,N10,,,,,,,23.76587,86.406547
2026-07-16 12:00:00,N10,0.0523,0.005465,7.58,10.3718,0.003246,36.6,23.76587,86.406547
2026-07-16 13:00:00,N10,0.0425,0.005249,1.75,10.3755,0.003045,36.4,23.76587,86.406547
2026-07-16 14:00:00,N10,0.2155,0.005299,3.76,10.3779,0.002153,35.6,23.76587,86.406547
2026-07-16 15:00:00,N10,-0.0633,0.005092,9.91,10.3798,0.002167,34.4,23.76587,86.406547
2026-07-16 16:00:00,N10,,,,,,,23.76587,86.406547
2026-07-16 17:00:00,N10,,,,,,,23.76587,86.406547
2026-07-16 18:00:00,N10,,,,,,,23.76587,86.406547
2026-07-16 19:00:00,N10,,,,,,,23.76587,86.406547
2026-07-16 20:00:00,N10,0.0571,0.008445,1.88,10.393,0.002283,25.4,23.76587,86.406547
2026-07-16 21:00:00,N10,0.0243,0.005248,4.22,10.3953,0.002029,23.8,23.76587,86.406547
2026-07-16 22:00:00,N10,-0.0079,0.005703,2.34,10.3971,0.002324,22.6,23.76587,86.406547
2026-07-16 23:00:00,N10,-0.1681,0.006898,5.27,10.3999,0.002496,21.9,23.76587,86.406547
2026-07-17 00:00:00,N10,-0.0284,0.00501,5.88,10.4021,0.002319,26.1,23.76587,86.406547
2026-07-17 01:00:00,N10,0.0172,0.007835,9.8,10.4045,0.002344,26.3,23.76587,86.406547
2026-07-17 02:00:00,N10,0.0503,0.007981,7.52,10.4068,0.002405,27.1,23.76587,86.406547
2026-07-17 03:00:00,N10,0.1159,0.006039,1.47,10.4094,0.002666,28.3,23.76587,86.406547
2026-07-17 04:00:00,N10,-0.057,0.005985,8.51,10.4121,0.002558,29.8,23.76587,86.406547
2026-07-17 05:00:00,N10,-0.0424,0.008559,1.89,10.4145,0.002207,31.6,23.76587,86.406547
2026-07-17 06:00:00,N10,0.1487,0.006435,1.58,10.4165,0.013194,33.6,23.76587,86.406547
2026-07-17 07:00:00,N10,0.0912,0.521359,29.73,10.4409,0.007345,35.5,23.76587,86.406547
2026-07-17 08:00:00,N10,0.0415,0.646514,39.3,10.4312,0.008747,37.3,23.76587,86.406547
2026-07-17 09:00:00,N10,-0.0869,0.007078,1.41,10.4234,0.002882,38.9,23.76587,86.406547
2026-07-17 10:00:00,N10,0.191,0.0062,6.56,10.4254,0.002033,40.1,23.76587,86.406547
2026-07-17 11:00:00,N10,0.1311,0.005623,6.02,10.4274,0.002337,40.8,23.76587,86.406547
2026-07-17 12:00:00,N10,-0.0208,0.008452,5.09,10.4301,0.002457,41.1,23.76587,86.406547
2026-07-17 13:00:00,N10,,,,,,,23.76587,86.406547
2026-07-17 14:00:00,N10,,,,,,,23.76587,86.406547
2026-07-17 15:00:00,N10,,,,,,,23.76587,86.406547
2026-07-17 16:00:00,N10,,,,,,,23.76587,86.406547
2026-07-17 17:00:00,N10,,,,,,,23.76587,86.406547
2026-07-17 18:00:00,N10,0.2164,0.006913,5.17,10.4459,0.002203,33.6,23.76587,86.406547
2026-07-17 19:00:00,N10,-0.0429,0.006058,2.97,10.4478,0.002475,31.6,23.76587,86.406547
2026-07-17 20:00:00,N10,0.1271,0.00861,2.92,10.4508,0.00266,29.8,23.76587,86.406547
2026-07-17 21:00:00,N10,,,,,,,23.76587,86.406547
2026-07-17 22:00:00,N10,,,,,,,23.76587,86.406547
2026-07-17 23:00:00,N10,-0.0065,0.007802,2.96,10.4577,0.00247,26.3,23.76587,86.406547
2026-07-18 00:00:00,N10,0.0886,0.006889,5.46,10.46,0.002677,22.9,23.76587,86.406547
2026-07-18 01:00:00,N10,0.1408,0.005014,3.55,10.463,0.00287,23.2,23.76587,86.406547
2026-07-18 02:00:00,N10,0.0633,0.006001,8.85,10.4657,0.00252,23.9,23.76587,86.406547
2026-07-18 03:00:00,N10,-0.0737,0.005036,7.54,10.4681,0.002619,25.1,23.76587,86.406547
2026-07-18 04:00:00,N10,-0.1347,0.007772,1.24,10.4709,0.002921,26.7,23.76587,86.406547
2026-07-18 05:00:00,N10,-0.1796,0.008476,6.88,10.4739,0.002619,28.5,23.76587,86.406547
2026-07-18 06:00:00,N10,-0.1199,0.007195,8.57,10.4762,0.002553,30.4,23.76587,86.406547
2026-07-18 07:00:00,N10,0.2438,0.009548,3.93,10.479,0.002877,32.4,23.76587,86.406547
2026-07-18 08:00:00,N10,0.1632,0.00639,8.28,10.4819,0.002399,34.2,23.76587,86.406547
2026-07-18 09:00:00,N10,-0.1691,0.005206,7.04,10.4838,0.002069,35.7,23.76587,86.406547
2026-07-18 10:00:00,N10,-0.3055,0.005277,2.87,10.4861,0.002101,36.9,23.76587,86.406547
2026-07-18 11:00:00,N10,-0.23,0.00685,4.47,10.488,0.002629,37.7,23.76587,86.406547
2026-07-18 12:00:00,N10,0.0065,0.005977,7.93,10.4913,0.003085,37.9,23.76587,86.406547
2026-07-18 13:00:00,N10,,,,,,,23.76587,86.406547
2026-07-18 14:00:00,N10,0.1075,0.948981,25.41,10.5095,0.002439,36.9,23.76587,86.406547
2026-07-18 15:00:00,N10,0.0321,0.006057,6.67,10.499,0.004128,35.7,23.76587,86.406547
2026-07-18 16:00:00,N10,-0.1839,0.006491,4.81,10.5012,0.001782,34.2,23.76587,86.406547
2026-07-18 17:00:00,N10,0.0773,0.960899,31.93,10.4955,0.001661,32.4,23.76587,86.406547
2026-07-18 18:00:00,N10,0.0553,0.584808,38.39,10.4979,0.005804,30.4,23.76587,86.406547
2026-07-18 19:00:00,N10,0.1016,0.005761,2.14,10.5071,0.005962,28.5,23.76587,86.406547
2026-07-18 20:00:00,N10,0.0288,0.006532,6.6,10.5098,0.002756,26.7,23.76587,86.406547
2026-07-18 21:00:00,N10,-0.3346,0.005359,4.02,10.5126,0.002728,25.1,23.76587,86.406547
2026-07-18 22:00:00,N10,-0.361,0.00713,7.8,10.5153,0.002471,23.9,23.76587,86.406547
2026-07-18 23:00:00,N10,0.0388,0.005966,7.48,10.5175,0.002391,23.2,23.76587,86.406547
2026-07-19 00:00:00,N10,-0.2943,0.008781,6.59,10.5201,0.002755,25.5,23.76587,86.406547
2026-07-19 01:00:00,N10,-0.0073,0.005454,3.51,10.5231,0.00275,25.7,23.76587,86.406547
2026-07-19 02:00:00,N10,,,,,,,23.76587,86.406547
2026-07-19 03:00:00,N10,,,,,,,23.76587,86.406547
2026-07-19 04:00:00,N10,,,,,,,23.76587,86.406547
2026-07-19 05:00:00,N10,0.1431,0.005494,3.38,10.5332,0.002168,31.0,23.76587,86.406547
2026-07-19 06:00:00,N10,0.0276,0.007097,4.48,10.5352,0.002166,33.0,23.76587,86.406547
2026-07-19 07:00:00,N10,0.0892,0.008046,5.73,10.5375,0.001891,34.9,23.76587,86.406547
2026-07-19 08:00:00,N10,-0.099,0.005972,3.19,10.539,0.002196,36.7,23.76587,86.406547
2026-07-19 09:00:00,N10,0.04,0.005589,1.32,10.5419,0.002581,38.3,23.76587,86.406547
2026-07-19 10:00:00,N10,-0.1562,0.00875,1.77,10.5442,0.001854,39.5,23.76587,86.406547
2026-07-19 11:00:00,N10,-0.1119,0.008993,3.72,10.5456,0.001562,40.2,23.76587,86.406547
2026-07-19 12:00:00,N10,,,,,,,23.76587,86.406547
2026-07-19 13:00:00,N10,,,,,,,23.76587,86.406547
2026-07-19 14:00:00,N10,,,,,,,23.76587,86.406547
2026-07-19 15:00:00,N10,,,,,,,23.76587,86.406547
2026-07-19 16:00:00,N10,0.053,0.006672,3.68,10.557,0.011527,36.7,23.76587,86.406547
2026-07-19 17:00:00,N10,0.1126,0.005367,9.02,10.5596,0.002443,34.9,23.76587,86.406547
2026-07-19 18:00:00,N10,,,,,,,23.76587,86.406547
2026-07-19 19:00:00,N10,,,,,,,23.76587,86.406547
2026-07-19 20:00:00,N10,0.1612,0.005674,7.01,10.5673,0.002716,29.2,23.76587,86.406547
2026-07-19 21:00:00,N10,,,,,,,23.76587,86.406547
2026-07-19 22:00:00,N10,,,,,,,23.76587,86.406547
2026-07-19 23:00:00,N10,,,,,,,23.76587,86.406547
2026-07-20 00:00:00,N10,,,,,,,23.76587,86.406547
2026-07-20 01:00:00,N10,,,,,,,23.76587,86.406547
2026-07-20 02:00:00,N10,-0.0287,0.005343,1.97,10.5821,0.002315,23.2,23.76587,86.406547
2026-07-20 03:00:00,N10,0.2441,0.008546,9.29,10.5846,0.002265,24.3,23.76587,86.406547
2026-07-20 04:00:00,N10,0.181,0.005421,8.83,10.5867,0.002228,25.9,23.76587,86.406547
2026-07-20 05:00:00,N10,0.1736,0.005031,9.67,10.589,0.002131,27.7,23.76587,86.406547
2026-07-20 06:00:00,N10,-0.0147,0.005025,3.7,10.5909,0.00172,29.7,23.76587,86.406547
2026-07-20 07:00:00,N10,-0.0187,0.005024,6.55,10.5925,0.001254,31.6,23.76587,86.406547
2026-07-20 08:00:00,N10,0.1232,0.005186,2.41,10.5934,0.001165,33.4,23.76587,86.406547
2026-07-20 09:00:00,N10,-0.0085,0.005011,1.86,10.5948,0.001738,35.0,23.76587,86.406547
2026-07-20 10:00:00,N10,0.0038,0.00506,9.19,10.5969,0.002264,36.1,23.76587,86.406547
2026-07-20 11:00:00,N10,-0.0954,0.008005,9.22,10.5993,0.002546,36.9,23.76587,86.406547
2026-07-20 12:00:00,N10,-0.1124,0.008126,4.37,10.602,0.00249,37.2,23.76587,86.406547
2026-07-20 13:00:00,N10,-0.0082,0.007928,1.43,10.6043,0.00382,36.9,23.76587,86.406547
2026-07-20 14:00:00,N10,0.0843,0.510657,44.85,10.5943,0.003019,36.1,23.76587,86.406547
2026-07-20 15:00:00,N10,0.1904,0.8446,27.33,10.6103,0.015194,35.0,23.76587,86.406547
2026-07-20 16:00:00,N10,0.1438,0.848607,19.0,10.6247,0.002116,33.4,23.76587,86.406547
2026-07-20 17:00:00,N10,-0.1431,0.005253,7.5,10.6146,0.003899,31.6,23.76587,86.406547
2026-07-20 18:00:00,N10,-0.049,0.006455,4.64,10.6169,0.002083,29.7,23.76587,86.406547
2026-07-20 19:00:00,N10,,,,,,,23.76587,86.406547
2026-07-20 20:00:00,N10,,,,,,,23.76587,86.406547
2026-07-20 21:00:00,N10,,,,,,,23.76587,86.406547
2026-07-20 22:00:00,N10,,,,,,,23.76587,86.406547
2026-07-20 23:00:00,N10,,,,,,,23.76587,86.406547
2026-07-21 00:00:00,N10,0.0412,0.012064,7.98,10.6281,0.002052,25.9,23.76587,86.406547
2026-07-21 01:00:00,N10,0.0284,0.00715,5.83,10.6302,0.001626,26.1,23.76587,86.406547
2026-07-21 02:00:00,N10,0.1392,0.00681,6.28,10.6314,0.001554,26.9,23.76587,86.406547
2026-07-21 03:00:00,N10,-0.1968,0.008721,9.44,10.6333,0.001976,28.1,23.76587,86.406547
2026-07-21 04:00:00,N10,-0.0573,0.005073,3.35,10.6354,0.001885,29.6,23.76587,86.406547
2026-07-21 05:00:00,N10,-0.0807,0.008201,9.95,10.6371,0.002091,31.5,23.76587,86.406547
2026-07-21 06:00:00,N10,0.2102,0.005647,6.28,10.6395,0.003259,33.4,23.76587,86.406547
2026-07-21 07:00:00,N10,,,,,,,23.76587,86.406547
2026-07-21 08:00:00,N10,,,,,,,23.76587,86.406547
2026-07-21 09:00:00,N10,,,,,,,23.76587,86.406547
2026-07-21 10:00:00,N10,,,,,,,23.76587,86.406547
2026-07-21 11:00:00,N10,,,,,,,23.76587,86.406547
2026-07-21 12:00:00,N10,,,,,,,23.76587,86.406547
2026-07-21 13:00:00,N10,,,,,,,23.76587,86.406547
2026-07-21 14:00:00,N10,,,,,,,23.76587,86.406547
2026-07-21 15:00:00,N10,0.1074,0.007701,3.94,10.6631,0.002225,38.7,23.76587,86.406547
2026-07-21 16:00:00,N10,0.0125,0.008061,2.49,10.6651,0.002308,37.1,23.76587,86.406547
2026-07-21 17:00:00,N10,,,,,,,23.76587,86.406547
2026-07-21 18:00:00,N10,0.0213,0.009117,3.12,10.6697,0.002211,33.4,23.76587,86.406547
2026-07-21 19:00:00,N10,-0.2335,0.005223,5.49,10.6721,0.002746,31.5,23.76587,86.406547
2026-07-21 20:00:00,N10,-0.0666,0.005098,8.63,10.6752,0.002848,29.6,23.76587,86.406547
2026-07-21 21:00:00,N10,0.3959,0.005565,7.56,10.6778,0.002669,28.1,23.76587,86.406547
2026-07-21 22:00:00,N10,-0.0184,0.005126,7.18,10.6805,0.002418,26.9,23.76587,86.406547
2026-07-21 23:00:00,N10,,,,,,,23.76587,86.406547
2026-07-22 00:00:00,N10,,,,,,,23.76587,86.406547
2026-07-22 01:00:00,N10,,,,,,,23.76587,86.406547
2026-07-22 02:00:00,N10,,,,,,,23.76587,86.406547
2026-07-22 03:00:00,N10,,,,,,,23.76587,86.406547
2026-07-22 04:00:00,N10,0.0275,0.006052,5.96,10.692,0.00208,27.1,23.76587,86.406547
2026-07-22 05:00:00,N10,-0.062,0.005952,9.49,10.6942,0.002524,28.9,23.76587,86.406547
2026-07-22 06:00:00,N10,-0.4174,0.008016,7.5,10.6971,0.002587,30.9,23.76587,86.406547
2026-07-22 07:00:00,N10,0.3589,0.006994,7.53,10.6994,0.001958,32.8,23.76587,86.406547
2026-07-22 08:00:00,N10,0.3226,0.007646,8.34,10.701,0.008572,34.6,23.76587,86.406547
2026-07-22 09:00:00,N10,0.263,0.739192,26.89,10.7165,0.002027,36.2,23.76587,86.406547
2026-07-22 10:00:00,N10,-0.1188,0.006394,8.22,10.705,0.004596,37.4,23.76587,86.406547
2026-07-22 11:00:00,N10,-0.1191,0.008102,5.94,10.7073,0.002064,38.1,23.76587,86.406547
2026-07-22 12:00:00,N10,,,,,,,23.76587,86.406547
2026-07-22 13:00:00,N10,,,,,,,23.76587,86.406547
2026-07-22 14:00:00,N10,,,,,,,23.76587,86.406547
2026-07-22 15:00:00,N10,-0.043,0.008936,1.33,10.7187,0.002869,36.2,23.76587,86.406547
2026-07-22 16:00:00,N10,,,,,,,23.76587,86.406547
2026-07-22 17:00:00,N10,,,,,,,23.76587,86.406547
2026-07-22 18:00:00,N10,0.0305,0.009068,8.62,10.7277,0.002908,30.9,23.76587,86.406547
2026-07-22 19:00:00,N10,,,,,,,23.76587,86.406547
2026-07-22 20:00:00,N10,,,,,,,23.76587,86.406547
2026-07-22 21:00:00,N10,,,,,,,23.76587,86.406547
2026-07-22 22:00:00,N10,,,,,,,23.76587,86.406547
2026-07-22 23:00:00,N10,,,,,,,23.76587,86.406547
2026-07-23 00:00:00,N10,,,,,,,23.76587,86.406547
2026-07-23 01:00:00,N10,,,,,,,23.76587,86.406547
2026-07-23 02:00:00,N10,0.049,0.007213,7.6,10.7436,0.001537,23.4,23.76587,86.406547
2026-07-23 03:00:00,N10,,,,,,,23.76587,86.406547
2026-07-23 04:00:00,N10,-0.0053,0.005778,8.43,10.7475,0.002076,26.2,23.76587,86.406547
2026-07-23 05:00:00,N10,,,,,,,23.76587,86.406547
2026-07-23 06:00:00,N10,,,,,,,23.76587,86.406547
2026-07-23 07:00:00,N10,,,,,,,23.76587,86.406547
2026-07-23 08:00:00,N10,,,,,,,23.76587,86.406547
2026-07-23 09:00:00,N10,-0.1285,0.005008,5.69,10.7592,0.001461,35.2,23.76587,86.406547
2026-07-23 10:00:00,N10,,,,,,,23.76587,86.406547
2026-07-23 11:00:00,N10,,,,,,,23.76587,86.406547
2026-07-23 12:00:00,N10,,,,,,,23.76587,86.406547
2026-07-23 13:00:00,N10,0.0685,0.008787,9.08,10.7662,0.001428,37.2,23.76587,86.406547
2026-07-23 14:00:00,N10,0.2104,0.007434,3.56,10.7678,0.002145,36.4,23.76587,86.406547
2026-07-23 15:00:00,N10,0.0301,0.005654,7.97,10.7705,0.002254,35.2,23.76587,86.406547
2026-07-23 16:00:00,N10,,,,,,,23.76587,86.406547
2026-07-23 17:00:00,N10,,,,,,,23.76587,86.406547
2026-07-23 18:00:00,N10,,,,,,,23.76587,86.406547
2026-07-23 19:00:00,N10,-0.0784,0.005638,7.26,10.7797,0.001615,28.0,23.76587,86.406547
2026-07-23 20:00:00,N10,0.0874,0.006767,2.44,10.7813,0.001776,26.2,23.76587,86.406547
2026-07-23 21:00:00,N10,-0.2492,0.005767,9.38,10.7833,0.002016,24.6,23.76587,86.406547
2026-07-23 22:00:00,N10,-0.1195,0.007521,4.83,10.7853,0.002431,23.4,23.76587,86.406547
2026-07-23 23:00:00,N10,0.0758,0.006537,7.56,10.7882,0.002191,22.7,23.76587,86.406547
2026-07-24 00:00:00,N10,-0.2369,0.009257,9.1,10.7897,0.001908,26.4,23.76587,86.406547
2026-07-24 01:00:00,N10,-0.2017,0.008053,1.24,10.792,0.002431,26.7,23.76587,86.406547
2026-07-24 02:00:00,N10,-0.1197,0.006503,4.83,10.7946,0.002245,27.4,23.76587,86.406547
2026-07-24 03:00:00,N10,-0.0824,0.005254,2.85,10.7965,0.002432,28.6,23.76587,86.406547
2026-07-24 04:00:00,N10,-0.0995,0.005312,2.56,10.7994,0.002173,30.2,23.76587,86.406547
2026-07-24 05:00:00,N10,,,,,,,23.76587,86.406547
2026-07-24 06:00:00,N10,,,,,,,23.76587,86.406547
2026-07-24 07:00:00,N10,,,,,,,23.76587,86.406547
2026-07-24 08:00:00,N10,-0.1299,0.912331,15.18,10.7776,0.001568,37.7,23.76587,86.406547
2026-07-24 09:00:00,N10,0.2159,0.877314,17.97,10.7907,0.016391,39.2,23.76587,86.406547
2026-07-24 10:00:00,N10,-0.0547,0.006445,1.42,10.8103,0.010851,40.4,23.76587,86.406547
2026-07-24 11:00:00,N10,0.1001,0.005874,7.29,10.8124,0.002488,41.2,23.76587,86.406547
2026-07-24 12:00:00,N10,-0.1197,0.007605,9.19,10.8153,0.002708,41.4,23.76587,86.406547
2026-07-24 13:00:00,N10,-0.1297,0.009323,9.96,10.8178,0.002228,41.2,23.76587,86.406547
2026-07-24 14:00:00,N10,0.0158,0.005597,2.04,10.8198,0.001752,40.4,23.76587,86.406547
2026-07-24 15:00:00,N10,-0.2208,0.007954,4.8,10.8213,0.001547,39.2,23.76587,86.406547
2026-07-24 16:00:00,N10,0.1168,0.005262,8.93,10.8229,0.001896,37.7,23.76587,86.406547
2026-07-24 17:00:00,N10,-0.0619,0.00682,5.85,10.8251,0.002292,35.9,23.76587,86.406547
2026-07-24 18:00:00,N10,,,,,,,23.76587,86.406547
2026-07-24 19:00:00,N10,,,,,,,23.76587,86.406547
2026-07-24 20:00:00,N10,,,,,,,23.76587,86.406547
2026-07-24 21:00:00,N10,,,,,,,23.76587,86.406547
2026-07-24 22:00:00,N10,,,,,,,23.76587,86.406547
2026-07-24 23:00:00,N10,,,,,,,23.76587,86.406547
2026-07-25 00:00:00,N10,,,,,,,23.76587,86.406547
2026-07-25 01:00:00,N10,,,,,,,23.76587,86.406547
2026-07-25 02:00:00,N10,,,,,,,23.76587,86.406547
2026-07-25 03:00:00,N10,,,,,,,23.76587,86.406547
2026-07-25 04:00:00,N10,0.1903,0.006515,6.55,10.8467,0.00096,29.2,23.76587,86.406547
2026-07-25 05:00:00,N10,0.1021,0.007083,9.9,10.8475,0.001163,31.0,23.76587,86.406547
2026-07-25 06:00:00,N10,0.1126,0.007553,3.33,10.849,0.001893,33.0,23.76587,86.406547
2026-07-25 07:00:00,N10,0.0774,0.006572,7.55,10.8513,0.001972,34.9,23.76587,86.406547
2026-07-25 08:00:00,N10,-0.0109,0.006063,5.96,10.853,0.00156,36.7,23.76587,86.406547
2026-07-25 09:00:00,N10,0.0961,0.0064,4.7,10.8544,0.001683,38.3,23.76587,86.406547
2026-07-25 10:00:00,N10,0.2308,0.008326,5.58,10.8564,0.006787,39.5,23.76587,86.406547
2026-07-25 11:00:00,N10,0.0265,0.747758,34.49,10.868,0.002472,40.2,23.76587,86.406547
2026-07-25 12:00:00,N10,,,,,,,23.76587,86.406547
2026-07-25 13:00:00,N10,,,,,,,23.76587,86.406547
2026-07-25 14:00:00,N10,,,,,,,23.76587,86.406547
2026-07-25 15:00:00,N10,,,,,,,23.76587,86.406547
2026-07-25 16:00:00,N10,,,,,,,23.76587,86.406547
2026-07-25 17:00:00,N10,,,,,,,23.76587,86.406547
2026-07-25 18:00:00,N10,,,,,,,23.76587,86.406547
2026-07-25 19:00:00,N10,,,,,,,23.76587,86.406547
2026-07-25 20:00:00,N10,-0.0082,0.005629,1.4,10.8777,0.002399,29.2,23.76587,86.406547
2026-07-25 21:00:00,N10,,,,,,,23.76587,86.406547
2026-07-25 22:00:00,N10,,,,,,,23.76587,86.406547
2026-07-25 23:00:00,N10,,,,,,,23.76587,86.406547
2026-07-26 00:00:00,N10,,,,,,,23.76587,86.406547
2026-07-26 01:00:00,N10,,,,,,,23.76587,86.406547
2026-07-26 02:00:00,N10,0.0046,0.005047,3.58,10.891,0.002009,24.8,23.76587,86.406547
2026-07-26 03:00:00,N10,-0.0912,0.00725,2.68,10.8927,0.001943,26.0,23.76587,86.406547
2026-07-26 04:00:00,N10,,,,,,,23.76587,86.406547
2026-07-26 05:00:00,N10,,,,,,,23.76587,86.406547
2026-07-26 06:00:00,N10,,,,,,,23.76587,86.406547
2026-07-26 07:00:00,N10,0.0589,0.683147,42.28,10.9183,0.006014,33.2,23.76587,86.406547
2026-07-26 08:00:00,N10,0.0108,0.006,1.42,10.9036,0.006275,35.0,23.76587,86.406547
2026-07-26 09:00:00,N10,0.2076,0.006776,2.13,10.9057,0.002242,36.6,23.76587,86.406547
2026-07-26 10:00:00,N10,-0.0829,0.007688,2.93,10.9081,0.001812,37.8,23.76587,86.406547
2026-07-26 11:00:00,N10,-0.06,0.00753,3.45,10.9093,0.001897,38.5,23.76587,86.406547
2026-07-26 12:00:00,N10,0.0832,0.005123,2.86,10.9119,0.004506,38.8,23.76587,86.406547
2026-07-26 13:00:00,N10,0.0681,0.744176,47.65,10.9003,0.005479,38.5,23.76587,86.406547
2026-07-26 14:00:00,N10,0.228,0.501407,16.34,10.9009,0.00694,37.8,23.76587,86.406547
2026-07-26 15:00:00,N10,-0.0819,0.007097,1.03,10.9142,0.006602,36.6,23.76587,86.406547
2026-07-26 16:00:00,N10,0.0712,0.006659,1.15,10.9141,0.000305,35.0,23.76587,86.406547
2026-07-26 17:00:00,N10,0.2808,0.006364,7.84,10.9148,0.000749,33.2,23.76587,86.406547
2026-07-26 18:00:00,N10,-0.0741,0.008944,9.9,10.9156,0.00057,31.3,23.76587,86.406547
2026-07-26 19:00:00,N10,-0.2685,0.008488,3.51,10.916,0.000149,29.3,23.76587,86.406547
2026-07-26 20:00:00,N10,0.0508,0.005416,7.22,10.9159,0.000282,27.5,23.76587,86.406547
2026-07-26 21:00:00,N10,-0.09,0.005802,2.34,10.9154,1.3e-05,26.0,23.76587,86.406547
2026-07-26 22:00:00,N10,,,,,,,23.76587,86.406547
2026-07-26 23:00:00,N10,,,,,,,23.76587,86.406547
2026-07-27 00:00:00,N10,,,,,,,23.76587,86.406547
2026-07-27 01:00:00,N10,,,,,,,23.76587,86.406547
2026-07-27 02:00:00,N10,0.0782,0.007751,8.59,10.9172,0.000826,28.9,23.76587,86.406547
2026-07-27 03:00:00,N10,-0.2245,0.006206,3.62,10.918,0.000516,30.1,23.76587,86.406547
2026-07-27 04:00:00,N10,0.1716,0.006033,7.51,10.9183,0.000395,31.7,23.76587,86.406547
2026-07-27 05:00:00,N10,0.1528,0.006564,4.97,10.9188,0.000222,33.5,23.76587,86.406547
2026-07-27 06:00:00,N10,0.0485,0.006364,3.09,10.9187,0.005838,35.4,23.76587,86.406547
2026-07-27 07:00:00,N10,,,,,,,23.76587,86.406547
2026-07-27 08:00:00,N10,,,,,,,23.76587,86.406547
2026-07-27 09:00:00,N10,,,,,,,23.76587,86.406547
2026-07-27 10:00:00,N10,-0.1035,0.006481,7.89,10.921,0.000459,41.9,23.76587,86.406547
2026-07-27 11:00:00,N10,0.0235,0.006445,3.94,10.9209,0.000285,42.6,23.76587,86.406547
2026-07-27 12:00:00,N10,-0.2369,0.008062,2.01,10.9204,0.000142,42.9,23.76587,86.406547
2026-07-27 13:00:00,N10,-0.0538,0.008497,1.07,10.9206,0.000545,42.6,23.76587,86.406547
2026-07-27 14:00:00,N10,,,,,,,23.76587,86.406547
2026-07-27 15:00:00,N10,,,,,,,23.76587,86.406547
2026-07-27 16:00:00,N10,,,,,,,23.76587,86.406547
2026-07-27 17:00:00,N10,,,,,,,23.76587,86.406547
2026-07-27 18:00:00,N10,,,,,,,23.76587,86.406547
2026-07-27 19:00:00,N10,0.069,0.008539,3.77,10.9228,9.1e-05,33.5,23.76587,86.406547
2026-07-27 20:00:00,N10,-0.3411,0.005385,6.62,10.9228,4.7e-05,31.7,23.76587,86.406547
2026-07-27 21:00:00,N10,-0.1795,0.006301,8.33,10.9229,0.000403,30.1,23.76587,86.406547
2026-07-27 22:00:00,N10,-0.1271,0.005685,3.37,10.9236,0.000958,28.9,23.76587,86.406547
2026-07-27 23:00:00,N10,-0.0749,0.005339,9.57,10.9248,0.000646,28.2,23.76587,86.406547
2026-07-28 00:00:00,N10,0.0246,0.009397,2.8,10.9249,0.000306,24.1,23.76587,86.406547
2026-07-28 01:00:00,N10,-0.0611,0.005303,7.93,10.9254,0.000679,24.4,23.76587,86.406547
2026-07-28 02:00:00,N10,-0.0498,0.007726,1.79,10.9263,0.000723,25.1,23.76587,86.406547
2026-07-28 03:00:00,N10,-0.0743,0.006872,9.72,10.9269,0.000297,26.3,23.76587,86.406547
2026-07-28 04:00:00,N10,,,,,,,23.76587,86.406547
2026-07-28 05:00:00,N10,,,,,,,23.76587,86.406547
2026-07-28 06:00:00,N10,,,,,,,23.76587,86.406547
2026-07-28 07:00:00,N10,,,,,,,23.76587,86.406547
2026-07-28 08:00:00,N10,,,,,,,23.76587,86.406547
2026-07-28 09:00:00,N10,0.0325,0.006864,1.45,10.9294,0.000529,36.9,23.76587,86.406547
2026-07-28 10:00:00,N10,0.0709,0.005272,1.06,10.9301,0.005925,38.1,23.76587,86.406547
2026-07-28 11:00:00,N10,-0.2425,0.527122,37.78,10.9176,0.006091,38.9,23.76587,86.406547
2026-07-28 12:00:00,N10,-0.106,0.885443,22.5,10.918,0.006577,39.1,23.76587,86.406547
2026-07-28 13:00:00,N10,-0.2203,0.009755,3.15,10.9307,0.006389,38.9,23.76587,86.406547
2026-07-28 14:00:00,N10,0.0923,0.008988,4.98,10.9307,0.000409,38.1,23.76587,86.406547
2026-07-28 15:00:00,N10,0.1543,0.006179,8.67,10.9315,1.6e-05,36.9,23.76587,86.406547
2026-07-28 16:00:00,N10,0.0539,0.005828,8.78,10.9307,0.000203,35.4,23.76587,86.406547
2026-07-28 17:00:00,N10,0.0427,0.006143,4.17,10.9319,0.000961,33.6,23.76587,86.406547
2026-07-28 18:00:00,N10,0.2326,0.005208,4.12,10.9326,0.000456,31.6,23.76587,86.406547
2026-07-28 19:00:00,N10,-0.1248,0.005695,9.37,10.9328,0.000183,29.7,23.76587,86.406547
2026-07-28 20:00:00,N10,0.0782,0.007032,9.62,10.9323,7.3e-05,27.9,23.76587,86.406547
2026-07-28 21:00:00,N10,-0.1014,0.010597,6.49,10.9327,0.000542,26.3,23.76587,86.406547
2026-07-28 22:00:00,N10,0.2661,0.00634,2.05,10.9334,0.000741,25.1,23.76587,86.406547
2026-07-28 23:00:00,N10,,,,,,,23.76587,86.406547
2026-07-29 00:00:00,N10,,,,,,,23.76587,86.406547
2026-07-29 01:00:00,N10,0.1039,0.007923,9.54,10.9339,8.6e-05,25.3,23.76587,86.406547
2026-07-29 02:00:00,N10,,,,,,,23.76587,86.406547
2026-07-29 03:00:00,N10,,,,,,,23.76587,86.406547
2026-07-29 04:00:00,N10,,,,,,,23.76587,86.406547
2026-07-29 05:00:00,N10,,,,,,,23.76587,86.406547
2026-07-29 06:00:00,N10,,,,,,,23.76587,86.406547
2026-07-29 07:00:00,N10,-0.1532,0.007303,1.28,10.9356,0.000608,34.5,23.76587,86.406547
2026-07-29 08:00:00,N10,0.0022,0.005069,5.42,10.9365,0.000632,36.3,23.76587,86.406547
2026-07-29 09:00:00,N10,,,,,,,23.76587,86.406547
2026-07-29 10:00:00,N10,,,,,,,23.76587,86.406547
2026-07-29 11:00:00,N10,,,,,,,23.76587,86.406547
2026-07-29 12:00:00,N10,-0.0148,0.005555,2.33,10.9393,0.000822,40.1,23.76587,86.406547
2026-07-29 13:00:00,N10,-0.0078,0.006962,2.29,10.9397,0.003471,39.8,23.76587,86.406547
2026-07-29 14:00:00,N10,0.1856,0.600215,46.98,10.9324,0.003044,39.1,23.76587,86.406547
2026-07-29 15:00:00,N10,0.164,0.502102,45.39,10.9336,0.00469,37.9,23.76587,86.406547
2026-07-29 16:00:00,N10,-0.0823,0.005152,6.5,10.9418,0.004258,36.3,23.76587,86.406547
2026-07-29 17:00:00,N10,0.0745,0.005712,6.79,10.9421,7.7e-05,34.5,23.76587,86.406547
2026-07-29 18:00:00,N10,0.0502,0.005966,6.72,10.9416,0.000233,32.6,23.76587,86.406547
2026-07-29 19:00:00,N10,-0.0645,0.00799,7.67,10.9416,0.000474,30.6,23.76587,86.406547
2026-07-29 20:00:00,N10,-0.0883,0.006679,6.07,10.9426,0.000705,28.8,23.76587,86.406547
2026-07-29 21:00:00,N10,,,,,,,23.76587,86.406547
2026-07-29 22:00:00,N10,,,,,,,23.76587,86.406547
2026-07-29 23:00:00,N10,-0.1329,0.005817,2.38,10.9436,0.000119,25.3,23.76587,86.406547
2026-07-30 00:00:00,N10,-0.0492,0.006321,8.97,10.9437,0.00049,25.5,23.76587,86.406547
2026-07-30 01:00:00,N10,,,,,,,23.76587,86.406547
2026-07-30 02:00:00,N10,0.1823,0.00523,9.49,10.9449,0.000333,26.5,23.76587,86.406547
2026-07-30 03:00:00,N10,0.2413,0.007763,4.11,10.9452,0.000341,27.7,23.76587,86.406547
2026-07-30 04:00:00,N10,-0.1466,0.00677,9.02,10.9456,0.000505,29.3,23.76587,86.406547
2026-07-30 05:00:00,N10,,,,,,,23.76587,86.406547
2026-07-30 06:00:00,N10,,,,,,,23.76587,86.406547
2026-07-30 07:00:00,N10,,,,,,,23.76587,86.406547
2026-07-30 08:00:00,N10,-0.1321,0.006861,6.56,10.9457,0.006861,36.8,23.76587,86.406547
2026-07-30 09:00:00,N10,-0.172,0.00761,6.54,10.945,0.000129,38.3,23.76587,86.406547
2026-07-30 10:00:00,N10,,,,,,,23.76587,86.406547
2026-07-30 11:00:00,N10,-0.076,0.005865,6.23,10.9462,0.000873,40.3,23.76587,86.406547
2026-07-30 12:00:00,N10,-0.1798,0.005029,2.79,10.9472,0.001042,40.5,23.76587,86.406547
2026-07-30 13:00:00,N10,,,,,,,23.76587,86.406547
2026-07-30 14:00:00,N10,,,,,,,23.76587,86.406547
2026-07-30 15:00:00,N10,,,,,,,23.76587,86.406547
2026-07-30 16:00:00,N10,-0.1799,0.008324,8.84,10.9494,0.000564,36.8,23.76587,86.406547
2026-07-30 17:00:00,N10,0.0528,0.006253,4.06,10.95,0.000364,35.0,23.76587,86.406547
2026-07-30 18:00:00,N10,0.1978,0.005276,4.62,10.9501,0.000465,33.0,23.76587,86.406547
2026-07-30 19:00:00,N10,-0.0507,0.005701,9.03,10.9509,0.000865,31.1,23.76587,86.406547
2026-07-30 20:00:00,N10,-0.1163,0.005256,9.25,10.9518,0.000853,29.3,23.76587,86.406547
2026-07-30 21:00:00,N10,0.1217,0.005645,5.39,10.9526,0.00054,27.7,23.76587,86.406547
2026-07-30 22:00:00,N10,-0.0139,0.005231,9.12,10.9529,0.000148,26.5,23.76587,86.406547
2026-07-30 23:00:00,N10,0.133,0.005391,1.89,10.9529,0.000279,25.8,23.76587,86.406547
2026-07-31 00:00:00,N10,-0.0371,0.007826,6.62,10.9535,0.000573,23.8,23.76587,86.406547
2026-07-31 01:00:00,N10,-0.2336,0.00602,1.33,10.9541,0.000122,24.0,23.76587,86.406547
2026-07-31 02:00:00,N10,0.1572,0.005713,1.05,10.9537,0.000307,24.8,23.76587,86.406547
2026-07-31 03:00:00,N10,-0.2051,0.008138,9.17,10.9534,0.000136,26.0,23.76587,86.406547
2026-07-31 04:00:00,N10,0.1142,0.005828,2.34,10.9534,0.000213,27.5,23.76587,86.406547
2026-07-31 05:00:00,N10,-0.0178,0.006774,2.07,10.9539,0.000326,29.3,23.76587,86.406547
2026-07-31 06:00:00,N10,,,,,,,23.76587,86.406547
2026-07-31 07:00:00,N10,,,,,,,23.76587,86.406547
2026-07-31 08:00:00,N10,,,,,,,23.76587,86.406547
2026-07-31 09:00:00,N10,,,,,,,23.76587,86.406547
2026-07-31 10:00:00,N10,,,,,,,23.76587,86.406547
2026-07-31 11:00:00,N10,,,,,,,23.76587,86.406547
2026-07-31 12:00:00,N10,-0.2322,0.006295,9.51,10.9584,0.003454,38.8,23.76587,86.406547
2026-07-31 13:00:00,N10,0.271,0.005599,1.37,10.9577,0.000189,38.5,23.76587,86.406547
2026-07-31 14:00:00,N10,0.1419,0.007043,4.07,10.958,0.006639,37.8,23.76587,86.406547
2026-07-31 15:00:00,N10,0.1008,0.751642,42.07,10.9445,0.00068,36.6,23.76587,86.406547
2026-07-31 16:00:00,N10,-0.0123,0.006735,4.01,10.9594,0.007525,35.0,23.76587,86.406547
2026-07-31 17:00:00,N10,0.0913,0.006231,5.17,10.9595,0.000182,33.2,23.76587,86.406547
2026-07-31 18:00:00,N10,-0.129,0.006608,8.58,10.959,0.000517,31.3,23.76587,86.406547
2026-07-31 19:00:00,N10,-0.0297,0.006256,7.95,10.9585,0.000139,29.3,23.76587,86.406547
2026-07-31 20:00:00,N10,,,,,,,23.76587,86.406547
2026-07-31 21:00:00,N10,,,,,,,23.76587,86.406547
2026-07-31 22:00:00,N10,,,,,,,23.76587,86.406547
2026-07-31 23:00:00,N10,0.1299,0.006423,3.91,10.9599,8.1e-05,24.0,23.76587,86.406547
2026-08-01 00:00:00,N10,-0.1235,0.008058,1.33,10.9603,0.0004,25.9,23.76587,86.406547
2026-08-01 01:00:00,N10,0.0195,0.00613,2.93,10.9607,0.000209,26.2,23.76587,86.406547
2026-08-01 02:00:00,N10,0.0155,0.005913,5.82,10.9608,0.000616,26.9,23.76587,86.406547
2026-08-01 03:00:00,N10,0.0437,0.006198,5.91,10.962,0.000495,28.1,23.76587,86.406547
2026-08-01 04:00:00,N10,0.1466,0.006611,4.0,10.9618,0.000483,29.7,23.76587,86.406547
2026-08-01 05:00:00,N10,-0.2311,0.005724,1.59,10.9629,0.001642,31.5,23.76587,86.406547
2026-08-01 06:00:00,N10,-0.1419,0.989642,27.73,10.9585,0.001641,33.4,23.76587,86.406547
2026-08-01 07:00:00,N10,-0.139,0.005793,5.2,10.9662,0.004265,35.4,23.76587,86.406547
2026-08-01 08:00:00,N10,-0.1403,0.005985,5.93,10.967,0.000454,37.2,23.76587,86.406547
2026-08-01 09:00:00,N10,-0.262,0.006979,8.53,10.9671,0.000296,38.7,23.76587,86.406547
2026-08-01 10:00:00,N10,0.0786,0.006838,1.47,10.9676,0.00017,39.9,23.76587,86.406547
2026-08-01 11:00:00,N10,,,,,,,23.76587,86.406547
2026-08-01 12:00:00,N10,,,,,,,23.76587,86.406547
2026-08-01 13:00:00,N10,,,,,,,23.76587,86.406547
2026-08-01 14:00:00,N10,,,,,,,23.76587,86.406547
2026-08-01 15:00:00,N10,,,,,,,23.76587,86.406547
2026-08-01 16:00:00,N10,,,,,,,23.76587,86.406547
2026-08-01 17:00:00,N10,,,,,,,23.76587,86.406547
2026-08-01 18:00:00,N10,,,,,,,23.76587,86.406547
2026-08-01 19:00:00,N10,,,,,,,23.76587,86.406547
2026-08-01 20:00:00,N10,,,,,,,23.76587,86.406547
2026-08-01 21:00:00,N10,-0.2405,0.00531,1.54,10.9679,0.000247,28.1,23.76587,86.406547
2026-08-01 22:00:00,N10,0.347,0.006455,7.99,10.9678,9.3e-05,26.9,23.76587,86.406547
2026-08-01 23:00:00,N10,-0.2862,0.006154,6.71,10.9678,0.000261,26.2,23.76587,86.406547
2026-08-02 00:00:00,N10,-0.008,0.00568,2.03,10.9672,1.4e-05,23.9,23.76587,86.406547
2026-08-02 01:00:00,N10,,,,,,,23.76587,86.406547
2026-08-02 02:00:00,N10,,,,,,,23.76587,86.406547
2026-08-02 03:00:00,N10,,,,,,,23.76587,86.406547
2026-08-02 04:00:00,N10,-0.0337,0.006008,9.58,10.9683,0.000526,27.7,23.76587,86.406547
2026-08-02 05:00:00,N10,-0.1803,0.006251,1.78,10.9696,0.000915,29.5,23.76587,86.406547
2026-08-02 06:00:00,N10,0.032,0.006145,6.7,10.9701,0.006988,31.4,23.76587,86.406547
2026-08-02 07:00:00,N10,-0.1942,0.808026,15.01,10.9556,0.000339,33.4,23.76587,86.406547
2026-08-02 08:00:00,N10,,,,,,,23.76587,86.406547
2026-08-02 09:00:00,N10,-0.0283,0.005501,7.0,10.9714,0.00042,36.7,23.76587,86.406547
2026-08-02 10:00:00,N10,0.1882,0.008763,8.58,10.9716,0.000665,37.9,23.76587,86.406547
2026-08-02 11:00:00,N10,0.0376,0.005746,5.16,10.9727,0.000264,38.7,23.76587,86.406547
2026-08-02 12:00:00,N10,0.1564,0.00623,7.54,10.9722,5.4e-05,38.9,23.76587,86.406547
2026-08-02 13:00:00,N10,,,,,,,23.76587,86.406547
2026-08-02 14:00:00,N10,0.1028,0.008975,5.57,10.973,0.008939,37.9,23.76587,86.406547
2026-08-02 15:00:00,N10,-0.0129,0.86835,26.82,10.9548,0.008523,36.7,23.76587,86.406547
2026-08-02 16:00:00,N10,-0.0999,0.723858,41.38,10.9559,0.003634,35.2,23.76587,86.406547
2026-08-02 17:00:00,N10,0.0415,0.768451,34.23,10.962,0.010125,33.4,23.76587,86.406547
2026-08-02 18:00:00,N10,0.0021,0.006685,2.85,10.9762,0.007313,31.4,23.76587,86.406547
2026-08-02 19:00:00,N10,-0.002,0.005533,3.6,10.9767,0.000118,29.5,23.76587,86.406547
2026-08-02 20:00:00,N10,0.0942,0.00657,5.32,10.9759,0.000172,27.7,23.76587,86.406547
2026-08-02 21:00:00,N10,-0.1348,0.007381,8.92,10.9763,0.000813,26.1,23.76587,86.406547
2026-08-02 22:00:00,N10,-0.19,0.005183,9.17,10.9775,0.000791,24.9,23.76587,86.406547
2026-08-02 23:00:00,N10,,,,,,,23.76587,86.406547
2026-08-03 00:00:00,N10,,,,,,,23.76587,86.406547
2026-08-03 01:00:00,N10,-0.1496,0.007617,9.09,10.9778,3.7e-05,24.4,23.76587,86.406547
2026-08-03 02:00:00,N10,-0.0681,0.006329,9.01,10.978,0.000256,25.2,23.76587,86.406547
2026-08-03 03:00:00,N10,-0.2398,0.005278,2.07,10.9783,1.2e-05,26.4,23.76587,86.406547
2026-08-03 04:00:00,N10,,,,,,,23.76587,86.406547
2026-08-03 05:00:00,N10,,,,,,,23.76587,86.406547
2026-08-03 06:00:00,N10,,,,,,,23.76587,86.406547
2026-08-03 07:00:00,N10,,,,,,,23.76587,86.406547
2026-08-03 08:00:00,N10,0.2207,0.006738,3.8,10.9802,0.000724,35.4,23.76587,86.406547
2026-08-03 09:00:00,N10,-0.1914,0.00743,7.2,10.9806,0.000296,37.0,23.76587,86.406547
2026-08-03 10:00:00,N10,-0.2457,0.005791,1.48,10.9808,0.000609,38.2,23.76587,86.406547
2026-08-03 11:00:00,N10,-0.0735,0.006124,2.72,10.9818,0.000596,38.9,23.76587,86.406547
2026-08-03 12:00:00,N10,0.0086,0.00725,1.41,10.982,0.000225,39.2,23.76587,86.406547
2026-08-03 13:00:00,N10,0.0755,0.006828,3.31,10.9823,0.003397,38.9,23.76587,86.406547
2026-08-03 14:00:00,N10,0.0635,0.521526,27.53,10.9752,0.003831,38.2,23.76587,86.406547
2026-08-03 15:00:00,N10,-0.0041,0.837345,22.9,10.9899,0.006971,37.0,23.76587,86.406547
2026-08-03 16:00:00,N10,,,,,,,23.76587,86.406547
2026-08-03 17:00:00,N10,,,,,,,23.76587,86.406547
2026-08-03 18:00:00,N10,,,,,,,23.76587,86.406547
2026-08-03 19:00:00,N10,,,,,,,23.76587,86.406547
2026-08-03 20:00:00,N10,,,,,,,23.76587,86.406547
2026-08-03 21:00:00,N10,,,,,,,23.76587,86.406547
2026-08-03 22:00:00,N10,,,,,,,23.76587,86.406547
2026-08-03 23:00:00,N10,,,,,,,23.76587,86.406547
2026-08-04 00:00:00,N10,,,,,,,23.76587,86.406547
2026-08-04 01:00:00,N10,-0.0596,0.005874,9.89,10.9838,0.000253,28.0,23.76587,86.406547
2026-08-04 02:00:00,N10,-0.0371,0.008646,5.82,10.984,0.000641,28.7,23.76587,86.406547
2026-08-04 03:00:00,N10,,,,,,,23.76587,86.406547
2026-08-04 04:00:00,N10,,,,,,,23.76587,86.406547
2026-08-04 05:00:00,N10,0.3512,0.005584,8.3,10.9862,0.00045,33.3,23.76587,86.406547
2026-08-04 06:00:00,N10,0.2296,0.009118,4.14,10.9864,0.000107,35.2,23.76587,86.406547
2026-08-04 07:00:00,N10,0.2574,0.006007,7.57,10.986,0.000344,37.2,23.76587,86.406547
2026-08-04 08:00:00,N10,0.1673,0.006968,9.16,10.9871,0.001013,39.0,23.76587,86.406547
2026-08-04 09:00:00,N10,0.0489,0.009562,2.86,10.988,0.000265,40.5,23.76587,86.406547
2026-08-04 10:00:00,N10,0.0845,0.005025,2.32,10.9876,9e-06,41.7,23.76587,86.406547
2026-08-04 11:00:00,N10,0.1515,0.005074,5.16,10.988,0.000451,42.5,23.76587,86.406547
2026-08-04 12:00:00,N10,-0.1509,0.005782,2.87,10.9885,0.008978,42.7,23.76587,86.406547
2026-08-04 13:00:00,N10,-0.0796,0.803505,31.88,10.97,0.000476,42.5,23.76587,86.406547
2026-08-04 14:00:00,N10,-0.2468,0.006924,2.13,10.9895,0.009816,41.7,23.76587,86.406547
2026-08-04 15:00:00,N10,-0.0309,0.005548,3.06,10.9897,0.00025,40.5,23.76587,86.406547
2026-08-04 16:00:00,N10,,,,,,,23.76587,86.406547
2026-08-04 17:00:00,N10,,,,,,,23.76587,86.406547
2026-08-04 18:00:00,N10,,,,,,,23.76587,86.406547
2026-08-04 19:00:00,N10,,,,,,,23.76587,86.406547
2026-08-04 20:00:00,N10,-0.0182,0.006001,5.88,10.9917,0.000361,31.5,23.76587,86.406547
2026-08-04 21:00:00,N10,0.0557,0.005935,6.5,10.9921,0.000331,29.9,23.76587,86.406547
2026-08-04 22:00:00,N10,0.2101,0.005281,3.26,10.9924,0.000388,28.7,23.76587,86.406547
2026-08-04 23:00:00,N10,0.0873,0.009154,1.28,10.9928,0.000151,28.0,23.76587,86.406547
2026-08-05 00:00:00,N10,-0.1612,0.008478,2.42,10.9927,0.000197,22.9,23.76587,86.406547
2026-08-05 01:00:00,N10,-0.2509,0.007039,9.31,10.9932,0.000487,23.2,23.76587,86.406547
2026-08-05 02:00:00,N10,0.0508,0.006883,4.65,10.9937,0.000913,23.9,23.76587,86.406547
2026-08-05 03:00:00,N10,0.0612,0.005141,6.14,10.9951,0.000434,25.1,23.76587,86.406547
2026-08-05 04:00:00,N10,0.0753,0.007185,5.3,10.9945,0.00042,26.7,23.76587,86.406547
2026-08-05 05:00:00,N10,,,,,,,23.76587,86.406547
2026-08-05 06:00:00,N10,,,,,,,23.76587,86.406547
2026-08-05 07:00:00,N10,,,,,,,23.76587,86.406547
2026-08-05 08:00:00,N10,,,,,,,23.76587,86.406547
2026-08-05 09:00:00,N10,,,,,,,23.76587,86.406547
2026-08-05 10:00:00,N10,,,,,,,23.76587,86.406547
2026-08-05 11:00:00,N10,,,,,,,23.76587,86.406547
2026-08-05 12:00:00,N10,,,,,,,23.76587,86.406547
2026-08-05 13:00:00,N10,,,,,,,23.76587,86.406547
2026-08-05 14:00:00,N10,0.0375,0.710365,27.25,11.0054,0.004485,36.9,23.76587,86.406547
2026-08-05 15:00:00,N10,0.4046,0.793588,46.54,11.0056,0.00458,35.7,23.76587,86.406547
2026-08-05 16:00:00,N10,-0.217,0.005738,2.1,10.9962,0.004629,34.2,23.76587,86.406547
2026-08-05 17:00:00,N10,-0.2083,0.005098,9.04,10.9964,0.000108,32.4,23.76587,86.406547
2026-08-05 18:00:00,N10,-0.2282,0.006072,5.43,10.9964,0.000123,30.4,23.76587,86.406547
2026-08-05 19:00:00,N10,0.1749,0.006685,2.88,10.9961,0.000263,28.5,23.76587,86.406547
2026-08-05 20:00:00,N10,0.1275,0.008747,5.65,10.9969,0.000345,26.7,23.76587,86.406547
2026-08-05 21:00:00,N10,-0.189,0.006964,8.15,10.9968,0.000226,25.1,23.76587,86.406547
2026-08-05 22:00:00,N10,,,,,,,23.76587,86.406547
2026-08-05 23:00:00,N10,,,,,,,23.76587,86.406547
2026-08-06 00:00:00,N10,,,,,,,23.76587,86.406547
2026-08-06 01:00:00,N10,0.0845,0.006309,5.21,10.9975,4e-05,20.4,23.76587,86.406547
2026-08-06 02:00:00,N10,-0.216,0.007192,4.77,10.9978,0.000338,21.2,23.76587,86.406547
2026-08-06 03:00:00,N10,-0.0609,0.006145,5.68,10.9982,0.000681,22.4,23.76587,86.406547
2026-08-06 04:00:00,N10,,,,,,,23.76587,86.406547
2026-08-06 05:00:00,N10,0.0908,0.006325,6.52,10.9987,0.008633,25.7,23.76587,86.406547
2026-08-06 06:00:00,N10,-0.059,0.622279,33.13,11.0165,0.004712,27.7,23.76587,86.406547
2026-08-06 07:00:00,N10,0.0514,0.658146,16.64,11.0081,0.010618,29.6,23.76587,86.406547
2026-08-06 08:00:00,N10,0.0167,0.953622,39.95,10.9952,0.003458,31.4,23.76587,86.406547
2026-08-06 09:00:00,N10,0.0679,0.008424,5.4,11.0012,0.003112,33.0,23.76587,86.406547
2026-08-06 10:00:00,N10,0.2572,0.00693,1.29,11.0015,8.2e-05,34.2,23.76587,86.406547
2026-08-06 11:00:00,N10,,,,,,,23.76587,86.406547
2026-08-06 12:00:00,N10,,,,,,,23.76587,86.406547
2026-08-06 13:00:00,N10,,,,,,,23.76587,86.406547
2026-08-06 14:00:00,N10,0.0206,0.005783,5.9,11.0025,0.000362,34.2,23.76587,86.406547
2026-08-06 15:00:00,N10,-0.0314,0.009253,3.64,11.003,0.000214,33.0,23.76587,86.406547
2026-08-06 16:00:00,N10,-0.0401,0.006755,3.43,11.0029,0.000117,31.4,23.76587,86.406547
2026-08-06 17:00:00,N10,,,,,,,23.76587,86.406547
2026-08-06 18:00:00,N10,,,,,,,23.76587,86.406547
2026-08-06 19:00:00,N10,-0.1816,0.005675,6.84,11.0046,0.001045,25.7,23.76587,86.406547
2026-08-06 20:00:00,N10,-0.0193,0.005268,8.05,11.0059,0.001325,23.9,23.76587,86.406547
2026-08-06 21:00:00,N10,0.1396,0.006655,7.72,11.0072,0.00094,22.4,23.76587,86.406547
2026-08-06 22:00:00,N10,0.159,0.006927,2.13,11.0078,0.000341,21.2,23.76587,86.406547
2026-08-06 23:00:00,N10,-0.0221,0.005759,4.89,11.0079,0.000381,20.4,23.76587,86.406547
2026-08-07 00:00:00,N10,,,,,,,23.76587,86.406547
2026-08-07 01:00:00,N10,,,,,,,23.76587,86.406547
2026-08-07 02:00:00,N10,,,,,,,23.76587,86.406547
2026-08-07 03:00:00,N10,,,,,,,23.76587,86.406547
2026-08-07 04:00:00,N10,0.1482,0.006573,2.45,11.0112,0.000305,32.0,23.76587,86.406547
2026-08-07 05:00:00,N10,-0.0724,0.005369,8.08,11.0109,0.00608,33.8,23.76587,86.406547
2026-08-07 06:00:00,N10,-0.0003,0.905443,48.31,10.9991,0.005818,35.7,23.76587,86.406547
2026-08-07 07:00:00,N10,,,,,,,23.76587,86.406547
2026-08-07 08:00:00,N10,0.0755,0.0051,7.05,11.0116,0.016292,39.5,23.76587,86.406547
2026-08-07 09:00:00,N10,,,,,,,23.76587,86.406547
2026-08-07 10:00:00,N10,,,,,,,23.76587,86.406547
2026-08-07 11:00:00,N10,-0.1736,0.00702,5.23,11.0125,0.00933,43.0,23.76587,86.406547
2026-08-07 12:00:00,N10,0.1441,0.007063,5.18,11.0129,0.000498,43.2,23.76587,86.406547
2026-08-07 13:00:00,N10,0.0731,0.006727,3.17,11.0135,0.000268,43.0,23.76587,86.406547
2026-08-07 14:00:00,N10,-0.2253,0.008837,3.56,11.0134,0.007738,42.2,23.76587,86.406547
2026-08-07 15:00:00,N10,0.1387,0.608291,45.77,11.029,0.001292,41.0,23.76587,86.406547
2026-08-07 16:00:00,N10,0.0035,0.008702,5.02,11.016,0.006265,39.5,23.76587,86.406547
2026-08-07 17:00:00,N10,-0.0887,0.005491,3.89,11.0165,0.000701,37.7,23.76587,86.406547
2026-08-07 18:00:00,N10,0.0263,0.006479,4.67,11.0174,0.000644,35.7,23.76587,86.406547
2026-08-07 19:00:00,N10,0.013,0.006728,5.49,11.0178,0.000231,33.8,23.76587,86.406547
2026-08-07 20:00:00,N10,,,,,,,23.76587,86.406547
2026-08-07 21:00:00,N10,,,,,,,23.76587,86.406547
2026-08-07 22:00:00,N10,,,,,,,23.76587,86.406547
2026-08-07 23:00:00,N10,,,,,,,23.76587,86.406547
2026-08-08 00:00:00,N10,0.0876,0.007177,1.17,11.019,9.1e-05,30.1,23.76587,86.406547
2026-08-08 01:00:00,N10,-0.3382,0.007099,8.69,11.0198,0.000344,30.4,23.76587,86.406547
2026-08-08 02:00:00,N10,,,,,,,23.76587,86.406547
2026-08-08 03:00:00,N10,,,,,,,23.76587,86.406547
2026-08-08 04:00:00,N10,,,,,,,23.76587,86.406547
2026-08-08 05:00:00,N10,,,,,,,23.76587,86.406547
2026-08-08 06:00:00,N10,,,,,,,23.76587,86.406547
2026-08-08 07:00:00,N10,,,,,,,23.76587,86.406547
2026-08-08 08:00:00,N10,,,,,,,23.76587,86.406547
2026-08-08 09:00:00,N10,,,,,,,23.76587,86.406547
2026-08-08 10:00:00,N10,,,,,,,23.76587,86.406547
2026-08-08 11:00:00,N10,,,,,,,23.76587,86.406547
2026-08-08 12:00:00,N10,,,,,,,23.76587,86.406547
2026-08-08 13:00:00,N10,,,,,,,23.76587,86.406547
2026-08-08 14:00:00,N10,-0.008,0.006373,8.11,11.0224,0.000385,44.1,23.76587,86.406547
2026-08-08 15:00:00,N10,0.2148,0.006451,1.9,11.0227,0.00059,42.9,23.76587,86.406547
2026-08-08 16:00:00,N10,0.3974,0.005279,3.81,11.0236,0.000667,41.3,23.76587,86.406547
2026-08-08 17:00:00,N10,0.2397,0.005491,9.67,11.024,0.000195,39.5,23.76587,86.406547
2026-08-08 18:00:00,N10,,,,,,,23.76587,86.406547
2026-08-08 19:00:00,N10,,,,,,,23.76587,86.406547
2026-08-08 20:00:00,N10,-0.1097,0.006024,2.69,11.0248,0.000725,33.8,23.76587,86.406547
2026-08-08 21:00:00,N10,0.2353,0.005603,8.3,11.0254,0.000224,32.3,23.76587,86.406547
2026-08-08 22:00:00,N10,-0.0572,0.00608,5.06,11.0253,0.0002,31.1,23.76587,86.406547
2026-08-08 23:00:00,N10,0.0971,0.007829,7.87,11.0258,0.000512,30.4,23.76587,86.406547
2026-08-09 00:00:00,N10,,,,,,,23.76587,86.406547
2026-08-09 01:00:00,N10,,,,,,,23.76587,86.406547
2026-08-09 02:00:00,N10,,,,,,,23.76587,86.406547
2026-08-09 03:00:00,N10,,,,,,,23.76587,86.406547
2026-08-09 04:00:00,N10,,,,,,,23.76587,86.406547
2026-08-09 05:00:00,N10,-0.2073,0.006454,1.01,11.0277,0.000369,29.7,23.76587,86.406547
2026-08-09 06:00:00,N10,,,,,,,23.76587,86.406547
2026-08-09 07:00:00,N10,,,,,,,23.76587,86.406547
2026-08-09 08:00:00,N10,,,,,,,23.76587,86.406547
2026-08-09 09:00:00,N10,,,,,,,23.76587,86.406547
2026-08-09 10:00:00,N10,,,,,,,23.76587,86.406547
2026-08-09 11:00:00,N10,0.0579,0.006121,8.37,11.0308,0.000559,38.9,23.76587,86.406547
2026-08-09 12:00:00,N10,-0.2556,0.007246,8.48,11.0307,0.000277,39.2,23.76587,86.406547
2026-08-09 13:00:00,N10,-0.0265,0.005769,7.46,11.0313,0.000411,38.9,23.76587,86.406547
2026-08-09 14:00:00,N10,-0.1475,0.009533,9.62,11.0315,0.000608,38.2,23.76587,86.406547
2026-08-09 15:00:00,N10,-0.0719,0.007511,3.59,11.0325,0.000203,37.0,23.76587,86.406547
2026-08-09 16:00:00,N10,0.1205,0.006563,5.0,11.0319,0.006833,35.4,23.76587,86.406547
2026-08-09 17:00:00,N10,0.3464,0.974908,21.17,11.0462,0.002895,33.6,23.76587,86.406547
2026-08-09 18:00:00,N10,,,,,,,23.76587,86.406547
2026-08-09 19:00:00,N10,,,,,,,23.76587,86.406547
2026-08-09 20:00:00,N10,0.1412,0.006601,5.2,11.0306,0.000543,27.9,23.76587,86.406547
2026-08-09 21:00:00,N10,,,,,,,23.76587,86.406547
2026-08-09 22:00:00,N10,,,,,,,23.76587,86.406547
2026-08-09 23:00:00,N10,,,,,,,23.76587,86.406547
2026-08-10 00:00:00,N10,,,,,,,23.76587,86.406547
2026-08-10 01:00:00,N10,,,,,,,23.76587,86.406547
2026-08-10 02:00:00,N10,-0.1842,0.006783,6.88,11.0335,0.000635,22.1,23.76587,86.406547
2026-08-10 03:00:00,N10,-0.0424,0.006337,9.95,11.0344,0.000864,23.3,23.76587,86.406547
2026-08-10 04:00:00,N10,0.0033,0.007095,9.73,11.0353,0.000731,24.9,23.76587,86.406547
2026-08-10 05:00:00,N10,0.0891,0.005127,5.74,11.0358,0.000883,26.7,23.76587,86.406547
2026-08-10 06:00:00,N10,,,,,,,23.76587,86.406547
2026-08-10 07:00:00,N10,0.0961,0.005013,3.25,11.0375,0.000607,30.6,23.76587,86.406547
2026-08-10 08:00:00,N10,-0.0515,0.00587,4.34,11.0382,0.000286,32.4,23.76587,86.406547
2026-08-10 09:00:00,N10,-0.3082,0.006819,4.73,11.0381,0.000441,33.9,23.76587,86.406547
2026-08-10 10:00:00,N10,-0.0248,0.006629,4.55,11.0391,0.000858,35.1,23.76587,86.406547
2026-08-10 11:00:00,N10,0.0654,0.00931,7.46,11.0398,0.000563,35.9,23.76587,86.406547
2026-08-10 12:00:00,N10,0.3539,0.005836,9.7,11.0402,0.000685,36.1,23.76587,86.406547
2026-08-10 13:00:00,N10,0.0473,0.009232,5.69,11.0412,0.001066,35.9,23.76587,86.406547
2026-08-10 14:00:00,N10,-0.0959,0.006787,7.77,11.0424,0.000711,35.1,23.76587,86.406547
2026-08-10 15:00:00,N10,0.2615,0.005832,7.14,11.0426,0.00835,33.9,23.76587,86.406547
2026-08-10 16:00:00,N10,0.1023,0.605608,29.69,11.0257,0.000193,32.4,23.76587,86.406547
2026-08-10 17:00:00,N10,0.2593,0.009361,7.97,11.043,0.008966,30.6,23.76587,86.406547
2026-08-10 18:00:00,N10,,,,,,,23.76587,86.406547
2026-08-10 19:00:00,N10,,,,,,,23.76587,86.406547
2026-08-10 20:00:00,N10,,,,,,,23.76587,86.406547
2026-08-10 21:00:00,N10,,,,,,,23.76587,86.406547
2026-08-10 22:00:00,N10,,,,,,,23.76587,86.406547
2026-08-10 23:00:00,N10,-0.2311,0.005936,8.52,11.0451,0.000145,21.4,23.76587,86.406547
2026-08-11 00:00:00,N10,0.1269,0.006424,2.06,11.0451,0.000205,24.4,23.76587,86.406547
2026-08-11 01:00:00,N10,-0.0915,0.007203,3.72,11.0455,0.000347,24.6,23.76587,86.406547
2026-08-11 02:00:00,N10,0.0372,0.005248,7.73,11.0458,0.000481,25.4,23.76587,86.406547
2026-08-11 03:00:00,N10,,,,,,,23.76587,86.406547
2026-08-11 04:00:00,N10,,,,,,,23.76587,86.406547
2026-08-11 05:00:00,N10,,,,,,,23.76587,86.406547
2026-08-11 06:00:00,N10,0.1249,0.007841,4.14,11.0454,6e-05,31.9,23.76587,86.406547
2026-08-11 07:00:00,N10,0.0695,0.005123,6.84,11.0456,0.000255,33.8,23.76587,86.406547
2026-08-11 08:00:00,N10,0.1019,0.006464,2.41,11.0459,0.000402,35.6,23.76587,86.406547
2026-08-11 09:00:00,N10,0.0483,0.007194,2.52,11.0464,0.000532,37.2,23.76587,86.406547
2026-08-11 10:00:00,N10,-0.0609,0.006508,3.22,11.0469,0.000388,38.4,23.76587,86.406547
2026-08-11 11:00:00,N10,-0.1426,0.007055,3.56,11.0472,0.000283,39.1,23.76587,86.406547
2026-08-11 12:00:00,N10,,,,,,,23.76587,86.406547
2026-08-11 13:00:00,N10,0.084,0.009559,9.42,11.0477,0.008816,39.1,23.76587,86.406547
2026-08-11 14:00:00,N10,-0.0907,0.6408,25.22,11.0651,0.009045,38.4,23.76587,86.406547
2026-08-11 15:00:00,N10,,,,,,,23.76587,86.406547
2026-08-11 16:00:00,N10,,,,,,,23.76587,86.406547
2026-08-11 17:00:00,N10,0.1303,0.005036,4.06,11.0511,0.000471,33.8,23.76587,86.406547
2026-08-11 18:00:00,N10,-0.0341,0.005747,5.06,11.0514,0.000155,31.9,23.76587,86.406547
2026-08-11 19:00:00,N10,-0.0038,0.005637,3.74,11.0514,9.7e-05,29.9,23.76587,86.406547
2026-08-11 20:00:00,N10,-0.284,0.006778,5.36,11.0516,0.000311,28.1,23.76587,86.406547
2026-08-11 21:00:00,N10,-0.1635,0.009867,7.97,11.052,0.000651,26.6,23.76587,86.406547
2026-08-11 22:00:00,N10,0.0256,0.009656,9.45,11.0529,0.000424,25.4,23.76587,86.406547
2026-08-11 23:00:00,N10,-0.1596,0.005072,2.21,11.0529,0.000253,24.6,23.76587,86.406547
2026-08-12 00:00:00,N10,-0.1008,0.005865,2.43,11.0534,0.000239,24.4,23.76587,86.406547
2026-08-12 01:00:00,N10,-0.0253,0.005215,8.05,11.0534,0.000134,24.7,23.76587,86.406547
2026-08-12 02:00:00,N10,-0.0627,0.006722,3.26,11.0537,0.00049,25.4,23.76587,86.406547
2026-08-12 03:00:00,N10,0.0272,0.005929,8.23,11.0543,0.000726,26.6,23.76587,86.406547
2026-08-12 04:00:00,N10,0.04,0.005353,8.12,11.0551,1.2e-05,28.2,23.76587,86.406547
2026-08-12 05:00:00,N10,0.1103,0.008002,5.71,11.0543,0.000171,30.0,23.76587,86.406547
2026-08-12 06:00:00,N10,0.1847,0.006201,7.54,11.0548,0.000591,31.9,23.76587,86.406547
2026-08-12 07:00:00,N10,0.0557,0.006235,9.5,11.0555,0.000382,33.9,23.76587,86.406547
2026-08-12 08:00:00,N10,0.0713,0.00618,9.36,11.0555,0.000169,35.7,23.76587,86.406547
2026-08-12 09:00:00,N10,,,,,,,23.76587,86.406547
2026-08-12 10:00:00,N10,,,,,,,23.76587,86.406547
2026-08-12 11:00:00,N10,,,,,,,23.76587,86.406547
2026-08-12 12:00:00,N10,,,,,,,23.76587,86.406547
2026-08-12 13:00:00,N10,0.0989,0.005114,8.83,11.057,0.005994,39.2,23.76587,86.406547
2026-08-12 14:00:00,N10,-0.0432,0.895352,29.05,11.0446,0.009047,38.4,23.76587,86.406547
2026-08-12 15:00:00,N10,-0.2072,0.836316,46.59,11.0389,0.003696,37.2,23.76587,86.406547
2026-08-12 16:00:00,N10,-0.26,0.960797,36.93,11.052,0.005976,35.7,23.76587,86.406547
2026-08-12 17:00:00,N10,0.0861,0.911078,31.14,11.0509,0.003011,33.9,23.76587,86.406547
2026-08-12 18:00:00,N10,0.1909,0.008665,2.42,11.058,0.003222,31.9,23.76587,86.406547
2026-08-12 19:00:00,N10,0.3391,0.00509,2.75,11.0573,0.000143,30.0,23.76587,86.406547
2026-08-12 20:00:00,N10,0.1296,0.007517,8.41,11.0577,0.000248,28.2,23.76587,86.406547
2026-08-12 21:00:00,N10,0.0272,0.005744,4.4,11.0578,0.000444,26.6,23.76587,86.406547
2026-08-12 22:00:00,N10,-0.016,0.008147,6.15,11.0586,0.000648,25.4,23.76587,86.406547
2026-08-12 23:00:00,N10,-0.1179,0.010652,3.83,11.0591,0.000416,24.7,23.76587,86.406547
2026-08-13 00:00:00,N10,0.0831,0.00552,1.39,11.0594,0.00013,24.6,23.76587,86.406547
2026-08-13 01:00:00,N10,0.022,0.008154,5.47,11.0594,7.2e-05,24.9,23.76587,86.406547
2026-08-13 02:00:00,N10,0.1572,0.005718,9.05,11.0596,0.000325,25.6,23.76587,86.406547
2026-08-13 03:00:00,N10,-0.189,0.006693,8.04,11.06,0.000512,26.8,23.76587,86.406547
2026-08-13 04:00:00,N10,-0.0179,0.008254,5.14,11.0606,0.000508,28.4,23.76587,86.406547
2026-08-13 05:00:00,N10,-0.1118,0.005481,5.85,11.061,0.000101,30.2,23.76587,86.406547
2026-08-13 06:00:00,N10,0.3651,0.005055,7.75,11.0608,0.009653,32.1,23.76587,86.406547
2026-08-13 07:00:00,N10,0.1076,0.985147,15.66,11.0803,6.9e-05,34.1,23.76587,86.406547
2026-08-13 08:00:00,N10,-0.0232,0.005165,8.14,11.0609,0.009592,35.9,23.76587,86.406547
2026-08-13 09:00:00,N10,,,,,,,23.76587,86.406547
2026-08-13 10:00:00,N10,,,,,,,23.76587,86.406547
2026-08-13 11:00:00,N10,,,,,,,23.76587,86.406547
2026-08-13 12:00:00,N10,,,,,,,23.76587,86.406547
2026-08-13 13:00:00,N10,-0.0484,0.009365,4.81,11.0617,0.00033,39.4,23.76587,86.406547
2026-08-13 14:00:00,N10,0.041,0.007254,6.88,11.0623,0.00044,38.6,23.76587,86.406547
2026-08-13 15:00:00,N10,,,,,,,23.76587,86.406547
2026-08-13 16:00:00,N10,,,,,,,23.76587,86.406547
2026-08-13 17:00:00,N10,-0.0509,0.00683,5.49,11.0634,0.00044,34.1,23.76587,86.406547
2026-08-13 18:00:00,N10,-0.0053,0.005958,4.47,11.0635,0.000249,32.1,23.76587,86.406547
2026-08-13 19:00:00,N10,-0.2161,0.005754,2.59,11.0639,0.000534,30.2,23.76587,86.406547
2026-08-13 20:00:00,N10,-0.0381,0.00741,9.27,11.0646,0.000404,28.4,23.76587,86.406547
2026-08-13 21:00:00,N10,0.0041,0.007165,9.6,11.0647,0.000556,26.8,23.76587,86.406547
2026-08-13 22:00:00,N10,0.1569,0.005796,9.98,11.0657,0.000595,25.6,23.76587,86.406547
2026-08-13 23:00:00,N10,0.3551,0.007386,1.68,11.0659,0.000699,24.9,23.76587,86.406547
2026-08-14 00:00:00,N10,-0.1031,0.006345,7.12,11.0671,0.00125,22.8,23.76587,86.406547
2026-08-14 01:00:00,N10,0.1733,0.007383,4.3,11.0684,0.00097,23.0,23.76587,86.406547
2026-08-14 02:00:00,N10,,,,,,,23.76587,86.406547
2026-08-14 03:00:00,N10,,,,,,,23.76587,86.406547
2026-08-14 04:00:00,N10,,,,,,,23.76587,86.406547
2026-08-14 05:00:00,N10,,,,,,,23.76587,86.406547
2026-08-14 06:00:00,N10,,,,,,,23.76587,86.406547
2026-08-14 07:00:00,N10,-0.1051,0.005741,5.36,11.0697,0.000145,32.2,23.76587,86.406547
2026-08-14 08:00:00,N10,-0.1277,0.005911,7.63,11.0695,0.000276,34.0,23.76587,86.406547
2026-08-14 09:00:00,N10,-0.132,0.006875,6.36,11.0691,0.000105,35.6,23.76587,86.406547
2026-08-14 10:00:00,N10,,,,,,,23.76587,86.406547
2026-08-14 11:00:00,N10,,,,,,,23.76587,86.406547
2026-08-14 12:00:00,N10,,,,,,,23.76587,86.406547
2026-08-14 13:00:00,N10,,,,,,,23.76587,86.406547
2026-08-14 14:00:00,N10,,,,,,,23.76587,86.406547
2026-08-14 15:00:00,N10,-0.0322,0.748085,29.82,11.0576,0.00756,35.6,23.76587,86.406547
2026-08-14 16:00:00,N10,-0.3203,0.007136,7.89,11.0717,0.007625,34.0,23.76587,86.406547
2026-08-14 17:00:00,N10,,,,,,,23.76587,86.406547
2026-08-14 18:00:00,N10,,,,,,,23.76587,86.406547
2026-08-14 19:00:00,N10,,,,,,,23.76587,86.406547
2026-08-14 20:00:00,N10,,,,,,,23.76587,86.406547
2026-08-14 21:00:00,N10,-0.0793,0.006222,7.35,11.0738,0.00015,25.0,23.76587,86.406547
2026-08-14 22:00:00,N10,0.0129,0.007703,9.34,11.0735,2.6e-05,23.8,23.76587,86.406547
2026-08-14 23:00:00,N10,0.2746,0.009518,7.83,11.0737,0.000126,23.0,23.76587,86.406547
2026-08-15 00:00:00,N10,0.0671,0.00616,1.79,11.0737,0.00014,26.2,23.76587,86.406547
2026-08-15 01:00:00,N10,-0.0748,0.005183,9.18,11.074,0.000159,26.4,23.76587,86.406547
2026-08-15 02:00:00,N10,-0.0019,0.005823,2.43,11.074,1.5e-05,27.2,23.76587,86.406547
2026-08-15 03:00:00,N10,-0.1133,0.006568,5.12,11.074,0.00014,28.4,23.76587,86.406547
2026-08-15 04:00:00,N10,0.1603,0.005019,1.09,11.0743,1.8e-05,29.9,23.76587,86.406547
2026-08-15 05:00:00,N10,0.032,0.007815,3.36,11.0739,0.006424,31.7,23.76587,86.406547
2026-08-15 06:00:00,N10,-0.0523,0.614865,26.52,11.0615,0.000207,33.7,23.76587,86.406547
2026-08-15 07:00:00,N10,0.0527,0.007545,4.48,11.0743,0.006628,35.6,23.76587,86.406547
2026-08-15 08:00:00,N10,0.1041,0.007321,8.99,11.0747,0.000432,37.4,23.76587,86.406547
2026-08-15 09:00:00,N10,-0.1657,0.007186,1.75,11.0752,0.000424,39.0,23.76587,86.406547
2026-08-15 10:00:00,N10,-0.0926,0.005232,9.41,11.0756,0.007433,40.2,23.76587,86.406547
2026-08-15 11:00:00,N10,-0.0965,0.927322,19.3,11.0603,0.000616,40.9,23.76587,86.406547
2026-08-15 12:00:00,N10,,,,,,,23.76587,86.406547
2026-08-15 13:00:00,N10,,,,,,,23.76587,86.406547
2026-08-15 14:00:00,N10,,,,,,,23.76587,86.406547
2026-08-15 15:00:00,N10,,,,,,,23.76587,86.406547
2026-08-15 16:00:00,N10,0.2841,0.839662,26.69,11.0723,0.003765,37.4,23.76587,86.406547
2026-08-15 17:00:00,N10,0.0751,0.008937,5.08,11.0795,0.003983,35.6,23.76587,86.406547
2026-08-15 18:00:00,N10,-0.1156,0.005659,4.97,11.0803,0.000427,33.7,23.76587,86.406547
2026-08-15 19:00:00,N10,-0.0813,0.00955,2.56,11.0804,0.000306,31.7,23.76587,86.406547
2026-08-15 20:00:00,N10,-0.1428,0.007383,3.44,11.0809,0.000304,29.9,23.76587,86.406547
2026-08-15 21:00:00,N10,0.1141,0.006889,2.02,11.081,0.000143,28.4,23.76587,86.406547
2026-08-15 22:00:00,N10,,,,,,,23.76587,86.406547
2026-08-15 23:00:00,N10,,,,,,,23.76587,86.406547
2026-08-16 00:00:00,N10,,,,,,,23.76587,86.406547
2026-08-16 01:00:00,N10,,,,,,,23.76587,86.406547
2026-08-16 02:00:00,N10,0.0803,0.006293,1.55,11.0847,0.000597,27.1,23.76587,86.406547
2026-08-16 03:00:00,N10,0.3447,0.006955,9.09,11.085,0.000239,28.2,23.76587,86.406547
2026-08-16 04:00:00,N10,-0.2485,0.005602,7.58,11.0852,0.000306,29.8,23.76587,86.406547
2026-08-16 05:00:00,N10,0.0239,0.006085,8.96,11.0856,6e-06,31.6,23.76587,86.406547
2026-08-16 06:00:00,N10,-0.3039,0.006101,9.24,11.0852,0.000174,33.5,23.76587,86.406547
2026-08-16 07:00:00,N10,-0.3574,0.005624,5.58,11.0859,0.000244,35.5,23.76587,86.406547
2026-08-16 08:00:00,N10,,,,,,,23.76587,86.406547
2026-08-16 09:00:00,N10,-0.0293,0.807502,38.25,11.0943,0.000736,38.9,23.76587,86.406547
2026-08-16 10:00:00,N10,0.2009,0.007963,9.72,11.0871,0.00306,40.0,23.76587,86.406547
2026-08-16 11:00:00,N10,0.1602,0.006389,4.69,11.0882,0.000481,40.8,23.76587,86.406547
2026-08-16 12:00:00,N10,-0.1476,0.008198,8.0,11.0881,9.1e-05,41.0,23.76587,86.406547
2026-08-16 13:00:00,N10,0.1335,0.008265,8.0,11.0884,0.00028,40.8,23.76587,86.406547
2026-08-16 14:00:00,N10,0.1092,0.005064,8.79,11.0887,0.000319,40.0,23.76587,86.406547
2026-08-16 15:00:00,N10,0.2376,0.008799,9.15,11.089,0.000332,38.9,23.76587,86.406547
2026-08-16 16:00:00,N10,0.258,0.006756,2.41,11.0893,4.5e-05,37.3,23.76587,86.406547
2026-08-16 17:00:00,N10,0.1309,0.009508,4.48,11.0891,0.000187,35.5,23.76587,86.406547
2026-08-16 18:00:00,N10,-0.0884,0.005504,1.16,11.089,0.000384,33.5,23.76587,86.406547
2026-08-16 19:00:00,N10,-0.1772,0.00812,9.93,11.0899,0.000804,31.6,23.76587,86.406547
2026-08-16 20:00:00,N10,,,,,,,23.76587,86.406547
2026-08-16 21:00:00,N10,,,,,,,23.76587,86.406547
2026-08-16 22:00:00,N10,0.1221,0.008475,1.3,11.0915,0.00036,27.1,23.76587,86.406547
2026-08-16 23:00:00,N10,-0.0627,0.005022,3.95,11.0914,6.4e-05,26.3,23.76587,86.406547
2026-08-17 00:00:00,N10,-0.1862,0.005541,2.88,11.0917,0.000771,22.0,23.76587,86.406547
2026-08-17 01:00:00,N10,0.0149,0.005977,7.72,11.0929,0.000571,22.3,23.76587,86.406547
2026-08-17 02:00:00,N10,0.0549,0.006436,1.13,11.0928,0.000515,23.0,23.76587,86.406547
2026-08-17 03:00:00,N10,,,,,,,23.76587,86.406547
2026-08-17 04:00:00,N10,,,,,,,23.76587,86.406547
2026-08-17 05:00:00,N10,,,,,,,23.76587,86.406547
2026-08-17 06:00:00,N10,,,,,,,23.76587,86.406547
2026-08-17 07:00:00,N10,,,,,,,23.76587,86.406547
2026-08-17 08:00:00,N10,,,,,,,23.76587,86.406547
2026-08-17 09:00:00,N10,,,,,,,23.76587,86.406547
2026-08-17 10:00:00,N10,,,,,,,23.76587,86.406547
2026-08-17 11:00:00,N10,,,,,,,23.76587,86.406547
2026-08-17 12:00:00,N10,,,,,,,23.76587,86.406547
2026-08-17 13:00:00,N10,-0.2638,0.774137,47.61,11.1145,0.002097,36.8,23.76587,86.406547
2026-08-17 14:00:00,N10,0.1208,0.845254,44.31,11.1077,0.003268,36.0,23.76587,86.406547
2026-08-17 15:00:00,N10,0.116,0.973981,48.63,11.108,0.004381,34.8,23.76587,86.406547
2026-08-17 16:00:00,N10,0.1335,0.007813,9.98,11.0989,0.004264,33.3,23.76587,86.406547
2026-08-17 17:00:00,N10,0.1051,0.005514,1.57,11.0994,0.00033,31.5,23.76587,86.406547
2026-08-17 18:00:00,N10,-0.1642,0.007112,9.59,11.0996,0.000391,29.5,23.76587,86.406547
2026-08-17 19:00:00,N10,0.1459,0.005576,7.49,11.1002,0.000629,27.6,23.76587,86.406547
2026-08-17 20:00:00,N10,-0.1553,0.00641,2.96,11.1009,0.000733,25.8,23.76587,86.406547
2026-08-17 21:00:00,N10,-0.3785,0.005655,8.66,11.1017,0.000416,24.2,23.76587,86.406547
2026-08-17 22:00:00,N10,-0.0698,0.005748,8.97,11.1017,0.000504,23.0,23.76587,86.406547
2026-08-17 23:00:00,N10,-0.1509,0.005592,1.69,11.1027,0.000776,22.3,23.76587,86.406547
2026-08-18 00:00:00,N10,-0.0551,0.00671,9.01,11.1032,0.000514,26.4,23.76587,86.406547
2026-08-18 01:00:00,N10,-0.0343,0.005456,2.22,11.1037,0.00021,26.7,23.76587,86.406547
2026-08-18 02:00:00,N10,,,,,,,23.76587,86.406547
2026-08-18 03:00:00,N10,,,,,,,23.76587,86.406547
2026-08-18 04:00:00,N10,,,,,,,23.76587,86.406547
2026-08-18 05:00:00,N10,,,,,,,23.76587,86.406547
2026-08-18 06:00:00,N10,-0.1039,0.006439,8.68,11.1047,0.000364,33.9,23.76587,86.406547
2026-08-18 07:00:00,N10,0.1825,0.005355,6.61,11.1049,6.7e-05,35.8,23.76587,86.406547
2026-08-18 08:00:00,N10,0.0688,0.007706,7.96,11.1049,0.000328,37.6,23.76587,86.406547
2026-08-18 09:00:00,N10,,,,,,,23.76587,86.406547
2026-08-18 10:00:00,N10,,,,,,,23.76587,86.406547
2026-08-18 11:00:00,N10,-0.0566,0.006133,3.76,11.1045,4e-05,41.1,23.76587,86.406547
2026-08-18 12:00:00,N10,-0.2959,0.005035,3.74,11.1047,0.007601,41.4,23.76587,86.406547
2026-08-18 13:00:00,N10,,,,,,,23.76587,86.406547
2026-08-18 14:00:00,N10,,,,,,,23.76587,86.406547
2026-08-18 15:00:00,N10,,,,,,,23.76587,86.406547
2026-08-18 16:00:00,N10,,,,,,,23.76587,86.406547
2026-08-18 17:00:00,N10,,,,,,,23.76587,86.406547
2026-08-18 18:00:00,N10,0.1472,0.005504,5.34,11.1067,0.000459,33.9,23.76587,86.406547
2026-08-18 19:00:00,N10,-0.2072,0.006329,9.25,11.1073,0.000309,32.0,23.76587,86.406547
2026-08-18 20:00:00,N10,-0.0581,0.006441,1.66,11.1073,0.000633,30.1,23.76587,86.406547
2026-08-18 21:00:00,N10,-0.2304,0.007491,4.88,11.1061,0.000776,28.6,23.76587,86.406547
2026-08-18 22:00:00,N10,0.0204,0.006258,8.79,11.1057,0.000258,27.4,23.76587,86.406547
2026-08-18 23:00:00,N10,0.3338,0.006223,8.05,11.1066,0.00082,26.7,23.76587,86.406547
2026-08-19 00:00:00,N10,-0.1425,0.006526,2.9,11.1074,0.000785,29.1,23.76587,86.406547
2026-08-19 01:00:00,N10,0.1425,0.007787,1.5,11.1082,0.000491,29.4,23.76587,86.406547
2026-08-19 02:00:00,N10,0.0681,0.005775,9.16,11.1084,0.000354,30.1,23.76587,86.406547
2026-08-19 03:00:00,N10,,,,,,,23.76587,86.406547
2026-08-19 04:00:00,N10,,,,,,,23.76587,86.406547
2026-08-19 05:00:00,N10,0.0819,0.006179,9.4,11.1089,0.000473,34.7,23.76587,86.406547
2026-08-19 06:00:00,N10,0.0402,0.00687,8.15,11.1089,0.000101,36.6,23.76587,86.406547
2026-08-19 07:00:00,N10,0.0521,0.006337,4.1,11.1091,0.007587,38.5,23.76587,86.406547
2026-08-19 08:00:00,N10,-0.124,0.694711,44.81,11.124,0.007683,40.4,23.76587,86.406547
2026-08-19 09:00:00,N10,0.0558,0.77984,42.89,11.1245,0.006643,41.9,23.76587,86.406547
2026-08-19 10:00:00,N10,-0.0222,0.006446,5.22,11.1107,0.007289,43.1,23.76587,86.406547
2026-08-19 11:00:00,N10,-0.0666,0.007,7.51,11.1099,0.000726,43.8,23.76587,86.406547
2026-08-19 12:00:00,N10,-0.3148,0.005649,8.23,11.1093,5.3e-05,44.1,23.76587,86.406547
2026-08-19 13:00:00,N10,,,,,,,23.76587,86.406547
2026-08-19 14:00:00,N10,,,,,,,23.76587,86.406547
2026-08-19 15:00:00,N10,,,,,,,23.76587,86.406547
2026-08-19 16:00:00,N10,,,,,,,23.76587,86.406547
2026-08-19 17:00:00,N10,,,,,,,23.76587,86.406547
2026-08-19 18:00:00,N10,-0.0861,0.005711,5.95,11.1143,0.00069,36.6,23.76587,86.406547
2026-08-19 19:00:00,N10,0.3156,0.005446,8.4,11.1144,0.000321,34.7,23.76587,86.406547
2026-08-19 20:00:00,N10,-0.0897,0.005997,1.51,11.1149,0.000254,32.9,23.76587,86.406547
2026-08-19 21:00:00,N10,0.0125,0.007636,7.91,11.1149,0.000415,31.3,23.76587,86.406547
2026-08-19 22:00:00,N10,-0.0215,0.007277,3.73,11.1157,0.000715,30.1,23.76587,86.406547
2026-08-19 23:00:00,N10,-0.0408,0.005473,3.31,11.1164,0.000376,29.4,23.76587,86.406547
2026-08-20 00:00:00,N10,0.1971,0.005919,3.67,11.1165,7.8e-05,25.3,23.76587,86.406547
2026-08-20 01:00:00,N10,,,,,,,23.76587,86.406547
2026-08-20 02:00:00,N10,,,,,,,23.76587,86.406547
2026-08-20 03:00:00,N10,,,,,,,23.76587,86.406547
2026-08-20 04:00:00,N10,,,,,,,23.76587,86.406547
2026-08-20 05:00:00,N10,,,,,,,23.76587,86.406547
2026-08-20 06:00:00,N10,,,,,,,23.76587,86.406547
2026-08-20 07:00:00,N10,,,,,,,23.76587,86.406547
2026-08-20 08:00:00,N10,,,,,,,23.76587,86.406547
2026-08-20 09:00:00,N10,0.0716,0.008807,9.66,11.1201,0.003186,38.1,23.76587,86.406547
2026-08-20 10:00:00,N10,0.0009,0.007582,3.99,11.1204,0.000382,39.3,23.76587,86.406547
2026-08-20 11:00:00,N10,0.2236,0.005876,7.83,11.1208,0.000298,40.1,23.76587,86.406547
2026-08-20 12:00:00,N10,0.0995,0.006505,3.55,11.121,0.000424,40.3,23.76587,86.406547
2026-08-20 13:00:00,N10,,,,,,,23.76587,86.406547
2026-08-20 14:00:00,N10,,,,,,,23.76587,86.406547
2026-08-20 15:00:00,N10,,,,,,,23.76587,86.406547
2026-08-20 16:00:00,N10,,,,,,,23.76587,86.406547
2026-08-20 17:00:00,N10,,,,,,,23.76587,86.406547
2026-08-20 18:00:00,N10,,,,,,,23.76587,86.406547
2026-08-20 19:00:00,N10,,,,,,,23.76587,86.406547
2026-08-20 20:00:00,N10,,,,,,,23.76587,86.406547
2026-08-20 21:00:00,N10,-0.0762,0.005347,3.13,11.1252,0.000717,27.5,23.76587,86.406547
2026-08-20 22:00:00,N10,-0.308,0.00594,5.49,11.126,0.000697,26.3,23.76587,86.406547
2026-08-20 23:00:00,N10,-0.1306,0.006995,3.44,11.1266,0.000423,25.6,23.76587,86.406547
2026-08-21 00:00:00,N10,-0.0797,0.005395,2.62,11.1268,0.000244,24.3,23.76587,86.406547
2026-08-21 01:00:00,N10,,,,,,,23.76587,86.406547
2026-08-21 02:00:00,N10,,,,,,,23.76587,86.406547
2026-08-21 03:00:00,N10,0.0441,0.006569,6.48,11.1247,0.000449,26.5,23.76587,86.406547
2026-08-21 04:00:00,N10,,,,,,,23.76587,86.406547
2026-08-21 05:00:00,N10,-0.0964,0.00533,8.09,11.1263,0.00034,29.9,23.76587,86.406547
2026-08-21 06:00:00,N10,0.202,0.005687,2.59,11.1266,0.00032,31.8,23.76587,86.406547
2026-08-21 07:00:00,N10,0.0115,0.008548,9.96,11.127,0.000445,33.8,23.76587,86.406547
2026-08-21 08:00:00,N10,0.133,0.007542,9.15,11.1275,0.000718,35.6,23.76587,86.406547
2026-08-21 09:00:00,N10,0.1627,0.006471,8.57,11.1284,0.000717,37.1,23.76587,86.406547
2026-08-21 10:00:00,N10,-0.0061,0.007813,8.08,11.1289,0.000468,38.3,23.76587,86.406547
2026-08-21 11:00:00,N10,0.0838,0.007005,6.94,11.1293,0.000542,39.1,23.76587,86.406547
2026-08-21 12:00:00,N10,-0.08,0.005471,5.21,11.13,0.000106,39.3,23.76587,86.406547
2026-08-21 13:00:00,N10,-0.1374,0.005944,6.12,11.1296,0.000273,39.1,23.76587,86.406547
2026-08-21 14:00:00,N10,-0.0321,0.007274,9.41,11.1295,0.004266,38.3,23.76587,86.406547
2026-08-21 15:00:00,N10,-0.154,0.825017,20.33,11.1381,0.000716,37.1,23.76587,86.406547
2026-08-21 16:00:00,N10,-0.0355,0.005972,6.24,11.1309,0.003716,35.6,23.76587,86.406547
2026-08-21 17:00:00,N10,0.1364,0.006522,1.6,11.1307,0.000192,33.8,23.76587,86.406547
2026-08-21 18:00:00,N10,-0.0929,0.005366,3.29,11.1305,3.8e-05,31.8,23.76587,86.406547
2026-08-21 19:00:00,N10,0.0552,0.005529,8.55,11.1306,0.000384,29.9,23.76587,86.406547
2026-08-21 20:00:00,N10,-0.0386,0.005811,7.98,11.1313,0.000555,28.1,23.76587,86.406547
2026-08-21 21:00:00,N10,0.0144,0.006251,6.15,11.1317,0.000253,26.5,23.76587,86.406547
2026-08-21 22:00:00,N10,0.2235,0.006442,3.32,11.1318,0.000327,25.3,23.76587,86.406547
2026-08-21 23:00:00,N10,0.2806,0.00512,9.12,11.1323,0.000381,24.6,23.76587,86.406547
2026-08-22 00:00:00,N10,-0.2006,0.005513,9.8,11.1325,2e-06,24.7,23.76587,86.406547
2026-08-22 01:00:00,N10,0.0479,0.006801,3.54,11.1323,0.0001,25.0,23.76587,86.406547
2026-08-22 02:00:00,N10,-0.273,0.008831,1.23,11.1327,9.6e-05,25.7,23.76587,86.406547
2026-08-22 03:00:00,N10,0.1613,0.006559,2.03,11.1325,0.000338,26.9,23.76587,86.406547
2026-08-22 04:00:00,N10,0.0253,0.005716,4.16,11.1334,0.000459,28.5,23.76587,86.406547
2026-08-22 05:00:00,N10,0.0434,0.006591,9.72,11.1334,0.000333,30.3,23.76587,86.406547
2026-08-22 06:00:00,N10,-0.4235,0.00577,7.95,11.1341,0.000657,32.2,23.76587,86.406547
2026-08-22 07:00:00,N10,-0.0139,0.005833,3.01,11.1348,0.00069,34.2,23.76587,86.406547
2026-08-22 08:00:00,N10,0.2881,0.006543,1.82,11.1355,0.000495,36.0,23.76587,86.406547
2026-08-22 09:00:00,N10,0.0999,0.005118,9.95,11.1358,0.000242,37.5,23.76587,86.406547
2026-08-22 10:00:00,N10,,,,,,,23.76587,86.406547
2026-08-22 11:00:00,N10,,,,,,,23.76587,86.406547
2026-08-22 12:00:00,N10,,,,,,,23.76587,86.406547
2026-08-22 13:00:00,N10,,,,,,,23.76587,86.406547
2026-08-22 14:00:00,N10,-0.0977,0.005812,2.83,11.1347,1.1e-05,38.7,23.76587,86.406547
2026-08-22 15:00:00,N10,,,,,,,23.76587,86.406547
2026-08-22 16:00:00,N10,0.1321,0.006097,9.83,11.1365,0.00738,36.0,23.76587,86.406547
2026-08-22 17:00:00,N10,-0.049,0.579221,30.66,11.1206,0.007827,34.2,23.76587,86.406547
2026-08-22 18:00:00,N10,-0.1309,0.825168,38.21,11.1209,0.008345,32.2,23.76587,86.406547
2026-08-22 19:00:00,N10,0.0768,0.005928,1.69,11.1373,0.008421,30.3,23.76587,86.406547
2026-08-22 20:00:00,N10,-0.0315,0.009395,3.88,11.1377,0.000215,28.5,23.76587,86.406547
2026-08-22 21:00:00,N10,0.3115,0.008302,2.99,11.1377,8.3e-05,26.9,23.76587,86.406547
2026-08-22 22:00:00,N10,-0.0037,0.006794,8.54,11.1379,0.000609,25.7,23.76587,86.406547
2026-08-22 23:00:00,N10,0.2777,0.00747,6.09,11.1389,0.000543,25.0,23.76587,86.406547
2026-08-23 00:00:00,N10,0.0076,0.00522,9.15,11.139,0.000434,26.2,23.76587,86.406547
2026-08-23 01:00:00,N10,-0.0606,0.006896,8.54,11.1398,0.000869,26.5,23.76587,86.406547
2026-08-23 02:00:00,N10,-0.2169,0.006098,3.99,11.1407,0.000492,27.2,23.76587,86.406547
2026-08-23 03:00:00,N10,0.2624,0.005712,2.91,11.1408,4e-06,28.4,23.76587,86.406547
2026-08-23 04:00:00,N10,0.0125,0.005562,6.05,11.1407,5.4e-05,30.0,23.76587,86.406547
2026-08-23 05:00:00,N10,0.1562,0.00635,8.73,11.1409,0.000292,31.8,23.76587,86.406547
2026-08-23 06:00:00,N10,0.1352,0.005943,3.13,11.1413,0.000265,33.7,23.76587,86.406547
2026-08-23 07:00:00,N10,0.0147,0.005565,3.44,11.1414,0.000243,35.7,23.76587,86.406547
2026-08-23 08:00:00,N10,0.3206,0.009023,5.7,11.1418,0.00294,37.5,23.76587,86.406547
2026-08-23 09:00:00,N10,,,,,,,23.76587,86.406547
2026-08-23 10:00:00,N10,,,,,,,23.76587,86.406547
2026-08-23 11:00:00,N10,,,,,,,23.76587,86.406547
2026-08-23 12:00:00,N10,,,,,,,23.76587,86.406547
2026-08-23 13:00:00,N10,,,,,,,23.76587,86.406547
2026-08-23 14:00:00,N10,0.1695,0.005617,7.0,11.1423,0.000332,40.2,23.76587,86.406547
2026-08-23 15:00:00,N10,,,,,,,23.76587,86.406547
2026-08-23 16:00:00,N10,,,,,,,23.76587,86.406547
2026-08-23 17:00:00,N10,,,,,,,23.76587,86.406547
2026-08-23 18:00:00,N10,,,,,,,23.76587,86.406547
2026-08-23 19:00:00,N10,0.1859,0.006423,9.56,11.1436,0.000551,31.8,23.76587,86.406547
2026-08-23 20:00:00,N10,-0.1364,0.006065,5.42,11.1443,0.00019,30.0,23.76587,86.406547
2026-08-23 21:00:00,N10,,,,,,,23.76587,86.406547
2026-08-23 22:00:00,N10,,,,,,,23.76587,86.406547
2026-08-23 23:00:00,N10,,,,,,,23.76587,86.406547
2026-08-24 00:00:00,N10,,,,,,,23.76587,86.406547
2026-08-24 01:00:00,N10,,,,,,,23.76587,86.406547
2026-08-24 02:00:00,N10,-0.0022,0.007142,8.88,11.1464,0.000262,22.5,23.76587,86.406547
2026-08-24 03:00:00,N10,-0.1686,0.007516,4.24,11.1464,9.9e-05,23.7,23.76587,86.406547
2026-08-24 04:00:00,N10,0.2585,0.006856,4.68,11.1466,0.000789,25.3,23.76587,86.406547
2026-08-24 05:00:00,N10,,,,,,,23.76587,86.406547
2026-08-24 06:00:00,N10,,,,,,,23.76587,86.406547
2026-08-24 07:00:00,N10,,,,,,,23.76587,86.406547
2026-08-24 08:00:00,N10,,,,,,,23.76587,86.406547
2026-08-24 09:00:00,N10,,,,,,,23.76587,86.406547
2026-08-24 10:00:00,N10,-0.1367,0.005906,7.86,11.1512,7.6e-05,35.5,23.76587,86.406547
2026-08-24 11:00:00,N10,,,,,,,23.76587,86.406547
2026-08-24 12:00:00,N10,,,,,,,23.76587,86.406547
2026-08-24 13:00:00,N10,,,,,,,23.76587,86.406547
2026-08-24 14:00:00,N10,0.1035,0.006974,9.23,11.1526,0.000431,35.5,23.76587,86.406547
2026-08-24 15:00:00,N10,-0.2883,0.007302,5.96,11.1533,6e-06,34.3,23.76587,86.406547
2026-08-24 16:00:00,N10,-0.1441,0.005579,4.05,11.1526,0.004374,32.8,23.76587,86.406547
2026-08-24 17:00:00,N10,-0.171,0.998426,44.81,11.1445,0.003711,31.0,23.76587,86.406547
2026-08-24 18:00:00,N10,,,,,,,23.76587,86.406547
2026-08-24 19:00:00,N10,,,,,,,23.76587,86.406547
2026-08-24 20:00:00,N10,0.0907,0.006288,3.72,11.1553,0.000155,25.3,23.76587,86.406547
2026-08-24 21:00:00,N10,-0.1462,0.005783,2.89,11.1547,0.000364,23.7,23.76587,86.406547
2026-08-24 22:00:00,N10,-0.1199,0.005177,9.91,11.156,0.000641,22.5,23.76587,86.406547
2026-08-24 23:00:00,N10,0.046,0.007026,1.9,11.1559,1.3e-05,21.8,23.76587,86.406547
2026-08-25 00:00:00,N10,-0.0748,0.010568,8.34,11.156,0.000201,25.3,23.76587,86.406547
2026-08-25 01:00:00,N10,-0.1991,0.00813,9.14,11.1563,0.00023,25.6,23.76587,86.406547
2026-08-25 02:00:00,N10,0.161,0.008895,2.25,11.1565,0.000411,26.3,23.76587,86.406547
2026-08-25 03:00:00,N10,-0.0183,0.008533,2.51,11.1572,0.000447,27.5,23.76587,86.406547
2026-08-25 04:00:00,N10,-0.054,0.006194,1.47,11.1574,0.000528,29.1,23.76587,86.406547
2026-08-25 05:00:00,N10,-0.2081,0.005894,9.87,11.1582,0.000783,30.9,23.76587,86.406547
2026-08-25 06:00:00,N10,0.1004,0.007554,6.03,11.1589,0.000675,32.8,23.76587,86.406547
2026-08-25 07:00:00,N10,0.0444,0.008105,2.59,11.1596,0.000612,34.8,23.76587,86.406547
2026-08-25 08:00:00,N10,0.2271,0.007559,3.53,11.1602,0.000792,36.6,23.76587,86.406547
2026-08-25 09:00:00,N10,0.0683,0.006502,4.15,11.1612,0.00067,38.1,23.76587,86.406547
2026-08-25 10:00:00,N10,0.2427,0.00538,7.11,11.1615,0.008654,39.3,23.76587,86.406547
2026-08-25 11:00:00,N10,-0.0819,0.584622,23.68,11.1438,0.009049,40.1,23.76587,86.406547
2026-08-25 12:00:00,N10,0.0014,0.59743,49.42,11.1434,0.009223,40.3,23.76587,86.406547
2026-08-25 13:00:00,N10,0.1187,0.00535,2.3,11.1623,0.01003,40.1,23.76587,86.406547
2026-08-25 14:00:00,N10,,,,,,,23.76587,86.406547
2026-08-25 15:00:00,N10,,,,,,,23.76587,86.406547
2026-08-25 16:00:00,N10,,,,,,,23.76587,86.406547
2026-08-25 17:00:00,N10,,,,,,,23.76587,86.406547
2026-08-25 18:00:00,N10,,,,,,,23.76587,86.406547
2026-08-25 19:00:00,N10,,,,,,,23.76587,86.406547
2026-08-25 20:00:00,N10,-0.2488,0.006246,9.27,11.1655,0.000709,29.1,23.76587,86.406547
2026-08-25 21:00:00,N10,-0.1645,0.009614,3.28,11.1663,0.000818,27.5,23.76587,86.406547
2026-08-25 22:00:00,N10,-0.2374,0.009913,4.93,11.1672,0.000503,26.3,23.76587,86.406547
2026-08-25 23:00:00,N10,0.1282,0.006391,1.6,11.1673,1.7e-05,25.6,23.76587,86.406547
2026-08-26 00:00:00,N10,,,,,,,23.76587,86.406547
2026-08-26 01:00:00,N10,,,,,,,23.76587,86.406547
2026-08-26 02:00:00,N10,,,,,,,23.76587,86.406547
2026-08-26 03:00:00,N10,,,,,,,23.76587,86.406547
2026-08-26 04:00:00,N10,,,,,,,23.76587,86.406547
2026-08-26 05:00:00,N10,0.2115,0.00682,7.29,11.1679,0.000627,29.8,23.76587,86.406547
2026-08-26 06:00:00,N10,0.1167,0.006364,7.74,11.1687,0.000314,31.7,23.76587,86.406547
2026-08-26 07:00:00,N10,0.0217,0.008603,9.07,11.1685,0.000279,33.7,23.76587,86.406547
2026-08-26 08:00:00,N10,-0.319,0.007752,9.95,11.1693,0.000206,35.5,23.76587,86.406547
2026-08-26 09:00:00,N10,0.1472,0.007718,7.58,11.1689,0.000465,37.0,23.76587,86.406547
2026-08-26 10:00:00,N10,-0.0858,0.006677,9.35,11.1702,0.001088,38.2,23.76587,86.406547
2026-08-26 11:00:00,N10,0.0558,0.007171,7.18,11.1711,0.000848,39.0,23.76587,86.406547
2026-08-26 12:00:00,N10,-0.0912,0.006175,8.11,11.1719,0.009488,39.2,23.76587,86.406547
2026-08-26 13:00:00,N10,0.1014,0.649955,46.14,11.1521,0.005538,39.0,23.76587,86.406547
2026-08-26 14:00:00,N10,0.0794,0.909799,15.33,11.183,0.01017,38.2,23.76587,86.406547
2026-08-26 15:00:00,N10,-0.0205,0.005254,1.8,11.1725,0.005277,37.0,23.76587,86.406547
2026-08-26 16:00:00,N10,,,,,,,23.76587,86.406547
2026-08-26 17:00:00,N10,,,,,,,23.76587,86.406547
2026-08-26 18:00:00,N10,,,,,,,23.76587,86.406547
2026-08-26 19:00:00,N10,,,,,,,23.76587,86.406547
2026-08-26 20:00:00,N10,,,,,,,23.76587,86.406547
2026-08-26 21:00:00,N10,-0.0909,0.005248,8.31,11.1733,1e-06,26.4,23.76587,86.406547
2026-08-26 22:00:00,N10,0.1143,0.006407,9.06,11.1728,0.000623,25.2,23.76587,86.406547
2026-08-26 23:00:00,N10,-0.2748,0.007526,4.72,11.1721,0.000299,24.5,23.76587,86.406547
2026-08-27 00:00:00,N10,0.0094,0.005232,4.63,11.1722,5.5e-05,28.7,23.76587,86.406547
2026-08-27 01:00:00,N10,-0.3129,0.006046,3.37,11.1722,0.000143,29.0,23.76587,86.406547
2026-08-27 02:00:00,N10,-0.4425,0.006386,3.98,11.1725,1.3e-05,29.7,23.76587,86.406547
2026-08-27 03:00:00,N10,,,,,,,23.76587,86.406547
2026-08-27 04:00:00,N10,,,,,,,23.76587,86.406547
2026-08-27 05:00:00,N10,,,,,,,23.76587,86.406547
2026-08-27 06:00:00,N10,,,,,,,23.76587,86.406547
2026-08-27 07:00:00,N10,-0.1928,0.893179,22.67,11.1881,0.000181,38.1,23.76587,86.406547
2026-08-27 08:00:00,N10,-0.0395,0.005243,9.5,11.1747,0.006484,39.9,23.76587,86.406547
2026-08-27 09:00:00,N10,0.2339,0.00501,8.67,11.1751,0.000628,41.5,23.76587,86.406547
2026-08-27 10:00:00,N10,0.2579,0.00547,8.03,11.176,0.002982,42.7,23.76587,86.406547
2026-08-27 11:00:00,N10,0.0265,0.63294,34.66,11.1692,0.003279,43.4,23.76587,86.406547
2026-08-27 12:00:00,N10,-0.0192,0.520041,25.99,11.1694,0.003452,43.7,23.76587,86.406547
2026-08-27 13:00:00,N10,-0.0257,0.006236,7.74,11.1761,0.002857,43.4,23.76587,86.406547
2026-08-27 14:00:00,N10,-0.0909,0.867616,23.35,11.1637,0.000573,42.7,23.76587,86.406547
2026-08-27 15:00:00,N10,-0.034,0.00501,4.0,11.1772,0.007194,41.5,23.76587,86.406547
2026-08-27 16:00:00,N10,0.0462,0.007304,1.79,11.1781,0.000544,39.9,23.76587,86.406547
2026-08-27 17:00:00,N10,0.0764,0.005237,9.1,11.1783,0.000308,38.1,23.76587,86.406547
2026-08-27 18:00:00,N10,-0.0806,0.005902,3.81,11.1787,0.000174,36.2,23.76587,86.406547
2026-08-27 19:00:00,N10,-0.1629,0.005245,5.01,11.1787,7.5e-05,34.3,23.76587,86.406547
2026-08-27 20:00:00,N10,0.2035,0.008448,1.28,11.1785,5.7e-05,32.4,23.76587,86.406547
2026-08-27 21:00:00,N10,-0.1307,0.005455,4.5,11.1788,0.00012,30.9,23.76587,86.406547
2026-08-27 22:00:00,N10,-0.1628,0.005424,5.7,11.1783,0.000178,29.7,23.76587,86.406547
2026-08-27 23:00:00,N10,0.1746,0.005804,9.16,11.1784,0.000126,29.0,23.76587,86.406547
