timestamp,node_id,tilt_deg,vib_rms,vib_dom_freq_hz,strain_mm,crack_proxy,temp_c,lat,lng
2026-03-01 00:00:00,N03,0.1636,0.005487,1.15,0.0009,3.8e-05,25.9,23.766144,86.414618
2026-03-01 01:00:00,N03,0.3042,0.007192,5.86,0.0009,0.000175,26.1,23.766144,86.414618
2026-03-01 02:00:00,N03,0.1265,0.006199,1.95,0.0013,0.000475,26.9,23.766144,86.414618
2026-03-01 03:00:00,N03,,,,,,,23.766144,86.414618
2026-03-01 04:00:00,N03,,,,,,,23.766144,86.414618
2026-03-01 05:00:00,N03,,,,,,,23.766144,86.414618
2026-03-01 06:00:00,N03,,,,,,,23.766144,86.414618
2026-03-01 07:00:00,N03,-0.0741,0.007351,2.36,0.0026,0.006079,35.3,23.766144,86.414618
2026-03-01 08:00:00,N03,-0.0068,0.513551,49.04,0.0147,0.006106,37.1,23.766144,86.414618
2026-03-01 09:00:00,N03,,,,,,,23.766144,86.414618
2026-03-01 10:00:00,N03,-0.2402,0.006238,2.6,0.0034,0.005439,39.9,23.766144,86.414618
2026-03-01 11:00:00,N03,0.0099,0.005705,5.84,0.004,0.000104,40.6,23.766144,86.414618
2026-03-01 12:00:00,N03,-0.2421,0.008733,2.74,0.0036,0.000156,40.9,23.766144,86.414618
2026-03-01 13:00:00,N03,-0.1121,0.007973,2.25,0.0037,5e-05,40.6,23.766144,86.414618
2026-03-01 14:00:00,N03,-0.1239,0.005688,1.95,0.0037,0.000604,39.9,23.766144,86.414618
2026-03-01 15:00:00,N03,-0.169,0.007426,3.42,0.0049,0.000356,38.7,23.766144,86.414618
2026-03-01 16:00:00,N03,-0.2019,0.00502,6.58,0.0044,0.008948,37.1,23.766144,86.414618
2026-03-01 17:00:00,N03,-0.0778,0.973841,39.89,0.0228,0.008902,35.3,23.766144,86.414618
2026-03-01 18:00:00,N03,0.2672,0.772546,25.32,0.0222,0.009613,33.4,23.766144,86.414618
2026-03-01 19:00:00,N03,0.187,0.006735,8.94,0.0035,0.009514,31.4,23.766144,86.414618
2026-03-01 20:00:00,N03,,,,,,,23.766144,86.414618
2026-03-01 21:00:00,N03,,,,,,,23.766144,86.414618
2026-03-01 22:00:00,N03,,,,,,,23.766144,86.414618
2026-03-01 23:00:00,N03,,,,,,,23.766144,86.414618
2026-03-02 00:00:00,N03,-0.229,0.005109,3.55,0.002,0.000124,26.8,23.766144,86.414618
2026-03-02 01:00:00,N03,-0.1034,0.007534,6.54,0.002,0.00015,27.1,23.766144,86.414618
2026-03-02 02:00:00,N03,0.3699,0.006775,1.91,0.0023,0.000243,27.8,23.766144,86.414618
2026-03-02 03:00:00,N03,0.0615,0.008551,9.59,0.0015,0.000559,29.0,23.766144,86.414618
2026-03-02 04:00:00,N03,-0.1905,0.006016,7.66,0.0012,0.000155,30.5,23.766144,86.414618
2026-03-02 05:00:00,N03,-0.0827,0.006183,5.68,0.0012,0.000181,32.4,23.766144,86.414618
2026-03-02 06:00:00,N03,-0.0347,0.006175,2.38,0.0015,0.000266,34.3,23.766144,86.414618
2026-03-02 07:00:00,N03,-0.1942,0.006986,7.19,0.0018,3.7e-05,36.2,23.766144,86.414618
2026-03-02 08:00:00,N03,-0.2078,0.005563,1.33,0.0016,0.003239,38.0,23.766144,86.414618
2026-03-02 09:00:00,N03,0.035,0.883956,18.84,-0.0047,0.003319,39.6,23.766144,86.414618
2026-03-02 10:00:00,N03,-0.0096,0.79387,49.69,-0.005,0.002963,40.8,23.766144,86.414618
2026-03-02 11:00:00,N03,-0.0552,0.00673,4.09,0.0012,0.002933,41.5,23.766144,86.414618
2026-03-02 12:00:00,N03,0.3438,0.005097,6.1,0.0008,0.000256,41.8,23.766144,86.414618
2026-03-02 13:00:00,N03,0.2305,0.005969,9.11,0.0007,0.000195,41.5,23.766144,86.414618
2026-03-02 14:00:00,N03,0.1209,0.008298,4.74,0.0004,6.3e-05,40.8,23.766144,86.414618
2026-03-02 15:00:00,N03,0.278,0.007142,4.37,0.0008,0.000219,39.6,23.766144,86.414618
2026-03-02 16:00:00,N03,-0.1493,0.008208,3.16,-0.0,0.000143,38.0,23.766144,86.414618
2026-03-02 17:00:00,N03,0.0842,0.005717,7.55,0.0005,0.000256,36.2,23.766144,86.414618
2026-03-02 18:00:00,N03,0.0723,0.005366,2.87,0.0005,0.00021,34.3,23.766144,86.414618
2026-03-02 19:00:00,N03,-0.2057,0.006807,7.2,0.0001,0.000264,32.4,23.766144,86.414618
2026-03-02 20:00:00,N03,0.1252,0.007544,1.13,0.001,0.000508,30.5,23.766144,86.414618
2026-03-02 21:00:00,N03,-0.2072,0.006263,1.15,0.0011,1.9e-05,29.0,23.766144,86.414618
2026-03-02 22:00:00,N03,,,,,,,23.766144,86.414618
2026-03-02 23:00:00,N03,,,,,,,23.766144,86.414618
2026-03-03 00:00:00,N03,0.0214,0.006595,9.49,0.0016,2e-06,24.8,23.766144,86.414618
2026-03-03 01:00:00,N03,0.0558,0.006123,8.61,0.001,0.000413,25.0,23.766144,86.414618
2026-03-03 02:00:00,N03,-0.0231,0.006024,4.51,0.0008,0.000242,25.8,23.766144,86.414618
2026-03-03 03:00:00,N03,0.2352,0.007035,4.31,0.0005,0.00019,27.0,23.766144,86.414618
2026-03-03 04:00:00,N03,0.0237,0.00558,4.45,0.0004,0.00012,28.5,23.766144,86.414618
2026-03-03 05:00:00,N03,-0.1738,0.007032,8.17,0.0007,0.004239,30.3,23.766144,86.414618
2026-03-03 06:00:00,N03,,,,,,,23.766144,86.414618
2026-03-03 07:00:00,N03,,,,,,,23.766144,86.414618
2026-03-03 08:00:00,N03,-0.0495,0.005615,8.17,0.0004,0.004725,36.0,23.766144,86.414618
2026-03-03 09:00:00,N03,,,,,,,23.766144,86.414618
2026-03-03 10:00:00,N03,0.1075,0.005592,4.03,-0.0001,1.5e-05,38.8,23.766144,86.414618
2026-03-03 11:00:00,N03,0.1487,0.005429,5.51,0.0001,0.000261,39.5,23.766144,86.414618
2026-03-03 12:00:00,N03,,,,,,,23.766144,86.414618
2026-03-03 13:00:00,N03,,,,,,,23.766144,86.414618
2026-03-03 14:00:00,N03,,,,,,,23.766144,86.414618
2026-03-03 15:00:00,N03,,,,,,,23.766144,86.414618
2026-03-03 16:00:00,N03,-0.1572,0.736184,19.47,0.0166,0.01746,36.0,23.766144,86.414618
2026-03-03 17:00:00,N03,0.0462,0.550243,23.59,-0.0182,0.017297,34.2,23.766144,86.414618
2026-03-03 18:00:00,N03,0.3022,0.734299,17.24,-0.018,0.00864,32.3,23.766144,86.414618
2026-03-03 19:00:00,N03,-0.0509,0.005646,9.23,-0.0009,0.008887,30.3,23.766144,86.414618
2026-03-03 20:00:00,N03,-0.2455,0.006637,6.56,-0.0002,0.000593,28.5,23.766144,86.414618
2026-03-03 21:00:00,N03,-0.0534,0.006417,5.03,0.0003,6e-06,27.0,23.766144,86.414618
2026-03-03 22:00:00,N03,0.2089,0.006569,9.17,-0.0002,0.000135,25.8,23.766144,86.414618
2026-03-03 23:00:00,N03,-0.0237,0.006035,5.26,0.0,0.000433,25.0,23.766144,86.414618
2026-03-04 00:00:00,N03,-0.0015,0.00619,5.03,0.0007,0.000684,28.0,23.766144,86.414618
2026-03-04 01:00:00,N03,-0.2127,0.008076,5.09,0.0014,0.000494,28.3,23.766144,86.414618
2026-03-04 02:00:00,N03,-0.0551,0.006031,8.75,0.0016,0.000435,29.0,23.766144,86.414618
2026-03-04 03:00:00,N03,-0.1613,0.006502,5.04,0.0023,0.000808,30.2,23.766144,86.414618
2026-03-04 04:00:00,N03,-0.0774,0.005283,5.8,0.0033,0.001028,31.8,23.766144,86.414618
2026-03-04 05:00:00,N03,0.0746,0.007463,6.96,0.0043,0.000595,33.6,23.766144,86.414618
2026-03-04 06:00:00,N03,0.0734,0.005134,2.61,0.0044,0.000526,35.5,23.766144,86.414618
2026-03-04 07:00:00,N03,-0.1053,0.008481,4.61,0.0054,0.000617,37.5,23.766144,86.414618
2026-03-04 08:00:00,N03,-0.0739,0.007093,8.97,0.0057,0.000246,39.3,23.766144,86.414618
2026-03-04 09:00:00,N03,0.2002,0.005189,5.06,0.0049,0.000191,40.8,23.766144,86.414618
2026-03-04 10:00:00,N03,0.0243,0.00866,9.8,0.0053,0.000469,42.0,23.766144,86.414618
2026-03-04 11:00:00,N03,-0.0672,0.008244,9.64,0.0058,0.000375,42.8,23.766144,86.414618
2026-03-04 12:00:00,N03,,,,,,,23.766144,86.414618
2026-03-04 13:00:00,N03,,,,,,,23.766144,86.414618
2026-03-04 14:00:00,N03,-0.1517,0.608305,25.02,0.0211,0.010375,42.0,23.766144,86.414618
2026-03-04 15:00:00,N03,0.2478,0.926711,37.08,0.0001,0.007455,40.8,23.766144,86.414618
2026-03-04 16:00:00,N03,-0.085,0.008483,2.87,0.0062,0.003284,39.3,23.766144,86.414618
2026-03-04 17:00:00,N03,0.2,0.005925,4.49,0.0067,0.00031,37.5,23.766144,86.414618
2026-03-04 18:00:00,N03,,,,,,,23.766144,86.414618
2026-03-04 19:00:00,N03,,,,,,,23.766144,86.414618
2026-03-04 20:00:00,N03,,,,,,,23.766144,86.414618
2026-03-04 21:00:00,N03,,,,,,,23.766144,86.414618
2026-03-04 22:00:00,N03,-0.0223,0.006126,7.17,0.0082,0.000671,29.0,23.766144,86.414618
2026-03-04 23:00:00,N03,0.1489,0.005023,9.93,0.0091,0.000232,28.3,23.766144,86.414618
2026-03-05 00:00:00,N03,0.1964,0.00625,8.33,0.0087,0.000158,25.1,23.766144,86.414618
2026-03-05 01:00:00,N03,-0.348,0.005795,4.04,0.0094,0.000261,25.3,23.766144,86.414618
2026-03-05 02:00:00,N03,-0.0103,0.009192,9.87,0.0092,0.000207,26.1,23.766144,86.414618
2026-03-05 03:00:00,N03,-0.0438,0.006842,6.75,0.009,0.000404,27.3,23.766144,86.414618
2026-03-05 04:00:00,N03,,,,,,,23.766144,86.414618
2026-03-05 05:00:00,N03,0.0948,0.007077,1.89,0.0082,0.000627,30.7,23.766144,86.414618
2026-03-05 06:00:00,N03,-0.1509,0.005663,8.63,0.0072,0.000486,32.6,23.766144,86.414618
2026-03-05 07:00:00,N03,0.0599,0.006121,8.5,0.0072,0.00015,34.5,23.766144,86.414618
2026-03-05 08:00:00,N03,0.1608,0.00516,3.25,0.0069,0.009507,36.3,23.766144,86.414618
2026-03-05 09:00:00,N03,0.0037,0.578943,39.52,-0.0118,0.009881,37.9,23.766144,86.414618
2026-03-05 10:00:00,N03,0.0716,0.548332,23.8,-0.0129,0.008502,39.1,23.766144,86.414618
2026-03-05 11:00:00,N03,0.1635,0.005868,4.82,0.0052,0.005467,39.8,23.766144,86.414618
2026-03-05 12:00:00,N03,-0.2224,0.624287,16.46,-0.002,0.002129,40.1,23.766144,86.414618
2026-03-05 13:00:00,N03,0.0748,0.819257,21.7,0.0095,0.00325,39.8,23.766144,86.414618
2026-03-05 14:00:00,N03,0.0054,0.005775,1.9,0.0045,0.002198,39.1,23.766144,86.414618
2026-03-05 15:00:00,N03,-0.0022,0.007947,4.32,0.0051,0.000268,37.9,23.766144,86.414618
2026-03-05 16:00:00,N03,-0.1121,0.005055,9.35,0.0051,0.000518,36.3,23.766144,86.414618
2026-03-05 17:00:00,N03,,,,,,,23.766144,86.414618
2026-03-05 18:00:00,N03,,,,,,,23.766144,86.414618
2026-03-05 19:00:00,N03,,,,,,,23.766144,86.414618
2026-03-05 20:00:00,N03,,,,,,,23.766144,86.414618
2026-03-05 21:00:00,N03,,,,,,,23.766144,86.414618
2026-03-05 22:00:00,N03,0.2881,0.006584,2.76,0.0061,0.000207,26.1,23.766144,86.414618
2026-03-05 23:00:00,N03,0.042,0.005001,5.36,0.0069,0.000498,25.3,23.766144,86.414618
2026-03-06 00:00:00,N03,0.0645,0.007125,5.68,0.0071,0.000174,27.0,23.766144,86.414618
2026-03-06 01:00:00,N03,-0.0515,0.009782,4.66,0.0072,9.9e-05,27.2,23.766144,86.414618
2026-03-06 02:00:00,N03,,,,,,,23.766144,86.414618
2026-03-06 03:00:00,N03,,,,,,,23.766144,86.414618
2026-03-06 04:00:00,N03,,,,,,,23.766144,86.414618
2026-03-06 05:00:00,N03,,,,,,,23.766144,86.414618
2026-03-06 06:00:00,N03,-0.016,0.00565,3.73,0.0056,0.000158,34.5,23.766144,86.414618
2026-03-06 07:00:00,N03,-0.0687,0.006887,2.84,0.0058,0.00011,36.4,23.766144,86.414618
2026-03-06 08:00:00,N03,0.143,0.005753,8.85,0.0054,0.000371,38.2,23.766144,86.414618
2026-03-06 09:00:00,N03,0.0772,0.005764,4.95,0.0051,0.000196,39.8,23.766144,86.414618
2026-03-06 10:00:00,N03,-0.0331,0.005257,7.77,0.0058,0.000578,41.0,23.766144,86.414618
2026-03-06 11:00:00,N03,,,,,,,23.766144,86.414618
2026-03-06 12:00:00,N03,0.0252,0.008052,8.53,0.007,0.004216,42.0,23.766144,86.414618
2026-03-06 13:00:00,N03,0.0944,0.703628,38.71,0.0147,0.00019,41.7,23.766144,86.414618
2026-03-06 14:00:00,N03,0.0108,0.007039,8.37,0.0074,0.003637,41.0,23.766144,86.414618
2026-03-06 15:00:00,N03,-0.0604,0.007601,1.14,0.0074,0.00035,39.8,23.766144,86.414618
2026-03-06 16:00:00,N03,-0.2531,0.008035,1.04,0.0081,0.000454,38.2,23.766144,86.414618
2026-03-06 17:00:00,N03,-0.0583,0.005763,9.63,0.0083,0.000306,36.4,23.766144,86.414618
2026-03-06 18:00:00,N03,-0.0947,0.007858,3.96,0.0087,0.000112,34.5,23.766144,86.414618
2026-03-06 19:00:00,N03,-0.2154,0.006582,3.49,0.0081,0.000177,32.5,23.766144,86.414618
2026-03-06 20:00:00,N03,-0.1165,0.006856,6.05,0.0084,6.4e-05,30.7,23.766144,86.414618
2026-03-06 21:00:00,N03,-0.1372,0.005345,8.12,0.0079,0.000544,29.2,23.766144,86.414618
2026-03-06 22:00:00,N03,,,,,,,23.766144,86.414618
2026-03-06 23:00:00,N03,,,,,,,23.766144,86.414618
2026-03-07 00:00:00,N03,,,,,,,23.766144,86.414618
2026-03-07 01:00:00,N03,,,,,,,23.766144,86.414618
2026-03-07 02:00:00,N03,,,,,,,23.766144,86.414618
2026-03-07 03:00:00,N03,,,,,,,23.766144,86.414618
2026-03-07 04:00:00,N03,,,,,,,23.766144,86.414618
2026-03-07 05:00:00,N03,,,,,,,23.766144,86.414618
2026-03-07 06:00:00,N03,,,,,,,23.766144,86.414618
2026-03-07 07:00:00,N03,-0.085,0.008438,6.55,0.0053,0.0001,35.0,23.766144,86.414618
2026-03-07 08:00:00,N03,,,,,,,23.766144,86.414618
2026-03-07 09:00:00,N03,,,,,,,23.766144,86.414618
2026-03-07 10:00:00,N03,,,,,,,23.766144,86.414618
2026-03-07 11:00:00,N03,,,,,,,23.766144,86.414618
2026-03-07 12:00:00,N03,0.1079,0.007038,3.34,0.0048,0.006571,40.5,23.766144,86.414618
2026-03-07 13:00:00,N03,-0.0648,0.824842,29.42,-0.0086,0.006148,40.3,23.766144,86.414618
2026-03-07 14:00:00,N03,-0.0475,0.563455,39.86,0.0171,0.013019,39.5,23.766144,86.414618
2026-03-07 15:00:00,N03,-0.0913,0.855269,39.01,0.0174,0.005546,38.3,23.766144,86.414618
2026-03-07 16:00:00,N03,0.1929,0.005074,2.87,0.006,0.005611,36.8,23.766144,86.414618
2026-03-07 17:00:00,N03,0.0839,0.005242,3.8,0.0062,0.000415,35.0,23.766144,86.414618
2026-03-07 18:00:00,N03,,,,,,,23.766144,86.414618
2026-03-07 19:00:00,N03,,,,,,,23.766144,86.414618
2026-03-07 20:00:00,N03,-0.0021,0.006591,8.74,0.0071,0.000101,29.3,23.766144,86.414618
2026-03-07 21:00:00,N03,-0.2226,0.008723,8.14,0.0066,0.00061,27.7,23.766144,86.414618
2026-03-07 22:00:00,N03,0.2379,0.006635,3.29,0.0059,0.000593,26.5,23.766144,86.414618
2026-03-07 23:00:00,N03,0.0837,0.00624,5.74,0.0054,6e-06,25.8,23.766144,86.414618
2026-03-08 00:00:00,N03,-0.0959,0.005968,5.95,0.0059,0.00024,26.2,23.766144,86.414618
2026-03-08 01:00:00,N03,0.1175,0.006372,1.07,0.0059,4.9e-05,26.5,23.766144,86.414618
2026-03-08 02:00:00,N03,-0.1552,0.005965,6.63,0.0058,9.9e-05,27.2,23.766144,86.414618
2026-03-08 03:00:00,N03,-0.0025,0.00628,5.12,0.0057,8.7e-05,28.4,23.766144,86.414618
2026-03-08 04:00:00,N03,,,,,,,23.766144,86.414618
2026-03-08 05:00:00,N03,-0.1329,0.007216,9.83,0.0058,1.7e-05,31.8,23.766144,86.414618
2026-03-08 06:00:00,N03,0.0365,0.00621,6.83,0.006,0.000129,33.7,23.766144,86.414618
2026-03-08 07:00:00,N03,0.0234,0.00519,8.97,0.0061,0.006133,35.7,23.766144,86.414618
2026-03-08 08:00:00,N03,-0.2622,0.559977,27.63,0.0182,0.000501,37.5,23.766144,86.414618
2026-03-08 09:00:00,N03,0.0215,0.008309,9.46,0.0051,0.006272,39.0,23.766144,86.414618
2026-03-08 10:00:00,N03,0.0025,0.005597,6.62,0.0057,0.007624,40.2,23.766144,86.414618
2026-03-08 11:00:00,N03,0.0935,0.776815,34.58,0.0203,0.000404,41.0,23.766144,86.414618
2026-03-08 12:00:00,N03,0.3672,0.009822,6.64,0.0065,0.006407,41.2,23.766144,86.414618
2026-03-08 13:00:00,N03,0.05,0.00705,9.9,0.0075,0.000765,41.0,23.766144,86.414618
2026-03-08 14:00:00,N03,-0.0407,0.006835,2.48,0.008,8.8e-05,40.2,23.766144,86.414618
2026-03-08 15:00:00,N03,0.1029,0.005378,4.3,0.0077,0.000344,39.0,23.766144,86.414618
2026-03-08 16:00:00,N03,,,,,,,23.766144,86.414618
2026-03-08 17:00:00,N03,,,,,,,23.766144,86.414618
2026-03-08 18:00:00,N03,,,,,,,23.766144,86.414618
2026-03-08 19:00:00,N03,,,,,,,23.766144,86.414618
2026-03-08 20:00:00,N03,,,,,,,23.766144,86.414618
2026-03-08 21:00:00,N03,-0.0728,0.006322,3.91,0.008,4.7e-05,28.4,23.766144,86.414618
2026-03-08 22:00:00,N03,0.2356,0.009929,4.81,0.008,2.5e-05,27.2,23.766144,86.414618
2026-03-08 23:00:00,N03,0.0699,0.00634,1.13,0.0079,0.000351,26.5,23.766144,86.414618
2026-03-09 00:00:00,N03,0.125,0.006225,5.37,0.0087,0.000368,28.6,23.766144,86.414618
2026-03-09 01:00:00,N03,,,,,,,23.766144,86.414618
2026-03-09 02:00:00,N03,,,,,,,23.766144,86.414618
2026-03-09 03:00:00,N03,,,,,,,23.766144,86.414618
2026-03-09 04:00:00,N03,,,,,,,23.766144,86.414618
2026-03-09 05:00:00,N03,0.0507,0.005244,1.51,0.0097,0.003558,34.2,23.766144,86.414618
2026-03-09 06:00:00,N03,0.1328,0.7416,25.39,0.0167,0.003091,36.1,23.766144,86.414618
2026-03-09 07:00:00,N03,-0.176,0.972501,22.64,0.0158,0.003952,38.1,23.766144,86.414618
2026-03-09 08:00:00,N03,-0.2141,0.010693,1.71,0.0088,0.003521,39.9,23.766144,86.414618
2026-03-09 09:00:00,N03,-0.0558,0.005887,1.51,0.0088,0.00031,41.4,23.766144,86.414618
2026-03-09 10:00:00,N03,0.1857,0.009667,7.03,0.0094,0.000268,42.6,23.766144,86.414618
2026-03-09 11:00:00,N03,,,,,,,23.766144,86.414618
2026-03-09 12:00:00,N03,,,,,,,23.766144,86.414618
2026-03-09 13:00:00,N03,,,,,,,23.766144,86.414618
2026-03-09 14:00:00,N03,,,,,,,23.766144,86.414618
2026-03-09 15:00:00,N03,-0.1105,0.005539,9.51,0.0077,0.001367,41.4,23.766144,86.414618
2026-03-09 16:00:00,N03,0.1664,0.90843,25.89,0.0111,0.002549,39.9,23.766144,86.414618
2026-03-09 17:00:00,N03,-0.3136,0.667515,37.46,0.0026,0.001407,38.1,23.766144,86.414618
2026-03-09 18:00:00,N03,0.2333,0.005365,1.03,0.0083,0.002896,36.1,23.766144,86.414618
2026-03-09 19:00:00,N03,,,,,,,23.766144,86.414618
2026-03-09 20:00:00,N03,,,,,,,23.766144,86.414618
2026-03-09 21:00:00,N03,,,,,,,23.766144,86.414618
2026-03-09 22:00:00,N03,,,,,,,23.766144,86.414618
2026-03-09 23:00:00,N03,-0.1943,0.005452,4.17,0.0088,9.6e-05,28.9,23.766144,86.414618
2026-03-10 00:00:00,N03,0.0251,0.00747,2.61,0.0087,0.000177,25.4,23.766144,86.414618
2026-03-10 01:00:00,N03,,,,,,,23.766144,86.414618
2026-03-10 02:00:00,N03,,,,,,,23.766144,86.414618
2026-03-10 03:00:00,N03,,,,,,,23.766144,86.414618
2026-03-10 04:00:00,N03,,,,,,,23.766144,86.414618
2026-03-10 05:00:00,N03,0.0246,0.009392,5.32,0.0088,0.000687,31.0,23.766144,86.414618
2026-03-10 06:00:00,N03,0.1133,0.005918,9.13,0.0081,0.00033,32.9,23.766144,86.414618
2026-03-10 07:00:00,N03,,,,,,,23.766144,86.414618
2026-03-10 08:00:00,N03,,,,,,,23.766144,86.414618
2026-03-10 09:00:00,N03,,,,,,,23.766144,86.414618
2026-03-10 10:00:00,N03,-0.2238,0.005187,9.82,0.0088,0.002444,39.4,23.766144,86.414618
2026-03-10 11:00:00,N03,0.4354,0.008982,5.74,0.0098,0.00069,40.2,23.766144,86.414618
2026-03-10 12:00:00,N03,0.076,0.007459,2.6,0.0102,0.000448,40.4,23.766144,86.414618
2026-03-10 13:00:00,N03,0.0946,0.007612,5.27,0.0107,7.1e-05,40.2,23.766144,86.414618
2026-03-10 14:00:00,N03,0.1146,0.006489,6.71,0.0103,0.007558,39.4,23.766144,86.414618
2026-03-10 15:00:00,N03,-0.2223,0.671313,15.82,0.0258,0.000693,38.2,23.766144,86.414618
2026-03-10 16:00:00,N03,,,,,,,23.766144,86.414618
2026-03-10 17:00:00,N03,,,,,,,23.766144,86.414618
2026-03-10 18:00:00,N03,,,,,,,23.766144,86.414618
2026-03-10 19:00:00,N03,-0.043,0.006444,4.93,0.0081,6e-05,31.0,23.766144,86.414618
2026-03-10 20:00:00,N03,0.1527,0.007846,8.03,0.0083,0.000337,29.2,23.766144,86.414618
2026-03-10 21:00:00,N03,0.0013,0.008524,3.92,0.0088,0.000327,27.6,23.766144,86.414618
2026-03-10 22:00:00,N03,0.0784,0.008162,3.62,0.0077,0.000173,26.4,23.766144,86.414618
2026-03-10 23:00:00,N03,-0.0486,0.005148,1.41,0.0085,0.000124,25.7,23.766144,86.414618
2026-03-11 00:00:00,N03,0.1861,0.008188,3.77,0.0079,0.000553,22.2,23.766144,86.414618
2026-03-11 01:00:00,N03,0.1243,0.008679,2.79,0.0074,0.000104,22.5,23.766144,86.414618
2026-03-11 02:00:00,N03,-0.1373,0.005321,1.11,0.0082,0.000302,23.2,23.766144,86.414618
2026-03-11 03:00:00,N03,-0.1931,0.006951,8.24,0.008,0.000253,24.4,23.766144,86.414618
2026-03-11 04:00:00,N03,-0.0862,0.007001,4.84,0.0087,0.000626,26.0,23.766144,86.414618
2026-03-11 05:00:00,N03,,,,,,,23.766144,86.414618
2026-03-11 06:00:00,N03,,,,,,,23.766144,86.414618
2026-03-11 07:00:00,N03,,,,,,,23.766144,86.414618
2026-03-11 08:00:00,N03,0.1644,0.790253,30.62,0.0035,0.003493,33.5,23.766144,86.414618
2026-03-11 09:00:00,N03,,,,,,,23.766144,86.414618
2026-03-11 10:00:00,N03,-0.0564,0.803168,29.79,0.001,0.002627,36.2,23.766144,86.414618
2026-03-11 11:00:00,N03,-0.1566,0.005189,4.26,0.0086,0.004128,37.0,23.766144,86.414618
2026-03-11 12:00:00,N03,-0.1167,0.005464,5.86,0.0092,0.008614,37.2,23.766144,86.414618
2026-03-11 13:00:00,N03,0.043,0.850214,24.56,0.0258,0.000267,37.0,23.766144,86.414618
2026-03-11 14:00:00,N03,-0.1096,0.006485,9.76,0.0087,0.008498,36.2,23.766144,86.414618
2026-03-11 15:00:00,N03,0.1507,0.005401,8.76,0.0088,0.000302,35.0,23.766144,86.414618
2026-03-11 16:00:00,N03,-0.1091,0.006794,2.85,0.0081,0.00099,33.5,23.766144,86.414618
2026-03-11 17:00:00,N03,0.1,0.005176,5.2,0.0069,0.000663,31.7,23.766144,86.414618
2026-03-11 18:00:00,N03,-0.0879,0.00651,2.24,0.0067,0.000352,29.7,23.766144,86.414618
2026-03-11 19:00:00,N03,,,,,,,23.766144,86.414618
2026-03-11 20:00:00,N03,-0.1919,0.005544,9.0,0.0048,0.000767,26.0,23.766144,86.414618
2026-03-11 21:00:00,N03,0.0595,0.005559,1.59,0.0046,0.000179,24.4,23.766144,86.414618
2026-03-11 22:00:00,N03,-0.2981,0.0071,6.41,0.0044,1e-06,23.2,23.766144,86.414618
2026-03-11 23:00:00,N03,0.2195,0.005043,6.41,0.0046,9e-05,22.5,23.766144,86.414618
2026-03-12 00:00:00,N03,0.1273,0.007708,4.09,0.0046,0.000336,27.3,23.766144,86.414618
2026-03-12 01:00:00,N03,-0.1518,0.005905,6.0,0.0053,0.000398,27.6,23.766144,86.414618
2026-03-12 02:00:00,N03,0.1547,0.008751,7.92,0.0054,1.3e-05,28.3,23.766144,86.414618
2026-03-12 03:00:00,N03,-0.1806,0.005484,8.18,0.0053,0.000224,29.5,23.766144,86.414618
2026-03-12 04:00:00,N03,-0.0867,0.007143,1.5,0.005,9.1e-05,31.1,23.766144,86.414618
2026-03-12 05:00:00,N03,0.0167,0.008354,4.52,0.0055,0.000494,32.9,23.766144,86.414618
2026-03-12 06:00:00,N03,,,,,,,23.766144,86.414618
2026-03-12 07:00:00,N03,,,,,,,23.766144,86.414618
2026-03-12 08:00:00,N03,,,,,,,23.766144,86.414618
2026-03-12 09:00:00,N03,-0.063,0.691912,17.44,-0.0025,0.003992,40.1,23.766144,86.414618
2026-03-12 10:00:00,N03,-0.0507,0.930889,15.04,-0.002,0.004918,41.3,23.766144,86.414618
2026-03-12 11:00:00,N03,-0.0093,0.007779,9.96,0.0073,0.004896,42.1,23.766144,86.414618
2026-03-12 12:00:00,N03,0.0796,0.007873,3.55,0.0078,0.000524,42.3,23.766144,86.414618
2026-03-12 13:00:00,N03,0.2323,0.006188,4.29,0.0084,0.008494,42.1,23.766144,86.414618
2026-03-12 14:00:00,N03,-0.0361,0.790691,35.27,0.0248,0.007854,41.3,23.766144,86.414618
2026-03-12 15:00:00,N03,0.209,0.84653,42.95,0.0241,0.009036,40.1,23.766144,86.414618
2026-03-12 16:00:00,N03,-0.0077,0.00688,7.39,0.0067,0.008906,38.6,23.766144,86.414618
2026-03-12 17:00:00,N03,-0.011,0.006995,1.85,0.0063,0.000235,36.8,23.766144,86.414618
2026-03-12 18:00:00,N03,-0.1097,0.005705,5.1,0.0062,0.00038,34.8,23.766144,86.414618
2026-03-12 19:00:00,N03,-0.2515,0.007141,8.63,0.0055,0.000753,32.9,23.766144,86.414618
2026-03-12 20:00:00,N03,,,,,,,23.766144,86.414618
2026-03-12 21:00:00,N03,,,,,,,23.766144,86.414618
2026-03-12 22:00:00,N03,,,,,,,23.766144,86.414618
2026-03-12 23:00:00,N03,,,,,,,23.766144,86.414618
2026-03-13 00:00:00,N03,,,,,,,23.766144,86.414618
2026-03-13 01:00:00,N03,,,,,,,23.766144,86.414618
2026-03-13 02:00:00,N03,,,,,,,23.766144,86.414618
2026-03-13 03:00:00,N03,,,,,,,23.766144,86.414618
2026-03-13 04:00:00,N03,,,,,,,23.766144,86.414618
2026-03-13 05:00:00,N03,,,,,,,23.766144,86.414618
2026-03-13 06:00:00,N03,0.1283,0.005181,8.46,0.0049,0.004971,33.1,23.766144,86.414618
2026-03-13 07:00:00,N03,-0.1697,0.62638,20.72,-0.0054,0.005139,35.0,23.766144,86.414618
2026-03-13 08:00:00,N03,,,,,,,23.766144,86.414618
2026-03-13 09:00:00,N03,,,,,,,23.766144,86.414618
2026-03-13 10:00:00,N03,,,,,,,23.766144,86.414618
2026-03-13 11:00:00,N03,-0.2228,0.005425,3.34,0.0056,0.002706,40.3,23.766144,86.414618
2026-03-13 12:00:00,N03,-0.0144,0.857648,37.23,-0.0003,1.6e-05,40.6,23.766144,86.414618
2026-03-13 13:00:00,N03,0.104,0.005057,5.91,0.0056,0.002811,40.3,23.766144,86.414618
2026-03-13 14:00:00,N03,0.1474,0.010086,6.42,0.0054,0.000363,39.6,23.766144,86.414618
2026-03-13 15:00:00,N03,,,,,,,23.766144,86.414618
2026-03-13 16:00:00,N03,-0.0998,0.006735,5.6,0.0053,0.000127,36.8,23.766144,86.414618
2026-03-13 17:00:00,N03,0.0401,0.005816,1.69,0.0051,7.6e-05,35.0,23.766144,86.414618
2026-03-13 18:00:00,N03,-0.0538,0.005671,8.66,0.0054,0.000162,33.1,23.766144,86.414618
2026-03-13 19:00:00,N03,0.1285,0.00602,2.69,0.0048,0.00057,31.1,23.766144,86.414618
2026-03-13 20:00:00,N03,0.0298,0.007282,2.59,0.0043,5.2e-05,29.3,23.766144,86.414618
2026-03-13 21:00:00,N03,,,,,,,23.766144,86.414618
2026-03-13 22:00:00,N03,-0.012,0.005963,7.58,0.0038,0.000109,26.6,23.766144,86.414618
2026-03-13 23:00:00,N03,0.2548,0.005558,7.5,0.0044,0.000394,25.8,23.766144,86.414618
2026-03-14 00:00:00,N03,-0.2754,0.005449,9.4,0.0046,0.000499,25.4,23.766144,86.414618
2026-03-14 01:00:00,N03,-0.2692,0.008309,7.72,0.0054,0.000231,25.7,23.766144,86.414618
2026-03-14 02:00:00,N03,-0.0135,0.006031,7.86,0.0051,0.000285,26.4,23.766144,86.414618
2026-03-14 03:00:00,N03,-0.0126,0.008225,7.74,0.0049,0.000365,27.6,23.766144,86.414618
2026-03-14 04:00:00,N03,0.4394,0.005394,3.43,0.0058,0.000595,29.2,23.766144,86.414618
2026-03-14 05:00:00,N03,-0.1139,0.008694,1.03,0.0061,0.000481,31.0,23.766144,86.414618
2026-03-14 06:00:00,N03,-0.0329,0.005985,6.84,0.0049,0.000685,32.9,23.766144,86.414618
2026-03-14 07:00:00,N03,-0.0387,0.006522,2.23,0.0047,8.9e-05,34.9,23.766144,86.414618
2026-03-14 08:00:00,N03,-0.0236,0.00543,7.83,0.0047,0.000108,36.7,23.766144,86.414618
2026-03-14 09:00:00,N03,-0.1084,0.00718,2.47,0.0045,3.5e-05,38.2,23.766144,86.414618
2026-03-14 10:00:00,N03,0.1748,0.011836,6.04,0.0046,0.004596,39.4,23.766144,86.414618
2026-03-14 11:00:00,N03,,,,,,,23.766144,86.414618
2026-03-14 12:00:00,N03,,,,,,,23.766144,86.414618
2026-03-14 13:00:00,N03,0.4143,0.676857,34.81,0.0154,0.005628,40.2,23.766144,86.414618
2026-03-14 14:00:00,N03,0.1161,0.975881,30.58,0.0147,0.014327,39.4,23.766144,86.414618
2026-03-14 15:00:00,N03,,,,,,,23.766144,86.414618
2026-03-14 16:00:00,N03,,,,,,,23.766144,86.414618
2026-03-14 17:00:00,N03,0.0385,0.007241,5.35,0.0048,0.000652,34.9,23.766144,86.414618
2026-03-14 18:00:00,N03,-0.0852,0.005313,6.03,0.0054,6.5e-05,32.9,23.766144,86.414618
2026-03-14 19:00:00,N03,0.1855,0.00785,2.13,0.0049,0.000549,31.0,23.766144,86.414618
2026-03-14 20:00:00,N03,0.0553,0.00659,4.38,0.0043,0.000175,29.2,23.766144,86.414618
2026-03-14 21:00:00,N03,-0.0171,0.006447,3.17,0.0052,0.000509,27.6,23.766144,86.414618
2026-03-14 22:00:00,N03,0.0527,0.005994,4.46,0.0053,0.000137,26.4,23.766144,86.414618
2026-03-14 23:00:00,N03,-0.0917,0.0071,3.2,0.0055,0.00021,25.7,23.766144,86.414618
2026-03-15 00:00:00,N03,-0.2811,0.007614,2.07,0.0057,0.000528,24.4,23.766144,86.414618
2026-03-15 01:00:00,N03,-0.0586,0.006915,3.6,0.0066,5.7e-05,24.7,23.766144,86.414618
2026-03-15 02:00:00,N03,-0.1645,0.007284,8.65,0.0058,0.000833,25.4,23.766144,86.414618
2026-03-15 03:00:00,N03,0.1913,0.008556,2.19,0.0049,0.000429,26.6,23.766144,86.414618
2026-03-15 04:00:00,N03,-0.0503,0.005349,3.98,0.005,0.00021,28.2,23.766144,86.414618
2026-03-15 05:00:00,N03,-0.0167,0.007329,3.58,0.0053,0.000206,30.0,23.766144,86.414618
2026-03-15 06:00:00,N03,-0.1272,0.007047,5.18,0.0054,0.000404,31.9,23.766144,86.414618
2026-03-15 07:00:00,N03,,,,,,,23.766144,86.414618
2026-03-15 08:00:00,N03,,,,,,,23.766144,86.414618
2026-03-15 09:00:00,N03,-0.0222,0.9246,25.63,0.0127,0.003704,37.2,23.766144,86.414618
2026-03-15 10:00:00,N03,0.0613,0.006235,1.28,0.0054,0.003476,38.4,23.766144,86.414618
2026-03-15 11:00:00,N03,,,,,,,23.766144,86.414618
2026-03-15 12:00:00,N03,,,,,,,23.766144,86.414618
2026-03-15 13:00:00,N03,,,,,,,23.766144,86.414618
2026-03-15 14:00:00,N03,,,,,,,23.766144,86.414618
2026-03-15 15:00:00,N03,,,,,,,23.766144,86.414618
2026-03-15 16:00:00,N03,-0.2081,0.007024,8.15,0.0057,0.002609,35.7,23.766144,86.414618
2026-03-15 17:00:00,N03,-0.1508,0.006857,8.09,0.0064,0.000569,33.9,23.766144,86.414618
2026-03-15 18:00:00,N03,-0.1793,0.005027,8.37,0.0068,7e-06,31.9,23.766144,86.414618
2026-03-15 19:00:00,N03,-0.1366,0.007709,8.37,0.0064,0.000387,30.0,23.766144,86.414618
2026-03-15 20:00:00,N03,0.0966,0.0069,8.16,0.0061,0.00039,28.2,23.766144,86.414618
2026-03-15 21:00:00,N03,-0.1311,0.006471,8.43,0.0056,0.000171,26.6,23.766144,86.414618
2026-03-15 22:00:00,N03,,,,,,,23.766144,86.414618
2026-03-15 23:00:00,N03,,,,,,,23.766144,86.414618
2026-03-16 00:00:00,N03,-0.0876,0.007602,8.53,0.006,0.000123,23.3,23.766144,86.414618
2026-03-16 01:00:00,N03,0.0169,0.006983,8.78,0.0061,4.6e-05,23.5,23.766144,86.414618
2026-03-16 02:00:00,N03,,,,,,,23.766144,86.414618
2026-03-16 03:00:00,N03,,,,,,,23.766144,86.414618
2026-03-16 04:00:00,N03,,,,,,,23.766144,86.414618
2026-03-16 05:00:00,N03,,,,,,,23.766144,86.414618
2026-03-16 06:00:00,N03,-0.0233,0.006944,6.5,0.0046,0.000645,30.8,23.766144,86.414618
2026-03-16 07:00:00,N03,-0.082,0.006284,6.99,0.0045,0.009932,32.7,23.766144,86.414618
2026-03-16 08:00:00,N03,0.0071,0.792745,38.42,0.0245,0.010101,34.5,23.766144,86.414618
2026-03-16 09:00:00,N03,-0.0522,0.819002,38.68,0.0247,0.010048,36.1,23.766144,86.414618
2026-03-16 10:00:00,N03,-0.0002,0.00582,6.04,0.0044,0.010178,37.3,23.766144,86.414618
2026-03-16 11:00:00,N03,0.2092,0.009682,5.43,0.0044,4e-05,38.0,23.766144,86.414618
2026-03-16 12:00:00,N03,0.1399,0.006114,1.9,0.0043,0.000277,38.3,23.766144,86.414618
2026-03-16 13:00:00,N03,0.1214,0.005317,6.42,0.0038,5.7e-05,38.0,23.766144,86.414618
2026-03-16 14:00:00,N03,-0.0601,0.005099,1.98,0.0044,2.8e-05,37.3,23.766144,86.414618
2026-03-16 15:00:00,N03,0.2109,0.007751,2.53,0.0038,0.000258,36.1,23.766144,86.414618
2026-03-16 16:00:00,N03,,,,,,,23.766144,86.414618
2026-03-16 17:00:00,N03,0.1182,0.006703,5.16,0.0041,3.9e-05,32.7,23.766144,86.414618
2026-03-16 18:00:00,N03,0.2221,0.007725,6.67,0.004,4.3e-05,30.8,23.766144,86.414618
2026-03-16 19:00:00,N03,0.249,0.009209,6.76,0.0042,0.000416,28.8,23.766144,86.414618
2026-03-16 20:00:00,N03,-0.2401,0.005955,5.84,0.0048,1.7e-05,27.0,23.766144,86.414618
2026-03-16 21:00:00,N03,-0.2249,0.007905,7.63,0.0042,9e-06,25.5,23.766144,86.414618
2026-03-16 22:00:00,N03,-0.1371,0.006239,4.48,0.0048,0.000112,24.3,23.766144,86.414618
2026-03-16 23:00:00,N03,-0.1129,0.011289,6.59,0.0044,0.000119,23.5,23.766144,86.414618
2026-03-17 00:00:00,N03,-0.1901,0.00802,5.84,0.0046,0.00035,24.7,23.766144,86.414618
2026-03-17 01:00:00,N03,0.3683,0.005689,3.99,0.0051,0.000173,25.0,23.766144,86.414618
2026-03-17 02:00:00,N03,0.1953,0.006804,1.52,0.0049,0.000339,25.8,23.766144,86.414618
2026-03-17 03:00:00,N03,-0.1736,0.007312,3.08,0.0044,8e-06,26.9,23.766144,86.414618
2026-03-17 04:00:00,N03,,,,,,,23.766144,86.414618
2026-03-17 05:00:00,N03,,,,,,,23.766144,86.414618
2026-03-17 06:00:00,N03,,,,,,,23.766144,86.414618
2026-03-17 07:00:00,N03,0.1862,0.007503,6.99,0.0052,0.000463,34.2,23.766144,86.414618
2026-03-17 08:00:00,N03,,,,,,,23.766144,86.414618
2026-03-17 09:00:00,N03,,,,,,,23.766144,86.414618
2026-03-17 10:00:00,N03,-0.0281,0.006353,3.69,0.0064,0.007722,38.7,23.766144,86.414618
2026-03-17 11:00:00,N03,0.0672,0.803004,17.45,-0.0095,0.009156,39.5,23.766144,86.414618
2026-03-17 12:00:00,N03,-0.1229,0.775336,17.65,-0.0119,0.00756,39.7,23.766144,86.414618
2026-03-17 13:00:00,N03,0.1748,0.005698,6.7,0.0056,0.009275,39.5,23.766144,86.414618
2026-03-17 14:00:00,N03,0.0622,0.006042,4.99,0.0066,0.000979,38.7,23.766144,86.414618
2026-03-17 15:00:00,N03,-0.0177,0.006218,4.85,0.0076,0.000508,37.6,23.766144,86.414618
2026-03-17 16:00:00,N03,-0.1498,0.006355,7.32,0.0076,0.000328,36.0,23.766144,86.414618
2026-03-17 17:00:00,N03,0.4218,0.006223,2.43,0.0069,0.000609,34.2,23.766144,86.414618
2026-03-17 18:00:00,N03,-0.0592,0.006728,3.55,0.0064,0.000122,32.2,23.766144,86.414618
2026-03-17 19:00:00,N03,0.2441,0.007273,1.65,0.0067,0.000254,30.3,23.766144,86.414618
2026-03-17 20:00:00,N03,-0.1205,0.006332,2.47,0.0069,0.000104,28.5,23.766144,86.414618
2026-03-17 21:00:00,N03,-0.1035,0.005335,2.16,0.0065,3.5e-05,26.9,23.766144,86.414618
2026-03-17 22:00:00,N03,0.105,0.007056,9.88,0.0069,0.000467,25.8,23.766144,86.414618
2026-03-17 23:00:00,N03,0.0974,0.008295,2.61,0.0074,0.000174,25.0,23.766144,86.414618
2026-03-18 00:00:00,N03,0.0275,0.0101,2.18,0.0072,0.000664,29.2,23.766144,86.414618
2026-03-18 01:00:00,N03,-0.2404,0.005851,3.04,0.0061,0.000565,29.5,23.766144,86.414618
2026-03-18 02:00:00,N03,0.3342,0.005656,1.4,0.0061,0.000114,30.2,23.766144,86.414618
2026-03-18 03:00:00,N03,,,,,,,23.766144,86.414618
2026-03-18 04:00:00,N03,,,,,,,23.766144,86.414618
2026-03-18 05:00:00,N03,,,,,,,23.766144,86.414618
2026-03-18 06:00:00,N03,,,,,,,23.766144,86.414618
2026-03-18 07:00:00,N03,,,,,,,23.766144,86.414618
2026-03-18 08:00:00,N03,,,,,,,23.766144,86.414618
2026-03-18 09:00:00,N03,,,,,,,23.766144,86.414618
2026-03-18 10:00:00,N03,0.162,0.007098,6.47,0.0063,7.2e-05,43.2,23.766144,86.414618
2026-03-18 11:00:00,N03,-0.289,0.005191,2.97,0.0062,8.6e-05,44.0,23.766144,86.414618
2026-03-18 12:00:00,N03,0.1857,0.005771,7.9,0.0061,0.000119,44.2,23.766144,86.414618
2026-03-18 13:00:00,N03,-0.0728,0.006218,2.55,0.0065,0.000362,44.0,23.766144,86.414618
2026-03-18 14:00:00,N03,0.2216,0.00578,9.06,0.0068,2.2e-05,43.2,23.766144,86.414618
2026-03-18 15:00:00,N03,,,,,,,23.766144,86.414618
2026-03-18 16:00:00,N03,,,,,,,23.766144,86.414618
2026-03-18 17:00:00,N03,,,,,,,23.766144,86.414618
2026-03-18 18:00:00,N03,-0.2577,0.007235,4.93,0.0073,0.005072,36.7,23.766144,86.414618
2026-03-18 19:00:00,N03,-0.046,0.005845,2.94,0.0077,0.000224,34.8,23.766144,86.414618
2026-03-18 20:00:00,N03,,,,,,,23.766144,86.414618
2026-03-18 21:00:00,N03,,,,,,,23.766144,86.414618
2026-03-18 22:00:00,N03,-0.2115,0.005103,6.94,0.0066,6.6e-05,30.2,23.766144,86.414618
2026-03-18 23:00:00,N03,-0.0172,0.008875,7.23,0.0068,0.000278,29.5,23.766144,86.414618
2026-03-19 00:00:00,N03,-0.0049,0.005578,8.67,0.0072,0.000349,26.2,23.766144,86.414618
2026-03-19 01:00:00,N03,-0.3173,0.005243,8.85,0.0075,0.000123,26.5,23.766144,86.414618
2026-03-19 02:00:00,N03,-0.0863,0.011601,4.28,0.007,0.000445,27.2,23.766144,86.414618
2026-03-19 03:00:00,N03,-0.1328,0.007066,7.54,0.0066,6.8e-05,28.4,23.766144,86.414618
2026-03-19 04:00:00,N03,,,,,,,23.766144,86.414618
2026-03-19 05:00:00,N03,,,,,,,23.766144,86.414618
2026-03-19 06:00:00,N03,-0.1879,0.00514,3.25,0.0064,0.000299,33.7,23.766144,86.414618
2026-03-19 07:00:00,N03,,,,,,,23.766144,86.414618
2026-03-19 08:00:00,N03,,,,,,,23.766144,86.414618
2026-03-19 09:00:00,N03,-0.1,0.005782,7.04,0.0069,6.3e-05,39.0,23.766144,86.414618
2026-03-19 10:00:00,N03,,,,,,,23.766144,86.414618
2026-03-19 11:00:00,N03,,,,,,,23.766144,86.414618
2026-03-19 12:00:00,N03,0.2452,0.007939,1.4,0.0064,0.000107,41.2,23.766144,86.414618
2026-03-19 13:00:00,N03,-0.0955,0.008778,7.71,0.0065,0.005561,41.0,23.766144,86.414618
2026-03-19 14:00:00,N03,0.3019,0.937757,36.43,0.0175,3.4e-05,40.2,23.766144,86.414618
2026-03-19 15:00:00,N03,-0.0143,0.00742,8.96,0.0064,0.005228,39.0,23.766144,86.414618
2026-03-19 16:00:00,N03,0.0182,0.007089,3.54,0.007,0.008473,37.5,23.766144,86.414618
2026-03-19 17:00:00,N03,0.131,0.683048,31.07,0.0234,0.008506,35.7,23.766144,86.414618
2026-03-19 18:00:00,N03,-0.0518,0.714097,45.51,0.024,0.008098,33.7,23.766144,86.414618
2026-03-19 19:00:00,N03,0.0086,0.00798,8.26,0.0072,0.008005,31.8,23.766144,86.414618
2026-03-19 20:00:00,N03,0.1,0.005957,8.22,0.008,0.000198,30.0,23.766144,86.414618
2026-03-19 21:00:00,N03,0.1475,0.00726,5.74,0.0076,0.000552,28.4,23.766144,86.414618
2026-03-19 22:00:00,N03,,,,,,,23.766144,86.414618
2026-03-19 23:00:00,N03,0.0551,0.006106,5.29,0.0072,0.000152,26.5,23.766144,86.414618
2026-03-20 00:00:00,N03,0.096,0.006038,9.7,0.0072,5.8e-05,24.3,23.766144,86.414618
2026-03-20 01:00:00,N03,0.0261,0.00544,3.03,0.0071,1.9e-05,24.5,23.766144,86.414618
2026-03-20 02:00:00,N03,-0.025,0.006189,2.98,0.0073,0.000128,25.3,23.766144,86.414618
2026-03-20 03:00:00,N03,-0.1407,0.006693,7.38,0.0069,0.000158,26.5,23.766144,86.414618
2026-03-20 04:00:00,N03,-0.0501,0.005284,6.11,0.0069,0.000338,28.0,23.766144,86.414618
2026-03-20 05:00:00,N03,,,,,,,23.766144,86.414618
2026-03-20 06:00:00,N03,,,,,,,23.766144,86.414618
2026-03-20 07:00:00,N03,,,,,,,23.766144,86.414618
2026-03-20 08:00:00,N03,-0.0388,0.007527,8.92,0.007,0.000299,35.5,23.766144,86.414618
2026-03-20 09:00:00,N03,,,,,,,23.766144,86.414618
2026-03-20 10:00:00,N03,,,,,,,23.766144,86.414618
2026-03-20 11:00:00,N03,,,,,,,23.766144,86.414618
2026-03-20 12:00:00,N03,-0.1477,0.005598,2.37,0.008,0.000262,39.3,23.766144,86.414618
2026-03-20 13:00:00,N03,-0.4275,0.005529,8.05,0.0077,1.2e-05,39.0,23.766144,86.414618
2026-03-20 14:00:00,N03,,,,,,,23.766144,86.414618
2026-03-20 15:00:00,N03,,,,,,,23.766144,86.414618
2026-03-20 16:00:00,N03,,,,,,,23.766144,86.414618
2026-03-20 17:00:00,N03,,,,,,,23.766144,86.414618
2026-03-20 18:00:00,N03,,,,,,,23.766144,86.414618
2026-03-20 19:00:00,N03,0.1729,0.005951,7.38,0.0079,0.000444,29.8,23.766144,86.414618
2026-03-20 20:00:00,N03,-0.1062,0.008363,9.27,0.0073,5.9e-05,28.0,23.766144,86.414618
2026-03-20 21:00:00,N03,-0.4176,0.005993,7.64,0.0078,0.000211,26.5,23.766144,86.414618
2026-03-20 22:00:00,N03,-0.0638,0.006875,6.02,0.0077,9.3e-05,25.3,23.766144,86.414618
2026-03-20 23:00:00,N03,-0.0034,0.005328,2.46,0.0076,7.7e-05,24.5,23.766144,86.414618
2026-03-21 00:00:00,N03,0.1031,0.006525,1.7,0.0076,0.000115,25.1,23.766144,86.414618
2026-03-21 01:00:00,N03,0.0836,0.005498,2.22,0.0078,5.2e-05,25.4,23.766144,86.414618
2026-03-21 02:00:00,N03,0.0551,0.008699,6.99,0.0075,0.000402,26.1,23.766144,86.414618
2026-03-21 03:00:00,N03,0.2525,0.006308,6.79,0.0086,0.001083,27.3,23.766144,86.414618
2026-03-21 04:00:00,N03,0.0364,0.006875,3.54,0.0096,0.000871,28.9,23.766144,86.414618
2026-03-21 05:00:00,N03,0.154,0.009006,5.06,0.0103,0.000303,30.7,23.766144,86.414618
2026-03-21 06:00:00,N03,0.0762,0.005528,7.59,0.0102,0.000202,32.6,23.766144,86.414618
2026-03-21 07:00:00,N03,,,,,,,23.766144,86.414618
2026-03-21 08:00:00,N03,,,,,,,23.766144,86.414618
2026-03-21 09:00:00,N03,,,,,,,23.766144,86.414618
2026-03-21 10:00:00,N03,0.0687,0.960308,40.68,0.0246,0.007391,39.1,23.766144,86.414618
2026-03-21 11:00:00,N03,-0.3248,0.005865,6.52,0.01,0.007435,39.9,23.766144,86.414618
2026-03-21 12:00:00,N03,,,,,,,23.766144,86.414618
2026-03-21 13:00:00,N03,,,,,,,23.766144,86.414618
2026-03-21 14:00:00,N03,,,,,,,23.766144,86.414618
2026-03-21 15:00:00,N03,,,,,,,23.766144,86.414618
2026-03-21 16:00:00,N03,,,,,,,23.766144,86.414618
2026-03-21 17:00:00,N03,0.1058,0.005626,6.91,0.0093,0.000522,34.6,23.766144,86.414618
2026-03-21 18:00:00,N03,,,,,,,23.766144,86.414618
2026-03-21 19:00:00,N03,,,,,,,23.766144,86.414618
2026-03-21 20:00:00,N03,,,,,,,23.766144,86.414618
2026-03-21 21:00:00,N03,,,,,,,23.766144,86.414618
2026-03-21 22:00:00,N03,-0.1578,0.00812,9.21,0.0102,0.000265,26.1,23.766144,86.414618
2026-03-21 23:00:00,N03,,,,,,,23.766144,86.414618
2026-03-22 00:00:00,N03,,,,,,,23.766144,86.414618
2026-03-22 01:00:00,N03,,,,,,,23.766144,86.414618
2026-03-22 02:00:00,N03,-0.0227,0.006177,3.27,0.009,0.000508,26.9,23.766144,86.414618
2026-03-22 03:00:00,N03,-0.0021,0.0072,5.32,0.0087,0.000494,28.1,23.766144,86.414618
2026-03-22 04:00:00,N03,-0.1236,0.0057,1.51,0.008,0.000455,29.6,23.766144,86.414618
2026-03-22 05:00:00,N03,-0.0322,0.005634,1.29,0.0078,0.000143,31.4,23.766144,86.414618
2026-03-22 06:00:00,N03,0.3394,0.0067,1.75,0.0083,0.000247,33.4,23.766144,86.414618
2026-03-22 07:00:00,N03,,,,,,,23.766144,86.414618
2026-03-22 08:00:00,N03,,,,,,,23.766144,86.414618
2026-03-22 09:00:00,N03,,,,,,,23.766144,86.414618
2026-03-22 10:00:00,N03,-0.0466,0.005165,5.44,0.0081,0.008569,39.8,23.766144,86.414618
2026-03-22 11:00:00,N03,0.0905,0.008904,5.14,0.0087,0.006933,40.6,23.766144,86.414618
2026-03-22 12:00:00,N03,0.5818,0.736835,18.45,-0.0057,0.0072,40.9,23.766144,86.414618
2026-03-22 13:00:00,N03,-0.2446,0.686807,25.67,-0.0057,0.007355,40.6,23.766144,86.414618
2026-03-22 14:00:00,N03,,,,,,,23.766144,86.414618
2026-03-22 15:00:00,N03,0.0483,0.005491,1.41,0.0092,0.000971,38.7,23.766144,86.414618
2026-03-22 16:00:00,N03,0.2322,0.007724,1.16,0.0109,0.000712,37.1,23.766144,86.414618
2026-03-22 17:00:00,N03,0.1123,0.006027,7.67,0.0107,0.000339,35.3,23.766144,86.414618
2026-03-22 18:00:00,N03,-0.0068,0.007554,9.64,0.0102,0.00015,33.4,23.766144,86.414618
2026-03-22 19:00:00,N03,0.1098,0.005493,9.2,0.0104,0.000294,31.4,23.766144,86.414618
2026-03-22 20:00:00,N03,-0.0691,0.005703,8.09,0.0096,0.000197,29.6,23.766144,86.414618
2026-03-22 21:00:00,N03,-0.0061,0.00613,4.47,0.01,6.3e-05,28.1,23.766144,86.414618
2026-03-22 22:00:00,N03,0.0546,0.00518,9.66,0.0098,0.000643,26.9,23.766144,86.414618
2026-03-22 23:00:00,N03,-0.0153,0.005509,4.32,0.0087,0.0004,26.1,23.766144,86.414618
2026-03-23 00:00:00,N03,0.0677,0.005386,7.26,0.009,3.2e-05,24.1,23.766144,86.414618
2026-03-23 01:00:00,N03,0.0747,0.005539,4.75,0.0087,0.000472,24.3,23.766144,86.414618
2026-03-23 02:00:00,N03,0.0554,0.00522,5.07,0.008,0.000694,25.1,23.766144,86.414618
2026-03-23 03:00:00,N03,-0.2099,0.006188,5.03,0.0074,0.000123,26.3,23.766144,86.414618
2026-03-23 04:00:00,N03,-0.0762,0.007421,9.57,0.0083,0.000388,27.8,23.766144,86.414618
2026-03-23 05:00:00,N03,-0.2076,0.005843,4.15,0.0081,0.000189,29.6,23.766144,86.414618
2026-03-23 06:00:00,N03,-0.0583,0.005971,4.83,0.0079,0.000366,31.6,23.766144,86.414618
2026-03-23 07:00:00,N03,0.1237,0.005585,3.22,0.0089,0.006666,33.5,23.766144,86.414618
2026-03-23 08:00:00,N03,0.2356,0.574734,23.31,0.0212,0.000562,35.3,23.766144,86.414618
2026-03-23 09:00:00,N03,0.2739,0.006145,6.58,0.0077,0.006758,36.9,23.766144,86.414618
2026-03-23 10:00:00,N03,0.0972,0.007177,4.59,0.0077,0.000319,38.1,23.766144,86.414618
2026-03-23 11:00:00,N03,0.2199,0.007479,2.78,0.0084,0.000402,38.8,23.766144,86.414618
2026-03-23 12:00:00,N03,0.1151,0.009175,5.46,0.0085,6e-06,39.1,23.766144,86.414618
2026-03-23 13:00:00,N03,0.0309,0.005997,9.97,0.0084,4.6e-05,38.8,23.766144,86.414618
2026-03-23 14:00:00,N03,0.094,0.007708,7.66,0.0084,0.000168,38.1,23.766144,86.414618
2026-03-23 15:00:00,N03,0.1593,0.005813,9.24,0.0087,0.000164,36.9,23.766144,86.414618
2026-03-23 16:00:00,N03,,,,,,,23.766144,86.414618
2026-03-23 17:00:00,N03,,,,,,,23.766144,86.414618
2026-03-23 18:00:00,N03,,,,,,,23.766144,86.414618
2026-03-23 19:00:00,N03,-0.2026,0.006989,6.49,0.0083,0.000604,29.6,23.766144,86.414618
2026-03-23 20:00:00,N03,-0.0937,0.005675,7.81,0.0073,0.000113,27.8,23.766144,86.414618
2026-03-23 21:00:00,N03,-0.1966,0.005403,1.97,0.008,0.00058,26.3,23.766144,86.414618
2026-03-23 22:00:00,N03,0.0289,0.008518,4.72,0.0084,9.1e-05,25.1,23.766144,86.414618
2026-03-23 23:00:00,N03,,,,,,,23.766144,86.414618
2026-03-24 00:00:00,N03,,,,,,,23.766144,86.414618
2026-03-24 01:00:00,N03,-0.1297,0.006089,9.17,0.0077,0.000341,25.4,23.766144,86.414618
2026-03-24 02:00:00,N03,-0.0414,0.007402,5.24,0.0067,0.000398,26.1,23.766144,86.414618
2026-03-24 03:00:00,N03,-0.0871,0.007758,3.05,0.0069,0.000116,27.3,23.766144,86.414618
2026-03-24 04:00:00,N03,-0.1951,0.005824,4.3,0.0065,0.000163,28.9,23.766144,86.414618
2026-03-24 05:00:00,N03,0.1444,0.005418,6.84,0.0066,3.3e-05,30.7,23.766144,86.414618
2026-03-24 06:00:00,N03,-0.0854,0.005469,3.13,0.0066,0.000187,32.6,23.766144,86.414618
2026-03-24 07:00:00,N03,-0.0571,0.006183,9.09,0.007,0.000264,34.6,23.766144,86.414618
2026-03-24 08:00:00,N03,0.0024,0.005345,2.02,0.0071,0.005121,36.4,23.766144,86.414618
2026-03-24 09:00:00,N03,-0.1135,0.822585,31.76,0.0172,4.5e-05,37.9,23.766144,86.414618
2026-03-24 10:00:00,N03,,,,,,,23.766144,86.414618
2026-03-24 11:00:00,N03,,,,,,,23.766144,86.414618
2026-03-24 12:00:00,N03,0.0516,0.007216,7.98,0.0066,0.005631,40.1,23.766144,86.414618
2026-03-24 13:00:00,N03,,,,,,,23.766144,86.414618
2026-03-24 14:00:00,N03,0.0596,0.650854,26.09,-0.0051,0.004884,39.1,23.766144,86.414618
2026-03-24 15:00:00,N03,0.0298,0.008527,7.63,0.0055,0.005593,37.9,23.766144,86.414618
2026-03-24 16:00:00,N03,,,,,,,23.766144,86.414618
2026-03-24 17:00:00,N03,,,,,,,23.766144,86.414618
2026-03-24 18:00:00,N03,0.3988,0.0059,8.57,0.006,3.9e-05,32.6,23.766144,86.414618
2026-03-24 19:00:00,N03,,,,,,,23.766144,86.414618
2026-03-24 20:00:00,N03,,,,,,,23.766144,86.414618
2026-03-24 21:00:00,N03,,,,,,,23.766144,86.414618
2026-03-24 22:00:00,N03,-0.0998,0.006198,9.24,0.0061,6.7e-05,26.1,23.766144,86.414618
2026-03-24 23:00:00,N03,0.0158,0.005907,7.83,0.0058,0.000279,25.4,23.766144,86.414618
2026-03-25 00:00:00,N03,-0.1403,0.005934,9.74,0.0066,0.000285,29.0,23.766144,86.414618
2026-03-25 01:00:00,N03,0.0482,0.005315,4.69,0.0064,0.000183,29.3,23.766144,86.414618
2026-03-25 02:00:00,N03,-0.1177,0.005132,6.89,0.0063,0.000109,30.0,23.766144,86.414618
2026-03-25 03:00:00,N03,-0.3872,0.006516,8.86,0.0061,0.000324,31.2,23.766144,86.414618
2026-03-25 04:00:00,N03,0.2211,0.006107,6.13,0.0056,0.000485,32.8,23.766144,86.414618
2026-03-25 05:00:00,N03,-0.2093,0.006957,8.78,0.0052,0.004123,34.6,23.766144,86.414618
2026-03-25 06:00:00,N03,0.013,0.567018,35.16,0.0139,0.000191,36.5,23.766144,86.414618
2026-03-25 07:00:00,N03,-0.1993,0.008541,9.77,0.0055,0.004061,38.5,23.766144,86.414618
2026-03-25 08:00:00,N03,0.045,0.006253,6.78,0.0058,0.000326,40.3,23.766144,86.414618
2026-03-25 09:00:00,N03,0.3361,0.007162,5.01,0.0062,0.00035,41.8,23.766144,86.414618
2026-03-25 10:00:00,N03,0.2224,0.007445,7.02,0.0065,0.000615,43.0,23.766144,86.414618
2026-03-25 11:00:00,N03,-0.114,0.005668,7.04,0.0074,0.000504,43.8,23.766144,86.414618
2026-03-25 12:00:00,N03,0.1375,0.006006,2.28,0.0075,0.000115,44.0,23.766144,86.414618
2026-03-25 13:00:00,N03,0.1614,0.006739,5.76,0.0077,5.2e-05,43.8,23.766144,86.414618
2026-03-25 14:00:00,N03,0.018,0.00727,3.94,0.0076,0.000136,43.0,23.766144,86.414618
2026-03-25 15:00:00,N03,0.2779,0.005725,1.67,0.0079,0.000157,41.8,23.766144,86.414618
2026-03-25 16:00:00,N03,-0.1263,0.005106,6.25,0.0073,0.006494,40.3,23.766144,86.414618
2026-03-25 17:00:00,N03,-0.3367,0.889837,36.73,-0.0051,0.000542,38.5,23.766144,86.414618
2026-03-25 18:00:00,N03,0.109,0.0096,9.58,0.0083,0.006981,36.5,23.766144,86.414618
2026-03-25 19:00:00,N03,0.1071,0.008636,2.05,0.0089,4.5e-05,34.6,23.766144,86.414618
2026-03-25 20:00:00,N03,0.0082,0.006813,9.27,0.0082,0.000342,32.8,23.766144,86.414618
2026-03-25 21:00:00,N03,-0.2366,0.005228,9.55,0.0082,6.3e-05,31.2,23.766144,86.414618
2026-03-25 22:00:00,N03,-0.273,0.007306,7.16,0.0084,0.000223,30.0,23.766144,86.414618
2026-03-25 23:00:00,N03,,,,,,,23.766144,86.414618
2026-03-26 00:00:00,N03,,,,,,,23.766144,86.414618
2026-03-26 01:00:00,N03,,,,,,,23.766144,86.414618
2026-03-26 02:00:00,N03,,,,,,,23.766144,86.414618
2026-03-26 03:00:00,N03,0.0148,0.006852,7.18,0.007,0.000403,26.2,23.766144,86.414618
2026-03-26 04:00:00,N03,0.0087,0.005984,7.06,0.0068,3e-05,27.8,23.766144,86.414618
2026-03-26 05:00:00,N03,-0.0716,0.00517,8.25,0.0069,1.7e-05,29.6,23.766144,86.414618
2026-03-26 06:00:00,N03,-0.0616,0.007979,3.26,0.0067,0.000146,31.5,23.766144,86.414618
2026-03-26 07:00:00,N03,0.1358,0.005044,8.43,0.0066,0.000459,33.4,23.766144,86.414618
2026-03-26 08:00:00,N03,-0.0151,0.005468,7.58,0.0058,0.000656,35.3,23.766144,86.414618
2026-03-26 09:00:00,N03,0.2689,0.006828,8.68,0.0053,0.008033,36.8,23.766144,86.414618
2026-03-26 10:00:00,N03,-0.2272,0.962934,44.93,-0.0103,0.008154,38.0,23.766144,86.414618
2026-03-26 11:00:00,N03,,,,,,,23.766144,86.414618
2026-03-26 12:00:00,N03,-0.0821,0.006073,2.3,0.0041,0.0074,39.0,23.766144,86.414618
2026-03-26 13:00:00,N03,-0.1723,0.006111,1.32,0.0038,0.000124,38.7,23.766144,86.414618
2026-03-26 14:00:00,N03,0.0095,0.007258,5.82,0.0043,0.000157,38.0,23.766144,86.414618
2026-03-26 15:00:00,N03,-0.3365,0.005818,8.61,0.0041,0.000399,36.8,23.766144,86.414618
2026-03-26 16:00:00,N03,,,,,,,23.766144,86.414618
2026-03-26 17:00:00,N03,-0.0295,0.005525,3.75,0.0032,0.000203,33.4,23.766144,86.414618
2026-03-26 18:00:00,N03,0.0148,0.005467,9.72,0.0031,0.000161,31.5,23.766144,86.414618
2026-03-26 19:00:00,N03,0.0949,0.007788,2.48,0.0035,3.5e-05,29.6,23.766144,86.414618
2026-03-26 20:00:00,N03,-0.0822,0.006547,6.23,0.0032,0.000668,27.8,23.766144,86.414618
2026-03-26 21:00:00,N03,0.03,0.006007,5.39,0.0022,0.000138,26.2,23.766144,86.414618
2026-03-26 22:00:00,N03,-0.1152,0.005524,2.01,0.0029,0.000915,25.0,23.766144,86.414618
2026-03-26 23:00:00,N03,0.0051,0.006216,5.06,0.004,8.2e-05,24.3,23.766144,86.414618
2026-03-27 00:00:00,N03,0.2672,0.007171,8.32,0.0031,0.000603,25.0,23.766144,86.414618
2026-03-27 01:00:00,N03,-0.1548,0.005541,9.86,0.0028,0.000297,25.3,23.766144,86.414618
2026-03-27 02:00:00,N03,0.3435,0.007944,8.05,0.0025,0.000141,26.0,23.766144,86.414618
2026-03-27 03:00:00,N03,0.2032,0.006052,5.95,0.0031,0.000602,27.2,23.766144,86.414618
2026-03-27 04:00:00,N03,-0.1165,0.007806,5.49,0.0037,0.000495,28.8,23.766144,86.414618
2026-03-27 05:00:00,N03,-0.0675,0.00776,1.02,0.0041,0.0002,30.6,23.766144,86.414618
2026-03-27 06:00:00,N03,,,,,,,23.766144,86.414618
2026-03-27 07:00:00,N03,,,,,,,23.766144,86.414618
2026-03-27 08:00:00,N03,,,,,,,23.766144,86.414618
2026-03-27 09:00:00,N03,0.3287,0.007689,5.49,0.0039,0.000388,37.8,23.766144,86.414618
2026-03-27 10:00:00,N03,0.0803,0.006566,5.07,0.0036,5e-05,39.0,23.766144,86.414618
2026-03-27 11:00:00,N03,,,,,,,23.766144,86.414618
2026-03-27 12:00:00,N03,,,,,,,23.766144,86.414618
2026-03-27 13:00:00,N03,,,,,,,23.766144,86.414618
2026-03-27 14:00:00,N03,,,,,,,23.766144,86.414618
2026-03-27 15:00:00,N03,,,,,,,23.766144,86.414618
2026-03-27 16:00:00,N03,-0.0906,0.005277,8.22,0.0049,0.00019,36.3,23.766144,86.414618
2026-03-27 17:00:00,N03,0.2093,0.009305,9.37,0.0053,5.9e-05,34.4,23.766144,86.414618
2026-03-27 18:00:00,N03,0.0343,0.006443,5.02,0.0051,0.000402,32.5,23.766144,86.414618
2026-03-27 19:00:00,N03,0.2002,0.005533,6.35,0.0045,0.000757,30.6,23.766144,86.414618
2026-03-27 20:00:00,N03,0.2299,0.007077,7.26,0.0035,0.000382,28.8,23.766144,86.414618
2026-03-27 21:00:00,N03,,,,,,,23.766144,86.414618
2026-03-27 22:00:00,N03,,,,,,,23.766144,86.414618
2026-03-27 23:00:00,N03,,,,,,,23.766144,86.414618
2026-03-28 00:00:00,N03,,,,,,,23.766144,86.414618
2026-03-28 01:00:00,N03,-0.0706,0.005091,3.16,0.0041,1.7e-05,29.7,23.766144,86.414618
2026-03-28 02:00:00,N03,0.2866,0.006793,2.84,0.0045,0.000289,30.5,23.766144,86.414618
2026-03-28 03:00:00,N03,-0.2197,0.007648,2.48,0.0047,0.000163,31.6,23.766144,86.414618
2026-03-28 04:00:00,N03,-0.0896,0.005558,3.57,0.0048,2.7e-05,33.2,23.766144,86.414618
2026-03-28 05:00:00,N03,0.4276,0.005452,3.9,0.0048,0.000119,35.0,23.766144,86.414618
2026-03-28 06:00:00,N03,,,,,,,23.766144,86.414618
2026-03-28 07:00:00,N03,,,,,,,23.766144,86.414618
2026-03-28 08:00:00,N03,-0.21,0.65827,23.13,-0.0132,0.00036,40.7,23.766144,86.414618
2026-03-28 09:00:00,N03,,,,,,,23.766144,86.414618
2026-03-28 10:00:00,N03,0.0185,0.008566,6.8,0.0067,0.000193,43.4,23.766144,86.414618
2026-03-28 11:00:00,N03,-0.0195,0.006314,2.89,0.0068,3.9e-05,44.2,23.766144,86.414618
2026-03-28 12:00:00,N03,0.2566,0.006349,8.7,0.0066,0.000137,44.4,23.766144,86.414618
2026-03-28 13:00:00,N03,0.1181,0.00624,5.18,0.0065,5.9e-05,44.2,23.766144,86.414618
2026-03-28 14:00:00,N03,0.0852,0.005684,7.38,0.0068,2.1e-05,43.4,23.766144,86.414618
2026-03-28 15:00:00,N03,0.0811,0.006083,8.95,0.0065,0.000137,42.2,23.766144,86.414618
2026-03-28 16:00:00,N03,-0.1487,0.005262,3.29,0.0065,0.009927,40.7,23.766144,86.414618
2026-03-28 17:00:00,N03,-0.1141,0.619851,24.93,-0.0134,0.003589,38.9,23.766144,86.414618
2026-03-28 18:00:00,N03,-0.2931,0.604681,49.5,-0.0007,0.010326,36.9,23.766144,86.414618
2026-03-28 19:00:00,N03,0.1465,0.005508,2.02,0.0073,0.004079,35.0,23.766144,86.414618
2026-03-28 20:00:00,N03,-0.1636,0.007782,5.66,0.0075,4e-05,33.2,23.766144,86.414618
2026-03-28 21:00:00,N03,0.0146,0.005268,3.76,0.0072,0.00032,31.6,23.766144,86.414618
2026-03-28 22:00:00,N03,-0.0651,0.00756,5.07,0.0081,4.3e-05,30.5,23.766144,86.414618
2026-03-28 23:00:00,N03,0.0345,0.005424,3.78,0.0071,0.00063,29.7,23.766144,86.414618
2026-03-29 00:00:00,N03,,,,,,,23.766144,86.414618
2026-03-29 01:00:00,N03,,,,,,,23.766144,86.414618
2026-03-29 02:00:00,N03,,,,,,,23.766144,86.414618
2026-03-29 03:00:00,N03,,,,,,,23.766144,86.414618
2026-03-29 04:00:00,N03,,,,,,,23.766144,86.414618
2026-03-29 05:00:00,N03,-0.1572,0.007614,6.16,0.006,0.000143,29.0,23.766144,86.414618
2026-03-29 06:00:00,N03,-0.0125,0.00681,7.63,0.0058,0.000296,30.9,23.766144,86.414618
2026-03-29 07:00:00,N03,-0.154,0.005008,2.13,0.0066,0.000726,32.8,23.766144,86.414618
2026-03-29 08:00:00,N03,0.1185,0.006424,6.44,0.0072,0.000345,34.6,23.766144,86.414618
2026-03-29 09:00:00,N03,-0.2265,0.0067,3.82,0.0073,0.007473,36.2,23.766144,86.414618
2026-03-29 10:00:00,N03,0.0623,0.75763,43.83,-0.0077,0.000109,37.4,23.766144,86.414618
2026-03-29 11:00:00,N03,0.2553,0.005887,5.94,0.0075,0.00738,38.1,23.766144,86.414618
2026-03-29 12:00:00,N03,0.1139,0.005621,4.13,0.0071,5e-06,38.4,23.766144,86.414618
2026-03-29 13:00:00,N03,,,,,,,23.766144,86.414618
2026-03-29 14:00:00,N03,,,,,,,23.766144,86.414618
2026-03-29 15:00:00,N03,,,,,,,23.766144,86.414618
2026-03-29 16:00:00,N03,,,,,,,23.766144,86.414618
2026-03-29 17:00:00,N03,0.0467,0.743143,36.62,-0.0027,0.005017,32.8,23.766144,86.414618
2026-03-29 18:00:00,N03,0.2063,0.568728,42.87,-0.0026,0.005111,30.9,23.766144,86.414618
2026-03-29 19:00:00,N03,0.0877,0.008049,2.97,0.0075,0.005037,29.0,23.766144,86.414618
2026-03-29 20:00:00,N03,-0.2951,0.006561,1.5,0.0075,0.000268,27.1,23.766144,86.414618
2026-03-29 21:00:00,N03,-0.2358,0.005701,6.73,0.0081,0.000601,25.6,23.766144,86.414618
2026-03-29 22:00:00,N03,,,,,,,23.766144,86.414618
2026-03-29 23:00:00,N03,,,,,,,23.766144,86.414618
2026-03-30 00:00:00,N03,,,,,,,23.766144,86.414618
2026-03-30 01:00:00,N03,,,,,,,23.766144,86.414618
2026-03-30 02:00:00,N03,,,,,,,23.766144,86.414618
2026-03-30 03:00:00,N03,0.0151,0.005821,1.73,0.0077,0.000243,31.7,23.766144,86.414618
2026-03-30 04:00:00,N03,0.0541,0.007159,2.68,0.0072,0.000403,33.2,23.766144,86.414618
2026-03-30 05:00:00,N03,-0.0091,0.005818,3.64,0.0069,0.005529,35.0,23.766144,86.414618
2026-03-30 06:00:00,N03,-0.14,0.723294,43.85,-0.0039,0.000243,37.0,23.766144,86.414618
2026-03-30 07:00:00,N03,0.0624,0.005961,2.36,0.0064,0.005532,38.9,23.766144,86.414618
2026-03-30 08:00:00,N03,-0.1854,0.006056,3.13,0.0072,0.000372,40.7,23.766144,86.414618
2026-03-30 09:00:00,N03,-0.2554,0.005846,4.08,0.0072,1.6e-05,42.3,23.766144,86.414618
2026-03-30 10:00:00,N03,-0.0651,0.006693,7.45,0.0072,0.000276,43.5,23.766144,86.414618
2026-03-30 11:00:00,N03,0.0949,0.005845,1.89,0.0066,0.000113,44.2,23.766144,86.414618
2026-03-30 12:00:00,N03,-0.0335,0.009236,1.21,0.0074,0.000224,44.5,23.766144,86.414618
2026-03-30 13:00:00,N03,0.1142,0.007652,8.74,0.0071,0.000106,44.2,23.766144,86.414618
2026-03-30 14:00:00,N03,0.1506,0.006926,8.75,0.0072,0.004023,43.5,23.766144,86.414618
2026-03-30 15:00:00,N03,-0.0512,0.872864,24.58,-0.001,0.00402,42.3,23.766144,86.414618
2026-03-30 16:00:00,N03,-0.1792,0.72751,22.8,-0.0008,0.002079,40.7,23.766144,86.414618
2026-03-30 17:00:00,N03,0.1812,0.862882,46.85,-0.0051,0.004274,38.9,23.766144,86.414618
2026-03-30 18:00:00,N03,0.2609,0.00646,8.08,0.0077,0.006309,37.0,23.766144,86.414618
2026-03-30 19:00:00,N03,-0.0892,0.009449,9.68,0.0075,0.000101,35.0,23.766144,86.414618
2026-03-30 20:00:00,N03,0.0829,0.007967,4.82,0.0079,0.000129,33.2,23.766144,86.414618
2026-03-30 21:00:00,N03,-0.0229,0.009786,6.72,0.0077,7e-06,31.7,23.766144,86.414618
2026-03-30 22:00:00,N03,-0.0839,0.006499,2.46,0.0079,1.1e-05,30.5,23.766144,86.414618
2026-03-30 23:00:00,N03,0.0567,0.006218,7.95,0.0077,0.000823,29.7,23.766144,86.414618
2026-03-31 00:00:00,N03,0.3167,0.007443,4.09,0.0096,0.000963,22.8,23.766144,86.414618
2026-03-31 01:00:00,N03,,,,,,,23.766144,86.414618
2026-03-31 02:00:00,N03,,,,,,,23.766144,86.414618
2026-03-31 03:00:00,N03,,,,,,,23.766144,86.414618
2026-03-31 04:00:00,N03,-0.0047,0.008098,6.61,0.0096,2.2e-05,26.5,23.766144,86.414618
2026-03-31 05:00:00,N03,0.024,0.006798,6.31,0.0095,6.7e-05,28.3,23.766144,86.414618
2026-03-31 06:00:00,N03,-0.26,0.006462,8.9,0.0097,0.006573,30.3,23.766144,86.414618
2026-03-31 07:00:00,N03,0.155,0.638057,36.31,-0.0037,0.000517,32.2,23.766144,86.414618
2026-03-31 08:00:00,N03,,,,,,,23.766144,86.414618
2026-03-31 09:00:00,N03,,,,,,,23.766144,86.414618
2026-03-31 10:00:00,N03,,,,,,,23.766144,86.414618
2026-03-31 11:00:00,N03,,,,,,,23.766144,86.414618
2026-03-31 12:00:00,N03,,,,,,,23.766144,86.414618
2026-03-31 13:00:00,N03,0.1383,0.009298,3.11,0.009,9.2e-05,37.5,23.766144,86.414618
2026-03-31 14:00:00,N03,0.1509,0.00787,7.98,0.0092,0.006911,36.8,23.766144,86.414618
2026-03-31 15:00:00,N03,-0.2255,0.557815,16.14,0.0228,0.006785,35.6,23.766144,86.414618
2026-03-31 16:00:00,N03,-0.1002,0.542924,22.4,0.0228,0.00738,34.0,23.766144,86.414618
2026-03-31 17:00:00,N03,-0.2406,0.008594,8.1,0.0081,0.007452,32.2,23.766144,86.414618
2026-03-31 18:00:00,N03,,,,,,,23.766144,86.414618
2026-03-31 19:00:00,N03,,,,,,,23.766144,86.414618
2026-03-31 20:00:00,N03,-0.1392,0.005471,4.18,0.0077,0.000197,26.5,23.766144,86.414618
2026-03-31 21:00:00,N03,0.0293,0.005666,1.69,0.0075,0.0001,25.0,23.766144,86.414618
2026-03-31 22:00:00,N03,-0.0451,0.005804,8.61,0.0075,3e-06,23.8,23.766144,86.414618
2026-03-31 23:00:00,N03,0.1181,0.007603,7.95,0.0075,5.2e-05,23.0,23.766144,86.414618
2026-04-01 00:00:00,N03,-0.0464,0.00674,2.08,0.0074,5.6e-05,22.8,23.766144,86.414618
2026-04-01 01:00:00,N03,-0.1859,0.006622,3.34,0.0076,0.000506,23.1,23.766144,86.414618
2026-04-01 02:00:00,N03,,,,,,,23.766144,86.414618
2026-04-01 03:00:00,N03,,,,,,,23.766144,86.414618
2026-04-01 04:00:00,N03,,,,,,,23.766144,86.414618
2026-04-01 05:00:00,N03,,,,,,,23.766144,86.414618
2026-04-01 06:00:00,N03,,,,,,,23.766144,86.414618
2026-04-01 07:00:00,N03,0.1313,0.005938,4.8,0.0108,0.007587,32.3,23.766144,86.414618
2026-04-01 08:00:00,N03,0.2448,0.007211,2.13,0.0106,5.3e-05,34.1,23.766144,86.414618
2026-04-01 09:00:00,N03,-0.164,0.005068,1.32,0.0109,0.000462,35.6,23.766144,86.414618
2026-04-01 10:00:00,N03,-0.1729,0.007631,2.37,0.0115,0.00337,36.8,23.766144,86.414618
2026-04-01 11:00:00,N03,-0.0246,0.97166,32.94,0.0042,0.004045,37.6,23.766144,86.414618
2026-04-01 12:00:00,N03,0.0266,0.85339,36.41,0.0034,0.003538,37.8,23.766144,86.414618
2026-04-01 13:00:00,N03,0.125,0.007091,7.13,0.0113,0.003877,37.6,23.766144,86.414618
2026-04-01 14:00:00,N03,0.1011,0.006574,3.75,0.0112,0.000282,36.8,23.766144,86.414618
2026-04-01 15:00:00,N03,0.1619,0.006029,9.37,0.0118,0.000222,35.6,23.766144,86.414618
2026-04-01 16:00:00,N03,,,,,,,23.766144,86.414618
2026-04-01 17:00:00,N03,,,,,,,23.766144,86.414618
2026-04-01 18:00:00,N03,0.2891,0.007321,6.74,0.012,0.000334,30.3,23.766144,86.414618
2026-04-01 19:00:00,N03,-0.1312,0.006996,4.97,0.012,0.000232,28.4,23.766144,86.414618
2026-04-01 20:00:00,N03,-0.1098,0.008678,6.64,0.0125,9.3e-05,26.6,23.766144,86.414618
2026-04-01 21:00:00,N03,-0.2248,0.006439,2.74,0.0118,0.000175,25.0,23.766144,86.414618
2026-04-01 22:00:00,N03,,,,,,,23.766144,86.414618
2026-04-01 23:00:00,N03,,,,,,,23.766144,86.414618
2026-04-02 00:00:00,N03,,,,,,,23.766144,86.414618
2026-04-02 01:00:00,N03,-0.2112,0.006215,9.84,0.0124,0.000178,25.0,23.766144,86.414618
2026-04-02 02:00:00,N03,0.0079,0.005915,2.39,0.0117,0.000443,25.8,23.766144,86.414618
2026-04-02 03:00:00,N03,0.0657,0.005046,6.26,0.0115,0.000333,27.0,23.766144,86.414618
2026-04-02 04:00:00,N03,0.1454,0.009855,9.42,0.0111,8.9e-05,28.5,23.766144,86.414618
2026-04-02 05:00:00,N03,-0.0505,0.005941,2.57,0.0113,0.008518,30.3,23.766144,86.414618
2026-04-02 06:00:00,N03,,,,,,,23.766144,86.414618
2026-04-02 07:00:00,N03,,,,,,,23.766144,86.414618
2026-04-02 08:00:00,N03,,,,,,,23.766144,86.414618
2026-04-02 09:00:00,N03,,,,,,,23.766144,86.414618
2026-04-02 10:00:00,N03,-0.1744,0.007833,8.96,0.0118,0.000242,38.8,23.766144,86.414618
2026-04-02 11:00:00,N03,0.1962,0.007695,7.06,0.0123,0.000339,39.5,23.766144,86.414618
2026-04-02 12:00:00,N03,0.0778,0.006591,4.45,0.0125,0.000248,39.8,23.766144,86.414618
2026-04-02 13:00:00,N03,-0.0447,0.005837,4.3,0.0128,8e-05,39.5,23.766144,86.414618
2026-04-02 14:00:00,N03,0.1779,0.005536,8.36,0.0124,0.00011,38.8,23.766144,86.414618
2026-04-02 15:00:00,N03,0.1271,0.006594,7.79,0.013,0.000279,37.6,23.766144,86.414618
2026-04-02 16:00:00,N03,0.1155,0.005654,9.82,0.0129,0.000396,36.0,23.766144,86.414618
2026-04-02 17:00:00,N03,0.0026,0.007003,1.53,0.0122,6.6e-05,34.2,23.766144,86.414618
2026-04-02 18:00:00,N03,-0.1958,0.005141,5.3,0.0128,0.000649,32.3,23.766144,86.414618
2026-04-02 19:00:00,N03,-0.1341,0.005145,9.2,0.0135,0.000722,30.3,23.766144,86.414618
2026-04-02 20:00:00,N03,0.1201,0.005046,2.16,0.0142,0.00063,28.5,23.766144,86.414618
2026-04-02 21:00:00,N03,-0.1142,0.006258,4.12,0.0147,0.000127,27.0,23.766144,86.414618
2026-04-02 22:00:00,N03,-0.295,0.00608,9.69,0.0145,0.000407,25.8,23.766144,86.414618
2026-04-02 23:00:00,N03,0.0577,0.005294,2.28,0.0139,2e-06,25.0,23.766144,86.414618
2026-04-03 00:00:00,N03,0.1831,0.008249,5.66,0.0145,0.000444,24.3,23.766144,86.414618
2026-04-03 01:00:00,N03,0.0375,0.009129,4.26,0.0148,8.4e-05,24.6,23.766144,86.414618
2026-04-03 02:00:00,N03,-0.0079,0.006612,5.35,0.0147,0.000504,25.3,23.766144,86.414618
2026-04-03 03:00:00,N03,-0.1467,0.005687,5.46,0.0158,0.00085,26.5,23.766144,86.414618
2026-04-03 04:00:00,N03,-0.0773,0.007781,4.2,0.0164,0.000821,28.1,23.766144,86.414618
2026-04-03 05:00:00,N03,-0.268,0.009716,2.44,0.0175,0.000285,29.9,23.766144,86.414618
2026-04-03 06:00:00,N03,-0.0507,0.006545,2.85,0.0169,6.6e-05,31.8,23.766144,86.414618
2026-04-03 07:00:00,N03,-0.0393,0.008404,9.41,0.0173,0.004626,33.8,23.766144,86.414618
2026-04-03 08:00:00,N03,0.0224,0.666083,27.78,0.0077,0.000338,35.6,23.766144,86.414618
2026-04-03 09:00:00,N03,0.078,0.007136,5.7,0.018,0.005003,37.1,23.766144,86.414618
2026-04-03 10:00:00,N03,0.1573,0.005903,1.0,0.0177,4.7e-05,38.3,23.766144,86.414618
2026-04-03 11:00:00,N03,-0.0813,0.007139,9.19,0.0179,0.000285,39.1,23.766144,86.414618
2026-04-03 12:00:00,N03,0.1888,0.005585,4.01,0.0183,0.000257,39.3,23.766144,86.414618
2026-04-03 13:00:00,N03,0.1516,0.006096,2.37,0.0184,0.002442,39.1,23.766144,86.414618
2026-04-03 14:00:00,N03,-0.1024,0.503307,27.73,0.0134,0.000441,38.3,23.766144,86.414618
2026-04-03 15:00:00,N03,0.0732,0.00517,9.44,0.0193,0.002836,37.1,23.766144,86.414618
2026-04-03 16:00:00,N03,0.1609,0.005415,6.43,0.019,1.4e-05,35.6,23.766144,86.414618
2026-04-03 17:00:00,N03,0.0192,0.008977,2.55,0.0193,0.000166,33.8,23.766144,86.414618
2026-04-03 18:00:00,N03,-0.0374,0.008699,2.26,0.0187,0.000156,31.8,23.766144,86.414618
2026-04-03 19:00:00,N03,0.0975,0.007591,1.51,0.019,0.000255,29.9,23.766144,86.414618
2026-04-03 20:00:00,N03,0.0569,0.00583,5.62,0.0192,0.000475,28.1,23.766144,86.414618
2026-04-03 21:00:00,N03,-0.0794,0.005527,5.64,0.02,0.000226,26.5,23.766144,86.414618
2026-04-03 22:00:00,N03,-0.2265,0.006027,9.28,0.0197,4.4e-05,25.3,23.766144,86.414618
2026-04-03 23:00:00,N03,-0.0753,0.006415,6.4,0.0199,4.5e-05,24.6,23.766144,86.414618
2026-04-04 00:00:00,N03,0.0457,0.006026,3.36,0.0198,5.9e-05,26.6,23.766144,86.414618
2026-04-04 01:00:00,N03,0.0702,0.007637,8.23,0.02,2.8e-05,26.9,23.766144,86.414618
2026-04-04 02:00:00,N03,0.1297,0.007341,8.98,0.0198,1.1e-05,27.6,23.766144,86.414618
2026-04-04 03:00:00,N03,,,,,,,23.766144,86.414618
2026-04-04 04:00:00,N03,,,,,,,23.766144,86.414618
2026-04-04 05:00:00,N03,,,,,,,23.766144,86.414618
2026-04-04 06:00:00,N03,,,,,,,23.766144,86.414618
2026-04-04 07:00:00,N03,,,,,,,23.766144,86.414618
2026-04-04 08:00:00,N03,,,,,,,23.766144,86.414618
2026-04-04 09:00:00,N03,,,,,,,23.766144,86.414618
2026-04-04 10:00:00,N03,-0.0194,0.008872,1.11,0.0185,7.5e-05,40.6,23.766144,86.414618
2026-04-04 11:00:00,N03,0.2119,0.006772,4.69,0.0183,0.00076,41.4,23.766144,86.414618
2026-04-04 12:00:00,N03,-0.1904,0.00528,2.48,0.017,0.000283,41.6,23.766144,86.414618
2026-04-04 13:00:00,N03,,,,,,,23.766144,86.414618
2026-04-04 14:00:00,N03,,,,,,,23.766144,86.414618
2026-04-04 15:00:00,N03,,,,,,,23.766144,86.414618
2026-04-04 16:00:00,N03,0.0651,0.98115,32.67,0.0257,0.002537,37.9,23.766144,86.414618
2026-04-04 17:00:00,N03,0.0854,0.871421,17.38,0.0125,0.010534,36.1,23.766144,86.414618
2026-04-04 18:00:00,N03,,,,,,,23.766144,86.414618
2026-04-04 19:00:00,N03,,,,,,,23.766144,86.414618
2026-04-04 20:00:00,N03,,,,,,,23.766144,86.414618
2026-04-04 21:00:00,N03,-0.0441,0.006751,6.0,0.0174,6.3e-05,28.8,23.766144,86.414618
2026-04-04 22:00:00,N03,0.0517,0.008276,7.23,0.0178,0.00016,27.6,23.766144,86.414618
2026-04-04 23:00:00,N03,,,,,,,23.766144,86.414618
2026-04-05 00:00:00,N03,,,,,,,23.766144,86.414618
2026-04-05 01:00:00,N03,,,,,,,23.766144,86.414618
2026-04-05 02:00:00,N03,,,,,,,23.766144,86.414618
2026-04-05 03:00:00,N03,0.1588,0.005108,4.64,0.0179,0.000437,31.2,23.766144,86.414618
2026-04-05 04:00:00,N03,0.09,0.005872,4.98,0.0183,0.000135,32.8,23.766144,86.414618
2026-04-05 05:00:00,N03,0.0865,0.005168,8.94,0.0182,3.7e-05,34.6,23.766144,86.414618
2026-04-05 06:00:00,N03,-0.0018,0.0068,8.49,0.0182,0.000116,36.5,23.766144,86.414618
2026-04-05 07:00:00,N03,0.0582,0.007431,2.73,0.0179,4.8e-05,38.5,23.766144,86.414618
2026-04-05 08:00:00,N03,0.2858,0.0082,4.57,0.0181,0.003917,40.3,23.766144,86.414618
2026-04-05 09:00:00,N03,-0.0597,0.518883,39.29,0.0258,0.004088,41.9,23.766144,86.414618
2026-04-05 10:00:00,N03,-0.1557,0.960194,35.38,0.0263,0.010647,43.0,23.766144,86.414618
2026-04-05 11:00:00,N03,-0.0956,0.700156,37.74,0.0045,0.010517,43.8,23.766144,86.414618
2026-04-05 12:00:00,N03,0.1534,0.814072,41.06,0.0052,0.007989,44.0,23.766144,86.414618
2026-04-05 13:00:00,N03,0.1532,0.006516,6.23,0.0204,0.000312,43.8,23.766144,86.414618
2026-04-05 14:00:00,N03,-0.0656,0.536377,36.38,0.0059,0.000258,43.0,23.766144,86.414618
2026-04-05 15:00:00,N03,-0.0343,0.00623,2.98,0.0199,0.007229,41.9,23.766144,86.414618
2026-04-05 16:00:00,N03,0.3171,0.005378,9.25,0.0203,0.000206,40.3,23.766144,86.414618
2026-04-05 17:00:00,N03,-0.2697,0.005359,5.97,0.0195,0.000561,38.5,23.766144,86.414618
2026-04-05 18:00:00,N03,-0.0753,0.007919,4.07,0.0192,0.000173,36.5,23.766144,86.414618
2026-04-05 19:00:00,N03,0.0449,0.005893,5.46,0.0192,0.000221,34.6,23.766144,86.414618
2026-04-05 20:00:00,N03,,,,,,,23.766144,86.414618
2026-04-05 21:00:00,N03,-0.0595,0.008868,3.93,0.0182,0.000179,31.2,23.766144,86.414618
2026-04-05 22:00:00,N03,0.255,0.005463,5.12,0.0184,0.000241,30.1,23.766144,86.414618
2026-04-05 23:00:00,N03,-0.1987,0.005896,8.62,0.0178,0.000115,29.3,23.766144,86.414618
2026-04-06 00:00:00,N03,0.0701,0.006508,9.88,0.0182,0.000338,24.8,23.766144,86.414618
2026-04-06 01:00:00,N03,0.2375,0.007162,7.45,0.0171,0.000603,25.0,23.766144,86.414618
2026-04-06 02:00:00,N03,,,,,,,23.766144,86.414618
2026-04-06 03:00:00,N03,,,,,,,23.766144,86.414618
2026-04-06 04:00:00,N03,,,,,,,23.766144,86.414618
2026-04-06 05:00:00,N03,,,,,,,23.766144,86.414618
2026-04-06 06:00:00,N03,,,,,,,23.766144,86.414618
2026-04-06 07:00:00,N03,,,,,,,23.766144,86.414618
2026-04-06 08:00:00,N03,-0.0634,0.973953,25.24,0.0059,0.005261,36.0,23.766144,86.414618
2026-04-06 09:00:00,N03,-0.0063,0.830474,28.31,0.0059,0.005377,37.6,23.766144,86.414618
2026-04-06 10:00:00,N03,-0.0481,0.005533,9.88,0.0167,0.0057,38.8,23.766144,86.414618
2026-04-06 11:00:00,N03,0.2056,0.008214,6.05,0.0173,0.000626,39.5,23.766144,86.414618
2026-04-06 12:00:00,N03,0.1602,0.00919,3.11,0.0179,0.005774,39.8,23.766144,86.414618
2026-04-06 13:00:00,N03,0.1645,0.739284,33.4,0.0289,0.000344,39.5,23.766144,86.414618
2026-04-06 14:00:00,N03,0.2268,0.005296,9.88,0.0173,0.005956,38.8,23.766144,86.414618
2026-04-06 15:00:00,N03,-0.1505,0.007637,4.48,0.0169,0.000205,37.6,23.766144,86.414618
2026-04-06 16:00:00,N03,0.106,0.00514,7.39,0.0168,0.000178,36.0,23.766144,86.414618
2026-04-06 17:00:00,N03,0.1465,0.006123,9.86,0.0166,0.000242,34.2,23.766144,86.414618
2026-04-06 18:00:00,N03,0.1272,0.005765,9.27,0.0173,0.000378,32.3,23.766144,86.414618
2026-04-06 19:00:00,N03,,,,,,,23.766144,86.414618
2026-04-06 20:00:00,N03,,,,,,,23.766144,86.414618
2026-04-06 21:00:00,N03,,,,,,,23.766144,86.414618
2026-04-06 22:00:00,N03,,,,,,,23.766144,86.414618
2026-04-06 23:00:00,N03,0.1514,0.00747,2.69,0.0169,0.000126,25.0,23.766144,86.414618
2026-04-07 00:00:00,N03,-0.1371,0.005218,3.23,0.0164,0.000464,24.1,23.766144,86.414618
2026-04-07 01:00:00,N03,0.0947,0.005232,7.79,0.016,0.000591,24.4,23.766144,86.414618
2026-04-07 02:00:00,N03,-0.2833,0.007263,5.19,0.0152,0.000684,25.1,23.766144,86.414618
2026-04-07 03:00:00,N03,,,,,,,23.766144,86.414618
2026-04-07 04:00:00,N03,-0.0382,0.005158,8.95,0.0145,2.8e-05,27.9,23.766144,86.414618
2026-04-07 05:00:00,N03,-0.0588,0.005146,5.8,0.0146,0.000723,29.7,23.766144,86.414618
2026-04-07 06:00:00,N03,0.0643,0.00596,7.7,0.0159,0.000594,31.6,23.766144,86.414618
2026-04-07 07:00:00,N03,0.153,0.006483,8.84,0.0158,3.7e-05,33.6,23.766144,86.414618
2026-04-07 08:00:00,N03,-0.0214,0.006161,6.25,0.016,0.000147,35.4,23.766144,86.414618
2026-04-07 09:00:00,N03,0.1372,0.006134,8.23,0.0161,0.000213,36.9,23.766144,86.414618
2026-04-07 10:00:00,N03,-0.0011,0.006531,8.26,0.0164,0.000356,38.1,23.766144,86.414618
2026-04-07 11:00:00,N03,0.0254,0.008296,7.99,0.0168,0.000194,38.9,23.766144,86.414618
2026-04-07 12:00:00,N03,-0.0461,0.007159,1.92,0.0168,0.008492,39.1,23.766144,86.414618
2026-04-07 13:00:00,N03,-0.16,0.611799,37.59,0.0338,0.000638,38.9,23.766144,86.414618
2026-04-07 14:00:00,N03,-0.0577,0.007307,4.82,0.0155,0.009258,38.1,23.766144,86.414618
2026-04-07 15:00:00,N03,-0.1491,0.005293,8.77,0.0153,7.2e-05,36.9,23.766144,86.414618
2026-04-07 16:00:00,N03,0.159,0.008054,1.02,0.0154,0.000354,35.4,23.766144,86.414618
2026-04-07 17:00:00,N03,-0.2267,0.005048,9.26,0.0146,0.000313,33.6,23.766144,86.414618
2026-04-07 18:00:00,N03,0.0636,0.005662,5.14,0.0148,0.000188,31.6,23.766144,86.414618
2026-04-07 19:00:00,N03,0.148,0.005101,9.47,0.015,0.00017,29.7,23.766144,86.414618
2026-04-07 20:00:00,N03,-0.2616,0.00505,6.6,0.0151,0.000201,27.9,23.766144,86.414618
2026-04-07 21:00:00,N03,0.0859,0.006055,6.56,0.0146,0.00032,26.3,23.766144,86.414618
2026-04-07 22:00:00,N03,0.4932,0.005796,6.2,0.0145,0.000913,25.1,23.766144,86.414618
2026-04-07 23:00:00,N03,0.0381,0.005975,9.13,0.0127,0.000308,24.4,23.766144,86.414618
2026-04-08 00:00:00,N03,,,,,,,23.766144,86.414618
2026-04-08 01:00:00,N03,,,,,,,23.766144,86.414618
2026-04-08 02:00:00,N03,,,,,,,23.766144,86.414618
2026-04-08 03:00:00,N03,-0.0663,0.006432,8.05,0.0152,0.0002,26.1,23.766144,86.414618
2026-04-08 04:00:00,N03,,,,,,,23.766144,86.414618
2026-04-08 05:00:00,N03,,,,,,,23.766144,86.414618
2026-04-08 06:00:00,N03,,,,,,,23.766144,86.414618
2026-04-08 07:00:00,N03,,,,,,,23.766144,86.414618
2026-04-08 08:00:00,N03,,,,,,,23.766144,86.414618
2026-04-08 09:00:00,N03,0.0081,0.005805,8.78,0.0151,0.00038,36.7,23.766144,86.414618
2026-04-08 10:00:00,N03,0.0893,0.006147,9.34,0.0147,0.000343,37.9,23.766144,86.414618
2026-04-08 11:00:00,N03,-0.0676,0.006215,8.07,0.0144,0.000144,38.6,23.766144,86.414618
2026-04-08 12:00:00,N03,,,,,,,23.766144,86.414618
2026-04-08 13:00:00,N03,,,,,,,23.766144,86.414618
2026-04-08 14:00:00,N03,,,,,,,23.766144,86.414618
2026-04-08 15:00:00,N03,,,,,,,23.766144,86.414618
2026-04-08 16:00:00,N03,-0.1415,0.005953,4.54,0.0136,0.012045,35.1,23.766144,86.414618
2026-04-08 17:00:00,N03,-0.1935,0.005282,9.7,0.0139,0.000321,33.3,23.766144,86.414618
2026-04-08 18:00:00,N03,-0.0231,0.005335,1.64,0.0142,0.00036,31.4,23.766144,86.414618
2026-04-08 19:00:00,N03,0.0676,0.005847,6.58,0.0146,0.00041,29.4,23.766144,86.414618
2026-04-08 20:00:00,N03,-0.0548,0.005478,7.04,0.015,0.000726,27.6,23.766144,86.414618
2026-04-08 21:00:00,N03,0.0644,0.005827,9.74,0.0161,0.000555,26.1,23.766144,86.414618
2026-04-08 22:00:00,N03,-0.0987,0.005646,2.59,0.0162,3.8e-05,24.9,23.766144,86.414618
2026-04-08 23:00:00,N03,-0.0389,0.005622,8.72,0.0162,0.000557,24.1,23.766144,86.414618
2026-04-09 00:00:00,N03,-0.3412,0.005346,1.1,0.0173,0.000814,24.5,23.766144,86.414618
2026-04-09 01:00:00,N03,-0.0226,0.00641,5.62,0.0178,0.000133,24.7,23.766144,86.414618
2026-04-09 02:00:00,N03,-0.0016,0.007654,4.13,0.0175,1.5e-05,25.5,23.766144,86.414618
2026-04-09 03:00:00,N03,-0.3836,0.005105,5.8,0.0178,0.00022,26.7,23.766144,86.414618
2026-04-09 04:00:00,N03,0.0927,0.007668,8.58,0.018,3.7e-05,28.2,23.766144,86.414618
2026-04-09 05:00:00,N03,-0.2066,0.006812,5.33,0.0177,0.009596,30.0,23.766144,86.414618
2026-04-09 06:00:00,N03,-0.157,0.672111,20.68,0.0372,0.010455,32.0,23.766144,86.414618
2026-04-09 07:00:00,N03,-0.1848,0.8334,32.27,0.0386,0.00874,33.9,23.766144,86.414618
2026-04-09 08:00:00,N03,0.0614,0.007625,4.37,0.0197,0.009183,35.7,23.766144,86.414618
2026-04-09 09:00:00,N03,0.0773,0.005931,6.85,0.0202,0.000355,37.3,23.766144,86.414618
2026-04-09 10:00:00,N03,,,,,,,23.766144,86.414618
2026-04-09 11:00:00,N03,,,,,,,23.766144,86.414618
2026-04-09 12:00:00,N03,,,,,,,23.766144,86.414618
2026-04-09 13:00:00,N03,,,,,,,23.766144,86.414618
2026-04-09 14:00:00,N03,,,,,,,23.766144,86.414618
2026-04-09 15:00:00,N03,0.0835,0.008754,9.28,0.0219,0.000585,37.3,23.766144,86.414618
2026-04-09 16:00:00,N03,0.003,0.00582,1.64,0.0234,0.000711,35.7,23.766144,86.414618
2026-04-09 17:00:00,N03,0.0659,0.005772,8.79,0.0233,0.000248,33.9,23.766144,86.414618
2026-04-09 18:00:00,N03,-0.0591,0.008226,8.09,0.0239,0.000196,32.0,23.766144,86.414618
2026-04-09 19:00:00,N03,0.1222,0.006692,9.05,0.0237,1.9e-05,30.0,23.766144,86.414618
2026-04-09 20:00:00,N03,,,,,,,23.766144,86.414618
2026-04-09 21:00:00,N03,,,,,,,23.766144,86.414618
2026-04-09 22:00:00,N03,,,,,,,23.766144,86.414618
2026-04-09 23:00:00,N03,,,,,,,23.766144,86.414618
2026-04-10 00:00:00,N03,,,,,,,23.766144,86.414618
2026-04-10 01:00:00,N03,,,,,,,23.766144,86.414618
2026-04-10 02:00:00,N03,-0.1344,0.0074,2.19,0.0255,0.000133,29.5,23.766144,86.414618
2026-04-10 03:00:00,N03,0.4199,0.005165,4.2,0.0253,0.000342,30.7,23.766144,86.414618
2026-04-10 04:00:00,N03,-0.1268,0.005484,2.28,0.0248,5.8e-05,32.3,23.766144,86.414618
2026-04-10 05:00:00,N03,-0.1185,0.008717,7.2,0.0252,0.000579,34.1,23.766144,86.414618
2026-04-10 06:00:00,N03,-0.2304,0.005122,2.15,0.026,0.000401,36.0,23.766144,86.414618
2026-04-10 07:00:00,N03,-0.1021,0.007542,3.2,0.026,3.5e-05,38.0,23.766144,86.414618
2026-04-10 08:00:00,N03,,,,,,,23.766144,86.414618
2026-04-10 09:00:00,N03,,,,,,,23.766144,86.414618
2026-04-10 10:00:00,N03,,,,,,,23.766144,86.414618
2026-04-10 11:00:00,N03,,,,,,,23.766144,86.414618
2026-04-10 12:00:00,N03,0.0031,0.008902,6.13,0.0246,0.000125,43.5,23.766144,86.414618
2026-04-10 13:00:00,N03,0.1097,0.006692,6.85,0.0247,0.00014,43.3,23.766144,86.414618
2026-04-10 14:00:00,N03,,,,,,,23.766144,86.414618
2026-04-10 15:00:00,N03,,,,,,,23.766144,86.414618
2026-04-10 16:00:00,N03,,,,,,,23.766144,86.414618
2026-04-10 17:00:00,N03,,,,,,,23.766144,86.414618
2026-04-10 18:00:00,N03,,,,,,,23.766144,86.414618
2026-04-10 19:00:00,N03,,,,,,,23.766144,86.414618
2026-04-10 20:00:00,N03,,,,,,,23.766144,86.414618
2026-04-10 21:00:00,N03,,,,,,,23.766144,86.414618
2026-04-10 22:00:00,N03,,,,,,,23.766144,86.414618
2026-04-10 23:00:00,N03,,,,,,,23.766144,86.414618
2026-04-11 00:00:00,N03,0.228,0.006667,8.25,0.0226,0.000338,25.7,23.766144,86.414618
2026-04-11 01:00:00,N03,0.2506,0.005344,9.36,0.0226,4.1e-05,26.0,23.766144,86.414618
2026-04-11 02:00:00,N03,-0.0289,0.006891,6.82,0.0225,5.5e-05,26.8,23.766144,86.414618
2026-04-11 03:00:00,N03,0.2573,0.008112,7.91,0.0227,4.9e-05,27.9,23.766144,86.414618
2026-04-11 04:00:00,N03,0.0682,0.005724,9.69,0.0224,0.000502,29.5,23.766144,86.414618
2026-04-11 05:00:00,N03,0.1372,0.006154,2.5,0.0217,0.005329,31.3,23.766144,86.414618
2026-04-11 06:00:00,N03,,,,,,,23.766144,86.414618
2026-04-11 07:00:00,N03,-0.0462,0.007902,4.15,0.021,0.005787,35.2,23.766144,86.414618
2026-04-11 08:00:00,N03,0.2054,0.007426,2.39,0.0215,6e-06,37.0,23.766144,86.414618
2026-04-11 09:00:00,N03,-0.2543,0.007098,7.52,0.021,4e-05,38.6,23.766144,86.414618
2026-04-11 10:00:00,N03,-0.036,0.005465,1.95,0.0214,0.000184,39.7,23.766144,86.414618
2026-04-11 11:00:00,N03,0.1728,0.00668,6.5,0.0214,0.000207,40.5,23.766144,86.414618
2026-04-11 12:00:00,N03,-0.1054,0.007407,1.56,0.0218,0.000282,40.7,23.766144,86.414618
2026-04-11 13:00:00,N03,-0.1425,0.006518,9.06,0.0219,0.000169,40.5,23.766144,86.414618
2026-04-11 14:00:00,N03,0.161,0.006524,6.25,0.0215,4.6e-05,39.7,23.766144,86.414618
2026-04-11 15:00:00,N03,-0.2442,0.006934,5.69,0.0218,0.006524,38.6,23.766144,86.414618
2026-04-11 16:00:00,N03,0.0283,0.955109,41.76,0.0084,0.009824,37.0,23.766144,86.414618
2026-04-11 17:00:00,N03,-0.1677,0.859141,35.91,0.0022,0.00298,35.2,23.766144,86.414618
2026-04-11 18:00:00,N03,-0.0664,0.800002,44.56,0.0025,0.009941,33.2,23.766144,86.414618
2026-04-11 19:00:00,N03,0.0422,0.008303,8.8,0.0221,0.009757,31.3,23.766144,86.414618
2026-04-11 20:00:00,N03,0.1349,0.006604,1.53,0.022,0.00016,29.5,23.766144,86.414618
2026-04-11 21:00:00,N03,-0.2194,0.009483,3.82,0.0217,7.4e-05,27.9,23.766144,86.414618
2026-04-11 22:00:00,N03,-0.0606,0.007657,1.93,0.0221,0.000288,26.8,23.766144,86.414618
2026-04-11 23:00:00,N03,-0.034,0.005495,7.41,0.0212,0.000625,26.0,23.766144,86.414618
2026-04-12 00:00:00,N03,-0.1155,0.005923,3.17,0.0209,0.000112,24.2,23.766144,86.414618
2026-04-12 01:00:00,N03,0.0582,0.007047,3.13,0.0209,8.4e-05,24.4,23.766144,86.414618
2026-04-12 02:00:00,N03,,,,,,,23.766144,86.414618
2026-04-12 03:00:00,N03,,,,,,,23.766144,86.414618
2026-04-12 04:00:00,N03,,,,,,,23.766144,86.414618
2026-04-12 05:00:00,N03,-0.1696,0.00518,9.37,0.0211,0.000205,29.8,23.766144,86.414618
2026-04-12 06:00:00,N03,-0.1688,0.006537,2.03,0.0213,0.000135,31.7,23.766144,86.414618
2026-04-12 07:00:00,N03,0.0016,0.006063,9.15,0.0209,0.000723,33.6,23.766144,86.414618
2026-04-12 08:00:00,N03,-0.0754,0.005381,7.54,0.0199,0.012732,35.4,23.766144,86.414618
2026-04-12 09:00:00,N03,0.0161,0.848856,17.34,-0.0046,0.000244,37.0,23.766144,86.414618
2026-04-12 10:00:00,N03,,,,,,,23.766144,86.414618
2026-04-12 11:00:00,N03,,,,,,,23.766144,86.414618
2026-04-12 12:00:00,N03,,,,,,,23.766144,86.414618
2026-04-12 13:00:00,N03,0.0976,0.006114,3.07,0.0195,0.000493,38.9,23.766144,86.414618
2026-04-12 14:00:00,N03,-0.0017,0.005949,2.46,0.0192,0.002959,38.2,23.766144,86.414618
2026-04-12 15:00:00,N03,-0.0165,0.725275,27.41,0.0135,0.000564,37.0,23.766144,86.414618
2026-04-12 16:00:00,N03,0.2279,0.005801,9.11,0.0203,0.00336,35.4,23.766144,86.414618
2026-04-12 17:00:00,N03,0.1236,0.008895,3.17,0.0203,2.4e-05,33.6,23.766144,86.414618
2026-04-12 18:00:00,N03,0.0478,0.005264,2.39,0.0203,0.000663,31.7,23.766144,86.414618
2026-04-12 19:00:00,N03,-0.0127,0.005834,3.13,0.0216,0.000981,29.8,23.766144,86.414618
2026-04-12 20:00:00,N03,0.0378,0.007318,5.66,0.0222,2e-06,27.9,23.766144,86.414618
2026-04-12 21:00:00,N03,-0.0688,0.00523,5.87,0.0216,0.000409,26.4,23.766144,86.414618
2026-04-12 22:00:00,N03,-0.1304,0.007135,5.03,0.0214,1.6e-05,25.2,23.766144,86.414618
2026-04-12 23:00:00,N03,,,,,,,23.766144,86.414618
2026-04-13 00:00:00,N03,,,,,,,23.766144,86.414618
2026-04-13 01:00:00,N03,,,,,,,23.766144,86.414618
2026-04-13 02:00:00,N03,,,,,,,23.766144,86.414618
2026-04-13 03:00:00,N03,,,,,,,23.766144,86.414618
2026-04-13 04:00:00,N03,-0.0772,0.005978,9.39,0.0216,0.000378,29.0,23.766144,86.414618
2026-04-13 05:00:00,N03,0.0229,0.006273,2.9,0.0211,0.000134,30.8,23.766144,86.414618
2026-04-13 06:00:00,N03,0.0779,0.006012,5.22,0.0219,0.000413,32.8,23.766144,86.414618
2026-04-13 07:00:00,N03,-0.077,0.005031,1.32,0.0219,0.000245,34.7,23.766144,86.414618
2026-04-13 08:00:00,N03,-0.1933,0.007761,3.86,0.0214,0.000263,36.5,23.766144,86.414618
2026-04-13 09:00:00,N03,0.0139,0.005169,4.98,0.0214,1.8e-05,38.1,23.766144,86.414618
2026-04-13 10:00:00,N03,-0.0111,0.006096,9.97,0.0214,0.000296,39.2,23.766144,86.414618
2026-04-13 11:00:00,N03,-0.0842,0.005326,6.27,0.022,0.000267,40.0,23.766144,86.414618
2026-04-13 12:00:00,N03,0.3487,0.006882,1.13,0.0219,0.000489,40.3,23.766144,86.414618
2026-04-13 13:00:00,N03,-0.1178,0.005127,4.72,0.0229,0.000792,40.0,23.766144,86.414618
2026-04-13 14:00:00,N03,0.1431,0.008884,8.12,0.0235,6.9e-05,39.2,23.766144,86.414618
2026-04-13 15:00:00,N03,0.1746,0.008941,3.41,0.0231,0.000261,38.1,23.766144,86.414618
2026-04-13 16:00:00,N03,0.1886,0.006737,4.36,0.023,0.005768,36.5,23.766144,86.414618
2026-04-13 17:00:00,N03,0.2288,0.812398,22.27,0.0115,0.005899,34.7,23.766144,86.414618
2026-04-13 18:00:00,N03,0.0833,0.861818,45.96,0.0112,0.005871,32.8,23.766144,86.414618
2026-04-13 19:00:00,N03,0.068,0.005516,1.9,0.0233,0.006258,30.8,23.766144,86.414618
2026-04-13 20:00:00,N03,0.036,0.00747,9.19,0.0237,0.000526,29.0,23.766144,86.414618
2026-04-13 21:00:00,N03,0.0586,0.005363,8.33,0.0243,0.000281,27.4,23.766144,86.414618
2026-04-13 22:00:00,N03,0.1698,0.005144,6.42,0.0243,0.000369,26.3,23.766144,86.414618
2026-04-13 23:00:00,N03,-0.115,0.010214,7.54,0.0251,0.000474,25.5,23.766144,86.414618
2026-04-14 00:00:00,N03,0.1132,0.008926,2.36,0.0252,8.5e-05,25.5,23.766144,86.414618
2026-04-14 01:00:00,N03,-0.0614,0.007352,8.64,0.0252,8.3e-05,25.7,23.766144,86.414618
2026-04-14 02:00:00,N03,-0.1623,0.005811,1.82,0.0254,0.000434,26.5,23.766144,86.414618
2026-04-14 03:00:00,N03,0.1591,0.005325,7.98,0.0261,0.000848,27.7,23.766144,86.414618
2026-04-14 04:00:00,N03,,,,,,,23.766144,86.414618
2026-04-14 05:00:00,N03,,,,,,,23.766144,86.414618
2026-04-14 06:00:00,N03,,,,,,,23.766144,86.414618
2026-04-14 07:00:00,N03,0.0903,0.005563,6.81,0.0265,0.006451,34.9,23.766144,86.414618
2026-04-14 08:00:00,N03,0.0982,0.964729,27.47,0.0135,0.000536,36.7,23.766144,86.414618
2026-04-14 09:00:00,N03,0.1526,0.007823,6.2,0.0276,0.007345,38.3,23.766144,86.414618
2026-04-14 10:00:00,N03,0.0302,0.007443,5.97,0.0282,0.000271,39.5,23.766144,86.414618
2026-04-14 11:00:00,N03,0.1608,0.006018,3.71,0.0281,0.000351,40.2,23.766144,86.414618
2026-04-14 12:00:00,N03,-0.0525,0.00565,4.62,0.0289,0.000595,40.5,23.766144,86.414618
2026-04-14 13:00:00,N03,-0.0535,0.008136,6.7,0.0293,0.000131,40.2,23.766144,86.414618
2026-04-14 14:00:00,N03,-0.2203,0.006353,4.7,0.0292,0.000114,39.5,23.766144,86.414618
2026-04-14 15:00:00,N03,0.0434,0.00559,3.2,0.0291,0.000273,38.3,23.766144,86.414618
2026-04-14 16:00:00,N03,,,,,,,23.766144,86.414618
2026-04-14 17:00:00,N03,0.1441,0.006164,6.48,0.0287,0.000163,34.9,23.766144,86.414618
2026-04-14 18:00:00,N03,0.0131,0.006583,2.32,0.0283,0.000207,33.0,23.766144,86.414618
2026-04-14 19:00:00,N03,,,,,,,23.766144,86.414618
2026-04-14 20:00:00,N03,,,,,,,23.766144,86.414618
2026-04-14 21:00:00,N03,,,,,,,23.766144,86.414618
2026-04-14 22:00:00,N03,0.0448,0.009255,3.15,0.0271,0.000304,26.5,23.766144,86.414618
2026-04-14 23:00:00,N03,0.0157,0.006909,8.26,0.027,0.000275,25.7,23.766144,86.414618
2026-04-15 00:00:00,N03,-0.189,0.00532,1.19,0.0277,0.000135,22.3,23.766144,86.414618
2026-04-15 01:00:00,N03,0.0373,0.008929,5.18,0.0273,0.000231,22.6,23.766144,86.414618
2026-04-15 02:00:00,N03,,,,,,,23.766144,86.414618
2026-04-15 03:00:00,N03,,,,,,,23.766144,86.414618
2026-04-15 04:00:00,N03,,,,,,,23.766144,86.414618
2026-04-15 05:00:00,N03,,,,,,,23.766144,86.414618
2026-04-15 06:00:00,N03,,,,,,,23.766144,86.414618
2026-04-15 07:00:00,N03,-0.0508,0.005281,8.05,0.0286,0.0,31.8,23.766144,86.414618
2026-04-15 08:00:00,N03,0.2401,0.007867,4.89,0.028,0.00049,33.6,23.766144,86.414618
2026-04-15 09:00:00,N03,0.1006,0.0078,7.54,0.0276,0.004774,35.1,23.766144,86.414618
2026-04-15 10:00:00,N03,0.143,0.74057,27.41,0.0185,0.004961,36.3,23.766144,86.414618
2026-04-15 11:00:00,N03,-0.0559,0.744037,49.81,0.0177,0.004369,37.1,23.766144,86.414618
2026-04-15 12:00:00,N03,-0.0534,0.006638,9.66,0.0272,0.004692,37.3,23.766144,86.414618
2026-04-15 13:00:00,N03,0.1531,0.005471,5.12,0.0271,2.1e-05,37.1,23.766144,86.414618
2026-04-15 14:00:00,N03,,,,,,,23.766144,86.414618
2026-04-15 15:00:00,N03,-0.1309,0.007825,4.02,0.0269,0.000238,35.1,23.766144,86.414618
2026-04-15 16:00:00,N03,,,,,,,23.766144,86.414618
2026-04-15 17:00:00,N03,,,,,,,23.766144,86.414618
2026-04-15 18:00:00,N03,,,,,,,23.766144,86.414618
2026-04-15 19:00:00,N03,-0.1384,0.009183,7.73,0.0261,0.000379,27.9,23.766144,86.414618
2026-04-15 20:00:00,N03,-0.2016,0.006856,4.83,0.026,0.000372,26.1,23.766144,86.414618
2026-04-15 21:00:00,N03,-0.1166,0.007497,7.67,0.0269,0.000134,24.5,23.766144,86.414618
2026-04-15 22:00:00,N03,0.0109,0.00662,9.1,0.0263,0.00017,23.3,23.766144,86.414618
2026-04-15 23:00:00,N03,0.1042,0.005188,3.97,0.0272,0.000528,22.6,23.766144,86.414618
2026-04-16 00:00:00,N03,,,,,,,23.766144,86.414618
2026-04-16 01:00:00,N03,,,,,,,23.766144,86.414618
2026-04-16 02:00:00,N03,,,,,,,23.766144,86.414618
2026-04-16 03:00:00,N03,0.0565,0.005699,8.77,0.029,0.00029,32.1,23.766144,86.414618
2026-04-16 04:00:00,N03,,,,,,,23.766144,86.414618
2026-04-16 05:00:00,N03,,,,,,,23.766144,86.414618
2026-04-16 06:00:00,N03,,,,,,,23.766144,86.414618
2026-04-16 07:00:00,N03,,,,,,,23.766144,86.414618
2026-04-16 08:00:00,N03,,,,,,,23.766144,86.414618
2026-04-16 09:00:00,N03,,,,,,,23.766144,86.414618
2026-04-16 10:00:00,N03,,,,,,,23.766144,86.414618
2026-04-16 11:00:00,N03,0.2808,0.006325,5.02,0.0289,0.000394,44.6,23.766144,86.414618
2026-04-16 12:00:00,N03,0.2389,0.006039,6.07,0.0293,0.000255,44.9,23.766144,86.414618
2026-04-16 13:00:00,N03,0.3658,0.007157,3.15,0.0294,0.000294,44.6,23.766144,86.414618
2026-04-16 14:00:00,N03,-0.1529,0.006954,4.22,0.0299,1.5e-05,43.9,23.766144,86.414618
2026-04-16 15:00:00,N03,-0.1683,0.005769,8.55,0.0294,0.000168,42.7,23.766144,86.414618
2026-04-16 16:00:00,N03,0.1626,0.006267,6.4,0.0302,0.000106,41.1,23.766144,86.414618
2026-04-16 17:00:00,N03,0.1088,0.006689,1.9,0.0296,3e-06,39.3,23.766144,86.414618
2026-04-16 18:00:00,N03,-0.2341,0.005258,6.52,0.0302,0.00092,37.4,23.766144,86.414618
2026-04-16 19:00:00,N03,0.191,0.005589,8.93,0.0315,0.000669,35.4,23.766144,86.414618
2026-04-16 20:00:00,N03,,,,,,,23.766144,86.414618
2026-04-16 21:00:00,N03,,,,,,,23.766144,86.414618
2026-04-16 22:00:00,N03,,,,,,,23.766144,86.414618
2026-04-16 23:00:00,N03,0.1478,0.005352,7.34,0.0312,0.000254,30.1,23.766144,86.414618
2026-04-17 00:00:00,N03,0.1831,0.005279,3.8,0.0312,0.000195,24.6,23.766144,86.414618
2026-04-17 01:00:00,N03,-0.1818,0.005588,5.43,0.0308,0.000256,24.9,23.766144,86.414618
2026-04-17 02:00:00,N03,0.2158,0.006042,7.45,0.0306,9.5e-05,25.6,23.766144,86.414618
2026-04-17 03:00:00,N03,0.1074,0.005609,5.0,0.0306,0.000309,26.8,23.766144,86.414618
2026-04-17 04:00:00,N03,-0.0854,0.005156,1.04,0.03,0.000506,28.4,23.766144,86.414618
2026-04-17 05:00:00,N03,0.1275,0.007533,5.64,0.0296,0.000376,30.2,23.766144,86.414618
2026-04-17 06:00:00,N03,-0.4302,0.006999,6.08,0.0293,0.000105,32.1,23.766144,86.414618
2026-04-17 07:00:00,N03,-0.0671,0.005329,9.01,0.0294,5.5e-05,34.0,23.766144,86.414618
2026-04-17 08:00:00,N03,0.0601,0.007893,8.51,0.0292,0.000147,35.9,23.766144,86.414618
2026-04-17 09:00:00,N03,,,,,,,23.766144,86.414618
2026-04-17 10:00:00,N03,-0.036,0.923638,36.33,0.0214,0.00039,38.6,23.766144,86.414618
2026-04-17 11:00:00,N03,0.1268,0.006871,1.78,0.0284,0.003568,39.4,23.766144,86.414618
2026-04-17 12:00:00,N03,,,,,,,23.766144,86.414618
2026-04-17 13:00:00,N03,,,,,,,23.766144,86.414618
2026-04-17 14:00:00,N03,,,,,,,23.766144,86.414618
2026-04-17 15:00:00,N03,-0.058,0.840458,34.07,0.001,0.013304,37.4,23.766144,86.414618
2026-04-17 16:00:00,N03,,,,,,,23.766144,86.414618
2026-04-17 17:00:00,N03,,,,,,,23.766144,86.414618
2026-04-17 18:00:00,N03,,,,,,,23.766144,86.414618
2026-04-17 19:00:00,N03,0.0656,0.006659,8.86,0.0279,0.000295,30.2,23.766144,86.414618
2026-04-17 20:00:00,N03,-0.1899,0.008062,2.91,0.0274,0.000101,28.4,23.766144,86.414618
2026-04-17 21:00:00,N03,0.1617,0.005183,9.54,0.0277,0.000571,26.8,23.766144,86.414618
2026-04-17 22:00:00,N03,0.064,0.006659,7.39,0.0286,0.000128,25.6,23.766144,86.414618
2026-04-17 23:00:00,N03,-0.137,0.006202,6.83,0.028,0.000213,24.9,23.766144,86.414618
2026-04-18 00:00:00,N03,-0.2075,0.005452,2.96,0.0282,4.1e-05,23.1,23.766144,86.414618
2026-04-18 01:00:00,N03,-0.1538,0.008678,6.46,0.0279,4.2e-05,23.4,23.766144,86.414618
2026-04-18 02:00:00,N03,-0.1297,0.005341,9.21,0.0282,8.4e-05,24.1,23.766144,86.414618
2026-04-18 03:00:00,N03,0.0194,0.006048,7.76,0.0281,0.00018,25.3,23.766144,86.414618
2026-04-18 04:00:00,N03,-0.0336,0.00662,3.45,0.0286,0.000198,26.8,23.766144,86.414618
2026-04-18 05:00:00,N03,-0.076,0.010595,5.21,0.0277,0.000417,28.7,23.766144,86.414618
2026-04-18 06:00:00,N03,0.0908,0.006603,5.2,0.0278,0.000318,30.6,23.766144,86.414618
2026-04-18 07:00:00,N03,-0.0989,0.008146,9.37,0.0283,8.6e-05,32.5,23.766144,86.414618
2026-04-18 08:00:00,N03,0.0587,0.006522,2.57,0.0279,0.005025,34.3,23.766144,86.414618
2026-04-18 09:00:00,N03,0.0952,0.592439,48.97,0.0383,0.000166,35.9,23.766144,86.414618
2026-04-18 10:00:00,N03,0.0259,0.005034,3.31,0.0283,0.005009,37.1,23.766144,86.414618
2026-04-18 11:00:00,N03,0.0227,0.006839,6.69,0.0283,0.000137,37.8,23.766144,86.414618
2026-04-18 12:00:00,N03,0.0175,0.005644,2.23,0.0285,0.006077,38.1,23.766144,86.414618
2026-04-18 13:00:00,N03,-0.1126,0.52124,49.08,0.0162,0.00624,37.8,23.766144,86.414618
2026-04-18 14:00:00,N03,-0.0109,0.814316,36.06,0.0161,0.006772,37.1,23.766144,86.414618
2026-04-18 15:00:00,N03,-0.0384,0.009997,9.2,0.0297,0.007023,35.9,23.766144,86.414618
2026-04-18 16:00:00,N03,,,,,,,23.766144,86.414618
2026-04-18 17:00:00,N03,,,,,,,23.766144,86.414618
2026-04-18 18:00:00,N03,,,,,,,23.766144,86.414618
2026-04-18 19:00:00,N03,,,,,,,23.766144,86.414618
2026-04-18 20:00:00,N03,,,,,,,23.766144,86.414618
2026-04-18 21:00:00,N03,,,,,,,23.766144,86.414618
2026-04-18 22:00:00,N03,,,,,,,23.766144,86.414618
2026-04-18 23:00:00,N03,,,,,,,23.766144,86.414618
2026-04-19 00:00:00,N03,-0.0217,0.006562,1.97,0.0288,0.000209,28.9,23.766144,86.414618
2026-04-19 01:00:00,N03,-0.1567,0.007063,1.77,0.0287,0.000328,29.1,23.766144,86.414618
2026-04-19 02:00:00,N03,0.0424,0.008817,9.28,0.0294,0.000192,29.9,23.766144,86.414618
2026-04-19 03:00:00,N03,-0.0362,0.007512,5.21,0.029,0.00011,31.1,23.766144,86.414618
2026-04-19 04:00:00,N03,0.2267,0.007637,6.31,0.0292,0.000112,32.6,23.766144,86.414618
2026-04-19 05:00:00,N03,0.1974,0.005594,6.57,0.0293,0.003346,34.5,23.766144,86.414618
2026-04-19 06:00:00,N03,-0.1347,0.708283,30.27,0.0225,0.000674,36.4,23.766144,86.414618
2026-04-19 07:00:00,N03,-0.0111,0.008582,8.86,0.0306,0.00397,38.3,23.766144,86.414618
2026-04-19 08:00:00,N03,0.1476,0.005405,6.52,0.0304,8.3e-05,40.1,23.766144,86.414618
2026-04-19 09:00:00,N03,0.1511,0.005746,7.36,0.0308,6.1e-05,41.7,23.766144,86.414618
2026-04-19 10:00:00,N03,0.0153,0.006325,5.3,0.0306,0.000632,42.9,23.766144,86.414618
2026-04-19 11:00:00,N03,0.2031,0.007686,4.14,0.0295,0.000486,43.6,23.766144,86.414618
2026-04-19 12:00:00,N03,,,,,,,23.766144,86.414618
2026-04-19 13:00:00,N03,,,,,,,23.766144,86.414618
2026-04-19 14:00:00,N03,,,,,,,23.766144,86.414618
2026-04-19 15:00:00,N03,,,,,,,23.766144,86.414618
2026-04-19 16:00:00,N03,,,,,,,23.766144,86.414618
2026-04-19 17:00:00,N03,-0.0857,0.005899,6.97,0.0285,0.005735,38.3,23.766144,86.414618
2026-04-19 18:00:00,N03,0.0197,0.005385,4.62,0.0293,0.000775,36.4,23.766144,86.414618
2026-04-19 19:00:00,N03,0.2657,0.006805,7.3,0.0301,6e-05,34.5,23.766144,86.414618
2026-04-19 20:00:00,N03,-0.0253,0.005391,3.87,0.0294,0.000347,32.6,23.766144,86.414618
2026-04-19 21:00:00,N03,-0.0038,0.005168,7.36,0.0294,5.1e-05,31.1,23.766144,86.414618
2026-04-19 22:00:00,N03,-0.1004,0.00864,3.33,0.0293,7.2e-05,29.9,23.766144,86.414618
2026-04-19 23:00:00,N03,0.1846,0.006444,1.36,0.0295,0.000301,29.1,23.766144,86.414618
2026-04-20 00:00:00,N03,-0.0594,0.005373,9.36,0.0287,0.000516,23.8,23.766144,86.414618
2026-04-20 01:00:00,N03,0.268,0.006134,2.14,0.0285,4.8e-05,24.1,23.766144,86.414618
2026-04-20 02:00:00,N03,,,,,,,23.766144,86.414618
2026-04-20 03:00:00,N03,,,,,,,23.766144,86.414618
2026-04-20 04:00:00,N03,,,,,,,23.766144,86.414618
2026-04-20 05:00:00,N03,,,,,,,23.766144,86.414618
2026-04-20 06:00:00,N03,-0.0809,0.007287,9.66,0.027,0.000228,31.3,23.766144,86.414618
2026-04-20 07:00:00,N03,-0.1794,0.007599,7.9,0.0265,0.00031,33.3,23.766144,86.414618
2026-04-20 08:00:00,N03,,,,,,,23.766144,86.414618
2026-04-20 09:00:00,N03,-0.0329,0.005344,6.92,0.0271,0.000458,36.6,23.766144,86.414618
2026-04-20 10:00:00,N03,0.2622,0.005765,8.6,0.0273,0.000352,37.8,23.766144,86.414618
2026-04-20 11:00:00,N03,-0.0974,0.006705,8.34,0.0278,0.000107,38.6,23.766144,86.414618
2026-04-20 12:00:00,N03,0.2197,0.006924,6.96,0.0276,4.9e-05,38.8,23.766144,86.414618
2026-04-20 13:00:00,N03,0.1212,0.006026,4.56,0.0277,0.009577,38.6,23.766144,86.414618
2026-04-20 14:00:00,N03,-0.0408,0.84277,23.35,0.0084,0.000443,37.8,23.766144,86.414618
2026-04-20 15:00:00,N03,-0.0061,0.006331,3.8,0.0286,0.016714,36.6,23.766144,86.414618
2026-04-20 16:00:00,N03,,,,,,,23.766144,86.414618
2026-04-20 17:00:00,N03,,,,,,,23.766144,86.414618
2026-04-20 18:00:00,N03,,,,,,,23.766144,86.414618
2026-04-20 19:00:00,N03,,,,,,,23.766144,86.414618
2026-04-20 20:00:00,N03,,,,,,,23.766144,86.414618
2026-04-20 21:00:00,N03,-0.1792,0.006167,5.57,0.0294,6.5e-05,26.0,23.766144,86.414618
2026-04-20 22:00:00,N03,0.0521,0.006116,8.06,0.0292,0.000103,24.8,23.766144,86.414618
2026-04-20 23:00:00,N03,,,,,,,23.766144,86.414618
2026-04-21 00:00:00,N03,,,,,,,23.766144,86.414618
2026-04-21 01:00:00,N03,-0.1005,0.007736,9.8,0.0284,1.5e-05,24.3,23.766144,86.414618
2026-04-21 02:00:00,N03,-0.0453,0.005617,6.25,0.0284,0.000301,25.0,23.766144,86.414618
2026-04-21 03:00:00,N03,,,,,,,23.766144,86.414618
2026-04-21 04:00:00,N03,,,,,,,23.766144,86.414618
2026-04-21 05:00:00,N03,0.2009,0.005295,4.18,0.0288,0.000184,29.6,23.766144,86.414618
2026-04-21 06:00:00,N03,-0.1285,0.006807,4.37,0.0286,0.000397,31.5,23.766144,86.414618
2026-04-21 07:00:00,N03,-0.0124,0.005458,8.6,0.028,0.000386,33.5,23.766144,86.414618
2026-04-21 08:00:00,N03,0.1701,0.006972,9.31,0.0278,3.3e-05,35.3,23.766144,86.414618
2026-04-21 09:00:00,N03,0.1208,0.005907,6.08,0.0281,0.000235,36.8,23.766144,86.414618
2026-04-21 10:00:00,N03,0.0527,0.007824,5.76,0.0283,0.003432,38.0,23.766144,86.414618
2026-04-21 11:00:00,N03,0.0552,0.616083,32.11,0.0212,0.003409,38.8,23.766144,86.414618
2026-04-21 12:00:00,N03,0.3103,0.520534,39.17,0.0215,0.003802,39.0,23.766144,86.414618
2026-04-21 13:00:00,N03,,,,,,,23.766144,86.414618
2026-04-21 14:00:00,N03,,,,,,,23.766144,86.414618
2026-04-21 15:00:00,N03,,,,,,,23.766144,86.414618
2026-04-21 16:00:00,N03,,,,,,,23.766144,86.414618
2026-04-21 17:00:00,N03,,,,,,,23.766144,86.414618
2026-04-21 18:00:00,N03,0.3157,0.005164,3.56,0.028,0.000474,31.5,23.766144,86.414618
2026-04-21 19:00:00,N03,,,,,,,23.766144,86.414618
2026-04-21 20:00:00,N03,-0.0467,0.005795,6.17,0.0292,4.3e-05,27.8,23.766144,86.414618
2026-04-21 21:00:00,N03,-0.1898,0.008011,7.7,0.0291,0.000164,26.2,23.766144,86.414618
2026-04-21 22:00:00,N03,-0.0621,0.005801,3.01,0.0295,3.5e-05,25.0,23.766144,86.414618
2026-04-21 23:00:00,N03,-0.3702,0.007793,5.23,0.0292,0.000233,24.3,23.766144,86.414618
2026-04-22 00:00:00,N03,-0.2802,0.005092,7.83,0.03,0.000609,24.4,23.766144,86.414618
2026-04-22 01:00:00,N03,-0.0181,0.006685,1.78,0.0304,0.000116,24.6,23.766144,86.414618
2026-04-22 02:00:00,N03,,,,,,,23.766144,86.414618
2026-04-22 03:00:00,N03,,,,,,,23.766144,86.414618
2026-04-22 04:00:00,N03,,,,,,,23.766144,86.414618
2026-04-22 05:00:00,N03,,,,,,,23.766144,86.414618
2026-04-22 06:00:00,N03,,,,,,,23.766144,86.414618
2026-04-22 07:00:00,N03,0.0572,0.845782,26.55,0.0135,0.000103,33.8,23.766144,86.414618
2026-04-22 08:00:00,N03,0.0007,0.005455,3.45,0.0302,0.008136,35.6,23.766144,86.414618
2026-04-22 09:00:00,N03,,,,,,,23.766144,86.414618
2026-04-22 10:00:00,N03,,,,,,,23.766144,86.414618
2026-04-22 11:00:00,N03,,,,,,,23.766144,86.414618
2026-04-22 12:00:00,N03,,,,,,,23.766144,86.414618
2026-04-22 13:00:00,N03,,,,,,,23.766144,86.414618
2026-04-22 14:00:00,N03,,,,,,,23.766144,86.414618
2026-04-22 15:00:00,N03,-0.0904,0.005763,4.06,0.0312,0.000368,37.2,23.766144,86.414618
2026-04-22 16:00:00,N03,0.1358,0.006445,3.08,0.0314,3.4e-05,35.6,23.766144,86.414618
2026-04-22 17:00:00,N03,0.4339,0.00545,2.63,0.0311,8e-05,33.8,23.766144,86.414618
2026-04-22 18:00:00,N03,0.1573,0.00759,2.56,0.0316,0.000237,31.9,23.766144,86.414618
2026-04-22 19:00:00,N03,-0.0416,0.00742,1.44,0.0316,0.000252,29.9,23.766144,86.414618
2026-04-22 20:00:00,N03,,,,,,,23.766144,86.414618
2026-04-22 21:00:00,N03,,,,,,,23.766144,86.414618
2026-04-22 22:00:00,N03,,,,,,,23.766144,86.414618
2026-04-22 23:00:00,N03,,,,,,,23.766144,86.414618
2026-04-23 00:00:00,N03,,,,,,,23.766144,86.414618
2026-04-23 01:00:00,N03,-0.3538,0.006355,4.4,0.0305,0.000162,25.2,23.766144,86.414618
2026-04-23 02:00:00,N03,0.0439,0.00601,3.81,0.0311,0.000258,25.9,23.766144,86.414618
2026-04-23 03:00:00,N03,-0.1032,0.008868,2.15,0.0311,0.000233,27.1,23.766144,86.414618
2026-04-23 04:00:00,N03,0.0218,0.00652,5.46,0.0307,0.000492,28.7,23.766144,86.414618
2026-04-23 05:00:00,N03,0.1207,0.009332,9.39,0.0301,0.000343,30.5,23.766144,86.414618
2026-04-23 06:00:00,N03,-0.0545,0.008456,6.54,0.03,0.000144,32.4,23.766144,86.414618
2026-04-23 07:00:00,N03,0.1491,0.008619,3.03,0.0304,0.000591,34.4,23.766144,86.414618
2026-04-23 08:00:00,N03,0.2836,0.006144,9.35,0.0311,0.001755,36.2,23.766144,86.414618
2026-04-23 09:00:00,N03,0.2798,0.905967,41.29,0.0269,0.009149,37.7,23.766144,86.414618
2026-04-23 10:00:00,N03,-0.1966,0.940092,16.17,0.0128,0.001711,38.9,23.766144,86.414618
2026-04-23 11:00:00,N03,-0.018,0.005349,6.26,0.0303,0.009067,39.7,23.766144,86.414618
2026-04-23 12:00:00,N03,0.1774,0.00618,5.29,0.031,0.000245,39.9,23.766144,86.414618
2026-04-23 13:00:00,N03,-0.0074,0.005492,9.55,0.0308,0.000363,39.7,23.766144,86.414618
2026-04-23 14:00:00,N03,0.057,0.007177,3.48,0.0317,9e-06,38.9,23.766144,86.414618
2026-04-23 15:00:00,N03,0.2049,0.00578,5.75,0.0307,0.000611,37.7,23.766144,86.414618
2026-04-23 16:00:00,N03,0.2301,0.006127,3.74,0.0305,0.000274,36.2,23.766144,86.414618
2026-04-23 17:00:00,N03,0.0716,0.005737,7.75,0.0313,0.000164,34.4,23.766144,86.414618
2026-04-23 18:00:00,N03,-0.0939,0.005243,6.38,0.0302,0.000359,32.4,23.766144,86.414618
2026-04-23 19:00:00,N03,0.2846,0.005495,5.64,0.0306,1.1e-05,30.5,23.766144,86.414618
2026-04-23 20:00:00,N03,0.0748,0.005002,8.32,0.0302,1.7e-05,28.7,23.766144,86.414618
2026-04-23 21:00:00,N03,0.1106,0.006692,1.61,0.0305,6.8e-05,27.1,23.766144,86.414618
2026-04-23 22:00:00,N03,0.1195,0.007662,2.73,0.0303,0.000431,25.9,23.766144,86.414618
2026-04-23 23:00:00,N03,0.0083,0.006161,5.57,0.0297,0.000154,25.2,23.766144,86.414618
2026-04-24 00:00:00,N03,0.0125,0.005527,6.61,0.03,0.000222,29.7,23.766144,86.414618
2026-04-24 01:00:00,N03,0.0859,0.008228,3.56,0.0301,0.000153,29.9,23.766144,86.414618
2026-04-24 02:00:00,N03,-0.0905,0.006656,6.87,0.0303,4e-06,30.7,23.766144,86.414618
2026-04-24 03:00:00,N03,-0.0699,0.005441,6.34,0.0301,0.000169,31.9,23.766144,86.414618
2026-04-24 04:00:00,N03,0.0613,0.006582,7.54,0.03,0.000188,33.4,23.766144,86.414618
2026-04-24 05:00:00,N03,-0.0281,0.0062,3.48,0.0298,0.000275,35.2,23.766144,86.414618
2026-04-24 06:00:00,N03,0.0418,0.005322,6.16,0.0294,0.000118,37.2,23.766144,86.414618
2026-04-24 07:00:00,N03,0.0938,0.006855,8.63,0.03,0.000252,39.1,23.766144,86.414618
2026-04-24 08:00:00,N03,0.0953,0.008975,7.53,0.0299,0.009829,40.9,23.766144,86.414618
2026-04-24 09:00:00,N03,,,,,,,23.766144,86.414618
2026-04-24 10:00:00,N03,,,,,,,23.766144,86.414618
2026-04-24 11:00:00,N03,,,,,,,23.766144,86.414618
2026-04-24 12:00:00,N03,,,,,,,23.766144,86.414618
2026-04-24 13:00:00,N03,-0.2007,0.006682,5.57,0.0289,0.000207,44.4,23.766144,86.414618
2026-04-24 14:00:00,N03,0.3654,0.0072,1.96,0.0291,1.2e-05,43.7,23.766144,86.414618
2026-04-24 15:00:00,N03,-0.0911,0.005299,1.19,0.029,0.008997,42.5,23.766144,86.414618
2026-04-24 16:00:00,N03,-0.1396,0.734273,29.26,0.0471,0.000528,40.9,23.766144,86.414618
2026-04-24 17:00:00,N03,0.1352,0.00771,7.65,0.03,0.007949,39.1,23.766144,86.414618
2026-04-24 18:00:00,N03,0.1187,0.00672,7.98,0.0312,0.000668,37.2,23.766144,86.414618
2026-04-24 19:00:00,N03,-0.0843,0.00741,3.42,0.0314,1.9e-05,35.2,23.766144,86.414618
2026-04-24 20:00:00,N03,0.1246,0.005166,5.28,0.0311,0.00056,33.4,23.766144,86.414618
2026-04-24 21:00:00,N03,-0.0406,0.007534,9.1,0.0325,0.000705,31.9,23.766144,86.414618
2026-04-24 22:00:00,N03,-0.2879,0.006737,4.14,0.0325,0.000265,30.7,23.766144,86.414618
2026-04-24 23:00:00,N03,0.2988,0.008091,3.85,0.0319,0.00053,29.9,23.766144,86.414618
2026-04-25 00:00:00,N03,-0.1546,0.006368,8.47,0.0315,0.000242,22.1,23.766144,86.414618
2026-04-25 01:00:00,N03,-0.1005,0.005022,9.81,0.0315,0.000173,22.4,23.766144,86.414618
2026-04-25 02:00:00,N03,0.1368,0.00729,5.92,0.0318,9.7e-05,23.1,23.766144,86.414618
2026-04-25 03:00:00,N03,-0.1895,0.006307,7.5,0.0313,0.000301,24.3,23.766144,86.414618
2026-04-25 04:00:00,N03,0.0378,0.005584,7.54,0.0312,7.6e-05,25.9,23.766144,86.414618
2026-04-25 05:00:00,N03,0.077,0.00507,9.39,0.0311,3.9e-05,27.7,23.766144,86.414618
2026-04-25 06:00:00,N03,-0.2544,0.006397,1.49,0.0313,0.00016,29.6,23.766144,86.414618
2026-04-25 07:00:00,N03,-0.0326,0.006275,2.42,0.0308,4.8e-05,31.6,23.766144,86.414618
2026-04-25 08:00:00,N03,0.2552,0.006362,1.98,0.0314,0.006125,33.4,23.766144,86.414618
2026-04-25 09:00:00,N03,-0.1204,0.772581,16.49,0.043,0.000207,34.9,23.766144,86.414618
2026-04-25 10:00:00,N03,-0.1547,0.005925,2.84,0.031,0.006452,36.1,23.766144,86.414618
2026-04-25 11:00:00,N03,-0.028,0.006584,3.66,0.0301,0.008195,36.9,23.766144,86.414618
2026-04-25 12:00:00,N03,,,,,,,23.766144,86.414618
2026-04-25 13:00:00,N03,,,,,,,23.766144,86.414618
2026-04-25 14:00:00,N03,,,,,,,23.766144,86.414618
2026-04-25 15:00:00,N03,-0.1777,0.007594,9.37,0.0313,1.3e-05,34.9,23.766144,86.414618
2026-04-25 16:00:00,N03,0.0314,0.00554,9.61,0.0315,0.006037,33.4,23.766144,86.414618
2026-04-25 17:00:00,N03,0.2191,0.505479,17.68,0.0433,0.005858,31.6,23.766144,86.414618
2026-04-25 18:00:00,N03,-0.0995,0.659824,37.04,0.0432,0.005596,29.6,23.766144,86.414618
2026-04-25 19:00:00,N03,-0.1581,0.00819,5.54,0.0321,0.005598,27.7,23.766144,86.414618
2026-04-25 20:00:00,N03,-0.1191,0.00521,5.79,0.032,0.000163,25.9,23.766144,86.414618
2026-04-25 21:00:00,N03,0.0413,0.005669,1.05,0.0325,0.00057,24.3,23.766144,86.414618
2026-04-25 22:00:00,N03,-0.1033,0.005997,1.19,0.0332,0.000159,23.1,23.766144,86.414618
2026-04-25 23:00:00,N03,-0.2939,0.006863,6.25,0.0328,0.000149,22.4,23.766144,86.414618
2026-04-26 00:00:00,N03,-0.2037,0.00615,5.91,0.0335,0.000553,23.7,23.766144,86.414618
2026-04-26 01:00:00,N03,-0.1948,0.007483,4.34,0.0339,0.000232,23.9,23.766144,86.414618
2026-04-26 02:00:00,N03,0.2981,0.005323,4.22,0.0339,0.000158,24.7,23.766144,86.414618
2026-04-26 03:00:00,N03,0.1572,0.008558,3.39,0.0336,0.000276,25.9,23.766144,86.414618
2026-04-26 04:00:00,N03,0.0447,0.007697,4.18,0.0334,0.000267,27.4,23.766144,86.414618
2026-04-26 05:00:00,N03,0.05,0.006159,1.44,0.033,7e-05,29.3,23.766144,86.414618
2026-04-26 06:00:00,N03,-0.1986,0.006035,8.33,0.0332,0.007939,31.2,23.766144,86.414618
2026-04-26 07:00:00,N03,-0.0754,0.778337,16.42,0.0489,0.011768,33.1,23.766144,86.414618
2026-04-26 08:00:00,N03,0.0293,0.539541,16.13,0.0568,0.003783,34.9,23.766144,86.414618
2026-04-26 09:00:00,N03,0.1875,0.721,24.1,0.0414,0.005949,36.5,23.766144,86.414618
2026-04-26 10:00:00,N03,-0.0659,0.93962,23.17,0.0449,0.002095,37.7,23.766144,86.414618
2026-04-26 11:00:00,N03,0.0287,0.596849,28.39,0.0455,0.005975,38.4,23.766144,86.414618
2026-04-26 12:00:00,N03,0.1118,0.006416,8.29,0.0329,0.006489,38.7,23.766144,86.414618
2026-04-26 13:00:00,N03,-0.0342,0.005334,9.47,0.0326,0.000464,38.4,23.766144,86.414618
2026-04-26 14:00:00,N03,-0.0653,0.006007,3.0,0.032,0.000581,37.7,23.766144,86.414618
2026-04-26 15:00:00,N03,0.0138,0.007513,7.43,0.0314,0.000164,36.5,23.766144,86.414618
2026-04-26 16:00:00,N03,0.1512,0.007002,7.61,0.0317,4.7e-05,34.9,23.766144,86.414618
2026-04-26 17:00:00,N03,0.0175,0.007704,7.69,0.0313,0.000303,33.1,23.766144,86.414618
2026-04-26 18:00:00,N03,-0.1073,0.006212,6.82,0.0323,0.000619,31.2,23.766144,86.414618
2026-04-26 19:00:00,N03,-0.2168,0.006815,4.11,0.0326,0.000137,29.3,23.766144,86.414618
2026-04-26 20:00:00,N03,0.0037,0.005458,7.27,0.0326,0.000168,27.4,23.766144,86.414618
2026-04-26 21:00:00,N03,0.1249,0.006248,9.58,0.0322,2.1e-05,25.9,23.766144,86.414618
2026-04-26 22:00:00,N03,-0.0687,0.008741,6.66,0.0326,6.7e-05,24.7,23.766144,86.414618
2026-04-26 23:00:00,N03,-0.343,0.007874,3.63,0.0321,8.7e-05,23.9,23.766144,86.414618
2026-04-27 00:00:00,N03,-0.0944,0.006608,9.98,0.0328,0.000494,27.2,23.766144,86.414618
2026-04-27 01:00:00,N03,0.0424,0.006821,3.52,0.0331,0.000411,27.4,23.766144,86.414618
2026-04-27 02:00:00,N03,-0.1021,0.009234,2.73,0.0336,0.000264,28.2,23.766144,86.414618
2026-04-27 03:00:00,N03,-0.136,0.005154,5.5,0.0336,0.000162,29.3,23.766144,86.414618
2026-04-27 04:00:00,N03,0.2037,0.00629,9.94,0.0339,0.000313,30.9,23.766144,86.414618
2026-04-27 05:00:00,N03,0.1456,0.005422,5.92,0.0342,1.7e-05,32.7,23.766144,86.414618
2026-04-27 06:00:00,N03,0.1576,0.005669,1.05,0.034,0.000589,34.7,23.766144,86.414618
2026-04-27 07:00:00,N03,0.0119,0.006186,2.09,0.033,0.000395,36.6,23.766144,86.414618
2026-04-27 08:00:00,N03,0.0268,0.006102,7.26,0.0332,0.000336,38.4,23.766144,86.414618
2026-04-27 09:00:00,N03,0.0735,0.00729,9.64,0.0337,0.000275,40.0,23.766144,86.414618
2026-04-27 10:00:00,N03,0.0381,0.006583,6.04,0.0337,6e-05,41.1,23.766144,86.414618
2026-04-27 11:00:00,N03,,,,,,,23.766144,86.414618
2026-04-27 12:00:00,N03,,,,,,,23.766144,86.414618
2026-04-27 13:00:00,N03,,,,,,,23.766144,86.414618
2026-04-27 14:00:00,N03,0.0894,0.006953,7.55,0.0345,5.6e-05,41.1,23.766144,86.414618
2026-04-27 15:00:00,N03,-0.0091,0.005549,7.74,0.0341,0.0001,40.0,23.766144,86.414618
2026-04-27 16:00:00,N03,0.4486,0.00701,9.31,0.0343,0.009115,38.4,23.766144,86.414618
2026-04-27 17:00:00,N03,-0.1269,0.996175,31.44,0.0159,0.008984,36.6,23.766144,86.414618
2026-04-27 18:00:00,N03,0.1145,0.638878,26.41,0.0163,0.00923,34.7,23.766144,86.414618
2026-04-27 19:00:00,N03,-0.2063,0.007276,5.69,0.0344,0.009165,32.7,23.766144,86.414618
2026-04-27 20:00:00,N03,,,,,,,23.766144,86.414618
2026-04-27 21:00:00,N03,,,,,,,23.766144,86.414618
2026-04-27 22:00:00,N03,,,,,,,23.766144,86.414618
2026-04-27 23:00:00,N03,0.234,0.006216,8.01,0.0358,1.8e-05,27.4,23.766144,86.414618
2026-04-28 00:00:00,N03,0.0308,0.005644,6.97,0.0356,0.000253,25.2,23.766144,86.414618
2026-04-28 01:00:00,N03,-0.0657,0.006333,9.0,0.0363,0.000552,25.4,23.766144,86.414618
2026-04-28 02:00:00,N03,,,,,,,23.766144,86.414618
2026-04-28 03:00:00,N03,,,,,,,23.766144,86.414618
2026-04-28 04:00:00,N03,,,,,,,23.766144,86.414618
2026-04-28 05:00:00,N03,,,,,,,23.766144,86.414618
2026-04-28 06:00:00,N03,,,,,,,23.766144,86.414618
2026-04-28 07:00:00,N03,-0.0116,0.006272,8.64,0.0362,0.000355,34.6,23.766144,86.414618
2026-04-28 08:00:00,N03,-0.0648,0.008487,3.33,0.0366,0.000439,36.4,23.766144,86.414618
2026-04-28 09:00:00,N03,-0.1325,0.006566,3.92,0.0371,0.00011,38.0,23.766144,86.414618
2026-04-28 10:00:00,N03,-0.0012,0.005085,6.9,0.0368,0.002153,39.2,23.766144,86.414618
2026-04-28 11:00:00,N03,-0.1167,0.981312,17.15,0.0328,0.007737,39.9,23.766144,86.414618
2026-04-28 12:00:00,N03,-0.2111,0.904644,38.39,0.0523,0.012042,40.2,23.766144,86.414618
2026-04-28 13:00:00,N03,,,,,,,23.766144,86.414618
2026-04-28 14:00:00,N03,,,,,,,23.766144,86.414618
2026-04-28 15:00:00,N03,,,,,,,23.766144,86.414618
2026-04-28 16:00:00,N03,,,,,,,23.766144,86.414618
2026-04-28 17:00:00,N03,-0.2417,0.005921,1.15,0.037,1.2e-05,34.6,23.766144,86.414618
2026-04-28 18:00:00,N03,0.0287,0.007302,8.27,0.038,0.000126,32.7,23.766144,86.414618
2026-04-28 19:00:00,N03,,,,,,,23.766144,86.414618
2026-04-28 20:00:00,N03,,,,,,,23.766144,86.414618
2026-04-28 21:00:00,N03,,,,,,,23.766144,86.414618
2026-04-28 22:00:00,N03,0.12,0.005022,7.82,0.0381,0.000334,26.2,23.766144,86.414618
2026-04-28 23:00:00,N03,0.1098,0.005944,8.19,0.0383,0.000402,25.4,23.766144,86.414618
2026-04-29 00:00:00,N03,,,,,,,23.766144,86.414618
2026-04-29 01:00:00,N03,,,,,,,23.766144,86.414618
2026-04-29 02:00:00,N03,,,,,,,23.766144,86.414618
2026-04-29 03:00:00,N03,,,,,,,23.766144,86.414618
2026-04-29 04:00:00,N03,,,,,,,23.766144,86.414618
2026-04-29 05:00:00,N03,-0.1986,0.005847,1.52,0.0378,0.00032,30.1,23.766144,86.414618
2026-04-29 06:00:00,N03,0.0558,0.007985,3.74,0.0377,0.000413,32.1,23.766144,86.414618
2026-04-29 07:00:00,N03,0.1973,0.005493,4.91,0.0386,0.000163,34.0,23.766144,86.414618
2026-04-29 08:00:00,N03,-0.0277,0.005805,7.21,0.038,0.009247,35.8,23.766144,86.414618
2026-04-29 09:00:00,N03,0.0194,0.661989,39.91,0.0571,0.003181,37.4,23.766144,86.414618
2026-04-29 10:00:00,N03,,,,,,,23.766144,86.414618
2026-04-29 11:00:00,N03,,,,,,,23.766144,86.414618
2026-04-29 12:00:00,N03,,,,,,,23.766144,86.414618
2026-04-29 13:00:00,N03,,,,,,,23.766144,86.414618
2026-04-29 14:00:00,N03,,,,,,,23.766144,86.414618
2026-04-29 15:00:00,N03,,,,,,,23.766144,86.414618
2026-04-29 16:00:00,N03,,,,,,,23.766144,86.414618
2026-04-29 17:00:00,N03,,,,,,,23.766144,86.414618
2026-04-29 18:00:00,N03,-0.0988,0.006237,6.75,0.0356,0.000312,32.1,23.766144,86.414618
2026-04-29 19:00:00,N03,-0.1739,0.005572,9.58,0.0351,0.000487,30.1,23.766144,86.414618
2026-04-29 20:00:00,N03,0.0629,0.006485,3.97,0.0346,0.000477,28.3,23.766144,86.414618
2026-04-29 21:00:00,N03,0.2037,0.005178,3.68,0.0341,0.000115,26.8,23.766144,86.414618
2026-04-29 22:00:00,N03,-0.0402,0.00663,2.13,0.0344,8.9e-05,25.6,23.766144,86.414618
2026-04-29 23:00:00,N03,-0.1216,0.006429,8.76,0.0343,0.000172,24.8,23.766144,86.414618
2026-04-30 00:00:00,N03,0.0581,0.005957,3.52,0.0341,0.000451,24.5,23.766144,86.414618
2026-04-30 01:00:00,N03,,,,,,,23.766144,86.414618
2026-04-30 02:00:00,N03,,,,,,,23.766144,86.414618
2026-04-30 03:00:00,N03,,,,,,,23.766144,86.414618
2026-04-30 04:00:00,N03,0.2094,0.009894,8.29,0.0333,0.000138,28.2,23.766144,86.414618
2026-04-30 05:00:00,N03,0.1974,0.00726,6.54,0.0338,0.000516,30.0,23.766144,86.414618
2026-04-30 06:00:00,N03,0.1641,0.005212,8.48,0.0343,0.004537,32.0,23.766144,86.414618
2026-04-30 07:00:00,N03,,,,,,,23.766144,86.414618
2026-04-30 08:00:00,N03,-0.0326,0.892574,39.95,0.0437,0.003681,35.7,23.766144,86.414618
2026-04-30 09:00:00,N03,0.127,0.006031,7.25,0.0355,0.004368,37.3,23.766144,86.414618
2026-04-30 10:00:00,N03,-0.1732,0.005641,8.43,0.035,0.000341,38.5,23.766144,86.414618
2026-04-30 11:00:00,N03,0.0731,0.007515,8.14,0.0348,0.00018,39.2,23.766144,86.414618
2026-04-30 12:00:00,N03,-0.0788,0.006134,9.4,0.0346,0.000351,39.5,23.766144,86.414618
2026-04-30 13:00:00,N03,0.1296,0.006754,2.51,0.0355,0.00077,39.2,23.766144,86.414618
2026-04-30 14:00:00,N03,0.0906,0.008484,6.92,0.0361,0.005704,38.5,23.766144,86.414618
2026-04-30 15:00:00,N03,-0.0945,0.66845,17.17,0.0241,0.000186,37.3,23.766144,86.414618
2026-04-30 16:00:00,N03,0.026,0.007206,7.28,0.0358,0.006167,35.7,23.766144,86.414618
2026-04-30 17:00:00,N03,-0.0112,0.00626,3.34,0.0365,0.000917,33.9,23.766144,86.414618
2026-04-30 18:00:00,N03,-0.0991,0.005462,5.96,0.0376,0.000358,32.0,23.766144,86.414618
2026-04-30 19:00:00,N03,0.0942,0.006296,7.88,0.0372,0.000247,30.0,23.766144,86.414618
2026-04-30 20:00:00,N03,-0.1357,0.00511,7.69,0.0371,0.000429,28.2,23.766144,86.414618
2026-04-30 21:00:00,N03,-0.1073,0.006424,8.52,0.0363,0.000544,26.7,23.766144,86.414618
2026-04-30 22:00:00,N03,0.0862,0.005327,3.76,0.036,3.3e-05,25.5,23.766144,86.414618
2026-04-30 23:00:00,N03,-0.1849,0.007057,5.62,0.0363,0.000166,24.7,23.766144,86.414618
2026-05-01 00:00:00,N03,-0.0165,0.007773,2.97,0.0357,0.000757,22.3,23.766144,86.414618
2026-05-01 01:00:00,N03,,,,,,,23.766144,86.414618
2026-05-01 02:00:00,N03,,,,,,,23.766144,86.414618
2026-05-01 03:00:00,N03,,,,,,,23.766144,86.414618
2026-05-01 04:00:00,N03,,,,,,,23.766144,86.414618
2026-05-01 05:00:00,N03,,,,,,,23.766144,86.414618
2026-05-01 06:00:00,N03,0.028,0.005086,2.12,0.0357,0.003064,29.8,23.766144,86.414618
2026-05-01 07:00:00,N03,-0.3048,0.838217,49.0,0.0292,0.003231,31.8,23.766144,86.414618
2026-05-01 08:00:00,N03,-0.1033,0.789182,28.76,0.0293,0.003402,33.6,23.766144,86.414618
2026-05-01 09:00:00,N03,,,,,,,23.766144,86.414618
2026-05-01 10:00:00,N03,,,,,,,23.766144,86.414618
2026-05-01 11:00:00,N03,,,,,,,23.766144,86.414618
2026-05-01 12:00:00,N03,,,,,,,23.766144,86.414618
2026-05-01 13:00:00,N03,,,,,,,23.766144,86.414618
2026-05-01 14:00:00,N03,-0.0246,0.006073,4.9,0.0368,0.004701,36.3,23.766144,86.414618
2026-05-01 15:00:00,N03,-0.1096,0.618669,20.5,0.0461,0.005003,35.1,23.766144,86.414618
2026-05-01 16:00:00,N03,-0.139,0.889404,15.7,0.0468,0.004318,33.6,23.766144,86.414618
2026-05-01 17:00:00,N03,0.2175,0.006833,4.18,0.0375,0.004911,31.8,23.766144,86.414618
2026-05-01 18:00:00,N03,-0.1464,0.008674,5.72,0.037,0.000237,29.8,23.766144,86.414618
2026-05-01 19:00:00,N03,0.0384,0.006803,5.45,0.037,0.000398,27.9,23.766144,86.414618
2026-05-01 20:00:00,N03,,,,,,,23.766144,86.414618
2026-05-01 21:00:00,N03,,,,,,,23.766144,86.414618
2026-05-01 22:00:00,N03,,,,,,,23.766144,86.414618
2026-05-01 23:00:00,N03,,,,,,,23.766144,86.414618
2026-05-02 00:00:00,N03,,,,,,,23.766144,86.414618
2026-05-02 01:00:00,N03,-0.2048,0.00574,1.76,0.0394,0.000562,28.2,23.766144,86.414618
2026-05-02 02:00:00,N03,,,,,,,23.766144,86.414618
2026-05-02 03:00:00,N03,,,,,,,23.766144,86.414618
2026-05-02 04:00:00,N03,-0.1054,0.006063,2.12,0.0394,0.000155,31.6,23.766144,86.414618
2026-05-02 05:00:00,N03,-0.1471,0.009226,6.04,0.0399,0.000413,33.5,23.766144,86.414618
2026-05-02 06:00:00,N03,-0.0158,0.005698,9.99,0.0402,0.000228,35.4,23.766144,86.414618
2026-05-02 07:00:00,N03,-0.0835,0.0065,5.37,0.0394,0.000719,37.3,23.766144,86.414618
2026-05-02 08:00:00,N03,-0.4455,0.007985,4.6,0.0388,0.000295,39.1,23.766144,86.414618
2026-05-02 09:00:00,N03,0.0048,0.006214,6.76,0.0388,0.008806,40.7,23.766144,86.414618
2026-05-02 10:00:00,N03,0.1487,0.99972,33.92,0.0564,0.000225,41.9,23.766144,86.414618
2026-05-02 11:00:00,N03,-0.1157,0.006136,7.91,0.0384,0.008908,42.6,23.766144,86.414618
2026-05-02 12:00:00,N03,0.0094,0.00901,8.43,0.0386,2.1e-05,42.9,23.766144,86.414618
2026-05-02 13:00:00,N03,0.1112,0.005949,6.72,0.0384,0.000117,42.6,23.766144,86.414618
2026-05-02 14:00:00,N03,0.1023,0.005205,8.43,0.0388,0.000248,41.9,23.766144,86.414618
2026-05-02 15:00:00,N03,,,,,,,23.766144,86.414618
2026-05-02 16:00:00,N03,,,,,,,23.766144,86.414618
2026-05-02 17:00:00,N03,0.16,0.006792,9.04,0.0385,0.000148,37.3,23.766144,86.414618
2026-05-02 18:00:00,N03,0.1635,0.00611,4.33,0.039,1.5e-05,35.4,23.766144,86.414618
2026-05-02 19:00:00,N03,0.0877,0.005281,3.8,0.0385,0.000336,33.5,23.766144,86.414618
2026-05-02 20:00:00,N03,-0.3097,0.007336,2.75,0.0383,0.000366,31.6,23.766144,86.414618
2026-05-02 21:00:00,N03,0.1215,0.005311,6.34,0.0378,0.000655,30.1,23.766144,86.414618
2026-05-02 22:00:00,N03,-0.0846,0.005114,3.13,0.037,0.000366,28.9,23.766144,86.414618
2026-05-02 23:00:00,N03,-0.0748,0.005549,1.43,0.037,3e-05,28.2,23.766144,86.414618
2026-05-03 00:00:00,N03,0.0766,0.008826,7.05,0.037,0.000302,24.6,23.766144,86.414618
2026-05-03 01:00:00,N03,0.1266,0.009249,2.47,0.0364,0.000368,24.8,23.766144,86.414618
2026-05-03 02:00:00,N03,,,,,,,23.766144,86.414618
2026-05-03 03:00:00,N03,0.018,0.005178,3.83,0.0357,0.000134,26.8,23.766144,86.414618
2026-05-03 04:00:00,N03,0.1187,0.005132,6.47,0.036,0.000228,28.3,23.766144,86.414618
2026-05-03 05:00:00,N03,-0.1854,0.007088,6.51,0.0352,0.000207,30.1,23.766144,86.414618
2026-05-03 06:00:00,N03,0.0276,0.005114,1.36,0.0355,0.0004,32.1,23.766144,86.414618
2026-05-03 07:00:00,N03,0.0962,0.006302,2.13,0.036,2.9e-05,34.0,23.766144,86.414618
2026-05-03 08:00:00,N03,-0.0684,0.005571,8.72,0.0356,0.000356,35.8,23.766144,86.414618
2026-05-03 09:00:00,N03,0.1527,0.005819,8.45,0.0353,0.000517,37.4,23.766144,86.414618
2026-05-03 10:00:00,N03,-0.0897,0.006844,1.76,0.0346,0.000803,38.6,23.766144,86.414618
2026-05-03 11:00:00,N03,,,,,,,23.766144,86.414618
2026-05-03 12:00:00,N03,,,,,,,23.766144,86.414618
2026-05-03 13:00:00,N03,,,,,,,23.766144,86.414618
2026-05-03 14:00:00,N03,,,,,,,23.766144,86.414618
2026-05-03 15:00:00,N03,,,,,,,23.766144,86.414618
2026-05-03 16:00:00,N03,0.1399,0.006195,3.9,0.0322,0.007146,35.8,23.766144,86.414618
2026-05-03 17:00:00,N03,,,,,,,23.766144,86.414618
2026-05-03 18:00:00,N03,,,,,,,23.766144,86.414618
2026-05-03 19:00:00,N03,,,,,,,23.766144,86.414618
2026-05-03 20:00:00,N03,0.1751,0.006563,6.6,0.0332,5.8e-05,28.3,23.766144,86.414618
2026-05-03 21:00:00,N03,,,,,,,23.766144,86.414618
2026-05-03 22:00:00,N03,,,,,,,23.766144,86.414618
2026-05-03 23:00:00,N03,,,,,,,23.766144,86.414618
2026-05-04 00:00:00,N03,,,,,,,23.766144,86.414618
2026-05-04 01:00:00,N03,-0.0356,0.006978,9.25,0.0308,0.000375,21.6,23.766144,86.414618
2026-05-04 02:00:00,N03,-0.27,0.005153,9.86,0.0302,0.000345,22.4,23.766144,86.414618
2026-05-04 03:00:00,N03,,,,,,,23.766144,86.414618
2026-05-04 04:00:00,N03,,,,,,,23.766144,86.414618
2026-05-04 05:00:00,N03,,,,,,,23.766144,86.414618
2026-05-04 06:00:00,N03,0.0721,0.009776,7.74,0.0305,0.000142,28.9,23.766144,86.414618
2026-05-04 07:00:00,N03,0.0127,0.006789,3.02,0.0311,5.3e-05,30.8,23.766144,86.414618
2026-05-04 08:00:00,N03,0.0644,0.005658,3.19,0.0304,0.000181,32.6,23.766144,86.414618
2026-05-04 09:00:00,N03,-0.0555,0.005337,5.52,0.0307,1.4e-05,34.2,23.766144,86.414618
2026-05-04 10:00:00,N03,-0.0608,0.00872,2.22,0.0304,0.000386,35.4,23.766144,86.414618
2026-05-04 11:00:00,N03,-0.1541,0.007614,7.55,0.03,0.004466,36.1,23.766144,86.414618
2026-05-04 12:00:00,N03,,,,,,,23.766144,86.414618
2026-05-04 13:00:00,N03,,,,,,,23.766144,86.414618
2026-05-04 14:00:00,N03,0.0692,0.861518,23.97,0.0488,0.014878,35.4,23.766144,86.414618
2026-05-04 15:00:00,N03,-0.0189,0.00767,5.41,0.0286,0.009969,34.2,23.766144,86.414618
2026-05-04 16:00:00,N03,-0.0887,0.005192,7.59,0.0289,9e-06,32.6,23.766144,86.414618
2026-05-04 17:00:00,N03,0.1821,0.005471,1.78,0.0286,0.000187,30.8,23.766144,86.414618
2026-05-04 18:00:00,N03,0.0907,0.006351,8.37,0.0285,0.000174,28.9,23.766144,86.414618
2026-05-04 19:00:00,N03,,,,,,,23.766144,86.414618
2026-05-04 20:00:00,N03,,,,,,,23.766144,86.414618
2026-05-04 21:00:00,N03,,,,,,,23.766144,86.414618
2026-05-04 22:00:00,N03,0.0623,0.00674,2.61,0.0297,0.000132,22.4,23.766144,86.414618
2026-05-04 23:00:00,N03,0.3212,0.005748,3.03,0.029,0.000244,21.6,23.766144,86.414618
2026-05-05 00:00:00,N03,0.1028,0.007039,8.78,0.0292,0.000269,28.6,23.766144,86.414618
2026-05-05 01:00:00,N03,-0.2957,0.008664,1.58,0.0295,0.000357,28.9,23.766144,86.414618
2026-05-05 02:00:00,N03,0.0542,0.006632,2.63,0.0299,0.000152,29.6,23.766144,86.414618
2026-05-05 03:00:00,N03,-0.0346,0.007353,9.69,0.0298,6.9e-05,30.8,23.766144,86.414618
2026-05-05 04:00:00,N03,,,,,,,23.766144,86.414618
2026-05-05 05:00:00,N03,,,,,,,23.766144,86.414618
2026-05-05 06:00:00,N03,,,,,,,23.766144,86.414618
2026-05-05 07:00:00,N03,,,,,,,23.766144,86.414618
2026-05-05 08:00:00,N03,,,,,,,23.766144,86.414618
2026-05-05 09:00:00,N03,,,,,,,23.766144,86.414618
2026-05-05 10:00:00,N03,,,,,,,23.766144,86.414618
2026-05-05 11:00:00,N03,0.0008,0.869786,35.77,0.0429,0.00026,43.4,23.766144,86.414618
2026-05-05 12:00:00,N03,0.2806,0.006202,9.04,0.0313,0.006105,43.6,23.766144,86.414618
2026-05-05 13:00:00,N03,0.0065,0.005595,3.08,0.0307,0.000214,43.4,23.766144,86.414618
2026-05-05 14:00:00,N03,0.0323,0.008085,2.17,0.0309,0.009102,42.6,23.766144,86.414618
2026-05-05 15:00:00,N03,-0.0578,0.628283,48.22,0.0125,0.009296,41.4,23.766144,86.414618
2026-05-05 16:00:00,N03,0.0704,0.914912,46.09,0.0123,0.009317,39.9,23.766144,86.414618
2026-05-05 17:00:00,N03,-0.0055,0.005103,7.02,0.0312,0.009513,38.0,23.766144,86.414618
2026-05-05 18:00:00,N03,0.1876,0.006792,4.58,0.0313,0.000138,36.1,23.766144,86.414618
2026-05-05 19:00:00,N03,-0.064,0.005845,5.23,0.0309,0.000385,34.2,23.766144,86.414618
2026-05-05 20:00:00,N03,0.0545,0.005033,3.19,0.0305,3.8e-05,32.4,23.766144,86.414618
2026-05-05 21:00:00,N03,,,,,,,23.766144,86.414618
2026-05-05 22:00:00,N03,,,,,,,23.766144,86.414618
2026-05-05 23:00:00,N03,,,,,,,23.766144,86.414618
2026-05-06 00:00:00,N03,,,,,,,23.766144,86.414618
2026-05-06 01:00:00,N03,-0.159,0.007338,2.71,0.0296,0.000571,27.0,23.766144,86.414618
2026-05-06 02:00:00,N03,0.3538,0.006928,1.23,0.0295,0.000148,27.7,23.766144,86.414618
2026-05-06 03:00:00,N03,,,,,,,23.766144,86.414618
2026-05-06 04:00:00,N03,,,,,,,23.766144,86.414618
2026-05-06 05:00:00,N03,-0.0339,0.005443,9.61,0.0313,0.000213,32.3,23.766144,86.414618
2026-05-06 06:00:00,N03,-0.1585,0.006568,7.69,0.0309,5.3e-05,34.2,23.766144,86.414618
2026-05-06 07:00:00,N03,-0.3938,0.008405,1.19,0.0314,0.007167,36.2,23.766144,86.414618
2026-05-06 08:00:00,N03,,,,,,,23.766144,86.414618
2026-05-06 09:00:00,N03,,,,,,,23.766144,86.414618
2026-05-06 10:00:00,N03,,,,,,,23.766144,86.414618
2026-05-06 11:00:00,N03,,,,,,,23.766144,86.414618
2026-05-06 12:00:00,N03,,,,,,,23.766144,86.414618
2026-05-06 13:00:00,N03,0.1502,0.932618,23.82,0.04,0.003262,41.5,23.766144,86.414618
2026-05-06 14:00:00,N03,,,,,,,23.766144,86.414618
2026-05-06 15:00:00,N03,,,,,,,23.766144,86.414618
2026-05-06 16:00:00,N03,,,,,,,23.766144,86.414618
2026-05-06 17:00:00,N03,,,,,,,23.766144,86.414618
2026-05-06 18:00:00,N03,,,,,,,23.766144,86.414618
2026-05-06 19:00:00,N03,0.1676,0.006442,2.63,0.033,0.000297,32.3,23.766144,86.414618
2026-05-06 20:00:00,N03,-0.0535,0.006654,1.89,0.0329,0.000155,30.5,23.766144,86.414618
2026-05-06 21:00:00,N03,-0.0465,0.006329,7.6,0.0327,0.00013,28.9,23.766144,86.414618
2026-05-06 22:00:00,N03,0.0607,0.008313,3.41,0.0332,0.000238,27.7,23.766144,86.414618
2026-05-06 23:00:00,N03,0.0965,0.005993,3.51,0.0331,0.000143,27.0,23.766144,86.414618
2026-05-07 00:00:00,N03,,,,,,,23.766144,86.414618
2026-05-07 01:00:00,N03,,,,,,,23.766144,86.414618
2026-05-07 02:00:00,N03,,,,,,,23.766144,86.414618
2026-05-07 03:00:00,N03,,,,,,,23.766144,86.414618
2026-05-07 04:00:00,N03,,,,,,,23.766144,86.414618
2026-05-07 05:00:00,N03,,,,,,,23.766144,86.414618
2026-05-07 06:00:00,N03,,,,,,,23.766144,86.414618
2026-05-07 07:00:00,N03,,,,,,,23.766144,86.414618
2026-05-07 08:00:00,N03,,,,,,,23.766144,86.414618
2026-05-07 09:00:00,N03,,,,,,,23.766144,86.414618
2026-05-07 10:00:00,N03,,,,,,,23.766144,86.414618
2026-05-07 11:00:00,N03,,,,,,,23.766144,86.414618
2026-05-07 12:00:00,N03,,,,,,,23.766144,86.414618
2026-05-07 13:00:00,N03,-0.0216,0.614084,29.53,0.0166,0.000212,35.8,23.766144,86.414618
2026-05-07 14:00:00,N03,-0.2429,0.870398,16.81,0.0177,0.000561,35.1,23.766144,86.414618
2026-05-07 15:00:00,N03,-0.0777,0.981089,17.01,0.0177,0.008051,33.9,23.766144,86.414618
2026-05-07 16:00:00,N03,-0.0656,0.007316,9.41,0.0338,0.007943,32.3,23.766144,86.414618
2026-05-07 17:00:00,N03,-0.1918,0.007564,3.55,0.0336,0.000463,30.5,23.766144,86.414618
2026-05-07 18:00:00,N03,,,,,,,23.766144,86.414618
2026-05-07 19:00:00,N03,,,,,,,23.766144,86.414618
2026-05-07 20:00:00,N03,,,,,,,23.766144,86.414618
2026-05-07 21:00:00,N03,-0.0079,0.005833,6.89,0.0332,0.00053,23.3,23.766144,86.414618
2026-05-07 22:00:00,N03,0.0522,0.007952,2.97,0.0331,9.7e-05,22.1,23.766144,86.414618
2026-05-07 23:00:00,N03,-0.2883,0.007945,2.36,0.033,0.000156,21.3,23.766144,86.414618
2026-05-08 00:00:00,N03,,,,,,,23.766144,86.414618
2026-05-08 01:00:00,N03,,,,,,,23.766144,86.414618
2026-05-08 02:00:00,N03,,,,,,,23.766144,86.414618
2026-05-08 03:00:00,N03,,,,,,,23.766144,86.414618
2026-05-08 04:00:00,N03,,,,,,,23.766144,86.414618
2026-05-08 05:00:00,N03,,,,,,,23.766144,86.414618
2026-05-08 06:00:00,N03,,,,,,,23.766144,86.414618
2026-05-08 07:00:00,N03,0.1429,0.00596,2.64,0.0313,0.000107,36.1,23.766144,86.414618
2026-05-08 08:00:00,N03,-0.2505,0.006575,7.59,0.0318,8.8e-05,38.0,23.766144,86.414618
2026-05-08 09:00:00,N03,0.0758,0.006709,4.22,0.0311,0.00099,39.5,23.766144,86.414618
2026-05-08 10:00:00,N03,-0.0219,0.006174,7.21,0.0298,0.000209,40.7,23.766144,86.414618
2026-05-08 11:00:00,N03,0.0183,0.008406,9.89,0.0307,0.000411,41.5,23.766144,86.414618
2026-05-08 12:00:00,N03,0.0628,0.007293,3.17,0.0306,0.000232,41.7,23.766144,86.414618
2026-05-08 13:00:00,N03,,,,,,,23.766144,86.414618
2026-05-08 14:00:00,N03,0.051,0.006175,5.24,0.0301,0.000208,40.7,23.766144,86.414618
2026-05-08 15:00:00,N03,0.2175,0.006188,2.37,0.0298,0.00445,39.5,23.766144,86.414618
2026-05-08 16:00:00,N03,-0.0113,0.777011,29.24,0.039,0.007141,38.0,23.766144,86.414618
2026-05-08 17:00:00,N03,-0.0093,0.823804,28.38,0.0156,0.011501,36.1,23.766144,86.414618
2026-05-08 18:00:00,N03,-0.2368,0.726471,15.56,0.016,0.006532,34.2,23.766144,86.414618
2026-05-08 19:00:00,N03,-0.1915,0.00564,3.57,0.0286,0.006552,32.3,23.766144,86.414618
2026-05-08 20:00:00,N03,-0.0484,0.007209,5.34,0.0291,0.000303,30.5,23.766144,86.414618
2026-05-08 21:00:00,N03,0.0634,0.009567,9.06,0.0292,0.000171,28.9,23.766144,86.414618
2026-05-08 22:00:00,N03,-0.0085,0.005532,2.24,0.0294,8.9e-05,27.7,23.766144,86.414618
2026-05-08 23:00:00,N03,0.1916,0.007129,5.5,0.0291,0.000509,27.0,23.766144,86.414618
2026-05-09 00:00:00,N03,-0.0523,0.008941,8.26,0.0284,0.000278,24.2,23.766144,86.414618
2026-05-09 01:00:00,N03,,,,,,,23.766144,86.414618
2026-05-09 02:00:00,N03,,,,,,,23.766144,86.414618
2026-05-09 03:00:00,N03,,,,,,,23.766144,86.414618
2026-05-09 04:00:00,N03,,,,,,,23.766144,86.414618
2026-05-09 05:00:00,N03,-0.1426,0.005076,5.03,0.0294,0.000273,29.8,23.766144,86.414618
2026-05-09 06:00:00,N03,,,,,,,23.766144,86.414618
2026-05-09 07:00:00,N03,,,,,,,23.766144,86.414618
2026-05-09 08:00:00,N03,-0.1897,0.006295,3.83,0.0285,0.000152,35.5,23.766144,86.414618
2026-05-09 09:00:00,N03,0.0728,0.006871,8.27,0.0289,0.000313,37.0,23.766144,86.414618
2026-05-09 10:00:00,N03,-0.054,0.005821,5.47,0.0291,0.006087,38.2,23.766144,86.414618
2026-05-09 11:00:00,N03,0.0788,0.846105,43.6,0.0168,0.000253,39.0,23.766144,86.414618
2026-05-09 12:00:00,N03,-0.024,0.00641,1.66,0.0286,0.01304,39.2,23.766144,86.414618
2026-05-09 13:00:00,N03,,,,,,,23.766144,86.414618
2026-05-09 14:00:00,N03,,,,,,,23.766144,86.414618
2026-05-09 15:00:00,N03,,,,,,,23.766144,86.414618
2026-05-09 16:00:00,N03,,,,,,,23.766144,86.414618
2026-05-09 17:00:00,N03,,,,,,,23.766144,86.414618
2026-05-09 18:00:00,N03,0.1319,0.006001,8.57,0.028,0.000398,31.7,23.766144,86.414618
2026-05-09 19:00:00,N03,0.1718,0.005637,6.63,0.0274,5e-06,29.8,23.766144,86.414618
2026-05-09 20:00:00,N03,,,,,,,23.766144,86.414618
2026-05-09 21:00:00,N03,,,,,,,23.766144,86.414618
2026-05-09 22:00:00,N03,,,,,,,23.766144,86.414618
2026-05-09 23:00:00,N03,,,,,,,23.766144,86.414618
2026-05-10 00:00:00,N03,,,,,,,23.766144,86.414618
2026-05-10 01:00:00,N03,0.2069,0.005915,1.94,0.0272,0.000663,23.8,23.766144,86.414618
2026-05-10 02:00:00,N03,-0.2859,0.007876,9.65,0.0264,0.000521,24.5,23.766144,86.414618
2026-05-10 03:00:00,N03,,,,,,,23.766144,86.414618
2026-05-10 04:00:00,N03,,,,,,,23.766144,86.414618
2026-05-10 05:00:00,N03,0.0808,0.005857,4.52,0.0266,0.006444,29.1,23.766144,86.414618
2026-05-10 06:00:00,N03,-0.0943,0.920588,20.55,0.0133,0.000173,31.0,23.766144,86.414618
2026-05-10 07:00:00,N03,0.2225,0.005626,3.22,0.0263,0.006803,32.9,23.766144,86.414618
2026-05-10 08:00:00,N03,-0.2424,0.006973,1.59,0.0269,0.000751,34.7,23.766144,86.414618
2026-05-10 09:00:00,N03,-0.3389,0.009259,8.75,0.0278,0.000224,36.3,23.766144,86.414618
2026-05-10 10:00:00,N03,0.052,0.00823,5.21,0.0273,0.00478,37.5,23.766144,86.414618
2026-05-10 11:00:00,N03,-0.1023,0.636651,26.47,0.0373,0.005307,38.2,23.766144,86.414618
2026-05-10 12:00:00,N03,,,,,,,23.766144,86.414618
2026-05-10 13:00:00,N03,,,,,,,23.766144,86.414618
2026-05-10 14:00:00,N03,,,,,,,23.766144,86.414618
2026-05-10 15:00:00,N03,,,,,,,23.766144,86.414618
2026-05-10 16:00:00,N03,,,,,,,23.766144,86.414618
2026-05-10 17:00:00,N03,0.1199,0.006555,1.85,0.0268,9.4e-05,32.9,23.766144,86.414618
2026-05-10 18:00:00,N03,0.0934,0.007297,7.82,0.0264,0.00035,31.0,23.766144,86.414618
2026-05-10 19:00:00,N03,0.0903,0.007867,2.91,0.0261,0.000256,29.1,23.766144,86.414618
2026-05-10 20:00:00,N03,,,,,,,23.766144,86.414618
2026-05-10 21:00:00,N03,,,,,,,23.766144,86.414618
2026-05-10 22:00:00,N03,,,,,,,23.766144,86.414618
2026-05-10 23:00:00,N03,-0.0833,0.007128,9.94,0.0257,0.000599,23.8,23.766144,86.414618
2026-05-11 00:00:00,N03,0.0272,0.007559,7.61,0.025,0.000521,25.2,23.766144,86.414618
2026-05-11 01:00:00,N03,-0.0573,0.006265,7.64,0.0246,9.5e-05,25.5,23.766144,86.414618
2026-05-11 02:00:00,N03,0.2299,0.005418,8.65,0.0248,0.000313,26.2,23.766144,86.414618
2026-05-11 03:00:00,N03,,,,,,,23.766144,86.414618
2026-05-11 04:00:00,N03,,,,,,,23.766144,86.414618
2026-05-11 05:00:00,N03,,,,,,,23.766144,86.414618
2026-05-11 06:00:00,N03,,,,,,,23.766144,86.414618
2026-05-11 07:00:00,N03,,,,,,,23.766144,86.414618
2026-05-11 08:00:00,N03,-0.0475,0.00629,3.44,0.0245,0.009614,36.5,23.766144,86.414618
2026-05-11 09:00:00,N03,0.0342,0.006361,6.5,0.0248,8.3e-05,38.0,23.766144,86.414618
2026-05-11 10:00:00,N03,0.0748,0.006579,6.85,0.0243,9e-06,39.2,23.766144,86.414618
2026-05-11 11:00:00,N03,0.1646,0.007601,2.71,0.0248,7e-05,40.0,23.766144,86.414618
2026-05-11 12:00:00,N03,,,,,,,23.766144,86.414618
2026-05-11 13:00:00,N03,0.1816,0.87101,28.81,0.0353,0.009436,40.0,23.766144,86.414618
2026-05-11 14:00:00,N03,0.008,0.554461,17.03,0.0431,0.005775,39.2,23.766144,86.414618
2026-05-11 15:00:00,N03,-0.1801,0.005049,4.0,0.0237,0.009563,38.0,23.766144,86.414618
2026-05-11 16:00:00,N03,,,,,,,23.766144,86.414618
2026-05-11 17:00:00,N03,,,,,,,23.766144,86.414618
2026-05-11 18:00:00,N03,,,,,,,23.766144,86.414618
2026-05-11 19:00:00,N03,,,,,,,23.766144,86.414618
2026-05-11 20:00:00,N03,,,,,,,23.766144,86.414618
2026-05-11 21:00:00,N03,-0.0825,0.009255,2.27,0.0248,0.000303,27.4,23.766144,86.414618
2026-05-11 22:00:00,N03,0.0796,0.007301,2.14,0.0251,0.000434,26.2,23.766144,86.414618
2026-05-11 23:00:00,N03,-0.1957,0.007483,7.69,0.0257,0.000116,25.5,23.766144,86.414618
2026-05-12 00:00:00,N03,-0.1912,0.005429,2.9,0.0253,8.9e-05,26.4,23.766144,86.414618
2026-05-12 01:00:00,N03,0.1573,0.008132,1.95,0.0255,0.000144,26.7,23.766144,86.414618
2026-05-12 02:00:00,N03,-0.1281,0.009556,7.62,0.0256,6.3e-05,27.4,23.766144,86.414618
2026-05-12 03:00:00,N03,-0.1411,0.007627,9.78,0.0256,8.7e-05,28.6,23.766144,86.414618
2026-05-12 04:00:00,N03,0.107,0.006414,4.26,0.0254,0.000296,30.2,23.766144,86.414618
2026-05-12 05:00:00,N03,-0.0165,0.005502,5.24,0.0251,2.4e-05,32.0,23.766144,86.414618
2026-05-12 06:00:00,N03,-0.1863,0.005721,5.77,0.0254,0.000414,33.9,23.766144,86.414618
2026-05-12 07:00:00,N03,-0.0083,0.005953,6.45,0.0259,0.000362,35.9,23.766144,86.414618
2026-05-12 08:00:00,N03,0.0218,0.005825,4.79,0.0261,0.000305,37.7,23.766144,86.414618
2026-05-12 09:00:00,N03,-0.1053,0.009568,1.55,0.0265,0.00026,39.2,23.766144,86.414618
2026-05-12 10:00:00,N03,0.1559,0.009186,5.94,0.0266,0.000121,40.4,23.766144,86.414618
2026-05-12 11:00:00,N03,0.0777,0.00644,7.1,0.0263,0.000394,41.2,23.766144,86.414618
2026-05-12 12:00:00,N03,-0.0411,0.00809,3.2,0.0258,0.000512,41.4,23.766144,86.414618
2026-05-12 13:00:00,N03,-0.199,0.008074,2.0,0.0252,0.000515,41.2,23.766144,86.414618
2026-05-12 14:00:00,N03,0.0994,0.007075,4.66,0.0248,0.007314,40.4,23.766144,86.414618
2026-05-12 15:00:00,N03,-0.2006,0.996135,37.41,0.0106,0.003737,39.2,23.766144,86.414618
2026-05-12 16:00:00,N03,0.2327,0.51889,40.76,0.0323,0.00679,37.7,23.766144,86.414618
2026-05-12 17:00:00,N03,-0.0615,0.006536,9.62,0.0242,0.00381,35.9,23.766144,86.414618
2026-05-12 18:00:00,N03,0.0626,0.005116,5.66,0.0246,0.000236,33.9,23.766144,86.414618
2026-05-12 19:00:00,N03,0.0051,0.00613,2.44,0.0237,0.000539,32.0,23.766144,86.414618
2026-05-12 20:00:00,N03,-0.1407,0.005757,3.74,0.0236,0.000391,30.2,23.766144,86.414618
2026-05-12 21:00:00,N03,-0.0774,0.007232,9.44,0.0229,0.000352,28.6,23.766144,86.414618
2026-05-12 22:00:00,N03,0.206,0.005877,4.27,0.0228,0.000256,27.4,23.766144,86.414618
2026-05-12 23:00:00,N03,0.0994,0.008839,2.69,0.0234,0.00018,26.7,23.766144,86.414618
2026-05-13 00:00:00,N03,0.3177,0.006547,5.79,0.0232,0.000232,24.4,23.766144,86.414618
2026-05-13 01:00:00,N03,0.0167,0.00586,2.0,0.023,0.000112,24.6,23.766144,86.414618
2026-05-13 02:00:00,N03,-0.1363,0.008282,1.22,0.0234,0.000203,25.4,23.766144,86.414618
2026-05-13 03:00:00,N03,-0.032,0.005509,6.81,0.0234,0.000136,26.6,23.766144,86.414618
2026-05-13 04:00:00,N03,,,,,,,23.766144,86.414618
2026-05-13 05:00:00,N03,,,,,,,23.766144,86.414618
2026-05-13 06:00:00,N03,,,,,,,23.766144,86.414618
2026-05-13 07:00:00,N03,,,,,,,23.766144,86.414618
2026-05-13 08:00:00,N03,-0.1582,0.692694,30.2,0.0373,0.006509,35.6,23.766144,86.414618
2026-05-13 09:00:00,N03,0.3503,0.766591,16.72,0.0375,0.006257,37.2,23.766144,86.414618
2026-05-13 10:00:00,N03,0.0762,0.006736,3.91,0.0248,0.006591,38.4,23.766144,86.414618
2026-05-13 11:00:00,N03,0.2664,0.006063,1.22,0.0244,0.002953,39.1,23.766144,86.414618
2026-05-13 12:00:00,N03,,,,,,,23.766144,86.414618
2026-05-13 13:00:00,N03,,,,,,,23.766144,86.414618
2026-05-13 14:00:00,N03,,,,,,,23.766144,86.414618
2026-05-13 15:00:00,N03,,,,,,,23.766144,86.414618
2026-05-13 16:00:00,N03,,,,,,,23.766144,86.414618
2026-05-13 17:00:00,N03,,,,,,,23.766144,86.414618
2026-05-13 18:00:00,N03,-0.0382,0.005958,9.25,0.0217,0.000635,31.9,23.766144,86.414618
2026-05-13 19:00:00,N03,-0.1621,0.005419,5.02,0.0215,0.000252,29.9,23.766144,86.414618
2026-05-13 20:00:00,N03,0.0456,0.006822,1.15,0.0212,0.000191,28.1,23.766144,86.414618
2026-05-13 21:00:00,N03,-0.2253,0.006183,5.64,0.0218,0.000168,26.6,23.766144,86.414618
2026-05-13 22:00:00,N03,-0.2266,0.00758,5.53,0.0215,0.000259,25.4,23.766144,86.414618
2026-05-13 23:00:00,N03,0.052,0.007927,2.39,0.0213,0.000293,24.6,23.766144,86.414618
2026-05-14 00:00:00,N03,-0.2481,0.009172,6.44,0.0209,7.9e-05,28.8,23.766144,86.414618
2026-05-14 01:00:00,N03,0.2549,0.00616,7.02,0.0212,6.4e-05,29.1,23.766144,86.414618
2026-05-14 02:00:00,N03,0.0465,0.00563,2.46,0.021,8.4e-05,29.8,23.766144,86.414618
2026-05-14 03:00:00,N03,-0.3801,0.005747,3.09,0.0213,0.000165,31.0,23.766144,86.414618
2026-05-14 04:00:00,N03,0.171,0.007669,1.38,0.0207,0.000239,32.6,23.766144,86.414618
2026-05-14 05:00:00,N03,,,,,,,23.766144,86.414618
2026-05-14 06:00:00,N03,,,,,,,23.766144,86.414618
2026-05-14 07:00:00,N03,,,,,,,23.766144,86.414618
2026-05-14 08:00:00,N03,,,,,,,23.766144,86.414618
2026-05-14 09:00:00,N03,,,,,,,23.766144,86.414618
2026-05-14 10:00:00,N03,-0.162,0.0072,9.74,0.0191,0.000643,42.8,23.766144,86.414618
2026-05-14 11:00:00,N03,,,,,,,23.766144,86.414618
2026-05-14 12:00:00,N03,,,,,,,23.766144,86.414618
2026-05-14 13:00:00,N03,0.197,0.00545,6.7,0.0178,0.005218,43.6,23.766144,86.414618
2026-05-14 14:00:00,N03,-0.0462,0.005455,1.37,0.0179,0.000132,42.8,23.766144,86.414618
2026-05-14 15:00:00,N03,-0.1083,0.005183,2.49,0.0176,0.000176,41.6,23.766144,86.414618
2026-05-14 16:00:00,N03,0.0622,0.005992,2.83,0.0175,0.000248,40.1,23.766144,86.414618
2026-05-14 17:00:00,N03,0.0717,0.009708,2.35,0.0171,0.000182,38.3,23.766144,86.414618
2026-05-14 18:00:00,N03,-0.089,0.006998,5.42,0.0172,0.00015,36.3,23.766144,86.414618
2026-05-14 19:00:00,N03,0.0724,0.006167,8.73,0.0174,9e-06,34.4,23.766144,86.414618
2026-05-14 20:00:00,N03,-0.1237,0.007309,4.27,0.0172,0.000297,32.6,23.766144,86.414618
2026-05-14 21:00:00,N03,-0.1522,0.00724,2.73,0.0168,0.00038,31.0,23.766144,86.414618
2026-05-14 22:00:00,N03,-0.097,0.009226,9.2,0.0164,0.000104,29.8,23.766144,86.414618
2026-05-14 23:00:00,N03,,,,,,,23.766144,86.414618
2026-05-15 00:00:00,N03,,,,,,,23.766144,86.414618
2026-05-15 01:00:00,N03,,,,,,,23.766144,86.414618
2026-05-15 02:00:00,N03,,,,,,,23.766144,86.414618
2026-05-15 03:00:00,N03,0.1883,0.005277,6.13,0.0159,0.000465,30.3,23.766144,86.414618
2026-05-15 04:00:00,N03,-0.1229,0.006065,8.06,0.0155,2e-06,31.9,23.766144,86.414618
2026-05-15 05:00:00,N03,-0.0958,0.005955,9.93,0.0159,3.4e-05,33.7,23.766144,86.414618
2026-05-15 06:00:00,N03,,,,,,,23.766144,86.414618
2026-05-15 07:00:00,N03,,,,,,,23.766144,86.414618
2026-05-15 08:00:00,N03,,,,,,,23.766144,86.414618
2026-05-15 09:00:00,N03,,,,,,,23.766144,86.414618
2026-05-15 10:00:00,N03,,,,,,,23.766144,86.414618
2026-05-15 11:00:00,N03,-0.0477,0.006093,3.93,0.0146,0.00359,42.8,23.766144,86.414618
2026-05-15 12:00:00,N03,0.175,0.005575,2.35,0.0147,0.000115,43.1,23.766144,86.414618
2026-05-15 13:00:00,N03,-0.0544,0.006591,3.12,0.0148,2.3e-05,42.8,23.766144,86.414618
2026-05-15 14:00:00,N03,0.0748,0.005884,2.64,0.0147,0.000264,42.1,23.766144,86.414618
2026-05-15 15:00:00,N03,0.3121,0.008528,9.37,0.0143,0.000135,40.9,23.766144,86.414618
2026-05-15 16:00:00,N03,0.128,0.007195,8.03,0.015,0.000169,39.4,23.766144,86.414618
2026-05-15 17:00:00,N03,0.1412,0.006507,1.24,0.0146,0.000262,37.5,23.766144,86.414618
2026-05-15 18:00:00,N03,,,,,,,23.766144,86.414618
2026-05-15 19:00:00,N03,,,,,,,23.766144,86.414618
2026-05-15 20:00:00,N03,,,,,,,23.766144,86.414618
2026-05-15 21:00:00,N03,,,,,,,23.766144,86.414618
2026-05-15 22:00:00,N03,,,,,,,23.766144,86.414618
2026-05-15 23:00:00,N03,-0.1261,0.007061,5.19,0.0156,1.7e-05,28.4,23.766144,86.414618
2026-05-16 00:00:00,N03,-0.1028,0.006463,5.98,0.0161,0.000168,24.4,23.766144,86.414618
2026-05-16 01:00:00,N03,,,,,,,23.766144,86.414618
2026-05-16 02:00:00,N03,,,,,,,23.766144,86.414618
2026-05-16 03:00:00,N03,,,,,,,23.766144,86.414618
2026-05-16 04:00:00,N03,,,,,,,23.766144,86.414618
2026-05-16 05:00:00,N03,,,,,,,23.766144,86.414618
2026-05-16 06:00:00,N03,-0.1312,0.00718,5.97,0.0155,0.000631,31.9,23.766144,86.414618
2026-05-16 07:00:00,N03,0.1246,0.007372,8.97,0.0149,0.000251,33.8,23.766144,86.414618
2026-05-16 08:00:00,N03,,,,,,,23.766144,86.414618
2026-05-16 09:00:00,N03,0.1978,0.006869,6.72,0.0139,0.000467,37.2,23.766144,86.414618
2026-05-16 10:00:00,N03,-0.0134,0.006475,4.94,0.014,0.003946,38.4,23.766144,86.414618
2026-05-16 11:00:00,N03,0.0556,0.754001,26.66,0.006,0.004423,39.1,23.766144,86.414618
2026-05-16 12:00:00,N03,0.1088,0.797864,32.56,0.0229,0.012722,39.4,23.766144,86.414618
2026-05-16 13:00:00,N03,0.2896,0.992322,17.65,0.0315,0.00396,39.1,23.766144,86.414618
2026-05-16 14:00:00,N03,-0.0112,0.009073,4.63,0.0149,0.007962,38.4,23.766144,86.414618
2026-05-16 15:00:00,N03,-0.0982,0.007274,2.42,0.0155,0.004686,37.2,23.766144,86.414618
2026-05-16 16:00:00,N03,-0.0894,0.919857,41.05,0.0243,0.00408,35.6,23.766144,86.414618
2026-05-16 17:00:00,N03,-0.0334,0.521754,33.38,0.0237,0.004857,33.8,23.766144,86.414618
2026-05-16 18:00:00,N03,0.0302,0.008751,1.16,0.0146,0.004945,31.9,23.766144,86.414618
2026-05-16 19:00:00,N03,0.0174,0.005031,4.03,0.0138,0.000542,29.9,23.766144,86.414618
2026-05-16 20:00:00,N03,0.0838,0.007636,6.49,0.0135,0.000137,28.1,23.766144,86.414618
2026-05-16 21:00:00,N03,-0.0916,0.010411,7.63,0.0135,4.2e-05,26.6,23.766144,86.414618
2026-05-16 22:00:00,N03,-0.1008,0.009313,8.24,0.0136,0.000198,25.4,23.766144,86.414618
2026-05-16 23:00:00,N03,-0.1754,0.005159,9.32,0.0139,0.000221,24.6,23.766144,86.414618
2026-05-17 00:00:00,N03,-0.0468,0.005568,2.42,0.0132,0.0002,26.6,23.766144,86.414618
2026-05-17 01:00:00,N03,-0.3045,0.0076,1.13,0.0135,0.000286,26.9,23.766144,86.414618
2026-05-17 02:00:00,N03,0.0501,0.006246,8.8,0.0137,0.000333,27.6,23.766144,86.414618
2026-05-17 03:00:00,N03,-0.0443,0.007244,5.81,0.0142,0.000147,28.8,23.766144,86.414618
2026-05-17 04:00:00,N03,-0.105,0.005405,8.26,0.014,0.000143,30.4,23.766144,86.414618
2026-05-17 05:00:00,N03,-0.0099,0.006226,9.77,0.0145,0.000122,32.2,23.766144,86.414618
2026-05-17 06:00:00,N03,-0.0544,0.005953,6.84,0.0138,0.003325,34.1,23.766144,86.414618
2026-05-17 07:00:00,N03,-0.0485,0.638728,19.49,0.0211,0.003938,36.0,23.766144,86.414618
2026-05-17 08:00:00,N03,0.1571,0.730686,45.0,0.0217,0.003257,37.9,23.766144,86.414618
2026-05-17 09:00:00,N03,0.0269,0.005567,1.21,0.0146,0.003235,39.4,23.766144,86.414618
2026-05-17 10:00:00,N03,-0.1854,0.006259,9.29,0.0152,0.000653,40.6,23.766144,86.414618
2026-05-17 11:00:00,N03,-0.0138,0.005361,6.32,0.0159,0.00045,41.4,23.766144,86.414618
2026-05-17 12:00:00,N03,,,,,,,23.766144,86.414618
2026-05-17 13:00:00,N03,,,,,,,23.766144,86.414618
2026-05-17 14:00:00,N03,,,,,,,23.766144,86.414618
2026-05-17 15:00:00,N03,,,,,,,23.766144,86.414618
2026-05-17 16:00:00,N03,,,,,,,23.766144,86.414618
2026-05-17 17:00:00,N03,0.1049,0.006341,7.31,0.0167,6.4e-05,36.0,23.766144,86.414618
2026-05-17 18:00:00,N03,-0.1761,0.006133,7.11,0.0163,0.000282,34.1,23.766144,86.414618
2026-05-17 19:00:00,N03,0.0495,0.00534,7.18,0.0162,0.00053,32.2,23.766144,86.414618
2026-05-17 20:00:00,N03,0.1168,0.005033,3.82,0.0173,0.000563,30.4,23.766144,86.414618
2026-05-17 21:00:00,N03,0.1375,0.006753,4.38,0.0173,0.000227,28.8,23.766144,86.414618
2026-05-17 22:00:00,N03,-0.0987,0.005502,5.22,0.0169,0.000285,27.6,23.766144,86.414618
2026-05-17 23:00:00,N03,-0.112,0.00586,3.35,0.0167,0.000162,26.9,23.766144,86.414618
2026-05-18 00:00:00,N03,0.282,0.006958,2.96,0.0166,0.000115,24.7,23.766144,86.414618
2026-05-18 01:00:00,N03,0.1294,0.006262,4.41,0.0165,7e-05,25.0,23.766144,86.414618
2026-05-18 02:00:00,N03,,,,,,,23.766144,86.414618
2026-05-18 03:00:00,N03,,,,,,,23.766144,86.414618
2026-05-18 04:00:00,N03,,,,,,,23.766144,86.414618
2026-05-18 05:00:00,N03,-0.1005,0.005328,7.95,0.0175,6e-06,30.3,23.766144,86.414618
2026-05-18 06:00:00,N03,0.2289,0.007271,6.4,0.0175,0.005044,32.2,23.766144,86.414618
2026-05-18 07:00:00,N03,-0.0998,0.834722,39.51,0.0074,0.002144,34.2,23.766144,86.414618
2026-05-18 08:00:00,N03,0.2114,0.861729,47.44,0.0132,0.008535,36.0,23.766144,86.414618
2026-05-18 09:00:00,N03,0.0447,0.826034,43.36,0.0245,0.002591,37.5,23.766144,86.414618
2026-05-18 10:00:00,N03,0.1174,0.006433,9.96,0.0184,0.003357,38.7,23.766144,86.414618
2026-05-18 11:00:00,N03,-0.0261,0.007008,8.52,0.0178,0.00085,39.5,23.766144,86.414618
2026-05-18 12:00:00,N03,0.0888,0.005072,3.94,0.0167,0.008543,39.7,23.766144,86.414618
2026-05-18 13:00:00,N03,-0.0099,0.586713,20.11,0.0349,0.00033,39.5,23.766144,86.414618
2026-05-18 14:00:00,N03,0.0851,0.006022,9.24,0.016,0.009735,38.7,23.766144,86.414618
2026-05-18 15:00:00,N03,-0.0903,0.005942,2.05,0.0154,1.4e-05,37.5,23.766144,86.414618
2026-05-18 16:00:00,N03,0.0412,0.00564,7.62,0.016,0.00036,36.0,23.766144,86.414618
2026-05-18 17:00:00,N03,-0.2444,0.008416,6.42,0.0161,0.000338,34.2,23.766144,86.414618
2026-05-18 18:00:00,N03,,,,,,,23.766144,86.414618
2026-05-18 19:00:00,N03,,,,,,,23.766144,86.414618
2026-05-18 20:00:00,N03,,,,,,,23.766144,86.414618
2026-05-18 21:00:00,N03,-0.0044,0.00596,6.82,0.0151,1e-06,26.9,23.766144,86.414618
2026-05-18 22:00:00,N03,0.0907,0.005513,8.71,0.0158,0.000439,25.7,23.766144,86.414618
2026-05-18 23:00:00,N03,0.0551,0.005626,7.31,0.016,0.000165,25.0,23.766144,86.414618
2026-05-19 00:00:00,N03,0.0763,0.005556,5.34,0.0161,0.000216,24.2,23.766144,86.414618
2026-05-19 01:00:00,N03,0.3575,0.008671,6.87,0.0155,0.000396,24.5,23.766144,86.414618
2026-05-19 02:00:00,N03,-0.2975,0.0068,3.66,0.0153,0.000365,25.2,23.766144,86.414618
2026-05-19 03:00:00,N03,-0.0023,0.005566,8.36,0.0148,0.000568,26.4,23.766144,86.414618
2026-05-19 04:00:00,N03,-0.0706,0.007022,5.4,0.0142,0.000819,28.0,23.766144,86.414618
2026-05-19 05:00:00,N03,0.2426,0.00605,10.0,0.0132,0.000821,29.8,23.766144,86.414618
2026-05-19 06:00:00,N03,0.0502,0.006749,7.83,0.0126,0.000438,31.7,23.766144,86.414618
2026-05-19 07:00:00,N03,-0.178,0.005675,4.27,0.0123,0.005483,33.7,23.766144,86.414618
2026-05-19 08:00:00,N03,0.2059,0.913934,17.8,0.0235,1.2e-05,35.5,23.766144,86.414618
2026-05-19 09:00:00,N03,0.03,0.006335,9.77,0.0123,0.005748,37.0,23.766144,86.414618
2026-05-19 10:00:00,N03,0.0543,0.00617,4.72,0.012,0.000192,38.2,23.766144,86.414618
2026-05-19 11:00:00,N03,-0.0674,0.008317,7.72,0.0119,0.00016,39.0,23.766144,86.414618
2026-05-19 12:00:00,N03,,,,,,,23.766144,86.414618
2026-05-19 13:00:00,N03,,,,,,,23.766144,86.414618
2026-05-19 14:00:00,N03,,,,,,,23.766144,86.414618
2026-05-19 15:00:00,N03,,,,,,,23.766144,86.414618
2026-05-19 16:00:00,N03,-0.1611,0.008427,6.13,0.0125,6.2e-05,35.5,23.766144,86.414618
2026-05-19 17:00:00,N03,0.1059,0.005641,4.45,0.0129,0.000206,33.7,23.766144,86.414618
2026-05-19 18:00:00,N03,0.0663,0.009381,4.94,0.0129,0.000168,31.7,23.766144,86.414618
2026-05-19 19:00:00,N03,-0.0561,0.008094,4.28,0.0132,0.000184,29.8,23.766144,86.414618
2026-05-19 20:00:00,N03,0.1817,0.007556,6.61,0.0125,0.000284,28.0,23.766144,86.414618
2026-05-19 21:00:00,N03,0.0443,0.005138,2.09,0.0126,4.7e-05,26.4,23.766144,86.414618
2026-05-19 22:00:00,N03,0.0661,0.005303,3.51,0.0126,8.6e-05,25.2,23.766144,86.414618
2026-05-19 23:00:00,N03,0.0954,0.00885,6.94,0.0124,0.000225,24.5,23.766144,86.414618
2026-05-20 00:00:00,N03,-0.1039,0.005622,2.28,0.0122,3.3e-05,29.3,23.766144,86.414618
2026-05-20 01:00:00,N03,0.0746,0.006316,7.41,0.0125,0.135026,29.6,23.766144,86.414618
2026-05-20 02:00:00,N03,,,,,,,23.766144,86.414618
2026-05-20 03:00:00,N03,,,,,,,23.766144,86.414618
2026-05-20 04:00:00,N03,,,,,,,23.766144,86.414618
2026-05-20 05:00:00,N03,,,,,,,23.766144,86.414618
2026-05-20 06:00:00,N03,,,,,,,23.766144,86.414618
2026-05-20 07:00:00,N03,0.2449,0.008134,3.77,1.9768,0.337755,38.8,23.766144,86.414618
2026-05-20 08:00:00,N03,,,,,,,23.766144,86.414618
2026-05-20 09:00:00,N03,-0.0026,0.006933,1.16,2.653,0.337116,42.1,23.766144,86.414618
2026-05-20 10:00:00,N03,-0.0863,0.009682,9.68,2.9888,0.336089,43.3,23.766144,86.414618
2026-05-20 11:00:00,N03,0.1717,0.007399,7.78,3.3252,0.335856,44.1,23.766144,86.414618
2026-05-20 12:00:00,N03,0.276,0.008784,6.71,3.6605,0.334927,44.3,23.766144,86.414618
2026-05-20 13:00:00,N03,-0.1102,0.007319,4.12,3.9951,0.334752,44.1,23.766144,86.414618
2026-05-20 14:00:00,N03,0.1175,0.009869,2.13,4.33,0.335092,43.3,23.766144,86.414618
2026-05-20 15:00:00,N03,0.3344,0.007293,2.25,4.6653,0.337495,42.1,23.766144,86.414618
2026-05-20 16:00:00,N03,0.1879,0.876156,23.87,5.005,0.336988,40.6,23.766144,86.414618
2026-05-20 17:00:00,N03,0.1463,0.851991,20.19,5.3392,0.331702,38.8,23.766144,86.414618
2026-05-20 18:00:00,N03,0.0895,0.007878,9.8,5.6684,0.331572,36.8,23.766144,86.414618
2026-05-20 19:00:00,N03,0.0301,0.007504,9.19,6.0024,0.333014,34.9,23.766144,86.414618
2026-05-20 20:00:00,N03,0.0408,0.007768,2.16,6.3344,0.332426,33.1,23.766144,86.414618
2026-05-20 21:00:00,N03,-0.0602,0.009702,2.62,6.6672,0.332791,31.5,23.766144,86.414618
2026-05-20 22:00:00,N03,,,,,,,23.766144,86.414618
2026-05-20 23:00:00,N03,,,,,,,23.766144,86.414618
2026-05-21 00:00:00,N03,-0.2552,0.011211,7.76,7.662,0.330815,25.3,23.766144,86.414618
2026-05-21 01:00:00,N03,-0.0044,0.008938,6.2,7.9929,0.330398,25.5,23.766144,86.414618
2026-05-21 02:00:00,N03,-0.0496,0.007508,6.19,8.3228,0.329359,26.3,23.766144,86.414618
2026-05-21 03:00:00,N03,0.1477,0.009646,3.39,8.6517,0.329304,27.5,23.766144,86.414618
2026-05-21 04:00:00,N03,,,,,,,23.766144,86.414618
2026-05-21 05:00:00,N03,,,,,,,23.766144,86.414618
2026-05-21 06:00:00,N03,,,,,,,23.766144,86.414618
2026-05-21 07:00:00,N03,,,,,,,23.766144,86.414618
2026-05-21 08:00:00,N03,,,,,,,23.766144,86.414618
2026-05-21 09:00:00,N03,-0.1383,0.008242,1.89,10.6234,0.31841,38.1,23.766144,86.414618
2026-05-21 10:00:00,N03,0.2007,0.805085,41.52,10.9319,0.317553,39.3,23.766144,86.414618
2026-05-21 11:00:00,N03,-0.1065,0.859487,23.61,11.2586,0.336228,40.0,23.766144,86.414618
2026-05-21 12:00:00,N03,-0.1369,0.008062,5.23,11.6043,0.342325,40.3,23.766144,86.414618
2026-05-21 13:00:00,N03,-0.0276,0.842846,41.77,11.9432,0.331885,40.0,23.766144,86.414618
2026-05-21 14:00:00,N03,0.1272,0.603041,34.23,12.2681,0.328479,39.3,23.766144,86.414618
2026-05-21 15:00:00,N03,-0.0142,0.741853,29.27,12.6002,0.328302,38.1,23.766144,86.414618
2026-05-21 16:00:00,N03,,,,,,,23.766144,86.414618
2026-05-21 17:00:00,N03,,,,,,,23.766144,86.414618
2026-05-21 18:00:00,N03,-0.043,0.008274,4.93,13.5534,0.323497,32.8,23.766144,86.414618
2026-05-21 19:00:00,N03,-0.0951,0.009782,7.31,13.8773,0.323457,30.8,23.766144,86.414618
2026-05-21 20:00:00,N03,0.1593,0.007239,9.9,14.2003,0.322675,29.0,23.766144,86.414618
2026-05-21 21:00:00,N03,-0.0879,0.007273,1.55,14.5227,0.322284,27.5,23.766144,86.414618
2026-05-21 22:00:00,N03,,,,,,,23.766144,86.414618
2026-05-21 23:00:00,N03,,,,,,,23.766144,86.414618
2026-05-22 00:00:00,N03,,,,,,,23.766144,86.414618
2026-05-22 01:00:00,N03,,,,,,,23.766144,86.414618
2026-05-22 02:00:00,N03,0.2919,0.008019,7.89,16.1289,0.320661,26.3,23.766144,86.414618
2026-05-22 03:00:00,N03,-0.188,0.007968,8.87,16.4502,0.320596,27.5,23.766144,86.414618
2026-05-22 04:00:00,N03,0.0883,0.00844,3.72,16.7701,0.319736,29.0,23.766144,86.414618
2026-05-22 05:00:00,N03,0.0558,0.007428,1.96,17.0896,0.319836,30.8,23.766144,86.414618
2026-05-22 06:00:00,N03,,,,,,,23.766144,86.414618
2026-05-22 07:00:00,N03,,,,,,,23.766144,86.414618
2026-05-22 08:00:00,N03,,,,,,,23.766144,86.414618
2026-05-22 09:00:00,N03,-0.0598,0.008718,5.95,18.3636,0.317735,38.1,23.766144,86.414618
2026-05-22 10:00:00,N03,-0.3035,0.009764,1.33,18.6816,0.317599,39.3,23.766144,86.414618
2026-05-22 11:00:00,N03,-0.0913,0.008184,5.9,18.9988,0.317105,40.0,23.766144,86.414618
2026-05-22 12:00:00,N03,0.0089,0.0092,9.76,19.3158,0.322355,40.3,23.766144,86.414618
2026-05-22 13:00:00,N03,,,,,,,23.766144,86.414618
2026-05-22 14:00:00,N03,,,,,,,23.766144,86.414618
2026-05-22 15:00:00,N03,0.1395,0.00682,4.82,20.2653,0.310099,38.1,23.766144,86.414618
2026-05-22 16:00:00,N03,-0.0401,0.010347,3.84,20.5802,0.31509,36.5,23.766144,86.414618
2026-05-22 17:00:00,N03,0.1387,0.007745,3.23,20.8954,0.315149,34.7,23.766144,86.414618
2026-05-22 18:00:00,N03,-0.1083,0.008554,5.32,21.2105,0.31497,32.8,23.766144,86.414618
2026-05-22 19:00:00,N03,0.1204,0.00703,5.46,21.5254,0.314425,30.8,23.766144,86.414618
2026-05-22 20:00:00,N03,-0.1425,0.00827,9.21,21.8393,0.313307,29.0,23.766144,86.414618
2026-05-22 21:00:00,N03,,,,,,,23.766144,86.414618
2026-05-22 22:00:00,N03,,,,,,,23.766144,86.414618
2026-05-22 23:00:00,N03,,,,,,,23.766144,86.414618
2026-05-23 00:00:00,N03,,,,,,,23.766144,86.414618
2026-05-23 01:00:00,N03,,,,,,,23.766144,86.414618
2026-05-23 02:00:00,N03,-0.0336,0.006824,7.27,23.7142,0.311335,27.2,23.766144,86.414618
2026-05-23 03:00:00,N03,-0.1226,0.007113,5.53,24.0252,0.310926,28.4,23.766144,86.414618
2026-05-23 04:00:00,N03,0.1044,0.010249,6.67,24.336,0.310716,29.9,23.766144,86.414618
2026-05-23 05:00:00,N03,0.0215,0.009017,9.39,24.6467,0.310469,31.8,23.766144,86.414618
2026-05-23 06:00:00,N03,-0.2663,0.010378,3.91,24.957,0.304541,33.7,23.766144,86.414618
2026-05-23 07:00:00,N03,0.0419,0.865959,38.71,25.2557,0.309456,35.6,23.766144,86.414618
2026-05-23 08:00:00,N03,-0.0152,0.007847,1.74,25.5759,0.314369,37.4,23.766144,86.414618
2026-05-23 09:00:00,N03,0.021,0.008126,8.54,25.8845,0.305578,39.0,23.766144,86.414618
2026-05-23 10:00:00,N03,-0.0003,0.509043,31.48,26.187,0.307926,40.2,23.766144,86.414618
2026-05-23 11:00:00,N03,,,,,,,23.766144,86.414618
2026-05-23 12:00:00,N03,,,,,,,23.766144,86.414618
2026-05-23 13:00:00,N03,,,,,,,23.766144,86.414618
2026-05-23 14:00:00,N03,,,,,,,23.766144,86.414618
2026-05-23 15:00:00,N03,-0.1757,0.009885,6.29,27.7306,0.315884,39.0,23.766144,86.414618
2026-05-23 16:00:00,N03,-0.1317,0.953446,15.34,28.0555,0.306019,37.4,23.766144,86.414618
2026-05-23 17:00:00,N03,0.0287,0.010381,3.46,28.3426,0.296404,35.6,23.766144,86.414618
2026-05-23 18:00:00,N03,-0.0327,0.010669,8.48,28.6483,0.305357,33.7,23.766144,86.414618
2026-05-23 19:00:00,N03,,,,,,,23.766144,86.414618
2026-05-23 20:00:00,N03,-0.1729,0.009392,1.76,29.2577,0.304269,29.9,23.766144,86.414618
2026-05-23 21:00:00,N03,-0.1215,0.008041,7.46,29.5619,0.304314,28.4,23.766144,86.414618
2026-05-23 22:00:00,N03,-0.1729,0.008648,4.44,29.8663,0.303719,27.2,23.766144,86.414618
2026-05-23 23:00:00,N03,-0.2518,0.008538,7.9,30.1693,0.303269,26.4,23.766144,86.414618
2026-05-24 00:00:00,N03,0.0458,0.007404,2.72,30.4728,0.303481,23.6,23.766144,86.414618
2026-05-24 01:00:00,N03,-0.417,0.006889,6.27,30.7763,0.303044,23.9,23.766144,86.414618
2026-05-24 02:00:00,N03,0.2689,0.008934,9.81,31.0789,0.302478,24.6,23.766144,86.414618
2026-05-24 03:00:00,N03,0.205,0.007092,7.18,31.3812,0.302406,25.8,23.766144,86.414618
2026-05-24 04:00:00,N03,,,,,,,23.766144,86.414618
2026-05-24 05:00:00,N03,,,,,,,23.766144,86.414618
2026-05-24 06:00:00,N03,-0.1017,0.01005,4.2,32.2867,0.301287,31.1,23.766144,86.414618
2026-05-24 07:00:00,N03,-0.198,0.009414,4.91,32.5878,0.300793,33.1,23.766144,86.414618
2026-05-24 08:00:00,N03,0.1283,0.008463,4.06,32.8883,0.299956,34.9,23.766144,86.414618
2026-05-24 09:00:00,N03,0.1056,0.007529,4.89,33.1877,0.299662,36.4,23.766144,86.414618
2026-05-24 10:00:00,N03,-0.0814,0.008125,8.66,33.4876,0.305308,37.6,23.766144,86.414618
2026-05-24 11:00:00,N03,,,,,,,23.766144,86.414618
2026-05-24 12:00:00,N03,-0.1669,0.00937,3.99,34.0851,0.285083,38.6,23.766144,86.414618
2026-05-24 13:00:00,N03,-0.0747,0.785079,49.43,34.3685,0.30061,38.4,23.766144,86.414618
2026-05-24 14:00:00,N03,-0.0366,0.557913,27.7,34.6863,0.305544,37.6,23.766144,86.414618
2026-05-24 15:00:00,N03,0.242,0.007264,8.68,34.9796,0.295101,36.4,23.766144,86.414618
2026-05-24 16:00:00,N03,-0.2566,0.012095,2.2,35.2765,0.297198,34.9,23.766144,86.414618
2026-05-24 17:00:00,N03,-0.1202,0.008957,6.54,35.574,0.296995,33.1,23.766144,86.414618
2026-05-24 18:00:00,N03,,,,,,,23.766144,86.414618
2026-05-24 19:00:00,N03,,,,,,,23.766144,86.414618
2026-05-24 20:00:00,N03,0.2683,0.007774,4.25,36.4636,0.295899,27.4,23.766144,86.414618
2026-05-24 21:00:00,N03,-0.2152,0.009358,8.25,36.7591,0.295888,25.8,23.766144,86.414618
2026-05-24 22:00:00,N03,,,,,,,23.766144,86.414618
2026-05-24 23:00:00,N03,,,,,,,23.766144,86.414618
2026-05-25 00:00:00,N03,,,,,,,23.766144,86.414618
2026-05-25 01:00:00,N03,,,,,,,23.766144,86.414618
2026-05-25 02:00:00,N03,-0.1557,0.006809,5.43,38.2335,0.293222,26.6,23.766144,86.414618
2026-05-25 03:00:00,N03,0.0046,0.008837,3.92,38.526,0.29279,27.8,23.766144,86.414618
2026-05-25 04:00:00,N03,-0.2029,0.009653,1.21,38.8191,0.292919,29.3,23.766144,86.414618
2026-05-25 05:00:00,N03,0.0278,0.007811,5.04,39.1118,0.300493,31.1,23.766144,86.414618
2026-05-25 06:00:00,N03,-0.191,0.678851,36.98,39.4201,0.29238,33.1,23.766144,86.414618
2026-05-25 07:00:00,N03,-0.0666,0.008463,7.79,39.6966,0.284182,35.0,23.766144,86.414618
2026-05-25 08:00:00,N03,-0.2038,0.006637,8.64,39.9884,0.291512,36.8,23.766144,86.414618
2026-05-25 09:00:00,N03,0.1338,0.010144,7.21,40.2796,0.291219,38.4,23.766144,86.414618
2026-05-25 10:00:00,N03,,,,,,,23.766144,86.414618
2026-05-25 11:00:00,N03,,,,,,,23.766144,86.414618
2026-05-25 12:00:00,N03,-0.046,0.540531,24.76,41.1715,0.280487,40.6,23.766144,86.414618
2026-05-25 13:00:00,N03,0.0319,0.006791,7.85,41.4421,0.280178,40.3,23.766144,86.414618
2026-05-25 14:00:00,N03,0.086,0.009357,5.79,41.7319,0.289825,39.6,23.766144,86.414618
2026-05-25 15:00:00,N03,-0.1318,0.007104,1.47,42.0217,0.289147,38.4,23.766144,86.414618
2026-05-25 16:00:00,N03,-0.1682,0.00698,7.65,42.3102,0.288784,36.8,23.766144,86.414618
2026-05-25 17:00:00,N03,0.1524,0.007599,6.95,42.5993,0.289107,35.0,23.766144,86.414618
2026-05-25 18:00:00,N03,-0.2404,0.007085,4.7,42.8884,0.288889,33.1,23.766144,86.414618
2026-05-25 19:00:00,N03,-0.1947,0.008563,3.14,43.1771,0.288251,31.1,23.766144,86.414618
2026-05-25 20:00:00,N03,-0.058,0.009006,7.93,43.4649,0.288043,29.3,23.766144,86.414618
2026-05-25 21:00:00,N03,-0.2096,0.007138,1.84,43.7532,0.287404,27.8,23.766144,86.414618
2026-05-25 22:00:00,N03,,,,,,,23.766144,86.414618
2026-05-25 23:00:00,N03,,,,,,,23.766144,86.414618
2026-05-26 00:00:00,N03,-0.1692,0.010458,2.45,44.611,0.285911,24.8,23.766144,86.414618
2026-05-26 01:00:00,N03,-0.2612,0.008652,1.88,44.8967,0.285539,25.1,23.766144,86.414618
2026-05-26 02:00:00,N03,-0.0363,0.007226,2.86,45.1821,0.285144,25.8,23.766144,86.414618
2026-05-26 03:00:00,N03,-0.1128,0.007767,9.34,45.467,0.284721,27.0,23.766144,86.414618
2026-05-26 04:00:00,N03,-0.2696,0.00824,7.08,45.7515,0.284231,28.6,23.766144,86.414618
2026-05-26 05:00:00,N03,-0.0617,0.009763,5.57,46.0355,0.283889,30.4,23.766144,86.414618
2026-05-26 06:00:00,N03,-0.0453,0.006619,3.92,46.3193,0.283681,32.3,23.766144,86.414618
2026-05-26 07:00:00,N03,-0.2588,0.009726,6.72,46.6028,0.283085,34.3,23.766144,86.414618
2026-05-26 08:00:00,N03,,,,,,,23.766144,86.414618
2026-05-26 09:00:00,N03,,,,,,,23.766144,86.414618
2026-05-26 10:00:00,N03,,,,,,,23.766144,86.414618
2026-05-26 11:00:00,N03,,,,,,,23.766144,86.414618
2026-05-26 12:00:00,N03,,,,,,,23.766144,86.414618
2026-05-26 13:00:00,N03,,,,,,,23.766144,86.414618
2026-05-26 14:00:00,N03,-0.3547,0.006716,9.91,48.5805,0.275142,38.8,23.766144,86.414618
2026-05-26 15:00:00,N03,-0.0545,0.007633,9.82,48.8613,0.280512,37.6,23.766144,86.414618
2026-05-26 16:00:00,N03,,,,,,,23.766144,86.414618
2026-05-26 17:00:00,N03,,,,,,,23.766144,86.414618
2026-05-26 18:00:00,N03,,,,,,,23.766144,86.414618
2026-05-26 19:00:00,N03,,,,,,,23.766144,86.414618
2026-05-26 20:00:00,N03,,,,,,,23.766144,86.414618
2026-05-26 21:00:00,N03,,,,,,,23.766144,86.414618
2026-05-26 22:00:00,N03,,,,,,,23.766144,86.414618
2026-05-26 23:00:00,N03,-0.2799,0.00895,2.63,51.095,0.277819,25.1,23.766144,86.414618
2026-05-27 00:00:00,N03,0.1618,0.009754,9.62,51.3725,0.277403,23.6,23.766144,86.414618
2026-05-27 01:00:00,N03,0.085,0.0074,7.78,51.6498,0.276991,23.9,23.766144,86.414618
2026-05-27 02:00:00,N03,-0.3998,0.008952,5.11,51.9264,0.276583,24.6,23.766144,86.414618
2026-05-27 03:00:00,N03,-0.3117,0.006802,4.08,52.2029,0.27657,25.8,23.766144,86.414618
2026-05-27 04:00:00,N03,-0.1197,0.00725,9.52,52.4796,0.276025,27.4,23.766144,86.414618
2026-05-27 05:00:00,N03,-0.2644,0.007863,7.46,52.755,0.276053,29.2,23.766144,86.414618
2026-05-27 06:00:00,N03,-0.267,0.006921,3.82,53.0317,0.285629,31.1,23.766144,86.414618
2026-05-27 07:00:00,N03,-0.0909,0.987326,48.48,53.3262,0.284985,33.1,23.766144,86.414618
2026-05-27 08:00:00,N03,-0.4632,0.837609,42.93,53.6017,0.26589,34.9,23.766144,86.414618
2026-05-27 09:00:00,N03,,,,,,,23.766144,86.414618
2026-05-27 10:00:00,N03,,,,,,,23.766144,86.414618
2026-05-27 11:00:00,N03,,,,,,,23.766144,86.414618
2026-05-27 12:00:00,N03,-0.2703,0.007716,9.95,54.6797,0.274028,38.6,23.766144,86.414618
2026-05-27 13:00:00,N03,,,,,,,23.766144,86.414618
2026-05-27 14:00:00,N03,,,,,,,23.766144,86.414618
2026-05-27 15:00:00,N03,,,,,,,23.766144,86.414618
2026-05-27 16:00:00,N03,,,,,,,23.766144,86.414618
2026-05-27 17:00:00,N03,-0.0712,0.008758,8.92,56.0427,0.271933,33.1,23.766144,86.414618
2026-05-27 18:00:00,N03,-0.2212,0.01019,5.58,56.3149,0.27191,31.1,23.766144,86.414618
2026-05-27 19:00:00,N03,-0.0125,0.010771,5.75,56.5866,0.271067,29.2,23.766144,86.414618
2026-05-27 20:00:00,N03,-0.2741,0.007653,4.65,56.857,0.270793,27.4,23.766144,86.414618
2026-05-27 21:00:00,N03,-0.3253,0.007381,2.39,57.1281,0.270861,25.8,23.766144,86.414618
2026-05-27 22:00:00,N03,-0.1923,0.009727,3.58,57.3987,0.270344,24.6,23.766144,86.414618
2026-05-27 23:00:00,N03,-0.153,0.007992,1.06,57.6688,0.270279,23.9,23.766144,86.414618
2026-05-28 00:00:00,N03,0.1771,0.007163,7.95,57.9393,0.269942,24.5,23.766144,86.414618
2026-05-28 01:00:00,N03,-0.3922,0.008501,2.82,58.2087,0.269327,24.8,23.766144,86.414618
2026-05-28 02:00:00,N03,-0.1185,0.008546,9.8,58.4779,0.26913,25.5,23.766144,86.414618
2026-05-28 03:00:00,N03,,,,,,,23.766144,86.414618
2026-05-28 04:00:00,N03,,,,,,,23.766144,86.414618
2026-05-28 05:00:00,N03,-0.1447,0.006678,4.05,59.2842,0.268394,30.1,23.766144,86.414618
2026-05-28 06:00:00,N03,-0.2555,0.007528,7.74,59.5526,0.268152,32.0,23.766144,86.414618
2026-05-28 07:00:00,N03,-0.1429,0.011518,1.17,59.8205,0.267857,33.9,23.766144,86.414618
2026-05-28 08:00:00,N03,-0.167,0.006955,1.35,60.0883,0.266936,35.8,23.766144,86.414618
2026-05-28 09:00:00,N03,-0.2909,0.007077,2.89,60.3544,0.26652,37.3,23.766144,86.414618
2026-05-28 10:00:00,N03,-0.0792,0.007819,4.22,60.6213,0.266666,38.5,23.766144,86.414618
2026-05-28 11:00:00,N03,-0.243,0.00666,3.25,60.8877,0.258086,39.3,23.766144,86.414618
2026-05-28 12:00:00,N03,-0.0405,0.920756,44.32,61.1375,0.265773,39.5,23.766144,86.414618
2026-05-28 13:00:00,N03,-0.2563,0.009043,5.23,61.4193,0.273277,39.3,23.766144,86.414618
2026-05-28 14:00:00,N03,-0.1492,0.006749,1.5,61.6841,0.264855,38.5,23.766144,86.414618
2026-05-28 15:00:00,N03,-0.252,0.009468,6.66,61.949,0.264781,37.3,23.766144,86.414618
2026-05-28 16:00:00,N03,-0.3391,0.007235,1.34,62.2136,0.258652,35.8,23.766144,86.414618
2026-05-28 17:00:00,N03,-0.3239,0.684131,39.82,62.4663,0.258109,33.9,23.766144,86.414618
2026-05-28 18:00:00,N03,-0.1907,0.588819,41.32,62.7298,0.269364,32.0,23.766144,86.414618
2026-05-28 19:00:00,N03,,,,,,,23.766144,86.414618
2026-05-28 20:00:00,N03,,,,,,,23.766144,86.414618
2026-05-28 21:00:00,N03,,,,,,,23.766144,86.414618
2026-05-28 22:00:00,N03,,,,,,,23.766144,86.414618
2026-05-28 23:00:00,N03,,,,,,,23.766144,86.414618
2026-05-29 00:00:00,N03,-0.249,0.00653,6.59,64.3194,0.262165,20.9,23.766144,86.414618
2026-05-29 01:00:00,N03,-0.2528,0.006473,9.84,64.5814,0.261707,21.2,23.766144,86.414618
2026-05-29 02:00:00,N03,-0.2117,0.008079,2.74,64.8429,0.261441,21.9,23.766144,86.414618
2026-05-29 03:00:00,N03,,,,,,,23.766144,86.414618
2026-05-29 04:00:00,N03,-0.3617,0.011859,3.22,65.3658,0.260651,24.7,23.766144,86.414618
2026-05-29 05:00:00,N03,-0.2385,0.009885,5.81,65.6256,0.264879,26.5,23.766144,86.414618
2026-05-29 06:00:00,N03,0.0788,0.925988,30.66,65.8956,0.259583,28.4,23.766144,86.414618
2026-05-29 07:00:00,N03,-0.1688,0.007139,1.57,66.1448,0.254183,30.4,23.766144,86.414618
2026-05-29 08:00:00,N03,-0.1761,0.009473,8.77,66.404,0.259193,32.2,23.766144,86.414618
2026-05-29 09:00:00,N03,-0.2043,0.006884,2.27,66.6632,0.259331,33.7,23.766144,86.414618
2026-05-29 10:00:00,N03,-0.1154,0.007026,8.0,66.9226,0.259158,34.9,23.766144,86.414618
2026-05-29 11:00:00,N03,,,,,,,23.766144,86.414618
2026-05-29 12:00:00,N03,-0.1632,0.784331,35.65,67.4243,0.257806,35.9,23.766144,86.414618
2026-05-29 13:00:00,N03,-0.1193,0.007289,5.72,67.6971,0.264955,35.7,23.766144,86.414618
2026-05-29 14:00:00,N03,0.0612,0.006836,7.91,67.9542,0.257187,34.9,23.766144,86.414618
2026-05-29 15:00:00,N03,-0.0529,0.00734,1.53,68.2115,0.256869,33.7,23.766144,86.414618
2026-05-29 16:00:00,N03,-0.1789,0.007151,6.17,68.4679,0.256226,32.2,23.766144,86.414618
2026-05-29 17:00:00,N03,,,,,,,23.766144,86.414618
2026-05-29 18:00:00,N03,,,,,,,23.766144,86.414618
2026-05-29 19:00:00,N03,,,,,,,23.766144,86.414618
2026-05-29 20:00:00,N03,-0.3022,0.008354,6.96,69.4918,0.255462,24.7,23.766144,86.414618
2026-05-29 21:00:00,N03,-0.0609,0.009095,8.76,69.7473,0.255141,23.1,23.766144,86.414618
2026-05-29 22:00:00,N03,-0.2498,0.009081,3.13,70.0021,0.25459,21.9,23.766144,86.414618
2026-05-29 23:00:00,N03,-0.1535,0.00922,7.18,70.2565,0.254497,21.2,23.766144,86.414618
2026-05-30 00:00:00,N03,0.0995,0.007806,1.59,70.5111,0.254322,26.7,23.766144,86.414618
2026-05-30 01:00:00,N03,-0.4619,0.008506,5.13,70.7651,0.25382,26.9,23.766144,86.414618
2026-05-30 02:00:00,N03,-0.1504,0.007217,4.05,71.0187,0.253224,27.7,23.766144,86.414618
2026-05-30 03:00:00,N03,-0.2594,0.007452,2.99,71.2716,0.253285,28.9,23.766144,86.414618
2026-05-30 04:00:00,N03,-0.1095,0.00645,4.51,71.5253,0.253594,30.4,23.766144,86.414618
2026-05-30 05:00:00,N03,-0.2173,0.008843,7.62,71.7787,0.25298,32.2,23.766144,86.414618
2026-05-30 06:00:00,N03,-0.2456,0.008447,5.5,72.0312,0.252199,34.2,23.766144,86.414618
2026-05-30 07:00:00,N03,-0.1272,0.008067,2.53,72.2831,0.252206,36.1,23.766144,86.414618
2026-05-30 08:00:00,N03,,,,,,,23.766144,86.414618
2026-05-30 09:00:00,N03,,,,,,,23.766144,86.414618
2026-05-30 10:00:00,N03,,,,,,,23.766144,86.414618
2026-05-30 11:00:00,N03,0.0104,0.006637,2.92,73.2895,0.250629,41.4,23.766144,86.414618
2026-05-30 12:00:00,N03,-0.1228,0.009065,3.67,73.5398,0.260161,41.7,23.766144,86.414618
2026-05-30 13:00:00,N03,-0.396,0.542364,34.93,73.8098,0.26652,41.4,23.766144,86.414618
2026-05-30 14:00:00,N03,,,,,,,23.766144,86.414618
2026-05-30 15:00:00,N03,,,,,,,23.766144,86.414618
2026-05-30 16:00:00,N03,,,,,,,23.766144,86.414618
2026-05-30 17:00:00,N03,,,,,,,23.766144,86.414618
2026-05-30 18:00:00,N03,,,,,,,23.766144,86.414618
2026-05-30 19:00:00,N03,-0.3808,0.008025,5.23,75.2874,0.248796,32.2,23.766144,86.414618
2026-05-30 20:00:00,N03,,,,,,,23.766144,86.414618
2026-05-30 21:00:00,N03,,,,,,,23.766144,86.414618
2026-05-30 22:00:00,N03,,,,,,,23.766144,86.414618
2026-05-30 23:00:00,N03,,,,,,,23.766144,86.414618
2026-05-31 00:00:00,N03,,,,,,,23.766144,86.414618
2026-05-31 01:00:00,N03,-0.1268,0.007288,6.69,76.774,0.247085,28.0,23.766144,86.414618
2026-05-31 02:00:00,N03,-0.3001,0.007339,8.16,77.0207,0.246589,28.7,23.766144,86.414618
2026-05-31 03:00:00,N03,-0.239,0.008089,5.88,77.2672,0.246486,29.9,23.766144,86.414618
2026-05-31 04:00:00,N03,-0.3005,0.006809,1.92,77.5137,0.245643,31.5,23.766144,86.414618
2026-05-31 05:00:00,N03,-0.175,0.006911,4.97,77.7585,0.245098,33.3,23.766144,86.414618
2026-05-31 06:00:00,N03,-0.1835,0.00751,8.47,78.0039,0.245296,35.2,23.766144,86.414618
2026-05-31 07:00:00,N03,,,,,,,23.766144,86.414618
2026-05-31 08:00:00,N03,,,,,,,23.766144,86.414618
2026-05-31 09:00:00,N03,,,,,,,23.766144,86.414618
2026-05-31 10:00:00,N03,-0.146,0.007009,6.15,78.9815,0.243597,41.7,23.766144,86.414618
2026-05-31 11:00:00,N03,-0.115,0.006852,2.61,79.2248,0.243799,42.5,23.766144,86.414618
2026-05-31 12:00:00,N03,-0.2003,0.00638,4.62,79.4691,0.243904,42.7,23.766144,86.414618
2026-05-31 13:00:00,N03,-0.0282,0.007305,5.1,79.7126,0.243215,42.5,23.766144,86.414618
2026-05-31 14:00:00,N03,-0.1779,0.009485,5.33,79.9555,0.242841,41.7,23.766144,86.414618
2026-05-31 15:00:00,N03,-0.2667,0.006533,7.76,80.1983,0.242714,40.5,23.766144,86.414618
2026-05-31 16:00:00,N03,-0.2876,0.009766,3.68,80.441,0.236143,39.0,23.766144,86.414618
2026-05-31 17:00:00,N03,-0.3741,0.946713,27.44,80.6706,0.242028,37.2,23.766144,86.414618
2026-05-31 18:00:00,N03,0.2303,0.009692,2.71,80.925,0.248104,35.2,23.766144,86.414618
2026-05-31 19:00:00,N03,-0.3202,0.010206,4.52,81.1668,0.241145,33.3,23.766144,86.414618
2026-05-31 20:00:00,N03,0.1161,0.008453,8.6,81.4073,0.24076,31.5,23.766144,86.414618
2026-05-31 21:00:00,N03,-0.2248,0.008208,1.12,81.6483,0.240965,29.9,23.766144,86.414618
2026-05-31 22:00:00,N03,-0.2747,0.006847,3.18,81.8893,0.24053,28.7,23.766144,86.414618
2026-05-31 23:00:00,N03,-0.3861,0.007871,5.79,82.1294,0.239745,28.0,23.766144,86.414618
2026-06-01 00:00:00,N03,-0.3991,0.008378,3.53,82.3687,0.239488,22.9,23.766144,86.414618
2026-06-01 01:00:00,N03,-0.3518,0.008874,4.84,82.6083,0.239428,23.2,23.766144,86.414618
2026-06-01 02:00:00,N03,-0.0826,0.008113,4.12,82.8476,0.239105,23.9,23.766144,86.414618
2026-06-01 03:00:00,N03,0.0107,0.007503,6.34,83.0866,0.23944,25.1,23.766144,86.414618
2026-06-01 04:00:00,N03,-0.3808,0.007832,3.52,83.3265,0.239261,26.7,23.766144,86.414618
2026-06-01 05:00:00,N03,,,,,,,23.766144,86.414618
2026-06-01 06:00:00,N03,,,,,,,23.766144,86.414618
2026-06-01 07:00:00,N03,,,,,,,23.766144,86.414618
2026-06-01 08:00:00,N03,,,,,,,23.766144,86.414618
2026-06-01 09:00:00,N03,-0.326,0.596531,25.13,84.5241,0.238002,35.7,23.766144,86.414618
2026-06-01 10:00:00,N03,-0.1143,0.008693,8.81,84.7544,0.233343,36.9,23.766144,86.414618
2026-06-01 11:00:00,N03,-0.1232,0.007314,1.48,84.9908,0.230288,37.7,23.766144,86.414618
2026-06-01 12:00:00,N03,-0.2276,0.732973,44.89,85.215,0.230276,37.9,23.766144,86.414618
2026-06-01 13:00:00,N03,-0.1274,0.906955,46.14,85.4513,0.235069,37.7,23.766144,86.414618
2026-06-01 14:00:00,N03,-0.1118,0.524919,40.19,85.6852,0.234825,36.9,23.766144,86.414618
2026-06-01 15:00:00,N03,-0.1078,0.694301,45.14,85.921,0.243432,35.7,23.766144,86.414618
2026-06-01 16:00:00,N03,,,,,,,23.766144,86.414618
2026-06-01 17:00:00,N03,,,,,,,23.766144,86.414618
2026-06-01 18:00:00,N03,,,,,,,23.766144,86.414618
2026-06-01 19:00:00,N03,,,,,,,23.766144,86.414618
2026-06-01 20:00:00,N03,-0.2188,0.006848,6.48,87.111,0.234908,26.7,23.766144,86.414618
2026-06-01 21:00:00,N03,-0.3426,0.00909,6.13,87.3454,0.234216,25.1,23.766144,86.414618
2026-06-01 22:00:00,N03,-0.6619,0.006478,2.28,87.5794,0.234198,23.9,23.766144,86.414618
2026-06-01 23:00:00,N03,,,,,,,23.766144,86.414618
2026-06-02 00:00:00,N03,-0.5876,0.007531,9.58,88.047,0.233099,25.1,23.766144,86.414618
2026-06-02 01:00:00,N03,,,,,,,23.766144,86.414618
2026-06-02 02:00:00,N03,,,,,,,23.766144,86.414618
2026-06-02 03:00:00,N03,,,,,,,23.766144,86.414618
2026-06-02 04:00:00,N03,,,,,,,23.766144,86.414618
2026-06-02 05:00:00,N03,-0.1624,0.006769,4.55,89.2093,0.233792,30.7,23.766144,86.414618
2026-06-02 06:00:00,N03,-0.1319,0.538453,46.74,89.4448,0.231129,32.6,23.766144,86.414618
2026-06-02 07:00:00,N03,-0.2116,0.007174,5.43,89.6715,0.229168,34.6,23.766144,86.414618
2026-06-02 08:00:00,N03,-0.3346,0.007714,7.48,89.9031,0.2314,36.4,23.766144,86.414618
2026-06-02 09:00:00,N03,-0.3193,0.008102,2.68,90.1343,0.230449,37.9,23.766144,86.414618
2026-06-02 10:00:00,N03,-0.4813,0.007288,4.94,90.364,0.230076,39.1,23.766144,86.414618
2026-06-02 11:00:00,N03,-0.0763,0.007885,6.86,90.5945,0.229946,39.9,23.766144,86.414618
2026-06-02 12:00:00,N03,-0.0856,0.006295,9.69,90.8239,0.229662,40.1,23.766144,86.414618
2026-06-02 13:00:00,N03,-0.2719,0.006895,3.27,91.0538,0.229446,39.9,23.766144,86.414618
2026-06-02 14:00:00,N03,-0.1161,0.007086,6.18,91.2828,0.237228,39.1,23.766144,86.414618
2026-06-02 15:00:00,N03,,,,,,,23.766144,86.414618
2026-06-02 16:00:00,N03,,,,,,,23.766144,86.414618
2026-06-02 17:00:00,N03,,,,,,,23.766144,86.414618
2026-06-02 18:00:00,N03,,,,,,,23.766144,86.414618
2026-06-02 19:00:00,N03,,,,,,,23.766144,86.414618
2026-06-02 20:00:00,N03,-0.3977,0.007376,3.83,92.6525,0.227532,28.9,23.766144,86.414618
2026-06-02 21:00:00,N03,-0.5763,0.01022,7.39,92.8797,0.227122,27.3,23.766144,86.414618
2026-06-02 22:00:00,N03,-0.3222,0.009061,3.26,93.1067,0.226415,26.1,23.766144,86.414618
2026-06-02 23:00:00,N03,-0.4474,0.006895,1.79,93.3325,0.225909,25.4,23.766144,86.414618
2026-06-03 00:00:00,N03,-0.3382,0.006433,5.16,93.5585,0.225868,26.9,23.766144,86.414618
2026-06-03 01:00:00,N03,-0.2178,0.009419,6.89,93.7842,0.225937,27.1,23.766144,86.414618
2026-06-03 02:00:00,N03,-0.3214,0.008332,6.05,94.0104,0.225495,27.9,23.766144,86.414618
2026-06-03 03:00:00,N03,-0.453,0.006917,3.76,94.2352,0.225273,29.1,23.766144,86.414618
2026-06-03 04:00:00,N03,-0.2662,0.007493,7.11,94.461,0.225763,30.6,23.766144,86.414618
2026-06-03 05:00:00,N03,-0.2775,0.007029,7.98,94.6867,0.225456,32.4,23.766144,86.414618
2026-06-03 06:00:00,N03,-0.0842,0.007701,9.38,94.9119,0.225022,34.4,23.766144,86.414618
2026-06-03 07:00:00,N03,-0.4481,0.007862,4.32,95.1368,0.2249,36.3,23.766144,86.414618
2026-06-03 08:00:00,N03,-0.3903,0.006706,7.31,95.3617,0.224178,38.1,23.766144,86.414618
2026-06-03 09:00:00,N03,-0.143,0.007184,9.43,95.5851,0.235888,39.7,23.766144,86.414618
2026-06-03 10:00:00,N03,-0.2973,0.875416,44.34,95.8335,0.230758,40.9,23.766144,86.414618
2026-06-03 11:00:00,N03,-0.2531,0.87794,25.82,96.0467,0.21136,41.6,23.766144,86.414618
2026-06-03 12:00:00,N03,-0.1083,0.007179,1.14,96.2562,0.208794,41.9,23.766144,86.414618
2026-06-03 13:00:00,N03,-0.099,0.596212,16.28,96.4642,0.215082,41.6,23.766144,86.414618
2026-06-03 14:00:00,N03,,,,,,,23.766144,86.414618
2026-06-03 15:00:00,N03,,,,,,,23.766144,86.414618
2026-06-03 16:00:00,N03,-0.2236,0.006752,8.58,97.145,0.221983,38.1,23.766144,86.414618
2026-06-03 17:00:00,N03,-0.0652,0.01016,4.74,97.3669,0.221681,36.3,23.766144,86.414618
2026-06-03 18:00:00,N03,-0.2644,0.007675,4.95,97.5883,0.221234,34.4,23.766144,86.414618
2026-06-03 19:00:00,N03,-0.2705,0.008302,5.36,97.8094,0.220534,32.4,23.766144,86.414618
2026-06-03 20:00:00,N03,-0.3728,0.006762,2.57,98.0294,0.220732,30.6,23.766144,86.414618
2026-06-03 21:00:00,N03,-0.2312,0.008635,6.79,98.2508,0.221152,29.1,23.766144,86.414618
2026-06-03 22:00:00,N03,-0.7356,0.006816,9.13,98.4717,0.220507,27.9,23.766144,86.414618
2026-06-03 23:00:00,N03,-0.2083,0.00677,1.75,98.6919,0.219977,27.1,23.766144,86.414618
2026-06-04 00:00:00,N03,-0.1397,0.006349,6.26,98.9117,0.220001,25.2,23.766144,86.414618
2026-06-04 01:00:00,N03,-0.1042,0.008181,3.47,99.1319,0.219583,25.5,23.766144,86.414618
2026-06-04 02:00:00,N03,-0.4157,0.009695,9.76,99.3508,0.219525,26.2,23.766144,86.414618
2026-06-04 03:00:00,N03,-0.3243,0.007323,1.52,99.5709,0.219396,27.4,23.766144,86.414618
2026-06-04 04:00:00,N03,-0.2546,0.006876,5.38,99.7896,0.218721,29.0,23.766144,86.414618
2026-06-04 05:00:00,N03,-0.3434,0.007588,9.57,100.0083,0.219319,30.8,23.766144,86.414618
2026-06-04 06:00:00,N03,-0.2744,0.008559,1.0,100.2283,0.226052,32.7,23.766144,86.414618
2026-06-04 07:00:00,N03,-0.3964,0.528169,46.09,100.4604,0.218056,34.7,23.766144,86.414618
2026-06-04 08:00:00,N03,-0.145,0.008107,5.32,100.6644,0.207727,36.5,23.766144,86.414618
2026-06-04 09:00:00,N03,,,,,,,23.766144,86.414618
2026-06-04 10:00:00,N03,,,,,,,23.766144,86.414618
2026-06-04 11:00:00,N03,,,,,,,23.766144,86.414618
2026-06-04 12:00:00,N03,-0.0436,0.960066,39.11,101.5246,0.212176,40.2,23.766144,86.414618
2026-06-04 13:00:00,N03,-0.2356,0.732255,16.4,101.7417,0.221478,40.0,23.766144,86.414618
2026-06-04 14:00:00,N03,-0.2894,0.00633,9.61,101.9675,0.221126,39.2,23.766144,86.414618
2026-06-04 15:00:00,N03,,,,,,,23.766144,86.414618
2026-06-04 16:00:00,N03,,,,,,,23.766144,86.414618
2026-06-04 17:00:00,N03,,,,,,,23.766144,86.414618
2026-06-04 18:00:00,N03,,,,,,,23.766144,86.414618
2026-06-04 19:00:00,N03,-0.2834,0.008486,5.21,103.0457,0.214707,30.8,23.766144,86.414618
2026-06-04 20:00:00,N03,-0.2643,0.007,8.99,103.2592,0.213723,29.0,23.766144,86.414618
2026-06-04 21:00:00,N03,-0.0145,0.008101,5.32,103.4731,0.213914,27.4,23.766144,86.414618
2026-06-04 22:00:00,N03,-0.4889,0.006681,2.71,103.6871,0.214171,26.2,23.766144,86.414618
2026-06-04 23:00:00,N03,-0.1923,0.006426,9.71,103.9014,0.214078,25.5,23.766144,86.414618
2026-06-05 00:00:00,N03,-0.1634,0.008124,1.78,104.1152,0.213703,23.1,23.766144,86.414618
2026-06-05 01:00:00,N03,-0.3062,0.008337,6.32,104.3288,0.213255,23.4,23.766144,86.414618
2026-06-05 02:00:00,N03,,,,,,,23.766144,86.414618
2026-06-05 03:00:00,N03,,,,,,,23.766144,86.414618
2026-06-05 04:00:00,N03,,,,,,,23.766144,86.414618
2026-06-05 05:00:00,N03,,,,,,,23.766144,86.414618
2026-06-05 06:00:00,N03,,,,,,,23.766144,86.414618
2026-06-05 07:00:00,N03,-0.4186,0.008003,6.58,105.6022,0.215683,32.6,23.766144,86.414618
2026-06-05 08:00:00,N03,,,,,,,23.766144,86.414618
2026-06-05 09:00:00,N03,,,,,,,23.766144,86.414618
2026-06-05 10:00:00,N03,,,,,,,23.766144,86.414618
2026-06-05 11:00:00,N03,,,,,,,23.766144,86.414618
2026-06-05 12:00:00,N03,,,,,,,23.766144,86.414618
2026-06-05 13:00:00,N03,-0.0859,0.007322,9.31,106.8685,0.210133,37.9,23.766144,86.414618
2026-06-05 14:00:00,N03,-0.3755,0.007599,8.7,107.0782,0.20937,37.1,23.766144,86.414618
2026-06-05 15:00:00,N03,0.0129,0.00944,8.06,107.2872,0.209089,35.9,23.766144,86.414618
2026-06-05 16:00:00,N03,-0.1981,0.008446,3.52,107.4964,0.209163,34.4,23.766144,86.414618
2026-06-05 17:00:00,N03,0.0127,0.007955,9.0,107.7055,0.208931,32.6,23.766144,86.414618
2026-06-05 18:00:00,N03,-0.4368,0.007452,5.5,107.9142,0.208618,30.6,23.766144,86.414618
2026-06-05 19:00:00,N03,-0.3128,0.008024,1.37,108.1228,0.208229,28.7,23.766144,86.414618
2026-06-05 20:00:00,N03,-0.3002,0.007913,3.85,108.3307,0.208157,26.9,23.766144,86.414618
2026-06-05 21:00:00,N03,-0.0165,0.007705,6.47,108.5391,0.208318,25.3,23.766144,86.414618
2026-06-05 22:00:00,N03,-0.5115,0.010046,2.78,108.7473,0.208367,24.1,23.766144,86.414618
2026-06-05 23:00:00,N03,,,,,,,23.766144,86.414618
2026-06-06 00:00:00,N03,,,,,,,23.766144,86.414618
2026-06-06 01:00:00,N03,,,,,,,23.766144,86.414618
2026-06-06 02:00:00,N03,,,,,,,23.766144,86.414618
2026-06-06 03:00:00,N03,-0.3871,0.009762,5.01,109.7845,0.206492,26.6,23.766144,86.414618
2026-06-06 04:00:00,N03,-0.2571,0.010089,5.68,109.9906,0.206604,28.2,23.766144,86.414618
2026-06-06 05:00:00,N03,-0.4275,0.009262,3.21,110.1977,0.206835,30.0,23.766144,86.414618
2026-06-06 06:00:00,N03,-0.4529,0.006206,1.29,110.4043,0.206126,31.9,23.766144,86.414618
2026-06-06 07:00:00,N03,-0.3238,0.007081,1.12,110.61,0.205201,33.9,23.766144,86.414618
2026-06-06 08:00:00,N03,-0.1494,0.006437,3.58,110.8147,0.195357,35.7,23.766144,86.414618
2026-06-06 09:00:00,N03,-0.3075,0.851134,22.65,111.0007,0.195226,37.2,23.766144,86.414618
2026-06-06 10:00:00,N03,-0.2405,0.850378,37.46,111.2051,0.214094,38.4,23.766144,86.414618
2026-06-06 11:00:00,N03,-0.1515,0.007661,1.31,111.4289,0.214805,39.2,23.766144,86.414618
2026-06-06 12:00:00,N03,-0.4136,0.00696,5.75,111.6348,0.204686,39.4,23.766144,86.414618
2026-06-06 13:00:00,N03,-0.4466,0.008394,4.39,111.8383,0.204144,39.2,23.766144,86.414618
2026-06-06 14:00:00,N03,-0.3332,0.008464,5.57,112.043,0.203729,38.4,23.766144,86.414618
2026-06-06 15:00:00,N03,,,,,,,23.766144,86.414618
2026-06-06 16:00:00,N03,,,,,,,23.766144,86.414618
2026-06-06 17:00:00,N03,,,,,,,23.766144,86.414618
2026-06-06 18:00:00,N03,,,,,,,23.766144,86.414618
2026-06-06 19:00:00,N03,,,,,,,23.766144,86.414618
2026-06-06 20:00:00,N03,,,,,,,23.766144,86.414618
2026-06-06 21:00:00,N03,,,,,,,23.766144,86.414618
2026-06-06 22:00:00,N03,-0.3459,0.006595,3.78,113.6659,0.202313,25.4,23.766144,86.414618
2026-06-06 23:00:00,N03,,,,,,,23.766144,86.414618
2026-06-07 00:00:00,N03,,,,,,,23.766144,86.414618
2026-06-07 01:00:00,N03,,,,,,,23.766144,86.414618
2026-06-07 02:00:00,N03,-0.4286,0.007356,6.27,114.4727,0.200881,26.8,23.766144,86.414618
2026-06-07 03:00:00,N03,-0.4116,0.007605,8.02,114.6733,0.200725,28.0,23.766144,86.414618
2026-06-07 04:00:00,N03,-0.5533,0.007598,6.99,114.8742,0.200314,29.5,23.766144,86.414618
2026-06-07 05:00:00,N03,-0.0463,0.007594,5.57,115.0739,0.199698,31.3,23.766144,86.414618
2026-06-07 06:00:00,N03,-0.4819,0.007502,6.89,115.2736,0.199969,33.3,23.766144,86.414618
2026-06-07 07:00:00,N03,,,,,,,23.766144,86.414618
2026-06-07 08:00:00,N03,-0.229,0.007529,3.44,115.6735,0.199228,37.0,23.766144,86.414618
2026-06-07 09:00:00,N03,-0.22,0.007606,2.06,115.8723,0.198735,38.6,23.766144,86.414618
2026-06-07 10:00:00,N03,-0.3427,0.00789,1.35,116.071,0.198626,39.8,23.766144,86.414618
2026-06-07 11:00:00,N03,-0.3038,0.006386,7.84,116.2696,0.201436,40.5,23.766144,86.414618
2026-06-07 12:00:00,N03,-0.2925,0.943916,30.64,116.4739,0.202323,40.8,23.766144,86.414618
2026-06-07 13:00:00,N03,-0.4785,0.747879,18.36,116.6742,0.198919,40.5,23.766144,86.414618
2026-06-07 14:00:00,N03,-0.2441,0.73345,34.37,116.8717,0.193391,39.8,23.766144,86.414618
2026-06-07 15:00:00,N03,-0.2965,0.006641,5.22,117.061,0.193717,38.6,23.766144,86.414618
2026-06-07 16:00:00,N03,-0.3035,0.008349,4.88,117.2591,0.197842,37.0,23.766144,86.414618
2026-06-07 17:00:00,N03,-0.1969,0.008661,4.34,117.4567,0.197292,35.2,23.766144,86.414618
2026-06-07 18:00:00,N03,-0.3227,0.007052,4.01,117.6537,0.196942,33.3,23.766144,86.414618
2026-06-07 19:00:00,N03,0.0409,0.008052,3.67,117.8506,0.196507,31.3,23.766144,86.414618
2026-06-07 20:00:00,N03,-0.2978,0.006637,9.18,118.0467,0.196175,29.5,23.766144,86.414618
2026-06-07 21:00:00,N03,-0.1287,0.006567,3.86,118.2429,0.196006,28.0,23.766144,86.414618
2026-06-07 22:00:00,N03,-0.4999,0.010439,2.77,118.4388,0.196115,26.8,23.766144,86.414618
2026-06-07 23:00:00,N03,-0.315,0.006446,3.69,118.6352,0.195954,26.0,23.766144,86.414618
2026-06-08 00:00:00,N03,-0.2915,0.007252,8.19,118.8307,0.195865,24.1,23.766144,86.414618
2026-06-08 01:00:00,N03,-0.3857,0.006982,4.23,119.0269,0.195753,24.3,23.766144,86.414618
2026-06-08 02:00:00,N03,,,,,,,23.766144,86.414618
2026-06-08 03:00:00,N03,,,,,,,23.766144,86.414618
2026-06-08 04:00:00,N03,,,,,,,23.766144,86.414618
2026-06-08 05:00:00,N03,,,,,,,23.766144,86.414618
2026-06-08 06:00:00,N03,,,,,,,23.766144,86.414618
2026-06-08 07:00:00,N03,,,,,,,23.766144,86.414618
2026-06-08 08:00:00,N03,-0.3842,0.00685,7.15,120.39,0.19394,35.3,23.766144,86.414618
2026-06-08 09:00:00,N03,-0.0863,0.007539,6.41,120.5836,0.19325,36.9,23.766144,86.414618
2026-06-08 10:00:00,N03,-0.1334,0.006095,1.32,120.7765,0.193517,38.1,23.766144,86.414618
2026-06-08 11:00:00,N03,-0.2261,0.007146,5.62,120.9707,0.193671,38.8,23.766144,86.414618
2026-06-08 12:00:00,N03,-0.2293,0.547878,49.96,121.1638,0.192687,39.1,23.766144,86.414618
2026-06-08 13:00:00,N03,-0.0731,0.007683,1.36,121.356,0.192585,38.8,23.766144,86.414618
2026-06-08 14:00:00,N03,-0.1844,0.007802,4.19,121.549,0.19241,38.1,23.766144,86.414618
2026-06-08 15:00:00,N03,-0.3705,0.009375,4.89,121.7409,0.191994,36.9,23.766144,86.414618
2026-06-08 16:00:00,N03,-0.0784,0.007182,3.77,121.933,0.191909,35.3,23.766144,86.414618
2026-06-08 17:00:00,N03,-0.2085,0.006974,8.74,122.1247,0.191699,33.5,23.766144,86.414618
2026-06-08 18:00:00,N03,0.0951,0.008496,2.98,122.3164,0.191201,31.6,23.766144,86.414618
2026-06-08 19:00:00,N03,-0.4393,0.006681,3.6,122.5071,0.190801,29.6,23.766144,86.414618
2026-06-08 20:00:00,N03,-0.3883,0.007885,9.86,122.698,0.190667,27.8,23.766144,86.414618
2026-06-08 21:00:00,N03,,,,,,,23.766144,86.414618
2026-06-08 22:00:00,N03,,,,,,,23.766144,86.414618
2026-06-08 23:00:00,N03,,,,,,,23.766144,86.414618
2026-06-09 00:00:00,N03,,,,,,,23.766144,86.414618
2026-06-09 01:00:00,N03,-0.2084,0.008251,8.38,123.6503,0.18925,28.2,23.766144,86.414618
2026-06-09 02:00:00,N03,-0.3173,0.006581,8.84,123.8396,0.189476,28.9,23.766144,86.414618
2026-06-09 03:00:00,N03,-0.2767,0.008538,1.42,124.0292,0.189067,30.1,23.766144,86.414618
2026-06-09 04:00:00,N03,-0.3877,0.00937,8.26,124.2178,0.189168,31.7,23.766144,86.414618
2026-06-09 05:00:00,N03,-0.3291,0.006259,2.76,124.4076,0.18918,33.5,23.766144,86.414618
2026-06-09 06:00:00,N03,-0.2685,0.006776,3.54,124.5961,0.188783,35.4,23.766144,86.414618
2026-06-09 07:00:00,N03,-0.2733,0.009885,9.38,124.7851,0.188915,37.4,23.766144,86.414618
2026-06-09 08:00:00,N03,-0.2576,0.006172,4.89,124.974,0.187991,39.2,23.766144,86.414618
2026-06-09 09:00:00,N03,,,,,,,23.766144,86.414618
2026-06-09 10:00:00,N03,,,,,,,23.766144,86.414618
2026-06-09 11:00:00,N03,,,,,,,23.766144,86.414618
2026-06-09 12:00:00,N03,-0.3196,0.717681,46.36,125.7415,0.168656,42.9,23.766144,86.414618
2026-06-09 13:00:00,N03,,,,,,,23.766144,86.414618
2026-06-09 14:00:00,N03,,,,,,,23.766144,86.414618
2026-06-09 15:00:00,N03,,,,,,,23.766144,86.414618
2026-06-09 16:00:00,N03,,,,,,,23.766144,86.414618
2026-06-09 17:00:00,N03,,,,,,,23.766144,86.414618
2026-06-09 18:00:00,N03,,,,,,,23.766144,86.414618
2026-06-09 19:00:00,N03,,,,,,,23.766144,86.414618
2026-06-09 20:00:00,N03,,,,,,,23.766144,86.414618
2026-06-09 21:00:00,N03,-0.1539,0.01187,2.31,127.3978,0.18509,30.1,23.766144,86.414618
2026-06-09 22:00:00,N03,-0.4893,0.007311,1.8,127.5829,0.18477,28.9,23.766144,86.414618
2026-06-09 23:00:00,N03,-0.3933,0.008291,2.49,127.7673,0.184259,28.2,23.766144,86.414618
2026-06-10 00:00:00,N03,,,,,,,23.766144,86.414618
2026-06-10 01:00:00,N03,,,,,,,23.766144,86.414618
2026-06-10 02:00:00,N03,,,,,,,23.766144,86.414618
2026-06-10 03:00:00,N03,-0.2759,0.006332,3.73,128.5041,0.183569,25.2,23.766144,86.414618
2026-06-10 04:00:00,N03,-0.2904,0.007153,6.2,128.6875,0.183495,26.8,23.766144,86.414618
2026-06-10 05:00:00,N03,-0.1452,0.006935,7.12,128.8711,0.183351,28.6,23.766144,86.414618
2026-06-10 06:00:00,N03,-0.0234,0.00907,7.32,129.0542,0.183067,30.5,23.766144,86.414618
2026-06-10 07:00:00,N03,0.0103,0.007634,3.84,129.2372,0.182482,32.5,23.766144,86.414618
2026-06-10 08:00:00,N03,-0.069,0.009611,8.42,129.4192,0.186516,34.3,23.766144,86.414618
2026-06-10 09:00:00,N03,-0.535,0.766009,35.15,129.6103,0.190734,35.8,23.766144,86.414618
2026-06-10 10:00:00,N03,-0.2119,0.550371,48.02,129.8007,0.186216,37.0,23.766144,86.414618
2026-06-10 11:00:00,N03,-0.3372,0.602379,37.16,129.9827,0.167829,37.8,23.766144,86.414618
2026-06-10 12:00:00,N03,-0.3605,0.958879,23.98,130.1363,0.167682,38.0,23.766144,86.414618
2026-06-10 13:00:00,N03,-0.0301,0.516379,38.87,130.3181,0.187864,37.8,23.766144,86.414618
2026-06-10 14:00:00,N03,-0.2695,0.00866,9.12,130.5121,0.187206,37.0,23.766144,86.414618
2026-06-10 15:00:00,N03,-0.4477,0.009374,9.0,130.6925,0.18107,35.8,23.766144,86.414618
2026-06-10 16:00:00,N03,-0.3751,0.008333,2.64,130.8742,0.181306,34.3,23.766144,86.414618
2026-06-10 17:00:00,N03,-0.0271,0.007047,8.06,131.0551,0.181197,32.5,23.766144,86.414618
2026-06-10 18:00:00,N03,-0.2608,0.007086,7.68,131.2366,0.18074,30.5,23.766144,86.414618
2026-06-10 19:00:00,N03,-0.2371,0.007847,2.76,131.4166,0.179894,28.6,23.766144,86.414618
2026-06-10 20:00:00,N03,,,,,,,23.766144,86.414618
2026-06-10 21:00:00,N03,,,,,,,23.766144,86.414618
2026-06-10 22:00:00,N03,,,,,,,23.766144,86.414618
2026-06-10 23:00:00,N03,,,,,,,23.766144,86.414618
2026-06-11 00:00:00,N03,,,,,,,23.766144,86.414618
2026-06-11 01:00:00,N03,-0.477,0.007576,1.86,132.4955,0.179119,21.7,23.766144,86.414618
2026-06-11 02:00:00,N03,-0.5294,0.010097,3.84,132.6744,0.178391,22.5,23.766144,86.414618
2026-06-11 03:00:00,N03,-0.5357,0.007224,3.47,132.8523,0.178648,23.7,23.766144,86.414618
2026-06-11 04:00:00,N03,-0.4087,0.009415,3.16,133.0317,0.178564,25.2,23.766144,86.414618
2026-06-11 05:00:00,N03,-0.3111,0.007598,8.02,133.2094,0.178647,27.0,23.766144,86.414618
2026-06-11 06:00:00,N03,-0.2276,0.007841,4.75,133.389,0.179,29.0,23.766144,86.414618
2026-06-11 07:00:00,N03,-0.3585,0.007636,1.14,133.5674,0.177781,30.9,23.766144,86.414618
2026-06-11 08:00:00,N03,-0.4823,0.007256,5.16,133.7446,0.177306,32.7,23.766144,86.414618
2026-06-11 09:00:00,N03,-0.205,0.006912,1.94,133.922,0.176983,34.3,23.766144,86.414618
2026-06-11 10:00:00,N03,-0.3817,0.007353,9.97,134.0985,0.17669,35.5,23.766144,86.414618
2026-06-11 11:00:00,N03,-0.2537,0.008352,3.41,134.2754,0.183277,36.2,23.766144,86.414618
2026-06-11 12:00:00,N03,-0.5699,0.797674,32.61,134.4651,0.182848,36.5,23.766144,86.414618
2026-06-11 13:00:00,N03,-0.3656,0.914694,38.72,134.6411,0.169509,36.2,23.766144,86.414618
2026-06-11 14:00:00,N03,-0.3116,0.006254,2.68,134.8041,0.169256,35.5,23.766144,86.414618
2026-06-11 15:00:00,N03,-0.5265,0.008029,2.65,134.9796,0.165925,34.3,23.766144,86.414618
2026-06-11 16:00:00,N03,-0.4348,0.74734,46.45,135.1359,0.166442,32.7,23.766144,86.414618
2026-06-11 17:00:00,N03,-0.4785,0.965149,19.37,135.3125,0.18546,30.9,23.766144,86.414618
2026-06-11 18:00:00,N03,-0.1116,0.007237,2.22,135.5069,0.185012,29.0,23.766144,86.414618
2026-06-11 19:00:00,N03,,,,,,,23.766144,86.414618
2026-06-11 20:00:00,N03,,,,,,,23.766144,86.414618
2026-06-11 21:00:00,N03,-0.1953,0.006317,3.67,136.0317,0.174974,23.7,23.766144,86.414618
2026-06-11 22:00:00,N03,-0.0833,0.006172,7.7,136.2068,0.174896,22.5,23.766144,86.414618
2026-06-11 23:00:00,N03,-0.4045,0.006823,7.08,136.3815,0.174155,21.7,23.766144,86.414618
2026-06-12 00:00:00,N03,-0.3309,0.006709,7.16,136.5552,0.173726,23.4,23.766144,86.414618
2026-06-12 01:00:00,N03,-0.429,0.006265,8.35,136.729,0.174288,23.7,23.766144,86.414618
2026-06-12 02:00:00,N03,-0.4387,0.006,3.37,136.9037,0.174734,24.4,23.766144,86.414618
2026-06-12 03:00:00,N03,-0.2199,0.006451,1.67,137.0785,0.174368,25.6,23.766144,86.414618
2026-06-12 04:00:00,N03,-0.4043,0.009263,3.63,137.2525,0.173822,27.2,23.766144,86.414618
2026-06-12 05:00:00,N03,-0.2879,0.007004,2.73,137.4261,0.17293,29.0,23.766144,86.414618
2026-06-12 06:00:00,N03,-0.4011,0.011187,5.11,137.5983,0.172548,30.9,23.766144,86.414618
2026-06-12 07:00:00,N03,-0.4724,0.009994,8.14,137.7712,0.166697,32.9,23.766144,86.414618
2026-06-12 08:00:00,N03,-0.1638,0.915164,45.12,137.9317,0.166364,34.7,23.766144,86.414618
2026-06-12 09:00:00,N03,-0.5335,0.789834,23.02,138.1039,0.177719,36.2,23.766144,86.414618
2026-06-12 10:00:00,N03,-0.1203,0.009757,4.55,138.2872,0.177498,37.4,23.766144,86.414618
2026-06-12 11:00:00,N03,-0.36,0.007859,7.3,138.4589,0.171478,38.2,23.766144,86.414618
2026-06-12 12:00:00,N03,-0.0598,0.009566,5.07,138.6301,0.171482,38.4,23.766144,86.414618
2026-06-12 13:00:00,N03,-0.4514,0.006557,6.0,138.8019,0.167161,38.2,23.766144,86.414618
2026-06-12 14:00:00,N03,-0.1296,0.515437,17.44,138.9644,0.16691,37.4,23.766144,86.414618
2026-06-12 15:00:00,N03,-0.1976,0.6472,18.75,139.1357,0.167138,36.2,23.766144,86.414618
2026-06-12 16:00:00,N03,-0.3268,0.957656,35.34,139.2987,0.167017,34.7,23.766144,86.414618
2026-06-12 17:00:00,N03,-0.2296,0.597696,49.03,139.4697,0.17947,32.9,23.766144,86.414618
2026-06-12 18:00:00,N03,-0.3056,0.006994,7.5,139.6577,0.178908,30.9,23.766144,86.414618
2026-06-12 19:00:00,N03,-0.1755,0.007584,6.03,139.8275,0.169823,29.0,23.766144,86.414618
2026-06-12 20:00:00,N03,-0.0765,0.008255,4.03,139.9973,0.169998,27.2,23.766144,86.414618
2026-06-12 21:00:00,N03,,,,,,,23.766144,86.414618
2026-06-12 22:00:00,N03,,,,,,,23.766144,86.414618
2026-06-12 23:00:00,N03,-0.4005,0.008526,1.57,140.5062,0.168874,23.7,23.766144,86.414618
2026-06-13 00:00:00,N03,,,,,,,23.766144,86.414618
2026-06-13 01:00:00,N03,,,,,,,23.766144,86.414618
2026-06-13 02:00:00,N03,,,,,,,23.766144,86.414618
2026-06-13 03:00:00,N03,,,,,,,23.766144,86.414618
2026-06-13 04:00:00,N03,-0.3699,0.007871,3.9,141.3496,0.167737,28.2,23.766144,86.414618
2026-06-13 05:00:00,N03,-0.1567,0.007385,4.26,141.5172,0.167709,30.0,23.766144,86.414618
2026-06-13 06:00:00,N03,-0.5086,0.008431,2.96,141.685,0.158022,32.0,23.766144,86.414618
2026-06-13 07:00:00,N03,-0.3383,0.890398,32.61,141.8332,0.157965,33.9,23.766144,86.414618
2026-06-13 08:00:00,N03,-0.4824,0.559763,16.05,142.0009,0.177684,35.7,23.766144,86.414618
2026-06-13 09:00:00,N03,-0.3585,0.007083,1.78,142.1886,0.177724,37.3,23.766144,86.414618
2026-06-13 10:00:00,N03,-0.1615,0.009554,3.96,142.3564,0.160542,38.5,23.766144,86.414618
2026-06-13 11:00:00,N03,-0.4894,0.604649,33.68,142.5097,0.159696,39.2,23.766144,86.414618
2026-06-13 12:00:00,N03,-0.5533,0.712739,20.34,142.6758,0.180826,39.5,23.766144,86.414618
2026-06-13 13:00:00,N03,-0.4501,0.85459,20.14,142.8713,0.180855,39.2,23.766144,86.414618
2026-06-13 14:00:00,N03,-0.1249,0.829375,30.83,143.0375,0.157778,38.5,23.766144,86.414618
2026-06-13 15:00:00,N03,-0.1847,0.008695,5.87,143.1869,0.158055,37.3,23.766144,86.414618
2026-06-13 16:00:00,N03,-0.3964,0.00819,8.21,143.3536,0.166059,35.7,23.766144,86.414618
2026-06-13 17:00:00,N03,-0.3128,0.006779,7.78,143.519,0.164851,33.9,23.766144,86.414618
2026-06-13 18:00:00,N03,-0.6572,0.011756,3.84,143.6833,0.16467,32.0,23.766144,86.414618
2026-06-13 19:00:00,N03,-0.3437,0.006389,1.92,143.8483,0.16504,30.0,23.766144,86.414618
2026-06-13 20:00:00,N03,-0.2558,0.005934,1.58,144.0134,0.165137,28.2,23.766144,86.414618
2026-06-13 21:00:00,N03,-0.391,0.006875,1.22,144.1786,0.164872,26.7,23.766144,86.414618
2026-06-13 22:00:00,N03,-0.3443,0.006013,2.09,144.3431,0.164617,25.5,23.766144,86.414618
2026-06-13 23:00:00,N03,-0.4235,0.00634,8.26,144.5078,0.164233,24.7,23.766144,86.414618
2026-06-14 00:00:00,N03,-0.4859,0.00658,1.35,144.6716,0.163872,26.8,23.766144,86.414618
2026-06-14 01:00:00,N03,-0.063,0.007447,6.73,144.8356,0.163976,27.0,23.766144,86.414618
2026-06-14 02:00:00,N03,-0.579,0.006104,4.54,144.9995,0.163975,27.8,23.766144,86.414618
2026-06-14 03:00:00,N03,-0.2788,0.006943,9.52,145.1635,0.163833,29.0,23.766144,86.414618
2026-06-14 04:00:00,N03,-0.3034,0.006612,5.47,145.3272,0.16375,30.5,23.766144,86.414618
2026-06-14 05:00:00,N03,-0.4609,0.00735,3.7,145.491,0.16342,32.3,23.766144,86.414618
2026-06-14 06:00:00,N03,-0.5216,0.006887,4.24,145.654,0.163249,34.3,23.766144,86.414618
2026-06-14 07:00:00,N03,-0.4077,0.006682,7.15,145.8175,0.159285,36.2,23.766144,86.414618
2026-06-14 08:00:00,N03,-0.2677,0.853125,37.82,145.9726,0.162326,38.0,23.766144,86.414618
2026-06-14 09:00:00,N03,,,,,,,23.766144,86.414618
2026-06-14 10:00:00,N03,-0.5746,0.008106,7.81,146.3048,0.162051,40.8,23.766144,86.414618
2026-06-14 11:00:00,N03,-0.2533,0.007784,7.35,146.4663,0.161517,41.5,23.766144,86.414618
2026-06-14 12:00:00,N03,-0.2295,0.008371,8.41,146.6278,0.161649,41.8,23.766144,86.414618
2026-06-14 13:00:00,N03,-0.2988,0.006094,2.19,146.7896,0.161827,41.5,23.766144,86.414618
2026-06-14 14:00:00,N03,-0.3601,0.009436,3.26,146.9515,0.161948,40.8,23.766144,86.414618
2026-06-14 15:00:00,N03,-0.2738,0.010047,8.49,147.1135,0.161346,39.6,23.766144,86.414618
2026-06-14 16:00:00,N03,,,,,,,23.766144,86.414618
2026-06-14 17:00:00,N03,-0.3031,0.006867,4.25,147.4346,0.160154,36.2,23.766144,86.414618
2026-06-14 18:00:00,N03,-0.3816,0.008893,8.0,147.5945,0.160206,34.3,23.766144,86.414618
2026-06-14 19:00:00,N03,-0.4989,0.00822,8.67,147.755,0.160153,32.3,23.766144,86.414618
2026-06-14 20:00:00,N03,-0.3545,0.007555,1.44,147.9148,0.160168,30.5,23.766144,86.414618
2026-06-14 21:00:00,N03,-0.1447,0.007087,8.41,148.0753,0.160252,29.0,23.766144,86.414618
2026-06-14 22:00:00,N03,-0.2927,0.008553,4.22,148.2353,0.160015,27.8,23.766144,86.414618
2026-06-14 23:00:00,N03,-0.4005,0.006495,4.59,148.3953,0.160003,27.0,23.766144,86.414618
2026-06-15 00:00:00,N03,-0.5379,0.009089,2.19,148.5553,0.159225,23.2,23.766144,86.414618
2026-06-15 01:00:00,N03,-0.1441,0.006698,9.93,148.7138,0.158486,23.5,23.766144,86.414618
2026-06-15 02:00:00,N03,-0.386,0.008021,8.28,148.8723,0.158581,24.3,23.766144,86.414618
2026-06-15 03:00:00,N03,-0.2821,0.00727,3.08,149.031,0.158834,25.4,23.766144,86.414618
2026-06-15 04:00:00,N03,-0.3618,0.008201,1.41,149.1899,0.158926,27.0,23.766144,86.414618
2026-06-15 05:00:00,N03,-0.3378,0.008096,3.06,149.3488,0.158458,28.8,23.766144,86.414618
2026-06-15 06:00:00,N03,,,,,,,23.766144,86.414618
2026-06-15 07:00:00,N03,,,,,,,23.766144,86.414618
2026-06-15 08:00:00,N03,,,,,,,23.766144,86.414618
2026-06-15 09:00:00,N03,-0.3188,0.008153,9.5,149.9807,0.165402,36.0,23.766144,86.414618
2026-06-15 10:00:00,N03,-0.6237,0.007187,2.24,150.1387,0.157455,37.2,23.766144,86.414618
2026-06-15 11:00:00,N03,,,,,,,23.766144,86.414618
2026-06-15 12:00:00,N03,,,,,,,23.766144,86.414618
2026-06-15 13:00:00,N03,,,,,,,23.766144,86.414618
2026-06-15 14:00:00,N03,-0.3348,0.006529,4.16,150.7681,0.157136,37.2,23.766144,86.414618
2026-06-15 15:00:00,N03,-0.2531,0.006404,3.53,150.9249,0.156786,36.0,23.766144,86.414618
2026-06-15 16:00:00,N03,,,,,,,23.766144,86.414618
2026-06-15 17:00:00,N03,,,,,,,23.766144,86.414618
2026-06-15 18:00:00,N03,,,,,,,23.766144,86.414618
2026-06-15 19:00:00,N03,,,,,,,23.766144,86.414618
2026-06-15 20:00:00,N03,,,,,,,23.766144,86.414618
2026-06-15 21:00:00,N03,0.0179,0.008019,7.75,151.8608,0.15579,25.4,23.766144,86.414618
2026-06-15 22:00:00,N03,-0.7029,0.006733,9.14,152.0163,0.15536,24.3,23.766144,86.414618
2026-06-15 23:00:00,N03,-0.2006,0.006545,6.04,152.1715,0.155154,23.5,23.766144,86.414618
2026-06-16 00:00:00,N03,-0.4923,0.007795,8.89,152.3266,0.154762,23.8,23.766144,86.414618
2026-06-16 01:00:00,N03,-0.3227,0.006843,7.63,152.481,0.154418,24.1,23.766144,86.414618
2026-06-16 02:00:00,N03,-0.2203,0.008167,3.36,152.6355,0.154591,24.9,23.766144,86.414618
2026-06-16 03:00:00,N03,-0.3928,0.006515,1.6,152.7902,0.154178,26.0,23.766144,86.414618
2026-06-16 04:00:00,N03,-0.4973,0.006208,4.5,152.9438,0.153905,27.6,23.766144,86.414618
2026-06-16 05:00:00,N03,-0.479,0.007713,5.76,153.098,0.153844,29.4,23.766144,86.414618
2026-06-16 06:00:00,N03,-0.4344,0.00835,3.02,153.2515,0.153466,31.3,23.766144,86.414618
2026-06-16 07:00:00,N03,,,,,,,23.766144,86.414618
2026-06-16 08:00:00,N03,,,,,,,23.766144,86.414618
2026-06-16 09:00:00,N03,,,,,,,23.766144,86.414618
2026-06-16 10:00:00,N03,,,,,,,23.766144,86.414618
2026-06-16 11:00:00,N03,,,,,,,23.766144,86.414618
2026-06-16 12:00:00,N03,-0.4655,0.006601,5.23,154.168,0.157127,38.8,23.766144,86.414618
2026-06-16 13:00:00,N03,-0.3676,0.005997,2.2,154.3214,0.152472,38.6,23.766144,86.414618
2026-06-16 14:00:00,N03,-0.4613,0.006752,7.42,154.473,0.152026,37.8,23.766144,86.414618
2026-06-16 15:00:00,N03,-0.0332,0.010615,7.22,154.6254,0.160438,36.7,23.766144,86.414618
2026-06-16 16:00:00,N03,-0.3782,0.509308,33.83,154.7939,0.158682,35.1,23.766144,86.414618
2026-06-16 17:00:00,N03,,,,,,,23.766144,86.414618
2026-06-16 18:00:00,N03,,,,,,,23.766144,86.414618
2026-06-16 19:00:00,N03,,,,,,,23.766144,86.414618
2026-06-16 20:00:00,N03,-0.3872,0.008632,5.82,155.3831,0.151252,27.6,23.766144,86.414618
2026-06-16 21:00:00,N03,-0.5832,0.006797,3.52,155.5349,0.151968,26.0,23.766144,86.414618
2026-06-16 22:00:00,N03,-0.5444,0.007076,9.54,155.687,0.151484,24.9,23.766144,86.414618
2026-06-16 23:00:00,N03,-0.3161,0.007935,4.91,155.8379,0.150512,24.1,23.766144,86.414618
2026-06-17 00:00:00,N03,,,,,,,23.766144,86.414618
2026-06-17 01:00:00,N03,,,,,,,23.766144,86.414618
2026-06-17 02:00:00,N03,-0.4115,0.0065,2.96,156.2876,0.14939,25.4,23.766144,86.414618
2026-06-17 03:00:00,N03,-0.4131,0.005842,9.91,156.4368,0.14972,26.6,23.766144,86.414618
2026-06-17 04:00:00,N03,-0.3138,0.007568,9.55,156.5871,0.150279,28.2,23.766144,86.414618
2026-06-17 05:00:00,N03,-0.1294,0.006623,3.83,156.7373,0.149491,30.0,23.766144,86.414618
2026-06-17 06:00:00,N03,-0.5549,0.006755,6.03,156.886,0.148925,31.9,23.766144,86.414618
2026-06-17 07:00:00,N03,,,,,,,23.766144,86.414618
2026-06-17 08:00:00,N03,,,,,,,23.766144,86.414618
2026-06-17 09:00:00,N03,,,,,,,23.766144,86.414618
2026-06-17 10:00:00,N03,-0.2419,0.007026,4.59,157.4828,0.149125,38.4,23.766144,86.414618
2026-06-17 11:00:00,N03,,,,,,,23.766144,86.414618
2026-06-17 12:00:00,N03,,,,,,,23.766144,86.414618
2026-06-17 13:00:00,N03,,,,,,,23.766144,86.414618
2026-06-17 14:00:00,N03,,,,,,,23.766144,86.414618
2026-06-17 15:00:00,N03,,,,,,,23.766144,86.414618
2026-06-17 16:00:00,N03,-0.6667,0.005871,1.4,158.3703,0.138632,35.7,23.766144,86.414618
2026-06-17 17:00:00,N03,,,,,,,23.766144,86.414618
2026-06-17 18:00:00,N03,,,,,,,23.766144,86.414618
2026-06-17 19:00:00,N03,,,,,,,23.766144,86.414618
2026-06-17 20:00:00,N03,,,,,,,23.766144,86.414618
2026-06-17 21:00:00,N03,,,,,,,23.766144,86.414618
2026-06-17 22:00:00,N03,-0.4679,0.006786,4.07,159.2514,0.146554,25.4,23.766144,86.414618
2026-06-17 23:00:00,N03,-0.5464,0.007217,8.38,159.3978,0.145954,24.7,23.766144,86.414618
2026-06-18 00:00:00,N03,-0.6992,0.006983,2.68,159.5434,0.14573,25.4,23.766144,86.414618
2026-06-18 01:00:00,N03,-0.3365,0.005894,3.53,159.6893,0.145807,25.7,23.766144,86.414618
2026-06-18 02:00:00,N03,-0.6343,0.006011,6.05,159.835,0.145804,26.4,23.766144,86.414618
2026-06-18 03:00:00,N03,-0.5083,0.006784,6.01,159.9809,0.145835,27.6,23.766144,86.414618
2026-06-18 04:00:00,N03,,,,,,,23.766144,86.414618
2026-06-18 05:00:00,N03,,,,,,,23.766144,86.414618
2026-06-18 06:00:00,N03,,,,,,,23.766144,86.414618
2026-06-18 07:00:00,N03,,,,,,,23.766144,86.414618
2026-06-18 08:00:00,N03,,,,,,,23.766144,86.414618
2026-06-18 09:00:00,N03,-0.407,0.007341,2.85,160.8504,0.144701,38.2,23.766144,86.414618
2026-06-18 10:00:00,N03,-0.5238,0.006304,5.21,160.9952,0.144458,39.4,23.766144,86.414618
2026-06-18 11:00:00,N03,,,,,,,23.766144,86.414618
2026-06-18 12:00:00,N03,,,,,,,23.766144,86.414618
2026-06-18 13:00:00,N03,,,,,,,23.766144,86.414618
2026-06-18 14:00:00,N03,,,,,,,23.766144,86.414618
2026-06-18 15:00:00,N03,,,,,,,23.766144,86.414618
2026-06-18 16:00:00,N03,-0.3425,0.006837,7.56,161.8595,0.153582,36.7,23.766144,86.414618
2026-06-18 17:00:00,N03,,,,,,,23.766144,86.414618
2026-06-18 18:00:00,N03,,,,,,,23.766144,86.414618
2026-06-18 19:00:00,N03,,,,,,,23.766144,86.414618
2026-06-18 20:00:00,N03,-0.6193,0.007629,2.26,162.4326,0.142961,29.2,23.766144,86.414618
2026-06-18 21:00:00,N03,-0.4923,0.007495,2.9,162.5752,0.142682,27.6,23.766144,86.414618
2026-06-18 22:00:00,N03,-0.2716,0.00725,6.34,162.7179,0.142515,26.4,23.766144,86.414618
2026-06-18 23:00:00,N03,-0.7538,0.007865,7.45,162.8602,0.142312,25.7,23.766144,86.414618
2026-06-19 00:00:00,N03,-0.3301,0.006565,5.85,163.0026,0.141672,23.4,23.766144,86.414618
2026-06-19 01:00:00,N03,-0.5561,0.006384,3.88,163.1436,0.141384,23.7,23.766144,86.414618
2026-06-19 02:00:00,N03,-0.6647,0.007227,1.91,163.2853,0.141671,24.4,23.766144,86.414618
2026-06-19 03:00:00,N03,-0.0489,0.006513,3.1,163.4269,0.141695,25.6,23.766144,86.414618
2026-06-19 04:00:00,N03,,,,,,,23.766144,86.414618
2026-06-19 05:00:00,N03,,,,,,,23.766144,86.414618
2026-06-19 06:00:00,N03,,,,,,,23.766144,86.414618
2026-06-19 07:00:00,N03,,,,,,,23.766144,86.414618
2026-06-19 08:00:00,N03,-0.4238,0.005888,4.67,164.1323,0.140348,34.7,23.766144,86.414618
2026-06-19 09:00:00,N03,-0.2389,0.009025,2.6,164.2727,0.140107,36.2,23.766144,86.414618
2026-06-19 10:00:00,N03,-0.469,0.009286,2.05,164.4125,0.140071,37.4,23.766144,86.414618
2026-06-19 11:00:00,N03,,,,,,,23.766144,86.414618
2026-06-19 12:00:00,N03,,,,,,,23.766144,86.414618
2026-06-19 13:00:00,N03,,,,,,,23.766144,86.414618
2026-06-19 14:00:00,N03,,,,,,,23.766144,86.414618
2026-06-19 15:00:00,N03,,,,,,,23.766144,86.414618
2026-06-19 16:00:00,N03,,,,,,,23.766144,86.414618
2026-06-19 17:00:00,N03,,,,,,,23.766144,86.414618
2026-06-19 18:00:00,N03,,,,,,,23.766144,86.414618
2026-06-19 19:00:00,N03,,,,,,,23.766144,86.414618
2026-06-19 20:00:00,N03,,,,,,,23.766144,86.414618
2026-06-19 21:00:00,N03,,,,,,,23.766144,86.414618
2026-06-19 22:00:00,N03,,,,,,,23.766144,86.414618
2026-06-19 23:00:00,N03,-0.3499,0.008032,1.71,166.2228,0.137691,23.7,23.766144,86.414618
2026-06-20 00:00:00,N03,-0.2214,0.006623,8.03,166.3604,0.13756,26.6,23.766144,86.414618
2026-06-20 01:00:00,N03,-0.5151,0.006225,6.88,166.4979,0.137362,26.9,23.766144,86.414618
2026-06-20 02:00:00,N03,-0.3748,0.006893,9.97,166.6352,0.137635,27.6,23.766144,86.414618
2026-06-20 03:00:00,N03,-0.5175,0.005822,9.76,166.7732,0.137618,28.8,23.766144,86.414618
2026-06-20 04:00:00,N03,-0.4887,0.008838,5.12,166.9104,0.137083,30.4,23.766144,86.414618
2026-06-20 05:00:00,N03,-0.2261,0.006163,8.72,167.0473,0.136371,32.2,23.766144,86.414618
2026-06-20 06:00:00,N03,-0.3462,0.007493,4.68,167.1831,0.13605,34.1,23.766144,86.414618
2026-06-20 07:00:00,N03,-0.4871,0.006272,7.03,167.3194,0.130944,36.1,23.766144,86.414618
2026-06-20 08:00:00,N03,-0.508,0.976151,27.77,167.445,0.136752,37.9,23.766144,86.414618
2026-06-20 09:00:00,N03,0.0664,0.006713,1.27,167.593,0.141663,39.4,23.766144,86.414618
2026-06-20 10:00:00,N03,-0.3404,0.010694,3.97,167.7284,0.135791,40.6,23.766144,86.414618
2026-06-20 11:00:00,N03,-0.3341,0.006857,2.11,167.8645,0.136272,41.4,23.766144,86.414618
2026-06-20 12:00:00,N03,-0.1161,0.007656,1.9,168.0009,0.125995,41.6,23.766144,86.414618
2026-06-20 13:00:00,N03,-0.619,0.51408,24.77,168.1165,0.135463,41.4,23.766144,86.414618
2026-06-20 14:00:00,N03,-0.3407,0.007854,7.1,168.2718,0.145316,40.6,23.766144,86.414618
2026-06-20 15:00:00,N03,-0.378,0.009615,9.44,168.4072,0.140635,39.4,23.766144,86.414618
2026-06-20 16:00:00,N03,-0.4567,0.645868,38.61,168.5531,0.140768,37.9,23.766144,86.414618
2026-06-20 17:00:00,N03,-0.2472,0.696761,48.27,168.6887,0.129934,36.1,23.766144,86.414618
2026-06-20 18:00:00,N03,-0.0615,0.007537,3.13,168.813,0.129385,34.1,23.766144,86.414618
2026-06-20 19:00:00,N03,-0.6852,0.005875,8.89,168.9475,0.134539,32.2,23.766144,86.414618
2026-06-20 20:00:00,N03,-0.2537,0.009195,3.95,169.082,0.134559,30.4,23.766144,86.414618
2026-06-20 21:00:00,N03,,,,,,,23.766144,86.414618
2026-06-20 22:00:00,N03,,,,,,,23.766144,86.414618
2026-06-20 23:00:00,N03,,,,,,,23.766144,86.414618
2026-06-21 00:00:00,N03,,,,,,,23.766144,86.414618
2026-06-21 01:00:00,N03,,,,,,,23.766144,86.414618
2026-06-21 02:00:00,N03,-0.4763,0.008312,4.36,169.8854,0.132882,24.8,23.766144,86.414618
2026-06-21 03:00:00,N03,-0.2803,0.007165,8.19,170.0184,0.133614,26.0,23.766144,86.414618
2026-06-21 04:00:00,N03,-0.6087,0.008016,7.0,170.1526,0.133697,27.6,23.766144,86.414618
2026-06-21 05:00:00,N03,-0.514,0.010079,5.94,170.2858,0.133461,29.4,23.766144,86.414618
2026-06-21 06:00:00,N03,-0.6497,0.005892,6.36,170.4195,0.1334,31.3,23.766144,86.414618
2026-06-21 07:00:00,N03,,,,,,,23.766144,86.414618
2026-06-21 08:00:00,N03,,,,,,,23.766144,86.414618
2026-06-21 09:00:00,N03,,,,,,,23.766144,86.414618
2026-06-21 10:00:00,N03,,,,,,,23.766144,86.414618
2026-06-21 11:00:00,N03,,,,,,,23.766144,86.414618
2026-06-21 12:00:00,N03,-0.4589,0.527446,20.46,171.2251,0.126379,38.8,23.766144,86.414618
2026-06-21 13:00:00,N03,-0.6949,0.006971,8.99,171.3462,0.125985,38.6,23.766144,86.414618
2026-06-21 14:00:00,N03,-0.4915,0.011281,7.07,171.4771,0.131153,37.8,23.766144,86.414618
2026-06-21 15:00:00,N03,,,,,,,23.766144,86.414618
2026-06-21 16:00:00,N03,-0.3444,0.006307,1.45,171.7393,0.130635,35.1,23.766144,86.414618
2026-06-21 17:00:00,N03,,,,,,,23.766144,86.414618
2026-06-21 18:00:00,N03,0.1181,0.007935,8.87,172.0009,0.130587,31.3,23.766144,86.414618
2026-06-21 19:00:00,N03,-0.485,0.008437,4.96,172.131,0.130127,29.4,23.766144,86.414618
2026-06-21 20:00:00,N03,-0.3594,0.006984,3.32,172.2611,0.129965,27.6,23.766144,86.414618
2026-06-21 21:00:00,N03,-0.3354,0.006594,9.98,172.3909,0.130305,26.0,23.766144,86.414618
2026-06-21 22:00:00,N03,-0.3487,0.007261,6.71,172.5217,0.13034,24.8,23.766144,86.414618
2026-06-21 23:00:00,N03,-0.3773,0.007134,9.19,172.6516,0.130199,24.1,23.766144,86.414618
2026-06-22 00:00:00,N03,-0.3887,0.006162,9.74,172.7821,0.129896,25.4,23.766144,86.414618
2026-06-22 01:00:00,N03,-0.3979,0.007577,4.08,172.9114,0.129504,25.6,23.766144,86.414618
2026-06-22 02:00:00,N03,-0.5624,0.008612,9.8,173.0411,0.129829,26.4,23.766144,86.414618
2026-06-22 03:00:00,N03,-0.3496,0.005733,8.62,173.171,0.129585,27.6,23.766144,86.414618
2026-06-22 04:00:00,N03,-0.1522,0.007893,6.76,173.3003,0.129167,29.1,23.766144,86.414618
2026-06-22 05:00:00,N03,-0.3865,0.007872,1.57,173.4294,0.139141,30.9,23.766144,86.414618
2026-06-22 06:00:00,N03,-0.5613,0.873814,37.21,173.5786,0.12953,32.9,23.766144,86.414618
2026-06-22 07:00:00,N03,-0.3673,0.006485,1.51,173.6884,0.123336,34.8,23.766144,86.414618
2026-06-22 08:00:00,N03,-0.3001,0.62367,23.52,173.8253,0.132905,36.6,23.766144,86.414618
2026-06-22 09:00:00,N03,-0.3773,0.69533,35.15,173.9542,0.124144,38.2,23.766144,86.414618
2026-06-22 10:00:00,N03,-0.4572,0.007658,8.64,174.0735,0.123881,39.4,23.766144,86.414618
2026-06-22 11:00:00,N03,,,,,,,23.766144,86.414618
2026-06-22 12:00:00,N03,,,,,,,23.766144,86.414618
2026-06-22 13:00:00,N03,,,,,,,23.766144,86.414618
2026-06-22 14:00:00,N03,,,,,,,23.766144,86.414618
2026-06-22 15:00:00,N03,-0.6045,0.009643,7.53,174.7134,0.12004,38.2,23.766144,86.414618
2026-06-22 16:00:00,N03,,,,,,,23.766144,86.414618
2026-06-22 17:00:00,N03,,,,,,,23.766144,86.414618
2026-06-22 18:00:00,N03,,,,,,,23.766144,86.414618
2026-06-22 19:00:00,N03,,,,,,,23.766144,86.414618
2026-06-22 20:00:00,N03,,,,,,,23.766144,86.414618
2026-06-22 21:00:00,N03,-0.4829,0.006128,2.45,175.4748,0.127043,27.6,23.766144,86.414618
2026-06-22 22:00:00,N03,-0.1631,0.006717,1.56,175.6015,0.126609,26.4,23.766144,86.414618
2026-06-22 23:00:00,N03,-0.5953,0.006165,7.42,175.728,0.126626,25.6,23.766144,86.414618
2026-06-23 00:00:00,N03,-0.3056,0.00734,5.65,175.8547,0.126687,28.6,23.766144,86.414618
2026-06-23 01:00:00,N03,,,,,,,23.766144,86.414618
2026-06-23 02:00:00,N03,,,,,,,23.766144,86.414618
2026-06-23 03:00:00,N03,,,,,,,23.766144,86.414618
2026-06-23 04:00:00,N03,-0.3187,0.011564,2.62,176.3587,0.125203,32.3,23.766144,86.414618
2026-06-23 05:00:00,N03,-0.5854,0.006828,4.62,176.4839,0.125314,34.1,23.766144,86.414618
2026-06-23 06:00:00,N03,-0.5485,0.007618,2.51,176.6093,0.117073,36.1,23.766144,86.414618
2026-06-23 07:00:00,N03,-0.3477,0.519809,47.01,176.7181,0.124707,38.0,23.766144,86.414618
2026-06-23 08:00:00,N03,-0.2886,0.006312,3.87,176.8588,0.141137,39.8,23.766144,86.414618
2026-06-23 09:00:00,N03,,,,,,,23.766144,86.414618
2026-06-23 10:00:00,N03,-0.4842,0.857083,34.24,177.1257,0.116428,42.6,23.766144,86.414618
2026-06-23 11:00:00,N03,-0.4583,0.008092,6.71,177.2332,0.116053,43.3,23.766144,86.414618
2026-06-23 12:00:00,N03,-0.4621,0.006425,4.14,177.3578,0.12407,43.6,23.766144,86.414618
2026-06-23 13:00:00,N03,-0.3504,0.008188,5.29,177.4813,0.124061,43.3,23.766144,86.414618
2026-06-23 14:00:00,N03,-0.3134,0.007792,2.41,177.606,0.124372,42.6,23.766144,86.414618
2026-06-23 15:00:00,N03,-0.4512,0.005887,7.24,177.7301,0.128553,41.4,23.766144,86.414618
2026-06-23 16:00:00,N03,-0.2641,0.944328,47.79,177.8631,0.128532,39.8,23.766144,86.414618
2026-06-23 17:00:00,N03,,,,,,,23.766144,86.414618
2026-06-23 18:00:00,N03,,,,,,,23.766144,86.414618
2026-06-23 19:00:00,N03,-0.5051,0.007102,6.96,178.2252,0.122698,34.1,23.766144,86.414618
2026-06-23 20:00:00,N03,-0.5262,0.007482,4.88,178.3477,0.12278,32.3,23.766144,86.414618
2026-06-23 21:00:00,N03,-0.5794,0.009622,2.26,178.4708,0.122935,30.8,23.766144,86.414618
2026-06-23 22:00:00,N03,,,,,,,23.766144,86.414618
2026-06-23 23:00:00,N03,,,,,,,23.766144,86.414618
2026-06-24 00:00:00,N03,,,,,,,23.766144,86.414618
2026-06-24 01:00:00,N03,-0.3003,0.009055,2.53,178.9606,0.12232,28.2,23.766144,86.414618
2026-06-24 02:00:00,N03,-0.2711,0.005797,9.83,179.083,0.122725,28.9,23.766144,86.414618
2026-06-24 03:00:00,N03,-0.3608,0.008326,6.1,179.2061,0.122448,30.1,23.766144,86.414618
2026-06-24 04:00:00,N03,-0.4197,0.007999,7.43,179.3279,0.121851,31.6,23.766144,86.414618
2026-06-24 05:00:00,N03,-0.2638,0.00617,7.56,179.4498,0.122248,33.5,23.766144,86.414618
2026-06-24 06:00:00,N03,-0.3013,0.007283,7.13,179.5724,0.122111,35.4,23.766144,86.414618
2026-06-24 07:00:00,N03,-0.2761,0.01184,8.12,179.694,0.121437,37.3,23.766144,86.414618
2026-06-24 08:00:00,N03,-0.2768,0.011254,7.82,179.8153,0.121394,39.1,23.766144,86.414618
2026-06-24 09:00:00,N03,-0.4076,0.005923,8.02,179.9368,0.121574,40.7,23.766144,86.414618
2026-06-24 10:00:00,N03,,,,,,,23.766144,86.414618
2026-06-24 11:00:00,N03,,,,,,,23.766144,86.414618
2026-06-24 12:00:00,N03,,,,,,,23.766144,86.414618
2026-06-24 13:00:00,N03,-0.4723,0.648354,15.02,180.413,0.12061,42.6,23.766144,86.414618
2026-06-24 14:00:00,N03,-0.4763,0.006431,8.96,180.5409,0.124411,41.9,23.766144,86.414618
2026-06-24 15:00:00,N03,-0.4535,0.008102,3.49,180.6619,0.11072,40.7,23.766144,86.414618
2026-06-24 16:00:00,N03,-0.0553,0.684563,38.65,180.7624,0.110365,39.1,23.766144,86.414618
2026-06-24 17:00:00,N03,-0.5589,0.568968,25.64,180.8826,0.129668,37.3,23.766144,86.414618
2026-06-24 18:00:00,N03,-0.4079,0.006375,4.38,181.0217,0.129199,35.4,23.766144,86.414618
2026-06-24 19:00:00,N03,-0.2761,0.008018,5.43,181.141,0.119532,33.5,23.766144,86.414618
2026-06-24 20:00:00,N03,-0.2288,0.007732,3.95,181.2608,0.119971,31.6,23.766144,86.414618
2026-06-24 21:00:00,N03,-0.6098,0.007505,7.27,181.3809,0.119966,30.1,23.766144,86.414618
2026-06-24 22:00:00,N03,-0.2064,0.007477,1.35,181.5007,0.119416,28.9,23.766144,86.414618
2026-06-24 23:00:00,N03,-0.4847,0.007064,8.49,181.6198,0.11872,28.2,23.766144,86.414618
2026-06-25 00:00:00,N03,-0.5816,0.007952,1.12,181.7381,0.118864,26.1,23.766144,86.414618
2026-06-25 01:00:00,N03,,,,,,,23.766144,86.414618
2026-06-25 02:00:00,N03,,,,,,,23.766144,86.414618
2026-06-25 03:00:00,N03,,,,,,,23.766144,86.414618
2026-06-25 04:00:00,N03,,,,,,,23.766144,86.414618
2026-06-25 05:00:00,N03,,,,,,,23.766144,86.414618
2026-06-25 06:00:00,N03,-0.3623,0.008059,6.81,182.4472,0.117334,33.6,23.766144,86.414618
2026-06-25 07:00:00,N03,-0.4315,0.007982,9.23,182.5644,0.117877,35.5,23.766144,86.414618
2026-06-25 08:00:00,N03,-0.5182,0.005794,4.64,182.6829,0.126189,37.3,23.766144,86.414618
2026-06-25 09:00:00,N03,-0.5783,0.663042,34.79,182.8168,0.125581,38.9,23.766144,86.414618
2026-06-25 10:00:00,N03,-0.5536,0.841722,39.82,182.9341,0.108416,40.0,23.766144,86.414618
2026-06-25 11:00:00,N03,-0.0839,0.007413,4.74,183.0336,0.108071,40.8,23.766144,86.414618
2026-06-25 12:00:00,N03,,,,,,,23.766144,86.414618
2026-06-25 13:00:00,N03,,,,,,,23.766144,86.414618
2026-06-25 14:00:00,N03,-0.4637,0.920129,15.52,183.398,0.119824,40.0,23.766144,86.414618
2026-06-25 15:00:00,N03,-0.5036,0.0065,6.46,183.5017,0.110212,38.9,23.766144,86.414618
2026-06-25 16:00:00,N03,-0.2929,0.007522,1.77,183.6184,0.116555,37.3,23.766144,86.414618
2026-06-25 17:00:00,N03,-0.5942,0.005977,2.62,183.7348,0.116563,35.5,23.766144,86.414618
2026-06-25 18:00:00,N03,-0.3422,0.007534,1.67,183.8515,0.116331,33.6,23.766144,86.414618
2026-06-25 19:00:00,N03,-0.4561,0.006567,3.43,183.9675,0.116238,31.6,23.766144,86.414618
2026-06-25 20:00:00,N03,-0.6243,0.005889,5.8,184.084,0.116173,29.8,23.766144,86.414618
2026-06-25 21:00:00,N03,,,,,,,23.766144,86.414618
2026-06-25 22:00:00,N03,,,,,,,23.766144,86.414618
2026-06-25 23:00:00,N03,,,,,,,23.766144,86.414618
2026-06-26 00:00:00,N03,,,,,,,23.766144,86.414618
2026-06-26 01:00:00,N03,,,,,,,23.766144,86.414618
2026-06-26 02:00:00,N03,-0.3255,0.005939,9.53,184.7783,0.115705,25.1,23.766144,86.414618
2026-06-26 03:00:00,N03,-0.4936,0.009855,4.24,184.8938,0.11537,26.3,23.766144,86.414618
2026-06-26 04:00:00,N03,-0.4807,0.006081,2.62,185.009,0.114941,27.8,23.766144,86.414618
2026-06-26 05:00:00,N03,-0.3721,0.009344,9.62,185.1237,0.114876,29.6,23.766144,86.414618
2026-06-26 06:00:00,N03,-0.6112,0.007918,1.34,185.2388,0.111699,31.6,23.766144,86.414618
2026-06-26 07:00:00,N03,-0.3286,0.624171,32.65,185.347,0.111376,33.5,23.766144,86.414618
2026-06-26 08:00:00,N03,-0.393,0.98785,43.9,185.4615,0.117139,35.3,23.766144,86.414618
2026-06-26 09:00:00,N03,-0.3725,0.007302,6.59,185.5813,0.116977,36.9,23.766144,86.414618
2026-06-26 10:00:00,N03,-0.0199,0.007053,2.14,185.6955,0.113959,38.1,23.766144,86.414618
2026-06-26 11:00:00,N03,-0.3725,0.008778,1.25,185.8092,0.113863,38.8,23.766144,86.414618
2026-06-26 12:00:00,N03,-0.6101,0.006186,3.85,185.9232,0.113956,39.1,23.766144,86.414618
2026-06-26 13:00:00,N03,-0.3123,0.008961,5.68,186.0372,0.113784,38.8,23.766144,86.414618
2026-06-26 14:00:00,N03,,,,,,,23.766144,86.414618
2026-06-26 15:00:00,N03,,,,,,,23.766144,86.414618
2026-06-26 16:00:00,N03,,,,,,,23.766144,86.414618
2026-06-26 17:00:00,N03,-0.5718,0.006403,4.14,186.4917,0.114025,33.5,23.766144,86.414618
2026-06-26 18:00:00,N03,-0.481,0.006698,4.38,186.6056,0.1135,31.6,23.766144,86.414618
2026-06-26 19:00:00,N03,-0.7149,0.007516,1.63,186.7187,0.113317,29.6,23.766144,86.414618
2026-06-26 20:00:00,N03,-0.572,0.008116,5.61,186.8323,0.112822,27.8,23.766144,86.414618
2026-06-26 21:00:00,N03,-0.727,0.006179,6.81,186.9444,0.112247,26.3,23.766144,86.414618
2026-06-26 22:00:00,N03,,,,,,,23.766144,86.414618
2026-06-26 23:00:00,N03,,,,,,,23.766144,86.414618
2026-06-27 00:00:00,N03,,,,,,,23.766144,86.414618
2026-06-27 01:00:00,N03,,,,,,,23.766144,86.414618
2026-06-27 02:00:00,N03,-0.6773,0.007617,7.51,187.5051,0.111838,28.8,23.766144,86.414618
2026-06-27 03:00:00,N03,-0.5672,0.008595,2.78,187.6169,0.112037,30.0,23.766144,86.414618
2026-06-27 04:00:00,N03,-0.4477,0.009906,5.79,187.7291,0.111675,31.5,23.766144,86.414618
2026-06-27 05:00:00,N03,-0.5422,0.007302,8.79,187.8402,0.111124,33.3,23.766144,86.414618
2026-06-27 06:00:00,N03,-0.3524,0.007189,9.31,187.9514,0.104494,35.3,23.766144,86.414618
2026-06-27 07:00:00,N03,-0.3713,0.73449,32.67,188.0492,0.111682,37.2,23.766144,86.414618
2026-06-27 08:00:00,N03,-0.7367,0.005626,8.34,188.1748,0.118469,39.0,23.766144,86.414618
2026-06-27 09:00:00,N03,-0.5486,0.007982,3.89,188.2862,0.110897,40.6,23.766144,86.414618
2026-06-27 10:00:00,N03,-0.4974,0.008024,8.37,188.3965,0.11076,41.8,23.766144,86.414618
2026-06-27 11:00:00,N03,,,,,,,23.766144,86.414618
2026-06-27 12:00:00,N03,,,,,,,23.766144,86.414618
2026-06-27 13:00:00,N03,,,,,,,23.766144,86.414618
2026-06-27 14:00:00,N03,,,,,,,23.766144,86.414618
2026-06-27 15:00:00,N03,,,,,,,23.766144,86.414618
2026-06-27 16:00:00,N03,,,,,,,23.766144,86.414618
2026-06-27 17:00:00,N03,,,,,,,23.766144,86.414618
2026-06-27 18:00:00,N03,,,,,,,23.766144,86.414618
2026-06-27 19:00:00,N03,,,,,,,23.766144,86.414618
2026-06-27 20:00:00,N03,,,,,,,23.766144,86.414618
2026-06-27 21:00:00,N03,,,,,,,23.766144,86.414618
2026-06-27 22:00:00,N03,,,,,,,23.766144,86.414618
2026-06-27 23:00:00,N03,,,,,,,23.766144,86.414618
2026-06-28 00:00:00,N03,-0.3615,0.006368,8.45,189.9347,0.108811,22.0,23.766144,86.414618
2026-06-28 01:00:00,N03,,,,,,,23.766144,86.414618
2026-06-28 02:00:00,N03,,,,,,,23.766144,86.414618
2026-06-28 03:00:00,N03,-0.4239,0.007065,6.32,190.2619,0.108839,24.2,23.766144,86.414618
2026-06-28 04:00:00,N03,-0.3189,0.005839,7.21,190.3707,0.10855,25.8,23.766144,86.414618
2026-06-28 05:00:00,N03,,,,,,,23.766144,86.414618
2026-06-28 06:00:00,N03,-0.4691,0.005892,2.4,190.5866,0.107678,29.5,23.766144,86.414618
2026-06-28 07:00:00,N03,-0.8164,0.011298,6.74,190.6943,0.107968,31.5,23.766144,86.414618
2026-06-28 08:00:00,N03,-0.1767,0.007851,8.43,190.8026,0.108103,33.3,23.766144,86.414618
2026-06-28 09:00:00,N03,-0.4843,0.00598,3.51,190.9105,0.107686,34.8,23.766144,86.414618
2026-06-28 10:00:00,N03,-0.5088,0.006599,4.08,191.0179,0.107527,36.0,23.766144,86.414618
2026-06-28 11:00:00,N03,-0.3681,0.007024,5.42,191.1256,0.107716,36.8,23.766144,86.414618
2026-06-28 12:00:00,N03,-0.5156,0.006794,8.7,191.2334,0.103584,37.0,23.766144,86.414618
2026-06-28 13:00:00,N03,-0.3357,0.817341,48.21,191.3328,0.10353,36.8,23.766144,86.414618
2026-06-28 14:00:00,N03,-0.4754,0.754201,44.44,191.4404,0.103343,36.0,23.766144,86.414618
2026-06-28 15:00:00,N03,-0.4034,0.614448,30.62,191.5394,0.102952,34.8,23.766144,86.414618
2026-06-28 16:00:00,N03,-0.7299,0.729347,28.49,191.6463,0.107538,33.3,23.766144,86.414618
2026-06-28 17:00:00,N03,-0.5865,0.500034,33.72,191.7545,0.115193,31.5,23.766144,86.414618
2026-06-28 18:00:00,N03,-0.4895,0.007718,3.65,191.8767,0.114474,29.5,23.766144,86.414618
2026-06-28 19:00:00,N03,-0.6259,0.008557,2.6,191.9835,0.106143,27.6,23.766144,86.414618
2026-06-28 20:00:00,N03,-0.2111,0.007433,9.69,192.089,0.106065,25.8,23.766144,86.414618
2026-06-28 21:00:00,N03,-0.3868,0.006394,5.48,192.1956,0.106546,24.2,23.766144,86.414618
2026-06-28 22:00:00,N03,-0.5745,0.006294,5.8,192.3021,0.106348,23.0,23.766144,86.414618
2026-06-28 23:00:00,N03,-0.6383,0.006205,9.94,192.4083,0.106621,22.3,23.766144,86.414618
2026-06-29 00:00:00,N03,-0.4938,0.008577,4.99,192.5153,0.10675,22.9,23.766144,86.414618
2026-06-29 01:00:00,N03,-0.6554,0.006689,7.69,192.6218,0.106128,23.1,23.766144,86.414618
2026-06-29 02:00:00,N03,-0.6939,0.006853,3.36,192.7276,0.105821,23.9,23.766144,86.414618
2026-06-29 03:00:00,N03,-0.4431,0.007295,5.92,192.8334,0.106031,25.1,23.766144,86.414618
2026-06-29 04:00:00,N03,-0.2572,0.005734,3.84,192.9397,0.10575,26.6,23.766144,86.414618
2026-06-29 05:00:00,N03,-0.5051,0.006179,4.71,193.0449,0.104838,28.4,23.766144,86.414618
2026-06-29 06:00:00,N03,-0.3855,0.009368,4.32,193.1493,0.104762,30.4,23.766144,86.414618
2026-06-29 07:00:00,N03,-0.395,0.006427,4.39,193.2545,0.105328,32.3,23.766144,86.414618
2026-06-29 08:00:00,N03,-0.2086,0.00837,1.11,193.36,0.105059,34.1,23.766144,86.414618
2026-06-29 09:00:00,N03,-0.4419,0.009282,8.7,193.4646,0.104352,35.7,23.766144,86.414618
2026-06-29 10:00:00,N03,-0.2625,0.006034,2.47,193.5687,0.104442,36.8,23.766144,86.414618
2026-06-29 11:00:00,N03,-0.6429,0.005798,2.18,193.6735,0.104685,37.6,23.766144,86.414618
2026-06-29 12:00:00,N03,-0.5049,0.006308,4.67,193.7781,0.097759,37.9,23.766144,86.414618
2026-06-29 13:00:00,N03,-0.626,0.636996,37.98,193.869,0.104518,37.6,23.766144,86.414618
2026-06-29 14:00:00,N03,-0.5314,0.006815,5.23,193.9871,0.11118,36.8,23.766144,86.414618
2026-06-29 15:00:00,N03,-0.4383,0.009779,6.95,194.0913,0.104464,35.7,23.766144,86.414618
2026-06-29 16:00:00,N03,,,,,,,23.766144,86.414618
2026-06-29 17:00:00,N03,,,,,,,23.766144,86.414618
2026-06-29 18:00:00,N03,-0.1706,0.00623,2.76,194.4022,0.102861,30.4,23.766144,86.414618
2026-06-29 19:00:00,N03,-0.4203,0.006346,8.7,194.5049,0.103076,28.4,23.766144,86.414618
2026-06-29 20:00:00,N03,-0.5051,0.005727,6.5,194.6083,0.103749,26.6,23.766144,86.414618
2026-06-29 21:00:00,N03,,,,,,,23.766144,86.414618
2026-06-29 22:00:00,N03,,,,,,,23.766144,86.414618
2026-06-29 23:00:00,N03,,,,,,,23.766144,86.414618
2026-06-30 00:00:00,N03,-0.6653,0.007392,9.84,195.0217,0.102749,24.0,23.766144,86.414618
2026-06-30 01:00:00,N03,-0.2751,0.009636,7.77,195.1245,0.102655,24.2,23.766144,86.414618
2026-06-30 02:00:00,N03,-0.6621,0.005614,1.52,195.227,0.103008,25.0,23.766144,86.414618
2026-06-30 03:00:00,N03,-0.6246,0.006123,5.19,195.3305,0.102885,26.2,23.766144,86.414618
2026-06-30 04:00:00,N03,-0.405,0.007417,3.85,195.4328,0.102623,27.7,23.766144,86.414618
2026-06-30 05:00:00,N03,,,,,,,23.766144,86.414618
2026-06-30 06:00:00,N03,,,,,,,23.766144,86.414618
2026-06-30 07:00:00,N03,,,,,,,23.766144,86.414618
2026-06-30 08:00:00,N03,,,,,,,23.766144,86.414618
2026-06-30 09:00:00,N03,,,,,,,23.766144,86.414618
2026-06-30 10:00:00,N03,,,,,,,23.766144,86.414618
2026-06-30 11:00:00,N03,,,,,,,23.766144,86.414618
2026-06-30 12:00:00,N03,,,,,,,23.766144,86.414618
2026-06-30 13:00:00,N03,-0.5666,0.007581,9.19,196.35,0.101263,38.7,23.766144,86.414618
2026-06-30 14:00:00,N03,-0.3034,0.005764,8.04,196.4509,0.100677,38.0,23.766144,86.414618
2026-06-30 15:00:00,N03,-0.6327,0.007657,4.22,196.5514,0.094302,36.8,23.766144,86.414618
2026-06-30 16:00:00,N03,-0.4815,0.911752,25.85,196.6395,0.10082,35.2,23.766144,86.414618
2026-06-30 17:00:00,N03,-0.3169,0.008795,8.52,196.753,0.106982,33.4,23.766144,86.414618
2026-06-30 18:00:00,N03,-0.4817,0.007137,4.74,196.8535,0.100339,31.5,23.766144,86.414618
2026-06-30 19:00:00,N03,-0.6713,0.005986,4.31,196.9537,0.1003,29.5,23.766144,86.414618
2026-06-30 20:00:00,N03,-0.3508,0.008263,9.52,197.0541,0.100587,27.7,23.766144,86.414618
2026-06-30 21:00:00,N03,-0.2773,0.007586,7.73,197.1549,0.100555,26.2,23.766144,86.414618
2026-06-30 22:00:00,N03,,,,,,,23.766144,86.414618
2026-06-30 23:00:00,N03,-0.4723,0.00693,3.27,197.3561,0.100649,24.2,23.766144,86.414618
2026-07-01 00:00:00,N03,-0.3335,0.006141,2.18,197.4565,0.100139,24.5,23.766144,86.414618
2026-07-01 01:00:00,N03,-0.3972,0.008024,4.99,197.5564,0.099091,24.8,23.766144,86.414618
2026-07-01 02:00:00,N03,-0.5802,0.007887,1.97,197.6547,0.099105,25.6,23.766144,86.414618
2026-07-01 03:00:00,N03,-0.5012,0.008033,6.91,197.7546,0.0997,26.7,23.766144,86.414618
2026-07-01 04:00:00,N03,-0.5118,0.006,9.91,197.8541,0.099353,28.3,23.766144,86.414618
2026-07-01 05:00:00,N03,-0.5538,0.0058,1.99,197.9533,0.099617,30.1,23.766144,86.414618
2026-07-01 06:00:00,N03,-0.601,0.007341,3.44,198.0533,0.099659,32.0,23.766144,86.414618
2026-07-01 07:00:00,N03,-0.4124,0.005625,5.15,198.1526,0.105621,34.0,23.766144,86.414618
2026-07-01 08:00:00,N03,-0.7318,0.983718,47.99,198.2646,0.099304,35.8,23.766144,86.414618
2026-07-01 09:00:00,N03,-0.5146,0.005732,3.48,198.3512,0.092885,37.3,23.766144,86.414618
2026-07-01 10:00:00,N03,-0.4727,0.006809,5.15,198.4503,0.098573,38.5,23.766144,86.414618
2026-07-01 11:00:00,N03,-0.6267,0.005971,7.05,198.5484,0.098353,39.3,23.766144,86.414618
2026-07-01 12:00:00,N03,,,,,,,23.766144,86.414618
2026-07-01 13:00:00,N03,,,,,,,23.766144,86.414618
2026-07-01 14:00:00,N03,,,,,,,23.766144,86.414618
2026-07-01 15:00:00,N03,-0.698,0.007362,8.21,198.9403,0.097386,37.3,23.766144,86.414618
2026-07-01 16:00:00,N03,-0.4389,0.006043,2.32,199.0378,0.097764,35.8,23.766144,86.414618
2026-07-01 17:00:00,N03,-0.2859,0.005847,2.67,199.1358,0.097915,34.0,23.766144,86.414618
2026-07-01 18:00:00,N03,-0.3815,0.006825,9.92,199.2336,0.09815,32.0,23.766144,86.414618
2026-07-01 19:00:00,N03,-0.5491,0.005762,4.16,199.3321,0.098138,30.1,23.766144,86.414618
2026-07-01 20:00:00,N03,-0.2311,0.006787,6.43,199.4299,0.097833,28.3,23.766144,86.414618
2026-07-01 21:00:00,N03,-0.5316,0.005653,1.76,199.5278,0.097532,26.7,23.766144,86.414618
2026-07-01 22:00:00,N03,-0.4224,0.00911,7.38,199.6249,0.097127,25.6,23.766144,86.414618
2026-07-01 23:00:00,N03,-0.7948,0.009078,9.24,199.722,0.096971,24.8,23.766144,86.414618
2026-07-02 00:00:00,N03,-0.2717,0.007741,6.69,199.8189,0.097112,22.9,23.766144,86.414618
2026-07-02 01:00:00,N03,-0.7927,0.006563,9.4,199.9162,0.09655,23.1,23.766144,86.414618
2026-07-02 02:00:00,N03,-0.5719,0.005692,2.67,200.012,0.096195,23.9,23.766144,86.414618
2026-07-02 03:00:00,N03,-0.4476,0.005617,3.95,200.1086,0.096536,25.1,23.766144,86.414618
2026-07-02 04:00:00,N03,-0.4972,0.007147,4.9,200.2051,0.096552,26.6,23.766144,86.414618
2026-07-02 05:00:00,N03,,,,,,,23.766144,86.414618
2026-07-02 06:00:00,N03,,,,,,,23.766144,86.414618
2026-07-02 07:00:00,N03,,,,,,,23.766144,86.414618
2026-07-02 08:00:00,N03,,,,,,,23.766144,86.414618
2026-07-02 09:00:00,N03,,,,,,,23.766144,86.414618
2026-07-02 10:00:00,N03,-0.7335,0.007539,3.29,200.7833,0.106218,36.9,23.766144,86.414618
2026-07-02 11:00:00,N03,-0.5593,0.842288,49.69,200.8991,0.10542,37.6,23.766144,86.414618
2026-07-02 12:00:00,N03,-0.537,0.684739,15.6,200.9941,0.085642,37.9,23.766144,86.414618
2026-07-02 13:00:00,N03,-0.6646,0.00735,3.15,201.0704,0.086283,37.6,23.766144,86.414618
2026-07-02 14:00:00,N03,-0.5345,0.005861,7.58,201.1667,0.095501,36.9,23.766144,86.414618
2026-07-02 15:00:00,N03,-0.3107,0.006154,4.66,201.2614,0.094591,35.7,23.766144,86.414618
2026-07-02 16:00:00,N03,-0.7384,0.007122,1.0,201.3559,0.094673,34.1,23.766144,86.414618
2026-07-02 17:00:00,N03,-0.2933,0.006856,9.82,201.4507,0.095043,32.3,23.766144,86.414618
2026-07-02 18:00:00,N03,-0.4287,0.00644,1.92,201.5459,0.095571,30.4,23.766144,86.414618
2026-07-02 19:00:00,N03,-0.6354,0.008071,2.15,201.6419,0.095127,28.4,23.766144,86.414618
2026-07-02 20:00:00,N03,-0.6761,0.006156,3.16,201.7362,0.094868,26.6,23.766144,86.414618
2026-07-02 21:00:00,N03,-0.5434,0.006409,7.13,201.8316,0.094799,25.1,23.766144,86.414618
2026-07-02 22:00:00,N03,-0.5414,0.00724,2.76,201.9258,0.094077,23.9,23.766144,86.414618
2026-07-02 23:00:00,N03,-0.4417,0.009397,7.93,202.0197,0.094217,23.1,23.766144,86.414618
2026-07-03 00:00:00,N03,,,,,,,23.766144,86.414618
2026-07-03 01:00:00,N03,,,,,,,23.766144,86.414618
2026-07-03 02:00:00,N03,,,,,,,23.766144,86.414618
2026-07-03 03:00:00,N03,,,,,,,23.766144,86.414618
2026-07-03 04:00:00,N03,,,,,,,23.766144,86.414618
2026-07-03 05:00:00,N03,-0.7483,0.008391,5.08,202.5849,0.093706,31.8,23.766144,86.414618
2026-07-03 06:00:00,N03,-0.4071,0.006959,5.93,202.6787,0.09407,33.7,23.766144,86.414618
2026-07-03 07:00:00,N03,-0.5871,0.005973,9.99,202.773,0.093915,35.6,23.766144,86.414618
2026-07-03 08:00:00,N03,-0.5557,0.005541,6.3,202.8665,0.093368,37.4,23.766144,86.414618
2026-07-03 09:00:00,N03,-0.5258,0.006721,6.46,202.9598,0.09306,39.0,23.766144,86.414618
2026-07-03 10:00:00,N03,,,,,,,23.766144,86.414618
2026-07-03 11:00:00,N03,,,,,,,23.766144,86.414618
2026-07-03 12:00:00,N03,,,,,,,23.766144,86.414618
2026-07-03 13:00:00,N03,,,,,,,23.766144,86.414618
2026-07-03 14:00:00,N03,,,,,,,23.766144,86.414618
2026-07-03 15:00:00,N03,,,,,,,23.766144,86.414618
2026-07-03 16:00:00,N03,,,,,,,23.766144,86.414618
2026-07-03 17:00:00,N03,,,,,,,23.766144,86.414618
2026-07-03 18:00:00,N03,-0.5303,0.006174,3.99,203.7935,0.092274,33.7,23.766144,86.414618
2026-07-03 19:00:00,N03,-0.4841,0.006543,2.18,203.8858,0.092284,31.8,23.766144,86.414618
2026-07-03 20:00:00,N03,-0.737,0.007519,9.79,203.9781,0.091866,29.9,23.766144,86.414618
2026-07-03 21:00:00,N03,-0.5185,0.008841,3.99,204.0695,0.092086,28.4,23.766144,86.414618
2026-07-03 22:00:00,N03,-0.8998,0.00577,1.56,204.1623,0.092272,27.2,23.766144,86.414618
2026-07-03 23:00:00,N03,-0.4538,0.006707,3.58,204.2541,0.091293,26.4,23.766144,86.414618
2026-07-04 00:00:00,N03,,,,,,,23.766144,86.414618
2026-07-04 01:00:00,N03,,,,,,,23.766144,86.414618
2026-07-04 02:00:00,N03,,,,,,,23.766144,86.414618
2026-07-04 03:00:00,N03,,,,,,,23.766144,86.414618
2026-07-04 04:00:00,N03,-0.6833,0.005568,6.98,204.7096,0.090615,28.9,23.766144,86.414618
2026-07-04 05:00:00,N03,-0.7474,0.009612,7.43,204.7999,0.090216,30.7,23.766144,86.414618
2026-07-04 06:00:00,N03,-0.4476,0.008939,4.39,204.8901,0.090216,32.6,23.766144,86.414618
2026-07-04 07:00:00,N03,-0.2231,0.007453,9.57,204.9804,0.084176,34.5,23.766144,86.414618
2026-07-04 08:00:00,N03,-0.4975,0.605757,15.27,205.0584,0.084121,36.4,23.766144,86.414618
2026-07-04 09:00:00,N03,-0.4004,0.825519,46.85,205.1486,0.096896,37.9,23.766144,86.414618
2026-07-04 10:00:00,N03,-0.266,0.007607,7.79,205.2522,0.096835,39.1,23.766144,86.414618
2026-07-04 11:00:00,N03,-0.2586,0.005963,1.9,205.3423,0.090572,39.8,23.766144,86.414618
2026-07-04 12:00:00,N03,-0.4932,0.006208,5.84,205.4333,0.056198,40.1,23.766144,86.414618
2026-07-04 13:00:00,N03,-0.6243,0.00668,2.62,205.4547,0.017569,39.8,23.766144,86.414618
2026-07-04 14:00:00,N03,-0.3611,0.007123,6.86,205.4685,0.014377,39.1,23.766144,86.414618
2026-07-04 15:00:00,N03,-0.5634,0.005315,4.85,205.4834,0.014432,37.9,23.766144,86.414618
2026-07-04 16:00:00,N03,,,,,,,23.766144,86.414618
2026-07-04 17:00:00,N03,-0.3292,0.009013,9.91,205.5114,0.014237,34.5,23.766144,86.414618
2026-07-04 18:00:00,N03,-0.4653,0.005399,8.75,205.5258,0.014047,32.6,23.766144,86.414618
2026-07-04 19:00:00,N03,-0.598,0.009922,4.72,205.5395,0.013904,30.7,23.766144,86.414618
2026-07-04 20:00:00,N03,,,,,,,23.766144,86.414618
2026-07-04 21:00:00,N03,,,,,,,23.766144,86.414618
2026-07-04 22:00:00,N03,,,,,,,23.766144,86.414618
2026-07-04 23:00:00,N03,,,,,,,23.766144,86.414618
2026-07-05 00:00:00,N03,-0.3418,0.007542,4.17,205.6102,0.014679,23.9,23.766144,86.414618
2026-07-05 01:00:00,N03,-0.5536,0.005949,3.92,205.6242,0.013748,24.1,23.766144,86.414618
2026-07-05 02:00:00,N03,-0.5359,0.005511,9.67,205.6377,0.013386,24.9,23.766144,86.414618
2026-07-05 03:00:00,N03,-0.3633,0.008046,7.36,205.651,0.01343,26.1,23.766144,86.414618
2026-07-05 04:00:00,N03,-0.1476,0.00646,2.74,205.6645,0.013781,27.6,23.766144,86.414618
2026-07-05 05:00:00,N03,-0.3029,0.008025,1.24,205.6785,0.01455,29.4,23.766144,86.414618
2026-07-05 06:00:00,N03,-0.8403,0.008133,3.91,205.6936,0.014183,31.4,23.766144,86.414618
2026-07-05 07:00:00,N03,-0.3153,0.006234,3.13,205.7069,0.013693,33.3,23.766144,86.414618
2026-07-05 08:00:00,N03,,,,,,,23.766144,86.414618
2026-07-05 09:00:00,N03,,,,,,,23.766144,86.414618
2026-07-05 10:00:00,N03,,,,,,,23.766144,86.414618
2026-07-05 11:00:00,N03,,,,,,,23.766144,86.414618
2026-07-05 12:00:00,N03,-0.7148,0.931773,43.31,205.7686,0.020886,38.9,23.766144,86.414618
2026-07-05 13:00:00,N03,-0.3466,0.007329,8.86,205.7908,0.018436,38.6,23.766144,86.414618
2026-07-05 14:00:00,N03,-0.4201,0.005406,9.94,205.8055,0.014478,37.9,23.766144,86.414618
2026-07-05 15:00:00,N03,-0.6244,0.006534,7.0,205.8197,0.014505,36.7,23.766144,86.414618
2026-07-05 16:00:00,N03,-0.5199,0.012216,6.7,205.8345,0.013817,35.1,23.766144,86.414618
2026-07-05 17:00:00,N03,-0.5932,0.006268,6.68,205.8474,0.013585,33.3,23.766144,86.414618
2026-07-05 18:00:00,N03,-0.3914,0.007157,5.55,205.8617,0.014285,31.4,23.766144,86.414618
2026-07-05 19:00:00,N03,-0.4278,0.00511,9.56,205.8759,0.013703,29.4,23.766144,86.414618
2026-07-05 20:00:00,N03,-0.3053,0.006255,4.91,205.8891,0.013482,27.6,23.766144,86.414618
2026-07-05 21:00:00,N03,-0.5322,0.006128,7.86,205.9029,0.014063,26.1,23.766144,86.414618
2026-07-05 22:00:00,N03,-0.9785,0.007836,1.31,205.9172,0.013703,24.9,23.766144,86.414618
2026-07-05 23:00:00,N03,-0.4002,0.00527,2.29,205.9303,0.013927,24.1,23.766144,86.414618
2026-07-06 00:00:00,N03,-0.5103,0.00676,5.53,205.945,0.014479,28.4,23.766144,86.414618
2026-07-06 01:00:00,N03,-0.5103,0.006156,7.07,205.9593,0.014483,28.7,23.766144,86.414618
2026-07-06 02:00:00,N03,-0.5227,0.007017,7.58,205.974,0.0146,29.4,23.766144,86.414618
2026-07-06 03:00:00,N03,-0.5467,0.008686,4.86,205.9885,0.014436,30.6,23.766144,86.414618
2026-07-06 04:00:00,N03,,,,,,,23.766144,86.414618
2026-07-06 05:00:00,N03,-0.391,0.005528,4.5,206.0159,0.013513,34.0,23.766144,86.414618
2026-07-06 06:00:00,N03,-0.5784,0.00542,7.16,206.0299,0.019119,35.9,23.766144,86.414618
2026-07-06 07:00:00,N03,-0.1494,0.827393,27.54,206.0541,0.014033,37.9,23.766144,86.414618
2026-07-06 08:00:00,N03,-0.6195,0.006417,8.93,206.058,0.008911,39.7,23.766144,86.414618
2026-07-06 09:00:00,N03,-0.4028,0.006772,3.49,206.0719,0.013747,41.2,23.766144,86.414618
2026-07-06 10:00:00,N03,-0.4308,0.007627,1.16,206.0855,0.013685,42.4,23.766144,86.414618
2026-07-06 11:00:00,N03,-0.6783,0.00565,8.47,206.0993,0.013792,43.2,23.766144,86.414618
2026-07-06 12:00:00,N03,-0.4402,0.007287,3.09,206.1131,0.004524,43.4,23.766144,86.414618
2026-07-06 13:00:00,N03,-0.3996,0.562656,46.81,206.1083,0.003953,43.2,23.766144,86.414618
2026-07-06 14:00:00,N03,-0.4793,0.588927,45.8,206.1051,0.02283,42.4,23.766144,86.414618
2026-07-06 15:00:00,N03,-0.7578,0.005799,5.86,206.154,0.031377,41.2,23.766144,86.414618
2026-07-06 16:00:00,N03,,,,,,,23.766144,86.414618
2026-07-06 17:00:00,N03,,,,,,,23.766144,86.414618
2026-07-06 18:00:00,N03,,,,,,,23.766144,86.414618
2026-07-06 19:00:00,N03,-0.2841,0.007285,4.27,206.2092,0.013996,34.0,23.766144,86.414618
2026-07-06 20:00:00,N03,,,,,,,23.766144,86.414618
2026-07-06 21:00:00,N03,,,,,,,23.766144,86.414618
2026-07-06 22:00:00,N03,,,,,,,23.766144,86.414618
2026-07-06 23:00:00,N03,-0.6845,0.005913,1.41,206.2643,0.013126,28.7,23.766144,86.414618
2026-07-07 00:00:00,N03,-0.6623,0.006059,2.98,206.2773,0.01347,27.6,23.766144,86.414618
2026-07-07 01:00:00,N03,-0.4714,0.005157,6.77,206.2912,0.01402,27.8,23.766144,86.414618
2026-07-07 02:00:00,N03,-0.2719,0.005529,4.77,206.3053,0.014317,28.6,23.766144,86.414618
2026-07-07 03:00:00,N03,-0.4105,0.00635,1.63,206.3198,0.014261,29.8,23.766144,86.414618
2026-07-07 04:00:00,N03,,,,,,,23.766144,86.414618
2026-07-07 05:00:00,N03,,,,,,,23.766144,86.414618
2026-07-07 06:00:00,N03,-0.5685,0.007371,8.84,206.3614,0.006754,35.1,23.766144,86.414618
2026-07-07 07:00:00,N03,,,,,,,23.766144,86.414618
2026-07-07 08:00:00,N03,,,,,,,23.766144,86.414618
2026-07-07 09:00:00,N03,-0.4817,0.005413,2.39,206.4026,0.014181,40.4,23.766144,86.414618
2026-07-07 10:00:00,N03,-0.4548,0.005826,9.34,206.4172,0.014305,41.6,23.766144,86.414618
2026-07-07 11:00:00,N03,-0.3408,0.005993,6.04,206.4312,0.014039,42.3,23.766144,86.414618
2026-07-07 12:00:00,N03,-0.7378,0.005276,3.41,206.4453,0.013927,42.6,23.766144,86.414618
2026-07-07 13:00:00,N03,-0.6862,0.005178,2.02,206.459,0.013803,42.3,23.766144,86.414618
2026-07-07 14:00:00,N03,-0.4641,0.00571,8.83,206.4729,0.014066,41.6,23.766144,86.414618
2026-07-07 15:00:00,N03,,,,,,,23.766144,86.414618
2026-07-07 16:00:00,N03,,,,,,,23.766144,86.414618
2026-07-07 17:00:00,N03,,,,,,,23.766144,86.414618
2026-07-07 18:00:00,N03,,,,,,,23.766144,86.414618
2026-07-07 19:00:00,N03,,,,,,,23.766144,86.414618
2026-07-07 20:00:00,N03,-0.6935,0.005796,7.45,206.5549,0.014232,31.3,23.766144,86.414618
2026-07-07 21:00:00,N03,-0.6672,0.005962,9.6,206.5694,0.014355,29.8,23.766144,86.414618
2026-07-07 22:00:00,N03,,,,,,,23.766144,86.414618
2026-07-07 23:00:00,N03,,,,,,,23.766144,86.414618
2026-07-08 00:00:00,N03,-0.6276,0.005388,1.2,206.6116,0.013511,20.9,23.766144,86.414618
2026-07-08 01:00:00,N03,,,,,,,23.766144,86.414618
2026-07-08 02:00:00,N03,,,,,,,23.766144,86.414618
2026-07-08 03:00:00,N03,,,,,,,23.766144,86.414618
2026-07-08 04:00:00,N03,,,,,,,23.766144,86.414618
2026-07-08 05:00:00,N03,,,,,,,23.766144,86.414618
2026-07-08 06:00:00,N03,-0.7777,0.005086,3.55,206.6966,0.014105,28.4,23.766144,86.414618
2026-07-08 07:00:00,N03,-0.6108,0.006018,3.29,206.7103,0.013941,30.4,23.766144,86.414618
2026-07-08 08:00:00,N03,-0.3336,0.005312,6.9,206.7245,0.014172,32.2,23.766144,86.414618
2026-07-08 09:00:00,N03,-0.4681,0.008919,8.55,206.7386,0.005151,33.7,23.766144,86.414618
2026-07-08 10:00:00,N03,-0.4898,0.539343,22.62,206.7348,0.005109,34.9,23.766144,86.414618
2026-07-08 11:00:00,N03,-0.703,0.880841,47.71,206.7489,0.023029,35.7,23.766144,86.414618
2026-07-08 12:00:00,N03,-0.5388,0.006869,2.53,206.7809,0.023224,35.9,23.766144,86.414618
2026-07-08 13:00:00,N03,0.0253,0.007942,7.81,206.7953,0.014275,35.7,23.766144,86.414618
2026-07-08 14:00:00,N03,-0.493,0.006513,2.21,206.8094,0.016902,34.9,23.766144,86.414618
2026-07-08 15:00:00,N03,-0.4061,0.780779,45.53,206.8291,0.013857,33.7,23.766144,86.414618
2026-07-08 16:00:00,N03,-0.5772,0.006024,1.83,206.8371,0.010866,32.2,23.766144,86.414618
2026-07-08 17:00:00,N03,-0.44,0.008148,7.95,206.8508,0.014051,30.4,23.766144,86.414618
2026-07-08 18:00:00,N03,-0.5135,0.005188,5.23,206.8652,0.01422,28.4,23.766144,86.414618
2026-07-08 19:00:00,N03,-0.7595,0.005677,3.23,206.8793,0.013756,26.5,23.766144,86.414618
2026-07-08 20:00:00,N03,-0.3724,0.005126,6.88,206.8928,0.014019,24.7,23.766144,86.414618
2026-07-08 21:00:00,N03,,,,,,,23.766144,86.414618
2026-07-08 22:00:00,N03,,,,,,,23.766144,86.414618
2026-07-08 23:00:00,N03,,,,,,,23.766144,86.414618
2026-07-09 00:00:00,N03,,,,,,,23.766144,86.414618
2026-07-09 01:00:00,N03,,,,,,,23.766144,86.414618
2026-07-09 02:00:00,N03,-0.4642,0.005943,4.0,206.9782,0.014306,26.9,23.766144,86.414618
2026-07-09 03:00:00,N03,-0.6419,0.00554,5.08,206.9921,0.013834,28.0,23.766144,86.414618
2026-07-09 04:00:00,N03,-0.3035,0.00723,9.52,207.0059,0.013664,29.6,23.766144,86.414618
2026-07-09 05:00:00,N03,-0.691,0.006466,9.71,207.0194,0.013493,31.4,23.766144,86.414618
2026-07-09 06:00:00,N03,-0.8018,0.005729,6.96,207.0329,0.013311,33.4,23.766144,86.414618
2026-07-09 07:00:00,N03,-0.2952,0.007885,8.38,207.046,0.019333,35.3,23.766144,86.414618
2026-07-09 08:00:00,N03,-0.7293,0.535209,24.95,207.0715,0.019253,37.1,23.766144,86.414618
2026-07-09 09:00:00,N03,-0.2909,0.573536,18.41,207.0845,0.007302,38.7,23.766144,86.414618
2026-07-09 10:00:00,N03,-0.443,0.005663,4.39,207.0861,0.007839,39.8,23.766144,86.414618
2026-07-09 11:00:00,N03,-0.6517,0.005643,2.46,207.1002,0.005422,40.6,23.766144,86.414618
2026-07-09 12:00:00,N03,-0.3729,0.947638,44.15,207.097,0.008918,40.9,23.766144,86.414618
2026-07-09 13:00:00,N03,,,,,,,23.766144,86.414618
2026-07-09 14:00:00,N03,-0.5534,0.535444,33.54,207.1315,0.018901,39.8,23.766144,86.414618
2026-07-09 15:00:00,N03,-0.4493,0.005319,6.93,207.1558,0.019301,38.7,23.766144,86.414618
2026-07-09 16:00:00,N03,-0.3562,0.008114,1.05,207.1701,0.013737,37.1,23.766144,86.414618
2026-07-09 17:00:00,N03,-0.7115,0.005406,4.69,207.1833,0.013103,35.3,23.766144,86.414618
2026-07-09 18:00:00,N03,-0.5019,0.006445,8.65,207.1963,0.013222,33.4,23.766144,86.414618
2026-07-09 19:00:00,N03,-0.3872,0.007147,9.6,207.2098,0.013408,31.4,23.766144,86.414618
2026-07-09 20:00:00,N03,-0.3792,0.007425,8.12,207.2231,0.01354,29.6,23.766144,86.414618
2026-07-09 21:00:00,N03,-0.5063,0.006341,5.16,207.2368,0.014122,28.0,23.766144,86.414618
2026-07-09 22:00:00,N03,-0.659,0.006092,7.31,207.2514,0.01431,26.9,23.766144,86.414618
2026-07-09 23:00:00,N03,-0.4829,0.008489,9.03,207.2655,0.013675,26.1,23.766144,86.414618
2026-07-10 00:00:00,N03,-0.3839,0.00665,1.79,207.2787,0.013385,27.8,23.766144,86.414618
2026-07-10 01:00:00,N03,-0.7418,0.008936,2.62,207.2922,0.013312,28.1,23.766144,86.414618
2026-07-10 02:00:00,N03,-0.6205,0.005646,5.54,207.3054,0.013431,28.8,23.766144,86.414618
2026-07-10 03:00:00,N03,-0.6483,0.006295,1.84,207.3191,0.013702,30.0,23.766144,86.414618
2026-07-10 04:00:00,N03,,,,,,,23.766144,86.414618
2026-07-10 05:00:00,N03,,,,,,,23.766144,86.414618
2026-07-10 06:00:00,N03,-0.5173,0.005747,9.29,207.361,0.013956,35.3,23.766144,86.414618
2026-07-10 07:00:00,N03,-0.4494,0.006791,8.21,207.375,0.013849,37.3,23.766144,86.414618
2026-07-10 08:00:00,N03,,,,,,,23.766144,86.414618
2026-07-10 09:00:00,N03,,,,,,,23.766144,86.414618
2026-07-10 10:00:00,N03,,,,,,,23.766144,86.414618
2026-07-10 11:00:00,N03,-0.5389,0.006347,2.18,207.4287,0.013657,42.6,23.766144,86.414618
2026-07-10 12:00:00,N03,-0.4054,0.005665,5.13,207.442,0.013573,42.8,23.766144,86.414618
2026-07-10 13:00:00,N03,-0.334,0.006237,4.76,207.4558,0.010143,42.6,23.766144,86.414618
2026-07-10 14:00:00,N03,-0.5867,0.978928,38.12,207.4623,0.013507,41.8,23.766144,86.414618
2026-07-10 15:00:00,N03,,,,,,,23.766144,86.414618
2026-07-10 16:00:00,N03,-0.3688,0.868771,20.7,207.4874,0.008858,39.1,23.766144,86.414618
2026-07-10 17:00:00,N03,,,,,,,23.766144,86.414618
2026-07-10 18:00:00,N03,,,,,,,23.766144,86.414618
2026-07-10 19:00:00,N03,,,,,,,23.766144,86.414618
2026-07-10 20:00:00,N03,,,,,,,23.766144,86.414618
2026-07-10 21:00:00,N03,-0.4715,0.007142,2.31,207.5637,0.013605,30.0,23.766144,86.414618
2026-07-10 22:00:00,N03,-0.6839,0.008305,8.43,207.5771,0.013363,28.8,23.766144,86.414618
2026-07-10 23:00:00,N03,-0.7027,0.005685,4.28,207.5904,0.013039,28.1,23.766144,86.414618
2026-07-11 00:00:00,N03,-0.5744,0.006925,2.25,207.6032,0.012852,24.6,23.766144,86.414618
2026-07-11 01:00:00,N03,,,,,,,23.766144,86.414618
2026-07-11 02:00:00,N03,,,,,,,23.766144,86.414618
2026-07-11 03:00:00,N03,,,,,,,23.766144,86.414618
2026-07-11 04:00:00,N03,,,,,,,23.766144,86.414618
2026-07-11 05:00:00,N03,-0.4329,0.006472,2.43,207.6713,0.013707,30.2,23.766144,86.414618
2026-07-11 06:00:00,N03,-0.4407,0.006218,7.65,207.6853,0.013846,32.1,23.766144,86.414618
2026-07-11 07:00:00,N03,-0.2977,0.006878,2.81,207.6989,0.013491,34.1,23.766144,86.414618
2026-07-11 08:00:00,N03,-0.79,0.006182,5.93,207.7123,0.013478,35.9,23.766144,86.414618
2026-07-11 09:00:00,N03,-0.3503,0.007824,9.18,207.7259,0.013813,37.4,23.766144,86.414618
2026-07-11 10:00:00,N03,-0.4239,0.006204,2.19,207.7399,0.013865,38.6,23.766144,86.414618
2026-07-11 11:00:00,N03,-0.5104,0.008351,2.14,207.7536,0.013603,39.4,23.766144,86.414618
2026-07-11 12:00:00,N03,-0.4019,0.007028,3.91,207.7671,0.01331,39.6,23.766144,86.414618
2026-07-11 13:00:00,N03,-0.7039,0.00664,6.08,207.7803,0.013208,39.4,23.766144,86.414618
2026-07-11 14:00:00,N03,-0.4155,0.005581,6.34,207.7935,0.01333,38.6,23.766144,86.414618
2026-07-11 15:00:00,N03,-0.2937,0.007632,7.15,207.8069,0.016341,37.4,23.766144,86.414618
2026-07-11 16:00:00,N03,-0.5455,0.730832,39.78,207.8262,0.014123,35.9,23.766144,86.414618
2026-07-11 17:00:00,N03,-0.7744,0.005532,5.65,207.8352,0.011535,34.1,23.766144,86.414618
2026-07-11 18:00:00,N03,-0.4841,0.006423,6.42,207.8493,0.014119,32.1,23.766144,86.414618
2026-07-11 19:00:00,N03,-0.6728,0.005759,7.5,207.8634,0.014137,30.2,23.766144,86.414618
2026-07-11 20:00:00,N03,,,,,,,23.766144,86.414618
2026-07-11 21:00:00,N03,-0.6978,0.005108,5.05,207.8915,0.013952,26.8,23.766144,86.414618
2026-07-11 22:00:00,N03,-0.5639,0.005128,9.02,207.9054,0.013621,25.6,23.766144,86.414618
2026-07-11 23:00:00,N03,-0.7908,0.005135,9.12,207.9187,0.013089,24.9,23.766144,86.414618
2026-07-12 00:00:00,N03,-0.5939,0.005319,5.64,207.9316,0.013334,27.0,23.766144,86.414618
2026-07-12 01:00:00,N03,-0.3944,0.007575,9.08,207.9454,0.013773,27.3,23.766144,86.414618
2026-07-12 02:00:00,N03,-0.4176,0.005322,9.81,207.9592,0.013827,28.0,23.766144,86.414618
2026-07-12 03:00:00,N03,-0.3992,0.00598,4.03,207.9731,0.013502,29.2,23.766144,86.414618
2026-07-12 04:00:00,N03,-0.8482,0.006078,2.71,207.9862,0.013539,30.8,23.766144,86.414618
2026-07-12 05:00:00,N03,-0.7071,0.005294,3.32,208.0001,0.013503,32.6,23.766144,86.414618
2026-07-12 06:00:00,N03,,,,,,,23.766144,86.414618
2026-07-12 07:00:00,N03,,,,,,,23.766144,86.414618
2026-07-12 08:00:00,N03,,,,,,,23.766144,86.414618
2026-07-12 09:00:00,N03,,,,,,,23.766144,86.414618
2026-07-12 10:00:00,N03,,,,,,,23.766144,86.414618
2026-07-12 11:00:00,N03,,,,,,,23.766144,86.414618
2026-07-12 12:00:00,N03,,,,,,,23.766144,86.414618
2026-07-12 13:00:00,N03,-0.9103,0.005986,4.14,208.1064,0.013682,41.8,23.766144,86.414618
2026-07-12 14:00:00,N03,-0.4189,0.005714,8.27,208.1202,0.01375,41.0,23.766144,86.414618
2026-07-12 15:00:00,N03,-0.2958,0.009413,4.81,208.1339,0.001491,39.8,23.766144,86.414618
2026-07-12 16:00:00,N03,,,,,,,23.766144,86.414618
2026-07-12 17:00:00,N03,,,,,,,23.766144,86.414618
2026-07-12 18:00:00,N03,,,,,,,23.766144,86.414618
2026-07-12 19:00:00,N03,,,,,,,23.766144,86.414618
2026-07-12 20:00:00,N03,,,,,,,23.766144,86.414618
2026-07-12 21:00:00,N03,-0.3804,0.00666,6.18,208.2176,0.014341,29.2,23.766144,86.414618
2026-07-12 22:00:00,N03,-0.4889,0.00618,2.2,208.2316,0.013706,28.0,23.766144,86.414618
2026-07-12 23:00:00,N03,-0.5107,0.006435,1.26,208.245,0.013338,27.3,23.766144,86.414618
2026-07-13 00:00:00,N03,-0.4998,0.006175,6.46,208.2583,0.013414,23.9,23.766144,86.414618
2026-07-13 01:00:00,N03,-0.9665,0.005428,8.61,208.2719,0.013385,24.1,23.766144,86.414618
2026-07-13 02:00:00,N03,-0.3858,0.009919,1.85,208.2851,0.013237,24.9,23.766144,86.414618
2026-07-13 03:00:00,N03,-0.6718,0.007157,4.15,208.2984,0.013657,26.1,23.766144,86.414618
2026-07-13 04:00:00,N03,-0.5899,0.005822,4.16,208.3124,0.013897,27.6,23.766144,86.414618
2026-07-13 05:00:00,N03,-0.3432,0.010378,7.61,208.3261,0.013443,29.4,23.766144,86.414618
2026-07-13 06:00:00,N03,-0.283,0.005313,8.57,208.3393,0.013212,31.4,23.766144,86.414618
2026-07-13 07:00:00,N03,-0.5028,0.007485,2.72,208.3526,0.013854,33.3,23.766144,86.414618
2026-07-13 08:00:00,N03,-0.6103,0.005626,8.7,208.367,0.014109,35.1,23.766144,86.414618
2026-07-13 09:00:00,N03,-0.6157,0.006708,7.57,208.3808,0.013583,36.7,23.766144,86.414618
2026-07-13 10:00:00,N03,-0.4415,0.00664,1.45,208.3941,0.013798,37.9,23.766144,86.414618
2026-07-13 11:00:00,N03,-0.2204,0.00606,8.56,208.4084,0.01412,38.6,23.766144,86.414618
2026-07-13 12:00:00,N03,-0.4413,0.00545,6.07,208.4224,0.014296,38.9,23.766144,86.414618
2026-07-13 13:00:00,N03,,,,,,,23.766144,86.414618
2026-07-13 14:00:00,N03,,,,,,,23.766144,86.414618
2026-07-13 15:00:00,N03,-0.2301,0.005876,1.0,208.4636,0.022084,36.7,23.766144,86.414618
2026-07-13 16:00:00,N03,-0.5953,0.880395,23.64,208.4944,0.013816,35.1,23.766144,86.414618
2026-07-13 17:00:00,N03,-0.5288,0.006118,6.61,208.4913,0.005089,33.3,23.766144,86.414618
2026-07-13 18:00:00,N03,-0.5823,0.008149,5.62,208.5046,0.013397,31.4,23.766144,86.414618
2026-07-13 19:00:00,N03,-0.7495,0.005527,7.21,208.5181,0.013075,29.4,23.766144,86.414618
2026-07-13 20:00:00,N03,-0.4446,0.008265,3.99,208.5307,0.013137,27.6,23.766144,86.414618
2026-07-13 21:00:00,N03,-0.5561,0.005385,7.59,208.5443,0.013633,26.1,23.766144,86.414618
2026-07-13 22:00:00,N03,-0.6733,0.006229,1.76,208.558,0.013908,24.9,23.766144,86.414618
2026-07-13 23:00:00,N03,-0.4711,0.005094,9.11,208.5721,0.013735,24.1,23.766144,86.414618
2026-07-14 00:00:00,N03,-0.4797,0.005935,1.17,208.5854,0.013325,25.4,23.766144,86.414618
2026-07-14 01:00:00,N03,,,,,,,23.766144,86.414618
2026-07-14 02:00:00,N03,,,,,,,23.766144,86.414618
2026-07-14 03:00:00,N03,,,,,,,23.766144,86.414618
2026-07-14 04:00:00,N03,,,,,,,23.766144,86.414618
2026-07-14 05:00:00,N03,-0.7284,0.009555,3.76,208.6541,0.022695,30.9,23.766144,86.414618
2026-07-14 06:00:00,N03,-0.5112,0.784438,40.59,208.6858,0.022807,32.9,23.766144,86.414618
2026-07-14 07:00:00,N03,-0.7008,0.657341,26.75,208.6998,0.005063,34.8,23.766144,86.414618
2026-07-14 08:00:00,N03,-0.3787,0.006483,4.54,208.6959,0.004721,36.6,23.766144,86.414618
2026-07-14 09:00:00,N03,-0.394,0.006785,2.83,208.7092,0.013126,38.2,23.766144,86.414618
2026-07-14 10:00:00,N03,-0.2061,0.006208,2.39,208.7222,0.013276,39.3,23.766144,86.414618
2026-07-14 11:00:00,N03,-0.5711,0.00588,1.07,208.7358,0.013485,40.1,23.766144,86.414618
2026-07-14 12:00:00,N03,-0.6338,0.006217,2.57,208.7491,0.013498,40.4,23.766144,86.414618
2026-07-14 13:00:00,N03,,,,,,,23.766144,86.414618
2026-07-14 14:00:00,N03,-0.2632,0.007286,9.48,208.7766,0.01331,39.3,23.766144,86.414618
2026-07-14 15:00:00,N03,-0.1889,0.00763,9.07,208.7894,0.013049,38.2,23.766144,86.414618
2026-07-14 16:00:00,N03,-0.5033,0.006425,7.35,208.8027,0.013435,36.6,23.766144,86.414618
2026-07-14 17:00:00,N03,,,,,,,23.766144,86.414618
2026-07-14 18:00:00,N03,,,,,,,23.766144,86.414618
2026-07-14 19:00:00,N03,,,,,,,23.766144,86.414618
2026-07-14 20:00:00,N03,,,,,,,23.766144,86.414618
2026-07-14 21:00:00,N03,,,,,,,23.766144,86.414618
2026-07-14 22:00:00,N03,-0.7417,0.007521,1.99,208.8814,0.013661,26.4,23.766144,86.414618
2026-07-14 23:00:00,N03,-0.5466,0.00764,6.49,208.8954,0.013928,25.6,23.766144,86.414618
2026-07-15 00:00:00,N03,-0.6083,0.00734,5.79,208.9093,0.013517,29.0,23.766144,86.414618
2026-07-15 01:00:00,N03,-0.6364,0.008518,1.29,208.9225,0.012991,29.2,23.766144,86.414618
2026-07-15 02:00:00,N03,-0.6434,0.007115,5.39,208.9353,0.012814,30.0,23.766144,86.414618
2026-07-15 03:00:00,N03,-0.5033,0.005084,6.91,208.9481,0.013406,31.2,23.766144,86.414618
2026-07-15 04:00:00,N03,,,,,,,23.766144,86.414618
2026-07-15 05:00:00,N03,,,,,,,23.766144,86.414618
2026-07-15 06:00:00,N03,,,,,,,23.766144,86.414618
2026-07-15 07:00:00,N03,,,,,,,23.766144,86.414618
2026-07-15 08:00:00,N03,-0.5727,0.00875,3.64,209.015,0.012829,40.2,23.766144,86.414618
2026-07-15 09:00:00,N03,-0.3727,0.007378,2.29,209.0276,0.013098,41.8,23.766144,86.414618
2026-07-15 10:00:00,N03,-0.446,0.007528,2.61,209.0411,0.013599,43.0,23.766144,86.414618
2026-07-15 11:00:00,N03,,,,,,,23.766144,86.414618
2026-07-15 12:00:00,N03,,,,,,,23.766144,86.414618
2026-07-15 13:00:00,N03,,,,,,,23.766144,86.414618
2026-07-15 14:00:00,N03,,,,,,,23.766144,86.414618
2026-07-15 15:00:00,N03,-0.3478,0.006365,3.36,209.1077,0.009091,41.8,23.766144,86.414618
2026-07-15 16:00:00,N03,,,,,,,23.766144,86.414618
2026-07-15 17:00:00,N03,,,,,,,23.766144,86.414618
2026-07-15 18:00:00,N03,,,,,,,23.766144,86.414618
2026-07-15 19:00:00,N03,-0.6262,0.005874,2.22,209.1619,0.013773,34.6,23.766144,86.414618
2026-07-15 20:00:00,N03,-0.4712,0.006711,2.32,209.1757,0.014173,32.7,23.766144,86.414618
2026-07-15 21:00:00,N03,,,,,,,23.766144,86.414618
2026-07-15 22:00:00,N03,,,,,,,23.766144,86.414618
2026-07-15 23:00:00,N03,,,,,,,23.766144,86.414618
2026-07-16 00:00:00,N03,,,,,,,23.766144,86.414618
2026-07-16 01:00:00,N03,,,,,,,23.766144,86.414618
2026-07-16 02:00:00,N03,,,,,,,23.766144,86.414618
2026-07-16 03:00:00,N03,-0.446,0.005102,9.72,209.2697,0.013664,27.5,23.766144,86.414618
2026-07-16 04:00:00,N03,-0.3699,0.005385,7.88,209.2836,0.013564,29.1,23.766144,86.414618
2026-07-16 05:00:00,N03,-0.614,0.005729,1.43,209.2968,0.012916,30.9,23.766144,86.414618
2026-07-16 06:00:00,N03,-0.1817,0.005152,2.39,209.3095,0.01293,32.8,23.766144,86.414618
2026-07-16 07:00:00,N03,-0.4467,0.005776,5.44,209.3227,0.013303,34.8,23.766144,86.414618
2026-07-16 08:00:00,N03,-0.3645,0.007034,7.18,209.3361,0.013142,36.6,23.766144,86.414618
2026-07-16 09:00:00,N03,-0.3578,0.006614,8.35,209.349,0.013429,38.1,23.766144,86.414618
2026-07-16 10:00:00,N03,-0.3966,0.005167,5.11,209.3629,0.013644,39.3,23.766144,86.414618
2026-07-16 11:00:00,N03,-0.3183,0.006323,6.26,209.3763,0.013334,40.1,23.766144,86.414618
2026-07-16 12:00:00,N03,-0.8521,0.007734,9.46,209.3896,0.013483,40.3,23.766144,86.414618
2026-07-16 13:00:00,N03,-0.3718,0.007581,7.03,209.4032,0.013121,40.1,23.766144,86.414618
2026-07-16 14:00:00,N03,-0.5157,0.008306,3.67,209.4158,0.013571,39.3,23.766144,86.414618
2026-07-16 15:00:00,N03,-0.4398,0.00687,8.1,209.4304,0.014032,38.1,23.766144,86.414618
2026-07-16 16:00:00,N03,-0.2599,0.005319,8.28,209.4439,0.020404,36.6,23.766144,86.414618
2026-07-16 17:00:00,N03,-0.6248,0.851192,44.6,209.4712,0.013062,34.8,23.766144,86.414618
2026-07-16 18:00:00,N03,-0.4742,0.008455,4.39,209.47,0.00659,32.8,23.766144,86.414618
2026-07-16 19:00:00,N03,-0.6272,0.008824,3.38,209.4844,0.014023,30.9,23.766144,86.414618
2026-07-16 20:00:00,N03,-0.4471,0.006246,4.38,209.4981,0.013249,29.1,23.766144,86.414618
2026-07-16 21:00:00,N03,-0.5438,0.006075,6.21,209.5109,0.013045,27.5,23.766144,86.414618
2026-07-16 22:00:00,N03,,,,,,,23.766144,86.414618
2026-07-16 23:00:00,N03,-0.8075,0.005254,7.17,209.5375,0.01353,25.6,23.766144,86.414618
2026-07-17 00:00:00,N03,-0.493,0.007735,1.95,209.5512,0.013269,25.8,23.766144,86.414618
2026-07-17 01:00:00,N03,-0.581,0.00977,3.03,209.564,0.013062,26.0,23.766144,86.414618
2026-07-17 02:00:00,N03,-0.4202,0.005156,1.27,209.5774,0.013762,26.8,23.766144,86.414618
2026-07-17 03:00:00,N03,-0.6384,0.00673,4.37,209.5915,0.013292,28.0,23.766144,86.414618
2026-07-17 04:00:00,N03,-0.4458,0.006196,4.64,209.6039,0.012967,29.5,23.766144,86.414618
2026-07-17 05:00:00,N03,-0.5152,0.007224,2.72,209.6175,0.013332,31.3,23.766144,86.414618
2026-07-17 06:00:00,N03,-0.4367,0.007219,4.99,209.6306,0.013225,33.3,23.766144,86.414618
2026-07-17 07:00:00,N03,-0.4842,0.006099,5.56,209.6439,0.00461,35.2,23.766144,86.414618
2026-07-17 08:00:00,N03,-0.2601,0.701104,19.9,209.6398,0.009877,37.0,23.766144,86.414618
2026-07-17 09:00:00,N03,-0.4007,0.785335,46.57,209.6637,0.021723,38.6,23.766144,86.414618
2026-07-17 10:00:00,N03,,,,,,,23.766144,86.414618
2026-07-17 11:00:00,N03,,,,,,,23.766144,86.414618
2026-07-17 12:00:00,N03,-0.5336,0.005723,7.59,209.7108,0.013811,40.8,23.766144,86.414618
2026-07-17 13:00:00,N03,-0.5805,0.00576,7.9,209.7245,0.013606,40.5,23.766144,86.414618
2026-07-17 14:00:00,N03,-0.393,0.006562,1.77,209.7381,0.013108,39.8,23.766144,86.414618
2026-07-17 15:00:00,N03,-0.5693,0.006492,5.6,209.7508,0.013304,38.6,23.766144,86.414618
2026-07-17 16:00:00,N03,-0.2136,0.006194,3.47,209.7647,0.013386,37.0,23.766144,86.414618
2026-07-17 17:00:00,N03,,,,,,,23.766144,86.414618
2026-07-17 18:00:00,N03,,,,,,,23.766144,86.414618
2026-07-17 19:00:00,N03,,,,,,,23.766144,86.414618
2026-07-17 20:00:00,N03,-0.5353,0.007153,6.99,209.8185,0.013559,29.5,23.766144,86.414618
2026-07-17 21:00:00,N03,-0.5962,0.00562,5.02,209.832,0.012972,28.0,23.766144,86.414618
2026-07-17 22:00:00,N03,-0.4063,0.008888,1.63,209.8444,0.012456,26.8,23.766144,86.414618
2026-07-17 23:00:00,N03,-0.5286,0.005112,8.85,209.8569,0.012702,26.0,23.766144,86.414618
2026-07-18 00:00:00,N03,-0.6173,0.005933,2.55,209.8699,0.013681,28.3,23.766144,86.414618
2026-07-18 01:00:00,N03,-0.5543,0.008743,1.02,209.8843,0.013577,28.6,23.766144,86.414618
2026-07-18 02:00:00,N03,-0.3339,0.005331,6.99,209.897,0.01294,29.4,23.766144,86.414618
2026-07-18 03:00:00,N03,-0.5701,0.007554,1.6,209.9102,0.012731,30.5,23.766144,86.414618
2026-07-18 04:00:00,N03,-0.6405,0.005105,6.24,209.9225,0.012252,32.1,23.766144,86.414618
2026-07-18 05:00:00,N03,-0.5688,0.006077,7.8,209.9347,0.013002,33.9,23.766144,86.414618
2026-07-18 06:00:00,N03,,,,,,,23.766144,86.414618
2026-07-18 07:00:00,N03,,,,,,,23.766144,86.414618
2026-07-18 08:00:00,N03,-0.7647,0.007621,5.91,209.9758,0.016023,39.6,23.766144,86.414618
2026-07-18 09:00:00,N03,,,,,,,23.766144,86.414618
2026-07-18 10:00:00,N03,,,,,,,23.766144,86.414618
2026-07-18 11:00:00,N03,,,,,,,23.766144,86.414618
2026-07-18 12:00:00,N03,-0.6201,0.007443,4.93,210.0297,0.01326,43.3,23.766144,86.414618
2026-07-18 13:00:00,N03,-0.384,0.008036,6.63,210.0425,0.013135,43.1,23.766144,86.414618
2026-07-18 14:00:00,N03,-0.6028,0.005791,5.93,210.056,0.013904,42.3,23.766144,86.414618
2026-07-18 15:00:00,N03,,,,,,,23.766144,86.414618
2026-07-18 16:00:00,N03,,,,,,,23.766144,86.414618
2026-07-18 17:00:00,N03,-0.5271,0.006225,4.61,210.0965,0.012798,37.8,23.766144,86.414618
2026-07-18 18:00:00,N03,-0.4385,0.006803,5.81,210.109,0.013276,35.8,23.766144,86.414618
2026-07-18 19:00:00,N03,,,,,,,23.766144,86.414618
2026-07-18 20:00:00,N03,,,,,,,23.766144,86.414618
2026-07-18 21:00:00,N03,,,,,,,23.766144,86.414618
2026-07-18 22:00:00,N03,-0.5721,0.005203,1.75,210.1635,0.01384,29.4,23.766144,86.414618
2026-07-18 23:00:00,N03,-0.6084,0.005853,5.16,210.1775,0.014036,28.6,23.766144,86.414618
2026-07-19 00:00:00,N03,-0.5018,0.005336,6.45,210.1916,0.013636,25.7,23.766144,86.414618
2026-07-19 01:00:00,N03,-0.7268,0.006321,9.28,210.2048,0.013336,26.0,23.766144,86.414618
2026-07-19 02:00:00,N03,-0.5285,0.005429,5.47,210.2183,0.013189,26.7,23.766144,86.414618
2026-07-19 03:00:00,N03,,,,,,,23.766144,86.414618
2026-07-19 04:00:00,N03,-0.4144,0.006076,4.51,210.245,0.013609,29.5,23.766144,86.414618
2026-07-19 05:00:00,N03,-0.5566,0.005665,2.73,210.2583,0.013228,31.3,23.766144,86.414618
2026-07-19 06:00:00,N03,-0.6608,0.010082,4.22,210.2715,0.013487,33.2,23.766144,86.414618
2026-07-19 07:00:00,N03,-0.47,0.005098,2.4,210.2853,0.013696,35.2,23.766144,86.414618
2026-07-19 08:00:00,N03,,,,,,,23.766144,86.414618
2026-07-19 09:00:00,N03,,,,,,,23.766144,86.414618
2026-07-19 10:00:00,N03,,,,,,,23.766144,86.414618
2026-07-19 11:00:00,N03,,,,,,,23.766144,86.414618
2026-07-19 12:00:00,N03,,,,,,,23.766144,86.414618
2026-07-19 13:00:00,N03,-0.604,0.006522,5.62,210.3652,0.017591,40.5,23.766144,86.414618
2026-07-19 14:00:00,N03,,,,,,,23.766144,86.414618
2026-07-19 15:00:00,N03,,,,,,,23.766144,86.414618
2026-07-19 16:00:00,N03,,,,,,,23.766144,86.414618
2026-07-19 17:00:00,N03,-0.2543,0.005354,5.55,210.4189,0.013419,35.2,23.766144,86.414618
2026-07-19 18:00:00,N03,-0.619,0.00858,5.2,210.4321,0.012955,33.2,23.766144,86.414618
2026-07-19 19:00:00,N03,-0.3093,0.006731,6.36,210.4449,0.013165,31.3,23.766144,86.414618
2026-07-19 20:00:00,N03,-0.5655,0.006369,4.01,210.4585,0.013228,29.5,23.766144,86.414618
2026-07-19 21:00:00,N03,-0.6476,0.006066,5.77,210.4713,0.013098,27.9,23.766144,86.414618
2026-07-19 22:00:00,N03,-0.5876,0.005395,7.12,210.4847,0.013227,26.7,23.766144,86.414618
2026-07-19 23:00:00,N03,-0.4175,0.00816,9.25,210.4978,0.013515,26.0,23.766144,86.414618
2026-07-20 00:00:00,N03,-0.481,0.007772,7.83,210.5117,0.013377,22.1,23.766144,86.414618
2026-07-20 01:00:00,N03,-0.5656,0.006113,8.79,210.5245,0.012943,22.4,23.766144,86.414618
2026-07-20 02:00:00,N03,-0.5464,0.0077,7.53,210.5376,0.012832,23.1,23.766144,86.414618
2026-07-20 03:00:00,N03,-0.6749,0.007319,6.47,210.5502,0.012992,24.3,23.766144,86.414618
2026-07-20 04:00:00,N03,-0.9545,0.005615,8.9,210.5636,0.01276,25.9,23.766144,86.414618
2026-07-20 05:00:00,N03,-0.4357,0.007997,9.97,210.5757,0.012659,27.7,23.766144,86.414618
2026-07-20 06:00:00,N03,,,,,,,23.766144,86.414618
2026-07-20 07:00:00,N03,-0.5781,0.771276,43.5,210.5897,0.006903,31.6,23.766144,86.414618
2026-07-20 08:00:00,N03,-0.7229,0.8074,16.37,210.6027,0.019423,33.4,23.766144,86.414618
2026-07-20 09:00:00,N03,-0.6772,0.007519,9.2,210.6285,0.019462,34.9,23.766144,86.414618
2026-07-20 10:00:00,N03,-0.6641,0.005664,7.6,210.6416,0.00776,36.1,23.766144,86.414618
2026-07-20 11:00:00,N03,-0.3405,0.872336,20.55,210.644,0.007672,36.9,23.766144,86.414618
2026-07-20 12:00:00,N03,-0.5645,0.53653,45.93,210.657,0.018146,37.1,23.766144,86.414618
2026-07-20 13:00:00,N03,-0.6037,0.006219,3.13,210.6803,0.018066,36.9,23.766144,86.414618
2026-07-20 14:00:00,N03,-0.4194,0.005455,1.59,210.6931,0.022676,36.1,23.766144,86.414618
2026-07-20 15:00:00,N03,-0.394,0.790849,16.29,210.7257,0.022974,34.9,23.766144,86.414618
2026-07-20 16:00:00,N03,-0.4344,0.614895,38.17,210.739,0.003158,33.4,23.766144,86.414618
2026-07-20 17:00:00,N03,-0.5931,0.006406,3.39,210.732,0.002611,31.6,23.766144,86.414618
2026-07-20 18:00:00,N03,-0.3768,0.007327,8.3,210.7443,0.012561,29.6,23.766144,86.414618
2026-07-20 19:00:00,N03,-0.5712,0.007177,1.42,210.7571,0.012676,27.7,23.766144,86.414618
2026-07-20 20:00:00,N03,-0.4565,0.006185,1.35,210.7696,0.012956,25.9,23.766144,86.414618
2026-07-20 21:00:00,N03,-0.6721,0.006536,7.08,210.783,0.013102,24.3,23.766144,86.414618
2026-07-20 22:00:00,N03,-0.3054,0.006937,4.9,210.7958,0.013047,23.1,23.766144,86.414618
2026-07-20 23:00:00,N03,-0.6707,0.006251,4.71,210.8091,0.013264,22.4,23.766144,86.414618
2026-07-21 00:00:00,N03,-0.8596,0.006682,7.31,210.8223,0.013043,27.4,23.766144,86.414618
2026-07-21 01:00:00,N03,-0.3919,0.007334,3.3,210.8352,0.012849,27.7,23.766144,86.414618
2026-07-21 02:00:00,N03,-0.5768,0.008168,3.69,210.848,0.012913,28.4,23.766144,86.414618
2026-07-21 03:00:00,N03,-0.4267,0.007212,3.5,210.861,0.013107,29.6,23.766144,86.414618
2026-07-21 04:00:00,N03,-0.6577,0.006027,7.26,210.8743,0.012751,31.2,23.766144,86.414618
2026-07-21 05:00:00,N03,-0.634,0.005105,5.91,210.8865,0.012617,33.0,23.766144,86.414618
2026-07-21 06:00:00,N03,-0.6299,0.005082,3.25,210.8995,0.013115,34.9,23.766144,86.414618
2026-07-21 07:00:00,N03,-0.549,0.00511,1.21,210.9128,0.012927,36.9,23.766144,86.414618
2026-07-21 08:00:00,N03,,,,,,,23.766144,86.414618
2026-07-21 09:00:00,N03,,,,,,,23.766144,86.414618
2026-07-21 10:00:00,N03,,,,,,,23.766144,86.414618
2026-07-21 11:00:00,N03,,,,,,,23.766144,86.414618
2026-07-21 12:00:00,N03,,,,,,,23.766144,86.414618
2026-07-21 13:00:00,N03,-0.4986,0.981367,47.35,210.9745,0.017052,42.2,23.766144,86.414618
2026-07-21 14:00:00,N03,-0.5304,0.876651,25.27,210.9948,0.03045,41.4,23.766144,86.414618
2026-07-21 15:00:00,N03,-0.5533,0.577711,32.51,211.0354,0.017732,40.2,23.766144,86.414618
2026-07-21 16:00:00,N03,-0.5471,0.005475,9.55,211.0303,0.003927,38.7,23.766144,86.414618
2026-07-21 17:00:00,N03,-0.423,0.005926,3.36,211.0433,0.012509,36.9,23.766144,86.414618
2026-07-21 18:00:00,N03,,,,,,,23.766144,86.414618
2026-07-21 19:00:00,N03,,,,,,,23.766144,86.414618
2026-07-21 20:00:00,N03,,,,,,,23.766144,86.414618
2026-07-21 21:00:00,N03,,,,,,,23.766144,86.414618
2026-07-21 22:00:00,N03,,,,,,,23.766144,86.414618
2026-07-21 23:00:00,N03,-0.2915,0.005357,6.95,211.1207,0.013024,27.7,23.766144,86.414618
2026-07-22 00:00:00,N03,-0.2862,0.005916,3.91,211.1339,0.013389,25.7,23.766144,86.414618
2026-07-22 01:00:00,N03,-0.3783,0.00647,2.11,211.1475,0.013728,26.0,23.766144,86.414618
2026-07-22 02:00:00,N03,-0.7461,0.007703,8.94,211.1613,0.013419,26.7,23.766144,86.414618
2026-07-22 03:00:00,N03,-0.5127,0.006665,7.88,211.1743,0.012785,27.9,23.766144,86.414618
2026-07-22 04:00:00,N03,-0.5359,0.005806,4.16,211.1869,0.0127,29.5,23.766144,86.414618
2026-07-22 05:00:00,N03,-0.6002,0.005246,3.26,211.1997,0.016702,31.3,23.766144,86.414618
2026-07-22 06:00:00,N03,-0.5714,0.714145,18.76,211.2203,0.012871,33.2,23.766144,86.414618
2026-07-22 07:00:00,N03,-0.6294,0.0082,5.3,211.2255,0.00891,35.2,23.766144,86.414618
2026-07-22 08:00:00,N03,-0.3709,0.006403,2.65,211.2381,0.012672,37.0,23.766144,86.414618
2026-07-22 09:00:00,N03,-0.5897,0.005668,9.65,211.2508,0.012718,38.5,23.766144,86.414618
2026-07-22 10:00:00,N03,,,,,,,23.766144,86.414618
2026-07-22 11:00:00,N03,,,,,,,23.766144,86.414618
2026-07-22 12:00:00,N03,,,,,,,23.766144,86.414618
2026-07-22 13:00:00,N03,,,,,,,23.766144,86.414618
2026-07-22 14:00:00,N03,,,,,,,23.766144,86.414618
2026-07-22 15:00:00,N03,-0.5588,0.005654,4.96,211.3292,0.00745,38.5,23.766144,86.414618
2026-07-22 16:00:00,N03,-0.3067,0.005119,3.36,211.3413,0.012495,37.0,23.766144,86.414618
2026-07-22 17:00:00,N03,-0.4348,0.005446,6.94,211.3542,0.013077,35.2,23.766144,86.414618
2026-07-22 18:00:00,N03,-0.578,0.008784,5.85,211.3675,0.012975,33.2,23.766144,86.414618
2026-07-22 19:00:00,N03,-0.3495,0.005288,1.08,211.3801,0.01307,31.3,23.766144,86.414618
2026-07-22 20:00:00,N03,,,,,,,23.766144,86.414618
2026-07-22 21:00:00,N03,,,,,,,23.766144,86.414618
2026-07-22 22:00:00,N03,,,,,,,23.766144,86.414618
2026-07-22 23:00:00,N03,-0.4034,0.00598,9.92,211.4303,0.013123,26.0,23.766144,86.414618
2026-07-23 00:00:00,N03,-0.9593,0.00791,3.98,211.4434,0.012789,26.8,23.766144,86.414618
2026-07-23 01:00:00,N03,-0.3127,0.005137,3.63,211.4559,0.013186,27.0,23.766144,86.414618
2026-07-23 02:00:00,N03,-0.4625,0.006002,6.71,211.4697,0.013365,27.8,23.766144,86.414618
2026-07-23 03:00:00,N03,-0.4089,0.005681,3.97,211.4826,0.012642,29.0,23.766144,86.414618
2026-07-23 04:00:00,N03,-0.5966,0.007149,3.58,211.495,0.012583,30.5,23.766144,86.414618
2026-07-23 05:00:00,N03,-0.5144,0.005466,1.68,211.5078,0.017218,32.4,23.766144,86.414618
2026-07-23 06:00:00,N03,,,,,,,23.766144,86.414618
2026-07-23 07:00:00,N03,-0.6423,0.619324,40.76,211.543,0.003018,36.2,23.766144,86.414618
2026-07-23 08:00:00,N03,-0.5735,0.709763,42.85,211.5355,0.00252,38.0,23.766144,86.414618
2026-07-23 09:00:00,N03,-0.5873,0.684534,38.84,211.548,0.018291,39.6,23.766144,86.414618
2026-07-23 10:00:00,N03,-0.4726,0.008783,4.83,211.5721,0.01855,40.8,23.766144,86.414618
2026-07-23 11:00:00,N03,-0.4118,0.009902,2.75,211.5851,0.012977,41.5,23.766144,86.414618
2026-07-23 12:00:00,N03,-0.5958,0.00522,3.59,211.598,0.012776,41.8,23.766144,86.414618
2026-07-23 13:00:00,N03,-0.4677,0.005825,7.24,211.6107,0.012802,41.5,23.766144,86.414618
2026-07-23 14:00:00,N03,-0.5618,0.007841,1.71,211.6236,0.012655,40.8,23.766144,86.414618
2026-07-23 15:00:00,N03,-0.449,0.009048,5.92,211.636,0.012764,39.6,23.766144,86.414618
2026-07-23 16:00:00,N03,-0.3719,0.006396,2.05,211.6491,0.012725,38.0,23.766144,86.414618
2026-07-23 17:00:00,N03,,,,,,,23.766144,86.414618
2026-07-23 18:00:00,N03,,,,,,,23.766144,86.414618
2026-07-23 19:00:00,N03,,,,,,,23.766144,86.414618
2026-07-23 20:00:00,N03,,,,,,,23.766144,86.414618
2026-07-23 21:00:00,N03,,,,,,,23.766144,86.414618
2026-07-23 22:00:00,N03,-0.4204,0.007111,2.55,211.7258,0.012334,27.8,23.766144,86.414618
2026-07-23 23:00:00,N03,-0.552,0.005731,4.82,211.738,0.012782,27.0,23.766144,86.414618
2026-07-24 00:00:00,N03,-0.5318,0.008199,9.3,211.7514,0.013416,25.3,23.766144,86.414618
2026-07-24 01:00:00,N03,-0.4092,0.005695,2.06,211.7649,0.013391,25.5,23.766144,86.414618
2026-07-24 02:00:00,N03,-0.6005,0.006609,1.97,211.7781,0.013223,26.3,23.766144,86.414618
2026-07-24 03:00:00,N03,-0.5564,0.007037,5.03,211.7913,0.013067,27.5,23.766144,86.414618
2026-07-24 04:00:00,N03,-0.5762,0.0058,7.57,211.8043,0.012508,29.0,23.766144,86.414618
2026-07-24 05:00:00,N03,,,,,,,23.766144,86.414618
2026-07-24 06:00:00,N03,,,,,,,23.766144,86.414618
2026-07-24 07:00:00,N03,,,,,,,23.766144,86.414618
2026-07-24 08:00:00,N03,,,,,,,23.766144,86.414618
2026-07-24 09:00:00,N03,,,,,,,23.766144,86.414618
2026-07-24 10:00:00,N03,,,,,,,23.766144,86.414618
2026-07-24 11:00:00,N03,,,,,,,23.766144,86.414618
2026-07-24 12:00:00,N03,,,,,,,23.766144,86.414618
2026-07-24 13:00:00,N03,-0.7739,0.00898,6.14,211.9202,0.007379,40.0,23.766144,86.414618
2026-07-24 14:00:00,N03,-0.4584,0.979256,32.74,211.9224,0.007826,39.3,23.766144,86.414618
2026-07-24 15:00:00,N03,,,,,,,23.766144,86.414618
2026-07-24 16:00:00,N03,,,,,,,23.766144,86.414618
2026-07-24 17:00:00,N03,,,,,,,23.766144,86.414618
2026-07-24 18:00:00,N03,,,,,,,23.766144,86.414618
2026-07-24 19:00:00,N03,,,,,,,23.766144,86.414618
2026-07-24 20:00:00,N03,-0.6243,0.006376,4.06,212.0113,0.013108,29.0,23.766144,86.414618
2026-07-24 21:00:00,N03,-0.1711,0.006223,4.88,212.025,0.013429,27.5,23.766144,86.414618
2026-07-24 22:00:00,N03,-0.7974,0.007235,5.51,212.0382,0.013455,26.3,23.766144,86.414618
2026-07-24 23:00:00,N03,,,,,,,23.766144,86.414618
2026-07-25 00:00:00,N03,,,,,,,23.766144,86.414618
2026-07-25 01:00:00,N03,,,,,,,23.766144,86.414618
2026-07-25 02:00:00,N03,,,,,,,23.766144,86.414618
2026-07-25 03:00:00,N03,,,,,,,23.766144,86.414618
2026-07-25 04:00:00,N03,,,,,,,23.766144,86.414618
2026-07-25 05:00:00,N03,,,,,,,23.766144,86.414618
2026-07-25 06:00:00,N03,,,,,,,23.766144,86.414618
2026-07-25 07:00:00,N03,-0.7228,0.00524,1.91,212.1548,0.012842,31.5,23.766144,86.414618
2026-07-25 08:00:00,N03,-0.6095,0.008728,5.21,212.1676,0.013172,33.3,23.766144,86.414618
2026-07-25 09:00:00,N03,-0.4005,0.008502,3.91,212.1812,0.012792,34.9,23.766144,86.414618
2026-07-25 10:00:00,N03,,,,,,,23.766144,86.414618
2026-07-25 11:00:00,N03,,,,,,,23.766144,86.414618
2026-07-25 12:00:00,N03,,,,,,,23.766144,86.414618
2026-07-25 13:00:00,N03,,,,,,,23.766144,86.414618
2026-07-25 14:00:00,N03,-0.575,0.872647,41.72,212.2575,0.012905,36.0,23.766144,86.414618
2026-07-25 15:00:00,N03,,,,,,,23.766144,86.414618
2026-07-25 16:00:00,N03,,,,,,,23.766144,86.414618
2026-07-25 17:00:00,N03,,,,,,,23.766144,86.414618
2026-07-25 18:00:00,N03,-0.8515,0.008498,6.02,212.2968,0.01221,29.6,23.766144,86.414618
2026-07-25 19:00:00,N03,,,,,,,23.766144,86.414618
2026-07-25 20:00:00,N03,,,,,,,23.766144,86.414618
2026-07-25 21:00:00,N03,-0.5085,0.00512,5.15,212.3343,0.01292,24.2,23.766144,86.414618
2026-07-25 22:00:00,N03,-0.5427,0.005207,2.49,212.3475,0.012765,23.1,23.766144,86.414618
2026-07-25 23:00:00,N03,-0.5872,0.00676,5.31,212.3598,0.012484,22.3,23.766144,86.414618
2026-07-26 00:00:00,N03,-0.7425,0.007715,9.61,212.3725,0.012582,23.3,23.766144,86.414618
2026-07-26 01:00:00,N03,-0.6908,0.006822,4.5,212.385,0.012625,23.6,23.766144,86.414618
2026-07-26 02:00:00,N03,-0.6041,0.005354,4.77,212.3977,0.012633,24.3,23.766144,86.414618
2026-07-26 03:00:00,N03,-0.5513,0.008604,3.66,212.4102,0.012606,25.5,23.766144,86.414618
2026-07-26 04:00:00,N03,-0.7075,0.008077,6.12,212.4229,0.012616,27.1,23.766144,86.414618
2026-07-26 05:00:00,N03,-0.7361,0.005199,3.57,212.4355,0.012822,28.9,23.766144,86.414618
2026-07-26 06:00:00,N03,-0.6369,0.008231,6.51,212.4486,0.012881,30.8,23.766144,86.414618
2026-07-26 07:00:00,N03,-0.5902,0.006245,8.73,212.4612,0.010584,32.7,23.766144,86.414618
2026-07-26 08:00:00,N03,-0.514,0.679845,30.27,212.4697,0.010781,34.6,23.766144,86.414618
2026-07-26 09:00:00,N03,-0.4766,0.736271,43.28,212.4828,0.015598,36.1,23.766144,86.414618
2026-07-26 10:00:00,N03,-0.4547,0.006518,6.05,212.5009,0.015547,37.3,23.766144,86.414618
2026-07-26 11:00:00,N03,-0.6597,0.005195,3.33,212.5139,0.013001,38.0,23.766144,86.414618
2026-07-26 12:00:00,N03,-0.3738,0.00863,2.81,212.5269,0.013216,38.3,23.766144,86.414618
2026-07-26 13:00:00,N03,-0.5132,0.005361,6.56,212.5403,0.012892,38.0,23.766144,86.414618
2026-07-26 14:00:00,N03,-0.7026,0.007157,7.78,212.5527,0.012587,37.3,23.766144,86.414618
2026-07-26 15:00:00,N03,-0.6794,0.007762,7.93,212.5655,0.004948,36.1,23.766144,86.414618
2026-07-26 16:00:00,N03,-0.7521,0.949552,27.8,212.5626,0.012461,34.6,23.766144,86.414618
2026-07-26 17:00:00,N03,-0.7411,0.007552,9.24,212.5904,0.020646,32.7,23.766144,86.414618
2026-07-26 18:00:00,N03,-0.8505,0.005755,8.83,212.6039,0.013174,30.8,23.766144,86.414618
2026-07-26 19:00:00,N03,,,,,,,23.766144,86.414618
2026-07-26 20:00:00,N03,-0.6923,0.007855,8.68,212.6289,0.012114,27.1,23.766144,86.414618
2026-07-26 21:00:00,N03,-0.6323,0.007916,5.09,212.641,0.012272,25.5,23.766144,86.414618
2026-07-26 22:00:00,N03,-0.5501,0.006854,2.83,212.6535,0.012527,24.3,23.766144,86.414618
2026-07-26 23:00:00,N03,-0.411,0.007065,3.2,212.6661,0.012357,23.6,23.766144,86.414618
2026-07-27 00:00:00,N03,-0.5522,0.005165,8.3,212.6782,0.01246,28.6,23.766144,86.414618
2026-07-27 01:00:00,N03,-0.9657,0.005337,6.13,212.691,0.01269,28.8,23.766144,86.414618
2026-07-27 02:00:00,N03,,,,,,,23.766144,86.414618
2026-07-27 03:00:00,N03,,,,,,,23.766144,86.414618
2026-07-27 04:00:00,N03,,,,,,,23.766144,86.414618
2026-07-27 05:00:00,N03,-0.2107,0.00511,7.59,212.7405,0.016726,34.1,23.766144,86.414618
2026-07-27 06:00:00,N03,-0.7843,0.55397,45.0,212.7609,0.018743,36.1,23.766144,86.414618
2026-07-27 07:00:00,N03,,,,,,,23.766144,86.414618
2026-07-27 08:00:00,N03,,,,,,,23.766144,86.414618
2026-07-27 09:00:00,N03,-0.3824,0.006874,8.71,212.791,0.012635,41.4,23.766144,86.414618
2026-07-27 10:00:00,N03,-0.5847,0.007834,9.8,212.8039,0.012833,42.6,23.766144,86.414618
2026-07-27 11:00:00,N03,-0.2918,0.005859,9.97,212.8166,0.012456,43.3,23.766144,86.414618
2026-07-27 12:00:00,N03,-0.478,0.005277,8.17,212.8289,0.012878,43.6,23.766144,86.414618
2026-07-27 13:00:00,N03,-0.413,0.006752,8.32,212.8424,0.013037,43.3,23.766144,86.414618
2026-07-27 14:00:00,N03,-0.3908,0.005809,8.59,212.8549,0.012608,42.6,23.766144,86.414618
2026-07-27 15:00:00,N03,,,,,,,23.766144,86.414618
2026-07-27 16:00:00,N03,,,,,,,23.766144,86.414618
2026-07-27 17:00:00,N03,,,,,,,23.766144,86.414618
2026-07-27 18:00:00,N03,,,,,,,23.766144,86.414618
2026-07-27 19:00:00,N03,-0.5863,0.00543,3.07,212.9181,0.012662,34.1,23.766144,86.414618
2026-07-27 20:00:00,N03,-0.4541,0.006353,1.73,212.9305,0.012275,32.3,23.766144,86.414618
2026-07-27 21:00:00,N03,-0.3793,0.008724,3.64,212.9426,0.012429,30.8,23.766144,86.414618
2026-07-27 22:00:00,N03,-0.5364,0.006439,5.46,212.9554,0.013029,29.6,23.766144,86.414618
2026-07-27 23:00:00,N03,-0.4515,0.005631,1.39,212.9687,0.013051,28.8,23.766144,86.414618
2026-07-28 00:00:00,N03,-0.3597,0.011661,8.17,212.9815,0.013045,24.4,23.766144,86.414618
2026-07-28 01:00:00,N03,-0.2023,0.0085,1.85,212.9948,0.013057,24.6,23.766144,86.414618
2026-07-28 02:00:00,N03,-0.4806,0.00647,5.66,213.0076,0.012784,25.4,23.766144,86.414618
2026-07-28 03:00:00,N03,-0.3613,0.005541,9.89,213.0203,0.013121,26.6,23.766144,86.414618
2026-07-28 04:00:00,N03,-0.5837,0.009955,9.93,213.0338,0.013033,28.1,23.766144,86.414618
2026-07-28 05:00:00,N03,-0.7077,0.008244,5.96,213.0464,0.01248,29.9,23.766144,86.414618
2026-07-28 06:00:00,N03,-0.3198,0.006149,9.75,213.0588,0.01234,31.9,23.766144,86.414618
2026-07-28 07:00:00,N03,,,,,,,23.766144,86.414618
2026-07-28 08:00:00,N03,,,,,,,23.766144,86.414618
2026-07-28 09:00:00,N03,,,,,,,23.766144,86.414618
2026-07-28 10:00:00,N03,-0.5622,0.006221,5.43,213.1095,0.012936,38.4,23.766144,86.414618
2026-07-28 11:00:00,N03,-0.6014,0.006666,5.66,213.1229,0.013334,39.1,23.766144,86.414618
2026-07-28 12:00:00,N03,-0.7281,0.006514,3.83,213.1362,0.012807,39.4,23.766144,86.414618
2026-07-28 13:00:00,N03,-0.5841,0.006164,5.23,213.1485,0.016077,39.1,23.766144,86.414618
2026-07-28 14:00:00,N03,-0.5236,0.666432,15.16,213.1684,0.013461,38.4,23.766144,86.414618
2026-07-28 15:00:00,N03,-0.5165,0.824469,22.0,213.1754,0.018912,37.2,23.766144,86.414618
2026-07-28 16:00:00,N03,-0.3069,0.917112,49.23,213.2062,0.01227,35.6,23.766144,86.414618
2026-07-28 17:00:00,N03,-0.5231,0.005467,9.62,213.1999,0.002602,33.8,23.766144,86.414618
2026-07-28 18:00:00,N03,-0.3871,0.00519,9.53,213.2114,0.012275,31.9,23.766144,86.414618
2026-07-28 19:00:00,N03,,,,,,,23.766144,86.414618
2026-07-28 20:00:00,N03,,,,,,,23.766144,86.414618
2026-07-28 21:00:00,N03,,,,,,,23.766144,86.414618
2026-07-28 22:00:00,N03,,,,,,,23.766144,86.414618
2026-07-28 23:00:00,N03,,,,,,,23.766144,86.414618
2026-07-29 00:00:00,N03,-0.5637,0.006533,6.45,213.2882,0.012735,23.5,23.766144,86.414618
2026-07-29 01:00:00,N03,-0.4559,0.006277,6.9,213.3008,0.012546,23.7,23.766144,86.414618
2026-07-29 02:00:00,N03,-0.6114,0.007991,8.07,213.3133,0.013169,24.5,23.766144,86.414618
2026-07-29 03:00:00,N03,-0.7956,0.007028,5.66,213.3272,0.01348,25.7,23.766144,86.414618
2026-07-29 04:00:00,N03,-0.2182,0.00568,9.32,213.3402,0.013037,27.2,23.766144,86.414618
2026-07-29 05:00:00,N03,-0.5709,0.006004,8.66,213.3532,0.01271,29.0,23.766144,86.414618
2026-07-29 06:00:00,N03,,,,,,,23.766144,86.414618
2026-07-29 07:00:00,N03,-0.3581,0.712399,24.04,213.3626,0.01253,32.9,23.766144,86.414618
2026-07-29 08:00:00,N03,,,,,,,23.766144,86.414618
2026-07-29 09:00:00,N03,-0.5968,0.006709,2.92,213.4036,0.012793,36.3,23.766144,86.414618
2026-07-29 10:00:00,N03,-0.6895,0.005566,4.63,213.4163,0.004998,37.4,23.766144,86.414618
2026-07-29 11:00:00,N03,-0.3829,0.776501,27.57,213.4136,0.012595,38.2,23.766144,86.414618
2026-07-29 12:00:00,N03,,,,,,,23.766144,86.414618
2026-07-29 13:00:00,N03,,,,,,,23.766144,86.414618
2026-07-29 14:00:00,N03,,,,,,,23.766144,86.414618
2026-07-29 15:00:00,N03,,,,,,,23.766144,86.414618
2026-07-29 16:00:00,N03,,,,,,,23.766144,86.414618
2026-07-29 17:00:00,N03,-0.6042,0.006795,8.6,213.5061,0.020236,32.9,23.766144,86.414618
2026-07-29 18:00:00,N03,-0.2181,0.005591,6.33,213.5194,0.013191,31.0,23.766144,86.414618
2026-07-29 19:00:00,N03,-0.3496,0.005527,7.97,213.5325,0.012598,29.0,23.766144,86.414618
2026-07-29 20:00:00,N03,-0.7316,0.008718,4.44,213.5446,0.012856,27.2,23.766144,86.414618
2026-07-29 21:00:00,N03,-0.7202,0.010746,7.74,213.5582,0.013107,25.7,23.766144,86.414618
2026-07-29 22:00:00,N03,-0.5034,0.005117,3.91,213.5708,0.012359,24.5,23.766144,86.414618
2026-07-29 23:00:00,N03,,,,,,,23.766144,86.414618
2026-07-30 00:00:00,N03,,,,,,,23.766144,86.414618
2026-07-30 01:00:00,N03,,,,,,,23.766144,86.414618
2026-07-30 02:00:00,N03,,,,,,,23.766144,86.414618
2026-07-30 03:00:00,N03,-0.3,0.007832,1.78,213.635,0.012357,27.3,23.766144,86.414618
2026-07-30 04:00:00,N03,-0.5535,0.006956,4.0,213.6473,0.012373,28.8,23.766144,86.414618
2026-07-30 05:00:00,N03,-0.702,0.005293,8.58,213.6598,0.012578,30.6,23.766144,86.414618
2026-07-30 06:00:00,N03,-0.5465,0.006322,2.13,213.6724,0.012082,32.6,23.766144,86.414618
2026-07-30 07:00:00,N03,-0.5447,0.006199,8.48,213.684,0.011739,34.5,23.766144,86.414618
2026-07-30 08:00:00,N03,,,,,,,23.766144,86.414618
2026-07-30 09:00:00,N03,,,,,,,23.766144,86.414618
2026-07-30 10:00:00,N03,-0.5234,0.006881,7.94,213.7201,0.012272,39.1,23.766144,86.414618
2026-07-30 11:00:00,N03,,,,,,,23.766144,86.414618
2026-07-30 12:00:00,N03,,,,,,,23.766144,86.414618
2026-07-30 13:00:00,N03,,,,,,,23.766144,86.414618
2026-07-30 14:00:00,N03,,,,,,,23.766144,86.414618
2026-07-30 15:00:00,N03,,,,,,,23.766144,86.414618
2026-07-30 16:00:00,N03,-0.3806,0.005102,7.46,213.7952,0.012344,36.3,23.766144,86.414618
2026-07-30 17:00:00,N03,,,,,,,23.766144,86.414618
2026-07-30 18:00:00,N03,,,,,,,23.766144,86.414618
2026-07-30 19:00:00,N03,-0.3734,0.005335,5.07,213.834,0.012481,30.6,23.766144,86.414618
2026-07-30 20:00:00,N03,-0.6539,0.005955,2.99,213.846,0.012485,28.8,23.766144,86.414618
2026-07-30 21:00:00,N03,-0.5483,0.008304,9.66,213.8589,0.012721,27.3,23.766144,86.414618
2026-07-30 22:00:00,N03,-0.9404,0.009438,4.86,213.8715,0.012604,26.1,23.766144,86.414618
2026-07-30 23:00:00,N03,-0.3297,0.006032,1.3,213.8841,0.012864,25.3,23.766144,86.414618
2026-07-31 00:00:00,N03,-0.7977,0.006755,8.51,213.8972,0.012632,25.5,23.766144,86.414618
2026-07-31 01:00:00,N03,-0.5117,0.007065,5.28,213.9094,0.012707,25.7,23.766144,86.414618
2026-07-31 02:00:00,N03,,,,,,,23.766144,86.414618
2026-07-31 03:00:00,N03,,,,,,,23.766144,86.414618
2026-07-31 04:00:00,N03,,,,,,,23.766144,86.414618
2026-07-31 05:00:00,N03,-0.5574,0.006083,6.25,213.9584,0.011815,31.0,23.766144,86.414618
2026-07-31 06:00:00,N03,,,,,,,23.766144,86.414618
2026-07-31 07:00:00,N03,,,,,,,23.766144,86.414618
2026-07-31 08:00:00,N03,,,,,,,23.766144,86.414618
2026-07-31 09:00:00,N03,,,,,,,23.766144,86.414618
2026-07-31 10:00:00,N03,,,,,,,23.766144,86.414618
2026-07-31 11:00:00,N03,-0.3894,0.008026,1.16,214.0326,0.003556,40.2,23.766144,86.414618
2026-07-31 12:00:00,N03,-0.4722,0.007422,1.17,214.0449,0.012082,40.5,23.766144,86.414618
2026-07-31 13:00:00,N03,,,,,,,23.766144,86.414618
2026-07-31 14:00:00,N03,,,,,,,23.766144,86.414618
2026-07-31 15:00:00,N03,,,,,,,23.766144,86.414618
2026-07-31 16:00:00,N03,,,,,,,23.766144,86.414618
2026-07-31 17:00:00,N03,,,,,,,23.766144,86.414618
2026-07-31 18:00:00,N03,-0.4716,0.006226,8.48,214.1192,0.012399,33.0,23.766144,86.414618
2026-07-31 19:00:00,N03,-0.5717,0.005731,3.02,214.1321,0.01244,31.0,23.766144,86.414618
2026-07-31 20:00:00,N03,-0.3134,0.008032,1.61,214.1441,0.011826,29.2,23.766144,86.414618
2026-07-31 21:00:00,N03,-0.4708,0.007203,7.76,214.1558,0.012529,27.7,23.766144,86.414618
2026-07-31 22:00:00,N03,-0.4106,0.00546,1.41,214.1692,0.013046,26.5,23.766144,86.414618
2026-07-31 23:00:00,N03,-0.4636,0.005469,4.2,214.1819,0.012759,25.7,23.766144,86.414618
2026-08-01 00:00:00,N03,-0.5244,0.005179,4.51,214.1947,0.013089,27.7,23.766144,86.414618
2026-08-01 01:00:00,N03,-0.6227,0.008373,8.62,214.2081,0.013173,28.0,23.766144,86.414618
2026-08-01 02:00:00,N03,-0.568,0.007046,2.18,214.221,0.013123,28.7,23.766144,86.414618
2026-08-01 03:00:00,N03,-0.5642,0.007065,8.67,214.2343,0.012794,29.9,23.766144,86.414618
2026-08-01 04:00:00,N03,-0.4176,0.006717,3.88,214.2466,0.012343,31.5,23.766144,86.414618
2026-08-01 05:00:00,N03,-0.4043,0.007234,4.84,214.259,0.01239,33.3,23.766144,86.414618
2026-08-01 06:00:00,N03,-0.3859,0.006574,3.36,214.2714,0.01212,35.2,23.766144,86.414618
2026-08-01 07:00:00,N03,-0.4784,0.005074,9.29,214.2832,0.006562,37.1,23.766144,86.414618
2026-08-01 08:00:00,N03,-0.6083,0.536172,45.71,214.2845,0.006958,39.0,23.766144,86.414618
2026-08-01 09:00:00,N03,-0.1325,0.573641,31.75,214.2971,0.018847,40.5,23.766144,86.414618
2026-08-01 10:00:00,N03,-0.2617,0.005105,3.85,214.3222,0.018491,41.7,23.766144,86.414618
2026-08-01 11:00:00,N03,-0.377,0.005575,8.09,214.3341,0.012082,42.5,23.766144,86.414618
2026-08-01 12:00:00,N03,-0.6172,0.008212,3.71,214.3464,0.012451,42.7,23.766144,86.414618
2026-08-01 13:00:00,N03,-0.5165,0.007723,4.1,214.359,0.01253,42.5,23.766144,86.414618
2026-08-01 14:00:00,N03,-0.5343,0.006909,3.32,214.3714,0.012024,41.7,23.766144,86.414618
2026-08-01 15:00:00,N03,-0.809,0.008813,4.97,214.3831,0.012142,40.5,23.766144,86.414618
2026-08-01 16:00:00,N03,-0.5771,0.008466,8.25,214.3957,0.012721,39.0,23.766144,86.414618
2026-08-01 17:00:00,N03,-0.6108,0.007226,6.21,214.4085,0.013063,37.1,23.766144,86.414618
2026-08-01 18:00:00,N03,-0.8071,0.006387,6.18,214.4218,0.012672,35.2,23.766144,86.414618
2026-08-01 19:00:00,N03,-0.6177,0.005425,8.39,214.4339,0.012336,33.3,23.766144,86.414618
2026-08-01 20:00:00,N03,-0.5711,0.006482,5.49,214.4465,0.012017,31.5,23.766144,86.414618
2026-08-01 21:00:00,N03,-0.876,0.007583,7.43,214.4579,0.011567,29.9,23.766144,86.414618
2026-08-01 22:00:00,N03,-0.5928,0.009249,9.0,214.4697,0.012043,28.7,23.766144,86.414618
2026-08-01 23:00:00,N03,-0.5799,0.005666,5.12,214.482,0.012114,28.0,23.766144,86.414618
2026-08-02 00:00:00,N03,-0.5976,0.005379,4.79,214.4939,0.012152,27.0,23.766144,86.414618
2026-08-02 01:00:00,N03,-0.4662,0.005633,2.58,214.5063,0.012311,27.2,23.766144,86.414618
2026-08-02 02:00:00,N03,,,,,,,23.766144,86.414618
2026-08-02 03:00:00,N03,,,,,,,23.766144,86.414618
2026-08-02 04:00:00,N03,-0.6442,0.005567,9.4,214.5441,0.012951,30.7,23.766144,86.414618
2026-08-02 05:00:00,N03,-0.4698,0.005776,4.47,214.5572,0.013054,32.5,23.766144,86.414618
2026-08-02 06:00:00,N03,-0.299,0.006776,8.02,214.5702,0.012766,34.5,23.766144,86.414618
2026-08-02 07:00:00,N03,-0.5975,0.007349,5.66,214.5827,0.012227,36.4,23.766144,86.414618
2026-08-02 08:00:00,N03,-0.4736,0.005625,9.38,214.5946,0.012223,38.2,23.766144,86.414618
2026-08-02 09:00:00,N03,,,,,,,23.766144,86.414618
2026-08-02 10:00:00,N03,-0.5416,0.00916,2.26,214.62,0.012421,41.0,23.766144,86.414618
2026-08-02 11:00:00,N03,-0.5591,0.005326,6.46,214.632,0.01258,41.7,23.766144,86.414618
2026-08-02 12:00:00,N03,-0.553,0.005505,3.17,214.6451,0.018657,42.0,23.766144,86.414618
2026-08-02 13:00:00,N03,-0.6287,0.828076,33.25,214.6693,0.01481,41.7,23.766144,86.414618
2026-08-02 14:00:00,N03,-0.4402,0.739379,31.05,214.6747,0.009082,41.0,23.766144,86.414618
2026-08-02 15:00:00,N03,-0.6691,0.624559,20.43,214.6875,0.008716,39.8,23.766144,86.414618
2026-08-02 16:00:00,N03,-0.7547,0.007103,8.81,214.6922,0.008667,38.2,23.766144,86.414618
2026-08-02 17:00:00,N03,-0.3143,0.008826,5.81,214.7048,0.012738,36.4,23.766144,86.414618
2026-08-02 18:00:00,N03,-0.4393,0.006472,2.85,214.7177,0.012962,34.5,23.766144,86.414618
2026-08-02 19:00:00,N03,-0.5082,0.00522,5.3,214.7307,0.012854,32.5,23.766144,86.414618
2026-08-02 20:00:00,N03,-0.8907,0.00848,1.6,214.7434,0.012679,30.7,23.766144,86.414618
2026-08-02 21:00:00,N03,-0.7178,0.005798,1.38,214.7561,0.012942,29.2,23.766144,86.414618
2026-08-02 22:00:00,N03,-0.6699,0.005881,3.49,214.7692,0.012902,28.0,23.766144,86.414618
2026-08-02 23:00:00,N03,-0.4415,0.007538,4.55,214.7819,0.012739,27.2,23.766144,86.414618
2026-08-03 00:00:00,N03,-0.4802,0.005674,5.4,214.7947,0.01266,21.7,23.766144,86.414618
2026-08-03 01:00:00,N03,-0.4432,0.005219,5.75,214.8072,0.012544,21.9,23.766144,86.414618
2026-08-03 02:00:00,N03,-0.3908,0.006683,3.66,214.8198,0.012013,22.7,23.766144,86.414618
2026-08-03 03:00:00,N03,,,,,,,23.766144,86.414618
2026-08-03 04:00:00,N03,,,,,,,23.766144,86.414618
2026-08-03 05:00:00,N03,,,,,,,23.766144,86.414618
2026-08-03 06:00:00,N03,,,,,,,23.766144,86.414618
2026-08-03 07:00:00,N03,-0.7052,0.007143,1.37,214.8832,0.012867,31.1,23.766144,86.414618
2026-08-03 08:00:00,N03,-0.443,0.005466,6.53,214.8965,0.012818,32.9,23.766144,86.414618
2026-08-03 09:00:00,N03,-0.4918,0.006921,8.48,214.9088,0.012237,34.5,23.766144,86.414618
2026-08-03 10:00:00,N03,-0.6624,0.008451,4.14,214.921,0.012269,35.6,23.766144,86.414618
2026-08-03 11:00:00,N03,-0.5159,0.007648,4.11,214.9334,0.012268,36.4,23.766144,86.414618
2026-08-03 12:00:00,N03,-0.8647,0.005503,8.15,214.9455,0.003956,36.7,23.766144,86.414618
2026-08-03 13:00:00,N03,-0.6747,0.608715,34.18,214.9413,0.011946,36.4,23.766144,86.414618
2026-08-03 14:00:00,N03,-0.4367,0.005945,7.88,214.9694,0.020372,35.6,23.766144,86.414618
2026-08-03 15:00:00,N03,-0.3562,0.005369,4.5,214.982,0.006782,34.5,23.766144,86.414618
2026-08-03 16:00:00,N03,-0.6504,0.992013,40.58,214.983,0.006795,32.9,23.766144,86.414618
2026-08-03 17:00:00,N03,-0.5587,0.639899,20.9,214.9956,0.018158,31.1,23.766144,86.414618
2026-08-03 18:00:00,N03,-0.7938,0.005456,5.36,215.0193,0.018339,29.2,23.766144,86.414618
2026-08-03 19:00:00,N03,-0.7511,0.005316,2.82,215.0323,0.012546,27.2,23.766144,86.414618
2026-08-03 20:00:00,N03,-0.2502,0.006463,3.9,215.0444,0.011849,25.4,23.766144,86.414618
2026-08-03 21:00:00,N03,-0.5306,0.005701,7.64,215.056,0.0116,23.9,23.766144,86.414618
2026-08-03 22:00:00,N03,,,,,,,23.766144,86.414618
2026-08-03 23:00:00,N03,,,,,,,23.766144,86.414618
2026-08-04 00:00:00,N03,,,,,,,23.766144,86.414618
2026-08-04 01:00:00,N03,,,,,,,23.766144,86.414618
2026-08-04 02:00:00,N03,,,,,,,23.766144,86.414618
2026-08-04 03:00:00,N03,,,,,,,23.766144,86.414618
2026-08-04 04:00:00,N03,-0.6446,0.005979,3.8,215.1417,0.01197,30.5,23.766144,86.414618
2026-08-04 05:00:00,N03,,,,,,,23.766144,86.414618
2026-08-04 06:00:00,N03,,,,,,,23.766144,86.414618
2026-08-04 07:00:00,N03,,,,,,,23.766144,86.414618
2026-08-04 08:00:00,N03,-0.4355,0.007741,2.95,215.1906,0.00888,38.0,23.766144,86.414618
2026-08-04 09:00:00,N03,-0.4959,0.831737,29.87,215.1962,0.009557,39.6,23.766144,86.414618
2026-08-04 10:00:00,N03,-0.8805,0.889675,19.91,215.2097,0.016105,40.8,23.766144,86.414618
2026-08-04 11:00:00,N03,-0.3848,0.007024,8.87,215.2284,0.015451,41.5,23.766144,86.414618
2026-08-04 12:00:00,N03,-0.6416,0.005156,5.12,215.2406,0.012073,41.8,23.766144,86.414618
2026-08-04 13:00:00,N03,,,,,,,23.766144,86.414618
2026-08-04 14:00:00,N03,,,,,,,23.766144,86.414618
2026-08-04 15:00:00,N03,-0.5309,0.764938,37.9,215.2612,0.015485,39.6,23.766144,86.414618
2026-08-04 16:00:00,N03,-0.3632,0.006456,8.28,215.2903,0.020394,38.0,23.766144,86.414618
2026-08-04 17:00:00,N03,-0.6622,0.00608,6.43,215.302,0.011771,36.2,23.766144,86.414618
2026-08-04 18:00:00,N03,-0.4559,0.005097,9.24,215.3139,0.012252,34.3,23.766144,86.414618
2026-08-04 19:00:00,N03,-0.3786,0.006851,9.14,215.3265,0.012701,32.3,23.766144,86.414618
2026-08-04 20:00:00,N03,-0.4177,0.007334,2.78,215.3393,0.012288,30.5,23.766144,86.414618
2026-08-04 21:00:00,N03,-0.4438,0.005718,6.97,215.351,0.011829,29.0,23.766144,86.414618
2026-08-04 22:00:00,N03,-0.5327,0.006547,3.7,215.3629,0.011668,27.8,23.766144,86.414618
2026-08-04 23:00:00,N03,-0.5133,0.006506,7.58,215.3744,0.012364,27.0,23.766144,86.414618
2026-08-05 00:00:00,N03,-0.7292,0.0065,1.74,215.3877,0.012935,25.0,23.766144,86.414618
2026-08-05 01:00:00,N03,-0.5819,0.008217,5.37,215.4002,0.012152,25.3,23.766144,86.414618
2026-08-05 02:00:00,N03,-0.5651,0.006852,9.15,215.412,0.012064,26.0,23.766144,86.414618
2026-08-05 03:00:00,N03,,,,,,,23.766144,86.414618
2026-08-05 04:00:00,N03,-0.4687,0.007701,1.43,215.4362,0.012156,28.8,23.766144,86.414618
2026-08-05 05:00:00,N03,-0.3018,0.006064,1.37,215.4487,0.012188,30.6,23.766144,86.414618
2026-08-05 06:00:00,N03,-0.5067,0.008488,1.56,215.4606,0.012026,32.5,23.766144,86.414618
2026-08-05 07:00:00,N03,-0.3489,0.009821,4.74,215.4727,0.012026,34.5,23.766144,86.414618
2026-08-05 08:00:00,N03,-0.6305,0.005208,7.17,215.4847,0.011417,36.3,23.766144,86.414618
2026-08-05 09:00:00,N03,-0.4784,0.00744,7.7,215.4956,0.005435,37.8,23.766144,86.414618
2026-08-05 10:00:00,N03,-0.574,0.899843,38.35,215.4955,0.001692,39.0,23.766144,86.414618
2026-08-05 11:00:00,N03,-0.3476,0.519438,17.13,215.499,0.014567,39.8,23.766144,86.414618
2026-08-05 12:00:00,N03,-0.5306,0.880703,39.58,215.5247,0.023288,40.0,23.766144,86.414618
2026-08-05 13:00:00,N03,-0.4063,0.006146,8.14,215.5455,0.016372,39.8,23.766144,86.414618
2026-08-05 14:00:00,N03,-0.274,0.005355,4.97,215.5574,0.011941,39.0,23.766144,86.414618
2026-08-05 15:00:00,N03,-0.3089,0.007949,6.31,215.5694,0.012193,37.8,23.766144,86.414618
2026-08-05 16:00:00,N03,-0.4203,0.006556,7.2,215.5818,0.012023,36.3,23.766144,86.414618
2026-08-05 17:00:00,N03,,,,,,,23.766144,86.414618
2026-08-05 18:00:00,N03,-0.6994,0.005279,4.13,215.6062,0.012402,32.5,23.766144,86.414618
2026-08-05 19:00:00,N03,-0.8498,0.006414,9.27,215.6183,0.012231,30.6,23.766144,86.414618
2026-08-05 20:00:00,N03,-0.4915,0.005125,8.5,215.6306,0.012218,28.8,23.766144,86.414618
2026-08-05 21:00:00,N03,-0.652,0.0071,9.18,215.6427,0.012138,27.2,23.766144,86.414618
2026-08-05 22:00:00,N03,-0.5113,0.005926,1.33,215.6549,0.012135,26.0,23.766144,86.414618
2026-08-05 23:00:00,N03,-0.2885,0.00625,7.17,215.667,0.012047,25.3,23.766144,86.414618
2026-08-06 00:00:00,N03,-0.5684,0.005088,9.01,215.679,0.012171,25.5,23.766144,86.414618
2026-08-06 01:00:00,N03,-0.5691,0.006332,4.23,215.6913,0.01175,25.8,23.766144,86.414618
2026-08-06 02:00:00,N03,-0.6879,0.005819,3.03,215.7025,0.011878,26.5,23.766144,86.414618
2026-08-06 03:00:00,N03,,,,,,,23.766144,86.414618
2026-08-06 04:00:00,N03,,,,,,,23.766144,86.414618
2026-08-06 05:00:00,N03,-0.2444,0.00519,1.36,215.7393,0.012299,31.1,23.766144,86.414618
2026-08-06 06:00:00,N03,,,,,,,23.766144,86.414618
2026-08-06 07:00:00,N03,-0.51,0.613502,28.86,215.7807,0.020404,35.0,23.766144,86.414618
2026-08-06 08:00:00,N03,-0.3957,0.620081,38.3,215.7925,0.0038,36.8,23.766144,86.414618
2026-08-06 09:00:00,N03,-0.2421,0.006757,4.55,215.7883,0.003942,38.3,23.766144,86.414618
2026-08-06 10:00:00,N03,-0.6659,0.005244,7.98,215.8004,0.012228,39.5,23.766144,86.414618
2026-08-06 11:00:00,N03,-0.7293,0.007168,9.24,215.8127,0.012071,40.3,23.766144,86.414618
2026-08-06 12:00:00,N03,-0.6589,0.005634,4.29,215.8245,0.012312,40.5,23.766144,86.414618
2026-08-06 13:00:00,N03,,,,,,,23.766144,86.414618
2026-08-06 14:00:00,N03,,,,,,,23.766144,86.414618
2026-08-06 15:00:00,N03,,,,,,,23.766144,86.414618
2026-08-06 16:00:00,N03,-0.7704,0.007012,7.99,215.8731,0.002257,36.8,23.766144,86.414618
2026-08-06 17:00:00,N03,-0.6016,0.005425,8.51,215.8849,0.011862,35.0,23.766144,86.414618
2026-08-06 18:00:00,N03,-0.5024,0.006079,2.03,215.8968,0.011843,33.0,23.766144,86.414618
2026-08-06 19:00:00,N03,-0.3468,0.0088,3.15,215.9086,0.012088,31.1,23.766144,86.414618
2026-08-06 20:00:00,N03,-0.5451,0.00748,5.9,215.921,0.012306,29.3,23.766144,86.414618
2026-08-06 21:00:00,N03,-0.4202,0.005625,3.71,215.9332,0.01281,27.7,23.766144,86.414618
2026-08-06 22:00:00,N03,-0.534,0.007702,2.81,215.9466,0.013118,26.5,23.766144,86.414618
2026-08-06 23:00:00,N03,-0.4382,0.007091,7.5,215.9595,0.012223,25.8,23.766144,86.414618
2026-08-07 00:00:00,N03,-0.4272,0.005993,5.83,215.9711,0.011914,22.0,23.766144,86.414618
2026-08-07 01:00:00,N03,-0.4864,0.00565,9.68,215.9833,0.012445,22.3,23.766144,86.414618
2026-08-07 02:00:00,N03,-0.3427,0.005714,4.32,215.9959,0.012644,23.0,23.766144,86.414618
2026-08-07 03:00:00,N03,,,,,,,23.766144,86.414618
2026-08-07 04:00:00,N03,,,,,,,23.766144,86.414618
2026-08-07 05:00:00,N03,,,,,,,23.766144,86.414618
2026-08-07 06:00:00,N03,,,,,,,23.766144,86.414618
2026-08-07 07:00:00,N03,,,,,,,23.766144,86.414618
2026-08-07 08:00:00,N03,-0.4429,0.00793,8.79,216.0682,0.011757,33.2,23.766144,86.414618
2026-08-07 09:00:00,N03,-0.4497,0.00526,2.72,216.0796,0.011511,34.8,23.766144,86.414618
2026-08-07 10:00:00,N03,-0.5072,0.005362,2.03,216.0912,0.012027,36.0,23.766144,86.414618
2026-08-07 11:00:00,N03,-0.3166,0.006211,1.47,216.1036,0.012816,36.7,23.766144,86.414618
2026-08-07 12:00:00,N03,-0.3306,0.005785,3.75,216.1168,0.012846,37.0,23.766144,86.414618
2026-08-07 13:00:00,N03,-0.4885,0.00614,4.85,216.1293,0.012123,36.7,23.766144,86.414618
2026-08-07 14:00:00,N03,-0.5029,0.006683,5.73,216.1411,0.01191,36.0,23.766144,86.414618
2026-08-07 15:00:00,N03,-0.5252,0.005594,4.46,216.1531,0.012262,34.8,23.766144,86.414618
2026-08-07 16:00:00,N03,,,,,,,23.766144,86.414618
2026-08-07 17:00:00,N03,,,,,,,23.766144,86.414618
2026-08-07 18:00:00,N03,-0.3527,0.005214,6.54,216.1889,0.011302,29.5,23.766144,86.414618
2026-08-07 19:00:00,N03,-0.6047,0.009381,4.27,216.2009,0.012103,27.6,23.766144,86.414618
2026-08-07 20:00:00,N03,0.0106,0.008296,8.24,216.2131,0.011821,25.7,23.766144,86.414618
2026-08-07 21:00:00,N03,-0.3994,0.005529,1.74,216.2246,0.011564,24.2,23.766144,86.414618
2026-08-07 22:00:00,N03,,,,,,,23.766144,86.414618
2026-08-07 23:00:00,N03,,,,,,,23.766144,86.414618
2026-08-08 00:00:00,N03,-0.5004,0.007116,7.03,216.2591,0.011929,26.0,23.766144,86.414618
2026-08-08 01:00:00,N03,,,,,,,23.766144,86.414618
2026-08-08 02:00:00,N03,,,,,,,23.766144,86.414618
2026-08-08 03:00:00,N03,,,,,,,23.766144,86.414618
2026-08-08 04:00:00,N03,,,,,,,23.766144,86.414618
2026-08-08 05:00:00,N03,-0.4481,0.005843,9.29,216.3197,0.011816,31.5,23.766144,86.414618
2026-08-08 06:00:00,N03,-0.4983,0.005345,2.79,216.3311,0.020352,33.5,23.766144,86.414618
2026-08-08 07:00:00,N03,-0.7277,0.899256,44.69,216.3604,0.012151,35.4,23.766144,86.414618
2026-08-08 08:00:00,N03,-0.6705,0.00874,6.74,216.3554,0.003607,37.2,23.766144,86.414618
2026-08-08 09:00:00,N03,-0.5512,0.006533,6.9,216.3676,0.012071,38.8,23.766144,86.414618
2026-08-08 10:00:00,N03,,,,,,,23.766144,86.414618
2026-08-08 11:00:00,N03,,,,,,,23.766144,86.414618
2026-08-08 12:00:00,N03,-0.5278,0.005674,1.68,216.4033,0.011373,41.0,23.766144,86.414618
2026-08-08 13:00:00,N03,-0.3781,0.007192,1.76,216.4143,0.011286,40.7,23.766144,86.414618
2026-08-08 14:00:00,N03,-0.7152,0.008923,4.17,216.4258,0.011893,39.9,23.766144,86.414618
2026-08-08 15:00:00,N03,,,,,,,23.766144,86.414618
2026-08-08 16:00:00,N03,,,,,,,23.766144,86.414618
2026-08-08 17:00:00,N03,,,,,,,23.766144,86.414618
2026-08-08 18:00:00,N03,-0.5919,0.006699,6.54,216.4738,0.008693,33.5,23.766144,86.414618
2026-08-08 19:00:00,N03,-0.7409,0.006498,2.53,216.4853,0.011409,31.5,23.766144,86.414618
2026-08-08 20:00:00,N03,-0.2502,0.008359,6.22,216.4966,0.01186,29.7,23.766144,86.414618
2026-08-08 21:00:00,N03,-0.6744,0.010074,4.93,216.509,0.012283,28.1,23.766144,86.414618
2026-08-08 22:00:00,N03,-0.423,0.005662,4.08,216.5212,0.012118,27.0,23.766144,86.414618
2026-08-08 23:00:00,N03,-0.1929,0.00524,4.9,216.5333,0.011902,26.2,23.766144,86.414618
2026-08-09 00:00:00,N03,,,,,,,23.766144,86.414618
2026-08-09 01:00:00,N03,,,,,,,23.766144,86.414618
2026-08-09 02:00:00,N03,,,,,,,23.766144,86.414618
2026-08-09 03:00:00,N03,,,,,,,23.766144,86.414618
2026-08-09 04:00:00,N03,,,,,,,23.766144,86.414618
2026-08-09 05:00:00,N03,-0.6031,0.006217,7.24,216.6061,0.002494,32.3,23.766144,86.414618
2026-08-09 06:00:00,N03,,,,,,,23.766144,86.414618
2026-08-09 07:00:00,N03,,,,,,,23.766144,86.414618
2026-08-09 08:00:00,N03,-0.3618,0.005168,1.39,216.6401,0.0202,38.0,23.766144,86.414618
2026-08-09 09:00:00,N03,-0.5686,0.00892,5.6,216.6515,0.011947,39.5,23.766144,86.414618
2026-08-09 10:00:00,N03,-0.4563,0.007829,3.76,216.664,0.012401,40.7,23.766144,86.414618
2026-08-09 11:00:00,N03,-0.3386,0.006683,4.99,216.6763,0.011831,41.5,23.766144,86.414618
2026-08-09 12:00:00,N03,-0.456,0.009387,4.05,216.6877,0.011741,41.7,23.766144,86.414618
2026-08-09 13:00:00,N03,-0.7865,0.00665,2.46,216.6997,0.012175,41.5,23.766144,86.414618
2026-08-09 14:00:00,N03,-0.2105,0.006576,2.85,216.712,0.012238,40.7,23.766144,86.414618
2026-08-09 15:00:00,N03,-0.9792,0.005771,9.16,216.7242,0.011914,39.5,23.766144,86.414618
2026-08-09 16:00:00,N03,-0.5883,0.005347,8.74,216.7359,0.011963,38.0,23.766144,86.414618
2026-08-09 17:00:00,N03,,,,,,,23.766144,86.414618
2026-08-09 18:00:00,N03,,,,,,,23.766144,86.414618
2026-08-09 19:00:00,N03,,,,,,,23.766144,86.414618
2026-08-09 20:00:00,N03,,,,,,,23.766144,86.414618
2026-08-09 21:00:00,N03,-0.6085,0.00527,4.23,216.7951,0.011743,28.9,23.766144,86.414618
2026-08-09 22:00:00,N03,,,,,,,23.766144,86.414618
2026-08-09 23:00:00,N03,,,,,,,23.766144,86.414618
2026-08-10 00:00:00,N03,-0.5811,0.005223,5.03,216.8302,0.011377,29.2,23.766144,86.414618
2026-08-10 01:00:00,N03,-0.5028,0.006452,9.9,216.8412,0.011175,29.5,23.766144,86.414618
2026-08-10 02:00:00,N03,-0.395,0.006322,4.2,216.8525,0.011507,30.2,23.766144,86.414618
2026-08-10 03:00:00,N03,-0.6478,0.005122,2.78,216.8642,0.011435,31.4,23.766144,86.414618
2026-08-10 04:00:00,N03,-0.5125,0.009187,8.36,216.8754,0.01184,33.0,23.766144,86.414618
2026-08-10 05:00:00,N03,-0.5341,0.007663,5.11,216.8879,0.012099,34.8,23.766144,86.414618
2026-08-10 06:00:00,N03,-0.7927,0.008181,6.13,216.8996,0.012194,36.7,23.766144,86.414618
2026-08-10 07:00:00,N03,-0.2938,0.005987,4.8,216.9123,0.012229,38.6,23.766144,86.414618
2026-08-10 08:00:00,N03,-0.2404,0.00626,2.28,216.9241,0.011919,40.5,23.766144,86.414618
2026-08-10 09:00:00,N03,-0.4074,0.007262,6.54,216.9361,0.019312,42.0,23.766144,86.414618
2026-08-10 10:00:00,N03,-0.5361,0.581239,16.09,216.9627,0.012017,43.2,23.766144,86.414618
2026-08-10 11:00:00,N03,-0.5659,0.005735,1.34,216.9602,0.004841,43.9,23.766144,86.414618
2026-08-10 12:00:00,N03,-0.6312,0.005601,5.35,216.9724,0.012235,44.2,23.766144,86.414618
2026-08-10 13:00:00,N03,-0.577,0.008182,2.22,216.9846,0.011987,43.9,23.766144,86.414618
2026-08-10 14:00:00,N03,-0.674,0.006798,9.27,216.9963,0.01191,43.2,23.766144,86.414618
2026-08-10 15:00:00,N03,-0.6815,0.007285,7.04,217.0084,0.012034,42.0,23.766144,86.414618
2026-08-10 16:00:00,N03,,,,,,,23.766144,86.414618
2026-08-10 17:00:00,N03,,,,,,,23.766144,86.414618
2026-08-10 18:00:00,N03,,,,,,,23.766144,86.414618
2026-08-10 19:00:00,N03,,,,,,,23.766144,86.414618
2026-08-10 20:00:00,N03,,,,,,,23.766144,86.414618
2026-08-10 21:00:00,N03,-0.6114,0.005964,8.32,217.0807,0.01125,31.4,23.766144,86.414618
2026-08-10 22:00:00,N03,-0.7361,0.006093,5.79,217.0921,0.011631,30.2,23.766144,86.414618
2026-08-10 23:00:00,N03,-0.5025,0.006945,2.78,217.1039,0.011782,29.5,23.766144,86.414618
2026-08-11 00:00:00,N03,-0.7402,0.006728,1.45,217.1157,0.011921,25.5,23.766144,86.414618
2026-08-11 01:00:00,N03,-0.5771,0.008879,4.89,217.1278,0.012197,25.8,23.766144,86.414618
2026-08-11 02:00:00,N03,-0.396,0.00612,7.79,217.1401,0.012251,26.5,23.766144,86.414618
2026-08-11 03:00:00,N03,-0.4957,0.008636,5.61,217.1523,0.012146,27.7,23.766144,86.414618
2026-08-11 04:00:00,N03,-0.6413,0.005466,1.09,217.1644,0.011686,29.3,23.766144,86.414618
2026-08-11 05:00:00,N03,-0.5805,0.005073,7.34,217.1757,0.011702,31.1,23.766144,86.414618
2026-08-11 06:00:00,N03,-0.3842,0.007319,8.71,217.1878,0.012482,33.0,23.766144,86.414618
2026-08-11 07:00:00,N03,-0.6977,0.007151,6.84,217.2006,0.012284,35.0,23.766144,86.414618
2026-08-11 08:00:00,N03,,,,,,,23.766144,86.414618
2026-08-11 09:00:00,N03,,,,,,,23.766144,86.414618
2026-08-11 10:00:00,N03,,,,,,,23.766144,86.414618
2026-08-11 11:00:00,N03,,,,,,,23.766144,86.414618
2026-08-11 12:00:00,N03,-0.5721,0.815929,32.37,217.2555,0.011818,40.5,23.766144,86.414618
2026-08-11 13:00:00,N03,-0.5395,0.005137,4.3,217.2724,0.014221,40.3,23.766144,86.414618
2026-08-11 14:00:00,N03,-0.5375,0.008429,2.45,217.2839,0.011921,39.5,23.766144,86.414618
2026-08-11 15:00:00,N03,-0.4524,0.006156,3.25,217.2962,0.012167,38.3,23.766144,86.414618
2026-08-11 16:00:00,N03,-0.6115,0.00542,7.0,217.3083,0.011923,36.8,23.766144,86.414618
2026-08-11 17:00:00,N03,-0.2748,0.005138,3.67,217.3201,0.011894,35.0,23.766144,86.414618
2026-08-11 18:00:00,N03,-0.3499,0.006798,7.97,217.332,0.01206,33.0,23.766144,86.414618
2026-08-11 19:00:00,N03,-0.4618,0.009571,5.0,217.3442,0.012402,31.1,23.766144,86.414618
2026-08-11 20:00:00,N03,-0.6252,0.005772,3.68,217.3569,0.01228,29.3,23.766144,86.414618
2026-08-11 21:00:00,N03,-0.379,0.007549,2.71,217.3688,0.011707,27.7,23.766144,86.414618
2026-08-11 22:00:00,N03,,,,,,,23.766144,86.414618
2026-08-11 23:00:00,N03,,,,,,,23.766144,86.414618
2026-08-12 00:00:00,N03,,,,,,,23.766144,86.414618
2026-08-12 01:00:00,N03,-0.6395,0.008096,2.44,217.4161,0.011332,22.9,23.766144,86.414618
2026-08-12 02:00:00,N03,,,,,,,23.766144,86.414618
2026-08-12 03:00:00,N03,,,,,,,23.766144,86.414618
2026-08-12 04:00:00,N03,,,,,,,23.766144,86.414618
2026-08-12 05:00:00,N03,,,,,,,23.766144,86.414618
2026-08-12 06:00:00,N03,,,,,,,23.766144,86.414618
2026-08-12 07:00:00,N03,,,,,,,23.766144,86.414618
2026-08-12 08:00:00,N03,,,,,,,23.766144,86.414618
2026-08-12 09:00:00,N03,,,,,,,23.766144,86.414618
2026-08-12 10:00:00,N03,,,,,,,23.766144,86.414618
2026-08-12 11:00:00,N03,-0.6849,0.007661,7.42,217.5354,0.012127,37.4,23.766144,86.414618
2026-08-12 12:00:00,N03,-0.4567,0.005164,6.24,217.5477,0.011849,37.7,23.766144,86.414618
2026-08-12 13:00:00,N03,-0.5117,0.005181,3.04,217.5591,0.011599,37.4,23.766144,86.414618
2026-08-12 14:00:00,N03,,,,,,,23.766144,86.414618
2026-08-12 15:00:00,N03,,,,,,,23.766144,86.414618
2026-08-12 16:00:00,N03,,,,,,,23.766144,86.414618
2026-08-12 17:00:00,N03,,,,,,,23.766144,86.414618
2026-08-12 18:00:00,N03,-0.4364,0.005571,5.66,217.6173,0.011929,30.2,23.766144,86.414618
2026-08-12 19:00:00,N03,-0.439,0.006257,6.01,217.6296,0.011724,28.2,23.766144,86.414618
2026-08-12 20:00:00,N03,-0.5218,0.005547,2.75,217.6408,0.011562,26.4,23.766144,86.414618
2026-08-12 21:00:00,N03,-0.7014,0.005379,4.21,217.6528,0.012133,24.9,23.766144,86.414618
2026-08-12 22:00:00,N03,-0.5657,0.006111,2.55,217.665,0.011394,23.7,23.766144,86.414618
2026-08-12 23:00:00,N03,-0.6044,0.006681,9.49,217.6756,0.011019,22.9,23.766144,86.414618
2026-08-13 00:00:00,N03,,,,,,,23.766144,86.414618
2026-08-13 01:00:00,N03,,,,,,,23.766144,86.414618
2026-08-13 02:00:00,N03,,,,,,,23.766144,86.414618
2026-08-13 03:00:00,N03,,,,,,,23.766144,86.414618
2026-08-13 04:00:00,N03,,,,,,,23.766144,86.414618
2026-08-13 05:00:00,N03,-0.4926,0.008174,7.23,217.744,0.011589,30.9,23.766144,86.414618
2026-08-13 06:00:00,N03,-0.6447,0.00693,6.82,217.756,0.012025,32.9,23.766144,86.414618
2026-08-13 07:00:00,N03,-0.4332,0.007837,2.8,217.7681,0.012011,34.8,23.766144,86.414618
2026-08-13 08:00:00,N03,-0.4291,0.006776,6.5,217.78,0.011701,36.6,23.766144,86.414618
2026-08-13 09:00:00,N03,-0.6381,0.007509,2.64,217.7915,0.008576,38.2,23.766144,86.414618
2026-08-13 10:00:00,N03,-0.6046,0.630939,22.99,217.7972,0.008462,39.4,23.766144,86.414618
2026-08-13 11:00:00,N03,-0.6633,0.876354,28.9,217.8084,0.014761,40.1,23.766144,86.414618
2026-08-13 12:00:00,N03,-0.7299,0.007287,1.42,217.8267,0.015193,40.4,23.766144,86.414618
2026-08-13 13:00:00,N03,-0.318,0.005914,1.22,217.8388,0.011845,40.1,23.766144,86.414618
2026-08-13 14:00:00,N03,-0.6435,0.006081,8.94,217.8504,0.012045,39.4,23.766144,86.414618
2026-08-13 15:00:00,N03,,,,,,,23.766144,86.414618
2026-08-13 16:00:00,N03,,,,,,,23.766144,86.414618
2026-08-13 17:00:00,N03,,,,,,,23.766144,86.414618
2026-08-13 18:00:00,N03,,,,,,,23.766144,86.414618
2026-08-13 19:00:00,N03,-0.8085,0.009488,8.15,217.9101,0.011491,30.9,23.766144,86.414618
2026-08-13 20:00:00,N03,-0.4679,0.005433,8.21,217.9209,0.011105,29.1,23.766144,86.414618
2026-08-13 21:00:00,N03,-0.5598,0.008099,1.59,217.9323,0.011765,27.6,23.766144,86.414618
2026-08-13 22:00:00,N03,-0.4923,0.006747,6.79,217.9445,0.012009,26.4,23.766144,86.414618
2026-08-13 23:00:00,N03,-0.5101,0.005755,6.88,217.9563,0.011349,25.6,23.766144,86.414618
2026-08-14 00:00:00,N03,-0.5364,0.005082,7.99,217.9672,0.011345,25.8,23.766144,86.414618
2026-08-14 01:00:00,N03,-0.3889,0.007859,5.45,217.979,0.012232,26.1,23.766144,86.414618
2026-08-14 02:00:00,N03,-1.0278,0.008191,1.88,217.9916,0.011567,26.8,23.766144,86.414618
2026-08-14 03:00:00,N03,-0.7949,0.008159,1.89,218.0021,0.010975,28.0,23.766144,86.414618
2026-08-14 04:00:00,N03,-0.3424,0.006305,9.7,218.0136,0.012075,29.6,23.766144,86.414618
2026-08-14 05:00:00,N03,-0.4078,0.005495,3.11,218.0263,0.012258,31.4,23.766144,86.414618
2026-08-14 06:00:00,N03,-0.5079,0.007478,6.81,218.0381,0.011605,33.3,23.766144,86.414618
2026-08-14 07:00:00,N03,-0.6754,0.007355,9.33,218.0495,0.011475,35.2,23.766144,86.414618
2026-08-14 08:00:00,N03,-0.5097,0.007747,2.42,218.061,0.011494,37.1,23.766144,86.414618
2026-08-14 09:00:00,N03,-0.267,0.007116,7.47,218.0725,0.011142,38.6,23.766144,86.414618
2026-08-14 10:00:00,N03,-0.2796,0.005584,4.28,218.0833,0.011616,39.8,23.766144,86.414618
2026-08-14 11:00:00,N03,-0.2104,0.006662,7.99,218.0957,0.011845,40.5,23.766144,86.414618
2026-08-14 12:00:00,N03,-0.5593,0.007914,3.98,218.107,0.002731,40.8,23.766144,86.414618
2026-08-14 13:00:00,N03,-0.8618,0.664063,15.99,218.1012,0.01174,40.5,23.766144,86.414618
2026-08-14 14:00:00,N03,-0.6461,0.005533,3.72,218.1305,0.020694,39.8,23.766144,86.414618
2026-08-14 15:00:00,N03,-0.4664,0.005474,3.01,218.1425,0.011763,38.6,23.766144,86.414618
2026-08-14 16:00:00,N03,,,,,,,23.766144,86.414618
2026-08-14 17:00:00,N03,-0.504,0.005491,8.21,218.165,0.0111,35.2,23.766144,86.414618
2026-08-14 18:00:00,N03,-0.3203,0.007159,6.61,218.1762,0.011294,33.3,23.766144,86.414618
2026-08-14 19:00:00,N03,-0.7005,0.006375,2.07,218.1876,0.011302,31.4,23.766144,86.414618
2026-08-14 20:00:00,N03,-0.582,0.00696,1.84,218.1988,0.011145,29.6,23.766144,86.414618
2026-08-14 21:00:00,N03,-0.6385,0.008529,6.19,218.2099,0.011536,28.0,23.766144,86.414618
2026-08-14 22:00:00,N03,-0.5025,0.007505,5.88,218.2219,0.011383,26.8,23.766144,86.414618
2026-08-14 23:00:00,N03,,,,,,,23.766144,86.414618
2026-08-15 00:00:00,N03,,,,,,,23.766144,86.414618
2026-08-15 01:00:00,N03,-0.4799,0.008614,6.17,218.2556,0.011706,24.4,23.766144,86.414618
2026-08-15 02:00:00,N03,-0.3385,0.005841,9.84,218.2673,0.011826,25.2,23.766144,86.414618
2026-08-15 03:00:00,N03,-0.5007,0.006008,1.12,218.2793,0.011331,26.4,23.766144,86.414618
2026-08-15 04:00:00,N03,-0.6026,0.006299,4.11,218.29,0.011039,27.9,23.766144,86.414618
2026-08-15 05:00:00,N03,-0.6972,0.00551,7.89,218.3014,0.011488,29.7,23.766144,86.414618
2026-08-15 06:00:00,N03,-0.637,0.006626,5.12,218.3129,0.011675,31.7,23.766144,86.414618
2026-08-15 07:00:00,N03,-0.3616,0.005782,4.79,218.3247,0.011976,33.6,23.766144,86.414618
2026-08-15 08:00:00,N03,-0.7406,0.008556,5.41,218.3369,0.011584,35.4,23.766144,86.414618
2026-08-15 09:00:00,N03,-0.7043,0.007723,4.08,218.3479,0.011204,37.0,23.766144,86.414618
2026-08-15 10:00:00,N03,-0.6559,0.006065,1.97,218.3593,0.011686,38.2,23.766144,86.414618
2026-08-15 11:00:00,N03,,,,,,,23.766144,86.414618
2026-08-15 12:00:00,N03,-0.4338,0.547917,27.73,218.3721,0.011539,39.2,23.766144,86.414618
2026-08-15 13:00:00,N03,-0.4207,0.005754,2.33,218.3943,0.017001,38.9,23.766144,86.414618
2026-08-15 14:00:00,N03,-0.529,0.005518,9.1,218.4061,0.011861,38.2,23.766144,86.414618
2026-08-15 15:00:00,N03,-0.4963,0.006964,9.31,218.418,0.012008,37.0,23.766144,86.414618
2026-08-15 16:00:00,N03,-0.5142,0.005624,9.74,218.4301,0.006989,35.4,23.766144,86.414618
2026-08-15 17:00:00,N03,-0.4772,0.620526,22.71,218.432,0.006866,33.6,23.766144,86.414618
2026-08-15 18:00:00,N03,-0.6731,0.882911,34.1,218.4438,0.015777,31.7,23.766144,86.414618
2026-08-15 19:00:00,N03,-0.5818,0.007024,7.27,218.4636,0.015658,29.7,23.766144,86.414618
2026-08-15 20:00:00,N03,,,,,,,23.766144,86.414618
2026-08-15 21:00:00,N03,,,,,,,23.766144,86.414618
2026-08-15 22:00:00,N03,-0.5169,0.006242,4.88,218.5002,0.012238,25.2,23.766144,86.414618
2026-08-15 23:00:00,N03,-0.2592,0.006032,4.67,218.5123,0.011838,24.4,23.766144,86.414618
2026-08-16 00:00:00,N03,,,,,,,23.766144,86.414618
2026-08-16 01:00:00,N03,,,,,,,23.766144,86.414618
2026-08-16 02:00:00,N03,,,,,,,23.766144,86.414618
2026-08-16 03:00:00,N03,,,,,,,23.766144,86.414618
2026-08-16 04:00:00,N03,,,,,,,23.766144,86.414618
2026-08-16 05:00:00,N03,-0.6291,0.006059,9.83,218.5814,0.010593,33.0,23.766144,86.414618
2026-08-16 06:00:00,N03,-0.387,0.006445,3.17,218.5918,0.020166,34.9,23.766144,86.414618
2026-08-16 07:00:00,N03,-0.5696,0.906739,48.64,218.6217,0.020966,36.8,23.766144,86.414618
2026-08-16 08:00:00,N03,-0.5995,0.979787,39.21,218.6337,0.003317,38.7,23.766144,86.414618
2026-08-16 09:00:00,N03,-0.7002,0.005265,8.52,218.6284,0.003228,40.2,23.766144,86.414618
2026-08-16 10:00:00,N03,-0.5758,0.005141,3.81,218.6402,0.011768,41.4,23.766144,86.414618
2026-08-16 11:00:00,N03,,,,,,,23.766144,86.414618
2026-08-16 12:00:00,N03,,,,,,,23.766144,86.414618
2026-08-16 13:00:00,N03,,,,,,,23.766144,86.414618
2026-08-16 14:00:00,N03,,,,,,,23.766144,86.414618
2026-08-16 15:00:00,N03,,,,,,,23.766144,86.414618
2026-08-16 16:00:00,N03,-0.4878,0.542474,21.05,218.7172,0.000684,38.7,23.766144,86.414618
2026-08-16 17:00:00,N03,-0.4638,0.009472,4.93,218.723,0.008581,36.8,23.766144,86.414618
2026-08-16 18:00:00,N03,-0.2335,0.007118,9.67,218.7344,0.011327,34.9,23.766144,86.414618
2026-08-16 19:00:00,N03,-0.2522,0.006552,3.96,218.7457,0.011582,33.0,23.766144,86.414618
2026-08-16 20:00:00,N03,-0.5483,0.005276,6.24,218.7575,0.011516,31.2,23.766144,86.414618
2026-08-16 21:00:00,N03,-0.6111,0.005961,6.03,218.7687,0.011235,29.6,23.766144,86.414618
2026-08-16 22:00:00,N03,-0.7027,0.005685,4.57,218.78,0.011196,28.4,23.766144,86.414618
2026-08-16 23:00:00,N03,-0.6811,0.007258,2.3,218.7911,0.011176,27.7,23.766144,86.414618
2026-08-17 00:00:00,N03,-0.6584,0.005133,4.16,218.8024,0.011321,23.6,23.766144,86.414618
2026-08-17 01:00:00,N03,-0.7413,0.006075,3.71,218.8138,0.011615,23.9,23.766144,86.414618
2026-08-17 02:00:00,N03,-0.5601,0.006359,7.78,218.8256,0.011581,24.6,23.766144,86.414618
2026-08-17 03:00:00,N03,-0.4137,0.005807,8.14,218.8369,0.011455,25.8,23.766144,86.414618
2026-08-17 04:00:00,N03,-0.6747,0.005266,8.21,218.8485,0.011324,27.4,23.766144,86.414618
2026-08-17 05:00:00,N03,-0.657,0.005673,5.26,218.8596,0.011319,29.2,23.766144,86.414618
2026-08-17 06:00:00,N03,-0.5693,0.005941,1.22,218.8711,0.011701,31.1,23.766144,86.414618
2026-08-17 07:00:00,N03,,,,,,,23.766144,86.414618
2026-08-17 08:00:00,N03,-0.5559,0.00639,8.91,218.8944,0.014729,34.9,23.766144,86.414618
2026-08-17 09:00:00,N03,-0.5006,0.957212,36.43,218.9124,0.012019,36.4,23.766144,86.414618
2026-08-17 10:00:00,N03,-0.2644,0.006001,4.24,218.9184,0.008731,37.6,23.766144,86.414618
2026-08-17 11:00:00,N03,,,,,,,23.766144,86.414618
2026-08-17 12:00:00,N03,,,,,,,23.766144,86.414618
2026-08-17 13:00:00,N03,,,,,,,23.766144,86.414618
2026-08-17 14:00:00,N03,,,,,,,23.766144,86.414618
2026-08-17 15:00:00,N03,,,,,,,23.766144,86.414618
2026-08-17 16:00:00,N03,-0.6794,0.008453,5.44,218.9872,0.018664,34.9,23.766144,86.414618
2026-08-17 17:00:00,N03,-0.4497,0.826014,44.63,219.0132,0.011381,33.1,23.766144,86.414618
2026-08-17 18:00:00,N03,-0.6172,0.0082,7.87,219.0099,0.003713,31.1,23.766144,86.414618
2026-08-17 19:00:00,N03,-0.2188,0.007078,7.48,219.0206,0.011152,29.2,23.766144,86.414618
2026-08-17 20:00:00,N03,-0.5864,0.006027,6.07,219.0322,0.011482,27.4,23.766144,86.414618
2026-08-17 21:00:00,N03,-0.7935,0.005236,7.95,219.0436,0.01156,25.8,23.766144,86.414618
2026-08-17 22:00:00,N03,-0.5663,0.006217,5.53,219.0553,0.011262,24.6,23.766144,86.414618
2026-08-17 23:00:00,N03,-0.6537,0.005972,7.08,219.0661,0.010969,23.9,23.766144,86.414618
2026-08-18 00:00:00,N03,,,,,,,23.766144,86.414618
2026-08-18 01:00:00,N03,,,,,,,23.766144,86.414618
2026-08-18 02:00:00,N03,,,,,,,23.766144,86.414618
2026-08-18 03:00:00,N03,,,,,,,23.766144,86.414618
2026-08-18 04:00:00,N03,,,,,,,23.766144,86.414618
2026-08-18 05:00:00,N03,,,,,,,23.766144,86.414618
2026-08-18 06:00:00,N03,,,,,,,23.766144,86.414618
2026-08-18 07:00:00,N03,,,,,,,23.766144,86.414618
2026-08-18 08:00:00,N03,-0.7949,0.007465,2.6,219.1683,0.004553,36.0,23.766144,86.414618
2026-08-18 09:00:00,N03,-0.605,0.005093,6.94,219.1795,0.011529,37.6,23.766144,86.414618
2026-08-18 10:00:00,N03,-0.7489,0.006506,2.53,219.1914,0.011777,38.8,23.766144,86.414618
2026-08-18 11:00:00,N03,-0.6835,0.006175,8.4,219.203,0.011542,39.5,23.766144,86.414618
2026-08-18 12:00:00,N03,-0.7322,0.005173,3.61,219.2145,0.008434,39.8,23.766144,86.414618
2026-08-18 13:00:00,N03,-0.5541,0.721557,16.78,219.2199,0.008629,39.5,23.766144,86.414618
2026-08-18 14:00:00,N03,-0.3585,0.641344,22.23,219.2317,0.015079,38.8,23.766144,86.414618
2026-08-18 15:00:00,N03,-0.3339,0.007162,2.51,219.25,0.015656,37.6,23.766144,86.414618
2026-08-18 16:00:00,N03,-0.5904,0.00576,8.19,219.263,0.012644,36.0,23.766144,86.414618
2026-08-18 17:00:00,N03,-0.6158,0.006779,9.17,219.2753,0.012364,34.2,23.766144,86.414618
2026-08-18 18:00:00,N03,,,,,,,23.766144,86.414618
2026-08-18 19:00:00,N03,-0.3488,0.005916,6.15,219.3,0.011544,30.3,23.766144,86.414618
2026-08-18 20:00:00,N03,-0.3636,0.005097,9.21,219.3109,0.011321,28.5,23.766144,86.414618
2026-08-18 21:00:00,N03,-0.5391,0.006048,1.64,219.3226,0.01165,27.0,23.766144,86.414618
2026-08-18 22:00:00,N03,-0.3267,0.008593,5.14,219.3342,0.01169,25.8,23.766144,86.414618
2026-08-18 23:00:00,N03,-0.4656,0.006775,2.25,219.346,0.011807,25.0,23.766144,86.414618
2026-08-19 00:00:00,N03,-0.5672,0.005589,9.86,219.3578,0.011967,22.1,23.766144,86.414618
2026-08-19 01:00:00,N03,-0.4485,0.006525,6.35,219.3699,0.011446,22.3,23.766144,86.414618
2026-08-19 02:00:00,N03,-0.4007,0.005542,2.84,219.3807,0.011409,23.1,23.766144,86.414618
2026-08-19 03:00:00,N03,-0.3932,0.00663,3.8,219.3927,0.011975,24.3,23.766144,86.414618
2026-08-19 04:00:00,N03,-0.5446,0.005813,4.0,219.4046,0.011779,25.8,23.766144,86.414618
2026-08-19 05:00:00,N03,-0.5954,0.007408,5.43,219.4163,0.011464,27.6,23.766144,86.414618
2026-08-19 06:00:00,N03,-0.6981,0.00723,8.19,219.4275,0.01108,29.6,23.766144,86.414618
2026-08-19 07:00:00,N03,-0.5135,0.007641,9.38,219.4385,0.011072,31.5,23.766144,86.414618
2026-08-19 08:00:00,N03,-0.6444,0.007144,3.19,219.4497,0.005536,33.3,23.766144,86.414618
2026-08-19 09:00:00,N03,-0.5682,0.845309,39.2,219.4495,0.011982,34.9,23.766144,86.414618
2026-08-19 10:00:00,N03,-0.4645,0.007647,4.54,219.4736,0.017897,36.1,23.766144,86.414618
2026-08-19 11:00:00,N03,,,,,,,23.766144,86.414618
2026-08-19 12:00:00,N03,-0.4861,0.009228,9.24,219.4971,0.011928,37.1,23.766144,86.414618
2026-08-19 13:00:00,N03,,,,,,,23.766144,86.414618
2026-08-19 14:00:00,N03,,,,,,,23.766144,86.414618
2026-08-19 15:00:00,N03,,,,,,,23.766144,86.414618
2026-08-19 16:00:00,N03,,,,,,,23.766144,86.414618
2026-08-19 17:00:00,N03,,,,,,,23.766144,86.414618
2026-08-19 18:00:00,N03,-0.4256,0.007471,8.73,219.5673,0.012203,29.6,23.766144,86.414618
2026-08-19 19:00:00,N03,-0.6156,0.0088,2.27,219.5796,0.011428,27.6,23.766144,86.414618
2026-08-19 20:00:00,N03,,,,,,,23.766144,86.414618
2026-08-19 21:00:00,N03,,,,,,,23.766144,86.414618
2026-08-19 22:00:00,N03,,,,,,,23.766144,86.414618
2026-08-19 23:00:00,N03,,,,,,,23.766144,86.414618
2026-08-20 00:00:00,N03,-0.4614,0.006429,1.28,219.6361,0.01125,22.3,23.766144,86.414618
2026-08-20 01:00:00,N03,-0.56,0.006826,8.0,219.6472,0.010922,22.6,23.766144,86.414618
2026-08-20 02:00:00,N03,-0.5055,0.006754,6.76,219.6579,0.01084,23.3,23.766144,86.414618
2026-08-20 03:00:00,N03,,,,,,,23.766144,86.414618
2026-08-20 04:00:00,N03,,,,,,,23.766144,86.414618
2026-08-20 05:00:00,N03,,,,,,,23.766144,86.414618
2026-08-20 06:00:00,N03,-0.5617,0.005848,5.65,219.7049,0.019343,29.8,23.766144,86.414618
2026-08-20 07:00:00,N03,-0.5741,0.622111,48.08,219.7316,0.01895,31.8,23.766144,86.414618
2026-08-20 08:00:00,N03,-0.5134,0.823901,15.47,219.7428,0.003685,33.6,23.766144,86.414618
2026-08-20 09:00:00,N03,-0.5987,0.007001,8.65,219.739,0.003771,35.1,23.766144,86.414618
2026-08-20 10:00:00,N03,-0.5314,0.007717,8.32,219.7504,0.01165,36.3,23.766144,86.414618
2026-08-20 11:00:00,N03,-0.8117,0.005489,9.62,219.7623,0.011414,37.1,23.766144,86.414618
2026-08-20 12:00:00,N03,-0.5381,0.007204,6.25,219.7732,0.01087,37.3,23.766144,86.414618
2026-08-20 13:00:00,N03,-0.2603,0.00715,7.65,219.784,0.001728,37.1,23.766144,86.414618
2026-08-20 14:00:00,N03,,,,,,,23.766144,86.414618
2026-08-20 15:00:00,N03,,,,,,,23.766144,86.414618
2026-08-20 16:00:00,N03,,,,,,,23.766144,86.414618
2026-08-20 17:00:00,N03,,,,,,,23.766144,86.414618
2026-08-20 18:00:00,N03,,,,,,,23.766144,86.414618
2026-08-20 19:00:00,N03,,,,,,,23.766144,86.414618
2026-08-20 20:00:00,N03,,,,,,,23.766144,86.414618
2026-08-20 21:00:00,N03,,,,,,,23.766144,86.414618
2026-08-20 22:00:00,N03,,,,,,,23.766144,86.414618
2026-08-20 23:00:00,N03,,,,,,,23.766144,86.414618
2026-08-21 00:00:00,N03,,,,,,,23.766144,86.414618
2026-08-21 01:00:00,N03,,,,,,,23.766144,86.414618
2026-08-21 02:00:00,N03,,,,,,,23.766144,86.414618
2026-08-21 03:00:00,N03,-0.5935,0.006658,8.45,219.9429,0.010564,26.8,23.766144,86.414618
2026-08-21 04:00:00,N03,-0.5103,0.005325,8.81,219.9529,0.010987,28.3,23.766144,86.414618
2026-08-21 05:00:00,N03,-0.6653,0.005949,8.98,219.9649,0.003041,30.1,23.766144,86.414618
2026-08-21 06:00:00,N03,-0.5578,0.943692,38.93,219.959,0.011521,32.1,23.766144,86.414618
2026-08-21 07:00:00,N03,-0.5503,0.005742,3.69,219.9879,0.019921,34.0,23.766144,86.414618
2026-08-21 08:00:00,N03,-0.4744,0.005887,5.93,219.9988,0.011201,35.8,23.766144,86.414618
2026-08-21 09:00:00,N03,-0.5507,0.009585,6.74,220.0103,0.011957,37.4,23.766144,86.414618
2026-08-21 10:00:00,N03,-0.6443,0.006949,4.0,220.0227,0.011511,38.6,23.766144,86.414618
2026-08-21 11:00:00,N03,-0.6115,0.005443,9.09,220.0333,0.010849,39.3,23.766144,86.414618
2026-08-21 12:00:00,N03,-0.3919,0.006339,9.58,220.0444,0.010874,39.6,23.766144,86.414618
2026-08-21 13:00:00,N03,-0.429,0.005802,8.94,220.0551,0.011281,39.3,23.766144,86.414618
2026-08-21 14:00:00,N03,-0.6435,0.005579,4.95,220.067,0.011361,38.6,23.766144,86.414618
2026-08-21 15:00:00,N03,,,,,,,23.766144,86.414618
2026-08-21 16:00:00,N03,,,,,,,23.766144,86.414618
2026-08-21 17:00:00,N03,-0.5307,0.00551,9.81,220.0998,0.011223,34.0,23.766144,86.414618
2026-08-21 18:00:00,N03,,,,,,,23.766144,86.414618
2026-08-21 19:00:00,N03,,,,,,,23.766144,86.414618
2026-08-21 20:00:00,N03,,,,,,,23.766144,86.414618
2026-08-21 21:00:00,N03,,,,,,,23.766144,86.414618
2026-08-21 22:00:00,N03,-0.4483,0.006033,1.38,220.1563,0.011181,25.6,23.766144,86.414618
2026-08-21 23:00:00,N03,,,,,,,23.766144,86.414618
2026-08-22 00:00:00,N03,,,,,,,23.766144,86.414618
2026-08-22 01:00:00,N03,,,,,,,23.766144,86.414618
2026-08-22 02:00:00,N03,,,,,,,23.766144,86.414618
2026-08-22 03:00:00,N03,-0.593,0.006794,4.71,220.2133,0.011654,29.3,23.766144,86.414618
2026-08-22 04:00:00,N03,-0.6782,0.006546,2.92,220.225,0.011409,30.8,23.766144,86.414618
2026-08-22 05:00:00,N03,-0.4835,0.006396,2.0,220.2361,0.010981,32.6,23.766144,86.414618
2026-08-22 06:00:00,N03,-0.5551,0.005649,6.91,220.247,0.011125,34.6,23.766144,86.414618
2026-08-22 07:00:00,N03,-0.5164,0.00809,1.06,220.2584,0.011332,36.5,23.766144,86.414618
2026-08-22 08:00:00,N03,,,,,,,23.766144,86.414618
2026-08-22 09:00:00,N03,,,,,,,23.766144,86.414618
2026-08-22 10:00:00,N03,-0.3775,0.006721,6.22,220.2918,0.015252,41.1,23.766144,86.414618
2026-08-22 11:00:00,N03,-0.5355,0.006759,4.36,220.303,0.002773,41.8,23.766144,86.414618
2026-08-22 12:00:00,N03,-0.3041,0.660661,17.98,220.2973,0.011453,42.1,23.766144,86.414618
2026-08-22 13:00:00,N03,-0.734,0.00578,3.91,220.3259,0.019702,41.8,23.766144,86.414618
2026-08-22 14:00:00,N03,-0.7232,0.005608,5.66,220.3367,0.010729,41.1,23.766144,86.414618
2026-08-22 15:00:00,N03,-0.5371,0.006661,6.63,220.3474,0.010894,39.9,23.766144,86.414618
2026-08-22 16:00:00,N03,-0.6322,0.005756,9.3,220.3585,0.01162,38.3,23.766144,86.414618
2026-08-22 17:00:00,N03,-0.6245,0.005412,6.24,220.3706,0.011745,36.5,23.766144,86.414618
2026-08-22 18:00:00,N03,-0.3824,0.00603,3.1,220.382,0.011647,34.6,23.766144,86.414618
2026-08-22 19:00:00,N03,-0.503,0.005203,4.4,220.3939,0.011097,32.6,23.766144,86.414618
2026-08-22 20:00:00,N03,-0.6043,0.006824,8.78,220.4042,0.011069,30.8,23.766144,86.414618
2026-08-22 21:00:00,N03,-0.3904,0.005332,1.36,220.416,0.0111,29.3,23.766144,86.414618
2026-08-22 22:00:00,N03,-0.5337,0.007964,2.51,220.4264,0.010642,28.1,23.766144,86.414618
2026-08-22 23:00:00,N03,-0.586,0.006238,8.15,220.4373,0.011239,27.3,23.766144,86.414618
2026-08-23 00:00:00,N03,-0.5281,0.006902,9.79,220.4489,0.01102,21.8,23.766144,86.414618
2026-08-23 01:00:00,N03,-0.4614,0.006667,4.83,220.4594,0.011325,22.0,23.766144,86.414618
2026-08-23 02:00:00,N03,-0.5653,0.006312,5.08,220.4715,0.011646,22.8,23.766144,86.414618
2026-08-23 03:00:00,N03,-0.6833,0.005429,5.09,220.4826,0.011214,24.0,23.766144,86.414618
2026-08-23 04:00:00,N03,-0.6382,0.005892,5.55,220.494,0.011479,25.5,23.766144,86.414618
2026-08-23 05:00:00,N03,-0.4127,0.006198,2.73,220.5056,0.011553,27.3,23.766144,86.414618
2026-08-23 06:00:00,N03,-0.6315,0.007138,2.18,220.5171,0.011366,29.3,23.766144,86.414618
2026-08-23 07:00:00,N03,-0.507,0.007526,4.4,220.5283,0.020007,31.2,23.766144,86.414618
2026-08-23 08:00:00,N03,,,,,,,23.766144,86.414618
2026-08-23 09:00:00,N03,,,,,,,23.766144,86.414618
2026-08-23 10:00:00,N03,-0.6326,0.006013,3.29,220.5623,0.002251,35.8,23.766144,86.414618
2026-08-23 11:00:00,N03,-0.5849,0.791151,20.56,220.5555,0.002405,36.5,23.766144,86.414618
2026-08-23 12:00:00,N03,-0.7547,0.830081,41.62,220.5671,0.020605,36.8,23.766144,86.414618
2026-08-23 13:00:00,N03,-0.6567,0.006084,1.77,220.5967,0.02041,36.5,23.766144,86.414618
2026-08-23 14:00:00,N03,-0.5373,0.005734,3.79,220.6079,0.011017,35.8,23.766144,86.414618
2026-08-23 15:00:00,N03,-0.3522,0.007458,1.06,220.6188,0.011033,34.6,23.766144,86.414618
2026-08-23 16:00:00,N03,-0.6892,0.006993,7.44,220.63,0.011185,33.0,23.766144,86.414618
2026-08-23 17:00:00,N03,-0.6961,0.007792,5.83,220.6412,0.011675,31.2,23.766144,86.414618
2026-08-23 18:00:00,N03,-0.542,0.006756,1.9,220.6533,0.011639,29.3,23.766144,86.414618
2026-08-23 19:00:00,N03,-0.4759,0.007917,4.51,220.6644,0.011214,27.3,23.766144,86.414618
2026-08-23 20:00:00,N03,-0.5684,0.005771,1.93,220.6757,0.011342,25.5,23.766144,86.414618
2026-08-23 21:00:00,N03,-0.6988,0.00647,4.95,220.6871,0.011499,24.0,23.766144,86.414618
2026-08-23 22:00:00,N03,-0.3443,0.007604,6.56,220.6987,0.011192,22.8,23.766144,86.414618
2026-08-23 23:00:00,N03,-0.5352,0.006187,2.14,220.7095,0.011068,22.0,23.766144,86.414618
2026-08-24 00:00:00,N03,,,,,,,23.766144,86.414618
2026-08-24 01:00:00,N03,-0.6643,0.008543,7.41,220.7327,0.011808,20.0,23.766144,86.414618
2026-08-24 02:00:00,N03,-0.5673,0.005136,1.79,220.7445,0.011507,20.7,23.766144,86.414618
2026-08-24 03:00:00,N03,-0.2868,0.007147,6.41,220.7558,0.010978,21.9,23.766144,86.414618
2026-08-24 04:00:00,N03,-0.3756,0.005169,8.62,220.7664,0.011242,23.5,23.766144,86.414618
2026-08-24 05:00:00,N03,-0.4498,0.005162,9.0,220.7782,0.01189,25.3,23.766144,86.414618
2026-08-24 06:00:00,N03,,,,,,,23.766144,86.414618
2026-08-24 07:00:00,N03,,,,,,,23.766144,86.414618
2026-08-24 08:00:00,N03,,,,,,,23.766144,86.414618
2026-08-24 09:00:00,N03,,,,,,,23.766144,86.414618
2026-08-24 10:00:00,N03,-0.4198,0.006235,2.62,220.8337,0.005411,33.7,23.766144,86.414618
2026-08-24 11:00:00,N03,-0.5109,0.006045,5.6,220.8453,0.017381,34.5,23.766144,86.414618
2026-08-24 12:00:00,N03,-0.3872,0.804013,40.35,220.8685,0.016875,34.7,23.766144,86.414618
2026-08-24 13:00:00,N03,-0.313,0.695533,41.44,220.879,0.00429,34.5,23.766144,86.414618
2026-08-24 14:00:00,N03,-0.6661,0.008253,4.69,220.8771,0.004628,33.7,23.766144,86.414618
2026-08-24 15:00:00,N03,,,,,,,23.766144,86.414618
2026-08-24 16:00:00,N03,,,,,,,23.766144,86.414618
2026-08-24 17:00:00,N03,,,,,,,23.766144,86.414618
2026-08-24 18:00:00,N03,,,,,,,23.766144,86.414618
2026-08-24 19:00:00,N03,,,,,,,23.766144,86.414618
2026-08-24 20:00:00,N03,-0.4507,0.005182,7.77,220.944,0.010897,23.5,23.766144,86.414618
2026-08-24 21:00:00,N03,-0.672,0.007385,6.15,220.9548,0.011129,21.9,23.766144,86.414618
2026-08-24 22:00:00,N03,-0.5661,0.006427,8.5,220.9662,0.011389,20.7,23.766144,86.414618
2026-08-24 23:00:00,N03,-0.7599,0.007911,9.46,220.9775,0.011631,20.0,23.766144,86.414618
2026-08-25 00:00:00,N03,-0.21,0.007767,6.39,220.9895,0.010815,25.5,23.766144,86.414618
2026-08-25 01:00:00,N03,,,,,,,23.766144,86.414618
2026-08-25 02:00:00,N03,,,,,,,23.766144,86.414618
2026-08-25 03:00:00,N03,-0.4872,0.007659,9.32,221.0217,0.011133,27.7,23.766144,86.414618
2026-08-25 04:00:00,N03,-0.4138,0.005192,4.09,221.0328,0.011017,29.3,23.766144,86.414618
2026-08-25 05:00:00,N03,-0.5633,0.006436,8.38,221.0437,0.010721,31.1,23.766144,86.414618
2026-08-25 06:00:00,N03,-0.4178,0.005243,7.88,221.0543,0.002617,33.0,23.766144,86.414618
2026-08-25 07:00:00,N03,-0.3196,0.922992,40.76,221.049,0.010765,35.0,23.766144,86.414618
2026-08-25 08:00:00,N03,-0.7928,0.005324,7.24,221.0758,0.019093,36.8,23.766144,86.414618
2026-08-25 09:00:00,N03,-0.5754,0.00736,3.51,221.0872,0.011295,38.4,23.766144,86.414618
2026-08-25 10:00:00,N03,-0.5009,0.007143,8.44,221.0984,0.011348,39.5,23.766144,86.414618
2026-08-25 11:00:00,N03,-0.5288,0.005121,1.63,221.1099,0.006683,40.3,23.766144,86.414618
2026-08-25 12:00:00,N03,,,,,,,23.766144,86.414618
2026-08-25 13:00:00,N03,,,,,,,23.766144,86.414618
2026-08-25 14:00:00,N03,-0.4573,0.00943,2.92,221.1422,0.010563,39.5,23.766144,86.414618
2026-08-25 15:00:00,N03,-0.5534,0.005446,5.26,221.1529,0.011406,38.4,23.766144,86.414618
2026-08-25 16:00:00,N03,-0.4727,0.00633,9.37,221.165,0.011978,36.8,23.766144,86.414618
2026-08-25 17:00:00,N03,-0.5776,0.005248,2.7,221.1768,0.011402,35.0,23.766144,86.414618
2026-08-25 18:00:00,N03,-0.3866,0.006672,1.75,221.1878,0.011557,33.0,23.766144,86.414618
2026-08-25 19:00:00,N03,-0.7386,0.005795,2.86,221.2,0.011347,31.1,23.766144,86.414618
2026-08-25 20:00:00,N03,-0.6291,0.005589,4.64,221.2105,0.011282,29.3,23.766144,86.414618
2026-08-25 21:00:00,N03,-0.5345,0.009814,7.84,221.2225,0.011592,27.7,23.766144,86.414618
2026-08-25 22:00:00,N03,-0.2915,0.005215,1.52,221.2337,0.011295,26.6,23.766144,86.414618
2026-08-25 23:00:00,N03,,,,,,,23.766144,86.414618
2026-08-26 00:00:00,N03,,,,,,,23.766144,86.414618
2026-08-26 01:00:00,N03,,,,,,,23.766144,86.414618
2026-08-26 02:00:00,N03,,,,,,,23.766144,86.414618
2026-08-26 03:00:00,N03,-0.6196,0.005349,2.37,221.2912,0.011825,26.1,23.766144,86.414618
2026-08-26 04:00:00,N03,-0.5151,0.006153,7.07,221.303,0.011235,27.6,23.766144,86.414618
2026-08-26 05:00:00,N03,-0.6037,0.006587,5.55,221.3136,0.010566,29.4,23.766144,86.414618
2026-08-26 06:00:00,N03,,,,,,,23.766144,86.414618
2026-08-26 07:00:00,N03,-0.7854,0.006123,4.28,221.3349,0.011049,33.3,23.766144,86.414618
2026-08-26 08:00:00,N03,-0.6959,0.005958,4.32,221.3462,0.011055,35.1,23.766144,86.414618
2026-08-26 09:00:00,N03,-0.6848,0.006257,5.09,221.357,0.01055,36.7,23.766144,86.414618
2026-08-26 10:00:00,N03,-0.5869,0.008784,5.42,221.3673,0.01075,37.9,23.766144,86.414618
2026-08-26 11:00:00,N03,-0.3703,0.005925,7.61,221.3785,0.011618,38.6,23.766144,86.414618
2026-08-26 12:00:00,N03,-0.6153,0.005077,6.44,221.3906,0.002982,38.9,23.766144,86.414618
2026-08-26 13:00:00,N03,-0.6402,0.532129,49.79,221.3844,0.011411,38.6,23.766144,86.414618
2026-08-26 14:00:00,N03,-0.3806,0.006303,3.4,221.4134,0.019688,37.9,23.766144,86.414618
2026-08-26 15:00:00,N03,-0.5086,0.006166,1.65,221.4238,0.010977,36.7,23.766144,86.414618
2026-08-26 16:00:00,N03,-0.7202,0.005895,4.38,221.4354,0.011574,35.1,23.766144,86.414618
2026-08-26 17:00:00,N03,-0.8068,0.009829,1.84,221.447,0.01149,33.3,23.766144,86.414618
2026-08-26 18:00:00,N03,,,,,,,23.766144,86.414618
2026-08-26 19:00:00,N03,,,,,,,23.766144,86.414618
2026-08-26 20:00:00,N03,,,,,,,23.766144,86.414618
2026-08-26 21:00:00,N03,-0.6013,0.007401,9.31,221.4931,0.01075,26.1,23.766144,86.414618
2026-08-26 22:00:00,N03,-0.6539,0.009363,7.42,221.5031,0.010243,24.9,23.766144,86.414618
2026-08-26 23:00:00,N03,,,,,,,23.766144,86.414618
2026-08-27 00:00:00,N03,,,,,,,23.766144,86.414618
2026-08-27 01:00:00,N03,,,,,,,23.766144,86.414618
2026-08-27 02:00:00,N03,-0.5723,0.005076,4.01,221.5469,0.010927,27.8,23.766144,86.414618
2026-08-27 03:00:00,N03,,,,,,,23.766144,86.414618
2026-08-27 04:00:00,N03,,,,,,,23.766144,86.414618
2026-08-27 05:00:00,N03,,,,,,,23.766144,86.414618
2026-08-27 06:00:00,N03,,,,,,,23.766144,86.414618
2026-08-27 07:00:00,N03,-0.3891,0.009212,8.26,221.6017,0.011282,36.2,23.766144,86.414618
2026-08-27 08:00:00,N03,-0.7735,0.006345,8.26,221.6125,0.011158,38.0,23.766144,86.414618
2026-08-27 09:00:00,N03,-0.6903,0.005113,8.01,221.624,0.010868,39.6,23.766144,86.414618
2026-08-27 10:00:00,N03,,,,,,,23.766144,86.414618
2026-08-27 11:00:00,N03,,,,,,,23.766144,86.414618
2026-08-27 12:00:00,N03,,,,,,,23.766144,86.414618
2026-08-27 13:00:00,N03,,,,,,,23.766144,86.414618
2026-08-27 14:00:00,N03,,,,,,,23.766144,86.414618
2026-08-27 15:00:00,N03,-0.5691,0.008132,9.92,221.688,0.002048,39.6,23.766144,86.414618
2026-08-27 16:00:00,N03,-0.9085,0.005505,9.35,221.6985,0.010917,38.0,23.766144,86.414618
2026-08-27 17:00:00,N03,-0.5601,0.006421,3.88,221.7099,0.01154,36.2,23.766144,86.414618
2026-08-27 18:00:00,N03,-0.3902,0.006467,7.54,221.7216,0.011171,34.3,23.766144,86.414618
2026-08-27 19:00:00,N03,-0.8412,0.006001,7.7,221.7322,0.010457,32.4,23.766144,86.414618
2026-08-27 20:00:00,N03,-0.6322,0.006914,1.91,221.7425,0.010216,30.5,23.766144,86.414618
2026-08-27 21:00:00,N03,-0.4381,0.007369,1.4,221.7527,0.010253,29.0,23.766144,86.414618
2026-08-27 22:00:00,N03,-0.4844,0.005336,7.48,221.763,0.010963,27.8,23.766144,86.414618
2026-08-27 23:00:00,N03,-0.7233,0.006863,2.26,221.7746,0.011601,27.1,23.766144,86.414618
