timestamp,node_id,tilt_deg,vib_rms,vib_dom_freq_hz,strain_mm,crack_proxy,temp_c,lat,lng
2026-03-01 00:00:00,N07,,,,,,,23.765664,86.419103
2026-03-01 01:00:00,N07,,,,,,,23.765664,86.419103
2026-03-01 02:00:00,N07,-0.0196,0.005327,1.04,-0.0014,0.000265,26.9,23.765664,86.419103
2026-03-01 03:00:00,N07,0.0941,0.005616,2.67,-0.0012,0.000448,28.0,23.765664,86.419103
2026-03-01 04:00:00,N07,0.1662,0.008276,6.84,-0.0023,0.000908,29.6,23.765664,86.419103
2026-03-01 05:00:00,N07,-0.1448,0.005684,4.84,-0.003,0.000226,31.4,23.765664,86.419103
2026-03-01 06:00:00,N07,0.0734,0.005379,5.76,-0.0019,0.000433,33.3,23.765664,86.419103
2026-03-01 07:00:00,N07,0.014,0.005537,7.57,-0.0021,0.000291,35.3,23.765664,86.419103
2026-03-01 08:00:00,N07,0.1651,0.00749,5.07,-0.0025,7e-05,37.1,23.765664,86.419103
2026-03-01 09:00:00,N07,,,,,,,23.765664,86.419103
2026-03-01 10:00:00,N07,,,,,,,23.765664,86.419103
2026-03-01 11:00:00,N07,,,,,,,23.765664,86.419103
2026-03-01 12:00:00,N07,-0.1064,0.005143,6.13,-0.0029,0.000305,40.8,23.765664,86.419103
2026-03-01 13:00:00,N07,-0.1166,0.005132,4.01,-0.0032,0.000309,40.6,23.765664,86.419103
2026-03-01 14:00:00,N07,-0.2244,0.008081,2.69,-0.0035,0.000241,39.8,23.765664,86.419103
2026-03-01 15:00:00,N07,0.2658,0.005581,9.02,-0.0028,0.00027,38.6,23.765664,86.419103
2026-03-01 16:00:00,N07,0.1643,0.006964,6.2,-0.0029,0.000294,37.1,23.765664,86.419103
2026-03-01 17:00:00,N07,-0.0548,0.005086,3.58,-0.0033,0.000473,35.3,23.765664,86.419103
2026-03-01 18:00:00,N07,-0.0483,0.006308,8.34,-0.0039,0.000451,33.3,23.765664,86.419103
2026-03-01 19:00:00,N07,-0.1328,0.007296,5.47,-0.0043,0.000212,31.4,23.765664,86.419103
2026-03-01 20:00:00,N07,-0.1616,0.008335,6.26,-0.0035,0.001059,29.6,23.765664,86.419103
2026-03-01 21:00:00,N07,0.0631,0.005003,4.7,-0.0021,0.000716,28.0,23.765664,86.419103
2026-03-01 22:00:00,N07,0.1528,0.008524,6.66,-0.002,4.4e-05,26.9,23.765664,86.419103
2026-03-01 23:00:00,N07,0.0819,0.006071,4.28,-0.0022,0.000221,26.1,23.765664,86.419103
2026-03-02 00:00:00,N07,0.0524,0.007493,9.43,-0.0016,0.000439,27.2,23.765664,86.419103
2026-03-02 01:00:00,N07,0.1097,0.005682,9.25,-0.0013,0.000192,27.4,23.765664,86.419103
2026-03-02 02:00:00,N07,-0.1356,0.005713,7.6,-0.002,0.000196,28.2,23.765664,86.419103
2026-03-02 03:00:00,N07,0.3238,0.00677,6.22,-0.0017,0.000354,29.4,23.765664,86.419103
2026-03-02 04:00:00,N07,-0.3055,0.005652,3.74,-0.0013,4.1e-05,30.9,23.765664,86.419103
2026-03-02 05:00:00,N07,-0.3365,0.007034,3.7,-0.0017,0.006907,32.7,23.765664,86.419103
2026-03-02 06:00:00,N07,0.4167,0.743033,20.57,-0.0151,0.00017,34.7,23.765664,86.419103
2026-03-02 07:00:00,N07,0.0724,0.006813,6.69,-0.0013,0.00659,36.6,23.765664,86.419103
2026-03-02 08:00:00,N07,,,,,,,23.765664,86.419103
2026-03-02 09:00:00,N07,,,,,,,23.765664,86.419103
2026-03-02 10:00:00,N07,-0.026,0.005682,1.26,-0.0006,0.000513,41.2,23.765664,86.419103
2026-03-02 11:00:00,N07,-0.1218,0.005382,2.96,-0.0008,0.004893,41.9,23.765664,86.419103
2026-03-02 12:00:00,N07,-0.1706,0.860862,44.73,-0.0104,0.004778,42.2,23.765664,86.419103
2026-03-02 13:00:00,N07,,,,,,,23.765664,86.419103
2026-03-02 14:00:00,N07,,,,,,,23.765664,86.419103
2026-03-02 15:00:00,N07,,,,,,,23.765664,86.419103
2026-03-02 16:00:00,N07,0.0087,0.005821,7.45,-0.0007,0.000249,38.4,23.765664,86.419103
2026-03-02 17:00:00,N07,-0.1115,0.006822,5.12,-0.0007,0.000719,36.6,23.765664,86.419103
2026-03-02 18:00:00,N07,0.067,0.006706,6.3,0.0007,0.000694,34.7,23.765664,86.419103
2026-03-02 19:00:00,N07,0.1157,0.005594,2.33,0.0007,0.000132,32.7,23.765664,86.419103
2026-03-02 20:00:00,N07,-0.0882,0.005977,2.87,0.001,0.000161,30.9,23.765664,86.419103
2026-03-02 21:00:00,N07,,,,,,,23.765664,86.419103
2026-03-02 22:00:00,N07,,,,,,,23.765664,86.419103
2026-03-02 23:00:00,N07,,,,,,,23.765664,86.419103
2026-03-03 00:00:00,N07,,,,,,,23.765664,86.419103
2026-03-03 01:00:00,N07,,,,,,,23.765664,86.419103
2026-03-03 02:00:00,N07,-0.0413,0.005384,2.55,0.0006,0.000263,24.4,23.765664,86.419103
2026-03-03 03:00:00,N07,0.0447,0.007196,6.18,0.0005,0.000147,25.6,23.765664,86.419103
2026-03-03 04:00:00,N07,,,,,,,23.765664,86.419103
2026-03-03 05:00:00,N07,0.0129,0.00511,7.1,0.0017,0.000535,29.0,23.765664,86.419103
2026-03-03 06:00:00,N07,0.1742,0.007846,8.61,0.002,0.007196,30.9,23.765664,86.419103
2026-03-03 07:00:00,N07,0.2023,0.997609,42.15,0.0161,0.000384,32.9,23.765664,86.419103
2026-03-03 08:00:00,N07,-0.3615,0.005499,8.89,0.0027,0.006641,34.7,23.765664,86.419103
2026-03-03 09:00:00,N07,0.1683,0.005904,2.48,0.0028,0.006769,36.2,23.765664,86.419103
2026-03-03 10:00:00,N07,-0.0214,0.72913,27.22,-0.0108,0.000207,37.4,23.765664,86.419103
2026-03-03 11:00:00,N07,0.2802,0.00552,7.48,0.0024,0.00683,38.2,23.765664,86.419103
2026-03-03 12:00:00,N07,-0.0101,0.006378,1.5,0.0029,0.000371,38.4,23.765664,86.419103
2026-03-03 13:00:00,N07,0.0446,0.007811,9.74,0.0032,0.007664,38.2,23.765664,86.419103
2026-03-03 14:00:00,N07,0.1195,0.798617,19.76,0.0182,0.000456,37.4,23.765664,86.419103
2026-03-03 15:00:00,N07,0.0571,0.007098,2.88,0.0041,0.006848,36.2,23.765664,86.419103
2026-03-03 16:00:00,N07,,,,,,,23.765664,86.419103
2026-03-03 17:00:00,N07,,,,,,,23.765664,86.419103
2026-03-03 18:00:00,N07,,,,,,,23.765664,86.419103
2026-03-03 19:00:00,N07,0.0495,0.006236,9.85,0.0062,0.000329,29.0,23.765664,86.419103
2026-03-03 20:00:00,N07,0.3065,0.005617,9.5,0.006,0.000359,27.2,23.765664,86.419103
2026-03-03 21:00:00,N07,0.4232,0.00654,2.14,0.0055,2.6e-05,25.6,23.765664,86.419103
2026-03-03 22:00:00,N07,-0.2021,0.006352,3.57,0.006,0.000642,24.4,23.765664,86.419103
2026-03-03 23:00:00,N07,-0.272,0.006271,5.47,0.0068,0.000584,23.7,23.765664,86.419103
2026-03-04 00:00:00,N07,0.1582,0.006151,9.42,0.0072,0.000112,22.8,23.765664,86.419103
2026-03-04 01:00:00,N07,-0.1885,0.005224,5.57,0.007,0.000118,23.0,23.765664,86.419103
2026-03-04 02:00:00,N07,,,,,,,23.765664,86.419103
2026-03-04 03:00:00,N07,-0.0777,0.005958,4.71,0.0075,9.8e-05,25.0,23.765664,86.419103
2026-03-04 04:00:00,N07,0.1196,0.009617,3.54,0.0072,0.000168,26.5,23.765664,86.419103
2026-03-04 05:00:00,N07,0.079,0.007329,2.7,0.0072,0.000197,28.3,23.765664,86.419103
2026-03-04 06:00:00,N07,0.2782,0.005891,5.32,0.0068,0.000381,30.3,23.765664,86.419103
2026-03-04 07:00:00,N07,0.1102,0.006159,6.28,0.0079,0.000924,32.2,23.765664,86.419103
2026-03-04 08:00:00,N07,0.0885,0.006396,8.33,0.0086,0.000201,34.0,23.765664,86.419103
2026-03-04 09:00:00,N07,0.0644,0.006119,7.39,0.0083,0.000126,35.6,23.765664,86.419103
2026-03-04 10:00:00,N07,0.1816,0.008205,3.14,0.0089,0.000321,36.8,23.765664,86.419103
2026-03-04 11:00:00,N07,0.0983,0.007082,6.13,0.009,0.000149,37.5,23.765664,86.419103
2026-03-04 12:00:00,N07,-0.0882,0.011176,9.34,0.0092,9.6e-05,37.8,23.765664,86.419103
2026-03-04 13:00:00,N07,-0.2885,0.009248,7.6,0.0088,0.000239,37.5,23.765664,86.419103
2026-03-04 14:00:00,N07,0.0123,0.00608,4.97,0.0087,0.007572,36.8,23.765664,86.419103
2026-03-04 15:00:00,N07,-0.0296,0.676163,31.17,0.0239,0.000526,35.6,23.765664,86.419103
2026-03-04 16:00:00,N07,0.2695,0.006053,4.99,0.0076,0.007908,34.0,23.765664,86.419103
2026-03-04 17:00:00,N07,-0.277,0.008314,1.18,0.0081,0.000665,32.2,23.765664,86.419103
2026-03-04 18:00:00,N07,-0.1649,0.005741,4.66,0.009,0.000823,30.3,23.765664,86.419103
2026-03-04 19:00:00,N07,,,,,,,23.765664,86.419103
2026-03-04 20:00:00,N07,,,,,,,23.765664,86.419103
2026-03-04 21:00:00,N07,,,,,,,23.765664,86.419103
2026-03-04 22:00:00,N07,,,,,,,23.765664,86.419103
2026-03-04 23:00:00,N07,,,,,,,23.765664,86.419103
2026-03-05 00:00:00,N07,0.0786,0.0052,2.29,0.0087,0.000549,24.1,23.765664,86.419103
2026-03-05 01:00:00,N07,0.1656,0.005463,9.03,0.0085,0.000235,24.4,23.765664,86.419103
2026-03-05 02:00:00,N07,0.0003,0.007805,3.55,0.0083,4.6e-05,25.1,23.765664,86.419103
2026-03-05 03:00:00,N07,-0.0448,0.007936,7.77,0.0084,0.00037,26.3,23.765664,86.419103
2026-03-05 04:00:00,N07,0.0856,0.006645,8.27,0.009,0.000432,27.9,23.765664,86.419103
2026-03-05 05:00:00,N07,0.1993,0.005504,3.54,0.0093,9.5e-05,29.7,23.765664,86.419103
2026-03-05 06:00:00,N07,,,,,,,23.765664,86.419103
2026-03-05 07:00:00,N07,,,,,,,23.765664,86.419103
2026-03-05 08:00:00,N07,,,,,,,23.765664,86.419103
2026-03-05 09:00:00,N07,,,,,,,23.765664,86.419103
2026-03-05 10:00:00,N07,,,,,,,23.765664,86.419103
2026-03-05 11:00:00,N07,0.1433,0.005444,5.95,0.0079,0.00034,38.9,23.765664,86.419103
2026-03-05 12:00:00,N07,,,,,,,23.765664,86.419103
2026-03-05 13:00:00,N07,,,,,,,23.765664,86.419103
2026-03-05 14:00:00,N07,,,,,,,23.765664,86.419103
2026-03-05 15:00:00,N07,,,,,,,23.765664,86.419103
2026-03-05 16:00:00,N07,0.0926,0.508097,36.32,0.028,0.008883,35.4,23.765664,86.419103
2026-03-05 17:00:00,N07,,,,,,,23.765664,86.419103
2026-03-05 18:00:00,N07,,,,,,,23.765664,86.419103
2026-03-05 19:00:00,N07,-0.1737,0.00669,8.65,0.0111,0.000446,29.7,23.765664,86.419103
2026-03-05 20:00:00,N07,0.151,0.006441,9.27,0.0109,6.6e-05,27.9,23.765664,86.419103
2026-03-05 21:00:00,N07,0.0516,0.011333,5.2,0.0113,0.000237,26.3,23.765664,86.419103
2026-03-05 22:00:00,N07,0.0968,0.0053,5.05,0.0113,0.000225,25.1,23.765664,86.419103
2026-03-05 23:00:00,N07,0.0814,0.00576,2.18,0.0117,7.2e-05,24.4,23.765664,86.419103
2026-03-06 00:00:00,N07,0.1577,0.00554,8.86,0.0115,0.00017,26.4,23.765664,86.419103
2026-03-06 01:00:00,N07,0.0286,0.007607,9.04,0.0114,0.000366,26.6,23.765664,86.419103
2026-03-06 02:00:00,N07,-0.198,0.005214,7.44,0.0108,0.000359,27.4,23.765664,86.419103
2026-03-06 03:00:00,N07,0.0883,0.006705,7.09,0.0107,0.00015,28.6,23.765664,86.419103
2026-03-06 04:00:00,N07,0.0448,0.005496,5.83,0.0105,0.000138,30.1,23.765664,86.419103
2026-03-06 05:00:00,N07,0.0179,0.007539,4.87,0.0104,0.000164,31.9,23.765664,86.419103
2026-03-06 06:00:00,N07,-0.2117,0.006178,4.01,0.0108,0.000259,33.9,23.765664,86.419103
2026-03-06 07:00:00,N07,,,,,,,23.765664,86.419103
2026-03-06 08:00:00,N07,,,,,,,23.765664,86.419103
2026-03-06 09:00:00,N07,,,,,,,23.765664,86.419103
2026-03-06 10:00:00,N07,,,,,,,23.765664,86.419103
2026-03-06 11:00:00,N07,,,,,,,23.765664,86.419103
2026-03-06 12:00:00,N07,0.1323,0.008427,7.76,0.0091,9e-05,41.4,23.765664,86.419103
2026-03-06 13:00:00,N07,-0.0166,0.005765,4.38,0.0091,0.000347,41.1,23.765664,86.419103
2026-03-06 14:00:00,N07,,,,,,,23.765664,86.419103
2026-03-06 15:00:00,N07,,,,,,,23.765664,86.419103
2026-03-06 16:00:00,N07,,,,,,,23.765664,86.419103
2026-03-06 17:00:00,N07,,,,,,,23.765664,86.419103
2026-03-06 18:00:00,N07,,,,,,,23.765664,86.419103
2026-03-06 19:00:00,N07,-0.1056,0.006615,3.7,0.0116,0.000164,31.9,23.765664,86.419103
2026-03-06 20:00:00,N07,-0.0341,0.008096,8.33,0.0111,0.000236,30.1,23.765664,86.419103
2026-03-06 21:00:00,N07,-0.1413,0.006379,9.91,0.0112,0.000249,28.6,23.765664,86.419103
2026-03-06 22:00:00,N07,-0.2553,0.006004,9.99,0.0106,0.000399,27.4,23.765664,86.419103
2026-03-06 23:00:00,N07,-0.0375,0.008328,8.23,0.0104,0.000117,26.6,23.765664,86.419103
2026-03-07 00:00:00,N07,-0.0519,0.005371,3.58,0.0108,0.000315,25.2,23.765664,86.419103
2026-03-07 01:00:00,N07,-0.0756,0.008118,7.21,0.011,0.000149,25.4,23.765664,86.419103
2026-03-07 02:00:00,N07,0.1156,0.006118,7.66,0.0111,0.000307,26.2,23.765664,86.419103
2026-03-07 03:00:00,N07,-0.0767,0.005986,9.41,0.0116,0.000206,27.4,23.765664,86.419103
2026-03-07 04:00:00,N07,-0.1991,0.005163,5.09,0.0115,9.6e-05,28.9,23.765664,86.419103
2026-03-07 05:00:00,N07,-0.0797,0.006474,8.33,0.0114,0.000256,30.7,23.765664,86.419103
2026-03-07 06:00:00,N07,0.0843,0.006648,2.83,0.012,0.000535,32.7,23.765664,86.419103
2026-03-07 07:00:00,N07,0.2658,0.006605,2.26,0.0125,0.000274,34.6,23.765664,86.419103
2026-03-07 08:00:00,N07,-0.0911,0.005275,2.25,0.0126,0.000548,36.4,23.765664,86.419103
2026-03-07 09:00:00,N07,,,,,,,23.765664,86.419103
2026-03-07 10:00:00,N07,,,,,,,23.765664,86.419103
2026-03-07 11:00:00,N07,0.1357,0.006736,4.13,0.0138,0.005321,39.9,23.765664,86.419103
2026-03-07 12:00:00,N07,0.1911,0.564428,15.86,0.0023,0.000117,40.2,23.765664,86.419103
2026-03-07 13:00:00,N07,0.1682,0.00862,9.64,0.0136,0.005866,39.9,23.765664,86.419103
2026-03-07 14:00:00,N07,0.0392,0.007663,3.92,0.014,0.000341,39.2,23.765664,86.419103
2026-03-07 15:00:00,N07,-0.1398,0.008211,8.15,0.0142,0.000239,38.0,23.765664,86.419103
2026-03-07 16:00:00,N07,-0.0125,0.005832,9.37,0.0145,0.000116,36.4,23.765664,86.419103
2026-03-07 17:00:00,N07,-0.0949,0.005487,7.1,0.0145,4.1e-05,34.6,23.765664,86.419103
2026-03-07 18:00:00,N07,0.0226,0.007161,7.13,0.0145,0.000142,32.7,23.765664,86.419103
2026-03-07 19:00:00,N07,,,,,,,23.765664,86.419103
2026-03-07 20:00:00,N07,,,,,,,23.765664,86.419103
2026-03-07 21:00:00,N07,,,,,,,23.765664,86.419103
2026-03-07 22:00:00,N07,0.0102,0.008117,2.81,0.0145,0.000276,26.2,23.765664,86.419103
2026-03-07 23:00:00,N07,0.1009,0.005299,1.08,0.0151,0.000207,25.4,23.765664,86.419103
2026-03-08 00:00:00,N07,-0.0106,0.005051,7.31,0.015,7e-06,22.6,23.765664,86.419103
2026-03-08 01:00:00,N07,-0.0465,0.005869,1.98,0.0151,0.000692,22.9,23.765664,86.419103
2026-03-08 02:00:00,N07,-0.1819,0.005649,5.13,0.0136,0.001022,23.6,23.765664,86.419103
2026-03-08 03:00:00,N07,0.1943,0.009381,3.63,0.0131,0.000513,24.8,23.765664,86.419103
2026-03-08 04:00:00,N07,0.0164,0.00652,2.09,0.0125,6.7e-05,26.4,23.765664,86.419103
2026-03-08 05:00:00,N07,-0.0679,0.006382,3.39,0.0129,0.000145,28.2,23.765664,86.419103
2026-03-08 06:00:00,N07,,,,,,,23.765664,86.419103
2026-03-08 07:00:00,N07,,,,,,,23.765664,86.419103
2026-03-08 08:00:00,N07,-0.2422,0.506995,22.52,0.0019,7.9e-05,33.9,23.765664,86.419103
2026-03-08 09:00:00,N07,-0.0559,0.007212,2.12,0.0125,0.005192,35.4,23.765664,86.419103
2026-03-08 10:00:00,N07,0.039,0.007467,8.77,0.0123,3.4e-05,36.6,23.765664,86.419103
2026-03-08 11:00:00,N07,-0.1446,0.005696,1.11,0.0126,0.00036,37.4,23.765664,86.419103
2026-03-08 12:00:00,N07,-0.0966,0.006922,2.52,0.013,0.005439,37.6,23.765664,86.419103
2026-03-08 13:00:00,N07,0.1551,0.867798,47.77,0.0235,9.4e-05,37.4,23.765664,86.419103
2026-03-08 14:00:00,N07,0.2095,0.006436,5.64,0.0132,0.004984,36.6,23.765664,86.419103
2026-03-08 15:00:00,N07,0.2104,0.647782,45.16,0.0334,3.3e-05,35.4,23.765664,86.419103
2026-03-08 16:00:00,N07,-0.086,0.006237,5.02,0.0133,0.009777,33.9,23.765664,86.419103
2026-03-08 17:00:00,N07,-0.0048,0.007722,6.54,0.0139,0.000517,32.1,23.765664,86.419103
2026-03-08 18:00:00,N07,0.3331,0.0077,8.39,0.0143,3.8e-05,30.1,23.765664,86.419103
2026-03-08 19:00:00,N07,0.0423,0.00645,9.23,0.0138,0.000255,28.2,23.765664,86.419103
2026-03-08 20:00:00,N07,0.0288,0.006473,7.19,0.0138,0.000158,26.4,23.765664,86.419103
2026-03-08 21:00:00,N07,,,,,,,23.765664,86.419103
2026-03-08 22:00:00,N07,-0.1268,0.007713,6.34,0.0135,0.000302,23.6,23.765664,86.419103
2026-03-08 23:00:00,N07,,,,,,,23.765664,86.419103
2026-03-09 00:00:00,N07,,,,,,,23.765664,86.419103
2026-03-09 01:00:00,N07,,,,,,,23.765664,86.419103
2026-03-09 02:00:00,N07,,,,,,,23.765664,86.419103
2026-03-09 03:00:00,N07,,,,,,,23.765664,86.419103
2026-03-09 04:00:00,N07,0.0906,0.005127,7.29,0.0146,5.8e-05,29.2,23.765664,86.419103
2026-03-09 05:00:00,N07,0.2309,0.007669,9.78,0.0142,0.009212,31.0,23.765664,86.419103
2026-03-09 06:00:00,N07,0.0065,0.738154,20.55,-0.0038,0.008813,33.0,23.765664,86.419103
2026-03-09 07:00:00,N07,-0.2839,0.745433,43.85,-0.0035,0.009624,34.9,23.765664,86.419103
2026-03-09 08:00:00,N07,0.2648,0.006522,4.87,0.0154,0.009256,36.7,23.765664,86.419103
2026-03-09 09:00:00,N07,0.0546,0.005812,1.55,0.015,0.000199,38.3,23.765664,86.419103
2026-03-09 10:00:00,N07,,,,,,,23.765664,86.419103
2026-03-09 11:00:00,N07,,,,,,,23.765664,86.419103
2026-03-09 12:00:00,N07,,,,,,,23.765664,86.419103
2026-03-09 13:00:00,N07,,,,,,,23.765664,86.419103
2026-03-09 14:00:00,N07,0.0588,0.006679,9.04,0.0148,0.000551,39.5,23.765664,86.419103
2026-03-09 15:00:00,N07,0.0843,0.007287,3.82,0.0139,0.000262,38.3,23.765664,86.419103
2026-03-09 16:00:00,N07,-0.0297,0.005788,4.35,0.0142,0.00022,36.7,23.765664,86.419103
2026-03-09 17:00:00,N07,-0.0069,0.005689,4.31,0.0134,0.000605,34.9,23.765664,86.419103
2026-03-09 18:00:00,N07,0.2422,0.008451,5.55,0.013,0.000559,33.0,23.765664,86.419103
2026-03-09 19:00:00,N07,-0.1276,0.006365,7.13,0.0123,0.00025,31.0,23.765664,86.419103
2026-03-09 20:00:00,N07,0.0798,0.009225,3.22,0.0125,6.1e-05,29.2,23.765664,86.419103
2026-03-09 21:00:00,N07,-0.0123,0.006863,1.02,0.0122,0.000175,27.7,23.765664,86.419103
2026-03-09 22:00:00,N07,-0.1571,0.005953,5.26,0.0122,3.8e-05,26.5,23.765664,86.419103
2026-03-09 23:00:00,N07,0.2028,0.005814,3.66,0.0123,0.000158,25.7,23.765664,86.419103
2026-03-10 00:00:00,N07,-0.1631,0.005314,3.3,0.0119,0.000234,26.1,23.765664,86.419103
2026-03-10 01:00:00,N07,0.144,0.007735,2.86,0.0118,0.000727,26.3,23.765664,86.419103
2026-03-10 02:00:00,N07,-0.0654,0.005573,7.94,0.0133,0.000951,27.1,23.765664,86.419103
2026-03-10 03:00:00,N07,,,,,,,23.765664,86.419103
2026-03-10 04:00:00,N07,,,,,,,23.765664,86.419103
2026-03-10 05:00:00,N07,,,,,,,23.765664,86.419103
2026-03-10 06:00:00,N07,,,,,,,23.765664,86.419103
2026-03-10 07:00:00,N07,,,,,,,23.765664,86.419103
2026-03-10 08:00:00,N07,-0.0007,0.005469,2.71,0.014,0.000225,37.3,23.765664,86.419103
2026-03-10 09:00:00,N07,0.0655,0.00745,4.01,0.0143,0.000285,38.9,23.765664,86.419103
2026-03-10 10:00:00,N07,0.0334,0.005403,4.76,0.0134,0.002878,40.1,23.765664,86.419103
2026-03-10 11:00:00,N07,0.3433,0.987116,20.91,0.0201,0.000102,40.8,23.765664,86.419103
2026-03-10 12:00:00,N07,0.0143,0.006325,4.64,0.0132,0.003289,41.1,23.765664,86.419103
2026-03-10 13:00:00,N07,0.0444,0.005884,2.07,0.0135,0.003623,40.8,23.765664,86.419103
2026-03-10 14:00:00,N07,0.0008,0.618409,27.59,0.0059,0.000249,40.1,23.765664,86.419103
2026-03-10 15:00:00,N07,,,,,,,23.765664,86.419103
2026-03-10 16:00:00,N07,,,,,,,23.765664,86.419103
2026-03-10 17:00:00,N07,,,,,,,23.765664,86.419103
2026-03-10 18:00:00,N07,0.0788,0.005483,9.78,0.013,0.000301,33.6,23.765664,86.419103
2026-03-10 19:00:00,N07,,,,,,,23.765664,86.419103
2026-03-10 20:00:00,N07,,,,,,,23.765664,86.419103
2026-03-10 21:00:00,N07,,,,,,,23.765664,86.419103
2026-03-10 22:00:00,N07,,,,,,,23.765664,86.419103
2026-03-10 23:00:00,N07,,,,,,,23.765664,86.419103
2026-03-11 00:00:00,N07,-0.0072,0.006197,5.25,0.0139,0.000583,23.7,23.765664,86.419103
2026-03-11 01:00:00,N07,-0.0055,0.006583,9.23,0.014,0.000372,24.0,23.765664,86.419103
2026-03-11 02:00:00,N07,-0.101,0.008117,8.07,0.0131,0.000282,24.7,23.765664,86.419103
2026-03-11 03:00:00,N07,0.0547,0.007123,2.9,0.0135,0.0007,25.9,23.765664,86.419103
2026-03-11 04:00:00,N07,-0.1255,0.006366,3.85,0.0145,0.000804,27.5,23.765664,86.419103
2026-03-11 05:00:00,N07,-0.0342,0.009912,8.06,0.0151,0.000728,29.3,23.765664,86.419103
2026-03-11 06:00:00,N07,0.2298,0.00923,8.77,0.016,0.00072,31.2,23.765664,86.419103
2026-03-11 07:00:00,N07,-0.1886,0.006594,8.55,0.0165,0.000515,33.2,23.765664,86.419103
2026-03-11 08:00:00,N07,-0.0429,0.006192,4.17,0.017,0.000368,35.0,23.765664,86.419103
2026-03-11 09:00:00,N07,0.0969,0.005679,2.06,0.0173,0.002392,36.5,23.765664,86.419103
2026-03-11 10:00:00,N07,0.0997,0.559124,15.54,0.0122,0.002942,37.7,23.765664,86.419103
2026-03-11 11:00:00,N07,0.0569,0.662854,49.68,0.0114,0.002608,38.5,23.765664,86.419103
2026-03-11 12:00:00,N07,0.2542,0.005864,7.97,0.0174,0.003073,38.7,23.765664,86.419103
2026-03-11 13:00:00,N07,0.1589,0.007047,5.42,0.0175,0.00026,38.5,23.765664,86.419103
2026-03-11 14:00:00,N07,0.1882,0.008094,3.91,0.018,0.000387,37.7,23.765664,86.419103
2026-03-11 15:00:00,N07,0.1103,0.006609,8.31,0.0183,0.000523,36.5,23.765664,86.419103
2026-03-11 16:00:00,N07,-0.2533,0.009794,3.82,0.019,0.000605,35.0,23.765664,86.419103
2026-03-11 17:00:00,N07,0.0319,0.00786,6.92,0.0195,0.000124,33.2,23.765664,86.419103
2026-03-11 18:00:00,N07,0.077,0.006486,8.98,0.0193,0.000402,31.2,23.765664,86.419103
2026-03-11 19:00:00,N07,-0.0669,0.005487,4.59,0.0187,0.000392,29.3,23.765664,86.419103
2026-03-11 20:00:00,N07,-0.1022,0.007622,1.21,0.0185,0.00023,27.5,23.765664,86.419103
2026-03-11 21:00:00,N07,0.0663,0.00551,1.48,0.0183,8.5e-05,25.9,23.765664,86.419103
2026-03-11 22:00:00,N07,-0.0423,0.008455,3.39,0.0183,0.000155,24.7,23.765664,86.419103
2026-03-11 23:00:00,N07,,,,,,,23.765664,86.419103
2026-03-12 00:00:00,N07,,,,,,,23.765664,86.419103
2026-03-12 01:00:00,N07,0.0367,0.00526,4.18,0.0186,0.000148,25.6,23.765664,86.419103
2026-03-12 02:00:00,N07,-0.0312,0.005864,8.1,0.0185,0.000295,26.3,23.765664,86.419103
2026-03-12 03:00:00,N07,0.1739,0.006771,3.96,0.018,0.000162,27.5,23.765664,86.419103
2026-03-12 04:00:00,N07,0.088,0.005335,7.41,0.0188,0.000978,29.1,23.765664,86.419103
2026-03-12 05:00:00,N07,0.1413,0.006015,6.09,0.0199,0.000905,30.9,23.765664,86.419103
2026-03-12 06:00:00,N07,0.0744,0.006907,1.65,0.0206,0.000717,32.8,23.765664,86.419103
2026-03-12 07:00:00,N07,-0.2538,0.007574,8.14,0.0214,0.000588,34.7,23.765664,86.419103
2026-03-12 08:00:00,N07,-0.2752,0.007578,4.95,0.0218,0.000187,36.6,23.765664,86.419103
2026-03-12 09:00:00,N07,-0.0436,0.006523,1.52,0.0217,1e-06,38.1,23.765664,86.419103
2026-03-12 10:00:00,N07,-0.0122,0.007827,6.03,0.0218,0.006741,39.3,23.765664,86.419103
2026-03-12 11:00:00,N07,-0.2375,0.587788,45.85,0.0083,0.003198,40.0,23.765664,86.419103
2026-03-12 12:00:00,N07,0.1137,0.962183,38.43,0.0282,0.019716,40.3,23.765664,86.419103
2026-03-12 13:00:00,N07,0.2241,0.768187,21.17,0.0477,0.003258,40.0,23.765664,86.419103
2026-03-12 14:00:00,N07,-0.161,0.005522,5.64,0.0217,0.012998,39.3,23.765664,86.419103
2026-03-12 15:00:00,N07,,,,,,,23.765664,86.419103
2026-03-12 16:00:00,N07,-0.0102,0.005071,9.62,0.0212,0.000257,36.6,23.765664,86.419103
2026-03-12 17:00:00,N07,-0.2141,0.00644,8.83,0.0212,0.000282,34.7,23.765664,86.419103
2026-03-12 18:00:00,N07,-0.199,0.005351,4.46,0.0207,0.000272,32.8,23.765664,86.419103
2026-03-12 19:00:00,N07,,,,,,,23.765664,86.419103
2026-03-12 20:00:00,N07,,,,,,,23.765664,86.419103
2026-03-12 21:00:00,N07,,,,,,,23.765664,86.419103
2026-03-12 22:00:00,N07,,,,,,,23.765664,86.419103
2026-03-12 23:00:00,N07,0.0613,0.007915,7.88,0.02,0.000525,25.6,23.765664,86.419103
2026-03-13 00:00:00,N07,-0.2526,0.006918,1.06,0.0195,0.000281,24.1,23.765664,86.419103
2026-03-13 01:00:00,N07,,,,,,,23.765664,86.419103
2026-03-13 02:00:00,N07,,,,,,,23.765664,86.419103
2026-03-13 03:00:00,N07,,,,,,,23.765664,86.419103
2026-03-13 04:00:00,N07,,,,,,,23.765664,86.419103
2026-03-13 05:00:00,N07,,,,,,,23.765664,86.419103
2026-03-13 06:00:00,N07,0.0556,0.006587,5.12,0.0214,0.00082,31.6,23.765664,86.419103
2026-03-13 07:00:00,N07,0.1198,0.005103,6.4,0.0217,0.000536,33.5,23.765664,86.419103
2026-03-13 08:00:00,N07,-0.1425,0.0065,7.85,0.0225,0.000282,35.3,23.765664,86.419103
2026-03-13 09:00:00,N07,0.0168,0.006988,6.03,0.0223,0.008768,36.9,23.765664,86.419103
2026-03-13 10:00:00,N07,0.2849,0.703869,44.76,0.0049,0.005193,38.1,23.765664,86.419103
2026-03-13 11:00:00,N07,-0.0758,0.992756,42.86,0.0119,0.008047,38.8,23.765664,86.419103
2026-03-13 12:00:00,N07,,,,,,,23.765664,86.419103
2026-03-13 13:00:00,N07,,,,,,,23.765664,86.419103
2026-03-13 14:00:00,N07,,,,,,,23.765664,86.419103
2026-03-13 15:00:00,N07,-0.0622,0.007796,4.35,0.0206,0.008789,36.9,23.765664,86.419103
2026-03-13 16:00:00,N07,0.0685,0.009449,6.05,0.0198,0.000179,35.3,23.765664,86.419103
2026-03-13 17:00:00,N07,0.084,0.007648,1.35,0.0203,0.000305,33.5,23.765664,86.419103
2026-03-13 18:00:00,N07,0.1623,0.010996,5.95,0.0204,0.00045,31.6,23.765664,86.419103
2026-03-13 19:00:00,N07,,,,,,,23.765664,86.419103
2026-03-13 20:00:00,N07,,,,,,,23.765664,86.419103
2026-03-13 21:00:00,N07,-0.3562,0.006576,9.29,0.0209,0.000195,26.3,23.765664,86.419103
2026-03-13 22:00:00,N07,-0.0443,0.0065,1.99,0.0206,3.8e-05,25.1,23.765664,86.419103
2026-03-13 23:00:00,N07,,,,,,,23.765664,86.419103
2026-03-14 00:00:00,N07,,,,,,,23.765664,86.419103
2026-03-14 01:00:00,N07,-0.2601,0.006348,6.25,0.0209,5e-05,26.6,23.765664,86.419103
2026-03-14 02:00:00,N07,0.1936,0.006056,1.94,0.0209,0.00029,27.4,23.765664,86.419103
2026-03-14 03:00:00,N07,0.0569,0.005055,8.51,0.0215,0.000472,28.6,23.765664,86.419103
2026-03-14 04:00:00,N07,0.0703,0.006835,2.49,0.0218,0.000273,30.1,23.765664,86.419103
2026-03-14 05:00:00,N07,0.1125,0.008881,7.74,0.022,7.1e-05,31.9,23.765664,86.419103
2026-03-14 06:00:00,N07,-0.0816,0.006361,8.37,0.0217,0.000294,33.9,23.765664,86.419103
2026-03-14 07:00:00,N07,-0.1389,0.007432,7.32,0.0214,0.000261,35.8,23.765664,86.419103
2026-03-14 08:00:00,N07,-0.2151,0.005461,5.07,0.0212,0.000243,37.6,23.765664,86.419103
2026-03-14 09:00:00,N07,,,,,,,23.765664,86.419103
2026-03-14 10:00:00,N07,,,,,,,23.765664,86.419103
2026-03-14 11:00:00,N07,,,,,,,23.765664,86.419103
2026-03-14 12:00:00,N07,,,,,,,23.765664,86.419103
2026-03-14 13:00:00,N07,,,,,,,23.765664,86.419103
2026-03-14 14:00:00,N07,,,,,,,23.765664,86.419103
2026-03-14 15:00:00,N07,,,,,,,23.765664,86.419103
2026-03-14 16:00:00,N07,-0.0872,0.00533,9.75,0.0185,0.007592,37.6,23.765664,86.419103
2026-03-14 17:00:00,N07,-0.0321,0.008162,8.32,0.0174,0.000941,35.8,23.765664,86.419103
2026-03-14 18:00:00,N07,-0.3091,0.005403,2.39,0.0166,0.000667,33.9,23.765664,86.419103
2026-03-14 19:00:00,N07,-0.0863,0.006304,9.49,0.0161,0.000274,31.9,23.765664,86.419103
2026-03-14 20:00:00,N07,-0.004,0.006663,2.13,0.0161,5.3e-05,30.1,23.765664,86.419103
2026-03-14 21:00:00,N07,-0.1032,0.006671,4.18,0.0162,0.000265,28.6,23.765664,86.419103
2026-03-14 22:00:00,N07,0.3456,0.009487,4.29,0.0155,0.0004,27.4,23.765664,86.419103
2026-03-14 23:00:00,N07,-0.0193,0.005817,4.61,0.0154,0.00034,26.6,23.765664,86.419103
2026-03-15 00:00:00,N07,-0.1851,0.006002,6.16,0.0149,0.000164,26.1,23.765664,86.419103
2026-03-15 01:00:00,N07,,,,,,,23.765664,86.419103
2026-03-15 02:00:00,N07,-0.0874,0.008085,9.9,0.0155,0.000245,27.1,23.765664,86.419103
2026-03-15 03:00:00,N07,0.1664,0.005447,7.56,0.0146,0.000588,28.3,23.765664,86.419103
2026-03-15 04:00:00,N07,0.1226,0.007623,6.04,0.0143,0.000336,29.9,23.765664,86.419103
2026-03-15 05:00:00,N07,-0.2113,0.005406,1.42,0.0139,0.007652,31.7,23.765664,86.419103
2026-03-15 06:00:00,N07,-0.2166,0.952963,45.89,-0.001,0.007309,33.6,23.765664,86.419103
2026-03-15 07:00:00,N07,-0.2339,0.904218,46.48,-0.0007,0.007649,35.6,23.765664,86.419103
2026-03-15 08:00:00,N07,-0.0516,0.006163,3.52,0.0143,0.007482,37.4,23.765664,86.419103
2026-03-15 09:00:00,N07,-0.1349,0.006573,3.34,0.0143,0.000185,38.9,23.765664,86.419103
2026-03-15 10:00:00,N07,-0.0228,0.00671,6.96,0.0147,3.9e-05,40.1,23.765664,86.419103
2026-03-15 11:00:00,N07,-0.0613,0.007118,3.87,0.0143,0.00021,40.9,23.765664,86.419103
2026-03-15 12:00:00,N07,-0.1587,0.006685,8.04,0.0142,0.000216,41.1,23.765664,86.419103
2026-03-15 13:00:00,N07,0.1109,0.006658,6.14,0.0148,0.000219,40.9,23.765664,86.419103
2026-03-15 14:00:00,N07,-0.0097,0.006823,7.16,0.0147,4e-05,40.1,23.765664,86.419103
2026-03-15 15:00:00,N07,-0.078,0.008342,3.39,0.0147,0.003535,38.9,23.765664,86.419103
2026-03-15 16:00:00,N07,,,,,,,23.765664,86.419103
2026-03-15 17:00:00,N07,,,,,,,23.765664,86.419103
2026-03-15 18:00:00,N07,,,,,,,23.765664,86.419103
2026-03-15 19:00:00,N07,,,,,,,23.765664,86.419103
2026-03-15 20:00:00,N07,,,,,,,23.765664,86.419103
2026-03-15 21:00:00,N07,-0.2845,0.005708,2.21,0.0152,0.000266,28.3,23.765664,86.419103
2026-03-15 22:00:00,N07,,,,,,,23.765664,86.419103
2026-03-15 23:00:00,N07,,,,,,,23.765664,86.419103
2026-03-16 00:00:00,N07,,,,,,,23.765664,86.419103
2026-03-16 01:00:00,N07,,,,,,,23.765664,86.419103
2026-03-16 02:00:00,N07,,,,,,,23.765664,86.419103
2026-03-16 03:00:00,N07,,,,,,,23.765664,86.419103
2026-03-16 04:00:00,N07,,,,,,,23.765664,86.419103
2026-03-16 05:00:00,N07,,,,,,,23.765664,86.419103
2026-03-16 06:00:00,N07,-0.0176,0.005349,3.19,0.014,0.000226,33.6,23.765664,86.419103
2026-03-16 07:00:00,N07,0.181,0.00509,2.27,0.0145,0.000444,35.5,23.765664,86.419103
2026-03-16 08:00:00,N07,0.2535,0.010545,9.51,0.0149,0.000107,37.3,23.765664,86.419103
2026-03-16 09:00:00,N07,-0.0065,0.006666,8.9,0.0147,0.000252,38.9,23.765664,86.419103
2026-03-16 10:00:00,N07,0.1962,0.00608,6.25,0.0144,1.6e-05,40.1,23.765664,86.419103
2026-03-16 11:00:00,N07,-0.0412,0.005083,5.01,0.0147,0.005418,40.8,23.765664,86.419103
2026-03-16 12:00:00,N07,,,,,,,23.765664,86.419103
2026-03-16 13:00:00,N07,0.0981,0.006821,2.28,0.0152,0.005201,40.8,23.765664,86.419103
2026-03-16 14:00:00,N07,0.0172,0.006159,5.82,0.0149,0.006927,40.1,23.765664,86.419103
2026-03-16 15:00:00,N07,0.0402,0.952434,19.0,0.029,0.000399,38.9,23.765664,86.419103
2026-03-16 16:00:00,N07,0.2245,0.005009,8.33,0.0141,0.007311,37.3,23.765664,86.419103
2026-03-16 17:00:00,N07,-0.0634,0.008917,9.32,0.0144,6.8e-05,35.5,23.765664,86.419103
2026-03-16 18:00:00,N07,,,,,,,23.765664,86.419103
2026-03-16 19:00:00,N07,0.0164,0.005626,6.06,0.0139,2.2e-05,31.6,23.765664,86.419103
2026-03-16 20:00:00,N07,-0.29,0.006575,3.52,0.0139,0.000288,29.8,23.765664,86.419103
2026-03-16 21:00:00,N07,-0.3085,0.00563,8.52,0.0134,0.000119,28.3,23.765664,86.419103
2026-03-16 22:00:00,N07,-0.0711,0.006591,9.61,0.0141,0.00026,27.1,23.765664,86.419103
2026-03-16 23:00:00,N07,,,,,,,23.765664,86.419103
2026-03-17 00:00:00,N07,,,,,,,23.765664,86.419103
2026-03-17 01:00:00,N07,,,,,,,23.765664,86.419103
2026-03-17 02:00:00,N07,,,,,,,23.765664,86.419103
2026-03-17 03:00:00,N07,0.1586,0.006453,9.63,0.0119,0.000226,24.9,23.765664,86.419103
2026-03-17 04:00:00,N07,-0.0275,0.010202,4.32,0.0115,0.000269,26.5,23.765664,86.419103
2026-03-17 05:00:00,N07,0.0257,0.008396,9.24,0.0124,0.00071,28.3,23.765664,86.419103
2026-03-17 06:00:00,N07,-0.0538,0.007081,8.58,0.013,0.000124,30.2,23.765664,86.419103
2026-03-17 07:00:00,N07,-0.1245,0.006428,1.33,0.0126,0.000289,32.2,23.765664,86.419103
2026-03-17 08:00:00,N07,0.0845,0.006792,2.67,0.0124,7.6e-05,34.0,23.765664,86.419103
2026-03-17 09:00:00,N07,0.2361,0.005305,8.7,0.0128,0.000805,35.5,23.765664,86.419103
2026-03-17 10:00:00,N07,,,,,,,23.765664,86.419103
2026-03-17 11:00:00,N07,,,,,,,23.765664,86.419103
2026-03-17 12:00:00,N07,,,,,,,23.765664,86.419103
2026-03-17 13:00:00,N07,,,,,,,23.765664,86.419103
2026-03-17 14:00:00,N07,,,,,,,23.765664,86.419103
2026-03-17 15:00:00,N07,,,,,,,23.765664,86.419103
2026-03-17 16:00:00,N07,,,,,,,23.765664,86.419103
2026-03-17 17:00:00,N07,-0.1135,0.007534,7.66,0.0137,0.000318,32.2,23.765664,86.419103
2026-03-17 18:00:00,N07,0.0257,0.007403,8.12,0.0141,2.8e-05,30.2,23.765664,86.419103
2026-03-17 19:00:00,N07,-0.1416,0.005775,8.12,0.0137,0.000857,28.3,23.765664,86.419103
2026-03-17 20:00:00,N07,0.0174,0.00565,8.73,0.0124,0.000846,26.5,23.765664,86.419103
2026-03-17 21:00:00,N07,-0.0471,0.009057,6.44,0.012,0.000428,24.9,23.765664,86.419103
2026-03-17 22:00:00,N07,-0.2337,0.005491,6.33,0.0116,6.2e-05,23.7,23.765664,86.419103
2026-03-17 23:00:00,N07,0.2313,0.00639,9.34,0.0118,0.000389,23.0,23.765664,86.419103
2026-03-18 00:00:00,N07,-0.1955,0.00829,2.39,0.0108,0.000785,27.3,23.765664,86.419103
2026-03-18 01:00:00,N07,-0.1444,0.00559,7.66,0.0103,0.000179,27.5,23.765664,86.419103
2026-03-18 02:00:00,N07,0.0534,0.009447,3.52,0.0111,0.000501,28.3,23.765664,86.419103
2026-03-18 03:00:00,N07,0.0627,0.005501,6.86,0.0113,1e-06,29.5,23.765664,86.419103
2026-03-18 04:00:00,N07,,,,,,,23.765664,86.419103
2026-03-18 05:00:00,N07,,,,,,,23.765664,86.419103
2026-03-18 06:00:00,N07,,,,,,,23.765664,86.419103
2026-03-18 07:00:00,N07,,,,,,,23.765664,86.419103
2026-03-18 08:00:00,N07,0.1177,0.005575,6.96,0.0093,0.000792,38.5,23.765664,86.419103
2026-03-18 09:00:00,N07,0.0225,0.007185,8.86,0.0086,0.006066,40.1,23.765664,86.419103
2026-03-18 10:00:00,N07,-0.2295,0.677064,34.27,0.0215,0.005962,41.3,23.765664,86.419103
2026-03-18 11:00:00,N07,0.0345,0.716983,48.38,0.0206,0.006523,42.0,23.765664,86.419103
2026-03-18 12:00:00,N07,0.0867,0.005682,2.04,0.0084,0.006243,42.3,23.765664,86.419103
2026-03-18 13:00:00,N07,0.0885,0.005431,4.0,0.0081,1.9e-05,42.0,23.765664,86.419103
2026-03-18 14:00:00,N07,0.0048,0.00598,6.91,0.0084,0.000355,41.3,23.765664,86.419103
2026-03-18 15:00:00,N07,-0.2169,0.005531,4.49,0.0088,0.007202,40.1,23.765664,86.419103
2026-03-18 16:00:00,N07,0.1361,0.601362,29.06,0.0228,0.006939,38.5,23.765664,86.419103
2026-03-18 17:00:00,N07,-0.4005,0.565761,28.65,0.0227,0.006701,36.7,23.765664,86.419103
2026-03-18 18:00:00,N07,0.0341,0.005909,8.81,0.0094,0.007021,34.8,23.765664,86.419103
2026-03-18 19:00:00,N07,-0.0578,0.007491,4.83,0.0086,0.000277,32.8,23.765664,86.419103
2026-03-18 20:00:00,N07,0.109,0.006631,6.32,0.0088,2.7e-05,31.0,23.765664,86.419103
2026-03-18 21:00:00,N07,0.2209,0.005713,7.76,0.0086,9e-05,29.5,23.765664,86.419103
2026-03-18 22:00:00,N07,0.1946,0.006016,5.64,0.0087,0.00016,28.3,23.765664,86.419103
2026-03-18 23:00:00,N07,-0.055,0.006925,6.69,0.0082,1.7e-05,27.5,23.765664,86.419103
2026-03-19 00:00:00,N07,-0.1736,0.011256,2.33,0.0087,0.000154,26.2,23.765664,86.419103
2026-03-19 01:00:00,N07,0.1189,0.006596,4.47,0.0086,0.000191,26.4,23.765664,86.419103
2026-03-19 02:00:00,N07,-0.1265,0.009584,4.77,0.0083,0.000138,27.2,23.765664,86.419103
2026-03-19 03:00:00,N07,-0.3303,0.005636,4.13,0.0083,0.000231,28.4,23.765664,86.419103
2026-03-19 04:00:00,N07,-0.1149,0.005664,1.94,0.0088,0.000332,29.9,23.765664,86.419103
2026-03-19 05:00:00,N07,-0.0918,0.005261,9.99,0.0089,0.000455,31.7,23.765664,86.419103
2026-03-19 06:00:00,N07,0.0749,0.005312,3.33,0.0097,0.000646,33.7,23.765664,86.419103
2026-03-19 07:00:00,N07,,,,,,,23.765664,86.419103
2026-03-19 08:00:00,N07,,,,,,,23.765664,86.419103
2026-03-19 09:00:00,N07,,,,,,,23.765664,86.419103
2026-03-19 10:00:00,N07,,,,,,,23.765664,86.419103
2026-03-19 11:00:00,N07,-0.0114,0.005774,3.07,0.0108,0.00026,40.9,23.765664,86.419103
2026-03-19 12:00:00,N07,-0.0564,0.006211,4.88,0.0101,0.000487,41.2,23.765664,86.419103
2026-03-19 13:00:00,N07,-0.1728,0.005429,9.05,0.0098,0.008565,40.9,23.765664,86.419103
2026-03-19 14:00:00,N07,0.2366,0.855372,39.17,0.0273,3.6e-05,40.1,23.765664,86.419103
2026-03-19 15:00:00,N07,-0.0149,0.008148,2.25,0.0097,0.008861,39.0,23.765664,86.419103
2026-03-19 16:00:00,N07,-0.1891,0.005233,5.45,0.0095,0.000307,37.4,23.765664,86.419103
2026-03-19 17:00:00,N07,,,,,,,23.765664,86.419103
2026-03-19 18:00:00,N07,,,,,,,23.765664,86.419103
2026-03-19 19:00:00,N07,,,,,,,23.765664,86.419103
2026-03-19 20:00:00,N07,,,,,,,23.765664,86.419103
2026-03-19 21:00:00,N07,,,,,,,23.765664,86.419103
2026-03-19 22:00:00,N07,-0.2394,0.006425,8.25,0.0098,4.3e-05,27.2,23.765664,86.419103
2026-03-19 23:00:00,N07,-0.1715,0.007299,7.41,0.0095,0.000329,26.4,23.765664,86.419103
2026-03-20 00:00:00,N07,-0.3723,0.006112,4.77,0.0091,2.4e-05,23.1,23.765664,86.419103
2026-03-20 01:00:00,N07,0.0536,0.008763,5.66,0.0095,0.000287,23.3,23.765664,86.419103
2026-03-20 02:00:00,N07,,,,,,,23.765664,86.419103
2026-03-20 03:00:00,N07,,,,,,,23.765664,86.419103
2026-03-20 04:00:00,N07,-0.2355,0.006318,5.93,0.0094,0.000728,26.8,23.765664,86.419103
2026-03-20 05:00:00,N07,0.2214,0.005637,5.6,0.0088,0.000595,28.6,23.765664,86.419103
2026-03-20 06:00:00,N07,0.2123,0.007289,3.44,0.0082,0.000127,30.6,23.765664,86.419103
2026-03-20 07:00:00,N07,0.2077,0.005291,3.82,0.0085,0.000117,32.5,23.765664,86.419103
2026-03-20 08:00:00,N07,-0.2623,0.006309,2.33,0.008,0.000539,34.3,23.765664,86.419103
2026-03-20 09:00:00,N07,,,,,,,23.765664,86.419103
2026-03-20 10:00:00,N07,,,,,,,23.765664,86.419103
2026-03-20 11:00:00,N07,0.0636,0.006483,6.38,0.0065,0.000626,37.8,23.765664,86.419103
2026-03-20 12:00:00,N07,0.1812,0.006834,2.68,0.0055,0.00029,38.1,23.765664,86.419103
2026-03-20 13:00:00,N07,0.06,0.005314,7.72,0.0059,0.000462,37.8,23.765664,86.419103
2026-03-20 14:00:00,N07,-0.0109,0.005569,2.34,0.0064,0.000188,37.1,23.765664,86.419103
2026-03-20 15:00:00,N07,0.1507,0.005701,4.0,0.0063,0.007127,35.9,23.765664,86.419103
2026-03-20 16:00:00,N07,-0.1378,0.781362,38.04,-0.0079,0.000336,34.3,23.765664,86.419103
2026-03-20 17:00:00,N07,0.0381,0.007858,7.44,0.0069,0.007674,32.5,23.765664,86.419103
2026-03-20 18:00:00,N07,0.0195,0.007812,7.59,0.0075,0.000534,30.6,23.765664,86.419103
2026-03-20 19:00:00,N07,-0.1054,0.006875,7.98,0.008,0.000257,28.6,23.765664,86.419103
2026-03-20 20:00:00,N07,0.226,0.005433,3.72,0.007,0.000823,26.8,23.765664,86.419103
2026-03-20 21:00:00,N07,,,,,,,23.765664,86.419103
2026-03-20 22:00:00,N07,,,,,,,23.765664,86.419103
2026-03-20 23:00:00,N07,,,,,,,23.765664,86.419103
2026-03-21 00:00:00,N07,0.1384,0.006645,3.0,0.0066,0.000217,27.0,23.765664,86.419103
2026-03-21 01:00:00,N07,0.0313,0.005097,7.09,0.0069,0.000136,27.3,23.765664,86.419103
2026-03-21 02:00:00,N07,,,,,,,23.765664,86.419103
2026-03-21 03:00:00,N07,,,,,,,23.765664,86.419103
2026-03-21 04:00:00,N07,,,,,,,23.765664,86.419103
2026-03-21 05:00:00,N07,,,,,,,23.765664,86.419103
2026-03-21 06:00:00,N07,0.069,0.006772,4.45,0.0071,0.000278,34.5,23.765664,86.419103
2026-03-21 07:00:00,N07,0.221,0.005357,7.17,0.0068,0.007282,36.4,23.765664,86.419103
2026-03-21 08:00:00,N07,0.3528,0.683828,17.18,-0.0074,0.00764,38.2,23.765664,86.419103
2026-03-21 09:00:00,N07,,,,,,,23.765664,86.419103
2026-03-21 10:00:00,N07,,,,,,,23.765664,86.419103
2026-03-21 11:00:00,N07,,,,,,,23.765664,86.419103
2026-03-21 12:00:00,N07,,,,,,,23.765664,86.419103
2026-03-21 13:00:00,N07,,,,,,,23.765664,86.419103
2026-03-21 14:00:00,N07,-0.0236,0.009677,4.66,0.0051,0.000189,41.0,23.765664,86.419103
2026-03-21 15:00:00,N07,-0.2016,0.005602,1.42,0.0051,4.3e-05,39.8,23.765664,86.419103
2026-03-21 16:00:00,N07,-0.0243,0.008655,9.55,0.005,0.000242,38.2,23.765664,86.419103
2026-03-21 17:00:00,N07,,,,,,,23.765664,86.419103
2026-03-21 18:00:00,N07,,,,,,,23.765664,86.419103
2026-03-21 19:00:00,N07,,,,,,,23.765664,86.419103
2026-03-21 20:00:00,N07,,,,,,,23.765664,86.419103
2026-03-21 21:00:00,N07,-0.2362,0.00566,9.47,0.0063,0.000324,29.2,23.765664,86.419103
2026-03-21 22:00:00,N07,-0.1793,0.005215,8.08,0.007,0.000291,28.0,23.765664,86.419103
2026-03-21 23:00:00,N07,-0.181,0.006255,1.37,0.0069,0.0005,27.3,23.765664,86.419103
2026-03-22 00:00:00,N07,,,,,,,23.765664,86.419103
2026-03-22 01:00:00,N07,,,,,,,23.765664,86.419103
2026-03-22 02:00:00,N07,0.0848,0.005226,5.86,0.0066,2.8e-05,27.8,23.765664,86.419103
2026-03-22 03:00:00,N07,,,,,,,23.765664,86.419103
2026-03-22 04:00:00,N07,,,,,,,23.765664,86.419103
2026-03-22 05:00:00,N07,,,,,,,23.765664,86.419103
2026-03-22 06:00:00,N07,0.0479,0.006056,6.62,0.006,3e-05,34.3,23.765664,86.419103
2026-03-22 07:00:00,N07,0.0473,0.007502,4.6,0.0067,0.000231,36.3,23.765664,86.419103
2026-03-22 08:00:00,N07,,,,,,,23.765664,86.419103
2026-03-22 09:00:00,N07,,,,,,,23.765664,86.419103
2026-03-22 10:00:00,N07,,,,,,,23.765664,86.419103
2026-03-22 11:00:00,N07,,,,,,,23.765664,86.419103
2026-03-22 12:00:00,N07,0.1067,0.660686,17.76,0.0055,0.006127,41.8,23.765664,86.419103
2026-03-22 13:00:00,N07,0.0294,0.005407,4.91,0.0056,0.000373,41.6,23.765664,86.419103
2026-03-22 14:00:00,N07,0.0963,0.00703,6.85,0.0063,0.008575,40.8,23.765664,86.419103
2026-03-22 15:00:00,N07,0.1364,0.995334,40.88,-0.0115,0.009169,39.6,23.765664,86.419103
2026-03-22 16:00:00,N07,0.0565,0.971608,18.65,-0.0121,0.008231,38.1,23.765664,86.419103
2026-03-22 17:00:00,N07,0.0462,0.005359,7.47,0.005,0.008454,36.3,23.765664,86.419103
2026-03-22 18:00:00,N07,0.2456,0.006245,6.48,0.0048,0.000133,34.3,23.765664,86.419103
2026-03-22 19:00:00,N07,-0.0919,0.005366,4.44,0.0047,0.000439,32.4,23.765664,86.419103
2026-03-22 20:00:00,N07,-0.0432,0.005558,4.99,0.004,0.000374,30.6,23.765664,86.419103
2026-03-22 21:00:00,N07,0.1551,0.006362,6.23,0.0039,7.7e-05,29.0,23.765664,86.419103
2026-03-22 22:00:00,N07,0.0633,0.007025,1.23,0.0038,4.2e-05,27.8,23.765664,86.419103
2026-03-22 23:00:00,N07,-0.1516,0.007949,3.78,0.0039,0.000208,27.1,23.765664,86.419103
2026-03-23 00:00:00,N07,0.0468,0.006169,7.34,0.0042,0.000261,26.1,23.765664,86.419103
2026-03-23 01:00:00,N07,-0.1663,0.00581,9.06,0.0033,0.000428,26.3,23.765664,86.419103
2026-03-23 02:00:00,N07,,,,,,,23.765664,86.419103
2026-03-23 03:00:00,N07,,,,,,,23.765664,86.419103
2026-03-23 04:00:00,N07,,,,,,,23.765664,86.419103
2026-03-23 05:00:00,N07,-0.0872,0.005877,8.87,0.0014,0.000929,31.6,23.765664,86.419103
2026-03-23 06:00:00,N07,-0.0121,0.006284,7.25,0.0007,0.000282,33.6,23.765664,86.419103
2026-03-23 07:00:00,N07,-0.1443,0.006716,6.16,0.0008,5.9e-05,35.5,23.765664,86.419103
2026-03-23 08:00:00,N07,-0.1091,0.005619,1.75,0.0006,0.009918,37.3,23.765664,86.419103
2026-03-23 09:00:00,N07,-0.2385,0.681557,44.32,-0.019,0.010328,38.9,23.765664,86.419103
2026-03-23 10:00:00,N07,0.0376,0.682673,25.08,0.0212,0.012668,40.1,23.765664,86.419103
2026-03-23 11:00:00,N07,-0.371,0.675893,41.29,0.0063,0.010094,40.8,23.765664,86.419103
2026-03-23 12:00:00,N07,-0.3768,0.007374,3.79,0.0011,0.002261,41.1,23.765664,86.419103
2026-03-23 13:00:00,N07,0.1733,0.00937,2.21,0.0018,0.000617,40.8,23.765664,86.419103
2026-03-23 14:00:00,N07,0.0013,0.008235,9.93,0.0023,0.000652,40.1,23.765664,86.419103
2026-03-23 15:00:00,N07,-0.1406,0.006273,2.87,0.0031,0.000442,38.9,23.765664,86.419103
2026-03-23 16:00:00,N07,-0.0143,0.005311,8.7,0.0032,6e-06,37.3,23.765664,86.419103
2026-03-23 17:00:00,N07,0.3314,0.008115,4.19,0.0031,5.2e-05,35.5,23.765664,86.419103
2026-03-23 18:00:00,N07,-0.0421,0.005507,2.2,0.0031,0.000243,33.6,23.765664,86.419103
2026-03-23 19:00:00,N07,-0.1521,0.005996,5.25,0.0036,0.000137,31.6,23.765664,86.419103
2026-03-23 20:00:00,N07,-0.2191,0.005909,7.76,0.0033,5e-05,29.8,23.765664,86.419103
2026-03-23 21:00:00,N07,0.2186,0.007375,3.29,0.0035,2.3e-05,28.3,23.765664,86.419103
2026-03-23 22:00:00,N07,0.0803,0.006418,9.98,0.0033,0.000361,27.1,23.765664,86.419103
2026-03-23 23:00:00,N07,0.1148,0.005337,1.37,0.0027,0.000636,26.3,23.765664,86.419103
2026-03-24 00:00:00,N07,,,,,,,23.765664,86.419103
2026-03-24 01:00:00,N07,0.1978,0.007502,1.53,0.0017,1.9e-05,27.0,23.765664,86.419103
2026-03-24 02:00:00,N07,0.1421,0.010423,8.43,0.002,0.000564,27.8,23.765664,86.419103
2026-03-24 03:00:00,N07,-0.2263,0.007921,5.46,0.0028,0.00059,29.0,23.765664,86.419103
2026-03-24 04:00:00,N07,,,,,,,23.765664,86.419103
2026-03-24 05:00:00,N07,,,,,,,23.765664,86.419103
2026-03-24 06:00:00,N07,,,,,,,23.765664,86.419103
2026-03-24 07:00:00,N07,-0.0353,0.00879,4.54,0.0019,0.005247,36.2,23.765664,86.419103
2026-03-24 08:00:00,N07,-0.0507,0.007812,4.68,0.0017,0.000123,38.0,23.765664,86.419103
2026-03-24 09:00:00,N07,-0.0113,0.007834,3.42,0.0016,0.007625,39.6,23.765664,86.419103
2026-03-24 10:00:00,N07,-0.0934,0.655306,35.95,0.017,0.007893,40.8,23.765664,86.419103
2026-03-24 11:00:00,N07,0.1786,0.884122,24.58,0.0174,0.007648,41.5,23.765664,86.419103
2026-03-24 12:00:00,N07,-0.0328,0.006657,9.76,0.0017,0.00747,41.8,23.765664,86.419103
2026-03-24 13:00:00,N07,-0.001,0.00608,2.54,0.0025,0.000362,41.5,23.765664,86.419103
2026-03-24 14:00:00,N07,0.043,0.007156,4.39,0.0024,0.000435,40.8,23.765664,86.419103
2026-03-24 15:00:00,N07,0.1109,0.005491,7.17,0.0033,0.006188,39.6,23.765664,86.419103
2026-03-24 16:00:00,N07,0.1041,0.677418,21.92,-0.01,0.006429,38.0,23.765664,86.419103
2026-03-24 17:00:00,N07,-0.1889,0.581467,28.19,-0.0095,0.006556,36.2,23.765664,86.419103
2026-03-24 18:00:00,N07,-0.0352,0.005331,6.23,0.0031,0.006,34.3,23.765664,86.419103
2026-03-24 19:00:00,N07,0.1384,0.005939,8.71,0.0025,0.000365,32.3,23.765664,86.419103
2026-03-24 20:00:00,N07,0.2663,0.006647,1.65,0.0024,0.000177,30.5,23.765664,86.419103
2026-03-24 21:00:00,N07,0.2921,0.005273,8.11,0.0028,0.000573,29.0,23.765664,86.419103
2026-03-24 22:00:00,N07,0.2367,0.005049,8.49,0.0035,0.000334,27.8,23.765664,86.419103
2026-03-24 23:00:00,N07,0.1471,0.006305,6.91,0.0035,2.6e-05,27.0,23.765664,86.419103
2026-03-25 00:00:00,N07,-0.0248,0.006342,1.17,0.0035,0.000187,29.0,23.765664,86.419103
2026-03-25 01:00:00,N07,-0.0863,0.007801,1.76,0.0031,0.000248,29.2,23.765664,86.419103
2026-03-25 02:00:00,N07,0.2155,0.006038,5.44,0.003,0.000148,30.0,23.765664,86.419103
2026-03-25 03:00:00,N07,-0.0032,0.007019,6.62,0.0034,0.000544,31.2,23.765664,86.419103
2026-03-25 04:00:00,N07,-0.0296,0.008309,4.46,0.0041,0.000363,32.7,23.765664,86.419103
2026-03-25 05:00:00,N07,0.2018,0.007175,2.15,0.0042,0.000263,34.5,23.765664,86.419103
2026-03-25 06:00:00,N07,-0.1023,0.00729,8.16,0.0046,0.000397,36.5,23.765664,86.419103
2026-03-25 07:00:00,N07,0.0691,0.007707,3.71,0.005,0.000495,38.4,23.765664,86.419103
2026-03-25 08:00:00,N07,-0.1442,0.005074,5.39,0.0056,0.000128,40.2,23.765664,86.419103
2026-03-25 09:00:00,N07,0.1627,0.007195,7.33,0.0052,0.000443,41.8,23.765664,86.419103
2026-03-25 10:00:00,N07,0.19,0.00539,6.31,0.0047,0.000463,43.0,23.765664,86.419103
2026-03-25 11:00:00,N07,0.1371,0.006297,1.65,0.0043,0.00473,43.7,23.765664,86.419103
2026-03-25 12:00:00,N07,-0.1289,0.976098,22.87,0.0142,0.000288,44.0,23.765664,86.419103
2026-03-25 13:00:00,N07,0.0178,0.006575,5.46,0.0049,0.004937,43.7,23.765664,86.419103
2026-03-25 14:00:00,N07,,,,,,,23.765664,86.419103
2026-03-25 15:00:00,N07,,,,,,,23.765664,86.419103
2026-03-25 16:00:00,N07,,,,,,,23.765664,86.419103
2026-03-25 17:00:00,N07,,,,,,,23.765664,86.419103
2026-03-25 18:00:00,N07,-0.0568,0.010303,2.02,0.0035,0.000567,36.5,23.765664,86.419103
2026-03-25 19:00:00,N07,-0.0551,0.00564,6.83,0.0025,0.0007,34.5,23.765664,86.419103
2026-03-25 20:00:00,N07,-0.2164,0.007249,4.92,0.0021,0.000313,32.7,23.765664,86.419103
2026-03-25 21:00:00,N07,0.0716,0.005566,3.4,0.0018,8e-06,31.2,23.765664,86.419103
2026-03-25 22:00:00,N07,0.0791,0.006454,4.25,0.0021,0.000285,30.0,23.765664,86.419103
2026-03-25 23:00:00,N07,0.0324,0.006438,2.87,0.0024,0.00066,29.2,23.765664,86.419103
2026-03-26 00:00:00,N07,,,,,,,23.765664,86.419103
2026-03-26 01:00:00,N07,,,,,,,23.765664,86.419103
2026-03-26 02:00:00,N07,,,,,,,23.765664,86.419103
2026-03-26 03:00:00,N07,,,,,,,23.765664,86.419103
2026-03-26 04:00:00,N07,,,,,,,23.765664,86.419103
2026-03-26 05:00:00,N07,,,,,,,23.765664,86.419103
2026-03-26 06:00:00,N07,,,,,,,23.765664,86.419103
2026-03-26 07:00:00,N07,,,,,,,23.765664,86.419103
2026-03-26 08:00:00,N07,,,,,,,23.765664,86.419103
2026-03-26 09:00:00,N07,-0.2347,0.005023,9.9,0.0062,0.000664,40.5,23.765664,86.419103
2026-03-26 10:00:00,N07,-0.1119,0.005088,6.9,0.007,0.00766,41.7,23.765664,86.419103
2026-03-26 11:00:00,N07,-0.4093,0.577744,33.01,0.0215,0.012369,42.4,23.765664,86.419103
2026-03-26 12:00:00,N07,0.0559,0.703018,19.7,0.0317,0.006339,42.7,23.765664,86.419103
2026-03-26 13:00:00,N07,-0.2565,0.006989,1.12,0.0089,0.011307,42.4,23.765664,86.419103
2026-03-26 14:00:00,N07,0.0616,0.006936,4.4,0.0091,3.8e-05,41.7,23.765664,86.419103
2026-03-26 15:00:00,N07,-0.0656,0.005481,6.17,0.0088,0.000135,40.5,23.765664,86.419103
2026-03-26 16:00:00,N07,0.2901,0.005118,1.63,0.0088,0.000136,38.9,23.765664,86.419103
2026-03-26 17:00:00,N07,0.1388,0.005273,8.02,0.0085,0.000447,37.1,23.765664,86.419103
2026-03-26 18:00:00,N07,0.0027,0.007909,6.75,0.0079,0.00036,35.2,23.765664,86.419103
2026-03-26 19:00:00,N07,0.0503,0.009128,4.15,0.0078,0.000298,33.3,23.765664,86.419103
2026-03-26 20:00:00,N07,-0.1328,0.005747,5.87,0.0073,9.2e-05,31.4,23.765664,86.419103
2026-03-26 21:00:00,N07,0.0763,0.007577,8.8,0.0076,7.9e-05,29.9,23.765664,86.419103
2026-03-26 22:00:00,N07,0.1267,0.006198,5.07,0.0072,1.8e-05,28.7,23.765664,86.419103
2026-03-26 23:00:00,N07,-0.0444,0.006555,9.1,0.0076,0.000417,27.9,23.765664,86.419103
2026-03-27 00:00:00,N07,-0.069,0.005848,8.47,0.008,0.000228,27.7,23.765664,86.419103
2026-03-27 01:00:00,N07,-0.3049,0.00649,2.26,0.0072,4.2e-05,28.0,23.765664,86.419103
2026-03-27 02:00:00,N07,0.3673,0.006815,6.66,0.0081,4.9e-05,28.7,23.765664,86.419103
2026-03-27 03:00:00,N07,-0.2283,0.006463,5.35,0.0073,9.7e-05,29.9,23.765664,86.419103
2026-03-27 04:00:00,N07,0.0968,0.005307,8.33,0.0079,0.000126,31.5,23.765664,86.419103
2026-03-27 05:00:00,N07,0.0346,0.006291,4.8,0.0075,1.2e-05,33.3,23.765664,86.419103
2026-03-27 06:00:00,N07,-0.2374,0.005638,3.6,0.0079,0.000177,35.2,23.765664,86.419103
2026-03-27 07:00:00,N07,0.067,0.005911,1.84,0.0079,8e-06,37.2,23.765664,86.419103
2026-03-27 08:00:00,N07,,,,,,,23.765664,86.419103
2026-03-27 09:00:00,N07,,,,,,,23.765664,86.419103
2026-03-27 10:00:00,N07,-0.1847,0.005573,4.65,0.0071,0.000284,41.7,23.765664,86.419103
2026-03-27 11:00:00,N07,0.1597,0.005364,5.09,0.0078,8.3e-05,42.5,23.765664,86.419103
2026-03-27 12:00:00,N07,0.2323,0.005339,2.26,0.0072,0.000197,42.7,23.765664,86.419103
2026-03-27 13:00:00,N07,-0.0967,0.006456,3.36,0.0082,0.000247,42.5,23.765664,86.419103
2026-03-27 14:00:00,N07,-0.0261,0.005853,1.33,0.0077,0.009035,41.7,23.765664,86.419103
2026-03-27 15:00:00,N07,-0.1526,0.758444,36.38,-0.0098,0.00841,40.5,23.765664,86.419103
2026-03-27 16:00:00,N07,-0.0321,0.621086,42.92,-0.0091,0.016509,39.0,23.765664,86.419103
2026-03-27 17:00:00,N07,-0.0742,0.670487,36.08,0.0232,0.015828,37.2,23.765664,86.419103
2026-03-27 18:00:00,N07,0.038,0.630271,44.56,0.0225,0.007672,35.2,23.765664,86.419103
2026-03-27 19:00:00,N07,-0.005,0.008305,6.79,0.0078,0.00755,33.3,23.765664,86.419103
2026-03-27 20:00:00,N07,-0.0432,0.009178,8.99,0.0074,0.000247,31.5,23.765664,86.419103
2026-03-27 21:00:00,N07,-0.1059,0.005067,6.73,0.0073,7.3e-05,29.9,23.765664,86.419103
2026-03-27 22:00:00,N07,-0.0677,0.005051,2.34,0.0076,0.000139,28.7,23.765664,86.419103
2026-03-27 23:00:00,N07,0.091,0.005729,7.22,0.0076,0.000349,28.0,23.765664,86.419103
2026-03-28 00:00:00,N07,-0.3735,0.005709,8.6,0.0069,0.000315,22.6,23.765664,86.419103
2026-03-28 01:00:00,N07,-0.0943,0.009551,3.84,0.007,0.000499,22.9,23.765664,86.419103
2026-03-28 02:00:00,N07,-0.1772,0.006737,8.46,0.0079,0.00016,23.7,23.765664,86.419103
2026-03-28 03:00:00,N07,0.0108,0.005052,3.57,0.0073,0.000463,24.8,23.765664,86.419103
2026-03-28 04:00:00,N07,-0.0241,0.006637,1.24,0.007,0.000343,26.4,23.765664,86.419103
2026-03-28 05:00:00,N07,0.1081,0.005632,9.68,0.0066,0.000198,28.2,23.765664,86.419103
2026-03-28 06:00:00,N07,0.0506,0.005019,3.08,0.0066,0.000166,30.1,23.765664,86.419103
2026-03-28 07:00:00,N07,,,,,,,23.765664,86.419103
2026-03-28 08:00:00,N07,-0.0185,0.68074,20.69,0.0153,0.000243,33.9,23.765664,86.419103
2026-03-28 09:00:00,N07,0.0472,0.008842,3.29,0.0068,0.00438,35.5,23.765664,86.419103
2026-03-28 10:00:00,N07,0.0469,0.007437,6.76,0.0065,0.00026,36.6,23.765664,86.419103
2026-03-28 11:00:00,N07,0.0228,0.005727,4.44,0.0063,0.00516,37.4,23.765664,86.419103
2026-03-28 12:00:00,N07,-0.1321,0.647747,23.99,0.0168,0.005473,37.6,23.765664,86.419103
2026-03-28 13:00:00,N07,0.0668,0.894663,21.06,0.0172,0.005376,37.4,23.765664,86.419103
2026-03-28 14:00:00,N07,0.137,0.010171,2.91,0.0061,0.005401,36.6,23.765664,86.419103
2026-03-28 15:00:00,N07,-0.0967,0.006689,9.02,0.0064,0.007841,35.5,23.765664,86.419103
2026-03-28 16:00:00,N07,-0.0941,0.667997,33.72,0.0217,0.000379,33.9,23.765664,86.419103
2026-03-28 17:00:00,N07,,,,,,,23.765664,86.419103
2026-03-28 18:00:00,N07,,,,,,,23.765664,86.419103
2026-03-28 19:00:00,N07,,,,,,,23.765664,86.419103
2026-03-28 20:00:00,N07,,,,,,,23.765664,86.419103
2026-03-28 21:00:00,N07,,,,,,,23.765664,86.419103
2026-03-28 22:00:00,N07,,,,,,,23.765664,86.419103
2026-03-28 23:00:00,N07,-0.018,0.007521,3.75,0.0056,0.000213,22.9,23.765664,86.419103
2026-03-29 00:00:00,N07,0.1324,0.007116,8.62,0.0053,0.000265,24.9,23.765664,86.419103
2026-03-29 01:00:00,N07,0.1004,0.005881,8.66,0.0061,0.000763,25.2,23.765664,86.419103
2026-03-29 02:00:00,N07,-0.1783,0.008384,3.35,0.0068,6.5e-05,25.9,23.765664,86.419103
2026-03-29 03:00:00,N07,-0.1821,0.006012,7.4,0.0062,0.000333,27.1,23.765664,86.419103
2026-03-29 04:00:00,N07,0.0236,0.005634,4.15,0.0061,0.00037,28.7,23.765664,86.419103
2026-03-29 05:00:00,N07,-0.1458,0.005543,8.48,0.007,0.000367,30.5,23.765664,86.419103
2026-03-29 06:00:00,N07,-0.0889,0.005419,3.63,0.0069,8.7e-05,32.4,23.765664,86.419103
2026-03-29 07:00:00,N07,-0.0454,0.00554,8.58,0.0071,0.004107,34.4,23.765664,86.419103
2026-03-29 08:00:00,N07,0.1649,0.912035,17.91,0.0151,0.000192,36.2,23.765664,86.419103
2026-03-29 09:00:00,N07,-0.0691,0.006021,1.77,0.0075,0.0038,37.7,23.765664,86.419103
2026-03-29 10:00:00,N07,0.1951,0.006669,5.88,0.0075,5.1e-05,38.9,23.765664,86.419103
2026-03-29 11:00:00,N07,0.0252,0.005686,4.72,0.0074,0.000234,39.7,23.765664,86.419103
2026-03-29 12:00:00,N07,0.1408,0.008466,2.1,0.0079,0.000362,39.9,23.765664,86.419103
2026-03-29 13:00:00,N07,-0.0137,0.007888,8.42,0.0082,9.8e-05,39.7,23.765664,86.419103
2026-03-29 14:00:00,N07,,,,,,,23.765664,86.419103
2026-03-29 15:00:00,N07,,,,,,,23.765664,86.419103
2026-03-29 16:00:00,N07,,,,,,,23.765664,86.419103
2026-03-29 17:00:00,N07,-0.2229,0.722379,23.97,-0.006,0.007025,34.4,23.765664,86.419103
2026-03-29 18:00:00,N07,-0.0568,0.631469,42.58,-0.0059,0.007165,32.4,23.765664,86.419103
2026-03-29 19:00:00,N07,0.024,0.008446,7.97,0.0083,0.007027,30.5,23.765664,86.419103
2026-03-29 20:00:00,N07,0.0164,0.005523,3.11,0.0082,0.000217,28.7,23.765664,86.419103
2026-03-29 21:00:00,N07,0.1603,0.007593,6.09,0.0079,0.000331,27.1,23.765664,86.419103
2026-03-29 22:00:00,N07,-0.1685,0.005215,3.55,0.0075,0.000309,25.9,23.765664,86.419103
2026-03-29 23:00:00,N07,-0.0872,0.00594,1.2,0.0073,0.000104,25.2,23.765664,86.419103
2026-03-30 00:00:00,N07,-0.0956,0.005697,9.52,0.0077,0.000286,24.2,23.765664,86.419103
2026-03-30 01:00:00,N07,-0.0258,0.006544,2.55,0.0078,0.000136,24.5,23.765664,86.419103
2026-03-30 02:00:00,N07,-0.1158,0.006908,6.71,0.008,0.000188,25.2,23.765664,86.419103
2026-03-30 03:00:00,N07,-0.0171,0.008671,7.11,0.0082,9e-05,26.4,23.765664,86.419103
2026-03-30 04:00:00,N07,-0.0351,0.00511,3.73,0.0078,0.000123,28.0,23.765664,86.419103
2026-03-30 05:00:00,N07,-0.1095,0.006312,3.52,0.0085,0.000419,29.8,23.765664,86.419103
2026-03-30 06:00:00,N07,-0.0248,0.006408,8.2,0.0086,6.1e-05,31.7,23.765664,86.419103
2026-03-30 07:00:00,N07,-0.196,0.007297,9.68,0.0086,8.9e-05,33.6,23.765664,86.419103
2026-03-30 08:00:00,N07,-0.2436,0.005217,8.7,0.0088,5.3e-05,35.5,23.765664,86.419103
2026-03-30 09:00:00,N07,0.1599,0.006872,5.75,0.0085,0.000304,37.0,23.765664,86.419103
2026-03-30 10:00:00,N07,0.229,0.006184,2.38,0.0094,0.000403,38.2,23.765664,86.419103
2026-03-30 11:00:00,N07,0.0875,0.007508,6.19,0.0093,0.003629,38.9,23.765664,86.419103
2026-03-30 12:00:00,N07,-0.3195,0.812626,35.81,0.0167,3.9e-05,39.2,23.765664,86.419103
2026-03-30 13:00:00,N07,0.1036,0.007674,1.35,0.0092,0.00402,38.9,23.765664,86.419103
2026-03-30 14:00:00,N07,,,,,,,23.765664,86.419103
2026-03-30 15:00:00,N07,,,,,,,23.765664,86.419103
2026-03-30 16:00:00,N07,,,,,,,23.765664,86.419103
2026-03-30 17:00:00,N07,,,,,,,23.765664,86.419103
2026-03-30 18:00:00,N07,,,,,,,23.765664,86.419103
2026-03-30 19:00:00,N07,0.1114,0.005431,4.96,0.0084,4.6e-05,29.8,23.765664,86.419103
2026-03-30 20:00:00,N07,0.297,0.00622,9.04,0.0088,0.000273,28.0,23.765664,86.419103
2026-03-30 21:00:00,N07,,,,,,,23.765664,86.419103
2026-03-30 22:00:00,N07,,,,,,,23.765664,86.419103
2026-03-30 23:00:00,N07,,,,,,,23.765664,86.419103
2026-03-31 00:00:00,N07,,,,,,,23.765664,86.419103
2026-03-31 01:00:00,N07,-0.0754,0.005772,1.76,0.01,0.000412,26.3,23.765664,86.419103
2026-03-31 02:00:00,N07,,,,,,,23.765664,86.419103
2026-03-31 03:00:00,N07,,,,,,,23.765664,86.419103
2026-03-31 04:00:00,N07,,,,,,,23.765664,86.419103
2026-03-31 05:00:00,N07,,,,,,,23.765664,86.419103
2026-03-31 06:00:00,N07,-0.0718,0.00549,2.44,0.0125,0.000603,33.5,23.765664,86.419103
2026-03-31 07:00:00,N07,0.0423,0.005162,4.47,0.0132,0.000149,35.5,23.765664,86.419103
2026-03-31 08:00:00,N07,0.157,0.006213,7.29,0.0128,0.000327,37.3,23.765664,86.419103
2026-03-31 09:00:00,N07,-0.2458,0.005235,8.03,0.0126,0.000123,38.8,23.765664,86.419103
2026-03-31 10:00:00,N07,-0.0182,0.007522,4.64,0.0131,4.9e-05,40.0,23.765664,86.419103
2026-03-31 11:00:00,N07,-0.3674,0.006703,6.81,0.0126,0.005581,40.8,23.765664,86.419103
2026-03-31 12:00:00,N07,0.2787,0.661336,15.3,0.0242,4e-06,41.0,23.765664,86.419103
2026-03-31 13:00:00,N07,0.0667,0.006555,1.01,0.0127,0.005793,40.8,23.765664,86.419103
2026-03-31 14:00:00,N07,0.048,0.005944,2.33,0.0126,0.000444,40.0,23.765664,86.419103
2026-03-31 15:00:00,N07,-0.0203,0.006253,1.18,0.0118,0.000485,38.8,23.765664,86.419103
2026-03-31 16:00:00,N07,0.0801,0.005966,8.61,0.0117,0.000148,37.3,23.765664,86.419103
2026-03-31 17:00:00,N07,-0.1111,0.007366,5.62,0.0121,0.00017,35.5,23.765664,86.419103
2026-03-31 18:00:00,N07,-0.0666,0.005472,3.21,0.012,8.6e-05,33.5,23.765664,86.419103
2026-03-31 19:00:00,N07,0.0191,0.007244,8.13,0.0122,0.000136,31.6,23.765664,86.419103
2026-03-31 20:00:00,N07,-0.1009,0.013923,5.96,0.0123,0.000101,29.8,23.765664,86.419103
2026-03-31 21:00:00,N07,-0.0939,0.005238,4.07,0.0124,0.000109,28.2,23.765664,86.419103
2026-03-31 22:00:00,N07,0.0637,0.006169,4.95,0.0121,0.000381,27.0,23.765664,86.419103
2026-03-31 23:00:00,N07,0.2273,0.007703,4.18,0.0117,0.000386,26.3,23.765664,86.419103
2026-04-01 00:00:00,N07,-0.0513,0.005181,9.53,0.0113,0.000511,21.1,23.765664,86.419103
2026-04-01 01:00:00,N07,0.1642,0.005605,4.62,0.0107,0.000359,21.3,23.765664,86.419103
2026-04-01 02:00:00,N07,-0.1088,0.007671,6.07,0.0106,0.000228,22.1,23.765664,86.419103
2026-04-01 03:00:00,N07,-0.0903,0.00698,3.75,0.0102,0.000554,23.3,23.765664,86.419103
2026-04-01 04:00:00,N07,-0.1807,0.006262,5.22,0.0095,0.000647,24.8,23.765664,86.419103
2026-04-01 05:00:00,N07,0.2486,0.00541,8.05,0.0089,0.000217,26.6,23.765664,86.419103
2026-04-01 06:00:00,N07,,,,,,,23.765664,86.419103
2026-04-01 07:00:00,N07,,,,,,,23.765664,86.419103
2026-04-01 08:00:00,N07,,,,,,,23.765664,86.419103
2026-04-01 09:00:00,N07,,,,,,,23.765664,86.419103
2026-04-01 10:00:00,N07,0.1495,0.564066,43.89,0.0135,2.6e-05,35.1,23.765664,86.419103
2026-04-01 11:00:00,N07,0.1701,0.005049,7.86,0.0083,0.00254,35.8,23.765664,86.419103
2026-04-01 12:00:00,N07,-0.1298,0.005956,8.6,0.0084,0.000465,36.1,23.765664,86.419103
2026-04-01 13:00:00,N07,0.1013,0.009632,7.37,0.0074,0.00045,35.8,23.765664,86.419103
2026-04-01 14:00:00,N07,0.0842,0.006916,6.4,0.0075,0.000219,35.1,23.765664,86.419103
2026-04-01 15:00:00,N07,0.0604,0.006304,7.26,0.0069,0.000377,33.9,23.765664,86.419103
2026-04-01 16:00:00,N07,0.0075,0.00579,9.45,0.0067,0.000352,32.3,23.765664,86.419103
2026-04-01 17:00:00,N07,0.0508,0.005494,9.97,0.0062,8e-06,30.5,23.765664,86.419103
2026-04-01 18:00:00,N07,-0.4781,0.007878,4.34,0.0067,4.6e-05,28.6,23.765664,86.419103
2026-04-01 19:00:00,N07,,,,,,,23.765664,86.419103
2026-04-01 20:00:00,N07,-0.1178,0.009341,4.3,0.0056,0.000324,24.8,23.765664,86.419103
2026-04-01 21:00:00,N07,-0.0846,0.00774,3.79,0.0057,0.000295,23.3,23.765664,86.419103
2026-04-01 22:00:00,N07,-0.044,0.008234,5.9,0.0062,0.00015,22.1,23.765664,86.419103
2026-04-01 23:00:00,N07,0.2299,0.006624,4.51,0.006,8.9e-05,21.3,23.765664,86.419103
2026-04-02 00:00:00,N07,-0.2084,0.006578,1.74,0.006,0.000139,25.3,23.765664,86.419103
2026-04-02 01:00:00,N07,0.0447,0.007068,5.88,0.0057,0.000156,25.5,23.765664,86.419103
2026-04-02 02:00:00,N07,-0.1551,0.005057,5.37,0.0057,0.000515,26.3,23.765664,86.419103
2026-04-02 03:00:00,N07,-0.1176,0.007033,2.11,0.0067,0.000492,27.5,23.765664,86.419103
2026-04-02 04:00:00,N07,,,,,,,23.765664,86.419103
2026-04-02 05:00:00,N07,,,,,,,23.765664,86.419103
2026-04-02 06:00:00,N07,-0.0531,0.005025,3.86,0.0063,0.000141,32.8,23.765664,86.419103
2026-04-02 07:00:00,N07,0.0625,0.007419,4.66,0.0063,0.000245,34.7,23.765664,86.419103
2026-04-02 08:00:00,N07,0.0417,0.006117,2.52,0.0058,0.000679,36.5,23.765664,86.419103
2026-04-02 09:00:00,N07,-0.1671,0.008613,3.52,0.005,0.000374,38.1,23.765664,86.419103
2026-04-02 10:00:00,N07,0.054,0.007614,3.21,0.005,6.4e-05,39.3,23.765664,86.419103
2026-04-02 11:00:00,N07,0.1394,0.006798,7.65,0.0051,0.000367,40.0,23.765664,86.419103
2026-04-02 12:00:00,N07,0.1644,0.006132,6.99,0.0043,0.000428,40.3,23.765664,86.419103
2026-04-02 13:00:00,N07,0.164,0.005243,4.71,0.0043,0.000202,40.0,23.765664,86.419103
2026-04-02 14:00:00,N07,,,,,,,23.765664,86.419103
2026-04-02 15:00:00,N07,,,,,,,23.765664,86.419103
2026-04-02 16:00:00,N07,,,,,,,23.765664,86.419103
2026-04-02 17:00:00,N07,,,,,,,23.765664,86.419103
2026-04-02 18:00:00,N07,,,,,,,23.765664,86.419103
2026-04-02 19:00:00,N07,0.0603,0.005815,6.58,0.0036,0.000158,30.8,23.765664,86.419103
2026-04-02 20:00:00,N07,-0.1841,0.005062,3.34,0.0031,1.5e-05,29.0,23.765664,86.419103
2026-04-02 21:00:00,N07,,,,,,,23.765664,86.419103
2026-04-02 22:00:00,N07,-0.0947,0.008212,5.65,0.0033,4.2e-05,26.3,23.765664,86.419103
2026-04-02 23:00:00,N07,-0.0126,0.007412,4.37,0.0035,0.000167,25.5,23.765664,86.419103
2026-04-03 00:00:00,N07,,,,,,,23.765664,86.419103
2026-04-03 01:00:00,N07,,,,,,,23.765664,86.419103
2026-04-03 02:00:00,N07,,,,,,,23.765664,86.419103
2026-04-03 03:00:00,N07,-0.0908,0.00514,5.56,0.004,0.000307,24.8,23.765664,86.419103
2026-04-03 04:00:00,N07,0.1175,0.008135,4.62,0.0035,0.00031,26.4,23.765664,86.419103
2026-04-03 05:00:00,N07,0.0338,0.007506,2.43,0.0034,0.008398,28.2,23.765664,86.419103
2026-04-03 06:00:00,N07,-0.194,0.921119,24.4,-0.0133,0.008442,30.1,23.765664,86.419103
2026-04-03 07:00:00,N07,0.2031,0.987094,32.88,-0.0135,0.008197,32.1,23.765664,86.419103
2026-04-03 08:00:00,N07,0.071,0.005469,5.02,0.003,0.007985,33.9,23.765664,86.419103
2026-04-03 09:00:00,N07,0.1862,0.007719,5.54,0.0025,0.000372,35.4,23.765664,86.419103
2026-04-03 10:00:00,N07,0.1901,0.00542,4.58,0.0023,3.5e-05,36.6,23.765664,86.419103
2026-04-03 11:00:00,N07,-0.178,0.009913,1.53,0.0025,5e-06,37.4,23.765664,86.419103
2026-04-03 12:00:00,N07,-0.0868,0.007604,5.5,0.0023,0.000407,37.6,23.765664,86.419103
2026-04-03 13:00:00,N07,0.0757,0.007056,9.97,0.0017,5.3e-05,37.4,23.765664,86.419103
2026-04-03 14:00:00,N07,-0.0658,0.005562,1.01,0.0022,3e-06,36.6,23.765664,86.419103
2026-04-03 15:00:00,N07,0.1036,0.008186,9.89,0.0017,0.000357,35.4,23.765664,86.419103
2026-04-03 16:00:00,N07,0.0495,0.006361,7.17,0.0015,0.000874,33.9,23.765664,86.419103
2026-04-03 17:00:00,N07,0.0174,0.006428,9.49,-0.0,0.000791,32.1,23.765664,86.419103
2026-04-03 18:00:00,N07,-0.0077,0.005305,4.78,-0.0001,0.000378,30.1,23.765664,86.419103
2026-04-03 19:00:00,N07,0.0814,0.006076,7.25,0.0007,4.5e-05,28.2,23.765664,86.419103
2026-04-03 20:00:00,N07,0.0191,0.005203,4.02,-0.0002,0.000484,26.4,23.765664,86.419103
2026-04-03 21:00:00,N07,-0.0329,0.008422,2.5,-0.0002,0.000219,24.8,23.765664,86.419103
2026-04-03 22:00:00,N07,-0.2169,0.005987,6.43,0.0003,3e-06,23.6,23.765664,86.419103
2026-04-03 23:00:00,N07,-0.0188,0.005427,2.22,-0.0002,0.000744,22.9,23.765664,86.419103
2026-04-04 00:00:00,N07,-0.0407,0.00551,1.59,-0.0012,0.000941,27.2,23.765664,86.419103
2026-04-04 01:00:00,N07,0.2623,0.005191,4.53,-0.0021,0.000365,27.5,23.765664,86.419103
2026-04-04 02:00:00,N07,-0.0347,0.005977,4.68,-0.002,0.000189,28.3,23.765664,86.419103
2026-04-04 03:00:00,N07,-0.0394,0.005331,4.28,-0.0017,0.000116,29.4,23.765664,86.419103
2026-04-04 04:00:00,N07,-0.0176,0.00653,9.76,-0.0022,0.000182,31.0,23.765664,86.419103
2026-04-04 05:00:00,N07,,,,,,,23.765664,86.419103
2026-04-04 06:00:00,N07,,,,,,,23.765664,86.419103
2026-04-04 07:00:00,N07,,,,,,,23.765664,86.419103
2026-04-04 08:00:00,N07,,,,,,,23.765664,86.419103
2026-04-04 09:00:00,N07,,,,,,,23.765664,86.419103
2026-04-04 10:00:00,N07,-0.0196,0.005336,5.86,-0.0018,0.008967,41.2,23.765664,86.419103
2026-04-04 11:00:00,N07,0.2545,0.005178,9.76,-0.0007,0.000508,42.0,23.765664,86.419103
2026-04-04 12:00:00,N07,-0.0508,0.007371,4.11,-0.0008,0.003391,42.2,23.765664,86.419103
2026-04-04 13:00:00,N07,0.0043,0.863325,45.04,0.0061,0.000473,42.0,23.765664,86.419103
2026-04-04 14:00:00,N07,,,,,,,23.765664,86.419103
2026-04-04 15:00:00,N07,,,,,,,23.765664,86.419103
2026-04-04 16:00:00,N07,,,,,,,23.765664,86.419103
2026-04-04 17:00:00,N07,,,,,,,23.765664,86.419103
2026-04-04 18:00:00,N07,-0.096,0.006258,5.2,-0.0021,0.000166,34.7,23.765664,86.419103
2026-04-04 19:00:00,N07,-0.069,0.008129,1.06,-0.0023,0.000649,32.8,23.765664,86.419103
2026-04-04 20:00:00,N07,,,,,,,23.765664,86.419103
2026-04-04 21:00:00,N07,0.0672,0.012108,2.13,-0.0035,0.000437,29.4,23.765664,86.419103
2026-04-04 22:00:00,N07,0.3366,0.007681,4.99,-0.0042,0.000205,28.3,23.765664,86.419103
2026-04-04 23:00:00,N07,,,,,,,23.765664,86.419103
2026-04-05 00:00:00,N07,,,,,,,23.765664,86.419103
2026-04-05 01:00:00,N07,0.001,0.005956,6.02,-0.0031,0.000379,27.0,23.765664,86.419103
2026-04-05 02:00:00,N07,0.249,0.005158,2.89,-0.0026,0.000543,27.8,23.765664,86.419103
2026-04-05 03:00:00,N07,-0.0143,0.005564,5.95,-0.002,0.000561,29.0,23.765664,86.419103
2026-04-05 04:00:00,N07,-0.0947,0.006926,4.69,-0.0015,0.000263,30.5,23.765664,86.419103
2026-04-05 05:00:00,N07,-0.0409,0.006234,1.31,-0.0015,0.000211,32.3,23.765664,86.419103
2026-04-05 06:00:00,N07,-0.0475,0.008065,3.47,-0.0019,1.4e-05,34.3,23.765664,86.419103
2026-04-05 07:00:00,N07,0.0352,0.005719,8.42,-0.0015,0.004753,36.2,23.765664,86.419103
2026-04-05 08:00:00,N07,-0.1352,0.958399,34.9,0.0076,0.004995,38.0,23.765664,86.419103
2026-04-05 09:00:00,N07,0.0571,0.744653,38.44,0.0085,0.004026,39.6,23.765664,86.419103
2026-04-05 10:00:00,N07,-0.2234,0.008444,7.4,-0.0005,0.004267,40.8,23.765664,86.419103
2026-04-05 11:00:00,N07,-0.191,0.005072,5.52,-0.0001,0.00028,41.5,23.765664,86.419103
2026-04-05 12:00:00,N07,0.0757,0.005605,2.87,0.0001,0.000218,41.8,23.765664,86.419103
2026-04-05 13:00:00,N07,-0.0997,0.005555,8.78,0.0004,7e-06,41.5,23.765664,86.419103
2026-04-05 14:00:00,N07,0.2351,0.006146,6.76,0.0001,0.005818,40.8,23.765664,86.419103
2026-04-05 15:00:00,N07,-0.1854,0.666796,16.22,-0.0113,0.005438,39.6,23.765664,86.419103
2026-04-05 16:00:00,N07,-0.2205,0.71067,42.6,-0.0108,0.005493,38.0,23.765664,86.419103
2026-04-05 17:00:00,N07,-0.3008,0.007159,6.48,-0.0003,0.00525,36.2,23.765664,86.419103
2026-04-05 18:00:00,N07,0.1027,0.006285,4.27,-0.0003,0.000425,34.3,23.765664,86.419103
2026-04-05 19:00:00,N07,0.015,0.006325,4.8,-0.0011,0.000764,32.3,23.765664,86.419103
2026-04-05 20:00:00,N07,0.3765,0.008053,5.41,-0.0018,0.000304,30.5,23.765664,86.419103
2026-04-05 21:00:00,N07,-0.153,0.007849,6.8,-0.0018,0.000279,29.0,23.765664,86.419103
2026-04-05 22:00:00,N07,-0.3171,0.008139,6.01,-0.0024,6.3e-05,27.8,23.765664,86.419103
2026-04-05 23:00:00,N07,0.1726,0.008393,4.37,-0.0016,9.8e-05,27.0,23.765664,86.419103
2026-04-06 00:00:00,N07,0.3404,0.005373,8.75,-0.0022,0.000199,27.5,23.765664,86.419103
2026-04-06 01:00:00,N07,-0.0435,0.005263,8.08,-0.002,9.8e-05,27.8,23.765664,86.419103
2026-04-06 02:00:00,N07,-0.1237,0.005285,7.8,-0.0024,0.000135,28.5,23.765664,86.419103
2026-04-06 03:00:00,N07,-0.1483,0.005433,9.31,-0.0023,0.000297,29.7,23.765664,86.419103
2026-04-06 04:00:00,N07,-0.0663,0.005432,2.2,-0.0018,0.000196,31.3,23.765664,86.419103
2026-04-06 05:00:00,N07,-0.3034,0.006027,3.88,-0.0019,0.000393,33.1,23.765664,86.419103
2026-04-06 06:00:00,N07,0.0301,0.006653,6.3,-0.0026,0.000497,35.0,23.765664,86.419103
2026-04-06 07:00:00,N07,-0.0039,0.006002,6.32,-0.0029,0.000121,37.0,23.765664,86.419103
2026-04-06 08:00:00,N07,0.3157,0.006554,3.29,-0.0028,0.000196,38.8,23.765664,86.419103
2026-04-06 09:00:00,N07,0.128,0.00784,4.02,-0.0025,0.000151,40.3,23.765664,86.419103
2026-04-06 10:00:00,N07,-0.1023,0.005067,9.26,-0.0031,0.000403,41.5,23.765664,86.419103
2026-04-06 11:00:00,N07,,,,,,,23.765664,86.419103
2026-04-06 12:00:00,N07,-0.0989,0.005524,6.15,-0.0029,0.000129,42.5,23.765664,86.419103
2026-04-06 13:00:00,N07,0.0202,0.007578,1.91,-0.0036,0.005546,42.3,23.765664,86.419103
2026-04-06 14:00:00,N07,0.2119,0.992513,40.57,-0.0139,0.005431,41.5,23.765664,86.419103
2026-04-06 15:00:00,N07,0.2247,0.765643,23.14,-0.0144,0.005358,40.3,23.765664,86.419103
2026-04-06 16:00:00,N07,-0.0549,0.006762,9.07,-0.0032,0.005671,38.8,23.765664,86.419103
2026-04-06 17:00:00,N07,0.0681,0.006906,5.42,-0.0031,0.000331,37.0,23.765664,86.419103
2026-04-06 18:00:00,N07,0.1694,0.005515,2.33,-0.0026,0.000114,35.0,23.765664,86.419103
2026-04-06 19:00:00,N07,-0.1895,0.005872,3.47,-0.0029,0.000352,33.1,23.765664,86.419103
2026-04-06 20:00:00,N07,0.0579,0.00653,9.43,-0.0033,0.000422,31.3,23.765664,86.419103
2026-04-06 21:00:00,N07,-0.0247,0.005626,7.03,-0.0037,8.2e-05,29.7,23.765664,86.419103
2026-04-06 22:00:00,N07,-0.0077,0.007338,6.68,-0.0031,0.000293,28.5,23.765664,86.419103
2026-04-06 23:00:00,N07,-0.0832,0.005982,7.35,-0.0031,5.1e-05,27.8,23.765664,86.419103
2026-04-07 00:00:00,N07,-0.1391,0.008798,9.92,-0.0032,0.000378,27.0,23.765664,86.419103
2026-04-07 01:00:00,N07,,,,,,,23.765664,86.419103
2026-04-07 02:00:00,N07,-0.1524,0.006763,2.39,-0.0036,5.1e-05,28.0,23.765664,86.419103
2026-04-07 03:00:00,N07,,,,,,,23.765664,86.419103
2026-04-07 04:00:00,N07,,,,,,,23.765664,86.419103
2026-04-07 05:00:00,N07,,,,,,,23.765664,86.419103
2026-04-07 06:00:00,N07,,,,,,,23.765664,86.419103
2026-04-07 07:00:00,N07,,,,,,,23.765664,86.419103
2026-04-07 08:00:00,N07,,,,,,,23.765664,86.419103
2026-04-07 09:00:00,N07,,,,,,,23.765664,86.419103
2026-04-07 10:00:00,N07,,,,,,,23.765664,86.419103
2026-04-07 11:00:00,N07,,,,,,,23.765664,86.419103
2026-04-07 12:00:00,N07,,,,,,,23.765664,86.419103
2026-04-07 13:00:00,N07,,,,,,,23.765664,86.419103
2026-04-07 14:00:00,N07,,,,,,,23.765664,86.419103
2026-04-07 15:00:00,N07,-0.009,0.005717,9.48,-0.0042,0.000332,39.8,23.765664,86.419103
2026-04-07 16:00:00,N07,-0.0534,0.005592,9.75,-0.0047,0.000426,38.2,23.765664,86.419103
2026-04-07 17:00:00,N07,-0.0958,0.009227,8.61,-0.005,6.8e-05,36.4,23.765664,86.419103
2026-04-07 18:00:00,N07,,,,,,,23.765664,86.419103
2026-04-07 19:00:00,N07,,,,,,,23.765664,86.419103
2026-04-07 20:00:00,N07,-0.1883,0.007159,5.91,-0.0044,0.000337,30.7,23.765664,86.419103
2026-04-07 21:00:00,N07,-0.2526,0.008483,9.21,-0.0049,1.9e-05,29.2,23.765664,86.419103
2026-04-07 22:00:00,N07,0.1092,0.00526,6.89,-0.0043,0.000438,28.0,23.765664,86.419103
2026-04-07 23:00:00,N07,-0.18,0.008061,4.6,-0.004,0.000249,27.2,23.765664,86.419103
2026-04-08 00:00:00,N07,0.077,0.00693,2.22,-0.0048,0.000809,25.4,23.765664,86.419103
2026-04-08 01:00:00,N07,-0.1102,0.006454,7.14,-0.0057,4.4e-05,25.6,23.765664,86.419103
2026-04-08 02:00:00,N07,-0.0007,0.007721,4.94,-0.0049,0.000201,26.4,23.765664,86.419103
2026-04-08 03:00:00,N07,,,,,,,23.765664,86.419103
2026-04-08 04:00:00,N07,,,,,,,23.765664,86.419103
2026-04-08 05:00:00,N07,,,,,,,23.765664,86.419103
2026-04-08 06:00:00,N07,,,,,,,23.765664,86.419103
2026-04-08 07:00:00,N07,-0.1836,0.00548,7.28,-0.0056,5.5e-05,34.8,23.765664,86.419103
2026-04-08 08:00:00,N07,0.2972,0.007488,3.63,-0.0058,0.008176,36.6,23.765664,86.419103
2026-04-08 09:00:00,N07,-0.056,0.91161,24.35,-0.022,0.008544,38.2,23.765664,86.419103
2026-04-08 10:00:00,N07,-0.14,0.654568,21.49,-0.0229,0.007332,39.4,23.765664,86.419103
2026-04-08 11:00:00,N07,0.0957,0.005137,4.08,-0.0073,0.007736,40.1,23.765664,86.419103
2026-04-08 12:00:00,N07,0.0864,0.006865,7.52,-0.0074,7.9e-05,40.4,23.765664,86.419103
2026-04-08 13:00:00,N07,-0.0556,0.005778,2.08,-0.0075,0.006663,40.1,23.765664,86.419103
2026-04-08 14:00:00,N07,0.1331,0.958184,33.13,0.0059,0.006545,39.4,23.765664,86.419103
2026-04-08 15:00:00,N07,-0.1183,0.976106,36.41,0.0056,0.006814,38.2,23.765664,86.419103
2026-04-08 16:00:00,N07,0.1231,0.005923,3.75,-0.0077,0.006904,36.6,23.765664,86.419103
2026-04-08 17:00:00,N07,0.0279,0.005556,6.72,-0.0082,0.000709,34.8,23.765664,86.419103
2026-04-08 18:00:00,N07,-0.1866,0.009627,2.37,-0.0091,0.000781,32.9,23.765664,86.419103
2026-04-08 19:00:00,N07,-0.1994,0.005177,2.71,-0.0098,0.000574,30.9,23.765664,86.419103
2026-04-08 20:00:00,N07,0.3276,0.006152,3.8,-0.0103,1.6e-05,29.1,23.765664,86.419103
2026-04-08 21:00:00,N07,0.0798,0.005017,4.28,-0.0098,6.7e-05,27.6,23.765664,86.419103
2026-04-08 22:00:00,N07,-0.1081,0.007952,9.2,-0.0101,0.000627,26.4,23.765664,86.419103
2026-04-08 23:00:00,N07,0.0438,0.005468,2.29,-0.011,0.000502,25.6,23.765664,86.419103
2026-04-09 00:00:00,N07,0.1188,0.005115,9.15,-0.0111,0.000181,25.5,23.765664,86.419103
2026-04-09 01:00:00,N07,-0.3479,0.005785,6.83,-0.0107,0.000128,25.7,23.765664,86.419103
2026-04-09 02:00:00,N07,-0.0608,0.008729,7.59,-0.0114,0.000208,26.5,23.765664,86.419103
2026-04-09 03:00:00,N07,0.0579,0.007302,4.13,-0.0111,0.000158,27.7,23.765664,86.419103
2026-04-09 04:00:00,N07,-0.0225,0.005392,7.61,-0.0117,0.000276,29.2,23.765664,86.419103
2026-04-09 05:00:00,N07,-0.0521,0.007477,8.74,-0.0116,0.000279,31.0,23.765664,86.419103
2026-04-09 06:00:00,N07,0.1568,0.005847,6.62,-0.0123,1e-05,33.0,23.765664,86.419103
2026-04-09 07:00:00,N07,-0.0,0.006559,6.05,-0.0116,1.2e-05,34.9,23.765664,86.419103
2026-04-09 08:00:00,N07,-0.0662,0.006906,2.35,-0.0122,0.000876,36.7,23.765664,86.419103
2026-04-09 09:00:00,N07,-0.07,0.005523,6.94,-0.0134,0.000672,38.3,23.765664,86.419103
2026-04-09 10:00:00,N07,0.1677,0.005407,5.43,-0.0136,7.3e-05,39.5,23.765664,86.419103
2026-04-09 11:00:00,N07,0.2244,0.007916,5.78,-0.0132,0.003277,40.2,23.765664,86.419103
2026-04-09 12:00:00,N07,-0.1121,0.73975,48.77,-0.0201,0.007992,40.5,23.765664,86.419103
2026-04-09 13:00:00,N07,-0.0823,0.514603,36.68,-0.0292,0.00113,40.2,23.765664,86.419103
2026-04-09 14:00:00,N07,0.1541,0.60749,20.1,-0.0224,0.009992,39.5,23.765664,86.419103
2026-04-09 15:00:00,N07,0.0598,0.612469,42.18,-0.0092,0.003884,38.3,23.765664,86.419103
2026-04-09 16:00:00,N07,-0.0007,0.00814,8.92,-0.0146,0.002429,36.7,23.765664,86.419103
2026-04-09 17:00:00,N07,0.0141,0.006503,8.69,-0.0141,0.000446,34.9,23.765664,86.419103
2026-04-09 18:00:00,N07,0.14,0.005963,5.63,-0.0137,0.000146,33.0,23.765664,86.419103
2026-04-09 19:00:00,N07,,,,,,,23.765664,86.419103
2026-04-09 20:00:00,N07,,,,,,,23.765664,86.419103
2026-04-09 21:00:00,N07,,,,,,,23.765664,86.419103
2026-04-09 22:00:00,N07,,,,,,,23.765664,86.419103
2026-04-09 23:00:00,N07,0.0421,0.005686,5.69,-0.0144,0.000111,25.7,23.765664,86.419103
2026-04-10 00:00:00,N07,-0.0872,0.005589,8.02,-0.0141,0.000432,22.6,23.765664,86.419103
2026-04-10 01:00:00,N07,0.1252,0.006027,2.83,-0.0136,0.000217,22.8,23.765664,86.419103
2026-04-10 02:00:00,N07,-0.086,0.00512,3.82,-0.0146,0.00056,23.6,23.765664,86.419103
2026-04-10 03:00:00,N07,-0.1232,0.005713,7.8,-0.0147,0.000309,24.8,23.765664,86.419103
2026-04-10 04:00:00,N07,0.0951,0.008217,9.65,-0.0152,0.000248,26.3,23.765664,86.419103
2026-04-10 05:00:00,N07,-0.2484,0.007437,1.1,-0.0152,3.1e-05,28.1,23.765664,86.419103
2026-04-10 06:00:00,N07,0.1621,0.006014,2.69,-0.0152,0.00046,30.1,23.765664,86.419103
2026-04-10 07:00:00,N07,-0.0341,0.006455,5.81,-0.0161,0.000492,32.0,23.765664,86.419103
2026-04-10 08:00:00,N07,-0.0767,0.006554,4.21,-0.0162,0.000335,33.8,23.765664,86.419103
2026-04-10 09:00:00,N07,0.3668,0.006515,4.55,-0.0168,1.2e-05,35.4,23.765664,86.419103
2026-04-10 10:00:00,N07,-0.0297,0.005572,5.23,-0.0162,0.000191,36.6,23.765664,86.419103
2026-04-10 11:00:00,N07,-0.481,0.006119,8.44,-0.0172,0.004258,37.3,23.765664,86.419103
2026-04-10 12:00:00,N07,0.1257,0.580502,17.22,-0.0077,0.000284,37.6,23.765664,86.419103
2026-04-10 13:00:00,N07,0.099,0.005724,7.34,-0.0177,0.0049,37.3,23.765664,86.419103
2026-04-10 14:00:00,N07,-0.2661,0.007497,2.14,-0.0175,0.000787,36.6,23.765664,86.419103
2026-04-10 15:00:00,N07,0.2342,0.005296,4.3,-0.0162,0.000349,35.4,23.765664,86.419103
2026-04-10 16:00:00,N07,0.1448,0.007047,9.33,-0.0168,0.000273,33.8,23.765664,86.419103
2026-04-10 17:00:00,N07,0.0463,0.005179,4.35,-0.0167,0.000186,32.0,23.765664,86.419103
2026-04-10 18:00:00,N07,0.0338,0.005423,7.76,-0.0172,0.00056,30.1,23.765664,86.419103
2026-04-10 19:00:00,N07,-0.0696,0.007479,8.27,-0.0178,0.000201,28.1,23.765664,86.419103
2026-04-10 20:00:00,N07,0.0461,0.006575,7.9,-0.0168,0.000595,26.3,23.765664,86.419103
2026-04-10 21:00:00,N07,,,,,,,23.765664,86.419103
2026-04-10 22:00:00,N07,-0.2263,0.006964,6.56,-0.0168,8.2e-05,23.6,23.765664,86.419103
2026-04-10 23:00:00,N07,-0.0667,0.00508,2.82,-0.0165,0.00019,22.8,23.765664,86.419103
2026-04-11 00:00:00,N07,-0.371,0.006417,3.87,-0.0164,8.9e-05,21.3,23.765664,86.419103
2026-04-11 01:00:00,N07,-0.2383,0.006474,1.29,-0.0166,0.000297,21.5,23.765664,86.419103
2026-04-11 02:00:00,N07,-0.032,0.007719,5.76,-0.017,0.000154,22.3,23.765664,86.419103
2026-04-11 03:00:00,N07,0.1428,0.005778,1.77,-0.0163,0.000623,23.5,23.765664,86.419103
2026-04-11 04:00:00,N07,-0.0592,0.008464,8.15,-0.0158,0.00015,25.0,23.765664,86.419103
2026-04-11 05:00:00,N07,-0.0009,0.006658,8.87,-0.016,4.4e-05,26.8,23.765664,86.419103
2026-04-11 06:00:00,N07,0.0657,0.00609,1.39,-0.0158,2.2e-05,28.8,23.765664,86.419103
2026-04-11 07:00:00,N07,-0.0587,0.005102,6.15,-0.016,0.000545,30.7,23.765664,86.419103
2026-04-11 08:00:00,N07,0.0129,0.005277,3.71,-0.0169,0.005377,32.5,23.765664,86.419103
2026-04-11 09:00:00,N07,-0.0473,0.827247,32.68,-0.0268,0.000281,34.1,23.765664,86.419103
2026-04-11 10:00:00,N07,,,,,,,23.765664,86.419103
2026-04-11 11:00:00,N07,,,,,,,23.765664,86.419103
2026-04-11 12:00:00,N07,,,,,,,23.765664,86.419103
2026-04-11 13:00:00,N07,,,,,,,23.765664,86.419103
2026-04-11 14:00:00,N07,0.2183,0.0058,4.74,-0.0164,0.000174,35.2,23.765664,86.419103
2026-04-11 15:00:00,N07,-0.2056,0.00534,9.55,-0.0163,0.00375,34.1,23.765664,86.419103
2026-04-11 16:00:00,N07,-0.1083,0.794578,33.15,-0.0089,0.003741,32.5,23.765664,86.419103
2026-04-11 17:00:00,N07,0.0943,0.925993,20.0,-0.0088,0.00366,30.7,23.765664,86.419103
2026-04-11 18:00:00,N07,-0.0769,0.006825,3.5,-0.0162,0.003822,28.8,23.765664,86.419103
2026-04-11 19:00:00,N07,0.1748,0.005846,2.05,-0.0164,4.7e-05,26.8,23.765664,86.419103
2026-04-11 20:00:00,N07,-0.2643,0.005501,1.07,-0.0161,6.2e-05,25.0,23.765664,86.419103
2026-04-11 21:00:00,N07,-0.1788,0.007005,6.79,-0.0165,0.000462,23.5,23.765664,86.419103
2026-04-11 22:00:00,N07,-0.094,0.007272,4.98,-0.017,0.000446,22.3,23.765664,86.419103
2026-04-11 23:00:00,N07,0.0889,0.007158,1.41,-0.0174,0.00015,21.5,23.765664,86.419103
2026-04-12 00:00:00,N07,0.1376,0.007982,9.44,-0.0167,0.000356,25.8,23.765664,86.419103
2026-04-12 01:00:00,N07,-0.0032,0.008483,3.68,-0.0167,2e-05,26.1,23.765664,86.419103
2026-04-12 02:00:00,N07,-0.0051,0.006095,9.98,-0.0168,0.000329,26.8,23.765664,86.419103
2026-04-12 03:00:00,N07,,,,,,,23.765664,86.419103
2026-04-12 04:00:00,N07,,,,,,,23.765664,86.419103
2026-04-12 05:00:00,N07,,,,,,,23.765664,86.419103
2026-04-12 06:00:00,N07,-0.231,0.831545,16.69,-0.0323,0.0001,33.3,23.765664,86.419103
2026-04-12 07:00:00,N07,0.1237,0.005496,7.58,-0.0171,0.007688,35.2,23.765664,86.419103
2026-04-12 08:00:00,N07,-0.1415,0.006066,9.69,-0.0169,0.007919,37.1,23.765664,86.419103
2026-04-12 09:00:00,N07,-0.0015,0.798458,19.53,-0.033,3.4e-05,38.6,23.765664,86.419103
2026-04-12 10:00:00,N07,-0.0861,0.006753,8.12,-0.0169,0.008159,39.8,23.765664,86.419103
2026-04-12 11:00:00,N07,,,,,,,23.765664,86.419103
2026-04-12 12:00:00,N07,0.1072,0.00715,9.55,-0.017,4.1e-05,40.8,23.765664,86.419103
2026-04-12 13:00:00,N07,-0.0176,0.005496,8.33,-0.0167,0.000315,40.5,23.765664,86.419103
2026-04-12 14:00:00,N07,-0.0082,0.007467,9.53,-0.0163,0.00029,39.8,23.765664,86.419103
2026-04-12 15:00:00,N07,0.0,0.005841,7.61,-0.0161,0.007677,38.6,23.765664,86.419103
2026-04-12 16:00:00,N07,0.1254,0.603973,36.33,-0.001,0.007691,37.1,23.765664,86.419103
2026-04-12 17:00:00,N07,-0.0986,0.732538,44.18,-0.0008,0.007533,35.2,23.765664,86.419103
2026-04-12 18:00:00,N07,-0.1293,0.00652,8.98,-0.0161,0.007468,33.3,23.765664,86.419103
2026-04-12 19:00:00,N07,-0.1142,0.008632,8.25,-0.0157,0.000383,31.4,23.765664,86.419103
2026-04-12 20:00:00,N07,-0.146,0.007377,6.49,-0.0153,2.1e-05,29.6,23.765664,86.419103
2026-04-12 21:00:00,N07,-0.1262,0.008308,6.9,-0.0157,0.000395,28.0,23.765664,86.419103
2026-04-12 22:00:00,N07,,,,,,,23.765664,86.419103
2026-04-12 23:00:00,N07,,,,,,,23.765664,86.419103
2026-04-13 00:00:00,N07,,,,,,,23.765664,86.419103
2026-04-13 01:00:00,N07,,,,,,,23.765664,86.419103
2026-04-13 02:00:00,N07,-0.0528,0.007625,6.76,-0.0164,1.1e-05,24.5,23.765664,86.419103
2026-04-13 03:00:00,N07,0.1217,0.005971,2.58,-0.0158,0.000172,25.7,23.765664,86.419103
2026-04-13 04:00:00,N07,-0.0285,0.005151,3.06,-0.016,0.000342,27.2,23.765664,86.419103
2026-04-13 05:00:00,N07,0.0167,0.006365,3.47,-0.0164,4.3e-05,29.0,23.765664,86.419103
2026-04-13 06:00:00,N07,,,,,,,23.765664,86.419103
2026-04-13 07:00:00,N07,0.1107,0.006754,2.43,-0.0166,5e-05,32.9,23.765664,86.419103
2026-04-13 08:00:00,N07,-0.0174,0.007123,1.22,-0.0162,0.000559,34.7,23.765664,86.419103
2026-04-13 09:00:00,N07,0.0003,0.008704,3.24,-0.0155,0.000266,36.3,23.765664,86.419103
2026-04-13 10:00:00,N07,0.0522,0.006227,3.35,-0.0157,0.000236,37.4,23.765664,86.419103
2026-04-13 11:00:00,N07,0.004,0.006684,9.24,-0.016,0.009952,38.2,23.765664,86.419103
2026-04-13 12:00:00,N07,,,,,,,23.765664,86.419103
2026-04-13 13:00:00,N07,,,,,,,23.765664,86.419103
2026-04-13 14:00:00,N07,0.0826,0.005089,3.54,-0.0154,0.000113,37.4,23.765664,86.419103
2026-04-13 15:00:00,N07,-0.0334,0.007562,2.77,-0.0156,0.009434,36.3,23.765664,86.419103
2026-04-13 16:00:00,N07,0.2838,0.561931,49.05,-0.0343,0.009503,34.7,23.765664,86.419103
2026-04-13 17:00:00,N07,0.0737,0.544373,28.44,-0.0346,0.009643,32.9,23.765664,86.419103
2026-04-13 18:00:00,N07,0.0021,0.005493,6.19,-0.015,0.009491,31.0,23.765664,86.419103
2026-04-13 19:00:00,N07,-0.2418,0.00738,5.07,-0.0156,0.000158,29.0,23.765664,86.419103
2026-04-13 20:00:00,N07,0.0642,0.006535,7.4,-0.0153,7e-05,27.2,23.765664,86.419103
2026-04-13 21:00:00,N07,-0.0894,0.006489,1.43,-0.0157,0.00026,25.7,23.765664,86.419103
2026-04-13 22:00:00,N07,-0.0976,0.007,8.17,-0.0158,0.000429,24.5,23.765664,86.419103
2026-04-13 23:00:00,N07,-0.0837,0.006317,2.58,-0.0149,0.000336,23.7,23.765664,86.419103
2026-04-14 00:00:00,N07,0.0494,0.005039,7.96,-0.0151,0.000417,21.4,23.765664,86.419103
2026-04-14 01:00:00,N07,0.1847,0.006903,5.8,-0.0157,7.6e-05,21.6,23.765664,86.419103
2026-04-14 02:00:00,N07,0.0558,0.005977,6.63,-0.0153,0.000145,22.4,23.765664,86.419103
2026-04-14 03:00:00,N07,0.1195,0.005673,9.44,-0.0154,0.000143,23.6,23.765664,86.419103
2026-04-14 04:00:00,N07,-0.1818,0.007168,7.54,-0.0156,5.5e-05,25.1,23.765664,86.419103
2026-04-14 05:00:00,N07,0.1905,0.009266,3.66,-0.0153,0.000261,26.9,23.765664,86.419103
2026-04-14 06:00:00,N07,0.0681,0.006622,7.64,-0.0161,7e-05,28.9,23.765664,86.419103
2026-04-14 07:00:00,N07,-0.0407,0.005736,4.86,-0.0154,0.00013,30.8,23.765664,86.419103
2026-04-14 08:00:00,N07,,,,,,,23.765664,86.419103
2026-04-14 09:00:00,N07,,,,,,,23.765664,86.419103
2026-04-14 10:00:00,N07,,,,,,,23.765664,86.419103
2026-04-14 11:00:00,N07,0.0594,0.008129,7.7,-0.0149,0.008944,36.1,23.765664,86.419103
2026-04-14 12:00:00,N07,-0.0054,0.640767,22.24,0.0022,0.000339,36.4,23.765664,86.419103
2026-04-14 13:00:00,N07,0.034,0.005793,5.01,-0.0156,0.008746,36.1,23.765664,86.419103
2026-04-14 14:00:00,N07,0.4011,0.005052,1.34,-0.0153,0.0005,35.4,23.765664,86.419103
2026-04-14 15:00:00,N07,0.1598,0.0071,8.73,-0.0146,0.00073,34.2,23.765664,86.419103
2026-04-14 16:00:00,N07,0.0032,0.007496,8.59,-0.0138,0.000319,32.6,23.765664,86.419103
2026-04-14 17:00:00,N07,-0.0657,0.007587,7.5,-0.014,3e-06,30.8,23.765664,86.419103
2026-04-14 18:00:00,N07,0.0511,0.005709,5.75,-0.0138,0.000393,28.9,23.765664,86.419103
2026-04-14 19:00:00,N07,-0.0795,0.007481,8.61,-0.0132,0.000442,26.9,23.765664,86.419103
2026-04-14 20:00:00,N07,-0.2208,0.005427,1.85,-0.013,0.000214,25.1,23.765664,86.419103
2026-04-14 21:00:00,N07,-0.0652,0.008231,7.68,-0.0128,0.000143,23.6,23.765664,86.419103
2026-04-14 22:00:00,N07,0.0107,0.006475,4.14,-0.0132,0.00013,22.4,23.765664,86.419103
2026-04-14 23:00:00,N07,-0.0015,0.005283,5.53,-0.0125,0.000183,21.6,23.765664,86.419103
2026-04-15 00:00:00,N07,-0.1262,0.006886,2.69,-0.0129,7e-05,25.2,23.765664,86.419103
2026-04-15 01:00:00,N07,-0.1385,0.00728,5.85,-0.0126,6.1e-05,25.4,23.765664,86.419103
2026-04-15 02:00:00,N07,-0.0645,0.005361,5.75,-0.013,0.000645,26.2,23.765664,86.419103
2026-04-15 03:00:00,N07,,,,,,,23.765664,86.419103
2026-04-15 04:00:00,N07,,,,,,,23.765664,86.419103
2026-04-15 05:00:00,N07,,,,,,,23.765664,86.419103
2026-04-15 06:00:00,N07,,,,,,,23.765664,86.419103
2026-04-15 07:00:00,N07,,,,,,,23.765664,86.419103
2026-04-15 08:00:00,N07,,,,,,,23.765664,86.419103
2026-04-15 09:00:00,N07,,,,,,,23.765664,86.419103
2026-04-15 10:00:00,N07,,,,,,,23.765664,86.419103
2026-04-15 11:00:00,N07,,,,,,,23.765664,86.419103
2026-04-15 12:00:00,N07,0.0971,0.006126,7.7,-0.0157,0.000534,40.2,23.765664,86.419103
2026-04-15 13:00:00,N07,0.0915,0.007038,3.37,-0.0163,0.000272,39.9,23.765664,86.419103
2026-04-15 14:00:00,N07,0.0526,0.006117,4.53,-0.0162,8.8e-05,39.2,23.765664,86.419103
2026-04-15 15:00:00,N07,-0.0197,0.00644,6.13,-0.0164,0.000112,38.0,23.765664,86.419103
2026-04-15 16:00:00,N07,0.28,0.005347,6.53,-0.0164,0.000312,36.4,23.765664,86.419103
2026-04-15 17:00:00,N07,-0.2125,0.006558,3.8,-0.0158,0.000314,34.6,23.765664,86.419103
2026-04-15 18:00:00,N07,-0.047,0.005284,4.23,-0.0158,0.00067,32.7,23.765664,86.419103
2026-04-15 19:00:00,N07,,,,,,,23.765664,86.419103
2026-04-15 20:00:00,N07,,,,,,,23.765664,86.419103
2026-04-15 21:00:00,N07,,,,,,,23.765664,86.419103
2026-04-15 22:00:00,N07,,,,,,,23.765664,86.419103
2026-04-15 23:00:00,N07,0.0296,0.006437,3.04,-0.017,2.7e-05,25.4,23.765664,86.419103
2026-04-16 00:00:00,N07,0.087,0.005091,4.5,-0.0177,0.000672,21.9,23.765664,86.419103
2026-04-16 01:00:00,N07,,,,,,,23.765664,86.419103
2026-04-16 02:00:00,N07,,,,,,,23.765664,86.419103
2026-04-16 03:00:00,N07,0.0732,0.005824,4.88,-0.0185,0.000277,24.1,23.765664,86.419103
2026-04-16 04:00:00,N07,0.0877,0.00691,8.17,-0.019,0.000387,25.7,23.765664,86.419103
2026-04-16 05:00:00,N07,-0.0924,0.007759,5.48,-0.0193,0.004257,27.5,23.765664,86.419103
2026-04-16 06:00:00,N07,-0.1874,0.823966,42.72,-0.0276,3.3e-05,29.4,23.765664,86.419103
2026-04-16 07:00:00,N07,-0.1661,0.007476,3.34,-0.0192,0.003861,31.4,23.765664,86.419103
2026-04-16 08:00:00,N07,-0.1876,0.00615,6.44,-0.0198,0.00031,33.2,23.765664,86.419103
2026-04-16 09:00:00,N07,-0.1684,0.006107,9.22,-0.0198,0.00022,34.7,23.765664,86.419103
2026-04-16 10:00:00,N07,0.0938,0.00827,9.44,-0.0203,1.7e-05,35.9,23.765664,86.419103
2026-04-16 11:00:00,N07,-0.2707,0.006007,5.58,-0.0199,7.2e-05,36.7,23.765664,86.419103
2026-04-16 12:00:00,N07,0.0642,0.007494,5.74,-0.0204,0.000462,36.9,23.765664,86.419103
2026-04-16 13:00:00,N07,0.0704,0.005174,2.79,-0.0208,0.000196,36.7,23.765664,86.419103
2026-04-16 14:00:00,N07,0.0224,0.005107,1.2,-0.0208,0.000201,35.9,23.765664,86.419103
2026-04-16 15:00:00,N07,-0.0586,0.007141,3.72,-0.0212,5.8e-05,34.7,23.765664,86.419103
2026-04-16 16:00:00,N07,0.0302,0.006046,6.02,-0.0207,1.8e-05,33.2,23.765664,86.419103
2026-04-16 17:00:00,N07,0.0762,0.005695,2.04,-0.0211,0.000181,31.4,23.765664,86.419103
2026-04-16 18:00:00,N07,,,,,,,23.765664,86.419103
2026-04-16 19:00:00,N07,,,,,,,23.765664,86.419103
2026-04-16 20:00:00,N07,,,,,,,23.765664,86.419103
2026-04-16 21:00:00,N07,,,,,,,23.765664,86.419103
2026-04-16 22:00:00,N07,,,,,,,23.765664,86.419103
2026-04-16 23:00:00,N07,-0.0236,0.007983,9.16,-0.0224,0.000513,22.2,23.765664,86.419103
2026-04-17 00:00:00,N07,-0.1371,0.008631,1.88,-0.0238,0.000736,25.5,23.765664,86.419103
2026-04-17 01:00:00,N07,0.1901,0.006987,7.7,-0.0239,0.000291,25.7,23.765664,86.419103
2026-04-17 02:00:00,N07,-0.0209,0.009195,5.05,-0.0232,9.2e-05,26.5,23.765664,86.419103
2026-04-17 03:00:00,N07,-0.0079,0.006451,9.81,-0.0237,0.000341,27.6,23.765664,86.419103
2026-04-17 04:00:00,N07,-0.1543,0.005647,7.53,-0.0239,0.000572,29.2,23.765664,86.419103
2026-04-17 05:00:00,N07,-0.067,0.008648,5.85,-0.0249,0.000696,31.0,23.765664,86.419103
2026-04-17 06:00:00,N07,-0.0224,0.006343,2.06,-0.0253,0.000511,33.0,23.765664,86.419103
2026-04-17 07:00:00,N07,-0.1416,0.00768,8.91,-0.0259,0.000521,34.9,23.765664,86.419103
2026-04-17 08:00:00,N07,-0.215,0.006565,4.55,-0.0264,0.007568,36.7,23.765664,86.419103
2026-04-17 09:00:00,N07,0.1036,0.911046,46.93,-0.0108,0.007815,38.3,23.765664,86.419103
2026-04-17 10:00:00,N07,-0.0366,0.69296,42.95,-0.0107,0.008083,39.4,23.765664,86.419103
2026-04-17 11:00:00,N07,0.1198,0.005201,4.31,-0.0269,0.0082,40.2,23.765664,86.419103
2026-04-17 12:00:00,N07,0.2737,0.00549,7.52,-0.0271,0.000239,40.5,23.765664,86.419103
2026-04-17 13:00:00,N07,-0.2499,0.005502,9.37,-0.0274,0.000178,40.2,23.765664,86.419103
2026-04-17 14:00:00,N07,,,,,,,23.765664,86.419103
2026-04-17 15:00:00,N07,-0.1206,0.005359,5.67,-0.0273,0.00032,38.3,23.765664,86.419103
2026-04-17 16:00:00,N07,,,,,,,23.765664,86.419103
2026-04-17 17:00:00,N07,,,,,,,23.765664,86.419103
2026-04-17 18:00:00,N07,,,,,,,23.765664,86.419103
2026-04-17 19:00:00,N07,-0.1174,0.00682,3.21,-0.0262,0.000635,31.0,23.765664,86.419103
2026-04-17 20:00:00,N07,0.0873,0.00637,8.63,-0.027,0.000736,29.2,23.765664,86.419103
2026-04-17 21:00:00,N07,-0.16,0.011056,6.62,-0.0277,0.000901,27.6,23.765664,86.419103
2026-04-17 22:00:00,N07,0.2948,0.009018,1.9,-0.0288,0.00064,26.5,23.765664,86.419103
2026-04-17 23:00:00,N07,-0.1376,0.007352,6.94,-0.029,4.1e-05,25.7,23.765664,86.419103
2026-04-18 00:00:00,N07,0.1587,0.006466,5.42,-0.0287,0.000107,22.5,23.765664,86.419103
2026-04-18 01:00:00,N07,0.1792,0.005114,1.25,-0.0292,0.000226,22.8,23.765664,86.419103
2026-04-18 02:00:00,N07,,,,,,,23.765664,86.419103
2026-04-18 03:00:00,N07,,,,,,,23.765664,86.419103
2026-04-18 04:00:00,N07,,,,,,,23.765664,86.419103
2026-04-18 05:00:00,N07,-0.0898,0.006174,5.02,-0.0287,0.000294,28.1,23.765664,86.419103
2026-04-18 06:00:00,N07,0.2524,0.006764,1.69,-0.0284,0.000467,30.0,23.765664,86.419103
2026-04-18 07:00:00,N07,,,,,,,23.765664,86.419103
2026-04-18 08:00:00,N07,,,,,,,23.765664,86.419103
2026-04-18 09:00:00,N07,,,,,,,23.765664,86.419103
2026-04-18 10:00:00,N07,,,,,,,23.765664,86.419103
2026-04-18 11:00:00,N07,-0.2076,0.006005,9.66,-0.0264,3.2e-05,37.3,23.765664,86.419103
2026-04-18 12:00:00,N07,-0.2219,0.005316,7.13,-0.0271,0.000107,37.5,23.765664,86.419103
2026-04-18 13:00:00,N07,,,,,,,23.765664,86.419103
2026-04-18 14:00:00,N07,,,,,,,23.765664,86.419103
2026-04-18 15:00:00,N07,0.2112,0.73933,24.58,-0.0216,0.01218,35.3,23.765664,86.419103
2026-04-18 16:00:00,N07,0.1139,0.525599,45.53,-0.0458,0.012017,33.8,23.765664,86.419103
2026-04-18 17:00:00,N07,0.2006,0.605104,49.93,-0.0456,0.009896,32.0,23.765664,86.419103
2026-04-18 18:00:00,N07,0.0315,0.005524,8.88,-0.026,0.010004,30.0,23.765664,86.419103
2026-04-18 19:00:00,N07,,,,,,,23.765664,86.419103
2026-04-18 20:00:00,N07,,,,,,,23.765664,86.419103
2026-04-18 21:00:00,N07,,,,,,,23.765664,86.419103
2026-04-18 22:00:00,N07,0.1103,0.006649,8.35,-0.0253,0.000248,23.5,23.765664,86.419103
2026-04-18 23:00:00,N07,0.0666,0.006718,7.5,-0.0254,0.000322,22.8,23.765664,86.419103
2026-04-19 00:00:00,N07,-0.0285,0.007267,6.17,-0.026,0.000211,22.1,23.765664,86.419103
2026-04-19 01:00:00,N07,0.0688,0.006343,1.98,-0.0259,3e-06,22.4,23.765664,86.419103
2026-04-19 02:00:00,N07,0.2314,0.009026,7.06,-0.026,0.000105,23.1,23.765664,86.419103
2026-04-19 03:00:00,N07,-0.1602,0.008229,4.06,-0.0257,0.000506,24.3,23.765664,86.419103
2026-04-19 04:00:00,N07,,,,,,,23.765664,86.419103
2026-04-19 05:00:00,N07,,,,,,,23.765664,86.419103
2026-04-19 06:00:00,N07,,,,,,,23.765664,86.419103
2026-04-19 07:00:00,N07,,,,,,,23.765664,86.419103
2026-04-19 08:00:00,N07,,,,,,,23.765664,86.419103
2026-04-19 09:00:00,N07,,,,,,,23.765664,86.419103
2026-04-19 10:00:00,N07,0.247,0.006395,2.63,-0.0264,0.009021,36.1,23.765664,86.419103
2026-04-19 11:00:00,N07,0.0975,0.7197,24.19,-0.008,0.000548,36.8,23.765664,86.419103
2026-04-19 12:00:00,N07,-0.0603,0.00951,9.78,-0.0275,0.006813,37.1,23.765664,86.419103
2026-04-19 13:00:00,N07,0.1818,0.9618,32.58,-0.0216,0.003389,36.8,23.765664,86.419103
2026-04-19 14:00:00,N07,0.3418,0.895668,42.83,-0.0207,0.002569,36.1,23.765664,86.419103
2026-04-19 15:00:00,N07,-0.1582,0.005398,6.08,-0.0267,0.003065,34.9,23.765664,86.419103
2026-04-19 16:00:00,N07,,,,,,,23.765664,86.419103
2026-04-19 17:00:00,N07,,,,,,,23.765664,86.419103
2026-04-19 18:00:00,N07,0.1466,0.005359,2.74,-0.0269,0.000174,29.6,23.765664,86.419103
2026-04-19 19:00:00,N07,-0.1377,0.005586,2.59,-0.0266,3.2e-05,27.7,23.765664,86.419103
2026-04-19 20:00:00,N07,-0.0243,0.006981,7.79,-0.027,0.000324,25.9,23.765664,86.419103
2026-04-19 21:00:00,N07,,,,,,,23.765664,86.419103
2026-04-19 22:00:00,N07,,,,,,,23.765664,86.419103
2026-04-19 23:00:00,N07,,,,,,,23.765664,86.419103
2026-04-20 00:00:00,N07,,,,,,,23.765664,86.419103
2026-04-20 01:00:00,N07,,,,,,,23.765664,86.419103
2026-04-20 02:00:00,N07,-0.0545,0.00727,3.42,-0.027,0.000495,25.6,23.765664,86.419103
2026-04-20 03:00:00,N07,-0.0756,0.006481,1.7,-0.027,2.8e-05,26.8,23.765664,86.419103
2026-04-20 04:00:00,N07,-0.1775,0.005812,9.98,-0.0269,0.000521,28.4,23.765664,86.419103
2026-04-20 05:00:00,N07,0.1342,0.008216,6.74,-0.028,0.005212,30.2,23.765664,86.419103
2026-04-20 06:00:00,N07,0.1012,0.949082,47.65,-0.0374,0.000304,32.1,23.765664,86.419103
2026-04-20 07:00:00,N07,0.1212,0.005334,1.24,-0.0274,0.004822,34.1,23.765664,86.419103
2026-04-20 08:00:00,N07,0.0933,0.006829,9.26,-0.0277,7.4e-05,35.9,23.765664,86.419103
2026-04-20 09:00:00,N07,,,,,,,23.765664,86.419103
2026-04-20 10:00:00,N07,,,,,,,23.765664,86.419103
2026-04-20 11:00:00,N07,0.1,0.005044,4.17,-0.0279,0.000518,39.4,23.765664,86.419103
2026-04-20 12:00:00,N07,0.043,0.007173,2.51,-0.0281,0.000176,39.6,23.765664,86.419103
2026-04-20 13:00:00,N07,0.1437,0.005189,4.4,-0.0276,0.000592,39.4,23.765664,86.419103
2026-04-20 14:00:00,N07,-0.1023,0.006112,5.47,-0.0269,0.000364,38.6,23.765664,86.419103
2026-04-20 15:00:00,N07,0.0197,0.006792,2.37,-0.0268,0.005665,37.4,23.765664,86.419103
2026-04-20 16:00:00,N07,0.1372,0.982118,26.6,-0.0156,0.009508,35.9,23.765664,86.419103
2026-04-20 17:00:00,N07,,,,,,,23.765664,86.419103
2026-04-20 18:00:00,N07,,,,,,,23.765664,86.419103
2026-04-20 19:00:00,N07,-0.0507,0.006602,4.96,-0.0272,0.008905,30.2,23.765664,86.419103
2026-04-20 20:00:00,N07,0.1072,0.006766,1.46,-0.0278,0.000212,28.4,23.765664,86.419103
2026-04-20 21:00:00,N07,0.258,0.006022,1.58,-0.0276,0.000287,26.8,23.765664,86.419103
2026-04-20 22:00:00,N07,-0.2614,0.006026,9.9,-0.0273,5e-06,25.6,23.765664,86.419103
2026-04-20 23:00:00,N07,-0.1544,0.006143,5.83,-0.0276,2.9e-05,24.9,23.765664,86.419103
2026-04-21 00:00:00,N07,-0.1353,0.005885,4.4,-0.0272,0.000183,26.4,23.765664,86.419103
2026-04-21 01:00:00,N07,0.0111,0.010145,2.73,-0.0272,0.000108,26.7,23.765664,86.419103
2026-04-21 02:00:00,N07,-0.0422,0.008329,4.98,-0.0274,4.3e-05,27.4,23.765664,86.419103
2026-04-21 03:00:00,N07,-0.0411,0.005361,7.6,-0.0272,2.8e-05,28.6,23.765664,86.419103
2026-04-21 04:00:00,N07,-0.1714,0.005774,3.19,-0.0274,0.000153,30.2,23.765664,86.419103
2026-04-21 05:00:00,N07,0.011,0.006148,8.55,-0.0275,0.000301,32.0,23.765664,86.419103
2026-04-21 06:00:00,N07,-0.0856,0.006943,3.9,-0.0268,0.000285,33.9,23.765664,86.419103
2026-04-21 07:00:00,N07,-0.0374,0.005595,6.99,-0.0269,0.000143,35.8,23.765664,86.419103
2026-04-21 08:00:00,N07,0.1565,0.008165,9.06,-0.027,0.005233,37.7,23.765664,86.419103
2026-04-21 09:00:00,N07,-0.3001,0.662087,45.68,-0.0374,0.000221,39.2,23.765664,86.419103
2026-04-21 10:00:00,N07,0.2012,0.007596,1.11,-0.0275,0.005277,40.4,23.765664,86.419103
2026-04-21 11:00:00,N07,0.111,0.00627,1.07,-0.0268,0.000591,41.1,23.765664,86.419103
2026-04-21 12:00:00,N07,0.1316,0.005412,5.54,-0.0263,0.000115,41.4,23.765664,86.419103
2026-04-21 13:00:00,N07,-0.0737,0.005107,4.64,-0.0266,7.8e-05,41.1,23.765664,86.419103
2026-04-21 14:00:00,N07,-0.195,0.008279,4.09,-0.0262,0.000316,40.4,23.765664,86.419103
2026-04-21 15:00:00,N07,0.2344,0.005568,9.25,-0.0259,4.2e-05,39.2,23.765664,86.419103
2026-04-21 16:00:00,N07,0.0674,0.007195,7.38,-0.0262,0.006746,37.7,23.765664,86.419103
2026-04-21 17:00:00,N07,0.1565,0.891123,35.87,-0.0394,0.006724,35.8,23.765664,86.419103
2026-04-21 18:00:00,N07,0.1186,0.555812,47.28,-0.0397,0.00593,33.9,23.765664,86.419103
2026-04-21 19:00:00,N07,,,,,,,23.765664,86.419103
2026-04-21 20:00:00,N07,,,,,,,23.765664,86.419103
2026-04-21 21:00:00,N07,0.0111,0.006911,8.84,-0.0276,0.000118,28.6,23.765664,86.419103
2026-04-21 22:00:00,N07,-0.1269,0.007696,4.87,-0.0281,0.000112,27.4,23.765664,86.419103
2026-04-21 23:00:00,N07,-0.236,0.006819,1.56,-0.0279,0.000187,26.7,23.765664,86.419103
2026-04-22 00:00:00,N07,,,,,,,23.765664,86.419103
2026-04-22 01:00:00,N07,,,,,,,23.765664,86.419103
2026-04-22 02:00:00,N07,,,,,,,23.765664,86.419103
2026-04-22 03:00:00,N07,0.1041,0.007091,3.25,-0.0259,0.000207,24.9,23.765664,86.419103
2026-04-22 04:00:00,N07,,,,,,,23.765664,86.419103
2026-04-22 05:00:00,N07,,,,,,,23.765664,86.419103
2026-04-22 06:00:00,N07,0.0461,0.006155,2.22,-0.026,0.000222,30.2,23.765664,86.419103
2026-04-22 07:00:00,N07,-0.1459,0.00604,3.53,-0.0263,0.000124,32.1,23.765664,86.419103
2026-04-22 08:00:00,N07,-0.121,0.00795,7.32,-0.0263,0.000168,33.9,23.765664,86.419103
2026-04-22 09:00:00,N07,0.2093,0.0072,9.07,-0.0267,0.003926,35.5,23.765664,86.419103
2026-04-22 10:00:00,N07,-0.0806,0.790429,39.94,-0.0184,0.009983,36.7,23.765664,86.419103
2026-04-22 11:00:00,N07,-0.3306,0.509929,41.55,-0.0466,0.004348,37.4,23.765664,86.419103
2026-04-22 12:00:00,N07,0.1782,0.006843,5.37,-0.0271,0.009894,37.7,23.765664,86.419103
2026-04-22 13:00:00,N07,0.0263,0.006175,8.1,-0.0268,0.000185,37.4,23.765664,86.419103
2026-04-22 14:00:00,N07,0.1856,0.007745,2.49,-0.0275,0.000634,36.7,23.765664,86.419103
2026-04-22 15:00:00,N07,0.0412,0.005168,4.97,-0.0281,0.000384,35.5,23.765664,86.419103
2026-04-22 16:00:00,N07,-0.0519,0.005951,1.05,-0.0283,0.0002,33.9,23.765664,86.419103
2026-04-22 17:00:00,N07,0.3411,0.005911,9.23,-0.0285,0.000275,32.1,23.765664,86.419103
2026-04-22 18:00:00,N07,-0.0453,0.005242,2.97,-0.0288,0.000423,30.2,23.765664,86.419103
2026-04-22 19:00:00,N07,-0.0685,0.007073,7.7,-0.0294,3e-06,28.2,23.765664,86.419103
2026-04-22 20:00:00,N07,0.1784,0.005769,9.39,-0.0288,1.1e-05,26.4,23.765664,86.419103
2026-04-22 21:00:00,N07,-0.0086,0.007763,1.33,-0.0293,0.000661,24.9,23.765664,86.419103
2026-04-22 22:00:00,N07,0.0618,0.008559,6.82,-0.0302,0.000179,23.7,23.765664,86.419103
2026-04-22 23:00:00,N07,-0.2422,0.006974,9.39,-0.0297,5.7e-05,22.9,23.765664,86.419103
2026-04-23 00:00:00,N07,0.1759,0.006684,6.24,-0.03,0.000842,26.9,23.765664,86.419103
2026-04-23 01:00:00,N07,-0.1177,0.007556,6.02,-0.0314,0.000647,27.2,23.765664,86.419103
2026-04-23 02:00:00,N07,-0.0791,0.007204,9.83,-0.0313,0.00034,27.9,23.765664,86.419103
2026-04-23 03:00:00,N07,0.1224,0.006033,9.29,-0.0307,0.00055,29.1,23.765664,86.419103
2026-04-23 04:00:00,N07,-0.0508,0.006211,9.98,-0.0302,0.000256,30.7,23.765664,86.419103
2026-04-23 05:00:00,N07,-0.0805,0.005766,4.39,-0.0302,8.6e-05,32.5,23.765664,86.419103
2026-04-23 06:00:00,N07,0.0595,0.009341,3.23,-0.0301,0.000236,34.4,23.765664,86.419103
2026-04-23 07:00:00,N07,0.191,0.006313,9.68,-0.0307,0.000513,36.4,23.765664,86.419103
2026-04-23 08:00:00,N07,0.1471,0.009505,5.45,-0.0311,0.000303,38.2,23.765664,86.419103
2026-04-23 09:00:00,N07,0.2425,0.006065,2.59,-0.0313,0.000726,39.7,23.765664,86.419103
2026-04-23 10:00:00,N07,,,,,,,23.765664,86.419103
2026-04-23 11:00:00,N07,,,,,,,23.765664,86.419103
2026-04-23 12:00:00,N07,,,,,,,23.765664,86.419103
2026-04-23 13:00:00,N07,,,,,,,23.765664,86.419103
2026-04-23 14:00:00,N07,,,,,,,23.765664,86.419103
2026-04-23 15:00:00,N07,,,,,,,23.765664,86.419103
2026-04-23 16:00:00,N07,,,,,,,23.765664,86.419103
2026-04-23 17:00:00,N07,,,,,,,23.765664,86.419103
2026-04-23 18:00:00,N07,-0.0669,0.00658,8.47,-0.0333,0.000208,34.4,23.765664,86.419103
2026-04-23 19:00:00,N07,0.0064,0.009701,6.68,-0.0332,1.6e-05,32.5,23.765664,86.419103
2026-04-23 20:00:00,N07,0.0197,0.007125,4.54,-0.0333,0.00015,30.7,23.765664,86.419103
2026-04-23 21:00:00,N07,-0.0788,0.006394,4.22,-0.0329,0.000477,29.1,23.765664,86.419103
2026-04-23 22:00:00,N07,-0.0948,0.006637,6.86,-0.0324,0.000132,27.9,23.765664,86.419103
2026-04-23 23:00:00,N07,0.0644,0.00606,2.58,-0.0326,9.1e-05,27.2,23.765664,86.419103
2026-04-24 00:00:00,N07,-0.1659,0.007066,1.56,-0.0322,0.00016,25.0,23.765664,86.419103
2026-04-24 01:00:00,N07,,,,,,,23.765664,86.419103
2026-04-24 02:00:00,N07,,,,,,,23.765664,86.419103
2026-04-24 03:00:00,N07,,,,,,,23.765664,86.419103
2026-04-24 04:00:00,N07,,,,,,,23.765664,86.419103
2026-04-24 05:00:00,N07,0.1102,0.005551,9.82,-0.0319,0.009045,30.5,23.765664,86.419103
2026-04-24 06:00:00,N07,-0.2038,0.97854,27.72,-0.0497,0.006359,32.5,23.765664,86.419103
2026-04-24 07:00:00,N07,0.0575,0.506949,16.65,-0.0446,0.008792,34.4,23.765664,86.419103
2026-04-24 08:00:00,N07,-0.0991,0.005436,5.52,-0.0321,0.000551,36.2,23.765664,86.419103
2026-04-24 09:00:00,N07,-0.2374,0.867688,32.28,-0.0435,0.005479,37.8,23.765664,86.419103
2026-04-24 10:00:00,N07,-0.0714,0.99945,31.16,-0.0431,0.005927,39.0,23.765664,86.419103
2026-04-24 11:00:00,N07,0.2132,0.005077,1.31,-0.0316,0.005973,39.7,23.765664,86.419103
2026-04-24 12:00:00,N07,0.098,0.005395,2.51,-0.0312,0.000416,40.0,23.765664,86.419103
2026-04-24 13:00:00,N07,0.0289,0.006297,4.58,-0.0308,0.000274,39.7,23.765664,86.419103
2026-04-24 14:00:00,N07,,,,,,,23.765664,86.419103
2026-04-24 15:00:00,N07,,,,,,,23.765664,86.419103
2026-04-24 16:00:00,N07,,,,,,,23.765664,86.419103
2026-04-24 17:00:00,N07,-0.1634,0.005538,1.27,-0.0303,0.000635,34.4,23.765664,86.419103
2026-04-24 18:00:00,N07,-0.0668,0.007124,6.85,-0.0302,0.00032,32.5,23.765664,86.419103
2026-04-24 19:00:00,N07,-0.0437,0.006716,5.61,-0.0297,0.000526,30.5,23.765664,86.419103
2026-04-24 20:00:00,N07,-0.0857,0.006336,3.13,-0.0291,0.000291,28.7,23.765664,86.419103
2026-04-24 21:00:00,N07,-0.237,0.006185,4.27,-0.0291,3e-06,27.2,23.765664,86.419103
2026-04-24 22:00:00,N07,0.1292,0.005122,5.06,-0.0291,5.6e-05,26.0,23.765664,86.419103
2026-04-24 23:00:00,N07,-0.0862,0.005225,2.59,-0.0292,0.000397,25.2,23.765664,86.419103
2026-04-25 00:00:00,N07,,,,,,,23.765664,86.419103
2026-04-25 01:00:00,N07,,,,,,,23.765664,86.419103
2026-04-25 02:00:00,N07,,,,,,,23.765664,86.419103
2026-04-25 03:00:00,N07,,,,,,,23.765664,86.419103
2026-04-25 04:00:00,N07,,,,,,,23.765664,86.419103
2026-04-25 05:00:00,N07,-0.0477,0.007301,6.93,-0.0294,0.000669,29.2,23.765664,86.419103
2026-04-25 06:00:00,N07,0.0992,0.007428,5.03,-0.0305,0.000548,31.1,23.765664,86.419103
2026-04-25 07:00:00,N07,-0.1193,0.008537,4.77,-0.0305,0.000332,33.1,23.765664,86.419103
2026-04-25 08:00:00,N07,0.3198,0.005769,7.79,-0.0311,0.008035,34.9,23.765664,86.419103
2026-04-25 09:00:00,N07,-0.0421,0.834514,29.62,-0.0465,0.007478,36.4,23.765664,86.419103
2026-04-25 10:00:00,N07,0.0958,0.569646,36.37,-0.0461,0.008126,37.6,23.765664,86.419103
2026-04-25 11:00:00,N07,0.0496,0.007212,2.32,-0.0303,0.00809,38.4,23.765664,86.419103
2026-04-25 12:00:00,N07,0.0106,0.006436,7.65,-0.0299,0.000609,38.6,23.765664,86.419103
2026-04-25 13:00:00,N07,0.255,0.007712,4.91,-0.0291,0.000246,38.4,23.765664,86.419103
2026-04-25 14:00:00,N07,-0.1004,0.006726,6.06,-0.0294,0.008054,37.6,23.765664,86.419103
2026-04-25 15:00:00,N07,-0.0113,0.978533,37.01,-0.013,0.0004,36.4,23.765664,86.419103
2026-04-25 16:00:00,N07,-0.0796,0.006396,8.91,-0.0302,0.008259,34.9,23.765664,86.419103
2026-04-25 17:00:00,N07,-0.1133,0.007621,5.1,-0.0295,0.00049,33.1,23.765664,86.419103
2026-04-25 18:00:00,N07,0.1941,0.006569,6.28,-0.0292,0.0002,31.1,23.765664,86.419103
2026-04-25 19:00:00,N07,0.0613,0.00843,5.6,-0.0299,2e-06,29.2,23.765664,86.419103
2026-04-25 20:00:00,N07,0.2799,0.007479,6.24,-0.0292,0.000158,27.4,23.765664,86.419103
2026-04-25 21:00:00,N07,0.1137,0.007033,6.52,-0.0296,2.3e-05,25.8,23.765664,86.419103
2026-04-25 22:00:00,N07,0.0974,0.005614,9.1,-0.0293,0.000744,24.6,23.765664,86.419103
2026-04-25 23:00:00,N07,,,,,,,23.765664,86.419103
2026-04-26 00:00:00,N07,,,,,,,23.765664,86.419103
2026-04-26 01:00:00,N07,,,,,,,23.765664,86.419103
2026-04-26 02:00:00,N07,,,,,,,23.765664,86.419103
2026-04-26 03:00:00,N07,,,,,,,23.765664,86.419103
2026-04-26 04:00:00,N07,,,,,,,23.765664,86.419103
2026-04-26 05:00:00,N07,,,,,,,23.765664,86.419103
2026-04-26 06:00:00,N07,,,,,,,23.765664,86.419103
2026-04-26 07:00:00,N07,,,,,,,23.765664,86.419103
2026-04-26 08:00:00,N07,,,,,,,23.765664,86.419103
2026-04-26 09:00:00,N07,-0.0918,0.00504,1.02,-0.0284,0.000124,38.9,23.765664,86.419103
2026-04-26 10:00:00,N07,0.1168,0.005982,6.09,-0.0284,0.007778,40.1,23.765664,86.419103
2026-04-26 11:00:00,N07,0.1761,0.811973,39.99,-0.0129,0.000975,40.8,23.765664,86.419103
2026-04-26 12:00:00,N07,-0.0722,0.006691,4.88,-0.0304,0.008929,41.1,23.765664,86.419103
2026-04-26 13:00:00,N07,0.0452,0.008827,4.14,-0.0307,0.008551,40.8,23.765664,86.419103
2026-04-26 14:00:00,N07,0.121,0.612623,33.17,-0.0475,0.000369,40.1,23.765664,86.419103
2026-04-26 15:00:00,N07,-0.2212,0.601762,48.25,-0.03,0.008094,38.9,23.765664,86.419103
2026-04-26 16:00:00,N07,-0.2147,0.005705,4.01,-0.0313,0.000633,37.3,23.765664,86.419103
2026-04-26 17:00:00,N07,,,,,,,23.765664,86.419103
2026-04-26 18:00:00,N07,,,,,,,23.765664,86.419103
2026-04-26 19:00:00,N07,,,,,,,23.765664,86.419103
2026-04-26 20:00:00,N07,,,,,,,23.765664,86.419103
2026-04-26 21:00:00,N07,,,,,,,23.765664,86.419103
2026-04-26 22:00:00,N07,-0.1226,0.006577,4.84,-0.0313,9.6e-05,27.1,23.765664,86.419103
2026-04-26 23:00:00,N07,0.0287,0.005759,2.55,-0.0313,0.000262,26.3,23.765664,86.419103
2026-04-27 00:00:00,N07,-0.0384,0.00519,1.27,-0.0308,0.000184,21.5,23.765664,86.419103
2026-04-27 01:00:00,N07,0.0929,0.005382,2.92,-0.031,2.6e-05,21.7,23.765664,86.419103
2026-04-27 02:00:00,N07,-0.0642,0.008547,1.53,-0.0307,7.7e-05,22.5,23.765664,86.419103
2026-04-27 03:00:00,N07,0.0286,0.006149,6.08,-0.0311,0.000311,23.7,23.765664,86.419103
2026-04-27 04:00:00,N07,-0.0741,0.005265,1.76,-0.0314,0.000164,25.2,23.765664,86.419103
2026-04-27 05:00:00,N07,,,,,,,23.765664,86.419103
2026-04-27 06:00:00,N07,,,,,,,23.765664,86.419103
2026-04-27 07:00:00,N07,,,,,,,23.765664,86.419103
2026-04-27 08:00:00,N07,,,,,,,23.765664,86.419103
2026-04-27 09:00:00,N07,0.0834,0.006301,8.27,-0.0326,0.001155,34.3,23.765664,86.419103
2026-04-27 10:00:00,N07,0.0363,0.006698,5.3,-0.0338,0.005452,35.5,23.765664,86.419103
2026-04-27 11:00:00,N07,0.3561,0.682617,24.71,-0.0217,0.000298,36.2,23.765664,86.419103
2026-04-27 12:00:00,N07,0.1366,0.006991,1.92,-0.0332,0.004289,36.5,23.765664,86.419103
2026-04-27 13:00:00,N07,-0.1742,0.72611,34.53,-0.0131,0.010218,36.2,23.765664,86.419103
2026-04-27 14:00:00,N07,0.0036,0.594691,25.57,-0.0128,0.00964,35.5,23.765664,86.419103
2026-04-27 15:00:00,N07,-0.0974,0.005043,2.09,-0.0324,0.009527,34.3,23.765664,86.419103
2026-04-27 16:00:00,N07,-0.1025,0.006565,6.16,-0.0318,0.003624,32.7,23.765664,86.419103
2026-04-27 17:00:00,N07,-0.0198,0.517184,34.42,-0.0396,0.004127,30.9,23.765664,86.419103
2026-04-27 18:00:00,N07,-0.032,0.833843,23.66,-0.0401,0.004015,29.0,23.765664,86.419103
2026-04-27 19:00:00,N07,-0.242,0.006274,3.78,-0.0316,0.004059,27.0,23.765664,86.419103
2026-04-27 20:00:00,N07,-0.3011,0.008579,8.49,-0.032,0.000377,25.2,23.765664,86.419103
2026-04-27 21:00:00,N07,0.0988,0.005904,7.82,-0.0324,0.000379,23.7,23.765664,86.419103
2026-04-27 22:00:00,N07,-0.0552,0.007151,3.18,-0.0327,0.000147,22.5,23.765664,86.419103
2026-04-27 23:00:00,N07,-0.3971,0.006294,6.62,-0.0327,8.3e-05,21.7,23.765664,86.419103
2026-04-28 00:00:00,N07,-0.1953,0.007553,2.93,-0.0326,0.00015,26.5,23.765664,86.419103
2026-04-28 01:00:00,N07,0.0422,0.00505,1.61,-0.0324,0.000118,26.8,23.765664,86.419103
2026-04-28 02:00:00,N07,-0.1291,0.0066,8.08,-0.0323,7.9e-05,27.5,23.765664,86.419103
2026-04-28 03:00:00,N07,0.1679,0.005962,6.78,-0.0322,0.000336,28.7,23.765664,86.419103
2026-04-28 04:00:00,N07,0.0528,0.008079,9.03,-0.0317,0.000548,30.3,23.765664,86.419103
2026-04-28 05:00:00,N07,-0.1251,0.007981,6.0,-0.0311,0.005832,32.1,23.765664,86.419103
2026-04-28 06:00:00,N07,0.0678,0.760277,16.02,-0.0433,0.006386,34.0,23.765664,86.419103
2026-04-28 07:00:00,N07,-0.0396,0.630999,49.4,-0.0439,0.006096,36.0,23.765664,86.419103
2026-04-28 08:00:00,N07,0.141,0.007078,3.72,-0.0311,0.009658,37.8,23.765664,86.419103
2026-04-28 09:00:00,N07,0.0467,0.843842,28.67,-0.0246,0.003202,39.3,23.765664,86.419103
2026-04-28 10:00:00,N07,-0.1659,0.504147,19.51,-0.0247,0.003031,40.5,23.765664,86.419103
2026-04-28 11:00:00,N07,0.1315,0.006867,7.58,-0.0306,0.002639,41.3,23.765664,86.419103
2026-04-28 12:00:00,N07,-0.1182,0.007148,4.85,-0.03,0.000708,41.5,23.765664,86.419103
2026-04-28 13:00:00,N07,0.05,0.005197,2.24,-0.0292,0.000668,41.3,23.765664,86.419103
2026-04-28 14:00:00,N07,0.1344,0.006588,6.66,-0.0287,0.000192,40.5,23.765664,86.419103
2026-04-28 15:00:00,N07,-0.3362,0.005158,4.17,-0.0288,0.000232,39.3,23.765664,86.419103
2026-04-28 16:00:00,N07,-0.0598,0.005591,8.35,-0.0282,0.000149,37.8,23.765664,86.419103
2026-04-28 17:00:00,N07,-0.2397,0.006447,3.33,-0.0285,0.000465,36.0,23.765664,86.419103
2026-04-28 18:00:00,N07,-0.0672,0.006336,4.99,-0.0291,0.00028,34.0,23.765664,86.419103
2026-04-28 19:00:00,N07,-0.1481,0.006049,4.79,-0.028,0.000913,32.1,23.765664,86.419103
2026-04-28 20:00:00,N07,-0.074,0.006208,5.78,-0.0273,0.000204,30.3,23.765664,86.419103
2026-04-28 21:00:00,N07,0.0016,0.006378,3.73,-0.0276,0.000113,28.7,23.765664,86.419103
2026-04-28 22:00:00,N07,0.0025,0.006038,9.41,-0.0275,0.000136,27.5,23.765664,86.419103
2026-04-28 23:00:00,N07,-0.0654,0.008784,4.38,-0.0278,0.000586,26.8,23.765664,86.419103
2026-04-29 00:00:00,N07,-0.053,0.006387,7.23,-0.0287,0.000119,27.5,23.765664,86.419103
2026-04-29 01:00:00,N07,-0.0682,0.005151,3.93,-0.0281,0.000134,27.7,23.765664,86.419103
2026-04-29 02:00:00,N07,-0.1933,0.008552,6.95,-0.0285,0.00055,28.5,23.765664,86.419103
2026-04-29 03:00:00,N07,0.0346,0.005927,9.92,-0.0292,0.000849,29.7,23.765664,86.419103
2026-04-29 04:00:00,N07,-0.034,0.005509,6.91,-0.0301,0.000561,31.2,23.765664,86.419103
2026-04-29 05:00:00,N07,0.1542,0.007124,8.75,-0.0303,0.000116,33.0,23.765664,86.419103
2026-04-29 06:00:00,N07,-0.0704,0.00684,8.79,-0.0299,0.00026,35.0,23.765664,86.419103
2026-04-29 07:00:00,N07,,,,,,,23.765664,86.419103
2026-04-29 08:00:00,N07,,,,,,,23.765664,86.419103
2026-04-29 09:00:00,N07,,,,,,,23.765664,86.419103
2026-04-29 10:00:00,N07,,,,,,,23.765664,86.419103
2026-04-29 11:00:00,N07,-0.0378,0.007715,7.02,-0.0304,3.2e-05,42.2,23.765664,86.419103
2026-04-29 12:00:00,N07,0.1091,0.005734,9.79,-0.0303,0.000315,42.5,23.765664,86.419103
2026-04-29 13:00:00,N07,0.0735,0.006033,4.43,-0.0298,0.000351,42.2,23.765664,86.419103
2026-04-29 14:00:00,N07,0.1967,0.005976,4.32,-0.0296,0.000142,41.5,23.765664,86.419103
2026-04-29 15:00:00,N07,0.0677,0.007956,7.24,-0.0295,0.00793,40.3,23.765664,86.419103
2026-04-29 16:00:00,N07,-0.1581,0.830796,15.57,-0.0138,0.004512,38.7,23.765664,86.419103
2026-04-29 17:00:00,N07,-0.1675,0.970906,45.82,-0.0205,0.003517,36.9,23.765664,86.419103
2026-04-29 18:00:00,N07,-0.1201,0.838079,49.28,-0.0208,0.004631,35.0,23.765664,86.419103
2026-04-29 19:00:00,N07,0.0031,0.005083,5.97,-0.0298,0.004742,33.0,23.765664,86.419103
2026-04-29 20:00:00,N07,-0.0765,0.006816,5.07,-0.0303,0.000429,31.2,23.765664,86.419103
2026-04-29 21:00:00,N07,-0.3263,0.006024,8.76,-0.0306,3.9e-05,29.7,23.765664,86.419103
2026-04-29 22:00:00,N07,,,,,,,23.765664,86.419103
2026-04-29 23:00:00,N07,,,,,,,23.765664,86.419103
2026-04-30 00:00:00,N07,,,,,,,23.765664,86.419103
2026-04-30 01:00:00,N07,-0.1284,0.006716,5.66,-0.0304,0.000209,26.1,23.765664,86.419103
2026-04-30 02:00:00,N07,0.0347,0.006884,2.53,-0.0303,0.000491,26.8,23.765664,86.419103
2026-04-30 03:00:00,N07,0.1436,0.005959,7.66,-0.0294,0.000769,28.0,23.765664,86.419103
2026-04-30 04:00:00,N07,-0.0817,0.006981,5.79,-0.0288,0.000648,29.6,23.765664,86.419103
2026-04-30 05:00:00,N07,0.1243,0.006319,7.49,-0.0281,0.000187,31.4,23.765664,86.419103
2026-04-30 06:00:00,N07,0.061,0.005035,3.95,-0.0292,0.000278,33.3,23.765664,86.419103
2026-04-30 07:00:00,N07,0.2855,0.005477,3.38,-0.0287,2.9e-05,35.3,23.765664,86.419103
2026-04-30 08:00:00,N07,,,,,,,23.765664,86.419103
2026-04-30 09:00:00,N07,,,,,,,23.765664,86.419103
2026-04-30 10:00:00,N07,0.0571,0.006471,3.64,-0.0304,0.000389,39.8,23.765664,86.419103
2026-04-30 11:00:00,N07,0.1353,0.009677,1.36,-0.0301,0.008703,40.6,23.765664,86.419103
2026-04-30 12:00:00,N07,,,,,,,23.765664,86.419103
2026-04-30 13:00:00,N07,,,,,,,23.765664,86.419103
2026-04-30 14:00:00,N07,,,,,,,23.765664,86.419103
2026-04-30 15:00:00,N07,0.018,0.006484,4.58,-0.0319,0.004096,38.6,23.765664,86.419103
2026-04-30 16:00:00,N07,,,,,,,23.765664,86.419103
2026-04-30 17:00:00,N07,,,,,,,23.765664,86.419103
2026-04-30 18:00:00,N07,,,,,,,23.765664,86.419103
2026-04-30 19:00:00,N07,,,,,,,23.765664,86.419103
2026-04-30 20:00:00,N07,,,,,,,23.765664,86.419103
2026-04-30 21:00:00,N07,,,,,,,23.765664,86.419103
2026-04-30 22:00:00,N07,,,,,,,23.765664,86.419103
2026-04-30 23:00:00,N07,,,,,,,23.765664,86.419103
2026-05-01 00:00:00,N07,0.0228,0.005925,6.26,-0.0309,0.000231,24.3,23.765664,86.419103
2026-05-01 01:00:00,N07,-0.1148,0.009156,1.84,-0.0309,2.4e-05,24.6,23.765664,86.419103
2026-05-01 02:00:00,N07,0.0195,0.006505,8.31,-0.031,0.000142,25.3,23.765664,86.419103
2026-05-01 03:00:00,N07,0.0046,0.006288,9.13,-0.0307,0.00012,26.5,23.765664,86.419103
2026-05-01 04:00:00,N07,-0.1945,0.009277,2.25,-0.0308,0.000407,28.1,23.765664,86.419103
2026-05-01 05:00:00,N07,0.0267,0.007633,2.34,-0.0315,0.000137,29.9,23.765664,86.419103
2026-05-01 06:00:00,N07,-0.2367,0.006291,5.37,-0.031,5.7e-05,31.8,23.765664,86.419103
2026-05-01 07:00:00,N07,0.0363,0.005424,1.36,-0.0316,0.000263,33.8,23.765664,86.419103
2026-05-01 08:00:00,N07,0.1877,0.007726,2.3,-0.0316,0.000294,35.6,23.765664,86.419103
2026-05-01 09:00:00,N07,0.1661,0.0056,2.31,-0.031,0.000451,37.1,23.765664,86.419103
2026-05-01 10:00:00,N07,-0.0493,0.005692,2.84,-0.0307,0.000428,38.3,23.765664,86.419103
2026-05-01 11:00:00,N07,0.3473,0.005055,4.07,-0.0301,0.007762,39.1,23.765664,86.419103
2026-05-01 12:00:00,N07,-0.0672,0.639436,40.67,-0.0151,0.007687,39.3,23.765664,86.419103
2026-05-01 13:00:00,N07,0.0771,0.673505,28.76,-0.0148,0.00778,39.1,23.765664,86.419103
2026-05-01 14:00:00,N07,-0.1633,0.006883,3.98,-0.0307,0.007712,38.3,23.765664,86.419103
2026-05-01 15:00:00,N07,0.1034,0.007289,3.68,-0.0302,7.7e-05,37.1,23.765664,86.419103
2026-05-01 16:00:00,N07,-0.4445,0.005638,3.76,-0.0305,0.000383,35.6,23.765664,86.419103
2026-05-01 17:00:00,N07,-0.07,0.006404,2.59,-0.0294,0.000675,33.8,23.765664,86.419103
2026-05-01 18:00:00,N07,0.139,0.005493,9.85,-0.0292,0.000804,31.8,23.765664,86.419103
2026-05-01 19:00:00,N07,-0.0374,0.006485,1.44,-0.0278,0.000589,29.9,23.765664,86.419103
2026-05-01 20:00:00,N07,0.0274,0.007617,2.65,-0.028,0.000182,28.1,23.765664,86.419103
2026-05-01 21:00:00,N07,0.0342,0.005801,4.79,-0.0274,0.000242,26.5,23.765664,86.419103
2026-05-01 22:00:00,N07,-0.0741,0.005105,7.75,-0.0275,1.8e-05,25.3,23.765664,86.419103
2026-05-01 23:00:00,N07,-0.1618,0.00793,7.36,-0.0275,0.000445,24.6,23.765664,86.419103
2026-05-02 00:00:00,N07,-0.0459,0.005518,5.12,-0.0284,0.00016,23.0,23.765664,86.419103
2026-05-02 01:00:00,N07,-0.1352,0.006072,9.99,-0.0278,0.000372,23.3,23.765664,86.419103
2026-05-02 02:00:00,N07,-0.0491,0.005414,8.9,-0.0277,4e-06,24.0,23.765664,86.419103
2026-05-02 03:00:00,N07,0.0411,0.008522,9.91,-0.0278,0.000282,25.2,23.765664,86.419103
2026-05-02 04:00:00,N07,0.2013,0.00625,8.83,-0.0271,0.000335,26.8,23.765664,86.419103
2026-05-02 05:00:00,N07,0.0453,0.008259,8.58,-0.0271,0.000159,28.6,23.765664,86.419103
2026-05-02 06:00:00,N07,,,,,,,23.765664,86.419103
2026-05-02 07:00:00,N07,,,,,,,23.765664,86.419103
2026-05-02 08:00:00,N07,,,,,,,23.765664,86.419103
2026-05-02 09:00:00,N07,-0.1426,0.005483,3.23,-0.0259,0.008329,35.8,23.765664,86.419103
2026-05-02 10:00:00,N07,0.2644,0.007383,2.49,-0.0267,0.000463,37.0,23.765664,86.419103
2026-05-02 11:00:00,N07,,,,,,,23.765664,86.419103
2026-05-02 12:00:00,N07,,,,,,,23.765664,86.419103
2026-05-02 13:00:00,N07,,,,,,,23.765664,86.419103
2026-05-02 14:00:00,N07,,,,,,,23.765664,86.419103
2026-05-02 15:00:00,N07,,,,,,,23.765664,86.419103
2026-05-02 16:00:00,N07,-0.0789,0.005975,1.09,-0.0268,0.000156,34.3,23.765664,86.419103
2026-05-02 17:00:00,N07,0.1719,0.006037,7.89,-0.0276,0.000807,32.5,23.765664,86.419103
2026-05-02 18:00:00,N07,0.1496,0.007172,4.75,-0.0284,0.000439,30.5,23.765664,86.419103
2026-05-02 19:00:00,N07,0.1525,0.006227,4.59,-0.0285,0.000247,28.6,23.765664,86.419103
2026-05-02 20:00:00,N07,-0.3386,0.006634,9.72,-0.0279,0.000299,26.8,23.765664,86.419103
2026-05-02 21:00:00,N07,0.2645,0.005988,8.55,-0.0279,0.000117,25.2,23.765664,86.419103
2026-05-02 22:00:00,N07,0.1448,0.005757,8.23,-0.0282,0.000107,24.0,23.765664,86.419103
2026-05-02 23:00:00,N07,,,,,,,23.765664,86.419103
2026-05-03 00:00:00,N07,,,,,,,23.765664,86.419103
2026-05-03 01:00:00,N07,-0.0488,0.008224,3.37,-0.0279,0.000745,25.2,23.765664,86.419103
2026-05-03 02:00:00,N07,-0.0585,0.006798,4.42,-0.029,0.000503,25.9,23.765664,86.419103
2026-05-03 03:00:00,N07,-0.1638,0.008954,6.35,-0.0289,2.5e-05,27.1,23.765664,86.419103
2026-05-03 04:00:00,N07,0.1191,0.008685,3.87,-0.029,0.000466,28.7,23.765664,86.419103
2026-05-03 05:00:00,N07,-0.2996,0.006973,4.78,-0.0299,0.00047,30.5,23.765664,86.419103
2026-05-03 06:00:00,N07,,,,,,,23.765664,86.419103
2026-05-03 07:00:00,N07,,,,,,,23.765664,86.419103
2026-05-03 08:00:00,N07,,,,,,,23.765664,86.419103
2026-05-03 09:00:00,N07,,,,,,,23.765664,86.419103
2026-05-03 10:00:00,N07,0.1664,0.007992,7.27,-0.0294,7e-05,38.9,23.765664,86.419103
2026-05-03 11:00:00,N07,-0.0077,0.008037,1.03,-0.0291,3.8e-05,39.7,23.765664,86.419103
2026-05-03 12:00:00,N07,0.0646,0.00805,8.39,-0.0295,0.000118,39.9,23.765664,86.419103
2026-05-03 13:00:00,N07,,,,,,,23.765664,86.419103
2026-05-03 14:00:00,N07,,,,,,,23.765664,86.419103
2026-05-03 15:00:00,N07,,,,,,,23.765664,86.419103
2026-05-03 16:00:00,N07,,,,,,,23.765664,86.419103
2026-05-03 17:00:00,N07,,,,,,,23.765664,86.419103
2026-05-03 18:00:00,N07,0.0196,0.007423,5.59,-0.0288,0.003866,32.4,23.765664,86.419103
2026-05-03 19:00:00,N07,-0.1848,0.006423,6.45,-0.0289,6.3e-05,30.5,23.765664,86.419103
2026-05-03 20:00:00,N07,-0.2486,0.006226,7.11,-0.0289,5.7e-05,28.7,23.765664,86.419103
2026-05-03 21:00:00,N07,-0.0288,0.005355,9.54,-0.0291,0.000136,27.1,23.765664,86.419103
2026-05-03 22:00:00,N07,-0.2108,0.00581,9.29,-0.0286,0.0004,25.9,23.765664,86.419103
2026-05-03 23:00:00,N07,0.005,0.007173,1.19,-0.0283,0.000323,25.2,23.765664,86.419103
2026-05-04 00:00:00,N07,-0.2854,0.006142,4.65,-0.028,8.6e-05,24.0,23.765664,86.419103
2026-05-04 01:00:00,N07,0.1619,0.006346,4.96,-0.0281,0.000122,24.3,23.765664,86.419103
2026-05-04 02:00:00,N07,,,,,,,23.765664,86.419103
2026-05-04 03:00:00,N07,,,,,,,23.765664,86.419103
2026-05-04 04:00:00,N07,,,,,,,23.765664,86.419103
2026-05-04 05:00:00,N07,,,,,,,23.765664,86.419103
2026-05-04 06:00:00,N07,,,,,,,23.765664,86.419103
2026-05-04 07:00:00,N07,,,,,,,23.765664,86.419103
2026-05-04 08:00:00,N07,0.0053,0.00735,4.56,-0.0279,0.000197,35.3,23.765664,86.419103
2026-05-04 09:00:00,N07,-0.1616,0.006506,2.13,-0.0283,0.000386,36.8,23.765664,86.419103
2026-05-04 10:00:00,N07,0.1599,0.005542,3.04,-0.0287,0.000145,38.0,23.765664,86.419103
2026-05-04 11:00:00,N07,0.2708,0.006705,2.81,-0.0286,0.000332,38.8,23.765664,86.419103
2026-05-04 12:00:00,N07,0.1917,0.010202,7.15,-0.0293,0.00057,39.0,23.765664,86.419103
2026-05-04 13:00:00,N07,0.2504,0.0068,7.69,-0.0297,0.0051,38.8,23.765664,86.419103
2026-05-04 14:00:00,N07,0.3355,0.544331,25.58,-0.0191,0.005961,38.0,23.765664,86.419103
2026-05-04 15:00:00,N07,-0.0646,0.852865,31.18,-0.0178,0.004415,36.8,23.765664,86.419103
2026-05-04 16:00:00,N07,-0.0007,0.005213,6.47,-0.028,0.005418,35.3,23.765664,86.419103
2026-05-04 17:00:00,N07,,,,,,,23.765664,86.419103
2026-05-04 18:00:00,N07,-0.2124,0.005478,6.31,-0.029,0.000307,31.5,23.765664,86.419103
2026-05-04 19:00:00,N07,0.0382,0.007555,9.19,-0.0292,0.000331,29.6,23.765664,86.419103
2026-05-04 20:00:00,N07,0.1611,0.007488,7.99,-0.0284,0.000634,27.8,23.765664,86.419103
2026-05-04 21:00:00,N07,-0.0275,0.005246,8.52,-0.028,6.5e-05,26.2,23.765664,86.419103
2026-05-04 22:00:00,N07,-0.1896,0.006067,9.41,-0.0285,9.4e-05,25.0,23.765664,86.419103
2026-05-04 23:00:00,N07,,,,,,,23.765664,86.419103
2026-05-05 00:00:00,N07,,,,,,,23.765664,86.419103
2026-05-05 01:00:00,N07,,,,,,,23.765664,86.419103
2026-05-05 02:00:00,N07,-0.3396,0.006183,8.84,-0.026,9e-05,25.2,23.765664,86.419103
2026-05-05 03:00:00,N07,-0.0127,0.005547,7.76,-0.0264,0.000448,26.4,23.765664,86.419103
2026-05-05 04:00:00,N07,0.1927,0.009497,5.7,-0.0269,0.00029,27.9,23.765664,86.419103
2026-05-05 05:00:00,N07,0.0257,0.006188,8.58,-0.027,7e-06,29.8,23.765664,86.419103
2026-05-05 06:00:00,N07,0.3206,0.007753,9.17,-0.027,0.005385,31.7,23.765664,86.419103
2026-05-05 07:00:00,N07,,,,,,,23.765664,86.419103
2026-05-05 08:00:00,N07,,,,,,,23.765664,86.419103
2026-05-05 09:00:00,N07,0.066,0.603476,33.71,-0.0433,0.013657,37.0,23.765664,86.419103
2026-05-05 10:00:00,N07,-0.0623,0.570109,21.27,-0.0439,0.007858,38.2,23.765664,86.419103
2026-05-05 11:00:00,N07,-0.0475,0.007969,6.68,-0.0276,0.007889,38.9,23.765664,86.419103
2026-05-05 12:00:00,N07,0.1709,0.007114,9.34,-0.0282,0.000135,39.2,23.765664,86.419103
2026-05-05 13:00:00,N07,0.0046,0.007094,5.22,-0.0274,0.000275,38.9,23.765664,86.419103
2026-05-05 14:00:00,N07,0.1339,0.005603,1.68,-0.0276,8.3e-05,38.2,23.765664,86.419103
2026-05-05 15:00:00,N07,-0.0261,0.005205,2.94,-0.0272,0.006482,37.0,23.765664,86.419103
2026-05-05 16:00:00,N07,0.1308,0.671392,43.73,-0.0146,0.00637,35.4,23.765664,86.419103
2026-05-05 17:00:00,N07,0.0426,0.70402,23.16,-0.0144,0.005816,33.6,23.765664,86.419103
2026-05-05 18:00:00,N07,0.278,0.005619,7.29,-0.0263,0.005886,31.7,23.765664,86.419103
2026-05-05 19:00:00,N07,-0.1755,0.006741,4.09,-0.0262,9.3e-05,29.8,23.765664,86.419103
2026-05-05 20:00:00,N07,0.032,0.007407,5.59,-0.0265,0.000277,27.9,23.765664,86.419103
2026-05-05 21:00:00,N07,0.1151,0.006208,1.76,-0.0257,2.2e-05,26.4,23.765664,86.419103
2026-05-05 22:00:00,N07,-0.0342,0.005775,5.3,-0.0264,0.000503,25.2,23.765664,86.419103
2026-05-05 23:00:00,N07,-0.2086,0.005039,3.57,-0.0267,9.9e-05,24.4,23.765664,86.419103
2026-05-06 00:00:00,N07,-0.0167,0.007992,2.41,-0.0266,8e-06,28.3,23.765664,86.419103
2026-05-06 01:00:00,N07,-0.1258,0.006648,7.91,-0.0267,1.2e-05,28.5,23.765664,86.419103
2026-05-06 02:00:00,N07,0.0099,0.010576,9.0,-0.0266,0.000113,29.3,23.765664,86.419103
2026-05-06 03:00:00,N07,,,,,,,23.765664,86.419103
2026-05-06 04:00:00,N07,0.0693,0.0074,6.47,-0.0269,0.000401,32.0,23.765664,86.419103
2026-05-06 05:00:00,N07,0.2564,0.006612,2.65,-0.0273,0.000426,33.8,23.765664,86.419103
2026-05-06 06:00:00,N07,0.0404,0.006285,6.27,-0.0278,0.000238,35.8,23.765664,86.419103
2026-05-06 07:00:00,N07,0.0963,0.008424,1.38,-0.0277,1.4e-05,37.7,23.765664,86.419103
2026-05-06 08:00:00,N07,-0.0794,0.005682,6.34,-0.0278,0.000152,39.5,23.765664,86.419103
2026-05-06 09:00:00,N07,-0.033,0.008349,6.28,-0.0274,0.000186,41.1,23.765664,86.419103
2026-05-06 10:00:00,N07,0.0175,0.005419,5.01,-0.0274,4e-05,42.3,23.765664,86.419103
2026-05-06 11:00:00,N07,0.4723,0.005621,3.55,-0.0275,0.000304,43.0,23.765664,86.419103
2026-05-06 12:00:00,N07,0.1239,0.005422,3.04,-0.0268,0.005841,43.3,23.765664,86.419103
2026-05-06 13:00:00,N07,-0.1348,0.503058,27.98,-0.0392,0.005987,43.0,23.765664,86.419103
2026-05-06 14:00:00,N07,-0.0708,0.764024,40.55,-0.0388,0.005538,42.3,23.765664,86.419103
2026-05-06 15:00:00,N07,0.0983,0.009245,7.94,-0.0281,0.005331,41.1,23.765664,86.419103
2026-05-06 16:00:00,N07,0.108,0.005587,3.45,-0.0281,0.009642,39.5,23.765664,86.419103
2026-05-06 17:00:00,N07,0.1282,0.720762,29.91,-0.0088,0.009738,37.7,23.765664,86.419103
2026-05-06 18:00:00,N07,,,,,,,23.765664,86.419103
2026-05-06 19:00:00,N07,,,,,,,23.765664,86.419103
2026-05-06 20:00:00,N07,,,,,,,23.765664,86.419103
2026-05-06 21:00:00,N07,0.2133,0.006814,5.79,-0.0284,0.000455,30.5,23.765664,86.419103
2026-05-06 22:00:00,N07,-0.1295,0.00632,1.98,-0.0286,0.000109,29.3,23.765664,86.419103
2026-05-06 23:00:00,N07,-0.1882,0.007983,1.76,-0.0286,0.000102,28.5,23.765664,86.419103
2026-05-07 00:00:00,N07,-0.0553,0.008077,1.05,-0.0284,0.000342,26.3,23.765664,86.419103
2026-05-07 01:00:00,N07,-0.061,0.005151,8.22,-0.0279,0.000616,26.6,23.765664,86.419103
2026-05-07 02:00:00,N07,-0.0109,0.00628,1.92,-0.0271,0.000501,27.3,23.765664,86.419103
2026-05-07 03:00:00,N07,-0.1033,0.00853,5.59,-0.0269,0.000177,28.5,23.765664,86.419103
2026-05-07 04:00:00,N07,,,,,,,23.765664,86.419103
2026-05-07 05:00:00,N07,,,,,,,23.765664,86.419103
2026-05-07 06:00:00,N07,0.0265,0.007707,7.58,-0.0273,0.000238,33.8,23.765664,86.419103
2026-05-07 07:00:00,N07,-0.3598,0.006271,3.79,-0.0271,0.000104,35.8,23.765664,86.419103
2026-05-07 08:00:00,N07,-0.269,0.006827,8.72,-0.0271,0.000171,37.6,23.765664,86.419103
2026-05-07 09:00:00,N07,0.1525,0.006028,7.96,-0.0274,8e-06,39.1,23.765664,86.419103
2026-05-07 10:00:00,N07,0.0356,0.006442,4.13,-0.027,0.000231,40.3,23.765664,86.419103
2026-05-07 11:00:00,N07,,,,,,,23.765664,86.419103
2026-05-07 12:00:00,N07,,,,,,,23.765664,86.419103
2026-05-07 13:00:00,N07,,,,,,,23.765664,86.419103
2026-05-07 14:00:00,N07,,,,,,,23.765664,86.419103
2026-05-07 15:00:00,N07,-0.0049,0.788035,45.38,-0.0109,0.000235,39.1,23.765664,86.419103
2026-05-07 16:00:00,N07,0.1083,0.006062,6.51,-0.0278,0.008418,37.6,23.765664,86.419103
2026-05-07 17:00:00,N07,-0.0868,0.006265,7.55,-0.0277,0.000759,35.8,23.765664,86.419103
2026-05-07 18:00:00,N07,-0.1587,0.007199,4.16,-0.0262,0.00067,33.8,23.765664,86.419103
2026-05-07 19:00:00,N07,0.0946,0.006273,1.13,-0.0264,0.00016,31.9,23.765664,86.419103
2026-05-07 20:00:00,N07,-0.104,0.007334,9.08,-0.0259,0.000346,30.1,23.765664,86.419103
2026-05-07 21:00:00,N07,,,,,,,23.765664,86.419103
2026-05-07 22:00:00,N07,,,,,,,23.765664,86.419103
2026-05-07 23:00:00,N07,,,,,,,23.765664,86.419103
2026-05-08 00:00:00,N07,,,,,,,23.765664,86.419103
2026-05-08 01:00:00,N07,-0.101,0.00804,1.99,-0.0279,0.000103,24.1,23.765664,86.419103
2026-05-08 02:00:00,N07,0.0217,0.007332,5.57,-0.0274,5.7e-05,24.8,23.765664,86.419103
2026-05-08 03:00:00,N07,-0.0242,0.005987,1.47,-0.0278,3e-06,26.0,23.765664,86.419103
2026-05-08 04:00:00,N07,-0.0168,0.007537,8.25,-0.0274,0.000186,27.6,23.765664,86.419103
2026-05-08 05:00:00,N07,-0.034,0.007179,5.95,-0.0274,0.000187,29.4,23.765664,86.419103
2026-05-08 06:00:00,N07,-0.0715,0.008414,8.55,-0.0278,7.8e-05,31.3,23.765664,86.419103
2026-05-08 07:00:00,N07,0.0496,0.005958,7.35,-0.0273,0.000274,33.3,23.765664,86.419103
2026-05-08 08:00:00,N07,0.0985,0.006764,6.46,-0.0273,8.6e-05,35.1,23.765664,86.419103
2026-05-08 09:00:00,N07,,,,,,,23.765664,86.419103
2026-05-08 10:00:00,N07,,,,,,,23.765664,86.419103
2026-05-08 11:00:00,N07,,,,,,,23.765664,86.419103
2026-05-08 12:00:00,N07,-0.0397,0.877994,32.8,-0.0104,0.000484,38.8,23.765664,86.419103
2026-05-08 13:00:00,N07,-0.1048,0.005094,8.11,-0.026,0.004357,38.6,23.765664,86.419103
2026-05-08 14:00:00,N07,,,,,,,23.765664,86.419103
2026-05-08 15:00:00,N07,,,,,,,23.765664,86.419103
2026-05-08 16:00:00,N07,,,,,,,23.765664,86.419103
2026-05-08 17:00:00,N07,,,,,,,23.765664,86.419103
2026-05-08 18:00:00,N07,0.1019,0.005702,5.39,-0.0271,4e-05,31.3,23.765664,86.419103
2026-05-08 19:00:00,N07,0.0023,0.006678,2.68,-0.027,4.9e-05,29.4,23.765664,86.419103
2026-05-08 20:00:00,N07,0.059,0.007078,1.91,-0.0272,0.000171,27.6,23.765664,86.419103
2026-05-08 21:00:00,N07,-0.2302,0.005001,2.67,-0.0274,7.8e-05,26.0,23.765664,86.419103
2026-05-08 22:00:00,N07,,,,,,,23.765664,86.419103
2026-05-08 23:00:00,N07,,,,,,,23.765664,86.419103
2026-05-09 00:00:00,N07,,,,,,,23.765664,86.419103
2026-05-09 01:00:00,N07,,,,,,,23.765664,86.419103
2026-05-09 02:00:00,N07,-0.0337,0.006044,7.77,-0.027,0.000598,23.4,23.765664,86.419103
2026-05-09 03:00:00,N07,-0.0037,0.007381,3.5,-0.0276,0.000782,24.6,23.765664,86.419103
2026-05-09 04:00:00,N07,-0.2289,0.005456,1.55,-0.0286,0.000535,26.2,23.765664,86.419103
2026-05-09 05:00:00,N07,-0.0468,0.005545,8.33,-0.0287,0.000148,28.0,23.765664,86.419103
2026-05-09 06:00:00,N07,-0.0084,0.006954,1.15,-0.0289,9.1e-05,29.9,23.765664,86.419103
2026-05-09 07:00:00,N07,-0.0646,0.005717,4.67,-0.0285,0.000274,31.9,23.765664,86.419103
2026-05-09 08:00:00,N07,0.0249,0.005945,4.83,-0.0284,8.4e-05,33.7,23.765664,86.419103
2026-05-09 09:00:00,N07,0.311,0.005555,8.95,-0.0283,0.008245,35.2,23.765664,86.419103
2026-05-09 10:00:00,N07,-0.0793,0.746069,22.91,-0.0119,6.2e-05,36.4,23.765664,86.419103
2026-05-09 11:00:00,N07,0.0947,0.005694,7.72,-0.0285,0.001437,37.2,23.765664,86.419103
2026-05-09 12:00:00,N07,-0.0549,0.557315,44.79,-0.009,0.000259,37.4,23.765664,86.419103
2026-05-09 13:00:00,N07,-0.0316,0.007154,4.65,-0.029,0.009834,37.2,23.765664,86.419103
2026-05-09 14:00:00,N07,-0.0172,0.007756,8.45,-0.0287,0.000259,36.4,23.765664,86.419103
2026-05-09 15:00:00,N07,-0.1112,0.006891,7.61,-0.0285,0.000123,35.2,23.765664,86.419103
2026-05-09 16:00:00,N07,0.0167,0.005442,4.75,-0.0284,0.000472,33.7,23.765664,86.419103
2026-05-09 17:00:00,N07,,,,,,,23.765664,86.419103
2026-05-09 18:00:00,N07,0.1997,0.005358,6.32,-0.0294,0.000373,29.9,23.765664,86.419103
2026-05-09 19:00:00,N07,-0.0896,0.005195,1.97,-0.0302,0.000882,28.0,23.765664,86.419103
2026-05-09 20:00:00,N07,0.0681,0.00835,2.25,-0.0312,0.000139,26.2,23.765664,86.419103
2026-05-09 21:00:00,N07,-0.1005,0.008247,9.36,-0.0304,0.000648,24.6,23.765664,86.419103
2026-05-09 22:00:00,N07,0.0503,0.006947,8.63,-0.0299,2.9e-05,23.4,23.765664,86.419103
2026-05-09 23:00:00,N07,0.0262,0.009816,4.48,-0.0304,0.000706,22.7,23.765664,86.419103
2026-05-10 00:00:00,N07,-0.0087,0.005241,1.67,-0.0313,0.000591,25.6,23.765664,86.419103
2026-05-10 01:00:00,N07,,,,,,,23.765664,86.419103
2026-05-10 02:00:00,N07,,,,,,,23.765664,86.419103
2026-05-10 03:00:00,N07,,,,,,,23.765664,86.419103
2026-05-10 04:00:00,N07,0.3143,0.008974,5.88,-0.0325,0.000289,29.3,23.765664,86.419103
2026-05-10 05:00:00,N07,0.1573,0.006211,8.03,-0.0326,0.000302,31.1,23.765664,86.419103
2026-05-10 06:00:00,N07,,,,,,,23.765664,86.419103
2026-05-10 07:00:00,N07,-0.1721,0.006251,7.82,-0.0325,0.007733,35.0,23.765664,86.419103
2026-05-10 08:00:00,N07,0.006,0.517312,25.02,-0.0176,0.000482,36.8,23.765664,86.419103
2026-05-10 09:00:00,N07,0.0494,0.008158,8.54,-0.0315,0.006754,38.4,23.765664,86.419103
2026-05-10 10:00:00,N07,-0.0336,0.005455,3.83,-0.0311,0.000446,39.6,23.765664,86.419103
2026-05-10 11:00:00,N07,0.0659,0.006251,4.1,-0.0306,6.1e-05,40.3,23.765664,86.419103
2026-05-10 12:00:00,N07,0.0805,0.008258,7.06,-0.0312,0.000416,40.6,23.765664,86.419103
2026-05-10 13:00:00,N07,0.1659,0.006311,5.11,-0.0315,0.00015,40.3,23.765664,86.419103
2026-05-10 14:00:00,N07,0.1594,0.007074,9.38,-0.0315,0.004633,39.6,23.765664,86.419103
2026-05-10 15:00:00,N07,0.1748,0.732729,21.88,-0.0407,0.004529,38.4,23.765664,86.419103
2026-05-10 16:00:00,N07,0.0187,0.52947,24.55,-0.0406,0.002262,36.8,23.765664,86.419103
2026-05-10 17:00:00,N07,-0.0729,0.941374,33.06,-0.0362,0.004767,35.0,23.765664,86.419103
2026-05-10 18:00:00,N07,-0.0907,0.005378,4.24,-0.0311,0.0021,33.1,23.765664,86.419103
2026-05-10 19:00:00,N07,,,,,,,23.765664,86.419103
2026-05-10 20:00:00,N07,,,,,,,23.765664,86.419103
2026-05-10 21:00:00,N07,-0.0417,0.005294,7.52,-0.032,0.00025,27.8,23.765664,86.419103
2026-05-10 22:00:00,N07,-0.1648,0.006146,8.46,-0.0326,9.3e-05,26.6,23.765664,86.419103
2026-05-10 23:00:00,N07,0.1991,0.006205,5.99,-0.0318,0.000192,25.8,23.765664,86.419103
2026-05-11 00:00:00,N07,-0.2867,0.006146,1.89,-0.0322,0.000231,20.1,23.765664,86.419103
2026-05-11 01:00:00,N07,,,,,,,23.765664,86.419103
2026-05-11 02:00:00,N07,,,,,,,23.765664,86.419103
2026-05-11 03:00:00,N07,0.0609,0.006208,1.19,-0.0321,0.000151,22.3,23.765664,86.419103
2026-05-11 04:00:00,N07,,,,,,,23.765664,86.419103
2026-05-11 05:00:00,N07,,,,,,,23.765664,86.419103
2026-05-11 06:00:00,N07,,,,,,,23.765664,86.419103
2026-05-11 07:00:00,N07,,,,,,,23.765664,86.419103
2026-05-11 08:00:00,N07,,,,,,,23.765664,86.419103
2026-05-11 09:00:00,N07,-0.0579,0.007022,9.12,-0.0332,0.000231,32.9,23.765664,86.419103
2026-05-11 10:00:00,N07,0.4368,0.005028,5.61,-0.0339,0.005376,34.1,23.765664,86.419103
2026-05-11 11:00:00,N07,-0.0575,0.914876,36.78,-0.044,0.004866,34.8,23.765664,86.419103
2026-05-11 12:00:00,N07,0.0506,0.799362,43.36,-0.0437,0.004994,35.1,23.765664,86.419103
2026-05-11 13:00:00,N07,-0.102,0.007112,2.04,-0.034,0.000185,34.8,23.765664,86.419103
2026-05-11 14:00:00,N07,-0.0403,0.702648,46.32,-0.044,0.005054,34.1,23.765664,86.419103
2026-05-11 15:00:00,N07,0.0721,0.766594,16.64,-0.0441,0.005421,32.9,23.765664,86.419103
2026-05-11 16:00:00,N07,0.2909,0.006167,9.45,-0.0332,0.005346,31.3,23.765664,86.419103
2026-05-11 17:00:00,N07,0.2106,0.006288,4.06,-0.0334,0.000134,29.5,23.765664,86.419103
2026-05-11 18:00:00,N07,-0.1368,0.00991,9.7,-0.0329,0.000719,27.6,23.765664,86.419103
2026-05-11 19:00:00,N07,0.1721,0.005939,5.51,-0.0319,0.000161,25.6,23.765664,86.419103
2026-05-11 20:00:00,N07,-0.1335,0.005006,3.09,-0.0326,5.7e-05,23.8,23.765664,86.419103
2026-05-11 21:00:00,N07,-0.2704,0.007039,1.37,-0.0321,0.000918,22.3,23.765664,86.419103
2026-05-11 22:00:00,N07,0.0439,0.005947,4.91,-0.0308,0.000696,21.1,23.765664,86.419103
2026-05-11 23:00:00,N07,-0.0326,0.008324,8.37,-0.0307,5.5e-05,20.3,23.765664,86.419103
2026-05-12 00:00:00,N07,-0.0173,0.00553,7.53,-0.0307,0.000295,23.6,23.765664,86.419103
2026-05-12 01:00:00,N07,0.0406,0.005997,8.92,-0.0313,0.000182,23.8,23.765664,86.419103
2026-05-12 02:00:00,N07,-0.1028,0.006893,4.48,-0.0303,0.000488,24.6,23.765664,86.419103
2026-05-12 03:00:00,N07,0.1571,0.006035,4.94,-0.0303,0.000436,25.8,23.765664,86.419103
2026-05-12 04:00:00,N07,0.1475,0.006792,8.54,-0.0312,0.000507,27.3,23.765664,86.419103
2026-05-12 05:00:00,N07,0.0133,0.006683,7.44,-0.0313,0.007922,29.1,23.765664,86.419103
2026-05-12 06:00:00,N07,-0.0959,0.923864,18.45,-0.0153,0.007814,31.1,23.765664,86.419103
2026-05-12 07:00:00,N07,,,,,,,23.765664,86.419103
2026-05-12 08:00:00,N07,,,,,,,23.765664,86.419103
2026-05-12 09:00:00,N07,,,,,,,23.765664,86.419103
2026-05-12 10:00:00,N07,,,,,,,23.765664,86.419103
2026-05-12 11:00:00,N07,,,,,,,23.765664,86.419103
2026-05-12 12:00:00,N07,,,,,,,23.765664,86.419103
2026-05-12 13:00:00,N07,,,,,,,23.765664,86.419103
2026-05-12 14:00:00,N07,,,,,,,23.765664,86.419103
2026-05-12 15:00:00,N07,0.0255,0.005216,7.24,-0.0305,8.1e-05,36.4,23.765664,86.419103
2026-05-12 16:00:00,N07,,,,,,,23.765664,86.419103
2026-05-12 17:00:00,N07,-0.0906,0.005599,4.47,-0.0304,0.000383,33.0,23.765664,86.419103
2026-05-12 18:00:00,N07,-0.1578,0.006301,3.12,-0.0303,0.000319,31.1,23.765664,86.419103
2026-05-12 19:00:00,N07,-0.1886,0.005461,3.88,-0.031,0.000328,29.1,23.765664,86.419103
2026-05-12 20:00:00,N07,,,,,,,23.765664,86.419103
2026-05-12 21:00:00,N07,0.0342,0.007129,5.58,-0.0308,0.00022,25.8,23.765664,86.419103
2026-05-12 22:00:00,N07,-0.0826,0.007111,4.71,-0.0305,0.000684,24.6,23.765664,86.419103
2026-05-12 23:00:00,N07,-0.1262,0.009108,3.4,-0.0295,0.000861,23.8,23.765664,86.419103
2026-05-13 00:00:00,N07,-0.0095,0.005905,2.61,-0.0288,0.000207,27.1,23.765664,86.419103
2026-05-13 01:00:00,N07,0.0861,0.005304,9.1,-0.0299,0.000643,27.3,23.765664,86.419103
2026-05-13 02:00:00,N07,-0.0159,0.00593,5.24,-0.0301,0.000122,28.1,23.765664,86.419103
2026-05-13 03:00:00,N07,-0.0887,0.005188,6.17,-0.0296,0.000796,29.3,23.765664,86.419103
2026-05-13 04:00:00,N07,-0.4178,0.006842,2.88,-0.0285,0.000973,30.8,23.765664,86.419103
2026-05-13 05:00:00,N07,0.0266,0.009997,7.06,-0.0277,0.000132,32.6,23.765664,86.419103
2026-05-13 06:00:00,N07,-0.0574,0.00604,3.13,-0.0282,0.000485,34.6,23.765664,86.419103
2026-05-13 07:00:00,N07,0.1316,0.008912,3.62,-0.0286,0.000419,36.5,23.765664,86.419103
2026-05-13 08:00:00,N07,0.2326,0.008806,5.97,-0.0291,0.000664,38.3,23.765664,86.419103
2026-05-13 09:00:00,N07,-0.0395,0.005851,1.98,-0.03,0.000131,39.9,23.765664,86.419103
2026-05-13 10:00:00,N07,-0.1416,0.005134,3.67,-0.0293,0.000361,41.1,23.765664,86.419103
2026-05-13 11:00:00,N07,0.1057,0.005521,1.23,-0.0293,0.00762,41.8,23.765664,86.419103
2026-05-13 12:00:00,N07,-0.1014,0.566264,28.95,-0.0141,0.007286,42.1,23.765664,86.419103
2026-05-13 13:00:00,N07,0.1281,0.938661,30.04,-0.0147,0.008011,41.8,23.765664,86.419103
2026-05-13 14:00:00,N07,-0.1214,0.007461,8.3,-0.0301,0.007501,41.1,23.765664,86.419103
2026-05-13 15:00:00,N07,-0.0195,0.006455,4.42,-0.0297,0.000102,39.9,23.765664,86.419103
2026-05-13 16:00:00,N07,0.2092,0.006425,1.58,-0.0303,0.000264,38.3,23.765664,86.419103
2026-05-13 17:00:00,N07,0.1552,0.006896,8.15,-0.0302,7e-05,36.5,23.765664,86.419103
2026-05-13 18:00:00,N07,-0.1099,0.005392,1.63,-0.0302,0.000175,34.6,23.765664,86.419103
2026-05-13 19:00:00,N07,0.0348,0.005051,2.62,-0.0306,0.000258,32.6,23.765664,86.419103
2026-05-13 20:00:00,N07,0.1959,0.005777,4.53,-0.0307,2.8e-05,30.8,23.765664,86.419103
2026-05-13 21:00:00,N07,0.1573,0.006449,4.51,-0.0306,0.000223,29.3,23.765664,86.419103
2026-05-13 22:00:00,N07,0.0759,0.005671,6.13,-0.0311,0.000144,28.1,23.765664,86.419103
2026-05-13 23:00:00,N07,-0.0331,0.006006,3.22,-0.0309,0.000448,27.3,23.765664,86.419103
2026-05-14 00:00:00,N07,0.1151,0.006208,8.86,-0.0303,0.000302,27.7,23.765664,86.419103
2026-05-14 01:00:00,N07,0.1201,0.007475,4.91,-0.0303,5e-05,28.0,23.765664,86.419103
2026-05-14 02:00:00,N07,0.0397,0.005798,5.07,-0.0304,0.000334,28.7,23.765664,86.419103
2026-05-14 03:00:00,N07,0.0369,0.008356,3.17,-0.0296,0.000382,29.9,23.765664,86.419103
2026-05-14 04:00:00,N07,,,,,,,23.765664,86.419103
2026-05-14 05:00:00,N07,,,,,,,23.765664,86.419103
2026-05-14 06:00:00,N07,,,,,,,23.765664,86.419103
2026-05-14 07:00:00,N07,,,,,,,23.765664,86.419103
2026-05-14 08:00:00,N07,,,,,,,23.765664,86.419103
2026-05-14 09:00:00,N07,0.1113,0.769294,23.51,-0.0446,0.000217,40.5,23.765664,86.419103
2026-05-14 10:00:00,N07,,,,,,,23.765664,86.419103
2026-05-14 11:00:00,N07,0.077,0.006682,4.34,-0.0275,0.000559,42.4,23.765664,86.419103
2026-05-14 12:00:00,N07,-0.075,0.006904,3.23,-0.0269,0.000494,42.7,23.765664,86.419103
2026-05-14 13:00:00,N07,0.1349,0.006574,4.86,-0.0265,0.000356,42.4,23.765664,86.419103
2026-05-14 14:00:00,N07,-0.1627,0.007078,8.44,-0.0262,0.000178,41.7,23.765664,86.419103
2026-05-14 15:00:00,N07,0.1076,0.008099,9.77,-0.0261,0.000149,40.5,23.765664,86.419103
2026-05-14 16:00:00,N07,0.0861,0.005267,3.3,-0.0265,0.000277,39.0,23.765664,86.419103
2026-05-14 17:00:00,N07,0.1125,0.006565,7.21,-0.0267,0.000536,37.1,23.765664,86.419103
2026-05-14 18:00:00,N07,-0.1134,0.006333,3.69,-0.0276,0.000458,35.2,23.765664,86.419103
2026-05-14 19:00:00,N07,-0.1952,0.007403,3.93,-0.0276,0.000167,33.3,23.765664,86.419103
2026-05-14 20:00:00,N07,-0.2857,0.005839,9.64,-0.0273,0.00202,31.5,23.765664,86.419103
2026-05-14 21:00:00,N07,-0.0436,0.006631,4.0,-0.0236,0.003497,29.9,23.765664,86.419103
2026-05-14 22:00:00,N07,0.2578,0.006408,5.94,-0.0203,0.003304,28.7,23.765664,86.419103
2026-05-14 23:00:00,N07,-0.0137,0.005783,3.74,-0.017,0.003734,28.0,23.765664,86.419103
2026-05-15 00:00:00,N07,0.1072,0.006303,8.9,-0.0128,0.004071,28.0,23.765664,86.419103
2026-05-15 01:00:00,N07,-0.253,0.005583,3.55,-0.0088,0.004038,28.2,23.765664,86.419103
2026-05-15 02:00:00,N07,0.0407,0.008475,3.69,-0.0047,0.004282,29.0,23.765664,86.419103
2026-05-15 03:00:00,N07,,,,,,,23.765664,86.419103
2026-05-15 04:00:00,N07,,,,,,,23.765664,86.419103
2026-05-15 05:00:00,N07,,,,,,,23.765664,86.419103
2026-05-15 06:00:00,N07,,,,,,,23.765664,86.419103
2026-05-15 07:00:00,N07,,,,,,,23.765664,86.419103
2026-05-15 08:00:00,N07,-0.3115,0.852656,15.3,0.0208,0.000129,39.2,23.765664,86.419103
2026-05-15 09:00:00,N07,-0.1543,0.00845,9.6,0.0177,0.00037,40.8,23.765664,86.419103
2026-05-15 10:00:00,N07,-0.0054,0.008561,3.02,0.0215,0.01443,42.0,23.765664,86.419103
2026-05-15 11:00:00,N07,0.1386,0.770941,21.67,0.0466,0.011366,42.7,23.765664,86.419103
2026-05-15 12:00:00,N07,,,,,,,23.765664,86.419103
2026-05-15 13:00:00,N07,0.1666,0.005236,3.25,0.0305,0.00467,42.7,23.765664,86.419103
2026-05-15 14:00:00,N07,0.0806,0.005523,5.47,0.0349,0.00376,42.0,23.765664,86.419103
2026-05-15 15:00:00,N07,0.0154,0.007129,9.11,0.038,0.00345,40.8,23.765664,86.419103
2026-05-15 16:00:00,N07,-0.0444,0.010059,8.59,0.0418,0.003256,39.2,23.765664,86.419103
2026-05-15 17:00:00,N07,,,,,,,23.765664,86.419103
2026-05-15 18:00:00,N07,,,,,,,23.765664,86.419103
2026-05-15 19:00:00,N07,0.0862,0.006504,2.74,0.0519,0.003604,33.5,23.765664,86.419103
2026-05-15 20:00:00,N07,-0.0335,0.006777,7.12,0.0553,0.003536,31.7,23.765664,86.419103
2026-05-15 21:00:00,N07,0.18,0.00513,5.42,0.059,0.003841,30.2,23.765664,86.419103
2026-05-15 22:00:00,N07,-0.2359,0.006808,9.16,0.063,0.003914,29.0,23.765664,86.419103
2026-05-15 23:00:00,N07,0.2717,0.005203,4.18,0.0668,0.004007,28.2,23.765664,86.419103
2026-05-16 00:00:00,N07,0.0595,0.006071,7.28,0.071,0.003984,28.2,23.765664,86.419103
2026-05-16 01:00:00,N07,0.2167,0.00562,8.5,0.0748,0.003259,28.4,23.765664,86.419103
2026-05-16 02:00:00,N07,0.0004,0.005676,8.44,0.0775,0.003384,29.2,23.765664,86.419103
2026-05-16 03:00:00,N07,,,,,,,23.765664,86.419103
2026-05-16 04:00:00,N07,,,,,,,23.765664,86.419103
2026-05-16 05:00:00,N07,,,,,,,23.765664,86.419103
2026-05-16 06:00:00,N07,,,,,,,23.765664,86.419103
2026-05-16 07:00:00,N07,0.0326,0.005683,6.67,0.0959,0.00345,37.6,23.765664,86.419103
2026-05-16 08:00:00,N07,0.0665,0.005497,8.5,0.0994,0.003352,39.4,23.765664,86.419103
2026-05-16 09:00:00,N07,0.0125,0.005319,8.8,0.1026,0.003359,41.0,23.765664,86.419103
2026-05-16 10:00:00,N07,0.0945,0.005936,7.91,0.1061,0.003249,42.2,23.765664,86.419103
2026-05-16 11:00:00,N07,-0.1125,0.006901,1.06,0.1091,0.003452,42.9,23.765664,86.419103
2026-05-16 12:00:00,N07,,,,,,,23.765664,86.419103
2026-05-16 13:00:00,N07,,,,,,,23.765664,86.419103
2026-05-16 14:00:00,N07,,,,,,,23.765664,86.419103
2026-05-16 15:00:00,N07,,,,,,,23.765664,86.419103
2026-05-16 16:00:00,N07,0.2106,0.005279,8.08,0.1272,0.003991,39.4,23.765664,86.419103
2026-05-16 17:00:00,N07,,,,,,,23.765664,86.419103
2026-05-16 18:00:00,N07,,,,,,,23.765664,86.419103
2026-05-16 19:00:00,N07,,,,,,,23.765664,86.419103
2026-05-16 20:00:00,N07,-0.2704,0.006071,5.16,0.1425,0.004341,31.9,23.765664,86.419103
2026-05-16 21:00:00,N07,-0.0783,0.005875,2.29,0.1466,0.003659,30.4,23.765664,86.419103
2026-05-16 22:00:00,N07,0.405,0.005975,9.66,0.1498,0.003502,29.2,23.765664,86.419103
2026-05-16 23:00:00,N07,0.0714,0.009937,7.02,0.1536,0.003948,28.4,23.765664,86.419103
2026-05-17 00:00:00,N07,-0.2951,0.005224,5.76,0.1577,0.003878,22.9,23.765664,86.419103
2026-05-17 01:00:00,N07,-0.0272,0.007626,1.87,0.1613,0.003386,23.2,23.765664,86.419103
2026-05-17 02:00:00,N07,-0.2281,0.005131,5.11,0.1645,0.003289,23.9,23.765664,86.419103
2026-05-17 03:00:00,N07,0.14,0.010167,3.95,0.1679,0.003854,25.1,23.765664,86.419103
2026-05-17 04:00:00,N07,-0.0358,0.006085,2.53,0.1722,0.003526,26.7,23.765664,86.419103
2026-05-17 05:00:00,N07,0.0596,0.005999,8.05,0.1749,0.003004,28.5,23.765664,86.419103
2026-05-17 06:00:00,N07,-0.2885,0.005312,5.94,0.1782,0.003565,30.4,23.765664,86.419103
2026-05-17 07:00:00,N07,-0.1681,0.005186,3.21,0.1821,0.003216,32.4,23.765664,86.419103
2026-05-17 08:00:00,N07,0.1149,0.955069,23.12,0.1846,0.010564,34.2,23.765664,86.419103
2026-05-17 09:00:00,N07,0.1356,0.868792,23.29,0.2032,0.010877,35.7,23.765664,86.419103
2026-05-17 10:00:00,N07,0.1366,0.68103,24.97,0.2064,0.004204,36.9,23.765664,86.419103
2026-05-17 11:00:00,N07,0.0695,0.008499,2.51,0.1948,0.004302,37.7,23.765664,86.419103
2026-05-17 12:00:00,N07,-0.0575,0.00751,6.27,0.1978,0.00361,37.9,23.765664,86.419103
2026-05-17 13:00:00,N07,-0.0102,0.008217,6.95,0.202,0.003947,37.7,23.765664,86.419103
2026-05-17 14:00:00,N07,-0.3365,0.005615,1.84,0.2057,0.003725,36.9,23.765664,86.419103
2026-05-17 15:00:00,N07,,,,,,,23.765664,86.419103
2026-05-17 16:00:00,N07,,,,,,,23.765664,86.419103
2026-05-17 17:00:00,N07,,,,,,,23.765664,86.419103
2026-05-17 18:00:00,N07,,,,,,,23.765664,86.419103
2026-05-17 19:00:00,N07,0.0812,0.005123,7.57,0.2233,0.003501,28.5,23.765664,86.419103
2026-05-17 20:00:00,N07,-0.3022,0.006547,3.44,0.2274,0.003695,26.7,23.765664,86.419103
2026-05-17 21:00:00,N07,-0.0035,0.008772,7.31,0.2307,0.003588,25.1,23.765664,86.419103
2026-05-17 22:00:00,N07,,,,,,,23.765664,86.419103
2026-05-17 23:00:00,N07,-0.2285,0.007356,1.36,0.2375,0.003173,23.2,23.765664,86.419103
2026-05-18 00:00:00,N07,-0.1351,0.006913,3.67,0.2409,0.003128,30.4,23.765664,86.419103
2026-05-18 01:00:00,N07,0.2157,0.0052,3.09,0.2438,0.003205,30.6,23.765664,86.419103
2026-05-18 02:00:00,N07,0.1647,0.005957,3.62,0.2473,0.003295,31.4,23.765664,86.419103
2026-05-18 03:00:00,N07,-0.2277,0.006828,5.5,0.2504,0.003245,32.6,23.765664,86.419103
2026-05-18 04:00:00,N07,0.1301,0.006798,8.26,0.2538,0.003574,34.1,23.765664,86.419103
2026-05-18 05:00:00,N07,0.1095,0.005125,5.51,0.2575,0.003243,35.9,23.765664,86.419103
2026-05-18 06:00:00,N07,0.0761,0.006249,3.71,0.2603,0.000517,37.9,23.765664,86.419103
2026-05-18 07:00:00,N07,0.2359,0.830776,26.85,0.2586,8.2e-05,39.8,23.765664,86.419103
2026-05-18 08:00:00,N07,-0.0042,0.965333,28.84,0.2605,0.005539,41.6,23.765664,86.419103
2026-05-18 09:00:00,N07,0.0655,0.006055,6.18,0.2696,0.006205,43.2,23.765664,86.419103
2026-05-18 10:00:00,N07,-0.0046,0.008578,5.11,0.2729,0.003466,44.4,23.765664,86.419103
2026-05-18 11:00:00,N07,0.1236,0.009675,4.76,0.2766,0.003671,45.1,23.765664,86.419103
2026-05-18 12:00:00,N07,0.1105,0.007121,4.62,0.2802,0.003005,45.4,23.765664,86.419103
2026-05-18 13:00:00,N07,0.1766,0.005336,3.83,0.2826,0.002504,45.1,23.765664,86.419103
2026-05-18 14:00:00,N07,,,,,,,23.765664,86.419103
2026-05-18 15:00:00,N07,,,,,,,23.765664,86.419103
2026-05-18 16:00:00,N07,,,,,,,23.765664,86.419103
2026-05-18 17:00:00,N07,,,,,,,23.765664,86.419103
2026-05-18 18:00:00,N07,,,,,,,23.765664,86.419103
2026-05-18 19:00:00,N07,-0.1051,0.005107,2.3,0.3034,0.003683,35.9,23.765664,86.419103
2026-05-18 20:00:00,N07,-0.1592,0.008156,9.44,0.3067,0.0031,34.1,23.765664,86.419103
2026-05-18 21:00:00,N07,0.2135,0.005042,6.64,0.3096,0.002595,32.6,23.765664,86.419103
2026-05-18 22:00:00,N07,0.0778,0.007313,9.02,0.3119,0.00276,31.4,23.765664,86.419103
2026-05-18 23:00:00,N07,-0.0878,0.009308,9.39,0.3151,0.003429,30.6,23.765664,86.419103
2026-05-19 00:00:00,N07,0.1033,0.00675,6.19,0.3187,0.00336,21.7,23.765664,86.419103
2026-05-19 01:00:00,N07,0.0427,0.00637,1.04,0.3218,0.00273,21.9,23.765664,86.419103
2026-05-19 02:00:00,N07,-0.0657,0.007122,3.34,0.3242,0.002694,22.7,23.765664,86.419103
2026-05-19 03:00:00,N07,0.0479,0.006665,7.06,0.3272,0.003174,23.9,23.765664,86.419103
2026-05-19 04:00:00,N07,0.1023,0.005525,7.27,0.3305,0.003469,25.4,23.765664,86.419103
2026-05-19 05:00:00,N07,0.0738,0.005593,1.55,0.3341,0.003599,27.2,23.765664,86.419103
2026-05-19 06:00:00,N07,-0.1936,0.006169,4.98,0.3377,0.007493,29.2,23.765664,86.419103
2026-05-19 07:00:00,N07,,,,,,,23.765664,86.419103
2026-05-19 08:00:00,N07,,,,,,,23.765664,86.419103
2026-05-19 09:00:00,N07,,,,,,,23.765664,86.419103
2026-05-19 10:00:00,N07,0.0993,0.006025,6.83,0.3501,0.00379,35.7,23.765664,86.419103
2026-05-19 11:00:00,N07,-0.0343,0.007258,2.99,0.3545,0.013941,36.4,23.765664,86.419103
2026-05-19 12:00:00,N07,0.171,0.641717,28.43,0.3779,0.002971,36.7,23.765664,86.419103
2026-05-19 13:00:00,N07,-0.0339,0.867171,23.35,0.3485,0.012558,36.4,23.765664,86.419103
2026-05-19 14:00:00,N07,-0.0324,0.844814,48.47,0.3528,0.009849,35.7,23.765664,86.419103
2026-05-19 15:00:00,N07,-0.0393,0.006812,8.25,0.3682,0.009916,34.5,23.765664,86.419103
2026-05-19 16:00:00,N07,0.2698,0.007461,3.93,0.3726,0.003802,32.9,23.765664,86.419103
2026-05-19 17:00:00,N07,0.046,0.006694,3.69,0.3758,0.003577,31.1,23.765664,86.419103
2026-05-19 18:00:00,N07,0.202,0.006529,1.72,0.3798,0.003654,29.2,23.765664,86.419103
2026-05-19 19:00:00,N07,-0.1083,0.008382,7.1,0.3831,0.00339,27.2,23.765664,86.419103
2026-05-19 20:00:00,N07,-0.1949,0.006678,5.39,0.3866,0.002857,25.4,23.765664,86.419103
2026-05-19 21:00:00,N07,0.1327,0.005466,3.74,0.3889,0.002444,23.9,23.765664,86.419103
2026-05-19 22:00:00,N07,-0.2181,0.005098,1.7,0.3915,0.003028,22.7,23.765664,86.419103
2026-05-19 23:00:00,N07,0.1128,0.005573,9.32,0.3949,0.003282,21.9,23.765664,86.419103
2026-05-20 00:00:00,N07,0.0333,0.005562,8.88,0.398,0.002776,25.7,23.765664,86.419103
2026-05-20 01:00:00,N07,-0.0904,0.006947,4.93,0.4005,0.002972,25.9,23.765664,86.419103
2026-05-20 02:00:00,N07,-0.087,0.005812,1.68,0.404,0.003302,26.7,23.765664,86.419103
2026-05-20 03:00:00,N07,-0.251,0.006135,5.9,0.4071,0.003058,27.9,23.765664,86.419103
2026-05-20 04:00:00,N07,0.0362,0.005516,5.94,0.4101,0.002973,29.4,23.765664,86.419103
2026-05-20 05:00:00,N07,,,,,,,23.765664,86.419103
2026-05-20 06:00:00,N07,,,,,,,23.765664,86.419103
2026-05-20 07:00:00,N07,,,,,,,23.765664,86.419103
2026-05-20 08:00:00,N07,,,,,,,23.765664,86.419103
2026-05-20 09:00:00,N07,,,,,,,23.765664,86.419103
2026-05-20 10:00:00,N07,-0.1253,0.00562,9.4,0.428,0.003083,39.7,23.765664,86.419103
2026-05-20 11:00:00,N07,-0.0771,0.0096,2.36,0.4313,0.010257,40.4,23.765664,86.419103
2026-05-20 12:00:00,N07,-0.014,0.725512,22.17,0.4485,0.002891,40.7,23.765664,86.419103
2026-05-20 13:00:00,N07,0.0475,0.006527,8.94,0.4371,0.004092,40.4,23.765664,86.419103
2026-05-20 14:00:00,N07,0.1832,0.005695,3.4,0.4403,0.002656,39.7,23.765664,86.419103
2026-05-20 15:00:00,N07,-0.0128,0.006266,7.27,0.4424,0.003273,38.5,23.765664,86.419103
2026-05-20 16:00:00,N07,0.1984,0.005731,4.26,0.4468,0.00349,36.9,23.765664,86.419103
2026-05-20 17:00:00,N07,-0.0633,0.008471,4.39,0.4494,0.002856,35.1,23.765664,86.419103
2026-05-20 18:00:00,N07,0.1498,0.007827,6.18,0.4525,0.003335,33.2,23.765664,86.419103
2026-05-20 19:00:00,N07,-0.1854,0.006196,5.92,0.4561,0.003264,31.2,23.765664,86.419103
2026-05-20 20:00:00,N07,-0.0412,0.005181,6.31,0.4591,0.003521,29.4,23.765664,86.419103
2026-05-20 21:00:00,N07,,,,,,,23.765664,86.419103
2026-05-20 22:00:00,N07,,,,,,,23.765664,86.419103
2026-05-20 23:00:00,N07,,,,,,,23.765664,86.419103
2026-05-21 00:00:00,N07,0.1904,0.005738,5.92,0.4732,0.003059,26.1,23.765664,86.419103
2026-05-21 01:00:00,N07,,,,,,,23.765664,86.419103
2026-05-21 02:00:00,N07,,,,,,,23.765664,86.419103
2026-05-21 03:00:00,N07,,,,,,,23.765664,86.419103
2026-05-21 04:00:00,N07,,,,,,,23.765664,86.419103
2026-05-21 05:00:00,N07,,,,,,,23.765664,86.419103
2026-05-21 06:00:00,N07,0.183,0.007235,1.9,0.4912,0.003478,33.6,23.765664,86.419103
2026-05-21 07:00:00,N07,-0.1723,0.00826,1.98,0.4946,0.002966,35.5,23.765664,86.419103
2026-05-21 08:00:00,N07,0.1683,0.005407,8.94,0.4972,0.002897,37.3,23.765664,86.419103
2026-05-21 09:00:00,N07,-0.1254,0.005542,2.67,0.5004,0.002821,38.9,23.765664,86.419103
2026-05-21 10:00:00,N07,0.0963,0.005279,8.63,0.5028,0.002795,40.1,23.765664,86.419103
2026-05-21 11:00:00,N07,-0.055,0.007347,2.57,0.5059,0.006344,40.8,23.765664,86.419103
2026-05-21 12:00:00,N07,-0.0366,0.918736,23.08,0.5155,0.006536,41.1,23.765664,86.419103
2026-05-21 13:00:00,N07,-0.126,0.859629,19.69,0.519,0.000185,40.8,23.765664,86.419103
2026-05-21 14:00:00,N07,-0.0089,0.009296,3.78,0.5159,0.006193,40.1,23.765664,86.419103
2026-05-21 15:00:00,N07,0.3089,0.616608,49.58,0.5314,0.006582,38.9,23.765664,86.419103
2026-05-21 16:00:00,N07,0.1304,0.616821,28.3,0.529,0.003149,37.3,23.765664,86.419103
2026-05-21 17:00:00,N07,,,,,,,23.765664,86.419103
2026-05-21 18:00:00,N07,,,,,,,23.765664,86.419103
2026-05-21 19:00:00,N07,,,,,,,23.765664,86.419103
2026-05-21 20:00:00,N07,0.1028,0.006232,8.67,0.5348,0.002892,29.8,23.765664,86.419103
2026-05-21 21:00:00,N07,-0.0611,0.005615,8.76,0.5377,0.002911,28.3,23.765664,86.419103
2026-05-21 22:00:00,N07,-0.0518,0.005446,6.43,0.5406,0.002742,27.1,23.765664,86.419103
2026-05-21 23:00:00,N07,-0.4094,0.007842,8.5,0.5432,0.00272,26.3,23.765664,86.419103
2026-05-22 00:00:00,N07,,,,,,,23.765664,86.419103
2026-05-22 01:00:00,N07,-0.3568,0.009087,1.91,0.5491,0.003304,25.9,23.765664,86.419103
2026-05-22 02:00:00,N07,0.0022,0.007301,1.67,0.5526,0.003549,26.6,23.765664,86.419103
2026-05-22 03:00:00,N07,-0.1229,0.007254,9.01,0.5562,0.003107,27.8,23.765664,86.419103
2026-05-22 04:00:00,N07,0.1591,0.005788,7.46,0.5588,0.002499,29.4,23.765664,86.419103
2026-05-22 05:00:00,N07,-0.0434,0.008415,2.07,0.5612,0.001982,31.2,23.765664,86.419103
2026-05-22 06:00:00,N07,-0.1788,0.688129,33.72,0.5549,0.001789,33.1,23.765664,86.419103
2026-05-22 07:00:00,N07,0.0982,0.878693,49.68,0.5576,0.007345,35.1,23.765664,86.419103
2026-05-22 08:00:00,N07,,,,,,,23.765664,86.419103
2026-05-22 09:00:00,N07,,,,,,,23.765664,86.419103
2026-05-22 10:00:00,N07,,,,,,,23.765664,86.419103
2026-05-22 11:00:00,N07,,,,,,,23.765664,86.419103
2026-05-22 12:00:00,N07,,,,,,,23.765664,86.419103
2026-05-22 13:00:00,N07,,,,,,,23.765664,86.419103
2026-05-22 14:00:00,N07,,,,,,,23.765664,86.419103
2026-05-22 15:00:00,N07,,,,,,,23.765664,86.419103
2026-05-22 16:00:00,N07,,,,,,,23.765664,86.419103
2026-05-22 17:00:00,N07,0.0458,0.005211,9.15,0.597,0.002717,35.1,23.765664,86.419103
2026-05-22 18:00:00,N07,,,,,,,23.765664,86.419103
2026-05-22 19:00:00,N07,0.1174,0.009043,6.29,0.6031,0.002566,31.2,23.765664,86.419103
2026-05-22 20:00:00,N07,0.0615,0.005186,3.25,0.6053,0.002708,29.4,23.765664,86.419103
2026-05-22 21:00:00,N07,-0.1955,0.005142,2.74,0.6085,0.0027,27.8,23.765664,86.419103
2026-05-22 22:00:00,N07,-0.0176,0.006601,8.98,0.6107,0.002559,26.6,23.765664,86.419103
2026-05-22 23:00:00,N07,0.188,0.006626,3.02,0.6136,0.002982,25.9,23.765664,86.419103
2026-05-23 00:00:00,N07,-0.2693,0.006422,8.62,0.6166,0.003204,23.5,23.765664,86.419103
2026-05-23 01:00:00,N07,-0.1592,0.00551,5.85,0.62,0.003322,23.7,23.765664,86.419103
2026-05-23 02:00:00,N07,-0.1043,0.005372,1.02,0.6233,0.002975,24.5,23.765664,86.419103
2026-05-23 03:00:00,N07,0.0242,0.00797,7.6,0.626,0.003014,25.7,23.765664,86.419103
2026-05-23 04:00:00,N07,-0.0045,0.008104,6.06,0.6293,0.003147,27.2,23.765664,86.419103
2026-05-23 05:00:00,N07,-0.0173,0.005765,8.79,0.6323,0.003133,29.0,23.765664,86.419103
2026-05-23 06:00:00,N07,-0.0403,0.008736,7.92,0.6356,0.003265,31.0,23.765664,86.419103
2026-05-23 07:00:00,N07,-0.0806,0.005754,8.67,0.6388,0.005647,32.9,23.765664,86.419103
2026-05-23 08:00:00,N07,,,,,,,23.765664,86.419103
2026-05-23 09:00:00,N07,0.2656,0.005359,4.2,0.6454,0.011668,36.3,23.765664,86.419103
2026-05-23 10:00:00,N07,0.0984,0.006009,8.21,0.6476,0.002797,37.5,23.765664,86.419103
2026-05-23 11:00:00,N07,0.414,0.008147,9.76,0.651,0.00346,38.2,23.765664,86.419103
2026-05-23 12:00:00,N07,-0.2252,0.006314,4.14,0.6545,0.003424,38.5,23.765664,86.419103
2026-05-23 13:00:00,N07,-0.1925,0.006436,6.43,0.6579,0.002722,38.2,23.765664,86.419103
2026-05-23 14:00:00,N07,-0.1764,0.00728,5.02,0.66,0.002366,37.5,23.765664,86.419103
2026-05-23 15:00:00,N07,0.1086,0.006443,9.23,0.6626,0.00241,36.3,23.765664,86.419103
2026-05-23 16:00:00,N07,0.0291,0.006717,4.17,0.6648,0.002952,34.7,23.765664,86.419103
2026-05-23 17:00:00,N07,-0.4292,0.006422,7.09,0.6685,0.003358,32.9,23.765664,86.419103
2026-05-23 18:00:00,N07,0.129,0.006206,7.13,0.6715,0.003019,31.0,23.765664,86.419103
2026-05-23 19:00:00,N07,-0.1276,0.005772,4.17,0.6746,0.0033,29.0,23.765664,86.419103
2026-05-23 20:00:00,N07,,,,,,,23.765664,86.419103
2026-05-23 21:00:00,N07,-0.1235,0.005208,1.11,0.6818,0.003396,25.7,23.765664,86.419103
2026-05-23 22:00:00,N07,-0.0011,0.006051,5.92,0.6849,0.002756,24.5,23.765664,86.419103
2026-05-23 23:00:00,N07,-0.0623,0.008169,5.0,0.6873,0.002605,23.7,23.765664,86.419103
2026-05-24 00:00:00,N07,0.0203,0.005921,3.96,0.6901,0.003156,26.9,23.765664,86.419103
2026-05-24 01:00:00,N07,-0.1139,0.006746,7.23,0.6936,0.00322,27.2,23.765664,86.419103
2026-05-24 02:00:00,N07,-0.1992,0.005305,1.25,0.6966,0.00303,27.9,23.765664,86.419103
2026-05-24 03:00:00,N07,-0.1127,0.005481,5.65,0.6997,0.003036,29.1,23.765664,86.419103
2026-05-24 04:00:00,N07,-0.056,0.006235,4.55,0.7026,0.00324,30.7,23.765664,86.419103
2026-05-24 05:00:00,N07,0.2032,0.007031,2.55,0.7061,0.00311,32.5,23.765664,86.419103
2026-05-24 06:00:00,N07,-0.3187,0.00771,7.64,0.7089,0.003339,34.4,23.765664,86.419103
2026-05-24 07:00:00,N07,-0.1748,0.011961,3.5,0.7128,0.003208,36.4,23.765664,86.419103
2026-05-24 08:00:00,N07,0.0217,0.00524,3.34,0.7153,0.002695,38.2,23.765664,86.419103
2026-05-24 09:00:00,N07,0.032,0.006941,3.3,0.7182,0.008764,39.7,23.765664,86.419103
2026-05-24 10:00:00,N07,-0.0411,0.908177,30.36,0.7328,0.008642,40.9,23.765664,86.419103
2026-05-24 11:00:00,N07,-0.0846,0.596884,16.96,0.7355,0.003578,41.7,23.765664,86.419103
2026-05-24 12:00:00,N07,-0.1662,0.006901,1.69,0.7256,0.01325,41.9,23.765664,86.419103
2026-05-24 13:00:00,N07,-0.0525,0.691154,37.86,0.709,0.002911,41.7,23.765664,86.419103
2026-05-24 14:00:00,N07,-0.0672,0.005721,7.9,0.7315,0.012443,40.9,23.765664,86.419103
2026-05-24 15:00:00,N07,-0.1993,0.008349,7.31,0.7339,0.002611,39.7,23.765664,86.419103
2026-05-24 16:00:00,N07,0.2119,0.008321,8.75,0.7367,0.002929,38.2,23.765664,86.419103
2026-05-24 17:00:00,N07,0.1265,0.005879,1.25,0.7397,0.002595,36.4,23.765664,86.419103
2026-05-24 18:00:00,N07,0.1422,0.008114,7.16,0.7419,0.002189,34.4,23.765664,86.419103
2026-05-24 19:00:00,N07,-0.0079,0.006792,5.2,0.7441,0.002675,32.5,23.765664,86.419103
2026-05-24 20:00:00,N07,0.142,0.005785,8.74,0.7472,0.003056,30.7,23.765664,86.419103
2026-05-24 21:00:00,N07,,,,,,,23.765664,86.419103
2026-05-24 22:00:00,N07,,,,,,,23.765664,86.419103
2026-05-24 23:00:00,N07,-0.0411,0.007345,9.83,0.7571,0.003594,27.2,23.765664,86.419103
2026-05-25 00:00:00,N07,0.0818,0.006375,4.27,0.7601,0.002952,24.5,23.765664,86.419103
2026-05-25 01:00:00,N07,-0.1355,0.006101,9.84,0.763,0.002848,24.7,23.765664,86.419103
2026-05-25 02:00:00,N07,-0.052,0.005427,6.59,0.7658,0.002587,25.5,23.765664,86.419103
2026-05-25 03:00:00,N07,-0.0791,0.007125,7.82,0.7682,0.00284,26.7,23.765664,86.419103
2026-05-25 04:00:00,N07,-0.0104,0.005633,1.04,0.7714,0.003188,28.2,23.765664,86.419103
2026-05-25 05:00:00,N07,-0.2717,0.005766,2.8,0.7746,0.003556,30.0,23.765664,86.419103
2026-05-25 06:00:00,N07,-0.0118,0.006102,8.2,0.7786,0.00314,32.0,23.765664,86.419103
2026-05-25 07:00:00,N07,-0.2097,0.006857,9.44,0.7809,0.002884,33.9,23.765664,86.419103
2026-05-25 08:00:00,N07,-0.2339,0.00587,5.56,0.7843,0.003282,35.7,23.765664,86.419103
2026-05-25 09:00:00,N07,-0.0362,0.008904,8.75,0.7874,0.007155,37.3,23.765664,86.419103
2026-05-25 10:00:00,N07,,,,,,,23.765664,86.419103
2026-05-25 11:00:00,N07,,,,,,,23.765664,86.419103
2026-05-25 12:00:00,N07,,,,,,,23.765664,86.419103
2026-05-25 13:00:00,N07,-0.0657,0.006055,3.4,0.8009,0.003344,39.2,23.765664,86.419103
2026-05-25 14:00:00,N07,0.2947,0.005302,9.52,0.8045,0.003355,38.5,23.765664,86.419103
2026-05-25 15:00:00,N07,-0.0054,0.007693,3.56,0.8076,0.002986,37.3,23.765664,86.419103
2026-05-25 16:00:00,N07,0.1381,0.005273,6.19,0.8105,0.003134,35.7,23.765664,86.419103
2026-05-25 17:00:00,N07,-0.0921,0.005262,4.84,0.8139,0.003185,33.9,23.765664,86.419103
2026-05-25 18:00:00,N07,-0.0879,0.005371,9.79,0.8168,0.002661,32.0,23.765664,86.419103
2026-05-25 19:00:00,N07,0.0966,0.006757,7.89,0.8192,0.002358,30.0,23.765664,86.419103
2026-05-25 20:00:00,N07,-0.0764,0.005682,2.88,0.8216,0.002361,28.2,23.765664,86.419103
2026-05-25 21:00:00,N07,-0.2119,0.005679,7.83,0.8239,0.00263,26.7,23.765664,86.419103
2026-05-25 22:00:00,N07,,,,,,,23.765664,86.419103
2026-05-25 23:00:00,N07,,,,,,,23.765664,86.419103
2026-05-26 00:00:00,N07,-0.3489,0.005917,8.96,0.8321,0.00252,25.8,23.765664,86.419103
2026-05-26 01:00:00,N07,-0.1466,0.007456,3.19,0.8351,0.002459,26.1,23.765664,86.419103
2026-05-26 02:00:00,N07,-0.0502,0.005601,6.45,0.8371,0.002895,26.8,23.765664,86.419103
2026-05-26 03:00:00,N07,0.0058,0.006372,7.02,0.8409,0.003662,28.0,23.765664,86.419103
2026-05-26 04:00:00,N07,0.1091,0.006249,8.08,0.8444,0.002867,29.6,23.765664,86.419103
2026-05-26 05:00:00,N07,0.0248,0.005433,2.57,0.8466,0.00315,31.4,23.765664,86.419103
2026-05-26 06:00:00,N07,-0.151,0.005663,1.93,0.8507,0.001336,33.3,23.765664,86.419103
2026-05-26 07:00:00,N07,0.2597,0.930646,36.28,0.8439,0.002003,35.3,23.765664,86.419103
2026-05-26 08:00:00,N07,-0.0691,0.603325,44.78,0.8467,0.007681,37.1,23.765664,86.419103
2026-05-26 09:00:00,N07,0.4649,0.007417,9.91,0.8593,0.007852,38.6,23.765664,86.419103
2026-05-26 10:00:00,N07,0.2383,0.005082,1.02,0.8624,0.003074,39.8,23.765664,86.419103
2026-05-26 11:00:00,N07,0.0605,0.005523,1.31,0.8655,0.003102,40.6,23.765664,86.419103
2026-05-26 12:00:00,N07,0.0012,0.006305,5.44,0.8686,0.002708,40.8,23.765664,86.419103
2026-05-26 13:00:00,N07,-0.0859,0.006388,5.18,0.8709,0.002516,40.6,23.765664,86.419103
2026-05-26 14:00:00,N07,0.3126,0.005975,7.18,0.8736,0.002874,39.8,23.765664,86.419103
2026-05-26 15:00:00,N07,-0.1141,0.006275,1.84,0.8766,0.003204,38.6,23.765664,86.419103
2026-05-26 16:00:00,N07,-0.2424,0.006744,5.47,0.88,0.002937,37.1,23.765664,86.419103
2026-05-26 17:00:00,N07,,,,,,,23.765664,86.419103
2026-05-26 18:00:00,N07,,,,,,,23.765664,86.419103
2026-05-26 19:00:00,N07,,,,,,,23.765664,86.419103
2026-05-26 20:00:00,N07,,,,,,,23.765664,86.419103
2026-05-26 21:00:00,N07,-0.1782,0.005935,5.11,0.8948,0.002799,28.0,23.765664,86.419103
2026-05-26 22:00:00,N07,-0.0218,0.005951,1.31,0.8971,0.002484,26.8,23.765664,86.419103
2026-05-26 23:00:00,N07,0.0842,0.007705,4.22,0.8998,0.002759,26.1,23.765664,86.419103
2026-05-27 00:00:00,N07,-0.2672,0.005101,1.7,0.9026,0.00234,26.1,23.765664,86.419103
2026-05-27 01:00:00,N07,-0.0525,0.00562,9.63,0.9044,0.002386,26.3,23.765664,86.419103
2026-05-27 02:00:00,N07,0.1971,0.006196,1.67,0.9073,0.003129,27.1,23.765664,86.419103
2026-05-27 03:00:00,N07,-0.0155,0.008327,2.07,0.9107,0.002961,28.3,23.765664,86.419103
2026-05-27 04:00:00,N07,0.075,0.007499,7.35,0.9133,0.002941,29.8,23.765664,86.419103
2026-05-27 05:00:00,N07,-0.0887,0.008367,7.67,0.9166,0.003222,31.6,23.765664,86.419103
2026-05-27 06:00:00,N07,-0.0423,0.005464,3.85,0.9197,0.002943,33.6,23.765664,86.419103
2026-05-27 07:00:00,N07,-0.1225,0.005211,1.27,0.9225,0.002902,35.5,23.765664,86.419103
2026-05-27 08:00:00,N07,-0.202,0.007399,2.42,0.9255,0.002808,37.3,23.765664,86.419103
2026-05-27 09:00:00,N07,0.0986,0.007285,1.55,0.9281,0.003136,38.9,23.765664,86.419103
2026-05-27 10:00:00,N07,-0.0067,0.005949,4.35,0.9318,0.002944,40.1,23.765664,86.419103
2026-05-27 11:00:00,N07,0.1633,0.006058,3.27,0.934,0.002535,40.8,23.765664,86.419103
2026-05-27 12:00:00,N07,0.0266,0.005701,5.94,0.9369,0.002977,41.1,23.765664,86.419103
2026-05-27 13:00:00,N07,-0.2639,0.006224,3.1,0.9399,0.002901,40.8,23.765664,86.419103
2026-05-27 14:00:00,N07,-0.0619,0.005657,5.88,0.9427,0.012441,40.1,23.765664,86.419103
2026-05-27 15:00:00,N07,-0.1715,0.967781,37.8,0.9648,0.012396,38.9,23.765664,86.419103
2026-05-27 16:00:00,N07,0.0253,0.764938,31.16,0.9675,0.00719,37.3,23.765664,86.419103
2026-05-27 17:00:00,N07,-0.1041,0.005837,4.24,0.9504,0.007203,35.5,23.765664,86.419103
2026-05-27 18:00:00,N07,0.0216,0.005041,4.42,0.953,0.002941,33.6,23.765664,86.419103
2026-05-27 19:00:00,N07,,,,,,,23.765664,86.419103
2026-05-27 20:00:00,N07,,,,,,,23.765664,86.419103
2026-05-27 21:00:00,N07,,,,,,,23.765664,86.419103
2026-05-27 22:00:00,N07,,,,,,,23.765664,86.419103
2026-05-27 23:00:00,N07,,,,,,,23.765664,86.419103
2026-05-28 00:00:00,N07,,,,,,,23.765664,86.419103
2026-05-28 01:00:00,N07,,,,,,,23.765664,86.419103
2026-05-28 02:00:00,N07,-0.0189,0.007764,1.97,0.9734,0.002689,25.0,23.765664,86.419103
2026-05-28 03:00:00,N07,0.1652,0.005401,6.73,0.9761,0.003061,26.2,23.765664,86.419103
2026-05-28 04:00:00,N07,-0.0806,0.005581,6.72,0.9796,0.003269,27.7,23.765664,86.419103
2026-05-28 05:00:00,N07,-0.114,0.00659,5.04,0.9826,0.003113,29.5,23.765664,86.419103
2026-05-28 06:00:00,N07,-0.0667,0.007225,7.7,0.9858,0.002639,31.5,23.765664,86.419103
2026-05-28 07:00:00,N07,-0.0633,0.006131,6.52,0.9879,0.002045,33.4,23.765664,86.419103
2026-05-28 08:00:00,N07,0.2633,0.00552,6.98,0.9899,0.002255,35.2,23.765664,86.419103
2026-05-28 09:00:00,N07,-0.076,0.005957,3.97,0.9924,0.00268,36.8,23.765664,86.419103
2026-05-28 10:00:00,N07,0.0174,0.006661,1.18,0.9952,0.002996,38.0,23.765664,86.419103
2026-05-28 11:00:00,N07,-0.1489,0.008439,4.66,0.9984,0.002624,38.7,23.765664,86.419103
2026-05-28 12:00:00,N07,0.0039,0.007735,1.96,1.0005,0.002359,39.0,23.765664,86.419103
2026-05-28 13:00:00,N07,-0.1605,0.006585,2.48,1.0031,0.003059,38.7,23.765664,86.419103
2026-05-28 14:00:00,N07,-0.0009,0.005677,5.42,1.0066,0.009109,38.0,23.765664,86.419103
2026-05-28 15:00:00,N07,0.0487,0.519898,27.5,1.0213,0.008432,36.8,23.765664,86.419103
2026-05-28 16:00:00,N07,-0.0638,0.608975,33.41,1.0235,0.003509,35.2,23.765664,86.419103
2026-05-28 17:00:00,N07,0.0262,0.005019,3.65,1.0143,0.003673,33.4,23.765664,86.419103
2026-05-28 18:00:00,N07,,,,,,,23.765664,86.419103
2026-05-28 19:00:00,N07,,,,,,,23.765664,86.419103
2026-05-28 20:00:00,N07,,,,,,,23.765664,86.419103
2026-05-28 21:00:00,N07,,,,,,,23.765664,86.419103
2026-05-28 22:00:00,N07,,,,,,,23.765664,86.419103
2026-05-28 23:00:00,N07,0.2065,0.005795,1.32,1.0289,0.002731,24.2,23.765664,86.419103
2026-05-29 00:00:00,N07,0.0187,0.006254,5.24,1.0311,0.001994,25.9,23.765664,86.419103
2026-05-29 01:00:00,N07,-0.1076,0.005936,8.33,1.0329,0.002191,26.2,23.765664,86.419103
2026-05-29 02:00:00,N07,-0.011,0.006432,2.9,1.0355,0.002896,26.9,23.765664,86.419103
2026-05-29 03:00:00,N07,0.2061,0.006575,6.04,1.0387,0.002954,28.1,23.765664,86.419103
2026-05-29 04:00:00,N07,,,,,,,23.765664,86.419103
2026-05-29 05:00:00,N07,,,,,,,23.765664,86.419103
2026-05-29 06:00:00,N07,,,,,,,23.765664,86.419103
2026-05-29 07:00:00,N07,,,,,,,23.765664,86.419103
2026-05-29 08:00:00,N07,-0.198,0.005969,4.71,1.0523,0.002703,37.2,23.765664,86.419103
2026-05-29 09:00:00,N07,0.1017,0.005279,9.99,1.0546,0.001685,38.7,23.765664,86.419103
2026-05-29 10:00:00,N07,0.0013,0.506162,35.13,1.0489,0.004609,39.9,23.765664,86.419103
2026-05-29 11:00:00,N07,0.3128,0.870134,47.42,1.0454,0.003051,40.7,23.765664,86.419103
2026-05-29 12:00:00,N07,-0.0351,0.758363,28.79,1.055,0.009081,40.9,23.765664,86.419103
2026-05-29 13:00:00,N07,0.1807,0.005056,6.23,1.0636,0.005068,40.7,23.765664,86.419103
2026-05-29 14:00:00,N07,0.2706,0.005545,4.74,1.0651,0.002002,39.9,23.765664,86.419103
2026-05-29 15:00:00,N07,-0.1055,0.78186,31.53,1.0596,0.001126,38.7,23.765664,86.419103
2026-05-29 16:00:00,N07,-0.0061,0.916589,29.21,1.0629,0.006884,37.2,23.765664,86.419103
2026-05-29 17:00:00,N07,0.0952,0.005727,8.49,1.0733,0.006743,35.4,23.765664,86.419103
2026-05-29 18:00:00,N07,-0.1856,0.007198,9.76,1.0764,0.003108,33.4,23.765664,86.419103
2026-05-29 19:00:00,N07,0.3283,0.005406,4.05,1.0795,0.002859,31.5,23.765664,86.419103
2026-05-29 20:00:00,N07,-0.2584,0.005336,5.18,1.0821,0.002306,29.7,23.765664,86.419103
2026-05-29 21:00:00,N07,,,,,,,23.765664,86.419103
2026-05-29 22:00:00,N07,,,,,,,23.765664,86.419103
2026-05-29 23:00:00,N07,,,,,,,23.765664,86.419103
2026-05-30 00:00:00,N07,,,,,,,23.765664,86.419103
2026-05-30 01:00:00,N07,,,,,,,23.765664,86.419103
2026-05-30 02:00:00,N07,,,,,,,23.765664,86.419103
2026-05-30 03:00:00,N07,,,,,,,23.765664,86.419103
2026-05-30 04:00:00,N07,,,,,,,23.765664,86.419103
2026-05-30 05:00:00,N07,,,,,,,23.765664,86.419103
2026-05-30 06:00:00,N07,,,,,,,23.765664,86.419103
2026-05-30 07:00:00,N07,-0.0449,0.902061,32.22,1.1186,0.005325,32.9,23.765664,86.419103
2026-05-30 08:00:00,N07,0.2105,0.806186,28.28,1.1211,0.000217,34.7,23.765664,86.419103
2026-05-30 09:00:00,N07,0.2094,0.005596,6.4,1.1181,9.1e-05,36.3,23.765664,86.419103
2026-05-30 10:00:00,N07,-0.0607,0.006457,4.98,1.1212,0.00282,37.5,23.765664,86.419103
2026-05-30 11:00:00,N07,0.0911,0.006134,2.8,1.1238,0.002433,38.2,23.765664,86.419103
2026-05-30 12:00:00,N07,0.1104,0.006822,7.72,1.1261,0.002183,38.5,23.765664,86.419103
2026-05-30 13:00:00,N07,-0.0399,0.68104,16.8,1.1194,0.002083,38.2,23.765664,86.419103
2026-05-30 14:00:00,N07,-0.0702,0.005136,2.63,1.1303,0.006989,37.5,23.765664,86.419103
2026-05-30 15:00:00,N07,0.1762,0.006895,5.2,1.1334,0.003635,36.3,23.765664,86.419103
2026-05-30 16:00:00,N07,0.0441,0.688133,16.82,1.123,0.00443,34.7,23.765664,86.419103
2026-05-30 17:00:00,N07,0.0868,0.775445,21.83,1.1245,0.00881,32.9,23.765664,86.419103
2026-05-30 18:00:00,N07,0.1178,0.008776,4.95,1.1406,0.00925,31.0,23.765664,86.419103
2026-05-30 19:00:00,N07,-0.3198,0.005056,3.62,1.143,0.002683,29.0,23.765664,86.419103
2026-05-30 20:00:00,N07,-0.1888,0.005264,9.79,1.146,0.002383,27.2,23.765664,86.419103
2026-05-30 21:00:00,N07,-0.1833,0.007304,5.6,1.1478,0.002361,25.7,23.765664,86.419103
2026-05-30 22:00:00,N07,-0.1115,0.008676,4.0,1.1507,0.003353,24.5,23.765664,86.419103
2026-05-30 23:00:00,N07,0.1108,0.010589,2.22,1.1545,0.003557,23.7,23.765664,86.419103
2026-05-31 00:00:00,N07,0.0698,0.005167,5.87,1.1578,0.002773,26.8,23.765664,86.419103
2026-05-31 01:00:00,N07,0.0552,0.006582,8.96,1.16,0.002367,27.0,23.765664,86.419103
2026-05-31 02:00:00,N07,0.1184,0.005526,9.74,1.1626,0.002815,27.8,23.765664,86.419103
2026-05-31 03:00:00,N07,,,,,,,23.765664,86.419103
2026-05-31 04:00:00,N07,,,,,,,23.765664,86.419103
2026-05-31 05:00:00,N07,0.2415,0.005275,3.97,1.1715,0.002392,32.3,23.765664,86.419103
2026-05-31 06:00:00,N07,0.2467,0.006177,2.5,1.1733,0.002345,34.3,23.765664,86.419103
2026-05-31 07:00:00,N07,-0.1148,0.008001,7.33,1.1762,0.002236,36.2,23.765664,86.419103
2026-05-31 08:00:00,N07,-0.0333,0.005268,4.44,1.1778,0.001762,38.0,23.765664,86.419103
2026-05-31 09:00:00,N07,,,,,,,23.765664,86.419103
2026-05-31 10:00:00,N07,,,,,,,23.765664,86.419103
2026-05-31 11:00:00,N07,,,,,,,23.765664,86.419103
2026-05-31 12:00:00,N07,,,,,,,23.765664,86.419103
2026-05-31 13:00:00,N07,,,,,,,23.765664,86.419103
2026-05-31 14:00:00,N07,,,,,,,23.765664,86.419103
2026-05-31 15:00:00,N07,,,,,,,23.765664,86.419103
2026-05-31 16:00:00,N07,,,,,,,23.765664,86.419103
2026-05-31 17:00:00,N07,,,,,,,23.765664,86.419103
2026-05-31 18:00:00,N07,,,,,,,23.765664,86.419103
2026-05-31 19:00:00,N07,,,,,,,23.765664,86.419103
2026-05-31 20:00:00,N07,,,,,,,23.765664,86.419103
2026-05-31 21:00:00,N07,,,,,,,23.765664,86.419103
2026-05-31 22:00:00,N07,0.0003,0.006841,4.58,1.2133,0.002022,27.8,23.765664,86.419103
2026-05-31 23:00:00,N07,0.1215,0.008267,4.37,1.2158,0.002317,27.0,23.765664,86.419103
2026-06-01 00:00:00,N07,-0.1094,0.009267,1.59,1.2179,0.002497,23.0,23.765664,86.419103
2026-06-01 01:00:00,N07,-0.178,0.007402,2.52,1.2208,0.002728,23.3,23.765664,86.419103
2026-06-01 02:00:00,N07,0.0142,0.006196,1.02,1.2233,0.002143,24.0,23.765664,86.419103
2026-06-01 03:00:00,N07,-0.132,0.008417,4.9,1.2251,0.002117,25.2,23.765664,86.419103
2026-06-01 04:00:00,N07,-0.0428,0.005248,2.57,1.2276,0.002153,26.8,23.765664,86.419103
2026-06-01 05:00:00,N07,-0.1624,0.005607,1.94,1.2294,0.001846,28.6,23.765664,86.419103
2026-06-01 06:00:00,N07,0.0914,0.005278,7.43,1.2313,0.002097,30.5,23.765664,86.419103
2026-06-01 07:00:00,N07,0.1127,0.005082,5.13,1.2336,0.002573,32.5,23.765664,86.419103
2026-06-01 08:00:00,N07,0.0626,0.007319,9.24,1.2364,0.002762,34.3,23.765664,86.419103
2026-06-01 09:00:00,N07,-0.0378,0.006363,5.13,1.2391,0.002942,35.8,23.765664,86.419103
2026-06-01 10:00:00,N07,-0.0694,0.006384,1.61,1.2423,0.002892,37.0,23.765664,86.419103
2026-06-01 11:00:00,N07,-0.2439,0.007772,5.37,1.2449,0.002498,37.8,23.765664,86.419103
2026-06-01 12:00:00,N07,0.2361,0.006281,3.4,1.2473,0.002427,38.0,23.765664,86.419103
2026-06-01 13:00:00,N07,,,,,,,23.765664,86.419103
2026-06-01 14:00:00,N07,,,,,,,23.765664,86.419103
2026-06-01 15:00:00,N07,,,,,,,23.765664,86.419103
2026-06-01 16:00:00,N07,0.0054,0.831618,32.84,1.2405,0.002341,34.3,23.765664,86.419103
2026-06-01 17:00:00,N07,0.0953,0.008222,6.94,1.2596,0.010758,32.5,23.765664,86.419103
2026-06-01 18:00:00,N07,0.0501,0.007406,3.03,1.262,0.002622,30.5,23.765664,86.419103
2026-06-01 19:00:00,N07,-0.0603,0.006682,1.26,1.2649,0.002396,28.6,23.765664,86.419103
2026-06-01 20:00:00,N07,,,,,,,23.765664,86.419103
2026-06-01 21:00:00,N07,,,,,,,23.765664,86.419103
2026-06-01 22:00:00,N07,,,,,,,23.765664,86.419103
2026-06-01 23:00:00,N07,-0.007,0.005961,2.69,1.2741,0.002712,23.3,23.765664,86.419103
2026-06-02 00:00:00,N07,-0.2177,0.005042,1.47,1.2769,0.002339,22.7,23.765664,86.419103
2026-06-02 01:00:00,N07,-0.1798,0.005887,2.08,1.2788,0.00231,23.0,23.765664,86.419103
2026-06-02 02:00:00,N07,0.0274,0.006899,7.12,1.2815,0.00233,23.7,23.765664,86.419103
2026-06-02 03:00:00,N07,0.0966,0.007089,6.67,1.2835,0.002336,24.9,23.765664,86.419103
2026-06-02 04:00:00,N07,-0.2446,0.006061,2.41,1.2862,0.002588,26.5,23.765664,86.419103
2026-06-02 05:00:00,N07,-0.1656,0.008096,3.95,1.2887,0.001979,28.3,23.765664,86.419103
2026-06-02 06:00:00,N07,,,,,,,23.765664,86.419103
2026-06-02 07:00:00,N07,,,,,,,23.765664,86.419103
2026-06-02 08:00:00,N07,,,,,,,23.765664,86.419103
2026-06-02 09:00:00,N07,,,,,,,23.765664,86.419103
2026-06-02 10:00:00,N07,0.0943,0.010127,5.69,1.3002,0.002699,36.7,23.765664,86.419103
2026-06-02 11:00:00,N07,0.2982,0.00874,3.09,1.3028,0.002597,37.5,23.765664,86.419103
2026-06-02 12:00:00,N07,0.1043,0.005249,2.91,1.3054,0.002583,37.7,23.765664,86.419103
2026-06-02 13:00:00,N07,0.1699,0.008064,3.71,1.308,0.00276,37.5,23.765664,86.419103
2026-06-02 14:00:00,N07,-0.01,0.006876,2.82,1.3109,0.008008,36.7,23.765664,86.419103
2026-06-02 15:00:00,N07,0.0124,0.778243,39.24,1.324,0.00251,35.5,23.765664,86.419103
2026-06-02 16:00:00,N07,-0.1053,0.005342,7.08,1.3159,0.002374,34.0,23.765664,86.419103
2026-06-02 17:00:00,N07,,,,,,,23.765664,86.419103
2026-06-02 18:00:00,N07,,,,,,,23.765664,86.419103
2026-06-02 19:00:00,N07,,,,,,,23.765664,86.419103
2026-06-02 20:00:00,N07,,,,,,,23.765664,86.419103
2026-06-02 21:00:00,N07,,,,,,,23.765664,86.419103
2026-06-02 22:00:00,N07,,,,,,,23.765664,86.419103
2026-06-02 23:00:00,N07,-0.1596,0.005896,3.96,1.3351,0.002579,23.0,23.765664,86.419103
2026-06-03 00:00:00,N07,0.2215,0.006413,2.33,1.3379,0.002635,26.3,23.765664,86.419103
2026-06-03 01:00:00,N07,-0.1981,0.007068,8.02,1.3404,0.002145,26.6,23.765664,86.419103
2026-06-03 02:00:00,N07,0.168,0.006536,7.64,1.3422,0.001891,27.3,23.765664,86.419103
2026-06-03 03:00:00,N07,-0.3263,0.005374,2.39,1.3441,0.002068,28.5,23.765664,86.419103
2026-06-03 04:00:00,N07,,,,,,,23.765664,86.419103
2026-06-03 05:00:00,N07,,,,,,,23.765664,86.419103
2026-06-03 06:00:00,N07,,,,,,,23.765664,86.419103
2026-06-03 07:00:00,N07,,,,,,,23.765664,86.419103
2026-06-03 08:00:00,N07,,,,,,,23.765664,86.419103
2026-06-03 09:00:00,N07,0.1463,0.005193,6.45,1.3597,0.005293,39.1,23.765664,86.419103
2026-06-03 10:00:00,N07,0.1363,0.0072,3.75,1.3616,0.002011,40.3,23.765664,86.419103
2026-06-03 11:00:00,N07,0.0886,0.884746,25.04,1.3557,0.002252,41.1,23.765664,86.419103
2026-06-03 12:00:00,N07,0.2663,0.008131,3.06,1.3661,0.006863,41.3,23.765664,86.419103
2026-06-03 13:00:00,N07,-0.0865,0.009059,7.72,1.3694,0.003158,41.1,23.765664,86.419103
2026-06-03 14:00:00,N07,-0.0012,0.006015,6.88,1.3724,0.002258,40.3,23.765664,86.419103
2026-06-03 15:00:00,N07,-0.0638,0.971237,49.06,1.3649,0.002575,39.1,23.765664,86.419103
2026-06-03 16:00:00,N07,-0.0189,0.007208,4.4,1.3776,0.007427,37.6,23.765664,86.419103
2026-06-03 17:00:00,N07,-0.1475,0.006159,9.06,1.3797,0.002446,35.8,23.765664,86.419103
2026-06-03 18:00:00,N07,0.1065,0.006196,4.46,1.3825,0.002524,33.8,23.765664,86.419103
2026-06-03 19:00:00,N07,0.01,0.005522,3.45,1.3848,0.002379,31.9,23.765664,86.419103
2026-06-03 20:00:00,N07,0.0684,0.00582,6.7,1.3872,0.001706,30.1,23.765664,86.419103
2026-06-03 21:00:00,N07,0.0852,0.00571,5.42,1.3882,0.001846,28.5,23.765664,86.419103
2026-06-03 22:00:00,N07,0.0051,0.009333,6.75,1.3909,0.00235,27.3,23.765664,86.419103
2026-06-03 23:00:00,N07,0.2644,0.006906,8.83,1.3929,0.002353,26.6,23.765664,86.419103
2026-06-04 00:00:00,N07,,,,,,,23.765664,86.419103
2026-06-04 01:00:00,N07,0.3891,0.008395,7.66,1.3984,0.002765,26.2,23.765664,86.419103
2026-06-04 02:00:00,N07,-0.1992,0.005067,4.81,1.4012,0.002636,27.0,23.765664,86.419103
2026-06-04 03:00:00,N07,0.0233,0.005998,3.84,1.4037,0.002093,28.2,23.765664,86.419103
2026-06-04 04:00:00,N07,0.2721,0.010168,2.11,1.4053,0.002088,29.7,23.765664,86.419103
2026-06-04 05:00:00,N07,0.1305,0.007315,6.92,1.4078,0.002492,31.5,23.765664,86.419103
2026-06-04 06:00:00,N07,-0.1463,0.007505,8.77,1.4103,0.002249,33.5,23.765664,86.419103
2026-06-04 07:00:00,N07,0.1959,0.005295,7.91,1.4123,0.002092,35.4,23.765664,86.419103
2026-06-04 08:00:00,N07,,,,,,,23.765664,86.419103
2026-06-04 09:00:00,N07,,,,,,,23.765664,86.419103
2026-06-04 10:00:00,N07,,,,,,,23.765664,86.419103
2026-06-04 11:00:00,N07,,,,,,,23.765664,86.419103
2026-06-04 12:00:00,N07,0.2738,0.005365,3.99,1.4235,0.002263,41.0,23.765664,86.419103
2026-06-04 13:00:00,N07,0.0383,0.005869,4.58,1.4258,0.002122,40.7,23.765664,86.419103
2026-06-04 14:00:00,N07,-0.1281,0.008628,6.83,1.4278,0.001888,40.0,23.765664,86.419103
2026-06-04 15:00:00,N07,0.138,0.005659,4.89,1.4295,0.002532,38.8,23.765664,86.419103
2026-06-04 16:00:00,N07,-0.1422,0.007318,8.95,1.4328,0.003356,37.2,23.765664,86.419103
2026-06-04 17:00:00,N07,0.0561,0.747354,31.66,1.4228,0.004092,35.4,23.765664,86.419103
2026-06-04 18:00:00,N07,,,,,,,23.765664,86.419103
2026-06-04 19:00:00,N07,,,,,,,23.765664,86.419103
2026-06-04 20:00:00,N07,,,,,,,23.765664,86.419103
2026-06-04 21:00:00,N07,,,,,,,23.765664,86.419103
2026-06-04 22:00:00,N07,,,,,,,23.765664,86.419103
2026-06-04 23:00:00,N07,-0.225,0.006632,9.92,1.4477,0.002019,26.2,23.765664,86.419103
2026-06-05 00:00:00,N07,-0.2404,0.007979,8.3,1.4502,0.002373,26.6,23.765664,86.419103
2026-06-05 01:00:00,N07,0.0091,0.006182,1.07,1.4524,0.002456,26.9,23.765664,86.419103
2026-06-05 02:00:00,N07,0.0373,0.005523,2.04,1.4551,0.002528,27.6,23.765664,86.419103
2026-06-05 03:00:00,N07,0.1009,0.008662,3.83,1.4575,0.002695,28.8,23.765664,86.419103
2026-06-05 04:00:00,N07,,,,,,,23.765664,86.419103
2026-06-05 05:00:00,N07,-0.0481,0.008679,3.61,1.4624,0.001804,32.2,23.765664,86.419103
2026-06-05 06:00:00,N07,0.11,0.005506,2.63,1.4641,0.002429,34.1,23.765664,86.419103
2026-06-05 07:00:00,N07,0.0696,0.007585,5.84,1.4672,0.002505,36.0,23.765664,86.419103
2026-06-05 08:00:00,N07,-0.1588,0.006,7.1,1.4691,0.002016,37.9,23.765664,86.419103
2026-06-05 09:00:00,N07,,,,,,,23.765664,86.419103
2026-06-05 10:00:00,N07,-0.0319,0.005166,6.53,1.4737,0.002207,40.6,23.765664,86.419103
2026-06-05 11:00:00,N07,-0.1789,0.005294,5.88,1.4757,0.002233,41.4,23.765664,86.419103
2026-06-05 12:00:00,N07,-0.0502,0.005532,6.52,1.4782,0.002548,41.6,23.765664,86.419103
2026-06-05 13:00:00,N07,0.2065,0.008544,1.66,1.4808,0.00719,41.4,23.765664,86.419103
2026-06-05 14:00:00,N07,0.1629,0.608883,27.88,1.4638,0.002662,40.6,23.765664,86.419103
2026-06-05 15:00:00,N07,0.0185,0.006277,8.68,1.4861,0.012153,39.4,23.765664,86.419103
2026-06-05 16:00:00,N07,-0.0214,0.007096,2.69,1.4881,0.002138,37.9,23.765664,86.419103
2026-06-05 17:00:00,N07,-0.1149,0.0055,5.76,1.4904,0.002328,36.0,23.765664,86.419103
2026-06-05 18:00:00,N07,-0.094,0.007812,7.89,1.4927,0.002889,34.1,23.765664,86.419103
2026-06-05 19:00:00,N07,0.1464,0.005518,1.75,1.4961,0.002582,32.2,23.765664,86.419103
2026-06-05 20:00:00,N07,,,,,,,23.765664,86.419103
2026-06-05 21:00:00,N07,,,,,,,23.765664,86.419103
2026-06-05 22:00:00,N07,0.1479,0.007054,4.7,1.5027,0.002257,27.6,23.765664,86.419103
2026-06-05 23:00:00,N07,-0.2082,0.005169,7.95,1.5052,0.002043,26.9,23.765664,86.419103
2026-06-06 00:00:00,N07,-0.0337,0.007862,5.04,1.5068,0.001668,24.3,23.765664,86.419103
2026-06-06 01:00:00,N07,-0.0465,0.006406,3.23,1.5086,0.002441,24.6,23.765664,86.419103
2026-06-06 02:00:00,N07,,,,,,,23.765664,86.419103
2026-06-06 03:00:00,N07,,,,,,,23.765664,86.419103
2026-06-06 04:00:00,N07,,,,,,,23.765664,86.419103
2026-06-06 05:00:00,N07,,,,,,,23.765664,86.419103
2026-06-06 06:00:00,N07,-0.1737,0.005395,3.78,1.519,0.002177,31.8,23.765664,86.419103
2026-06-06 07:00:00,N07,0.0743,0.010088,3.93,1.5215,0.00234,33.8,23.765664,86.419103
2026-06-06 08:00:00,N07,0.0578,0.005627,7.92,1.5236,0.001488,35.6,23.765664,86.419103
2026-06-06 09:00:00,N07,0.013,0.005329,4.48,1.5245,0.001566,37.1,23.765664,86.419103
2026-06-06 10:00:00,N07,-0.3,0.00904,5.03,1.5268,0.002486,38.3,23.765664,86.419103
2026-06-06 11:00:00,N07,-0.0046,0.005518,3.66,1.5294,0.002447,39.1,23.765664,86.419103
2026-06-06 12:00:00,N07,-0.0098,0.007857,2.46,1.5317,0.002516,39.3,23.765664,86.419103
2026-06-06 13:00:00,N07,0.0877,0.005074,5.47,1.5345,0.002832,39.1,23.765664,86.419103
2026-06-06 14:00:00,N07,0.0401,0.006096,8.67,1.5373,0.000962,38.3,23.765664,86.419103
2026-06-06 15:00:00,N07,0.0628,0.807174,22.37,1.5326,0.002783,37.1,23.765664,86.419103
2026-06-06 16:00:00,N07,,,,,,,23.765664,86.419103
2026-06-06 17:00:00,N07,,,,,,,23.765664,86.419103
2026-06-06 18:00:00,N07,,,,,,,23.765664,86.419103
2026-06-06 19:00:00,N07,-0.2888,0.005347,3.5,1.5483,0.002273,29.9,23.765664,86.419103
2026-06-06 20:00:00,N07,-0.0467,0.00531,1.25,1.5504,0.002747,28.1,23.765664,86.419103
2026-06-06 21:00:00,N07,0.1298,0.005448,3.83,1.5538,0.002299,26.5,23.765664,86.419103
2026-06-06 22:00:00,N07,-0.3526,0.00559,8.11,1.555,0.001799,25.3,23.765664,86.419103
2026-06-06 23:00:00,N07,-0.0447,0.007186,4.01,1.5574,0.002422,24.6,23.765664,86.419103
2026-06-07 00:00:00,N07,0.0792,0.006875,2.64,1.5599,0.002482,25.7,23.765664,86.419103
2026-06-07 01:00:00,N07,0.1253,0.007114,7.32,1.5623,0.002316,25.9,23.765664,86.419103
2026-06-07 02:00:00,N07,-0.1597,0.006934,2.2,1.5645,0.002727,26.7,23.765664,86.419103
2026-06-07 03:00:00,N07,0.014,0.007527,5.45,1.5678,0.002834,27.9,23.765664,86.419103
2026-06-07 04:00:00,N07,0.061,0.007518,7.7,1.5702,0.002281,29.4,23.765664,86.419103
2026-06-07 05:00:00,N07,-0.1806,0.00633,8.3,1.5724,0.002131,31.2,23.765664,86.419103
2026-06-07 06:00:00,N07,0.2296,0.008181,2.95,1.5744,0.0019,33.2,23.765664,86.419103
2026-06-07 07:00:00,N07,-0.2354,0.00568,5.09,1.5762,0.002024,35.1,23.765664,86.419103
2026-06-07 08:00:00,N07,0.1854,0.005152,4.53,1.5785,0.001139,36.9,23.765664,86.419103
2026-06-07 09:00:00,N07,0.0605,0.653115,41.93,1.5739,0.001002,38.5,23.765664,86.419103
2026-06-07 10:00:00,N07,0.0305,0.829229,48.45,1.5765,0.006232,39.7,23.765664,86.419103
2026-06-07 11:00:00,N07,-0.1154,0.00566,8.2,1.5863,0.005888,40.4,23.765664,86.419103
2026-06-07 12:00:00,N07,-0.003,0.005696,2.81,1.5883,0.009882,40.7,23.765664,86.419103
2026-06-07 13:00:00,N07,-0.0914,0.685827,34.18,1.6061,0.002274,40.4,23.765664,86.419103
2026-06-07 14:00:00,N07,-0.1306,0.0056,5.58,1.5928,0.005335,39.7,23.765664,86.419103
2026-06-07 15:00:00,N07,0.1025,0.00969,6.86,1.5954,0.002454,38.5,23.765664,86.419103
2026-06-07 16:00:00,N07,-0.0685,0.006879,9.6,1.5977,0.002115,36.9,23.765664,86.419103
2026-06-07 17:00:00,N07,0.1178,0.006634,1.87,1.5997,0.001933,35.1,23.765664,86.419103
2026-06-07 18:00:00,N07,0.0676,0.0078,1.77,1.6016,0.002048,33.2,23.765664,86.419103
2026-06-07 19:00:00,N07,0.0539,0.006555,7.47,1.6038,0.002808,31.2,23.765664,86.419103
2026-06-07 20:00:00,N07,0.1464,0.008084,2.17,1.6072,0.002684,29.4,23.765664,86.419103
2026-06-07 21:00:00,N07,0.1108,0.006205,3.67,1.6091,0.002493,27.9,23.765664,86.419103
2026-06-07 22:00:00,N07,-0.1876,0.006148,1.53,1.6122,0.002483,26.7,23.765664,86.419103
2026-06-07 23:00:00,N07,-0.0262,0.005522,2.52,1.6141,0.002476,25.9,23.765664,86.419103
2026-06-08 00:00:00,N07,-0.0719,0.006139,6.68,1.6171,0.002777,24.6,23.765664,86.419103
2026-06-08 01:00:00,N07,-0.1416,0.005409,9.34,1.6196,0.002377,24.9,23.765664,86.419103
2026-06-08 02:00:00,N07,-0.2041,0.007918,4.53,1.6219,0.002091,25.6,23.765664,86.419103
2026-06-08 03:00:00,N07,,,,,,,23.765664,86.419103
2026-06-08 04:00:00,N07,,,,,,,23.765664,86.419103
2026-06-08 05:00:00,N07,,,,,,,23.765664,86.419103
2026-06-08 06:00:00,N07,,,,,,,23.765664,86.419103
2026-06-08 07:00:00,N07,0.1677,0.933058,27.93,1.6189,0.009278,34.1,23.765664,86.419103
2026-06-08 08:00:00,N07,0.2358,0.582152,31.26,1.6166,0.009134,35.9,23.765664,86.419103
2026-06-08 09:00:00,N07,0.0427,0.006104,6.24,1.6372,0.01173,37.4,23.765664,86.419103
2026-06-08 10:00:00,N07,0.1377,0.007729,4.43,1.64,0.002696,38.6,23.765664,86.419103
2026-06-08 11:00:00,N07,-0.1859,0.005021,4.5,1.6426,0.002352,39.4,23.765664,86.419103
2026-06-08 12:00:00,N07,,,,,,,23.765664,86.419103
2026-06-08 13:00:00,N07,,,,,,,23.765664,86.419103
2026-06-08 14:00:00,N07,,,,,,,23.765664,86.419103
2026-06-08 15:00:00,N07,,,,,,,23.765664,86.419103
2026-06-08 16:00:00,N07,,,,,,,23.765664,86.419103
2026-06-08 17:00:00,N07,-0.0279,0.006084,4.66,1.6568,0.002014,34.1,23.765664,86.419103
2026-06-08 18:00:00,N07,,,,,,,23.765664,86.419103
2026-06-08 19:00:00,N07,,,,,,,23.765664,86.419103
2026-06-08 20:00:00,N07,,,,,,,23.765664,86.419103
2026-06-08 21:00:00,N07,,,,,,,23.765664,86.419103
2026-06-08 22:00:00,N07,,,,,,,23.765664,86.419103
2026-06-08 23:00:00,N07,,,,,,,23.765664,86.419103
2026-06-09 00:00:00,N07,,,,,,,23.765664,86.419103
2026-06-09 01:00:00,N07,,,,,,,23.765664,86.419103
2026-06-09 02:00:00,N07,,,,,,,23.765664,86.419103
2026-06-09 03:00:00,N07,-0.2506,0.007549,1.1,1.6782,0.00263,31.6,23.765664,86.419103
2026-06-09 04:00:00,N07,-0.0632,0.007409,6.21,1.6809,0.001947,33.1,23.765664,86.419103
2026-06-09 05:00:00,N07,-0.0075,0.005195,1.12,1.6821,0.001935,34.9,23.765664,86.419103
2026-06-09 06:00:00,N07,0.0513,0.00715,9.32,1.6848,0.002531,36.9,23.765664,86.419103
2026-06-09 07:00:00,N07,0.0872,0.007535,4.67,1.6872,0.002336,38.8,23.765664,86.419103
2026-06-09 08:00:00,N07,0.1239,0.006774,4.28,1.6895,0.00201,40.6,23.765664,86.419103
2026-06-09 09:00:00,N07,0.3132,0.006012,4.0,1.6912,0.003671,42.2,23.765664,86.419103
2026-06-09 10:00:00,N07,0.1659,0.88232,24.45,1.6821,0.003455,43.4,23.765664,86.419103
2026-06-09 11:00:00,N07,-0.1943,0.845061,18.37,1.6843,0.007923,44.1,23.765664,86.419103
2026-06-09 12:00:00,N07,0.3,0.00629,7.23,1.698,0.007989,44.4,23.765664,86.419103
2026-06-09 13:00:00,N07,-0.1106,0.005516,5.59,1.7003,0.002146,44.1,23.765664,86.419103
2026-06-09 14:00:00,N07,,,,,,,23.765664,86.419103
2026-06-09 15:00:00,N07,,,,,,,23.765664,86.419103
2026-06-09 16:00:00,N07,,,,,,,23.765664,86.419103
2026-06-09 17:00:00,N07,,,,,,,23.765664,86.419103
2026-06-09 18:00:00,N07,0.0643,0.007907,9.63,1.7106,0.001635,36.9,23.765664,86.419103
2026-06-09 19:00:00,N07,-0.0888,0.006928,3.47,1.7127,0.002156,34.9,23.765664,86.419103
2026-06-09 20:00:00,N07,-0.01,0.006588,1.96,1.7149,0.002488,33.1,23.765664,86.419103
2026-06-09 21:00:00,N07,0.0359,0.00536,8.05,1.7176,0.002046,31.6,23.765664,86.419103
2026-06-09 22:00:00,N07,0.1836,0.005882,8.39,1.719,0.001483,30.4,23.765664,86.419103
2026-06-09 23:00:00,N07,-0.0165,0.006885,4.86,1.7206,0.001899,29.6,23.765664,86.419103
2026-06-10 00:00:00,N07,-0.1714,0.00574,8.95,1.7228,0.002474,23.8,23.765664,86.419103
2026-06-10 01:00:00,N07,,,,,,,23.765664,86.419103
2026-06-10 02:00:00,N07,,,,,,,23.765664,86.419103
2026-06-10 03:00:00,N07,,,,,,,23.765664,86.419103
2026-06-10 04:00:00,N07,,,,,,,23.765664,86.419103
2026-06-10 05:00:00,N07,0.1415,0.005792,4.65,1.7349,0.002204,29.4,23.765664,86.419103
2026-06-10 06:00:00,N07,0.2489,0.010778,7.86,1.7365,0.005517,31.3,23.765664,86.419103
2026-06-10 07:00:00,N07,0.254,0.542207,34.04,1.7459,0.001473,33.3,23.765664,86.419103
2026-06-10 08:00:00,N07,0.152,0.005854,8.46,1.7395,0.001715,35.1,23.765664,86.419103
2026-06-10 09:00:00,N07,,,,,,,23.765664,86.419103
2026-06-10 10:00:00,N07,,,,,,,23.765664,86.419103
2026-06-10 11:00:00,N07,,,,,,,23.765664,86.419103
2026-06-10 12:00:00,N07,,,,,,,23.765664,86.419103
2026-06-10 13:00:00,N07,,,,,,,23.765664,86.419103
2026-06-10 14:00:00,N07,0.1112,0.006352,5.24,1.7519,0.002015,37.8,23.765664,86.419103
2026-06-10 15:00:00,N07,-0.166,0.005412,9.23,1.7539,0.002204,36.6,23.765664,86.419103
2026-06-10 16:00:00,N07,-0.1026,0.005845,9.45,1.7563,0.004137,35.1,23.765664,86.419103
2026-06-10 17:00:00,N07,-0.0774,0.554349,47.34,1.7456,0.002404,33.3,23.765664,86.419103
2026-06-10 18:00:00,N07,-0.3645,0.006749,7.29,1.7611,0.008343,31.3,23.765664,86.419103
2026-06-10 19:00:00,N07,0.1015,0.007374,2.87,1.7623,0.002149,29.4,23.765664,86.419103
2026-06-10 20:00:00,N07,0.1984,0.005443,6.35,1.7654,0.002614,27.6,23.765664,86.419103
2026-06-10 21:00:00,N07,0.0854,0.005661,6.95,1.7676,0.002283,26.0,23.765664,86.419103
2026-06-10 22:00:00,N07,,,,,,,23.765664,86.419103
2026-06-10 23:00:00,N07,,,,,,,23.765664,86.419103
2026-06-11 00:00:00,N07,,,,,,,23.765664,86.419103
2026-06-11 01:00:00,N07,,,,,,,23.765664,86.419103
2026-06-11 02:00:00,N07,,,,,,,23.765664,86.419103
2026-06-11 03:00:00,N07,-0.0673,0.006963,7.16,1.78,0.002607,29.2,23.765664,86.419103
2026-06-11 04:00:00,N07,,,,,,,23.765664,86.419103
2026-06-11 05:00:00,N07,,,,,,,23.765664,86.419103
2026-06-11 06:00:00,N07,-0.0825,0.00728,1.2,1.7869,0.001618,34.5,23.765664,86.419103
2026-06-11 07:00:00,N07,-0.1805,0.00566,5.6,1.7883,0.001549,36.4,23.765664,86.419103
2026-06-11 08:00:00,N07,-0.3811,0.00593,8.21,1.79,0.001883,38.2,23.765664,86.419103
2026-06-11 09:00:00,N07,-0.1015,0.00628,7.5,1.7921,0.001881,39.8,23.765664,86.419103
2026-06-11 10:00:00,N07,0.0602,0.008151,2.0,1.7937,0.001619,41.0,23.765664,86.419103
2026-06-11 11:00:00,N07,-0.1148,0.007843,5.3,1.7953,0.001674,41.7,23.765664,86.419103
2026-06-11 12:00:00,N07,0.2625,0.006243,5.14,1.7971,0.002128,42.0,23.765664,86.419103
2026-06-11 13:00:00,N07,0.1848,0.00919,1.41,1.7996,0.006538,41.7,23.765664,86.419103
2026-06-11 14:00:00,N07,,,,,,,23.765664,86.419103
2026-06-11 15:00:00,N07,0.0044,0.009787,4.59,1.8035,0.010593,39.8,23.765664,86.419103
2026-06-11 16:00:00,N07,-0.0116,0.005768,6.14,1.8052,0.001548,38.2,23.765664,86.419103
2026-06-11 17:00:00,N07,,,,,,,23.765664,86.419103
2026-06-11 18:00:00,N07,,,,,,,23.765664,86.419103
2026-06-11 19:00:00,N07,,,,,,,23.765664,86.419103
2026-06-11 20:00:00,N07,0.2416,0.007314,1.21,1.8131,0.002136,30.7,23.765664,86.419103
2026-06-11 21:00:00,N07,-0.0576,0.007199,1.16,1.8152,0.001869,29.2,23.765664,86.419103
2026-06-11 22:00:00,N07,-0.218,0.006561,4.53,1.8168,0.002286,28.0,23.765664,86.419103
2026-06-11 23:00:00,N07,0.0634,0.007188,4.69,1.8198,0.002836,27.2,23.765664,86.419103
2026-06-12 00:00:00,N07,-0.1067,0.005138,8.59,1.8225,0.00212,21.3,23.765664,86.419103
2026-06-12 01:00:00,N07,-0.0557,0.005981,4.95,1.8241,0.001024,21.5,23.765664,86.419103
2026-06-12 02:00:00,N07,0.0125,0.009714,3.59,1.8246,0.001086,22.3,23.765664,86.419103
2026-06-12 03:00:00,N07,0.0875,0.008618,7.0,1.8262,0.002071,23.5,23.765664,86.419103
2026-06-12 04:00:00,N07,-0.3719,0.006405,7.43,1.8287,0.002,25.0,23.765664,86.419103
2026-06-12 05:00:00,N07,-0.1713,0.00808,7.84,1.8302,0.002073,26.9,23.765664,86.419103
2026-06-12 06:00:00,N07,0.1889,0.007041,1.49,1.8329,0.001691,28.8,23.765664,86.419103
2026-06-12 07:00:00,N07,0.019,0.010567,5.71,1.8336,0.004138,30.7,23.765664,86.419103
2026-06-12 08:00:00,N07,-0.2502,0.856825,25.91,1.8246,0.001411,32.5,23.765664,86.419103
2026-06-12 09:00:00,N07,,,,,,,23.765664,86.419103
2026-06-12 10:00:00,N07,,,,,,,23.765664,86.419103
2026-06-12 11:00:00,N07,,,,,,,23.765664,86.419103
2026-06-12 12:00:00,N07,-0.1473,0.005802,2.25,1.8403,0.005414,36.3,23.765664,86.419103
2026-06-12 13:00:00,N07,,,,,,,23.765664,86.419103
2026-06-12 14:00:00,N07,,,,,,,23.765664,86.419103
2026-06-12 15:00:00,N07,,,,,,,23.765664,86.419103
2026-06-12 16:00:00,N07,-0.0205,0.00933,2.85,1.8482,0.002075,32.5,23.765664,86.419103
2026-06-12 17:00:00,N07,0.1529,0.008497,6.98,1.8509,0.002923,30.7,23.765664,86.419103
2026-06-12 18:00:00,N07,0.1848,0.006502,5.93,1.854,0.002387,28.8,23.765664,86.419103
2026-06-12 19:00:00,N07,0.052,0.007236,5.65,1.8557,0.002336,26.9,23.765664,86.419103
2026-06-12 20:00:00,N07,,,,,,,23.765664,86.419103
2026-06-12 21:00:00,N07,,,,,,,23.765664,86.419103
2026-06-12 22:00:00,N07,,,,,,,23.765664,86.419103
2026-06-12 23:00:00,N07,,,,,,,23.765664,86.419103
2026-06-13 00:00:00,N07,0.0592,0.005984,5.2,1.8668,0.001993,29.4,23.765664,86.419103
2026-06-13 01:00:00,N07,0.1393,0.005367,7.83,1.8685,0.00208,29.7,23.765664,86.419103
2026-06-13 02:00:00,N07,-0.0223,0.005456,2.09,1.8709,0.001961,30.4,23.765664,86.419103
2026-06-13 03:00:00,N07,0.1653,0.007159,7.71,1.8724,0.001663,31.6,23.765664,86.419103
2026-06-13 04:00:00,N07,-0.0946,0.007396,2.07,1.8743,0.001805,33.2,23.765664,86.419103
2026-06-13 05:00:00,N07,,,,,,,23.765664,86.419103
2026-06-13 06:00:00,N07,,,,,,,23.765664,86.419103
2026-06-13 07:00:00,N07,0.0058,0.005232,2.92,1.88,0.00203,38.9,23.765664,86.419103
2026-06-13 08:00:00,N07,0.0045,0.006154,5.19,1.8819,0.002057,40.7,23.765664,86.419103
2026-06-13 09:00:00,N07,,,,,,,23.765664,86.419103
2026-06-13 10:00:00,N07,,,,,,,23.765664,86.419103
2026-06-13 11:00:00,N07,0.0966,0.559184,20.74,1.8701,0.010632,44.2,23.765664,86.419103
2026-06-13 12:00:00,N07,,,,,,,23.765664,86.419103
2026-06-13 13:00:00,N07,-0.1392,0.00914,1.5,1.8926,0.002112,44.2,23.765664,86.419103
2026-06-13 14:00:00,N07,0.0973,0.006949,9.54,1.8944,0.001594,43.4,23.765664,86.419103
2026-06-13 15:00:00,N07,0.2294,0.008543,4.86,1.8957,0.001832,42.2,23.765664,86.419103
2026-06-13 16:00:00,N07,-0.1194,0.00619,8.57,1.898,0.00198,40.7,23.765664,86.419103
2026-06-13 17:00:00,N07,-0.082,0.007831,1.02,1.8997,0.001597,38.9,23.765664,86.419103
2026-06-13 18:00:00,N07,-0.1031,0.005806,1.45,1.9012,0.002112,36.9,23.765664,86.419103
2026-06-13 19:00:00,N07,-0.0189,0.006274,3.07,1.9039,0.002008,35.0,23.765664,86.419103
2026-06-13 20:00:00,N07,0.16,0.005943,5.82,1.9053,0.001403,33.2,23.765664,86.419103
2026-06-13 21:00:00,N07,0.152,0.008572,7.88,1.9067,0.00198,31.6,23.765664,86.419103
2026-06-13 22:00:00,N07,-0.3631,0.008716,7.92,1.9092,0.002159,30.4,23.765664,86.419103
2026-06-13 23:00:00,N07,-0.0784,0.005111,1.73,1.9111,0.001672,29.7,23.765664,86.419103
2026-06-14 00:00:00,N07,0.0417,0.006213,2.61,1.9126,0.001309,20.6,23.765664,86.419103
2026-06-14 01:00:00,N07,-0.197,0.005557,7.37,1.9137,0.001525,20.8,23.765664,86.419103
2026-06-14 02:00:00,N07,-0.1225,0.006435,1.9,1.9156,0.001992,21.6,23.765664,86.419103
2026-06-14 03:00:00,N07,0.1271,0.009364,2.22,1.9177,0.002016,22.8,23.765664,86.419103
2026-06-14 04:00:00,N07,-0.1248,0.005354,6.48,1.9196,0.00178,24.3,23.765664,86.419103
2026-06-14 05:00:00,N07,-0.1347,0.005454,9.45,1.9212,0.001636,26.1,23.765664,86.419103
2026-06-14 06:00:00,N07,-0.2822,0.00571,7.58,1.9229,0.00184,28.1,23.765664,86.419103
2026-06-14 07:00:00,N07,0.0562,0.00733,2.19,1.9249,0.00205,30.0,23.765664,86.419103
2026-06-14 08:00:00,N07,0.0564,0.605786,30.46,1.9188,0.002081,31.8,23.765664,86.419103
2026-06-14 09:00:00,N07,-0.1523,0.793251,25.12,1.9207,0.005732,33.4,23.765664,86.419103
2026-06-14 10:00:00,N07,0.2029,0.005554,7.75,1.9303,0.005619,34.6,23.765664,86.419103
2026-06-14 11:00:00,N07,0.1162,0.008205,7.14,1.932,0.002134,35.3,23.765664,86.419103
2026-06-14 12:00:00,N07,0.1788,0.006452,7.74,1.9345,0.001909,35.6,23.765664,86.419103
2026-06-14 13:00:00,N07,-0.0694,0.005696,3.97,1.9358,0.008832,35.3,23.765664,86.419103
2026-06-14 14:00:00,N07,0.0437,0.878747,30.05,1.9522,0.001302,34.6,23.765664,86.419103
2026-06-14 15:00:00,N07,0.0742,0.008748,3.99,1.9384,0.006096,33.4,23.765664,86.419103
2026-06-14 16:00:00,N07,-0.0982,0.006965,1.75,1.94,0.001234,31.8,23.765664,86.419103
2026-06-14 17:00:00,N07,0.0556,0.006279,2.94,1.9409,0.00144,30.0,23.765664,86.419103
2026-06-14 18:00:00,N07,-0.2034,0.009278,9.52,1.9429,0.002188,28.1,23.765664,86.419103
2026-06-14 19:00:00,N07,-0.0292,0.005687,9.6,1.9452,0.002014,26.1,23.765664,86.419103
2026-06-14 20:00:00,N07,0.0843,0.005536,8.59,1.9469,0.001971,24.3,23.765664,86.419103
2026-06-14 21:00:00,N07,0.0616,0.006622,6.25,1.9492,0.002086,22.8,23.765664,86.419103
2026-06-14 22:00:00,N07,-0.2269,0.006454,4.34,1.9511,0.002205,21.6,23.765664,86.419103
2026-06-14 23:00:00,N07,,,,,,,23.765664,86.419103
2026-06-15 00:00:00,N07,0.0324,0.009487,5.51,1.9554,0.001883,23.2,23.765664,86.419103
2026-06-15 01:00:00,N07,0.1028,0.006799,4.22,1.9574,0.002166,23.4,23.765664,86.419103
2026-06-15 02:00:00,N07,0.0647,0.005452,7.17,1.9598,0.001846,24.2,23.765664,86.419103
2026-06-15 03:00:00,N07,-0.0791,0.006994,8.09,1.961,0.001307,25.4,23.765664,86.419103
2026-06-15 04:00:00,N07,-0.036,0.007989,7.24,1.9624,0.001921,26.9,23.765664,86.419103
2026-06-15 05:00:00,N07,-0.1619,0.00514,3.4,1.9649,0.002082,28.8,23.765664,86.419103
2026-06-15 06:00:00,N07,0.047,0.005043,4.98,1.9666,0.004553,30.7,23.765664,86.419103
2026-06-15 07:00:00,N07,-0.0345,0.698896,40.87,1.9558,0.001815,32.6,23.765664,86.419103
2026-06-15 08:00:00,N07,-0.2188,0.005619,5.28,1.9702,0.014396,34.4,23.765664,86.419103
2026-06-15 09:00:00,N07,-0.2404,0.986864,29.4,1.9846,0.007977,36.0,23.765664,86.419103
2026-06-15 10:00:00,N07,-0.0365,0.952324,20.71,1.9861,0.004108,37.2,23.765664,86.419103
2026-06-15 11:00:00,N07,-0.0383,0.005891,9.97,1.9764,0.004445,37.9,23.765664,86.419103
2026-06-15 12:00:00,N07,0.1185,0.007603,4.06,1.9773,0.001531,38.2,23.765664,86.419103
2026-06-15 13:00:00,N07,0.2864,0.006938,7.2,1.9794,0.002056,37.9,23.765664,86.419103
2026-06-15 14:00:00,N07,0.0831,0.006486,9.0,1.9814,0.002038,37.2,23.765664,86.419103
2026-06-15 15:00:00,N07,0.1662,0.007066,2.71,1.9835,0.007039,36.0,23.765664,86.419103
2026-06-15 16:00:00,N07,-0.2987,0.974244,28.58,1.9954,0.007306,34.4,23.765664,86.419103
2026-06-15 17:00:00,N07,0.0089,0.919813,39.44,1.9981,0.002704,32.6,23.765664,86.419103
2026-06-15 18:00:00,N07,0.0259,0.006855,6.35,1.99,0.00304,30.7,23.765664,86.419103
2026-06-15 19:00:00,N07,-0.0329,0.005108,8.67,1.992,0.002049,28.8,23.765664,86.419103
2026-06-15 20:00:00,N07,,,,,,,23.765664,86.419103
2026-06-15 21:00:00,N07,,,,,,,23.765664,86.419103
2026-06-15 22:00:00,N07,,,,,,,23.765664,86.419103
2026-06-15 23:00:00,N07,,,,,,,23.765664,86.419103
2026-06-16 00:00:00,N07,,,,,,,23.765664,86.419103
2026-06-16 01:00:00,N07,,,,,,,23.765664,86.419103
2026-06-16 02:00:00,N07,,,,,,,23.765664,86.419103
2026-06-16 03:00:00,N07,,,,,,,23.765664,86.419103
2026-06-16 04:00:00,N07,,,,,,,23.765664,86.419103
2026-06-16 05:00:00,N07,0.1567,0.005796,6.47,2.0132,0.001811,29.0,23.765664,86.419103
2026-06-16 06:00:00,N07,0.1381,0.005248,7.05,2.0144,0.001306,31.0,23.765664,86.419103
2026-06-16 07:00:00,N07,,,,,,,23.765664,86.419103
2026-06-16 08:00:00,N07,0.2256,0.531163,36.09,2.0111,0.001325,34.7,23.765664,86.419103
2026-06-16 09:00:00,N07,-0.1477,0.600826,49.45,2.0131,0.005333,36.3,23.765664,86.419103
2026-06-16 10:00:00,N07,-0.0321,0.010484,1.99,2.0218,0.004998,37.4,23.765664,86.419103
2026-06-16 11:00:00,N07,-0.1224,0.005086,9.61,2.0231,0.001889,38.2,23.765664,86.419103
2026-06-16 12:00:00,N07,0.0729,0.009117,5.79,2.0255,0.002314,38.5,23.765664,86.419103
2026-06-16 13:00:00,N07,0.1837,0.006702,1.99,2.0278,0.002315,38.2,23.765664,86.419103
2026-06-16 14:00:00,N07,-0.1832,0.006056,6.68,2.0302,0.002025,37.4,23.765664,86.419103
2026-06-16 15:00:00,N07,0.1337,0.00639,2.09,2.0318,0.015372,36.3,23.765664,86.419103
2026-06-16 16:00:00,N07,0.0922,0.523692,46.32,2.0609,0.001893,34.7,23.765664,86.419103
2026-06-16 17:00:00,N07,0.0046,0.0057,4.42,2.0356,0.01187,32.9,23.765664,86.419103
2026-06-16 18:00:00,N07,0.0595,0.008095,4.22,2.0372,0.001459,31.0,23.765664,86.419103
2026-06-16 19:00:00,N07,0.3249,0.005399,5.91,2.0385,0.00163,29.0,23.765664,86.419103
2026-06-16 20:00:00,N07,0.1983,0.008793,2.72,2.0404,0.001716,27.2,23.765664,86.419103
2026-06-16 21:00:00,N07,,,,,,,23.765664,86.419103
2026-06-16 22:00:00,N07,-0.2191,0.005233,6.93,2.044,0.002332,24.5,23.765664,86.419103
2026-06-16 23:00:00,N07,-0.0853,0.007071,8.25,2.0466,0.002314,23.7,23.765664,86.419103
2026-06-17 00:00:00,N07,-0.1028,0.005295,7.65,2.0486,0.002116,25.4,23.765664,86.419103
2026-06-17 01:00:00,N07,0.0092,0.005087,1.49,2.0509,0.002123,25.7,23.765664,86.419103
2026-06-17 02:00:00,N07,-0.1091,0.006745,3.89,2.0528,0.001822,26.4,23.765664,86.419103
2026-06-17 03:00:00,N07,-0.063,0.006414,1.77,2.0545,0.001453,27.6,23.765664,86.419103
2026-06-17 04:00:00,N07,-0.0279,0.005968,8.35,2.0558,0.001738,29.2,23.765664,86.419103
2026-06-17 05:00:00,N07,-0.0381,0.005277,9.15,2.058,0.001993,31.0,23.765664,86.419103
2026-06-17 06:00:00,N07,,,,,,,23.765664,86.419103
2026-06-17 07:00:00,N07,,,,,,,23.765664,86.419103
2026-06-17 08:00:00,N07,,,,,,,23.765664,86.419103
2026-06-17 09:00:00,N07,,,,,,,23.765664,86.419103
2026-06-17 10:00:00,N07,0.2069,0.006866,1.69,2.0676,0.002808,39.4,23.765664,86.419103
2026-06-17 11:00:00,N07,-0.3351,0.571669,39.03,2.0604,0.006373,40.2,23.765664,86.419103
2026-06-17 12:00:00,N07,0.054,0.965923,31.37,2.0803,0.00656,40.4,23.765664,86.419103
2026-06-17 13:00:00,N07,0.2591,0.005224,2.19,2.0736,0.002408,40.2,23.765664,86.419103
2026-06-17 14:00:00,N07,0.0579,0.005865,1.25,2.0755,0.002138,39.4,23.765664,86.419103
2026-06-17 15:00:00,N07,0.207,0.00595,8.02,2.0778,0.002108,38.2,23.765664,86.419103
2026-06-17 16:00:00,N07,-0.2935,0.006052,6.83,2.0797,0.001956,36.7,23.765664,86.419103
2026-06-17 17:00:00,N07,0.0048,0.006621,9.33,2.0818,0.002123,34.9,23.765664,86.419103
2026-06-17 18:00:00,N07,,,,,,,23.765664,86.419103
2026-06-17 19:00:00,N07,,,,,,,23.765664,86.419103
2026-06-17 20:00:00,N07,,,,,,,23.765664,86.419103
2026-06-17 21:00:00,N07,,,,,,,23.765664,86.419103
2026-06-17 22:00:00,N07,,,,,,,23.765664,86.419103
2026-06-17 23:00:00,N07,-0.2577,0.005012,9.36,2.0926,0.001452,25.7,23.765664,86.419103
2026-06-18 00:00:00,N07,-0.1856,0.010426,7.38,2.0946,0.002129,23.3,23.765664,86.419103
2026-06-18 01:00:00,N07,-0.035,0.00524,6.68,2.0969,0.001982,23.5,23.765664,86.419103
2026-06-18 02:00:00,N07,0.1856,0.008974,9.05,2.0986,0.002064,24.3,23.765664,86.419103
2026-06-18 03:00:00,N07,0.0493,0.007127,4.92,2.101,0.001815,25.5,23.765664,86.419103
2026-06-18 04:00:00,N07,-0.0385,0.006376,6.19,2.1022,0.001299,27.0,23.765664,86.419103
2026-06-18 05:00:00,N07,,,,,,,23.765664,86.419103
2026-06-18 06:00:00,N07,,,,,,,23.765664,86.419103
2026-06-18 07:00:00,N07,-0.0407,0.005518,7.92,2.1081,0.002063,32.7,23.765664,86.419103
2026-06-18 08:00:00,N07,0.3876,0.005329,7.19,2.1103,0.002508,34.5,23.765664,86.419103
2026-06-18 09:00:00,N07,0.3226,0.008573,3.19,2.1131,0.002497,36.1,23.765664,86.419103
2026-06-18 10:00:00,N07,0.1134,0.009307,3.76,2.1152,0.00491,37.3,23.765664,86.419103
2026-06-18 11:00:00,N07,0.0771,0.53932,48.89,2.1229,0.00508,38.0,23.765664,86.419103
2026-06-18 12:00:00,N07,0.039,0.927506,45.18,2.1254,0.000961,38.3,23.765664,86.419103
2026-06-18 13:00:00,N07,-0.0771,0.006632,3.63,2.121,0.001178,38.0,23.765664,86.419103
2026-06-18 14:00:00,N07,0.1107,0.005341,3.32,2.1231,0.001964,37.3,23.765664,86.419103
2026-06-18 15:00:00,N07,-0.0574,0.005337,7.57,2.1249,0.001689,36.1,23.765664,86.419103
2026-06-18 16:00:00,N07,0.2433,0.005913,9.65,2.1264,0.001749,34.5,23.765664,86.419103
2026-06-18 17:00:00,N07,-0.2378,0.005583,6.22,2.1284,0.002073,32.7,23.765664,86.419103
2026-06-18 18:00:00,N07,0.1074,0.008811,7.68,2.1306,0.002119,30.8,23.765664,86.419103
2026-06-18 19:00:00,N07,-0.1031,0.008759,6.89,2.1327,0.002618,28.8,23.765664,86.419103
2026-06-18 20:00:00,N07,0.1155,0.006473,4.72,2.1358,0.002232,27.0,23.765664,86.419103
2026-06-18 21:00:00,N07,0.1425,0.006381,6.98,2.1371,0.001657,25.5,23.765664,86.419103
2026-06-18 22:00:00,N07,-0.0059,0.006813,3.28,2.1391,0.001891,24.3,23.765664,86.419103
2026-06-18 23:00:00,N07,0.0231,0.005967,5.97,2.1409,0.001654,23.5,23.765664,86.419103
2026-06-19 00:00:00,N07,0.0615,0.007126,2.33,2.1424,0.001694,21.9,23.765664,86.419103
2026-06-19 01:00:00,N07,0.1753,0.005662,3.64,2.1443,0.001811,22.1,23.765664,86.419103
2026-06-19 02:00:00,N07,0.119,0.005848,2.03,2.1461,0.001809,22.9,23.765664,86.419103
2026-06-19 03:00:00,N07,0.2293,0.007571,1.55,2.1479,0.001575,24.1,23.765664,86.419103
2026-06-19 04:00:00,N07,0.0217,0.007757,4.63,2.1492,0.001802,25.6,23.765664,86.419103
2026-06-19 05:00:00,N07,0.0356,0.00585,1.86,2.1515,0.002067,27.4,23.765664,86.419103
2026-06-19 06:00:00,N07,0.1074,0.005132,3.14,2.1533,0.001455,29.4,23.765664,86.419103
2026-06-19 07:00:00,N07,-0.0503,0.007444,2.4,2.1544,0.006676,31.3,23.765664,86.419103
2026-06-19 08:00:00,N07,0.0553,0.794697,41.51,2.1667,0.006944,33.1,23.765664,86.419103
2026-06-19 09:00:00,N07,-0.1853,0.882897,47.77,2.1683,0.00356,34.7,23.765664,86.419103
2026-06-19 10:00:00,N07,,,,,,,23.765664,86.419103
2026-06-19 11:00:00,N07,,,,,,,23.765664,86.419103
2026-06-19 12:00:00,N07,0.0245,0.0071,5.5,2.1626,0.001957,36.9,23.765664,86.419103
2026-06-19 13:00:00,N07,-0.2436,0.008256,7.24,2.1647,0.001592,36.6,23.765664,86.419103
2026-06-19 14:00:00,N07,-0.1635,0.005539,1.77,2.1658,0.001458,35.9,23.765664,86.419103
2026-06-19 15:00:00,N07,-0.1606,0.005916,1.03,2.1677,0.001466,34.7,23.765664,86.419103
2026-06-19 16:00:00,N07,0.0864,0.006583,1.78,2.1687,0.001601,33.1,23.765664,86.419103
2026-06-19 17:00:00,N07,,,,,,,23.765664,86.419103
2026-06-19 18:00:00,N07,,,,,,,23.765664,86.419103
2026-06-19 19:00:00,N07,,,,,,,23.765664,86.419103
2026-06-19 20:00:00,N07,,,,,,,23.765664,86.419103
2026-06-19 21:00:00,N07,,,,,,,23.765664,86.419103
2026-06-19 22:00:00,N07,-0.0925,0.006367,7.1,2.1798,0.001777,22.9,23.765664,86.419103
2026-06-19 23:00:00,N07,-0.0951,0.005015,9.2,2.1814,0.001663,22.1,23.765664,86.419103
2026-06-20 00:00:00,N07,0.1828,0.007125,1.22,2.1831,0.002109,23.6,23.765664,86.419103
2026-06-20 01:00:00,N07,-0.0498,0.008308,4.63,2.1856,0.001697,23.9,23.765664,86.419103
2026-06-20 02:00:00,N07,0.2642,0.005388,7.64,2.1865,0.001364,24.6,23.765664,86.419103
2026-06-20 03:00:00,N07,-0.1006,0.005989,5.08,2.1884,0.001917,25.8,23.765664,86.419103
2026-06-20 04:00:00,N07,0.1001,0.005741,2.8,2.1904,0.001886,27.3,23.765664,86.419103
2026-06-20 05:00:00,N07,,,,,,,23.765664,86.419103
2026-06-20 06:00:00,N07,0.3192,0.005112,8.56,2.1938,0.002052,31.1,23.765664,86.419103
2026-06-20 07:00:00,N07,0.0691,0.005499,2.94,2.1963,0.002058,33.0,23.765664,86.419103
2026-06-20 08:00:00,N07,,,,,,,23.765664,86.419103
2026-06-20 09:00:00,N07,,,,,,,23.765664,86.419103
2026-06-20 10:00:00,N07,,,,,,,23.765664,86.419103
2026-06-20 11:00:00,N07,,,,,,,23.765664,86.419103
2026-06-20 12:00:00,N07,,,,,,,23.765664,86.419103
2026-06-20 13:00:00,N07,0.122,0.006066,3.26,2.2078,0.001212,38.3,23.765664,86.419103
2026-06-20 14:00:00,N07,0.1174,0.005677,4.1,2.21,0.002256,37.6,23.765664,86.419103
2026-06-20 15:00:00,N07,-0.1102,0.006036,5.18,2.2123,0.00283,36.4,23.765664,86.419103
2026-06-20 16:00:00,N07,-0.4143,0.891735,25.0,2.2043,0.003726,34.8,23.765664,86.419103
2026-06-20 17:00:00,N07,-0.1922,0.849174,37.54,2.2049,0.001008,33.0,23.765664,86.419103
2026-06-20 18:00:00,N07,-0.0801,0.535845,23.22,2.2063,0.006802,31.1,23.765664,86.419103
2026-06-20 19:00:00,N07,-0.217,0.005552,2.07,2.2185,0.006572,29.2,23.765664,86.419103
2026-06-20 20:00:00,N07,0.008,0.005961,6.61,2.2195,0.001693,27.3,23.765664,86.419103
2026-06-20 21:00:00,N07,-0.0578,0.005574,4.08,2.2218,0.001903,25.8,23.765664,86.419103
2026-06-20 22:00:00,N07,,,,,,,23.765664,86.419103
2026-06-20 23:00:00,N07,,,,,,,23.765664,86.419103
2026-06-21 00:00:00,N07,,,,,,,23.765664,86.419103
2026-06-21 01:00:00,N07,,,,,,,23.765664,86.419103
2026-06-21 02:00:00,N07,0.09,0.005034,6.81,2.2321,0.002419,29.3,23.765664,86.419103
2026-06-21 03:00:00,N07,-0.1009,0.0062,8.6,2.2347,0.001348,30.4,23.765664,86.419103
2026-06-21 04:00:00,N07,0.1678,0.006023,3.43,2.2348,0.001169,32.0,23.765664,86.419103
2026-06-21 05:00:00,N07,-0.0499,0.009428,6.11,2.237,0.001952,33.8,23.765664,86.419103
2026-06-21 06:00:00,N07,0.3298,0.006623,4.77,2.2387,0.007343,35.7,23.765664,86.419103
2026-06-21 07:00:00,N07,0.1519,0.865644,46.66,2.2223,0.007587,37.7,23.765664,86.419103
2026-06-21 08:00:00,N07,0.1613,0.747629,29.83,2.2235,0.010586,39.5,23.765664,86.419103
2026-06-21 09:00:00,N07,0.0039,0.006005,8.01,2.2435,0.010952,41.1,23.765664,86.419103
2026-06-21 10:00:00,N07,0.0397,0.005616,7.94,2.2454,0.002057,42.2,23.765664,86.419103
2026-06-21 11:00:00,N07,-0.1337,0.007188,2.5,2.2476,0.001913,43.0,23.765664,86.419103
2026-06-21 12:00:00,N07,-0.0652,0.007957,7.27,2.2493,0.001353,43.2,23.765664,86.419103
2026-06-21 13:00:00,N07,-0.2269,0.005769,7.17,2.2503,0.001536,43.0,23.765664,86.419103
2026-06-21 14:00:00,N07,0.0086,0.008836,9.51,2.2523,0.002242,42.2,23.765664,86.419103
2026-06-21 15:00:00,N07,,,,,,,23.765664,86.419103
2026-06-21 16:00:00,N07,,,,,,,23.765664,86.419103
2026-06-21 17:00:00,N07,-0.042,0.006087,2.13,2.2577,0.001722,37.7,23.765664,86.419103
2026-06-21 18:00:00,N07,0.1258,0.006231,8.35,2.2595,0.001712,35.7,23.765664,86.419103
2026-06-21 19:00:00,N07,-0.017,0.005108,2.49,2.2611,0.001913,33.8,23.765664,86.419103
2026-06-21 20:00:00,N07,-0.0003,0.005332,5.19,2.2633,0.002025,32.0,23.765664,86.419103
2026-06-21 21:00:00,N07,-0.2841,0.005121,7.5,2.2652,0.001856,30.4,23.765664,86.419103
2026-06-21 22:00:00,N07,0.234,0.007069,5.45,2.267,0.001305,29.3,23.765664,86.419103
2026-06-21 23:00:00,N07,0.0208,0.005232,6.48,2.2678,0.001254,28.5,23.765664,86.419103
2026-06-22 00:00:00,N07,0.089,0.006834,1.01,2.2695,0.001912,21.4,23.765664,86.419103
2026-06-22 01:00:00,N07,0.0214,0.008121,1.76,2.2716,0.001604,21.7,23.765664,86.419103
2026-06-22 02:00:00,N07,-0.0635,0.005715,6.11,2.2728,0.001827,22.4,23.765664,86.419103
2026-06-22 03:00:00,N07,0.1192,0.005391,3.11,2.2753,0.002038,23.6,23.765664,86.419103
2026-06-22 04:00:00,N07,,,,,,,23.765664,86.419103
2026-06-22 05:00:00,N07,,,,,,,23.765664,86.419103
2026-06-22 06:00:00,N07,,,,,,,23.765664,86.419103
2026-06-22 07:00:00,N07,,,,,,,23.765664,86.419103
2026-06-22 08:00:00,N07,,,,,,,23.765664,86.419103
2026-06-22 09:00:00,N07,-0.2455,0.006559,8.85,2.285,0.004657,34.2,23.765664,86.419103
2026-06-22 10:00:00,N07,-0.2278,0.886806,23.89,2.2933,0.004638,35.4,23.765664,86.419103
2026-06-22 11:00:00,N07,0.0152,0.662002,48.29,2.2943,0.001673,36.1,23.765664,86.419103
2026-06-22 12:00:00,N07,,,,,,,23.765664,86.419103
2026-06-22 13:00:00,N07,,,,,,,23.765664,86.419103
2026-06-22 14:00:00,N07,0.2639,0.00782,2.59,2.2925,0.001796,35.4,23.765664,86.419103
2026-06-22 15:00:00,N07,,,,,,,23.765664,86.419103
2026-06-22 16:00:00,N07,,,,,,,23.765664,86.419103
2026-06-22 17:00:00,N07,,,,,,,23.765664,86.419103
2026-06-22 18:00:00,N07,,,,,,,23.765664,86.419103
2026-06-22 19:00:00,N07,,,,,,,23.765664,86.419103
2026-06-22 20:00:00,N07,,,,,,,23.765664,86.419103
2026-06-22 21:00:00,N07,-0.0014,0.006145,9.45,2.3043,0.001073,23.6,23.765664,86.419103
2026-06-22 22:00:00,N07,,,,,,,23.765664,86.419103
2026-06-22 23:00:00,N07,,,,,,,23.765664,86.419103
2026-06-23 00:00:00,N07,-0.1179,0.009608,4.77,2.3089,0.00139,20.4,23.765664,86.419103
2026-06-23 01:00:00,N07,0.0127,0.007994,8.98,2.3103,0.001612,20.7,23.765664,86.419103
2026-06-23 02:00:00,N07,0.1216,0.008109,8.8,2.3121,0.001963,21.5,23.765664,86.419103
2026-06-23 03:00:00,N07,0.0577,0.006305,7.22,2.3142,0.002033,22.6,23.765664,86.419103
2026-06-23 04:00:00,N07,-0.1775,0.005047,2.67,2.3162,0.002057,24.2,23.765664,86.419103
2026-06-23 05:00:00,N07,-0.0861,0.005431,6.16,2.3183,0.006613,26.0,23.765664,86.419103
2026-06-23 06:00:00,N07,-0.369,0.667285,46.99,2.3294,0.001222,27.9,23.765664,86.419103
2026-06-23 07:00:00,N07,0.0978,0.006021,9.05,2.3208,0.003386,29.9,23.765664,86.419103
2026-06-23 08:00:00,N07,0.1005,0.006898,4.78,2.3226,0.001799,31.7,23.765664,86.419103
2026-06-23 09:00:00,N07,-0.0033,0.006056,6.88,2.3244,0.002119,33.2,23.765664,86.419103
2026-06-23 10:00:00,N07,0.1439,0.00511,1.39,2.3269,0.002157,34.4,23.765664,86.419103
2026-06-23 11:00:00,N07,,,,,,,23.765664,86.419103
2026-06-23 12:00:00,N07,,,,,,,23.765664,86.419103
2026-06-23 13:00:00,N07,,,,,,,23.765664,86.419103
2026-06-23 14:00:00,N07,,,,,,,23.765664,86.419103
2026-06-23 15:00:00,N07,,,,,,,23.765664,86.419103
2026-06-23 16:00:00,N07,-0.3132,0.006811,8.7,2.3383,0.001853,31.7,23.765664,86.419103
2026-06-23 17:00:00,N07,0.3132,0.005809,1.28,2.3405,0.002147,29.9,23.765664,86.419103
2026-06-23 18:00:00,N07,0.0051,0.005474,5.5,2.3426,0.001713,27.9,23.765664,86.419103
2026-06-23 19:00:00,N07,-0.0352,0.007423,3.2,2.3439,0.00149,26.0,23.765664,86.419103
2026-06-23 20:00:00,N07,-0.0585,0.006296,1.06,2.3456,0.001989,24.2,23.765664,86.419103
2026-06-23 21:00:00,N07,-0.0629,0.006406,6.14,2.3479,0.001832,22.6,23.765664,86.419103
2026-06-23 22:00:00,N07,0.1641,0.006426,6.31,2.3492,0.001422,21.5,23.765664,86.419103
2026-06-23 23:00:00,N07,0.1747,0.008774,8.54,2.3507,0.001379,20.7,23.765664,86.419103
2026-06-24 00:00:00,N07,,,,,,,23.765664,86.419103
2026-06-24 01:00:00,N07,-0.0882,0.006515,7.56,2.3526,0.001254,23.5,23.765664,86.419103
2026-06-24 02:00:00,N07,0.3638,0.006241,4.06,2.3545,0.001529,24.3,23.765664,86.419103
2026-06-24 03:00:00,N07,-0.2126,0.00619,7.07,2.3557,0.001471,25.5,23.765664,86.419103
2026-06-24 04:00:00,N07,-0.2083,0.006544,5.17,2.3575,0.002054,27.0,23.765664,86.419103
2026-06-24 05:00:00,N07,-0.2271,0.007242,2.55,2.3598,0.001946,28.8,23.765664,86.419103
2026-06-24 06:00:00,N07,0.1675,0.008293,1.08,2.3613,0.001613,30.8,23.765664,86.419103
2026-06-24 07:00:00,N07,,,,,,,23.765664,86.419103
2026-06-24 08:00:00,N07,,,,,,,23.765664,86.419103
2026-06-24 09:00:00,N07,,,,,,,23.765664,86.419103
2026-06-24 10:00:00,N07,-0.0384,0.006251,2.93,2.3684,0.001732,37.3,23.765664,86.419103
2026-06-24 11:00:00,N07,,,,,,,23.765664,86.419103
2026-06-24 12:00:00,N07,0.0761,0.005908,5.04,2.3724,0.00167,38.3,23.765664,86.419103
2026-06-24 13:00:00,N07,,,,,,,23.765664,86.419103
2026-06-24 14:00:00,N07,,,,,,,23.765664,86.419103
2026-06-24 15:00:00,N07,-0.0772,0.837154,34.46,2.3924,0.005196,36.1,23.765664,86.419103
2026-06-24 16:00:00,N07,,,,,,,23.765664,86.419103
2026-06-24 17:00:00,N07,-0.1114,0.577558,20.64,2.3931,0.001902,32.7,23.765664,86.419103
2026-06-24 18:00:00,N07,0.0208,0.006464,4.4,2.3837,0.004262,30.8,23.765664,86.419103
2026-06-24 19:00:00,N07,,,,,,,23.765664,86.419103
2026-06-24 20:00:00,N07,,,,,,,23.765664,86.419103
2026-06-24 21:00:00,N07,-0.204,0.006103,6.51,2.3884,0.001712,25.5,23.765664,86.419103
2026-06-24 22:00:00,N07,-0.1779,0.007046,3.21,2.3898,0.001341,24.3,23.765664,86.419103
2026-06-24 23:00:00,N07,0.0656,0.005862,3.79,2.3911,0.001277,23.5,23.765664,86.419103
2026-06-25 00:00:00,N07,0.146,0.00666,1.67,2.3923,0.001336,21.8,23.765664,86.419103
2026-06-25 01:00:00,N07,0.0927,0.006486,3.57,2.3938,0.001378,22.0,23.765664,86.419103
2026-06-25 02:00:00,N07,0.0589,0.005593,5.52,2.3951,0.001468,22.8,23.765664,86.419103
2026-06-25 03:00:00,N07,-0.0512,0.009168,3.79,2.3967,0.001594,24.0,23.765664,86.419103
2026-06-25 04:00:00,N07,0.1145,0.007379,9.48,2.3982,0.001664,25.5,23.765664,86.419103
2026-06-25 05:00:00,N07,-0.0425,0.006392,6.71,2.4001,0.010987,27.3,23.765664,86.419103
2026-06-25 06:00:00,N07,0.2873,0.605971,36.83,2.4202,0.001627,29.3,23.765664,86.419103
2026-06-25 07:00:00,N07,0.3017,0.006217,6.81,2.4033,0.007525,31.2,23.765664,86.419103
2026-06-25 08:00:00,N07,0.1341,0.006382,7.08,2.4052,0.001637,33.0,23.765664,86.419103
2026-06-25 09:00:00,N07,0.0488,0.006103,7.09,2.4066,0.001505,34.6,23.765664,86.419103
2026-06-25 10:00:00,N07,-0.1523,0.005508,5.87,2.4082,0.001718,35.8,23.765664,86.419103
2026-06-25 11:00:00,N07,-0.0757,0.005655,5.7,2.41,0.005457,36.5,23.765664,86.419103
2026-06-25 12:00:00,N07,,,,,,,23.765664,86.419103
2026-06-25 13:00:00,N07,,,,,,,23.765664,86.419103
2026-06-25 14:00:00,N07,,,,,,,23.765664,86.419103
2026-06-25 15:00:00,N07,-0.0408,0.007858,1.5,2.4165,0.00142,34.6,23.765664,86.419103
2026-06-25 16:00:00,N07,-0.1941,0.704135,48.07,2.4113,0.001636,33.0,23.765664,86.419103
2026-06-25 17:00:00,N07,0.2932,0.008078,8.08,2.4198,0.005261,31.2,23.765664,86.419103
2026-06-25 18:00:00,N07,0.0123,0.008672,6.07,2.4218,0.001567,29.3,23.765664,86.419103
2026-06-25 19:00:00,N07,-0.0048,0.006289,5.59,2.4229,0.001589,27.3,23.765664,86.419103
2026-06-25 20:00:00,N07,0.0175,0.005539,5.03,2.425,0.001915,25.5,23.765664,86.419103
2026-06-25 21:00:00,N07,0.0601,0.006216,1.93,2.4267,0.001579,24.0,23.765664,86.419103
2026-06-25 22:00:00,N07,-0.1322,0.008813,8.13,2.4281,0.001391,22.8,23.765664,86.419103
2026-06-25 23:00:00,N07,-0.1163,0.00553,3.09,2.4295,0.001548,22.0,23.765664,86.419103
2026-06-26 00:00:00,N07,0.0313,0.006359,3.79,2.4312,0.001471,25.7,23.765664,86.419103
2026-06-26 01:00:00,N07,-0.1013,0.005057,5.47,2.4325,0.001785,25.9,23.765664,86.419103
2026-06-26 02:00:00,N07,-0.1124,0.005413,9.54,2.4348,0.001746,26.7,23.765664,86.419103
2026-06-26 03:00:00,N07,0.0803,0.00753,8.57,2.436,0.001567,27.9,23.765664,86.419103
2026-06-26 04:00:00,N07,0.2903,0.005026,8.65,2.4379,0.001821,29.4,23.765664,86.419103
2026-06-26 05:00:00,N07,,,,,,,23.765664,86.419103
2026-06-26 06:00:00,N07,,,,,,,23.765664,86.419103
2026-06-26 07:00:00,N07,,,,,,,23.765664,86.419103
2026-06-26 08:00:00,N07,,,,,,,23.765664,86.419103
2026-06-26 09:00:00,N07,-0.1166,0.005526,9.13,2.4457,0.009835,38.5,23.765664,86.419103
2026-06-26 10:00:00,N07,-0.0825,0.623207,30.62,2.4642,0.0163,39.7,23.765664,86.419103
2026-06-26 11:00:00,N07,0.115,0.776673,28.83,2.4783,0.006924,40.4,23.765664,86.419103
2026-06-26 12:00:00,N07,0.3052,0.005471,2.56,2.4504,0.013106,40.7,23.765664,86.419103
2026-06-26 13:00:00,N07,-0.2858,0.006061,7.13,2.4521,0.002215,40.4,23.765664,86.419103
2026-06-26 14:00:00,N07,0.0865,0.005804,4.29,2.4548,0.002476,39.7,23.765664,86.419103
2026-06-26 15:00:00,N07,-0.0073,0.005035,7.03,2.4571,0.001316,38.5,23.765664,86.419103
2026-06-26 16:00:00,N07,0.2967,0.005274,8.35,2.4575,0.000744,36.9,23.765664,86.419103
2026-06-26 17:00:00,N07,0.2217,0.006219,5.41,2.4585,0.001621,35.1,23.765664,86.419103
2026-06-26 18:00:00,N07,0.1026,0.00732,5.01,2.4607,0.001692,33.2,23.765664,86.419103
2026-06-26 19:00:00,N07,0.0284,0.007188,3.93,2.4619,0.001377,31.2,23.765664,86.419103
2026-06-26 20:00:00,N07,-0.0106,0.005114,7.1,2.4635,0.001249,29.4,23.765664,86.419103
2026-06-26 21:00:00,N07,-0.0219,0.00755,5.84,2.4644,0.001457,27.9,23.765664,86.419103
2026-06-26 22:00:00,N07,-0.2216,0.005823,8.17,2.4664,0.001568,26.7,23.765664,86.419103
2026-06-26 23:00:00,N07,-0.1171,0.007907,4.01,2.4676,0.001383,25.9,23.765664,86.419103
2026-06-27 00:00:00,N07,-0.0366,0.005046,8.56,2.4691,0.001619,26.7,23.765664,86.419103
2026-06-27 01:00:00,N07,0.0155,0.006895,5.42,2.4708,0.002251,27.0,23.765664,86.419103
2026-06-27 02:00:00,N07,-0.0142,0.007597,4.56,2.4736,0.001926,27.7,23.765664,86.419103
2026-06-27 03:00:00,N07,-0.0756,0.00788,4.4,2.4747,0.001119,28.9,23.765664,86.419103
2026-06-27 04:00:00,N07,0.0319,0.006166,2.15,2.4759,0.001557,30.4,23.765664,86.419103
2026-06-27 05:00:00,N07,0.3026,0.0067,5.34,2.4778,0.001726,32.3,23.765664,86.419103
2026-06-27 06:00:00,N07,0.1708,0.006744,4.07,2.4793,0.0062,34.2,23.765664,86.419103
2026-06-27 07:00:00,N07,0.2253,0.573812,35.99,2.4902,0.001832,36.1,23.765664,86.419103
2026-06-27 08:00:00,N07,0.1354,0.005213,3.58,2.483,0.00626,37.9,23.765664,86.419103
2026-06-27 09:00:00,N07,0.2716,0.773245,24.09,2.5027,0.010123,39.5,23.765664,86.419103
2026-06-27 10:00:00,N07,-0.0097,0.820663,48.47,2.5032,0.008635,40.7,23.765664,86.419103
2026-06-27 11:00:00,N07,0.223,0.006615,8.14,2.4854,0.008306,41.4,23.765664,86.419103
2026-06-27 12:00:00,N07,0.0603,0.005813,8.66,2.4866,0.000996,41.7,23.765664,86.419103
2026-06-27 13:00:00,N07,-0.3898,0.007795,1.62,2.4874,0.001385,41.4,23.765664,86.419103
2026-06-27 14:00:00,N07,0.0762,0.005152,6.25,2.4894,0.001883,40.7,23.765664,86.419103
2026-06-27 15:00:00,N07,0.0681,0.005816,4.53,2.4912,0.0016,39.5,23.765664,86.419103
2026-06-27 16:00:00,N07,-0.3243,0.006299,5.8,2.4926,0.001655,37.9,23.765664,86.419103
2026-06-27 17:00:00,N07,-0.0691,0.005291,9.56,2.4945,0.001902,36.1,23.765664,86.419103
2026-06-27 18:00:00,N07,0.0748,0.00692,4.02,2.4964,0.001789,34.2,23.765664,86.419103
2026-06-27 19:00:00,N07,-0.1918,0.006824,4.78,2.4981,0.001711,32.3,23.765664,86.419103
2026-06-27 20:00:00,N07,0.0013,0.006774,7.92,2.4998,0.001502,30.4,23.765664,86.419103
2026-06-27 21:00:00,N07,0.0263,0.005885,1.99,2.5011,0.001437,28.9,23.765664,86.419103
2026-06-27 22:00:00,N07,0.1086,0.00643,2.65,2.5027,0.001777,27.7,23.765664,86.419103
2026-06-27 23:00:00,N07,0.1932,0.006352,1.36,2.5046,0.001213,27.0,23.765664,86.419103
2026-06-28 00:00:00,N07,-0.3182,0.007991,6.47,2.5051,0.001074,25.8,23.765664,86.419103
2026-06-28 01:00:00,N07,0.1134,0.009541,3.24,2.5068,0.001341,26.1,23.765664,86.419103
2026-06-28 02:00:00,N07,0.1855,0.006261,3.27,2.5078,0.00116,26.8,23.765664,86.419103
2026-06-28 03:00:00,N07,,,,,,,23.765664,86.419103
2026-06-28 04:00:00,N07,,,,,,,23.765664,86.419103
2026-06-28 05:00:00,N07,,,,,,,23.765664,86.419103
2026-06-28 06:00:00,N07,,,,,,,23.765664,86.419103
2026-06-28 07:00:00,N07,,,,,,,23.765664,86.419103
2026-06-28 08:00:00,N07,0.0466,0.006942,2.56,2.518,0.00579,37.1,23.765664,86.419103
2026-06-28 09:00:00,N07,0.1464,0.007895,8.55,2.5195,0.00149,38.6,23.765664,86.419103
2026-06-28 10:00:00,N07,-0.1648,0.005542,2.95,2.5209,0.007706,39.8,23.765664,86.419103
2026-06-28 11:00:00,N07,-0.1623,0.668809,22.26,2.5349,0.008266,40.6,23.765664,86.419103
2026-06-28 12:00:00,N07,-0.0636,0.908137,36.53,2.5375,0.004062,40.8,23.765664,86.419103
2026-06-28 13:00:00,N07,0.1399,0.007589,9.51,2.5268,0.004595,40.6,23.765664,86.419103
2026-06-28 14:00:00,N07,-0.0993,0.006685,6.83,2.5283,0.000992,39.8,23.765664,86.419103
2026-06-28 15:00:00,N07,0.0311,0.005821,7.32,2.5288,0.009117,38.6,23.765664,86.419103
2026-06-28 16:00:00,N07,0.1125,0.910573,35.44,2.5465,0.009804,37.1,23.765664,86.419103
2026-06-28 17:00:00,N07,-0.0184,0.738422,19.79,2.5484,0.005834,35.3,23.765664,86.419103
2026-06-28 18:00:00,N07,-0.0694,0.006691,5.88,2.5349,0.005336,33.3,23.765664,86.419103
2026-06-28 19:00:00,N07,-0.1654,0.007779,6.42,2.5377,0.001715,31.4,23.765664,86.419103
2026-06-28 20:00:00,N07,0.0466,0.005097,7.35,2.5383,0.000908,29.6,23.765664,86.419103
2026-06-28 21:00:00,N07,0.0383,0.005249,4.17,2.5396,0.001631,28.0,23.765664,86.419103
2026-06-28 22:00:00,N07,0.0373,0.01065,3.19,2.5416,0.001667,26.8,23.765664,86.419103
2026-06-28 23:00:00,N07,-0.1146,0.008022,5.51,2.5429,0.001965,26.1,23.765664,86.419103
2026-06-29 00:00:00,N07,0.073,0.00669,4.45,2.5455,0.001888,23.0,23.765664,86.419103
2026-06-29 01:00:00,N07,-0.3716,0.005092,3.04,2.5467,0.001484,23.3,23.765664,86.419103
2026-06-29 02:00:00,N07,0.0866,0.006991,9.93,2.5484,0.001974,24.0,23.765664,86.419103
2026-06-29 03:00:00,N07,0.1982,0.00748,5.57,2.5506,0.001543,25.2,23.765664,86.419103
2026-06-29 04:00:00,N07,,,,,,,23.765664,86.419103
2026-06-29 05:00:00,N07,,,,,,,23.765664,86.419103
2026-06-29 06:00:00,N07,,,,,,,23.765664,86.419103
2026-06-29 07:00:00,N07,,,,,,,23.765664,86.419103
2026-06-29 08:00:00,N07,,,,,,,23.765664,86.419103
2026-06-29 09:00:00,N07,,,,,,,23.765664,86.419103
2026-06-29 10:00:00,N07,,,,,,,23.765664,86.419103
2026-06-29 11:00:00,N07,,,,,,,23.765664,86.419103
2026-06-29 12:00:00,N07,0.0246,0.776257,31.77,2.5526,0.007201,38.0,23.765664,86.419103
2026-06-29 13:00:00,N07,,,,,,,23.765664,86.419103
2026-06-29 14:00:00,N07,,,,,,,23.765664,86.419103
2026-06-29 15:00:00,N07,,,,,,,23.765664,86.419103
2026-06-29 16:00:00,N07,0.0959,0.008259,5.55,2.5699,0.003374,34.3,23.765664,86.419103
2026-06-29 17:00:00,N07,0.0962,0.614329,22.79,2.5614,0.001082,32.5,23.765664,86.419103
2026-06-29 18:00:00,N07,0.0637,0.005578,4.37,2.572,0.006009,30.5,23.765664,86.419103
2026-06-29 19:00:00,N07,0.0867,0.006972,5.55,2.5734,0.000568,28.6,23.765664,86.419103
2026-06-29 20:00:00,N07,0.1585,0.00648,8.89,2.5732,0.000333,26.8,23.765664,86.419103
2026-06-29 21:00:00,N07,0.213,0.005471,1.57,2.5741,0.001462,25.2,23.765664,86.419103
2026-06-29 22:00:00,N07,-0.1439,0.007282,6.72,2.5761,0.001667,24.0,23.765664,86.419103
2026-06-29 23:00:00,N07,0.0179,0.005491,7.21,2.5774,0.002107,23.3,23.765664,86.419103
2026-06-30 00:00:00,N07,-0.1265,0.006824,4.32,2.5803,0.002501,22.3,23.765664,86.419103
2026-06-30 01:00:00,N07,-0.009,0.005724,6.46,2.5825,0.001932,22.5,23.765664,86.419103
2026-06-30 02:00:00,N07,-0.2752,0.006209,4.41,2.5842,0.001313,23.3,23.765664,86.419103
2026-06-30 03:00:00,N07,-0.0314,0.006156,1.91,2.5851,0.000911,24.5,23.765664,86.419103
2026-06-30 04:00:00,N07,,,,,,,23.765664,86.419103
2026-06-30 05:00:00,N07,,,,,,,23.765664,86.419103
2026-06-30 06:00:00,N07,,,,,,,23.765664,86.419103
2026-06-30 07:00:00,N07,,,,,,,23.765664,86.419103
2026-06-30 08:00:00,N07,,,,,,,23.765664,86.419103
2026-06-30 09:00:00,N07,,,,,,,23.765664,86.419103
2026-06-30 10:00:00,N07,,,,,,,23.765664,86.419103
2026-06-30 11:00:00,N07,-0.0404,0.005287,5.42,2.5947,0.001108,37.0,23.765664,86.419103
2026-06-30 12:00:00,N07,-0.057,0.007136,3.75,2.5964,0.001469,37.3,23.765664,86.419103
2026-06-30 13:00:00,N07,-0.028,0.005549,4.82,2.5977,0.001541,37.0,23.765664,86.419103
2026-06-30 14:00:00,N07,,,,,,,23.765664,86.419103
2026-06-30 15:00:00,N07,,,,,,,23.765664,86.419103
2026-06-30 16:00:00,N07,,,,,,,23.765664,86.419103
2026-06-30 17:00:00,N07,,,,,,,23.765664,86.419103
2026-06-30 18:00:00,N07,0.0571,0.007867,1.74,2.6054,0.001243,29.8,23.765664,86.419103
2026-06-30 19:00:00,N07,-0.2238,0.006857,8.03,2.6066,0.000972,27.8,23.765664,86.419103
2026-06-30 20:00:00,N07,-0.147,0.005606,4.69,2.6074,0.000949,26.0,23.765664,86.419103
2026-06-30 21:00:00,N07,,,,,,,23.765664,86.419103
2026-06-30 22:00:00,N07,,,,,,,23.765664,86.419103
2026-06-30 23:00:00,N07,,,,,,,23.765664,86.419103
2026-07-01 00:00:00,N07,-0.0768,0.008667,1.5,2.6131,0.00118,26.7,23.765664,86.419103
2026-07-01 01:00:00,N07,0.0232,0.006024,1.46,2.6136,0.001104,26.9,23.765664,86.419103
2026-07-01 02:00:00,N07,,,,,,,23.765664,86.419103
2026-07-01 03:00:00,N07,,,,,,,23.765664,86.419103
2026-07-01 04:00:00,N07,,,,,,,23.765664,86.419103
2026-07-01 05:00:00,N07,,,,,,,23.765664,86.419103
2026-07-01 06:00:00,N07,,,,,,,23.765664,86.419103
2026-07-01 07:00:00,N07,-0.0021,0.008709,2.03,2.6233,0.001808,36.1,23.765664,86.419103
2026-07-01 08:00:00,N07,0.1792,0.005735,6.99,2.6249,0.001326,37.9,23.765664,86.419103
2026-07-01 09:00:00,N07,0.292,0.007513,6.5,2.626,0.000961,39.5,23.765664,86.419103
2026-07-01 10:00:00,N07,0.0668,0.007691,1.33,2.6269,0.0071,40.7,23.765664,86.419103
2026-07-01 11:00:00,N07,-0.1198,0.62777,44.04,2.6118,0.001969,41.4,23.765664,86.419103
2026-07-01 12:00:00,N07,-0.1152,0.007261,4.76,2.6308,0.018057,41.7,23.765664,86.419103
2026-07-01 13:00:00,N07,,,,,,,23.765664,86.419103
2026-07-01 14:00:00,N07,,,,,,,23.765664,86.419103
2026-07-01 15:00:00,N07,,,,,,,23.765664,86.419103
2026-07-01 16:00:00,N07,,,,,,,23.765664,86.419103
2026-07-01 17:00:00,N07,,,,,,,23.765664,86.419103
2026-07-01 18:00:00,N07,-0.1466,0.006505,7.04,2.6403,0.00094,34.2,23.765664,86.419103
2026-07-01 19:00:00,N07,-0.0987,0.0053,2.67,2.641,0.00133,32.2,23.765664,86.419103
2026-07-01 20:00:00,N07,-0.0613,0.007845,7.48,2.643,0.001728,30.4,23.765664,86.419103
2026-07-01 21:00:00,N07,-0.0345,0.006541,4.31,2.6444,0.001431,28.9,23.765664,86.419103
2026-07-01 22:00:00,N07,0.0901,0.005834,2.25,2.6458,0.001192,27.7,23.765664,86.419103
2026-07-01 23:00:00,N07,-0.1133,0.006041,3.24,2.6468,0.001577,26.9,23.765664,86.419103
2026-07-02 00:00:00,N07,,,,,,,23.765664,86.419103
2026-07-02 01:00:00,N07,,,,,,,23.765664,86.419103
2026-07-02 02:00:00,N07,-0.1146,0.00776,2.67,2.6501,0.000948,25.0,23.765664,86.419103
2026-07-02 03:00:00,N07,-0.0354,0.006507,5.47,2.652,0.001803,26.2,23.765664,86.419103
2026-07-02 04:00:00,N07,0.0699,0.007232,9.38,2.6537,0.001786,27.8,23.765664,86.419103
2026-07-02 05:00:00,N07,-0.1032,0.00651,6.38,2.6556,0.001614,29.6,23.765664,86.419103
2026-07-02 06:00:00,N07,-0.2422,0.00673,4.19,2.6569,0.00093,31.5,23.765664,86.419103
2026-07-02 07:00:00,N07,0.1035,0.005155,6.95,2.6575,0.008564,33.5,23.765664,86.419103
2026-07-02 08:00:00,N07,-0.2995,0.897482,39.98,2.6741,0.001499,35.3,23.765664,86.419103
2026-07-02 09:00:00,N07,0.2841,0.006326,3.92,2.6605,0.006427,36.8,23.765664,86.419103
2026-07-02 10:00:00,N07,-0.0631,0.008109,8.34,2.6612,0.001152,38.0,23.765664,86.419103
2026-07-02 11:00:00,N07,,,,,,,23.765664,86.419103
2026-07-02 12:00:00,N07,,,,,,,23.765664,86.419103
2026-07-02 13:00:00,N07,-0.0535,0.005822,3.24,2.666,0.002129,38.8,23.765664,86.419103
2026-07-02 14:00:00,N07,0.1721,0.007065,6.03,2.6683,0.001704,38.0,23.765664,86.419103
2026-07-02 15:00:00,N07,0.0084,0.008651,9.92,2.6694,0.001199,36.8,23.765664,86.419103
2026-07-02 16:00:00,N07,,,,,,,23.765664,86.419103
2026-07-02 17:00:00,N07,,,,,,,23.765664,86.419103
2026-07-02 18:00:00,N07,,,,,,,23.765664,86.419103
2026-07-02 19:00:00,N07,-0.0224,0.006911,2.09,2.6748,0.00157,29.6,23.765664,86.419103
2026-07-02 20:00:00,N07,0.2302,0.009226,3.59,2.676,0.001718,27.8,23.765664,86.419103
2026-07-02 21:00:00,N07,-0.5137,0.005799,8.92,2.6782,0.00212,26.2,23.765664,86.419103
2026-07-02 22:00:00,N07,,,,,,,23.765664,86.419103
2026-07-02 23:00:00,N07,-0.2125,0.007651,5.4,2.6811,0.00132,24.3,23.765664,86.419103
2026-07-03 00:00:00,N07,0.0282,0.005898,2.61,2.6828,0.001735,27.3,23.765664,86.419103
2026-07-03 01:00:00,N07,-0.102,0.007234,3.53,2.6846,0.001138,27.6,23.765664,86.419103
2026-07-03 02:00:00,N07,-0.2864,0.007082,5.36,2.6851,0.000807,28.3,23.765664,86.419103
2026-07-03 03:00:00,N07,0.0761,0.007663,6.16,2.6862,0.001154,29.5,23.765664,86.419103
2026-07-03 04:00:00,N07,0.1373,0.006127,2.49,2.6874,0.001471,31.0,23.765664,86.419103
2026-07-03 05:00:00,N07,0.0249,0.006917,8.31,2.6892,0.001696,32.9,23.765664,86.419103
2026-07-03 06:00:00,N07,0.1165,0.005178,9.43,2.6908,0.001317,34.8,23.765664,86.419103
2026-07-03 07:00:00,N07,0.1554,0.008154,4.06,2.6918,0.001507,36.7,23.765664,86.419103
2026-07-03 08:00:00,N07,-0.3026,0.008002,8.17,2.6938,0.001516,38.5,23.765664,86.419103
2026-07-03 09:00:00,N07,-0.2815,0.00583,8.18,2.6948,0.001362,40.1,23.765664,86.419103
2026-07-03 10:00:00,N07,-0.0232,0.0068,9.68,2.6966,0.007507,41.3,23.765664,86.419103
2026-07-03 11:00:00,N07,0.0065,0.80215,20.29,2.7098,0.007226,42.0,23.765664,86.419103
2026-07-03 12:00:00,N07,-0.0322,0.896965,46.22,2.711,0.005415,42.3,23.765664,86.419103
2026-07-03 13:00:00,N07,0.1109,0.007191,7.38,2.699,0.005464,42.0,23.765664,86.419103
2026-07-03 14:00:00,N07,0.2136,0.008107,8.99,2.7001,0.001226,41.3,23.765664,86.419103
2026-07-03 15:00:00,N07,0.4661,0.00857,9.95,2.7015,0.0014,40.1,23.765664,86.419103
2026-07-03 16:00:00,N07,0.0921,0.006084,7.26,2.7029,0.001309,38.5,23.765664,86.419103
2026-07-03 17:00:00,N07,0.2665,0.005037,9.85,2.7041,0.001146,36.7,23.765664,86.419103
2026-07-03 18:00:00,N07,0.0089,0.005731,1.34,2.7052,0.001068,34.8,23.765664,86.419103
2026-07-03 19:00:00,N07,-0.0826,0.005657,2.58,2.7062,0.001358,32.9,23.765664,86.419103
2026-07-03 20:00:00,N07,0.0366,0.005743,6.07,2.7079,0.00119,31.0,23.765664,86.419103
2026-07-03 21:00:00,N07,0.1789,0.006497,5.54,2.7086,0.00069,29.5,23.765664,86.419103
2026-07-03 22:00:00,N07,0.0386,0.006429,5.15,2.7093,0.000717,28.3,23.765664,86.419103
2026-07-03 23:00:00,N07,-0.088,0.00802,5.66,2.71,0.000885,27.6,23.765664,86.419103
2026-07-04 00:00:00,N07,0.0265,0.005295,6.99,2.711,0.000744,23.9,23.765664,86.419103
2026-07-04 01:00:00,N07,-0.083,0.008262,5.06,2.7115,0.000695,24.2,23.765664,86.419103
2026-07-04 02:00:00,N07,0.2502,0.006267,9.0,2.7124,0.001101,24.9,23.765664,86.419103
2026-07-04 03:00:00,N07,0.1045,0.006577,1.01,2.7137,0.001399,26.1,23.765664,86.419103
2026-07-04 04:00:00,N07,,,,,,,23.765664,86.419103
2026-07-04 05:00:00,N07,0.1277,0.006863,1.11,2.7156,0.001072,29.5,23.765664,86.419103
2026-07-04 06:00:00,N07,0.0309,0.00733,3.7,2.7174,0.001955,31.4,23.765664,86.419103
2026-07-04 07:00:00,N07,-0.0596,0.005415,7.59,2.7195,0.001824,33.4,23.765664,86.419103
2026-07-04 08:00:00,N07,-0.1156,0.006618,8.63,2.721,0.001686,35.2,23.765664,86.419103
2026-07-04 09:00:00,N07,0.0954,0.006068,7.74,2.7228,0.002074,36.7,23.765664,86.419103
2026-07-04 10:00:00,N07,-0.1219,0.005227,4.46,2.7252,0.002324,37.9,23.765664,86.419103
2026-07-04 11:00:00,N07,-0.0428,0.005399,3.03,2.7275,0.002,38.7,23.765664,86.419103
2026-07-04 12:00:00,N07,-0.1751,0.00616,8.14,2.7292,0.001589,38.9,23.765664,86.419103
2026-07-04 13:00:00,N07,,,,,,,23.765664,86.419103
2026-07-04 14:00:00,N07,,,,,,,23.765664,86.419103
2026-07-04 15:00:00,N07,,,,,,,23.765664,86.419103
2026-07-04 16:00:00,N07,,,,,,,23.765664,86.419103
2026-07-04 17:00:00,N07,,,,,,,23.765664,86.419103
2026-07-04 18:00:00,N07,-0.0598,0.007307,2.48,2.7381,0.002234,31.4,23.765664,86.419103
2026-07-04 19:00:00,N07,-0.1793,0.006286,9.18,2.7399,0.002073,29.5,23.765664,86.419103
2026-07-04 20:00:00,N07,0.094,0.00778,5.8,2.7423,0.00223,27.7,23.765664,86.419103
2026-07-04 21:00:00,N07,0.0012,0.006117,8.91,2.7444,0.001362,26.1,23.765664,86.419103
2026-07-04 22:00:00,N07,-0.3404,0.005922,9.39,2.745,0.000718,24.9,23.765664,86.419103
2026-07-04 23:00:00,N07,,,,,,,23.765664,86.419103
2026-07-05 00:00:00,N07,,,,,,,23.765664,86.419103
2026-07-05 01:00:00,N07,-0.1151,0.008499,2.95,2.7486,0.001585,24.6,23.765664,86.419103
2026-07-05 02:00:00,N07,0.2174,0.005046,1.41,2.7506,0.001761,25.4,23.765664,86.419103
2026-07-05 03:00:00,N07,-0.1319,0.005205,8.56,2.7522,0.001059,26.6,23.765664,86.419103
2026-07-05 04:00:00,N07,0.0484,0.008351,5.48,2.7528,0.000483,28.1,23.765664,86.419103
2026-07-05 05:00:00,N07,-0.2445,0.007982,2.03,2.7531,0.000792,30.0,23.765664,86.419103
2026-07-05 06:00:00,N07,0.2633,0.00675,7.52,2.7543,0.001088,31.9,23.765664,86.419103
2026-07-05 07:00:00,N07,-0.196,0.007647,5.44,2.7553,0.001268,33.8,23.765664,86.419103
2026-07-05 08:00:00,N07,,,,,,,23.765664,86.419103
2026-07-05 09:00:00,N07,,,,,,,23.765664,86.419103
2026-07-05 10:00:00,N07,-0.0998,0.005132,4.54,2.7593,0.000752,38.4,23.765664,86.419103
2026-07-05 11:00:00,N07,0.0012,0.005618,3.37,2.76,0.006361,39.1,23.765664,86.419103
2026-07-05 12:00:00,N07,-0.0186,0.747929,29.2,2.772,0.006899,39.4,23.765664,86.419103
2026-07-05 13:00:00,N07,-0.1723,0.813841,19.06,2.7738,0.011455,39.1,23.765664,86.419103
2026-07-05 14:00:00,N07,-0.0916,0.566732,24.49,2.7491,0.007842,38.4,23.765664,86.419103
2026-07-05 15:00:00,N07,0.0925,0.813296,41.35,2.7581,0.009391,37.2,23.765664,86.419103
2026-07-05 16:00:00,N07,0.0095,0.006504,1.03,2.7679,0.00546,35.6,23.765664,86.419103
2026-07-05 17:00:00,N07,-0.0667,0.005148,1.16,2.769,0.000899,33.8,23.765664,86.419103
2026-07-05 18:00:00,N07,-0.1813,0.008902,5.65,2.7697,0.001304,31.9,23.765664,86.419103
2026-07-05 19:00:00,N07,0.0044,0.008456,7.68,2.7716,0.001651,30.0,23.765664,86.419103
2026-07-05 20:00:00,N07,-0.1864,0.00791,3.69,2.773,0.001718,28.1,23.765664,86.419103
2026-07-05 21:00:00,N07,-0.4477,0.008553,5.15,2.775,0.001698,26.6,23.765664,86.419103
2026-07-05 22:00:00,N07,0.082,0.00567,2.54,2.7764,0.001678,25.4,23.765664,86.419103
2026-07-05 23:00:00,N07,-0.1103,0.006523,1.87,2.7784,0.002025,24.6,23.765664,86.419103
2026-07-06 00:00:00,N07,-0.2656,0.006781,2.63,2.7804,0.001745,26.7,23.765664,86.419103
2026-07-06 01:00:00,N07,-0.0724,0.005352,1.33,2.7819,0.000973,27.0,23.765664,86.419103
2026-07-06 02:00:00,N07,0.0133,0.005856,5.78,2.7824,0.001087,27.7,23.765664,86.419103
2026-07-06 03:00:00,N07,0.2566,0.006377,1.57,2.7841,0.001197,28.9,23.765664,86.419103
2026-07-06 04:00:00,N07,-0.0067,0.006393,6.52,2.7848,0.00083,30.5,23.765664,86.419103
2026-07-06 05:00:00,N07,0.5129,0.007396,3.55,2.7857,0.001244,32.3,23.765664,86.419103
2026-07-06 06:00:00,N07,,,,,,,23.765664,86.419103
2026-07-06 07:00:00,N07,,,,,,,23.765664,86.419103
2026-07-06 08:00:00,N07,,,,,,,23.765664,86.419103
2026-07-06 09:00:00,N07,,,,,,,23.765664,86.419103
2026-07-06 10:00:00,N07,0.2203,0.844921,26.39,2.7776,0.006414,40.7,23.765664,86.419103
2026-07-06 11:00:00,N07,0.1923,0.826773,45.23,2.7793,0.009303,41.5,23.765664,86.419103
2026-07-06 12:00:00,N07,-0.1176,0.006171,7.64,2.7962,0.008624,41.7,23.765664,86.419103
2026-07-06 13:00:00,N07,-0.0624,0.006107,7.23,2.7965,0.000488,41.5,23.765664,86.419103
2026-07-06 14:00:00,N07,0.2529,0.005036,4.6,2.7972,0.000942,40.7,23.765664,86.419103
2026-07-06 15:00:00,N07,0.2521,0.006831,3.18,2.7984,0.000877,39.5,23.765664,86.419103
2026-07-06 16:00:00,N07,0.1348,0.009915,3.32,2.7989,0.000877,38.0,23.765664,86.419103
2026-07-06 17:00:00,N07,-0.085,0.007352,9.54,2.8002,0.001061,36.2,23.765664,86.419103
2026-07-06 18:00:00,N07,-0.0154,0.005638,4.78,2.801,0.00081,34.2,23.765664,86.419103
2026-07-06 19:00:00,N07,,,,,,,23.765664,86.419103
2026-07-06 20:00:00,N07,-0.1165,0.006129,3.87,2.8027,0.001223,30.5,23.765664,86.419103
2026-07-06 21:00:00,N07,,,,,,,23.765664,86.419103
2026-07-06 22:00:00,N07,,,,,,,23.765664,86.419103
2026-07-06 23:00:00,N07,0.0484,0.005638,8.35,2.8052,0.000872,27.0,23.765664,86.419103
2026-07-07 00:00:00,N07,-0.2942,0.005629,5.66,2.8066,0.000954,27.8,23.765664,86.419103
2026-07-07 01:00:00,N07,-0.1289,0.00506,8.92,2.8071,0.001198,28.0,23.765664,86.419103
2026-07-07 02:00:00,N07,-0.2453,0.006309,6.31,2.809,0.001589,28.8,23.765664,86.419103
2026-07-07 03:00:00,N07,0.2297,0.007008,6.39,2.8103,0.001603,30.0,23.765664,86.419103
2026-07-07 04:00:00,N07,-0.1004,0.006497,6.67,2.8122,0.001266,31.5,23.765664,86.419103
2026-07-07 05:00:00,N07,0.1674,0.007913,1.06,2.8128,0.000788,33.3,23.765664,86.419103
2026-07-07 06:00:00,N07,-0.031,0.005891,5.47,2.8137,0.00075,35.3,23.765664,86.419103
2026-07-07 07:00:00,N07,0.2988,0.00507,8.25,2.8143,0.001294,37.2,23.765664,86.419103
2026-07-07 08:00:00,N07,-0.2685,0.005615,9.29,2.8163,0.001179,39.0,23.765664,86.419103
2026-07-07 09:00:00,N07,0.1252,0.006154,9.03,2.8166,0.000645,40.6,23.765664,86.419103
2026-07-07 10:00:00,N07,0.1447,0.005255,5.26,2.8176,0.00133,41.8,23.765664,86.419103
2026-07-07 11:00:00,N07,-0.129,0.007138,7.63,2.8193,0.001406,42.5,23.765664,86.419103
2026-07-07 12:00:00,N07,0.1698,0.007248,8.93,2.8204,0.001243,42.8,23.765664,86.419103
2026-07-07 13:00:00,N07,0.1571,0.005763,3.62,2.8218,0.008602,42.5,23.765664,86.419103
2026-07-07 14:00:00,N07,-0.0591,0.704066,31.8,2.8376,0.001075,41.8,23.765664,86.419103
2026-07-07 15:00:00,N07,-0.0995,0.006312,6.88,2.8239,0.006298,40.6,23.765664,86.419103
2026-07-07 16:00:00,N07,-0.1437,0.006771,2.15,2.825,0.009902,39.0,23.765664,86.419103
2026-07-07 17:00:00,N07,,,,,,,23.765664,86.419103
2026-07-07 18:00:00,N07,,,,,,,23.765664,86.419103
2026-07-07 19:00:00,N07,,,,,,,23.765664,86.419103
2026-07-07 20:00:00,N07,,,,,,,23.765664,86.419103
2026-07-07 21:00:00,N07,-0.1835,0.006463,2.53,2.8321,0.000945,30.0,23.765664,86.419103
2026-07-07 22:00:00,N07,0.1878,0.005885,1.31,2.8335,0.001007,28.8,23.765664,86.419103
2026-07-07 23:00:00,N07,0.0139,0.00575,4.57,2.8341,0.000999,28.0,23.765664,86.419103
2026-07-08 00:00:00,N07,-0.2944,0.009787,9.18,2.8355,0.001338,28.1,23.765664,86.419103
2026-07-08 01:00:00,N07,0.075,0.005023,2.85,2.8368,0.000921,28.4,23.765664,86.419103
2026-07-08 02:00:00,N07,-0.2149,0.006578,7.93,2.8373,0.001047,29.1,23.765664,86.419103
2026-07-08 03:00:00,N07,-0.2288,0.005537,9.36,2.8388,0.001404,30.3,23.765664,86.419103
2026-07-08 04:00:00,N07,0.3286,0.007458,4.27,2.8401,0.001242,31.9,23.765664,86.419103
2026-07-08 05:00:00,N07,-0.0569,0.005722,9.07,2.8413,0.005774,33.7,23.765664,86.419103
2026-07-08 06:00:00,N07,0.0048,0.774369,41.29,2.8517,0.000973,35.6,23.765664,86.419103
2026-07-08 07:00:00,N07,-0.0944,0.00777,3.95,2.8433,0.003577,37.6,23.765664,86.419103
2026-07-08 08:00:00,N07,-0.0901,0.009237,9.65,2.8445,0.001707,39.4,23.765664,86.419103
2026-07-08 09:00:00,N07,0.3214,0.006921,8.0,2.8467,0.001458,40.9,23.765664,86.419103
2026-07-08 10:00:00,N07,0.215,0.006688,5.64,2.8475,0.001216,42.1,23.765664,86.419103
2026-07-08 11:00:00,N07,0.0416,0.005439,7.61,2.8491,0.001651,42.9,23.765664,86.419103
2026-07-08 12:00:00,N07,-0.3187,0.00641,6.76,2.8508,0.001406,43.1,23.765664,86.419103
2026-07-08 13:00:00,N07,0.017,0.007567,9.79,2.8519,0.001465,42.9,23.765664,86.419103
2026-07-08 14:00:00,N07,-0.1212,0.006267,6.76,2.8537,0.001483,42.1,23.765664,86.419103
2026-07-08 15:00:00,N07,-0.163,0.006068,4.45,2.8549,0.001091,40.9,23.765664,86.419103
2026-07-08 16:00:00,N07,-0.1276,0.005681,2.79,2.8559,0.000772,39.4,23.765664,86.419103
2026-07-08 17:00:00,N07,0.0674,0.005855,8.6,2.8564,0.000935,37.6,23.765664,86.419103
2026-07-08 18:00:00,N07,0.1528,0.005664,8.81,2.8577,0.001282,35.6,23.765664,86.419103
2026-07-08 19:00:00,N07,-0.1896,0.009864,5.23,2.859,0.00061,33.7,23.765664,86.419103
2026-07-08 20:00:00,N07,-0.0306,0.007879,1.84,2.859,0.000351,31.9,23.765664,86.419103
2026-07-08 21:00:00,N07,0.1033,0.007079,3.22,2.8597,0.001603,30.3,23.765664,86.419103
2026-07-08 22:00:00,N07,0.1596,0.008002,2.73,2.8622,0.001787,29.1,23.765664,86.419103
2026-07-08 23:00:00,N07,-0.1968,0.007291,8.96,2.8633,0.000633,28.4,23.765664,86.419103
2026-07-09 00:00:00,N07,0.157,0.008211,7.06,2.8634,0.000531,24.7,23.765664,86.419103
2026-07-09 01:00:00,N07,-0.1374,0.007042,5.09,2.8643,0.000902,24.9,23.765664,86.419103
2026-07-09 02:00:00,N07,-0.1423,0.006343,4.06,2.8652,0.000834,25.7,23.765664,86.419103
2026-07-09 03:00:00,N07,0.0315,0.005464,9.56,2.866,0.001183,26.9,23.765664,86.419103
2026-07-09 04:00:00,N07,0.0161,0.006998,4.97,2.8676,0.001253,28.4,23.765664,86.419103
2026-07-09 05:00:00,N07,-0.4017,0.005018,2.12,2.8685,0.007097,30.2,23.765664,86.419103
2026-07-09 06:00:00,N07,0.092,0.681782,42.59,2.8534,0.001573,32.2,23.765664,86.419103
2026-07-09 07:00:00,N07,,,,,,,23.765664,86.419103
2026-07-09 08:00:00,N07,,,,,,,23.765664,86.419103
2026-07-09 09:00:00,N07,,,,,,,23.765664,86.419103
2026-07-09 10:00:00,N07,0.1727,0.007261,6.32,2.8754,0.001159,38.7,23.765664,86.419103
2026-07-09 11:00:00,N07,-0.1093,0.00816,2.28,2.8762,0.009573,39.4,23.765664,86.419103
2026-07-09 12:00:00,N07,,,,,,,23.765664,86.419103
2026-07-09 13:00:00,N07,,,,,,,23.765664,86.419103
2026-07-09 14:00:00,N07,0.1406,0.007702,8.5,2.8809,0.001155,38.7,23.765664,86.419103
2026-07-09 15:00:00,N07,-0.1291,0.00883,6.11,2.8816,0.000722,37.5,23.765664,86.419103
2026-07-09 16:00:00,N07,0.0159,0.005946,2.41,2.8823,0.001009,35.9,23.765664,86.419103
2026-07-09 17:00:00,N07,0.1277,0.007693,2.62,2.8836,0.001502,34.1,23.765664,86.419103
2026-07-09 18:00:00,N07,0.1043,0.006996,8.48,2.8853,0.000753,32.2,23.765664,86.419103
2026-07-09 19:00:00,N07,-0.0478,0.005978,2.01,2.8851,0.000324,30.2,23.765664,86.419103
2026-07-09 20:00:00,N07,0.1227,0.006851,6.3,2.8859,0.001177,28.4,23.765664,86.419103
2026-07-09 21:00:00,N07,0.0767,0.005354,4.56,2.8874,0.001646,26.9,23.765664,86.419103
2026-07-09 22:00:00,N07,0.0882,0.00628,5.88,2.8892,0.001737,25.7,23.765664,86.419103
2026-07-09 23:00:00,N07,-0.2785,0.008961,6.26,2.8909,0.001807,24.9,23.765664,86.419103
2026-07-10 00:00:00,N07,-0.1537,0.00664,3.03,2.8929,0.001971,23.3,23.765664,86.419103
2026-07-10 01:00:00,N07,-0.4449,0.006849,7.44,2.8949,0.001726,23.5,23.765664,86.419103
2026-07-10 02:00:00,N07,0.0697,0.006507,9.06,2.8963,0.001419,24.3,23.765664,86.419103
2026-07-10 03:00:00,N07,-0.0933,0.007959,9.31,2.8977,0.001431,25.5,23.765664,86.419103
2026-07-10 04:00:00,N07,-0.1714,0.00595,3.88,2.8992,0.001418,27.0,23.765664,86.419103
2026-07-10 05:00:00,N07,-0.1075,0.005185,1.23,2.9005,0.001163,28.8,23.765664,86.419103
2026-07-10 06:00:00,N07,0.0443,0.006396,2.93,2.9015,0.001218,30.8,23.765664,86.419103
2026-07-10 07:00:00,N07,-0.0421,0.007554,3.55,2.903,0.008046,32.7,23.765664,86.419103
2026-07-10 08:00:00,N07,0.2972,0.822915,17.79,2.9176,0.001433,34.5,23.765664,86.419103
2026-07-10 09:00:00,N07,0.0733,0.008329,5.28,2.9058,0.005276,36.1,23.765664,86.419103
2026-07-10 10:00:00,N07,0.1055,0.007594,7.05,2.907,0.00095,37.3,23.765664,86.419103
2026-07-10 11:00:00,N07,0.0485,0.005325,4.04,2.9077,0.000287,38.0,23.765664,86.419103
2026-07-10 12:00:00,N07,0.0006,0.006222,4.93,2.9076,0.004791,38.3,23.765664,86.419103
2026-07-10 13:00:00,N07,-0.0689,0.721597,45.53,2.8981,0.001359,38.0,23.765664,86.419103
2026-07-10 14:00:00,N07,,,,,,,23.765664,86.419103
2026-07-10 15:00:00,N07,,,,,,,23.765664,86.419103
2026-07-10 16:00:00,N07,,,,,,,23.765664,86.419103
2026-07-10 17:00:00,N07,,,,,,,23.765664,86.419103
2026-07-10 18:00:00,N07,0.1253,0.008231,2.27,2.9155,0.001388,30.8,23.765664,86.419103
2026-07-10 19:00:00,N07,,,,,,,23.765664,86.419103
2026-07-10 20:00:00,N07,,,,,,,23.765664,86.419103
2026-07-10 21:00:00,N07,,,,,,,23.765664,86.419103
2026-07-10 22:00:00,N07,,,,,,,23.765664,86.419103
2026-07-10 23:00:00,N07,0.1299,0.005974,3.68,2.9219,0.001379,23.5,23.765664,86.419103
2026-07-11 00:00:00,N07,,,,,,,23.765664,86.419103
2026-07-11 01:00:00,N07,,,,,,,23.765664,86.419103
2026-07-11 02:00:00,N07,,,,,,,23.765664,86.419103
2026-07-11 03:00:00,N07,,,,,,,23.765664,86.419103
2026-07-11 04:00:00,N07,,,,,,,23.765664,86.419103
2026-07-11 05:00:00,N07,-0.3249,0.006401,8.18,2.9292,0.001542,28.0,23.765664,86.419103
2026-07-11 06:00:00,N07,0.1252,0.006371,3.97,2.9311,0.00843,29.9,23.765664,86.419103
2026-07-11 07:00:00,N07,-0.1786,0.781772,36.65,2.9124,0.000954,31.9,23.765664,86.419103
2026-07-11 08:00:00,N07,,,,,,,23.765664,86.419103
2026-07-11 09:00:00,N07,,,,,,,23.765664,86.419103
2026-07-11 10:00:00,N07,-0.0222,0.006994,7.23,2.9355,0.001444,36.4,23.765664,86.419103
2026-07-11 11:00:00,N07,0.1289,0.005159,9.6,2.9369,0.000684,37.2,23.765664,86.419103
2026-07-11 12:00:00,N07,-0.0291,0.005274,2.32,2.9369,0.001183,37.4,23.765664,86.419103
2026-07-11 13:00:00,N07,,,,,,,23.765664,86.419103
2026-07-11 14:00:00,N07,,,,,,,23.765664,86.419103
2026-07-11 15:00:00,N07,,,,,,,23.765664,86.419103
2026-07-11 16:00:00,N07,,,,,,,23.765664,86.419103
2026-07-11 17:00:00,N07,0.1059,0.737758,49.19,2.9287,0.007717,31.9,23.765664,86.419103
2026-07-11 18:00:00,N07,0.1515,0.006551,7.49,2.9437,0.007979,29.9,23.765664,86.419103
2026-07-11 19:00:00,N07,-0.0814,0.005384,9.24,2.9446,0.001066,28.0,23.765664,86.419103
2026-07-11 20:00:00,N07,-0.1112,0.007758,9.54,2.9458,0.001136,26.2,23.765664,86.419103
2026-07-11 21:00:00,N07,-0.1237,0.006984,7.25,2.9469,0.000706,24.6,23.765664,86.419103
2026-07-11 22:00:00,N07,,,,,,,23.765664,86.419103
2026-07-11 23:00:00,N07,,,,,,,23.765664,86.419103
2026-07-12 00:00:00,N07,,,,,,,23.765664,86.419103
2026-07-12 01:00:00,N07,,,,,,,23.765664,86.419103
2026-07-12 02:00:00,N07,,,,,,,23.765664,86.419103
2026-07-12 03:00:00,N07,,,,,,,23.765664,86.419103
2026-07-12 04:00:00,N07,,,,,,,23.765664,86.419103
2026-07-12 05:00:00,N07,,,,,,,23.765664,86.419103
2026-07-12 06:00:00,N07,0.146,0.005362,9.76,2.9549,0.001422,34.8,23.765664,86.419103
2026-07-12 07:00:00,N07,0.0054,0.007702,1.19,2.9561,0.001139,36.7,23.765664,86.419103
2026-07-12 08:00:00,N07,0.0375,0.00539,7.41,2.9571,0.001823,38.5,23.765664,86.419103
2026-07-12 09:00:00,N07,0.1674,0.893084,46.09,2.9524,0.001649,40.1,23.765664,86.419103
2026-07-12 10:00:00,N07,,,,,,,23.765664,86.419103
2026-07-12 11:00:00,N07,,,,,,,23.765664,86.419103
2026-07-12 12:00:00,N07,,,,,,,23.765664,86.419103
2026-07-12 13:00:00,N07,,,,,,,23.765664,86.419103
2026-07-12 14:00:00,N07,-0.2319,0.006661,3.17,2.9637,0.001716,41.3,23.765664,86.419103
2026-07-12 15:00:00,N07,0.1539,0.006651,2.6,2.9656,0.00192,40.1,23.765664,86.419103
2026-07-12 16:00:00,N07,0.0225,0.006418,6.17,2.9675,0.001513,38.5,23.765664,86.419103
2026-07-12 17:00:00,N07,-0.1109,0.006463,4.75,2.9686,0.001101,36.7,23.765664,86.419103
2026-07-12 18:00:00,N07,0.118,0.00549,4.96,2.9697,0.000927,34.8,23.765664,86.419103
2026-07-12 19:00:00,N07,-0.0775,0.006656,7.36,2.9705,0.000868,32.8,23.765664,86.419103
2026-07-12 20:00:00,N07,-0.034,0.005576,5.56,2.9715,0.001055,31.0,23.765664,86.419103
2026-07-12 21:00:00,N07,0.0524,0.005449,6.26,2.9726,0.00094,29.5,23.765664,86.419103
2026-07-12 22:00:00,N07,-0.1935,0.006346,4.98,2.9733,0.000778,28.3,23.765664,86.419103
2026-07-12 23:00:00,N07,-0.5456,0.005265,3.68,2.9741,0.000692,27.5,23.765664,86.419103
2026-07-13 00:00:00,N07,-0.1541,0.005248,4.42,2.9747,0.00071,25.5,23.765664,86.419103
2026-07-13 01:00:00,N07,-0.0919,0.007457,5.29,2.9756,0.001297,25.7,23.765664,86.419103
2026-07-13 02:00:00,N07,-0.2444,0.009931,9.64,2.9773,0.001561,26.5,23.765664,86.419103
2026-07-13 03:00:00,N07,-0.0366,0.006875,8.92,2.9787,0.001756,27.7,23.765664,86.419103
2026-07-13 04:00:00,N07,-0.001,0.00591,4.15,2.9808,0.001801,29.2,23.765664,86.419103
2026-07-13 05:00:00,N07,0.138,0.005566,7.97,2.9823,0.001174,31.0,23.765664,86.419103
2026-07-13 06:00:00,N07,-0.0829,0.005054,7.43,2.9832,0.000875,33.0,23.765664,86.419103
2026-07-13 07:00:00,N07,0.0555,0.006112,3.63,2.984,0.000675,34.9,23.765664,86.419103
2026-07-13 08:00:00,N07,-0.0494,0.008524,1.74,2.9845,0.010072,36.7,23.765664,86.419103
2026-07-13 09:00:00,N07,-0.0084,0.555183,33.95,3.0042,0.010194,38.3,23.765664,86.419103
2026-07-13 10:00:00,N07,-0.1085,0.748002,31.69,3.0049,0.007963,39.5,23.765664,86.419103
2026-07-13 11:00:00,N07,-0.1168,0.005577,7.69,2.9883,0.007804,40.2,23.765664,86.419103
2026-07-13 12:00:00,N07,-0.1024,0.005261,8.98,2.9893,0.005407,40.5,23.765664,86.419103
2026-07-13 13:00:00,N07,-0.1651,0.979224,48.47,2.9991,0.000469,40.2,23.765664,86.419103
2026-07-13 14:00:00,N07,0.0757,0.005259,1.13,2.9902,0.003868,39.5,23.765664,86.419103
2026-07-13 15:00:00,N07,-0.0361,0.005412,9.46,2.9913,0.000944,38.3,23.765664,86.419103
2026-07-13 16:00:00,N07,-0.0976,0.00621,6.42,2.9921,0.000726,36.7,23.765664,86.419103
2026-07-13 17:00:00,N07,0.0298,0.006276,5.48,2.9928,0.000675,34.9,23.765664,86.419103
2026-07-13 18:00:00,N07,0.1142,0.006606,2.28,2.9935,0.000713,33.0,23.765664,86.419103
2026-07-13 19:00:00,N07,-0.0454,0.006338,2.95,2.9942,0.001244,31.0,23.765664,86.419103
2026-07-13 20:00:00,N07,0.1762,0.006095,5.2,2.996,0.001577,29.2,23.765664,86.419103
2026-07-13 21:00:00,N07,0.2512,0.00672,5.51,2.9974,0.000838,27.7,23.765664,86.419103
2026-07-13 22:00:00,N07,-0.2548,0.007435,4.72,2.9977,0.000975,26.5,23.765664,86.419103
2026-07-13 23:00:00,N07,-0.0407,0.006846,6.73,2.9993,0.001335,25.7,23.765664,86.419103
2026-07-14 00:00:00,N07,0.1649,0.006797,9.39,3.0003,0.000869,21.7,23.765664,86.419103
2026-07-14 01:00:00,N07,0.1131,0.00723,9.23,3.0011,0.001009,21.9,23.765664,86.419103
2026-07-14 02:00:00,N07,-0.0445,0.008283,3.4,3.0023,0.001357,22.7,23.765664,86.419103
2026-07-14 03:00:00,N07,-0.1564,0.008473,7.2,3.0038,0.000944,23.9,23.765664,86.419103
2026-07-14 04:00:00,N07,-0.1822,0.005803,5.8,3.0042,0.000981,25.4,23.765664,86.419103
2026-07-14 05:00:00,N07,-0.0744,0.005314,9.55,3.0057,0.001197,27.2,23.765664,86.419103
2026-07-14 06:00:00,N07,0.1169,0.005216,5.42,3.0066,0.001134,29.2,23.765664,86.419103
2026-07-14 07:00:00,N07,0.0661,0.008204,4.12,3.008,0.000867,31.1,23.765664,86.419103
2026-07-14 08:00:00,N07,,,,,,,23.765664,86.419103
2026-07-14 09:00:00,N07,,,,,,,23.765664,86.419103
2026-07-14 10:00:00,N07,,,,,,,23.765664,86.419103
2026-07-14 11:00:00,N07,,,,,,,23.765664,86.419103
2026-07-14 12:00:00,N07,,,,,,,23.765664,86.419103
2026-07-14 13:00:00,N07,,,,,,,23.765664,86.419103
2026-07-14 14:00:00,N07,0.2242,0.00593,2.28,3.0149,0.005262,35.7,23.765664,86.419103
2026-07-14 15:00:00,N07,,,,,,,23.765664,86.419103
2026-07-14 16:00:00,N07,,,,,,,23.765664,86.419103
2026-07-14 17:00:00,N07,,,,,,,23.765664,86.419103
2026-07-14 18:00:00,N07,,,,,,,23.765664,86.419103
2026-07-14 19:00:00,N07,0.0373,0.006641,4.52,3.0205,0.005272,27.2,23.765664,86.419103
2026-07-14 20:00:00,N07,-0.0318,0.005264,4.38,3.0215,0.000953,25.4,23.765664,86.419103
2026-07-14 21:00:00,N07,0.0888,0.005364,5.44,3.0225,0.001446,23.9,23.765664,86.419103
2026-07-14 22:00:00,N07,0.0029,0.006727,1.61,3.0244,0.001947,22.7,23.765664,86.419103
2026-07-14 23:00:00,N07,-0.047,0.006615,8.07,3.0263,0.001437,21.9,23.765664,86.419103
2026-07-15 00:00:00,N07,-0.013,0.006601,4.92,3.0273,0.000975,27.0,23.765664,86.419103
2026-07-15 01:00:00,N07,-0.0486,0.006092,9.42,3.0283,0.000911,27.3,23.765664,86.419103
2026-07-15 02:00:00,N07,0.0132,0.007905,4.9,3.0291,0.001193,28.0,23.765664,86.419103
2026-07-15 03:00:00,N07,-0.0882,0.007544,9.66,3.0307,0.001127,29.2,23.765664,86.419103
2026-07-15 04:00:00,N07,-0.1092,0.010008,7.05,3.0314,0.00075,30.8,23.765664,86.419103
2026-07-15 05:00:00,N07,,,,,,,23.765664,86.419103
2026-07-15 06:00:00,N07,,,,,,,23.765664,86.419103
2026-07-15 07:00:00,N07,,,,,,,23.765664,86.419103
2026-07-15 08:00:00,N07,0.0368,0.005259,6.66,3.0359,0.011009,38.3,23.765664,86.419103
2026-07-15 09:00:00,N07,,,,,,,23.765664,86.419103
2026-07-15 10:00:00,N07,,,,,,,23.765664,86.419103
2026-07-15 11:00:00,N07,,,,,,,23.765664,86.419103
2026-07-15 12:00:00,N07,,,,,,,23.765664,86.419103
2026-07-15 13:00:00,N07,0.1634,0.005398,9.55,3.0401,0.000487,41.8,23.765664,86.419103
2026-07-15 14:00:00,N07,0.3244,0.005298,5.54,3.0405,0.000159,41.0,23.765664,86.419103
2026-07-15 15:00:00,N07,-0.3259,0.005467,9.94,3.0404,0.000389,39.8,23.765664,86.419103
2026-07-15 16:00:00,N07,-0.0454,0.005184,1.26,3.0413,0.000536,38.3,23.765664,86.419103
2026-07-15 17:00:00,N07,,,,,,,23.765664,86.419103
2026-07-15 18:00:00,N07,,,,,,,23.765664,86.419103
2026-07-15 19:00:00,N07,,,,,,,23.765664,86.419103
2026-07-15 20:00:00,N07,,,,,,,23.765664,86.419103
2026-07-15 21:00:00,N07,,,,,,,23.765664,86.419103
2026-07-15 22:00:00,N07,-0.018,0.006637,6.3,3.047,0.001477,28.0,23.765664,86.419103
2026-07-15 23:00:00,N07,0.0608,0.007039,8.1,3.0483,0.001381,27.3,23.765664,86.419103
2026-07-16 00:00:00,N07,0.1588,0.005107,4.95,3.0497,0.00173,23.1,23.765664,86.419103
2026-07-16 01:00:00,N07,,,,,,,23.765664,86.419103
2026-07-16 02:00:00,N07,,,,,,,23.765664,86.419103
2026-07-16 03:00:00,N07,,,,,,,23.765664,86.419103
2026-07-16 04:00:00,N07,,,,,,,23.765664,86.419103
2026-07-16 05:00:00,N07,0.082,0.007573,3.89,3.0577,0.001177,28.6,23.765664,86.419103
2026-07-16 06:00:00,N07,-0.014,0.006887,2.66,3.0585,0.000991,30.6,23.765664,86.419103
2026-07-16 07:00:00,N07,-0.0156,0.007418,8.04,3.0597,0.001366,32.5,23.765664,86.419103
2026-07-16 08:00:00,N07,0.258,0.00756,6.31,3.0612,0.003655,34.3,23.765664,86.419103
2026-07-16 09:00:00,N07,-0.0239,0.927822,32.78,3.0524,0.004007,35.9,23.765664,86.419103
2026-07-16 10:00:00,N07,0.1577,0.844827,44.26,3.0532,0.006265,37.1,23.765664,86.419103
2026-07-16 11:00:00,N07,0.1,0.008855,4.21,3.0649,0.006683,37.8,23.765664,86.419103
2026-07-16 12:00:00,N07,,,,,,,23.765664,86.419103
2026-07-16 13:00:00,N07,,,,,,,23.765664,86.419103
2026-07-16 14:00:00,N07,,,,,,,23.765664,86.419103
2026-07-16 15:00:00,N07,,,,,,,23.765664,86.419103
2026-07-16 16:00:00,N07,0.0025,0.00561,7.64,3.0694,0.005159,34.3,23.765664,86.419103
2026-07-16 17:00:00,N07,-0.063,0.613676,48.77,3.0584,0.001331,32.5,23.765664,86.419103
2026-07-16 18:00:00,N07,0.3898,0.006338,7.22,3.0721,0.007249,30.6,23.765664,86.419103
2026-07-16 19:00:00,N07,0.0832,0.005355,1.23,3.0729,0.000819,28.6,23.765664,86.419103
2026-07-16 20:00:00,N07,-0.2195,0.006807,2.72,3.0737,0.000569,26.8,23.765664,86.419103
2026-07-16 21:00:00,N07,,,,,,,23.765664,86.419103
2026-07-16 22:00:00,N07,,,,,,,23.765664,86.419103
2026-07-16 23:00:00,N07,-0.2268,0.006076,4.57,3.0773,0.00129,23.3,23.765664,86.419103
2026-07-17 00:00:00,N07,-0.1247,0.007274,4.43,3.0783,0.000963,25.9,23.765664,86.419103
2026-07-17 01:00:00,N07,-0.1535,0.005698,6.85,3.0792,0.00076,26.2,23.765664,86.419103
2026-07-17 02:00:00,N07,0.1108,0.006181,7.4,3.0798,0.000614,26.9,23.765664,86.419103
2026-07-17 03:00:00,N07,-0.2117,0.006553,2.74,3.0804,0.000991,28.1,23.765664,86.419103
2026-07-17 04:00:00,N07,,,,,,,23.765664,86.419103
2026-07-17 05:00:00,N07,,,,,,,23.765664,86.419103
2026-07-17 06:00:00,N07,,,,,,,23.765664,86.419103
2026-07-17 07:00:00,N07,,,,,,,23.765664,86.419103
2026-07-17 08:00:00,N07,0.0257,0.006635,5.82,3.0874,0.001357,37.2,23.765664,86.419103
2026-07-17 09:00:00,N07,0.298,0.009249,2.02,3.0883,0.003777,38.7,23.765664,86.419103
2026-07-17 10:00:00,N07,0.1324,0.553637,17.8,3.095,0.000665,39.9,23.765664,86.419103
2026-07-17 11:00:00,N07,0.1706,0.005952,4.59,3.0897,0.00086,40.7,23.765664,86.419103
2026-07-17 12:00:00,N07,-0.0603,0.72705,37.25,3.0967,0.001111,40.9,23.765664,86.419103
2026-07-17 13:00:00,N07,-0.1371,0.007007,7.66,3.0919,0.001913,40.7,23.765664,86.419103
2026-07-17 14:00:00,N07,-0.1024,0.00632,3.54,3.0929,0.001437,39.9,23.765664,86.419103
2026-07-17 15:00:00,N07,0.0541,0.007395,6.87,3.0948,0.009279,38.7,23.765664,86.419103
2026-07-17 16:00:00,N07,0.0619,0.558985,18.89,3.1114,0.008927,37.2,23.765664,86.419103
2026-07-17 17:00:00,N07,-0.2087,0.773337,30.39,3.1126,0.006794,35.4,23.765664,86.419103
2026-07-17 18:00:00,N07,-0.0606,0.006048,5.07,3.0979,0.006812,33.4,23.765664,86.419103
2026-07-17 19:00:00,N07,0.0123,0.007833,3.35,3.099,0.000895,31.5,23.765664,86.419103
2026-07-17 20:00:00,N07,0.0369,0.006786,1.71,3.0996,0.000679,29.7,23.765664,86.419103
2026-07-17 21:00:00,N07,-0.0228,0.005753,4.39,3.1004,0.001399,28.1,23.765664,86.419103
2026-07-17 22:00:00,N07,-0.0269,0.006985,1.78,3.1024,0.001347,26.9,23.765664,86.419103
2026-07-17 23:00:00,N07,-0.101,0.00738,7.15,3.103,0.000884,26.2,23.765664,86.419103
2026-07-18 00:00:00,N07,0.2639,0.007724,5.57,3.1042,0.001036,23.7,23.765664,86.419103
2026-07-18 01:00:00,N07,0.0098,0.005145,8.81,3.1051,0.000875,24.0,23.765664,86.419103
2026-07-18 02:00:00,N07,,,,,,,23.765664,86.419103
2026-07-18 03:00:00,N07,,,,,,,23.765664,86.419103
2026-07-18 04:00:00,N07,,,,,,,23.765664,86.419103
2026-07-18 05:00:00,N07,,,,,,,23.765664,86.419103
2026-07-18 06:00:00,N07,0.0012,0.005352,7.33,3.1089,0.001096,31.2,23.765664,86.419103
2026-07-18 07:00:00,N07,,,,,,,23.765664,86.419103
2026-07-18 08:00:00,N07,,,,,,,23.765664,86.419103
2026-07-18 09:00:00,N07,,,,,,,23.765664,86.419103
2026-07-18 10:00:00,N07,0.0233,0.500161,47.89,3.0977,0.00685,37.7,23.765664,86.419103
2026-07-18 11:00:00,N07,-0.1073,0.733772,24.95,3.0982,0.000724,38.4,23.765664,86.419103
2026-07-18 12:00:00,N07,,,,,,,23.765664,86.419103
2026-07-18 13:00:00,N07,,,,,,,23.765664,86.419103
2026-07-18 14:00:00,N07,,,,,,,23.765664,86.419103
2026-07-18 15:00:00,N07,,,,,,,23.765664,86.419103
2026-07-18 16:00:00,N07,,,,,,,23.765664,86.419103
2026-07-18 17:00:00,N07,,,,,,,23.765664,86.419103
2026-07-18 18:00:00,N07,,,,,,,23.765664,86.419103
2026-07-18 19:00:00,N07,,,,,,,23.765664,86.419103
2026-07-18 20:00:00,N07,-0.0174,0.008413,6.95,3.1244,0.001245,27.5,23.765664,86.419103
2026-07-18 21:00:00,N07,0.0023,0.007798,8.54,3.1257,0.000648,25.9,23.765664,86.419103
2026-07-18 22:00:00,N07,0.0974,0.005558,4.63,3.1257,0.000397,24.7,23.765664,86.419103
2026-07-18 23:00:00,N07,,,,,,,23.765664,86.419103
2026-07-19 00:00:00,N07,,,,,,,23.765664,86.419103
2026-07-19 01:00:00,N07,,,,,,,23.765664,86.419103
2026-07-19 02:00:00,N07,,,,,,,23.765664,86.419103
2026-07-19 03:00:00,N07,,,,,,,23.765664,86.419103
2026-07-19 04:00:00,N07,,,,,,,23.765664,86.419103
2026-07-19 05:00:00,N07,,,,,,,23.765664,86.419103
2026-07-19 06:00:00,N07,,,,,,,23.765664,86.419103
2026-07-19 07:00:00,N07,,,,,,,23.765664,86.419103
2026-07-19 08:00:00,N07,-0.0568,0.005955,4.61,3.1369,0.001058,32.4,23.765664,86.419103
2026-07-19 09:00:00,N07,0.0019,0.005174,2.54,3.1378,0.000633,33.9,23.765664,86.419103
2026-07-19 10:00:00,N07,-0.2719,0.006204,7.47,3.1382,0.000709,35.1,23.765664,86.419103
2026-07-19 11:00:00,N07,-0.1365,0.006445,5.57,3.1392,0.001195,35.9,23.765664,86.419103
2026-07-19 12:00:00,N07,0.133,0.007017,3.31,3.1406,0.000715,36.1,23.765664,86.419103
2026-07-19 13:00:00,N07,-0.0478,0.008099,7.8,3.1407,0.000401,35.9,23.765664,86.419103
2026-07-19 14:00:00,N07,-0.0811,0.005011,8.81,3.1414,0.000686,35.1,23.765664,86.419103
2026-07-19 15:00:00,N07,-0.049,0.008125,8.81,3.142,0.000791,33.9,23.765664,86.419103
2026-07-19 16:00:00,N07,-0.2044,0.006278,7.28,3.143,0.000831,32.4,23.765664,86.419103
2026-07-19 17:00:00,N07,-0.0853,0.00519,4.71,3.1437,0.001023,30.6,23.765664,86.419103
2026-07-19 18:00:00,N07,-0.1184,0.006309,6.74,3.145,0.001653,28.6,23.765664,86.419103
2026-07-19 19:00:00,N07,,,,,,,23.765664,86.419103
2026-07-19 20:00:00,N07,,,,,,,23.765664,86.419103
2026-07-19 21:00:00,N07,,,,,,,23.765664,86.419103
2026-07-19 22:00:00,N07,-0.1386,0.00709,5.03,3.1491,0.001307,22.1,23.765664,86.419103
2026-07-19 23:00:00,N07,-0.2024,0.006232,7.11,3.1508,0.001343,21.4,23.765664,86.419103
2026-07-20 00:00:00,N07,-0.1142,0.007324,9.41,3.1518,0.001063,23.6,23.765664,86.419103
2026-07-20 01:00:00,N07,0.2083,0.005664,9.26,3.153,0.001464,23.9,23.765664,86.419103
2026-07-20 02:00:00,N07,-0.2763,0.005909,7.71,3.1547,0.0011,24.6,23.765664,86.419103
2026-07-20 03:00:00,N07,0.1113,0.006129,7.74,3.1552,0.000641,25.8,23.765664,86.419103
2026-07-20 04:00:00,N07,0.1631,0.005165,9.14,3.156,0.001046,27.4,23.765664,86.419103
2026-07-20 05:00:00,N07,-0.0266,0.007523,2.03,3.1573,0.008067,29.2,23.765664,86.419103
2026-07-20 06:00:00,N07,0.1249,0.943216,29.21,3.1721,0.010161,31.1,23.765664,86.419103
2026-07-20 07:00:00,N07,-0.1151,0.871118,26.88,3.1776,0.002861,33.0,23.765664,86.419103
2026-07-20 08:00:00,N07,-0.2572,0.535927,36.58,3.1778,0.014081,34.9,23.765664,86.419103
2026-07-20 09:00:00,N07,-0.1511,0.585042,16.21,3.1494,0.013596,36.4,23.765664,86.419103
2026-07-20 10:00:00,N07,-0.0571,0.677578,39.12,3.1506,0.005933,37.6,23.765664,86.419103
2026-07-20 11:00:00,N07,0.2961,0.00541,8.11,3.1613,0.005824,38.3,23.765664,86.419103
2026-07-20 12:00:00,N07,0.0802,0.005963,9.65,3.1623,0.000629,38.6,23.765664,86.419103
2026-07-20 13:00:00,N07,0.2484,0.00662,5.32,3.1625,0.000811,38.3,23.765664,86.419103
2026-07-20 14:00:00,N07,-0.1281,0.006499,5.17,3.1639,0.000921,37.6,23.765664,86.419103
2026-07-20 15:00:00,N07,-0.0566,0.007272,9.3,3.1644,0.00085,36.4,23.765664,86.419103
2026-07-20 16:00:00,N07,-0.08,0.007005,1.66,3.1656,0.001101,34.9,23.765664,86.419103
2026-07-20 17:00:00,N07,0.1002,0.007825,8.24,3.1666,0.001154,33.0,23.765664,86.419103
2026-07-20 18:00:00,N07,-0.3673,0.005819,7.7,3.1679,0.001317,31.1,23.765664,86.419103
2026-07-20 19:00:00,N07,-0.0522,0.007726,6.86,3.1692,0.000501,29.2,23.765664,86.419103
2026-07-20 20:00:00,N07,0.0454,0.008032,6.63,3.1689,0.000235,27.4,23.765664,86.419103
2026-07-20 21:00:00,N07,0.0945,0.008578,2.03,3.1697,0.000963,25.8,23.765664,86.419103
2026-07-20 22:00:00,N07,0.1546,0.009903,1.48,3.1708,0.000878,24.6,23.765664,86.419103
2026-07-20 23:00:00,N07,-0.0347,0.005301,8.14,3.1714,0.001135,23.9,23.765664,86.419103
2026-07-21 00:00:00,N07,0.164,0.007887,1.33,3.1731,0.001025,27.9,23.765664,86.419103
2026-07-21 01:00:00,N07,-0.0845,0.005451,1.98,3.1735,0.000636,28.2,23.765664,86.419103
2026-07-21 02:00:00,N07,0.0343,0.008099,4.58,3.1744,0.000887,28.9,23.765664,86.419103
2026-07-21 03:00:00,N07,-0.0889,0.006327,4.95,3.1753,0.000512,30.1,23.765664,86.419103
2026-07-21 04:00:00,N07,0.0827,0.006304,1.55,3.1754,0.000735,31.7,23.765664,86.419103
2026-07-21 05:00:00,N07,0.205,0.005945,2.09,3.1767,0.001541,33.5,23.765664,86.419103
2026-07-21 06:00:00,N07,0.3513,0.006372,1.95,3.1785,0.001355,35.4,23.765664,86.419103
2026-07-21 07:00:00,N07,0.2064,0.006292,2.72,3.1795,0.001022,37.4,23.765664,86.419103
2026-07-21 08:00:00,N07,0.276,0.006613,6.72,3.1805,0.003459,39.2,23.765664,86.419103
2026-07-21 09:00:00,N07,0.1007,0.529798,42.76,3.1864,0.000373,40.7,23.765664,86.419103
2026-07-21 10:00:00,N07,-0.1425,0.006885,3.51,3.1813,0.001565,41.9,23.765664,86.419103
2026-07-21 11:00:00,N07,-0.1056,0.008909,9.56,3.1832,0.00186,42.7,23.765664,86.419103
2026-07-21 12:00:00,N07,-0.316,0.008045,4.03,3.185,0.001357,42.9,23.765664,86.419103
2026-07-21 13:00:00,N07,0.1222,0.006249,4.01,3.186,0.001031,42.7,23.765664,86.419103
2026-07-21 14:00:00,N07,-0.2962,0.005765,3.49,3.1871,0.001304,41.9,23.765664,86.419103
2026-07-21 15:00:00,N07,,,,,,,23.765664,86.419103
2026-07-21 16:00:00,N07,,,,,,,23.765664,86.419103
2026-07-21 17:00:00,N07,,,,,,,23.765664,86.419103
2026-07-21 18:00:00,N07,-0.3158,0.005535,9.21,3.1931,0.001017,35.4,23.765664,86.419103
2026-07-21 19:00:00,N07,0.177,0.006814,1.42,3.1941,0.00126,33.5,23.765664,86.419103
2026-07-21 20:00:00,N07,0.049,0.006058,2.57,3.1956,0.001568,31.7,23.765664,86.419103
2026-07-21 21:00:00,N07,-0.055,0.007377,9.94,3.1973,0.001809,30.1,23.765664,86.419103
2026-07-21 22:00:00,N07,0.1744,0.005958,9.03,3.1992,0.001556,28.9,23.765664,86.419103
2026-07-21 23:00:00,N07,-0.1466,0.007904,3.78,3.2004,0.00089,28.2,23.765664,86.419103
2026-07-22 00:00:00,N07,0.2436,0.007683,4.45,3.201,0.001284,25.6,23.765664,86.419103
2026-07-22 01:00:00,N07,0.1094,0.00671,9.44,3.2029,0.001158,25.9,23.765664,86.419103
2026-07-22 02:00:00,N07,0.2561,0.006832,8.64,3.2033,0.000607,26.7,23.765664,86.419103
2026-07-22 03:00:00,N07,-0.1423,0.00628,5.71,3.2042,0.001478,27.8,23.765664,86.419103
2026-07-22 04:00:00,N07,0.045,0.007411,2.84,3.2063,0.001449,29.4,23.765664,86.419103
2026-07-22 05:00:00,N07,-0.0893,0.005454,4.01,3.207,0.00057,31.2,23.765664,86.419103
2026-07-22 06:00:00,N07,-0.0364,0.007774,1.35,3.2074,0.000244,33.1,23.765664,86.419103
2026-07-22 07:00:00,N07,0.0991,0.00574,2.55,3.2075,0.000672,35.1,23.765664,86.419103
2026-07-22 08:00:00,N07,0.0051,0.007199,8.7,3.2087,0.000983,36.9,23.765664,86.419103
2026-07-22 09:00:00,N07,-0.1611,0.006374,3.32,3.2095,0.000807,38.5,23.765664,86.419103
2026-07-22 10:00:00,N07,0.1283,0.005391,1.09,3.2104,0.000819,39.6,23.765664,86.419103
2026-07-22 11:00:00,N07,0.0898,0.007366,5.57,3.2111,0.000936,40.4,23.765664,86.419103
2026-07-22 12:00:00,N07,0.2312,0.006284,4.5,3.2122,0.000766,40.6,23.765664,86.419103
2026-07-22 13:00:00,N07,-0.039,0.0052,5.57,3.2127,0.000561,40.4,23.765664,86.419103
2026-07-22 14:00:00,N07,0.1199,0.008159,2.92,3.2133,0.000375,39.6,23.765664,86.419103
2026-07-22 15:00:00,N07,-0.0505,0.005922,5.55,3.2134,0.005686,38.5,23.765664,86.419103
2026-07-22 16:00:00,N07,-0.0305,0.769865,39.72,3.2247,0.001141,36.9,23.765664,86.419103
2026-07-22 17:00:00,N07,-0.0619,0.006642,1.05,3.2157,0.00385,35.1,23.765664,86.419103
2026-07-22 18:00:00,N07,-0.0211,0.006228,2.92,3.217,0.001856,33.1,23.765664,86.419103
2026-07-22 19:00:00,N07,,,,,,,23.765664,86.419103
2026-07-22 20:00:00,N07,0.0064,0.006292,2.27,3.2202,0.000939,29.4,23.765664,86.419103
2026-07-22 21:00:00,N07,-0.0564,0.005726,6.47,3.2213,0.001144,27.8,23.765664,86.419103
2026-07-22 22:00:00,N07,,,,,,,23.765664,86.419103
2026-07-22 23:00:00,N07,-0.0021,0.005093,1.69,3.2228,0.000214,25.9,23.765664,86.419103
2026-07-23 00:00:00,N07,-0.1457,0.009905,8.05,3.2229,0.000445,22.8,23.765664,86.419103
2026-07-23 01:00:00,N07,-0.2962,0.00797,2.43,3.2237,0.000926,23.0,23.765664,86.419103
2026-07-23 02:00:00,N07,0.0568,0.008975,5.22,3.2247,0.000848,23.8,23.765664,86.419103
2026-07-23 03:00:00,N07,-0.14,0.006262,1.26,3.2254,0.000624,25.0,23.765664,86.419103
2026-07-23 04:00:00,N07,,,,,,,23.765664,86.419103
2026-07-23 05:00:00,N07,,,,,,,23.765664,86.419103
2026-07-23 06:00:00,N07,,,,,,,23.765664,86.419103
2026-07-23 07:00:00,N07,0.176,0.006546,2.97,3.2285,0.000607,32.2,23.765664,86.419103
2026-07-23 08:00:00,N07,0.019,0.005135,1.49,3.2296,0.001535,34.0,23.765664,86.419103
2026-07-23 09:00:00,N07,,,,,,,23.765664,86.419103
2026-07-23 10:00:00,N07,,,,,,,23.765664,86.419103
2026-07-23 11:00:00,N07,0.0903,0.009123,8.04,3.2339,0.000745,37.5,23.765664,86.419103
2026-07-23 12:00:00,N07,-0.0878,0.005559,8.57,3.2345,0.0009,37.8,23.765664,86.419103
2026-07-23 13:00:00,N07,,,,,,,23.765664,86.419103
2026-07-23 14:00:00,N07,,,,,,,23.765664,86.419103
2026-07-23 15:00:00,N07,,,,,,,23.765664,86.419103
2026-07-23 16:00:00,N07,,,,,,,23.765664,86.419103
2026-07-23 17:00:00,N07,0.0348,0.005302,3.43,3.2399,0.005311,32.2,23.765664,86.419103
2026-07-23 18:00:00,N07,-0.3152,0.005447,8.13,3.2411,0.001015,30.3,23.765664,86.419103
2026-07-23 19:00:00,N07,0.1704,0.005777,5.63,3.242,0.000503,28.3,23.765664,86.419103
2026-07-23 20:00:00,N07,-0.0736,0.00512,5.22,3.2421,0.000489,26.5,23.765664,86.419103
2026-07-23 21:00:00,N07,-0.3783,0.005431,9.33,3.2429,0.000677,25.0,23.765664,86.419103
2026-07-23 22:00:00,N07,-0.3656,0.011358,4.59,3.2435,0.000776,23.8,23.765664,86.419103
2026-07-23 23:00:00,N07,-0.1761,0.007694,4.41,3.2445,0.00116,23.0,23.765664,86.419103
2026-07-24 00:00:00,N07,0.0981,0.006657,8.31,3.2458,0.001077,24.7,23.765664,86.419103
2026-07-24 01:00:00,N07,-0.0778,0.006433,4.85,3.2467,0.000817,25.0,23.765664,86.419103
2026-07-24 02:00:00,N07,0.047,0.006214,6.64,3.2474,0.00103,25.7,23.765664,86.419103
2026-07-24 03:00:00,N07,0.0363,0.005206,1.43,3.2487,0.001396,26.9,23.765664,86.419103
2026-07-24 04:00:00,N07,0.0111,0.006013,8.1,3.2502,0.001028,28.5,23.765664,86.419103
2026-07-24 05:00:00,N07,-0.0483,0.005797,9.78,3.2508,0.004087,30.3,23.765664,86.419103
2026-07-24 06:00:00,N07,-0.0397,0.958788,45.94,3.2421,0.001003,32.2,23.765664,86.419103
2026-07-24 07:00:00,N07,0.0091,0.007399,2.5,3.2528,0.005599,34.2,23.765664,86.419103
2026-07-24 08:00:00,N07,0.0941,0.007976,2.75,3.2533,0.00036,36.0,23.765664,86.419103
2026-07-24 09:00:00,N07,-0.1121,0.009366,1.95,3.2535,0.000956,37.5,23.765664,86.419103
2026-07-24 10:00:00,N07,-0.0519,0.008709,6.93,3.2552,0.001365,38.7,23.765664,86.419103
2026-07-24 11:00:00,N07,,,,,,,23.765664,86.419103
2026-07-24 12:00:00,N07,,,,,,,23.765664,86.419103
2026-07-24 13:00:00,N07,,,,,,,23.765664,86.419103
2026-07-24 14:00:00,N07,,,,,,,23.765664,86.419103
2026-07-24 15:00:00,N07,,,,,,,23.765664,86.419103
2026-07-24 16:00:00,N07,,,,,,,23.765664,86.419103
2026-07-24 17:00:00,N07,,,,,,,23.765664,86.419103
2026-07-24 18:00:00,N07,,,,,,,23.765664,86.419103
2026-07-24 19:00:00,N07,,,,,,,23.765664,86.419103
2026-07-24 20:00:00,N07,-0.2672,0.006663,2.21,3.2616,0.000834,28.5,23.765664,86.419103
2026-07-24 21:00:00,N07,,,,,,,23.765664,86.419103
2026-07-24 22:00:00,N07,,,,,,,23.765664,86.419103
2026-07-24 23:00:00,N07,,,,,,,23.765664,86.419103
2026-07-25 00:00:00,N07,,,,,,,23.765664,86.419103
2026-07-25 01:00:00,N07,,,,,,,23.765664,86.419103
2026-07-25 02:00:00,N07,-0.0138,0.007283,9.0,3.2671,0.000843,32.8,23.765664,86.419103
2026-07-25 03:00:00,N07,0.1017,0.005962,6.82,3.2685,0.00082,34.0,23.765664,86.419103
2026-07-25 04:00:00,N07,,,,,,,23.765664,86.419103
2026-07-25 05:00:00,N07,,,,,,,23.765664,86.419103
2026-07-25 06:00:00,N07,,,,,,,23.765664,86.419103
2026-07-25 07:00:00,N07,,,,,,,23.765664,86.419103
2026-07-25 08:00:00,N07,,,,,,,23.765664,86.419103
2026-07-25 09:00:00,N07,0.0604,0.005909,6.64,3.2726,0.000915,44.6,23.765664,86.419103
2026-07-25 10:00:00,N07,-0.1284,0.007143,3.95,3.2735,0.000605,45.8,23.765664,86.419103
2026-07-25 11:00:00,N07,-0.0368,0.005739,4.89,3.2738,0.000291,46.6,23.765664,86.419103
2026-07-25 12:00:00,N07,-0.0976,0.005923,7.5,3.2741,0.000467,46.8,23.765664,86.419103
2026-07-25 13:00:00,N07,,,,,,,23.765664,86.419103
2026-07-25 14:00:00,N07,,,,,,,23.765664,86.419103
2026-07-25 15:00:00,N07,,,,,,,23.765664,86.419103
2026-07-25 16:00:00,N07,,,,,,,23.765664,86.419103
2026-07-25 17:00:00,N07,,,,,,,23.765664,86.419103
2026-07-25 18:00:00,N07,,,,,,,23.765664,86.419103
2026-07-25 19:00:00,N07,,,,,,,23.765664,86.419103
2026-07-25 20:00:00,N07,,,,,,,23.765664,86.419103
2026-07-25 21:00:00,N07,,,,,,,23.765664,86.419103
2026-07-25 22:00:00,N07,,,,,,,23.765664,86.419103
2026-07-25 23:00:00,N07,-0.1404,0.007668,3.95,3.2831,0.001209,32.1,23.765664,86.419103
2026-07-26 00:00:00,N07,-0.2302,0.005071,7.77,3.2838,0.000997,23.3,23.765664,86.419103
2026-07-26 01:00:00,N07,,,,,,,23.765664,86.419103
2026-07-26 02:00:00,N07,,,,,,,23.765664,86.419103
2026-07-26 03:00:00,N07,,,,,,,23.765664,86.419103
2026-07-26 04:00:00,N07,,,,,,,23.765664,86.419103
2026-07-26 05:00:00,N07,,,,,,,23.765664,86.419103
2026-07-26 06:00:00,N07,,,,,,,23.765664,86.419103
2026-07-26 07:00:00,N07,,,,,,,23.765664,86.419103
2026-07-26 08:00:00,N07,0.1768,0.00521,6.78,3.2915,0.001159,34.5,23.765664,86.419103
2026-07-26 09:00:00,N07,0.0286,0.007731,9.38,3.2927,0.0056,36.1,23.765664,86.419103
2026-07-26 10:00:00,N07,-0.0667,0.658438,15.5,3.2803,0.009122,37.3,23.765664,86.419103
2026-07-26 11:00:00,N07,-0.0807,0.957728,26.79,3.311,0.008413,38.0,23.765664,86.419103
2026-07-26 12:00:00,N07,-0.0398,0.007426,7.24,3.2971,0.006694,38.3,23.765664,86.419103
2026-07-26 13:00:00,N07,-0.1856,0.005609,9.92,3.2976,0.000766,38.0,23.765664,86.419103
2026-07-26 14:00:00,N07,0.0583,0.006701,2.22,3.2986,0.001317,37.3,23.765664,86.419103
2026-07-26 15:00:00,N07,-0.2061,0.005544,7.31,3.3002,0.00125,36.1,23.765664,86.419103
2026-07-26 16:00:00,N07,0.1954,0.005718,5.61,3.3011,0.000324,34.5,23.765664,86.419103
2026-07-26 17:00:00,N07,,,,,,,23.765664,86.419103
2026-07-26 18:00:00,N07,,,,,,,23.765664,86.419103
2026-07-26 19:00:00,N07,,,,,,,23.765664,86.419103
2026-07-26 20:00:00,N07,,,,,,,23.765664,86.419103
2026-07-26 21:00:00,N07,,,,,,,23.765664,86.419103
2026-07-26 22:00:00,N07,0.3292,0.009433,6.23,3.3066,0.001095,24.3,23.765664,86.419103
2026-07-26 23:00:00,N07,-0.2701,0.005988,4.3,3.3068,1e-06,23.5,23.765664,86.419103
2026-07-27 00:00:00,N07,0.0396,0.005104,3.16,3.3066,0.000267,27.8,23.765664,86.419103
2026-07-27 01:00:00,N07,-0.0899,0.005646,9.18,3.3073,0.001038,28.0,23.765664,86.419103
2026-07-27 02:00:00,N07,,,,,,,23.765664,86.419103
2026-07-27 03:00:00,N07,,,,,,,23.765664,86.419103
2026-07-27 04:00:00,N07,,,,,,,23.765664,86.419103
2026-07-27 05:00:00,N07,,,,,,,23.765664,86.419103
2026-07-27 06:00:00,N07,,,,,,,23.765664,86.419103
2026-07-27 07:00:00,N07,,,,,,,23.765664,86.419103
2026-07-27 08:00:00,N07,,,,,,,23.765664,86.419103
2026-07-27 09:00:00,N07,-0.1006,0.819582,31.61,3.3285,0.001407,40.6,23.765664,86.419103
2026-07-27 10:00:00,N07,,,,,,,23.765664,86.419103
2026-07-27 11:00:00,N07,,,,,,,23.765664,86.419103
2026-07-27 12:00:00,N07,,,,,,,23.765664,86.419103
2026-07-27 13:00:00,N07,,,,,,,23.765664,86.419103
2026-07-27 14:00:00,N07,,,,,,,23.765664,86.419103
2026-07-27 15:00:00,N07,-0.0864,0.007664,1.61,3.3186,0.00085,40.6,23.765664,86.419103
2026-07-27 16:00:00,N07,-0.1671,0.00833,4.33,3.3195,0.008631,39.0,23.765664,86.419103
2026-07-27 17:00:00,N07,0.2573,0.902842,36.14,3.3358,0.008691,37.2,23.765664,86.419103
2026-07-27 18:00:00,N07,0.0791,0.83695,37.26,3.3369,0.006896,35.3,23.765664,86.419103
2026-07-27 19:00:00,N07,0.0898,0.00762,1.47,3.322,0.006746,33.3,23.765664,86.419103
2026-07-27 20:00:00,N07,0.0095,0.007215,7.69,3.3234,0.001091,31.5,23.765664,86.419103
2026-07-27 21:00:00,N07,-0.3327,0.0065,8.44,3.3242,0.000535,30.0,23.765664,86.419103
2026-07-27 22:00:00,N07,-0.1289,0.005946,9.74,3.3245,2e-05,28.8,23.765664,86.419103
2026-07-27 23:00:00,N07,-0.0339,0.007046,7.28,3.3242,0.000466,28.0,23.765664,86.419103
2026-07-28 00:00:00,N07,,,,,,,23.765664,86.419103
2026-07-28 01:00:00,N07,,,,,,,23.765664,86.419103
2026-07-28 02:00:00,N07,,,,,,,23.765664,86.419103
2026-07-28 03:00:00,N07,,,,,,,23.765664,86.419103
2026-07-28 04:00:00,N07,-0.3202,0.005105,8.54,3.3292,0.001004,26.2,23.765664,86.419103
2026-07-28 05:00:00,N07,-0.1939,0.005689,5.85,3.3308,0.000929,28.0,23.765664,86.419103
2026-07-28 06:00:00,N07,0.2293,0.007615,2.31,3.331,0.005755,29.9,23.765664,86.419103
2026-07-28 07:00:00,N07,-0.0966,0.583624,36.6,3.3423,0.000503,31.9,23.765664,86.419103
2026-07-28 08:00:00,N07,,,,,,,23.765664,86.419103
2026-07-28 09:00:00,N07,-0.3233,0.00758,5.31,3.3336,0.001018,35.2,23.765664,86.419103
2026-07-28 10:00:00,N07,0.1184,0.007544,6.67,3.3341,0.00032,36.4,23.765664,86.419103
2026-07-28 11:00:00,N07,0.0399,0.00507,5.92,3.3343,0.000444,37.2,23.765664,86.419103
2026-07-28 12:00:00,N07,0.1868,0.005453,9.97,3.335,0.000938,37.4,23.765664,86.419103
2026-07-28 13:00:00,N07,-0.0759,0.005871,8.61,3.3361,0.008463,37.2,23.765664,86.419103
2026-07-28 14:00:00,N07,-0.4721,0.567846,20.47,3.3181,0.001276,36.4,23.765664,86.419103
2026-07-28 15:00:00,N07,-0.1293,0.005012,4.89,3.3387,0.010726,35.2,23.765664,86.419103
2026-07-28 16:00:00,N07,-0.2782,0.005458,1.69,3.3395,0.000702,33.7,23.765664,86.419103
2026-07-28 17:00:00,N07,-0.0889,0.008167,7.03,3.3401,0.000841,31.9,23.765664,86.419103
2026-07-28 18:00:00,N07,-0.008,0.005073,4.77,3.3412,0.001012,29.9,23.765664,86.419103
2026-07-28 19:00:00,N07,0.0621,0.006315,4.45,3.3421,0.001133,28.0,23.765664,86.419103
2026-07-28 20:00:00,N07,-0.0809,0.007693,4.36,3.3435,0.001078,26.2,23.765664,86.419103
2026-07-28 21:00:00,N07,,,,,,,23.765664,86.419103
2026-07-28 22:00:00,N07,,,,,,,23.765664,86.419103
2026-07-28 23:00:00,N07,,,,,,,23.765664,86.419103
2026-07-29 00:00:00,N07,,,,,,,23.765664,86.419103
2026-07-29 01:00:00,N07,,,,,,,23.765664,86.419103
2026-07-29 02:00:00,N07,-0.1274,0.008633,9.46,3.3481,0.00115,27.2,23.765664,86.419103
2026-07-29 03:00:00,N07,0.1032,0.00631,5.98,3.3491,0.001057,28.4,23.765664,86.419103
2026-07-29 04:00:00,N07,-0.0078,0.005853,3.77,3.3502,0.000797,30.0,23.765664,86.419103
2026-07-29 05:00:00,N07,-0.2861,0.007237,5.75,3.3507,0.000597,31.8,23.765664,86.419103
2026-07-29 06:00:00,N07,,,,,,,23.765664,86.419103
2026-07-29 07:00:00,N07,,,,,,,23.765664,86.419103
2026-07-29 08:00:00,N07,,,,,,,23.765664,86.419103
2026-07-29 09:00:00,N07,,,,,,,23.765664,86.419103
2026-07-29 10:00:00,N07,,,,,,,23.765664,86.419103
2026-07-29 11:00:00,N07,-0.0099,0.005737,4.07,3.3569,0.008227,41.0,23.765664,86.419103
2026-07-29 12:00:00,N07,0.01,0.005593,2.64,3.3577,0.00847,41.2,23.765664,86.419103
2026-07-29 13:00:00,N07,0.1581,0.947475,34.02,3.34,0.001263,41.0,23.765664,86.419103
2026-07-29 14:00:00,N07,0.3099,0.006648,6.83,3.3602,0.010515,40.2,23.765664,86.419103
2026-07-29 15:00:00,N07,0.0936,0.00605,1.22,3.361,0.000864,39.0,23.765664,86.419103
2026-07-29 16:00:00,N07,-0.1496,0.006171,1.98,3.3619,0.000763,37.5,23.765664,86.419103
2026-07-29 17:00:00,N07,0.119,0.007295,2.73,3.3626,0.000437,35.7,23.765664,86.419103
2026-07-29 18:00:00,N07,-0.0273,0.006516,2.4,3.3628,0.00026,33.7,23.765664,86.419103
2026-07-29 19:00:00,N07,-0.1557,0.00501,3.41,3.3631,0.00041,31.8,23.765664,86.419103
2026-07-29 20:00:00,N07,-0.1753,0.006965,3.28,3.3636,0.001018,30.0,23.765664,86.419103
2026-07-29 21:00:00,N07,0.0138,0.006832,5.3,3.3651,0.001024,28.4,23.765664,86.419103
2026-07-29 22:00:00,N07,-0.0601,0.005205,9.12,3.3657,0.000913,27.2,23.765664,86.419103
2026-07-29 23:00:00,N07,,,,,,,23.765664,86.419103
2026-07-30 00:00:00,N07,0.0013,0.006159,5.77,3.3682,0.000877,27.8,23.765664,86.419103
2026-07-30 01:00:00,N07,-0.0556,0.006544,4.75,3.3687,0.000458,28.0,23.765664,86.419103
2026-07-30 02:00:00,N07,-0.2323,0.008006,1.57,3.3691,0.000588,28.8,23.765664,86.419103
2026-07-30 03:00:00,N07,-0.2488,0.005834,2.56,3.3699,0.001203,30.0,23.765664,86.419103
2026-07-30 04:00:00,N07,-0.1851,0.006045,6.37,3.3715,0.001393,31.5,23.765664,86.419103
2026-07-30 05:00:00,N07,,,,,,,23.765664,86.419103
2026-07-30 06:00:00,N07,,,,,,,23.765664,86.419103
2026-07-30 07:00:00,N07,-0.026,0.006877,8.88,3.3752,0.00134,37.2,23.765664,86.419103
2026-07-30 08:00:00,N07,0.366,0.007119,8.16,3.3766,0.001404,39.0,23.765664,86.419103
2026-07-30 09:00:00,N07,-0.1098,0.00626,2.95,3.378,0.000717,40.6,23.765664,86.419103
2026-07-30 10:00:00,N07,-0.1261,0.0064,4.07,3.3781,0.000508,41.8,23.765664,86.419103
2026-07-30 11:00:00,N07,-0.0454,0.010301,8.51,3.3791,0.000778,42.5,23.765664,86.419103
2026-07-30 12:00:00,N07,-0.0293,0.006328,1.52,3.3796,0.004031,42.8,23.765664,86.419103
2026-07-30 13:00:00,N07,0.1871,0.65569,21.58,3.371,0.001305,42.5,23.765664,86.419103
2026-07-30 14:00:00,N07,0.2609,0.006471,5.22,3.3822,0.006086,41.8,23.765664,86.419103
2026-07-30 15:00:00,N07,,,,,,,23.765664,86.419103
2026-07-30 16:00:00,N07,,,,,,,23.765664,86.419103
2026-07-30 17:00:00,N07,,,,,,,23.765664,86.419103
2026-07-30 18:00:00,N07,,,,,,,23.765664,86.419103
2026-07-30 19:00:00,N07,0.0555,0.007027,5.18,3.3873,0.001225,33.3,23.765664,86.419103
2026-07-30 20:00:00,N07,0.0542,0.005084,2.04,3.3876,0.000705,31.5,23.765664,86.419103
2026-07-30 21:00:00,N07,-0.4868,0.006927,7.59,3.3887,0.000971,30.0,23.765664,86.419103
2026-07-30 22:00:00,N07,-0.1284,0.005714,4.44,3.3895,0.000853,28.8,23.765664,86.419103
2026-07-30 23:00:00,N07,0.1143,0.005169,3.18,3.3904,0.001152,28.0,23.765664,86.419103
2026-07-31 00:00:00,N07,,,,,,,23.765664,86.419103
2026-07-31 01:00:00,N07,,,,,,,23.765664,86.419103
2026-07-31 02:00:00,N07,-0.1574,0.006473,4.83,3.3938,0.001071,29.6,23.765664,86.419103
2026-07-31 03:00:00,N07,,,,,,,23.765664,86.419103
2026-07-31 04:00:00,N07,-0.3628,0.005116,7.38,3.3957,0.001034,32.4,23.765664,86.419103
2026-07-31 05:00:00,N07,-0.0645,0.005389,4.9,3.3972,0.005827,34.2,23.765664,86.419103
2026-07-31 06:00:00,N07,-0.1457,0.560606,36.46,3.4074,0.005296,36.1,23.765664,86.419103
2026-07-31 07:00:00,N07,,,,,,,23.765664,86.419103
2026-07-31 08:00:00,N07,,,,,,,23.765664,86.419103
2026-07-31 09:00:00,N07,,,,,,,23.765664,86.419103
2026-07-31 10:00:00,N07,-0.1529,0.005336,7.86,3.4001,0.000256,42.6,23.765664,86.419103
2026-07-31 11:00:00,N07,0.0399,0.007362,7.02,3.4005,0.000352,43.4,23.765664,86.419103
2026-07-31 12:00:00,N07,,,,,,,23.765664,86.419103
2026-07-31 13:00:00,N07,-0.1009,0.005913,8.22,3.4008,0.000192,43.4,23.765664,86.419103
2026-07-31 14:00:00,N07,-0.0684,0.005284,3.91,3.4004,0.000362,42.6,23.765664,86.419103
2026-07-31 15:00:00,N07,-0.1469,0.008648,6.1,3.4015,0.000771,41.4,23.765664,86.419103
2026-07-31 16:00:00,N07,0.0622,0.006451,8.84,3.402,0.000648,39.9,23.765664,86.419103
2026-07-31 17:00:00,N07,-0.005,0.006546,5.17,3.4028,0.000481,38.0,23.765664,86.419103
2026-07-31 18:00:00,N07,-0.0513,0.005681,1.97,3.4029,0.000617,36.1,23.765664,86.419103
2026-07-31 19:00:00,N07,0.0901,0.00542,2.82,3.4041,0.000839,34.2,23.765664,86.419103
2026-07-31 20:00:00,N07,-0.0628,0.008782,2.12,3.4046,0.000416,32.4,23.765664,86.419103
2026-07-31 21:00:00,N07,0.087,0.006554,4.01,3.4049,0.000423,30.8,23.765664,86.419103
2026-07-31 22:00:00,N07,-0.1259,0.006163,1.1,3.4055,0.000675,29.6,23.765664,86.419103
2026-07-31 23:00:00,N07,-0.087,0.006,9.78,3.4062,0.000659,28.9,23.765664,86.419103
2026-08-01 00:00:00,N07,0.0381,0.005055,4.55,3.4068,0.001316,21.3,23.765664,86.419103
2026-08-01 01:00:00,N07,-0.0772,0.007923,6.98,3.4089,0.001416,21.6,23.765664,86.419103
2026-08-01 02:00:00,N07,-0.2032,0.00622,2.05,3.4096,0.000449,22.3,23.765664,86.419103
2026-08-01 03:00:00,N07,-0.0383,0.006538,9.67,3.4098,0.000465,23.5,23.765664,86.419103
2026-08-01 04:00:00,N07,-0.1583,0.005032,7.86,3.4105,0.00069,25.0,23.765664,86.419103
2026-08-01 05:00:00,N07,-0.1074,0.005889,9.92,3.4111,0.000605,26.9,23.765664,86.419103
2026-08-01 06:00:00,N07,0.0852,0.005017,5.74,3.4118,0.004207,28.8,23.765664,86.419103
2026-08-01 07:00:00,N07,0.1671,0.973897,19.15,3.4196,0.001058,30.7,23.765664,86.419103
2026-08-01 08:00:00,N07,0.184,0.008439,8.17,3.4139,0.002563,32.5,23.765664,86.419103
2026-08-01 09:00:00,N07,0.1311,0.00774,1.28,3.4144,0.000446,34.1,23.765664,86.419103
2026-08-01 10:00:00,N07,,,,,,,23.765664,86.419103
2026-08-01 11:00:00,N07,,,,,,,23.765664,86.419103
2026-08-01 12:00:00,N07,,,,,,,23.765664,86.419103
2026-08-01 13:00:00,N07,0.2377,0.623312,18.22,3.401,0.000207,36.0,23.765664,86.419103
2026-08-01 14:00:00,N07,-0.0393,0.005243,2.08,3.4167,0.007967,35.3,23.765664,86.419103
2026-08-01 15:00:00,N07,0.1762,0.006476,9.02,3.4169,0.002471,34.1,23.765664,86.419103
2026-08-01 16:00:00,N07,0.1597,0.641564,39.03,3.4118,0.002604,32.5,23.765664,86.419103
2026-08-01 17:00:00,N07,0.1838,0.685439,37.41,3.4117,0.003209,30.7,23.765664,86.419103
2026-08-01 18:00:00,N07,-0.0688,0.005776,3.25,3.4182,0.003602,28.8,23.765664,86.419103
2026-08-01 19:00:00,N07,-0.0778,0.00767,2.99,3.4189,0.000325,26.9,23.765664,86.419103
2026-08-01 20:00:00,N07,0.0144,0.006678,6.44,3.4188,0.000639,25.0,23.765664,86.419103
2026-08-01 21:00:00,N07,-0.2967,0.009189,9.3,3.4202,0.001014,23.5,23.765664,86.419103
2026-08-01 22:00:00,N07,-0.066,0.006197,2.0,3.4209,0.000557,22.3,23.765664,86.419103
2026-08-01 23:00:00,N07,-0.2802,0.00537,2.62,3.4213,0.000809,21.6,23.765664,86.419103
2026-08-02 00:00:00,N07,-0.232,0.006979,9.02,3.4225,0.000805,24.4,23.765664,86.419103
2026-08-02 01:00:00,N07,-0.108,0.0072,1.34,3.4229,9.2e-05,24.6,23.765664,86.419103
2026-08-02 02:00:00,N07,-0.2808,0.00726,3.62,3.4227,5.7e-05,25.4,23.765664,86.419103
2026-08-02 03:00:00,N07,-0.1562,0.00627,8.28,3.423,0.000453,26.6,23.765664,86.419103
2026-08-02 04:00:00,N07,0.0195,0.006353,1.42,3.4236,9.8e-05,28.1,23.765664,86.419103
2026-08-02 05:00:00,N07,0.0295,0.005375,5.16,3.4232,0.000628,29.9,23.765664,86.419103
2026-08-02 06:00:00,N07,-0.0293,0.006727,6.8,3.4248,0.001538,31.9,23.765664,86.419103
2026-08-02 07:00:00,N07,-0.0601,0.007839,5.97,3.4263,0.001211,33.8,23.765664,86.419103
2026-08-02 08:00:00,N07,0.0822,0.005577,9.64,3.4273,0.001073,35.6,23.765664,86.419103
2026-08-02 09:00:00,N07,-0.0039,0.007427,6.24,3.4284,0.007481,37.2,23.765664,86.419103
2026-08-02 10:00:00,N07,-0.1088,0.732386,20.85,3.4422,0.003562,38.4,23.765664,86.419103
2026-08-02 11:00:00,N07,-0.0346,0.67868,26.25,3.4213,0.005127,39.1,23.765664,86.419103
2026-08-02 12:00:00,N07,,,,,,,23.765664,86.419103
2026-08-02 13:00:00,N07,,,,,,,23.765664,86.419103
2026-08-02 14:00:00,N07,,,,,,,23.765664,86.419103
2026-08-02 15:00:00,N07,,,,,,,23.765664,86.419103
2026-08-02 16:00:00,N07,0.1463,0.00573,7.41,3.4361,0.001245,35.6,23.765664,86.419103
2026-08-02 17:00:00,N07,0.1122,0.006601,6.98,3.4373,0.001328,33.8,23.765664,86.419103
2026-08-02 18:00:00,N07,-0.1198,0.005723,8.27,3.4388,0.001125,31.9,23.765664,86.419103
2026-08-02 19:00:00,N07,,,,,,,23.765664,86.419103
2026-08-02 20:00:00,N07,,,,,,,23.765664,86.419103
2026-08-02 21:00:00,N07,-0.135,0.007418,4.66,3.4415,0.000885,26.6,23.765664,86.419103
2026-08-02 22:00:00,N07,0.1196,0.006008,3.38,3.4418,0.000549,25.4,23.765664,86.419103
2026-08-02 23:00:00,N07,-0.0109,0.005358,4.96,3.4426,0.000317,24.6,23.765664,86.419103
2026-08-03 00:00:00,N07,0.1875,0.007708,4.58,3.4425,0.000347,25.7,23.765664,86.419103
2026-08-03 01:00:00,N07,-0.4849,0.008832,3.43,3.4419,0.000247,25.9,23.765664,86.419103
2026-08-03 02:00:00,N07,-0.0242,0.00523,1.43,3.442,0.00012,26.7,23.765664,86.419103
2026-08-03 03:00:00,N07,0.0871,0.007597,8.26,3.4417,0.000161,27.9,23.765664,86.419103
2026-08-03 04:00:00,N07,-0.1997,0.007486,9.96,3.4417,6.1e-05,29.4,23.765664,86.419103
2026-08-03 05:00:00,N07,-0.2188,0.005743,9.58,3.4418,0.000276,31.2,23.765664,86.419103
2026-08-03 06:00:00,N07,-0.0216,0.005202,8.46,3.4422,0.000492,33.2,23.765664,86.419103
2026-08-03 07:00:00,N07,-0.0828,0.006896,1.46,3.4428,0.000751,35.1,23.765664,86.419103
2026-08-03 08:00:00,N07,0.0953,0.008529,4.03,3.4437,0.000768,36.9,23.765664,86.419103
2026-08-03 09:00:00,N07,0.1386,0.008835,8.35,3.4443,0.003789,38.5,23.765664,86.419103
2026-08-03 10:00:00,N07,,,,,,,23.765664,86.419103
2026-08-03 11:00:00,N07,,,,,,,23.765664,86.419103
2026-08-03 12:00:00,N07,,,,,,,23.765664,86.419103
2026-08-03 13:00:00,N07,,,,,,,23.765664,86.419103
2026-08-03 14:00:00,N07,,,,,,,23.765664,86.419103
2026-08-03 15:00:00,N07,0.0599,0.005955,7.72,3.4461,0.000184,38.5,23.765664,86.419103
2026-08-03 16:00:00,N07,-0.0206,0.00681,4.7,3.4461,7.2e-05,36.9,23.765664,86.419103
2026-08-03 17:00:00,N07,-0.0174,0.007326,4.86,3.4463,0.000488,35.1,23.765664,86.419103
2026-08-03 18:00:00,N07,-0.0322,0.006612,5.29,3.4471,0.000165,33.2,23.765664,86.419103
2026-08-03 19:00:00,N07,0.0594,0.007959,7.88,3.446,0.000778,31.2,23.765664,86.419103
2026-08-03 20:00:00,N07,-0.2364,0.006284,6.81,3.4455,8e-05,29.4,23.765664,86.419103
2026-08-03 21:00:00,N07,0.0602,0.006188,1.28,3.4458,0.000359,27.9,23.765664,86.419103
2026-08-03 22:00:00,N07,0.2689,0.005152,3.57,3.4462,8.5e-05,26.7,23.765664,86.419103
2026-08-03 23:00:00,N07,0.0964,0.006537,4.2,3.4456,5.3e-05,25.9,23.765664,86.419103
2026-08-04 00:00:00,N07,-0.087,0.006313,3.83,3.4461,0.00013,27.3,23.765664,86.419103
2026-08-04 01:00:00,N07,-0.1399,0.006549,1.79,3.4459,0.000249,27.6,23.765664,86.419103
2026-08-04 02:00:00,N07,-0.07,0.006222,9.08,3.4456,3.7e-05,28.3,23.765664,86.419103
2026-08-04 03:00:00,N07,-0.0124,0.005919,4.99,3.446,0.000209,29.5,23.765664,86.419103
2026-08-04 04:00:00,N07,0.2916,0.007825,9.73,3.4452,0.000505,31.1,23.765664,86.419103
2026-08-04 05:00:00,N07,,,,,,,23.765664,86.419103
2026-08-04 06:00:00,N07,-0.115,0.849487,41.41,3.425,0.000243,34.8,23.765664,86.419103
2026-08-04 07:00:00,N07,-0.1745,0.007285,1.36,3.4445,0.009901,36.8,23.765664,86.419103
2026-08-04 08:00:00,N07,0.1319,0.005973,8.12,3.4448,0.000294,38.6,23.765664,86.419103
2026-08-04 09:00:00,N07,-0.215,0.009666,3.66,3.4451,0.00014,40.1,23.765664,86.419103
2026-08-04 10:00:00,N07,-0.0651,0.009221,1.12,3.4445,0.008926,41.3,23.765664,86.419103
2026-08-04 11:00:00,N07,,,,,,,23.765664,86.419103
2026-08-04 12:00:00,N07,,,,,,,23.765664,86.419103
2026-08-04 13:00:00,N07,,,,,,,23.765664,86.419103
2026-08-04 14:00:00,N07,-0.0447,0.006034,8.27,3.446,7.1e-05,41.3,23.765664,86.419103
2026-08-04 15:00:00,N07,-0.1076,0.005981,1.55,3.4456,2.2e-05,40.1,23.765664,86.419103
2026-08-04 16:00:00,N07,-0.045,0.006912,1.17,3.446,8.5e-05,38.6,23.765664,86.419103
2026-08-04 17:00:00,N07,-0.2587,0.005706,1.78,3.4454,1e-05,36.8,23.765664,86.419103
2026-08-04 18:00:00,N07,-0.0949,0.006068,4.28,3.446,0.000224,34.8,23.765664,86.419103
2026-08-04 19:00:00,N07,0.2116,0.010481,9.0,3.445,0.000309,32.9,23.765664,86.419103
2026-08-04 20:00:00,N07,,,,,,,23.765664,86.419103
2026-08-04 21:00:00,N07,,,,,,,23.765664,86.419103
2026-08-04 22:00:00,N07,,,,,,,23.765664,86.419103
2026-08-04 23:00:00,N07,-0.2688,0.006855,1.33,3.4473,0.000544,27.6,23.765664,86.419103
2026-08-05 00:00:00,N07,,,,,,,23.765664,86.419103
2026-08-05 01:00:00,N07,,,,,,,23.765664,86.419103
2026-08-05 02:00:00,N07,,,,,,,23.765664,86.419103
2026-08-05 03:00:00,N07,,,,,,,23.765664,86.419103
2026-08-05 04:00:00,N07,0.1075,0.00681,1.44,3.4497,0.000374,28.6,23.765664,86.419103
2026-08-05 05:00:00,N07,0.01,0.005253,9.5,3.4502,0.000221,30.4,23.765664,86.419103
2026-08-05 06:00:00,N07,0.0849,0.005592,8.55,3.4502,0.000298,32.3,23.765664,86.419103
2026-08-05 07:00:00,N07,-0.0418,0.006035,7.27,3.4508,0.000446,34.2,23.765664,86.419103
2026-08-05 08:00:00,N07,-0.3182,0.007518,8.84,3.4511,0.000495,36.1,23.765664,86.419103
2026-08-05 09:00:00,N07,,,,,,,23.765664,86.419103
2026-08-05 10:00:00,N07,,,,,,,23.765664,86.419103
2026-08-05 11:00:00,N07,,,,,,,23.765664,86.419103
2026-08-05 12:00:00,N07,,,,,,,23.765664,86.419103
2026-08-05 13:00:00,N07,,,,,,,23.765664,86.419103
2026-08-05 14:00:00,N07,-0.1566,0.978829,32.98,3.4664,0.006526,38.8,23.765664,86.419103
2026-08-05 15:00:00,N07,-0.2345,0.666388,29.52,3.4663,0.006476,37.6,23.765664,86.419103
2026-08-05 16:00:00,N07,-0.0062,0.006688,3.09,3.4535,0.006165,36.1,23.765664,86.419103
2026-08-05 17:00:00,N07,0.0846,0.007126,1.23,3.454,0.000117,34.2,23.765664,86.419103
2026-08-05 18:00:00,N07,-0.12,0.005247,1.44,3.4537,0.000292,32.3,23.765664,86.419103
2026-08-05 19:00:00,N07,0.0319,0.005499,4.42,3.4534,3.2e-05,30.4,23.765664,86.419103
2026-08-05 20:00:00,N07,0.2413,0.005829,7.85,3.4537,0.000251,28.6,23.765664,86.419103
2026-08-05 21:00:00,N07,,,,,,,23.765664,86.419103
2026-08-05 22:00:00,N07,,,,,,,23.765664,86.419103
2026-08-05 23:00:00,N07,-0.0633,0.009517,9.65,3.4548,0.000563,25.1,23.765664,86.419103
2026-08-06 00:00:00,N07,-0.2818,0.006211,3.6,3.4539,0.000672,22.1,23.765664,86.419103
2026-08-06 01:00:00,N07,0.1576,0.005355,2.86,3.4535,3.9e-05,22.3,23.765664,86.419103
2026-08-06 02:00:00,N07,0.2237,0.007147,3.86,3.4538,0.000333,23.1,23.765664,86.419103
2026-08-06 03:00:00,N07,-0.2788,0.006006,9.75,3.4541,0.000724,24.3,23.765664,86.419103
2026-08-06 04:00:00,N07,-0.3013,0.005713,5.94,3.4553,0.001128,25.8,23.765664,86.419103
2026-08-06 05:00:00,N07,-0.1653,0.006264,3.3,3.4564,0.002515,27.6,23.765664,86.419103
2026-08-06 06:00:00,N07,0.0811,0.885991,36.27,3.4503,0.002617,29.6,23.765664,86.419103
2026-08-06 07:00:00,N07,-0.0346,0.887403,26.81,3.4512,0.003201,31.5,23.765664,86.419103
2026-08-06 08:00:00,N07,0.1304,0.00643,1.24,3.4567,0.002821,33.3,23.765664,86.419103
2026-08-06 09:00:00,N07,-0.3279,0.00555,9.33,3.4568,0.000232,34.9,23.765664,86.419103
2026-08-06 10:00:00,N07,-0.1005,0.006859,3.88,3.4571,0.000351,36.1,23.765664,86.419103
2026-08-06 11:00:00,N07,-0.1677,0.005778,4.51,3.4575,0.003351,36.8,23.765664,86.419103
2026-08-06 12:00:00,N07,0.3126,0.777685,38.8,3.4504,0.00958,37.1,23.765664,86.419103
2026-08-06 13:00:00,N07,,,,,,,23.765664,86.419103
2026-08-06 14:00:00,N07,,,,,,,23.765664,86.419103
2026-08-06 15:00:00,N07,0.1305,0.006454,1.83,3.4585,0.000468,34.9,23.765664,86.419103
2026-08-06 16:00:00,N07,0.0868,0.007043,9.58,3.4587,0.000255,33.3,23.765664,86.419103
2026-08-06 17:00:00,N07,,,,,,,23.765664,86.419103
2026-08-06 18:00:00,N07,,,,,,,23.765664,86.419103
2026-08-06 19:00:00,N07,,,,,,,23.765664,86.419103
2026-08-06 20:00:00,N07,,,,,,,23.765664,86.419103
2026-08-06 21:00:00,N07,-0.1039,0.005102,4.5,3.4599,0.000332,24.3,23.765664,86.419103
2026-08-06 22:00:00,N07,-0.0204,0.008755,8.41,3.4592,0.000295,23.1,23.765664,86.419103
2026-08-06 23:00:00,N07,-0.1897,0.005345,2.25,3.4593,0.000254,22.3,23.765664,86.419103
2026-08-07 00:00:00,N07,0.0953,0.005881,6.39,3.4587,0.000165,27.1,23.765664,86.419103
2026-08-07 01:00:00,N07,0.2007,0.006327,1.9,3.459,0.000331,27.3,23.765664,86.419103
2026-08-07 02:00:00,N07,0.0433,0.007195,6.48,3.4594,0.000635,28.1,23.765664,86.419103
2026-08-07 03:00:00,N07,-0.0188,0.005591,5.06,3.4602,0.000598,29.3,23.765664,86.419103
2026-08-07 04:00:00,N07,0.109,0.006466,4.44,3.4606,0.000501,30.8,23.765664,86.419103
2026-08-07 05:00:00,N07,-0.1534,0.006626,3.41,3.4612,0.0006,32.6,23.765664,86.419103
2026-08-07 06:00:00,N07,-0.0308,0.00646,9.34,3.4618,7.9e-05,34.6,23.765664,86.419103
2026-08-07 07:00:00,N07,0.0959,0.005948,9.14,3.4614,0.000416,36.5,23.765664,86.419103
2026-08-07 08:00:00,N07,0.2369,0.006694,9.02,3.4626,0.000546,38.3,23.765664,86.419103
2026-08-07 09:00:00,N07,,,,,,,23.765664,86.419103
2026-08-07 10:00:00,N07,,,,,,,23.765664,86.419103
2026-08-07 11:00:00,N07,-0.0218,0.006761,3.27,3.462,0.000232,41.8,23.765664,86.419103
2026-08-07 12:00:00,N07,-0.2257,0.007521,7.25,3.4621,0.003832,42.1,23.765664,86.419103
2026-08-07 13:00:00,N07,-0.3287,0.980974,33.27,3.4696,0.007881,41.8,23.765664,86.419103
2026-08-07 14:00:00,N07,-0.2472,0.539168,32.39,3.4778,0.004223,41.1,23.765664,86.419103
2026-08-07 15:00:00,N07,0.283,0.908005,47.49,3.4781,0.00762,39.9,23.765664,86.419103
2026-08-07 16:00:00,N07,-0.3463,0.005135,5.09,3.4626,0.007523,38.3,23.765664,86.419103
2026-08-07 17:00:00,N07,0.161,0.005891,1.53,3.463,0.000408,36.5,23.765664,86.419103
2026-08-07 18:00:00,N07,-0.1129,0.00594,2.38,3.4634,0.000341,34.6,23.765664,86.419103
2026-08-07 19:00:00,N07,0.0776,0.005197,8.8,3.4637,0.000517,32.6,23.765664,86.419103
2026-08-07 20:00:00,N07,-0.2274,0.006246,6.79,3.4645,0.000746,30.8,23.765664,86.419103
2026-08-07 21:00:00,N07,-0.0057,0.007051,8.22,3.4652,0.000173,29.3,23.765664,86.419103
2026-08-07 22:00:00,N07,0.126,0.00567,7.51,3.4648,0.000346,28.1,23.765664,86.419103
2026-08-07 23:00:00,N07,,,,,,,23.765664,86.419103
2026-08-08 00:00:00,N07,,,,,,,23.765664,86.419103
2026-08-08 01:00:00,N07,-0.1006,0.005347,1.11,3.4653,0.000433,24.9,23.765664,86.419103
2026-08-08 02:00:00,N07,0.0608,0.007315,9.71,3.4658,0.0004,25.7,23.765664,86.419103
2026-08-08 03:00:00,N07,0.0119,0.007553,6.58,3.4661,0.000194,26.9,23.765664,86.419103
2026-08-08 04:00:00,N07,-0.0042,0.005439,5.52,3.4661,0.000303,28.4,23.765664,86.419103
2026-08-08 05:00:00,N07,-0.054,0.006483,7.91,3.4667,0.000875,30.2,23.765664,86.419103
2026-08-08 06:00:00,N07,,,,,,,23.765664,86.419103
2026-08-08 07:00:00,N07,,,,,,,23.765664,86.419103
2026-08-08 08:00:00,N07,,,,,,,23.765664,86.419103
2026-08-08 09:00:00,N07,,,,,,,23.765664,86.419103
2026-08-08 10:00:00,N07,,,,,,,23.765664,86.419103
2026-08-08 11:00:00,N07,0.1503,0.006633,5.81,3.4682,0.000324,39.4,23.765664,86.419103
2026-08-08 12:00:00,N07,0.2154,0.006994,3.18,3.468,5.7e-05,39.7,23.765664,86.419103
2026-08-08 13:00:00,N07,-0.2194,0.007937,5.66,3.4683,9.1e-05,39.4,23.765664,86.419103
2026-08-08 14:00:00,N07,0.0524,0.006048,1.79,3.4682,7.7e-05,38.7,23.765664,86.419103
2026-08-08 15:00:00,N07,,,,,,,23.765664,86.419103
2026-08-08 16:00:00,N07,0.1547,0.868253,46.14,3.4519,0.00472,35.9,23.765664,86.419103
2026-08-08 17:00:00,N07,-0.1098,0.972671,30.5,3.459,0.008639,34.1,23.765664,86.419103
2026-08-08 18:00:00,N07,0.0945,0.00771,2.48,3.4692,0.005102,32.2,23.765664,86.419103
2026-08-08 19:00:00,N07,0.2836,0.005269,3.93,3.4692,0.0,30.2,23.765664,86.419103
2026-08-08 20:00:00,N07,0.1358,0.005185,2.12,3.4692,0.000113,28.4,23.765664,86.419103
2026-08-08 21:00:00,N07,,,,,,,23.765664,86.419103
2026-08-08 22:00:00,N07,,,,,,,23.765664,86.419103
2026-08-08 23:00:00,N07,,,,,,,23.765664,86.419103
2026-08-09 00:00:00,N07,0.0199,0.00885,2.24,3.4699,0.000395,21.8,23.765664,86.419103
2026-08-09 01:00:00,N07,-0.3531,0.005257,3.6,3.4707,0.000261,22.1,23.765664,86.419103
2026-08-09 02:00:00,N07,-0.094,0.006321,9.86,3.4704,0.000367,22.8,23.765664,86.419103
2026-08-09 03:00:00,N07,-0.0315,0.007268,7.18,3.47,0.000241,24.0,23.765664,86.419103
2026-08-09 04:00:00,N07,0.079,0.007861,9.46,3.4709,9.7e-05,25.6,23.765664,86.419103
2026-08-09 05:00:00,N07,,,,,,,23.765664,86.419103
2026-08-09 06:00:00,N07,,,,,,,23.765664,86.419103
2026-08-09 07:00:00,N07,,,,,,,23.765664,86.419103
2026-08-09 08:00:00,N07,,,,,,,23.765664,86.419103
2026-08-09 09:00:00,N07,0.1348,0.00826,1.38,3.4724,0.000468,34.6,23.765664,86.419103
2026-08-09 10:00:00,N07,-0.0812,0.007032,9.23,3.4729,0.000633,35.8,23.765664,86.419103
2026-08-09 11:00:00,N07,,,,,,,23.765664,86.419103
2026-08-09 12:00:00,N07,,,,,,,23.765664,86.419103
2026-08-09 13:00:00,N07,,,,,,,23.765664,86.419103
2026-08-09 14:00:00,N07,-0.1115,0.008586,3.7,3.4746,0.006677,35.8,23.765664,86.419103
2026-08-09 15:00:00,N07,0.1553,0.005987,1.89,3.475,0.000637,34.6,23.765664,86.419103
2026-08-09 16:00:00,N07,0.0848,0.00644,2.86,3.4759,0.000136,33.1,23.765664,86.419103
2026-08-09 17:00:00,N07,0.0599,0.00547,5.41,3.4753,0.000517,31.2,23.765664,86.419103
2026-08-09 18:00:00,N07,,,,,,,23.765664,86.419103
2026-08-09 19:00:00,N07,,,,,,,23.765664,86.419103
2026-08-09 20:00:00,N07,,,,,,,23.765664,86.419103
2026-08-09 21:00:00,N07,,,,,,,23.765664,86.419103
2026-08-09 22:00:00,N07,-0.076,0.005649,2.2,3.4764,2.1e-05,22.8,23.765664,86.419103
2026-08-09 23:00:00,N07,-0.1248,0.008058,5.52,3.4763,0.000176,22.1,23.765664,86.419103
2026-08-10 00:00:00,N07,-0.0626,0.007053,1.07,3.4761,6.1e-05,25.9,23.765664,86.419103
2026-08-10 01:00:00,N07,-0.1978,0.005866,2.32,3.4765,0.000547,26.1,23.765664,86.419103
2026-08-10 02:00:00,N07,-0.0706,0.005627,7.6,3.4772,0.000973,26.9,23.765664,86.419103
2026-08-10 03:00:00,N07,0.2288,0.007421,3.64,3.4784,0.000531,28.1,23.765664,86.419103
2026-08-10 04:00:00,N07,,,,,,,23.765664,86.419103
2026-08-10 05:00:00,N07,-0.0858,0.00557,7.54,3.4782,5.7e-05,31.4,23.765664,86.419103
2026-08-10 06:00:00,N07,0.0289,0.005188,7.93,3.4784,9.8e-05,33.4,23.765664,86.419103
2026-08-10 07:00:00,N07,0.0306,0.007099,5.96,3.4784,0.000132,35.3,23.765664,86.419103
2026-08-10 08:00:00,N07,-0.1695,0.008777,3.9,3.4786,0.000327,37.1,23.765664,86.419103
2026-08-10 09:00:00,N07,0.054,0.006926,2.32,3.4777,0.00016,38.7,23.765664,86.419103
2026-08-10 10:00:00,N07,0.153,0.005925,5.8,3.4783,0.000294,39.9,23.765664,86.419103
2026-08-10 11:00:00,N07,-0.0459,0.009674,1.84,3.4771,0.007031,40.6,23.765664,86.419103
2026-08-10 12:00:00,N07,-0.1872,0.985549,44.23,3.4642,0.006121,40.9,23.765664,86.419103
2026-08-10 13:00:00,N07,0.045,0.929305,46.37,3.4649,0.007108,40.6,23.765664,86.419103
2026-08-10 14:00:00,N07,,,,,,,23.765664,86.419103
2026-08-10 15:00:00,N07,,,,,,,23.765664,86.419103
2026-08-10 16:00:00,N07,,,,,,,23.765664,86.419103
2026-08-10 17:00:00,N07,,,,,,,23.765664,86.419103
2026-08-10 18:00:00,N07,,,,,,,23.765664,86.419103
2026-08-10 19:00:00,N07,0.0543,0.006186,8.36,3.4791,0.001083,31.4,23.765664,86.419103
2026-08-10 20:00:00,N07,,,,,,,23.765664,86.419103
2026-08-10 21:00:00,N07,,,,,,,23.765664,86.419103
2026-08-10 22:00:00,N07,,,,,,,23.765664,86.419103
2026-08-10 23:00:00,N07,,,,,,,23.765664,86.419103
2026-08-11 00:00:00,N07,-0.2043,0.005045,7.08,3.4803,0.000515,25.4,23.765664,86.419103
2026-08-11 01:00:00,N07,,,,,,,23.765664,86.419103
2026-08-11 02:00:00,N07,-0.4468,0.005824,6.82,3.481,0.000198,26.4,23.765664,86.419103
2026-08-11 03:00:00,N07,-0.1327,0.006189,7.7,3.4806,0.000155,27.6,23.765664,86.419103
2026-08-11 04:00:00,N07,0.192,0.005531,4.05,3.4807,0.000385,29.2,23.765664,86.419103
2026-08-11 05:00:00,N07,0.3432,0.009208,4.24,3.4814,0.003473,31.0,23.765664,86.419103
2026-08-11 06:00:00,N07,0.1967,0.664806,40.88,3.4876,0.00321,32.9,23.765664,86.419103
2026-08-11 07:00:00,N07,0.0096,0.763018,28.22,3.4878,0.003642,34.9,23.765664,86.419103
2026-08-11 08:00:00,N07,0.2291,0.009121,7.61,3.4804,0.003599,36.7,23.765664,86.419103
2026-08-11 09:00:00,N07,-0.0833,0.006509,4.83,3.4806,0.000111,38.2,23.765664,86.419103
2026-08-11 10:00:00,N07,,,,,,,23.765664,86.419103
2026-08-11 11:00:00,N07,,,,,,,23.765664,86.419103
2026-08-11 12:00:00,N07,,,,,,,23.765664,86.419103
2026-08-11 13:00:00,N07,,,,,,,23.765664,86.419103
2026-08-11 14:00:00,N07,,,,,,,23.765664,86.419103
2026-08-11 15:00:00,N07,0.0824,0.673692,25.62,3.4934,0.004965,38.2,23.765664,86.419103
2026-08-11 16:00:00,N07,0.142,0.008448,5.1,3.4831,0.005242,36.7,23.765664,86.419103
2026-08-11 17:00:00,N07,0.0622,0.006917,9.5,3.4829,9.3e-05,34.9,23.765664,86.419103
2026-08-11 18:00:00,N07,0.1301,0.00509,5.41,3.4829,0.000281,32.9,23.765664,86.419103
2026-08-11 19:00:00,N07,-0.0622,0.00592,1.19,3.4835,0.000362,31.0,23.765664,86.419103
2026-08-11 20:00:00,N07,-0.0343,0.005524,6.5,3.4836,6.3e-05,29.2,23.765664,86.419103
2026-08-11 21:00:00,N07,-0.3331,0.008189,3.98,3.4836,0.0001,27.6,23.765664,86.419103
2026-08-11 22:00:00,N07,-0.0341,0.007567,8.12,3.4838,0.000121,26.4,23.765664,86.419103
2026-08-11 23:00:00,N07,-0.0741,0.007535,3.71,3.4839,9.3e-05,25.7,23.765664,86.419103
2026-08-12 00:00:00,N07,-0.0326,0.008482,4.79,3.484,1.6e-05,26.3,23.765664,86.419103
2026-08-12 01:00:00,N07,-0.1044,0.008653,3.68,3.4839,0.00017,26.5,23.765664,86.419103
2026-08-12 02:00:00,N07,0.033,0.007406,5.72,3.4837,8.5e-05,27.3,23.765664,86.419103
2026-08-12 03:00:00,N07,0.1254,0.005951,5.57,3.4841,0.000862,28.5,23.765664,86.419103
2026-08-12 04:00:00,N07,0.0497,0.006149,5.48,3.4854,0.000163,30.0,23.765664,86.419103
2026-08-12 05:00:00,N07,0.093,0.006989,7.25,3.4844,0.000588,31.8,23.765664,86.419103
2026-08-12 06:00:00,N07,0.0604,0.005431,6.42,3.4842,0.000194,33.8,23.765664,86.419103
2026-08-12 07:00:00,N07,-0.0088,0.007022,2.46,3.484,0.000122,35.7,23.765664,86.419103
2026-08-12 08:00:00,N07,-0.1234,0.005321,1.62,3.484,0.000106,37.5,23.765664,86.419103
2026-08-12 09:00:00,N07,0.0328,0.009123,4.24,3.4842,0.002056,39.1,23.765664,86.419103
2026-08-12 10:00:00,N07,0.1779,0.757487,15.01,3.4798,0.000171,40.3,23.765664,86.419103
2026-08-12 11:00:00,N07,-0.214,0.006128,3.24,3.4846,0.002178,41.0,23.765664,86.419103
2026-08-12 12:00:00,N07,0.1314,0.009938,5.87,3.4842,0.000261,41.3,23.765664,86.419103
2026-08-12 13:00:00,N07,0.3084,0.008292,1.1,3.4851,0.000464,41.0,23.765664,86.419103
2026-08-12 14:00:00,N07,0.1226,0.006786,9.51,3.4851,5.6e-05,40.3,23.765664,86.419103
2026-08-12 15:00:00,N07,-0.0383,0.006183,5.52,3.485,0.000159,39.1,23.765664,86.419103
2026-08-12 16:00:00,N07,,,,,,,23.765664,86.419103
2026-08-12 17:00:00,N07,,,,,,,23.765664,86.419103
2026-08-12 18:00:00,N07,,,,,,,23.765664,86.419103
2026-08-12 19:00:00,N07,,,,,,,23.765664,86.419103
2026-08-12 20:00:00,N07,-0.1199,0.007379,4.69,3.4886,0.000514,30.0,23.765664,86.419103
2026-08-12 21:00:00,N07,0.0262,0.005591,5.16,3.489,0.000362,28.5,23.765664,86.419103
2026-08-12 22:00:00,N07,-0.0395,0.005593,2.77,3.4894,0.000199,27.3,23.765664,86.419103
2026-08-12 23:00:00,N07,-0.0644,0.007381,1.76,3.4894,4.2e-05,26.5,23.765664,86.419103
2026-08-13 00:00:00,N07,-0.1396,0.006119,4.75,3.4895,0.000359,22.6,23.765664,86.419103
2026-08-13 01:00:00,N07,-0.0862,0.005785,2.18,3.4901,0.000104,22.9,23.765664,86.419103
2026-08-13 02:00:00,N07,-0.1609,0.007641,6.61,3.4897,0.000165,23.6,23.765664,86.419103
2026-08-13 03:00:00,N07,-0.1112,0.005968,6.22,3.4898,0.000165,24.8,23.765664,86.419103
2026-08-13 04:00:00,N07,0.123,0.005925,1.67,3.49,7e-05,26.3,23.765664,86.419103
2026-08-13 05:00:00,N07,0.151,0.007426,8.35,3.4897,0.000473,28.2,23.765664,86.419103
2026-08-13 06:00:00,N07,0.0207,0.008588,5.74,3.489,0.000302,30.1,23.765664,86.419103
2026-08-13 07:00:00,N07,-0.0974,0.008158,7.54,3.4891,0.000292,32.0,23.765664,86.419103
2026-08-13 08:00:00,N07,0.1465,0.007273,7.04,3.4896,0.000408,33.8,23.765664,86.419103
2026-08-13 09:00:00,N07,-0.1359,0.005272,1.63,3.4899,0.000136,35.4,23.765664,86.419103
2026-08-13 10:00:00,N07,0.0286,0.005431,1.07,3.4894,0.000324,36.6,23.765664,86.419103
2026-08-13 11:00:00,N07,-0.0039,0.008436,5.36,3.4892,0.00026,37.3,23.765664,86.419103
2026-08-13 12:00:00,N07,-0.0067,0.005649,9.27,3.4888,0.000111,37.6,23.765664,86.419103
2026-08-13 13:00:00,N07,-0.0522,0.006925,1.37,3.4894,0.000107,37.3,23.765664,86.419103
2026-08-13 14:00:00,N07,-0.1382,0.006071,6.01,3.4891,0.000148,36.6,23.765664,86.419103
2026-08-13 15:00:00,N07,,,,,,,23.765664,86.419103
2026-08-13 16:00:00,N07,,,,,,,23.765664,86.419103
2026-08-13 17:00:00,N07,,,,,,,23.765664,86.419103
2026-08-13 18:00:00,N07,,,,,,,23.765664,86.419103
2026-08-13 19:00:00,N07,,,,,,,23.765664,86.419103
2026-08-13 20:00:00,N07,-0.0207,0.00717,5.41,3.4911,0.000616,26.3,23.765664,86.419103
2026-08-13 21:00:00,N07,-0.247,0.007483,9.91,3.4908,0.000364,24.8,23.765664,86.419103
2026-08-13 22:00:00,N07,-0.0822,0.008236,9.64,3.4903,0.000121,23.6,23.765664,86.419103
2026-08-13 23:00:00,N07,0.1966,0.005353,7.43,3.491,0.000458,22.9,23.765664,86.419103
2026-08-14 00:00:00,N07,-0.0303,0.00506,5.33,3.4913,0.000119,24.4,23.765664,86.419103
2026-08-14 01:00:00,N07,-0.0391,0.008546,7.17,3.4912,0.000397,24.6,23.765664,86.419103
2026-08-14 02:00:00,N07,0.1225,0.005218,8.48,3.492,0.00024,25.4,23.765664,86.419103
2026-08-14 03:00:00,N07,-0.1515,0.006086,5.91,3.4917,8.2e-05,26.6,23.765664,86.419103
2026-08-14 04:00:00,N07,-0.008,0.005202,9.84,3.4919,1.6e-05,28.1,23.765664,86.419103
2026-08-14 05:00:00,N07,,,,,,,23.765664,86.419103
2026-08-14 06:00:00,N07,,,,,,,23.765664,86.419103
2026-08-14 07:00:00,N07,,,,,,,23.765664,86.419103
2026-08-14 08:00:00,N07,,,,,,,23.765664,86.419103
2026-08-14 09:00:00,N07,-0.135,0.005835,2.6,3.4941,0.000632,37.2,23.765664,86.419103
2026-08-14 10:00:00,N07,-0.0255,0.006106,1.42,3.4948,0.007755,38.4,23.765664,86.419103
2026-08-14 11:00:00,N07,-0.0401,0.82885,28.57,3.4786,0.000228,39.1,23.765664,86.419103
2026-08-14 12:00:00,N07,-0.0105,0.009078,2.8,3.4952,0.008392,39.4,23.765664,86.419103
2026-08-14 13:00:00,N07,0.0723,0.005216,9.14,3.4953,0.000148,39.1,23.765664,86.419103
2026-08-14 14:00:00,N07,-0.1429,0.007945,9.74,3.4949,0.000403,38.4,23.765664,86.419103
2026-08-14 15:00:00,N07,0.0668,0.005458,8.53,3.4945,0.000718,37.2,23.765664,86.419103
2026-08-14 16:00:00,N07,-0.0947,0.008911,4.94,3.4935,3.6e-05,35.6,23.765664,86.419103
2026-08-14 17:00:00,N07,0.1862,0.008048,1.78,3.4945,0.000741,33.8,23.765664,86.419103
2026-08-14 18:00:00,N07,-0.1547,0.008512,8.31,3.495,0.000146,31.9,23.765664,86.419103
2026-08-14 19:00:00,N07,-0.0578,0.006348,5.38,3.4948,0.000122,29.9,23.765664,86.419103
2026-08-14 20:00:00,N07,-0.0721,0.00667,2.86,3.4952,0.000552,28.1,23.765664,86.419103
2026-08-14 21:00:00,N07,-0.0314,0.007656,3.3,3.4959,0.000577,26.6,23.765664,86.419103
2026-08-14 22:00:00,N07,0.0549,0.006736,2.01,3.4964,0.000526,25.4,23.765664,86.419103
2026-08-14 23:00:00,N07,-0.1033,0.007404,3.67,3.4969,0.000766,24.6,23.765664,86.419103
2026-08-15 00:00:00,N07,,,,,,,23.765664,86.419103
2026-08-15 01:00:00,N07,-0.1675,0.006173,2.15,3.4981,0.000434,26.4,23.765664,86.419103
2026-08-15 02:00:00,N07,-0.1618,0.006872,7.29,3.4988,0.000536,27.2,23.765664,86.419103
2026-08-15 03:00:00,N07,-0.006,0.008158,9.86,3.4992,0.000155,28.4,23.765664,86.419103
2026-08-15 04:00:00,N07,-0.0534,0.005735,1.5,3.4991,0.000299,29.9,23.765664,86.419103
2026-08-15 05:00:00,N07,0.1101,0.005922,6.63,3.4986,0.000174,31.7,23.765664,86.419103
2026-08-15 06:00:00,N07,-0.2231,0.007444,6.99,3.4994,7e-06,33.7,23.765664,86.419103
2026-08-15 07:00:00,N07,0.0263,0.00502,9.75,3.4986,0.000115,35.6,23.765664,86.419103
2026-08-15 08:00:00,N07,0.1442,0.005874,6.16,3.4997,0.001122,37.4,23.765664,86.419103
2026-08-15 09:00:00,N07,0.1313,0.005928,8.25,3.5009,0.000786,39.0,23.765664,86.419103
2026-08-15 10:00:00,N07,-0.1333,0.007707,1.06,3.5012,0.003167,40.2,23.765664,86.419103
2026-08-15 11:00:00,N07,-0.0525,0.505032,48.46,3.4945,0.002919,40.9,23.765664,86.419103
2026-08-15 12:00:00,N07,0.0516,0.519298,29.14,3.4954,0.008128,41.2,23.765664,86.419103
2026-08-15 13:00:00,N07,-0.2984,0.959209,38.55,3.5108,0.007704,40.9,23.765664,86.419103
2026-08-15 14:00:00,N07,-0.0852,0.959964,32.97,3.5108,0.005186,40.2,23.765664,86.419103
2026-08-15 15:00:00,N07,0.2734,0.005059,1.92,3.5004,0.005033,39.0,23.765664,86.419103
2026-08-15 16:00:00,N07,,,,,,,23.765664,86.419103
2026-08-15 17:00:00,N07,,,,,,,23.765664,86.419103
2026-08-15 18:00:00,N07,,,,,,,23.765664,86.419103
2026-08-15 19:00:00,N07,,,,,,,23.765664,86.419103
2026-08-15 20:00:00,N07,,,,,,,23.765664,86.419103
2026-08-15 21:00:00,N07,,,,,,,23.765664,86.419103
2026-08-15 22:00:00,N07,,,,,,,23.765664,86.419103
2026-08-15 23:00:00,N07,0.0212,0.005947,5.83,3.5044,0.000296,26.4,23.765664,86.419103
2026-08-16 00:00:00,N07,0.1085,0.005539,9.79,3.5046,0.000339,26.0,23.765664,86.419103
2026-08-16 01:00:00,N07,0.0004,0.005635,2.96,3.5051,0.000223,26.2,23.765664,86.419103
2026-08-16 02:00:00,N07,-0.062,0.005007,2.73,3.5051,1.9e-05,27.0,23.765664,86.419103
2026-08-16 03:00:00,N07,-0.0466,0.00552,2.5,3.5051,3.4e-05,28.2,23.765664,86.419103
2026-08-16 04:00:00,N07,0.1031,0.005237,4.13,3.505,3.8e-05,29.7,23.765664,86.419103
2026-08-16 05:00:00,N07,-0.009,0.007325,6.02,3.5051,0.000411,31.5,23.765664,86.419103
2026-08-16 06:00:00,N07,0.1119,0.007757,9.42,3.5058,0.000686,33.5,23.765664,86.419103
2026-08-16 07:00:00,N07,-0.1691,0.005418,8.83,3.5064,5.8e-05,35.4,23.765664,86.419103
2026-08-16 08:00:00,N07,-0.0609,0.005732,5.35,3.5059,0.000455,37.2,23.765664,86.419103
2026-08-16 09:00:00,N07,0.0716,0.00521,9.98,3.5055,0.00011,38.8,23.765664,86.419103
2026-08-16 10:00:00,N07,-0.1361,0.005572,3.74,3.5057,1.2e-05,40.0,23.765664,86.419103
2026-08-16 11:00:00,N07,,,,,,,23.765664,86.419103
2026-08-16 12:00:00,N07,,,,,,,23.765664,86.419103
2026-08-16 13:00:00,N07,0.0065,0.005108,3.1,3.5045,0.00382,40.7,23.765664,86.419103
2026-08-16 14:00:00,N07,0.2939,0.007038,8.99,3.5046,0.006931,40.0,23.765664,86.419103
2026-08-16 15:00:00,N07,,,,,,,23.765664,86.419103
2026-08-16 16:00:00,N07,,,,,,,23.765664,86.419103
2026-08-16 17:00:00,N07,,,,,,,23.765664,86.419103
2026-08-16 18:00:00,N07,-0.1067,0.005678,6.97,3.506,0.000305,33.5,23.765664,86.419103
2026-08-16 19:00:00,N07,-0.0486,0.005573,6.45,3.5063,7.8e-05,31.5,23.765664,86.419103
2026-08-16 20:00:00,N07,-0.3518,0.006106,9.46,3.5062,6.4e-05,29.7,23.765664,86.419103
2026-08-16 21:00:00,N07,-0.0976,0.006275,3.22,3.5061,1.7e-05,28.2,23.765664,86.419103
2026-08-16 22:00:00,N07,-0.3013,0.006255,2.74,3.5062,1.5e-05,27.0,23.765664,86.419103
2026-08-16 23:00:00,N07,0.1072,0.008387,3.69,3.5061,4.1e-05,26.2,23.765664,86.419103
2026-08-17 00:00:00,N07,,,,,,,23.765664,86.419103
2026-08-17 01:00:00,N07,,,,,,,23.765664,86.419103
2026-08-17 02:00:00,N07,,,,,,,23.765664,86.419103
2026-08-17 03:00:00,N07,,,,,,,23.765664,86.419103
2026-08-17 04:00:00,N07,,,,,,,23.765664,86.419103
2026-08-17 05:00:00,N07,0.2046,0.006601,7.54,3.5073,6e-06,33.1,23.765664,86.419103
2026-08-17 06:00:00,N07,-0.2537,0.006811,1.63,3.5077,0.001228,35.0,23.765664,86.419103
2026-08-17 07:00:00,N07,0.1047,0.717627,21.75,3.5048,0.000241,36.9,23.765664,86.419103
2026-08-17 08:00:00,N07,-0.0683,0.005574,2.7,3.5082,0.001704,38.7,23.765664,86.419103
2026-08-17 09:00:00,N07,-0.0353,0.007055,1.09,3.5082,6.3e-05,40.3,23.765664,86.419103
2026-08-17 10:00:00,N07,-0.1515,0.005767,4.4,3.5083,9.9e-05,41.5,23.765664,86.419103
2026-08-17 11:00:00,N07,0.0233,0.008843,9.55,3.508,0.00046,42.2,23.765664,86.419103
2026-08-17 12:00:00,N07,0.0246,0.008119,9.51,3.5074,0.000302,42.5,23.765664,86.419103
2026-08-17 13:00:00,N07,-0.0929,0.007169,4.12,3.5074,0.000394,42.2,23.765664,86.419103
2026-08-17 14:00:00,N07,0.2687,0.005608,5.96,3.5082,0.000586,41.5,23.765664,86.419103
2026-08-17 15:00:00,N07,,,,,,,23.765664,86.419103
2026-08-17 16:00:00,N07,,,,,,,23.765664,86.419103
2026-08-17 17:00:00,N07,,,,,,,23.765664,86.419103
2026-08-17 18:00:00,N07,,,,,,,23.765664,86.419103
2026-08-17 19:00:00,N07,,,,,,,23.765664,86.419103
2026-08-17 20:00:00,N07,,,,,,,23.765664,86.419103
2026-08-17 21:00:00,N07,,,,,,,23.765664,86.419103
2026-08-17 22:00:00,N07,-0.129,0.005113,7.31,3.5074,0.000264,28.5,23.765664,86.419103
2026-08-17 23:00:00,N07,-0.0422,0.007344,7.92,3.5074,1.5e-05,27.8,23.765664,86.419103
2026-08-18 00:00:00,N07,0.2359,0.005582,1.71,3.5073,0.000277,30.4,23.765664,86.419103
2026-08-18 01:00:00,N07,-0.0521,0.009436,7.08,3.508,0.000839,30.7,23.765664,86.419103
2026-08-18 02:00:00,N07,-0.1571,0.005561,9.87,3.509,0.00065,31.4,23.765664,86.419103
2026-08-18 03:00:00,N07,-0.4232,0.005039,5.14,3.5093,0.000106,32.6,23.765664,86.419103
2026-08-18 04:00:00,N07,-0.3024,0.006018,8.76,3.5092,0.000484,34.2,23.765664,86.419103
2026-08-18 05:00:00,N07,,,,,,,23.765664,86.419103
2026-08-18 06:00:00,N07,,,,,,,23.765664,86.419103
2026-08-18 07:00:00,N07,,,,,,,23.765664,86.419103
2026-08-18 08:00:00,N07,,,,,,,23.765664,86.419103
2026-08-18 09:00:00,N07,,,,,,,23.765664,86.419103
2026-08-18 10:00:00,N07,-0.1052,0.005185,2.23,3.5118,0.007542,44.4,23.765664,86.419103
2026-08-18 11:00:00,N07,,,,,,,23.765664,86.419103
2026-08-18 12:00:00,N07,,,,,,,23.765664,86.419103
2026-08-18 13:00:00,N07,-0.3147,0.005091,5.8,3.5112,0.000247,45.1,23.765664,86.419103
2026-08-18 14:00:00,N07,-0.2875,0.007267,6.65,3.5113,1.7e-05,44.4,23.765664,86.419103
2026-08-18 15:00:00,N07,-0.0224,0.005388,1.23,3.5113,0.000244,43.2,23.765664,86.419103
2026-08-18 16:00:00,N07,-0.0277,0.005242,7.31,3.5108,0.000297,41.7,23.765664,86.419103
2026-08-18 17:00:00,N07,0.1125,0.005675,9.14,3.5107,1.7e-05,39.8,23.765664,86.419103
2026-08-18 18:00:00,N07,0.1817,0.005607,8.48,3.5108,0.000524,37.9,23.765664,86.419103
2026-08-18 19:00:00,N07,-0.0557,0.005284,5.73,3.5117,0.000714,36.0,23.765664,86.419103
2026-08-18 20:00:00,N07,,,,,,,23.765664,86.419103
2026-08-18 21:00:00,N07,,,,,,,23.765664,86.419103
2026-08-18 22:00:00,N07,,,,,,,23.765664,86.419103
2026-08-18 23:00:00,N07,-0.1176,0.00722,7.8,3.5135,0.000717,30.7,23.765664,86.419103
2026-08-19 00:00:00,N07,0.1089,0.005403,6.95,3.5141,0.000844,25.3,23.765664,86.419103
2026-08-19 01:00:00,N07,0.1412,0.00601,9.01,3.5152,0.001006,25.6,23.765664,86.419103
2026-08-19 02:00:00,N07,0.0233,0.006931,9.98,3.5161,0.000761,26.3,23.765664,86.419103
2026-08-19 03:00:00,N07,-0.1278,0.007643,8.64,3.5167,0.000484,27.5,23.765664,86.419103
2026-08-19 04:00:00,N07,0.0197,0.005992,1.76,3.5171,0.000336,29.1,23.765664,86.419103
2026-08-19 05:00:00,N07,0.2651,0.006607,5.43,3.5173,6.8e-05,30.9,23.765664,86.419103
2026-08-19 06:00:00,N07,,,,,,,23.765664,86.419103
2026-08-19 07:00:00,N07,-0.1312,0.007592,4.11,3.5169,1.4e-05,34.8,23.765664,86.419103
2026-08-19 08:00:00,N07,,,,,,,23.765664,86.419103
2026-08-19 09:00:00,N07,0.0917,0.005263,6.92,3.5167,0.008838,38.1,23.765664,86.419103
2026-08-19 10:00:00,N07,-0.0017,0.63448,30.32,3.4996,0.000359,39.3,23.765664,86.419103
2026-08-19 11:00:00,N07,-0.0474,0.005777,6.56,3.5159,0.004115,40.1,23.765664,86.419103
2026-08-19 12:00:00,N07,0.0436,0.565771,18.21,3.5078,0.00028,40.3,23.765664,86.419103
2026-08-19 13:00:00,N07,0.3542,0.008264,8.38,3.5165,0.00447,40.1,23.765664,86.419103
2026-08-19 14:00:00,N07,,,,,,,23.765664,86.419103
2026-08-19 15:00:00,N07,,,,,,,23.765664,86.419103
2026-08-19 16:00:00,N07,,,,,,,23.765664,86.419103
2026-08-19 17:00:00,N07,-0.056,0.005504,6.26,3.516,0.000337,34.8,23.765664,86.419103
2026-08-19 18:00:00,N07,-0.0186,0.00999,2.8,3.5167,0.000738,32.8,23.765664,86.419103
2026-08-19 19:00:00,N07,-0.0796,0.005428,7.81,3.5175,0.000455,30.9,23.765664,86.419103
2026-08-19 20:00:00,N07,-0.2535,0.006452,9.75,3.5176,0.000228,29.1,23.765664,86.419103
2026-08-19 21:00:00,N07,-0.3156,0.006453,1.86,3.5179,0.000259,27.5,23.765664,86.419103
2026-08-19 22:00:00,N07,,,,,,,23.765664,86.419103
2026-08-19 23:00:00,N07,,,,,,,23.765664,86.419103
2026-08-20 00:00:00,N07,,,,,,,23.765664,86.419103
2026-08-20 01:00:00,N07,,,,,,,23.765664,86.419103
2026-08-20 02:00:00,N07,,,,,,,23.765664,86.419103
2026-08-20 03:00:00,N07,0.1786,0.006095,1.91,3.5178,0.000104,25.6,23.765664,86.419103
2026-08-20 04:00:00,N07,,,,,,,23.765664,86.419103
2026-08-20 05:00:00,N07,,,,,,,23.765664,86.419103
2026-08-20 06:00:00,N07,,,,,,,23.765664,86.419103
2026-08-20 07:00:00,N07,,,,,,,23.765664,86.419103
2026-08-20 08:00:00,N07,,,,,,,23.765664,86.419103
2026-08-20 09:00:00,N07,0.1571,0.008122,9.13,3.5176,0.000182,36.2,23.765664,86.419103
2026-08-20 10:00:00,N07,-0.0976,0.006663,5.53,3.5172,0.000185,37.4,23.765664,86.419103
2026-08-20 11:00:00,N07,,,,,,,23.765664,86.419103
2026-08-20 12:00:00,N07,,,,,,,23.765664,86.419103
2026-08-20 13:00:00,N07,,,,,,,23.765664,86.419103
2026-08-20 14:00:00,N07,0.0066,0.005869,7.47,3.5186,0.00019,37.4,23.765664,86.419103
2026-08-20 15:00:00,N07,-0.0064,0.006654,4.13,3.5193,0.000453,36.2,23.765664,86.419103
2026-08-20 16:00:00,N07,-0.1669,0.006372,5.83,3.5195,0.008836,34.6,23.765664,86.419103
2026-08-20 17:00:00,N07,0.0898,0.858796,40.07,3.5017,0.008533,32.8,23.765664,86.419103
2026-08-20 18:00:00,N07,0.1314,0.704505,26.91,3.5024,0.009227,30.9,23.765664,86.419103
2026-08-20 19:00:00,N07,-0.1799,0.005602,1.31,3.5201,0.008803,28.9,23.765664,86.419103
2026-08-20 20:00:00,N07,-0.0016,0.006314,3.25,3.5201,1.1e-05,27.1,23.765664,86.419103
2026-08-20 21:00:00,N07,-0.056,0.005861,7.7,3.5201,0.000275,25.6,23.765664,86.419103
2026-08-20 22:00:00,N07,-0.1694,0.007066,4.02,3.5206,0.000257,24.4,23.765664,86.419103
2026-08-20 23:00:00,N07,-0.1534,0.006186,6.34,3.5206,0.000214,23.6,23.765664,86.419103
2026-08-21 00:00:00,N07,0.069,0.008022,6.59,3.521,9.5e-05,22.5,23.765664,86.419103
2026-08-21 01:00:00,N07,0.1438,0.005508,3.77,3.5205,0.000299,22.8,23.765664,86.419103
2026-08-21 02:00:00,N07,-0.0985,0.006488,1.55,3.5204,0.000435,23.5,23.765664,86.419103
2026-08-21 03:00:00,N07,0.1075,0.005137,1.89,3.5196,0.000316,24.7,23.765664,86.419103
2026-08-21 04:00:00,N07,-0.0892,0.010644,7.61,3.5198,3.9e-05,26.3,23.765664,86.419103
2026-08-21 05:00:00,N07,0.0856,0.005319,1.73,3.5195,7.8e-05,28.1,23.765664,86.419103
2026-08-21 06:00:00,N07,-0.1922,0.006991,5.89,3.5196,0.000134,30.0,23.765664,86.419103
2026-08-21 07:00:00,N07,0.072,0.005705,7.01,3.5198,0.004449,32.0,23.765664,86.419103
2026-08-21 08:00:00,N07,0.2264,0.818702,46.43,3.5107,0.004026,33.8,23.765664,86.419103
2026-08-21 09:00:00,N07,-0.0343,0.89357,40.42,3.5117,0.006048,35.3,23.765664,86.419103
2026-08-21 10:00:00,N07,-0.1652,0.005486,4.65,3.5228,0.005399,36.5,23.765664,86.419103
2026-08-21 11:00:00,N07,0.1116,0.005158,5.87,3.5225,0.000159,37.3,23.765664,86.419103
2026-08-21 12:00:00,N07,0.1353,0.007105,7.81,3.5232,0.000204,37.5,23.765664,86.419103
2026-08-21 13:00:00,N07,-0.2476,0.006894,8.32,3.5229,0.000319,37.3,23.765664,86.419103
2026-08-21 14:00:00,N07,-0.2522,0.007111,5.01,3.5225,0.003104,36.5,23.765664,86.419103
2026-08-21 15:00:00,N07,-0.0836,0.763077,31.35,3.5167,0.000641,35.3,23.765664,86.419103
2026-08-21 16:00:00,N07,0.1534,0.512517,35.49,3.5238,0.007344,33.8,23.765664,86.419103
2026-08-21 17:00:00,N07,,,,,,,23.765664,86.419103
2026-08-21 18:00:00,N07,,,,,,,23.765664,86.419103
2026-08-21 19:00:00,N07,,,,,,,23.765664,86.419103
2026-08-21 20:00:00,N07,-0.1619,0.007693,8.6,3.5256,0.000503,26.3,23.765664,86.419103
2026-08-21 21:00:00,N07,,,,,,,23.765664,86.419103
2026-08-21 22:00:00,N07,,,,,,,23.765664,86.419103
2026-08-21 23:00:00,N07,,,,,,,23.765664,86.419103
2026-08-22 00:00:00,N07,0.1109,0.007683,2.12,3.5283,0.000237,25.0,23.765664,86.419103
2026-08-22 01:00:00,N07,-0.0237,0.005257,2.74,3.5285,0.00042,25.3,23.765664,86.419103
2026-08-22 02:00:00,N07,0.2875,0.005714,8.82,3.5291,0.000534,26.0,23.765664,86.419103
2026-08-22 03:00:00,N07,-0.0061,0.006904,4.12,3.5295,0.000648,27.2,23.765664,86.419103
2026-08-22 04:00:00,N07,-0.1343,0.006567,3.04,3.5304,0.000491,28.8,23.765664,86.419103
2026-08-22 05:00:00,N07,-0.1535,0.00669,2.75,3.5305,0.000183,30.6,23.765664,86.419103
2026-08-22 06:00:00,N07,0.1576,0.005673,1.27,3.5308,0.000182,32.5,23.765664,86.419103
2026-08-22 07:00:00,N07,-0.0901,0.006756,9.25,3.5309,9.1e-05,34.5,23.765664,86.419103
2026-08-22 08:00:00,N07,0.0626,0.008722,8.54,3.531,0.000247,36.3,23.765664,86.419103
2026-08-22 09:00:00,N07,-0.0146,0.005341,3.91,3.5304,0.004601,37.8,23.765664,86.419103
2026-08-22 10:00:00,N07,-0.015,0.820315,21.88,3.5218,0.000297,39.0,23.765664,86.419103
2026-08-22 11:00:00,N07,-0.1976,0.005062,3.44,3.531,0.004773,39.8,23.765664,86.419103
2026-08-22 12:00:00,N07,-0.1309,0.0074,3.14,3.5313,0.000402,40.0,23.765664,86.419103
2026-08-22 13:00:00,N07,-0.1215,0.005661,2.65,3.5318,0.000452,39.8,23.765664,86.419103
2026-08-22 14:00:00,N07,0.0405,0.006505,1.45,3.5322,0.000214,39.0,23.765664,86.419103
2026-08-22 15:00:00,N07,-0.1754,0.006419,5.63,3.5322,0.000502,37.8,23.765664,86.419103
2026-08-22 16:00:00,N07,-0.1997,0.005048,7.45,3.5332,0.000113,36.3,23.765664,86.419103
2026-08-22 17:00:00,N07,0.062,0.005422,6.21,3.5324,0.000461,34.5,23.765664,86.419103
2026-08-22 18:00:00,N07,-0.1579,0.005333,7.16,3.5323,0.000256,32.5,23.765664,86.419103
2026-08-22 19:00:00,N07,-0.2975,0.007021,3.51,3.5319,0.000687,30.6,23.765664,86.419103
2026-08-22 20:00:00,N07,0.1223,0.006121,9.6,3.5309,0.000611,28.8,23.765664,86.419103
2026-08-22 21:00:00,N07,-0.0122,0.00667,6.39,3.5307,0.000178,27.2,23.765664,86.419103
2026-08-22 22:00:00,N07,-0.0122,0.00793,3.59,3.5306,0.000212,26.0,23.765664,86.419103
2026-08-22 23:00:00,N07,-0.0748,0.009986,5.49,3.5311,0.000812,25.3,23.765664,86.419103
2026-08-23 00:00:00,N07,-0.1514,0.005724,3.67,3.5322,0.000311,22.6,23.765664,86.419103
2026-08-23 01:00:00,N07,-0.2377,0.007844,6.59,3.5318,0.000238,22.9,23.765664,86.419103
2026-08-23 02:00:00,N07,-0.0021,0.006805,4.64,3.5317,0.000398,23.7,23.765664,86.419103
2026-08-23 03:00:00,N07,0.0565,0.005339,7.95,3.531,0.00016,24.8,23.765664,86.419103
2026-08-23 04:00:00,N07,-0.1187,0.007201,9.69,3.5314,1e-06,26.4,23.765664,86.419103
2026-08-23 05:00:00,N07,0.0395,0.007454,3.61,3.531,6e-06,28.2,23.765664,86.419103
2026-08-23 06:00:00,N07,-0.2821,0.007025,8.84,3.5314,0.000358,30.1,23.765664,86.419103
2026-08-23 07:00:00,N07,-0.0203,0.006825,1.54,3.5317,0.000223,32.1,23.765664,86.419103
2026-08-23 08:00:00,N07,0.0473,0.005872,6.47,3.5318,0.006488,33.9,23.765664,86.419103
2026-08-23 09:00:00,N07,0.0318,0.960356,30.94,3.5446,1.4e-05,35.5,23.765664,86.419103
2026-08-23 10:00:00,N07,0.0093,0.006611,9.0,3.5318,0.011059,36.6,23.765664,86.419103
2026-08-23 11:00:00,N07,-0.1042,0.611017,33.13,3.5225,0.004893,37.4,23.765664,86.419103
2026-08-23 12:00:00,N07,0.1845,0.947684,17.73,3.522,0.004697,37.6,23.765664,86.419103
2026-08-23 13:00:00,N07,0.0449,0.006064,5.0,3.5319,0.004967,37.4,23.765664,86.419103
2026-08-23 14:00:00,N07,0.097,0.007318,5.88,3.532,1e-05,36.6,23.765664,86.419103
2026-08-23 15:00:00,N07,0.0279,0.007629,7.34,3.5319,1.2e-05,35.5,23.765664,86.419103
2026-08-23 16:00:00,N07,-0.1963,0.008651,4.96,3.5319,3.7e-05,33.9,23.765664,86.419103
2026-08-23 17:00:00,N07,0.0535,0.007861,5.18,3.5319,0.000214,32.1,23.765664,86.419103
2026-08-23 18:00:00,N07,0.1275,0.006656,6.86,3.5315,0.000217,30.1,23.765664,86.419103
2026-08-23 19:00:00,N07,-0.0898,0.009628,8.53,3.5323,0.000544,28.2,23.765664,86.419103
2026-08-23 20:00:00,N07,-0.0784,0.007499,4.48,3.5326,0.000339,26.4,23.765664,86.419103
2026-08-23 21:00:00,N07,0.0638,0.005883,8.36,3.5316,0.000138,24.8,23.765664,86.419103
2026-08-23 22:00:00,N07,0.0833,0.005956,6.3,3.5323,0.000235,23.7,23.765664,86.419103
2026-08-23 23:00:00,N07,-0.0122,0.006621,2.15,3.5321,0.000344,22.9,23.765664,86.419103
2026-08-24 00:00:00,N07,0.0139,0.007401,5.83,3.533,0.000135,27.4,23.765664,86.419103
2026-08-24 01:00:00,N07,-0.1558,0.007109,3.74,3.5324,0.000444,27.6,23.765664,86.419103
2026-08-24 02:00:00,N07,-0.0667,0.006086,1.55,3.5321,0.000349,28.4,23.765664,86.419103
2026-08-24 03:00:00,N07,0.0383,0.007078,5.34,3.5317,0.000125,29.6,23.765664,86.419103
2026-08-24 04:00:00,N07,-0.1056,0.005087,7.18,3.5324,0.001077,31.1,23.765664,86.419103
2026-08-24 05:00:00,N07,,,,,,,23.765664,86.419103
2026-08-24 06:00:00,N07,,,,,,,23.765664,86.419103
2026-08-24 07:00:00,N07,,,,,,,23.765664,86.419103
2026-08-24 08:00:00,N07,0.0923,0.005453,1.04,3.5345,0.007307,38.6,23.765664,86.419103
2026-08-24 09:00:00,N07,0.0153,0.774617,30.18,3.5487,0.006961,40.2,23.765664,86.419103
2026-08-24 10:00:00,N07,-0.0794,0.616628,47.7,3.5484,0.006928,41.4,23.765664,86.419103
2026-08-24 11:00:00,N07,0.1005,0.008065,1.33,3.5348,0.001279,42.1,23.765664,86.419103
2026-08-24 12:00:00,N07,-0.0929,0.659634,38.4,3.551,0.000553,42.4,23.765664,86.419103
2026-08-24 13:00:00,N07,0.1921,0.006489,6.66,3.5359,0.007348,42.1,23.765664,86.419103
2026-08-24 14:00:00,N07,,,,,,,23.765664,86.419103
2026-08-24 15:00:00,N07,,,,,,,23.765664,86.419103
2026-08-24 16:00:00,N07,,,,,,,23.765664,86.419103
2026-08-24 17:00:00,N07,0.0271,0.006418,8.06,3.5363,0.008681,36.8,23.765664,86.419103
2026-08-24 18:00:00,N07,0.0709,0.006083,7.57,3.5364,0.000147,34.9,23.765664,86.419103
2026-08-24 19:00:00,N07,0.1112,0.00607,9.85,3.536,0.000129,32.9,23.765664,86.419103
2026-08-24 20:00:00,N07,-0.3236,0.005893,1.88,3.5366,0.000277,31.1,23.765664,86.419103
2026-08-24 21:00:00,N07,0.107,0.005318,4.87,3.5366,1.4e-05,29.6,23.765664,86.419103
2026-08-24 22:00:00,N07,0.0055,0.005122,3.93,3.5366,0.000206,28.4,23.765664,86.419103
2026-08-24 23:00:00,N07,0.2067,0.009507,9.57,3.5362,0.000224,27.6,23.765664,86.419103
2026-08-25 00:00:00,N07,,,,,,,23.765664,86.419103
2026-08-25 01:00:00,N07,,,,,,,23.765664,86.419103
2026-08-25 02:00:00,N07,,,,,,,23.765664,86.419103
2026-08-25 03:00:00,N07,0.1925,0.006414,9.3,3.5371,0.001008,26.7,23.765664,86.419103
2026-08-25 04:00:00,N07,-0.1587,0.007646,9.43,3.5382,0.001106,28.2,23.765664,86.419103
2026-08-25 05:00:00,N07,0.1146,0.006052,6.88,3.5393,0.000688,30.0,23.765664,86.419103
2026-08-25 06:00:00,N07,-0.0739,0.006673,5.2,3.5396,6.7e-05,32.0,23.765664,86.419103
2026-08-25 07:00:00,N07,0.1524,0.005968,6.73,3.5392,7.1e-05,33.9,23.765664,86.419103
2026-08-25 08:00:00,N07,0.0495,0.006745,5.31,3.5397,0.000445,35.7,23.765664,86.419103
2026-08-25 09:00:00,N07,-0.0886,0.006452,8.83,3.5401,0.000456,37.3,23.765664,86.419103
2026-08-25 10:00:00,N07,0.0776,0.007779,2.11,3.5406,9.5e-05,38.5,23.765664,86.419103
2026-08-25 11:00:00,N07,-0.0236,0.007577,4.72,3.5403,3.8e-05,39.2,23.765664,86.419103
2026-08-25 12:00:00,N07,-0.1242,0.005444,9.3,3.5407,0.000469,39.5,23.765664,86.419103
2026-08-25 13:00:00,N07,-0.2672,0.00649,4.57,3.5412,0.000435,39.2,23.765664,86.419103
2026-08-25 14:00:00,N07,0.0259,0.006471,9.79,3.5416,0.000136,38.5,23.765664,86.419103
2026-08-25 15:00:00,N07,-0.0853,0.005593,8.0,3.5415,0.000118,37.3,23.765664,86.419103
2026-08-25 16:00:00,N07,-0.0747,0.005272,9.53,3.5413,0.00565,35.7,23.765664,86.419103
2026-08-25 17:00:00,N07,0.0088,0.594535,18.48,3.5528,0.005809,33.9,23.765664,86.419103
2026-08-25 18:00:00,N07,-0.2573,0.681142,21.82,3.553,0.005472,32.0,23.765664,86.419103
2026-08-25 19:00:00,N07,-0.0396,0.006741,1.55,3.5418,0.005259,30.0,23.765664,86.419103
2026-08-25 20:00:00,N07,-0.1256,0.00778,8.53,3.5424,0.000237,28.2,23.765664,86.419103
2026-08-25 21:00:00,N07,,,,,,,23.765664,86.419103
2026-08-25 22:00:00,N07,,,,,,,23.765664,86.419103
2026-08-25 23:00:00,N07,,,,,,,23.765664,86.419103
2026-08-26 00:00:00,N07,,,,,,,23.765664,86.419103
2026-08-26 01:00:00,N07,,,,,,,23.765664,86.419103
2026-08-26 02:00:00,N07,0.0149,0.005881,3.46,3.5429,0.000103,24.6,23.765664,86.419103
2026-08-26 03:00:00,N07,,,,,,,23.765664,86.419103
2026-08-26 04:00:00,N07,-0.2545,0.006455,9.21,3.5438,0.000348,27.3,23.765664,86.419103
2026-08-26 05:00:00,N07,-0.0732,0.007028,5.39,3.5443,0.000385,29.1,23.765664,86.419103
2026-08-26 06:00:00,N07,-0.161,0.007989,1.57,3.5445,0.000542,31.1,23.765664,86.419103
2026-08-26 07:00:00,N07,-0.1987,0.006853,8.18,3.5454,0.000653,33.0,23.765664,86.419103
2026-08-26 08:00:00,N07,0.2652,0.005266,9.01,3.5458,0.000552,34.8,23.765664,86.419103
2026-08-26 09:00:00,N07,-0.0519,0.009087,1.56,3.5465,0.00058,36.4,23.765664,86.419103
2026-08-26 10:00:00,N07,-0.1673,0.008858,7.89,3.547,0.00034,37.6,23.765664,86.419103
2026-08-26 11:00:00,N07,0.0941,0.005526,9.28,3.5472,0.006659,38.3,23.765664,86.419103
2026-08-26 12:00:00,N07,0.1214,0.960517,43.88,3.5337,0.000294,38.6,23.765664,86.419103
2026-08-26 13:00:00,N07,-0.0941,0.005176,1.65,3.5466,0.006315,38.3,23.765664,86.419103
2026-08-26 14:00:00,N07,0.2115,0.007065,6.21,3.5463,3e-06,37.6,23.765664,86.419103
2026-08-26 15:00:00,N07,0.0012,0.008091,3.45,3.5466,0.00082,36.4,23.765664,86.419103
2026-08-26 16:00:00,N07,-0.114,0.00568,8.53,3.5479,0.000841,34.8,23.765664,86.419103
2026-08-26 17:00:00,N07,-0.1323,0.005178,7.05,3.5483,0.000377,33.0,23.765664,86.419103
2026-08-26 18:00:00,N07,0.0279,0.006222,1.44,3.5487,0.000127,31.1,23.765664,86.419103
2026-08-26 19:00:00,N07,0.2757,0.005242,9.34,3.5486,0.000343,29.1,23.765664,86.419103
2026-08-26 20:00:00,N07,,,,,,,23.765664,86.419103
2026-08-26 21:00:00,N07,,,,,,,23.765664,86.419103
2026-08-26 22:00:00,N07,,,,,,,23.765664,86.419103
2026-08-26 23:00:00,N07,-0.024,0.008165,9.26,3.5485,0.000149,23.8,23.765664,86.419103
2026-08-27 00:00:00,N07,-0.0962,0.005568,8.53,3.548,1.2e-05,24.7,23.765664,86.419103
2026-08-27 01:00:00,N07,-0.0302,0.005564,7.26,3.5485,0.000506,24.9,23.765664,86.419103
2026-08-27 02:00:00,N07,,,,,,,23.765664,86.419103
2026-08-27 03:00:00,N07,,,,,,,23.765664,86.419103
2026-08-27 04:00:00,N07,,,,,,,23.765664,86.419103
2026-08-27 05:00:00,N07,,,,,,,23.765664,86.419103
2026-08-27 06:00:00,N07,0.0451,0.006547,5.66,3.5516,0.00822,32.2,23.765664,86.419103
2026-08-27 07:00:00,N07,,,,,,,23.765664,86.419103
2026-08-27 08:00:00,N07,,,,,,,23.765664,86.419103
2026-08-27 09:00:00,N07,,,,,,,23.765664,86.419103
2026-08-27 10:00:00,N07,,,,,,,23.765664,86.419103
2026-08-27 11:00:00,N07,,,,,,,23.765664,86.419103
2026-08-27 12:00:00,N07,-0.1272,0.007669,9.78,3.5525,0.000436,39.7,23.765664,86.419103
2026-08-27 13:00:00,N07,0.0987,0.006076,3.87,3.5532,0.0003,39.4,23.765664,86.419103
2026-08-27 14:00:00,N07,0.1313,0.005682,7.49,3.5531,0.000242,38.7,23.765664,86.419103
2026-08-27 15:00:00,N07,0.1123,0.005054,4.13,3.5537,0.000577,37.5,23.765664,86.419103
2026-08-27 16:00:00,N07,,,,,,,23.765664,86.419103
2026-08-27 17:00:00,N07,,,,,,,23.765664,86.419103
2026-08-27 18:00:00,N07,,,,,,,23.765664,86.419103
2026-08-27 19:00:00,N07,-0.0791,0.008699,9.51,3.5546,0.000528,30.2,23.765664,86.419103
2026-08-27 20:00:00,N07,-0.2823,0.00526,4.08,3.5552,0.00055,28.4,23.765664,86.419103
2026-08-27 21:00:00,N07,-0.1699,0.006521,5.7,3.5557,0.000368,26.9,23.765664,86.419103
2026-08-27 22:00:00,N07,-0.1813,0.005128,8.03,3.556,0.000218,25.7,23.765664,86.419103
2026-08-27 23:00:00,N07,0.146,0.006053,1.84,3.5562,0.000182,24.9,23.765664,86.419103
