timestamp,node_id,tilt_deg,vib_rms,vib_dom_freq_hz,strain_mm,crack_proxy,temp_c,lat,lng
2026-03-01 00:00:00,N09,-0.1941,0.006091,4.87,0.0,0.000507,25.8,23.766735,86.418658
2026-03-01 01:00:00,N09,0.1703,0.005495,9.82,0.0005,0.000234,26.1,23.766735,86.418658
2026-03-01 02:00:00,N09,-0.0951,0.006856,8.22,0.0005,0.000154,26.9,23.766735,86.418658
2026-03-01 03:00:00,N09,,,,,,,23.766735,86.418658
2026-03-01 04:00:00,N09,-0.0838,0.006406,4.43,0.0005,1.7e-05,29.6,23.766735,86.418658
2026-03-01 05:00:00,N09,0.0923,0.008725,1.52,0.0009,6.3e-05,31.4,23.766735,86.418658
2026-03-01 06:00:00,N09,0.0144,0.006136,8.03,0.0007,8.8e-05,33.3,23.766735,86.418658
2026-03-01 07:00:00,N09,0.129,0.005721,8.7,0.001,4.6e-05,35.3,23.766735,86.418658
2026-03-01 08:00:00,N09,0.0588,0.006492,9.63,0.0008,0.000148,37.1,23.766735,86.418658
2026-03-01 09:00:00,N09,-0.2132,0.007982,5.51,0.0013,0.010243,38.6,23.766735,86.418658
2026-03-01 10:00:00,N09,0.2119,0.719145,19.42,0.0212,4e-06,39.8,23.766735,86.418658
2026-03-01 11:00:00,N09,0.0905,0.007735,6.26,0.0013,0.009931,40.6,23.766735,86.418658
2026-03-01 12:00:00,N09,0.0741,0.005408,4.48,0.0014,0.000156,40.8,23.766735,86.418658
2026-03-01 13:00:00,N09,-0.1146,0.005101,6.13,0.0017,9.4e-05,40.6,23.766735,86.418658
2026-03-01 14:00:00,N09,0.1484,0.005097,8.89,0.0016,0.000326,39.8,23.766735,86.418658
2026-03-01 15:00:00,N09,0.0594,0.008445,4.19,0.0023,0.000444,38.6,23.766735,86.418658
2026-03-01 16:00:00,N09,-0.033,0.005663,1.8,0.0025,0.000166,37.1,23.766735,86.418658
2026-03-01 17:00:00,N09,0.0842,0.006022,7.2,0.002,0.000221,35.3,23.766735,86.418658
2026-03-01 18:00:00,N09,0.2938,0.00681,3.88,0.0029,0.000429,33.3,23.766735,86.418658
2026-03-01 19:00:00,N09,-0.2059,0.008984,3.84,0.0028,2e-06,31.4,23.766735,86.418658
2026-03-01 20:00:00,N09,,,,,,,23.766735,86.418658
2026-03-01 21:00:00,N09,,,,,,,23.766735,86.418658
2026-03-01 22:00:00,N09,,,,,,,23.766735,86.418658
2026-03-01 23:00:00,N09,,,,,,,23.766735,86.418658
2026-03-02 00:00:00,N09,,,,,,,23.766735,86.418658
2026-03-02 01:00:00,N09,0.0886,0.006824,1.98,0.002,0.000468,27.4,23.766735,86.418658
2026-03-02 02:00:00,N09,-0.0083,0.006077,4.18,0.0022,0.000152,28.2,23.766735,86.418658
2026-03-02 03:00:00,N09,0.1245,0.007373,5.55,0.0023,0.000115,29.4,23.766735,86.418658
2026-03-02 04:00:00,N09,0.088,0.006695,7.13,0.002,0.000168,30.9,23.766735,86.418658
2026-03-02 05:00:00,N09,0.1715,0.00581,7.2,0.002,0.003197,32.7,23.766735,86.418658
2026-03-02 06:00:00,N09,-0.0046,0.65277,29.83,0.0084,0.000374,34.7,23.766735,86.418658
2026-03-02 07:00:00,N09,0.0452,0.007833,5.24,0.0028,0.002991,36.6,23.766735,86.418658
2026-03-02 08:00:00,N09,,,,,,,23.766735,86.418658
2026-03-02 09:00:00,N09,,,,,,,23.766735,86.418658
2026-03-02 10:00:00,N09,,,,,,,23.766735,86.418658
2026-03-02 11:00:00,N09,,,,,,,23.766735,86.418658
2026-03-02 12:00:00,N09,-0.1428,0.780826,46.33,0.016,0.006824,42.2,23.766735,86.418658
2026-03-02 13:00:00,N09,0.1571,0.911577,36.98,0.0157,0.00659,41.9,23.766735,86.418658
2026-03-02 14:00:00,N09,0.1252,0.005961,8.13,0.0028,0.006557,41.2,23.766735,86.418658
2026-03-02 15:00:00,N09,-0.09,0.005674,9.57,0.0026,0.000171,40.0,23.766735,86.418658
2026-03-02 16:00:00,N09,0.0007,0.005836,6.87,0.0024,6e-06,38.4,23.766735,86.418658
2026-03-02 17:00:00,N09,0.316,0.005181,8.5,0.0026,0.000393,36.6,23.766735,86.418658
2026-03-02 18:00:00,N09,-0.0211,0.005367,6.31,0.0032,8.9e-05,34.7,23.766735,86.418658
2026-03-02 19:00:00,N09,0.1772,0.006423,3.55,0.0024,0.000623,32.7,23.766735,86.418658
2026-03-02 20:00:00,N09,-0.0933,0.006675,4.81,0.002,5.5e-05,30.9,23.766735,86.418658
2026-03-02 21:00:00,N09,-0.0677,0.006173,8.1,0.0023,0.000113,29.4,23.766735,86.418658
2026-03-02 22:00:00,N09,-0.118,0.005221,3.44,0.0022,0.000118,28.2,23.766735,86.418658
2026-03-02 23:00:00,N09,0.1187,0.006894,8.44,0.0025,0.000268,27.4,23.766735,86.418658
2026-03-03 00:00:00,N09,0.166,0.005049,6.45,0.0027,0.000171,23.4,23.766735,86.418658
2026-03-03 01:00:00,N09,-0.3371,0.008887,8.99,0.0022,0.000191,23.7,23.766735,86.418658
2026-03-03 02:00:00,N09,-0.1346,0.005087,7.74,0.0023,2.8e-05,24.4,23.766735,86.418658
2026-03-03 03:00:00,N09,-0.2514,0.007147,5.25,0.0022,0.000117,25.6,23.766735,86.418658
2026-03-03 04:00:00,N09,-0.2046,0.007229,8.37,0.0021,0.00031,27.2,23.766735,86.418658
2026-03-03 05:00:00,N09,0.1297,0.005985,6.37,0.0029,0.000436,29.0,23.766735,86.418658
2026-03-03 06:00:00,N09,,,,,,,23.766735,86.418658
2026-03-03 07:00:00,N09,,,,,,,23.766735,86.418658
2026-03-03 08:00:00,N09,,,,,,,23.766735,86.418658
2026-03-03 09:00:00,N09,,,,,,,23.766735,86.418658
2026-03-03 10:00:00,N09,0.1127,0.654596,49.99,0.019,0.000185,37.4,23.766735,86.418658
2026-03-03 11:00:00,N09,-0.0801,0.007166,2.25,0.0034,0.007409,38.2,23.766735,86.418658
2026-03-03 12:00:00,N09,-0.0382,0.005399,3.69,0.0042,0.000404,38.4,23.766735,86.418658
2026-03-03 13:00:00,N09,-0.0897,0.005566,3.9,0.0042,0.008337,38.2,23.766735,86.418658
2026-03-03 14:00:00,N09,0.113,0.776798,20.98,0.0209,8.3e-05,37.4,23.766735,86.418658
2026-03-03 15:00:00,N09,0.1062,0.008238,1.0,0.0044,0.008029,36.2,23.766735,86.418658
2026-03-03 16:00:00,N09,,,,,,,23.766735,86.418658
2026-03-03 17:00:00,N09,,,,,,,23.766735,86.418658
2026-03-03 18:00:00,N09,,,,,,,23.766735,86.418658
2026-03-03 19:00:00,N09,,,,,,,23.766735,86.418658
2026-03-03 20:00:00,N09,,,,,,,23.766735,86.418658
2026-03-03 21:00:00,N09,-0.1158,0.005419,9.84,0.0025,0.000372,25.6,23.766735,86.418658
2026-03-03 22:00:00,N09,-0.3756,0.005267,9.63,0.0024,0.000147,24.4,23.766735,86.418658
2026-03-03 23:00:00,N09,0.0328,0.005775,8.72,0.0028,0.000338,23.7,23.766735,86.418658
2026-03-04 00:00:00,N09,0.1231,0.005042,1.28,0.003,0.000186,22.8,23.766735,86.418658
2026-03-04 01:00:00,N09,0.1683,0.006833,3.69,0.0024,0.000413,23.0,23.766735,86.418658
2026-03-04 02:00:00,N09,0.0389,0.006388,2.3,0.0022,3.2e-05,23.8,23.766735,86.418658
2026-03-04 03:00:00,N09,0.0248,0.005182,1.12,0.0023,7.4e-05,25.0,23.766735,86.418658
2026-03-04 04:00:00,N09,0.1282,0.00965,3.76,0.0021,0.000572,26.5,23.766735,86.418658
2026-03-04 05:00:00,N09,,,,,,,23.766735,86.418658
2026-03-04 06:00:00,N09,,,,,,,23.766735,86.418658
2026-03-04 07:00:00,N09,-0.5393,0.005326,2.96,0.0019,0.000308,32.2,23.766735,86.418658
2026-03-04 08:00:00,N09,,,,,,,23.766735,86.418658
2026-03-04 09:00:00,N09,-0.0785,0.008228,5.53,0.0012,0.000542,35.6,23.766735,86.418658
2026-03-04 10:00:00,N09,,,,,,,23.766735,86.418658
2026-03-04 11:00:00,N09,,,,,,,23.766735,86.418658
2026-03-04 12:00:00,N09,,,,,,,23.766735,86.418658
2026-03-04 13:00:00,N09,,,,,,,23.766735,86.418658
2026-03-04 14:00:00,N09,,,,,,,23.766735,86.418658
2026-03-04 15:00:00,N09,,,,,,,23.766735,86.418658
2026-03-04 16:00:00,N09,,,,,,,23.766735,86.418658
2026-03-04 17:00:00,N09,,,,,,,23.766735,86.418658
2026-03-04 18:00:00,N09,-0.1736,0.007101,1.55,0.0021,0.000558,30.3,23.766735,86.418658
2026-03-04 19:00:00,N09,,,,,,,23.766735,86.418658
2026-03-04 20:00:00,N09,,,,,,,23.766735,86.418658
2026-03-04 21:00:00,N09,0.181,0.005892,5.51,0.0023,8.9e-05,25.0,23.766735,86.418658
2026-03-04 22:00:00,N09,,,,,,,23.766735,86.418658
2026-03-04 23:00:00,N09,,,,,,,23.766735,86.418658
2026-03-05 00:00:00,N09,,,,,,,23.766735,86.418658
2026-03-05 01:00:00,N09,,,,,,,23.766735,86.418658
2026-03-05 02:00:00,N09,,,,,,,23.766735,86.418658
2026-03-05 03:00:00,N09,-0.0378,0.006698,6.57,0.0019,9.7e-05,26.3,23.766735,86.418658
2026-03-05 04:00:00,N09,0.0359,0.008638,8.77,0.0019,0.000623,27.9,23.766735,86.418658
2026-03-05 05:00:00,N09,-0.0579,0.006193,2.15,0.0007,0.000578,29.7,23.766735,86.418658
2026-03-05 06:00:00,N09,-0.0409,0.005951,4.76,0.0008,0.000327,31.6,23.766735,86.418658
2026-03-05 07:00:00,N09,-0.2452,0.006587,1.93,0.0013,0.000562,33.6,23.766735,86.418658
2026-03-05 08:00:00,N09,0.2894,0.006403,9.35,0.0019,0.000317,35.4,23.766735,86.418658
2026-03-05 09:00:00,N09,-0.0681,0.005638,5.12,0.002,0.0003,36.9,23.766735,86.418658
2026-03-05 10:00:00,N09,,,,,,,23.766735,86.418658
2026-03-05 11:00:00,N09,,,,,,,23.766735,86.418658
2026-03-05 12:00:00,N09,,,,,,,23.766735,86.418658
2026-03-05 13:00:00,N09,,,,,,,23.766735,86.418658
2026-03-05 14:00:00,N09,,,,,,,23.766735,86.418658
2026-03-05 15:00:00,N09,,,,,,,23.766735,86.418658
2026-03-05 16:00:00,N09,,,,,,,23.766735,86.418658
2026-03-05 17:00:00,N09,-0.1971,0.00566,7.57,0.0041,0.005376,33.6,23.766735,86.418658
2026-03-05 18:00:00,N09,0.0891,0.006037,5.93,0.0035,0.000164,31.6,23.766735,86.418658
2026-03-05 19:00:00,N09,0.009,0.0073,9.72,0.0038,0.000181,29.7,23.766735,86.418658
2026-03-05 20:00:00,N09,0.1128,0.007481,5.84,0.0039,1e-05,27.9,23.766735,86.418658
2026-03-05 21:00:00,N09,0.2071,0.005042,9.24,0.0038,0.000233,26.3,23.766735,86.418658
2026-03-05 22:00:00,N09,0.082,0.008939,8.31,0.0044,6.3e-05,25.1,23.766735,86.418658
2026-03-05 23:00:00,N09,0.0409,0.008651,9.4,0.0039,9.9e-05,24.4,23.766735,86.418658
2026-03-06 00:00:00,N09,-0.0885,0.00503,9.83,0.0042,0.000215,26.4,23.766735,86.418658
2026-03-06 01:00:00,N09,0.006,0.00626,9.65,0.0043,0.000361,26.6,23.766735,86.418658
2026-03-06 02:00:00,N09,0.0431,0.005683,9.06,0.0049,0.0002,27.4,23.766735,86.418658
2026-03-06 03:00:00,N09,-0.0523,0.00626,1.42,0.0039,6.5e-05,28.6,23.766735,86.418658
2026-03-06 04:00:00,N09,,,,,,,23.766735,86.418658
2026-03-06 05:00:00,N09,0.1341,0.009318,2.71,0.0047,0.000183,31.9,23.766735,86.418658
2026-03-06 06:00:00,N09,,,,,,,23.766735,86.418658
2026-03-06 07:00:00,N09,,,,,,,23.766735,86.418658
2026-03-06 08:00:00,N09,0.3782,0.005504,5.67,0.0056,0.000131,37.6,23.766735,86.418658
2026-03-06 09:00:00,N09,-0.0636,0.005685,2.48,0.0053,0.000279,39.2,23.766735,86.418658
2026-03-06 10:00:00,N09,0.0036,0.006134,5.02,0.0062,5.2e-05,40.4,23.766735,86.418658
2026-03-06 11:00:00,N09,,,,,,,23.766735,86.418658
2026-03-06 12:00:00,N09,-0.0211,0.006082,8.39,0.0055,0.000185,41.4,23.766735,86.418658
2026-03-06 13:00:00,N09,-0.0184,0.00525,5.67,0.0056,4.4e-05,41.1,23.766735,86.418658
2026-03-06 14:00:00,N09,0.1834,0.006284,5.14,0.0054,0.003923,40.4,23.766735,86.418658
2026-03-06 15:00:00,N09,0.0311,0.513137,43.0,0.0134,0.001087,39.2,23.766735,86.418658
2026-03-06 16:00:00,N09,,,,,,,23.766735,86.418658
2026-03-06 17:00:00,N09,,,,,,,23.766735,86.418658
2026-03-06 18:00:00,N09,,,,,,,23.766735,86.418658
2026-03-06 19:00:00,N09,,,,,,,23.766735,86.418658
2026-03-06 20:00:00,N09,,,,,,,23.766735,86.418658
2026-03-06 21:00:00,N09,0.0797,0.006087,3.33,0.0061,0.000388,28.6,23.766735,86.418658
2026-03-06 22:00:00,N09,-0.1576,0.00742,9.48,0.0054,0.000654,27.4,23.766735,86.418658
2026-03-06 23:00:00,N09,0.1614,0.005501,7.21,0.0048,0.000121,26.6,23.766735,86.418658
2026-03-07 00:00:00,N09,0.327,0.007495,5.4,0.0052,0.000361,25.2,23.766735,86.418658
2026-03-07 01:00:00,N09,0.0025,0.005953,7.89,0.0055,6.8e-05,25.4,23.766735,86.418658
2026-03-07 02:00:00,N09,-0.0593,0.006874,2.24,0.0053,0.000482,26.2,23.766735,86.418658
2026-03-07 03:00:00,N09,-0.2327,0.005942,5.22,0.0045,0.000731,27.4,23.766735,86.418658
2026-03-07 04:00:00,N09,0.0882,0.008524,3.85,0.0039,8.5e-05,28.9,23.766735,86.418658
2026-03-07 05:00:00,N09,-0.34,0.008551,4.12,0.0044,0.000267,30.7,23.766735,86.418658
2026-03-07 06:00:00,N09,0.0791,0.00706,4.39,0.0044,0.000226,32.7,23.766735,86.418658
2026-03-07 07:00:00,N09,,,,,,,23.766735,86.418658
2026-03-07 08:00:00,N09,,,,,,,23.766735,86.418658
2026-03-07 09:00:00,N09,,,,,,,23.766735,86.418658
2026-03-07 10:00:00,N09,-0.3445,0.010002,3.96,0.0016,0.000803,39.2,23.766735,86.418658
2026-03-07 11:00:00,N09,-0.0744,0.007033,6.01,0.0011,0.003359,39.9,23.766735,86.418658
2026-03-07 12:00:00,N09,-0.0749,0.645226,45.37,0.0083,0.000743,40.2,23.766735,86.418658
2026-03-07 13:00:00,N09,0.0016,0.007385,4.69,-0.0004,0.004171,39.9,23.766735,86.418658
2026-03-07 14:00:00,N09,,,,,,,23.766735,86.418658
2026-03-07 15:00:00,N09,,,,,,,23.766735,86.418658
2026-03-07 16:00:00,N09,,,,,,,23.766735,86.418658
2026-03-07 17:00:00,N09,,,,,,,23.766735,86.418658
2026-03-07 18:00:00,N09,-0.1213,0.007899,7.28,-0.0025,6.2e-05,32.7,23.766735,86.418658
2026-03-07 19:00:00,N09,-0.1633,0.005741,2.36,-0.0024,0.000275,30.7,23.766735,86.418658
2026-03-07 20:00:00,N09,0.2635,0.005523,5.52,-0.003,0.000484,28.9,23.766735,86.418658
2026-03-07 21:00:00,N09,0.0302,0.00703,2.85,-0.0034,0.000422,27.4,23.766735,86.418658
2026-03-07 22:00:00,N09,0.1427,0.008204,1.17,-0.0039,0.000305,26.2,23.766735,86.418658
2026-03-07 23:00:00,N09,-0.167,0.00536,7.73,-0.004,0.000379,25.4,23.766735,86.418658
2026-03-08 00:00:00,N09,-0.3505,0.006125,6.41,-0.0046,0.000228,22.6,23.766735,86.418658
2026-03-08 01:00:00,N09,-0.018,0.007045,8.36,-0.0044,0.0001,22.9,23.766735,86.418658
2026-03-08 02:00:00,N09,,,,,,,23.766735,86.418658
2026-03-08 03:00:00,N09,,,,,,,23.766735,86.418658
2026-03-08 04:00:00,N09,,,,,,,23.766735,86.418658
2026-03-08 05:00:00,N09,,,,,,,23.766735,86.418658
2026-03-08 06:00:00,N09,,,,,,,23.766735,86.418658
2026-03-08 07:00:00,N09,-0.0941,0.007197,2.48,-0.0038,0.008846,32.1,23.766735,86.418658
2026-03-08 08:00:00,N09,-0.2055,0.932659,25.85,0.014,0.000303,33.9,23.766735,86.418658
2026-03-08 09:00:00,N09,0.0799,0.005225,8.93,-0.0044,0.009287,35.4,23.766735,86.418658
2026-03-08 10:00:00,N09,0.1775,0.00514,9.7,-0.0046,2.3e-05,36.6,23.766735,86.418658
2026-03-08 11:00:00,N09,-0.0133,0.005604,4.84,-0.0045,1.4e-05,37.4,23.766735,86.418658
2026-03-08 12:00:00,N09,0.11,0.008829,3.19,-0.0046,0.003074,37.6,23.766735,86.418658
2026-03-08 13:00:00,N09,0.1048,0.925986,22.47,-0.0106,0.000753,37.4,23.766735,86.418658
2026-03-08 14:00:00,N09,0.2817,0.005522,6.87,-0.0061,0.003358,36.6,23.766735,86.418658
2026-03-08 15:00:00,N09,0.149,0.651318,41.33,-0.0174,0.000155,35.4,23.766735,86.418658
2026-03-08 16:00:00,N09,-0.2449,0.010783,3.56,-0.0064,0.005196,33.9,23.766735,86.418658
2026-03-08 17:00:00,N09,0.0369,0.007841,5.87,-0.007,0.00015,32.1,23.766735,86.418658
2026-03-08 18:00:00,N09,-0.0332,0.007075,3.45,-0.0067,7.5e-05,30.1,23.766735,86.418658
2026-03-08 19:00:00,N09,-0.1452,0.007804,5.26,-0.0071,0.00021,28.2,23.766735,86.418658
2026-03-08 20:00:00,N09,0.0595,0.006544,3.82,-0.0071,0.000238,26.4,23.766735,86.418658
2026-03-08 21:00:00,N09,-0.0819,0.005299,9.94,-0.0076,0.000459,24.8,23.766735,86.418658
2026-03-08 22:00:00,N09,0.1922,0.005382,8.98,-0.008,0.000389,23.6,23.766735,86.418658
2026-03-08 23:00:00,N09,,,,,,,23.766735,86.418658
2026-03-09 00:00:00,N09,,,,,,,23.766735,86.418658
2026-03-09 01:00:00,N09,,,,,,,23.766735,86.418658
2026-03-09 02:00:00,N09,,,,,,,23.766735,86.418658
2026-03-09 03:00:00,N09,,,,,,,23.766735,86.418658
2026-03-09 04:00:00,N09,,,,,,,23.766735,86.418658
2026-03-09 05:00:00,N09,,,,,,,23.766735,86.418658
2026-03-09 06:00:00,N09,,,,,,,23.766735,86.418658
2026-03-09 07:00:00,N09,-0.1834,0.961253,17.2,0.0043,0.008268,34.9,23.766735,86.418658
2026-03-09 08:00:00,N09,-0.1516,0.006293,6.44,-0.0115,0.007934,36.7,23.766735,86.418658
2026-03-09 09:00:00,N09,0.1113,0.008827,2.77,-0.0115,0.00042,38.3,23.766735,86.418658
2026-03-09 10:00:00,N09,-0.12,0.006233,5.3,-0.0106,0.009153,39.5,23.766735,86.418658
2026-03-09 11:00:00,N09,-0.0567,0.948266,21.73,-0.0298,0.009874,40.2,23.766735,86.418658
2026-03-09 12:00:00,N09,-0.0796,0.802053,35.64,-0.0304,0.009628,40.5,23.766735,86.418658
2026-03-09 13:00:00,N09,0.0938,0.008109,7.97,-0.0106,0.010208,40.2,23.766735,86.418658
2026-03-09 14:00:00,N09,-0.2013,0.005466,6.69,-0.0099,0.000626,39.5,23.766735,86.418658
2026-03-09 15:00:00,N09,0.0728,0.005472,1.35,-0.0093,4.4e-05,38.3,23.766735,86.418658
2026-03-09 16:00:00,N09,0.1539,0.008395,5.88,-0.01,0.000341,36.7,23.766735,86.418658
2026-03-09 17:00:00,N09,0.0781,0.008205,5.58,-0.01,0.000123,34.9,23.766735,86.418658
2026-03-09 18:00:00,N09,-0.0691,0.007288,9.0,-0.0098,0.000147,33.0,23.766735,86.418658
2026-03-09 19:00:00,N09,-0.1267,0.009525,1.71,-0.0097,1.5e-05,31.0,23.766735,86.418658
2026-03-09 20:00:00,N09,0.0152,0.005275,9.83,-0.0098,0.000387,29.2,23.766735,86.418658
2026-03-09 21:00:00,N09,0.213,0.00801,2.43,-0.0105,0.000106,27.7,23.766735,86.418658
2026-03-09 22:00:00,N09,-0.001,0.006226,6.93,-0.01,0.000379,26.5,23.766735,86.418658
2026-03-09 23:00:00,N09,-0.0069,0.005308,1.48,-0.0097,0.000135,25.7,23.766735,86.418658
2026-03-10 00:00:00,N09,-0.2192,0.008762,4.88,-0.0098,0.000235,26.1,23.766735,86.418658
2026-03-10 01:00:00,N09,-0.1578,0.006595,3.59,-0.0102,0.000314,26.3,23.766735,86.418658
2026-03-10 02:00:00,N09,0.0937,0.005174,1.71,-0.0104,0.000179,27.1,23.766735,86.418658
2026-03-10 03:00:00,N09,-0.0377,0.005679,7.69,-0.0106,0.000496,28.3,23.766735,86.418658
2026-03-10 04:00:00,N09,0.1095,0.005942,8.23,-0.0114,0.000424,29.8,23.766735,86.418658
2026-03-10 05:00:00,N09,-0.0578,0.008115,4.36,-0.0114,0.000163,31.6,23.766735,86.418658
2026-03-10 06:00:00,N09,-0.1421,0.007737,6.6,-0.0111,0.000567,33.6,23.766735,86.418658
2026-03-10 07:00:00,N09,-0.1317,0.006557,6.42,-0.0103,0.00065,35.5,23.766735,86.418658
2026-03-10 08:00:00,N09,-0.2096,0.006238,2.86,-0.0098,0.000375,37.3,23.766735,86.418658
2026-03-10 09:00:00,N09,0.1876,0.005714,3.62,-0.0095,5e-06,38.9,23.766735,86.418658
2026-03-10 10:00:00,N09,-0.0863,0.005437,5.65,-0.0098,0.008596,40.1,23.766735,86.418658
2026-03-10 11:00:00,N09,-0.2025,0.550485,27.8,-0.0267,0.000355,40.8,23.766735,86.418658
2026-03-10 12:00:00,N09,0.2414,0.006198,1.53,-0.0091,0.008879,41.1,23.766735,86.418658
2026-03-10 13:00:00,N09,-0.34,0.007641,2.84,-0.009,0.010074,40.8,23.766735,86.418658
2026-03-10 14:00:00,N09,0.1064,0.513209,16.76,-0.0292,0.0001,40.1,23.766735,86.418658
2026-03-10 15:00:00,N09,0.2212,0.006163,1.64,-0.0088,0.009969,38.9,23.766735,86.418658
2026-03-10 16:00:00,N09,-0.1965,0.006288,6.76,-0.0093,0.000295,37.3,23.766735,86.418658
2026-03-10 17:00:00,N09,,,,,,,23.766735,86.418658
2026-03-10 18:00:00,N09,,,,,,,23.766735,86.418658
2026-03-10 19:00:00,N09,,,,,,,23.766735,86.418658
2026-03-10 20:00:00,N09,,,,,,,23.766735,86.418658
2026-03-10 21:00:00,N09,,,,,,,23.766735,86.418658
2026-03-10 22:00:00,N09,-0.1009,0.005142,9.94,-0.0097,0.000413,27.1,23.766735,86.418658
2026-03-10 23:00:00,N09,0.1773,0.006184,3.08,-0.01,0.000432,26.3,23.766735,86.418658
2026-03-11 00:00:00,N09,-0.023,0.005942,1.4,-0.0106,0.000193,23.7,23.766735,86.418658
2026-03-11 01:00:00,N09,,,,,,,23.766735,86.418658
2026-03-11 02:00:00,N09,,,,,,,23.766735,86.418658
2026-03-11 03:00:00,N09,,,,,,,23.766735,86.418658
2026-03-11 04:00:00,N09,,,,,,,23.766735,86.418658
2026-03-11 05:00:00,N09,-0.0935,0.008708,8.8,-0.0119,0.000934,29.3,23.766735,86.418658
2026-03-11 06:00:00,N09,0.011,0.00526,7.51,-0.0125,0.000616,31.2,23.766735,86.418658
2026-03-11 07:00:00,N09,-0.0897,0.00756,2.78,-0.0131,0.000247,33.2,23.766735,86.418658
2026-03-11 08:00:00,N09,-0.0006,0.008681,2.66,-0.013,0.000191,35.0,23.766735,86.418658
2026-03-11 09:00:00,N09,,,,,,,23.766735,86.418658
2026-03-11 10:00:00,N09,,,,,,,23.766735,86.418658
2026-03-11 11:00:00,N09,,,,,,,23.766735,86.418658
2026-03-11 12:00:00,N09,,,,,,,23.766735,86.418658
2026-03-11 13:00:00,N09,0.1152,0.005926,7.89,-0.013,0.000161,38.5,23.766735,86.418658
2026-03-11 14:00:00,N09,-0.3251,0.009069,5.92,-0.0135,0.000236,37.7,23.766735,86.418658
2026-03-11 15:00:00,N09,0.0117,0.005435,7.54,-0.0135,4.1e-05,36.5,23.766735,86.418658
2026-03-11 16:00:00,N09,,,,,,,23.766735,86.418658
2026-03-11 17:00:00,N09,0.0779,0.005734,7.23,-0.0135,0.000465,33.2,23.766735,86.418658
2026-03-11 18:00:00,N09,-0.3542,0.006929,5.07,-0.0126,0.0003,31.2,23.766735,86.418658
2026-03-11 19:00:00,N09,0.2001,0.007452,4.18,-0.0129,0.000235,29.3,23.766735,86.418658
2026-03-11 20:00:00,N09,-0.1504,0.005815,1.68,-0.0131,0.000132,27.5,23.766735,86.418658
2026-03-11 21:00:00,N09,-0.0098,0.007014,9.83,-0.0127,0.000273,25.9,23.766735,86.418658
2026-03-11 22:00:00,N09,-0.1677,0.005409,2.94,-0.0126,5.4e-05,24.7,23.766735,86.418658
2026-03-11 23:00:00,N09,-0.1509,0.006501,9.46,-0.0128,0.000173,24.0,23.766735,86.418658
2026-03-12 00:00:00,N09,-0.1021,0.007422,9.45,-0.0129,0.000539,25.3,23.766735,86.418658
2026-03-12 01:00:00,N09,0.0592,0.005134,4.37,-0.0139,0.00039,25.6,23.766735,86.418658
2026-03-12 02:00:00,N09,-0.1132,0.005381,6.82,-0.0137,0.000152,26.3,23.766735,86.418658
2026-03-12 03:00:00,N09,-0.1171,0.005847,8.26,-0.0135,0.000437,27.5,23.766735,86.418658
2026-03-12 04:00:00,N09,-0.0701,0.005151,5.92,-0.0128,8.1e-05,29.1,23.766735,86.418658
2026-03-12 05:00:00,N09,-0.0051,0.011174,5.19,-0.0137,0.000605,30.9,23.766735,86.418658
2026-03-12 06:00:00,N09,-0.109,0.006794,8.06,-0.014,0.000213,32.8,23.766735,86.418658
2026-03-12 07:00:00,N09,,,,,,,23.766735,86.418658
2026-03-12 08:00:00,N09,,,,,,,23.766735,86.418658
2026-03-12 09:00:00,N09,,,,,,,23.766735,86.418658
2026-03-12 10:00:00,N09,-0.0169,0.006841,5.13,-0.0154,0.004084,39.3,23.766735,86.418658
2026-03-12 11:00:00,N09,0.1158,0.774716,36.04,-0.0229,0.005644,40.0,23.766735,86.418658
2026-03-12 12:00:00,N09,0.0514,0.671978,41.62,-0.0041,2.8e-05,40.3,23.766735,86.418658
2026-03-12 13:00:00,N09,0.0137,0.94156,45.79,-0.0228,0.005856,40.0,23.766735,86.418658
2026-03-12 14:00:00,N09,0.0459,0.007353,7.99,-0.0158,0.003739,39.3,23.766735,86.418658
2026-03-12 15:00:00,N09,-0.0027,0.006362,4.73,-0.0153,0.000259,38.1,23.766735,86.418658
2026-03-12 16:00:00,N09,-0.1179,0.005596,1.61,-0.0153,6.3e-05,36.6,23.766735,86.418658
2026-03-12 17:00:00,N09,,,,,,,23.766735,86.418658
2026-03-12 18:00:00,N09,,,,,,,23.766735,86.418658
2026-03-12 19:00:00,N09,,,,,,,23.766735,86.418658
2026-03-12 20:00:00,N09,,,,,,,23.766735,86.418658
2026-03-12 21:00:00,N09,,,,,,,23.766735,86.418658
2026-03-12 22:00:00,N09,0.0285,0.005788,6.26,-0.0155,2e-05,26.3,23.766735,86.418658
2026-03-12 23:00:00,N09,-0.1638,0.00559,1.57,-0.0156,0.000189,25.6,23.766735,86.418658
2026-03-13 00:00:00,N09,,,,,,,23.766735,86.418658
2026-03-13 01:00:00,N09,,,,,,,23.766735,86.418658
2026-03-13 02:00:00,N09,-0.1225,0.005246,1.43,-0.0158,7.1e-05,25.1,23.766735,86.418658
2026-03-13 03:00:00,N09,0.2533,0.007191,2.64,-0.0152,0.000115,26.3,23.766735,86.418658
2026-03-13 04:00:00,N09,0.0124,0.005569,6.55,-0.0156,0.00018,27.8,23.766735,86.418658
2026-03-13 05:00:00,N09,0.2333,0.005902,7.47,-0.0156,0.000326,29.6,23.766735,86.418658
2026-03-13 06:00:00,N09,0.0166,0.006886,9.09,-0.0149,0.000452,31.6,23.766735,86.418658
2026-03-13 07:00:00,N09,-0.1075,0.006694,4.02,-0.0147,3e-06,33.5,23.766735,86.418658
2026-03-13 08:00:00,N09,0.1792,0.005624,1.86,-0.0149,0.000247,35.3,23.766735,86.418658
2026-03-13 09:00:00,N09,0.1736,0.005708,5.49,-0.0152,0.000369,36.9,23.766735,86.418658
2026-03-13 10:00:00,N09,0.0579,0.65907,16.11,-0.0142,0.004316,38.1,23.766735,86.418658
2026-03-13 11:00:00,N09,0.17,0.952923,47.09,-0.0238,0.000403,38.8,23.766735,86.418658
2026-03-13 12:00:00,N09,,,,,,,23.766735,86.418658
2026-03-13 13:00:00,N09,,,,,,,23.766735,86.418658
2026-03-13 14:00:00,N09,-0.3305,0.790003,40.89,-0.0303,0.008283,38.1,23.766735,86.418658
2026-03-13 15:00:00,N09,0.1897,0.005959,5.19,-0.0138,0.007738,36.9,23.766735,86.418658
2026-03-13 16:00:00,N09,0.1369,0.010682,1.08,-0.0148,0.000247,35.3,23.766735,86.418658
2026-03-13 17:00:00,N09,0.1537,0.006048,9.76,-0.0143,0.00019,33.5,23.766735,86.418658
2026-03-13 18:00:00,N09,,,,,,,23.766735,86.418658
2026-03-13 19:00:00,N09,,,,,,,23.766735,86.418658
2026-03-13 20:00:00,N09,,,,,,,23.766735,86.418658
2026-03-13 21:00:00,N09,,,,,,,23.766735,86.418658
2026-03-13 22:00:00,N09,-0.1687,0.008678,5.82,-0.0152,0.000233,25.1,23.766735,86.418658
2026-03-13 23:00:00,N09,-0.0152,0.005069,5.11,-0.0149,8.2e-05,24.3,23.766735,86.418658
2026-03-14 00:00:00,N09,0.0321,0.007421,5.75,-0.0151,4e-06,26.4,23.766735,86.418658
2026-03-14 01:00:00,N09,0.0293,0.009359,3.94,-0.0148,0.000187,26.6,23.766735,86.418658
2026-03-14 02:00:00,N09,0.0197,0.009664,3.09,-0.0155,0.000418,27.4,23.766735,86.418658
2026-03-14 03:00:00,N09,-0.1242,0.005857,4.46,-0.0157,2e-05,28.6,23.766735,86.418658
2026-03-14 04:00:00,N09,-0.0409,0.00568,8.0,-0.0154,0.000321,30.1,23.766735,86.418658
2026-03-14 05:00:00,N09,-0.0987,0.009096,3.7,-0.015,0.000358,31.9,23.766735,86.418658
2026-03-14 06:00:00,N09,0.2317,0.005778,1.83,-0.0147,0.000189,33.9,23.766735,86.418658
2026-03-14 07:00:00,N09,0.288,0.006536,5.16,-0.0147,7.9e-05,35.8,23.766735,86.418658
2026-03-14 08:00:00,N09,0.3192,0.005325,9.8,-0.0145,0.000303,37.6,23.766735,86.418658
2026-03-14 09:00:00,N09,-0.1986,0.006241,4.6,-0.0153,0.00037,39.2,23.766735,86.418658
2026-03-14 10:00:00,N09,0.0966,0.007079,7.58,-0.0153,2.9e-05,40.4,23.766735,86.418658
2026-03-14 11:00:00,N09,0.0568,0.00679,3.61,-0.0152,0.000262,41.1,23.766735,86.418658
2026-03-14 12:00:00,N09,-0.0273,0.005451,8.37,-0.0158,0.00048,41.4,23.766735,86.418658
2026-03-14 13:00:00,N09,-0.0661,0.008912,9.63,-0.0162,0.007287,41.1,23.766735,86.418658
2026-03-14 14:00:00,N09,-0.3336,0.820292,38.76,-0.0304,0.009525,40.4,23.766735,86.418658
2026-03-14 15:00:00,N09,0.1901,0.708547,15.24,-0.0352,0.007324,39.2,23.766735,86.418658
2026-03-14 16:00:00,N09,-0.0007,0.008104,2.18,-0.0157,0.009652,37.6,23.766735,86.418658
2026-03-14 17:00:00,N09,-0.1369,0.005979,1.48,-0.0159,2.8e-05,35.8,23.766735,86.418658
2026-03-14 18:00:00,N09,-0.0984,0.006413,2.8,-0.0157,1.2e-05,33.9,23.766735,86.418658
2026-03-14 19:00:00,N09,0.137,0.005506,4.32,-0.0159,0.000187,31.9,23.766735,86.418658
2026-03-14 20:00:00,N09,0.0902,0.005508,9.22,-0.0153,0.000317,30.1,23.766735,86.418658
2026-03-14 21:00:00,N09,,,,,,,23.766735,86.418658
2026-03-14 22:00:00,N09,,,,,,,23.766735,86.418658
2026-03-14 23:00:00,N09,-0.2944,0.007093,8.09,-0.0153,0.00016,26.6,23.766735,86.418658
2026-03-15 00:00:00,N09,0.0204,0.005315,1.43,-0.0151,0.000238,26.1,23.766735,86.418658
2026-03-15 01:00:00,N09,0.0516,0.005221,8.24,-0.0148,0.00024,26.4,23.766735,86.418658
2026-03-15 02:00:00,N09,-0.0824,0.006061,9.85,-0.0146,0.000669,27.1,23.766735,86.418658
2026-03-15 03:00:00,N09,,,,,,,23.766735,86.418658
2026-03-15 04:00:00,N09,0.2643,0.006165,5.06,-0.0127,0.000776,29.9,23.766735,86.418658
2026-03-15 05:00:00,N09,-0.0641,0.007305,5.57,-0.0119,0.006565,31.7,23.766735,86.418658
2026-03-15 06:00:00,N09,-0.1019,0.59944,17.45,0.0004,0.005582,33.6,23.766735,86.418658
2026-03-15 07:00:00,N09,-0.0267,0.535294,20.31,-0.0008,0.00411,35.6,23.766735,86.418658
2026-03-15 08:00:00,N09,,,,,,,23.766735,86.418658
2026-03-15 09:00:00,N09,,,,,,,23.766735,86.418658
2026-03-15 10:00:00,N09,,,,,,,23.766735,86.418658
2026-03-15 11:00:00,N09,0.1878,0.005608,3.07,-0.0043,0.000624,40.9,23.766735,86.418658
2026-03-15 12:00:00,N09,0.1314,0.005447,4.22,-0.0034,0.001212,41.1,23.766735,86.418658
2026-03-15 13:00:00,N09,0.0212,0.007326,9.16,-0.0018,0.001102,40.9,23.766735,86.418658
2026-03-15 14:00:00,N09,0.0096,0.006124,2.63,-0.0012,0.000687,40.1,23.766735,86.418658
2026-03-15 15:00:00,N09,0.1472,0.005588,4.07,-0.0005,0.00872,38.9,23.766735,86.418658
2026-03-15 16:00:00,N09,0.2526,0.719049,34.83,-0.0187,0.008449,37.4,23.766735,86.418658
2026-03-15 17:00:00,N09,0.3672,0.702671,24.14,-0.0174,0.010908,35.6,23.766735,86.418658
2026-03-15 18:00:00,N09,-0.0098,0.006661,8.58,0.0031,0.011185,33.6,23.766735,86.418658
2026-03-15 19:00:00,N09,,,,,,,23.766735,86.418658
2026-03-15 20:00:00,N09,,,,,,,23.766735,86.418658
2026-03-15 21:00:00,N09,,,,,,,23.766735,86.418658
2026-03-15 22:00:00,N09,,,,,,,23.766735,86.418658
2026-03-15 23:00:00,N09,,,,,,,23.766735,86.418658
2026-03-16 00:00:00,N09,-0.1351,0.008542,4.56,0.0074,0.000433,26.1,23.766735,86.418658
2026-03-16 01:00:00,N09,-0.0591,0.005886,1.53,0.0075,0.000227,26.3,23.766735,86.418658
2026-03-16 02:00:00,N09,0.1929,0.005327,3.05,0.0079,8.2e-05,27.1,23.766735,86.418658
2026-03-16 03:00:00,N09,0.2101,0.005222,8.67,0.0077,0.00012,28.3,23.766735,86.418658
2026-03-16 04:00:00,N09,0.1234,0.006719,4.94,0.0076,0.000155,29.8,23.766735,86.418658
2026-03-16 05:00:00,N09,-0.2652,0.006625,7.53,0.008,0.000417,31.6,23.766735,86.418658
2026-03-16 06:00:00,N09,0.176,0.005492,4.8,0.0085,2.2e-05,33.6,23.766735,86.418658
2026-03-16 07:00:00,N09,0.066,0.008595,1.01,0.008,3.9e-05,35.5,23.766735,86.418658
2026-03-16 08:00:00,N09,-0.0292,0.006031,2.29,0.0086,0.000142,37.3,23.766735,86.418658
2026-03-16 09:00:00,N09,0.037,0.006959,7.85,0.0083,0.000226,38.9,23.766735,86.418658
2026-03-16 10:00:00,N09,,,,,,,23.766735,86.418658
2026-03-16 11:00:00,N09,,,,,,,23.766735,86.418658
2026-03-16 12:00:00,N09,,,,,,,23.766735,86.418658
2026-03-16 13:00:00,N09,-0.1307,0.005435,6.25,0.0096,0.009599,40.8,23.766735,86.418658
2026-03-16 14:00:00,N09,-0.0458,0.007371,8.36,0.0089,0.008012,40.1,23.766735,86.418658
2026-03-16 15:00:00,N09,-0.1877,0.705279,43.55,0.0256,2e-06,38.9,23.766735,86.418658
2026-03-16 16:00:00,N09,0.0207,0.006684,2.24,0.0089,0.008593,37.3,23.766735,86.418658
2026-03-16 17:00:00,N09,0.0312,0.009057,7.09,0.0084,0.000582,35.5,23.766735,86.418658
2026-03-16 18:00:00,N09,-0.1253,0.005733,5.17,0.0077,0.000243,33.6,23.766735,86.418658
2026-03-16 19:00:00,N09,0.273,0.005909,8.78,0.0079,0.000111,31.6,23.766735,86.418658
2026-03-16 20:00:00,N09,-0.0032,0.006576,2.43,0.008,0.00018,29.8,23.766735,86.418658
2026-03-16 21:00:00,N09,-0.077,0.007395,7.21,0.0076,0.000108,28.3,23.766735,86.418658
2026-03-16 22:00:00,N09,0.1862,0.009152,1.22,0.0077,0.000406,27.1,23.766735,86.418658
2026-03-16 23:00:00,N09,0.2134,0.00507,4.82,0.0084,0.000282,26.3,23.766735,86.418658
2026-03-17 00:00:00,N09,0.0097,0.006499,6.56,0.0083,0.000313,22.7,23.766735,86.418658
2026-03-17 01:00:00,N09,-0.0177,0.005544,6.06,0.0078,0.000434,23.0,23.766735,86.418658
2026-03-17 02:00:00,N09,-0.1081,0.006157,1.92,0.0074,0.000448,23.7,23.766735,86.418658
2026-03-17 03:00:00,N09,-0.0421,0.007699,2.75,0.0069,0.000746,24.9,23.766735,86.418658
2026-03-17 04:00:00,N09,0.0657,0.005146,4.58,0.0059,0.000618,26.5,23.766735,86.418658
2026-03-17 05:00:00,N09,0.0986,0.007003,6.13,0.0056,2.9e-05,28.3,23.766735,86.418658
2026-03-17 06:00:00,N09,-0.0275,0.006107,9.41,0.0059,0.000379,30.2,23.766735,86.418658
2026-03-17 07:00:00,N09,0.0188,0.006715,9.0,0.0064,0.000173,32.2,23.766735,86.418658
2026-03-17 08:00:00,N09,0.0574,0.006658,9.88,0.0062,0.000336,34.0,23.766735,86.418658
2026-03-17 09:00:00,N09,-0.1061,0.005452,6.74,0.0057,0.000522,35.5,23.766735,86.418658
2026-03-17 10:00:00,N09,0.3142,0.005428,2.84,0.0052,0.00064,36.7,23.766735,86.418658
2026-03-17 11:00:00,N09,,,,,,,23.766735,86.418658
2026-03-17 12:00:00,N09,,,,,,,23.766735,86.418658
2026-03-17 13:00:00,N09,,,,,,,23.766735,86.418658
2026-03-17 14:00:00,N09,,,,,,,23.766735,86.418658
2026-03-17 15:00:00,N09,,,,,,,23.766735,86.418658
2026-03-17 16:00:00,N09,-0.2312,0.005526,8.39,0.0052,0.000131,34.0,23.766735,86.418658
2026-03-17 17:00:00,N09,-0.0804,0.005162,1.23,0.0058,5e-06,32.2,23.766735,86.418658
2026-03-17 18:00:00,N09,-0.1573,0.005289,7.01,0.0052,5.1e-05,30.2,23.766735,86.418658
2026-03-17 19:00:00,N09,0.0021,0.00544,6.12,0.0057,0.000199,28.3,23.766735,86.418658
2026-03-17 20:00:00,N09,0.1482,0.005606,7.57,0.0056,9.4e-05,26.5,23.766735,86.418658
2026-03-17 21:00:00,N09,-0.2881,0.005397,8.82,0.0058,5.6e-05,24.9,23.766735,86.418658
2026-03-17 22:00:00,N09,0.0686,0.007519,5.21,0.0057,6.7e-05,23.7,23.766735,86.418658
2026-03-17 23:00:00,N09,0.2134,0.006194,1.18,0.0057,2e-05,23.0,23.766735,86.418658
2026-03-18 00:00:00,N09,0.2019,0.005621,3.38,0.0058,0.00018,27.3,23.766735,86.418658
2026-03-18 01:00:00,N09,0.0684,0.006584,3.83,0.0061,0.000259,27.5,23.766735,86.418658
2026-03-18 02:00:00,N09,0.078,0.005038,6.27,0.0053,0.000571,28.3,23.766735,86.418658
2026-03-18 03:00:00,N09,0.2022,0.005739,4.23,0.0049,0.000297,29.5,23.766735,86.418658
2026-03-18 04:00:00,N09,-0.0573,0.006031,5.51,0.0047,0.000101,31.0,23.766735,86.418658
2026-03-18 05:00:00,N09,,,,,,,23.766735,86.418658
2026-03-18 06:00:00,N09,0.2463,0.839846,23.48,-0.0005,0.00061,34.8,23.766735,86.418658
2026-03-18 07:00:00,N09,0.2066,0.009122,1.47,0.0039,0.002098,36.7,23.766735,86.418658
2026-03-18 08:00:00,N09,0.2223,0.007756,2.02,0.0037,0.000646,38.5,23.766735,86.418658
2026-03-18 09:00:00,N09,,,,,,,23.766735,86.418658
2026-03-18 10:00:00,N09,,,,,,,23.766735,86.418658
2026-03-18 11:00:00,N09,,,,,,,23.766735,86.418658
2026-03-18 12:00:00,N09,,,,,,,23.766735,86.418658
2026-03-18 13:00:00,N09,,,,,,,23.766735,86.418658
2026-03-18 14:00:00,N09,-0.0621,0.006391,8.86,0.0011,0.000357,41.3,23.766735,86.418658
2026-03-18 15:00:00,N09,,,,,,,23.766735,86.418658
2026-03-18 16:00:00,N09,,,,,,,23.766735,86.418658
2026-03-18 17:00:00,N09,,,,,,,23.766735,86.418658
2026-03-18 18:00:00,N09,0.1324,0.005714,5.74,0.0009,0.004544,34.8,23.766735,86.418658
2026-03-18 19:00:00,N09,0.1516,0.006355,9.84,0.0014,0.00022,32.8,23.766735,86.418658
2026-03-18 20:00:00,N09,0.0557,0.007254,9.52,0.0014,0.000269,31.0,23.766735,86.418658
2026-03-18 21:00:00,N09,-0.0128,0.00619,3.64,0.0008,9.6e-05,29.5,23.766735,86.418658
2026-03-18 22:00:00,N09,,,,,,,23.766735,86.418658
2026-03-18 23:00:00,N09,,,,,,,23.766735,86.418658
2026-03-19 00:00:00,N09,,,,,,,23.766735,86.418658
2026-03-19 01:00:00,N09,,,,,,,23.766735,86.418658
2026-03-19 02:00:00,N09,0.1184,0.006461,7.58,0.0017,0.000223,27.2,23.766735,86.418658
2026-03-19 03:00:00,N09,-0.1463,0.005068,4.16,0.0025,0.000462,28.4,23.766735,86.418658
2026-03-19 04:00:00,N09,0.184,0.005091,3.23,0.0026,0.000134,29.9,23.766735,86.418658
2026-03-19 05:00:00,N09,0.1222,0.005324,2.05,0.0028,0.000111,31.7,23.766735,86.418658
2026-03-19 06:00:00,N09,-0.0535,0.006121,6.51,0.0028,0.000173,33.7,23.766735,86.418658
2026-03-19 07:00:00,N09,0.0929,0.007457,5.38,0.0031,0.000461,35.6,23.766735,86.418658
2026-03-19 08:00:00,N09,0.2906,0.007433,4.78,0.0037,0.007221,37.4,23.766735,86.418658
2026-03-19 09:00:00,N09,,,,,,,23.766735,86.418658
2026-03-19 10:00:00,N09,0.152,0.006395,7.49,0.0038,0.007097,40.1,23.766735,86.418658
2026-03-19 11:00:00,N09,0.2273,0.008679,8.94,0.0029,0.000527,40.9,23.766735,86.418658
2026-03-19 12:00:00,N09,-0.2004,0.005269,1.56,0.0027,3.2e-05,41.2,23.766735,86.418658
2026-03-19 13:00:00,N09,0.3224,0.006879,1.84,0.0029,0.002948,40.9,23.766735,86.418658
2026-03-19 14:00:00,N09,-0.2456,0.760659,30.28,-0.0032,0.000488,40.1,23.766735,86.418658
2026-03-19 15:00:00,N09,0.0408,0.005065,4.75,0.002,0.002722,39.0,23.766735,86.418658
2026-03-19 16:00:00,N09,0.3788,0.005657,3.85,0.0023,1.7e-05,37.4,23.766735,86.418658
2026-03-19 17:00:00,N09,-0.0819,0.008046,9.81,0.0019,0.000138,35.6,23.766735,86.418658
2026-03-19 18:00:00,N09,0.0421,0.005236,9.45,0.0025,0.000411,33.7,23.766735,86.418658
2026-03-19 19:00:00,N09,-0.1639,0.005969,9.47,0.0028,0.000189,31.7,23.766735,86.418658
2026-03-19 20:00:00,N09,,,,,,,23.766735,86.418658
2026-03-19 21:00:00,N09,,,,,,,23.766735,86.418658
2026-03-19 22:00:00,N09,,,,,,,23.766735,86.418658
2026-03-19 23:00:00,N09,,,,,,,23.766735,86.418658
2026-03-20 00:00:00,N09,-0.1498,0.006332,7.15,0.0026,0.000139,23.1,23.766735,86.418658
2026-03-20 01:00:00,N09,0.1938,0.007419,4.48,0.0028,0.000322,23.3,23.766735,86.418658
2026-03-20 02:00:00,N09,-0.0193,0.006673,9.38,0.0033,0.000363,24.1,23.766735,86.418658
2026-03-20 03:00:00,N09,,,,,,,23.766735,86.418658
2026-03-20 04:00:00,N09,,,,,,,23.766735,86.418658
2026-03-20 05:00:00,N09,0.0982,0.006103,3.09,0.0036,0.000126,28.6,23.766735,86.418658
2026-03-20 06:00:00,N09,0.1965,0.007838,2.71,0.0032,0.000234,30.6,23.766735,86.418658
2026-03-20 07:00:00,N09,0.0439,0.006217,4.44,0.0041,0.000187,32.5,23.766735,86.418658
2026-03-20 08:00:00,N09,,,,,,,23.766735,86.418658
2026-03-20 09:00:00,N09,-0.0059,0.00739,8.26,0.0034,0.000271,35.9,23.766735,86.418658
2026-03-20 10:00:00,N09,-0.0272,0.007887,4.47,0.003,0.000825,37.1,23.766735,86.418658
2026-03-20 11:00:00,N09,0.1043,0.00646,3.74,0.0018,0.001236,37.8,23.766735,86.418658
2026-03-20 12:00:00,N09,0.4338,0.008062,1.29,0.0005,0.001228,38.1,23.766735,86.418658
2026-03-20 13:00:00,N09,0.0806,0.005348,7.81,-0.0007,0.001116,37.8,23.766735,86.418658
2026-03-20 14:00:00,N09,0.1639,0.005611,8.0,-0.0017,0.001042,37.1,23.766735,86.418658
2026-03-20 15:00:00,N09,,,,,,,23.766735,86.418658
2026-03-20 16:00:00,N09,0.0292,0.974992,30.16,0.0078,0.001558,34.3,23.766735,86.418658
2026-03-20 17:00:00,N09,0.066,0.006499,4.23,-0.0059,0.007248,32.5,23.766735,86.418658
2026-03-20 18:00:00,N09,-0.2641,0.005222,7.09,-0.0067,0.000759,30.6,23.766735,86.418658
2026-03-20 19:00:00,N09,0.0622,0.006198,4.87,-0.0074,0.000332,28.6,23.766735,86.418658
2026-03-20 20:00:00,N09,0.0133,0.005076,5.93,-0.0073,1e-05,26.8,23.766735,86.418658
2026-03-20 21:00:00,N09,-0.164,0.005168,4.88,-0.0074,0.000496,25.3,23.766735,86.418658
2026-03-20 22:00:00,N09,,,,,,,23.766735,86.418658
2026-03-20 23:00:00,N09,,,,,,,23.766735,86.418658
2026-03-21 00:00:00,N09,,,,,,,23.766735,86.418658
2026-03-21 01:00:00,N09,-0.1453,0.007554,7.94,-0.011,0.001082,27.3,23.766735,86.418658
2026-03-21 02:00:00,N09,0.2877,0.005076,7.52,-0.0122,0.000955,28.0,23.766735,86.418658
2026-03-21 03:00:00,N09,-0.093,0.005075,5.61,-0.0129,0.00085,29.2,23.766735,86.418658
2026-03-21 04:00:00,N09,-0.1449,0.005499,9.78,-0.0139,0.000608,30.7,23.766735,86.418658
2026-03-21 05:00:00,N09,0.1836,0.00541,4.42,-0.0141,0.000812,32.6,23.766735,86.418658
2026-03-21 06:00:00,N09,0.0687,0.007628,3.04,-0.0156,0.001041,34.5,23.766735,86.418658
2026-03-21 07:00:00,N09,-0.0652,0.006459,3.12,-0.0162,0.003743,36.4,23.766735,86.418658
2026-03-21 08:00:00,N09,0.1151,0.974949,37.08,-0.023,0.003809,38.2,23.766735,86.418658
2026-03-21 09:00:00,N09,0.064,0.909273,37.47,-0.0238,0.002775,39.8,23.766735,86.418658
2026-03-21 10:00:00,N09,-0.0144,0.005922,7.94,-0.0175,0.003041,41.0,23.766735,86.418658
2026-03-21 11:00:00,N09,0.1613,0.006289,2.07,-0.0177,0.000303,41.7,23.766735,86.418658
2026-03-21 12:00:00,N09,-0.1439,0.010441,8.92,-0.0181,0.000339,42.0,23.766735,86.418658
2026-03-21 13:00:00,N09,0.0504,0.005654,7.93,-0.0184,0.000451,41.7,23.766735,86.418658
2026-03-21 14:00:00,N09,-0.1002,0.005014,4.4,-0.019,0.000483,41.0,23.766735,86.418658
2026-03-21 15:00:00,N09,-0.0984,0.006983,5.05,-0.0194,0.000534,39.8,23.766735,86.418658
2026-03-21 16:00:00,N09,0.1946,0.00557,2.51,-0.0201,0.00097,38.2,23.766735,86.418658
2026-03-21 17:00:00,N09,,,,,,,23.766735,86.418658
2026-03-21 18:00:00,N09,-0.2185,0.007284,7.03,-0.0229,0.001289,34.5,23.766735,86.418658
2026-03-21 19:00:00,N09,0.3765,0.010697,9.46,-0.0239,0.000265,32.6,23.766735,86.418658
2026-03-21 20:00:00,N09,0.1046,0.006945,9.15,-0.0234,0.000611,30.7,23.766735,86.418658
2026-03-21 21:00:00,N09,-0.2082,0.008153,1.72,-0.0227,9.9e-05,29.2,23.766735,86.418658
2026-03-21 22:00:00,N09,-0.0664,0.00802,2.2,-0.0232,0.000294,28.0,23.766735,86.418658
2026-03-21 23:00:00,N09,-0.0817,0.006315,4.4,-0.0233,0.000401,27.3,23.766735,86.418658
2026-03-22 00:00:00,N09,0.126,0.005917,6.18,-0.0224,0.00061,26.8,23.766735,86.418658
2026-03-22 01:00:00,N09,0.1711,0.006118,3.66,-0.022,0.000246,27.1,23.766735,86.418658
2026-03-22 02:00:00,N09,0.1707,0.007104,7.22,-0.022,0.000504,27.8,23.766735,86.418658
2026-03-22 03:00:00,N09,0.1106,0.005035,7.63,-0.021,0.000665,29.0,23.766735,86.418658
2026-03-22 04:00:00,N09,,,,,,,23.766735,86.418658
2026-03-22 05:00:00,N09,,,,,,,23.766735,86.418658
2026-03-22 06:00:00,N09,,,,,,,23.766735,86.418658
2026-03-22 07:00:00,N09,,,,,,,23.766735,86.418658
2026-03-22 08:00:00,N09,,,,,,,23.766735,86.418658
2026-03-22 09:00:00,N09,0.0551,0.007305,8.42,-0.0179,0.000433,39.6,23.766735,86.418658
2026-03-22 10:00:00,N09,-0.1018,0.007524,3.12,-0.0177,0.009245,40.8,23.766735,86.418658
2026-03-22 11:00:00,N09,,,,,,,23.766735,86.418658
2026-03-22 12:00:00,N09,,,,,,,23.766735,86.418658
2026-03-22 13:00:00,N09,,,,,,,23.766735,86.418658
2026-03-22 14:00:00,N09,0.106,0.005752,9.38,-0.0162,0.006965,40.8,23.766735,86.418658
2026-03-22 15:00:00,N09,0.3038,0.937076,47.61,-0.0312,0.007437,39.6,23.766735,86.418658
2026-03-22 16:00:00,N09,0.0365,0.840794,33.06,-0.031,0.008098,38.1,23.766735,86.418658
2026-03-22 17:00:00,N09,0.0555,0.005518,3.17,-0.015,0.00847,36.3,23.766735,86.418658
2026-03-22 18:00:00,N09,0.1272,0.006205,7.35,-0.0141,0.000754,34.3,23.766735,86.418658
2026-03-22 19:00:00,N09,0.1064,0.005857,1.71,-0.0135,4e-05,32.4,23.766735,86.418658
2026-03-22 20:00:00,N09,-0.0505,0.005177,1.12,-0.014,0.000247,30.6,23.766735,86.418658
2026-03-22 21:00:00,N09,0.085,0.005001,4.58,-0.014,4.3e-05,29.0,23.766735,86.418658
2026-03-22 22:00:00,N09,-0.0261,0.005771,9.76,-0.0139,0.000237,27.8,23.766735,86.418658
2026-03-22 23:00:00,N09,-0.0612,0.008253,7.24,-0.0135,0.000128,27.1,23.766735,86.418658
2026-03-23 00:00:00,N09,-0.0056,0.006462,1.67,-0.0137,0.000213,26.1,23.766735,86.418658
2026-03-23 01:00:00,N09,-0.0391,0.006227,5.08,-0.0131,0.000895,26.3,23.766735,86.418658
2026-03-23 02:00:00,N09,-0.2916,0.005849,8.75,-0.0119,0.001235,27.1,23.766735,86.418658
2026-03-23 03:00:00,N09,-0.1081,0.006936,2.84,-0.0106,0.00066,28.3,23.766735,86.418658
2026-03-23 04:00:00,N09,-0.2649,0.009508,2.54,-0.0106,0.000377,29.8,23.766735,86.418658
2026-03-23 05:00:00,N09,-0.1452,0.00764,3.42,-0.0099,0.000492,31.6,23.766735,86.418658
2026-03-23 06:00:00,N09,0.1557,0.005544,8.52,-0.0096,7.2e-05,33.6,23.766735,86.418658
2026-03-23 07:00:00,N09,-0.2012,0.005738,9.38,-0.0097,0.000118,35.5,23.766735,86.418658
2026-03-23 08:00:00,N09,-0.1304,0.006657,2.74,-0.0093,0.003094,37.3,23.766735,86.418658
2026-03-23 09:00:00,N09,,,,,,,23.766735,86.418658
2026-03-23 10:00:00,N09,,,,,,,23.766735,86.418658
2026-03-23 11:00:00,N09,,,,,,,23.766735,86.418658
2026-03-23 12:00:00,N09,,,,,,,23.766735,86.418658
2026-03-23 13:00:00,N09,0.1193,0.008277,3.93,-0.0145,0.000112,40.8,23.766735,86.418658
2026-03-23 14:00:00,N09,0.2187,0.005041,6.79,-0.0144,7.1e-05,40.1,23.766735,86.418658
2026-03-23 15:00:00,N09,-0.1345,0.005412,1.86,-0.0144,0.000228,38.9,23.766735,86.418658
2026-03-23 16:00:00,N09,-0.1075,0.008357,2.85,-0.014,0.000165,37.3,23.766735,86.418658
2026-03-23 17:00:00,N09,0.092,0.006595,4.22,-0.0147,0.000243,35.5,23.766735,86.418658
2026-03-23 18:00:00,N09,0.1018,0.008685,1.65,-0.0135,0.000316,33.6,23.766735,86.418658
2026-03-23 19:00:00,N09,0.0379,0.00564,6.8,-0.0141,2.3e-05,31.6,23.766735,86.418658
2026-03-23 20:00:00,N09,0.2484,0.005149,2.29,-0.0135,0.000936,29.8,23.766735,86.418658
2026-03-23 21:00:00,N09,-0.0372,0.008545,1.04,-0.0122,0.000379,28.3,23.766735,86.418658
2026-03-23 22:00:00,N09,-0.2156,0.00648,4.92,-0.0128,0.000108,27.1,23.766735,86.418658
2026-03-23 23:00:00,N09,,,,,,,23.766735,86.418658
2026-03-24 00:00:00,N09,,,,,,,23.766735,86.418658
2026-03-24 01:00:00,N09,,,,,,,23.766735,86.418658
2026-03-24 02:00:00,N09,0.1413,0.007136,8.61,-0.0116,0.000122,27.8,23.766735,86.418658
2026-03-24 03:00:00,N09,0.0792,0.005009,3.15,-0.012,7.1e-05,29.0,23.766735,86.418658
2026-03-24 04:00:00,N09,0.131,0.008645,5.08,-0.0117,0.000371,30.5,23.766735,86.418658
2026-03-24 05:00:00,N09,-0.1272,0.005285,7.37,-0.0128,0.006226,32.3,23.766735,86.418658
2026-03-24 06:00:00,N09,0.0205,0.722419,27.05,-0.0242,1e-06,34.3,23.766735,86.418658
2026-03-24 07:00:00,N09,-0.1281,0.007228,1.47,-0.0128,0.005886,36.2,23.766735,86.418658
2026-03-24 08:00:00,N09,0.0575,0.005198,2.15,-0.0124,0.000122,38.0,23.766735,86.418658
2026-03-24 09:00:00,N09,0.2939,0.008056,7.01,-0.0125,0.00249,39.6,23.766735,86.418658
2026-03-24 10:00:00,N09,0.0777,0.884476,28.84,-0.0174,0.002133,40.8,23.766735,86.418658
2026-03-24 11:00:00,N09,0.0672,0.511034,32.3,-0.0168,0.003065,41.5,23.766735,86.418658
2026-03-24 12:00:00,N09,0.0268,0.008105,9.67,-0.0113,0.00272,41.8,23.766735,86.418658
2026-03-24 13:00:00,N09,,,,,,,23.766735,86.418658
2026-03-24 14:00:00,N09,,,,,,,23.766735,86.418658
2026-03-24 15:00:00,N09,,,,,,,23.766735,86.418658
2026-03-24 16:00:00,N09,,,,,,,23.766735,86.418658
2026-03-24 17:00:00,N09,0.016,0.689622,45.15,-0.021,0.005612,36.2,23.766735,86.418658
2026-03-24 18:00:00,N09,-0.1432,0.008814,6.82,-0.0097,0.005858,34.3,23.766735,86.418658
2026-03-24 19:00:00,N09,-0.0724,0.00708,2.2,-0.0093,0.000376,32.3,23.766735,86.418658
2026-03-24 20:00:00,N09,0.0219,0.005612,9.44,-0.009,0.000261,30.5,23.766735,86.418658
2026-03-24 21:00:00,N09,0.0637,0.005693,2.27,-0.0087,0.000248,29.0,23.766735,86.418658
2026-03-24 22:00:00,N09,0.4087,0.005201,3.61,-0.0095,0.000104,27.8,23.766735,86.418658
2026-03-24 23:00:00,N09,,,,,,,23.766735,86.418658
2026-03-25 00:00:00,N09,,,,,,,23.766735,86.418658
2026-03-25 01:00:00,N09,,,,,,,23.766735,86.418658
2026-03-25 02:00:00,N09,,,,,,,23.766735,86.418658
2026-03-25 03:00:00,N09,,,,,,,23.766735,86.418658
2026-03-25 04:00:00,N09,-0.1899,0.008123,8.29,-0.0069,0.00035,32.7,23.766735,86.418658
2026-03-25 05:00:00,N09,-0.2388,0.006073,6.28,-0.0068,0.000275,34.5,23.766735,86.418658
2026-03-25 06:00:00,N09,-0.0148,0.006518,3.47,-0.0063,7e-05,36.5,23.766735,86.418658
2026-03-25 07:00:00,N09,,,,,,,23.766735,86.418658
2026-03-25 08:00:00,N09,-0.0806,0.005218,8.99,-0.0077,0.000345,40.2,23.766735,86.418658
2026-03-25 09:00:00,N09,,,,,,,23.766735,86.418658
2026-03-25 10:00:00,N09,-0.0843,0.005188,2.7,-0.0068,8.4e-05,43.0,23.766735,86.418658
2026-03-25 11:00:00,N09,,,,,,,23.766735,86.418658
2026-03-25 12:00:00,N09,,,,,,,23.766735,86.418658
2026-03-25 13:00:00,N09,,,,,,,23.766735,86.418658
2026-03-25 14:00:00,N09,,,,,,,23.766735,86.418658
2026-03-25 15:00:00,N09,,,,,,,23.766735,86.418658
2026-03-25 16:00:00,N09,,,,,,,23.766735,86.418658
2026-03-25 17:00:00,N09,,,,,,,23.766735,86.418658
2026-03-25 18:00:00,N09,,,,,,,23.766735,86.418658
2026-03-25 19:00:00,N09,-0.0068,0.0077,3.3,-0.0066,0.000457,34.5,23.766735,86.418658
2026-03-25 20:00:00,N09,-0.237,0.006357,9.02,-0.0065,4.9e-05,32.7,23.766735,86.418658
2026-03-25 21:00:00,N09,0.1298,0.007008,1.82,-0.0065,4e-05,31.2,23.766735,86.418658
2026-03-25 22:00:00,N09,-0.0651,0.005675,3.97,-0.0066,2.8e-05,30.0,23.766735,86.418658
2026-03-25 23:00:00,N09,-0.0795,0.006421,3.38,-0.0065,2.1e-05,29.2,23.766735,86.418658
2026-03-26 00:00:00,N09,0.1409,0.005062,7.45,-0.0065,0.00407,27.7,23.766735,86.418658
2026-03-26 01:00:00,N09,0.0529,0.009607,8.63,0.0017,0.004136,27.9,23.766735,86.418658
2026-03-26 02:00:00,N09,0.0324,0.007159,2.85,0.0017,0.000169,28.7,23.766735,86.418658
2026-03-26 03:00:00,N09,0.2352,0.006625,9.23,0.0013,1.6e-05,29.9,23.766735,86.418658
2026-03-26 04:00:00,N09,0.0922,0.007483,4.43,0.0018,4.6e-05,31.4,23.766735,86.418658
2026-03-26 05:00:00,N09,,,,,,,23.766735,86.418658
2026-03-26 06:00:00,N09,,,,,,,23.766735,86.418658
2026-03-26 07:00:00,N09,,,,,,,23.766735,86.418658
2026-03-26 08:00:00,N09,,,,,,,23.766735,86.418658
2026-03-26 09:00:00,N09,0.2142,0.006775,8.38,0.0015,3.5e-05,40.5,23.766735,86.418658
2026-03-26 10:00:00,N09,0.1275,0.005712,6.05,0.0012,0.014412,41.7,23.766735,86.418658
2026-03-26 11:00:00,N09,0.0389,0.521349,30.38,0.0303,0.014959,42.4,23.766735,86.418658
2026-03-26 12:00:00,N09,-0.0634,0.831609,48.62,0.0311,0.013574,42.7,23.766735,86.418658
2026-03-26 13:00:00,N09,0.001,0.005374,6.49,0.0031,0.013592,42.4,23.766735,86.418658
2026-03-26 14:00:00,N09,,,,,,,23.766735,86.418658
2026-03-26 15:00:00,N09,,,,,,,23.766735,86.418658
2026-03-26 16:00:00,N09,,,,,,,23.766735,86.418658
2026-03-26 17:00:00,N09,0.2865,0.006642,3.36,0.0022,0.000148,37.1,23.766735,86.418658
2026-03-26 18:00:00,N09,-0.0109,0.006986,3.06,0.0033,0.000793,35.2,23.766735,86.418658
2026-03-26 19:00:00,N09,0.0126,0.008816,3.24,0.0038,0.000262,33.3,23.766735,86.418658
2026-03-26 20:00:00,N09,0.0845,0.005785,4.2,0.0038,5.2e-05,31.4,23.766735,86.418658
2026-03-26 21:00:00,N09,0.1783,0.005078,6.88,0.0039,0.0001,29.9,23.766735,86.418658
2026-03-26 22:00:00,N09,,,,,,,23.766735,86.418658
2026-03-26 23:00:00,N09,,,,,,,23.766735,86.418658
2026-03-27 00:00:00,N09,-0.4357,0.005908,8.0,0.0036,0.000124,27.7,23.766735,86.418658
2026-03-27 01:00:00,N09,,,,,,,23.766735,86.418658
2026-03-27 02:00:00,N09,,,,,,,23.766735,86.418658
2026-03-27 03:00:00,N09,,,,,,,23.766735,86.418658
2026-03-27 04:00:00,N09,0.1123,0.006161,6.34,0.004,0.000442,31.5,23.766735,86.418658
2026-03-27 05:00:00,N09,0.1871,0.007291,2.23,0.0037,0.000114,33.3,23.766735,86.418658
2026-03-27 06:00:00,N09,0.0743,0.00527,3.53,0.0043,0.000236,35.2,23.766735,86.418658
2026-03-27 07:00:00,N09,0.267,0.006781,7.26,0.0042,0.000238,37.2,23.766735,86.418658
2026-03-27 08:00:00,N09,-0.0098,0.005432,6.43,0.0038,0.000333,39.0,23.766735,86.418658
2026-03-27 09:00:00,N09,-0.0913,0.00679,1.36,0.0035,4.4e-05,40.5,23.766735,86.418658
2026-03-27 10:00:00,N09,0.2244,0.005373,5.76,0.0039,0.000327,41.7,23.766735,86.418658
2026-03-27 11:00:00,N09,-0.1053,0.005036,5.55,0.0041,0.000242,42.5,23.766735,86.418658
2026-03-27 12:00:00,N09,,,,,,,23.766735,86.418658
2026-03-27 13:00:00,N09,,,,,,,23.766735,86.418658
2026-03-27 14:00:00,N09,-0.1036,0.005533,1.5,0.004,0.006041,41.7,23.766735,86.418658
2026-03-27 15:00:00,N09,-0.0132,0.631521,29.61,-0.0085,0.006585,40.5,23.766735,86.418658
2026-03-27 16:00:00,N09,-0.1349,0.778876,48.88,-0.0092,0.004286,39.0,23.766735,86.418658
2026-03-27 17:00:00,N09,0.0582,0.507835,17.38,-0.0171,0.003792,37.2,23.766735,86.418658
2026-03-27 18:00:00,N09,-0.2946,0.981919,21.38,-0.0168,0.009932,35.2,23.766735,86.418658
2026-03-27 19:00:00,N09,0.2187,0.005926,2.33,0.0028,0.009808,33.3,23.766735,86.418658
2026-03-27 20:00:00,N09,0.0246,0.005808,1.27,0.0028,1e-06,31.5,23.766735,86.418658
2026-03-27 21:00:00,N09,0.199,0.006815,3.49,0.0028,9.2e-05,29.9,23.766735,86.418658
2026-03-27 22:00:00,N09,-0.1781,0.00563,6.8,0.0026,0.000158,28.7,23.766735,86.418658
2026-03-27 23:00:00,N09,0.0235,0.005721,4.26,0.0025,0.000399,28.0,23.766735,86.418658
2026-03-28 00:00:00,N09,0.3086,0.005846,1.78,0.0018,0.00029,22.6,23.766735,86.418658
2026-03-28 01:00:00,N09,0.0034,0.006217,7.71,0.0019,0.000128,22.9,23.766735,86.418658
2026-03-28 02:00:00,N09,0.3793,0.009012,2.66,0.0016,0.000773,23.7,23.766735,86.418658
2026-03-28 03:00:00,N09,-0.1181,0.006485,7.57,0.0004,0.000519,24.8,23.766735,86.418658
2026-03-28 04:00:00,N09,-0.0723,0.005318,9.93,0.0005,8.3e-05,26.4,23.766735,86.418658
2026-03-28 05:00:00,N09,-0.1068,0.007021,2.37,0.0002,0.000404,28.2,23.766735,86.418658
2026-03-28 06:00:00,N09,0.0664,0.005896,9.89,-0.0003,0.000557,30.1,23.766735,86.418658
2026-03-28 07:00:00,N09,0.2497,0.008722,3.32,-0.0009,0.003172,32.1,23.766735,86.418658
2026-03-28 08:00:00,N09,0.1002,0.858154,41.06,-0.0066,0.000116,33.9,23.766735,86.418658
2026-03-28 09:00:00,N09,,,,,,,23.766735,86.418658
2026-03-28 10:00:00,N09,,,,,,,23.766735,86.418658
2026-03-28 11:00:00,N09,,,,,,,23.766735,86.418658
2026-03-28 12:00:00,N09,-0.078,0.69953,37.35,-0.0156,0.007567,37.6,23.766735,86.418658
2026-03-28 13:00:00,N09,-0.0099,0.668712,33.09,-0.0157,0.007393,37.4,23.766735,86.418658
2026-03-28 14:00:00,N09,,,,,,,23.766735,86.418658
2026-03-28 15:00:00,N09,,,,,,,23.766735,86.418658
2026-03-28 16:00:00,N09,0.0558,0.74576,28.07,0.0145,0.000573,33.9,23.766735,86.418658
2026-03-28 17:00:00,N09,-0.0132,0.007796,4.73,0.001,0.006833,32.1,23.766735,86.418658
2026-03-28 18:00:00,N09,-0.0192,0.007583,6.87,0.0008,0.000347,30.1,23.766735,86.418658
2026-03-28 19:00:00,N09,0.1255,0.005932,8.17,0.0017,0.000222,28.2,23.766735,86.418658
2026-03-28 20:00:00,N09,,,,,,,23.766735,86.418658
2026-03-28 21:00:00,N09,,,,,,,23.766735,86.418658
2026-03-28 22:00:00,N09,,,,,,,23.766735,86.418658
2026-03-28 23:00:00,N09,,,,,,,23.766735,86.418658
2026-03-29 00:00:00,N09,,,,,,,23.766735,86.418658
2026-03-29 01:00:00,N09,0.1614,0.006256,5.87,0.0022,0.000403,25.2,23.766735,86.418658
2026-03-29 02:00:00,N09,0.2256,0.005543,7.68,0.0024,2.4e-05,25.9,23.766735,86.418658
2026-03-29 03:00:00,N09,0.1203,0.005656,2.87,0.0021,0.000271,27.1,23.766735,86.418658
2026-03-29 04:00:00,N09,-0.0039,0.006122,6.16,0.0018,0.000317,28.7,23.766735,86.418658
2026-03-29 05:00:00,N09,0.0988,0.006379,5.57,0.0015,0.000171,30.5,23.766735,86.418658
2026-03-29 06:00:00,N09,0.1724,0.005491,5.64,0.0015,0.000204,32.4,23.766735,86.418658
2026-03-29 07:00:00,N09,0.4278,0.006357,7.26,0.0011,0.006729,34.4,23.766735,86.418658
2026-03-29 08:00:00,N09,-0.1753,0.862302,36.9,-0.012,0.000311,36.2,23.766735,86.418658
2026-03-29 09:00:00,N09,-0.0524,0.005469,6.68,0.0017,0.006777,37.7,23.766735,86.418658
2026-03-29 10:00:00,N09,0.0808,0.005208,7.01,0.0016,0.000271,38.9,23.766735,86.418658
2026-03-29 11:00:00,N09,-0.0724,0.006276,3.01,0.0023,0.000233,39.7,23.766735,86.418658
2026-03-29 12:00:00,N09,0.1536,0.007052,1.87,0.0021,0.000315,39.9,23.766735,86.418658
2026-03-29 13:00:00,N09,0.2006,0.006487,2.47,0.0016,1.9e-05,39.7,23.766735,86.418658
2026-03-29 14:00:00,N09,0.1909,0.007092,4.14,0.002,0.000309,38.9,23.766735,86.418658
2026-03-29 15:00:00,N09,,,,,,,23.766735,86.418658
2026-03-29 16:00:00,N09,,,,,,,23.766735,86.418658
2026-03-29 17:00:00,N09,,,,,,,23.766735,86.418658
2026-03-29 18:00:00,N09,,,,,,,23.766735,86.418658
2026-03-29 19:00:00,N09,,,,,,,23.766735,86.418658
2026-03-29 20:00:00,N09,,,,,,,23.766735,86.418658
2026-03-29 21:00:00,N09,-0.0474,0.009399,3.83,0.0018,0.000123,27.1,23.766735,86.418658
2026-03-29 22:00:00,N09,,,,,,,23.766735,86.418658
2026-03-29 23:00:00,N09,-0.1694,0.007025,2.68,0.0008,0.000847,25.2,23.766735,86.418658
2026-03-30 00:00:00,N09,0.1244,0.00902,2.23,0.0001,0.000368,24.2,23.766735,86.418658
2026-03-30 01:00:00,N09,,,,,,,23.766735,86.418658
2026-03-30 02:00:00,N09,0.1368,0.007253,8.81,0.0005,0.000392,25.2,23.766735,86.418658
2026-03-30 03:00:00,N09,-0.1672,0.006611,3.97,0.0007,0.000214,26.4,23.766735,86.418658
2026-03-30 04:00:00,N09,-0.1719,0.006881,8.38,0.0,0.000295,28.0,23.766735,86.418658
2026-03-30 05:00:00,N09,,,,,,,23.766735,86.418658
2026-03-30 06:00:00,N09,,,,,,,23.766735,86.418658
2026-03-30 07:00:00,N09,,,,,,,23.766735,86.418658
2026-03-30 08:00:00,N09,,,,,,,23.766735,86.418658
2026-03-30 09:00:00,N09,0.1273,0.006548,8.9,0.0002,0.00037,37.0,23.766735,86.418658
2026-03-30 10:00:00,N09,-0.1591,0.007516,3.25,0.0006,5.3e-05,38.2,23.766735,86.418658
2026-03-30 11:00:00,N09,-0.0833,0.007259,5.08,0.0003,0.00244,38.9,23.766735,86.418658
2026-03-30 12:00:00,N09,0.215,0.569664,36.95,0.0055,0.000395,39.2,23.766735,86.418658
2026-03-30 13:00:00,N09,,,,,,,23.766735,86.418658
2026-03-30 14:00:00,N09,,,,,,,23.766735,86.418658
2026-03-30 15:00:00,N09,,,,,,,23.766735,86.418658
2026-03-30 16:00:00,N09,-0.2034,0.006123,8.61,0.0004,2.6e-05,35.5,23.766735,86.418658
2026-03-30 17:00:00,N09,,,,,,,23.766735,86.418658
2026-03-30 18:00:00,N09,,,,,,,23.766735,86.418658
2026-03-30 19:00:00,N09,,,,,,,23.766735,86.418658
2026-03-30 20:00:00,N09,,,,,,,23.766735,86.418658
2026-03-30 21:00:00,N09,,,,,,,23.766735,86.418658
2026-03-30 22:00:00,N09,,,,,,,23.766735,86.418658
2026-03-30 23:00:00,N09,,,,,,,23.766735,86.418658
2026-03-31 00:00:00,N09,,,,,,,23.766735,86.418658
2026-03-31 01:00:00,N09,-0.2556,0.007968,3.35,0.0037,7.9e-05,26.3,23.766735,86.418658
2026-03-31 02:00:00,N09,-0.1071,0.005619,4.89,0.0032,0.000377,27.0,23.766735,86.418658
2026-03-31 03:00:00,N09,,,,,,,23.766735,86.418658
2026-03-31 04:00:00,N09,,,,,,,23.766735,86.418658
2026-03-31 05:00:00,N09,,,,,,,23.766735,86.418658
2026-03-31 06:00:00,N09,,,,,,,23.766735,86.418658
2026-03-31 07:00:00,N09,,,,,,,23.766735,86.418658
2026-03-31 08:00:00,N09,0.1156,0.006551,7.08,0.0023,0.000183,37.3,23.766735,86.418658
2026-03-31 09:00:00,N09,-0.4282,0.005359,1.11,0.0031,0.00036,38.8,23.766735,86.418658
2026-03-31 10:00:00,N09,-0.2286,0.007409,7.42,0.003,6.6e-05,40.0,23.766735,86.418658
2026-03-31 11:00:00,N09,0.1534,0.006459,5.33,0.0033,0.006167,40.8,23.766735,86.418658
2026-03-31 12:00:00,N09,-0.1026,0.697669,32.76,-0.0093,0.000499,41.0,23.766735,86.418658
2026-03-31 13:00:00,N09,-0.1622,0.005337,1.78,0.0043,0.006451,40.8,23.766735,86.418658
2026-03-31 14:00:00,N09,0.0223,0.005974,7.84,0.0036,0.000314,40.0,23.766735,86.418658
2026-03-31 15:00:00,N09,,,,,,,23.766735,86.418658
2026-03-31 16:00:00,N09,0.1491,0.005641,1.13,0.0032,1.7e-05,37.3,23.766735,86.418658
2026-03-31 17:00:00,N09,0.0638,0.005388,8.33,0.0036,0.000315,35.5,23.766735,86.418658
2026-03-31 18:00:00,N09,0.0249,0.005097,3.46,0.0039,0.000153,33.5,23.766735,86.418658
2026-03-31 19:00:00,N09,,,,,,,23.766735,86.418658
2026-03-31 20:00:00,N09,,,,,,,23.766735,86.418658
2026-03-31 21:00:00,N09,,,,,,,23.766735,86.418658
2026-03-31 22:00:00,N09,,,,,,,23.766735,86.418658
2026-03-31 23:00:00,N09,-0.1206,0.005585,8.96,0.0018,0.000276,26.3,23.766735,86.418658
2026-04-01 00:00:00,N09,-0.0881,0.007555,7.64,0.001,0.000333,21.1,23.766735,86.418658
2026-04-01 01:00:00,N09,,,,,,,23.766735,86.418658
2026-04-01 02:00:00,N09,,,,,,,23.766735,86.418658
2026-04-01 03:00:00,N09,,,,,,,23.766735,86.418658
2026-04-01 04:00:00,N09,0.0099,0.005704,7.42,0.0031,0.000403,24.8,23.766735,86.418658
2026-04-01 05:00:00,N09,0.0594,0.006542,3.47,0.002,0.000236,26.6,23.766735,86.418658
2026-04-01 06:00:00,N09,-0.041,0.005823,4.32,0.0026,0.000196,28.6,23.766735,86.418658
2026-04-01 07:00:00,N09,0.1411,0.007062,4.84,0.0024,5.5e-05,30.5,23.766735,86.418658
2026-04-01 08:00:00,N09,0.2645,0.007722,3.62,0.0025,0.000347,32.3,23.766735,86.418658
2026-04-01 09:00:00,N09,0.219,0.006461,1.13,0.0031,0.006257,33.9,23.766735,86.418658
2026-04-01 10:00:00,N09,-0.0516,0.905161,41.73,0.015,0.000459,35.1,23.766735,86.418658
2026-04-01 11:00:00,N09,,,,,,,23.766735,86.418658
2026-04-01 12:00:00,N09,-0.1728,0.00614,1.76,0.004,2.4e-05,36.1,23.766735,86.418658
2026-04-01 13:00:00,N09,0.2281,0.007478,4.29,0.004,0.000294,35.8,23.766735,86.418658
2026-04-01 14:00:00,N09,0.1058,0.006772,8.81,0.0034,0.000189,35.1,23.766735,86.418658
2026-04-01 15:00:00,N09,0.0764,0.007138,5.91,0.0036,0.00018,33.9,23.766735,86.418658
2026-04-01 16:00:00,N09,0.1387,0.007028,3.48,0.0038,0.000156,32.3,23.766735,86.418658
2026-04-01 17:00:00,N09,,,,,,,23.766735,86.418658
2026-04-01 18:00:00,N09,-0.0225,0.007007,2.46,0.0041,2e-05,28.6,23.766735,86.418658
2026-04-01 19:00:00,N09,0.0981,0.006212,3.9,0.004,0.000123,26.6,23.766735,86.418658
2026-04-01 20:00:00,N09,-0.0199,0.007225,2.32,0.0044,0.000468,24.8,23.766735,86.418658
2026-04-01 21:00:00,N09,,,,,,,23.766735,86.418658
2026-04-01 22:00:00,N09,,,,,,,23.766735,86.418658
2026-04-01 23:00:00,N09,0.0665,0.012689,3.39,0.0049,9e-06,21.3,23.766735,86.418658
2026-04-02 00:00:00,N09,-0.1957,0.006557,8.36,0.005,0.000144,25.3,23.766735,86.418658
2026-04-02 01:00:00,N09,0.0204,0.00646,4.25,0.0047,0.000116,25.5,23.766735,86.418658
2026-04-02 02:00:00,N09,-0.2002,0.006659,9.08,0.0052,0.000452,26.3,23.766735,86.418658
2026-04-02 03:00:00,N09,-0.1697,0.005453,6.88,0.0056,0.000305,27.5,23.766735,86.418658
2026-04-02 04:00:00,N09,,,,,,,23.766735,86.418658
2026-04-02 05:00:00,N09,,,,,,,23.766735,86.418658
2026-04-02 06:00:00,N09,-0.039,0.006077,4.54,0.0054,0.000863,32.8,23.766735,86.418658
2026-04-02 07:00:00,N09,0.0979,0.007102,2.97,0.0042,0.000232,34.7,23.766735,86.418658
2026-04-02 08:00:00,N09,-0.1837,0.005722,3.93,0.005,0.000768,36.5,23.766735,86.418658
2026-04-02 09:00:00,N09,,,,,,,23.766735,86.418658
2026-04-02 10:00:00,N09,,,,,,,23.766735,86.418658
2026-04-02 11:00:00,N09,0.0446,0.007768,5.21,0.0056,0.000531,40.0,23.766735,86.418658
2026-04-02 12:00:00,N09,0.0616,0.005791,7.23,0.0067,0.000681,40.3,23.766735,86.418658
2026-04-02 13:00:00,N09,-0.1055,0.00528,5.59,0.007,0.000361,40.0,23.766735,86.418658
2026-04-02 14:00:00,N09,0.287,0.00615,9.71,0.0075,0.002496,39.3,23.766735,86.418658
2026-04-02 15:00:00,N09,-0.02,0.702324,28.7,0.012,0.000269,38.1,23.766735,86.418658
2026-04-02 16:00:00,N09,0.1605,0.608488,41.64,0.0069,0.002455,36.5,23.766735,86.418658
2026-04-02 17:00:00,N09,-0.0786,0.005779,3.13,0.0071,0.000362,34.7,23.766735,86.418658
2026-04-02 18:00:00,N09,0.0701,0.005391,7.16,0.0076,1.9e-05,32.8,23.766735,86.418658
2026-04-02 19:00:00,N09,0.0083,0.005205,9.49,0.007,0.000164,30.8,23.766735,86.418658
2026-04-02 20:00:00,N09,0.0377,0.005519,1.8,0.0073,0.000115,29.0,23.766735,86.418658
2026-04-02 21:00:00,N09,,,,,,,23.766735,86.418658
2026-04-02 22:00:00,N09,-0.0688,0.006334,2.54,0.0067,0.00012,26.3,23.766735,86.418658
2026-04-02 23:00:00,N09,-0.0707,0.007749,6.12,0.0071,0.000115,25.5,23.766735,86.418658
2026-04-03 00:00:00,N09,-0.2966,0.005526,8.66,0.0069,1.2e-05,22.6,23.766735,86.418658
2026-04-03 01:00:00,N09,,,,,,,23.766735,86.418658
2026-04-03 02:00:00,N09,,,,,,,23.766735,86.418658
2026-04-03 03:00:00,N09,,,,,,,23.766735,86.418658
2026-04-03 04:00:00,N09,-0.1458,0.005339,1.11,0.0052,0.000191,26.4,23.766735,86.418658
2026-04-03 05:00:00,N09,-0.2745,0.006776,4.49,0.0066,0.007642,28.2,23.766735,86.418658
2026-04-03 06:00:00,N09,0.0866,0.667305,35.98,0.0205,0.007163,30.1,23.766735,86.418658
2026-04-03 07:00:00,N09,0.1613,0.567714,17.9,0.0209,0.007391,32.1,23.766735,86.418658
2026-04-03 08:00:00,N09,0.0379,0.007734,5.14,0.0057,0.007592,33.9,23.766735,86.418658
2026-04-03 09:00:00,N09,-0.0211,0.006455,2.79,0.0058,2e-06,35.4,23.766735,86.418658
2026-04-03 10:00:00,N09,0.1811,0.007524,7.42,0.0057,4e-05,36.6,23.766735,86.418658
2026-04-03 11:00:00,N09,-0.1483,0.006135,6.94,0.0057,9.6e-05,37.4,23.766735,86.418658
2026-04-03 12:00:00,N09,-0.0682,0.006491,6.92,0.0055,9e-05,37.6,23.766735,86.418658
2026-04-03 13:00:00,N09,-0.0534,0.006179,5.86,0.0059,0.000193,37.4,23.766735,86.418658
2026-04-03 14:00:00,N09,0.0017,0.006669,7.89,0.0059,0.000227,36.6,23.766735,86.418658
2026-04-03 15:00:00,N09,-0.0012,0.005934,5.03,0.0054,0.000342,35.4,23.766735,86.418658
2026-04-03 16:00:00,N09,-0.0804,0.005953,1.18,0.0052,0.000219,33.9,23.766735,86.418658
2026-04-03 17:00:00,N09,,,,,,,23.766735,86.418658
2026-04-03 18:00:00,N09,-0.2405,0.00661,2.59,0.0059,0.000505,30.1,23.766735,86.418658
2026-04-03 19:00:00,N09,-0.0815,0.006294,4.24,0.0048,0.000326,28.2,23.766735,86.418658
2026-04-03 20:00:00,N09,-0.1411,0.005818,8.68,0.0052,0.000284,26.4,23.766735,86.418658
2026-04-03 21:00:00,N09,-0.2139,0.005093,3.92,0.0054,9.1e-05,24.8,23.766735,86.418658
2026-04-03 22:00:00,N09,-0.1107,0.006875,7.97,0.0051,9.9e-05,23.6,23.766735,86.418658
2026-04-03 23:00:00,N09,-0.2908,0.007528,1.89,0.0052,0.000376,22.9,23.766735,86.418658
2026-04-04 00:00:00,N09,-0.2191,0.007579,8.69,0.0058,0.000463,27.2,23.766735,86.418658
2026-04-04 01:00:00,N09,-0.1873,0.007286,2.37,0.0061,8.6e-05,27.5,23.766735,86.418658
2026-04-04 02:00:00,N09,0.0331,0.009309,4.02,0.006,0.000163,28.3,23.766735,86.418658
2026-04-04 03:00:00,N09,-0.1923,0.005343,6.13,0.0058,0.000473,29.4,23.766735,86.418658
2026-04-04 04:00:00,N09,-0.0494,0.00628,4.98,0.0069,0.000511,31.0,23.766735,86.418658
2026-04-04 05:00:00,N09,0.0448,0.006055,2.11,0.0068,3.4e-05,32.8,23.766735,86.418658
2026-04-04 06:00:00,N09,-0.0783,0.006068,3.83,0.007,0.000253,34.7,23.766735,86.418658
2026-04-04 07:00:00,N09,0.0236,0.007126,5.91,0.0073,5.8e-05,36.7,23.766735,86.418658
2026-04-04 08:00:00,N09,,,,,,,23.766735,86.418658
2026-04-04 09:00:00,N09,,,,,,,23.766735,86.418658
2026-04-04 10:00:00,N09,,,,,,,23.766735,86.418658
2026-04-04 11:00:00,N09,0.0773,0.006571,5.56,0.0067,0.000294,42.0,23.766735,86.418658
2026-04-04 12:00:00,N09,0.4345,0.006407,7.28,0.0063,0.006307,42.2,23.766735,86.418658
2026-04-04 13:00:00,N09,-0.4582,0.872377,24.26,0.0193,0.000752,42.0,23.766735,86.418658
2026-04-04 14:00:00,N09,,,,,,,23.766735,86.418658
2026-04-04 15:00:00,N09,0.2485,0.006098,3.48,0.0046,0.000138,40.0,23.766735,86.418658
2026-04-04 16:00:00,N09,-0.1615,0.005465,6.89,0.0051,0.00013,38.5,23.766735,86.418658
2026-04-04 17:00:00,N09,-0.1203,0.005958,3.6,0.0049,0.000321,36.7,23.766735,86.418658
2026-04-04 18:00:00,N09,-0.1237,0.006383,8.9,0.0045,3.1e-05,34.7,23.766735,86.418658
2026-04-04 19:00:00,N09,-0.2064,0.006127,2.81,0.005,0.000306,32.8,23.766735,86.418658
2026-04-04 20:00:00,N09,0.3145,0.00539,2.16,0.0039,0.000594,31.0,23.766735,86.418658
2026-04-04 21:00:00,N09,,,,,,,23.766735,86.418658
2026-04-04 22:00:00,N09,,,,,,,23.766735,86.418658
2026-04-04 23:00:00,N09,-0.2248,0.006264,7.9,0.0036,2.6e-05,27.5,23.766735,86.418658
2026-04-05 00:00:00,N09,0.1668,0.007408,6.31,0.0038,8.1e-05,26.8,23.766735,86.418658
2026-04-05 01:00:00,N09,-0.0616,0.005141,1.92,0.0034,0.000354,27.0,23.766735,86.418658
2026-04-05 02:00:00,N09,,,,,,,23.766735,86.418658
2026-04-05 03:00:00,N09,,,,,,,23.766735,86.418658
2026-04-05 04:00:00,N09,,,,,,,23.766735,86.418658
2026-04-05 05:00:00,N09,,,,,,,23.766735,86.418658
2026-04-05 06:00:00,N09,0.137,0.006695,7.55,0.0033,0.000138,34.3,23.766735,86.418658
2026-04-05 07:00:00,N09,0.1105,0.006399,7.23,0.003,0.009544,36.2,23.766735,86.418658
2026-04-05 08:00:00,N09,,,,,,,23.766735,86.418658
2026-04-05 09:00:00,N09,,,,,,,23.766735,86.418658
2026-04-05 10:00:00,N09,0.0468,0.006239,7.76,0.0046,0.009748,40.8,23.766735,86.418658
2026-04-05 11:00:00,N09,,,,,,,23.766735,86.418658
2026-04-05 12:00:00,N09,,,,,,,23.766735,86.418658
2026-04-05 13:00:00,N09,,,,,,,23.766735,86.418658
2026-04-05 14:00:00,N09,,,,,,,23.766735,86.418658
2026-04-05 15:00:00,N09,,,,,,,23.766735,86.418658
2026-04-05 16:00:00,N09,0.1835,0.510809,19.62,0.0106,0.003613,38.0,23.766735,86.418658
2026-04-05 17:00:00,N09,0.0845,0.005653,6.59,0.0035,0.002964,36.2,23.766735,86.418658
2026-04-05 18:00:00,N09,0.0482,0.005101,6.43,0.0046,0.000171,34.3,23.766735,86.418658
2026-04-05 19:00:00,N09,0.253,0.006625,8.7,0.0038,0.00035,32.3,23.766735,86.418658
2026-04-05 20:00:00,N09,-0.1422,0.00607,4.02,0.0039,0.000176,30.5,23.766735,86.418658
2026-04-05 21:00:00,N09,-0.235,0.005565,1.79,0.0042,0.000441,29.0,23.766735,86.418658
2026-04-05 22:00:00,N09,,,,,,,23.766735,86.418658
2026-04-05 23:00:00,N09,-0.0003,0.00687,5.83,0.0046,0.000353,27.0,23.766735,86.418658
2026-04-06 00:00:00,N09,0.1408,0.007265,8.24,0.0041,0.000131,27.5,23.766735,86.418658
2026-04-06 01:00:00,N09,-0.2384,0.0052,3.47,0.0048,6.2e-05,27.8,23.766735,86.418658
2026-04-06 02:00:00,N09,0.0506,0.006681,5.84,0.0042,0.000167,28.5,23.766735,86.418658
2026-04-06 03:00:00,N09,-0.0064,0.006993,6.45,0.0045,0.000181,29.7,23.766735,86.418658
2026-04-06 04:00:00,N09,-0.1061,0.005748,1.05,0.0046,0.00026,31.3,23.766735,86.418658
2026-04-06 05:00:00,N09,-0.098,0.006835,2.4,0.005,0.000267,33.1,23.766735,86.418658
2026-04-06 06:00:00,N09,0.1971,0.006541,2.16,0.0051,0.000127,35.0,23.766735,86.418658
2026-04-06 07:00:00,N09,-0.0393,0.005719,2.57,0.0048,0.000517,37.0,23.766735,86.418658
2026-04-06 08:00:00,N09,-0.0629,0.007697,2.78,0.0041,0.000565,38.8,23.766735,86.418658
2026-04-06 09:00:00,N09,0.2334,0.006491,9.12,0.0036,0.000177,40.3,23.766735,86.418658
2026-04-06 10:00:00,N09,0.128,0.007807,3.22,0.0037,0.00016,41.5,23.766735,86.418658
2026-04-06 11:00:00,N09,-0.1621,0.005035,6.96,0.004,0.000376,42.3,23.766735,86.418658
2026-04-06 12:00:00,N09,-0.1084,0.005799,5.22,0.0045,0.000479,42.5,23.766735,86.418658
2026-04-06 13:00:00,N09,0.0166,0.006168,6.71,0.0049,0.005706,42.3,23.766735,86.418658
2026-04-06 14:00:00,N09,0.0374,0.961216,24.46,-0.0069,0.005964,41.5,23.766735,86.418658
2026-04-06 15:00:00,N09,,,,,,,23.766735,86.418658
2026-04-06 16:00:00,N09,,,,,,,23.766735,86.418658
2026-04-06 17:00:00,N09,,,,,,,23.766735,86.418658
2026-04-06 18:00:00,N09,,,,,,,23.766735,86.418658
2026-04-06 19:00:00,N09,,,,,,,23.766735,86.418658
2026-04-06 20:00:00,N09,-0.0432,0.006917,2.34,0.0056,0.000614,31.3,23.766735,86.418658
2026-04-06 21:00:00,N09,,,,,,,23.766735,86.418658
2026-04-06 22:00:00,N09,0.1371,0.006181,8.69,0.0073,0.000491,28.5,23.766735,86.418658
2026-04-06 23:00:00,N09,0.0185,0.005552,8.73,0.0076,0.000469,27.8,23.766735,86.418658
2026-04-07 00:00:00,N09,0.0431,0.009166,9.08,0.0082,0.000162,27.0,23.766735,86.418658
2026-04-07 01:00:00,N09,0.1447,0.006384,4.74,0.0079,0.000766,27.2,23.766735,86.418658
2026-04-07 02:00:00,N09,-0.0274,0.005418,5.52,0.0067,0.000504,28.0,23.766735,86.418658
2026-04-07 03:00:00,N09,,,,,,,23.766735,86.418658
2026-04-07 04:00:00,N09,,,,,,,23.766735,86.418658
2026-04-07 05:00:00,N09,,,,,,,23.766735,86.418658
2026-04-07 06:00:00,N09,0.0339,0.005275,8.44,0.0074,5.5e-05,34.5,23.766735,86.418658
2026-04-07 07:00:00,N09,0.187,0.005475,8.89,0.0072,8.6e-05,36.4,23.766735,86.418658
2026-04-07 08:00:00,N09,-0.1112,0.006054,2.68,0.0076,0.000193,38.2,23.766735,86.418658
2026-04-07 09:00:00,N09,0.0433,0.007993,4.28,0.0076,7.2e-05,39.8,23.766735,86.418658
2026-04-07 10:00:00,N09,-0.0991,0.00504,6.92,0.0074,0.006782,41.0,23.766735,86.418658
2026-04-07 11:00:00,N09,-0.2923,0.66124,31.83,-0.006,0.000162,41.7,23.766735,86.418658
2026-04-07 12:00:00,N09,-0.0218,0.005258,4.8,0.0078,0.006962,42.0,23.766735,86.418658
2026-04-07 13:00:00,N09,0.014,0.005274,3.44,0.0079,3.2e-05,41.7,23.766735,86.418658
2026-04-07 14:00:00,N09,-0.0401,0.009646,9.83,0.0077,2.9e-05,41.0,23.766735,86.418658
2026-04-07 15:00:00,N09,0.1342,0.005966,7.98,0.008,0.000504,39.8,23.766735,86.418658
2026-04-07 16:00:00,N09,-0.0539,0.008936,1.02,0.0087,9.5e-05,38.2,23.766735,86.418658
2026-04-07 17:00:00,N09,-0.1059,0.005707,1.07,0.0082,0.000521,36.4,23.766735,86.418658
2026-04-07 18:00:00,N09,0.0482,0.005655,6.5,0.0077,0.000509,34.5,23.766735,86.418658
2026-04-07 19:00:00,N09,,,,,,,23.766735,86.418658
2026-04-07 20:00:00,N09,0.1064,0.005288,4.6,0.0071,0.000118,30.7,23.766735,86.418658
2026-04-07 21:00:00,N09,-0.1803,0.006679,6.25,0.0069,7.2e-05,29.2,23.766735,86.418658
2026-04-07 22:00:00,N09,-0.0701,0.006262,3.48,0.0072,0.000274,28.0,23.766735,86.418658
2026-04-07 23:00:00,N09,0.0017,0.007688,3.31,0.0075,0.000438,27.2,23.766735,86.418658
2026-04-08 00:00:00,N09,0.0434,0.006135,5.96,0.0063,0.00065,25.4,23.766735,86.418658
2026-04-08 01:00:00,N09,-0.1588,0.007348,4.55,0.0062,0.000122,25.6,23.766735,86.418658
2026-04-08 02:00:00,N09,0.0373,0.006961,3.37,0.0066,0.000257,26.4,23.766735,86.418658
2026-04-08 03:00:00,N09,0.1316,0.005008,7.41,0.0067,0.000248,27.6,23.766735,86.418658
2026-04-08 04:00:00,N09,,,,,,,23.766735,86.418658
2026-04-08 05:00:00,N09,,,,,,,23.766735,86.418658
2026-04-08 06:00:00,N09,,,,,,,23.766735,86.418658
2026-04-08 07:00:00,N09,,,,,,,23.766735,86.418658
2026-04-08 08:00:00,N09,,,,,,,23.766735,86.418658
2026-04-08 09:00:00,N09,0.1667,0.78014,36.98,0.0214,0.007027,38.2,23.766735,86.418658
2026-04-08 10:00:00,N09,0.0659,0.626357,39.37,0.0213,0.007563,39.4,23.766735,86.418658
2026-04-08 11:00:00,N09,,,,,,,23.766735,86.418658
2026-04-08 12:00:00,N09,,,,,,,23.766735,86.418658
2026-04-08 13:00:00,N09,,,,,,,23.766735,86.418658
2026-04-08 14:00:00,N09,0.2489,0.729202,18.05,-0.0021,0.003572,39.4,23.766735,86.418658
2026-04-08 15:00:00,N09,-0.0303,0.514422,45.79,-0.0025,0.003981,38.2,23.766735,86.418658
2026-04-08 16:00:00,N09,,,,,,,23.766735,86.418658
2026-04-08 17:00:00,N09,,,,,,,23.766735,86.418658
2026-04-08 18:00:00,N09,,,,,,,23.766735,86.418658
2026-04-08 19:00:00,N09,,,,,,,23.766735,86.418658
2026-04-08 20:00:00,N09,,,,,,,23.766735,86.418658
2026-04-08 21:00:00,N09,-0.0413,0.006994,8.19,0.0068,0.000187,27.6,23.766735,86.418658
2026-04-08 22:00:00,N09,-0.1813,0.006927,3.31,0.0071,3.4e-05,26.4,23.766735,86.418658
2026-04-08 23:00:00,N09,-0.0602,0.005036,4.13,0.0068,6.4e-05,25.6,23.766735,86.418658
2026-04-09 00:00:00,N09,0.0978,0.005717,2.19,0.0069,0.000359,25.5,23.766735,86.418658
2026-04-09 01:00:00,N09,0.2163,0.008018,6.93,0.0075,0.000145,25.7,23.766735,86.418658
2026-04-09 02:00:00,N09,-0.1584,0.006097,9.11,0.0072,0.000151,26.5,23.766735,86.418658
2026-04-09 03:00:00,N09,-0.262,0.005392,4.17,0.0078,0.000629,27.7,23.766735,86.418658
2026-04-09 04:00:00,N09,-0.0166,0.007076,3.23,0.0085,0.000456,29.2,23.766735,86.418658
2026-04-09 05:00:00,N09,0.1119,0.006623,8.56,0.0087,0.000133,31.0,23.766735,86.418658
2026-04-09 06:00:00,N09,0.2125,0.005011,1.48,0.0082,0.000104,33.0,23.766735,86.418658
2026-04-09 07:00:00,N09,-0.0276,0.005762,5.46,0.0085,4.8e-05,34.9,23.766735,86.418658
2026-04-09 08:00:00,N09,-0.0203,0.006126,3.91,0.0083,0.000319,36.7,23.766735,86.418658
2026-04-09 09:00:00,N09,,,,,,,23.766735,86.418658
2026-04-09 10:00:00,N09,-0.1639,0.005435,9.45,0.0098,0.000266,39.5,23.766735,86.418658
2026-04-09 11:00:00,N09,-0.1183,0.006285,4.31,0.0096,0.003705,40.2,23.766735,86.418658
2026-04-09 12:00:00,N09,0.1043,0.944091,45.78,0.0172,0.002669,40.5,23.766735,86.418658
2026-04-09 13:00:00,N09,-0.0828,0.851013,41.17,0.0043,0.009752,40.2,23.766735,86.418658
2026-04-09 14:00:00,N09,0.2811,0.676981,19.02,-0.0023,0.006623,39.5,23.766735,86.418658
2026-04-09 15:00:00,N09,0.058,0.862783,30.44,0.0176,0.005611,38.3,23.766735,86.418658
2026-04-09 16:00:00,N09,-0.2819,0.006921,2.84,0.0089,0.004274,36.7,23.766735,86.418658
2026-04-09 17:00:00,N09,-0.1772,0.006428,5.02,0.009,0.000384,34.9,23.766735,86.418658
2026-04-09 18:00:00,N09,0.0451,0.005086,4.82,0.0081,0.000585,33.0,23.766735,86.418658
2026-04-09 19:00:00,N09,0.1314,0.007726,5.26,0.0078,0.000144,31.0,23.766735,86.418658
2026-04-09 20:00:00,N09,-0.0763,0.0054,4.89,0.0078,5e-05,29.2,23.766735,86.418658
2026-04-09 21:00:00,N09,0.2833,0.006835,2.72,0.0077,0.000157,27.7,23.766735,86.418658
2026-04-09 22:00:00,N09,0.1456,0.006995,8.07,0.0075,0.000172,26.5,23.766735,86.418658
2026-04-09 23:00:00,N09,-0.0694,0.005658,8.29,0.0081,0.000331,25.7,23.766735,86.418658
2026-04-10 00:00:00,N09,-0.0334,0.008568,1.84,0.0082,2.1e-05,22.6,23.766735,86.418658
2026-04-10 01:00:00,N09,0.1486,0.00652,6.41,0.008,0.000258,22.8,23.766735,86.418658
2026-04-10 02:00:00,N09,-0.053,0.008394,8.4,0.0077,0.000476,23.6,23.766735,86.418658
2026-04-10 03:00:00,N09,,,,,,,23.766735,86.418658
2026-04-10 04:00:00,N09,,,,,,,23.766735,86.418658
2026-04-10 05:00:00,N09,,,,,,,23.766735,86.418658
2026-04-10 06:00:00,N09,,,,,,,23.766735,86.418658
2026-04-10 07:00:00,N09,,,,,,,23.766735,86.418658
2026-04-10 08:00:00,N09,,,,,,,23.766735,86.418658
2026-04-10 09:00:00,N09,,,,,,,23.766735,86.418658
2026-04-10 10:00:00,N09,,,,,,,23.766735,86.418658
2026-04-10 11:00:00,N09,,,,,,,23.766735,86.418658
2026-04-10 12:00:00,N09,,,,,,,23.766735,86.418658
2026-04-10 13:00:00,N09,-0.3095,0.008778,2.16,0.0056,0.006209,37.3,23.766735,86.418658
2026-04-10 14:00:00,N09,0.116,0.005727,6.01,0.005,0.000308,36.6,23.766735,86.418658
2026-04-10 15:00:00,N09,-0.0367,0.006715,7.44,0.0062,0.000804,35.4,23.766735,86.418658
2026-04-10 16:00:00,N09,,,,,,,23.766735,86.418658
2026-04-10 17:00:00,N09,,,,,,,23.766735,86.418658
2026-04-10 18:00:00,N09,,,,,,,23.766735,86.418658
2026-04-10 19:00:00,N09,,,,,,,23.766735,86.418658
2026-04-10 20:00:00,N09,,,,,,,23.766735,86.418658
2026-04-10 21:00:00,N09,-0.255,0.005397,7.37,0.0059,0.000658,24.8,23.766735,86.418658
2026-04-10 22:00:00,N09,,,,,,,23.766735,86.418658
2026-04-10 23:00:00,N09,,,,,,,23.766735,86.418658
2026-04-11 00:00:00,N09,,,,,,,23.766735,86.418658
2026-04-11 01:00:00,N09,,,,,,,23.766735,86.418658
2026-04-11 02:00:00,N09,-0.0221,0.008402,8.18,0.0055,0.000224,22.3,23.766735,86.418658
2026-04-11 03:00:00,N09,0.212,0.006211,6.45,0.0063,0.000511,23.5,23.766735,86.418658
2026-04-11 04:00:00,N09,-0.2028,0.005154,7.99,0.0066,0.000244,25.0,23.766735,86.418658
2026-04-11 05:00:00,N09,,,,,,,23.766735,86.418658
2026-04-11 06:00:00,N09,-0.0132,0.005721,9.24,0.0061,0.000347,28.8,23.766735,86.418658
2026-04-11 07:00:00,N09,0.0241,0.005671,4.87,0.0065,0.000278,30.7,23.766735,86.418658
2026-04-11 08:00:00,N09,-0.0224,0.008683,3.57,0.0066,0.003694,32.5,23.766735,86.418658
2026-04-11 09:00:00,N09,-0.2615,0.844111,27.12,-0.0009,0.000582,34.1,23.766735,86.418658
2026-04-11 10:00:00,N09,0.1032,0.0074,6.04,0.0078,0.004592,35.2,23.766735,86.418658
2026-04-11 11:00:00,N09,0.0538,0.005417,9.32,0.0083,0.000502,36.0,23.766735,86.418658
2026-04-11 12:00:00,N09,-0.0945,0.005193,4.86,0.0088,0.000606,36.3,23.766735,86.418658
2026-04-11 13:00:00,N09,0.1956,0.006685,9.42,0.0095,0.000383,36.0,23.766735,86.418658
2026-04-11 14:00:00,N09,-0.0324,0.00516,8.34,0.0095,0.000229,35.2,23.766735,86.418658
2026-04-11 15:00:00,N09,-0.0252,0.008397,8.76,0.0091,0.002977,34.1,23.766735,86.418658
2026-04-11 16:00:00,N09,0.1874,0.581901,37.03,0.0155,0.003359,32.5,23.766735,86.418658
2026-04-11 17:00:00,N09,-0.021,0.794466,19.91,0.0158,0.002827,30.7,23.766735,86.418658
2026-04-11 18:00:00,N09,0.2778,0.006661,4.74,0.0098,0.003086,28.8,23.766735,86.418658
2026-04-11 19:00:00,N09,0.019,0.008778,1.45,0.0096,5.1e-05,26.8,23.766735,86.418658
2026-04-11 20:00:00,N09,,,,,,,23.766735,86.418658
2026-04-11 21:00:00,N09,,,,,,,23.766735,86.418658
2026-04-11 22:00:00,N09,,,,,,,23.766735,86.418658
2026-04-11 23:00:00,N09,,,,,,,23.766735,86.418658
2026-04-12 00:00:00,N09,-0.2177,0.005307,4.03,0.0094,0.000368,25.8,23.766735,86.418658
2026-04-12 01:00:00,N09,-0.132,0.007457,1.16,0.0097,0.000141,26.1,23.766735,86.418658
2026-04-12 02:00:00,N09,-0.1333,0.007143,7.09,0.0091,0.000406,26.8,23.766735,86.418658
2026-04-12 03:00:00,N09,-0.0768,0.005116,8.18,0.0089,7.6e-05,28.0,23.766735,86.418658
2026-04-12 04:00:00,N09,0.124,0.00764,4.39,0.009,0.000278,29.6,23.766735,86.418658
2026-04-12 05:00:00,N09,,,,,,,23.766735,86.418658
2026-04-12 06:00:00,N09,,,,,,,23.766735,86.418658
2026-04-12 07:00:00,N09,,,,,,,23.766735,86.418658
2026-04-12 08:00:00,N09,,,,,,,23.766735,86.418658
2026-04-12 09:00:00,N09,,,,,,,23.766735,86.418658
2026-04-12 10:00:00,N09,-0.0985,0.007177,7.98,0.007,0.006524,39.8,23.766735,86.418658
2026-04-12 11:00:00,N09,0.1127,0.007804,2.55,0.006,0.000537,40.5,23.766735,86.418658
2026-04-12 12:00:00,N09,-0.062,0.00743,9.61,0.0059,0.000194,40.8,23.766735,86.418658
2026-04-12 13:00:00,N09,-0.0018,0.0064,9.33,0.0064,9.4e-05,40.5,23.766735,86.418658
2026-04-12 14:00:00,N09,0.0485,0.00647,5.16,0.0061,0.000817,39.8,23.766735,86.418658
2026-04-12 15:00:00,N09,-0.0106,0.007291,7.68,0.0048,0.00648,38.6,23.766735,86.418658
2026-04-12 16:00:00,N09,-0.0592,0.553608,24.81,-0.0069,0.005698,37.1,23.766735,86.418658
2026-04-12 17:00:00,N09,-0.0597,0.61106,27.0,-0.0066,0.005294,35.2,23.766735,86.418658
2026-04-12 18:00:00,N09,0.0127,0.006544,3.51,0.0037,0.005404,33.3,23.766735,86.418658
2026-04-12 19:00:00,N09,-0.2109,0.006314,2.12,0.0042,0.000401,31.4,23.766735,86.418658
2026-04-12 20:00:00,N09,-0.0335,0.005142,5.47,0.0045,0.00028,29.6,23.766735,86.418658
2026-04-12 21:00:00,N09,0.1088,0.007148,7.17,0.0048,6.1e-05,28.0,23.766735,86.418658
2026-04-12 22:00:00,N09,-0.1714,0.005192,7.5,0.0046,0.000398,26.8,23.766735,86.418658
2026-04-12 23:00:00,N09,-0.4124,0.006931,4.54,0.004,0.000293,26.1,23.766735,86.418658
2026-04-13 00:00:00,N09,,,,,,,23.766735,86.418658
2026-04-13 01:00:00,N09,-0.0158,0.005337,4.05,0.004,0.00016,23.7,23.766735,86.418658
2026-04-13 02:00:00,N09,-0.1019,0.00513,1.85,0.0044,0.000557,24.5,23.766735,86.418658
2026-04-13 03:00:00,N09,-0.0303,0.007102,4.93,0.0051,2e-06,25.7,23.766735,86.418658
2026-04-13 04:00:00,N09,-0.1509,0.005099,1.42,0.0044,5.8e-05,27.2,23.766735,86.418658
2026-04-13 05:00:00,N09,-0.1989,0.007484,8.32,0.005,8.5e-05,29.0,23.766735,86.418658
2026-04-13 06:00:00,N09,0.3084,0.008362,5.55,0.0042,0.000598,31.0,23.766735,86.418658
2026-04-13 07:00:00,N09,,,,,,,23.766735,86.418658
2026-04-13 08:00:00,N09,,,,,,,23.766735,86.418658
2026-04-13 09:00:00,N09,0.0028,0.008893,8.5,0.0035,7.2e-05,36.3,23.766735,86.418658
2026-04-13 10:00:00,N09,0.1964,0.006074,8.34,0.0039,0.000536,37.4,23.766735,86.418658
2026-04-13 11:00:00,N09,-0.1443,0.005264,2.7,0.0025,0.0076,38.2,23.766735,86.418658
2026-04-13 12:00:00,N09,0.097,0.709836,19.45,0.0191,0.000199,38.5,23.766735,86.418658
2026-04-13 13:00:00,N09,-0.1046,0.005408,9.28,0.0029,0.008094,38.2,23.766735,86.418658
2026-04-13 14:00:00,N09,,,,,,,23.766735,86.418658
2026-04-13 15:00:00,N09,0.1331,0.005519,2.22,0.0038,0.006961,36.3,23.766735,86.418658
2026-04-13 16:00:00,N09,,,,,,,23.766735,86.418658
2026-04-13 17:00:00,N09,,,,,,,23.766735,86.418658
2026-04-13 18:00:00,N09,,,,,,,23.766735,86.418658
2026-04-13 19:00:00,N09,0.0416,0.00557,8.95,0.0034,1.2e-05,29.0,23.766735,86.418658
2026-04-13 20:00:00,N09,-0.0773,0.006464,7.84,0.0037,0.000122,27.2,23.766735,86.418658
2026-04-13 21:00:00,N09,-0.1264,0.00638,8.99,0.0031,0.000506,25.7,23.766735,86.418658
2026-04-13 22:00:00,N09,-0.1574,0.008747,9.91,0.0027,0.000548,24.5,23.766735,86.418658
2026-04-13 23:00:00,N09,,,,,,,23.766735,86.418658
2026-04-14 00:00:00,N09,,,,,,,23.766735,86.418658
2026-04-14 01:00:00,N09,,,,,,,23.766735,86.418658
2026-04-14 02:00:00,N09,0.0705,0.005966,6.93,0.0021,8.3e-05,22.4,23.766735,86.418658
2026-04-14 03:00:00,N09,-0.2194,0.008038,6.22,0.0025,0.000651,23.6,23.766735,86.418658
2026-04-14 04:00:00,N09,-0.1753,0.007941,9.24,0.0034,0.000226,25.1,23.766735,86.418658
2026-04-14 05:00:00,N09,0.1231,0.005846,9.58,0.003,0.000332,26.9,23.766735,86.418658
2026-04-14 06:00:00,N09,,,,,,,23.766735,86.418658
2026-04-14 07:00:00,N09,,,,,,,23.766735,86.418658
2026-04-14 08:00:00,N09,-0.093,0.007768,5.88,0.0017,0.00012,32.6,23.766735,86.418658
2026-04-14 09:00:00,N09,-0.048,0.007913,5.08,0.0015,0.000618,34.2,23.766735,86.418658
2026-04-14 10:00:00,N09,,,,,,,23.766735,86.418658
2026-04-14 11:00:00,N09,-0.0842,0.007898,3.4,-0.0002,0.00539,36.1,23.766735,86.418658
2026-04-14 12:00:00,N09,0.1307,0.742567,41.73,-0.0104,0.000133,36.4,23.766735,86.418658
2026-04-14 13:00:00,N09,-0.2116,0.006033,6.25,-0.0005,0.004875,36.1,23.766735,86.418658
2026-04-14 14:00:00,N09,-0.2617,0.007471,4.24,-0.0006,0.000215,35.4,23.766735,86.418658
2026-04-14 15:00:00,N09,-0.0998,0.005437,8.79,-0.0009,0.000467,34.2,23.766735,86.418658
2026-04-14 16:00:00,N09,-0.1843,0.006775,8.45,-0.0015,0.00031,32.6,23.766735,86.418658
2026-04-14 17:00:00,N09,0.1465,0.006139,10.0,-0.0015,0.000257,30.8,23.766735,86.418658
2026-04-14 18:00:00,N09,-0.2279,0.005676,1.98,-0.0021,0.000817,28.9,23.766735,86.418658
2026-04-14 19:00:00,N09,0.1243,0.008889,8.37,-0.0032,0.001179,26.9,23.766735,86.418658
2026-04-14 20:00:00,N09,-0.1454,0.006263,7.74,-0.0044,0.000796,25.1,23.766735,86.418658
2026-04-14 21:00:00,N09,0.138,0.005825,2.64,-0.0048,0.000107,23.6,23.766735,86.418658
2026-04-14 22:00:00,N09,,,,,,,23.766735,86.418658
2026-04-14 23:00:00,N09,,,,,,,23.766735,86.418658
2026-04-15 00:00:00,N09,,,,,,,23.766735,86.418658
2026-04-15 01:00:00,N09,,,,,,,23.766735,86.418658
2026-04-15 02:00:00,N09,,,,,,,23.766735,86.418658
2026-04-15 03:00:00,N09,,,,,,,23.766735,86.418658
2026-04-15 04:00:00,N09,-0.2332,0.00506,9.41,-0.0063,0.000242,28.9,23.766735,86.418658
2026-04-15 05:00:00,N09,0.0135,0.005417,1.18,-0.006,0.000122,30.7,23.766735,86.418658
2026-04-15 06:00:00,N09,-0.0736,0.006349,2.28,-0.006,0.000201,32.7,23.766735,86.418658
2026-04-15 07:00:00,N09,-0.1079,0.005283,2.0,-0.0064,0.008452,34.6,23.766735,86.418658
2026-04-15 08:00:00,N09,-0.1027,0.804454,23.11,0.0109,0.008744,36.4,23.766735,86.418658
2026-04-15 09:00:00,N09,,,,,,,23.766735,86.418658
2026-04-15 10:00:00,N09,-0.038,0.006705,3.9,-0.0062,0.008566,39.2,23.766735,86.418658
2026-04-15 11:00:00,N09,,,,,,,23.766735,86.418658
2026-04-15 12:00:00,N09,,,,,,,23.766735,86.418658
2026-04-15 13:00:00,N09,,,,,,,23.766735,86.418658
2026-04-15 14:00:00,N09,,,,,,,23.766735,86.418658
2026-04-15 15:00:00,N09,,,,,,,23.766735,86.418658
2026-04-15 16:00:00,N09,,,,,,,23.766735,86.418658
2026-04-15 17:00:00,N09,,,,,,,23.766735,86.418658
2026-04-15 18:00:00,N09,,,,,,,23.766735,86.418658
2026-04-15 19:00:00,N09,,,,,,,23.766735,86.418658
2026-04-15 20:00:00,N09,,,,,,,23.766735,86.418658
2026-04-15 21:00:00,N09,,,,,,,23.766735,86.418658
2026-04-15 22:00:00,N09,-0.0379,0.006818,7.37,-0.0052,0.000324,26.2,23.766735,86.418658
2026-04-15 23:00:00,N09,-0.077,0.007728,3.51,-0.0049,0.00025,25.4,23.766735,86.418658
2026-04-16 00:00:00,N09,-0.1111,0.00534,4.54,-0.0047,0.000377,21.9,23.766735,86.418658
2026-04-16 01:00:00,N09,0.3287,0.005574,3.31,-0.0042,0.000515,22.2,23.766735,86.418658
2026-04-16 02:00:00,N09,0.262,0.00597,5.81,-0.0036,3.5e-05,22.9,23.766735,86.418658
2026-04-16 03:00:00,N09,,,,,,,23.766735,86.418658
2026-04-16 04:00:00,N09,-0.0628,0.006387,8.61,-0.0029,0.000453,25.7,23.766735,86.418658
2026-04-16 05:00:00,N09,-0.1102,0.006592,6.01,-0.0032,0.00509,27.5,23.766735,86.418658
2026-04-16 06:00:00,N09,0.1798,0.910623,33.51,-0.0131,2e-05,29.4,23.766735,86.418658
2026-04-16 07:00:00,N09,-0.4398,0.005161,6.21,-0.0032,0.005299,31.4,23.766735,86.418658
2026-04-16 08:00:00,N09,,,,,,,23.766735,86.418658
2026-04-16 09:00:00,N09,,,,,,,23.766735,86.418658
2026-04-16 10:00:00,N09,,,,,,,23.766735,86.418658
2026-04-16 11:00:00,N09,,,,,,,23.766735,86.418658
2026-04-16 12:00:00,N09,-0.1583,0.007313,4.23,-0.0027,8.8e-05,36.9,23.766735,86.418658
2026-04-16 13:00:00,N09,0.2057,0.00707,4.38,-0.0022,0.000507,36.7,23.766735,86.418658
2026-04-16 14:00:00,N09,0.0941,0.007151,9.99,-0.0017,0.000252,35.9,23.766735,86.418658
2026-04-16 15:00:00,N09,-0.0121,0.008124,1.11,-0.0016,0.000176,34.7,23.766735,86.418658
2026-04-16 16:00:00,N09,-0.01,0.005445,2.26,-0.0014,0.000265,33.2,23.766735,86.418658
2026-04-16 17:00:00,N09,0.0464,0.006847,2.86,-0.0011,0.000614,31.4,23.766735,86.418658
2026-04-16 18:00:00,N09,0.3136,0.005409,5.51,-0.0001,0.000514,29.4,23.766735,86.418658
2026-04-16 19:00:00,N09,-0.0272,0.006329,1.49,-0.0001,7.4e-05,27.5,23.766735,86.418658
2026-04-16 20:00:00,N09,-0.0144,0.005121,3.73,0.0,0.000176,25.7,23.766735,86.418658
2026-04-16 21:00:00,N09,-0.0564,0.005949,8.69,0.0003,0.0004,24.1,23.766735,86.418658
2026-04-16 22:00:00,N09,0.0499,0.009232,9.94,0.0008,0.00045,22.9,23.766735,86.418658
2026-04-16 23:00:00,N09,-0.1233,0.008751,7.93,0.0012,0.000186,22.2,23.766735,86.418658
2026-04-17 00:00:00,N09,-0.1032,0.008448,2.73,0.0012,0.000141,25.5,23.766735,86.418658
2026-04-17 01:00:00,N09,0.0786,0.006134,9.05,0.0009,0.00013,25.7,23.766735,86.418658
2026-04-17 02:00:00,N09,-0.1067,0.005391,5.45,0.0014,0.000344,26.5,23.766735,86.418658
2026-04-17 03:00:00,N09,0.3395,0.00607,7.62,0.0016,0.000431,27.6,23.766735,86.418658
2026-04-17 04:00:00,N09,-0.0131,0.009647,7.86,0.0023,0.000156,29.2,23.766735,86.418658
2026-04-17 05:00:00,N09,-0.0457,0.0052,6.68,0.0019,0.000174,31.0,23.766735,86.418658
2026-04-17 06:00:00,N09,-0.221,0.006534,2.76,0.002,0.000156,33.0,23.766735,86.418658
2026-04-17 07:00:00,N09,,,,,,,23.766735,86.418658
2026-04-17 08:00:00,N09,-0.0384,0.006078,3.46,0.0013,0.007773,36.7,23.766735,86.418658
2026-04-17 09:00:00,N09,-0.0839,0.695289,15.8,0.0171,0.007983,38.3,23.766735,86.418658
2026-04-17 10:00:00,N09,-0.0617,0.783127,40.57,0.0173,0.007697,39.4,23.766735,86.418658
2026-04-17 11:00:00,N09,,,,,,,23.766735,86.418658
2026-04-17 12:00:00,N09,,,,,,,23.766735,86.418658
2026-04-17 13:00:00,N09,,,,,,,23.766735,86.418658
2026-04-17 14:00:00,N09,,,,,,,23.766735,86.418658
2026-04-17 15:00:00,N09,,,,,,,23.766735,86.418658
2026-04-17 16:00:00,N09,,,,,,,23.766735,86.418658
2026-04-17 17:00:00,N09,,,,,,,23.766735,86.418658
2026-04-17 18:00:00,N09,0.0396,0.007215,6.78,0.0014,0.000411,33.0,23.766735,86.418658
2026-04-17 19:00:00,N09,,,,,,,23.766735,86.418658
2026-04-17 20:00:00,N09,,,,,,,23.766735,86.418658
2026-04-17 21:00:00,N09,,,,,,,23.766735,86.418658
2026-04-17 22:00:00,N09,0.1525,0.005739,2.31,0.0026,0.000219,26.5,23.766735,86.418658
2026-04-17 23:00:00,N09,-0.0453,0.006217,5.56,0.003,1.1e-05,25.7,23.766735,86.418658
2026-04-18 00:00:00,N09,,,,,,,23.766735,86.418658
2026-04-18 01:00:00,N09,,,,,,,23.766735,86.418658
2026-04-18 02:00:00,N09,0.0625,0.006895,1.84,0.0034,0.000224,23.5,23.766735,86.418658
2026-04-18 03:00:00,N09,-0.2456,0.005112,3.83,0.003,0.00044,24.7,23.766735,86.418658
2026-04-18 04:00:00,N09,-0.2531,0.006898,8.2,0.0025,9.7e-05,26.3,23.766735,86.418658
2026-04-18 05:00:00,N09,0.0523,0.007776,6.95,0.0029,0.000198,28.1,23.766735,86.418658
2026-04-18 06:00:00,N09,-0.1615,0.005836,4.52,0.0029,9.5e-05,30.0,23.766735,86.418658
2026-04-18 07:00:00,N09,,,,,,,23.766735,86.418658
2026-04-18 08:00:00,N09,,,,,,,23.766735,86.418658
2026-04-18 09:00:00,N09,,,,,,,23.766735,86.418658
2026-04-18 10:00:00,N09,-0.1531,0.007515,8.52,0.0026,0.008207,36.5,23.766735,86.418658
2026-04-18 11:00:00,N09,0.1582,0.010869,9.67,0.0036,5.2e-05,37.3,23.766735,86.418658
2026-04-18 12:00:00,N09,0.0054,0.00659,2.15,0.0025,0.000176,37.5,23.766735,86.418658
2026-04-18 13:00:00,N09,-0.1382,0.01076,3.74,0.0033,0.008518,37.3,23.766735,86.418658
2026-04-18 14:00:00,N09,-0.132,0.78788,19.62,0.0195,0.008345,36.5,23.766735,86.418658
2026-04-18 15:00:00,N09,0.1358,0.659082,38.73,0.02,0.013332,35.3,23.766735,86.418658
2026-04-18 16:00:00,N09,0.1228,0.691635,45.51,-0.0072,0.013022,33.8,23.766735,86.418658
2026-04-18 17:00:00,N09,,,,,,,23.766735,86.418658
2026-04-18 18:00:00,N09,,,,,,,23.766735,86.418658
2026-04-18 19:00:00,N09,,,,,,,23.766735,86.418658
2026-04-18 20:00:00,N09,,,,,,,23.766735,86.418658
2026-04-18 21:00:00,N09,0.0169,0.007649,6.67,0.0053,0.0001,24.7,23.766735,86.418658
2026-04-18 22:00:00,N09,0.274,0.007013,7.09,0.0051,0.000141,23.5,23.766735,86.418658
2026-04-18 23:00:00,N09,0.0449,0.007284,2.08,0.005,0.000458,22.8,23.766735,86.418658
2026-04-19 00:00:00,N09,-0.0295,0.007421,3.51,0.0042,0.000655,22.1,23.766735,86.418658
2026-04-19 01:00:00,N09,-0.2989,0.007755,8.26,0.0037,0.000589,22.4,23.766735,86.418658
2026-04-19 02:00:00,N09,-0.167,0.006499,1.77,0.003,0.00069,23.1,23.766735,86.418658
2026-04-19 03:00:00,N09,-0.1568,0.006564,1.23,0.0023,0.000222,24.3,23.766735,86.418658
2026-04-19 04:00:00,N09,0.048,0.007682,3.05,0.0026,0.000431,25.9,23.766735,86.418658
2026-04-19 05:00:00,N09,-0.2816,0.005682,3.38,0.0031,0.000762,27.7,23.766735,86.418658
2026-04-19 06:00:00,N09,-0.0208,0.007754,5.32,0.0041,0.000681,29.6,23.766735,86.418658
2026-04-19 07:00:00,N09,-0.0811,0.007305,8.45,0.0045,0.000476,31.5,23.766735,86.418658
2026-04-19 08:00:00,N09,0.1033,0.006089,9.79,0.0032,0.000371,33.4,23.766735,86.418658
2026-04-19 09:00:00,N09,0.0725,0.005752,4.15,0.0038,0.000568,34.9,23.766735,86.418658
2026-04-19 10:00:00,N09,-0.0472,0.008143,6.91,0.0043,0.008672,36.1,23.766735,86.418658
2026-04-19 11:00:00,N09,,,,,,,23.766735,86.418658
2026-04-19 12:00:00,N09,,,,,,,23.766735,86.418658
2026-04-19 13:00:00,N09,,,,,,,23.766735,86.418658
2026-04-19 14:00:00,N09,,,,,,,23.766735,86.418658
2026-04-19 15:00:00,N09,-0.0261,0.008562,9.02,0.0027,0.006018,34.9,23.766735,86.418658
2026-04-19 16:00:00,N09,-0.1903,0.007858,9.07,0.0027,0.000265,33.4,23.766735,86.418658
2026-04-19 17:00:00,N09,-0.1177,0.005953,9.78,0.0033,0.000214,31.5,23.766735,86.418658
2026-04-19 18:00:00,N09,0.2345,0.006242,8.69,0.0031,4.1e-05,29.6,23.766735,86.418658
2026-04-19 19:00:00,N09,0.0167,0.005369,2.86,0.0033,0.000504,27.7,23.766735,86.418658
2026-04-19 20:00:00,N09,0.0954,0.005131,1.53,0.0041,0.000382,25.9,23.766735,86.418658
2026-04-19 21:00:00,N09,0.0957,0.007961,8.72,0.0041,7.4e-05,24.3,23.766735,86.418658
2026-04-19 22:00:00,N09,0.1485,0.006248,6.72,0.004,0.000104,23.1,23.766735,86.418658
2026-04-19 23:00:00,N09,-0.0984,0.00946,6.26,0.0039,0.000169,22.4,23.766735,86.418658
2026-04-20 00:00:00,N09,-0.0092,0.007575,5.03,0.0036,0.000505,24.6,23.766735,86.418658
2026-04-20 01:00:00,N09,0.3422,0.005373,7.37,0.0029,5.6e-05,24.9,23.766735,86.418658
2026-04-20 02:00:00,N09,-0.2558,0.006596,4.72,0.0035,0.000756,25.6,23.766735,86.418658
2026-04-20 03:00:00,N09,0.1827,0.00666,3.02,0.0044,0.000563,26.8,23.766735,86.418658
2026-04-20 04:00:00,N09,,,,,,,23.766735,86.418658
2026-04-20 05:00:00,N09,,,,,,,23.766735,86.418658
2026-04-20 06:00:00,N09,-0.0782,0.8198,48.31,0.014,0.000394,32.1,23.766735,86.418658
2026-04-20 07:00:00,N09,0.0261,0.008151,9.49,0.0053,0.003981,34.1,23.766735,86.418658
2026-04-20 08:00:00,N09,-0.0653,0.007777,3.61,0.006,0.000451,35.9,23.766735,86.418658
2026-04-20 09:00:00,N09,0.0988,0.006761,1.9,0.0062,0.000306,37.4,23.766735,86.418658
2026-04-20 10:00:00,N09,-0.1812,0.007206,8.84,0.0054,0.000477,38.6,23.766735,86.418658
2026-04-20 11:00:00,N09,-0.1136,0.00937,5.74,0.0053,3.4e-05,39.4,23.766735,86.418658
2026-04-20 12:00:00,N09,-0.129,0.00727,3.04,0.0055,2.3e-05,39.6,23.766735,86.418658
2026-04-20 13:00:00,N09,-0.0651,0.005661,1.59,0.0053,0.000643,39.4,23.766735,86.418658
2026-04-20 14:00:00,N09,0.1426,0.007163,6.72,0.0068,0.0028,38.6,23.766735,86.418658
2026-04-20 15:00:00,N09,-0.2169,0.006827,4.41,0.0109,0.00628,37.4,23.766735,86.418658
2026-04-20 16:00:00,N09,0.1712,0.882924,18.22,-0.0058,0.008208,35.9,23.766735,86.418658
2026-04-20 17:00:00,N09,0.2004,0.781318,49.82,0.0273,0.017006,34.1,23.766735,86.418658
2026-04-20 18:00:00,N09,-0.1186,0.86603,37.34,0.0282,0.008353,32.1,23.766735,86.418658
2026-04-20 19:00:00,N09,-0.2491,0.005762,3.67,0.0106,0.008771,30.2,23.766735,86.418658
2026-04-20 20:00:00,N09,0.1797,0.006711,2.96,0.0107,0.000184,28.4,23.766735,86.418658
2026-04-20 21:00:00,N09,-0.0275,0.005468,7.84,0.0103,0.000595,26.8,23.766735,86.418658
2026-04-20 22:00:00,N09,0.0142,0.006806,9.78,0.0095,0.000544,25.6,23.766735,86.418658
2026-04-20 23:00:00,N09,0.0862,0.005354,9.18,0.0092,0.000382,24.9,23.766735,86.418658
2026-04-21 00:00:00,N09,-0.255,0.005137,2.58,0.0087,0.000185,26.4,23.766735,86.418658
2026-04-21 01:00:00,N09,-0.1494,0.005891,6.11,0.0088,0.000273,26.7,23.766735,86.418658
2026-04-21 02:00:00,N09,-0.1156,0.007009,6.79,0.0093,0.000411,27.4,23.766735,86.418658
2026-04-21 03:00:00,N09,-0.0614,0.008696,8.82,0.0096,0.0006,28.6,23.766735,86.418658
2026-04-21 04:00:00,N09,,,,,,,23.766735,86.418658
2026-04-21 05:00:00,N09,,,,,,,23.766735,86.418658
2026-04-21 06:00:00,N09,,,,,,,23.766735,86.418658
2026-04-21 07:00:00,N09,,,,,,,23.766735,86.418658
2026-04-21 08:00:00,N09,0.0406,0.0067,5.36,0.0102,0.005374,37.7,23.766735,86.418658
2026-04-21 09:00:00,N09,0.0286,0.501567,48.47,0.0213,0.000333,39.2,23.766735,86.418658
2026-04-21 10:00:00,N09,0.1225,0.006994,9.39,0.0095,0.005898,40.4,23.766735,86.418658
2026-04-21 11:00:00,N09,,,,,,,23.766735,86.418658
2026-04-21 12:00:00,N09,,,,,,,23.766735,86.418658
2026-04-21 13:00:00,N09,,,,,,,23.766735,86.418658
2026-04-21 14:00:00,N09,,,,,,,23.766735,86.418658
2026-04-21 15:00:00,N09,0.0324,0.005719,3.66,0.0105,0.00039,39.2,23.766735,86.418658
2026-04-21 16:00:00,N09,-0.0488,0.006837,5.49,0.011,0.004103,37.7,23.766735,86.418658
2026-04-21 17:00:00,N09,0.033,0.649296,33.36,0.0187,0.003963,35.8,23.766735,86.418658
2026-04-21 18:00:00,N09,0.2586,0.685589,25.1,0.0189,0.004295,33.9,23.766735,86.418658
2026-04-21 19:00:00,N09,-0.0853,0.009128,7.23,0.0101,0.0044,32.0,23.766735,86.418658
2026-04-21 20:00:00,N09,0.0662,0.006271,4.51,0.0101,1.6e-05,30.2,23.766735,86.418658
2026-04-21 21:00:00,N09,-0.1229,0.005723,7.73,0.0102,8.4e-05,28.6,23.766735,86.418658
2026-04-21 22:00:00,N09,-0.0099,0.007802,4.27,0.0102,0.000366,27.4,23.766735,86.418658
2026-04-21 23:00:00,N09,0.0369,0.006157,6.31,0.0094,0.000279,26.7,23.766735,86.418658
2026-04-22 00:00:00,N09,-0.2996,0.005664,4.34,0.0097,0.000243,22.7,23.766735,86.418658
2026-04-22 01:00:00,N09,0.1032,0.005894,6.21,0.0099,0.000183,22.9,23.766735,86.418658
2026-04-22 02:00:00,N09,0.1816,0.007496,7.38,0.0093,5.8e-05,23.7,23.766735,86.418658
2026-04-22 03:00:00,N09,0.1943,0.006257,2.34,0.0098,0.000323,24.9,23.766735,86.418658
2026-04-22 04:00:00,N09,,,,,,,23.766735,86.418658
2026-04-22 05:00:00,N09,,,,,,,23.766735,86.418658
2026-04-22 06:00:00,N09,,,,,,,23.766735,86.418658
2026-04-22 07:00:00,N09,,,,,,,23.766735,86.418658
2026-04-22 08:00:00,N09,,,,,,,23.766735,86.418658
2026-04-22 09:00:00,N09,,,,,,,23.766735,86.418658
2026-04-22 10:00:00,N09,,,,,,,23.766735,86.418658
2026-04-22 11:00:00,N09,,,,,,,23.766735,86.418658
2026-04-22 12:00:00,N09,0.164,0.005041,8.93,0.0091,0.007388,37.7,23.766735,86.418658
2026-04-22 13:00:00,N09,-0.1374,0.005747,7.71,0.0095,0.000178,37.4,23.766735,86.418658
2026-04-22 14:00:00,N09,-0.1043,0.005451,8.34,0.0094,0.000123,36.7,23.766735,86.418658
2026-04-22 15:00:00,N09,0.0948,0.008276,4.06,0.0097,0.000177,35.5,23.766735,86.418658
2026-04-22 16:00:00,N09,0.067,0.007491,5.8,0.0098,0.000128,33.9,23.766735,86.418658
2026-04-22 17:00:00,N09,-0.1402,0.005739,7.69,0.01,0.000264,32.1,23.766735,86.418658
2026-04-22 18:00:00,N09,0.0722,0.005831,2.62,0.0093,0.000836,30.2,23.766735,86.418658
2026-04-22 19:00:00,N09,,,,,,,23.766735,86.418658
2026-04-22 20:00:00,N09,,,,,,,23.766735,86.418658
2026-04-22 21:00:00,N09,,,,,,,23.766735,86.418658
2026-04-22 22:00:00,N09,-0.0162,0.008614,6.69,0.0092,0.000257,23.7,23.766735,86.418658
2026-04-22 23:00:00,N09,-0.031,0.007874,7.41,0.0091,0.000601,22.9,23.766735,86.418658
2026-04-23 00:00:00,N09,,,,,,,23.766735,86.418658
2026-04-23 01:00:00,N09,,,,,,,23.766735,86.418658
2026-04-23 02:00:00,N09,,,,,,,23.766735,86.418658
2026-04-23 03:00:00,N09,,,,,,,23.766735,86.418658
2026-04-23 04:00:00,N09,,,,,,,23.766735,86.418658
2026-04-23 05:00:00,N09,,,,,,,23.766735,86.418658
2026-04-23 06:00:00,N09,0.2614,0.006994,1.48,0.0114,0.000181,34.4,23.766735,86.418658
2026-04-23 07:00:00,N09,0.2186,0.007459,9.27,0.0116,0.00016,36.4,23.766735,86.418658
2026-04-23 08:00:00,N09,,,,,,,23.766735,86.418658
2026-04-23 09:00:00,N09,0.1927,0.005796,6.29,0.0118,3.6e-05,39.7,23.766735,86.418658
2026-04-23 10:00:00,N09,-0.1064,0.0057,4.47,0.0116,7.8e-05,40.9,23.766735,86.418658
2026-04-23 11:00:00,N09,0.0995,0.006572,4.62,0.012,0.000207,41.7,23.766735,86.418658
2026-04-23 12:00:00,N09,-0.273,0.005275,4.6,0.0112,0.000536,41.9,23.766735,86.418658
2026-04-23 13:00:00,N09,,,,,,,23.766735,86.418658
2026-04-23 14:00:00,N09,,,,,,,23.766735,86.418658
2026-04-23 15:00:00,N09,0.1801,0.852713,44.07,0.03,0.009974,39.7,23.766735,86.418658
2026-04-23 16:00:00,N09,,,,,,,23.766735,86.418658
2026-04-23 17:00:00,N09,,,,,,,23.766735,86.418658
2026-04-23 18:00:00,N09,,,,,,,23.766735,86.418658
2026-04-23 19:00:00,N09,,,,,,,23.766735,86.418658
2026-04-23 20:00:00,N09,,,,,,,23.766735,86.418658
2026-04-23 21:00:00,N09,0.0042,0.005457,8.98,0.01,0.00019,29.1,23.766735,86.418658
2026-04-23 22:00:00,N09,-0.0357,0.00841,4.96,0.0099,0.000106,27.9,23.766735,86.418658
2026-04-23 23:00:00,N09,0.0795,0.006403,5.01,0.0098,0.000148,27.2,23.766735,86.418658
2026-04-24 00:00:00,N09,0.2654,0.006398,3.43,0.0102,0.000287,25.0,23.766735,86.418658
2026-04-24 01:00:00,N09,0.0621,0.007631,9.48,0.0104,9e-05,25.2,23.766735,86.418658
2026-04-24 02:00:00,N09,,,,,,,23.766735,86.418658
2026-04-24 03:00:00,N09,,,,,,,23.766735,86.418658
2026-04-24 04:00:00,N09,,,,,,,23.766735,86.418658
2026-04-24 05:00:00,N09,-0.1044,0.00637,6.75,0.0094,0.005616,30.5,23.766735,86.418658
2026-04-24 06:00:00,N09,0.0314,0.523361,21.09,-0.0011,0.007257,32.5,23.766735,86.418658
2026-04-24 07:00:00,N09,0.1821,0.843489,45.82,0.024,0.005644,34.4,23.766735,86.418658
2026-04-24 08:00:00,N09,0.2159,0.006133,8.37,0.0102,0.002248,36.2,23.766735,86.418658
2026-04-24 09:00:00,N09,0.054,0.80747,49.28,0.0195,0.004813,37.8,23.766735,86.418658
2026-04-24 10:00:00,N09,0.1316,0.851664,26.86,0.0198,0.004835,39.0,23.766735,86.418658
2026-04-24 11:00:00,N09,,,,,,,23.766735,86.418658
2026-04-24 12:00:00,N09,,,,,,,23.766735,86.418658
2026-04-24 13:00:00,N09,,,,,,,23.766735,86.418658
2026-04-24 14:00:00,N09,,,,,,,23.766735,86.418658
2026-04-24 15:00:00,N09,,,,,,,23.766735,86.418658
2026-04-24 16:00:00,N09,,,,,,,23.766735,86.418658
2026-04-24 17:00:00,N09,,,,,,,23.766735,86.418658
2026-04-24 18:00:00,N09,-0.0395,0.009622,1.86,0.011,0.000215,32.5,23.766735,86.418658
2026-04-24 19:00:00,N09,0.2366,0.005151,6.12,0.0112,0.000355,30.5,23.766735,86.418658
2026-04-24 20:00:00,N09,-0.1829,0.00519,4.14,0.0117,0.000141,28.7,23.766735,86.418658
2026-04-24 21:00:00,N09,-0.0156,0.005117,4.53,0.0115,9.7e-05,27.2,23.766735,86.418658
2026-04-24 22:00:00,N09,,,,,,,23.766735,86.418658
2026-04-24 23:00:00,N09,,,,,,,23.766735,86.418658
2026-04-25 00:00:00,N09,,,,,,,23.766735,86.418658
2026-04-25 01:00:00,N09,0.0055,0.009798,9.01,0.0145,0.000568,23.9,23.766735,86.418658
2026-04-25 02:00:00,N09,-0.1843,0.006883,4.16,0.0145,0.000129,24.6,23.766735,86.418658
2026-04-25 03:00:00,N09,-0.0089,0.005061,8.58,0.0142,0.000119,25.8,23.766735,86.418658
2026-04-25 04:00:00,N09,-0.0198,0.005091,3.88,0.0143,0.000206,27.4,23.766735,86.418658
2026-04-25 05:00:00,N09,0.0983,0.010768,1.29,0.0146,2.5e-05,29.2,23.766735,86.418658
2026-04-25 06:00:00,N09,-0.0268,0.00873,1.81,0.0143,6.7e-05,31.1,23.766735,86.418658
2026-04-25 07:00:00,N09,0.264,0.005272,5.33,0.0145,0.000461,33.1,23.766735,86.418658
2026-04-25 08:00:00,N09,0.0946,0.005466,6.23,0.0134,0.008839,34.9,23.766735,86.418658
2026-04-25 09:00:00,N09,,,,,,,23.766735,86.418658
2026-04-25 10:00:00,N09,,,,,,,23.766735,86.418658
2026-04-25 11:00:00,N09,,,,,,,23.766735,86.418658
2026-04-25 12:00:00,N09,,,,,,,23.766735,86.418658
2026-04-25 13:00:00,N09,,,,,,,23.766735,86.418658
2026-04-25 14:00:00,N09,,,,,,,23.766735,86.418658
2026-04-25 15:00:00,N09,,,,,,,23.766735,86.418658
2026-04-25 16:00:00,N09,,,,,,,23.766735,86.418658
2026-04-25 17:00:00,N09,0.0555,0.007007,8.51,0.0149,0.000633,33.1,23.766735,86.418658
2026-04-25 18:00:00,N09,-0.1576,0.007724,3.08,0.0155,3.4e-05,31.1,23.766735,86.418658
2026-04-25 19:00:00,N09,-0.1795,0.007115,4.47,0.0148,0.000809,29.2,23.766735,86.418658
2026-04-25 20:00:00,N09,0.188,0.005256,4.74,0.0139,0.000546,27.4,23.766735,86.418658
2026-04-25 21:00:00,N09,0.2328,0.00563,7.52,0.0137,0.000381,25.8,23.766735,86.418658
2026-04-25 22:00:00,N09,0.1347,0.007035,7.48,0.0132,0.000582,24.6,23.766735,86.418658
2026-04-25 23:00:00,N09,0.1198,0.007046,3.71,0.0126,0.000264,23.9,23.766735,86.418658
2026-04-26 00:00:00,N09,-0.133,0.007057,2.37,0.0126,0.000283,26.1,23.766735,86.418658
2026-04-26 01:00:00,N09,,,,,,,23.766735,86.418658
2026-04-26 02:00:00,N09,-0.057,0.007927,4.32,0.0112,5.3e-05,27.1,23.766735,86.418658
2026-04-26 03:00:00,N09,,,,,,,23.766735,86.418658
2026-04-26 04:00:00,N09,,,,,,,23.766735,86.418658
2026-04-26 05:00:00,N09,,,,,,,23.766735,86.418658
2026-04-26 06:00:00,N09,,,,,,,23.766735,86.418658
2026-04-26 07:00:00,N09,-0.0095,0.00966,8.9,0.012,3.3e-05,35.5,23.766735,86.418658
2026-04-26 08:00:00,N09,0.0307,0.007498,7.08,0.0123,0.000135,37.3,23.766735,86.418658
2026-04-26 09:00:00,N09,0.1461,0.006749,8.47,0.0122,0.000221,38.9,23.766735,86.418658
2026-04-26 10:00:00,N09,-0.0159,0.00624,9.19,0.0118,0.007524,40.1,23.766735,86.418658
2026-04-26 11:00:00,N09,,,,,,,23.766735,86.418658
2026-04-26 12:00:00,N09,,,,,,,23.766735,86.418658
2026-04-26 13:00:00,N09,,,,,,,23.766735,86.418658
2026-04-26 14:00:00,N09,,,,,,,23.766735,86.418658
2026-04-26 15:00:00,N09,0.0444,0.809214,42.93,0.0195,0.01231,38.9,23.766735,86.418658
2026-04-26 16:00:00,N09,0.1763,0.005396,1.27,0.0315,0.009459,37.3,23.766735,86.418658
2026-04-26 17:00:00,N09,0.0234,0.007451,4.42,0.0384,0.006613,35.5,23.766735,86.418658
2026-04-26 18:00:00,N09,0.0197,0.008025,9.42,0.0447,0.006541,33.6,23.766735,86.418658
2026-04-26 19:00:00,N09,0.15,0.005194,8.13,0.0515,0.006619,31.7,23.766735,86.418658
2026-04-26 20:00:00,N09,-0.0233,0.006206,4.36,0.058,0.00631,29.8,23.766735,86.418658
2026-04-26 21:00:00,N09,,,,,,,23.766735,86.418658
2026-04-26 22:00:00,N09,,,,,,,23.766735,86.418658
2026-04-26 23:00:00,N09,,,,,,,23.766735,86.418658
2026-04-27 00:00:00,N09,,,,,,,23.766735,86.418658
2026-04-27 01:00:00,N09,,,,,,,23.766735,86.418658
2026-04-27 02:00:00,N09,-0.2455,0.005943,1.79,0.0932,0.005673,22.5,23.766735,86.418658
2026-04-27 03:00:00,N09,-0.0885,0.006901,3.93,0.0992,0.005739,23.7,23.766735,86.418658
2026-04-27 04:00:00,N09,-0.104,0.005755,8.29,0.1047,0.005562,25.2,23.766735,86.418658
2026-04-27 05:00:00,N09,0.2069,0.005275,9.78,0.1104,0.006087,27.0,23.766735,86.418658
2026-04-27 06:00:00,N09,,,,,,,23.766735,86.418658
2026-04-27 07:00:00,N09,-0.153,0.005426,3.78,0.1228,0.006201,30.9,23.766735,86.418658
2026-04-27 08:00:00,N09,,,,,,,23.766735,86.418658
2026-04-27 09:00:00,N09,,,,,,,23.766735,86.418658
2026-04-27 10:00:00,N09,,,,,,,23.766735,86.418658
2026-04-27 11:00:00,N09,-0.1301,0.611989,34.09,0.1271,0.00644,36.2,23.766735,86.418658
2026-04-27 12:00:00,N09,-0.0244,0.007246,7.81,0.1531,0.019744,36.5,23.766735,86.418658
2026-04-27 13:00:00,N09,0.1284,0.647342,36.38,0.1666,0.009421,36.2,23.766735,86.418658
2026-04-27 14:00:00,N09,-0.0244,0.794049,30.48,0.172,0.002334,35.5,23.766735,86.418658
2026-04-27 15:00:00,N09,,,,,,,23.766735,86.418658
2026-04-27 16:00:00,N09,,,,,,,23.766735,86.418658
2026-04-27 17:00:00,N09,,,,,,,23.766735,86.418658
2026-04-27 18:00:00,N09,0.0109,0.942386,42.82,0.2002,5.3e-05,29.0,23.766735,86.418658
2026-04-27 19:00:00,N09,-0.0808,0.006528,5.11,0.195,0.000452,27.0,23.766735,86.418658
2026-04-27 20:00:00,N09,-0.3396,0.006253,4.15,0.2011,0.006087,25.2,23.766735,86.418658
2026-04-27 21:00:00,N09,,,,,,,23.766735,86.418658
2026-04-27 22:00:00,N09,,,,,,,23.766735,86.418658
2026-04-27 23:00:00,N09,,,,,,,23.766735,86.418658
2026-04-28 00:00:00,N09,-0.1681,0.005423,2.95,0.2249,0.006054,26.5,23.766735,86.418658
2026-04-28 01:00:00,N09,0.1342,0.006302,2.88,0.231,0.006555,26.8,23.766735,86.418658
2026-04-28 02:00:00,N09,-0.2479,0.007269,3.52,0.238,0.006451,27.5,23.766735,86.418658
2026-04-28 03:00:00,N09,-0.2471,0.006103,7.18,0.2439,0.005959,28.7,23.766735,86.418658
2026-04-28 04:00:00,N09,0.0869,0.006319,3.45,0.2499,0.006182,30.3,23.766735,86.418658
2026-04-28 05:00:00,N09,-0.0612,0.006763,8.18,0.2563,0.002948,32.1,23.766735,86.418658
2026-04-28 06:00:00,N09,,,,,,,23.766735,86.418658
2026-04-28 07:00:00,N09,0.0768,0.692118,31.65,0.2494,0.014816,36.0,23.766735,86.418658
2026-04-28 08:00:00,N09,-0.1482,0.005774,8.56,0.2736,0.021279,37.8,23.766735,86.418658
2026-04-28 09:00:00,N09,0.0543,0.670613,30.33,0.292,0.012477,39.3,23.766735,86.418658
2026-04-28 10:00:00,N09,-0.0243,0.523192,40.59,0.2986,5.7e-05,40.5,23.766735,86.418658
2026-04-28 11:00:00,N09,0.0454,0.006802,9.36,0.2921,7.4e-05,41.3,23.766735,86.418658
2026-04-28 12:00:00,N09,0.2292,0.005175,8.98,0.2984,0.006051,41.5,23.766735,86.418658
2026-04-28 13:00:00,N09,-0.2507,0.008063,3.66,0.3042,0.00604,41.3,23.766735,86.418658
2026-04-28 14:00:00,N09,-0.1692,0.005835,1.91,0.3105,0.006668,40.5,23.766735,86.418658
2026-04-28 15:00:00,N09,0.0638,0.007699,1.96,0.3175,0.006832,39.3,23.766735,86.418658
2026-04-28 16:00:00,N09,-0.1913,0.00638,8.94,0.3242,0.005614,37.8,23.766735,86.418658
2026-04-28 17:00:00,N09,0.1262,0.006975,8.06,0.3288,0.005428,36.0,23.766735,86.418658
2026-04-28 18:00:00,N09,0.1147,0.007888,5.68,0.335,0.006001,34.0,23.766735,86.418658
2026-04-28 19:00:00,N09,0.1705,0.006907,6.05,0.3408,0.005475,32.1,23.766735,86.418658
2026-04-28 20:00:00,N09,0.028,0.006446,4.73,0.346,0.005592,30.3,23.766735,86.418658
2026-04-28 21:00:00,N09,-0.1603,0.006276,8.73,0.352,0.00601,28.7,23.766735,86.418658
2026-04-28 22:00:00,N09,-0.0145,0.011421,3.45,0.358,0.006007,27.5,23.766735,86.418658
2026-04-28 23:00:00,N09,0.1677,0.005645,6.12,0.364,0.005872,26.8,23.766735,86.418658
2026-04-29 00:00:00,N09,,,,,,,23.766735,86.418658
2026-04-29 01:00:00,N09,,,,,,,23.766735,86.418658
2026-04-29 02:00:00,N09,,,,,,,23.766735,86.418658
2026-04-29 03:00:00,N09,,,,,,,23.766735,86.418658
2026-04-29 04:00:00,N09,,,,,,,23.766735,86.418658
2026-04-29 05:00:00,N09,0.0833,0.00795,3.76,0.3956,0.004198,33.0,23.766735,86.418658
2026-04-29 06:00:00,N09,-0.0603,0.007952,9.32,0.4,0.004434,35.0,23.766735,86.418658
2026-04-29 07:00:00,N09,0.0217,0.005517,4.9,0.4045,0.004279,36.9,23.766735,86.418658
2026-04-29 08:00:00,N09,0.0696,0.005552,8.15,0.4086,0.011542,38.7,23.766735,86.418658
2026-04-29 09:00:00,N09,-0.079,0.810603,30.61,0.4276,0.005266,40.3,23.766735,86.418658
2026-04-29 10:00:00,N09,,,,,,,23.766735,86.418658
2026-04-29 11:00:00,N09,,,,,,,23.766735,86.418658
2026-04-29 12:00:00,N09,,,,,,,23.766735,86.418658
2026-04-29 13:00:00,N09,0.1672,0.005425,6.04,0.4332,0.004453,42.2,23.766735,86.418658
2026-04-29 14:00:00,N09,-0.0105,0.005188,6.44,0.4375,0.004254,41.5,23.766735,86.418658
2026-04-29 15:00:00,N09,,,,,,,23.766735,86.418658
2026-04-29 16:00:00,N09,,,,,,,23.766735,86.418658
2026-04-29 17:00:00,N09,,,,,,,23.766735,86.418658
2026-04-29 18:00:00,N09,0.1309,0.945408,46.07,0.4734,0.004069,35.0,23.766735,86.418658
2026-04-29 19:00:00,N09,-0.127,0.005219,1.36,0.4606,0.003738,33.0,23.766735,86.418658
2026-04-29 20:00:00,N09,-0.1568,0.007451,6.3,0.466,0.005297,31.2,23.766735,86.418658
2026-04-29 21:00:00,N09,-0.2728,0.008574,1.76,0.4712,0.004735,29.7,23.766735,86.418658
2026-04-29 22:00:00,N09,,,,,,,23.766735,86.418658
2026-04-29 23:00:00,N09,,,,,,,23.766735,86.418658
2026-04-30 00:00:00,N09,,,,,,,23.766735,86.418658
2026-04-30 01:00:00,N09,,,,,,,23.766735,86.418658
2026-04-30 02:00:00,N09,,,,,,,23.766735,86.418658
2026-04-30 03:00:00,N09,-0.0523,0.006445,9.35,0.5022,0.004865,28.0,23.766735,86.418658
2026-04-30 04:00:00,N09,0.1528,0.006449,7.2,0.5071,0.005384,29.6,23.766735,86.418658
2026-04-30 05:00:00,N09,-0.3427,0.005729,2.7,0.513,0.005269,31.4,23.766735,86.418658
2026-04-30 06:00:00,N09,-0.2037,0.006706,2.49,0.5177,0.005437,33.3,23.766735,86.418658
2026-04-30 07:00:00,N09,-0.0369,0.006865,8.32,0.5239,0.005813,35.3,23.766735,86.418658
2026-04-30 08:00:00,N09,,,,,,,23.766735,86.418658
2026-04-30 09:00:00,N09,,,,,,,23.766735,86.418658
2026-04-30 10:00:00,N09,,,,,,,23.766735,86.418658
2026-04-30 11:00:00,N09,,,,,,,23.766735,86.418658
2026-04-30 12:00:00,N09,0.0014,0.937058,16.54,0.5636,0.010929,40.8,23.766735,86.418658
2026-04-30 13:00:00,N09,-0.0909,0.824331,34.13,0.5702,0.001939,40.6,23.766735,86.418658
2026-04-30 14:00:00,N09,0.1745,0.006932,7.91,0.5675,0.001324,39.8,23.766735,86.418658
2026-04-30 15:00:00,N09,0.1201,0.007126,6.76,0.5728,0.011549,38.6,23.766735,86.418658
2026-04-30 16:00:00,N09,,,,,,,23.766735,86.418658
2026-04-30 17:00:00,N09,-0.1143,0.564772,46.89,0.5964,0.000254,35.3,23.766735,86.418658
2026-04-30 18:00:00,N09,-0.1774,0.005258,2.94,0.5911,0.000845,33.3,23.766735,86.418658
2026-04-30 19:00:00,N09,0.0913,0.009281,6.39,0.5981,0.006173,31.4,23.766735,86.418658
2026-04-30 20:00:00,N09,0.137,0.005431,7.61,0.6034,0.005783,29.6,23.766735,86.418658
2026-04-30 21:00:00,N09,-0.2581,0.007197,9.16,0.6097,0.006188,28.0,23.766735,86.418658
2026-04-30 22:00:00,N09,0.0585,0.010368,8.47,0.6158,0.005889,26.8,23.766735,86.418658
2026-04-30 23:00:00,N09,0.1505,0.006678,7.62,0.6215,0.006276,26.1,23.766735,86.418658
2026-05-01 00:00:00,N09,-0.316,0.007023,2.43,0.6284,0.006338,24.3,23.766735,86.418658
2026-05-01 01:00:00,N09,-0.0185,0.008157,9.67,0.6341,0.006403,24.6,23.766735,86.418658
2026-05-01 02:00:00,N09,-0.1938,0.005289,4.28,0.6412,0.006672,25.3,23.766735,86.418658
2026-05-01 03:00:00,N09,-0.0359,0.005298,4.18,0.6475,0.005548,26.5,23.766735,86.418658
2026-05-01 04:00:00,N09,0.0377,0.009146,1.16,0.6523,0.005017,28.1,23.766735,86.418658
2026-05-01 05:00:00,N09,,,,,,,23.766735,86.418658
2026-05-01 06:00:00,N09,,,,,,,23.766735,86.418658
2026-05-01 07:00:00,N09,-0.0487,0.005434,1.41,0.6698,0.005691,33.8,23.766735,86.418658
2026-05-01 08:00:00,N09,0.1353,0.005175,3.34,0.6754,0.005755,35.6,23.766735,86.418658
2026-05-01 09:00:00,N09,,,,,,,23.766735,86.418658
2026-05-01 10:00:00,N09,,,,,,,23.766735,86.418658
2026-05-01 11:00:00,N09,,,,,,,23.766735,86.418658
2026-05-01 12:00:00,N09,,,,,,,23.766735,86.418658
2026-05-01 13:00:00,N09,-0.3452,0.86038,37.26,0.7148,0.000427,39.1,23.766735,86.418658
2026-05-01 14:00:00,N09,0.0021,0.006864,3.61,0.7102,0.000401,38.3,23.766735,86.418658
2026-05-01 15:00:00,N09,-0.1469,0.005569,2.66,0.7156,0.005332,37.1,23.766735,86.418658
2026-05-01 16:00:00,N09,-0.1779,0.00771,8.79,0.7209,0.005544,35.6,23.766735,86.418658
2026-05-01 17:00:00,N09,0.1548,0.005255,9.73,0.7267,0.005997,33.8,23.766735,86.418658
2026-05-01 18:00:00,N09,,,,,,,23.766735,86.418658
2026-05-01 19:00:00,N09,,,,,,,23.766735,86.418658
2026-05-01 20:00:00,N09,,,,,,,23.766735,86.418658
2026-05-01 21:00:00,N09,-0.0298,0.007279,8.83,0.7497,0.005722,26.5,23.766735,86.418658
2026-05-01 22:00:00,N09,0.0165,0.005138,3.62,0.755,0.005328,25.3,23.766735,86.418658
2026-05-01 23:00:00,N09,-0.192,0.006309,7.44,0.7603,0.005031,24.6,23.766735,86.418658
2026-05-02 00:00:00,N09,-0.0507,0.007278,4.68,0.7651,0.005544,23.0,23.766735,86.418658
2026-05-02 01:00:00,N09,-0.1628,0.009411,3.2,0.7714,0.005997,23.3,23.766735,86.418658
2026-05-02 02:00:00,N09,0.087,0.005639,6.88,0.7771,0.005566,24.0,23.766735,86.418658
2026-05-02 03:00:00,N09,0.037,0.005535,8.25,0.7826,0.006063,25.2,23.766735,86.418658
2026-05-02 04:00:00,N09,-0.142,0.008304,8.29,0.7892,0.006142,26.8,23.766735,86.418658
2026-05-02 05:00:00,N09,0.1886,0.007329,7.79,0.7948,0.005225,28.6,23.766735,86.418658
2026-05-02 06:00:00,N09,0.0046,0.008286,5.22,0.7997,0.000831,30.5,23.766735,86.418658
2026-05-02 07:00:00,N09,-0.0611,0.504475,35.87,0.7965,0.001185,32.5,23.766735,86.418658
2026-05-02 08:00:00,N09,-0.061,0.704756,31.77,0.802,0.010056,34.3,23.766735,86.418658
2026-05-02 09:00:00,N09,0.0081,0.005474,7.34,0.8166,0.010239,35.8,23.766735,86.418658
2026-05-02 10:00:00,N09,-0.0711,0.007541,5.15,0.8225,0.005858,37.0,23.766735,86.418658
2026-05-02 11:00:00,N09,,,,,,,23.766735,86.418658
2026-05-02 12:00:00,N09,,,,,,,23.766735,86.418658
2026-05-02 13:00:00,N09,-0.1823,0.009711,4.89,0.8403,0.012237,37.8,23.766735,86.418658
2026-05-02 14:00:00,N09,-0.0725,0.564992,41.19,0.8595,0.005462,37.0,23.766735,86.418658
2026-05-02 15:00:00,N09,0.0427,0.005214,5.88,0.8512,0.000928,35.8,23.766735,86.418658
2026-05-02 16:00:00,N09,0.1736,0.006199,5.54,0.8576,0.006492,34.3,23.766735,86.418658
2026-05-02 17:00:00,N09,0.1372,0.005651,3.46,0.8642,0.006435,32.5,23.766735,86.418658
2026-05-02 18:00:00,N09,,,,,,,23.766735,86.418658
2026-05-02 19:00:00,N09,-0.1115,0.0106,4.41,0.8774,0.006549,28.6,23.766735,86.418658
2026-05-02 20:00:00,N09,-0.0783,0.006074,4.05,0.8836,0.005945,26.8,23.766735,86.418658
2026-05-02 21:00:00,N09,-0.3909,0.005738,5.57,0.8893,0.005541,25.2,23.766735,86.418658
2026-05-02 22:00:00,N09,0.1591,0.005404,8.75,0.8947,0.005823,24.0,23.766735,86.418658
2026-05-02 23:00:00,N09,0.003,0.005344,8.4,0.901,0.006866,23.3,23.766735,86.418658
2026-05-03 00:00:00,N09,0.0913,0.007519,9.0,0.9084,0.006727,24.9,23.766735,86.418658
2026-05-03 01:00:00,N09,-0.1276,0.007495,8.59,0.9144,0.005753,25.2,23.766735,86.418658
2026-05-03 02:00:00,N09,-0.2794,0.005168,4.35,0.9199,0.005784,25.9,23.766735,86.418658
2026-05-03 03:00:00,N09,0.3147,0.008063,2.57,0.926,0.006066,27.1,23.766735,86.418658
2026-05-03 04:00:00,N09,0.1592,0.005156,8.69,0.9321,0.006172,28.7,23.766735,86.418658
2026-05-03 05:00:00,N09,0.0531,0.00553,7.74,0.9383,0.006217,30.5,23.766735,86.418658
2026-05-03 06:00:00,N09,-0.1444,0.005272,9.03,0.9445,0.006513,32.4,23.766735,86.418658
2026-05-03 07:00:00,N09,,,,,,,23.766735,86.418658
2026-05-03 08:00:00,N09,0.0186,0.809437,33.28,0.9766,0.005675,36.2,23.766735,86.418658
2026-05-03 09:00:00,N09,,,,,,,23.766735,86.418658
2026-05-03 10:00:00,N09,,,,,,,23.766735,86.418658
2026-05-03 11:00:00,N09,-0.104,0.005944,9.94,0.9749,0.005992,39.7,23.766735,86.418658
2026-05-03 12:00:00,N09,-0.0903,0.005649,7.96,0.9806,0.00586,39.9,23.766735,86.418658
2026-05-03 13:00:00,N09,0.0232,0.005192,8.17,0.9866,0.006236,39.7,23.766735,86.418658
2026-05-03 14:00:00,N09,0.0534,0.005881,1.87,0.9931,0.006467,38.9,23.766735,86.418658
2026-05-03 15:00:00,N09,-0.0429,0.00583,4.99,0.9995,0.002641,37.7,23.766735,86.418658
2026-05-03 16:00:00,N09,-0.1171,0.559801,44.86,0.9878,0.002864,36.2,23.766735,86.418658
2026-05-03 17:00:00,N09,0.1239,0.885418,45.39,0.9938,0.014051,34.4,23.766735,86.418658
2026-05-03 18:00:00,N09,-0.0599,0.005095,3.05,1.0159,0.013387,32.4,23.766735,86.418658
2026-05-03 19:00:00,N09,-0.133,0.006841,5.88,1.0206,0.005202,30.5,23.766735,86.418658
2026-05-03 20:00:00,N09,-0.0246,0.005247,2.02,1.0263,0.005725,28.7,23.766735,86.418658
2026-05-03 21:00:00,N09,-0.2414,0.00706,4.96,1.032,0.005524,27.1,23.766735,86.418658
2026-05-03 22:00:00,N09,0.0939,0.005888,8.71,1.0373,0.005296,25.9,23.766735,86.418658
2026-05-03 23:00:00,N09,0.1631,0.006076,9.3,1.0426,0.005463,25.2,23.766735,86.418658
2026-05-04 00:00:00,N09,-0.1502,0.005061,5.9,1.0483,0.005363,24.0,23.766735,86.418658
2026-05-04 01:00:00,N09,0.0222,0.007202,9.91,1.0533,0.00497,24.3,23.766735,86.418658
2026-05-04 02:00:00,N09,-0.1946,0.00851,6.88,1.0582,0.005135,25.0,23.766735,86.418658
2026-05-04 03:00:00,N09,-0.1276,0.005351,4.81,1.0636,0.00531,26.2,23.766735,86.418658
2026-05-04 04:00:00,N09,0.295,0.005464,1.84,1.0688,0.00522,27.8,23.766735,86.418658
2026-05-04 05:00:00,N09,-0.0138,0.005876,2.7,1.074,0.005139,29.6,23.766735,86.418658
2026-05-04 06:00:00,N09,0.2406,0.00612,4.56,1.0791,0.00523,31.5,23.766735,86.418658
2026-05-04 07:00:00,N09,,,,,,,23.766735,86.418658
2026-05-04 08:00:00,N09,,,,,,,23.766735,86.418658
2026-05-04 09:00:00,N09,-0.0457,0.00703,4.88,1.0947,0.005129,36.8,23.766735,86.418658
2026-05-04 10:00:00,N09,-0.1306,0.005951,8.93,1.0999,0.005017,38.0,23.766735,86.418658
2026-05-04 11:00:00,N09,-0.1689,0.006361,6.53,1.1048,0.004859,38.8,23.766735,86.418658
2026-05-04 12:00:00,N09,,,,,,,23.766735,86.418658
2026-05-04 13:00:00,N09,0.0169,0.008166,9.04,1.1145,0.010212,38.8,23.766735,86.418658
2026-05-04 14:00:00,N09,-0.096,0.75757,30.45,1.13,0.010391,38.0,23.766735,86.418658
2026-05-04 15:00:00,N09,,,,,,,23.766735,86.418658
2026-05-04 16:00:00,N09,,,,,,,23.766735,86.418658
2026-05-04 17:00:00,N09,,,,,,,23.766735,86.418658
2026-05-04 18:00:00,N09,,,,,,,23.766735,86.418658
2026-05-04 19:00:00,N09,,,,,,,23.766735,86.418658
2026-05-04 20:00:00,N09,-0.1508,0.009738,8.03,1.1583,0.005181,27.8,23.766735,86.418658
2026-05-04 21:00:00,N09,-0.0554,0.007035,9.64,1.1638,0.005569,26.2,23.766735,86.418658
2026-05-04 22:00:00,N09,,,,,,,23.766735,86.418658
2026-05-04 23:00:00,N09,,,,,,,23.766735,86.418658
2026-05-05 00:00:00,N09,,,,,,,23.766735,86.418658
2026-05-05 01:00:00,N09,0.1979,0.005544,7.69,1.1844,0.005161,24.4,23.766735,86.418658
2026-05-05 02:00:00,N09,0.0682,0.007033,9.72,1.1892,0.004674,25.2,23.766735,86.418658
2026-05-05 03:00:00,N09,0.2117,0.008167,4.79,1.1938,0.004709,26.4,23.766735,86.418658
2026-05-05 04:00:00,N09,,,,,,,23.766735,86.418658
2026-05-05 05:00:00,N09,,,,,,,23.766735,86.418658
2026-05-05 06:00:00,N09,,,,,,,23.766735,86.418658
2026-05-05 07:00:00,N09,,,,,,,23.766735,86.418658
2026-05-05 08:00:00,N09,-0.1525,0.814714,29.13,1.2055,0.017084,35.4,23.766735,86.418658
2026-05-05 09:00:00,N09,-0.1338,0.887454,30.46,1.2348,0.017787,37.0,23.766735,86.418658
2026-05-05 10:00:00,N09,-0.0446,0.504237,39.36,1.241,0.000807,38.2,23.766735,86.418658
2026-05-05 11:00:00,N09,,,,,,,23.766735,86.418658
2026-05-05 12:00:00,N09,,,,,,,23.766735,86.418658
2026-05-05 13:00:00,N09,0.0093,0.006072,3.76,1.2443,0.004954,38.9,23.766735,86.418658
2026-05-05 14:00:00,N09,,,,,,,23.766735,86.418658
2026-05-05 15:00:00,N09,,,,,,,23.766735,86.418658
2026-05-05 16:00:00,N09,0.1705,0.521198,24.5,1.2771,0.014191,35.4,23.766735,86.418658
2026-05-05 17:00:00,N09,-0.0881,0.573691,45.76,1.2829,0.003501,33.6,23.766735,86.418658
2026-05-05 18:00:00,N09,,,,,,,23.766735,86.418658
2026-05-05 19:00:00,N09,,,,,,,23.766735,86.418658
2026-05-05 20:00:00,N09,,,,,,,23.766735,86.418658
2026-05-05 21:00:00,N09,0.0708,0.006354,7.17,1.2846,0.005277,26.4,23.766735,86.418658
2026-05-05 22:00:00,N09,0.1062,0.007733,9.26,1.2902,0.005389,25.2,23.766735,86.418658
2026-05-05 23:00:00,N09,,,,,,,23.766735,86.418658
2026-05-06 00:00:00,N09,,,,,,,23.766735,86.418658
2026-05-06 01:00:00,N09,-0.1853,0.005215,9.38,1.3058,0.004719,28.5,23.766735,86.418658
2026-05-06 02:00:00,N09,0.0228,0.007617,2.04,1.3103,0.004587,29.3,23.766735,86.418658
2026-05-06 03:00:00,N09,0.3323,0.008399,8.15,1.315,0.004947,30.5,23.766735,86.418658
2026-05-06 04:00:00,N09,-0.0306,0.005981,8.64,1.3201,0.005302,32.0,23.766735,86.418658
2026-05-06 05:00:00,N09,-0.3338,0.005227,6.98,1.3256,0.005158,33.8,23.766735,86.418658
2026-05-06 06:00:00,N09,-0.0423,0.005243,1.09,1.3305,0.004719,35.8,23.766735,86.418658
2026-05-06 07:00:00,N09,-0.2174,0.005036,5.68,1.335,0.004351,37.7,23.766735,86.418658
2026-05-06 08:00:00,N09,,,,,,,23.766735,86.418658
2026-05-06 09:00:00,N09,,,,,,,23.766735,86.418658
2026-05-06 10:00:00,N09,,,,,,,23.766735,86.418658
2026-05-06 11:00:00,N09,,,,,,,23.766735,86.418658
2026-05-06 12:00:00,N09,,,,,,,23.766735,86.418658
2026-05-06 13:00:00,N09,,,,,,,23.766735,86.418658
2026-05-06 14:00:00,N09,,,,,,,23.766735,86.418658
2026-05-06 15:00:00,N09,,,,,,,23.766735,86.418658
2026-05-06 16:00:00,N09,0.0349,0.008581,2.62,1.3807,0.000533,39.5,23.766735,86.418658
2026-05-06 17:00:00,N09,0.0988,0.533604,28.98,1.3745,0.000884,37.7,23.766735,86.418658
2026-05-06 18:00:00,N09,,,,,,,23.766735,86.418658
2026-05-06 19:00:00,N09,,,,,,,23.766735,86.418658
2026-05-06 20:00:00,N09,0.0019,0.006784,7.98,1.3993,0.005113,32.0,23.766735,86.418658
2026-05-06 21:00:00,N09,-0.0599,0.008026,6.18,1.4049,0.005108,30.5,23.766735,86.418658
2026-05-06 22:00:00,N09,0.0984,0.005664,5.11,1.4095,0.005026,29.3,23.766735,86.418658
2026-05-06 23:00:00,N09,-0.0618,0.006809,9.06,1.4149,0.004844,28.5,23.766735,86.418658
2026-05-07 00:00:00,N09,0.2564,0.008277,6.85,1.4192,0.00519,26.3,23.766735,86.418658
2026-05-07 01:00:00,N09,0.2435,0.005848,7.98,1.4253,0.00519,26.6,23.766735,86.418658
2026-05-07 02:00:00,N09,-0.124,0.005349,1.79,1.4296,0.004517,27.3,23.766735,86.418658
2026-05-07 03:00:00,N09,0.04,0.007528,5.61,1.4343,0.004626,28.5,23.766735,86.418658
2026-05-07 04:00:00,N09,0.2203,0.005786,4.08,1.4388,0.004751,30.1,23.766735,86.418658
2026-05-07 05:00:00,N09,0.1806,0.005838,7.25,1.4438,0.004787,31.9,23.766735,86.418658
2026-05-07 06:00:00,N09,-0.1703,0.006867,9.21,1.4484,0.004834,33.8,23.766735,86.418658
2026-05-07 07:00:00,N09,-0.1093,0.005108,5.26,1.4535,0.004487,35.8,23.766735,86.418658
2026-05-07 08:00:00,N09,0.1984,0.007299,1.44,1.4574,0.00484,37.6,23.766735,86.418658
2026-05-07 09:00:00,N09,0.0419,0.005521,1.31,1.4632,0.005483,39.1,23.766735,86.418658
2026-05-07 10:00:00,N09,0.1765,0.006726,6.69,1.4683,0.005328,40.3,23.766735,86.418658
2026-05-07 11:00:00,N09,0.026,0.007007,5.96,1.4738,0.012938,41.1,23.766735,86.418658
2026-05-07 12:00:00,N09,,,,,,,23.766735,86.418658
2026-05-07 13:00:00,N09,,,,,,,23.766735,86.418658
2026-05-07 14:00:00,N09,0.0756,0.006805,3.26,1.4891,0.012291,40.3,23.766735,86.418658
2026-05-07 15:00:00,N09,,,,,,,23.766735,86.418658
2026-05-07 16:00:00,N09,,,,,,,23.766735,86.418658
2026-05-07 17:00:00,N09,-0.0126,0.005915,2.22,1.503,0.005107,35.8,23.766735,86.418658
2026-05-07 18:00:00,N09,-0.1309,0.005307,5.34,1.508,0.004827,33.8,23.766735,86.418658
2026-05-07 19:00:00,N09,-0.2542,0.007436,1.35,1.5127,0.004739,31.9,23.766735,86.418658
2026-05-07 20:00:00,N09,0.0528,0.007439,8.27,1.5175,0.004944,30.1,23.766735,86.418658
2026-05-07 21:00:00,N09,-0.1996,0.005084,2.02,1.5226,0.004992,28.5,23.766735,86.418658
2026-05-07 22:00:00,N09,0.1115,0.006065,7.92,1.5275,0.004926,27.3,23.766735,86.418658
2026-05-07 23:00:00,N09,0.0716,0.005527,1.39,1.5324,0.005026,26.6,23.766735,86.418658
2026-05-08 00:00:00,N09,-0.1241,0.00528,6.6,1.5375,0.004755,23.8,23.766735,86.418658
2026-05-08 01:00:00,N09,,,,,,,23.766735,86.418658
2026-05-08 02:00:00,N09,,,,,,,23.766735,86.418658
2026-05-08 03:00:00,N09,0.0333,0.007098,4.13,1.5513,0.0049,26.0,23.766735,86.418658
2026-05-08 04:00:00,N09,-0.0613,0.007671,7.9,1.5565,0.005053,27.6,23.766735,86.418658
2026-05-08 05:00:00,N09,-0.2785,0.005807,8.88,1.5614,0.004814,29.4,23.766735,86.418658
2026-05-08 06:00:00,N09,0.0381,0.008071,7.07,1.5661,0.00464,31.3,23.766735,86.418658
2026-05-08 07:00:00,N09,-0.0861,0.007323,8.86,1.5707,0.004361,33.3,23.766735,86.418658
2026-05-08 08:00:00,N09,-0.0812,0.00589,5.59,1.5748,0.004357,35.1,23.766735,86.418658
2026-05-08 09:00:00,N09,-0.0995,0.006098,5.34,1.5794,0.00443,36.6,23.766735,86.418658
2026-05-08 10:00:00,N09,-0.1759,0.005954,5.45,1.5837,0.004689,37.8,23.766735,86.418658
2026-05-08 11:00:00,N09,,,,,,,23.766735,86.418658
2026-05-08 12:00:00,N09,,,,,,,23.766735,86.418658
2026-05-08 13:00:00,N09,0.2397,0.006383,5.14,1.5981,0.021104,38.6,23.766735,86.418658
2026-05-08 14:00:00,N09,0.1789,0.900681,21.19,1.6203,0.003005,37.8,23.766735,86.418658
2026-05-08 15:00:00,N09,0.1262,0.72783,39.8,1.592,0.011258,36.6,23.766735,86.418658
2026-05-08 16:00:00,N09,0.1544,0.505913,18.81,1.5978,0.013356,35.1,23.766735,86.418658
2026-05-08 17:00:00,N09,-0.0532,0.005553,8.24,1.6188,0.012802,33.3,23.766735,86.418658
2026-05-08 18:00:00,N09,-0.2876,0.006151,1.4,1.6234,0.004742,31.3,23.766735,86.418658
2026-05-08 19:00:00,N09,0.1109,0.005493,3.9,1.6282,0.004925,29.4,23.766735,86.418658
2026-05-08 20:00:00,N09,-0.2317,0.006459,9.28,1.6332,0.004449,27.6,23.766735,86.418658
2026-05-08 21:00:00,N09,0.1282,0.006102,2.35,1.6371,0.004513,26.0,23.766735,86.418658
2026-05-08 22:00:00,N09,-0.0162,0.005559,9.04,1.6423,0.005098,24.8,23.766735,86.418658
2026-05-08 23:00:00,N09,-0.1815,0.010083,6.91,1.6473,0.004756,24.1,23.766735,86.418658
2026-05-09 00:00:00,N09,0.1296,0.005087,3.41,1.6518,0.004635,22.4,23.766735,86.418658
2026-05-09 01:00:00,N09,0.1786,0.005881,5.04,1.6566,0.004711,22.7,23.766735,86.418658
2026-05-09 02:00:00,N09,,,,,,,23.766735,86.418658
2026-05-09 03:00:00,N09,,,,,,,23.766735,86.418658
2026-05-09 04:00:00,N09,,,,,,,23.766735,86.418658
2026-05-09 05:00:00,N09,,,,,,,23.766735,86.418658
2026-05-09 06:00:00,N09,,,,,,,23.766735,86.418658
2026-05-09 07:00:00,N09,0.1189,0.007343,6.25,1.6837,0.004388,31.9,23.766735,86.418658
2026-05-09 08:00:00,N09,,,,,,,23.766735,86.418658
2026-05-09 09:00:00,N09,,,,,,,23.766735,86.418658
2026-05-09 10:00:00,N09,,,,,,,23.766735,86.418658
2026-05-09 11:00:00,N09,,,,,,,23.766735,86.418658
2026-05-09 12:00:00,N09,,,,,,,23.766735,86.418658
2026-05-09 13:00:00,N09,-0.0111,0.005106,8.49,1.7117,2.9e-05,37.2,23.766735,86.418658
2026-05-09 14:00:00,N09,-0.0508,0.00597,5.37,1.7163,0.004776,36.4,23.766735,86.418658
2026-05-09 15:00:00,N09,-0.0962,0.00657,1.65,1.7213,0.005221,35.2,23.766735,86.418658
2026-05-09 16:00:00,N09,-0.1086,0.006764,2.83,1.7267,0.005075,33.7,23.766735,86.418658
2026-05-09 17:00:00,N09,0.0452,0.005521,2.06,1.7314,0.004453,31.9,23.766735,86.418658
2026-05-09 18:00:00,N09,-0.0689,0.005536,6.18,1.7357,0.004904,29.9,23.766735,86.418658
2026-05-09 19:00:00,N09,0.0323,0.008029,6.45,1.7412,0.005009,28.0,23.766735,86.418658
2026-05-09 20:00:00,N09,-0.193,0.008562,2.75,1.7457,0.004787,26.2,23.766735,86.418658
2026-05-09 21:00:00,N09,-0.0522,0.006991,2.59,1.7508,0.004609,24.6,23.766735,86.418658
2026-05-09 22:00:00,N09,-0.0528,0.008281,2.72,1.7549,0.004544,23.4,23.766735,86.418658
2026-05-09 23:00:00,N09,-0.1805,0.006768,6.54,1.7599,0.001721,22.7,23.766735,86.418658
2026-05-10 00:00:00,N09,0.0469,0.005134,4.24,1.7583,0.001246,25.6,23.766735,86.418658
2026-05-10 01:00:00,N09,0.0214,0.005912,6.64,1.7624,0.004797,25.8,23.766735,86.418658
2026-05-10 02:00:00,N09,0.1752,0.007632,3.7,1.7679,0.005273,26.6,23.766735,86.418658
2026-05-10 03:00:00,N09,-0.3278,0.005191,4.02,1.7729,0.004553,27.8,23.766735,86.418658
2026-05-10 04:00:00,N09,-0.0381,0.005976,6.82,1.777,0.004696,29.3,23.766735,86.418658
2026-05-10 05:00:00,N09,-0.1281,0.008353,5.87,1.7823,0.005428,31.1,23.766735,86.418658
2026-05-10 06:00:00,N09,0.2493,0.005561,7.23,1.7879,0.005374,33.1,23.766735,86.418658
2026-05-10 07:00:00,N09,-0.1104,0.00752,7.32,1.7931,0.009327,35.0,23.766735,86.418658
2026-05-10 08:00:00,N09,-0.0907,0.757334,42.27,1.8065,0.005073,36.8,23.766735,86.418658
2026-05-10 09:00:00,N09,,,,,,,23.766735,86.418658
2026-05-10 10:00:00,N09,,,,,,,23.766735,86.418658
2026-05-10 11:00:00,N09,,,,,,,23.766735,86.418658
2026-05-10 12:00:00,N09,,,,,,,23.766735,86.418658
2026-05-10 13:00:00,N09,,,,,,,23.766735,86.418658
2026-05-10 14:00:00,N09,,,,,,,23.766735,86.418658
2026-05-10 15:00:00,N09,,,,,,,23.766735,86.418658
2026-05-10 16:00:00,N09,,,,,,,23.766735,86.418658
2026-05-10 17:00:00,N09,,,,,,,23.766735,86.418658
2026-05-10 18:00:00,N09,,,,,,,23.766735,86.418658
2026-05-10 19:00:00,N09,,,,,,,23.766735,86.418658
2026-05-10 20:00:00,N09,0.1492,0.005031,3.1,1.8544,0.004826,29.3,23.766735,86.418658
2026-05-10 21:00:00,N09,-0.0759,0.006144,8.33,1.8589,0.004221,27.8,23.766735,86.418658
2026-05-10 22:00:00,N09,0.0695,0.005092,7.81,1.8628,0.004314,26.6,23.766735,86.418658
2026-05-10 23:00:00,N09,-0.2368,0.006652,4.31,1.8676,0.004493,25.8,23.766735,86.418658
2026-05-11 00:00:00,N09,0.1769,0.010509,1.13,1.8718,0.004109,20.1,23.766735,86.418658
2026-05-11 01:00:00,N09,-0.0665,0.00523,5.09,1.8758,0.003703,20.3,23.766735,86.418658
2026-05-11 02:00:00,N09,-0.0381,0.006364,6.25,1.8792,0.003601,21.1,23.766735,86.418658
2026-05-11 03:00:00,N09,,,,,,,23.766735,86.418658
2026-05-11 04:00:00,N09,,,,,,,23.766735,86.418658
2026-05-11 05:00:00,N09,-0.1743,0.005518,8.93,1.8905,0.00394,25.6,23.766735,86.418658
2026-05-11 06:00:00,N09,-0.0256,0.008555,6.29,1.8946,0.00403,27.6,23.766735,86.418658
2026-05-11 07:00:00,N09,,,,,,,23.766735,86.418658
2026-05-11 08:00:00,N09,,,,,,,23.766735,86.418658
2026-05-11 09:00:00,N09,,,,,,,23.766735,86.418658
2026-05-11 10:00:00,N09,,,,,,,23.766735,86.418658
2026-05-11 11:00:00,N09,,,,,,,23.766735,86.418658
2026-05-11 12:00:00,N09,-0.0825,0.909282,48.29,1.9292,0.000427,35.1,23.766735,86.418658
2026-05-11 13:00:00,N09,-0.0614,0.005367,5.32,1.9251,0.006944,34.8,23.766735,86.418658
2026-05-11 14:00:00,N09,0.2593,0.510753,25.02,1.9153,0.003026,34.1,23.766735,86.418658
2026-05-11 15:00:00,N09,0.1272,0.753308,24.04,1.9191,0.011263,32.9,23.766735,86.418658
2026-05-11 16:00:00,N09,-0.154,0.005391,8.11,1.9378,0.011458,31.3,23.766735,86.418658
2026-05-11 17:00:00,N09,-0.064,0.006331,3.52,1.942,0.004153,29.5,23.766735,86.418658
2026-05-11 18:00:00,N09,-0.0511,0.005257,7.26,1.9461,0.004265,27.6,23.766735,86.418658
2026-05-11 19:00:00,N09,-0.1368,0.005788,4.5,1.9505,0.004551,25.6,23.766735,86.418658
2026-05-11 20:00:00,N09,-0.0223,0.005733,2.38,1.9552,0.003948,23.8,23.766735,86.418658
2026-05-11 21:00:00,N09,-0.0465,0.006936,3.36,1.9584,0.003932,22.3,23.766735,86.418658
2026-05-11 22:00:00,N09,-0.0166,0.005115,7.46,1.9631,0.004203,21.1,23.766735,86.418658
2026-05-11 23:00:00,N09,0.1589,0.007224,5.88,1.9668,0.004379,20.3,23.766735,86.418658
2026-05-12 00:00:00,N09,-0.1003,0.006506,1.56,1.9719,0.004849,23.6,23.766735,86.418658
2026-05-12 01:00:00,N09,-0.0278,0.005028,2.24,1.9765,0.004609,23.8,23.766735,86.418658
2026-05-12 02:00:00,N09,-0.0524,0.005488,1.97,1.9811,0.004465,24.6,23.766735,86.418658
2026-05-12 03:00:00,N09,-0.2171,0.006435,2.45,1.9854,0.004673,25.8,23.766735,86.418658
2026-05-12 04:00:00,N09,0.2336,0.008205,9.69,1.9904,0.004622,27.3,23.766735,86.418658
2026-05-12 05:00:00,N09,-0.1881,0.006608,4.99,1.9947,0.008872,29.1,23.766735,86.418658
2026-05-12 06:00:00,N09,-0.0869,0.953231,45.15,2.0082,0.009021,31.1,23.766735,86.418658
2026-05-12 07:00:00,N09,0.0546,0.869564,49.76,2.0127,0.003545,33.0,23.766735,86.418658
2026-05-12 08:00:00,N09,0.1364,0.933225,43.04,2.0011,0.003487,34.8,23.766735,86.418658
2026-05-12 09:00:00,N09,-0.1103,0.644973,37.14,2.0057,0.008588,36.4,23.766735,86.418658
2026-05-12 10:00:00,N09,0.0753,0.005514,8.63,2.0183,0.008476,37.6,23.766735,86.418658
2026-05-12 11:00:00,N09,-0.1866,0.005924,6.48,2.0227,0.004445,38.3,23.766735,86.418658
2026-05-12 12:00:00,N09,-0.0976,0.006412,8.9,2.0271,0.012704,38.6,23.766735,86.418658
2026-05-12 13:00:00,N09,-0.0356,0.786516,41.15,2.0481,0.004628,38.3,23.766735,86.418658
2026-05-12 14:00:00,N09,-0.3326,0.005571,3.56,2.0364,0.003388,37.6,23.766735,86.418658
2026-05-12 15:00:00,N09,-0.0086,0.005176,8.72,2.0413,0.004945,36.4,23.766735,86.418658
2026-05-12 16:00:00,N09,,,,,,,23.766735,86.418658
2026-05-12 17:00:00,N09,,,,,,,23.766735,86.418658
2026-05-12 18:00:00,N09,,,,,,,23.766735,86.418658
2026-05-12 19:00:00,N09,,,,,,,23.766735,86.418658
2026-05-12 20:00:00,N09,0.0028,0.008448,5.66,2.0654,0.004767,27.3,23.766735,86.418658
2026-05-12 21:00:00,N09,,,,,,,23.766735,86.418658
2026-05-12 22:00:00,N09,,,,,,,23.766735,86.418658
2026-05-12 23:00:00,N09,,,,,,,23.766735,86.418658
2026-05-13 00:00:00,N09,,,,,,,23.766735,86.418658
2026-05-13 01:00:00,N09,-0.1603,0.00542,9.63,2.0891,0.004254,27.3,23.766735,86.418658
2026-05-13 02:00:00,N09,0.0533,0.005593,1.74,2.0928,0.004577,28.1,23.766735,86.418658
2026-05-13 03:00:00,N09,-0.0392,0.005745,6.93,2.0983,0.004836,29.3,23.766735,86.418658
2026-05-13 04:00:00,N09,-0.2588,0.009795,7.63,2.1025,0.004649,30.8,23.766735,86.418658
2026-05-13 05:00:00,N09,-0.0112,0.005091,4.35,2.1076,0.005329,32.6,23.766735,86.418658
2026-05-13 06:00:00,N09,0.1077,0.005674,6.19,2.1132,0.004705,34.6,23.766735,86.418658
2026-05-13 07:00:00,N09,-0.0496,0.005351,5.04,2.117,0.004427,36.5,23.766735,86.418658
2026-05-13 08:00:00,N09,0.0859,0.009261,3.39,2.122,0.005244,38.3,23.766735,86.418658
2026-05-13 09:00:00,N09,-0.0326,0.005579,7.44,2.1275,0.005025,39.9,23.766735,86.418658
2026-05-13 10:00:00,N09,0.1382,0.005404,8.73,2.1321,0.004665,41.1,23.766735,86.418658
2026-05-13 11:00:00,N09,0.0657,0.005028,6.81,2.1368,0.014303,41.8,23.766735,86.418658
2026-05-13 12:00:00,N09,,,,,,,23.766735,86.418658
2026-05-13 13:00:00,N09,,,,,,,23.766735,86.418658
2026-05-13 14:00:00,N09,,,,,,,23.766735,86.418658
2026-05-13 15:00:00,N09,,,,,,,23.766735,86.418658
2026-05-13 16:00:00,N09,0.0393,0.006008,9.59,2.1584,0.004685,38.3,23.766735,86.418658
2026-05-13 17:00:00,N09,-0.0275,0.006238,5.97,2.163,0.004376,36.5,23.766735,86.418658
2026-05-13 18:00:00,N09,-0.1407,0.005922,4.37,2.1672,0.004105,34.6,23.766735,86.418658
2026-05-13 19:00:00,N09,-0.1463,0.006319,2.97,2.1712,0.004636,32.6,23.766735,86.418658
2026-05-13 20:00:00,N09,-0.0128,0.007456,4.67,2.1764,0.004982,30.8,23.766735,86.418658
2026-05-13 21:00:00,N09,-0.0642,0.0061,5.56,2.1811,0.004909,29.3,23.766735,86.418658
2026-05-13 22:00:00,N09,0.0931,0.007067,3.9,2.1863,0.004333,28.1,23.766735,86.418658
2026-05-13 23:00:00,N09,0.0003,0.005563,2.04,2.1898,0.003841,27.3,23.766735,86.418658
2026-05-14 00:00:00,N09,0.0936,0.005735,7.93,2.1939,0.004084,27.7,23.766735,86.418658
2026-05-14 01:00:00,N09,0.0616,0.00904,2.38,2.198,0.004159,28.0,23.766735,86.418658
2026-05-14 02:00:00,N09,-0.123,0.005656,6.02,2.2023,0.004205,28.7,23.766735,86.418658
2026-05-14 03:00:00,N09,0.249,0.006258,4.88,2.2064,0.00418,29.9,23.766735,86.418658
2026-05-14 04:00:00,N09,0.0616,0.008688,5.52,2.2106,0.00422,31.5,23.766735,86.418658
2026-05-14 05:00:00,N09,-0.1286,0.007245,4.77,2.2148,0.004387,33.3,23.766735,86.418658
2026-05-14 06:00:00,N09,-0.1615,0.006395,8.11,2.2194,0.004272,35.2,23.766735,86.418658
2026-05-14 07:00:00,N09,-0.03,0.006009,5.23,2.2234,0.004149,37.1,23.766735,86.418658
2026-05-14 08:00:00,N09,-0.0428,0.005583,8.42,2.2277,0.003421,39.0,23.766735,86.418658
2026-05-14 09:00:00,N09,-0.0604,0.80948,42.67,2.2165,0.003911,40.5,23.766735,86.418658
2026-05-14 10:00:00,N09,0.003,0.008936,3.55,2.2355,0.011591,41.7,23.766735,86.418658
2026-05-14 11:00:00,N09,0.0818,0.006367,8.23,2.2397,0.004343,42.4,23.766735,86.418658
2026-05-14 12:00:00,N09,0.018,0.008982,6.95,2.2442,0.004571,42.7,23.766735,86.418658
2026-05-14 13:00:00,N09,,,,,,,23.766735,86.418658
2026-05-14 14:00:00,N09,,,,,,,23.766735,86.418658
2026-05-14 15:00:00,N09,,,,,,,23.766735,86.418658
2026-05-14 16:00:00,N09,,,,,,,23.766735,86.418658
2026-05-14 17:00:00,N09,0.2535,0.008556,4.11,2.2677,0.004494,37.1,23.766735,86.418658
2026-05-14 18:00:00,N09,,,,,,,23.766735,86.418658
2026-05-14 19:00:00,N09,,,,,,,23.766735,86.418658
2026-05-14 20:00:00,N09,,,,,,,23.766735,86.418658
2026-05-14 21:00:00,N09,,,,,,,23.766735,86.418658
2026-05-14 22:00:00,N09,0.0353,0.005856,7.83,2.2895,0.004917,28.7,23.766735,86.418658
2026-05-14 23:00:00,N09,,,,,,,23.766735,86.418658
2026-05-15 00:00:00,N09,,,,,,,23.766735,86.418658
2026-05-15 01:00:00,N09,,,,,,,23.766735,86.418658
2026-05-15 02:00:00,N09,,,,,,,23.766735,86.418658
2026-05-15 03:00:00,N09,,,,,,,23.766735,86.418658
2026-05-15 04:00:00,N09,0.0468,0.008284,3.3,2.3146,0.004303,31.7,23.766735,86.418658
2026-05-15 05:00:00,N09,0.3458,0.006882,3.23,2.3188,0.004708,33.5,23.766735,86.418658
2026-05-15 06:00:00,N09,0.0131,0.006746,4.65,2.324,0.002058,35.5,23.766735,86.418658
2026-05-15 07:00:00,N09,0.227,0.965585,40.54,2.3147,0.002636,37.4,23.766735,86.418658
2026-05-15 08:00:00,N09,0.009,0.61624,31.17,2.3188,0.010618,39.2,23.766735,86.418658
2026-05-15 09:00:00,N09,-0.0926,0.005811,7.96,2.3359,0.010674,40.8,23.766735,86.418658
2026-05-15 10:00:00,N09,,,,,,,23.766735,86.418658
2026-05-15 11:00:00,N09,,,,,,,23.766735,86.418658
2026-05-15 12:00:00,N09,,,,,,,23.766735,86.418658
2026-05-15 13:00:00,N09,,,,,,,23.766735,86.418658
2026-05-15 14:00:00,N09,0.0398,0.005202,8.23,2.3559,0.003883,42.0,23.766735,86.418658
2026-05-15 15:00:00,N09,0.0009,0.006788,5.36,2.36,0.004627,40.8,23.766735,86.418658
2026-05-15 16:00:00,N09,-0.0145,0.006384,7.26,2.3652,0.004963,39.2,23.766735,86.418658
2026-05-15 17:00:00,N09,-0.0738,0.005533,6.15,2.3699,0.003901,37.4,23.766735,86.418658
2026-05-15 18:00:00,N09,-0.1105,0.008444,1.93,2.373,0.003883,35.5,23.766735,86.418658
2026-05-15 19:00:00,N09,-0.2321,0.005395,6.66,2.3777,0.004866,33.5,23.766735,86.418658
2026-05-15 20:00:00,N09,-0.0148,0.005963,6.27,2.3827,0.004767,31.7,23.766735,86.418658
2026-05-15 21:00:00,N09,0.0095,0.007586,1.64,2.3872,0.004269,30.2,23.766735,86.418658
2026-05-15 22:00:00,N09,0.2501,0.006617,9.34,2.3912,0.003768,29.0,23.766735,86.418658
2026-05-15 23:00:00,N09,-0.1047,0.005475,8.48,2.3948,0.003866,28.2,23.766735,86.418658
2026-05-16 00:00:00,N09,-0.1229,0.005239,2.0,2.399,0.003816,28.2,23.766735,86.418658
2026-05-16 01:00:00,N09,-0.1575,0.006155,2.65,2.4024,0.003819,28.4,23.766735,86.418658
2026-05-16 02:00:00,N09,,,,,,,23.766735,86.418658
2026-05-16 03:00:00,N09,,,,,,,23.766735,86.418658
2026-05-16 04:00:00,N09,,,,,,,23.766735,86.418658
2026-05-16 05:00:00,N09,,,,,,,23.766735,86.418658
2026-05-16 06:00:00,N09,,,,,,,23.766735,86.418658
2026-05-16 07:00:00,N09,,,,,,,23.766735,86.418658
2026-05-16 08:00:00,N09,,,,,,,23.766735,86.418658
2026-05-16 09:00:00,N09,,,,,,,23.766735,86.418658
2026-05-16 10:00:00,N09,,,,,,,23.766735,86.418658
2026-05-16 11:00:00,N09,0.0032,0.005417,9.76,2.4456,0.004205,42.9,23.766735,86.418658
2026-05-16 12:00:00,N09,-0.0574,0.00507,5.38,2.4497,0.003917,43.2,23.766735,86.418658
2026-05-16 13:00:00,N09,,,,,,,23.766735,86.418658
2026-05-16 14:00:00,N09,-0.1586,0.524448,28.02,2.4422,0.012721,42.2,23.766735,86.418658
2026-05-16 15:00:00,N09,-0.014,0.008441,1.21,2.4632,0.012701,41.0,23.766735,86.418658
2026-05-16 16:00:00,N09,0.1776,0.0079,6.3,2.4676,0.004524,39.4,23.766735,86.418658
2026-05-16 17:00:00,N09,,,,,,,23.766735,86.418658
2026-05-16 18:00:00,N09,,,,,,,23.766735,86.418658
2026-05-16 19:00:00,N09,,,,,,,23.766735,86.418658
2026-05-16 20:00:00,N09,-0.0256,0.006792,2.04,2.4852,0.004294,31.9,23.766735,86.418658
2026-05-16 21:00:00,N09,-0.0421,0.006503,1.86,2.4894,0.003941,30.4,23.766735,86.418658
2026-05-16 22:00:00,N09,0.21,0.005436,5.92,2.4931,0.004233,29.2,23.766735,86.418658
2026-05-16 23:00:00,N09,-0.0571,0.007361,1.39,2.4979,0.004425,28.4,23.766735,86.418658
2026-05-17 00:00:00,N09,0.0598,0.005087,1.82,2.502,0.003873,22.9,23.766735,86.418658
2026-05-17 01:00:00,N09,-0.1178,0.006241,5.84,2.5056,0.004063,23.2,23.766735,86.418658
2026-05-17 02:00:00,N09,-0.1406,0.005632,1.02,2.5101,0.004718,23.9,23.766735,86.418658
2026-05-17 03:00:00,N09,0.0184,0.006518,7.97,2.5151,0.004602,25.1,23.766735,86.418658
2026-05-17 04:00:00,N09,,,,,,,23.766735,86.418658
2026-05-17 05:00:00,N09,0.1023,0.005916,8.61,2.5228,0.003776,28.5,23.766735,86.418658
2026-05-17 06:00:00,N09,-0.2012,0.007977,7.7,2.5268,0.004004,30.4,23.766735,86.418658
2026-05-17 07:00:00,N09,-0.1739,0.009701,7.83,2.5308,0.009017,32.4,23.766735,86.418658
2026-05-17 08:00:00,N09,-0.0877,0.588098,26.14,2.5088,0.013106,34.2,23.766735,86.418658
2026-05-17 09:00:00,N09,-0.0133,0.850993,21.82,2.5046,0.013032,35.7,23.766735,86.418658
2026-05-17 10:00:00,N09,-0.0708,0.847746,28.51,2.5349,0.021035,36.9,23.766735,86.418658
2026-05-17 11:00:00,N09,0.0455,0.007178,6.47,2.5466,0.008019,37.7,23.766735,86.418658
2026-05-17 12:00:00,N09,-0.2747,0.010183,6.29,2.5509,0.003984,37.9,23.766735,86.418658
2026-05-17 13:00:00,N09,-0.2161,0.00513,2.28,2.5546,0.003891,37.7,23.766735,86.418658
2026-05-17 14:00:00,N09,0.0175,0.005472,6.9,2.5587,0.004003,36.9,23.766735,86.418658
2026-05-17 15:00:00,N09,-0.1069,0.007702,7.87,2.5626,0.004018,35.7,23.766735,86.418658
2026-05-17 16:00:00,N09,-0.2788,0.006831,7.76,2.5667,0.003738,34.2,23.766735,86.418658
2026-05-17 17:00:00,N09,-0.1412,0.006632,8.51,2.5701,0.006247,32.4,23.766735,86.418658
2026-05-17 18:00:00,N09,-0.0107,0.006087,9.08,2.5792,0.00635,30.4,23.766735,86.418658
2026-05-17 19:00:00,N09,-0.0738,0.005362,3.91,2.5828,0.00362,28.5,23.766735,86.418658
2026-05-17 20:00:00,N09,0.0823,0.007016,4.85,2.5865,0.003855,26.7,23.766735,86.418658
2026-05-17 21:00:00,N09,-0.0409,0.00675,3.02,2.5905,0.004094,25.1,23.766735,86.418658
2026-05-17 22:00:00,N09,0.1927,0.005607,6.94,2.5946,0.004313,23.9,23.766735,86.418658
2026-05-17 23:00:00,N09,-0.0947,0.006276,5.04,2.5991,0.004475,23.2,23.766735,86.418658
2026-05-18 00:00:00,N09,-0.0725,0.008287,4.06,2.6036,0.003936,30.4,23.766735,86.418658
2026-05-18 01:00:00,N09,0.0469,0.008979,3.1,2.607,0.003521,30.6,23.766735,86.418658
2026-05-18 02:00:00,N09,,,,,,,23.766735,86.418658
2026-05-18 03:00:00,N09,,,,,,,23.766735,86.418658
2026-05-18 04:00:00,N09,,,,,,,23.766735,86.418658
2026-05-18 05:00:00,N09,,,,,,,23.766735,86.418658
2026-05-18 06:00:00,N09,0.1389,0.007551,4.25,2.6256,0.009247,37.9,23.766735,86.418658
2026-05-18 07:00:00,N09,0.2964,0.560546,43.23,2.6399,0.006925,39.8,23.766735,86.418658
2026-05-18 08:00:00,N09,0.0783,0.5285,33.73,2.6395,0.000896,41.6,23.766735,86.418658
2026-05-18 09:00:00,N09,-0.0692,0.0076,6.48,2.6381,0.001365,43.2,23.766735,86.418658
2026-05-18 10:00:00,N09,0.0447,0.008239,3.64,2.6422,0.004117,44.4,23.766735,86.418658
2026-05-18 11:00:00,N09,0.1439,0.00785,7.58,2.6463,0.003658,45.1,23.766735,86.418658
2026-05-18 12:00:00,N09,0.0862,0.006126,5.0,2.6495,0.003508,45.4,23.766735,86.418658
2026-05-18 13:00:00,N09,-0.0392,0.005104,8.46,2.6534,0.003965,45.1,23.766735,86.418658
2026-05-18 14:00:00,N09,,,,,,,23.766735,86.418658
2026-05-18 15:00:00,N09,,,,,,,23.766735,86.418658
2026-05-18 16:00:00,N09,,,,,,,23.766735,86.418658
2026-05-18 17:00:00,N09,0.1319,0.007506,7.39,2.67,0.004642,39.8,23.766735,86.418658
2026-05-18 18:00:00,N09,,,,,,,23.766735,86.418658
2026-05-18 19:00:00,N09,-0.0414,0.006293,9.97,2.6784,0.00359,35.9,23.766735,86.418658
2026-05-18 20:00:00,N09,0.1659,0.006613,2.88,2.6819,0.003983,34.1,23.766735,86.418658
2026-05-18 21:00:00,N09,-0.0237,0.006151,3.28,2.6864,0.004399,32.6,23.766735,86.418658
2026-05-18 22:00:00,N09,0.1087,0.007001,7.64,2.6907,0.004442,31.4,23.766735,86.418658
2026-05-18 23:00:00,N09,-0.0176,0.006992,8.01,2.6952,0.004054,30.6,23.766735,86.418658
2026-05-19 00:00:00,N09,-0.2875,0.006125,8.84,2.6988,0.003828,21.7,23.766735,86.418658
2026-05-19 01:00:00,N09,-0.2312,0.008154,6.5,2.7029,0.003733,21.9,23.766735,86.418658
2026-05-19 02:00:00,N09,-0.1162,0.007673,5.82,2.7062,0.003964,22.7,23.766735,86.418658
2026-05-19 03:00:00,N09,-0.2128,0.005811,5.78,2.7108,0.004333,23.9,23.766735,86.418658
2026-05-19 04:00:00,N09,0.0907,0.007187,1.82,2.7149,0.003979,25.4,23.766735,86.418658
2026-05-19 05:00:00,N09,0.012,0.007507,2.24,2.7188,0.003836,27.2,23.766735,86.418658
2026-05-19 06:00:00,N09,0.006,0.007035,4.46,2.7226,0.006054,29.2,23.766735,86.418658
2026-05-19 07:00:00,N09,-0.1321,0.992757,44.4,2.7067,0.006109,31.1,23.766735,86.418658
2026-05-19 08:00:00,N09,,,,,,,23.766735,86.418658
2026-05-19 09:00:00,N09,,,,,,,23.766735,86.418658
2026-05-19 10:00:00,N09,-0.1981,0.006639,2.27,2.7372,0.004087,35.7,23.766735,86.418658
2026-05-19 11:00:00,N09,,,,,,,23.766735,86.418658
2026-05-19 12:00:00,N09,0.039,0.595282,39.84,2.7541,0.000107,36.7,23.766735,86.418658
2026-05-19 13:00:00,N09,-0.1042,0.652051,43.94,2.7419,0.004319,36.4,23.766735,86.418658
2026-05-19 14:00:00,N09,,,,,,,23.766735,86.418658
2026-05-19 15:00:00,N09,,,,,,,23.766735,86.418658
2026-05-19 16:00:00,N09,0.1429,0.005494,4.28,2.7619,0.003741,32.9,23.766735,86.418658
2026-05-19 17:00:00,N09,0.0957,0.007546,6.19,2.7657,0.003807,31.1,23.766735,86.418658
2026-05-19 18:00:00,N09,0.1687,0.006517,1.82,2.7695,0.00402,29.2,23.766735,86.418658
2026-05-19 19:00:00,N09,0.017,0.005635,3.12,2.7738,0.004007,27.2,23.766735,86.418658
2026-05-19 20:00:00,N09,-0.1095,0.0065,1.36,2.7776,0.003902,25.4,23.766735,86.418658
2026-05-19 21:00:00,N09,0.3686,0.007325,2.02,2.7816,0.003799,23.9,23.766735,86.418658
2026-05-19 22:00:00,N09,,,,,,,23.766735,86.418658
2026-05-19 23:00:00,N09,,,,,,,23.766735,86.418658
2026-05-20 00:00:00,N09,0.1354,0.005459,4.58,2.7928,0.003972,25.7,23.766735,86.418658
2026-05-20 01:00:00,N09,,,,,,,23.766735,86.418658
2026-05-20 02:00:00,N09,,,,,,,23.766735,86.418658
2026-05-20 03:00:00,N09,-0.2977,0.00642,7.67,2.8062,0.003927,27.9,23.766735,86.418658
2026-05-20 04:00:00,N09,-0.132,0.005553,1.68,2.8099,0.003668,29.4,23.766735,86.418658
2026-05-20 05:00:00,N09,,,,,,,23.766735,86.418658
2026-05-20 06:00:00,N09,,,,,,,23.766735,86.418658
2026-05-20 07:00:00,N09,,,,,,,23.766735,86.418658
2026-05-20 08:00:00,N09,,,,,,,23.766735,86.418658
2026-05-20 09:00:00,N09,-0.066,0.005609,3.69,2.8279,0.004213,38.5,23.766735,86.418658
2026-05-20 10:00:00,N09,0.0763,0.00626,9.63,2.8325,0.004202,39.7,23.766735,86.418658
2026-05-20 11:00:00,N09,0.1724,0.005128,9.25,2.8363,0.008044,40.4,23.766735,86.418658
2026-05-20 12:00:00,N09,0.0868,0.83307,27.35,2.8486,0.003841,40.7,23.766735,86.418658
2026-05-20 13:00:00,N09,0.0186,0.005756,7.76,2.844,0.000397,40.4,23.766735,86.418658
2026-05-20 14:00:00,N09,0.1969,0.005024,4.59,2.8478,0.003829,39.7,23.766735,86.418658
2026-05-20 15:00:00,N09,0.0043,0.006742,6.25,2.8517,0.003795,38.5,23.766735,86.418658
2026-05-20 16:00:00,N09,-0.0547,0.005978,5.69,2.8554,0.003356,36.9,23.766735,86.418658
2026-05-20 17:00:00,N09,0.0632,0.006462,3.88,2.8584,0.003477,35.1,23.766735,86.418658
2026-05-20 18:00:00,N09,-0.2927,0.006361,9.79,2.8623,0.003362,33.2,23.766735,86.418658
2026-05-20 19:00:00,N09,0.1669,0.007217,5.43,2.8651,0.00318,31.2,23.766735,86.418658
2026-05-20 20:00:00,N09,-0.1783,0.005265,8.44,2.8687,0.003285,29.4,23.766735,86.418658
2026-05-20 21:00:00,N09,-0.1598,0.006908,1.13,2.8717,0.003448,27.9,23.766735,86.418658
2026-05-20 22:00:00,N09,-0.0241,0.00555,3.52,2.8756,0.003963,26.7,23.766735,86.418658
2026-05-20 23:00:00,N09,0.2225,0.005398,8.05,2.8796,0.004051,25.9,23.766735,86.418658
2026-05-21 00:00:00,N09,-0.0703,0.009237,3.5,2.8837,0.0036,26.1,23.766735,86.418658
2026-05-21 01:00:00,N09,,,,,,,23.766735,86.418658
2026-05-21 02:00:00,N09,,,,,,,23.766735,86.418658
2026-05-21 03:00:00,N09,-0.2699,0.00647,6.34,2.8946,0.003536,28.3,23.766735,86.418658
2026-05-21 04:00:00,N09,-0.0306,0.007716,2.12,2.8978,0.003648,29.8,23.766735,86.418658
2026-05-21 05:00:00,N09,,,,,,,23.766735,86.418658
2026-05-21 06:00:00,N09,,,,,,,23.766735,86.418658
2026-05-21 07:00:00,N09,,,,,,,23.766735,86.418658
2026-05-21 08:00:00,N09,,,,,,,23.766735,86.418658
2026-05-21 09:00:00,N09,,,,,,,23.766735,86.418658
2026-05-21 10:00:00,N09,-0.1888,0.00663,3.23,2.9199,0.003604,40.1,23.766735,86.418658
2026-05-21 11:00:00,N09,-0.1146,0.007812,1.09,2.9236,0.008035,40.8,23.766735,86.418658
2026-05-21 12:00:00,N09,0.0265,0.887019,32.05,2.9359,0.007932,41.1,23.766735,86.418658
2026-05-21 13:00:00,N09,0.4014,0.534043,47.74,2.9395,0.000743,40.8,23.766735,86.418658
2026-05-21 14:00:00,N09,,,,,,,23.766735,86.418658
2026-05-21 15:00:00,N09,,,,,,,23.766735,86.418658
2026-05-21 16:00:00,N09,0.1606,0.522135,18.8,2.9496,0.008913,37.3,23.766735,86.418658
2026-05-21 17:00:00,N09,-0.2568,0.007529,4.27,2.9455,0.000275,35.5,23.766735,86.418658
2026-05-21 18:00:00,N09,-0.0251,0.006931,1.85,2.9491,0.003794,33.6,23.766735,86.418658
2026-05-21 19:00:00,N09,-0.4004,0.005446,1.61,2.9531,0.003671,31.6,23.766735,86.418658
2026-05-21 20:00:00,N09,,,,,,,23.766735,86.418658
2026-05-21 21:00:00,N09,,,,,,,23.766735,86.418658
2026-05-21 22:00:00,N09,,,,,,,23.766735,86.418658
2026-05-21 23:00:00,N09,,,,,,,23.766735,86.418658
2026-05-22 00:00:00,N09,,,,,,,23.766735,86.418658
2026-05-22 01:00:00,N09,0.1246,0.008375,7.86,2.9748,0.003841,25.9,23.766735,86.418658
2026-05-22 02:00:00,N09,,,,,,,23.766735,86.418658
2026-05-22 03:00:00,N09,,,,,,,23.766735,86.418658
2026-05-22 04:00:00,N09,,,,,,,23.766735,86.418658
2026-05-22 05:00:00,N09,-0.0723,0.005842,2.84,2.9908,0.004976,31.2,23.766735,86.418658
2026-05-22 06:00:00,N09,-0.0139,0.70811,37.58,2.977,0.004923,33.1,23.766735,86.418658
2026-05-22 07:00:00,N09,,,,,,,23.766735,86.418658
2026-05-22 08:00:00,N09,,,,,,,23.766735,86.418658
2026-05-22 09:00:00,N09,,,,,,,23.766735,86.418658
2026-05-22 10:00:00,N09,,,,,,,23.766735,86.418658
2026-05-22 11:00:00,N09,-0.0452,0.006267,9.04,3.0134,0.003904,40.4,23.766735,86.418658
2026-05-22 12:00:00,N09,0.4371,0.005332,6.85,3.0178,0.00375,40.6,23.766735,86.418658
2026-05-22 13:00:00,N09,0.0857,0.007682,9.41,3.0209,0.003352,40.4,23.766735,86.418658
2026-05-22 14:00:00,N09,0.027,0.006259,5.27,3.0245,0.003308,39.6,23.766735,86.418658
2026-05-22 15:00:00,N09,0.1697,0.005833,7.21,3.0275,0.003141,38.4,23.766735,86.418658
2026-05-22 16:00:00,N09,-0.1253,0.005931,8.68,3.0308,0.0036,36.9,23.766735,86.418658
2026-05-22 17:00:00,N09,-0.1148,0.005608,6.89,3.0347,0.003386,35.1,23.766735,86.418658
2026-05-22 18:00:00,N09,-0.1369,0.007487,5.09,3.0376,0.002828,33.1,23.766735,86.418658
2026-05-22 19:00:00,N09,,,,,,,23.766735,86.418658
2026-05-22 20:00:00,N09,,,,,,,23.766735,86.418658
2026-05-22 21:00:00,N09,,,,,,,23.766735,86.418658
2026-05-22 22:00:00,N09,,,,,,,23.766735,86.418658
2026-05-22 23:00:00,N09,-0.3158,0.005392,4.95,3.0529,0.003487,25.9,23.766735,86.418658
2026-05-23 00:00:00,N09,,,,,,,23.766735,86.418658
2026-05-23 01:00:00,N09,-0.1055,0.007003,9.79,3.0607,0.003389,23.7,23.766735,86.418658
2026-05-23 02:00:00,N09,0.0107,0.005027,8.02,3.0637,0.003426,24.5,23.766735,86.418658
2026-05-23 03:00:00,N09,0.2082,0.005474,7.25,3.0676,0.003935,25.7,23.766735,86.418658
2026-05-23 04:00:00,N09,-0.0194,0.005772,2.45,3.0715,0.004158,27.2,23.766735,86.418658
2026-05-23 05:00:00,N09,0.0059,0.00572,4.62,3.0759,0.004049,29.0,23.766735,86.418658
2026-05-23 06:00:00,N09,-0.176,0.005058,5.58,3.0796,0.00385,31.0,23.766735,86.418658
2026-05-23 07:00:00,N09,-0.154,0.006295,6.74,3.0836,0.008084,32.9,23.766735,86.418658
2026-05-23 08:00:00,N09,0.2353,0.633012,24.74,3.0958,0.003708,34.7,23.766735,86.418658
2026-05-23 09:00:00,N09,-0.2709,0.00788,4.58,3.091,0.000394,36.3,23.766735,86.418658
2026-05-23 10:00:00,N09,-0.1145,0.005252,4.39,3.095,0.003488,37.5,23.766735,86.418658
2026-05-23 11:00:00,N09,,,,,,,23.766735,86.418658
2026-05-23 12:00:00,N09,-0.3086,0.005613,5.99,3.1021,0.003733,38.5,23.766735,86.418658
2026-05-23 13:00:00,N09,-0.1859,0.006637,1.97,3.1054,0.00381,38.2,23.766735,86.418658
2026-05-23 14:00:00,N09,-0.0693,0.00745,8.61,3.1097,0.004073,37.5,23.766735,86.418658
2026-05-23 15:00:00,N09,-0.1739,0.006333,8.58,3.1136,0.003997,36.3,23.766735,86.418658
2026-05-23 16:00:00,N09,0.0676,0.0087,4.61,3.1177,0.003503,34.7,23.766735,86.418658
2026-05-23 17:00:00,N09,-0.2083,0.005748,9.54,3.1206,0.003621,32.9,23.766735,86.418658
2026-05-23 18:00:00,N09,-0.0535,0.005505,9.12,3.125,0.003843,31.0,23.766735,86.418658
2026-05-23 19:00:00,N09,-0.3085,0.005591,7.34,3.1283,0.003053,29.0,23.766735,86.418658
2026-05-23 20:00:00,N09,,,,,,,23.766735,86.418658
2026-05-23 21:00:00,N09,,,,,,,23.766735,86.418658
2026-05-23 22:00:00,N09,-0.2197,0.005236,8.5,3.1386,0.00348,24.5,23.766735,86.418658
2026-05-23 23:00:00,N09,0.07,0.006672,5.53,3.1417,0.003461,23.7,23.766735,86.418658
2026-05-24 00:00:00,N09,,,,,,,23.766735,86.418658
2026-05-24 01:00:00,N09,,,,,,,23.766735,86.418658
2026-05-24 02:00:00,N09,,,,,,,23.766735,86.418658
2026-05-24 03:00:00,N09,,,,,,,23.766735,86.418658
2026-05-24 04:00:00,N09,-0.088,0.005588,7.01,3.1592,0.003614,30.7,23.766735,86.418658
2026-05-24 05:00:00,N09,0.219,0.007706,5.44,3.1626,0.00299,32.5,23.766735,86.418658
2026-05-24 06:00:00,N09,-0.0056,0.007952,5.35,3.1652,0.002828,34.4,23.766735,86.418658
2026-05-24 07:00:00,N09,,,,,,,23.766735,86.418658
2026-05-24 08:00:00,N09,,,,,,,23.766735,86.418658
2026-05-24 09:00:00,N09,0.1003,0.005534,2.18,3.1755,0.005914,39.7,23.766735,86.418658
2026-05-24 10:00:00,N09,0.1693,0.714529,18.07,3.1602,0.005726,40.9,23.766735,86.418658
2026-05-24 11:00:00,N09,-0.1765,0.97342,29.16,3.164,0.012141,41.7,23.766735,86.418658
2026-05-24 12:00:00,N09,0.1943,0.008498,8.03,3.1844,0.004458,41.9,23.766735,86.418658
2026-05-24 13:00:00,N09,0.1566,0.906348,40.64,3.1729,0.00341,41.7,23.766735,86.418658
2026-05-24 14:00:00,N09,0.0537,0.00812,1.87,3.1913,0.011,40.9,23.766735,86.418658
2026-05-24 15:00:00,N09,-0.1464,0.006195,1.68,3.1949,0.003538,39.7,23.766735,86.418658
2026-05-24 16:00:00,N09,0.188,0.006787,2.44,3.1983,0.003623,38.2,23.766735,86.418658
2026-05-24 17:00:00,N09,0.2599,0.006448,6.65,3.2022,0.003632,36.4,23.766735,86.418658
2026-05-24 18:00:00,N09,0.1606,0.006849,3.52,3.2056,0.003532,34.4,23.766735,86.418658
2026-05-24 19:00:00,N09,,,,,,,23.766735,86.418658
2026-05-24 20:00:00,N09,,,,,,,23.766735,86.418658
2026-05-24 21:00:00,N09,,,,,,,23.766735,86.418658
2026-05-24 22:00:00,N09,-0.3262,0.006325,6.28,3.2178,0.002636,27.9,23.766735,86.418658
2026-05-24 23:00:00,N09,-0.0685,0.007039,9.93,3.2211,0.003301,27.2,23.766735,86.418658
2026-05-25 00:00:00,N09,-0.1633,0.005808,8.03,3.2244,0.003316,24.5,23.766735,86.418658
2026-05-25 01:00:00,N09,0.1258,0.008658,6.08,3.2277,0.003463,24.7,23.766735,86.418658
2026-05-25 02:00:00,N09,-0.1367,0.005205,3.9,3.2313,0.003438,25.5,23.766735,86.418658
2026-05-25 03:00:00,N09,0.1477,0.005159,4.68,3.2346,0.003092,26.7,23.766735,86.418658
2026-05-25 04:00:00,N09,-0.3106,0.007439,6.7,3.2375,0.003017,28.2,23.766735,86.418658
2026-05-25 05:00:00,N09,0.1049,0.007844,5.92,3.2406,0.003133,30.0,23.766735,86.418658
2026-05-25 06:00:00,N09,-0.1967,0.007457,8.6,3.2438,0.003211,32.0,23.766735,86.418658
2026-05-25 07:00:00,N09,0.2785,0.005291,5.7,3.247,0.003553,33.9,23.766735,86.418658
2026-05-25 08:00:00,N09,,,,,,,23.766735,86.418658
2026-05-25 09:00:00,N09,,,,,,,23.766735,86.418658
2026-05-25 10:00:00,N09,-0.0453,0.665203,37.78,3.2445,0.003569,38.5,23.766735,86.418658
2026-05-25 11:00:00,N09,-0.0582,0.005334,9.14,3.2618,0.010243,39.2,23.766735,86.418658
2026-05-25 12:00:00,N09,-0.0969,0.00773,5.01,3.265,0.003217,39.5,23.766735,86.418658
2026-05-25 13:00:00,N09,,,,,,,23.766735,86.418658
2026-05-25 14:00:00,N09,,,,,,,23.766735,86.418658
2026-05-25 15:00:00,N09,-0.12,0.005686,5.86,3.2754,0.003881,37.3,23.766735,86.418658
2026-05-25 16:00:00,N09,0.1796,0.006813,5.14,3.2796,0.003841,35.7,23.766735,86.418658
2026-05-25 17:00:00,N09,0.1401,0.005368,2.89,3.2831,0.003389,33.9,23.766735,86.418658
2026-05-25 18:00:00,N09,0.0916,0.005757,4.73,3.2864,0.003371,32.0,23.766735,86.418658
2026-05-25 19:00:00,N09,0.0039,0.006551,9.51,3.2898,0.003407,30.0,23.766735,86.418658
2026-05-25 20:00:00,N09,-0.123,0.007274,7.25,3.2932,0.003559,28.2,23.766735,86.418658
2026-05-25 21:00:00,N09,-0.0175,0.007839,5.04,3.297,0.003267,26.7,23.766735,86.418658
2026-05-25 22:00:00,N09,0.2139,0.005798,4.7,3.2997,0.003898,25.5,23.766735,86.418658
2026-05-25 23:00:00,N09,-0.0197,0.005986,5.5,3.3048,0.004483,24.7,23.766735,86.418658
2026-05-26 00:00:00,N09,-0.0635,0.005761,6.33,3.3087,0.00356,25.8,23.766735,86.418658
2026-05-26 01:00:00,N09,0.0669,0.006415,1.73,3.3119,0.003079,26.1,23.766735,86.418658
2026-05-26 02:00:00,N09,,,,,,,23.766735,86.418658
2026-05-26 03:00:00,N09,,,,,,,23.766735,86.418658
2026-05-26 04:00:00,N09,,,,,,,23.766735,86.418658
2026-05-26 05:00:00,N09,,,,,,,23.766735,86.418658
2026-05-26 06:00:00,N09,,,,,,,23.766735,86.418658
2026-05-26 07:00:00,N09,0.0745,0.910628,37.13,3.318,0.003046,35.3,23.766735,86.418658
2026-05-26 08:00:00,N09,0.0581,0.633502,15.68,3.3226,0.011379,37.1,23.766735,86.418658
2026-05-26 09:00:00,N09,0.1092,0.005498,6.4,3.3407,0.010481,38.6,23.766735,86.418658
2026-05-26 10:00:00,N09,,,,,,,23.766735,86.418658
2026-05-26 11:00:00,N09,,,,,,,23.766735,86.418658
2026-05-26 12:00:00,N09,,,,,,,23.766735,86.418658
2026-05-26 13:00:00,N09,,,,,,,23.766735,86.418658
2026-05-26 14:00:00,N09,-0.0539,0.007445,4.1,3.358,0.00302,39.8,23.766735,86.418658
2026-05-26 15:00:00,N09,0.2054,0.006128,6.36,3.3612,0.003505,38.6,23.766735,86.418658
2026-05-26 16:00:00,N09,,,,,,,23.766735,86.418658
2026-05-26 17:00:00,N09,,,,,,,23.766735,86.418658
2026-05-26 18:00:00,N09,,,,,,,23.766735,86.418658
2026-05-26 19:00:00,N09,,,,,,,23.766735,86.418658
2026-05-26 20:00:00,N09,,,,,,,23.766735,86.418658
2026-05-26 21:00:00,N09,0.0399,0.008644,6.48,3.3804,0.002609,28.0,23.766735,86.418658
2026-05-26 22:00:00,N09,-0.0601,0.00608,8.08,3.383,0.003215,26.8,23.766735,86.418658
2026-05-26 23:00:00,N09,0.049,0.006162,5.32,3.3869,0.003636,26.1,23.766735,86.418658
2026-05-27 00:00:00,N09,0.2026,0.006951,2.48,3.3903,0.003525,26.1,23.766735,86.418658
2026-05-27 01:00:00,N09,0.0012,0.007698,7.93,3.3939,0.003365,26.3,23.766735,86.418658
2026-05-27 02:00:00,N09,0.101,0.005937,5.35,3.397,0.002725,27.1,23.766735,86.418658
2026-05-27 03:00:00,N09,0.0943,0.005278,3.99,3.3994,0.002431,28.3,23.766735,86.418658
2026-05-27 04:00:00,N09,0.0624,0.006696,5.46,3.4019,0.002956,29.8,23.766735,86.418658
2026-05-27 05:00:00,N09,-0.0795,0.006071,9.91,3.4053,0.003151,31.6,23.766735,86.418658
2026-05-27 06:00:00,N09,-0.0257,0.008481,9.93,3.4082,0.003235,33.6,23.766735,86.418658
2026-05-27 07:00:00,N09,,,,,,,23.766735,86.418658
2026-05-27 08:00:00,N09,,,,,,,23.766735,86.418658
2026-05-27 09:00:00,N09,,,,,,,23.766735,86.418658
2026-05-27 10:00:00,N09,,,,,,,23.766735,86.418658
2026-05-27 11:00:00,N09,-0.0674,0.007019,3.64,3.426,0.003409,40.8,23.766735,86.418658
2026-05-27 12:00:00,N09,-0.0188,0.005813,9.16,3.4297,0.003644,41.1,23.766735,86.418658
2026-05-27 13:00:00,N09,-0.0262,0.009541,6.68,3.4332,0.003127,40.8,23.766735,86.418658
2026-05-27 14:00:00,N09,0.1372,0.006966,2.98,3.436,0.001947,40.1,23.766735,86.418658
2026-05-27 15:00:00,N09,-0.4814,0.814593,45.5,3.4294,0.001847,38.9,23.766735,86.418658
2026-05-27 16:00:00,N09,0.1703,0.610053,18.61,3.4323,0.007759,37.3,23.766735,86.418658
2026-05-27 17:00:00,N09,0.1214,0.009009,6.47,3.4449,0.007536,35.5,23.766735,86.418658
2026-05-27 18:00:00,N09,,,,,,,23.766735,86.418658
2026-05-27 19:00:00,N09,,,,,,,23.766735,86.418658
2026-05-27 20:00:00,N09,,,,,,,23.766735,86.418658
2026-05-27 21:00:00,N09,,,,,,,23.766735,86.418658
2026-05-27 22:00:00,N09,,,,,,,23.766735,86.418658
2026-05-27 23:00:00,N09,0.0522,0.005663,7.09,3.463,0.00359,26.3,23.766735,86.418658
2026-05-28 00:00:00,N09,-0.1604,0.008932,3.12,3.4672,0.003863,24.0,23.766735,86.418658
2026-05-28 01:00:00,N09,0.0616,0.006455,5.67,3.4708,0.003471,24.2,23.766735,86.418658
2026-05-28 02:00:00,N09,0.2095,0.005207,7.25,3.4742,0.002994,25.0,23.766735,86.418658
2026-05-28 03:00:00,N09,-0.0424,0.006461,4.36,3.4767,0.003123,26.2,23.766735,86.418658
2026-05-28 04:00:00,N09,0.0604,0.005759,7.02,3.4804,0.003861,27.7,23.766735,86.418658
2026-05-28 05:00:00,N09,,,,,,,23.766735,86.418658
2026-05-28 06:00:00,N09,,,,,,,23.766735,86.418658
2026-05-28 07:00:00,N09,,,,,,,23.766735,86.418658
2026-05-28 08:00:00,N09,,,,,,,23.766735,86.418658
2026-05-28 09:00:00,N09,0.1691,0.005453,7.29,3.4976,0.003548,36.8,23.766735,86.418658
2026-05-28 10:00:00,N09,-0.1745,0.005035,2.83,3.5011,0.003427,38.0,23.766735,86.418658
2026-05-28 11:00:00,N09,0.3389,0.008342,4.93,3.5045,0.003957,38.7,23.766735,86.418658
2026-05-28 12:00:00,N09,-0.1713,0.007284,9.14,3.509,0.003125,39.0,23.766735,86.418658
2026-05-28 13:00:00,N09,0.0119,0.006775,9.21,3.5107,0.002564,38.7,23.766735,86.418658
2026-05-28 14:00:00,N09,,,,,,,23.766735,86.418658
2026-05-28 15:00:00,N09,,,,,,,23.766735,86.418658
2026-05-28 16:00:00,N09,,,,,,,23.766735,86.418658
2026-05-28 17:00:00,N09,,,,,,,23.766735,86.418658
2026-05-28 18:00:00,N09,,,,,,,23.766735,86.418658
2026-05-28 19:00:00,N09,-0.0505,0.007583,7.8,3.5312,0.002588,29.5,23.766735,86.418658
2026-05-28 20:00:00,N09,-0.0617,0.006516,8.44,3.5341,0.003201,27.7,23.766735,86.418658
2026-05-28 21:00:00,N09,0.0597,0.005116,6.53,3.5376,0.003246,26.2,23.766735,86.418658
2026-05-28 22:00:00,N09,0.3667,0.006077,2.66,3.5406,0.00351,25.0,23.766735,86.418658
2026-05-28 23:00:00,N09,0.1139,0.005983,4.87,3.5446,0.003582,24.2,23.766735,86.418658
2026-05-29 00:00:00,N09,0.1674,0.005054,4.25,3.5477,0.003091,25.9,23.766735,86.418658
2026-05-29 01:00:00,N09,,,,,,,23.766735,86.418658
2026-05-29 02:00:00,N09,,,,,,,23.766735,86.418658
2026-05-29 03:00:00,N09,,,,,,,23.766735,86.418658
2026-05-29 04:00:00,N09,,,,,,,23.766735,86.418658
2026-05-29 05:00:00,N09,0.0587,0.007857,6.46,3.5642,0.003676,31.5,23.766735,86.418658
2026-05-29 06:00:00,N09,-0.062,0.007357,7.25,3.5675,0.003166,33.4,23.766735,86.418658
2026-05-29 07:00:00,N09,-0.1496,0.00554,3.16,3.5706,0.003296,35.4,23.766735,86.418658
2026-05-29 08:00:00,N09,-0.0363,0.008317,4.07,3.5741,0.003439,37.2,23.766735,86.418658
2026-05-29 09:00:00,N09,,,,,,,23.766735,86.418658
2026-05-29 10:00:00,N09,,,,,,,23.766735,86.418658
2026-05-29 11:00:00,N09,,,,,,,23.766735,86.418658
2026-05-29 12:00:00,N09,,,,,,,23.766735,86.418658
2026-05-29 13:00:00,N09,-0.1728,0.006559,3.35,3.5908,0.013162,40.7,23.766735,86.418658
2026-05-29 14:00:00,N09,,,,,,,23.766735,86.418658
2026-05-29 15:00:00,N09,,,,,,,23.766735,86.418658
2026-05-29 16:00:00,N09,,,,,,,23.766735,86.418658
2026-05-29 17:00:00,N09,,,,,,,23.766735,86.418658
2026-05-29 18:00:00,N09,0.0452,0.005802,9.34,3.6063,0.003085,33.4,23.766735,86.418658
2026-05-29 19:00:00,N09,-0.0577,0.007177,8.73,3.6094,0.00323,31.5,23.766735,86.418658
2026-05-29 20:00:00,N09,,,,,,,23.766735,86.418658
2026-05-29 21:00:00,N09,0.0904,0.00657,4.76,3.6163,0.003459,28.1,23.766735,86.418658
2026-05-29 22:00:00,N09,-0.1051,0.006845,8.01,3.6197,0.003699,26.9,23.766735,86.418658
2026-05-29 23:00:00,N09,-0.0037,0.007166,1.41,3.6237,0.003744,26.2,23.766735,86.418658
2026-05-30 00:00:00,N09,,,,,,,23.766735,86.418658
2026-05-30 01:00:00,N09,,,,,,,23.766735,86.418658
2026-05-30 02:00:00,N09,,,,,,,23.766735,86.418658
2026-05-30 03:00:00,N09,,,,,,,23.766735,86.418658
2026-05-30 04:00:00,N09,,,,,,,23.766735,86.418658
2026-05-30 05:00:00,N09,,,,,,,23.766735,86.418658
2026-05-30 06:00:00,N09,,,,,,,23.766735,86.418658
2026-05-30 07:00:00,N09,,,,,,,23.766735,86.418658
2026-05-30 08:00:00,N09,,,,,,,23.766735,86.418658
2026-05-30 09:00:00,N09,,,,,,,23.766735,86.418658
2026-05-30 10:00:00,N09,0.0665,0.006901,7.07,3.6598,0.00327,37.5,23.766735,86.418658
2026-05-30 11:00:00,N09,0.1491,0.007063,2.74,3.6638,0.003686,38.2,23.766735,86.418658
2026-05-30 12:00:00,N09,0.0142,0.006039,8.64,3.6672,0.012783,38.5,23.766735,86.418658
2026-05-30 13:00:00,N09,-0.0277,0.700272,30.85,3.6893,0.003514,38.2,23.766735,86.418658
2026-05-30 14:00:00,N09,-0.132,0.005836,3.93,3.6742,0.006196,37.5,23.766735,86.418658
2026-05-30 15:00:00,N09,0.0478,0.006495,5.81,3.6769,0.005873,36.3,23.766735,86.418658
2026-05-30 16:00:00,N09,0.0657,0.729812,32.04,3.686,0.006592,34.7,23.766735,86.418658
2026-05-30 17:00:00,N09,-0.1551,0.744655,37.36,3.6901,0.000599,32.9,23.766735,86.418658
2026-05-30 18:00:00,N09,-0.1796,0.01022,5.63,3.6872,0.000172,31.0,23.766735,86.418658
2026-05-30 19:00:00,N09,0.01,0.007077,7.56,3.6905,0.003537,29.0,23.766735,86.418658
2026-05-30 20:00:00,N09,-0.1087,0.008462,9.37,3.6943,0.003359,27.2,23.766735,86.418658
2026-05-30 21:00:00,N09,0.082,0.006543,2.15,3.6972,0.002866,25.7,23.766735,86.418658
2026-05-30 22:00:00,N09,,,,,,,23.766735,86.418658
2026-05-30 23:00:00,N09,,,,,,,23.766735,86.418658
2026-05-31 00:00:00,N09,,,,,,,23.766735,86.418658
2026-05-31 01:00:00,N09,,,,,,,23.766735,86.418658
2026-05-31 02:00:00,N09,,,,,,,23.766735,86.418658
2026-05-31 03:00:00,N09,0.1976,0.007426,4.98,3.7149,0.00281,29.0,23.766735,86.418658
2026-05-31 04:00:00,N09,-0.0985,0.006521,4.12,3.7176,0.002966,30.5,23.766735,86.418658
2026-05-31 05:00:00,N09,0.0661,0.00657,8.26,3.7209,0.003199,32.3,23.766735,86.418658
2026-05-31 06:00:00,N09,0.0358,0.006581,9.74,3.724,0.003089,34.3,23.766735,86.418658
2026-05-31 07:00:00,N09,0.0307,0.006004,4.84,3.7271,0.003166,36.2,23.766735,86.418658
2026-05-31 08:00:00,N09,-0.0403,0.006797,8.17,3.7303,0.003227,38.0,23.766735,86.418658
2026-05-31 09:00:00,N09,0.2897,0.008212,3.17,3.7335,0.00331,39.6,23.766735,86.418658
2026-05-31 10:00:00,N09,0.1542,0.005946,9.83,3.737,0.003196,40.8,23.766735,86.418658
2026-05-31 11:00:00,N09,0.1448,0.006491,6.92,3.7399,0.003243,41.5,23.766735,86.418658
2026-05-31 12:00:00,N09,0.0022,0.007213,5.52,3.7434,0.003564,41.8,23.766735,86.418658
2026-05-31 13:00:00,N09,-0.0492,0.005306,1.3,3.747,0.003254,41.5,23.766735,86.418658
2026-05-31 14:00:00,N09,0.0282,0.006329,2.65,3.75,0.003571,40.8,23.766735,86.418658
2026-05-31 15:00:00,N09,-0.0203,0.005497,9.84,3.7542,0.006774,39.6,23.766735,86.418658
2026-05-31 16:00:00,N09,,,,,,,23.766735,86.418658
2026-05-31 17:00:00,N09,,,,,,,23.766735,86.418658
2026-05-31 18:00:00,N09,,,,,,,23.766735,86.418658
2026-05-31 19:00:00,N09,,,,,,,23.766735,86.418658
2026-05-31 20:00:00,N09,0.0816,0.006625,9.18,3.7697,0.003275,30.5,23.766735,86.418658
2026-05-31 21:00:00,N09,0.1266,0.006861,5.97,3.7729,0.003092,29.0,23.766735,86.418658
2026-05-31 22:00:00,N09,-0.3836,0.006174,3.28,3.7759,0.003369,27.8,23.766735,86.418658
2026-05-31 23:00:00,N09,-0.2355,0.005723,5.9,3.7796,0.002895,27.0,23.766735,86.418658
2026-06-01 00:00:00,N09,,,,,,,23.766735,86.418658
2026-06-01 01:00:00,N09,,,,,,,23.766735,86.418658
2026-06-01 02:00:00,N09,,,,,,,23.766735,86.418658
2026-06-01 03:00:00,N09,-0.1019,0.005707,9.95,3.7903,0.003124,25.2,23.766735,86.418658
2026-06-01 04:00:00,N09,-0.0548,0.007699,4.97,3.7934,0.002955,26.8,23.766735,86.418658
2026-06-01 05:00:00,N09,0.0307,0.005063,6.49,3.7962,0.003021,28.6,23.766735,86.418658
2026-06-01 06:00:00,N09,-0.0475,0.005766,8.28,3.7995,0.004027,30.5,23.766735,86.418658
2026-06-01 07:00:00,N09,-0.0516,0.00639,1.52,3.8042,0.004066,32.5,23.766735,86.418658
2026-06-01 08:00:00,N09,0.2526,0.008639,8.78,3.8076,0.003311,34.3,23.766735,86.418658
2026-06-01 09:00:00,N09,,,,,,,23.766735,86.418658
2026-06-01 10:00:00,N09,-0.1845,0.00659,9.66,3.8141,0.003245,37.0,23.766735,86.418658
2026-06-01 11:00:00,N09,-0.1683,0.005925,2.62,3.8174,0.003013,37.8,23.766735,86.418658
2026-06-01 12:00:00,N09,,,,,,,23.766735,86.418658
2026-06-01 13:00:00,N09,-0.1004,0.006902,2.35,3.8231,0.003011,37.8,23.766735,86.418658
2026-06-01 14:00:00,N09,,,,,,,23.766735,86.418658
2026-06-01 15:00:00,N09,,,,,,,23.766735,86.418658
2026-06-01 16:00:00,N09,,,,,,,23.766735,86.418658
2026-06-01 17:00:00,N09,-0.0562,0.007292,2.05,3.8367,0.004277,32.5,23.766735,86.418658
2026-06-01 18:00:00,N09,0.1822,0.007605,1.36,3.8404,0.002985,30.5,23.766735,86.418658
2026-06-01 19:00:00,N09,0.0113,0.009509,5.62,3.8427,0.002664,28.6,23.766735,86.418658
2026-06-01 20:00:00,N09,-0.07,0.005963,1.45,3.8457,0.003206,26.8,23.766735,86.418658
2026-06-01 21:00:00,N09,-0.2387,0.006215,5.65,3.8491,0.003942,25.2,23.766735,86.418658
2026-06-01 22:00:00,N09,-0.0944,0.00698,9.32,3.8536,0.003658,24.0,23.766735,86.418658
2026-06-01 23:00:00,N09,-0.1185,0.005817,5.37,3.8564,0.003364,23.3,23.766735,86.418658
2026-06-02 00:00:00,N09,-0.2176,0.006522,8.49,3.8603,0.003402,22.7,23.766735,86.418658
2026-06-02 01:00:00,N09,0.0051,0.006167,4.82,3.8632,0.00276,23.0,23.766735,86.418658
2026-06-02 02:00:00,N09,0.0605,0.006725,4.02,3.8658,0.002418,23.7,23.766735,86.418658
2026-06-02 03:00:00,N09,0.0123,0.007158,5.81,3.868,0.002739,24.9,23.766735,86.418658
2026-06-02 04:00:00,N09,0.0319,0.005701,9.82,3.8713,0.003658,26.5,23.766735,86.418658
2026-06-02 05:00:00,N09,-0.2949,0.007706,5.8,3.8754,0.003381,28.3,23.766735,86.418658
2026-06-02 06:00:00,N09,,,,,,,23.766735,86.418658
2026-06-02 07:00:00,N09,,,,,,,23.766735,86.418658
2026-06-02 08:00:00,N09,,,,,,,23.766735,86.418658
2026-06-02 09:00:00,N09,,,,,,,23.766735,86.418658
2026-06-02 10:00:00,N09,0.0653,0.007082,6.07,3.8904,0.003639,36.7,23.766735,86.418658
2026-06-02 11:00:00,N09,-0.3392,0.006388,8.41,3.8941,0.00318,37.5,23.766735,86.418658
2026-06-02 12:00:00,N09,0.2677,0.005909,2.94,3.8968,0.003004,37.7,23.766735,86.418658
2026-06-02 13:00:00,N09,-0.1343,0.007351,4.56,3.9001,0.003184,37.5,23.766735,86.418658
2026-06-02 14:00:00,N09,0.1515,0.005753,2.78,3.9031,0.00771,36.7,23.766735,86.418658
2026-06-02 15:00:00,N09,-0.0004,0.955519,41.22,3.9156,0.003004,35.5,23.766735,86.418658
2026-06-02 16:00:00,N09,0.1117,0.006898,1.69,3.9091,0.008527,34.0,23.766735,86.418658
2026-06-02 17:00:00,N09,-0.0278,0.889424,25.02,3.8985,0.003048,32.2,23.766735,86.418658
2026-06-02 18:00:00,N09,0.0899,0.0057,9.1,3.9152,0.01003,30.2,23.766735,86.418658
2026-06-02 19:00:00,N09,-0.0916,0.005393,5.48,3.9186,0.003048,28.3,23.766735,86.418658
2026-06-02 20:00:00,N09,-0.0608,0.007339,8.23,3.9213,0.002937,26.5,23.766735,86.418658
2026-06-02 21:00:00,N09,-0.145,0.008808,4.9,3.9244,0.003018,24.9,23.766735,86.418658
2026-06-02 22:00:00,N09,-0.1825,0.006619,7.23,3.9274,0.002501,23.7,23.766735,86.418658
2026-06-02 23:00:00,N09,0.2713,0.006639,2.32,3.9294,0.00245,23.0,23.766735,86.418658
2026-06-03 00:00:00,N09,0.0043,0.006401,1.18,3.9323,0.002821,26.3,23.766735,86.418658
2026-06-03 01:00:00,N09,0.1927,0.007195,6.32,3.9351,0.003114,26.6,23.766735,86.418658
2026-06-03 02:00:00,N09,-0.2424,0.006142,8.05,3.9385,0.003094,27.3,23.766735,86.418658
2026-06-03 03:00:00,N09,0.097,0.006447,1.44,3.9413,0.003028,28.5,23.766735,86.418658
2026-06-03 04:00:00,N09,0.0859,0.006044,6.82,3.9445,0.002951,30.1,23.766735,86.418658
2026-06-03 05:00:00,N09,-0.1754,0.00653,3.98,3.9472,0.002562,31.9,23.766735,86.418658
2026-06-03 06:00:00,N09,-0.0684,0.006431,8.92,3.9497,0.006341,33.8,23.766735,86.418658
2026-06-03 07:00:00,N09,0.2406,0.72266,24.21,3.9599,0.006388,35.8,23.766735,86.418658
2026-06-03 08:00:00,N09,0.0149,0.938934,23.59,3.9624,0.001098,37.6,23.766735,86.418658
2026-06-03 09:00:00,N09,,,,,,,23.766735,86.418658
2026-06-03 10:00:00,N09,,,,,,,23.766735,86.418658
2026-06-03 11:00:00,N09,,,,,,,23.766735,86.418658
2026-06-03 12:00:00,N09,,,,,,,23.766735,86.418658
2026-06-03 13:00:00,N09,,,,,,,23.766735,86.418658
2026-06-03 14:00:00,N09,0.0979,0.009872,9.75,3.971,0.006581,40.3,23.766735,86.418658
2026-06-03 15:00:00,N09,0.0979,0.671817,22.46,3.9554,0.003454,39.1,23.766735,86.418658
2026-06-03 16:00:00,N09,-0.2068,0.007708,8.34,3.9779,0.012376,37.6,23.766735,86.418658
2026-06-03 17:00:00,N09,0.0119,0.007851,4.94,3.9801,0.002827,35.8,23.766735,86.418658
2026-06-03 18:00:00,N09,,,,,,,23.766735,86.418658
2026-06-03 19:00:00,N09,,,,,,,23.766735,86.418658
2026-06-03 20:00:00,N09,-0.0783,0.005049,7.05,3.9894,0.00286,30.1,23.766735,86.418658
2026-06-03 21:00:00,N09,0.2224,0.005921,3.87,3.992,0.002625,28.5,23.766735,86.418658
2026-06-03 22:00:00,N09,-0.0994,0.00646,8.86,3.9946,0.003198,27.3,23.766735,86.418658
2026-06-03 23:00:00,N09,-0.0626,0.005583,3.03,3.9984,0.003346,26.6,23.766735,86.418658
2026-06-04 00:00:00,N09,0.0396,0.006247,3.53,4.0013,0.002806,26.0,23.766735,86.418658
2026-06-04 01:00:00,N09,-0.1195,0.006237,9.57,4.004,0.003073,26.2,23.766735,86.418658
2026-06-04 02:00:00,N09,-0.0142,0.006146,5.4,4.0074,0.003022,27.0,23.766735,86.418658
2026-06-04 03:00:00,N09,,,,,,,23.766735,86.418658
2026-06-04 04:00:00,N09,,,,,,,23.766735,86.418658
2026-06-04 05:00:00,N09,,,,,,,23.766735,86.418658
2026-06-04 06:00:00,N09,,,,,,,23.766735,86.418658
2026-06-04 07:00:00,N09,,,,,,,23.766735,86.418658
2026-06-04 08:00:00,N09,,,,,,,23.766735,86.418658
2026-06-04 09:00:00,N09,,,,,,,23.766735,86.418658
2026-06-04 10:00:00,N09,,,,,,,23.766735,86.418658
2026-06-04 11:00:00,N09,-0.0024,0.005872,7.79,4.0341,0.00288,40.7,23.766735,86.418658
2026-06-04 12:00:00,N09,-0.0982,0.005331,6.63,4.0365,0.00274,41.0,23.766735,86.418658
2026-06-04 13:00:00,N09,-0.0071,0.005277,5.39,4.0395,0.002816,40.7,23.766735,86.418658
2026-06-04 14:00:00,N09,-0.068,0.006711,3.5,4.0421,0.00261,40.0,23.766735,86.418658
2026-06-04 15:00:00,N09,-0.161,0.008625,2.77,4.0448,0.003151,38.8,23.766735,86.418658
2026-06-04 16:00:00,N09,0.0953,0.010374,9.16,4.0484,0.013432,37.2,23.766735,86.418658
2026-06-04 17:00:00,N09,-0.1464,0.568086,44.85,4.0716,0.012889,35.4,23.766735,86.418658
2026-06-04 18:00:00,N09,,,,,,,23.766735,86.418658
2026-06-04 19:00:00,N09,,,,,,,23.766735,86.418658
2026-06-04 20:00:00,N09,,,,,,,23.766735,86.418658
2026-06-04 21:00:00,N09,,,,,,,23.766735,86.418658
2026-06-04 22:00:00,N09,-0.186,0.005647,1.22,4.0649,0.002394,27.0,23.766735,86.418658
2026-06-04 23:00:00,N09,0.3714,0.006494,2.16,4.0671,0.002242,26.2,23.766735,86.418658
2026-06-05 00:00:00,N09,-0.085,0.005397,3.58,4.0694,0.002794,26.6,23.766735,86.418658
2026-06-05 01:00:00,N09,0.1311,0.00858,4.97,4.0727,0.003323,26.9,23.766735,86.418658
2026-06-05 02:00:00,N09,,,,,,,23.766735,86.418658
2026-06-05 03:00:00,N09,,,,,,,23.766735,86.418658
2026-06-05 04:00:00,N09,,,,,,,23.766735,86.418658
2026-06-05 05:00:00,N09,0.0757,0.007961,4.11,4.0843,0.002618,32.2,23.766735,86.418658
2026-06-05 06:00:00,N09,0.1334,0.006328,7.13,4.0872,0.002979,34.1,23.766735,86.418658
2026-06-05 07:00:00,N09,-0.0473,0.007724,3.11,4.0902,0.002395,36.0,23.766735,86.418658
2026-06-05 08:00:00,N09,0.2297,0.005188,6.17,4.092,0.002337,37.9,23.766735,86.418658
2026-06-05 09:00:00,N09,-0.1159,0.008178,3.16,4.0949,0.002736,39.4,23.766735,86.418658
2026-06-05 10:00:00,N09,-0.0382,0.005853,5.99,4.0974,0.002726,40.6,23.766735,86.418658
2026-06-05 11:00:00,N09,-0.1462,0.00739,9.25,4.1004,0.002607,41.4,23.766735,86.418658
2026-06-05 12:00:00,N09,-0.032,0.005793,2.63,4.1026,0.002895,41.6,23.766735,86.418658
2026-06-05 13:00:00,N09,0.028,0.006752,4.65,4.1061,0.004441,41.4,23.766735,86.418658
2026-06-05 14:00:00,N09,,,,,,,23.766735,86.418658
2026-06-05 15:00:00,N09,,,,,,,23.766735,86.418658
2026-06-05 16:00:00,N09,,,,,,,23.766735,86.418658
2026-06-05 17:00:00,N09,,,,,,,23.766735,86.418658
2026-06-05 18:00:00,N09,,,,,,,23.766735,86.418658
2026-06-05 19:00:00,N09,,,,,,,23.766735,86.418658
2026-06-05 20:00:00,N09,,,,,,,23.766735,86.418658
2026-06-05 21:00:00,N09,,,,,,,23.766735,86.418658
2026-06-05 22:00:00,N09,,,,,,,23.766735,86.418658
2026-06-05 23:00:00,N09,,,,,,,23.766735,86.418658
2026-06-06 00:00:00,N09,0.2124,0.007348,8.75,4.1373,0.00278,24.3,23.766735,86.418658
2026-06-06 01:00:00,N09,-0.2199,0.00678,2.89,4.1406,0.003162,24.6,23.766735,86.418658
2026-06-06 02:00:00,N09,,,,,,,23.766735,86.418658
2026-06-06 03:00:00,N09,,,,,,,23.766735,86.418658
2026-06-06 04:00:00,N09,,,,,,,23.766735,86.418658
2026-06-06 05:00:00,N09,0.1787,0.005756,9.39,4.1508,0.001711,29.9,23.766735,86.418658
2026-06-06 06:00:00,N09,0.2437,0.005562,5.08,4.1523,0.002077,31.8,23.766735,86.418658
2026-06-06 07:00:00,N09,-0.2628,0.009486,3.94,4.155,0.003006,33.8,23.766735,86.418658
2026-06-06 08:00:00,N09,,,,,,,23.766735,86.418658
2026-06-06 09:00:00,N09,,,,,,,23.766735,86.418658
2026-06-06 10:00:00,N09,,,,,,,23.766735,86.418658
2026-06-06 11:00:00,N09,,,,,,,23.766735,86.418658
2026-06-06 12:00:00,N09,,,,,,,23.766735,86.418658
2026-06-06 13:00:00,N09,-0.1026,0.006592,6.23,4.1737,0.003293,39.1,23.766735,86.418658
2026-06-06 14:00:00,N09,-0.0686,0.007523,2.89,4.1767,0.00893,38.3,23.766735,86.418658
2026-06-06 15:00:00,N09,0.0572,0.801431,47.03,4.1916,0.002956,37.1,23.766735,86.418658
2026-06-06 16:00:00,N09,0.1842,0.007264,5.41,4.1826,0.003069,35.6,23.766735,86.418658
2026-06-06 17:00:00,N09,0.0414,0.005173,4.37,4.1855,0.002977,33.8,23.766735,86.418658
2026-06-06 18:00:00,N09,0.0387,0.005708,1.06,4.1886,0.002752,31.8,23.766735,86.418658
2026-06-06 19:00:00,N09,-0.1278,0.005019,5.5,4.191,0.002742,29.9,23.766735,86.418658
2026-06-06 20:00:00,N09,-0.3267,0.00537,3.12,4.1941,0.002829,28.1,23.766735,86.418658
2026-06-06 21:00:00,N09,0.0448,0.006802,4.95,4.1966,0.002961,26.5,23.766735,86.418658
2026-06-06 22:00:00,N09,0.2595,0.006866,2.46,4.2,0.00276,25.3,23.766735,86.418658
2026-06-06 23:00:00,N09,0.057,0.006502,6.53,4.2021,0.002674,24.6,23.766735,86.418658
2026-06-07 00:00:00,N09,0.0982,0.007919,8.62,4.2053,0.002856,25.7,23.766735,86.418658
2026-06-07 01:00:00,N09,0.0099,0.006265,2.14,4.2079,0.002358,25.9,23.766735,86.418658
2026-06-07 02:00:00,N09,-0.2435,0.0051,9.47,4.2101,0.0025,26.7,23.766735,86.418658
2026-06-07 03:00:00,N09,-0.1381,0.008217,4.74,4.2129,0.003145,27.9,23.766735,86.418658
2026-06-07 04:00:00,N09,-0.1086,0.007799,1.77,4.2164,0.003377,29.4,23.766735,86.418658
2026-06-07 05:00:00,N09,-0.0518,0.006874,8.42,4.2196,0.002441,31.2,23.766735,86.418658
2026-06-07 06:00:00,N09,0.071,0.005264,5.1,4.2212,0.002343,33.2,23.766735,86.418658
2026-06-07 07:00:00,N09,-0.32,0.005026,1.32,4.2243,0.002917,35.1,23.766735,86.418658
2026-06-07 08:00:00,N09,-0.1913,0.006009,8.46,4.2271,0.007012,36.9,23.766735,86.418658
2026-06-07 09:00:00,N09,0.1965,0.761823,38.53,4.2383,0.006614,38.5,23.766735,86.418658
2026-06-07 10:00:00,N09,0.1202,0.724402,45.69,4.2403,0.001497,39.7,23.766735,86.418658
2026-06-07 11:00:00,N09,-0.2861,0.006832,4.87,4.2353,0.001005,40.4,23.766735,86.418658
2026-06-07 12:00:00,N09,0.2181,0.005187,5.15,4.2383,0.012174,40.7,23.766735,86.418658
2026-06-07 13:00:00,N09,0.1467,0.87543,41.81,4.2597,0.002579,40.4,23.766735,86.418658
2026-06-07 14:00:00,N09,0.2729,0.006509,6.58,4.2434,0.006806,39.7,23.766735,86.418658
2026-06-07 15:00:00,N09,-0.1913,0.006745,2.01,4.2461,0.00237,38.5,23.766735,86.418658
2026-06-07 16:00:00,N09,,,,,,,23.766735,86.418658
2026-06-07 17:00:00,N09,,,,,,,23.766735,86.418658
2026-06-07 18:00:00,N09,,,,,,,23.766735,86.418658
2026-06-07 19:00:00,N09,,,,,,,23.766735,86.418658
2026-06-07 20:00:00,N09,,,,,,,23.766735,86.418658
2026-06-07 21:00:00,N09,,,,,,,23.766735,86.418658
2026-06-07 22:00:00,N09,,,,,,,23.766735,86.418658
2026-06-07 23:00:00,N09,,,,,,,23.766735,86.418658
2026-06-08 00:00:00,N09,0.0053,0.005837,5.45,4.2709,0.002812,24.6,23.766735,86.418658
2026-06-08 01:00:00,N09,-0.1098,0.005817,4.53,4.2731,0.002407,24.9,23.766735,86.418658
2026-06-08 02:00:00,N09,0.1334,0.006159,5.78,4.2757,0.002742,25.6,23.766735,86.418658
2026-06-08 03:00:00,N09,0.0556,0.008838,2.53,4.2786,0.002885,26.8,23.766735,86.418658
2026-06-08 04:00:00,N09,0.0446,0.011939,8.01,4.2815,0.002919,28.4,23.766735,86.418658
2026-06-08 05:00:00,N09,-0.0739,0.005454,5.78,4.2844,0.006959,30.2,23.766735,86.418658
2026-06-08 06:00:00,N09,-0.0703,0.512874,20.01,4.2954,0.013571,32.1,23.766735,86.418658
2026-06-08 07:00:00,N09,0.1101,0.744767,24.96,4.3116,0.00512,34.1,23.766735,86.418658
2026-06-08 08:00:00,N09,0.0865,0.878293,26.96,4.3057,0.008268,35.9,23.766735,86.418658
2026-06-08 09:00:00,N09,0.2509,0.005715,6.09,4.295,0.003801,37.4,23.766735,86.418658
2026-06-08 10:00:00,N09,-0.1226,0.00927,1.97,4.298,0.003003,38.6,23.766735,86.418658
2026-06-08 11:00:00,N09,-0.0714,0.005833,4.18,4.301,0.002256,39.4,23.766735,86.418658
2026-06-08 12:00:00,N09,-0.117,0.005443,4.22,4.3026,0.002198,39.6,23.766735,86.418658
2026-06-08 13:00:00,N09,,,,,,,23.766735,86.418658
2026-06-08 14:00:00,N09,-0.1944,0.006749,4.29,4.3081,0.002576,38.6,23.766735,86.418658
2026-06-08 15:00:00,N09,0.1606,0.006396,2.78,4.3106,0.002762,37.4,23.766735,86.418658
2026-06-08 16:00:00,N09,0.0501,0.006557,9.06,4.3136,0.002734,35.9,23.766735,86.418658
2026-06-08 17:00:00,N09,-0.0536,0.006148,4.6,4.316,0.002727,34.1,23.766735,86.418658
2026-06-08 18:00:00,N09,-0.0696,0.008197,7.29,4.3191,0.002659,32.1,23.766735,86.418658
2026-06-08 19:00:00,N09,-0.0317,0.00583,1.12,4.3214,0.00249,30.2,23.766735,86.418658
2026-06-08 20:00:00,N09,0.1276,0.006262,5.05,4.324,0.002622,28.4,23.766735,86.418658
2026-06-08 21:00:00,N09,0.3443,0.009379,7.61,4.3266,0.002954,26.8,23.766735,86.418658
2026-06-08 22:00:00,N09,0.0704,0.005516,4.11,4.33,0.002857,25.6,23.766735,86.418658
2026-06-08 23:00:00,N09,-0.1266,0.006271,6.15,4.3323,0.002739,24.9,23.766735,86.418658
2026-06-09 00:00:00,N09,0.0422,0.006589,4.38,4.3354,0.002749,29.4,23.766735,86.418658
2026-06-09 01:00:00,N09,0.1349,0.00601,4.41,4.3378,0.002136,29.6,23.766735,86.418658
2026-06-09 02:00:00,N09,,,,,,,23.766735,86.418658
2026-06-09 03:00:00,N09,,,,,,,23.766735,86.418658
2026-06-09 04:00:00,N09,,,,,,,23.766735,86.418658
2026-06-09 05:00:00,N09,-0.0158,0.005191,1.96,4.3469,0.002547,34.9,23.766735,86.418658
2026-06-09 06:00:00,N09,0.051,0.00532,1.96,4.3496,0.002986,36.9,23.766735,86.418658
2026-06-09 07:00:00,N09,0.0457,0.005612,6.06,4.3529,0.003052,38.8,23.766735,86.418658
2026-06-09 08:00:00,N09,-0.0181,0.013252,3.58,4.3557,0.002964,40.6,23.766735,86.418658
2026-06-09 09:00:00,N09,0.0559,0.009607,2.85,4.3588,0.011505,42.2,23.766735,86.418658
2026-06-09 10:00:00,N09,0.0039,0.847525,40.37,4.3787,0.011212,43.4,23.766735,86.418658
2026-06-09 11:00:00,N09,0.3146,0.772311,49.17,4.3812,0.005639,44.1,23.766735,86.418658
2026-06-09 12:00:00,N09,0.0272,0.00549,4.56,4.3674,0.005575,44.4,23.766735,86.418658
2026-06-09 13:00:00,N09,0.0998,0.005268,1.67,4.3701,0.002023,44.1,23.766735,86.418658
2026-06-09 14:00:00,N09,-0.2451,0.00873,2.28,4.3714,0.001993,43.4,23.766735,86.418658
2026-06-09 15:00:00,N09,,,,,,,23.766735,86.418658
2026-06-09 16:00:00,N09,,,,,,,23.766735,86.418658
2026-06-09 17:00:00,N09,,,,,,,23.766735,86.418658
2026-06-09 18:00:00,N09,,,,,,,23.766735,86.418658
2026-06-09 19:00:00,N09,0.0428,0.005635,3.36,4.3834,0.002211,34.9,23.766735,86.418658
2026-06-09 20:00:00,N09,-0.2749,0.005459,1.31,4.3853,0.002602,33.1,23.766735,86.418658
2026-06-09 21:00:00,N09,,,,,,,23.766735,86.418658
2026-06-09 22:00:00,N09,-0.1927,0.005934,1.08,4.3907,0.002616,30.4,23.766735,86.418658
2026-06-09 23:00:00,N09,,,,,,,23.766735,86.418658
2026-06-10 00:00:00,N09,,,,,,,23.766735,86.418658
2026-06-10 01:00:00,N09,,,,,,,23.766735,86.418658
2026-06-10 02:00:00,N09,,,,,,,23.766735,86.418658
2026-06-10 03:00:00,N09,0.1495,0.00613,8.24,4.4006,0.000968,26.0,23.766735,86.418658
2026-06-10 04:00:00,N09,0.037,0.007699,2.59,4.4016,0.001159,27.6,23.766735,86.418658
2026-06-10 05:00:00,N09,0.2234,0.008069,7.8,4.4029,0.001494,29.4,23.766735,86.418658
2026-06-10 06:00:00,N09,-0.0174,0.007473,4.2,4.4046,0.009753,31.3,23.766735,86.418658
2026-06-10 07:00:00,N09,,,,,,,23.766735,86.418658
2026-06-10 08:00:00,N09,-0.0249,0.005184,5.74,4.4083,0.006175,35.1,23.766735,86.418658
2026-06-10 09:00:00,N09,0.1603,0.007269,9.41,4.4101,0.010966,36.6,23.766735,86.418658
2026-06-10 10:00:00,N09,-0.3263,0.595015,23.93,4.4303,0.001952,37.8,23.766735,86.418658
2026-06-10 11:00:00,N09,0.2219,0.006397,2.25,4.414,0.007333,38.6,23.766735,86.418658
2026-06-10 12:00:00,N09,,,,,,,23.766735,86.418658
2026-06-10 13:00:00,N09,,,,,,,23.766735,86.418658
2026-06-10 14:00:00,N09,0.1569,0.00866,5.98,4.4184,0.00145,37.8,23.766735,86.418658
2026-06-10 15:00:00,N09,-0.0902,0.005867,6.41,4.42,0.001507,36.6,23.766735,86.418658
2026-06-10 16:00:00,N09,-0.0986,0.006979,2.87,4.4214,0.004659,35.1,23.766735,86.418658
2026-06-10 17:00:00,N09,,,,,,,23.766735,86.418658
2026-06-10 18:00:00,N09,,,,,,,23.766735,86.418658
2026-06-10 19:00:00,N09,,,,,,,23.766735,86.418658
2026-06-10 20:00:00,N09,,,,,,,23.766735,86.418658
2026-06-10 21:00:00,N09,,,,,,,23.766735,86.418658
2026-06-10 22:00:00,N09,,,,,,,23.766735,86.418658
2026-06-10 23:00:00,N09,,,,,,,23.766735,86.418658
2026-06-11 00:00:00,N09,-0.2885,0.008472,2.93,4.4396,0.002594,27.0,23.766735,86.418658
2026-06-11 01:00:00,N09,-0.1902,0.008481,8.51,4.4421,0.002671,27.2,23.766735,86.418658
2026-06-11 02:00:00,N09,-0.1629,0.005901,1.64,4.4449,0.002588,28.0,23.766735,86.418658
2026-06-11 03:00:00,N09,-0.0778,0.006953,3.15,4.4473,0.002563,29.2,23.766735,86.418658
2026-06-11 04:00:00,N09,-0.0736,0.005578,6.47,4.45,0.002749,30.7,23.766735,86.418658
2026-06-11 05:00:00,N09,0.074,0.007161,2.85,4.4528,0.002656,32.5,23.766735,86.418658
2026-06-11 06:00:00,N09,-0.0202,0.005089,8.39,4.4553,0.002961,34.5,23.766735,86.418658
2026-06-11 07:00:00,N09,0.1757,0.005739,3.46,4.4587,0.002602,36.4,23.766735,86.418658
2026-06-11 08:00:00,N09,0.0236,0.005147,2.42,4.4605,0.002072,38.2,23.766735,86.418658
2026-06-11 09:00:00,N09,0.3186,0.006851,3.01,4.4628,0.002862,39.8,23.766735,86.418658
2026-06-11 10:00:00,N09,0.2645,0.005984,8.9,4.4663,0.002888,41.0,23.766735,86.418658
2026-06-11 11:00:00,N09,,,,,,,23.766735,86.418658
2026-06-11 12:00:00,N09,,,,,,,23.766735,86.418658
2026-06-11 13:00:00,N09,0.0919,0.005234,5.17,4.4736,0.00021,41.7,23.766735,86.418658
2026-06-11 14:00:00,N09,-0.0261,0.789238,34.06,4.4711,0.002889,41.0,23.766735,86.418658
2026-06-11 15:00:00,N09,0.4819,0.005851,1.26,4.4794,0.00597,39.8,23.766735,86.418658
2026-06-11 16:00:00,N09,,,,,,,23.766735,86.418658
2026-06-11 17:00:00,N09,,,,,,,23.766735,86.418658
2026-06-11 18:00:00,N09,,,,,,,23.766735,86.418658
2026-06-11 19:00:00,N09,,,,,,,23.766735,86.418658
2026-06-11 20:00:00,N09,-0.124,0.006517,5.7,4.4924,0.002573,30.7,23.766735,86.418658
2026-06-11 21:00:00,N09,-0.0432,0.008502,1.67,4.4949,0.002503,29.2,23.766735,86.418658
2026-06-11 22:00:00,N09,0.1017,0.008334,3.09,4.4974,0.00219,28.0,23.766735,86.418658
2026-06-11 23:00:00,N09,-0.3442,0.008575,9.58,4.4993,0.00182,27.2,23.766735,86.418658
2026-06-12 00:00:00,N09,-0.0305,0.009002,9.08,4.501,0.002417,21.3,23.766735,86.418658
2026-06-12 01:00:00,N09,-0.2188,0.005226,3.62,4.5041,0.002982,21.5,23.766735,86.418658
2026-06-12 02:00:00,N09,-0.0539,0.008791,7.68,4.507,0.002667,22.3,23.766735,86.418658
2026-06-12 03:00:00,N09,-0.1444,0.006435,3.41,4.5094,0.003201,23.5,23.766735,86.418658
2026-06-12 04:00:00,N09,,,,,,,23.766735,86.418658
2026-06-12 05:00:00,N09,,,,,,,23.766735,86.418658
2026-06-12 06:00:00,N09,,,,,,,23.766735,86.418658
2026-06-12 07:00:00,N09,,,,,,,23.766735,86.418658
2026-06-12 08:00:00,N09,0.2255,0.619496,16.12,4.5167,0.00279,32.5,23.766735,86.418658
2026-06-12 09:00:00,N09,-0.2137,0.005293,1.92,4.527,0.012454,34.1,23.766735,86.418658
2026-06-12 10:00:00,N09,0.0103,0.744856,25.77,4.5416,0.008933,35.3,23.766735,86.418658
2026-06-12 11:00:00,N09,-0.19,0.597941,19.77,4.5449,0.002819,36.0,23.766735,86.418658
2026-06-12 12:00:00,N09,,,,,,,23.766735,86.418658
2026-06-12 13:00:00,N09,,,,,,,23.766735,86.418658
2026-06-12 14:00:00,N09,,,,,,,23.766735,86.418658
2026-06-12 15:00:00,N09,,,,,,,23.766735,86.418658
2026-06-12 16:00:00,N09,0.1122,0.005114,6.22,4.5448,0.002775,32.5,23.766735,86.418658
2026-06-12 17:00:00,N09,0.108,0.007498,9.48,4.5476,0.00257,30.7,23.766735,86.418658
2026-06-12 18:00:00,N09,-0.1759,0.006005,6.39,4.5499,0.002426,28.8,23.766735,86.418658
2026-06-12 19:00:00,N09,0.0202,0.008166,8.16,4.5524,0.002491,26.9,23.766735,86.418658
2026-06-12 20:00:00,N09,-0.0268,0.005045,6.62,4.5549,0.002028,25.0,23.766735,86.418658
2026-06-12 21:00:00,N09,-0.0215,0.007049,7.26,4.5565,0.002048,23.5,23.766735,86.418658
2026-06-12 22:00:00,N09,0.0843,0.005123,8.17,4.559,0.002372,22.3,23.766735,86.418658
2026-06-12 23:00:00,N09,0.0567,0.005127,1.6,4.5612,0.00252,21.5,23.766735,86.418658
2026-06-13 00:00:00,N09,0.1793,0.010506,8.94,4.564,0.00301,29.4,23.766735,86.418658
2026-06-13 01:00:00,N09,-0.1279,0.007387,1.45,4.5672,0.003133,29.7,23.766735,86.418658
2026-06-13 02:00:00,N09,-0.095,0.00586,5.61,4.5703,0.002725,30.4,23.766735,86.418658
2026-06-13 03:00:00,N09,0.0971,0.007307,7.02,4.5727,0.002336,31.6,23.766735,86.418658
2026-06-13 04:00:00,N09,0.0425,0.005045,3.15,4.575,0.002185,33.2,23.766735,86.418658
2026-06-13 05:00:00,N09,-0.1057,0.007917,3.78,4.5771,0.002371,35.0,23.766735,86.418658
2026-06-13 06:00:00,N09,,,,,,,23.766735,86.418658
2026-06-13 07:00:00,N09,,,,,,,23.766735,86.418658
2026-06-13 08:00:00,N09,-0.1097,0.00721,7.55,4.5843,0.002452,40.7,23.766735,86.418658
2026-06-13 09:00:00,N09,-0.0077,0.00659,4.26,4.5866,0.005226,42.2,23.766735,86.418658
2026-06-13 10:00:00,N09,-0.3079,0.789786,49.2,4.5947,0.005254,43.4,23.766735,86.418658
2026-06-13 11:00:00,N09,0.1235,0.728265,35.79,4.5971,0.000739,44.2,23.766735,86.418658
2026-06-13 12:00:00,N09,,,,,,,23.766735,86.418658
2026-06-13 13:00:00,N09,,,,,,,23.766735,86.418658
2026-06-13 14:00:00,N09,,,,,,,23.766735,86.418658
2026-06-13 15:00:00,N09,,,,,,,23.766735,86.418658
2026-06-13 16:00:00,N09,,,,,,,23.766735,86.418658
2026-06-13 17:00:00,N09,,,,,,,23.766735,86.418658
2026-06-13 18:00:00,N09,-0.0005,0.005574,7.77,4.6092,0.003138,36.9,23.766735,86.418658
2026-06-13 19:00:00,N09,-0.1387,0.006492,7.62,4.6123,0.002968,35.0,23.766735,86.418658
2026-06-13 20:00:00,N09,,,,,,,23.766735,86.418658
2026-06-13 21:00:00,N09,0.0601,0.008475,4.52,4.6174,0.00246,31.6,23.766735,86.418658
2026-06-13 22:00:00,N09,-0.3677,0.00761,8.51,4.62,0.002546,30.4,23.766735,86.418658
2026-06-13 23:00:00,N09,0.215,0.006366,6.66,4.6225,0.002229,29.7,23.766735,86.418658
2026-06-14 00:00:00,N09,-0.0522,0.005308,5.08,4.6245,0.001815,20.6,23.766735,86.418658
2026-06-14 01:00:00,N09,-0.0659,0.006213,2.51,4.6261,0.001951,20.8,23.766735,86.418658
2026-06-14 02:00:00,N09,-0.2899,0.009003,7.49,4.6284,0.002199,21.6,23.766735,86.418658
2026-06-14 03:00:00,N09,,,,,,,23.766735,86.418658
2026-06-14 04:00:00,N09,,,,,,,23.766735,86.418658
2026-06-14 05:00:00,N09,,,,,,,23.766735,86.418658
2026-06-14 06:00:00,N09,,,,,,,23.766735,86.418658
2026-06-14 07:00:00,N09,,,,,,,23.766735,86.418658
2026-06-14 08:00:00,N09,-0.2216,0.840359,33.53,4.6505,0.005685,31.8,23.766735,86.418658
2026-06-14 09:00:00,N09,,,,,,,23.766735,86.418658
2026-06-14 10:00:00,N09,,,,,,,23.766735,86.418658
2026-06-14 11:00:00,N09,,,,,,,23.766735,86.418658
2026-06-14 12:00:00,N09,,,,,,,23.766735,86.418658
2026-06-14 13:00:00,N09,,,,,,,23.766735,86.418658
2026-06-14 14:00:00,N09,,,,,,,23.766735,86.418658
2026-06-14 15:00:00,N09,0.1017,0.005464,8.58,4.6587,0.007639,33.4,23.766735,86.418658
2026-06-14 16:00:00,N09,-0.1558,0.008636,2.28,4.6615,0.00225,31.8,23.766735,86.418658
2026-06-14 17:00:00,N09,0.167,0.007208,6.52,4.6632,0.002466,30.0,23.766735,86.418658
2026-06-14 18:00:00,N09,,,,,,,23.766735,86.418658
2026-06-14 19:00:00,N09,,,,,,,23.766735,86.418658
2026-06-14 20:00:00,N09,,,,,,,23.766735,86.418658
2026-06-14 21:00:00,N09,,,,,,,23.766735,86.418658
2026-06-14 22:00:00,N09,,,,,,,23.766735,86.418658
2026-06-14 23:00:00,N09,-0.0757,0.005308,3.45,4.6797,0.00206,20.8,23.766735,86.418658
2026-06-15 00:00:00,N09,-0.0679,0.005044,8.95,4.6814,0.001894,23.2,23.766735,86.418658
2026-06-15 01:00:00,N09,,,,,,,23.766735,86.418658
2026-06-15 02:00:00,N09,,,,,,,23.766735,86.418658
2026-06-15 03:00:00,N09,,,,,,,23.766735,86.418658
2026-06-15 04:00:00,N09,,,,,,,23.766735,86.418658
2026-06-15 05:00:00,N09,-0.1959,0.006784,9.67,4.6916,0.002389,28.8,23.766735,86.418658
2026-06-15 06:00:00,N09,-0.2059,0.005393,8.5,4.6944,0.009183,30.7,23.766735,86.418658
2026-06-15 07:00:00,N09,-0.082,0.770893,41.9,4.71,0.002091,32.6,23.766735,86.418658
2026-06-15 08:00:00,N09,,,,,,,23.766735,86.418658
2026-06-15 09:00:00,N09,0.0176,0.787601,37.69,4.7152,0.00953,36.0,23.766735,86.418658
2026-06-15 10:00:00,N09,-0.292,0.7446,23.97,4.7177,0.004571,37.2,23.766735,86.418658
2026-06-15 11:00:00,N09,,,,,,,23.766735,86.418658
2026-06-15 12:00:00,N09,0.1578,0.006148,3.53,4.7081,0.002149,38.2,23.766735,86.418658
2026-06-15 13:00:00,N09,0.2684,0.010799,3.56,4.7103,0.001892,37.9,23.766735,86.418658
2026-06-15 14:00:00,N09,-0.127,0.00579,3.62,4.7119,0.001709,37.2,23.766735,86.418658
2026-06-15 15:00:00,N09,0.0608,0.007921,8.23,4.7137,0.007184,36.0,23.766735,86.418658
2026-06-15 16:00:00,N09,-0.2775,0.966018,30.74,4.7263,0.007855,34.4,23.766735,86.418658
2026-06-15 17:00:00,N09,0.2117,0.864643,33.1,4.7294,0.002958,32.6,23.766735,86.418658
2026-06-15 18:00:00,N09,-0.0638,0.006396,6.14,4.7204,0.003268,30.7,23.766735,86.418658
2026-06-15 19:00:00,N09,-0.0426,0.005933,5.04,4.7229,0.002294,28.8,23.766735,86.418658
2026-06-15 20:00:00,N09,-0.047,0.008576,6.08,4.725,0.002614,26.9,23.766735,86.418658
2026-06-15 21:00:00,N09,-0.175,0.006144,5.23,4.7281,0.00308,25.4,23.766735,86.418658
2026-06-15 22:00:00,N09,-0.2576,0.005505,8.51,4.7311,0.002518,24.2,23.766735,86.418658
2026-06-15 23:00:00,N09,-0.2387,0.007306,1.91,4.7332,0.002377,23.4,23.766735,86.418658
2026-06-16 00:00:00,N09,-0.3895,0.008003,6.79,4.7359,0.002458,23.5,23.766735,86.418658
2026-06-16 01:00:00,N09,0.0025,0.006345,8.22,4.7381,0.002681,23.7,23.766735,86.418658
2026-06-16 02:00:00,N09,-0.0864,0.006672,8.68,4.7412,0.002919,24.5,23.766735,86.418658
2026-06-16 03:00:00,N09,0.0026,0.005724,5.14,4.7439,0.002484,25.7,23.766735,86.418658
2026-06-16 04:00:00,N09,0.1587,0.007097,6.71,4.7462,0.002351,27.2,23.766735,86.418658
2026-06-16 05:00:00,N09,,,,,,,23.766735,86.418658
2026-06-16 06:00:00,N09,,,,,,,23.766735,86.418658
2026-06-16 07:00:00,N09,,,,,,,23.766735,86.418658
2026-06-16 08:00:00,N09,,,,,,,23.766735,86.418658
2026-06-16 09:00:00,N09,,,,,,,23.766735,86.418658
2026-06-16 10:00:00,N09,-0.0931,0.006163,5.31,4.7643,0.007274,37.4,23.766735,86.418658
2026-06-16 11:00:00,N09,,,,,,,23.766735,86.418658
2026-06-16 12:00:00,N09,,,,,,,23.766735,86.418658
2026-06-16 13:00:00,N09,,,,,,,23.766735,86.418658
2026-06-16 14:00:00,N09,,,,,,,23.766735,86.418658
2026-06-16 15:00:00,N09,0.0266,0.006891,5.3,4.775,0.007875,36.3,23.766735,86.418658
2026-06-16 16:00:00,N09,,,,,,,23.766735,86.418658
2026-06-16 17:00:00,N09,,,,,,,23.766735,86.418658
2026-06-16 18:00:00,N09,,,,,,,23.766735,86.418658
2026-06-16 19:00:00,N09,,,,,,,23.766735,86.418658
2026-06-16 20:00:00,N09,,,,,,,23.766735,86.418658
2026-06-16 21:00:00,N09,0.0519,0.006828,2.14,4.7896,0.002167,25.7,23.766735,86.418658
2026-06-16 22:00:00,N09,0.0743,0.005154,5.54,4.792,0.002749,24.5,23.766735,86.418658
2026-06-16 23:00:00,N09,,,,,,,23.766735,86.418658
2026-06-17 00:00:00,N09,,,,,,,23.766735,86.418658
2026-06-17 01:00:00,N09,,,,,,,23.766735,86.418658
2026-06-17 02:00:00,N09,,,,,,,23.766735,86.418658
2026-06-17 03:00:00,N09,0.0874,0.005858,3.33,4.803,0.002242,27.6,23.766735,86.418658
2026-06-17 04:00:00,N09,-0.1076,0.006485,6.78,4.8057,0.00234,29.2,23.766735,86.418658
2026-06-17 05:00:00,N09,-0.0164,0.007652,7.64,4.8077,0.001987,31.0,23.766735,86.418658
2026-06-17 06:00:00,N09,0.093,0.006874,9.11,4.8097,0.002092,32.9,23.766735,86.418658
2026-06-17 07:00:00,N09,0.2424,0.005359,1.14,4.8118,0.002234,34.9,23.766735,86.418658
2026-06-17 08:00:00,N09,0.0894,0.006626,9.88,4.8141,0.002272,36.7,23.766735,86.418658
2026-06-17 09:00:00,N09,,,,,,,23.766735,86.418658
2026-06-17 10:00:00,N09,,,,,,,23.766735,86.418658
2026-06-17 11:00:00,N09,,,,,,,23.766735,86.418658
2026-06-17 12:00:00,N09,,,,,,,23.766735,86.418658
2026-06-17 13:00:00,N09,,,,,,,23.766735,86.418658
2026-06-17 14:00:00,N09,-0.149,0.007956,2.04,4.8257,0.00253,39.4,23.766735,86.418658
2026-06-17 15:00:00,N09,0.0568,0.00606,4.19,4.8282,0.002059,38.2,23.766735,86.418658
2026-06-17 16:00:00,N09,0.08,0.005745,3.34,4.8298,0.002163,36.7,23.766735,86.418658
2026-06-17 17:00:00,N09,-0.0832,0.005605,4.25,4.8325,0.002228,34.9,23.766735,86.418658
2026-06-17 18:00:00,N09,-0.2127,0.006508,4.05,4.8343,0.002141,32.9,23.766735,86.418658
2026-06-17 19:00:00,N09,0.0106,0.005298,1.53,4.8368,0.001994,31.0,23.766735,86.418658
2026-06-17 20:00:00,N09,0.0604,0.010744,5.63,4.8382,0.001602,29.2,23.766735,86.418658
2026-06-17 21:00:00,N09,-0.2481,0.009342,1.27,4.84,0.001549,27.6,23.766735,86.418658
2026-06-17 22:00:00,N09,-0.0353,0.00742,8.25,4.8413,0.00193,26.4,23.766735,86.418658
2026-06-17 23:00:00,N09,0.1184,0.005405,7.48,4.8438,0.002404,25.7,23.766735,86.418658
2026-06-18 00:00:00,N09,0.2781,0.005325,6.28,4.8462,0.002054,23.3,23.766735,86.418658
2026-06-18 01:00:00,N09,-0.0718,0.00855,8.28,4.8479,0.002018,23.5,23.766735,86.418658
2026-06-18 02:00:00,N09,,,,,,,23.766735,86.418658
2026-06-18 03:00:00,N09,-0.0182,0.006356,3.23,4.8523,0.002232,25.5,23.766735,86.418658
2026-06-18 04:00:00,N09,-0.1915,0.006046,3.16,4.8547,0.00205,27.0,23.766735,86.418658
2026-06-18 05:00:00,N09,,,,,,,23.766735,86.418658
2026-06-18 06:00:00,N09,,,,,,,23.766735,86.418658
2026-06-18 07:00:00,N09,,,,,,,23.766735,86.418658
2026-06-18 08:00:00,N09,,,,,,,23.766735,86.418658
2026-06-18 09:00:00,N09,,,,,,,23.766735,86.418658
2026-06-18 10:00:00,N09,,,,,,,23.766735,86.418658
2026-06-18 11:00:00,N09,,,,,,,23.766735,86.418658
2026-06-18 12:00:00,N09,,,,,,,23.766735,86.418658
2026-06-18 13:00:00,N09,,,,,,,23.766735,86.418658
2026-06-18 14:00:00,N09,-0.058,0.005985,6.22,4.877,0.00226,37.3,23.766735,86.418658
2026-06-18 15:00:00,N09,-0.1041,0.006839,1.93,4.8788,0.002212,36.1,23.766735,86.418658
2026-06-18 16:00:00,N09,-0.0632,0.008467,4.28,4.8814,0.002326,34.5,23.766735,86.418658
2026-06-18 17:00:00,N09,0.0023,0.005143,2.26,4.8834,0.001627,32.7,23.766735,86.418658
2026-06-18 18:00:00,N09,0.0168,0.006057,6.0,4.8847,0.001741,30.8,23.766735,86.418658
2026-06-18 19:00:00,N09,0.0998,0.005462,1.38,4.8869,0.002461,28.8,23.766735,86.418658
2026-06-18 20:00:00,N09,0.1088,0.005167,2.21,4.8896,0.002253,27.0,23.766735,86.418658
2026-06-18 21:00:00,N09,-0.028,0.007562,9.92,4.8914,0.002311,25.5,23.766735,86.418658
2026-06-18 22:00:00,N09,-0.0525,0.005021,9.02,4.8942,0.002319,24.3,23.766735,86.418658
2026-06-18 23:00:00,N09,,,,,,,23.766735,86.418658
2026-06-19 00:00:00,N09,,,,,,,23.766735,86.418658
2026-06-19 01:00:00,N09,,,,,,,23.766735,86.418658
2026-06-19 02:00:00,N09,,,,,,,23.766735,86.418658
2026-06-19 03:00:00,N09,,,,,,,23.766735,86.418658
2026-06-19 04:00:00,N09,-0.2055,0.006716,2.62,4.9066,0.002013,25.6,23.766735,86.418658
2026-06-19 05:00:00,N09,0.0979,0.005364,3.25,4.9085,0.001957,27.4,23.766735,86.418658
2026-06-19 06:00:00,N09,0.0413,0.006565,9.47,4.9105,0.002095,29.4,23.766735,86.418658
2026-06-19 07:00:00,N09,0.1875,0.008836,4.41,4.9127,0.000685,31.3,23.766735,86.418658
2026-06-19 08:00:00,N09,0.1344,0.89796,33.5,4.9092,0.000893,33.1,23.766735,86.418658
2026-06-19 09:00:00,N09,,,,,,,23.766735,86.418658
2026-06-19 10:00:00,N09,,,,,,,23.766735,86.418658
2026-06-19 11:00:00,N09,0.0084,0.008978,6.92,4.9206,0.001782,36.6,23.766735,86.418658
2026-06-19 12:00:00,N09,,,,,,,23.766735,86.418658
2026-06-19 13:00:00,N09,,,,,,,23.766735,86.418658
2026-06-19 14:00:00,N09,,,,,,,23.766735,86.418658
2026-06-19 15:00:00,N09,0.3224,0.008033,8.13,4.9295,0.002563,34.7,23.766735,86.418658
2026-06-19 16:00:00,N09,0.1925,0.005843,5.68,4.9323,0.00259,33.1,23.766735,86.418658
2026-06-19 17:00:00,N09,0.0634,0.006527,5.95,4.9346,0.002102,31.3,23.766735,86.418658
2026-06-19 18:00:00,N09,0.2714,0.006492,2.58,4.9365,0.002075,29.4,23.766735,86.418658
2026-06-19 19:00:00,N09,-0.101,0.01103,7.01,4.9388,0.00189,27.4,23.766735,86.418658
2026-06-19 20:00:00,N09,,,,,,,23.766735,86.418658
2026-06-19 21:00:00,N09,,,,,,,23.766735,86.418658
2026-06-19 22:00:00,N09,,,,,,,23.766735,86.418658
2026-06-19 23:00:00,N09,,,,,,,23.766735,86.418658
2026-06-20 00:00:00,N09,0.0719,0.006475,7.12,4.9491,0.002341,23.6,23.766735,86.418658
2026-06-20 01:00:00,N09,-0.0642,0.005316,1.68,4.9517,0.002589,23.9,23.766735,86.418658
2026-06-20 02:00:00,N09,-0.0952,0.009227,3.82,4.9543,0.002801,24.6,23.766735,86.418658
2026-06-20 03:00:00,N09,-0.0451,0.007066,7.26,4.9573,0.002797,25.8,23.766735,86.418658
2026-06-20 04:00:00,N09,,,,,,,23.766735,86.418658
2026-06-20 05:00:00,N09,,,,,,,23.766735,86.418658
2026-06-20 06:00:00,N09,,,,,,,23.766735,86.418658
2026-06-20 07:00:00,N09,-0.0063,0.006639,7.5,4.9672,0.002517,33.0,23.766735,86.418658
2026-06-20 08:00:00,N09,0.1165,0.006714,5.59,4.97,0.002745,34.8,23.766735,86.418658
2026-06-20 09:00:00,N09,0.052,0.006965,3.13,4.9727,0.002124,36.4,23.766735,86.418658
2026-06-20 10:00:00,N09,0.0588,0.005369,4.58,4.9743,0.001698,37.6,23.766735,86.418658
2026-06-20 11:00:00,N09,-0.0467,0.008681,5.25,4.9761,0.010995,38.3,23.766735,86.418658
2026-06-20 12:00:00,N09,-0.1418,0.551158,47.71,4.9963,0.002093,38.6,23.766735,86.418658
2026-06-20 13:00:00,N09,-0.1416,0.0067,2.44,4.9803,0.006739,38.3,23.766735,86.418658
2026-06-20 14:00:00,N09,-0.1562,0.005974,4.18,4.9828,0.002019,37.6,23.766735,86.418658
2026-06-20 15:00:00,N09,,,,,,,23.766735,86.418658
2026-06-20 16:00:00,N09,,,,,,,23.766735,86.418658
2026-06-20 17:00:00,N09,,,,,,,23.766735,86.418658
2026-06-20 18:00:00,N09,,,,,,,23.766735,86.418658
2026-06-20 19:00:00,N09,0.2982,0.006154,7.41,4.9929,0.005617,29.2,23.766735,86.418658
2026-06-20 20:00:00,N09,-0.1298,0.009062,6.94,4.9941,0.00128,27.3,23.766735,86.418658
2026-06-20 21:00:00,N09,0.2146,0.006119,5.76,4.9954,0.002061,25.8,23.766735,86.418658
2026-06-20 22:00:00,N09,-0.0063,0.005258,1.44,4.9982,0.001794,24.6,23.766735,86.418658
2026-06-20 23:00:00,N09,-0.3032,0.008682,6.55,4.999,0.00135,23.9,23.766735,86.418658
2026-06-21 00:00:00,N09,-0.0794,0.005035,1.72,5.0009,0.002036,28.2,23.766735,86.418658
2026-06-21 01:00:00,N09,-0.4134,0.005509,4.8,5.0031,0.002264,28.5,23.766735,86.418658
2026-06-21 02:00:00,N09,0.0314,0.005544,8.07,5.0054,0.002298,29.3,23.766735,86.418658
2026-06-21 03:00:00,N09,,,,,,,23.766735,86.418658
2026-06-21 04:00:00,N09,,,,,,,23.766735,86.418658
2026-06-21 05:00:00,N09,,,,,,,23.766735,86.418658
2026-06-21 06:00:00,N09,,,,,,,23.766735,86.418658
2026-06-21 07:00:00,N09,-0.0339,0.870505,49.56,5.0273,0.008015,37.7,23.766735,86.418658
2026-06-21 08:00:00,N09,0.0899,0.619206,17.09,5.0296,0.004053,39.5,23.766735,86.418658
2026-06-21 09:00:00,N09,-0.0668,0.005283,3.27,5.0192,0.004245,41.1,23.766735,86.418658
2026-06-21 10:00:00,N09,-0.1477,0.006532,8.35,5.0211,0.001819,42.2,23.766735,86.418658
2026-06-21 11:00:00,N09,-0.1607,0.006746,1.52,5.0228,0.00181,43.0,23.766735,86.418658
2026-06-21 12:00:00,N09,-0.0362,0.005407,4.78,5.0247,0.002104,43.2,23.766735,86.418658
2026-06-21 13:00:00,N09,-0.0616,0.009586,3.44,5.0271,0.001842,43.0,23.766735,86.418658
2026-06-21 14:00:00,N09,-0.0638,0.006107,6.54,5.0284,0.001878,42.2,23.766735,86.418658
2026-06-21 15:00:00,N09,-0.0527,0.006515,7.64,5.0308,0.001995,41.1,23.766735,86.418658
2026-06-21 16:00:00,N09,-0.201,0.006495,7.81,5.0324,0.001732,39.5,23.766735,86.418658
2026-06-21 17:00:00,N09,0.0376,0.005905,2.97,5.0343,0.001757,37.7,23.766735,86.418658
2026-06-21 18:00:00,N09,,,,,,,23.766735,86.418658
2026-06-21 19:00:00,N09,,,,,,,23.766735,86.418658
2026-06-21 20:00:00,N09,,,,,,,23.766735,86.418658
2026-06-21 21:00:00,N09,,,,,,,23.766735,86.418658
2026-06-21 22:00:00,N09,-0.0749,0.008803,3.28,5.0443,0.002725,29.3,23.766735,86.418658
2026-06-21 23:00:00,N09,0.1928,0.006486,9.96,5.047,0.002516,28.5,23.766735,86.418658
2026-06-22 00:00:00,N09,-0.184,0.005947,8.24,5.0493,0.001761,21.4,23.766735,86.418658
2026-06-22 01:00:00,N09,-0.1016,0.00708,1.76,5.0506,0.001594,21.7,23.766735,86.418658
2026-06-22 02:00:00,N09,0.1139,0.007805,9.32,5.0525,0.001978,22.4,23.766735,86.418658
2026-06-22 03:00:00,N09,0.0961,0.005611,4.65,5.0545,0.001901,23.6,23.766735,86.418658
2026-06-22 04:00:00,N09,0.0471,0.006834,8.41,5.0563,0.001961,25.1,23.766735,86.418658
2026-06-22 05:00:00,N09,0.0534,0.005465,9.57,5.0584,0.007214,27.0,23.766735,86.418658
2026-06-22 06:00:00,N09,-0.136,0.702742,32.5,5.0707,0.00705,28.9,23.766735,86.418658
2026-06-22 07:00:00,N09,-0.2359,0.881029,22.79,5.0725,0.002807,30.8,23.766735,86.418658
2026-06-22 08:00:00,N09,0.0287,0.0074,4.12,5.0651,0.003213,32.6,23.766735,86.418658
2026-06-22 09:00:00,N09,-0.0047,0.006349,2.52,5.0661,0.00178,34.2,23.766735,86.418658
2026-06-22 10:00:00,N09,,,,,,,23.766735,86.418658
2026-06-22 11:00:00,N09,,,,,,,23.766735,86.418658
2026-06-22 12:00:00,N09,,,,,,,23.766735,86.418658
2026-06-22 13:00:00,N09,,,,,,,23.766735,86.418658
2026-06-22 14:00:00,N09,0.1114,0.008222,9.09,5.0773,0.002026,35.4,23.766735,86.418658
2026-06-22 15:00:00,N09,0.329,0.005663,6.08,5.0796,0.002236,34.2,23.766735,86.418658
2026-06-22 16:00:00,N09,-0.0443,0.006453,4.0,5.0817,0.001928,32.6,23.766735,86.418658
2026-06-22 17:00:00,N09,-0.0537,0.005058,8.21,5.0835,0.001867,30.8,23.766735,86.418658
2026-06-22 18:00:00,N09,-0.1613,0.006128,2.64,5.0855,0.001963,28.9,23.766735,86.418658
2026-06-22 19:00:00,N09,,,,,,,23.766735,86.418658
2026-06-22 20:00:00,N09,,,,,,,23.766735,86.418658
2026-06-22 21:00:00,N09,,,,,,,23.766735,86.418658
2026-06-22 22:00:00,N09,,,,,,,23.766735,86.418658
2026-06-22 23:00:00,N09,,,,,,,23.766735,86.418658
2026-06-23 00:00:00,N09,,,,,,,23.766735,86.418658
2026-06-23 01:00:00,N09,,,,,,,23.766735,86.418658
2026-06-23 02:00:00,N09,,,,,,,23.766735,86.418658
2026-06-23 03:00:00,N09,,,,,,,23.766735,86.418658
2026-06-23 04:00:00,N09,,,,,,,23.766735,86.418658
2026-06-23 05:00:00,N09,-0.1068,0.005731,9.08,5.1057,0.00572,26.0,23.766735,86.418658
2026-06-23 06:00:00,N09,-0.2389,0.968137,35.17,5.1148,0.00232,27.9,23.766735,86.418658
2026-06-23 07:00:00,N09,-0.2313,0.009479,4.87,5.1103,0.00157,29.9,23.766735,86.418658
2026-06-23 08:00:00,N09,-0.1798,0.006527,5.7,5.1116,0.001784,31.7,23.766735,86.418658
2026-06-23 09:00:00,N09,-0.1111,0.007697,2.32,5.1139,0.00188,33.2,23.766735,86.418658
2026-06-23 10:00:00,N09,,,,,,,23.766735,86.418658
2026-06-23 11:00:00,N09,0.0598,0.007108,6.06,5.1165,0.001432,35.2,23.766735,86.418658
2026-06-23 12:00:00,N09,0.1813,0.005135,8.19,5.1183,0.002022,35.4,23.766735,86.418658
2026-06-23 13:00:00,N09,-0.0635,0.006551,7.21,5.1206,0.002051,35.2,23.766735,86.418658
2026-06-23 14:00:00,N09,0.0137,0.005276,8.7,5.1224,0.001439,34.4,23.766735,86.418658
2026-06-23 15:00:00,N09,0.1585,0.007686,6.34,5.1235,0.002028,33.2,23.766735,86.418658
2026-06-23 16:00:00,N09,-0.2739,0.006048,6.17,5.1264,0.00247,31.7,23.766735,86.418658
2026-06-23 17:00:00,N09,-0.14,0.005643,7.86,5.1284,0.002189,29.9,23.766735,86.418658
2026-06-23 18:00:00,N09,-0.1287,0.006188,8.5,5.1308,0.002311,27.9,23.766735,86.418658
2026-06-23 19:00:00,N09,-0.2121,0.007216,3.47,5.133,0.002144,26.0,23.766735,86.418658
2026-06-23 20:00:00,N09,-0.0304,0.00651,2.99,5.1351,0.001922,24.2,23.766735,86.418658
2026-06-23 21:00:00,N09,-0.0561,0.006524,7.77,5.1369,0.001692,22.6,23.766735,86.418658
2026-06-23 22:00:00,N09,-0.06,0.005156,4.85,5.1385,0.001903,21.5,23.766735,86.418658
2026-06-23 23:00:00,N09,,,,,,,23.766735,86.418658
2026-06-24 00:00:00,N09,,,,,,,23.766735,86.418658
2026-06-24 01:00:00,N09,,,,,,,23.766735,86.418658
2026-06-24 02:00:00,N09,,,,,,,23.766735,86.418658
2026-06-24 03:00:00,N09,-0.1852,0.0062,5.0,5.15,0.002165,25.5,23.766735,86.418658
2026-06-24 04:00:00,N09,,,,,,,23.766735,86.418658
2026-06-24 05:00:00,N09,,,,,,,23.766735,86.418658
2026-06-24 06:00:00,N09,,,,,,,23.766735,86.418658
2026-06-24 07:00:00,N09,,,,,,,23.766735,86.418658
2026-06-24 08:00:00,N09,,,,,,,23.766735,86.418658
2026-06-24 09:00:00,N09,-0.0463,0.005945,5.85,5.1622,0.002003,36.1,23.766735,86.418658
2026-06-24 10:00:00,N09,0.1771,0.005397,3.51,5.1644,0.001844,37.3,23.766735,86.418658
2026-06-24 11:00:00,N09,0.0293,0.006379,5.98,5.1659,0.001738,38.0,23.766735,86.418658
2026-06-24 12:00:00,N09,0.0493,0.006349,3.71,5.1679,0.002038,38.3,23.766735,86.418658
2026-06-24 13:00:00,N09,,,,,,,23.766735,86.418658
2026-06-24 14:00:00,N09,,,,,,,23.766735,86.418658
2026-06-24 15:00:00,N09,,,,,,,23.766735,86.418658
2026-06-24 16:00:00,N09,,,,,,,23.766735,86.418658
2026-06-24 17:00:00,N09,0.1798,0.801564,39.43,5.1584,0.002787,32.7,23.766735,86.418658
2026-06-24 18:00:00,N09,0.0243,0.007007,9.34,5.1798,0.011554,30.8,23.766735,86.418658
2026-06-24 19:00:00,N09,,,,,,,23.766735,86.418658
2026-06-24 20:00:00,N09,,,,,,,23.766735,86.418658
2026-06-24 21:00:00,N09,,,,,,,23.766735,86.418658
2026-06-24 22:00:00,N09,-0.4052,0.005422,1.62,5.1866,0.001504,24.3,23.766735,86.418658
2026-06-24 23:00:00,N09,-0.0276,0.006807,7.77,5.1884,0.00188,23.5,23.766735,86.418658
2026-06-25 00:00:00,N09,0.2094,0.005213,5.79,5.1904,0.002246,21.8,23.766735,86.418658
2026-06-25 01:00:00,N09,,,,,,,23.766735,86.418658
2026-06-25 02:00:00,N09,,,,,,,23.766735,86.418658
2026-06-25 03:00:00,N09,,,,,,,23.766735,86.418658
2026-06-25 04:00:00,N09,,,,,,,23.766735,86.418658
2026-06-25 05:00:00,N09,,,,,,,23.766735,86.418658
2026-06-25 06:00:00,N09,-0.296,0.778872,18.44,5.2074,0.002301,29.3,23.766735,86.418658
2026-06-25 07:00:00,N09,,,,,,,23.766735,86.418658
2026-06-25 08:00:00,N09,,,,,,,23.766735,86.418658
2026-06-25 09:00:00,N09,,,,,,,23.766735,86.418658
2026-06-25 10:00:00,N09,,,,,,,23.766735,86.418658
2026-06-25 11:00:00,N09,0.0735,0.007644,2.15,5.2133,0.006811,36.5,23.766735,86.418658
2026-06-25 12:00:00,N09,-0.5076,0.795583,35.66,5.1973,0.001468,36.8,23.766735,86.418658
2026-06-25 13:00:00,N09,0.2151,0.005418,8.03,5.2162,0.010126,36.5,23.766735,86.418658
2026-06-25 14:00:00,N09,-0.24,0.006285,8.21,5.2176,0.001804,35.8,23.766735,86.418658
2026-06-25 15:00:00,N09,0.1342,0.006353,5.1,5.2198,0.005928,34.6,23.766735,86.418658
2026-06-25 16:00:00,N09,-0.0064,0.928111,36.58,5.2057,0.00217,33.0,23.766735,86.418658
2026-06-25 17:00:00,N09,0.0147,0.007558,8.04,5.2242,0.010071,31.2,23.766735,86.418658
2026-06-25 18:00:00,N09,,,,,,,23.766735,86.418658
2026-06-25 19:00:00,N09,,,,,,,23.766735,86.418658
2026-06-25 20:00:00,N09,,,,,,,23.766735,86.418658
2026-06-25 21:00:00,N09,,,,,,,23.766735,86.418658
2026-06-25 22:00:00,N09,0.159,0.006333,9.16,5.2327,0.00215,22.8,23.766735,86.418658
2026-06-25 23:00:00,N09,0.0834,0.006513,9.3,5.235,0.002147,22.0,23.766735,86.418658
2026-06-26 00:00:00,N09,0.4313,0.00735,8.7,5.237,0.001987,25.7,23.766735,86.418658
2026-06-26 01:00:00,N09,-0.0799,0.006289,7.76,5.239,0.001745,25.9,23.766735,86.418658
2026-06-26 02:00:00,N09,-0.093,0.006178,4.8,5.2405,0.001811,26.7,23.766735,86.418658
2026-06-26 03:00:00,N09,0.1019,0.006413,1.22,5.2426,0.001624,27.9,23.766735,86.418658
2026-06-26 04:00:00,N09,0.0603,0.006339,1.63,5.2437,0.002193,29.4,23.766735,86.418658
2026-06-26 05:00:00,N09,0.0388,0.007161,5.96,5.247,0.002976,31.2,23.766735,86.418658
2026-06-26 06:00:00,N09,-0.1995,0.005265,2.24,5.2497,0.002149,33.2,23.766735,86.418658
2026-06-26 07:00:00,N09,-0.0624,0.005302,8.76,5.2513,0.001738,35.1,23.766735,86.418658
2026-06-26 08:00:00,N09,-0.1618,0.007371,6.12,5.2532,0.001814,36.9,23.766735,86.418658
2026-06-26 09:00:00,N09,,,,,,,23.766735,86.418658
2026-06-26 10:00:00,N09,,,,,,,23.766735,86.418658
2026-06-26 11:00:00,N09,,,,,,,23.766735,86.418658
2026-06-26 12:00:00,N09,,,,,,,23.766735,86.418658
2026-06-26 13:00:00,N09,,,,,,,23.766735,86.418658
2026-06-26 14:00:00,N09,,,,,,,23.766735,86.418658
2026-06-26 15:00:00,N09,,,,,,,23.766735,86.418658
2026-06-26 16:00:00,N09,,,,,,,23.766735,86.418658
2026-06-26 17:00:00,N09,,,,,,,23.766735,86.418658
2026-06-26 18:00:00,N09,,,,,,,23.766735,86.418658
2026-06-26 19:00:00,N09,0.0115,0.006841,5.73,5.2739,0.002003,31.2,23.766735,86.418658
2026-06-26 20:00:00,N09,0.0268,0.00833,8.63,5.2763,0.002296,29.4,23.766735,86.418658
2026-06-26 21:00:00,N09,-0.1551,0.006957,2.52,5.2785,0.00226,27.9,23.766735,86.418658
2026-06-26 22:00:00,N09,0.1414,0.008096,3.46,5.2808,0.001934,26.7,23.766735,86.418658
2026-06-26 23:00:00,N09,0.002,0.009027,6.56,5.2824,0.001913,25.9,23.766735,86.418658
2026-06-27 00:00:00,N09,,,,,,,23.766735,86.418658
2026-06-27 01:00:00,N09,-0.4298,0.006874,1.86,5.2858,0.001628,27.0,23.766735,86.418658
2026-06-27 02:00:00,N09,-0.2689,0.008253,1.53,5.2879,0.002048,27.7,23.766735,86.418658
2026-06-27 03:00:00,N09,0.2033,0.005245,1.46,5.2899,0.001827,28.9,23.766735,86.418658
2026-06-27 04:00:00,N09,0.2342,0.005265,8.82,5.2915,0.001554,30.4,23.766735,86.418658
2026-06-27 05:00:00,N09,0.0463,0.006152,8.02,5.293,0.00137,32.3,23.766735,86.418658
2026-06-27 06:00:00,N09,0.1861,0.00674,4.15,5.2943,0.007583,34.2,23.766735,86.418658
2026-06-27 07:00:00,N09,,,,,,,23.766735,86.418658
2026-06-27 08:00:00,N09,,,,,,,23.766735,86.418658
2026-06-27 09:00:00,N09,,,,,,,23.766735,86.418658
2026-06-27 10:00:00,N09,0.0804,0.74914,25.65,5.2883,0.0087,40.7,23.766735,86.418658
2026-06-27 11:00:00,N09,0.0568,0.008133,8.88,5.3034,0.008261,41.4,23.766735,86.418658
2026-06-27 12:00:00,N09,0.0037,0.008456,8.1,5.3048,0.001179,41.7,23.766735,86.418658
2026-06-27 13:00:00,N09,-0.0126,0.007199,1.23,5.3058,0.001661,41.4,23.766735,86.418658
2026-06-27 14:00:00,N09,-0.0521,0.006518,9.28,5.3082,0.002233,40.7,23.766735,86.418658
2026-06-27 15:00:00,N09,-0.0029,0.006786,3.83,5.3103,0.00211,39.5,23.766735,86.418658
2026-06-27 16:00:00,N09,0.0095,0.006089,3.0,5.3124,0.001124,37.9,23.766735,86.418658
2026-06-27 17:00:00,N09,,,,,,,23.766735,86.418658
2026-06-27 18:00:00,N09,,,,,,,23.766735,86.418658
2026-06-27 19:00:00,N09,,,,,,,23.766735,86.418658
2026-06-27 20:00:00,N09,,,,,,,23.766735,86.418658
2026-06-27 21:00:00,N09,0.2305,0.005952,2.35,5.32,0.002277,28.9,23.766735,86.418658
2026-06-27 22:00:00,N09,-0.1733,0.007884,4.61,5.3217,0.001397,27.7,23.766735,86.418658
2026-06-27 23:00:00,N09,-0.1029,0.005986,7.94,5.3228,0.001253,27.0,23.766735,86.418658
2026-06-28 00:00:00,N09,-0.0866,0.005216,3.68,5.3242,0.001826,25.8,23.766735,86.418658
2026-06-28 01:00:00,N09,0.2031,0.006844,4.33,5.3265,0.002272,26.1,23.766735,86.418658
2026-06-28 02:00:00,N09,,,,,,,23.766735,86.418658
2026-06-28 03:00:00,N09,,,,,,,23.766735,86.418658
2026-06-28 04:00:00,N09,,,,,,,23.766735,86.418658
2026-06-28 05:00:00,N09,,,,,,,23.766735,86.418658
2026-06-28 06:00:00,N09,-0.0611,0.006823,6.03,5.3359,0.009667,33.3,23.766735,86.418658
2026-06-28 07:00:00,N09,-0.1234,0.861281,24.51,5.3537,0.001596,35.3,23.766735,86.418658
2026-06-28 08:00:00,N09,,,,,,,23.766735,86.418658
2026-06-28 09:00:00,N09,-0.0952,0.00741,8.31,5.3412,0.001557,38.6,23.766735,86.418658
2026-06-28 10:00:00,N09,-0.0059,0.005949,1.11,5.3422,0.005995,39.8,23.766735,86.418658
2026-06-28 11:00:00,N09,0.0264,0.940134,46.9,5.3292,0.005815,40.6,23.766735,86.418658
2026-06-28 12:00:00,N09,,,,,,,23.766735,86.418658
2026-06-28 13:00:00,N09,-0.0638,0.011196,4.13,5.3483,0.009263,40.6,23.766735,86.418658
2026-06-28 14:00:00,N09,,,,,,,23.766735,86.418658
2026-06-28 15:00:00,N09,,,,,,,23.766735,86.418658
2026-06-28 16:00:00,N09,,,,,,,23.766735,86.418658
2026-06-28 17:00:00,N09,,,,,,,23.766735,86.418658
2026-06-28 18:00:00,N09,-0.059,0.006077,9.47,5.3562,0.005462,33.3,23.766735,86.418658
2026-06-28 19:00:00,N09,,,,,,,23.766735,86.418658
2026-06-28 20:00:00,N09,,,,,,,23.766735,86.418658
2026-06-28 21:00:00,N09,,,,,,,23.766735,86.418658
2026-06-28 22:00:00,N09,,,,,,,23.766735,86.418658
2026-06-28 23:00:00,N09,,,,,,,23.766735,86.418658
2026-06-29 00:00:00,N09,0.2293,0.006637,1.75,5.3673,0.001459,23.0,23.766735,86.418658
2026-06-29 01:00:00,N09,,,,,,,23.766735,86.418658
2026-06-29 02:00:00,N09,,,,,,,23.766735,86.418658
2026-06-29 03:00:00,N09,,,,,,,23.766735,86.418658
2026-06-29 04:00:00,N09,,,,,,,23.766735,86.418658
2026-06-29 05:00:00,N09,0.0797,0.005444,4.87,5.3775,0.005435,28.6,23.766735,86.418658
2026-06-29 06:00:00,N09,,,,,,,23.766735,86.418658
2026-06-29 07:00:00,N09,,,,,,,23.766735,86.418658
2026-06-29 08:00:00,N09,,,,,,,23.766735,86.418658
2026-06-29 09:00:00,N09,,,,,,,23.766735,86.418658
2026-06-29 10:00:00,N09,,,,,,,23.766735,86.418658
2026-06-29 11:00:00,N09,,,,,,,23.766735,86.418658
2026-06-29 12:00:00,N09,,,,,,,23.766735,86.418658
2026-06-29 13:00:00,N09,,,,,,,23.766735,86.418658
2026-06-29 14:00:00,N09,,,,,,,23.766735,86.418658
2026-06-29 15:00:00,N09,,,,,,,23.766735,86.418658
2026-06-29 16:00:00,N09,,,,,,,23.766735,86.418658
2026-06-29 17:00:00,N09,,,,,,,23.766735,86.418658
2026-06-29 18:00:00,N09,-0.1751,0.007453,8.5,5.3993,0.008295,30.5,23.766735,86.418658
2026-06-29 19:00:00,N09,0.2981,0.008199,8.36,5.4012,0.00179,28.6,23.766735,86.418658
2026-06-29 20:00:00,N09,0.0213,0.006925,9.26,5.4028,0.002161,26.8,23.766735,86.418658
2026-06-29 21:00:00,N09,,,,,,,23.766735,86.418658
2026-06-29 22:00:00,N09,,,,,,,23.766735,86.418658
2026-06-29 23:00:00,N09,,,,,,,23.766735,86.418658
2026-06-30 00:00:00,N09,,,,,,,23.766735,86.418658
2026-06-30 01:00:00,N09,,,,,,,23.766735,86.418658
2026-06-30 02:00:00,N09,0.0894,0.0061,2.65,5.4142,0.001917,23.3,23.766735,86.418658
2026-06-30 03:00:00,N09,0.0922,0.007384,9.51,5.4162,0.001592,24.5,23.766735,86.418658
2026-06-30 04:00:00,N09,0.001,0.007059,2.34,5.4174,0.001385,26.0,23.766735,86.418658
2026-06-30 05:00:00,N09,0.1328,0.00558,6.24,5.419,0.001487,27.8,23.766735,86.418658
2026-06-30 06:00:00,N09,-0.0536,0.006463,9.77,5.4204,0.006254,29.8,23.766735,86.418658
2026-06-30 07:00:00,N09,0.0002,0.589515,22.51,5.4315,0.006565,31.7,23.766735,86.418658
2026-06-30 08:00:00,N09,0.0059,0.674969,45.68,5.4335,0.002532,33.5,23.766735,86.418658
2026-06-30 09:00:00,N09,-0.0004,0.008304,7.58,5.4264,0.002712,35.1,23.766735,86.418658
2026-06-30 10:00:00,N09,0.0714,0.010432,1.96,5.4281,0.001638,36.3,23.766735,86.418658
2026-06-30 11:00:00,N09,-0.0805,0.006041,8.48,5.4297,0.002048,37.0,23.766735,86.418658
2026-06-30 12:00:00,N09,-0.3301,0.007365,5.51,5.4322,0.002452,37.3,23.766735,86.418658
2026-06-30 13:00:00,N09,-0.177,0.005641,9.49,5.4346,0.002316,37.0,23.766735,86.418658
2026-06-30 14:00:00,N09,-0.0485,0.009471,7.83,5.4368,0.00175,36.3,23.766735,86.418658
2026-06-30 15:00:00,N09,0.3136,0.006722,9.21,5.4381,0.001711,35.1,23.766735,86.418658
2026-06-30 16:00:00,N09,0.2202,0.007114,6.51,5.4402,0.001958,33.5,23.766735,86.418658
2026-06-30 17:00:00,N09,-0.2661,0.008966,8.53,5.442,0.001962,31.7,23.766735,86.418658
2026-06-30 18:00:00,N09,0.032,0.005559,8.22,5.4441,0.001691,29.8,23.766735,86.418658
2026-06-30 19:00:00,N09,,,,,,,23.766735,86.418658
2026-06-30 20:00:00,N09,,,,,,,23.766735,86.418658
2026-06-30 21:00:00,N09,,,,,,,23.766735,86.418658
2026-06-30 22:00:00,N09,,,,,,,23.766735,86.418658
2026-06-30 23:00:00,N09,,,,,,,23.766735,86.418658
2026-07-01 00:00:00,N09,0.1668,0.008152,3.12,5.4541,0.002142,26.7,23.766735,86.418658
2026-07-01 01:00:00,N09,-0.2419,0.008416,8.54,5.4565,0.00239,26.9,23.766735,86.418658
2026-07-01 02:00:00,N09,-0.0107,0.007256,4.86,5.4589,0.002231,27.7,23.766735,86.418658
2026-07-01 03:00:00,N09,0.1634,0.006639,7.53,5.461,0.001703,28.9,23.766735,86.418658
2026-07-01 04:00:00,N09,-0.1544,0.00674,8.94,5.4623,0.001602,30.4,23.766735,86.418658
2026-07-01 05:00:00,N09,0.0472,0.007781,3.35,5.4642,0.002035,32.2,23.766735,86.418658
2026-07-01 06:00:00,N09,0.0794,0.005505,8.79,5.4663,0.001899,34.2,23.766735,86.418658
2026-07-01 07:00:00,N09,-0.4259,0.005799,8.86,5.468,0.001431,36.1,23.766735,86.418658
2026-07-01 08:00:00,N09,-0.1031,0.005369,8.34,5.4692,0.001606,37.9,23.766735,86.418658
2026-07-01 09:00:00,N09,0.0469,0.006277,3.75,5.4712,0.001831,39.5,23.766735,86.418658
2026-07-01 10:00:00,N09,,,,,,,23.766735,86.418658
2026-07-01 11:00:00,N09,,,,,,,23.766735,86.418658
2026-07-01 12:00:00,N09,,,,,,,23.766735,86.418658
2026-07-01 13:00:00,N09,,,,,,,23.766735,86.418658
2026-07-01 14:00:00,N09,,,,,,,23.766735,86.418658
2026-07-01 15:00:00,N09,0.0938,0.005133,5.58,5.479,0.008865,39.5,23.766735,86.418658
2026-07-01 16:00:00,N09,-0.1113,0.006284,4.79,5.4813,0.001852,37.9,23.766735,86.418658
2026-07-01 17:00:00,N09,-0.0922,0.005432,9.46,5.4827,0.001272,36.1,23.766735,86.418658
2026-07-01 18:00:00,N09,-0.0417,0.005966,9.2,5.4838,0.00125,34.2,23.766735,86.418658
2026-07-01 19:00:00,N09,-0.3254,0.00702,8.66,5.4852,0.001809,32.2,23.766735,86.418658
2026-07-01 20:00:00,N09,0.054,0.005661,9.99,5.4874,0.0019,30.4,23.766735,86.418658
2026-07-01 21:00:00,N09,,,,,,,23.766735,86.418658
2026-07-01 22:00:00,N09,,,,,,,23.766735,86.418658
2026-07-01 23:00:00,N09,,,,,,,23.766735,86.418658
2026-07-02 00:00:00,N09,,,,,,,23.766735,86.418658
2026-07-02 01:00:00,N09,-0.198,0.005317,5.25,5.4966,0.001882,24.3,23.766735,86.418658
2026-07-02 02:00:00,N09,,,,,,,23.766735,86.418658
2026-07-02 03:00:00,N09,,,,,,,23.766735,86.418658
2026-07-02 04:00:00,N09,,,,,,,23.766735,86.418658
2026-07-02 05:00:00,N09,,,,,,,23.766735,86.418658
2026-07-02 06:00:00,N09,,,,,,,23.766735,86.418658
2026-07-02 07:00:00,N09,,,,,,,23.766735,86.418658
2026-07-02 08:00:00,N09,,,,,,,23.766735,86.418658
2026-07-02 09:00:00,N09,-0.0418,0.00606,2.2,5.511,0.004002,36.8,23.766735,86.418658
2026-07-02 10:00:00,N09,,,,,,,23.766735,86.418658
2026-07-02 11:00:00,N09,-0.0505,0.005066,9.9,5.5131,0.001068,38.8,23.766735,86.418658
2026-07-02 12:00:00,N09,,,,,,,23.766735,86.418658
2026-07-02 13:00:00,N09,,,,,,,23.766735,86.418658
2026-07-02 14:00:00,N09,,,,,,,23.766735,86.418658
2026-07-02 15:00:00,N09,-0.1037,0.006148,4.8,5.5188,0.001467,36.8,23.766735,86.418658
2026-07-02 16:00:00,N09,0.0302,0.005567,5.58,5.5205,0.001712,35.3,23.766735,86.418658
2026-07-02 17:00:00,N09,0.0601,0.007159,5.36,5.5222,0.001636,33.5,23.766735,86.418658
2026-07-02 18:00:00,N09,-0.1408,0.005051,7.5,5.5238,0.001271,31.5,23.766735,86.418658
2026-07-02 19:00:00,N09,-0.2682,0.005562,5.92,5.5248,0.001596,29.6,23.766735,86.418658
2026-07-02 20:00:00,N09,,,,,,,23.766735,86.418658
2026-07-02 21:00:00,N09,,,,,,,23.766735,86.418658
2026-07-02 22:00:00,N09,,,,,,,23.766735,86.418658
2026-07-02 23:00:00,N09,-0.1064,0.009147,5.98,5.5317,0.00142,24.3,23.766735,86.418658
2026-07-03 00:00:00,N09,0.0856,0.005023,2.81,5.5328,0.001632,27.3,23.766735,86.418658
2026-07-03 01:00:00,N09,-0.1913,0.007381,6.26,5.535,0.001987,27.6,23.766735,86.418658
2026-07-03 02:00:00,N09,-0.0174,0.006007,9.42,5.5368,0.001633,28.3,23.766735,86.418658
2026-07-03 03:00:00,N09,-0.1487,0.005139,7.89,5.5383,0.002003,29.5,23.766735,86.418658
2026-07-03 04:00:00,N09,0.0452,0.005506,6.02,5.5408,0.002181,31.0,23.766735,86.418658
2026-07-03 05:00:00,N09,,,,,,,23.766735,86.418658
2026-07-03 06:00:00,N09,,,,,,,23.766735,86.418658
2026-07-03 07:00:00,N09,,,,,,,23.766735,86.418658
2026-07-03 08:00:00,N09,,,,,,,23.766735,86.418658
2026-07-03 09:00:00,N09,,,,,,,23.766735,86.418658
2026-07-03 10:00:00,N09,-0.051,0.00604,8.25,5.5503,0.00762,41.3,23.766735,86.418658
2026-07-03 11:00:00,N09,,,,,,,23.766735,86.418658
2026-07-03 12:00:00,N09,,,,,,,23.766735,86.418658
2026-07-03 13:00:00,N09,-0.0718,0.009511,2.68,5.5546,0.005233,42.0,23.766735,86.418658
2026-07-03 14:00:00,N09,0.116,0.006459,2.06,5.556,0.001177,41.3,23.766735,86.418658
2026-07-03 15:00:00,N09,-0.0003,0.007846,3.92,5.5569,0.001296,40.1,23.766735,86.418658
2026-07-03 16:00:00,N09,-0.2189,0.008838,9.61,5.5586,0.001482,38.5,23.766735,86.418658
2026-07-03 17:00:00,N09,-0.3299,0.007793,3.77,5.5599,0.001073,36.7,23.766735,86.418658
2026-07-03 18:00:00,N09,,,,,,,23.766735,86.418658
2026-07-03 19:00:00,N09,,,,,,,23.766735,86.418658
2026-07-03 20:00:00,N09,,,,,,,23.766735,86.418658
2026-07-03 21:00:00,N09,,,,,,,23.766735,86.418658
2026-07-03 22:00:00,N09,,,,,,,23.766735,86.418658
2026-07-03 23:00:00,N09,,,,,,,23.766735,86.418658
2026-07-04 00:00:00,N09,,,,,,,23.766735,86.418658
2026-07-04 01:00:00,N09,,,,,,,23.766735,86.418658
2026-07-04 02:00:00,N09,-0.2086,0.005025,4.42,5.5743,0.002228,24.9,23.766735,86.418658
2026-07-04 03:00:00,N09,,,,,,,23.766735,86.418658
2026-07-04 04:00:00,N09,,,,,,,23.766735,86.418658
2026-07-04 05:00:00,N09,0.0175,0.00573,1.14,5.5806,0.001875,29.5,23.766735,86.418658
2026-07-04 06:00:00,N09,-0.2659,0.005075,2.13,5.5825,0.001678,31.4,23.766735,86.418658
2026-07-04 07:00:00,N09,,,,,,,23.766735,86.418658
2026-07-04 08:00:00,N09,,,,,,,23.766735,86.418658
2026-07-04 09:00:00,N09,,,,,,,23.766735,86.418658
2026-07-04 10:00:00,N09,,,,,,,23.766735,86.418658
2026-07-04 11:00:00,N09,,,,,,,23.766735,86.418658
2026-07-04 12:00:00,N09,-0.0065,0.00516,6.07,5.5915,0.001935,38.9,23.766735,86.418658
2026-07-04 13:00:00,N09,0.1912,0.005028,4.91,5.5936,0.001394,38.7,23.766735,86.418658
2026-07-04 14:00:00,N09,-0.0905,0.006967,7.49,5.5943,0.001139,37.9,23.766735,86.418658
2026-07-04 15:00:00,N09,0.007,0.007354,5.09,5.5959,0.006545,36.7,23.766735,86.418658
2026-07-04 16:00:00,N09,0.0938,0.516683,43.94,5.6074,0.006569,35.2,23.766735,86.418658
2026-07-04 17:00:00,N09,-0.1158,0.728669,15.67,5.609,0.002883,33.4,23.766735,86.418658
2026-07-04 18:00:00,N09,,,,,,,23.766735,86.418658
2026-07-04 19:00:00,N09,,,,,,,23.766735,86.418658
2026-07-04 20:00:00,N09,,,,,,,23.766735,86.418658
2026-07-04 21:00:00,N09,,,,,,,23.766735,86.418658
2026-07-04 22:00:00,N09,-0.0523,0.006954,1.3,5.6081,0.001364,24.9,23.766735,86.418658
2026-07-04 23:00:00,N09,-0.1059,0.007569,1.58,5.6093,0.000967,24.2,23.766735,86.418658
2026-07-05 00:00:00,N09,-0.054,0.005855,7.63,5.6101,0.00136,24.4,23.766735,86.418658
2026-07-05 01:00:00,N09,0.1456,0.006384,1.51,5.6121,0.001939,24.6,23.766735,86.418658
2026-07-05 02:00:00,N09,-0.0882,0.008,8.97,5.614,0.002083,25.4,23.766735,86.418658
2026-07-05 03:00:00,N09,-0.1176,0.005997,4.42,5.6162,0.001564,26.6,23.766735,86.418658
2026-07-05 04:00:00,N09,-0.0261,0.009259,7.89,5.6171,0.000953,28.1,23.766735,86.418658
2026-07-05 05:00:00,N09,-0.0226,0.00686,3.17,5.6181,0.001075,30.0,23.766735,86.418658
2026-07-05 06:00:00,N09,0.1677,0.005859,8.75,5.6192,0.001471,31.9,23.766735,86.418658
2026-07-05 07:00:00,N09,0.0456,0.006936,6.31,5.6211,0.00221,33.8,23.766735,86.418658
2026-07-05 08:00:00,N09,-0.1285,0.00567,3.09,5.6236,0.002161,35.6,23.766735,86.418658
2026-07-05 09:00:00,N09,0.0151,0.007495,5.88,5.6254,0.001731,37.2,23.766735,86.418658
2026-07-05 10:00:00,N09,-0.1939,0.00891,4.84,5.6271,0.001885,38.4,23.766735,86.418658
2026-07-05 11:00:00,N09,0.1215,0.006453,6.85,5.6292,0.005636,39.1,23.766735,86.418658
2026-07-05 12:00:00,N09,0.216,0.974173,25.52,5.6158,0.00584,39.4,23.766735,86.418658
2026-07-05 13:00:00,N09,-0.104,0.535285,15.74,5.6175,0.005644,39.1,23.766735,86.418658
2026-07-05 14:00:00,N09,,,,,,,23.766735,86.418658
2026-07-05 15:00:00,N09,,,,,,,23.766735,86.418658
2026-07-05 16:00:00,N09,,,,,,,23.766735,86.418658
2026-07-05 17:00:00,N09,,,,,,,23.766735,86.418658
2026-07-05 18:00:00,N09,,,,,,,23.766735,86.418658
2026-07-05 19:00:00,N09,,,,,,,23.766735,86.418658
2026-07-05 20:00:00,N09,,,,,,,23.766735,86.418658
2026-07-05 21:00:00,N09,,,,,,,23.766735,86.418658
2026-07-05 22:00:00,N09,0.0503,0.00533,5.69,5.6459,0.000967,25.4,23.766735,86.418658
2026-07-05 23:00:00,N09,-0.0444,0.005354,4.27,5.6468,0.001203,24.6,23.766735,86.418658
2026-07-06 00:00:00,N09,-0.2695,0.005815,4.08,5.6483,0.001402,26.7,23.766735,86.418658
2026-07-06 01:00:00,N09,0.0898,0.005496,1.88,5.6496,0.001075,27.0,23.766735,86.418658
2026-07-06 02:00:00,N09,0.0772,0.007087,4.83,5.6505,0.00148,27.7,23.766735,86.418658
2026-07-06 03:00:00,N09,0.027,0.005649,5.57,5.6526,0.001478,28.9,23.766735,86.418658
2026-07-06 04:00:00,N09,-0.0366,0.008089,4.28,5.6534,0.001395,30.5,23.766735,86.418658
2026-07-06 05:00:00,N09,,,,,,,23.766735,86.418658
2026-07-06 06:00:00,N09,,,,,,,23.766735,86.418658
2026-07-06 07:00:00,N09,0.1654,0.91719,45.17,5.6475,0.001524,36.2,23.766735,86.418658
2026-07-06 08:00:00,N09,-0.0071,0.008416,1.79,5.6596,0.006879,38.0,23.766735,86.418658
2026-07-06 09:00:00,N09,-0.168,0.006062,9.81,5.6612,0.003711,39.5,23.766735,86.418658
2026-07-06 10:00:00,N09,0.0812,0.505591,36.34,5.6522,0.003491,40.7,23.766735,86.418658
2026-07-06 11:00:00,N09,0.1439,0.812434,41.16,5.6542,0.006894,41.5,23.766735,86.418658
2026-07-06 12:00:00,N09,-0.2601,0.00521,4.54,5.666,0.006812,41.7,23.766735,86.418658
2026-07-06 13:00:00,N09,0.0876,0.00907,7.88,5.6679,0.001767,41.5,23.766735,86.418658
2026-07-06 14:00:00,N09,0.26,0.007358,2.93,5.6695,0.001573,40.7,23.766735,86.418658
2026-07-06 15:00:00,N09,0.0309,0.005177,4.91,5.671,0.001308,39.5,23.766735,86.418658
2026-07-06 16:00:00,N09,-0.2135,0.00617,7.08,5.6721,0.001423,38.0,23.766735,86.418658
2026-07-06 17:00:00,N09,-0.0446,0.005344,9.22,5.6738,0.001427,36.2,23.766735,86.418658
2026-07-06 18:00:00,N09,0.1448,0.006946,8.61,5.675,0.001151,34.2,23.766735,86.418658
2026-07-06 19:00:00,N09,-0.0687,0.005921,6.0,5.6762,0.001034,32.3,23.766735,86.418658
2026-07-06 20:00:00,N09,-0.0535,0.008146,4.05,5.6771,0.001356,30.5,23.766735,86.418658
2026-07-06 21:00:00,N09,,,,,,,23.766735,86.418658
2026-07-06 22:00:00,N09,,,,,,,23.766735,86.418658
2026-07-06 23:00:00,N09,-0.0105,0.006984,1.4,5.682,0.001948,27.0,23.766735,86.418658
2026-07-07 00:00:00,N09,-0.1072,0.007084,1.92,5.6844,0.002182,27.8,23.766735,86.418658
2026-07-07 01:00:00,N09,0.0317,0.005091,4.02,5.6864,0.001967,28.0,23.766735,86.418658
2026-07-07 02:00:00,N09,-0.1197,0.005704,9.39,5.6884,0.001632,28.8,23.766735,86.418658
2026-07-07 03:00:00,N09,,,,,,,23.766735,86.418658
2026-07-07 04:00:00,N09,-0.2227,0.005383,4.56,5.6909,0.001377,31.5,23.766735,86.418658
2026-07-07 05:00:00,N09,0.1637,0.008312,6.01,5.6924,0.001184,33.3,23.766735,86.418658
2026-07-07 06:00:00,N09,0.172,0.005392,9.86,5.6933,0.001117,35.3,23.766735,86.418658
2026-07-07 07:00:00,N09,0.0281,0.010745,4.28,5.6947,0.00126,37.2,23.766735,86.418658
2026-07-07 08:00:00,N09,0.04,0.006394,4.55,5.6958,0.001438,39.0,23.766735,86.418658
2026-07-07 09:00:00,N09,-0.2838,0.005799,9.68,5.6975,0.001974,40.6,23.766735,86.418658
2026-07-07 10:00:00,N09,0.1651,0.005054,1.43,5.6998,0.001434,41.8,23.766735,86.418658
2026-07-07 11:00:00,N09,-0.0915,0.006246,4.37,5.7004,0.001105,42.5,23.766735,86.418658
2026-07-07 12:00:00,N09,-0.1028,0.005832,5.68,5.702,0.001552,42.8,23.766735,86.418658
2026-07-07 13:00:00,N09,-0.0063,0.005719,1.38,5.7035,0.003979,42.5,23.766735,86.418658
2026-07-07 14:00:00,N09,-0.0824,0.55201,22.23,5.7099,0.001641,41.8,23.766735,86.418658
2026-07-07 15:00:00,N09,0.0854,0.005413,9.83,5.7068,0.000779,40.6,23.766735,86.418658
2026-07-07 16:00:00,N09,-0.1292,0.005486,4.0,5.7084,0.009887,39.0,23.766735,86.418658
2026-07-07 17:00:00,N09,-0.1176,0.78645,16.44,5.7266,0.004203,37.2,23.766735,86.418658
2026-07-07 18:00:00,N09,-0.141,0.598278,46.43,5.7168,0.00702,35.3,23.766735,86.418658
2026-07-07 19:00:00,N09,-0.1905,0.008188,1.4,5.7125,0.000505,33.3,23.766735,86.418658
2026-07-07 20:00:00,N09,0.1765,0.006172,5.21,5.7158,0.002505,31.5,23.766735,86.418658
2026-07-07 21:00:00,N09,-0.0066,0.007975,7.56,5.7175,0.001544,30.0,23.766735,86.418658
2026-07-07 22:00:00,N09,-0.0723,0.009902,1.26,5.7188,0.001462,28.8,23.766735,86.418658
2026-07-07 23:00:00,N09,0.0365,0.006721,2.21,5.7204,0.001583,28.0,23.766735,86.418658
2026-07-08 00:00:00,N09,,,,,,,23.766735,86.418658
2026-07-08 01:00:00,N09,,,,,,,23.766735,86.418658
2026-07-08 02:00:00,N09,,,,,,,23.766735,86.418658
2026-07-08 03:00:00,N09,,,,,,,23.766735,86.418658
2026-07-08 04:00:00,N09,-0.2253,0.005479,6.74,5.7274,0.001162,31.9,23.766735,86.418658
2026-07-08 05:00:00,N09,0.1012,0.008095,8.84,5.7289,0.004943,33.7,23.766735,86.418658
2026-07-08 06:00:00,N09,0.0016,0.810039,40.29,5.7373,0.001602,35.6,23.766735,86.418658
2026-07-08 07:00:00,N09,0.2528,0.00505,9.73,5.7321,0.00164,37.6,23.766735,86.418658
2026-07-08 08:00:00,N09,-0.0965,0.00562,5.38,5.734,0.001692,39.4,23.766735,86.418658
2026-07-08 09:00:00,N09,0.1599,0.00802,6.74,5.7355,0.001107,40.9,23.766735,86.418658
2026-07-08 10:00:00,N09,0.1791,0.007162,2.25,5.7362,0.000915,42.1,23.766735,86.418658
2026-07-08 11:00:00,N09,-0.2238,0.005173,5.11,5.7373,0.000985,42.9,23.766735,86.418658
2026-07-08 12:00:00,N09,0.1001,0.005699,4.1,5.7382,0.000986,43.1,23.766735,86.418658
2026-07-08 13:00:00,N09,,,,,,,23.766735,86.418658
2026-07-08 14:00:00,N09,,,,,,,23.766735,86.418658
2026-07-08 15:00:00,N09,,,,,,,23.766735,86.418658
2026-07-08 16:00:00,N09,,,,,,,23.766735,86.418658
2026-07-08 17:00:00,N09,,,,,,,23.766735,86.418658
2026-07-08 18:00:00,N09,-0.0315,0.005145,4.8,5.7485,0.002016,35.6,23.766735,86.418658
2026-07-08 19:00:00,N09,0.043,0.005512,1.13,5.7502,0.001668,33.7,23.766735,86.418658
2026-07-08 20:00:00,N09,-0.1421,0.006032,2.84,5.7518,0.001343,31.9,23.766735,86.418658
2026-07-08 21:00:00,N09,-0.1163,0.006548,3.74,5.7529,0.001565,30.3,23.766735,86.418658
2026-07-08 22:00:00,N09,-0.0277,0.006175,1.39,5.7549,0.002287,29.1,23.766735,86.418658
2026-07-08 23:00:00,N09,0.0601,0.008871,4.17,5.7574,0.002216,28.4,23.766735,86.418658
2026-07-09 00:00:00,N09,0.0594,0.009438,1.95,5.7594,0.001915,24.7,23.766735,86.418658
2026-07-09 01:00:00,N09,-0.1339,0.005247,9.26,5.7613,0.001718,24.9,23.766735,86.418658
2026-07-09 02:00:00,N09,,,,,,,23.766735,86.418658
2026-07-09 03:00:00,N09,,,,,,,23.766735,86.418658
2026-07-09 04:00:00,N09,,,,,,,23.766735,86.418658
2026-07-09 05:00:00,N09,-0.227,0.006804,5.49,5.7668,0.008465,30.2,23.766735,86.418658
2026-07-09 06:00:00,N09,-0.1605,0.73825,32.9,5.7825,0.001285,32.2,23.766735,86.418658
2026-07-09 07:00:00,N09,-0.1218,0.006638,3.93,5.7694,0.005953,34.1,23.766735,86.418658
2026-07-09 08:00:00,N09,0.0125,0.008482,8.72,5.7705,0.001092,35.9,23.766735,86.418658
2026-07-09 09:00:00,N09,-0.1997,0.009446,4.71,5.7716,0.001274,37.5,23.766735,86.418658
2026-07-09 10:00:00,N09,0.224,0.007108,7.6,5.7731,0.001513,38.7,23.766735,86.418658
2026-07-09 11:00:00,N09,0.294,0.007236,2.43,5.7746,0.0043,39.4,23.766735,86.418658
2026-07-09 12:00:00,N09,,,,,,,23.766735,86.418658
2026-07-09 13:00:00,N09,,,,,,,23.766735,86.418658
2026-07-09 14:00:00,N09,-0.0947,0.005185,9.04,5.7799,0.001497,38.7,23.766735,86.418658
2026-07-09 15:00:00,N09,0.0812,0.006701,7.36,5.7808,0.000792,37.5,23.766735,86.418658
2026-07-09 16:00:00,N09,-0.0578,0.008741,5.32,5.7815,0.001335,35.9,23.766735,86.418658
2026-07-09 17:00:00,N09,,,,,,,23.766735,86.418658
2026-07-09 18:00:00,N09,,,,,,,23.766735,86.418658
2026-07-09 19:00:00,N09,,,,,,,23.766735,86.418658
2026-07-09 20:00:00,N09,-0.2138,0.005389,8.22,5.788,0.00238,28.4,23.766735,86.418658
2026-07-09 21:00:00,N09,0.2442,0.007713,4.32,5.7904,0.002356,26.9,23.766735,86.418658
2026-07-09 22:00:00,N09,,,,,,,23.766735,86.418658
2026-07-09 23:00:00,N09,,,,,,,23.766735,86.418658
2026-07-10 00:00:00,N09,-0.3296,0.005621,6.13,5.7954,0.001985,23.3,23.766735,86.418658
2026-07-10 01:00:00,N09,-0.1027,0.007886,4.64,5.7974,0.001547,23.5,23.766735,86.418658
2026-07-10 02:00:00,N09,-0.0245,0.006142,4.8,5.7985,0.001751,24.3,23.766735,86.418658
2026-07-10 03:00:00,N09,0.0483,0.007597,9.87,5.8009,0.001965,25.5,23.766735,86.418658
2026-07-10 04:00:00,N09,-0.1709,0.006661,6.22,5.8024,0.001238,27.0,23.766735,86.418658
2026-07-10 05:00:00,N09,0.0749,0.005769,7.04,5.8034,0.000738,28.8,23.766735,86.418658
2026-07-10 06:00:00,N09,0.0025,0.005959,4.22,5.8039,0.001282,30.8,23.766735,86.418658
2026-07-10 07:00:00,N09,0.1202,0.007336,9.97,5.806,0.006142,32.7,23.766735,86.418658
2026-07-10 08:00:00,N09,0.0727,0.506578,40.75,5.7916,0.001684,34.5,23.766735,86.418658
2026-07-10 09:00:00,N09,-0.0528,0.007257,5.45,5.8093,0.009451,36.1,23.766735,86.418658
2026-07-10 10:00:00,N09,,,,,,,23.766735,86.418658
2026-07-10 11:00:00,N09,,,,,,,23.766735,86.418658
2026-07-10 12:00:00,N09,-0.0028,0.007315,7.06,5.8131,0.001017,38.3,23.766735,86.418658
2026-07-10 13:00:00,N09,-0.1681,0.871969,33.86,5.8089,0.001486,38.0,23.766735,86.418658
2026-07-10 14:00:00,N09,-0.0607,0.005466,9.82,5.816,0.00434,37.3,23.766735,86.418658
2026-07-10 15:00:00,N09,,,,,,,23.766735,86.418658
2026-07-10 16:00:00,N09,,,,,,,23.766735,86.418658
2026-07-10 17:00:00,N09,,,,,,,23.766735,86.418658
2026-07-10 18:00:00,N09,,,,,,,23.766735,86.418658
2026-07-10 19:00:00,N09,,,,,,,23.766735,86.418658
2026-07-10 20:00:00,N09,-0.287,0.005683,3.51,5.8232,0.002049,27.0,23.766735,86.418658
2026-07-10 21:00:00,N09,-0.1267,0.006206,8.56,5.8251,0.001652,25.5,23.766735,86.418658
2026-07-10 22:00:00,N09,-0.1459,0.010671,6.49,5.8265,0.001183,24.3,23.766735,86.418658
2026-07-10 23:00:00,N09,-0.2015,0.005951,3.63,5.8274,0.001245,23.5,23.766735,86.418658
2026-07-11 00:00:00,N09,,,,,,,23.766735,86.418658
2026-07-11 01:00:00,N09,,,,,,,23.766735,86.418658
2026-07-11 02:00:00,N09,-0.0602,0.006681,3.24,5.8323,0.001802,23.4,23.766735,86.418658
2026-07-11 03:00:00,N09,0.0356,0.005758,8.52,5.8338,0.001537,24.6,23.766735,86.418658
2026-07-11 04:00:00,N09,-0.1072,0.007255,8.41,5.8353,0.001695,26.2,23.766735,86.418658
2026-07-11 05:00:00,N09,-0.0185,0.006695,2.21,5.8372,0.002308,28.0,23.766735,86.418658
2026-07-11 06:00:00,N09,-0.0488,0.007932,6.66,5.84,0.012775,29.9,23.766735,86.418658
2026-07-11 07:00:00,N09,,,,,,,23.766735,86.418658
2026-07-11 08:00:00,N09,0.0041,0.005684,5.12,5.8437,0.008894,33.7,23.766735,86.418658
2026-07-11 09:00:00,N09,0.1416,0.005057,2.13,5.8449,0.001287,35.2,23.766735,86.418658
2026-07-11 10:00:00,N09,-0.0906,0.005919,4.89,5.8463,0.001114,36.4,23.766735,86.418658
2026-07-11 11:00:00,N09,,,,,,,23.766735,86.418658
2026-07-11 12:00:00,N09,,,,,,,23.766735,86.418658
2026-07-11 13:00:00,N09,-0.2257,0.006813,9.23,5.8506,0.001213,37.2,23.766735,86.418658
2026-07-11 14:00:00,N09,0.2244,0.005086,4.54,5.8514,0.000957,36.4,23.766735,86.418658
2026-07-11 15:00:00,N09,-0.1005,0.005818,3.95,5.8526,0.007188,35.2,23.766735,86.418658
2026-07-11 16:00:00,N09,0.0285,0.583014,34.66,5.837,0.007044,33.7,23.766735,86.418658
2026-07-11 17:00:00,N09,0.0651,0.54332,44.07,5.8385,0.010006,31.9,23.766735,86.418658
2026-07-11 18:00:00,N09,0.0683,0.005467,6.17,5.857,0.009758,29.9,23.766735,86.418658
2026-07-11 19:00:00,N09,-0.1836,0.00582,5.17,5.858,0.000862,28.0,23.766735,86.418658
2026-07-11 20:00:00,N09,0.2008,0.005302,4.81,5.8588,0.001343,26.2,23.766735,86.418658
2026-07-11 21:00:00,N09,-0.1729,0.00526,1.14,5.8607,0.001393,24.6,23.766735,86.418658
2026-07-11 22:00:00,N09,0.0526,0.00757,9.89,5.8616,0.000889,23.4,23.766735,86.418658
2026-07-11 23:00:00,N09,-0.0186,0.005583,3.52,5.8625,0.000941,22.7,23.766735,86.418658
2026-07-12 00:00:00,N09,0.0629,0.00509,8.7,5.8634,0.001103,27.3,23.766735,86.418658
2026-07-12 01:00:00,N09,-0.0728,0.007718,6.62,5.8647,0.001521,27.5,23.766735,86.418658
2026-07-12 02:00:00,N09,0.1463,0.006091,6.61,5.8665,0.001453,28.3,23.766735,86.418658
2026-07-12 03:00:00,N09,0.0582,0.006111,9.38,5.8676,0.001331,29.5,23.766735,86.418658
2026-07-12 04:00:00,N09,-0.1128,0.007392,5.99,5.8691,0.001502,31.0,23.766735,86.418658
2026-07-12 05:00:00,N09,-0.0234,0.006052,9.12,5.8706,0.001271,32.8,23.766735,86.418658
2026-07-12 06:00:00,N09,-0.1758,0.007379,4.41,5.8717,0.001031,34.8,23.766735,86.418658
2026-07-12 07:00:00,N09,0.1354,0.007101,7.33,5.8726,0.000752,36.7,23.766735,86.418658
2026-07-12 08:00:00,N09,-0.0476,0.005333,2.3,5.8732,0.005039,38.5,23.766735,86.418658
2026-07-12 09:00:00,N09,0.0437,0.680498,18.6,5.8626,0.004801,40.1,23.766735,86.418658
2026-07-12 10:00:00,N09,0.0854,0.559713,44.41,5.8636,0.007103,41.3,23.766735,86.418658
2026-07-12 11:00:00,N09,,,,,,,23.766735,86.418658
2026-07-12 12:00:00,N09,,,,,,,23.766735,86.418658
2026-07-12 13:00:00,N09,,,,,,,23.766735,86.418658
2026-07-12 14:00:00,N09,,,,,,,23.766735,86.418658
2026-07-12 15:00:00,N09,-0.207,0.006602,3.91,5.882,0.001174,40.1,23.766735,86.418658
2026-07-12 16:00:00,N09,,,,,,,23.766735,86.418658
2026-07-12 17:00:00,N09,,,,,,,23.766735,86.418658
2026-07-12 18:00:00,N09,,,,,,,23.766735,86.418658
2026-07-12 19:00:00,N09,,,,,,,23.766735,86.418658
2026-07-12 20:00:00,N09,,,,,,,23.766735,86.418658
2026-07-12 21:00:00,N09,0.0855,0.005856,4.72,5.8899,0.001214,29.5,23.766735,86.418658
2026-07-12 22:00:00,N09,0.058,0.006498,3.18,5.8913,0.001289,28.3,23.766735,86.418658
2026-07-12 23:00:00,N09,-0.2819,0.008186,9.28,5.8925,0.001164,27.5,23.766735,86.418658
2026-07-13 00:00:00,N09,0.0138,0.006534,3.54,5.8936,0.000879,25.5,23.766735,86.418658
2026-07-13 01:00:00,N09,,,,,,,23.766735,86.418658
2026-07-13 02:00:00,N09,-0.1047,0.0057,8.04,5.8963,0.001745,26.5,23.766735,86.418658
2026-07-13 03:00:00,N09,-0.1309,0.006505,3.23,5.8977,0.001386,27.7,23.766735,86.418658
2026-07-13 04:00:00,N09,-0.2723,0.008735,4.0,5.8991,0.001518,29.2,23.766735,86.418658
2026-07-13 05:00:00,N09,-0.018,0.007497,2.07,5.9008,0.00089,31.0,23.766735,86.418658
2026-07-13 06:00:00,N09,0.3942,0.006052,1.26,5.9009,0.000288,33.0,23.766735,86.418658
2026-07-13 07:00:00,N09,0.0201,0.0063,2.71,5.9013,0.000889,34.9,23.766735,86.418658
2026-07-13 08:00:00,N09,,,,,,,23.766735,86.418658
2026-07-13 09:00:00,N09,,,,,,,23.766735,86.418658
2026-07-13 10:00:00,N09,,,,,,,23.766735,86.418658
2026-07-13 11:00:00,N09,-0.0327,0.005088,1.44,5.9073,0.005113,40.2,23.766735,86.418658
2026-07-13 12:00:00,N09,0.2675,0.006569,8.67,5.9086,0.008197,40.5,23.766735,86.418658
2026-07-13 13:00:00,N09,,,,,,,23.766735,86.418658
2026-07-13 14:00:00,N09,,,,,,,23.766735,86.418658
2026-07-13 15:00:00,N09,0.1547,0.006851,4.02,5.9125,0.001754,38.3,23.766735,86.418658
2026-07-13 16:00:00,N09,0.1384,0.00746,2.34,5.9145,0.001731,36.7,23.766735,86.418658
2026-07-13 17:00:00,N09,0.2577,0.006652,4.38,5.9159,0.001766,34.9,23.766735,86.418658
2026-07-13 18:00:00,N09,-0.246,0.006743,5.9,5.918,0.001452,33.0,23.766735,86.418658
2026-07-13 19:00:00,N09,-0.128,0.006749,7.53,5.9188,0.000902,31.0,23.766735,86.418658
2026-07-13 20:00:00,N09,,,,,,,23.766735,86.418658
2026-07-13 21:00:00,N09,,,,,,,23.766735,86.418658
2026-07-13 22:00:00,N09,,,,,,,23.766735,86.418658
2026-07-13 23:00:00,N09,,,,,,,23.766735,86.418658
2026-07-14 00:00:00,N09,,,,,,,23.766735,86.418658
2026-07-14 01:00:00,N09,-0.1091,0.006246,8.48,5.9271,0.000874,21.9,23.766735,86.418658
2026-07-14 02:00:00,N09,0.1154,0.007533,7.59,5.9274,0.000473,22.7,23.766735,86.418658
2026-07-14 03:00:00,N09,0.011,0.005495,6.35,5.9281,0.000791,23.9,23.766735,86.418658
2026-07-14 04:00:00,N09,,,,,,,23.766735,86.418658
2026-07-14 05:00:00,N09,-0.2375,0.008249,9.59,5.9312,0.001499,27.2,23.766735,86.418658
2026-07-14 06:00:00,N09,-0.167,0.006369,9.32,5.932,0.000965,29.2,23.766735,86.418658
2026-07-14 07:00:00,N09,,,,,,,23.766735,86.418658
2026-07-14 08:00:00,N09,,,,,,,23.766735,86.418658
2026-07-14 09:00:00,N09,,,,,,,23.766735,86.418658
2026-07-14 10:00:00,N09,-0.1656,0.006189,6.94,5.937,0.001009,35.7,23.766735,86.418658
2026-07-14 11:00:00,N09,-0.04,0.005798,5.55,5.9383,0.001609,36.4,23.766735,86.418658
2026-07-14 12:00:00,N09,-0.0353,0.006783,1.8,5.9402,0.001454,36.7,23.766735,86.418658
2026-07-14 13:00:00,N09,-0.2291,0.009711,3.39,5.9412,0.00122,36.4,23.766735,86.418658
2026-07-14 14:00:00,N09,0.1941,0.007545,8.81,5.9426,0.010908,35.7,23.766735,86.418658
2026-07-14 15:00:00,N09,-0.0527,0.618856,45.95,5.963,0.009903,34.5,23.766735,86.418658
2026-07-14 16:00:00,N09,-0.0582,0.888675,37.17,5.9624,0.014887,32.9,23.766735,86.418658
2026-07-14 17:00:00,N09,0.0853,0.697423,19.85,5.9332,0.013948,31.1,23.766735,86.418658
2026-07-14 18:00:00,N09,-0.0391,0.753445,36.9,5.9345,0.008621,29.2,23.766735,86.418658
2026-07-14 19:00:00,N09,,,,,,,23.766735,86.418658
2026-07-14 20:00:00,N09,,,,,,,23.766735,86.418658
2026-07-14 21:00:00,N09,,,,,,,23.766735,86.418658
2026-07-14 22:00:00,N09,,,,,,,23.766735,86.418658
2026-07-14 23:00:00,N09,-0.0778,0.009166,6.4,5.955,0.000823,21.9,23.766735,86.418658
2026-07-15 00:00:00,N09,-0.0522,0.005825,3.95,5.9561,0.000866,27.0,23.766735,86.418658
2026-07-15 01:00:00,N09,0.0233,0.007593,5.81,5.9567,0.000676,27.3,23.766735,86.418658
2026-07-15 02:00:00,N09,-0.3384,0.008201,4.72,5.9574,0.000858,28.0,23.766735,86.418658
2026-07-15 03:00:00,N09,0.131,0.008554,7.78,5.9584,0.001197,29.2,23.766735,86.418658
2026-07-15 04:00:00,N09,0.0354,0.006653,4.01,5.9598,0.001603,30.8,23.766735,86.418658
2026-07-15 05:00:00,N09,-0.0627,0.006464,3.0,5.9616,0.001661,32.6,23.766735,86.418658
2026-07-15 06:00:00,N09,0.2757,0.007018,5.97,5.9631,0.001359,34.5,23.766735,86.418658
2026-07-15 07:00:00,N09,0.0554,0.007844,9.35,5.9643,0.000846,36.5,23.766735,86.418658
2026-07-15 08:00:00,N09,0.1959,0.007871,3.67,5.9648,0.010645,38.3,23.766735,86.418658
2026-07-15 09:00:00,N09,-0.0004,0.69656,37.6,5.9856,0.011025,39.8,23.766735,86.418658
2026-07-15 10:00:00,N09,0.0051,0.624623,19.56,5.9869,0.00875,41.0,23.766735,86.418658
2026-07-15 11:00:00,N09,-0.1338,0.006853,5.37,5.9681,0.008494,41.8,23.766735,86.418658
2026-07-15 12:00:00,N09,-0.0069,0.006893,2.69,5.9699,0.001501,42.0,23.766735,86.418658
2026-07-15 13:00:00,N09,,,,,,,23.766735,86.418658
2026-07-15 14:00:00,N09,,,,,,,23.766735,86.418658
2026-07-15 15:00:00,N09,,,,,,,23.766735,86.418658
2026-07-15 16:00:00,N09,,,,,,,23.766735,86.418658
2026-07-15 17:00:00,N09,-0.1411,0.005286,2.23,5.9739,0.000107,36.5,23.766735,86.418658
2026-07-15 18:00:00,N09,,,,,,,23.766735,86.418658
2026-07-15 19:00:00,N09,,,,,,,23.766735,86.418658
2026-07-15 20:00:00,N09,0.0664,0.006618,7.31,5.9739,0.000338,30.8,23.766735,86.418658
2026-07-15 21:00:00,N09,-0.0077,0.006101,2.38,5.9745,0.00055,29.2,23.766735,86.418658
2026-07-15 22:00:00,N09,-0.1923,0.006378,1.74,5.975,7.1e-05,28.0,23.766735,86.418658
2026-07-15 23:00:00,N09,-0.0672,0.00831,3.86,5.9747,0.000101,27.3,23.766735,86.418658
2026-07-16 00:00:00,N09,-0.0748,0.006866,4.07,5.9752,0.000583,23.1,23.766735,86.418658
2026-07-16 01:00:00,N09,-0.0886,0.005703,9.9,5.9758,0.000175,23.3,23.766735,86.418658
2026-07-16 02:00:00,N09,-0.07,0.005626,9.65,5.9756,0.000359,24.1,23.766735,86.418658
2026-07-16 03:00:00,N09,-0.1705,0.005362,6.15,5.9765,0.001252,25.3,23.766735,86.418658
2026-07-16 04:00:00,N09,0.0397,0.005199,1.79,5.9781,0.001009,26.8,23.766735,86.418658
2026-07-16 05:00:00,N09,0.1219,0.007794,8.78,5.9786,0.000149,28.6,23.766735,86.418658
2026-07-16 06:00:00,N09,-0.0915,0.005371,8.13,5.9784,0.000119,30.6,23.766735,86.418658
2026-07-16 07:00:00,N09,-0.1644,0.006446,1.34,5.9783,4.6e-05,32.5,23.766735,86.418658
2026-07-16 08:00:00,N09,0.0046,0.005181,6.01,5.9783,0.003026,34.3,23.766735,86.418658
2026-07-16 09:00:00,N09,,,,,,,23.766735,86.418658
2026-07-16 10:00:00,N09,,,,,,,23.766735,86.418658
2026-07-16 11:00:00,N09,,,,,,,23.766735,86.418658
2026-07-16 12:00:00,N09,,,,,,,23.766735,86.418658
2026-07-16 13:00:00,N09,,,,,,,23.766735,86.418658
2026-07-16 14:00:00,N09,,,,,,,23.766735,86.418658
2026-07-16 15:00:00,N09,,,,,,,23.766735,86.418658
2026-07-16 16:00:00,N09,,,,,,,23.766735,86.418658
2026-07-16 17:00:00,N09,0.352,0.608305,32.02,5.9762,5.7e-05,32.5,23.766735,86.418658
2026-07-16 18:00:00,N09,,,,,,,23.766735,86.418658
2026-07-16 19:00:00,N09,,,,,,,23.766735,86.418658
2026-07-16 20:00:00,N09,,,,,,,23.766735,86.418658
2026-07-16 21:00:00,N09,-0.1933,0.005174,8.84,5.9832,6.7e-05,25.3,23.766735,86.418658
2026-07-16 22:00:00,N09,,,,,,,23.766735,86.418658
2026-07-16 23:00:00,N09,,,,,,,23.766735,86.418658
2026-07-17 00:00:00,N09,-0.2414,0.007318,4.05,5.9828,0.00042,25.9,23.766735,86.418658
2026-07-17 01:00:00,N09,,,,,,,23.766735,86.418658
2026-07-17 02:00:00,N09,-0.0644,0.008376,7.86,5.9838,0.000162,26.9,23.766735,86.418658
2026-07-17 03:00:00,N09,0.0109,0.005173,7.96,5.9832,4.6e-05,28.1,23.766735,86.418658
2026-07-17 04:00:00,N09,0.0366,0.006326,3.84,5.9839,0.000655,29.7,23.766735,86.418658
2026-07-17 05:00:00,N09,-0.0913,0.009262,4.55,5.9845,0.000774,31.5,23.766735,86.418658
2026-07-17 06:00:00,N09,-0.0192,0.005997,7.22,5.9855,0.000543,33.4,23.766735,86.418658
2026-07-17 07:00:00,N09,0.1976,0.005525,3.13,5.9856,0.000186,35.4,23.766735,86.418658
2026-07-17 08:00:00,N09,-0.1159,0.005947,7.52,5.9859,5.9e-05,37.2,23.766735,86.418658
2026-07-17 09:00:00,N09,-0.179,0.006639,7.48,5.9857,0.002777,38.7,23.766735,86.418658
2026-07-17 10:00:00,N09,,,,,,,23.766735,86.418658
2026-07-17 11:00:00,N09,-0.0706,0.007844,2.43,5.9856,0.002034,40.7,23.766735,86.418658
2026-07-17 12:00:00,N09,,,,,,,23.766735,86.418658
2026-07-17 13:00:00,N09,-0.1349,0.007478,8.42,5.986,0.00472,40.7,23.766735,86.418658
2026-07-17 14:00:00,N09,-0.209,0.006531,7.29,5.986,0.000204,39.9,23.766735,86.418658
2026-07-17 15:00:00,N09,0.1782,0.00591,6.2,5.9864,0.005198,38.7,23.766735,86.418658
2026-07-17 16:00:00,N09,,,,,,,23.766735,86.418658
2026-07-17 17:00:00,N09,-0.0466,0.681861,29.84,5.9767,0.006168,35.4,23.766735,86.418658
2026-07-17 18:00:00,N09,0.3581,0.008817,4.87,5.988,0.005692,33.4,23.766735,86.418658
2026-07-17 19:00:00,N09,-0.1101,0.008743,8.88,5.9881,2.3e-05,31.5,23.766735,86.418658
2026-07-17 20:00:00,N09,-0.2042,0.005785,4.57,5.988,8.5e-05,29.7,23.766735,86.418658
2026-07-17 21:00:00,N09,-0.0716,0.005926,1.22,5.9879,3.6e-05,28.1,23.766735,86.418658
2026-07-17 22:00:00,N09,0.0129,0.006654,3.48,5.988,9.7e-05,26.9,23.766735,86.418658
2026-07-17 23:00:00,N09,-0.0568,0.00742,3.32,5.9877,1.3e-05,26.2,23.766735,86.418658
2026-07-18 00:00:00,N09,-0.1075,0.007121,1.83,5.988,0.000597,23.7,23.766735,86.418658
2026-07-18 01:00:00,N09,0.3072,0.006607,4.2,5.9889,0.000696,24.0,23.766735,86.418658
2026-07-18 02:00:00,N09,0.0246,0.005012,1.93,5.9894,0.000632,24.7,23.766735,86.418658
2026-07-18 03:00:00,N09,0.0933,0.006524,8.14,5.9902,0.000626,25.9,23.766735,86.418658
2026-07-18 04:00:00,N09,-0.3823,0.00505,8.67,5.9906,0.000254,27.5,23.766735,86.418658
2026-07-18 05:00:00,N09,0.1421,0.005358,5.78,5.9907,0.000352,29.3,23.766735,86.418658
2026-07-18 06:00:00,N09,,,,,,,23.766735,86.418658
2026-07-18 07:00:00,N09,,,,,,,23.766735,86.418658
2026-07-18 08:00:00,N09,,,,,,,23.766735,86.418658
2026-07-18 09:00:00,N09,,,,,,,23.766735,86.418658
2026-07-18 10:00:00,N09,,,,,,,23.766735,86.418658
2026-07-18 11:00:00,N09,,,,,,,23.766735,86.418658
2026-07-18 12:00:00,N09,,,,,,,23.766735,86.418658
2026-07-18 13:00:00,N09,,,,,,,23.766735,86.418658
2026-07-18 14:00:00,N09,-0.0561,0.005575,9.53,5.9931,0.000465,37.7,23.766735,86.418658
2026-07-18 15:00:00,N09,-0.2726,0.008978,5.2,5.994,0.000331,36.5,23.766735,86.418658
2026-07-18 16:00:00,N09,0.1067,0.00525,3.47,5.9938,8.7e-05,35.0,23.766735,86.418658
2026-07-18 17:00:00,N09,0.1353,0.007072,2.86,5.9942,0.000468,33.1,23.766735,86.418658
2026-07-18 18:00:00,N09,-0.3426,0.005928,6.18,5.9947,0.000211,31.2,23.766735,86.418658
2026-07-18 19:00:00,N09,-0.1704,0.006899,6.93,5.9946,0.000497,29.3,23.766735,86.418658
2026-07-18 20:00:00,N09,0.0565,0.006773,3.98,5.9957,0.000986,27.5,23.766735,86.418658
2026-07-18 21:00:00,N09,0.0261,0.006288,1.78,5.9965,0.000701,25.9,23.766735,86.418658
2026-07-18 22:00:00,N09,-0.1195,0.007544,5.82,5.9971,0.00044,24.7,23.766735,86.418658
2026-07-18 23:00:00,N09,-0.1252,0.007362,3.7,5.9974,0.00018,24.0,23.766735,86.418658
2026-07-19 00:00:00,N09,-0.0434,0.008047,3.14,5.9975,0.00027,21.1,23.766735,86.418658
2026-07-19 01:00:00,N09,-0.0271,0.005843,9.63,5.998,0.000279,21.4,23.766735,86.418658
2026-07-19 02:00:00,N09,0.083,0.005214,1.8,5.998,0.000636,22.1,23.766735,86.418658
2026-07-19 03:00:00,N09,,,,,,,23.766735,86.418658
2026-07-19 04:00:00,N09,,,,,,,23.766735,86.418658
2026-07-19 05:00:00,N09,-0.3049,0.007506,9.39,5.9996,0.003503,26.7,23.766735,86.418658
2026-07-19 06:00:00,N09,,,,,,,23.766735,86.418658
2026-07-19 07:00:00,N09,0.3155,0.005895,2.33,5.9999,0.003972,30.6,23.766735,86.418658
2026-07-19 08:00:00,N09,0.1805,0.007592,9.48,6.0003,2e-05,32.4,23.766735,86.418658
2026-07-19 09:00:00,N09,,,,,,,23.766735,86.418658
2026-07-19 10:00:00,N09,,,,,,,23.766735,86.418658
2026-07-19 11:00:00,N09,,,,,,,23.766735,86.418658
2026-07-19 12:00:00,N09,,,,,,,23.766735,86.418658
2026-07-19 13:00:00,N09,0.0044,0.008871,5.18,6.0017,0.00075,35.9,23.766735,86.418658
2026-07-19 14:00:00,N09,-0.1196,0.006693,8.8,6.0025,0.000216,35.1,23.766735,86.418658
2026-07-19 15:00:00,N09,0.1734,0.007993,5.4,6.0021,7.2e-05,33.9,23.766735,86.418658
2026-07-19 16:00:00,N09,0.0775,0.005588,6.43,6.0024,0.000487,32.4,23.766735,86.418658
2026-07-19 17:00:00,N09,-0.049,0.007956,6.84,6.0031,0.000486,30.6,23.766735,86.418658
2026-07-19 18:00:00,N09,,,,,,,23.766735,86.418658
2026-07-19 19:00:00,N09,,,,,,,23.766735,86.418658
2026-07-19 20:00:00,N09,,,,,,,23.766735,86.418658
2026-07-19 21:00:00,N09,0.0325,0.005528,8.49,6.005,0.000695,23.3,23.766735,86.418658
2026-07-19 22:00:00,N09,-0.0882,0.005639,1.98,6.0056,0.000113,22.1,23.766735,86.418658
2026-07-19 23:00:00,N09,-0.0681,0.008052,9.21,6.0052,0.00076,21.4,23.766735,86.418658
2026-07-20 00:00:00,N09,-0.0616,0.006849,4.69,6.004,0.00093,23.6,23.766735,86.418658
2026-07-20 01:00:00,N09,-0.1104,0.006039,7.98,6.0033,0.0006,23.9,23.766735,86.418658
2026-07-20 02:00:00,N09,-0.5244,0.006077,8.32,6.0028,5.7e-05,24.6,23.766735,86.418658
2026-07-20 03:00:00,N09,0.0403,0.006194,8.83,6.0034,0.000898,25.8,23.766735,86.418658
2026-07-20 04:00:00,N09,-0.1219,0.005346,3.28,6.0046,0.00079,27.4,23.766735,86.418658
2026-07-20 05:00:00,N09,-0.0474,0.006645,9.19,6.005,0.007541,29.2,23.766735,86.418658
2026-07-20 06:00:00,N09,0.2155,0.927691,22.65,5.9896,0.002697,31.1,23.766735,86.418658
2026-07-20 07:00:00,N09,0.1074,0.544158,47.72,5.9996,0.004748,33.0,23.766735,86.418658
2026-07-20 08:00:00,N09,0.0613,0.890964,33.05,5.999,0.007024,34.9,23.766735,86.418658
2026-07-20 09:00:00,N09,-0.0811,0.864497,18.46,6.0137,0.007643,36.4,23.766735,86.418658
2026-07-20 10:00:00,N09,0.0511,0.707497,30.7,6.0143,0.00358,37.6,23.766735,86.418658
2026-07-20 11:00:00,N09,-0.1772,0.006479,8.91,6.0065,0.003779,38.3,23.766735,86.418658
2026-07-20 12:00:00,N09,-0.024,0.007621,9.51,6.0068,0.000699,38.6,23.766735,86.418658
2026-07-20 13:00:00,N09,0.0991,0.00642,4.99,6.0079,0.00061,38.3,23.766735,86.418658
2026-07-20 14:00:00,N09,0.2153,0.005557,1.79,6.008,5.6e-05,37.6,23.766735,86.418658
2026-07-20 15:00:00,N09,-0.0701,0.009058,5.62,6.008,0.000245,36.4,23.766735,86.418658
2026-07-20 16:00:00,N09,0.0492,0.006169,6.7,6.0085,0.000252,34.9,23.766735,86.418658
2026-07-20 17:00:00,N09,0.0612,0.005388,9.29,6.0085,0.000701,33.0,23.766735,86.418658
2026-07-20 18:00:00,N09,,,,,,,23.766735,86.418658
2026-07-20 19:00:00,N09,,,,,,,23.766735,86.418658
2026-07-20 20:00:00,N09,,,,,,,23.766735,86.418658
2026-07-20 21:00:00,N09,,,,,,,23.766735,86.418658
2026-07-20 22:00:00,N09,,,,,,,23.766735,86.418658
2026-07-20 23:00:00,N09,0.0549,0.006499,6.69,6.0138,0.000488,23.9,23.766735,86.418658
2026-07-21 00:00:00,N09,-0.1494,0.006823,6.29,6.0138,0.000545,27.9,23.766735,86.418658
2026-07-21 01:00:00,N09,0.0073,0.006177,3.2,6.0149,0.000772,28.2,23.766735,86.418658
2026-07-21 02:00:00,N09,0.0557,0.007924,2.26,6.0153,0.000424,28.9,23.766735,86.418658
2026-07-21 03:00:00,N09,0.0653,0.006573,2.69,6.0157,0.000436,30.1,23.766735,86.418658
2026-07-21 04:00:00,N09,0.1852,0.006936,4.43,6.0162,7.4e-05,31.7,23.766735,86.418658
2026-07-21 05:00:00,N09,,,,,,,23.766735,86.418658
2026-07-21 06:00:00,N09,,,,,,,23.766735,86.418658
2026-07-21 07:00:00,N09,,,,,,,23.766735,86.418658
2026-07-21 08:00:00,N09,,,,,,,23.766735,86.418658
2026-07-21 09:00:00,N09,,,,,,,23.766735,86.418658
2026-07-21 10:00:00,N09,-0.058,0.006425,1.71,6.0172,0.003362,41.9,23.766735,86.418658
2026-07-21 11:00:00,N09,-0.0343,0.006851,4.45,6.0173,0.000275,42.7,23.766735,86.418658
2026-07-21 12:00:00,N09,,,,,,,23.766735,86.418658
2026-07-21 13:00:00,N09,0.2223,0.005758,3.23,6.0186,0.000822,42.7,23.766735,86.418658
2026-07-21 14:00:00,N09,-0.0702,0.005517,9.54,6.0194,0.000784,41.9,23.766735,86.418658
2026-07-21 15:00:00,N09,0.0814,0.007259,2.43,6.0201,0.000888,40.7,23.766735,86.418658
2026-07-21 16:00:00,N09,0.0115,0.008017,1.77,6.0212,0.000558,39.2,23.766735,86.418658
2026-07-21 17:00:00,N09,0.0778,0.006771,3.82,6.0212,0.000606,37.4,23.766735,86.418658
2026-07-21 18:00:00,N09,0.033,0.007376,6.68,6.0224,0.000512,35.4,23.766735,86.418658
2026-07-21 19:00:00,N09,0.0735,0.007355,8.68,6.0223,0.000203,33.5,23.766735,86.418658
2026-07-21 20:00:00,N09,,,,,,,23.766735,86.418658
2026-07-21 21:00:00,N09,,,,,,,23.766735,86.418658
2026-07-21 22:00:00,N09,,,,,,,23.766735,86.418658
2026-07-21 23:00:00,N09,,,,,,,23.766735,86.418658
2026-07-22 00:00:00,N09,-0.201,0.007693,3.24,6.0234,0.00072,25.6,23.766735,86.418658
2026-07-22 01:00:00,N09,-0.089,0.005266,8.36,6.0243,0.000412,25.9,23.766735,86.418658
2026-07-22 02:00:00,N09,0.3036,0.006349,5.09,6.0242,0.000267,26.7,23.766735,86.418658
2026-07-22 03:00:00,N09,-0.1586,0.007437,7.61,6.0248,0.000532,27.8,23.766735,86.418658
2026-07-22 04:00:00,N09,-0.1617,0.005551,9.59,6.0253,0.000791,29.4,23.766735,86.418658
2026-07-22 05:00:00,N09,-0.1512,0.006384,8.73,6.0264,0.000752,31.2,23.766735,86.418658
2026-07-22 06:00:00,N09,,,,,,,23.766735,86.418658
2026-07-22 07:00:00,N09,,,,,,,23.766735,86.418658
2026-07-22 08:00:00,N09,,,,,,,23.766735,86.418658
2026-07-22 09:00:00,N09,,,,,,,23.766735,86.418658
2026-07-22 10:00:00,N09,,,,,,,23.766735,86.418658
2026-07-22 11:00:00,N09,,,,,,,23.766735,86.418658
2026-07-22 12:00:00,N09,-0.0182,0.007578,6.22,6.0292,0.000146,40.6,23.766735,86.418658
2026-07-22 13:00:00,N09,,,,,,,23.766735,86.418658
2026-07-22 14:00:00,N09,0.0168,0.005279,4.44,6.029,0.000172,39.6,23.766735,86.418658
2026-07-22 15:00:00,N09,-0.0765,0.006802,2.96,6.0292,0.008473,38.5,23.766735,86.418658
2026-07-22 16:00:00,N09,-0.4134,0.560982,15.67,6.0459,7.5e-05,36.9,23.766735,86.418658
2026-07-22 17:00:00,N09,-0.2724,0.007693,6.08,6.0293,0.009055,35.1,23.766735,86.418658
2026-07-22 18:00:00,N09,0.0022,0.006191,6.22,6.0278,0.001367,33.1,23.766735,86.418658
2026-07-22 19:00:00,N09,0.0738,0.009117,8.15,6.0266,0.001163,31.2,23.766735,86.418658
2026-07-22 20:00:00,N09,-0.111,0.0073,5.45,6.0255,0.001336,29.4,23.766735,86.418658
2026-07-22 21:00:00,N09,-0.0548,0.006356,6.0,6.0239,0.001031,27.8,23.766735,86.418658
2026-07-22 22:00:00,N09,0.1235,0.009372,3.86,6.0234,0.000533,26.7,23.766735,86.418658
2026-07-22 23:00:00,N09,-0.2537,0.005445,8.67,6.0228,0.000395,25.9,23.766735,86.418658
2026-07-23 00:00:00,N09,0.0737,0.005261,7.35,6.0226,6e-06,22.8,23.766735,86.418658
2026-07-23 01:00:00,N09,,,,,,,23.766735,86.418658
2026-07-23 02:00:00,N09,,,,,,,23.766735,86.418658
2026-07-23 03:00:00,N09,,,,,,,23.766735,86.418658
2026-07-23 04:00:00,N09,-0.0752,0.00537,5.08,6.0212,0.000135,26.5,23.766735,86.418658
2026-07-23 05:00:00,N09,-0.1078,0.005479,7.86,6.0213,3e-05,28.3,23.766735,86.418658
2026-07-23 06:00:00,N09,,,,,,,23.766735,86.418658
2026-07-23 07:00:00,N09,,,,,,,23.766735,86.418658
2026-07-23 08:00:00,N09,,,,,,,23.766735,86.418658
2026-07-23 09:00:00,N09,-0.0565,0.006934,6.21,6.0215,6.6e-05,35.6,23.766735,86.418658
2026-07-23 10:00:00,N09,,,,,,,23.766735,86.418658
2026-07-23 11:00:00,N09,,,,,,,23.766735,86.418658
2026-07-23 12:00:00,N09,,,,,,,23.766735,86.418658
2026-07-23 13:00:00,N09,,,,,,,23.766735,86.418658
2026-07-23 14:00:00,N09,0.2117,0.549072,40.48,6.0045,0.014017,36.8,23.766735,86.418658
2026-07-23 15:00:00,N09,-0.0907,0.970537,49.31,5.9913,0.001212,35.6,23.766735,86.418658
2026-07-23 16:00:00,N09,0.0972,0.823489,34.06,6.0069,0.014347,34.0,23.766735,86.418658
2026-07-23 17:00:00,N09,-0.2571,0.006713,6.98,6.02,0.006279,32.2,23.766735,86.418658
2026-07-23 18:00:00,N09,-0.1978,0.00506,7.11,6.0194,0.000217,30.3,23.766735,86.418658
2026-07-23 19:00:00,N09,-0.0033,0.008653,4.85,6.0196,0.000631,28.3,23.766735,86.418658
2026-07-23 20:00:00,N09,0.0354,0.006038,8.47,6.0207,0.000614,26.5,23.766735,86.418658
2026-07-23 21:00:00,N09,,,,,,,23.766735,86.418658
2026-07-23 22:00:00,N09,,,,,,,23.766735,86.418658
2026-07-23 23:00:00,N09,,,,,,,23.766735,86.418658
2026-07-24 00:00:00,N09,,,,,,,23.766735,86.418658
2026-07-24 01:00:00,N09,-0.2378,0.005555,2.11,6.0246,0.000602,25.0,23.766735,86.418658
2026-07-24 02:00:00,N09,-0.1316,0.005228,3.42,6.0253,0.000709,25.7,23.766735,86.418658
2026-07-24 03:00:00,N09,-0.3427,0.006202,9.46,6.0261,0.000497,26.9,23.766735,86.418658
2026-07-24 04:00:00,N09,-0.0019,0.009787,2.97,6.0263,0.000264,28.5,23.766735,86.418658
2026-07-24 05:00:00,N09,-0.1278,0.005035,6.27,6.0266,0.003629,30.3,23.766735,86.418658
2026-07-24 06:00:00,N09,-0.1106,0.86206,49.32,6.0335,0.000563,32.2,23.766735,86.418658
2026-07-24 07:00:00,N09,-0.1374,0.009685,3.23,6.0277,0.002651,34.2,23.766735,86.418658
2026-07-24 08:00:00,N09,-0.2016,0.006884,2.07,6.0282,0.000457,36.0,23.766735,86.418658
2026-07-24 09:00:00,N09,0.0446,0.005723,2.74,6.0286,0.000615,37.5,23.766735,86.418658
2026-07-24 10:00:00,N09,,,,,,,23.766735,86.418658
2026-07-24 11:00:00,N09,,,,,,,23.766735,86.418658
2026-07-24 12:00:00,N09,-0.0105,0.006703,2.3,6.0311,0.001413,39.7,23.766735,86.418658
2026-07-24 13:00:00,N09,-0.0638,0.006318,5.55,6.0327,0.000981,39.5,23.766735,86.418658
2026-07-24 14:00:00,N09,-0.2047,0.005515,2.73,6.0331,0.000538,38.7,23.766735,86.418658
2026-07-24 15:00:00,N09,,,,,,,23.766735,86.418658
2026-07-24 16:00:00,N09,,,,,,,23.766735,86.418658
2026-07-24 17:00:00,N09,,,,,,,23.766735,86.418658
2026-07-24 18:00:00,N09,,,,,,,23.766735,86.418658
2026-07-24 19:00:00,N09,,,,,,,23.766735,86.418658
2026-07-24 20:00:00,N09,-0.1729,0.005489,9.22,6.0363,4.2e-05,28.5,23.766735,86.418658
2026-07-24 21:00:00,N09,-0.1891,0.007535,3.84,6.0361,0.00026,26.9,23.766735,86.418658
2026-07-24 22:00:00,N09,,,,,,,23.766735,86.418658
2026-07-24 23:00:00,N09,,,,,,,23.766735,86.418658
2026-07-25 00:00:00,N09,,,,,,,23.766735,86.418658
2026-07-25 01:00:00,N09,,,,,,,23.766735,86.418658
2026-07-25 02:00:00,N09,,,,,,,23.766735,86.418658
2026-07-25 03:00:00,N09,-0.2012,0.006905,1.35,6.0395,0.000966,34.0,23.766735,86.418658
2026-07-25 04:00:00,N09,0.1293,0.006754,8.06,6.0404,0.000554,35.6,23.766735,86.418658
2026-07-25 05:00:00,N09,0.2068,0.006631,1.1,6.0406,0.000477,37.4,23.766735,86.418658
2026-07-25 06:00:00,N09,,,,,,,23.766735,86.418658
2026-07-25 07:00:00,N09,,,,,,,23.766735,86.418658
2026-07-25 08:00:00,N09,-0.1162,0.005273,6.87,6.0419,0.004372,43.1,23.766735,86.418658
2026-07-25 09:00:00,N09,0.2275,0.006093,6.63,6.0419,3.7e-05,44.6,23.766735,86.418658
2026-07-25 10:00:00,N09,-0.1933,0.005725,6.11,6.042,0.000316,45.8,23.766735,86.418658
2026-07-25 11:00:00,N09,0.0622,0.0089,8.32,6.0425,0.000368,46.6,23.766735,86.418658
2026-07-25 12:00:00,N09,0.0364,0.007198,3.45,6.0427,0.000589,46.8,23.766735,86.418658
2026-07-25 13:00:00,N09,0.0286,0.005757,4.05,6.0437,0.000663,46.6,23.766735,86.418658
2026-07-25 14:00:00,N09,0.1115,0.006485,5.05,6.044,0.000588,45.8,23.766735,86.418658
2026-07-25 15:00:00,N09,0.0915,0.007016,8.09,6.0449,0.000456,44.6,23.766735,86.418658
2026-07-25 16:00:00,N09,-0.0334,0.00809,5.0,6.045,0.000659,43.1,23.766735,86.418658
2026-07-25 17:00:00,N09,0.1007,0.007727,2.23,6.0462,0.000508,41.3,23.766735,86.418658
2026-07-25 18:00:00,N09,-0.0103,0.005281,1.89,6.046,0.000439,39.3,23.766735,86.418658
2026-07-25 19:00:00,N09,0.0105,0.006625,9.95,6.0453,0.000267,37.4,23.766735,86.418658
2026-07-25 20:00:00,N09,-0.0808,0.006406,5.65,6.0454,0.000108,35.6,23.766735,86.418658
2026-07-25 21:00:00,N09,,,,,,,23.766735,86.418658
2026-07-25 22:00:00,N09,0.0656,0.005365,3.27,6.0465,0.001093,32.8,23.766735,86.418658
2026-07-25 23:00:00,N09,,,,,,,23.766735,86.418658
2026-07-26 00:00:00,N09,,,,,,,23.766735,86.418658
2026-07-26 01:00:00,N09,,,,,,,23.766735,86.418658
2026-07-26 02:00:00,N09,0.0377,0.006843,2.17,6.0493,0.000805,24.3,23.766735,86.418658
2026-07-26 03:00:00,N09,0.1424,0.005587,1.45,6.0499,0.000656,25.5,23.766735,86.418658
2026-07-26 04:00:00,N09,-0.1458,0.005396,3.6,6.0506,0.000252,27.0,23.766735,86.418658
2026-07-26 05:00:00,N09,0.1394,0.00663,1.48,6.0504,6.5e-05,28.8,23.766735,86.418658
2026-07-26 06:00:00,N09,-0.1413,0.00615,9.84,6.0504,0.000199,30.8,23.766735,86.418658
2026-07-26 07:00:00,N09,,,,,,,23.766735,86.418658
2026-07-26 08:00:00,N09,,,,,,,23.766735,86.418658
2026-07-26 09:00:00,N09,,,,,,,23.766735,86.418658
2026-07-26 10:00:00,N09,,,,,,,23.766735,86.418658
2026-07-26 11:00:00,N09,,,,,,,23.766735,86.418658
2026-07-26 12:00:00,N09,-0.0465,0.009583,1.74,6.052,0.010553,38.3,23.766735,86.418658
2026-07-26 13:00:00,N09,-0.1766,0.005987,7.67,6.0524,0.000187,38.0,23.766735,86.418658
2026-07-26 14:00:00,N09,0.3588,0.005285,4.64,6.0524,0.000323,37.3,23.766735,86.418658
2026-07-26 15:00:00,N09,-0.2906,0.006354,3.3,6.0517,0.000357,36.1,23.766735,86.418658
2026-07-26 16:00:00,N09,,,,,,,23.766735,86.418658
2026-07-26 17:00:00,N09,,,,,,,23.766735,86.418658
2026-07-26 18:00:00,N09,,,,,,,23.766735,86.418658
2026-07-26 19:00:00,N09,,,,,,,23.766735,86.418658
2026-07-26 20:00:00,N09,,,,,,,23.766735,86.418658
2026-07-26 21:00:00,N09,-0.0924,0.008804,2.51,6.0548,3.6e-05,25.5,23.766735,86.418658
2026-07-26 22:00:00,N09,0.1647,0.005239,7.17,6.0546,0.00026,24.3,23.766735,86.418658
2026-07-26 23:00:00,N09,0.0911,0.005224,4.41,6.0553,0.000414,23.5,23.766735,86.418658
2026-07-27 00:00:00,N09,-0.1373,0.005434,4.01,6.0555,0.000502,27.8,23.766735,86.418658
2026-07-27 01:00:00,N09,-0.0263,0.00552,6.19,6.0563,0.000648,28.0,23.766735,86.418658
2026-07-27 02:00:00,N09,0.0533,0.006723,1.2,6.0568,0.000631,28.8,23.766735,86.418658
2026-07-27 03:00:00,N09,,,,,,,23.766735,86.418658
2026-07-27 04:00:00,N09,,,,,,,23.766735,86.418658
2026-07-27 05:00:00,N09,,,,,,,23.766735,86.418658
2026-07-27 06:00:00,N09,,,,,,,23.766735,86.418658
2026-07-27 07:00:00,N09,,,,,,,23.766735,86.418658
2026-07-27 08:00:00,N09,-0.1404,0.008976,6.05,6.0588,0.004532,39.0,23.766735,86.418658
2026-07-27 09:00:00,N09,0.1356,0.753158,29.44,6.0494,0.000341,40.6,23.766735,86.418658
2026-07-27 10:00:00,N09,-0.0715,0.005107,5.6,6.0581,0.004619,41.8,23.766735,86.418658
2026-07-27 11:00:00,N09,0.0237,0.005963,2.0,6.0586,0.000167,42.5,23.766735,86.418658
2026-07-27 12:00:00,N09,-0.0052,0.005606,3.3,6.0585,0.000259,42.8,23.766735,86.418658
2026-07-27 13:00:00,N09,0.0276,0.005233,8.87,6.0591,0.000104,42.5,23.766735,86.418658
2026-07-27 14:00:00,N09,-0.0057,0.007504,5.35,6.0587,2.9e-05,41.8,23.766735,86.418658
2026-07-27 15:00:00,N09,0.0677,0.005693,3.41,6.0592,1.6e-05,40.6,23.766735,86.418658
2026-07-27 16:00:00,N09,-0.0181,0.007488,9.25,6.0587,0.008679,39.0,23.766735,86.418658
2026-07-27 17:00:00,N09,0.1569,0.990345,34.43,6.0418,0.008661,37.2,23.766735,86.418658
2026-07-27 18:00:00,N09,0.1017,0.927549,16.39,6.0414,0.008708,35.3,23.766735,86.418658
2026-07-27 19:00:00,N09,0.343,0.008059,1.83,6.0593,0.00933,33.3,23.766735,86.418658
2026-07-27 20:00:00,N09,0.0381,0.006888,1.53,6.0601,0.000253,31.5,23.766735,86.418658
2026-07-27 21:00:00,N09,0.1501,0.007162,2.35,6.0598,0.000173,30.0,23.766735,86.418658
2026-07-27 22:00:00,N09,-0.0672,0.005179,4.05,6.0597,0.000186,28.8,23.766735,86.418658
2026-07-27 23:00:00,N09,,,,,,,23.766735,86.418658
2026-07-28 00:00:00,N09,,,,,,,23.766735,86.418658
2026-07-28 01:00:00,N09,0.0144,0.009362,5.88,6.0611,0.000202,22.7,23.766735,86.418658
2026-07-28 02:00:00,N09,0.0726,0.007227,8.59,6.0617,0.000715,23.4,23.766735,86.418658
2026-07-28 03:00:00,N09,-0.3039,0.005132,5.54,6.0625,0.00041,24.6,23.766735,86.418658
2026-07-28 04:00:00,N09,-0.2246,0.005223,1.35,6.0625,0.000511,26.2,23.766735,86.418658
2026-07-28 05:00:00,N09,-0.1428,0.005446,9.3,6.0635,0.000996,28.0,23.766735,86.418658
2026-07-28 06:00:00,N09,,,,,,,23.766735,86.418658
2026-07-28 07:00:00,N09,-0.3454,0.973643,36.79,6.0717,0.000454,31.9,23.766735,86.418658
2026-07-28 08:00:00,N09,-0.282,0.005413,2.06,6.0636,0.003749,33.7,23.766735,86.418658
2026-07-28 09:00:00,N09,-0.1021,0.00523,8.48,6.0642,0.000287,35.2,23.766735,86.418658
2026-07-28 10:00:00,N09,-0.1459,0.008175,2.52,6.0642,2.5e-05,36.4,23.766735,86.418658
2026-07-28 11:00:00,N09,-0.1871,0.005952,1.31,6.0641,0.00071,37.2,23.766735,86.418658
2026-07-28 12:00:00,N09,-0.1709,0.007787,3.04,6.0628,0.00062,37.4,23.766735,86.418658
2026-07-28 13:00:00,N09,,,,,,,23.766735,86.418658
2026-07-28 14:00:00,N09,,,,,,,23.766735,86.418658
2026-07-28 15:00:00,N09,,,,,,,23.766735,86.418658
2026-07-28 16:00:00,N09,,,,,,,23.766735,86.418658
2026-07-28 17:00:00,N09,-0.1672,0.006813,5.16,6.0646,0.000217,31.9,23.766735,86.418658
2026-07-28 18:00:00,N09,-0.4772,0.008083,8.58,6.0653,0.000285,29.9,23.766735,86.418658
2026-07-28 19:00:00,N09,-0.2725,0.006417,8.04,6.0652,0.000339,28.0,23.766735,86.418658
2026-07-28 20:00:00,N09,-0.0531,0.007206,1.76,6.066,0.000615,26.2,23.766735,86.418658
2026-07-28 21:00:00,N09,,,,,,,23.766735,86.418658
2026-07-28 22:00:00,N09,,,,,,,23.766735,86.418658
2026-07-28 23:00:00,N09,,,,,,,23.766735,86.418658
2026-07-29 00:00:00,N09,,,,,,,23.766735,86.418658
2026-07-29 01:00:00,N09,,,,,,,23.766735,86.418658
2026-07-29 02:00:00,N09,0.1208,0.005144,3.9,6.0676,0.000891,27.2,23.766735,86.418658
2026-07-29 03:00:00,N09,-0.0092,0.008865,9.24,6.0685,0.00065,28.4,23.766735,86.418658
2026-07-29 04:00:00,N09,,,,,,,23.766735,86.418658
2026-07-29 05:00:00,N09,,,,,,,23.766735,86.418658
2026-07-29 06:00:00,N09,,,,,,,23.766735,86.418658
2026-07-29 07:00:00,N09,0.1765,0.006324,9.06,6.0774,0.003306,35.7,23.766735,86.418658
2026-07-29 08:00:00,N09,-0.0586,0.005254,7.44,6.0773,0.007869,37.5,23.766735,86.418658
2026-07-29 09:00:00,N09,0.0797,0.737646,29.77,6.0617,0.007735,39.0,23.766735,86.418658
2026-07-29 10:00:00,N09,0.1112,0.903047,28.54,6.0619,0.007965,40.2,23.766735,86.418658
2026-07-29 11:00:00,N09,0.0601,0.00821,3.99,6.0776,0.008073,41.0,23.766735,86.418658
2026-07-29 12:00:00,N09,0.1592,0.008418,9.19,6.078,0.009717,41.2,23.766735,86.418658
2026-07-29 13:00:00,N09,,,,,,,23.766735,86.418658
2026-07-29 14:00:00,N09,,,,,,,23.766735,86.418658
2026-07-29 15:00:00,N09,,,,,,,23.766735,86.418658
2026-07-29 16:00:00,N09,,,,,,,23.766735,86.418658
2026-07-29 17:00:00,N09,0.0493,0.010357,7.02,6.0816,0.000358,35.7,23.766735,86.418658
2026-07-29 18:00:00,N09,-0.0816,0.005912,9.29,6.0815,0.000404,33.7,23.766735,86.418658
2026-07-29 19:00:00,N09,0.054,0.006362,7.83,6.0824,0.000577,31.8,23.766735,86.418658
2026-07-29 20:00:00,N09,0.3012,0.005624,9.21,6.0826,0.000224,30.0,23.766735,86.418658
2026-07-29 21:00:00,N09,,,,,,,23.766735,86.418658
2026-07-29 22:00:00,N09,,,,,,,23.766735,86.418658
2026-07-29 23:00:00,N09,,,,,,,23.766735,86.418658
2026-07-30 00:00:00,N09,,,,,,,23.766735,86.418658
2026-07-30 01:00:00,N09,,,,,,,23.766735,86.418658
2026-07-30 02:00:00,N09,,,,,,,23.766735,86.418658
2026-07-30 03:00:00,N09,,,,,,,23.766735,86.418658
2026-07-30 04:00:00,N09,-0.0648,0.007266,5.21,6.0852,0.000286,31.5,23.766735,86.418658
2026-07-30 05:00:00,N09,-0.1573,0.006338,1.22,6.0856,0.000505,33.3,23.766735,86.418658
2026-07-30 06:00:00,N09,0.1364,0.007369,3.07,6.0862,0.00017,35.3,23.766735,86.418658
2026-07-30 07:00:00,N09,0.08,0.005086,6.22,6.0859,0.000566,37.2,23.766735,86.418658
2026-07-30 08:00:00,N09,-0.0308,0.007189,6.28,6.0873,0.00102,39.0,23.766735,86.418658
2026-07-30 09:00:00,N09,0.1301,0.005964,5.14,6.0879,0.000301,40.6,23.766735,86.418658
2026-07-30 10:00:00,N09,0.0773,0.005887,8.35,6.0879,8.4e-05,41.8,23.766735,86.418658
2026-07-30 11:00:00,N09,-0.0226,0.007139,2.59,6.0881,0.000203,42.5,23.766735,86.418658
2026-07-30 12:00:00,N09,-0.2051,0.005844,5.28,6.0883,0.005856,42.8,23.766735,86.418658
2026-07-30 13:00:00,N09,-0.009,0.636695,47.44,6.0764,0.000122,42.5,23.766735,86.418658
2026-07-30 14:00:00,N09,0.1481,0.00684,1.03,6.0881,0.006238,41.8,23.766735,86.418658
2026-07-30 15:00:00,N09,-0.0464,0.007476,4.96,6.0889,0.000464,40.6,23.766735,86.418658
2026-07-30 16:00:00,N09,-0.0554,0.008347,1.32,6.089,0.00033,39.0,23.766735,86.418658
2026-07-30 17:00:00,N09,0.2353,0.009628,6.38,6.0895,0.000676,37.2,23.766735,86.418658
2026-07-30 18:00:00,N09,-0.076,0.006724,8.9,6.0904,0.000561,35.3,23.766735,86.418658
2026-07-30 19:00:00,N09,,,,,,,23.766735,86.418658
2026-07-30 20:00:00,N09,,,,,,,23.766735,86.418658
2026-07-30 21:00:00,N09,,,,,,,23.766735,86.418658
2026-07-30 22:00:00,N09,,,,,,,23.766735,86.418658
2026-07-30 23:00:00,N09,0.1078,0.007454,6.47,6.0902,0.000556,28.0,23.766735,86.418658
2026-07-31 00:00:00,N09,0.1529,0.005919,4.64,6.0912,0.000151,28.6,23.766735,86.418658
2026-07-31 01:00:00,N09,0.0148,0.010196,4.39,6.0905,0.000345,28.9,23.766735,86.418658
2026-07-31 02:00:00,N09,-0.0989,0.007372,6.2,6.0905,0.000285,29.6,23.766735,86.418658
2026-07-31 03:00:00,N09,-0.1499,0.006492,3.16,6.09,0.000342,30.8,23.766735,86.418658
2026-07-31 04:00:00,N09,-0.1343,0.008663,1.34,6.0898,6.1e-05,32.4,23.766735,86.418658
2026-07-31 05:00:00,N09,0.043,0.005081,1.79,6.0898,0.006388,34.2,23.766735,86.418658
2026-07-31 06:00:00,N09,-0.0599,0.820457,21.12,6.0771,0.006096,36.1,23.766735,86.418658
2026-07-31 07:00:00,N09,0.0642,0.998061,43.86,6.0777,0.003609,38.0,23.766735,86.418658
2026-07-31 08:00:00,N09,0.0381,0.615595,23.7,6.0843,0.006884,39.9,23.766735,86.418658
2026-07-31 09:00:00,N09,-0.2153,0.007371,4.12,6.0914,0.003528,41.4,23.766735,86.418658
2026-07-31 10:00:00,N09,0.1782,0.005904,9.58,6.0913,0.000199,42.6,23.766735,86.418658
2026-07-31 11:00:00,N09,-0.0567,0.008063,5.15,6.0918,0.000716,43.4,23.766735,86.418658
2026-07-31 12:00:00,N09,0.0593,0.005888,2.14,6.0928,0.000543,43.6,23.766735,86.418658
2026-07-31 13:00:00,N09,,,,,,,23.766735,86.418658
2026-07-31 14:00:00,N09,,,,,,,23.766735,86.418658
2026-07-31 15:00:00,N09,,,,,,,23.766735,86.418658
2026-07-31 16:00:00,N09,,,,,,,23.766735,86.418658
2026-07-31 17:00:00,N09,-0.1589,0.005998,2.14,6.0953,0.000922,38.0,23.766735,86.418658
2026-07-31 18:00:00,N09,0.1606,0.005656,6.66,6.0959,0.000437,36.1,23.766735,86.418658
2026-07-31 19:00:00,N09,-0.1295,0.008531,7.23,6.0961,0.000533,34.2,23.766735,86.418658
2026-07-31 20:00:00,N09,,,,,,,23.766735,86.418658
2026-07-31 21:00:00,N09,,,,,,,23.766735,86.418658
2026-07-31 22:00:00,N09,-0.0517,0.005494,8.23,6.098,0.000743,29.6,23.766735,86.418658
2026-07-31 23:00:00,N09,,,,,,,23.766735,86.418658
2026-08-01 00:00:00,N09,,,,,,,23.766735,86.418658
2026-08-01 01:00:00,N09,-0.0419,0.005665,2.34,6.099,0.000134,21.6,23.766735,86.418658
2026-08-01 02:00:00,N09,0.0443,0.00801,5.14,6.0989,0.000131,22.3,23.766735,86.418658
2026-08-01 03:00:00,N09,-0.125,0.006384,1.7,6.0992,0.000367,23.5,23.766735,86.418658
2026-08-01 04:00:00,N09,-0.0941,0.005629,8.72,6.0997,0.00058,25.0,23.766735,86.418658
2026-08-01 05:00:00,N09,,,,,,,23.766735,86.418658
2026-08-01 06:00:00,N09,,,,,,,23.766735,86.418658
2026-08-01 07:00:00,N09,,,,,,,23.766735,86.418658
2026-08-01 08:00:00,N09,,,,,,,23.766735,86.418658
2026-08-01 09:00:00,N09,-0.0172,0.007088,9.06,6.1023,0.000679,34.1,23.766735,86.418658
2026-08-01 10:00:00,N09,-0.2894,0.005557,2.76,6.1033,0.000165,35.3,23.766735,86.418658
2026-08-01 11:00:00,N09,0.1025,0.006397,1.13,6.1026,9.9e-05,36.0,23.766735,86.418658
2026-08-01 12:00:00,N09,-0.3645,0.008326,9.78,6.1035,0.003561,36.3,23.766735,86.418658
2026-08-01 13:00:00,N09,,,,,,,23.766735,86.418658
2026-08-01 14:00:00,N09,,,,,,,23.766735,86.418658
2026-08-01 15:00:00,N09,,,,,,,23.766735,86.418658
2026-08-01 16:00:00,N09,,,,,,,23.766735,86.418658
2026-08-01 17:00:00,N09,0.2498,0.735534,44.2,6.0928,0.006765,30.7,23.766735,86.418658
2026-08-01 18:00:00,N09,0.1556,0.006545,7.89,6.1062,0.006754,28.8,23.766735,86.418658
2026-08-01 19:00:00,N09,-0.0655,0.008522,4.3,6.1063,0.000284,26.9,23.766735,86.418658
2026-08-01 20:00:00,N09,0.0937,0.006536,3.84,6.1068,0.000711,25.0,23.766735,86.418658
2026-08-01 21:00:00,N09,0.1073,0.006075,8.47,6.1078,0.000995,23.5,23.766735,86.418658
2026-08-01 22:00:00,N09,,,,,,,23.766735,86.418658
2026-08-01 23:00:00,N09,,,,,,,23.766735,86.418658
2026-08-02 00:00:00,N09,,,,,,,23.766735,86.418658
2026-08-02 01:00:00,N09,,,,,,,23.766735,86.418658
2026-08-02 02:00:00,N09,-0.2416,0.0054,9.99,6.1121,0.00062,25.4,23.766735,86.418658
2026-08-02 03:00:00,N09,0.0179,0.006132,9.16,6.1124,0.000535,26.6,23.766735,86.418658
2026-08-02 04:00:00,N09,-0.1578,0.005637,6.64,6.1132,0.00059,28.1,23.766735,86.418658
2026-08-02 05:00:00,N09,-0.054,0.005912,3.13,6.1135,4.7e-05,29.9,23.766735,86.418658
2026-08-02 06:00:00,N09,-0.1368,0.006966,1.73,6.1133,0.000124,31.9,23.766735,86.418658
2026-08-02 07:00:00,N09,,,,,,,23.766735,86.418658
2026-08-02 08:00:00,N09,,,,,,,23.766735,86.418658
2026-08-02 09:00:00,N09,,,,,,,23.766735,86.418658
2026-08-02 10:00:00,N09,,,,,,,23.766735,86.418658
2026-08-02 11:00:00,N09,0.1827,0.869318,22.56,6.1103,0.008006,39.1,23.766735,86.418658
2026-08-02 12:00:00,N09,0.0001,0.005285,9.9,6.1161,0.002884,39.4,23.766735,86.418658
2026-08-02 13:00:00,N09,0.165,0.006739,3.98,6.116,1.9e-05,39.1,23.766735,86.418658
2026-08-02 14:00:00,N09,-0.0793,0.005551,1.86,6.1161,0.000417,38.4,23.766735,86.418658
2026-08-02 15:00:00,N09,-0.119,0.010977,3.19,6.1169,0.000251,37.2,23.766735,86.418658
2026-08-02 16:00:00,N09,,,,,,,23.766735,86.418658
2026-08-02 17:00:00,N09,,,,,,,23.766735,86.418658
2026-08-02 18:00:00,N09,-0.2612,0.00609,1.95,6.1177,7.7e-05,31.9,23.766735,86.418658
2026-08-02 19:00:00,N09,-0.0492,0.006855,7.94,6.1177,0.000226,29.9,23.766735,86.418658
2026-08-02 20:00:00,N09,-0.1161,0.005907,1.46,6.1182,0.000262,28.1,23.766735,86.418658
2026-08-02 21:00:00,N09,,,,,,,23.766735,86.418658
2026-08-02 22:00:00,N09,,,,,,,23.766735,86.418658
2026-08-02 23:00:00,N09,,,,,,,23.766735,86.418658
2026-08-03 00:00:00,N09,,,,,,,23.766735,86.418658
2026-08-03 01:00:00,N09,0.1715,0.005845,9.87,6.1195,0.000336,25.9,23.766735,86.418658
2026-08-03 02:00:00,N09,,,,,,,23.766735,86.418658
2026-08-03 03:00:00,N09,,,,,,,23.766735,86.418658
2026-08-03 04:00:00,N09,,,,,,,23.766735,86.418658
2026-08-03 05:00:00,N09,0.0749,0.00828,4.57,6.1203,0.000104,31.2,23.766735,86.418658
2026-08-03 06:00:00,N09,-0.2369,0.006582,8.37,6.1208,9.2e-05,33.2,23.766735,86.418658
2026-08-03 07:00:00,N09,-0.1689,0.006437,9.38,6.1204,4e-06,35.1,23.766735,86.418658
2026-08-03 08:00:00,N09,-0.2689,0.005476,3.42,6.1208,0.000283,36.9,23.766735,86.418658
2026-08-03 09:00:00,N09,-0.0732,0.007072,5.85,6.121,0.005216,38.5,23.766735,86.418658
2026-08-03 10:00:00,N09,0.4365,0.933981,25.74,6.1312,0.005733,39.7,23.766735,86.418658
2026-08-03 11:00:00,N09,-0.0326,0.534158,38.57,6.1325,0.004156,40.4,23.766735,86.418658
2026-08-03 12:00:00,N09,-0.2379,0.005942,7.57,6.1229,0.004608,40.7,23.766735,86.418658
2026-08-03 13:00:00,N09,0.0056,0.005059,6.2,6.1233,0.000697,40.4,23.766735,86.418658
2026-08-03 14:00:00,N09,-0.0309,0.006372,6.01,6.1243,0.000712,39.7,23.766735,86.418658
2026-08-03 15:00:00,N09,-0.09,0.006599,1.1,6.1247,6.6e-05,38.5,23.766735,86.418658
2026-08-03 16:00:00,N09,-0.4518,0.00532,9.06,6.1242,4.6e-05,36.9,23.766735,86.418658
2026-08-03 17:00:00,N09,0.2665,0.006473,2.73,6.1246,1.6e-05,35.1,23.766735,86.418658
2026-08-03 18:00:00,N09,-0.0563,0.007479,4.54,6.1242,0.000114,33.2,23.766735,86.418658
2026-08-03 19:00:00,N09,-0.0328,0.006172,2.7,6.1244,0.000138,31.2,23.766735,86.418658
2026-08-03 20:00:00,N09,0.1289,0.005833,6.41,6.1239,0.000302,29.4,23.766735,86.418658
2026-08-03 21:00:00,N09,,,,,,,23.766735,86.418658
2026-08-03 22:00:00,N09,,,,,,,23.766735,86.418658
2026-08-03 23:00:00,N09,,,,,,,23.766735,86.418658
2026-08-04 00:00:00,N09,,,,,,,23.766735,86.418658
2026-08-04 01:00:00,N09,-0.2284,0.008731,7.25,6.1245,0.000118,27.6,23.766735,86.418658
2026-08-04 02:00:00,N09,-0.0031,0.005369,7.9,6.1247,0.000287,28.3,23.766735,86.418658
2026-08-04 03:00:00,N09,-0.2679,0.009991,3.18,6.1251,0.000469,29.5,23.766735,86.418658
2026-08-04 04:00:00,N09,-0.0694,0.005098,2.13,6.1256,0.000618,31.1,23.766735,86.418658
2026-08-04 05:00:00,N09,0.1391,0.007848,5.73,6.1263,0.0098,32.9,23.766735,86.418658
2026-08-04 06:00:00,N09,0.0577,0.682135,41.9,6.1452,0.000791,34.8,23.766735,86.418658
2026-08-04 07:00:00,N09,,,,,,,23.766735,86.418658
2026-08-04 08:00:00,N09,,,,,,,23.766735,86.418658
2026-08-04 09:00:00,N09,,,,,,,23.766735,86.418658
2026-08-04 10:00:00,N09,-0.1349,0.005615,8.39,6.1281,0.008579,41.3,23.766735,86.418658
2026-08-04 11:00:00,N09,0.0872,0.661314,21.0,6.1446,0.000302,42.1,23.766735,86.418658
2026-08-04 12:00:00,N09,-0.1104,0.005804,7.25,6.1287,0.007894,42.3,23.766735,86.418658
2026-08-04 13:00:00,N09,-0.0367,0.005601,3.67,6.1289,0.000194,42.1,23.766735,86.418658
2026-08-04 14:00:00,N09,0.1471,0.008693,1.77,6.1291,0.000529,41.3,23.766735,86.418658
2026-08-04 15:00:00,N09,,,,,,,23.766735,86.418658
2026-08-04 16:00:00,N09,,,,,,,23.766735,86.418658
2026-08-04 17:00:00,N09,-0.0202,0.006351,9.97,6.1305,0.000115,36.8,23.766735,86.418658
2026-08-04 18:00:00,N09,0.2051,0.00543,3.05,6.1305,1.7e-05,34.8,23.766735,86.418658
2026-08-04 19:00:00,N09,0.0349,0.005276,3.53,6.1305,0.000204,32.9,23.766735,86.418658
2026-08-04 20:00:00,N09,-0.1597,0.007002,7.64,6.1309,0.00067,31.1,23.766735,86.418658
2026-08-04 21:00:00,N09,,,,,,,23.766735,86.418658
2026-08-04 22:00:00,N09,,,,,,,23.766735,86.418658
2026-08-04 23:00:00,N09,,,,,,,23.766735,86.418658
2026-08-05 00:00:00,N09,0.041,0.009021,5.86,6.1337,5e-05,24.8,23.766735,86.418658
2026-08-05 01:00:00,N09,0.0572,0.007154,3.96,6.1334,4.5e-05,25.1,23.766735,86.418658
2026-08-05 02:00:00,N09,-0.0533,0.006628,8.08,6.1336,7.4e-05,25.8,23.766735,86.418658
2026-08-05 03:00:00,N09,0.0027,0.006073,5.25,6.1332,0.000154,27.0,23.766735,86.418658
2026-08-05 04:00:00,N09,-0.1343,0.005752,6.38,6.1333,6.7e-05,28.6,23.766735,86.418658
2026-08-05 05:00:00,N09,-0.3815,0.005538,5.18,6.1333,8.6e-05,30.4,23.766735,86.418658
2026-08-05 06:00:00,N09,0.1143,0.006903,5.7,6.1334,0.000213,32.3,23.766735,86.418658
2026-08-05 07:00:00,N09,-0.0232,0.005174,7.04,6.1338,0.000447,34.2,23.766735,86.418658
2026-08-05 08:00:00,N09,0.0484,0.008676,2.96,6.1343,0.000589,36.1,23.766735,86.418658
2026-08-05 09:00:00,N09,,,,,,,23.766735,86.418658
2026-08-05 10:00:00,N09,,,,,,,23.766735,86.418658
2026-08-05 11:00:00,N09,,,,,,,23.766735,86.418658
2026-08-05 12:00:00,N09,,,,,,,23.766735,86.418658
2026-08-05 13:00:00,N09,-0.2267,0.007384,6.18,6.1364,0.008045,39.5,23.766735,86.418658
2026-08-05 14:00:00,N09,-0.1258,0.757968,28.63,6.1521,0.007948,38.8,23.766735,86.418658
2026-08-05 15:00:00,N09,0.2142,0.865798,33.66,6.1523,0.007787,37.6,23.766735,86.418658
2026-08-05 16:00:00,N09,0.1942,0.005326,8.6,6.1365,0.007849,36.1,23.766735,86.418658
2026-08-05 17:00:00,N09,-0.0595,0.006947,6.76,6.1366,0.000346,34.2,23.766735,86.418658
2026-08-05 18:00:00,N09,0.0023,0.005917,2.56,6.1372,0.000252,32.3,23.766735,86.418658
2026-08-05 19:00:00,N09,-0.1333,0.008975,3.3,6.1371,0.000306,30.4,23.766735,86.418658
2026-08-05 20:00:00,N09,-0.1213,0.005946,2.48,6.1378,0.000211,28.6,23.766735,86.418658
2026-08-05 21:00:00,N09,,,,,,,23.766735,86.418658
2026-08-05 22:00:00,N09,,,,,,,23.766735,86.418658
2026-08-05 23:00:00,N09,-0.1395,0.006141,5.64,6.1387,0.001065,25.1,23.766735,86.418658
2026-08-06 00:00:00,N09,-0.1211,0.006105,3.1,6.1401,0.000688,22.1,23.766735,86.418658
2026-08-06 01:00:00,N09,-0.0303,0.005058,4.22,6.1401,3.3e-05,22.3,23.766735,86.418658
2026-08-06 02:00:00,N09,0.1658,0.006075,6.68,6.1401,0.000252,23.1,23.766735,86.418658
2026-08-06 03:00:00,N09,0.0388,0.00501,4.1,6.1406,9.8e-05,24.3,23.766735,86.418658
2026-08-06 04:00:00,N09,-0.0624,0.005701,6.16,6.1403,2.8e-05,25.8,23.766735,86.418658
2026-08-06 05:00:00,N09,0.0528,0.005644,4.56,6.1406,0.003033,27.6,23.766735,86.418658
2026-08-06 06:00:00,N09,-0.1891,0.896611,27.66,6.1343,0.00287,29.6,23.766735,86.418658
2026-08-06 07:00:00,N09,0.1379,0.967539,19.86,6.1349,0.003765,31.5,23.766735,86.418658
2026-08-06 08:00:00,N09,-0.0373,0.006066,7.5,6.1418,0.003637,33.3,23.766735,86.418658
2026-08-06 09:00:00,N09,0.1863,0.008073,7.21,6.1422,0.000481,34.9,23.766735,86.418658
2026-08-06 10:00:00,N09,-0.1616,0.006562,1.01,6.1428,0.000536,36.1,23.766735,86.418658
2026-08-06 11:00:00,N09,-0.1019,0.007619,3.18,6.1432,0.006236,36.8,23.766735,86.418658
2026-08-06 12:00:00,N09,0.0273,0.785178,40.61,6.1303,0.015512,37.1,23.766735,86.418658
2026-08-06 13:00:00,N09,,,,,,,23.766735,86.418658
2026-08-06 14:00:00,N09,,,,,,,23.766735,86.418658
2026-08-06 15:00:00,N09,,,,,,,23.766735,86.418658
2026-08-06 16:00:00,N09,0.0451,0.006929,2.99,6.1432,0.000198,33.3,23.766735,86.418658
2026-08-06 17:00:00,N09,0.4693,0.005228,6.16,6.1433,0.000227,31.5,23.766735,86.418658
2026-08-06 18:00:00,N09,0.1039,0.006449,6.15,6.1437,0.000305,29.6,23.766735,86.418658
2026-08-06 19:00:00,N09,0.0458,0.006228,5.8,6.1439,0.000267,27.6,23.766735,86.418658
2026-08-06 20:00:00,N09,-0.0769,0.005343,7.7,6.1442,0.000611,25.8,23.766735,86.418658
2026-08-06 21:00:00,N09,,,,,,,23.766735,86.418658
2026-08-06 22:00:00,N09,,,,,,,23.766735,86.418658
2026-08-06 23:00:00,N09,,,,,,,23.766735,86.418658
2026-08-07 00:00:00,N09,,,,,,,23.766735,86.418658
2026-08-07 01:00:00,N09,,,,,,,23.766735,86.418658
2026-08-07 02:00:00,N09,-0.2569,0.005722,3.47,6.1473,9.1e-05,28.1,23.766735,86.418658
2026-08-07 03:00:00,N09,-0.1374,0.005112,8.64,6.1468,0.000111,29.3,23.766735,86.418658
2026-08-07 04:00:00,N09,0.0895,0.006567,9.78,6.1471,0.00028,30.8,23.766735,86.418658
2026-08-07 05:00:00,N09,-0.0145,0.006468,8.74,6.1474,0.00036,32.6,23.766735,86.418658
2026-08-07 06:00:00,N09,-0.0892,0.006115,4.79,6.1478,0.000353,34.6,23.766735,86.418658
2026-08-07 07:00:00,N09,,,,,,,23.766735,86.418658
2026-08-07 08:00:00,N09,,,,,,,23.766735,86.418658
2026-08-07 09:00:00,N09,,,,,,,23.766735,86.418658
2026-08-07 10:00:00,N09,,,,,,,23.766735,86.418658
2026-08-07 11:00:00,N09,,,,,,,23.766735,86.418658
2026-08-07 12:00:00,N09,0.0357,0.005071,2.61,6.1513,0.001192,42.1,23.766735,86.418658
2026-08-07 13:00:00,N09,-0.1066,0.612199,43.38,6.1482,0.005336,41.8,23.766735,86.418658
2026-08-07 14:00:00,N09,-0.0224,0.896054,47.88,6.1619,0.007191,41.1,23.766735,86.418658
2026-08-07 15:00:00,N09,-0.2873,0.738313,38.56,6.1625,0.004143,39.9,23.766735,86.418658
2026-08-07 16:00:00,N09,0.2082,0.007599,4.22,6.1536,0.004143,38.3,23.766735,86.418658
2026-08-07 17:00:00,N09,-0.1377,0.006678,6.44,6.1543,0.000799,36.5,23.766735,86.418658
2026-08-07 18:00:00,N09,-0.1357,0.008366,3.27,6.1552,0.000438,34.6,23.766735,86.418658
2026-08-07 19:00:00,N09,,,,,,,23.766735,86.418658
2026-08-07 20:00:00,N09,,,,,,,23.766735,86.418658
2026-08-07 21:00:00,N09,0.0957,0.005423,3.44,6.1534,0.000453,29.3,23.766735,86.418658
2026-08-07 22:00:00,N09,,,,,,,23.766735,86.418658
2026-08-07 23:00:00,N09,-0.1112,0.005385,8.55,6.1543,0.000127,27.3,23.766735,86.418658
2026-08-08 00:00:00,N09,,,,,,,23.766735,86.418658
2026-08-08 01:00:00,N09,,,,,,,23.766735,86.418658
2026-08-08 02:00:00,N09,,,,,,,23.766735,86.418658
2026-08-08 03:00:00,N09,,,,,,,23.766735,86.418658
2026-08-08 04:00:00,N09,-0.098,0.006395,1.82,6.1554,0.000268,28.4,23.766735,86.418658
2026-08-08 05:00:00,N09,,,,,,,23.766735,86.418658
2026-08-08 06:00:00,N09,,,,,,,23.766735,86.418658
2026-08-08 07:00:00,N09,,,,,,,23.766735,86.418658
2026-08-08 08:00:00,N09,-0.3238,0.006576,6.58,6.1559,0.000604,35.9,23.766735,86.418658
2026-08-08 09:00:00,N09,0.1356,0.006443,7.52,6.1567,0.000451,37.5,23.766735,86.418658
2026-08-08 10:00:00,N09,-0.0144,0.007041,7.97,6.1568,0.000383,38.7,23.766735,86.418658
2026-08-08 11:00:00,N09,-0.1339,0.006159,3.03,6.1575,0.000834,39.4,23.766735,86.418658
2026-08-08 12:00:00,N09,0.0874,0.005917,3.83,6.1584,0.000655,39.7,23.766735,86.418658
2026-08-08 13:00:00,N09,0.1914,0.005165,3.18,6.1588,0.000661,39.4,23.766735,86.418658
2026-08-08 14:00:00,N09,0.047,0.006782,2.24,6.1598,0.000622,38.7,23.766735,86.418658
2026-08-08 15:00:00,N09,0.0834,0.005482,1.17,6.16,0.003753,37.5,23.766735,86.418658
2026-08-08 16:00:00,N09,,,,,,,23.766735,86.418658
2026-08-08 17:00:00,N09,,,,,,,23.766735,86.418658
2026-08-08 18:00:00,N09,,,,,,,23.766735,86.418658
2026-08-08 19:00:00,N09,,,,,,,23.766735,86.418658
2026-08-08 20:00:00,N09,,,,,,,23.766735,86.418658
2026-08-08 21:00:00,N09,,,,,,,23.766735,86.418658
2026-08-08 22:00:00,N09,,,,,,,23.766735,86.418658
2026-08-08 23:00:00,N09,,,,,,,23.766735,86.418658
2026-08-09 00:00:00,N09,,,,,,,23.766735,86.418658
2026-08-09 01:00:00,N09,,,,,,,23.766735,86.418658
2026-08-09 02:00:00,N09,,,,,,,23.766735,86.418658
2026-08-09 03:00:00,N09,,,,,,,23.766735,86.418658
2026-08-09 04:00:00,N09,-0.0362,0.005558,7.11,6.1634,9.5e-05,25.6,23.766735,86.418658
2026-08-09 05:00:00,N09,,,,,,,23.766735,86.418658
2026-08-09 06:00:00,N09,,,,,,,23.766735,86.418658
2026-08-09 07:00:00,N09,,,,,,,23.766735,86.418658
2026-08-09 08:00:00,N09,,,,,,,23.766735,86.418658
2026-08-09 09:00:00,N09,,,,,,,23.766735,86.418658
2026-08-09 10:00:00,N09,-0.0495,0.005028,5.7,6.1659,0.000262,35.8,23.766735,86.418658
2026-08-09 11:00:00,N09,0.003,0.006649,8.42,6.1659,0.005796,36.6,23.766735,86.418658
2026-08-09 12:00:00,N09,,,,,,,23.766735,86.418658
2026-08-09 13:00:00,N09,,,,,,,23.766735,86.418658
2026-08-09 14:00:00,N09,0.2011,0.005042,6.29,6.1665,0.005806,35.8,23.766735,86.418658
2026-08-09 15:00:00,N09,-0.1751,0.007425,2.19,6.1672,0.000512,34.6,23.766735,86.418658
2026-08-09 16:00:00,N09,-0.0559,0.00752,6.0,6.1675,0.000324,33.1,23.766735,86.418658
2026-08-09 17:00:00,N09,-0.1279,0.006482,3.13,6.1679,0.000126,31.2,23.766735,86.418658
2026-08-09 18:00:00,N09,-0.0278,0.008569,1.23,6.1678,0.000185,29.3,23.766735,86.418658
2026-08-09 19:00:00,N09,-0.4775,0.006908,2.76,6.1682,0.000215,27.4,23.766735,86.418658
2026-08-09 20:00:00,N09,0.1242,0.0069,2.47,6.1674,0.000396,25.6,23.766735,86.418658
2026-08-09 21:00:00,N09,-0.3213,0.005591,2.76,6.1675,0.000293,24.0,23.766735,86.418658
2026-08-09 22:00:00,N09,0.0117,0.00547,2.43,6.1679,9.9e-05,22.8,23.766735,86.418658
2026-08-09 23:00:00,N09,-0.1669,0.005093,7.72,6.1676,0.000495,22.1,23.766735,86.418658
2026-08-10 00:00:00,N09,0.1353,0.007248,2.66,6.1669,4.3e-05,25.9,23.766735,86.418658
2026-08-10 01:00:00,N09,-0.0329,0.005323,6.87,6.1676,0.000539,26.1,23.766735,86.418658
2026-08-10 02:00:00,N09,-0.1593,0.007719,9.8,6.168,7e-05,26.9,23.766735,86.418658
2026-08-10 03:00:00,N09,,,,,,,23.766735,86.418658
2026-08-10 04:00:00,N09,0.0251,0.007171,6.38,6.1678,0.000226,29.6,23.766735,86.418658
2026-08-10 05:00:00,N09,-0.338,0.006783,3.9,6.1682,0.000468,31.4,23.766735,86.418658
2026-08-10 06:00:00,N09,-0.2501,0.005823,5.37,6.1687,0.000581,33.4,23.766735,86.418658
2026-08-10 07:00:00,N09,,,,,,,23.766735,86.418658
2026-08-10 08:00:00,N09,-0.3132,0.006115,2.7,6.169,0.000127,37.1,23.766735,86.418658
2026-08-10 09:00:00,N09,,,,,,,23.766735,86.418658
2026-08-10 10:00:00,N09,,,,,,,23.766735,86.418658
2026-08-10 11:00:00,N09,-0.0366,0.008443,9.18,6.1703,0.005566,40.6,23.766735,86.418658
2026-08-10 12:00:00,N09,,,,,,,23.766735,86.418658
2026-08-10 13:00:00,N09,,,,,,,23.766735,86.418658
2026-08-10 14:00:00,N09,0.113,0.005824,4.25,6.1705,0.005596,39.9,23.766735,86.418658
2026-08-10 15:00:00,N09,,,,,,,23.766735,86.418658
2026-08-10 16:00:00,N09,,,,,,,23.766735,86.418658
2026-08-10 17:00:00,N09,,,,,,,23.766735,86.418658
2026-08-10 18:00:00,N09,,,,,,,23.766735,86.418658
2026-08-10 19:00:00,N09,-0.2087,0.005098,3.63,6.1693,0.000178,31.4,23.766735,86.418658
2026-08-10 20:00:00,N09,-0.088,0.006134,7.45,6.1698,0.000295,29.6,23.766735,86.418658
2026-08-10 21:00:00,N09,0.0129,0.006472,5.1,6.1699,2.9e-05,28.1,23.766735,86.418658
2026-08-10 22:00:00,N09,0.0936,0.008065,1.31,6.1697,0.000227,26.9,23.766735,86.418658
2026-08-10 23:00:00,N09,-0.1546,0.007326,1.98,6.1703,0.000486,26.1,23.766735,86.418658
2026-08-11 00:00:00,N09,-0.3029,0.006529,1.56,6.1707,0.00011,25.4,23.766735,86.418658
2026-08-11 01:00:00,N09,-0.3495,0.010804,5.57,6.1706,0.000282,25.7,23.766735,86.418658
2026-08-11 02:00:00,N09,0.0507,0.006852,2.89,6.1701,0.000203,26.4,23.766735,86.418658
2026-08-11 03:00:00,N09,0.0341,0.005349,4.87,6.1702,0.000133,27.6,23.766735,86.418658
2026-08-11 04:00:00,N09,-0.2408,0.007866,1.37,6.1704,0.000809,29.2,23.766735,86.418658
2026-08-11 05:00:00,N09,-0.2488,0.006227,8.2,6.1718,0.003623,31.0,23.766735,86.418658
2026-08-11 06:00:00,N09,,,,,,,23.766735,86.418658
2026-08-11 07:00:00,N09,,,,,,,23.766735,86.418658
2026-08-11 08:00:00,N09,,,,,,,23.766735,86.418658
2026-08-11 09:00:00,N09,,,,,,,23.766735,86.418658
2026-08-11 10:00:00,N09,0.2395,0.005876,5.76,6.174,0.000595,39.4,23.766735,86.418658
2026-08-11 11:00:00,N09,0.2116,0.006431,1.83,6.1748,0.000303,40.2,23.766735,86.418658
2026-08-11 12:00:00,N09,-0.1816,0.006669,1.35,6.1746,0.0,40.4,23.766735,86.418658
2026-08-11 13:00:00,N09,,,,,,,23.766735,86.418658
2026-08-11 14:00:00,N09,,,,,,,23.766735,86.418658
2026-08-11 15:00:00,N09,,,,,,,23.766735,86.418658
2026-08-11 16:00:00,N09,0.0348,0.008254,3.44,6.1748,0.008482,36.7,23.766735,86.418658
2026-08-11 17:00:00,N09,0.0099,0.007316,7.27,6.175,0.000273,34.9,23.766735,86.418658
2026-08-11 18:00:00,N09,0.0697,0.008623,6.05,6.1753,1e-06,32.9,23.766735,86.418658
2026-08-11 19:00:00,N09,0.0617,0.00524,2.39,6.175,0.000321,31.0,23.766735,86.418658
2026-08-11 20:00:00,N09,0.1367,0.008628,8.39,6.176,0.000226,29.2,23.766735,86.418658
2026-08-11 21:00:00,N09,,,,,,,23.766735,86.418658
2026-08-11 22:00:00,N09,,,,,,,23.766735,86.418658
2026-08-11 23:00:00,N09,,,,,,,23.766735,86.418658
2026-08-12 00:00:00,N09,,,,,,,23.766735,86.418658
2026-08-12 01:00:00,N09,,,,,,,23.766735,86.418658
2026-08-12 02:00:00,N09,-0.2905,0.005971,8.71,6.1764,6.7e-05,27.3,23.766735,86.418658
2026-08-12 03:00:00,N09,-0.0837,0.005682,3.13,6.1764,0.000212,28.5,23.766735,86.418658
2026-08-12 04:00:00,N09,-0.0557,0.005338,3.57,6.1768,0.000745,30.0,23.766735,86.418658
2026-08-12 05:00:00,N09,0.1482,0.00849,6.57,6.1779,0.000547,31.8,23.766735,86.418658
2026-08-12 06:00:00,N09,0.0081,0.00598,1.34,6.1779,0.000198,33.8,23.766735,86.418658
2026-08-12 07:00:00,N09,,,,,,,23.766735,86.418658
2026-08-12 08:00:00,N09,0.287,0.005247,5.27,6.1782,0.000411,37.5,23.766735,86.418658
2026-08-12 09:00:00,N09,-0.0939,0.005859,8.01,6.1775,0.005283,39.1,23.766735,86.418658
2026-08-12 10:00:00,N09,-0.0092,0.882728,44.67,6.1888,0.000542,40.3,23.766735,86.418658
2026-08-12 11:00:00,N09,0.237,0.006668,2.94,6.1786,0.004433,41.0,23.766735,86.418658
2026-08-12 12:00:00,N09,-0.0156,0.009187,9.62,6.1799,0.001066,41.3,23.766735,86.418658
2026-08-12 13:00:00,N09,0.2106,0.005378,5.53,6.1807,0.000504,41.0,23.766735,86.418658
2026-08-12 14:00:00,N09,0.0045,0.006773,8.07,6.1809,7.3e-05,40.3,23.766735,86.418658
2026-08-12 15:00:00,N09,0.032,0.007135,9.24,6.1806,0.000328,39.1,23.766735,86.418658
2026-08-12 16:00:00,N09,-0.0915,0.007541,5.18,6.1816,0.000667,37.5,23.766735,86.418658
2026-08-12 17:00:00,N09,0.1584,0.006369,9.02,6.1819,0.000732,35.7,23.766735,86.418658
2026-08-12 18:00:00,N09,0.029,0.010761,5.9,6.1831,0.000835,33.8,23.766735,86.418658
2026-08-12 19:00:00,N09,-0.2081,0.006263,4.47,6.1836,0.000464,31.8,23.766735,86.418658
2026-08-12 20:00:00,N09,-0.0425,0.005418,8.41,6.184,2.1e-05,30.0,23.766735,86.418658
2026-08-12 21:00:00,N09,-0.0552,0.006627,7.21,6.1835,0.000202,28.5,23.766735,86.418658
2026-08-12 22:00:00,N09,,,,,,,23.766735,86.418658
2026-08-12 23:00:00,N09,,,,,,,23.766735,86.418658
2026-08-13 00:00:00,N09,,,,,,,23.766735,86.418658
2026-08-13 01:00:00,N09,,,,,,,23.766735,86.418658
2026-08-13 02:00:00,N09,,,,,,,23.766735,86.418658
2026-08-13 03:00:00,N09,-0.1123,0.008817,6.58,6.1859,8e-06,24.8,23.766735,86.418658
2026-08-13 04:00:00,N09,,,,,,,23.766735,86.418658
2026-08-13 05:00:00,N09,,,,,,,23.766735,86.418658
2026-08-13 06:00:00,N09,,,,,,,23.766735,86.418658
2026-08-13 07:00:00,N09,,,,,,,23.766735,86.418658
2026-08-13 08:00:00,N09,,,,,,,23.766735,86.418658
2026-08-13 09:00:00,N09,0.2662,0.007949,6.14,6.1876,0.000792,35.4,23.766735,86.418658
2026-08-13 10:00:00,N09,,,,,,,23.766735,86.418658
2026-08-13 11:00:00,N09,,,,,,,23.766735,86.418658
2026-08-13 12:00:00,N09,-0.1933,0.00564,5.94,6.1883,5.7e-05,37.6,23.766735,86.418658
2026-08-13 13:00:00,N09,-0.0157,0.005995,5.79,6.1883,8.4e-05,37.3,23.766735,86.418658
2026-08-13 14:00:00,N09,-0.1869,0.005215,1.44,6.1881,5e-06,36.6,23.766735,86.418658
2026-08-13 15:00:00,N09,-0.1078,0.008568,3.56,6.1883,0.003266,35.4,23.766735,86.418658
2026-08-13 16:00:00,N09,-0.1315,0.955462,22.78,6.1946,0.002117,33.8,23.766735,86.418658
2026-08-13 17:00:00,N09,0.1476,0.694041,36.22,6.184,0.002742,32.0,23.766735,86.418658
2026-08-13 18:00:00,N09,0.0692,0.007165,7.69,6.1891,0.003196,30.1,23.766735,86.418658
2026-08-13 19:00:00,N09,,,,,,,23.766735,86.418658
2026-08-13 20:00:00,N09,,,,,,,23.766735,86.418658
2026-08-13 21:00:00,N09,-0.001,0.007231,5.07,6.1912,0.000758,24.8,23.766735,86.418658
2026-08-13 22:00:00,N09,-0.0795,0.006382,3.84,6.1921,0.000857,23.6,23.766735,86.418658
2026-08-13 23:00:00,N09,-0.2948,0.006612,2.41,6.193,0.000227,22.9,23.766735,86.418658
2026-08-14 00:00:00,N09,0.0654,0.006184,2.71,6.1926,0.000181,24.4,23.766735,86.418658
2026-08-14 01:00:00,N09,,,,,,,23.766735,86.418658
2026-08-14 02:00:00,N09,,,,,,,23.766735,86.418658
2026-08-14 03:00:00,N09,-0.063,0.008386,1.26,6.1931,0.000429,26.6,23.766735,86.418658
2026-08-14 04:00:00,N09,-0.1122,0.007689,8.6,6.194,0.000707,28.1,23.766735,86.418658
2026-08-14 05:00:00,N09,0.0901,0.00761,3.86,6.1945,6.3e-05,29.9,23.766735,86.418658
2026-08-14 06:00:00,N09,-0.0784,0.006023,3.0,6.1941,9.1e-05,31.9,23.766735,86.418658
2026-08-14 07:00:00,N09,-0.0996,0.005284,1.56,6.1947,0.000276,33.8,23.766735,86.418658
2026-08-14 08:00:00,N09,0.0269,0.00789,4.47,6.1947,0.000347,35.6,23.766735,86.418658
2026-08-14 09:00:00,N09,-0.016,0.006123,9.47,6.1954,0.000586,37.2,23.766735,86.418658
2026-08-14 10:00:00,N09,0.0006,0.010085,4.98,6.1958,0.00608,38.4,23.766735,86.418658
2026-08-14 11:00:00,N09,0.0611,0.74662,34.22,6.2076,0.000147,39.1,23.766735,86.418658
2026-08-14 12:00:00,N09,0.2594,0.006137,6.11,6.1961,0.005679,39.4,23.766735,86.418658
2026-08-14 13:00:00,N09,0.1043,0.005411,2.27,6.1962,0.0008,39.1,23.766735,86.418658
2026-08-14 14:00:00,N09,-0.1301,0.006699,7.73,6.1977,0.00098,38.4,23.766735,86.418658
2026-08-14 15:00:00,N09,-0.094,0.008151,3.53,6.1982,0.000127,37.2,23.766735,86.418658
2026-08-14 16:00:00,N09,0.315,0.005684,1.7,6.198,0.000266,35.6,23.766735,86.418658
2026-08-14 17:00:00,N09,-0.0921,0.006684,2.1,6.1987,0.000952,33.8,23.766735,86.418658
2026-08-14 18:00:00,N09,-0.2223,0.006765,8.99,6.1999,0.000894,31.9,23.766735,86.418658
2026-08-14 19:00:00,N09,-0.2738,0.005354,2.26,6.2005,0.000479,29.9,23.766735,86.418658
2026-08-14 20:00:00,N09,-0.3543,0.00613,4.61,6.2008,0.000451,28.1,23.766735,86.418658
2026-08-14 21:00:00,N09,-0.3558,0.008278,9.39,6.2014,0.000158,26.6,23.766735,86.418658
2026-08-14 22:00:00,N09,0.2335,0.005289,3.9,6.2012,0.000306,25.4,23.766735,86.418658
2026-08-14 23:00:00,N09,,,,,,,23.766735,86.418658
2026-08-15 00:00:00,N09,,,,,,,23.766735,86.418658
2026-08-15 01:00:00,N09,,,,,,,23.766735,86.418658
2026-08-15 02:00:00,N09,,,,,,,23.766735,86.418658
2026-08-15 03:00:00,N09,0.1035,0.006909,4.27,6.2029,0.000273,28.4,23.766735,86.418658
2026-08-15 04:00:00,N09,-0.1034,0.006197,7.07,6.2031,5e-06,29.9,23.766735,86.418658
2026-08-15 05:00:00,N09,0.3352,0.007759,6.66,6.2028,0.000249,31.7,23.766735,86.418658
2026-08-15 06:00:00,N09,0.0373,0.007021,3.0,6.2036,0.000129,33.7,23.766735,86.418658
2026-08-15 07:00:00,N09,,,,,,,23.766735,86.418658
2026-08-15 08:00:00,N09,-0.0303,0.0059,3.52,6.2032,0.000581,37.4,23.766735,86.418658
2026-08-15 09:00:00,N09,0.044,0.005988,4.05,6.2043,0.001072,39.0,23.766735,86.418658
2026-08-15 10:00:00,N09,-0.0319,0.005749,5.97,6.2054,0.005882,40.2,23.766735,86.418658
2026-08-15 11:00:00,N09,0.0136,0.945898,47.06,6.216,0.006119,40.9,23.766735,86.418658
2026-08-15 12:00:00,N09,-0.006,0.72155,26.85,6.1931,0.005634,41.2,23.766735,86.418658
2026-08-15 13:00:00,N09,-0.0768,0.734757,24.02,6.2273,0.017016,40.9,23.766735,86.418658
2026-08-15 14:00:00,N09,0.156,0.693685,17.63,6.2272,0.010013,40.2,23.766735,86.418658
2026-08-15 15:00:00,N09,0.1536,0.006982,4.06,6.2073,0.009809,39.0,23.766735,86.418658
2026-08-15 16:00:00,N09,0.054,0.00964,1.34,6.2076,0.000429,37.4,23.766735,86.418658
2026-08-15 17:00:00,N09,-0.0212,0.007788,8.31,6.2081,0.001065,35.6,23.766735,86.418658
2026-08-15 18:00:00,N09,0.0422,0.005023,7.39,6.2097,0.001359,33.7,23.766735,86.418658
2026-08-15 19:00:00,N09,-0.0385,0.006506,9.02,6.2109,0.000814,31.7,23.766735,86.418658
2026-08-15 20:00:00,N09,-0.0357,0.007648,2.11,6.2113,0.000422,29.9,23.766735,86.418658
2026-08-15 21:00:00,N09,-0.0937,0.008208,7.47,6.2117,0.000279,28.4,23.766735,86.418658
2026-08-15 22:00:00,N09,-0.0867,0.006195,7.71,6.2119,0.000309,27.2,23.766735,86.418658
2026-08-15 23:00:00,N09,-0.1553,0.009591,5.23,6.2123,0.000573,26.4,23.766735,86.418658
2026-08-16 00:00:00,N09,-0.2461,0.007547,3.1,6.213,0.000596,26.0,23.766735,86.418658
2026-08-16 01:00:00,N09,-0.1154,0.006977,4.05,6.2135,0.000291,26.2,23.766735,86.418658
2026-08-16 02:00:00,N09,-0.2042,0.005692,3.48,6.2136,0.000187,27.0,23.766735,86.418658
2026-08-16 03:00:00,N09,-0.0133,0.006754,5.83,6.2139,0.000278,28.2,23.766735,86.418658
2026-08-16 04:00:00,N09,0.0417,0.005168,9.05,6.2142,0.000128,29.7,23.766735,86.418658
2026-08-16 05:00:00,N09,0.1746,0.00886,2.75,6.2141,1.4e-05,31.5,23.766735,86.418658
2026-08-16 06:00:00,N09,0.2406,0.00536,9.56,6.2141,6.7e-05,33.5,23.766735,86.418658
2026-08-16 07:00:00,N09,0.0062,0.006241,2.32,6.2143,0.000138,35.4,23.766735,86.418658
2026-08-16 08:00:00,N09,0.2052,0.008458,1.81,6.2139,0.000196,37.2,23.766735,86.418658
2026-08-16 09:00:00,N09,-0.0522,0.005056,5.37,6.2147,0.000145,38.8,23.766735,86.418658
2026-08-16 10:00:00,N09,,,,,,,23.766735,86.418658
2026-08-16 11:00:00,N09,,,,,,,23.766735,86.418658
2026-08-16 12:00:00,N09,,,,,,,23.766735,86.418658
2026-08-16 13:00:00,N09,,,,,,,23.766735,86.418658
2026-08-16 14:00:00,N09,,,,,,,23.766735,86.418658
2026-08-16 15:00:00,N09,,,,,,,23.766735,86.418658
2026-08-16 16:00:00,N09,,,,,,,23.766735,86.418658
2026-08-16 17:00:00,N09,0.086,0.007375,7.14,6.2145,0.000556,35.4,23.766735,86.418658
2026-08-16 18:00:00,N09,0.1051,0.005632,9.05,6.2156,0.000779,33.5,23.766735,86.418658
2026-08-16 19:00:00,N09,,,,,,,23.766735,86.418658
2026-08-16 20:00:00,N09,,,,,,,23.766735,86.418658
2026-08-16 21:00:00,N09,,,,,,,23.766735,86.418658
2026-08-16 22:00:00,N09,,,,,,,23.766735,86.418658
2026-08-16 23:00:00,N09,0.0829,0.005338,4.34,6.2165,0.000749,26.2,23.766735,86.418658
2026-08-17 00:00:00,N09,-0.2563,0.005435,3.38,6.2175,0.000555,27.5,23.766735,86.418658
2026-08-17 01:00:00,N09,0.1465,0.005906,7.18,6.2177,0.000134,27.8,23.766735,86.418658
2026-08-17 02:00:00,N09,-0.1563,0.005341,8.04,6.2178,0.00042,28.5,23.766735,86.418658
2026-08-17 03:00:00,N09,0.088,0.005568,1.31,6.2185,7e-05,29.7,23.766735,86.418658
2026-08-17 04:00:00,N09,-0.2216,0.008399,5.16,6.2179,0.000515,31.2,23.766735,86.418658
2026-08-17 05:00:00,N09,-0.159,0.005045,5.86,6.2175,8.5e-05,33.1,23.766735,86.418658
2026-08-17 06:00:00,N09,-0.0713,0.005165,6.24,6.2181,0.009656,35.0,23.766735,86.418658
2026-08-17 07:00:00,N09,-0.1727,0.56224,46.2,6.2368,0.000274,36.9,23.766735,86.418658
2026-08-17 08:00:00,N09,-0.0184,0.007475,5.0,6.2187,0.009093,38.7,23.766735,86.418658
2026-08-17 09:00:00,N09,-0.2129,0.005212,1.12,6.2186,0.000279,40.3,23.766735,86.418658
2026-08-17 10:00:00,N09,-0.2228,0.00651,9.75,6.2181,0.000203,41.5,23.766735,86.418658
2026-08-17 11:00:00,N09,0.0275,0.005519,3.64,6.2182,0.000296,42.2,23.766735,86.418658
2026-08-17 12:00:00,N09,0.0466,0.006852,7.38,6.2175,0.000221,42.5,23.766735,86.418658
2026-08-17 13:00:00,N09,-0.0679,0.005985,1.58,6.2186,0.000805,42.2,23.766735,86.418658
2026-08-17 14:00:00,N09,0.2702,0.005678,9.81,6.2191,0.000295,41.5,23.766735,86.418658
2026-08-17 15:00:00,N09,-0.0252,0.006706,4.17,6.2192,0.004066,40.3,23.766735,86.418658
2026-08-17 16:00:00,N09,,,,,,,23.766735,86.418658
2026-08-17 17:00:00,N09,,,,,,,23.766735,86.418658
2026-08-17 18:00:00,N09,,,,,,,23.766735,86.418658
2026-08-17 19:00:00,N09,,,,,,,23.766735,86.418658
2026-08-17 20:00:00,N09,,,,,,,23.766735,86.418658
2026-08-17 21:00:00,N09,,,,,,,23.766735,86.418658
2026-08-17 22:00:00,N09,,,,,,,23.766735,86.418658
2026-08-17 23:00:00,N09,-0.1769,0.007373,5.19,6.221,0.00028,27.8,23.766735,86.418658
2026-08-18 00:00:00,N09,0.0716,0.006556,9.75,6.2218,0.000616,30.4,23.766735,86.418658
2026-08-18 01:00:00,N09,0.0948,0.006311,2.93,6.2222,0.00024,30.7,23.766735,86.418658
2026-08-18 02:00:00,N09,0.017,0.006753,8.25,6.2222,0.000536,31.4,23.766735,86.418658
2026-08-18 03:00:00,N09,0.1977,0.005435,3.71,6.2233,0.000501,32.6,23.766735,86.418658
2026-08-18 04:00:00,N09,0.0001,0.006067,2.88,6.2232,0.000139,34.2,23.766735,86.418658
2026-08-18 05:00:00,N09,0.219,0.006812,7.17,6.223,5e-06,36.0,23.766735,86.418658
2026-08-18 06:00:00,N09,,,,,,,23.766735,86.418658
2026-08-18 07:00:00,N09,,,,,,,23.766735,86.418658
2026-08-18 08:00:00,N09,-0.1819,0.007788,3.26,6.2234,0.00057,41.7,23.766735,86.418658
2026-08-18 09:00:00,N09,0.0314,0.005188,2.1,6.2242,0.000334,43.2,23.766735,86.418658
2026-08-18 10:00:00,N09,-0.0722,0.008401,8.26,6.2241,0.003999,44.4,23.766735,86.418658
2026-08-18 11:00:00,N09,-0.0966,0.783889,24.84,6.2162,0.000233,45.1,23.766735,86.418658
2026-08-18 12:00:00,N09,0.3546,0.005218,9.43,6.2236,0.003933,45.4,23.766735,86.418658
2026-08-18 13:00:00,N09,0.0123,0.006631,6.08,6.2241,0.000213,45.1,23.766735,86.418658
2026-08-18 14:00:00,N09,0.1269,0.005832,9.94,6.224,0.000184,44.4,23.766735,86.418658
2026-08-18 15:00:00,N09,-0.158,0.005468,5.45,6.2245,0.000604,43.2,23.766735,86.418658
2026-08-18 16:00:00,N09,-0.0907,0.005583,9.84,6.2253,0.000443,41.7,23.766735,86.418658
2026-08-18 17:00:00,N09,,,,,,,23.766735,86.418658
2026-08-18 18:00:00,N09,,,,,,,23.766735,86.418658
2026-08-18 19:00:00,N09,,,,,,,23.766735,86.418658
2026-08-18 20:00:00,N09,,,,,,,23.766735,86.418658
2026-08-18 21:00:00,N09,,,,,,,23.766735,86.418658
2026-08-18 22:00:00,N09,0.0003,0.006804,1.68,6.2255,7.5e-05,31.4,23.766735,86.418658
2026-08-18 23:00:00,N09,-0.0113,0.009056,1.8,6.2257,0.000565,30.7,23.766735,86.418658
2026-08-19 00:00:00,N09,-0.0231,0.006762,9.99,6.2266,0.000336,25.3,23.766735,86.418658
2026-08-19 01:00:00,N09,-0.1513,0.005083,8.94,6.2264,4.9e-05,25.6,23.766735,86.418658
2026-08-19 02:00:00,N09,-0.3745,0.005319,1.33,6.2267,0.000137,26.3,23.766735,86.418658
2026-08-19 03:00:00,N09,0.0332,0.00569,9.57,6.2261,0.000337,27.5,23.766735,86.418658
2026-08-19 04:00:00,N09,,,,,,,23.766735,86.418658
2026-08-19 05:00:00,N09,,,,,,,23.766735,86.418658
2026-08-19 06:00:00,N09,-0.259,0.006017,6.86,6.2271,0.001045,32.8,23.766735,86.418658
2026-08-19 07:00:00,N09,-0.3696,0.006996,2.06,6.2286,0.000939,34.8,23.766735,86.418658
2026-08-19 08:00:00,N09,-0.0562,0.009205,6.64,6.229,0.000122,36.6,23.766735,86.418658
2026-08-19 09:00:00,N09,-0.1991,0.00764,7.71,6.2288,0.009666,38.1,23.766735,86.418658
2026-08-19 10:00:00,N09,-0.1396,0.919274,21.0,6.2096,0.000102,39.3,23.766735,86.418658
2026-08-19 11:00:00,N09,-0.0542,0.006181,3.33,6.229,0.005149,40.1,23.766735,86.418658
2026-08-19 12:00:00,N09,,,,,,,23.766735,86.418658
2026-08-19 13:00:00,N09,,,,,,,23.766735,86.418658
2026-08-19 14:00:00,N09,,,,,,,23.766735,86.418658
2026-08-19 15:00:00,N09,-0.0418,0.006361,6.98,6.2289,0.000253,38.1,23.766735,86.418658
2026-08-19 16:00:00,N09,-0.1234,0.006053,5.92,6.2293,0.000302,36.6,23.766735,86.418658
2026-08-19 17:00:00,N09,0.2537,0.006719,6.55,6.2283,0.000156,34.8,23.766735,86.418658
2026-08-19 18:00:00,N09,,,,,,,23.766735,86.418658
2026-08-19 19:00:00,N09,,,,,,,23.766735,86.418658
2026-08-19 20:00:00,N09,,,,,,,23.766735,86.418658
2026-08-19 21:00:00,N09,-0.0026,0.007855,7.09,6.2291,0.000732,27.5,23.766735,86.418658
2026-08-19 22:00:00,N09,0.1095,0.010313,6.46,6.2307,0.001158,26.3,23.766735,86.418658
2026-08-19 23:00:00,N09,-0.1834,0.009797,1.02,6.2314,0.000468,25.6,23.766735,86.418658
2026-08-20 00:00:00,N09,0.0288,0.007546,1.34,6.2317,0.000385,23.4,23.766735,86.418658
2026-08-20 01:00:00,N09,-0.0531,0.006353,6.83,6.2322,0.00036,23.6,23.766735,86.418658
2026-08-20 02:00:00,N09,-0.1259,0.005467,3.35,6.2324,0.000106,24.4,23.766735,86.418658
2026-08-20 03:00:00,N09,0.0489,0.005613,5.4,6.2324,0.000178,25.6,23.766735,86.418658
2026-08-20 04:00:00,N09,-0.2083,0.005802,3.33,6.2328,0.000544,27.1,23.766735,86.418658
2026-08-20 05:00:00,N09,0.1641,0.005677,2.65,6.2335,0.004688,28.9,23.766735,86.418658
2026-08-20 06:00:00,N09,,,,,,,23.766735,86.418658
2026-08-20 07:00:00,N09,,,,,,,23.766735,86.418658
2026-08-20 08:00:00,N09,,,,,,,23.766735,86.418658
2026-08-20 09:00:00,N09,,,,,,,23.766735,86.418658
2026-08-20 10:00:00,N09,,,,,,,23.766735,86.418658
2026-08-20 11:00:00,N09,0.1358,0.005528,1.2,6.2343,0.000135,38.1,23.766735,86.418658
2026-08-20 12:00:00,N09,-0.2641,0.005992,1.73,6.2345,0.000304,38.4,23.766735,86.418658
2026-08-20 13:00:00,N09,-0.1185,0.006152,9.1,6.235,0.000196,38.1,23.766735,86.418658
2026-08-20 14:00:00,N09,0.0255,0.007339,1.3,6.2349,5.3e-05,37.4,23.766735,86.418658
2026-08-20 15:00:00,N09,0.0921,0.006851,7.9,6.2351,0.0004,36.2,23.766735,86.418658
2026-08-20 16:00:00,N09,0.0333,0.005892,7.54,6.2341,0.006172,34.6,23.766735,86.418658
2026-08-20 17:00:00,N09,0.237,0.513749,23.05,6.2227,0.005837,32.8,23.766735,86.418658
2026-08-20 18:00:00,N09,0.0142,0.914624,41.48,6.2225,0.006139,30.9,23.766735,86.418658
2026-08-20 19:00:00,N09,-0.064,0.006269,8.7,6.235,0.006508,28.9,23.766735,86.418658
2026-08-20 20:00:00,N09,0.1828,0.006605,4.9,6.2355,0.000674,27.1,23.766735,86.418658
2026-08-20 21:00:00,N09,-0.2363,0.006193,5.92,6.2363,0.000301,25.6,23.766735,86.418658
2026-08-20 22:00:00,N09,-0.1274,0.005964,1.01,6.2361,8.1e-05,24.4,23.766735,86.418658
2026-08-20 23:00:00,N09,-0.0318,0.006263,4.24,6.2362,0.00073,23.6,23.766735,86.418658
2026-08-21 00:00:00,N09,0.0968,0.007472,5.17,6.2375,0.000931,22.5,23.766735,86.418658
2026-08-21 01:00:00,N09,0.0118,0.007153,4.51,6.238,0.000545,22.8,23.766735,86.418658
2026-08-21 02:00:00,N09,-0.3122,0.005747,5.27,6.2386,8e-05,23.5,23.766735,86.418658
2026-08-21 03:00:00,N09,,,,,,,23.766735,86.418658
2026-08-21 04:00:00,N09,0.0443,0.007326,4.6,6.2377,0.000386,26.3,23.766735,86.418658
2026-08-21 05:00:00,N09,0.1302,0.005957,1.17,6.2387,0.000288,28.1,23.766735,86.418658
2026-08-21 06:00:00,N09,0.0763,0.007191,8.48,6.2383,0.000388,30.0,23.766735,86.418658
2026-08-21 07:00:00,N09,,,,,,,23.766735,86.418658
2026-08-21 08:00:00,N09,,,,,,,23.766735,86.418658
2026-08-21 09:00:00,N09,,,,,,,23.766735,86.418658
2026-08-21 10:00:00,N09,-0.3027,0.005551,1.63,6.2401,0.003464,36.5,23.766735,86.418658
2026-08-21 11:00:00,N09,-0.0291,0.00543,7.98,6.2398,0.000178,37.3,23.766735,86.418658
2026-08-21 12:00:00,N09,-0.1429,0.007073,3.23,6.2398,2.2e-05,37.5,23.766735,86.418658
2026-08-21 13:00:00,N09,-0.1007,0.006508,4.54,6.2398,0.000223,37.3,23.766735,86.418658
2026-08-21 14:00:00,N09,0.0365,0.005166,7.4,6.2402,0.004435,36.5,23.766735,86.418658
2026-08-21 15:00:00,N09,-0.0462,0.820902,35.58,6.2309,0.010345,35.3,23.766735,86.418658
2026-08-21 16:00:00,N09,,,,,,,23.766735,86.418658
2026-08-21 17:00:00,N09,,,,,,,23.766735,86.418658
2026-08-21 18:00:00,N09,0.1727,0.005682,5.92,6.2425,0.006929,30.0,23.766735,86.418658
2026-08-21 19:00:00,N09,0.0576,0.008681,8.15,6.243,0.000441,28.1,23.766735,86.418658
2026-08-21 20:00:00,N09,0.0695,0.005579,9.52,6.2434,0.000175,26.3,23.766735,86.418658
2026-08-21 21:00:00,N09,-0.3765,0.005424,9.3,6.2434,7.7e-05,24.7,23.766735,86.418658
2026-08-21 22:00:00,N09,-0.1785,0.007129,2.78,6.2436,0.000344,23.5,23.766735,86.418658
2026-08-21 23:00:00,N09,-0.0443,0.006162,3.14,6.2441,0.000534,22.8,23.766735,86.418658
2026-08-22 00:00:00,N09,-0.0459,0.006627,1.72,6.2446,0.000396,25.0,23.766735,86.418658
2026-08-22 01:00:00,N09,-0.0326,0.007515,3.84,6.2449,0.000253,25.3,23.766735,86.418658
2026-08-22 02:00:00,N09,-0.126,0.006095,8.36,6.2452,0.000414,26.0,23.766735,86.418658
2026-08-22 03:00:00,N09,0.1567,0.009222,4.08,6.2457,0.000496,27.2,23.766735,86.418658
2026-08-22 04:00:00,N09,0.0555,0.007829,2.68,6.2461,0.000271,28.8,23.766735,86.418658
2026-08-22 05:00:00,N09,0.2371,0.005443,1.16,6.2462,0.000589,30.6,23.766735,86.418658
2026-08-22 06:00:00,N09,0.0421,0.00767,6.37,6.2473,0.000615,32.5,23.766735,86.418658
2026-08-22 07:00:00,N09,,,,,,,23.766735,86.418658
2026-08-22 08:00:00,N09,,,,,,,23.766735,86.418658
2026-08-22 09:00:00,N09,0.1917,0.005201,5.19,6.2491,0.003354,37.8,23.766735,86.418658
2026-08-22 10:00:00,N09,-0.2559,0.749735,47.56,6.2546,0.000526,39.0,23.766735,86.418658
2026-08-22 11:00:00,N09,0.0348,0.005784,2.85,6.248,0.003559,39.8,23.766735,86.418658
2026-08-22 12:00:00,N09,-0.0907,0.00608,1.21,6.2474,0.000154,40.0,23.766735,86.418658
2026-08-22 13:00:00,N09,0.1588,0.005239,6.69,6.2483,0.000458,39.8,23.766735,86.418658
2026-08-22 14:00:00,N09,-0.0749,0.005954,7.41,6.2484,0.000351,39.0,23.766735,86.418658
2026-08-22 15:00:00,N09,0.0956,0.005177,9.1,6.249,0.000575,37.8,23.766735,86.418658
2026-08-22 16:00:00,N09,-0.2479,0.005599,6.6,6.2495,0.000407,36.3,23.766735,86.418658
2026-08-22 17:00:00,N09,,,,,,,23.766735,86.418658
2026-08-22 18:00:00,N09,0.0634,0.005478,7.24,6.2503,0.000342,32.5,23.766735,86.418658
2026-08-22 19:00:00,N09,-0.0376,0.006229,7.46,6.2505,2e-06,30.6,23.766735,86.418658
2026-08-22 20:00:00,N09,0.2366,0.007763,1.03,6.2504,3.8e-05,28.8,23.766735,86.418658
2026-08-22 21:00:00,N09,0.1916,0.006951,4.75,6.2506,0.000118,27.2,23.766735,86.418658
2026-08-22 22:00:00,N09,0.1091,0.006462,8.32,6.2506,0.00036,26.0,23.766735,86.418658
2026-08-22 23:00:00,N09,-0.0441,0.007186,5.38,6.2513,0.000491,25.3,23.766735,86.418658
2026-08-23 00:00:00,N09,-0.2355,0.006339,6.78,6.2516,0.000378,22.6,23.766735,86.418658
2026-08-23 01:00:00,N09,-0.0082,0.006456,6.96,6.2521,7.2e-05,22.9,23.766735,86.418658
2026-08-23 02:00:00,N09,0.01,0.007289,2.22,6.2517,6.3e-05,23.7,23.766735,86.418658
2026-08-23 03:00:00,N09,-0.04,0.005295,9.9,6.2522,0.000432,24.8,23.766735,86.418658
2026-08-23 04:00:00,N09,-0.1446,0.008334,3.94,6.2526,0.000238,26.4,23.766735,86.418658
2026-08-23 05:00:00,N09,-0.0366,0.005239,4.72,6.2527,9e-06,28.2,23.766735,86.418658
2026-08-23 06:00:00,N09,0.0641,0.005707,3.96,6.2526,5e-05,30.1,23.766735,86.418658
2026-08-23 07:00:00,N09,,,,,,,23.766735,86.418658
2026-08-23 08:00:00,N09,0.2116,0.005178,5.47,6.2531,0.009053,33.9,23.766735,86.418658
2026-08-23 09:00:00,N09,-0.111,0.772799,41.52,6.2345,0.000495,35.5,23.766735,86.418658
2026-08-23 10:00:00,N09,0.2246,0.00612,4.15,6.2541,0.00723,36.6,23.766735,86.418658
2026-08-23 11:00:00,N09,0.0419,0.748121,20.99,6.2489,0.001872,37.4,23.766735,86.418658
2026-08-23 12:00:00,N09,-0.1399,0.879627,32.13,6.2503,0.003993,37.6,23.766735,86.418658
2026-08-23 13:00:00,N09,0.2107,0.005815,2.07,6.2569,0.003713,37.4,23.766735,86.418658
2026-08-23 14:00:00,N09,0.0719,0.005076,1.59,6.2578,0.000675,36.6,23.766735,86.418658
2026-08-23 15:00:00,N09,0.0176,0.008669,2.03,6.2583,0.00055,35.5,23.766735,86.418658
2026-08-23 16:00:00,N09,-0.1522,0.005096,3.2,6.2589,0.000636,33.9,23.766735,86.418658
2026-08-23 17:00:00,N09,0.0999,0.005125,8.05,6.2595,0.000608,32.1,23.766735,86.418658
2026-08-23 18:00:00,N09,0.0731,0.006752,4.58,6.2601,0.000407,30.1,23.766735,86.418658
2026-08-23 19:00:00,N09,0.1205,0.005889,6.65,6.2603,6.6e-05,28.2,23.766735,86.418658
2026-08-23 20:00:00,N09,-0.0038,0.006553,9.29,6.2602,0.000536,26.4,23.766735,86.418658
2026-08-23 21:00:00,N09,-0.0057,0.006676,8.47,6.2614,0.000662,24.8,23.766735,86.418658
2026-08-23 22:00:00,N09,-0.2106,0.010381,6.83,6.2615,0.00025,23.7,23.766735,86.418658
2026-08-23 23:00:00,N09,-0.2574,0.00738,9.42,6.2619,0.000581,22.9,23.766735,86.418658
2026-08-24 00:00:00,N09,-0.1205,0.005053,8.6,6.2627,0.00011,27.4,23.766735,86.418658
2026-08-24 01:00:00,N09,,,,,,,23.766735,86.418658
2026-08-24 02:00:00,N09,,,,,,,23.766735,86.418658
2026-08-24 03:00:00,N09,,,,,,,23.766735,86.418658
2026-08-24 04:00:00,N09,,,,,,,23.766735,86.418658
2026-08-24 05:00:00,N09,,,,,,,23.766735,86.418658
2026-08-24 06:00:00,N09,-0.1826,0.00679,5.72,6.2645,0.000298,34.9,23.766735,86.418658
2026-08-24 07:00:00,N09,,,,,,,23.766735,86.418658
2026-08-24 08:00:00,N09,,,,,,,23.766735,86.418658
2026-08-24 09:00:00,N09,,,,,,,23.766735,86.418658
2026-08-24 10:00:00,N09,-0.2974,0.90667,35.9,6.2802,0.007292,41.4,23.766735,86.418658
2026-08-24 11:00:00,N09,-0.0724,0.00714,4.35,6.2651,0.004894,42.1,23.766735,86.418658
2026-08-24 12:00:00,N09,0.2044,0.550321,22.85,6.2704,0.00038,42.4,23.766735,86.418658
2026-08-24 13:00:00,N09,-0.0417,0.009288,6.06,6.2658,0.002209,42.1,23.766735,86.418658
2026-08-24 14:00:00,N09,-0.1393,0.007784,6.98,6.266,0.006502,41.4,23.766735,86.418658
2026-08-24 15:00:00,N09,-0.1459,0.617482,48.47,6.2528,0.006502,40.2,23.766735,86.418658
2026-08-24 16:00:00,N09,-0.1341,0.583863,42.55,6.253,0.007207,38.6,23.766735,86.418658
2026-08-24 17:00:00,N09,-0.0708,0.006567,5.65,6.2672,0.007462,36.8,23.766735,86.418658
2026-08-24 18:00:00,N09,0.0191,0.006924,6.24,6.2679,0.000445,34.9,23.766735,86.418658
2026-08-24 19:00:00,N09,0.0891,0.007721,4.38,6.2681,0.000194,32.9,23.766735,86.418658
2026-08-24 20:00:00,N09,,,,,,,23.766735,86.418658
2026-08-24 21:00:00,N09,-0.0479,0.005392,2.47,6.2684,0.000629,29.6,23.766735,86.418658
2026-08-24 22:00:00,N09,-0.2108,0.006306,7.72,6.2671,0.00059,28.4,23.766735,86.418658
2026-08-24 23:00:00,N09,0.016,0.005394,1.97,6.2672,0.000148,27.6,23.766735,86.418658
2026-08-25 00:00:00,N09,-0.1365,0.009939,7.18,6.2674,0.000277,24.5,23.766735,86.418658
2026-08-25 01:00:00,N09,-0.1165,0.006059,6.22,6.2677,0.000399,24.7,23.766735,86.418658
2026-08-25 02:00:00,N09,,,,,,,23.766735,86.418658
2026-08-25 03:00:00,N09,,,,,,,23.766735,86.418658
2026-08-25 04:00:00,N09,,,,,,,23.766735,86.418658
2026-08-25 05:00:00,N09,,,,,,,23.766735,86.418658
2026-08-25 06:00:00,N09,,,,,,,23.766735,86.418658
2026-08-25 07:00:00,N09,0.0207,0.007084,6.95,6.2715,0.000129,33.9,23.766735,86.418658
2026-08-25 08:00:00,N09,0.0833,0.007343,9.97,6.2718,0.000259,35.7,23.766735,86.418658
2026-08-25 09:00:00,N09,-0.4077,0.005957,6.59,6.272,0.000266,37.3,23.766735,86.418658
2026-08-25 10:00:00,N09,,,,,,,23.766735,86.418658
2026-08-25 11:00:00,N09,,,,,,,23.766735,86.418658
2026-08-25 12:00:00,N09,,,,,,,23.766735,86.418658
2026-08-25 13:00:00,N09,-0.1759,0.006019,3.97,6.2718,0.000244,39.2,23.766735,86.418658
2026-08-25 14:00:00,N09,-0.0136,0.008579,5.58,6.2719,9.1e-05,38.5,23.766735,86.418658
2026-08-25 15:00:00,N09,-0.1481,0.00705,3.45,6.2716,0.000256,37.3,23.766735,86.418658
2026-08-25 16:00:00,N09,-0.0754,0.007425,3.98,6.2724,0.00533,35.7,23.766735,86.418658
2026-08-25 17:00:00,N09,,,,,,,23.766735,86.418658
2026-08-25 18:00:00,N09,,,,,,,23.766735,86.418658
2026-08-25 19:00:00,N09,,,,,,,23.766735,86.418658
2026-08-25 20:00:00,N09,,,,,,,23.766735,86.418658
2026-08-25 21:00:00,N09,,,,,,,23.766735,86.418658
2026-08-25 22:00:00,N09,-0.1242,0.007153,1.45,6.2733,0.000136,25.5,23.766735,86.418658
2026-08-25 23:00:00,N09,-0.0492,0.005674,5.27,6.2735,0.000118,24.7,23.766735,86.418658
2026-08-26 00:00:00,N09,0.0539,0.006347,7.31,6.2735,0.000195,23.6,23.766735,86.418658
2026-08-26 01:00:00,N09,-0.0678,0.007006,5.52,6.2739,0.000215,23.8,23.766735,86.418658
2026-08-26 02:00:00,N09,0.1692,0.007139,4.31,6.2739,0.000192,24.6,23.766735,86.418658
2026-08-26 03:00:00,N09,-0.1431,0.007354,8.06,6.2743,0.000429,25.8,23.766735,86.418658
2026-08-26 04:00:00,N09,0.2007,0.008097,2.43,6.2748,0.001058,27.3,23.766735,86.418658
2026-08-26 05:00:00,N09,-0.2342,0.007855,6.8,6.2764,0.001255,29.1,23.766735,86.418658
2026-08-26 06:00:00,N09,,,,,,,23.766735,86.418658
2026-08-26 07:00:00,N09,,,,,,,23.766735,86.418658
2026-08-26 08:00:00,N09,,,,,,,23.766735,86.418658
2026-08-26 09:00:00,N09,,,,,,,23.766735,86.418658
2026-08-26 10:00:00,N09,,,,,,,23.766735,86.418658
2026-08-26 11:00:00,N09,,,,,,,23.766735,86.418658
2026-08-26 12:00:00,N09,-0.0969,0.782225,41.43,6.291,0.000581,38.6,23.766735,86.418658
2026-08-26 13:00:00,N09,0.0226,0.007987,7.89,6.2785,0.00646,38.3,23.766735,86.418658
2026-08-26 14:00:00,N09,0.1644,0.005607,2.14,6.2781,0.000215,37.6,23.766735,86.418658
2026-08-26 15:00:00,N09,-0.2044,0.006847,4.17,6.2789,0.00086,36.4,23.766735,86.418658
2026-08-26 16:00:00,N09,-0.1094,0.006339,5.48,6.2798,0.000666,34.8,23.766735,86.418658
2026-08-26 17:00:00,N09,-0.1008,0.005075,2.84,6.2802,0.000466,33.0,23.766735,86.418658
2026-08-26 18:00:00,N09,0.1256,0.006221,7.84,6.2807,0.000465,31.1,23.766735,86.418658
2026-08-26 19:00:00,N09,0.1981,0.005449,3.97,6.2812,0.000461,29.1,23.766735,86.418658
2026-08-26 20:00:00,N09,-0.0011,0.00546,5.41,6.2817,0.000313,27.3,23.766735,86.418658
2026-08-26 21:00:00,N09,-0.1023,0.005332,6.56,6.2818,0.000476,25.8,23.766735,86.418658
2026-08-26 22:00:00,N09,-0.147,0.006082,8.11,6.2826,0.000767,24.6,23.766735,86.418658
2026-08-26 23:00:00,N09,-0.0189,0.005519,6.81,6.2833,0.000609,23.8,23.766735,86.418658
2026-08-27 00:00:00,N09,-0.0643,0.007081,4.41,6.2838,0.00025,24.7,23.766735,86.418658
2026-08-27 01:00:00,N09,-0.4502,0.005119,2.1,6.2838,5.1e-05,24.9,23.766735,86.418658
2026-08-27 02:00:00,N09,0.0311,0.005248,4.34,6.2837,0.000166,25.7,23.766735,86.418658
2026-08-27 03:00:00,N09,,,,,,,23.766735,86.418658
2026-08-27 04:00:00,N09,,,,,,,23.766735,86.418658
2026-08-27 05:00:00,N09,,,,,,,23.766735,86.418658
2026-08-27 06:00:00,N09,,,,,,,23.766735,86.418658
2026-08-27 07:00:00,N09,,,,,,,23.766735,86.418658
2026-08-27 08:00:00,N09,-0.005,0.698918,29.95,6.2712,0.006043,35.9,23.766735,86.418658
2026-08-27 09:00:00,N09,0.0301,0.006963,4.4,6.2831,0.005952,37.5,23.766735,86.418658
2026-08-27 10:00:00,N09,-0.0412,0.006276,9.78,6.2831,0.00052,38.7,23.766735,86.418658
2026-08-27 11:00:00,N09,0.1887,0.005456,5.41,6.2842,7.2e-05,39.4,23.766735,86.418658
2026-08-27 12:00:00,N09,0.1727,0.005008,9.31,6.2833,0.000539,39.7,23.766735,86.418658
2026-08-27 13:00:00,N09,-0.0106,0.00643,5.69,6.2831,1.6e-05,39.4,23.766735,86.418658
2026-08-27 14:00:00,N09,0.0888,0.007043,8.6,6.2832,0.000181,38.7,23.766735,86.418658
2026-08-27 15:00:00,N09,0.3183,0.006368,9.76,6.2835,0.000163,37.5,23.766735,86.418658
2026-08-27 16:00:00,N09,-0.0229,0.007081,2.04,6.2836,0.000437,35.9,23.766735,86.418658
2026-08-27 17:00:00,N09,0.0641,0.007642,1.93,6.2843,0.000641,34.1,23.766735,86.418658
2026-08-27 18:00:00,N09,-0.0773,0.00531,2.37,6.2849,0.000428,32.2,23.766735,86.418658
2026-08-27 19:00:00,N09,0.0418,0.008777,5.4,6.2852,0.000249,30.2,23.766735,86.418658
2026-08-27 20:00:00,N09,0.1041,0.006035,5.33,6.2854,0.000362,28.4,23.766735,86.418658
2026-08-27 21:00:00,N09,0.0844,0.005751,7.49,6.2859,0.000568,26.9,23.766735,86.418658
2026-08-27 22:00:00,N09,0.1116,0.00753,7.67,6.2865,0.000728,25.7,23.766735,86.418658
2026-08-27 23:00:00,N09,-0.1453,0.006475,5.75,6.2874,0.000891,24.9,23.766735,86.418658
