timestamp,node_id,tilt_deg,vib_rms,vib_dom_freq_hz,strain_mm,crack_proxy,temp_c,lat,lng
2026-03-01 00:00:00,N09,-0.1134,0.00544,6.66,-0.0001,2.1e-05,24.7,23.764808,86.414856
2026-03-01 01:00:00,N09,-0.0543,0.005267,5.66,-0.0001,0.000418,24.9,23.764808,86.414856
2026-03-01 02:00:00,N09,-0.0411,0.006313,9.55,0.0007,0.000321,25.7,23.764808,86.414856
2026-03-01 03:00:00,N09,0.0933,0.005685,3.64,0.0006,6.5e-05,26.9,23.764808,86.414856
2026-03-01 04:00:00,N09,0.0298,0.00598,6.13,0.0009,0.000157,28.4,23.764808,86.414856
2026-03-01 05:00:00,N09,-0.0327,0.006336,7.22,0.0009,0.00019,30.2,23.764808,86.414856
2026-03-01 06:00:00,N09,0.0297,0.006149,4.87,0.0012,0.000345,32.2,23.764808,86.414856
2026-03-01 07:00:00,N09,-0.1108,0.005599,6.07,0.0016,0.000177,34.1,23.764808,86.414856
2026-03-01 08:00:00,N09,0.0425,0.005466,6.23,0.0016,0.000535,35.9,23.764808,86.414856
2026-03-01 09:00:00,N09,,,,,,,23.764808,86.414856
2026-03-01 10:00:00,N09,,,,,,,23.764808,86.414856
2026-03-01 11:00:00,N09,0.1681,0.974547,43.57,0.0125,0.005542,39.4,23.764808,86.414856
2026-03-01 12:00:00,N09,0.1295,0.008093,4.72,0.0014,0.005608,39.7,23.764808,86.414856
2026-03-01 13:00:00,N09,0.222,0.00614,9.3,0.0013,8.3e-05,39.4,23.764808,86.414856
2026-03-01 14:00:00,N09,0.1497,0.005168,3.93,0.0012,2.7e-05,38.7,23.764808,86.414856
2026-03-01 15:00:00,N09,0.1058,0.006475,3.74,0.0014,8.7e-05,37.5,23.764808,86.414856
2026-03-01 16:00:00,N09,-0.0495,0.005318,5.03,0.001,0.000404,35.9,23.764808,86.414856
2026-03-01 17:00:00,N09,-0.2952,0.007635,8.69,0.0022,0.000475,34.1,23.764808,86.414856
2026-03-01 18:00:00,N09,0.0329,0.009139,7.4,0.002,5.4e-05,32.2,23.764808,86.414856
2026-03-01 19:00:00,N09,0.0703,0.005156,3.05,0.0021,9.3e-05,30.2,23.764808,86.414856
2026-03-01 20:00:00,N09,-0.1599,0.005337,6.95,0.0022,0.000553,28.4,23.764808,86.414856
2026-03-01 21:00:00,N09,0.0802,0.007774,1.98,0.0032,0.00097,26.9,23.764808,86.414856
2026-03-01 22:00:00,N09,-0.0861,0.007749,2.02,0.0041,0.000305,25.7,23.764808,86.414856
2026-03-01 23:00:00,N09,,,,,,,23.764808,86.414856
2026-03-02 00:00:00,N09,,,,,,,23.764808,86.414856
2026-03-02 01:00:00,N09,,,,,,,23.764808,86.414856
2026-03-02 02:00:00,N09,0.061,0.006101,9.28,0.0043,0.000838,21.7,23.764808,86.414856
2026-03-02 03:00:00,N09,-0.2445,0.0101,6.04,0.0056,0.000666,22.9,23.764808,86.414856
2026-03-02 04:00:00,N09,,,,,,,23.764808,86.414856
2026-03-02 05:00:00,N09,-0.2056,0.005587,3.49,0.0051,0.000539,26.3,23.764808,86.414856
2026-03-02 06:00:00,N09,0.1075,0.005129,6.74,0.0045,0.007847,28.2,23.764808,86.414856
2026-03-02 07:00:00,N09,0.1307,0.766532,40.09,0.0208,0.000124,30.2,23.764808,86.414856
2026-03-02 08:00:00,N09,-0.0008,0.005265,5.86,0.0043,0.008146,32.0,23.764808,86.414856
2026-03-02 09:00:00,N09,-0.0775,0.005633,4.24,0.0045,0.00017,33.5,23.764808,86.414856
2026-03-02 10:00:00,N09,0.2698,0.005866,1.86,0.0046,0.000144,34.7,23.764808,86.414856
2026-03-02 11:00:00,N09,,,,,,,23.764808,86.414856
2026-03-02 12:00:00,N09,,,,,,,23.764808,86.414856
2026-03-02 13:00:00,N09,,,,,,,23.764808,86.414856
2026-03-02 14:00:00,N09,,,,,,,23.764808,86.414856
2026-03-02 15:00:00,N09,,,,,,,23.764808,86.414856
2026-03-02 16:00:00,N09,-0.0301,0.005836,5.33,0.0068,0.008376,32.0,23.764808,86.414856
2026-03-02 17:00:00,N09,-0.1613,0.006436,2.21,0.0069,9.2e-05,30.2,23.764808,86.414856
2026-03-02 18:00:00,N09,-0.0303,0.006001,7.12,0.007,0.000351,28.2,23.764808,86.414856
2026-03-02 19:00:00,N09,-0.2798,0.006331,6.01,0.0062,0.000913,26.3,23.764808,86.414856
2026-03-02 20:00:00,N09,,,,,,,23.764808,86.414856
2026-03-02 21:00:00,N09,,,,,,,23.764808,86.414856
2026-03-02 22:00:00,N09,-0.0528,0.00849,9.68,0.0041,0.000483,21.7,23.764808,86.414856
2026-03-02 23:00:00,N09,-0.0091,0.007513,9.36,0.0042,8e-05,21.0,23.764808,86.414856
2026-03-03 00:00:00,N09,0.2145,0.006876,7.8,0.0043,0.000459,27.1,23.764808,86.414856
2026-03-03 01:00:00,N09,0.1576,0.006952,8.23,0.0051,0.000318,27.4,23.764808,86.414856
2026-03-03 02:00:00,N09,-0.0296,0.006,8.91,0.0049,2.1e-05,28.1,23.764808,86.414856
2026-03-03 03:00:00,N09,-0.0168,0.006835,1.55,0.0051,0.000305,29.3,23.764808,86.414856
2026-03-03 04:00:00,N09,-0.0691,0.006687,5.09,0.0043,0.00038,30.9,23.764808,86.414856
2026-03-03 05:00:00,N09,0.0539,0.006543,8.29,0.0043,0.000192,32.7,23.764808,86.414856
2026-03-03 06:00:00,N09,0.0563,0.007672,4.56,0.0047,6.8e-05,34.6,23.764808,86.414856
2026-03-03 07:00:00,N09,0.024,0.00693,2.37,0.0044,0.000271,36.5,23.764808,86.414856
2026-03-03 08:00:00,N09,0.0253,0.006623,7.77,0.0041,0.00018,38.4,23.764808,86.414856
2026-03-03 09:00:00,N09,-0.202,0.005816,7.71,0.0048,0.000177,39.9,23.764808,86.414856
2026-03-03 10:00:00,N09,-0.1697,0.005801,2.77,0.0045,0.000476,41.1,23.764808,86.414856
2026-03-03 11:00:00,N09,,,,,,,23.764808,86.414856
2026-03-03 12:00:00,N09,,,,,,,23.764808,86.414856
2026-03-03 13:00:00,N09,0.0597,0.006059,1.67,0.0037,0.000186,41.9,23.764808,86.414856
2026-03-03 14:00:00,N09,0.2224,0.005338,7.14,0.0031,0.006586,41.1,23.764808,86.414856
2026-03-03 15:00:00,N09,0.2441,0.788859,39.42,0.0169,0.007378,39.9,23.764808,86.414856
2026-03-03 16:00:00,N09,0.1627,0.829278,19.02,0.0179,0.006551,38.4,23.764808,86.414856
2026-03-03 17:00:00,N09,0.193,0.007176,3.0,0.0038,0.0073,36.5,23.764808,86.414856
2026-03-03 18:00:00,N09,-0.0054,0.005052,3.79,0.0033,0.000359,34.6,23.764808,86.414856
2026-03-03 19:00:00,N09,0.0532,0.005917,5.07,0.003,0.000279,32.7,23.764808,86.414856
2026-03-03 20:00:00,N09,,,,,,,23.764808,86.414856
2026-03-03 21:00:00,N09,,,,,,,23.764808,86.414856
2026-03-03 22:00:00,N09,-0.04,0.00901,9.83,0.0036,0.000203,28.1,23.764808,86.414856
2026-03-03 23:00:00,N09,0.0142,0.008773,6.12,0.0035,0.000361,27.4,23.764808,86.414856
2026-03-04 00:00:00,N09,-0.1727,0.007268,2.52,0.0043,0.000437,24.3,23.764808,86.414856
2026-03-04 01:00:00,N09,,,,,,,23.764808,86.414856
2026-03-04 02:00:00,N09,,,,,,,23.764808,86.414856
2026-03-04 03:00:00,N09,-0.0671,0.007424,7.86,0.0046,7e-05,26.5,23.764808,86.414856
2026-03-04 04:00:00,N09,0.2611,0.005458,5.99,0.0043,0.000404,28.1,23.764808,86.414856
2026-03-04 05:00:00,N09,-0.2124,0.005155,8.1,0.0038,0.000104,29.9,23.764808,86.414856
2026-03-04 06:00:00,N09,0.098,0.006573,8.95,0.0046,0.000807,31.8,23.764808,86.414856
2026-03-04 07:00:00,N09,-0.068,0.00568,8.92,0.0054,0.000393,33.8,23.764808,86.414856
2026-03-04 08:00:00,N09,-0.0241,0.005237,5.92,0.0053,0.000289,35.6,23.764808,86.414856
2026-03-04 09:00:00,N09,-0.02,0.006751,9.99,0.006,0.002817,37.1,23.764808,86.414856
2026-03-04 10:00:00,N09,-0.1864,0.989079,35.06,0.011,0.000302,38.3,23.764808,86.414856
2026-03-04 11:00:00,N09,0.0466,0.007671,6.03,0.0054,0.00278,39.1,23.764808,86.414856
2026-03-04 12:00:00,N09,-0.2775,0.0068,4.98,0.0054,0.000132,39.3,23.764808,86.414856
2026-03-04 13:00:00,N09,0.0023,0.005541,7.9,0.0051,0.000114,39.1,23.764808,86.414856
2026-03-04 14:00:00,N09,0.1799,0.007478,2.91,0.0052,0.000399,38.3,23.764808,86.414856
2026-03-04 15:00:00,N09,0.0844,0.005281,6.13,0.0059,0.000346,37.1,23.764808,86.414856
2026-03-04 16:00:00,N09,-0.0086,0.006933,4.4,0.0059,0.000296,35.6,23.764808,86.414856
2026-03-04 17:00:00,N09,-0.1049,0.007018,8.21,0.0053,0.0002,33.8,23.764808,86.414856
2026-03-04 18:00:00,N09,-0.3372,0.005534,6.74,0.0055,0.000152,31.8,23.764808,86.414856
2026-03-04 19:00:00,N09,0.0725,0.005096,8.22,0.0056,3e-06,29.9,23.764808,86.414856
2026-03-04 20:00:00,N09,-0.1065,0.005151,8.16,0.0055,0.000277,28.1,23.764808,86.414856
2026-03-04 21:00:00,N09,0.2145,0.005284,8.77,0.0062,0.000114,26.5,23.764808,86.414856
2026-03-04 22:00:00,N09,-0.1958,0.009645,7.79,0.0057,0.000491,25.4,23.764808,86.414856
2026-03-04 23:00:00,N09,-0.0323,0.006124,1.48,0.0052,0.000505,24.6,23.764808,86.414856
2026-03-05 00:00:00,N09,0.0939,0.005209,6.59,0.0047,0.00017,23.5,23.764808,86.414856
2026-03-05 01:00:00,N09,-0.1462,0.005275,9.48,0.0049,0.000163,23.7,23.764808,86.414856
2026-03-05 02:00:00,N09,0.1801,0.005142,9.35,0.005,0.000252,24.5,23.764808,86.414856
2026-03-05 03:00:00,N09,-0.2041,0.005017,7.94,0.0054,0.000537,25.7,23.764808,86.414856
2026-03-05 04:00:00,N09,0.0544,0.007233,9.55,0.0061,0.000802,27.2,23.764808,86.414856
2026-03-05 05:00:00,N09,,,,,,,23.764808,86.414856
2026-03-05 06:00:00,N09,,,,,,,23.764808,86.414856
2026-03-05 07:00:00,N09,-0.0923,0.549294,18.76,-0.0118,0.009447,32.9,23.764808,86.414856
2026-03-05 08:00:00,N09,-0.1225,0.006559,4.93,0.0072,0.009671,34.7,23.764808,86.414856
2026-03-05 09:00:00,N09,,,,,,,23.764808,86.414856
2026-03-05 10:00:00,N09,0.0111,0.781423,46.62,-0.002,2.9e-05,37.5,23.764808,86.414856
2026-03-05 11:00:00,N09,0.0683,0.008439,7.01,0.0075,0.004739,38.2,23.764808,86.414856
2026-03-05 12:00:00,N09,,,,,,,23.764808,86.414856
2026-03-05 13:00:00,N09,,,,,,,23.764808,86.414856
2026-03-05 14:00:00,N09,,,,,,,23.764808,86.414856
2026-03-05 15:00:00,N09,,,,,,,23.764808,86.414856
2026-03-05 16:00:00,N09,,,,,,,23.764808,86.414856
2026-03-05 17:00:00,N09,-0.0406,0.006737,2.28,0.0076,0.000135,32.9,23.764808,86.414856
2026-03-05 18:00:00,N09,0.1545,0.005686,6.25,0.008,0.000548,31.0,23.764808,86.414856
2026-03-05 19:00:00,N09,-0.1841,0.010014,3.95,0.0087,0.000178,29.0,23.764808,86.414856
2026-03-05 20:00:00,N09,0.1855,0.005281,3.46,0.0083,0.000178,27.2,23.764808,86.414856
2026-03-05 21:00:00,N09,0.0438,0.005,7.84,0.0083,6.4e-05,25.7,23.764808,86.414856
2026-03-05 22:00:00,N09,0.0534,0.007332,2.38,0.0082,2.3e-05,24.5,23.764808,86.414856
2026-03-05 23:00:00,N09,,,,,,,23.764808,86.414856
2026-03-06 00:00:00,N09,,,,,,,23.764808,86.414856
2026-03-06 01:00:00,N09,,,,,,,23.764808,86.414856
2026-03-06 02:00:00,N09,,,,,,,23.764808,86.414856
2026-03-06 03:00:00,N09,0.2416,0.007065,2.78,0.0077,1.4e-05,31.3,23.764808,86.414856
2026-03-06 04:00:00,N09,,,,,,,23.764808,86.414856
2026-03-06 05:00:00,N09,0.089,0.007002,4.07,0.0075,2.4e-05,34.7,23.764808,86.414856
2026-03-06 06:00:00,N09,-0.0763,0.006561,4.33,0.0072,0.003043,36.6,23.764808,86.414856
2026-03-06 07:00:00,N09,0.0084,0.819489,26.08,0.0136,0.000383,38.5,23.764808,86.414856
2026-03-06 08:00:00,N09,0.1473,0.006887,8.79,0.0079,0.002698,40.4,23.764808,86.414856
2026-03-06 09:00:00,N09,0.1146,0.009396,1.53,0.0082,1.3e-05,41.9,23.764808,86.414856
2026-03-06 10:00:00,N09,0.0645,0.006442,5.54,0.0079,0.000267,43.1,23.764808,86.414856
2026-03-06 11:00:00,N09,-0.0395,0.007667,4.77,0.0076,0.000327,43.8,23.764808,86.414856
2026-03-06 12:00:00,N09,-0.038,0.007267,8.31,0.0073,0.000156,44.1,23.764808,86.414856
2026-03-06 13:00:00,N09,-0.1057,0.007601,8.26,0.008,0.000143,43.8,23.764808,86.414856
2026-03-06 14:00:00,N09,-0.0788,0.005044,4.96,0.007,0.000825,43.1,23.764808,86.414856
2026-03-06 15:00:00,N09,0.0498,0.005026,4.73,0.0063,0.004424,41.9,23.764808,86.414856
2026-03-06 16:00:00,N09,0.2247,0.725562,33.2,-0.0019,0.000333,40.4,23.764808,86.414856
2026-03-06 17:00:00,N09,-0.1807,0.005747,3.4,0.007,0.004541,38.5,23.764808,86.414856
2026-03-06 18:00:00,N09,0.1818,0.006236,8.33,0.0072,8.5e-05,36.6,23.764808,86.414856
2026-03-06 19:00:00,N09,0.063,0.006645,2.61,0.0068,0.000652,34.7,23.764808,86.414856
2026-03-06 20:00:00,N09,0.0208,0.005997,1.52,0.0059,6.8e-05,32.9,23.764808,86.414856
2026-03-06 21:00:00,N09,0.0351,0.005277,9.39,0.0067,0.000215,31.3,23.764808,86.414856
2026-03-06 22:00:00,N09,,,,,,,23.764808,86.414856
2026-03-06 23:00:00,N09,,,,,,,23.764808,86.414856
2026-03-07 00:00:00,N09,,,,,,,23.764808,86.414856
2026-03-07 01:00:00,N09,0.1206,0.005823,6.38,0.0055,0.000151,23.6,23.764808,86.414856
2026-03-07 02:00:00,N09,0.1285,0.00647,8.47,0.0055,0.000137,24.3,23.764808,86.414856
2026-03-07 03:00:00,N09,-0.0058,0.006377,8.7,0.0052,0.000458,25.5,23.764808,86.414856
2026-03-07 04:00:00,N09,-0.0746,0.006273,4.15,0.0046,5.2e-05,27.1,23.764808,86.414856
2026-03-07 05:00:00,N09,-0.0308,0.005544,5.24,0.0051,0.000447,28.9,23.764808,86.414856
2026-03-07 06:00:00,N09,-0.1104,0.005378,7.89,0.0055,0.000295,30.8,23.764808,86.414856
2026-03-07 07:00:00,N09,0.0566,0.005136,3.55,0.0057,0.000195,32.8,23.764808,86.414856
2026-03-07 08:00:00,N09,0.0547,0.005774,9.3,0.0059,0.0096,34.6,23.764808,86.414856
2026-03-07 09:00:00,N09,,,,,,,23.764808,86.414856
2026-03-07 10:00:00,N09,,,,,,,23.764808,86.414856
2026-03-07 11:00:00,N09,,,,,,,23.764808,86.414856
2026-03-07 12:00:00,N09,0.0107,0.005008,8.8,0.0062,0.00034,38.3,23.764808,86.414856
2026-03-07 13:00:00,N09,0.0234,0.007605,2.17,0.0071,0.000462,38.1,23.764808,86.414856
2026-03-07 14:00:00,N09,-0.0192,0.007566,3.56,0.0071,0.000154,37.3,23.764808,86.414856
2026-03-07 15:00:00,N09,0.03,0.005038,6.07,0.0074,5.3e-05,36.1,23.764808,86.414856
2026-03-07 16:00:00,N09,,,,,,,23.764808,86.414856
2026-03-07 17:00:00,N09,,,,,,,23.764808,86.414856
2026-03-07 18:00:00,N09,,,,,,,23.764808,86.414856
2026-03-07 19:00:00,N09,-0.0698,0.007085,5.52,0.0062,0.000291,28.9,23.764808,86.414856
2026-03-07 20:00:00,N09,0.2071,0.005002,5.58,0.0065,6.1e-05,27.1,23.764808,86.414856
2026-03-07 21:00:00,N09,-0.1688,0.006677,5.61,0.0063,4.8e-05,25.5,23.764808,86.414856
2026-03-07 22:00:00,N09,-0.1438,0.006681,5.81,0.0064,0.00018,24.3,23.764808,86.414856
2026-03-07 23:00:00,N09,,,,,,,23.764808,86.414856
2026-03-08 00:00:00,N09,,,,,,,23.764808,86.414856
2026-03-08 01:00:00,N09,,,,,,,23.764808,86.414856
2026-03-08 02:00:00,N09,-0.2844,0.010129,9.66,0.0056,0.000185,26.9,23.764808,86.414856
2026-03-08 03:00:00,N09,0.0237,0.00981,6.9,0.0056,0.000258,28.0,23.764808,86.414856
2026-03-08 04:00:00,N09,-0.1308,0.005282,1.96,0.0061,0.000282,29.6,23.764808,86.414856
2026-03-08 05:00:00,N09,0.0681,0.00635,1.38,0.0062,0.000667,31.4,23.764808,86.414856
2026-03-08 06:00:00,N09,0.1977,0.006102,7.5,0.0048,0.000746,33.3,23.764808,86.414856
2026-03-08 07:00:00,N09,0.1303,0.005451,7.17,0.0047,0.000311,35.3,23.764808,86.414856
2026-03-08 08:00:00,N09,0.239,0.007754,7.96,0.0054,0.000587,37.1,23.764808,86.414856
2026-03-08 09:00:00,N09,0.015,0.005526,8.43,0.0059,4e-05,38.7,23.764808,86.414856
2026-03-08 10:00:00,N09,,,,,,,23.764808,86.414856
2026-03-08 11:00:00,N09,,,,,,,23.764808,86.414856
2026-03-08 12:00:00,N09,,,,,,,23.764808,86.414856
2026-03-08 13:00:00,N09,,,,,,,23.764808,86.414856
2026-03-08 14:00:00,N09,,,,,,,23.764808,86.414856
2026-03-08 15:00:00,N09,0.0859,0.522994,28.69,0.0246,0.002848,38.7,23.764808,86.414856
2026-03-08 16:00:00,N09,-0.1283,0.00598,9.48,0.0063,0.009122,37.1,23.764808,86.414856
2026-03-08 17:00:00,N09,0.0367,0.008484,10.0,0.0063,0.000211,35.3,23.764808,86.414856
2026-03-08 18:00:00,N09,-0.0102,0.007787,8.09,0.0068,0.000528,33.3,23.764808,86.414856
2026-03-08 19:00:00,N09,0.1642,0.006663,1.96,0.0074,0.000442,31.4,23.764808,86.414856
2026-03-08 20:00:00,N09,0.0431,0.009599,8.62,0.0076,0.000258,29.6,23.764808,86.414856
2026-03-08 21:00:00,N09,,,,,,,23.764808,86.414856
2026-03-08 22:00:00,N09,,,,,,,23.764808,86.414856
2026-03-08 23:00:00,N09,,,,,,,23.764808,86.414856
2026-03-09 00:00:00,N09,,,,,,,23.764808,86.414856
2026-03-09 01:00:00,N09,-0.3345,0.006484,4.86,0.0078,0.00018,22.7,23.764808,86.414856
2026-03-09 02:00:00,N09,-0.0856,0.005449,2.97,0.0081,0.000173,23.4,23.764808,86.414856
2026-03-09 03:00:00,N09,,,,,,,23.764808,86.414856
2026-03-09 04:00:00,N09,,,,,,,23.764808,86.414856
2026-03-09 05:00:00,N09,,,,,,,23.764808,86.414856
2026-03-09 06:00:00,N09,,,,,,,23.764808,86.414856
2026-03-09 07:00:00,N09,-0.0972,0.008584,2.52,0.0076,0.000449,31.9,23.764808,86.414856
2026-03-09 08:00:00,N09,0.0312,0.009538,3.94,0.0078,0.005273,33.7,23.764808,86.414856
2026-03-09 09:00:00,N09,0.1529,0.65819,48.88,0.0181,0.000201,35.2,23.764808,86.414856
2026-03-09 10:00:00,N09,-0.3674,0.006682,7.2,0.0074,0.005584,36.4,23.764808,86.414856
2026-03-09 11:00:00,N09,-0.2486,0.008135,6.74,0.007,6.3e-05,37.2,23.764808,86.414856
2026-03-09 12:00:00,N09,-0.2143,0.007064,3.86,0.0073,0.000193,37.4,23.764808,86.414856
2026-03-09 13:00:00,N09,0.0271,0.005681,2.19,0.0074,0.000407,37.2,23.764808,86.414856
2026-03-09 14:00:00,N09,0.0616,0.008814,4.28,0.0065,0.009579,36.4,23.764808,86.414856
2026-03-09 15:00:00,N09,0.128,0.760476,32.07,-0.0118,0.000214,35.2,23.764808,86.414856
2026-03-09 16:00:00,N09,-0.1214,0.007969,5.3,0.0069,0.009751,33.7,23.764808,86.414856
2026-03-09 17:00:00,N09,-0.0254,0.00581,4.38,0.0077,0.000391,31.9,23.764808,86.414856
2026-03-09 18:00:00,N09,-0.1048,0.005356,6.36,0.0077,0.00026,29.9,23.764808,86.414856
2026-03-09 19:00:00,N09,0.0227,0.005253,2.0,0.0082,0.000363,28.0,23.764808,86.414856
2026-03-09 20:00:00,N09,,,,,,,23.764808,86.414856
2026-03-09 21:00:00,N09,,,,,,,23.764808,86.414856
2026-03-09 22:00:00,N09,,,,,,,23.764808,86.414856
2026-03-09 23:00:00,N09,,,,,,,23.764808,86.414856
2026-03-10 00:00:00,N09,,,,,,,23.764808,86.414856
2026-03-10 01:00:00,N09,,,,,,,23.764808,86.414856
2026-03-10 02:00:00,N09,0.107,0.007154,4.99,0.0079,0.000583,24.8,23.764808,86.414856
2026-03-10 03:00:00,N09,0.1874,0.008353,6.23,0.0076,0.000675,26.0,23.764808,86.414856
2026-03-10 04:00:00,N09,-0.0954,0.008902,6.8,0.0066,0.000156,27.5,23.764808,86.414856
2026-03-10 05:00:00,N09,,,,,,,23.764808,86.414856
2026-03-10 06:00:00,N09,,,,,,,23.764808,86.414856
2026-03-10 07:00:00,N09,-0.1307,0.912843,22.6,-0.0068,0.000314,33.2,23.764808,86.414856
2026-03-10 08:00:00,N09,-0.0501,0.006719,9.99,0.0079,0.007158,35.0,23.764808,86.414856
2026-03-10 09:00:00,N09,0.1617,0.006,7.08,0.0075,7e-06,36.6,23.764808,86.414856
2026-03-10 10:00:00,N09,0.0309,0.008366,8.23,0.008,0.00037,37.8,23.764808,86.414856
2026-03-10 11:00:00,N09,-0.0259,0.006577,6.65,0.0082,3.6e-05,38.5,23.764808,86.414856
2026-03-10 12:00:00,N09,-0.176,0.005061,1.95,0.0079,0.000542,38.8,23.764808,86.414856
2026-03-10 13:00:00,N09,-0.0087,0.005231,8.53,0.0072,0.000299,38.5,23.764808,86.414856
2026-03-10 14:00:00,N09,-0.143,0.005643,8.66,0.0073,0.000472,37.8,23.764808,86.414856
2026-03-10 15:00:00,N09,0.0303,0.007274,9.72,0.0062,0.001289,36.6,23.764808,86.414856
2026-03-10 16:00:00,N09,0.0812,0.006038,1.61,0.0047,0.001089,35.0,23.764808,86.414856
2026-03-10 17:00:00,N09,-0.1769,0.005641,6.16,0.004,4.9e-05,33.2,23.764808,86.414856
2026-03-10 18:00:00,N09,0.1684,0.00717,9.61,0.0046,0.000496,31.3,23.764808,86.414856
2026-03-10 19:00:00,N09,-0.1108,0.005099,2.37,0.005,0.000232,29.3,23.764808,86.414856
2026-03-10 20:00:00,N09,-0.0607,0.007312,5.51,0.0051,0.000313,27.5,23.764808,86.414856
2026-03-10 21:00:00,N09,0.2242,0.005289,9.75,0.0044,0.000498,26.0,23.764808,86.414856
2026-03-10 22:00:00,N09,-0.0268,0.005054,3.1,0.0041,8.2e-05,24.8,23.764808,86.414856
2026-03-10 23:00:00,N09,0.1067,0.005116,5.69,0.0042,1.5e-05,24.0,23.764808,86.414856
2026-03-11 00:00:00,N09,-0.0106,0.006086,7.1,0.0041,0.000144,26.0,23.764808,86.414856
2026-03-11 01:00:00,N09,0.0506,0.006077,1.01,0.0045,0.000162,26.3,23.764808,86.414856
2026-03-11 02:00:00,N09,-0.1704,0.00577,7.96,0.0044,0.000263,27.0,23.764808,86.414856
2026-03-11 03:00:00,N09,-0.0816,0.00942,9.84,0.005,0.000611,28.2,23.764808,86.414856
2026-03-11 04:00:00,N09,0.034,0.007058,1.29,0.0056,9.4e-05,29.8,23.764808,86.414856
2026-03-11 05:00:00,N09,0.0989,0.006952,5.35,0.0052,0.003987,31.6,23.764808,86.414856
2026-03-11 06:00:00,N09,0.0243,0.936621,43.43,0.0136,0.000155,33.5,23.764808,86.414856
2026-03-11 07:00:00,N09,0.2351,0.009036,8.79,0.0055,0.003721,35.4,23.764808,86.414856
2026-03-11 08:00:00,N09,0.103,0.005259,2.6,0.0061,6e-06,37.3,23.764808,86.414856
2026-03-11 09:00:00,N09,-0.0872,0.009604,6.08,0.0056,0.000149,38.8,23.764808,86.414856
2026-03-11 10:00:00,N09,0.2474,0.00579,6.06,0.0064,0.004335,40.0,23.764808,86.414856
2026-03-11 11:00:00,N09,0.1381,0.55731,23.78,-0.0031,5.2e-05,40.7,23.764808,86.414856
2026-03-11 12:00:00,N09,0.1349,0.008363,5.95,0.0063,0.004466,41.0,23.764808,86.414856
2026-03-11 13:00:00,N09,0.0678,0.006956,5.12,0.0058,0.005071,40.7,23.764808,86.414856
2026-03-11 14:00:00,N09,0.1552,0.964235,25.4,-0.0038,0.00449,40.0,23.764808,86.414856
2026-03-11 15:00:00,N09,0.2096,0.740522,37.06,-0.0032,0.004845,38.8,23.764808,86.414856
2026-03-11 16:00:00,N09,0.3649,0.006263,7.17,0.0059,0.004664,37.3,23.764808,86.414856
2026-03-11 17:00:00,N09,,,,,,,23.764808,86.414856
2026-03-11 18:00:00,N09,,,,,,,23.764808,86.414856
2026-03-11 19:00:00,N09,,,,,,,23.764808,86.414856
2026-03-11 20:00:00,N09,,,,,,,23.764808,86.414856
2026-03-11 21:00:00,N09,0.054,0.008511,2.01,0.006,0.000117,28.2,23.764808,86.414856
2026-03-11 22:00:00,N09,-0.1501,0.006201,9.64,0.0057,0.000311,27.0,23.764808,86.414856
2026-03-11 23:00:00,N09,0.3487,0.005219,7.08,0.0054,2.4e-05,26.3,23.764808,86.414856
2026-03-12 00:00:00,N09,0.0501,0.007033,3.41,0.0057,0.000197,27.4,23.764808,86.414856
2026-03-12 01:00:00,N09,,,,,,,23.764808,86.414856
2026-03-12 02:00:00,N09,,,,,,,23.764808,86.414856
2026-03-12 03:00:00,N09,,,,,,,23.764808,86.414856
2026-03-12 04:00:00,N09,,,,,,,23.764808,86.414856
2026-03-12 05:00:00,N09,0.232,0.00743,7.92,0.0048,0.00523,33.0,23.764808,86.414856
2026-03-12 06:00:00,N09,0.29,0.707462,35.62,0.0147,0.004882,34.9,23.764808,86.414856
2026-03-12 07:00:00,N09,0.0504,0.954964,22.16,0.0146,0.005477,36.9,23.764808,86.414856
2026-03-12 08:00:00,N09,0.2314,0.008883,2.11,0.0038,0.005307,38.7,23.764808,86.414856
2026-03-12 09:00:00,N09,0.1872,0.005352,2.72,0.004,8e-05,40.3,23.764808,86.414856
2026-03-12 10:00:00,N09,-0.1157,0.0057,1.76,0.0039,0.000613,41.4,23.764808,86.414856
2026-03-12 11:00:00,N09,0.0378,0.006395,2.32,0.0028,0.000558,42.2,23.764808,86.414856
2026-03-12 12:00:00,N09,0.0537,0.005701,9.63,0.0028,0.000351,42.4,23.764808,86.414856
2026-03-12 13:00:00,N09,0.2558,0.005361,9.47,0.0035,0.000457,42.2,23.764808,86.414856
2026-03-12 14:00:00,N09,0.3448,0.005774,6.59,0.0037,7.5e-05,41.4,23.764808,86.414856
2026-03-12 15:00:00,N09,-0.0225,0.009163,6.66,0.0033,0.000249,40.3,23.764808,86.414856
2026-03-12 16:00:00,N09,-0.1659,0.00817,9.19,0.0032,0.000235,38.7,23.764808,86.414856
2026-03-12 17:00:00,N09,,,,,,,23.764808,86.414856
2026-03-12 18:00:00,N09,,,,,,,23.764808,86.414856
2026-03-12 19:00:00,N09,,,,,,,23.764808,86.414856
2026-03-12 20:00:00,N09,,,,,,,23.764808,86.414856
2026-03-12 21:00:00,N09,,,,,,,23.764808,86.414856
2026-03-12 22:00:00,N09,,,,,,,23.764808,86.414856
2026-03-12 23:00:00,N09,,,,,,,23.764808,86.414856
2026-03-13 00:00:00,N09,,,,,,,23.764808,86.414856
2026-03-13 01:00:00,N09,0.0299,0.006043,2.55,0.0029,0.000123,27.2,23.764808,86.414856
2026-03-13 02:00:00,N09,0.1502,0.005036,2.12,0.0032,0.000227,27.9,23.764808,86.414856
2026-03-13 03:00:00,N09,0.2348,0.007246,1.11,0.0033,0.000153,29.1,23.764808,86.414856
2026-03-13 04:00:00,N09,-0.0737,0.005461,4.0,0.0035,6e-06,30.7,23.764808,86.414856
2026-03-13 05:00:00,N09,-0.0022,0.006163,5.44,0.0033,0.000138,32.5,23.764808,86.414856
2026-03-13 06:00:00,N09,,,,,,,23.764808,86.414856
2026-03-13 07:00:00,N09,,,,,,,23.764808,86.414856
2026-03-13 08:00:00,N09,,,,,,,23.764808,86.414856
2026-03-13 09:00:00,N09,,,,,,,23.764808,86.414856
2026-03-13 10:00:00,N09,0.1436,0.005371,8.44,0.0045,7.2e-05,40.9,23.764808,86.414856
2026-03-13 11:00:00,N09,-0.1501,0.008926,3.47,0.0046,0.000107,41.7,23.764808,86.414856
2026-03-13 12:00:00,N09,-0.0324,0.005204,3.44,0.0047,0.000223,41.9,23.764808,86.414856
2026-03-13 13:00:00,N09,0.1263,0.008749,4.31,0.0051,6e-05,41.7,23.764808,86.414856
2026-03-13 14:00:00,N09,,,,,,,23.764808,86.414856
2026-03-13 15:00:00,N09,,,,,,,23.764808,86.414856
2026-03-13 16:00:00,N09,,,,,,,23.764808,86.414856
2026-03-13 17:00:00,N09,,,,,,,23.764808,86.414856
2026-03-13 18:00:00,N09,,,,,,,23.764808,86.414856
2026-03-13 19:00:00,N09,,,,,,,23.764808,86.414856
2026-03-13 20:00:00,N09,,,,,,,23.764808,86.414856
2026-03-13 21:00:00,N09,,,,,,,23.764808,86.414856
2026-03-13 22:00:00,N09,,,,,,,23.764808,86.414856
2026-03-13 23:00:00,N09,,,,,,,23.764808,86.414856
2026-03-14 00:00:00,N09,-0.1459,0.005588,5.09,0.0036,8.8e-05,25.8,23.764808,86.414856
2026-03-14 01:00:00,N09,,,,,,,23.764808,86.414856
2026-03-14 02:00:00,N09,-0.0676,0.005431,6.24,0.0035,0.000184,26.8,23.764808,86.414856
2026-03-14 03:00:00,N09,,,,,,,23.764808,86.414856
2026-03-14 04:00:00,N09,,,,,,,23.764808,86.414856
2026-03-14 05:00:00,N09,,,,,,,23.764808,86.414856
2026-03-14 06:00:00,N09,,,,,,,23.764808,86.414856
2026-03-14 07:00:00,N09,,,,,,,23.764808,86.414856
2026-03-14 08:00:00,N09,0.2016,0.843868,23.49,0.0139,0.004593,37.0,23.764808,86.414856
2026-03-14 09:00:00,N09,-0.4197,0.009745,3.55,0.004,0.005182,38.6,23.764808,86.414856
2026-03-14 10:00:00,N09,,,,,,,23.764808,86.414856
2026-03-14 11:00:00,N09,0.0937,0.005389,2.65,0.0041,1.9e-05,40.5,23.764808,86.414856
2026-03-14 12:00:00,N09,0.3686,0.006565,5.03,0.0036,0.001039,40.8,23.764808,86.414856
2026-03-14 13:00:00,N09,-0.2602,0.006639,1.87,0.002,0.000931,40.5,23.764808,86.414856
2026-03-14 14:00:00,N09,0.0991,0.006679,4.43,0.0017,0.003316,39.7,23.764808,86.414856
2026-03-14 15:00:00,N09,0.1538,0.831973,23.12,0.0086,0.000236,38.6,23.764808,86.414856
2026-03-14 16:00:00,N09,0.007,0.005343,2.3,0.0022,0.003307,37.0,23.764808,86.414856
2026-03-14 17:00:00,N09,0.133,0.005361,9.7,0.002,3.3e-05,35.2,23.764808,86.414856
2026-03-14 18:00:00,N09,0.0118,0.006883,7.65,0.0023,0.000392,33.3,23.764808,86.414856
2026-03-14 19:00:00,N09,,,,,,,23.764808,86.414856
2026-03-14 20:00:00,N09,,,,,,,23.764808,86.414856
2026-03-14 21:00:00,N09,,,,,,,23.764808,86.414856
2026-03-14 22:00:00,N09,,,,,,,23.764808,86.414856
2026-03-14 23:00:00,N09,,,,,,,23.764808,86.414856
2026-03-15 00:00:00,N09,,,,,,,23.764808,86.414856
2026-03-15 01:00:00,N09,-0.1418,0.005551,9.72,0.0015,1e-06,24.3,23.764808,86.414856
2026-03-15 02:00:00,N09,-0.2534,0.006304,6.61,0.0017,0.000363,25.0,23.764808,86.414856
2026-03-15 03:00:00,N09,-0.1367,0.008314,5.29,0.0022,0.000849,26.2,23.764808,86.414856
2026-03-15 04:00:00,N09,0.1355,0.006739,4.87,0.0034,0.000704,27.8,23.764808,86.414856
2026-03-15 05:00:00,N09,-0.1731,0.005486,6.84,0.0036,0.003527,29.6,23.764808,86.414856
2026-03-15 06:00:00,N09,,,,,,,23.764808,86.414856
2026-03-15 07:00:00,N09,0.1839,0.872719,26.67,0.0107,0.009235,33.4,23.764808,86.414856
2026-03-15 08:00:00,N09,-0.0707,0.908487,16.69,-0.008,0.009616,35.3,23.764808,86.414856
2026-03-15 09:00:00,N09,0.2065,0.816527,31.92,-0.0086,0.005893,36.8,23.764808,86.414856
2026-03-15 10:00:00,N09,-0.2198,0.008091,8.36,0.0037,0.00587,38.0,23.764808,86.414856
2026-03-15 11:00:00,N09,0.0975,0.008092,2.28,0.0032,0.003144,38.8,23.764808,86.414856
2026-03-15 12:00:00,N09,-0.1402,0.655422,44.7,-0.0025,0.002887,39.0,23.764808,86.414856
2026-03-15 13:00:00,N09,,,,,,,23.764808,86.414856
2026-03-15 14:00:00,N09,,,,,,,23.764808,86.414856
2026-03-15 15:00:00,N09,,,,,,,23.764808,86.414856
2026-03-15 16:00:00,N09,-0.0427,0.006589,9.7,0.0032,0.000245,35.3,23.764808,86.414856
2026-03-15 17:00:00,N09,-0.2075,0.0057,2.94,0.0038,0.000205,33.4,23.764808,86.414856
2026-03-15 18:00:00,N09,-0.2365,0.00539,9.79,0.0036,0.000241,31.5,23.764808,86.414856
2026-03-15 19:00:00,N09,0.2276,0.009218,9.3,0.0033,0.000316,29.6,23.764808,86.414856
2026-03-15 20:00:00,N09,0.0806,0.007499,4.46,0.003,5.5e-05,27.8,23.764808,86.414856
2026-03-15 21:00:00,N09,0.3073,0.005986,4.26,0.0034,0.000443,26.2,23.764808,86.414856
2026-03-15 22:00:00,N09,-0.294,0.005284,4.04,0.0039,0.000273,25.0,23.764808,86.414856
2026-03-15 23:00:00,N09,0.0618,0.005058,6.07,0.0029,0.000572,24.3,23.764808,86.414856
2026-03-16 00:00:00,N09,-0.003,0.007774,7.83,0.0028,0.000272,24.8,23.764808,86.414856
2026-03-16 01:00:00,N09,,,,,,,23.764808,86.414856
2026-03-16 02:00:00,N09,,,,,,,23.764808,86.414856
2026-03-16 03:00:00,N09,,,,,,,23.764808,86.414856
2026-03-16 04:00:00,N09,,,,,,,23.764808,86.414856
2026-03-16 05:00:00,N09,-0.0001,0.006242,7.0,0.0025,0.000561,30.4,23.764808,86.414856
2026-03-16 06:00:00,N09,0.1785,0.006091,2.9,0.0027,0.000191,32.3,23.764808,86.414856
2026-03-16 07:00:00,N09,0.0716,0.006949,6.51,0.0029,0.000122,34.2,23.764808,86.414856
2026-03-16 08:00:00,N09,-0.0074,0.008357,9.03,0.003,2e-05,36.1,23.764808,86.414856
2026-03-16 09:00:00,N09,0.2042,0.006628,6.1,0.0029,0.000177,37.6,23.764808,86.414856
2026-03-16 10:00:00,N09,0.1865,0.006805,5.74,0.0026,0.000139,38.8,23.764808,86.414856
2026-03-16 11:00:00,N09,-0.0048,0.005517,4.69,0.0026,9e-06,39.5,23.764808,86.414856
2026-03-16 12:00:00,N09,-0.0339,0.005525,8.36,0.0026,3e-06,39.8,23.764808,86.414856
2026-03-16 13:00:00,N09,,,,,,,23.764808,86.414856
2026-03-16 14:00:00,N09,,,,,,,23.764808,86.414856
2026-03-16 15:00:00,N09,,,,,,,23.764808,86.414856
2026-03-16 16:00:00,N09,0.2081,0.582782,43.9,-0.0118,0.000473,36.1,23.764808,86.414856
2026-03-16 17:00:00,N09,0.0001,0.008189,4.27,0.0027,0.007127,34.2,23.764808,86.414856
2026-03-16 18:00:00,N09,0.0196,0.005196,5.22,0.0025,0.000186,32.3,23.764808,86.414856
2026-03-16 19:00:00,N09,-0.1445,0.009026,6.2,0.0023,0.000132,30.4,23.764808,86.414856
2026-03-16 20:00:00,N09,0.1986,0.008048,5.26,0.0022,0.000199,28.6,23.764808,86.414856
2026-03-16 21:00:00,N09,-0.1863,0.009267,6.29,0.0019,4.3e-05,27.0,23.764808,86.414856
2026-03-16 22:00:00,N09,0.0234,0.005517,2.18,0.0021,0.000119,25.8,23.764808,86.414856
2026-03-16 23:00:00,N09,0.1184,0.006096,8.9,0.0021,0.000182,25.1,23.764808,86.414856
2026-03-17 00:00:00,N09,0.0304,0.006021,8.81,0.0018,7.5e-05,26.6,23.764808,86.414856
2026-03-17 01:00:00,N09,0.1123,0.007511,2.42,0.002,0.000183,26.8,23.764808,86.414856
2026-03-17 02:00:00,N09,0.0607,0.005294,8.6,0.0021,0.000101,27.6,23.764808,86.414856
2026-03-17 03:00:00,N09,0.1808,0.005448,6.17,0.0022,0.000518,28.8,23.764808,86.414856
2026-03-17 04:00:00,N09,-0.1128,0.00542,7.57,0.0032,0.000561,30.3,23.764808,86.414856
2026-03-17 05:00:00,N09,-0.4493,0.006624,4.15,0.0033,0.000325,32.1,23.764808,86.414856
2026-03-17 06:00:00,N09,-0.1781,0.006564,6.01,0.0038,0.000211,34.1,23.764808,86.414856
2026-03-17 07:00:00,N09,-0.0376,0.006338,8.89,0.0037,0.000213,36.0,23.764808,86.414856
2026-03-17 08:00:00,N09,0.09,0.00532,6.62,0.0034,0.000597,37.8,23.764808,86.414856
2026-03-17 09:00:00,N09,0.0652,0.005786,4.26,0.0025,0.000319,39.4,23.764808,86.414856
2026-03-17 10:00:00,N09,-0.2306,0.006107,2.05,0.0028,0.000253,40.6,23.764808,86.414856
2026-03-17 11:00:00,N09,0.1674,0.005966,7.36,0.0031,1.8e-05,41.3,23.764808,86.414856
2026-03-17 12:00:00,N09,0.1339,0.007726,2.75,0.0028,0.000167,41.6,23.764808,86.414856
2026-03-17 13:00:00,N09,0.1122,0.007017,9.73,0.0027,0.00014,41.3,23.764808,86.414856
2026-03-17 14:00:00,N09,-0.1803,0.006489,4.66,0.0031,0.00836,40.6,23.764808,86.414856
2026-03-17 15:00:00,N09,-0.256,0.643489,33.23,-0.014,0.008595,39.4,23.764808,86.414856
2026-03-17 16:00:00,N09,,,,,,,23.764808,86.414856
2026-03-17 17:00:00,N09,,,,,,,23.764808,86.414856
2026-03-17 18:00:00,N09,,,,,,,23.764808,86.414856
2026-03-17 19:00:00,N09,,,,,,,23.764808,86.414856
2026-03-17 20:00:00,N09,,,,,,,23.764808,86.414856
2026-03-17 21:00:00,N09,,,,,,,23.764808,86.414856
2026-03-17 22:00:00,N09,-0.2374,0.00541,5.26,0.0024,1.5e-05,27.6,23.764808,86.414856
2026-03-17 23:00:00,N09,-0.1486,0.006302,7.76,0.0024,7.6e-05,26.8,23.764808,86.414856
2026-03-18 00:00:00,N09,0.0867,0.006236,4.07,0.0025,0.000205,21.8,23.764808,86.414856
2026-03-18 01:00:00,N09,0.1191,0.006016,7.57,0.002,0.000265,22.0,23.764808,86.414856
2026-03-18 02:00:00,N09,,,,,,,23.764808,86.414856
2026-03-18 03:00:00,N09,,,,,,,23.764808,86.414856
2026-03-18 04:00:00,N09,,,,,,,23.764808,86.414856
2026-03-18 05:00:00,N09,-0.2351,0.006503,6.45,0.0009,0.006004,27.3,23.764808,86.414856
2026-03-18 06:00:00,N09,-0.0321,0.520518,26.41,0.0137,0.011721,29.3,23.764808,86.414856
2026-03-18 07:00:00,N09,-0.2388,0.634573,23.05,0.0243,0.000736,31.2,23.764808,86.414856
2026-03-18 08:00:00,N09,0.1706,0.610807,39.39,0.0122,0.011999,33.0,23.764808,86.414856
2026-03-18 09:00:00,N09,0.0327,0.006435,3.1,0.0003,0.006192,34.6,23.764808,86.414856
2026-03-18 10:00:00,N09,0.0913,0.00592,5.63,-0.0002,0.000303,35.8,23.764808,86.414856
2026-03-18 11:00:00,N09,-0.2771,0.005233,1.19,-0.0003,4.1e-05,36.5,23.764808,86.414856
2026-03-18 12:00:00,N09,-0.001,0.006472,1.57,-0.0003,0.000137,36.8,23.764808,86.414856
2026-03-18 13:00:00,N09,-0.0091,0.006617,3.11,-0.0005,0.000407,36.5,23.764808,86.414856
2026-03-18 14:00:00,N09,-0.272,0.009282,7.67,0.0005,0.000317,35.8,23.764808,86.414856
2026-03-18 15:00:00,N09,0.0094,0.005173,5.88,0.0001,0.00013,34.6,23.764808,86.414856
2026-03-18 16:00:00,N09,-0.2308,0.006114,9.17,0.0008,0.003051,33.0,23.764808,86.414856
2026-03-18 17:00:00,N09,-0.066,0.840226,17.78,-0.006,0.003498,31.2,23.764808,86.414856
2026-03-18 18:00:00,N09,-0.1062,0.510332,47.28,-0.0062,0.003205,29.3,23.764808,86.414856
2026-03-18 19:00:00,N09,0.0601,0.005978,2.73,0.0004,0.003491,27.3,23.764808,86.414856
2026-03-18 20:00:00,N09,-0.1286,0.00781,3.7,0.0008,0.000516,25.5,23.764808,86.414856
2026-03-18 21:00:00,N09,0.0588,0.005369,6.54,0.0014,0.000144,24.0,23.764808,86.414856
2026-03-18 22:00:00,N09,0.1665,0.006435,8.22,0.0011,4.9e-05,22.8,23.764808,86.414856
2026-03-18 23:00:00,N09,,,,,,,23.764808,86.414856
2026-03-19 00:00:00,N09,,,,,,,23.764808,86.414856
2026-03-19 01:00:00,N09,0.1331,0.007827,7.22,0.0012,0.000136,22.4,23.764808,86.414856
2026-03-19 02:00:00,N09,-0.0049,0.005652,9.91,0.0015,8.8e-05,23.1,23.764808,86.414856
2026-03-19 03:00:00,N09,,,,,,,23.764808,86.414856
2026-03-19 04:00:00,N09,,,,,,,23.764808,86.414856
2026-03-19 05:00:00,N09,,,,,,,23.764808,86.414856
2026-03-19 06:00:00,N09,,,,,,,23.764808,86.414856
2026-03-19 07:00:00,N09,-0.106,0.005708,5.16,-0.0005,0.000593,31.6,23.764808,86.414856
2026-03-19 08:00:00,N09,-0.0169,0.900836,16.12,0.0159,0.005468,33.4,23.764808,86.414856
2026-03-19 09:00:00,N09,0.0163,0.731852,34.66,-0.0114,0.013491,34.9,23.764808,86.414856
2026-03-19 10:00:00,N09,0.0152,0.762259,36.23,-0.011,0.005708,36.1,23.764808,86.414856
2026-03-19 11:00:00,N09,0.1371,0.008327,3.38,-0.0,0.005684,36.9,23.764808,86.414856
2026-03-19 12:00:00,N09,0.1627,0.006721,3.65,0.0003,0.000534,37.1,23.764808,86.414856
2026-03-19 13:00:00,N09,0.0978,0.005473,1.58,0.0011,0.00046,36.9,23.764808,86.414856
2026-03-19 14:00:00,N09,-0.1006,0.005993,2.26,0.0012,0.000203,36.1,23.764808,86.414856
2026-03-19 15:00:00,N09,0.0477,0.006582,2.51,0.0015,0.000269,34.9,23.764808,86.414856
2026-03-19 16:00:00,N09,,,,,,,23.764808,86.414856
2026-03-19 17:00:00,N09,0.116,0.006336,3.64,0.0004,0.000377,31.6,23.764808,86.414856
2026-03-19 18:00:00,N09,,,,,,,23.764808,86.414856
2026-03-19 19:00:00,N09,,,,,,,23.764808,86.414856
2026-03-19 20:00:00,N09,,,,,,,23.764808,86.414856
2026-03-19 21:00:00,N09,,,,,,,23.764808,86.414856
2026-03-19 22:00:00,N09,,,,,,,23.764808,86.414856
2026-03-19 23:00:00,N09,,,,,,,23.764808,86.414856
2026-03-20 00:00:00,N09,0.1321,0.005992,7.77,-0.0004,7.3e-05,23.8,23.764808,86.414856
2026-03-20 01:00:00,N09,,,,,,,23.764808,86.414856
2026-03-20 02:00:00,N09,,,,,,,23.764808,86.414856
2026-03-20 03:00:00,N09,,,,,,,23.764808,86.414856
2026-03-20 04:00:00,N09,,,,,,,23.764808,86.414856
2026-03-20 05:00:00,N09,,,,,,,23.764808,86.414856
2026-03-20 06:00:00,N09,,,,,,,23.764808,86.414856
2026-03-20 07:00:00,N09,-0.1146,0.713999,49.07,-0.0133,0.00561,33.3,23.764808,86.414856
2026-03-20 08:00:00,N09,0.0423,0.005097,6.44,-0.0017,0.006023,35.1,23.764808,86.414856
2026-03-20 09:00:00,N09,-0.1897,0.005709,6.7,-0.0013,0.000167,36.6,23.764808,86.414856
2026-03-20 10:00:00,N09,0.1295,0.005316,9.37,-0.002,0.000197,37.8,23.764808,86.414856
2026-03-20 11:00:00,N09,-0.2459,0.005614,5.82,-0.0017,0.000226,38.6,23.764808,86.414856
2026-03-20 12:00:00,N09,0.012,0.009653,7.43,-0.0015,0.000392,38.8,23.764808,86.414856
2026-03-20 13:00:00,N09,0.053,0.006953,8.87,-0.0025,0.000402,38.6,23.764808,86.414856
2026-03-20 14:00:00,N09,0.1081,0.005641,2.16,-0.0024,0.000163,37.8,23.764808,86.414856
2026-03-20 15:00:00,N09,0.2388,0.006254,9.4,-0.0021,4e-05,36.6,23.764808,86.414856
2026-03-20 16:00:00,N09,,,,,,,23.764808,86.414856
2026-03-20 17:00:00,N09,,,,,,,23.764808,86.414856
2026-03-20 18:00:00,N09,,,,,,,23.764808,86.414856
2026-03-20 19:00:00,N09,,,,,,,23.764808,86.414856
2026-03-20 20:00:00,N09,-0.2337,0.008381,9.32,-0.0016,0.000224,27.6,23.764808,86.414856
2026-03-20 21:00:00,N09,0.0603,0.006626,9.74,-0.0019,0.000279,26.0,23.764808,86.414856
2026-03-20 22:00:00,N09,0.0091,0.008155,1.68,-0.0021,0.000315,24.9,23.764808,86.414856
2026-03-20 23:00:00,N09,0.2362,0.008182,5.1,-0.0026,0.000576,24.1,23.764808,86.414856
2026-03-21 00:00:00,N09,,,,,,,23.764808,86.414856
2026-03-21 01:00:00,N09,,,,,,,23.764808,86.414856
2026-03-21 02:00:00,N09,,,,,,,23.764808,86.414856
2026-03-21 03:00:00,N09,0.0216,0.006849,8.73,-0.0036,0.000419,26.4,23.764808,86.414856
2026-03-21 04:00:00,N09,0.0016,0.005661,5.05,-0.0027,0.000502,27.9,23.764808,86.414856
2026-03-21 05:00:00,N09,-0.0983,0.008703,8.04,-0.0026,6.9e-05,29.7,23.764808,86.414856
2026-03-21 06:00:00,N09,0.0007,0.005384,2.12,-0.0026,3.8e-05,31.7,23.764808,86.414856
2026-03-21 07:00:00,N09,0.0816,0.006225,9.89,-0.0027,0.005736,33.6,23.764808,86.414856
2026-03-21 08:00:00,N09,0.0172,0.615267,15.87,0.0089,0.012395,35.4,23.764808,86.414856
2026-03-21 09:00:00,N09,,,,,,,23.764808,86.414856
2026-03-21 10:00:00,N09,,,,,,,23.764808,86.414856
2026-03-21 11:00:00,N09,,,,,,,23.764808,86.414856
2026-03-21 12:00:00,N09,,,,,,,23.764808,86.414856
2026-03-21 13:00:00,N09,,,,,,,23.764808,86.414856
2026-03-21 14:00:00,N09,,,,,,,23.764808,86.414856
2026-03-21 15:00:00,N09,,,,,,,23.764808,86.414856
2026-03-21 16:00:00,N09,,,,,,,23.764808,86.414856
2026-03-21 17:00:00,N09,0.2161,0.006078,9.41,-0.0018,0.000177,33.6,23.764808,86.414856
2026-03-21 18:00:00,N09,-0.0942,0.006088,2.56,-0.0019,5.8e-05,31.7,23.764808,86.414856
2026-03-21 19:00:00,N09,0.23,0.007633,3.06,-0.0017,0.000383,29.7,23.764808,86.414856
2026-03-21 20:00:00,N09,0.263,0.006104,5.03,-0.0027,0.000563,27.9,23.764808,86.414856
2026-03-21 21:00:00,N09,-0.1191,0.006976,8.08,-0.0028,1e-06,26.4,23.764808,86.414856
2026-03-21 22:00:00,N09,0.0132,0.00761,7.58,-0.0027,0.00033,25.2,23.764808,86.414856
2026-03-21 23:00:00,N09,0.0257,0.006295,6.52,-0.0022,0.000312,24.4,23.764808,86.414856
2026-03-22 00:00:00,N09,0.1769,0.008335,3.18,-0.0021,4.1e-05,23.5,23.764808,86.414856
2026-03-22 01:00:00,N09,,,,,,,23.764808,86.414856
2026-03-22 02:00:00,N09,0.0101,0.008749,7.51,-0.0021,0.000197,24.5,23.764808,86.414856
2026-03-22 03:00:00,N09,,,,,,,23.764808,86.414856
2026-03-22 04:00:00,N09,-0.069,0.006031,6.22,-0.0016,0.000133,27.3,23.764808,86.414856
2026-03-22 05:00:00,N09,-0.2602,0.005274,3.39,-0.002,0.00016,29.1,23.764808,86.414856
2026-03-22 06:00:00,N09,-0.1383,0.006713,9.88,-0.0013,0.005064,31.0,23.764808,86.414856
2026-03-22 07:00:00,N09,-0.1144,0.832124,39.59,-0.0121,0.000279,33.0,23.764808,86.414856
2026-03-22 08:00:00,N09,0.11,0.008144,2.2,-0.0007,0.005626,34.8,23.764808,86.414856
2026-03-22 09:00:00,N09,,,,,,,23.764808,86.414856
2026-03-22 10:00:00,N09,,,,,,,23.764808,86.414856
2026-03-22 11:00:00,N09,,,,,,,23.764808,86.414856
2026-03-22 12:00:00,N09,,,,,,,23.764808,86.414856
2026-03-22 13:00:00,N09,,,,,,,23.764808,86.414856
2026-03-22 14:00:00,N09,,,,,,,23.764808,86.414856
2026-03-22 15:00:00,N09,,,,,,,23.764808,86.414856
2026-03-22 16:00:00,N09,,,,,,,23.764808,86.414856
2026-03-22 17:00:00,N09,,,,,,,23.764808,86.414856
2026-03-22 18:00:00,N09,0.12,0.005078,7.23,0.002,0.000298,31.0,23.764808,86.414856
2026-03-22 19:00:00,N09,-0.0915,0.006864,9.89,0.0023,8.1e-05,29.1,23.764808,86.414856
2026-03-22 20:00:00,N09,-0.0492,0.007051,5.28,0.0021,0.000239,27.3,23.764808,86.414856
2026-03-22 21:00:00,N09,0.0655,0.007651,9.42,0.0019,2.4e-05,25.7,23.764808,86.414856
2026-03-22 22:00:00,N09,-0.026,0.00547,1.96,0.0022,3.3e-05,24.5,23.764808,86.414856
2026-03-22 23:00:00,N09,,,,,,,23.764808,86.414856
2026-03-23 00:00:00,N09,,,,,,,23.764808,86.414856
2026-03-23 01:00:00,N09,,,,,,,23.764808,86.414856
2026-03-23 02:00:00,N09,,,,,,,23.764808,86.414856
2026-03-23 03:00:00,N09,-0.0254,0.006948,3.82,0.0022,0.000154,30.5,23.764808,86.414856
2026-03-23 04:00:00,N09,0.0332,0.007126,7.27,0.0023,9.3e-05,32.0,23.764808,86.414856
2026-03-23 05:00:00,N09,0.0411,0.005531,6.53,0.002,0.000407,33.9,23.764808,86.414856
2026-03-23 06:00:00,N09,,,,,,,23.764808,86.414856
2026-03-23 07:00:00,N09,,,,,,,23.764808,86.414856
2026-03-23 08:00:00,N09,,,,,,,23.764808,86.414856
2026-03-23 09:00:00,N09,-0.1353,0.0051,4.42,0.0022,0.000457,41.1,23.764808,86.414856
2026-03-23 10:00:00,N09,-0.1507,0.008662,4.15,0.0026,0.000305,42.3,23.764808,86.414856
2026-03-23 11:00:00,N09,0.2752,0.005355,4.1,0.0028,0.000183,43.0,23.764808,86.414856
2026-03-23 12:00:00,N09,-0.225,0.005049,6.42,0.003,0.000389,43.3,23.764808,86.414856
2026-03-23 13:00:00,N09,-0.0857,0.005099,4.29,0.002,0.000643,43.0,23.764808,86.414856
2026-03-23 14:00:00,N09,-0.1442,0.006089,6.15,0.0017,0.003048,42.3,23.764808,86.414856
2026-03-23 15:00:00,N09,,,,,,,23.764808,86.414856
2026-03-23 16:00:00,N09,-0.0049,0.006386,6.99,0.0006,0.003871,39.5,23.764808,86.414856
2026-03-23 17:00:00,N09,0.1897,0.007162,2.68,0.0003,0.000401,37.7,23.764808,86.414856
2026-03-23 18:00:00,N09,,,,,,,23.764808,86.414856
2026-03-23 19:00:00,N09,-0.0519,0.006503,8.54,-0.0008,0.000253,33.9,23.764808,86.414856
2026-03-23 20:00:00,N09,-0.2107,0.005095,4.21,-0.0007,0.000324,32.0,23.764808,86.414856
2026-03-23 21:00:00,N09,-0.1004,0.005574,4.07,-0.0002,0.000231,30.5,23.764808,86.414856
2026-03-23 22:00:00,N09,-0.1934,0.005963,6.56,-0.0002,1.8e-05,29.3,23.764808,86.414856
2026-03-23 23:00:00,N09,-0.2511,0.008631,4.42,-0.0002,0.000489,28.5,23.764808,86.414856
2026-03-24 00:00:00,N09,-0.2649,0.006705,1.41,0.0008,0.000671,22.8,23.764808,86.414856
2026-03-24 01:00:00,N09,-0.016,0.007628,5.59,0.0012,5.7e-05,23.0,23.764808,86.414856
2026-03-24 02:00:00,N09,-0.1169,0.006501,10.0,0.0007,0.000248,23.8,23.764808,86.414856
2026-03-24 03:00:00,N09,-0.3496,0.005205,4.48,0.0007,0.000697,25.0,23.764808,86.414856
2026-03-24 04:00:00,N09,0.1635,0.007657,8.97,-0.0007,0.001233,26.5,23.764808,86.414856
2026-03-24 05:00:00,N09,-0.0417,0.006874,4.88,-0.0018,0.005653,28.4,23.764808,86.414856
2026-03-24 06:00:00,N09,0.0736,0.73178,21.48,-0.012,9.5e-05,30.3,23.764808,86.414856
2026-03-24 07:00:00,N09,,,,,,,23.764808,86.414856
2026-03-24 08:00:00,N09,,,,,,,23.764808,86.414856
2026-03-24 09:00:00,N09,,,,,,,23.764808,86.414856
2026-03-24 10:00:00,N09,,,,,,,23.764808,86.414856
2026-03-24 11:00:00,N09,0.1284,0.007339,6.29,-0.0027,0.000168,37.5,23.764808,86.414856
2026-03-24 12:00:00,N09,0.0507,0.00685,4.21,-0.0029,0.000418,37.8,23.764808,86.414856
2026-03-24 13:00:00,N09,-0.0835,0.009162,5.86,-0.0036,0.000656,37.5,23.764808,86.414856
2026-03-24 14:00:00,N09,-0.3792,0.009592,8.58,-0.0042,0.000137,36.8,23.764808,86.414856
2026-03-24 15:00:00,N09,-0.0349,0.006605,3.59,-0.0038,0.000256,35.6,23.764808,86.414856
2026-03-24 16:00:00,N09,-0.0942,0.006091,5.42,-0.0037,0.000281,34.0,23.764808,86.414856
2026-03-24 17:00:00,N09,0.0762,0.007463,4.62,-0.0044,0.000379,32.2,23.764808,86.414856
2026-03-24 18:00:00,N09,,,,,,,23.764808,86.414856
2026-03-24 19:00:00,N09,,,,,,,23.764808,86.414856
2026-03-24 20:00:00,N09,,,,,,,23.764808,86.414856
2026-03-24 21:00:00,N09,,,,,,,23.764808,86.414856
2026-03-24 22:00:00,N09,,,,,,,23.764808,86.414856
2026-03-24 23:00:00,N09,0.1441,0.009608,6.98,-0.0037,0.000438,23.0,23.764808,86.414856
2026-03-25 00:00:00,N09,0.0128,0.005475,6.9,-0.0032,0.000263,21.9,23.764808,86.414856
2026-03-25 01:00:00,N09,-0.0494,0.008281,4.61,-0.0031,0.000178,22.1,23.764808,86.414856
2026-03-25 02:00:00,N09,-0.1092,0.006762,8.57,-0.0036,2.9e-05,22.9,23.764808,86.414856
2026-03-25 03:00:00,N09,,,,,,,23.764808,86.414856
2026-03-25 04:00:00,N09,,,,,,,23.764808,86.414856
2026-03-25 05:00:00,N09,,,,,,,23.764808,86.414856
2026-03-25 06:00:00,N09,,,,,,,23.764808,86.414856
2026-03-25 07:00:00,N09,-0.0807,0.006077,7.72,-0.0039,0.000936,31.3,23.764808,86.414856
2026-03-25 08:00:00,N09,0.2075,0.005668,5.11,-0.0045,0.000302,33.1,23.764808,86.414856
2026-03-25 09:00:00,N09,0.1467,0.005856,1.61,-0.0045,0.000421,34.7,23.764808,86.414856
2026-03-25 10:00:00,N09,-0.1031,0.007493,2.32,-0.0053,0.000294,35.9,23.764808,86.414856
2026-03-25 11:00:00,N09,-0.0599,0.007137,2.35,-0.0051,0.000451,36.6,23.764808,86.414856
2026-03-25 12:00:00,N09,,,,,,,23.764808,86.414856
2026-03-25 13:00:00,N09,,,,,,,23.764808,86.414856
2026-03-25 14:00:00,N09,0.1241,0.007436,9.78,-0.0042,0.003805,35.9,23.764808,86.414856
2026-03-25 15:00:00,N09,-0.1338,0.706452,42.35,-0.0121,0.004996,34.7,23.764808,86.414856
2026-03-25 16:00:00,N09,0.0585,0.764757,38.05,0.0058,0.013333,33.1,23.764808,86.414856
2026-03-25 17:00:00,N09,-0.0145,0.590453,32.83,0.0145,0.004519,31.3,23.764808,86.414856
2026-03-25 18:00:00,N09,,,,,,,23.764808,86.414856
2026-03-25 19:00:00,N09,,,,,,,23.764808,86.414856
2026-03-25 20:00:00,N09,,,,,,,23.764808,86.414856
2026-03-25 21:00:00,N09,-0.0938,0.005815,1.96,-0.0041,0.000463,24.1,23.764808,86.414856
2026-03-25 22:00:00,N09,-0.0633,0.008113,4.95,-0.0046,0.000241,22.9,23.764808,86.414856
2026-03-25 23:00:00,N09,0.0656,0.00614,4.32,-0.0036,0.000634,22.1,23.764808,86.414856
2026-03-26 00:00:00,N09,0.0841,0.005348,9.95,-0.0033,0.000404,23.5,23.764808,86.414856
2026-03-26 01:00:00,N09,-0.1831,0.006291,8.58,-0.0028,0.000177,23.8,23.764808,86.414856
2026-03-26 02:00:00,N09,-0.2176,0.009209,7.74,-0.0029,0.000374,24.6,23.764808,86.414856
2026-03-26 03:00:00,N09,0.0431,0.005499,8.91,-0.0035,0.000956,25.7,23.764808,86.414856
2026-03-26 04:00:00,N09,-0.0309,0.007068,1.1,-0.0048,0.00068,27.3,23.764808,86.414856
2026-03-26 05:00:00,N09,0.0044,0.006739,5.18,-0.0049,0.009104,29.1,23.764808,86.414856
2026-03-26 06:00:00,N09,-0.1535,0.875952,30.65,0.0134,0.008999,31.0,23.764808,86.414856
2026-03-26 07:00:00,N09,0.285,0.910196,33.84,0.0131,0.008951,33.0,23.764808,86.414856
2026-03-26 08:00:00,N09,0.0208,0.005826,1.13,-0.0045,0.008291,34.8,23.764808,86.414856
2026-03-26 09:00:00,N09,-0.0684,0.007302,2.06,-0.0035,0.0005,36.4,23.764808,86.414856
2026-03-26 10:00:00,N09,0.0322,0.00654,8.9,-0.0035,5.4e-05,37.5,23.764808,86.414856
2026-03-26 11:00:00,N09,,,,,,,23.764808,86.414856
2026-03-26 12:00:00,N09,,,,,,,23.764808,86.414856
2026-03-26 13:00:00,N09,,,,,,,23.764808,86.414856
2026-03-26 14:00:00,N09,,,,,,,23.764808,86.414856
2026-03-26 15:00:00,N09,,,,,,,23.764808,86.414856
2026-03-26 16:00:00,N09,-0.1122,0.00735,4.7,-0.0034,5.6e-05,34.8,23.764808,86.414856
2026-03-26 17:00:00,N09,0.2096,0.005271,4.16,-0.0033,0.000255,33.0,23.764808,86.414856
2026-03-26 18:00:00,N09,,,,,,,23.764808,86.414856
2026-03-26 19:00:00,N09,,,,,,,23.764808,86.414856
2026-03-26 20:00:00,N09,,,,,,,23.764808,86.414856
2026-03-26 21:00:00,N09,,,,,,,23.764808,86.414856
2026-03-26 22:00:00,N09,,,,,,,23.764808,86.414856
2026-03-26 23:00:00,N09,0.0081,0.006258,2.09,-0.0036,0.000121,23.8,23.764808,86.414856
2026-03-27 00:00:00,N09,,,,,,,23.764808,86.414856
2026-03-27 01:00:00,N09,,,,,,,23.764808,86.414856
2026-03-27 02:00:00,N09,-0.3422,0.007197,2.44,-0.0034,4.6e-05,23.3,23.764808,86.414856
2026-03-27 03:00:00,N09,0.1078,0.009032,2.98,-0.0029,0.000252,24.5,23.764808,86.414856
2026-03-27 04:00:00,N09,-0.2373,0.007207,2.25,-0.0029,0.000279,26.1,23.764808,86.414856
2026-03-27 05:00:00,N09,0.0581,0.005274,9.85,-0.0024,0.000224,27.9,23.764808,86.414856
2026-03-27 06:00:00,N09,0.0795,0.006743,8.54,-0.0034,0.000479,29.8,23.764808,86.414856
2026-03-27 07:00:00,N09,,,,,,,23.764808,86.414856
2026-03-27 08:00:00,N09,0.0251,0.952977,39.72,0.0114,0.000277,33.6,23.764808,86.414856
2026-03-27 09:00:00,N09,-0.2875,0.007315,9.61,-0.0039,0.007674,35.1,23.764808,86.414856
2026-03-27 10:00:00,N09,0.0958,0.007436,9.93,-0.0039,0.000357,36.3,23.764808,86.414856
2026-03-27 11:00:00,N09,0.0799,0.007656,9.7,-0.0032,0.000218,37.1,23.764808,86.414856
2026-03-27 12:00:00,N09,0.1546,0.007982,1.31,-0.0035,0.00037,37.3,23.764808,86.414856
2026-03-27 13:00:00,N09,,,,,,,23.764808,86.414856
2026-03-27 14:00:00,N09,,,,,,,23.764808,86.414856
2026-03-27 15:00:00,N09,0.0348,0.005316,7.82,-0.0035,0.000206,35.1,23.764808,86.414856
2026-03-27 16:00:00,N09,-0.1402,0.005863,7.16,-0.0035,0.000143,33.6,23.764808,86.414856
2026-03-27 17:00:00,N09,0.005,0.007093,1.02,-0.0037,0.000358,31.8,23.764808,86.414856
2026-03-27 18:00:00,N09,0.0677,0.008466,2.21,-0.0042,0.000579,29.8,23.764808,86.414856
2026-03-27 19:00:00,N09,0.0592,0.005578,8.64,-0.0049,0.000355,27.9,23.764808,86.414856
2026-03-27 20:00:00,N09,,,,,,,23.764808,86.414856
2026-03-27 21:00:00,N09,,,,,,,23.764808,86.414856
2026-03-27 22:00:00,N09,,,,,,,23.764808,86.414856
2026-03-27 23:00:00,N09,,,,,,,23.764808,86.414856
2026-03-28 00:00:00,N09,,,,,,,23.764808,86.414856
2026-03-28 01:00:00,N09,-0.2472,0.006387,1.4,-0.006,0.000494,22.6,23.764808,86.414856
2026-03-28 02:00:00,N09,-0.2344,0.005848,1.05,-0.0063,1e-05,23.4,23.764808,86.414856
2026-03-28 03:00:00,N09,-0.0033,0.006996,8.22,-0.006,0.00024,24.6,23.764808,86.414856
2026-03-28 04:00:00,N09,0.0116,0.006625,8.49,-0.0058,4e-06,26.1,23.764808,86.414856
2026-03-28 05:00:00,N09,,,,,,,23.764808,86.414856
2026-03-28 06:00:00,N09,,,,,,,23.764808,86.414856
2026-03-28 07:00:00,N09,,,,,,,23.764808,86.414856
2026-03-28 08:00:00,N09,,,,,,,23.764808,86.414856
2026-03-28 09:00:00,N09,0.1071,0.005563,1.39,-0.0068,0.000194,35.2,23.764808,86.414856
2026-03-28 10:00:00,N09,-0.0551,0.008526,2.63,-0.0065,0.000422,36.4,23.764808,86.414856
2026-03-28 11:00:00,N09,0.0457,0.007229,5.32,-0.006,0.000266,37.1,23.764808,86.414856
2026-03-28 12:00:00,N09,-0.3162,0.005562,9.99,-0.006,2.1e-05,37.4,23.764808,86.414856
2026-03-28 13:00:00,N09,-0.0055,0.008062,6.61,-0.0059,0.000176,37.1,23.764808,86.414856
2026-03-28 14:00:00,N09,,,,,,,23.764808,86.414856
2026-03-28 15:00:00,N09,,,,,,,23.764808,86.414856
2026-03-28 16:00:00,N09,,,,,,,23.764808,86.414856
2026-03-28 17:00:00,N09,,,,,,,23.764808,86.414856
2026-03-28 18:00:00,N09,0.1416,0.005147,4.27,-0.0059,5.7e-05,29.9,23.764808,86.414856
2026-03-28 19:00:00,N09,-0.1871,0.005188,2.81,-0.0056,0.000316,27.9,23.764808,86.414856
2026-03-28 20:00:00,N09,-0.0468,0.007983,7.77,-0.0052,0.000139,26.1,23.764808,86.414856
2026-03-28 21:00:00,N09,-0.0281,0.005373,1.84,-0.0059,0.000282,24.6,23.764808,86.414856
2026-03-28 22:00:00,N09,-0.1206,0.006429,8.38,-0.0058,3.5e-05,23.4,23.764808,86.414856
2026-03-28 23:00:00,N09,-0.1833,0.007106,6.87,-0.0058,3.9e-05,22.6,23.764808,86.414856
2026-03-29 00:00:00,N09,-0.3134,0.007931,1.23,-0.0059,3.9e-05,23.3,23.764808,86.414856
2026-03-29 01:00:00,N09,-0.0024,0.005293,4.4,-0.0057,0.000757,23.6,23.764808,86.414856
2026-03-29 02:00:00,N09,-0.0642,0.00769,4.65,-0.0044,0.000872,24.4,23.764808,86.414856
2026-03-29 03:00:00,N09,-0.0976,0.005121,2.55,-0.004,0.000329,25.5,23.764808,86.414856
2026-03-29 04:00:00,N09,-0.0803,0.006473,4.63,-0.0037,8.5e-05,27.1,23.764808,86.414856
2026-03-29 05:00:00,N09,0.1779,0.007354,7.59,-0.0042,0.000217,28.9,23.764808,86.414856
2026-03-29 06:00:00,N09,-0.2693,0.00522,8.83,-0.0041,0.000302,30.8,23.764808,86.414856
2026-03-29 07:00:00,N09,0.0558,0.006103,2.58,-0.0036,0.00043,32.8,23.764808,86.414856
2026-03-29 08:00:00,N09,-0.0386,0.006317,1.14,-0.0033,9e-06,34.6,23.764808,86.414856
2026-03-29 09:00:00,N09,,,,,,,23.764808,86.414856
2026-03-29 10:00:00,N09,,,,,,,23.764808,86.414856
2026-03-29 11:00:00,N09,,,,,,,23.764808,86.414856
2026-03-29 12:00:00,N09,,,,,,,23.764808,86.414856
2026-03-29 13:00:00,N09,-0.1784,0.005197,7.92,-0.0028,9e-05,38.1,23.764808,86.414856
2026-03-29 14:00:00,N09,-0.0825,0.006674,2.74,-0.0023,0.000488,37.3,23.764808,86.414856
2026-03-29 15:00:00,N09,-0.0426,0.005577,6.95,-0.0019,2.1e-05,36.1,23.764808,86.414856
2026-03-29 16:00:00,N09,0.065,0.006657,1.14,-0.0023,0.009086,34.6,23.764808,86.414856
2026-03-29 17:00:00,N09,,,,,,,23.764808,86.414856
2026-03-29 18:00:00,N09,,,,,,,23.764808,86.414856
2026-03-29 19:00:00,N09,0.0492,0.006669,4.96,-0.0016,0.009364,28.9,23.764808,86.414856
2026-03-29 20:00:00,N09,0.0023,0.010078,6.87,-0.0019,2.1e-05,27.1,23.764808,86.414856
2026-03-29 21:00:00,N09,-0.1333,0.006359,9.14,-0.0016,0.00019,25.5,23.764808,86.414856
2026-03-29 22:00:00,N09,,,,,,,23.764808,86.414856
2026-03-29 23:00:00,N09,,,,,,,23.764808,86.414856
2026-03-30 00:00:00,N09,0.2601,0.005852,8.55,-0.0012,0.00026,26.8,23.764808,86.414856
2026-03-30 01:00:00,N09,0.1651,0.007512,1.01,-0.0019,0.000338,27.0,23.764808,86.414856
2026-03-30 02:00:00,N09,0.0676,0.007335,4.26,-0.0019,0.000189,27.8,23.764808,86.414856
2026-03-30 03:00:00,N09,-0.0474,0.007332,5.6,-0.0015,0.000492,29.0,23.764808,86.414856
2026-03-30 04:00:00,N09,,,,,,,23.764808,86.414856
2026-03-30 05:00:00,N09,,,,,,,23.764808,86.414856
2026-03-30 06:00:00,N09,,,,,,,23.764808,86.414856
2026-03-30 07:00:00,N09,,,,,,,23.764808,86.414856
2026-03-30 08:00:00,N09,,,,,,,23.764808,86.414856
2026-03-30 09:00:00,N09,-0.0466,0.005688,9.0,-0.0032,0.000103,39.6,23.764808,86.414856
2026-03-30 10:00:00,N09,0.0167,0.007422,5.14,-0.0031,0.000185,40.8,23.764808,86.414856
2026-03-30 11:00:00,N09,0.1249,0.00706,1.43,-0.0036,3e-05,41.5,23.764808,86.414856
2026-03-30 12:00:00,N09,-0.1061,0.007725,1.61,-0.003,0.0003,41.8,23.764808,86.414856
2026-03-30 13:00:00,N09,-0.0117,0.005376,9.86,-0.003,0.002688,41.5,23.764808,86.414856
2026-03-30 14:00:00,N09,0.2168,0.935786,39.67,-0.0084,0.002806,40.8,23.764808,86.414856
2026-03-30 15:00:00,N09,-0.1699,0.969008,22.0,-0.0086,0.003311,39.6,23.764808,86.414856
2026-03-30 16:00:00,N09,-0.1914,0.007889,9.31,-0.0017,0.003525,38.0,23.764808,86.414856
2026-03-30 17:00:00,N09,-0.097,0.012495,1.97,-0.0015,0.000216,36.2,23.764808,86.414856
2026-03-30 18:00:00,N09,-0.1138,0.007702,5.85,-0.0013,2.1e-05,34.3,23.764808,86.414856
2026-03-30 19:00:00,N09,0.0409,0.006827,9.57,-0.0016,0.000181,32.3,23.764808,86.414856
2026-03-30 20:00:00,N09,-0.1728,0.006102,2.86,-0.0017,0.000138,30.5,23.764808,86.414856
2026-03-30 21:00:00,N09,-0.0459,0.008099,8.59,-0.0018,0.000165,29.0,23.764808,86.414856
2026-03-30 22:00:00,N09,-0.1126,0.006355,5.53,-0.0013,0.000577,27.8,23.764808,86.414856
2026-03-30 23:00:00,N09,-0.0531,0.006223,3.45,-0.0007,0.00034,27.0,23.764808,86.414856
2026-03-31 00:00:00,N09,-0.208,0.005276,6.27,-0.0007,4.7e-05,24.7,23.764808,86.414856
2026-03-31 01:00:00,N09,0.0582,0.007745,5.33,-0.0006,0.000114,24.9,23.764808,86.414856
2026-03-31 02:00:00,N09,0.173,0.007497,2.03,-0.0004,0.0,25.7,23.764808,86.414856
2026-03-31 03:00:00,N09,-0.1846,0.005035,6.14,-0.0006,0.000115,26.9,23.764808,86.414856
2026-03-31 04:00:00,N09,-0.2526,0.005817,8.7,-0.0007,0.000331,28.4,23.764808,86.414856
2026-03-31 05:00:00,N09,-0.0121,0.006271,6.82,0.0001,0.000389,30.2,23.764808,86.414856
2026-03-31 06:00:00,N09,0.1833,0.006077,8.7,0.0001,0.00029,32.2,23.764808,86.414856
2026-03-31 07:00:00,N09,0.0489,0.005382,2.49,-0.0005,0.000567,34.1,23.764808,86.414856
2026-03-31 08:00:00,N09,,,,,,,23.764808,86.414856
2026-03-31 09:00:00,N09,,,,,,,23.764808,86.414856
2026-03-31 10:00:00,N09,,,,,,,23.764808,86.414856
2026-03-31 11:00:00,N09,,,,,,,23.764808,86.414856
2026-03-31 12:00:00,N09,,,,,,,23.764808,86.414856
2026-03-31 13:00:00,N09,-0.1791,0.005146,8.51,-0.002,0.002109,39.4,23.764808,86.414856
2026-03-31 14:00:00,N09,-0.2719,0.769228,38.58,-0.0069,0.000253,38.7,23.764808,86.414856
2026-03-31 15:00:00,N09,0.1109,0.007791,7.77,-0.0015,0.002686,37.5,23.764808,86.414856
2026-03-31 16:00:00,N09,0.057,0.00607,8.31,-0.0016,0.000363,35.9,23.764808,86.414856
2026-03-31 17:00:00,N09,-0.0844,0.007032,8.84,-0.0023,0.000436,34.1,23.764808,86.414856
2026-03-31 18:00:00,N09,0.0514,0.006362,2.18,-0.0024,0.000256,32.2,23.764808,86.414856
2026-03-31 19:00:00,N09,0.1134,0.00553,9.01,-0.0028,3.9e-05,30.2,23.764808,86.414856
2026-03-31 20:00:00,N09,,,,,,,23.764808,86.414856
2026-03-31 21:00:00,N09,,,,,,,23.764808,86.414856
2026-03-31 22:00:00,N09,-0.0926,0.005152,7.34,-0.0028,0.000197,25.7,23.764808,86.414856
2026-03-31 23:00:00,N09,0.0654,0.008453,8.64,-0.0024,0.000495,24.9,23.764808,86.414856
2026-04-01 00:00:00,N09,,,,,,,23.764808,86.414856
2026-04-01 01:00:00,N09,,,,,,,23.764808,86.414856
2026-04-01 02:00:00,N09,,,,,,,23.764808,86.414856
2026-04-01 03:00:00,N09,,,,,,,23.764808,86.414856
2026-04-01 04:00:00,N09,,,,,,,23.764808,86.414856
2026-04-01 05:00:00,N09,-0.0904,0.00606,1.44,-0.003,4e-06,30.2,23.764808,86.414856
2026-04-01 06:00:00,N09,,,,,,,23.764808,86.414856
2026-04-01 07:00:00,N09,,,,,,,23.764808,86.414856
2026-04-01 08:00:00,N09,,,,,,,23.764808,86.414856
2026-04-01 09:00:00,N09,-0.0024,0.590569,41.14,-0.0178,0.00816,37.4,23.764808,86.414856
2026-04-01 10:00:00,N09,0.0461,0.630359,48.62,-0.0184,0.008004,38.6,23.764808,86.414856
2026-04-01 11:00:00,N09,0.127,0.006668,3.21,-0.0018,0.008368,39.4,23.764808,86.414856
2026-04-01 12:00:00,N09,-0.134,0.005654,1.72,-0.0016,0.00514,39.6,23.764808,86.414856
2026-04-01 13:00:00,N09,0.3093,0.96627,45.58,0.0085,0.000606,39.4,23.764808,86.414856
2026-04-01 14:00:00,N09,0.0369,0.005261,7.72,-0.0028,0.005803,38.6,23.764808,86.414856
2026-04-01 15:00:00,N09,-0.2824,0.005733,7.96,-0.0031,0.008436,37.4,23.764808,86.414856
2026-04-01 16:00:00,N09,0.1767,0.890066,45.14,0.014,0.000199,35.9,23.764808,86.414856
2026-04-01 17:00:00,N09,-0.106,0.005663,2.67,-0.0027,0.008251,34.0,23.764808,86.414856
2026-04-01 18:00:00,N09,0.1142,0.007472,8.73,-0.0025,0.000225,32.1,23.764808,86.414856
2026-04-01 19:00:00,N09,-0.0136,0.006995,1.37,-0.0032,0.000618,30.2,23.764808,86.414856
2026-04-01 20:00:00,N09,,,,,,,23.764808,86.414856
2026-04-01 21:00:00,N09,,,,,,,23.764808,86.414856
2026-04-01 22:00:00,N09,,,,,,,23.764808,86.414856
2026-04-01 23:00:00,N09,0.133,0.006807,2.92,-0.0028,0.000243,24.9,23.764808,86.414856
2026-04-02 00:00:00,N09,-0.2323,0.007872,8.4,-0.0029,5.7e-05,25.6,23.764808,86.414856
2026-04-02 01:00:00,N09,,,,,,,23.764808,86.414856
2026-04-02 02:00:00,N09,,,,,,,23.764808,86.414856
2026-04-02 03:00:00,N09,0.0992,0.006503,5.76,-0.0038,0.000106,27.8,23.764808,86.414856
2026-04-02 04:00:00,N09,-0.0841,0.007699,9.33,-0.0037,0.000227,29.3,23.764808,86.414856
2026-04-02 05:00:00,N09,0.1449,0.005004,5.43,-0.0043,0.006052,31.2,23.764808,86.414856
2026-04-02 06:00:00,N09,-0.1452,0.587412,24.08,0.0084,0.006446,33.1,23.764808,86.414856
2026-04-02 07:00:00,N09,-0.0992,0.925563,21.34,0.0086,0.006105,35.0,23.764808,86.414856
2026-04-02 08:00:00,N09,-0.137,0.005174,6.93,-0.0038,0.005886,36.8,23.764808,86.414856
2026-04-02 09:00:00,N09,0.0201,0.005734,4.99,-0.0032,0.007165,38.4,23.764808,86.414856
2026-04-02 10:00:00,N09,,,,,,,23.764808,86.414856
2026-04-02 11:00:00,N09,,,,,,,23.764808,86.414856
2026-04-02 12:00:00,N09,,,,,,,23.764808,86.414856
2026-04-02 13:00:00,N09,,,,,,,23.764808,86.414856
2026-04-02 14:00:00,N09,,,,,,,23.764808,86.414856
2026-04-02 15:00:00,N09,0.1514,0.941111,48.66,0.0138,0.009484,38.4,23.764808,86.414856
2026-04-02 16:00:00,N09,0.0206,0.005105,4.07,-0.0046,0.009387,36.8,23.764808,86.414856
2026-04-02 17:00:00,N09,0.0652,0.006982,1.61,-0.005,0.000155,35.0,23.764808,86.414856
2026-04-02 18:00:00,N09,-0.0604,0.010232,9.17,-0.0049,0.00036,33.1,23.764808,86.414856
2026-04-02 19:00:00,N09,-0.1115,0.005422,9.8,-0.0057,0.000579,31.2,23.764808,86.414856
2026-04-02 20:00:00,N09,-0.1922,0.010023,8.2,-0.0061,0.000653,29.3,23.764808,86.414856
2026-04-02 21:00:00,N09,-0.1918,0.006473,8.58,-0.007,0.000488,27.8,23.764808,86.414856
2026-04-02 22:00:00,N09,0.0492,0.008074,4.79,-0.007,0.000295,26.6,23.764808,86.414856
2026-04-02 23:00:00,N09,-0.1849,0.005327,4.87,-0.0065,5.8e-05,25.8,23.764808,86.414856
2026-04-03 00:00:00,N09,0.0356,0.006701,7.28,-0.0069,0.000549,22.8,23.764808,86.414856
2026-04-03 01:00:00,N09,-0.3187,0.00525,1.01,-0.0075,0.000314,23.1,23.764808,86.414856
2026-04-03 02:00:00,N09,0.3102,0.006383,1.66,-0.0075,7e-06,23.8,23.764808,86.414856
2026-04-03 03:00:00,N09,0.0655,0.007962,9.4,-0.0076,0.00023,25.0,23.764808,86.414856
2026-04-03 04:00:00,N09,0.1327,0.005917,6.41,-0.0071,0.000166,26.6,23.764808,86.414856
2026-04-03 05:00:00,N09,0.014,0.006762,5.52,-0.0072,0.000293,28.4,23.764808,86.414856
2026-04-03 06:00:00,N09,0.0441,0.005524,7.04,-0.0065,0.000383,30.3,23.764808,86.414856
2026-04-03 07:00:00,N09,0.0259,0.005972,4.79,-0.0065,0.000453,32.3,23.764808,86.414856
2026-04-03 08:00:00,N09,0.0864,0.007628,1.86,-0.0056,0.000797,34.1,23.764808,86.414856
2026-04-03 09:00:00,N09,-0.219,0.006405,3.82,-0.0049,0.000936,35.6,23.764808,86.414856
2026-04-03 10:00:00,N09,-0.057,0.007217,4.31,-0.0037,0.00049,36.8,23.764808,86.414856
2026-04-03 11:00:00,N09,,,,,,,23.764808,86.414856
2026-04-03 12:00:00,N09,,,,,,,23.764808,86.414856
2026-04-03 13:00:00,N09,,,,,,,23.764808,86.414856
2026-04-03 14:00:00,N09,,,,,,,23.764808,86.414856
2026-04-03 15:00:00,N09,,,,,,,23.764808,86.414856
2026-04-03 16:00:00,N09,0.094,0.00695,5.33,-0.0046,0.000263,34.1,23.764808,86.414856
2026-04-03 17:00:00,N09,-0.0039,0.005299,7.56,-0.0041,0.000137,32.3,23.764808,86.414856
2026-04-03 18:00:00,N09,0.1166,0.005387,5.11,-0.0044,0.000136,30.3,23.764808,86.414856
2026-04-03 19:00:00,N09,0.0879,0.006359,8.35,-0.0038,0.000225,28.4,23.764808,86.414856
2026-04-03 20:00:00,N09,-0.0392,0.005938,8.34,-0.0039,9.5e-05,26.6,23.764808,86.414856
2026-04-03 21:00:00,N09,0.1386,0.008031,2.65,-0.0036,0.000313,25.0,23.764808,86.414856
2026-04-03 22:00:00,N09,0.0589,0.005952,8.72,-0.0033,0.000204,23.8,23.764808,86.414856
2026-04-03 23:00:00,N09,-0.0513,0.007928,9.27,-0.0032,0.000186,23.1,23.764808,86.414856
2026-04-04 00:00:00,N09,-0.0996,0.006861,7.16,-0.0029,0.000564,28.6,23.764808,86.414856
2026-04-04 01:00:00,N09,-0.2215,0.010801,3.22,-0.0043,0.000786,28.9,23.764808,86.414856
2026-04-04 02:00:00,N09,0.0509,0.005468,5.9,-0.0045,0.000718,29.6,23.764808,86.414856
2026-04-04 03:00:00,N09,-0.0558,0.005472,5.7,-0.0058,0.000652,30.8,23.764808,86.414856
2026-04-04 04:00:00,N09,-0.287,0.007578,3.83,-0.0058,0.000234,32.4,23.764808,86.414856
2026-04-04 05:00:00,N09,0.1951,0.005339,2.16,-0.0053,7e-06,34.2,23.764808,86.414856
2026-04-04 06:00:00,N09,0.0227,0.00857,5.55,-0.0058,0.000235,36.1,23.764808,86.414856
2026-04-04 07:00:00,N09,-0.2007,0.007915,6.94,-0.0058,0.000272,38.1,23.764808,86.414856
2026-04-04 08:00:00,N09,-0.0907,0.006586,9.64,-0.0053,0.000245,39.9,23.764808,86.414856
2026-04-04 09:00:00,N09,-0.055,0.005071,3.53,-0.0053,0.006435,41.4,23.764808,86.414856
2026-04-04 10:00:00,N09,0.2937,0.789911,28.79,-0.0181,0.000477,42.6,23.764808,86.414856
2026-04-04 11:00:00,N09,0.1202,0.007482,8.01,-0.0043,0.006586,43.4,23.764808,86.414856
2026-04-04 12:00:00,N09,0.2216,0.005854,9.99,-0.005,0.000502,43.6,23.764808,86.414856
2026-04-04 13:00:00,N09,-0.0137,0.007943,5.52,-0.0053,0.003609,43.4,23.764808,86.414856
2026-04-04 14:00:00,N09,0.1465,0.55552,30.78,-0.0122,0.003915,42.6,23.764808,86.414856
2026-04-04 15:00:00,N09,-0.106,0.795246,34.56,-0.0132,0.00349,41.4,23.764808,86.414856
2026-04-04 16:00:00,N09,0.1355,0.006682,1.28,-0.0052,0.00356,39.9,23.764808,86.414856
2026-04-04 17:00:00,N09,-0.2028,0.005625,6.92,-0.006,0.00067,38.1,23.764808,86.414856
2026-04-04 18:00:00,N09,0.0327,0.005695,1.35,-0.0065,0.000218,36.1,23.764808,86.414856
2026-04-04 19:00:00,N09,,,,,,,23.764808,86.414856
2026-04-04 20:00:00,N09,,,,,,,23.764808,86.414856
2026-04-04 21:00:00,N09,,,,,,,23.764808,86.414856
2026-04-04 22:00:00,N09,,,,,,,23.764808,86.414856
2026-04-04 23:00:00,N09,-0.01,0.007682,8.57,-0.0071,0.000301,28.9,23.764808,86.414856
2026-04-05 00:00:00,N09,-0.5415,0.005318,5.25,-0.0072,0.000158,23.7,23.764808,86.414856
2026-04-05 01:00:00,N09,0.0681,0.006621,7.73,-0.0074,6.6e-05,23.9,23.764808,86.414856
2026-04-05 02:00:00,N09,0.0601,0.006022,7.09,-0.007,0.00031,24.7,23.764808,86.414856
2026-04-05 03:00:00,N09,-0.0156,0.006294,6.9,-0.0068,5e-05,25.9,23.764808,86.414856
2026-04-05 04:00:00,N09,0.0101,0.005219,2.65,-0.0071,0.000467,27.4,23.764808,86.414856
2026-04-05 05:00:00,N09,0.0113,0.007063,2.19,-0.0078,4.6e-05,29.2,23.764808,86.414856
2026-04-05 06:00:00,N09,0.172,0.006331,6.89,-0.0072,0.000507,31.2,23.764808,86.414856
2026-04-05 07:00:00,N09,,,,,,,23.764808,86.414856
2026-04-05 08:00:00,N09,,,,,,,23.764808,86.414856
2026-04-05 09:00:00,N09,,,,,,,23.764808,86.414856
2026-04-05 10:00:00,N09,,,,,,,23.764808,86.414856
2026-04-05 11:00:00,N09,0.0825,0.008116,1.98,-0.0065,0.00855,38.4,23.764808,86.414856
2026-04-05 12:00:00,N09,,,,,,,23.764808,86.414856
2026-04-05 13:00:00,N09,,,,,,,23.764808,86.414856
2026-04-05 14:00:00,N09,,,,,,,23.764808,86.414856
2026-04-05 15:00:00,N09,,,,,,,23.764808,86.414856
2026-04-05 16:00:00,N09,-0.1226,0.008067,1.06,-0.006,0.000249,34.9,23.764808,86.414856
2026-04-05 17:00:00,N09,0.0154,0.006161,4.69,-0.0067,0.000217,33.1,23.764808,86.414856
2026-04-05 18:00:00,N09,0.1298,0.006374,2.54,-0.0065,0.000165,31.2,23.764808,86.414856
2026-04-05 19:00:00,N09,-0.2616,0.007509,2.67,-0.007,0.000126,29.2,23.764808,86.414856
2026-04-05 20:00:00,N09,-0.1581,0.005132,4.79,-0.0067,0.000145,27.4,23.764808,86.414856
2026-04-05 21:00:00,N09,0.1254,0.005838,5.18,-0.0073,0.000155,25.9,23.764808,86.414856
2026-04-05 22:00:00,N09,-0.0131,0.005934,6.86,-0.007,1.9e-05,24.7,23.764808,86.414856
2026-04-05 23:00:00,N09,-0.0134,0.006524,4.95,-0.0073,7.8e-05,23.9,23.764808,86.414856
2026-04-06 00:00:00,N09,,,,,,,23.764808,86.414856
2026-04-06 01:00:00,N09,,,,,,,23.764808,86.414856
2026-04-06 02:00:00,N09,,,,,,,23.764808,86.414856
2026-04-06 03:00:00,N09,,,,,,,23.764808,86.414856
2026-04-06 04:00:00,N09,,,,,,,23.764808,86.414856
2026-04-06 05:00:00,N09,-0.0973,0.007581,9.4,-0.0076,0.000118,31.1,23.764808,86.414856
2026-04-06 06:00:00,N09,-0.0512,0.00603,6.09,-0.0079,0.000402,33.1,23.764808,86.414856
2026-04-06 07:00:00,N09,0.1445,0.005036,3.79,-0.0084,0.004655,35.0,23.764808,86.414856
2026-04-06 08:00:00,N09,0.0362,0.671163,33.81,0.0014,0.000215,36.8,23.764808,86.414856
2026-04-06 09:00:00,N09,-0.1029,0.007378,2.72,-0.0079,0.004548,38.4,23.764808,86.414856
2026-04-06 10:00:00,N09,-0.1426,0.008074,3.37,-0.0077,0.000127,39.6,23.764808,86.414856
2026-04-06 11:00:00,N09,-0.1128,0.00884,7.33,-0.0077,0.000241,40.3,23.764808,86.414856
2026-04-06 12:00:00,N09,0.0482,0.00687,3.15,-0.0072,4.7e-05,40.6,23.764808,86.414856
2026-04-06 13:00:00,N09,0.0595,0.006868,7.12,-0.0076,0.000178,40.3,23.764808,86.414856
2026-04-06 14:00:00,N09,-0.271,0.005064,5.73,-0.0076,0.00634,39.6,23.764808,86.414856
2026-04-06 15:00:00,N09,0.0669,0.889031,39.05,0.0051,0.000296,38.4,23.764808,86.414856
2026-04-06 16:00:00,N09,0.0806,0.005228,2.76,-0.0082,0.006751,36.8,23.764808,86.414856
2026-04-06 17:00:00,N09,-0.0153,0.005417,2.62,-0.0084,0.000514,35.0,23.764808,86.414856
2026-04-06 18:00:00,N09,0.2016,0.006356,4.67,-0.0092,0.000237,33.1,23.764808,86.414856
2026-04-06 19:00:00,N09,,,,,,,23.764808,86.414856
2026-04-06 20:00:00,N09,0.1833,0.005553,1.4,-0.0096,0.000557,29.3,23.764808,86.414856
2026-04-06 21:00:00,N09,0.0352,0.006271,3.99,-0.01,5.4e-05,27.8,23.764808,86.414856
2026-04-06 22:00:00,N09,0.1513,0.008223,8.9,-0.0097,0.000704,26.6,23.764808,86.414856
2026-04-06 23:00:00,N09,-0.0516,0.006255,7.28,-0.0086,0.000956,25.8,23.764808,86.414856
2026-04-07 00:00:00,N09,-0.2543,0.006687,8.23,-0.0078,0.000505,23.4,23.764808,86.414856
2026-04-07 01:00:00,N09,0.034,0.005336,4.56,-0.0076,0.000606,23.7,23.764808,86.414856
2026-04-07 02:00:00,N09,0.1028,0.005338,7.59,-0.0066,0.000574,24.4,23.764808,86.414856
2026-04-07 03:00:00,N09,-0.0127,0.005626,1.88,-0.0064,0.000203,25.6,23.764808,86.414856
2026-04-07 04:00:00,N09,0.0197,0.005881,7.19,-0.0062,0.000381,27.2,23.764808,86.414856
2026-04-07 05:00:00,N09,-0.0763,0.007553,7.14,-0.0072,0.000668,29.0,23.764808,86.414856
2026-04-07 06:00:00,N09,-0.0983,0.00576,5.64,-0.0075,0.000299,30.9,23.764808,86.414856
2026-04-07 07:00:00,N09,-0.2336,0.005306,5.91,-0.0078,0.000336,32.9,23.764808,86.414856
2026-04-07 08:00:00,N09,0.2123,0.005517,2.28,-0.0069,0.002984,34.7,23.764808,86.414856
2026-04-07 09:00:00,N09,-0.1543,0.933844,33.81,-0.0138,0.000266,36.2,23.764808,86.414856
2026-04-07 10:00:00,N09,0.2219,0.006427,7.87,-0.0063,0.003488,37.4,23.764808,86.414856
2026-04-07 11:00:00,N09,-0.2194,0.008502,9.08,-0.0068,0.000241,38.2,23.764808,86.414856
2026-04-07 12:00:00,N09,0.1755,0.005915,7.7,-0.0068,8e-05,38.4,23.764808,86.414856
2026-04-07 13:00:00,N09,,,,,,,23.764808,86.414856
2026-04-07 14:00:00,N09,,,,,,,23.764808,86.414856
2026-04-07 15:00:00,N09,-0.0675,0.696128,43.56,-0.0168,0.000235,36.2,23.764808,86.414856
2026-04-07 16:00:00,N09,-0.0231,0.006101,8.52,-0.0077,0.004328,34.7,23.764808,86.414856
2026-04-07 17:00:00,N09,-0.2796,0.005098,1.74,-0.0081,0.000482,32.9,23.764808,86.414856
2026-04-07 18:00:00,N09,-0.0475,0.006418,2.73,-0.0067,0.000579,30.9,23.764808,86.414856
2026-04-07 19:00:00,N09,-0.2016,0.005295,1.19,-0.0069,2.3e-05,29.0,23.764808,86.414856
2026-04-07 20:00:00,N09,-0.4333,0.005215,4.54,-0.0068,0.000168,27.2,23.764808,86.414856
2026-04-07 21:00:00,N09,,,,,,,23.764808,86.414856
2026-04-07 22:00:00,N09,,,,,,,23.764808,86.414856
2026-04-07 23:00:00,N09,,,,,,,23.764808,86.414856
2026-04-08 00:00:00,N09,,,,,,,23.764808,86.414856
2026-04-08 01:00:00,N09,,,,,,,23.764808,86.414856
2026-04-08 02:00:00,N09,0.0861,0.005532,8.4,-0.0061,0.000163,25.6,23.764808,86.414856
2026-04-08 03:00:00,N09,0.0808,0.006582,1.98,-0.0061,9e-05,26.8,23.764808,86.414856
2026-04-08 04:00:00,N09,,,,,,,23.764808,86.414856
2026-04-08 05:00:00,N09,,,,,,,23.764808,86.414856
2026-04-08 06:00:00,N09,,,,,,,23.764808,86.414856
2026-04-08 07:00:00,N09,,,,,,,23.764808,86.414856
2026-04-08 08:00:00,N09,-0.0173,0.005716,4.99,-0.0063,0.000495,35.8,23.764808,86.414856
2026-04-08 09:00:00,N09,-0.0039,0.007271,8.48,-0.0063,0.000413,37.4,23.764808,86.414856
2026-04-08 10:00:00,N09,0.0288,0.007265,3.49,-0.0054,0.000302,38.6,23.764808,86.414856
2026-04-08 11:00:00,N09,0.077,0.006051,5.84,-0.0057,0.000785,39.3,23.764808,86.414856
2026-04-08 12:00:00,N09,,,,,,,23.764808,86.414856
2026-04-08 13:00:00,N09,,,,,,,23.764808,86.414856
2026-04-08 14:00:00,N09,0.0504,0.878311,41.9,-0.0187,0.000652,38.6,23.764808,86.414856
2026-04-08 15:00:00,N09,0.1996,0.006278,5.17,-0.006,0.006286,37.4,23.764808,86.414856
2026-04-08 16:00:00,N09,,,,,,,23.764808,86.414856
2026-04-08 17:00:00,N09,,,,,,,23.764808,86.414856
2026-04-08 18:00:00,N09,,,,,,,23.764808,86.414856
2026-04-08 19:00:00,N09,,,,,,,23.764808,86.414856
2026-04-08 20:00:00,N09,-0.1678,0.005975,2.07,-0.0042,8.5e-05,28.3,23.764808,86.414856
2026-04-08 21:00:00,N09,-0.1631,0.005812,1.49,-0.0051,0.000903,26.8,23.764808,86.414856
2026-04-08 22:00:00,N09,,,,,,,23.764808,86.414856
2026-04-08 23:00:00,N09,,,,,,,23.764808,86.414856
2026-04-09 00:00:00,N09,-0.0539,0.008237,7.6,-0.0066,0.000186,25.2,23.764808,86.414856
2026-04-09 01:00:00,N09,0.1645,0.006579,6.37,-0.0066,0.00033,25.5,23.764808,86.414856
2026-04-09 02:00:00,N09,-0.2977,0.005017,3.55,-0.006,0.000253,26.2,23.764808,86.414856
2026-04-09 03:00:00,N09,,,,,,,23.764808,86.414856
2026-04-09 04:00:00,N09,,,,,,,23.764808,86.414856
2026-04-09 05:00:00,N09,,,,,,,23.764808,86.414856
2026-04-09 06:00:00,N09,,,,,,,23.764808,86.414856
2026-04-09 07:00:00,N09,0.0485,0.006646,2.43,-0.0059,0.000424,34.7,23.764808,86.414856
2026-04-09 08:00:00,N09,0.3398,0.005302,6.92,-0.0049,0.001115,36.5,23.764808,86.414856
2026-04-09 09:00:00,N09,-0.0815,0.006733,7.47,-0.0037,0.000652,38.0,23.764808,86.414856
2026-04-09 10:00:00,N09,,,,,,,23.764808,86.414856
2026-04-09 11:00:00,N09,,,,,,,23.764808,86.414856
2026-04-09 12:00:00,N09,,,,,,,23.764808,86.414856
2026-04-09 13:00:00,N09,,,,,,,23.764808,86.414856
2026-04-09 14:00:00,N09,0.1156,0.006872,8.1,-0.0032,0.000145,39.2,23.764808,86.414856
2026-04-09 15:00:00,N09,0.0397,0.008331,1.05,-0.004,0.000649,38.0,23.764808,86.414856
2026-04-09 16:00:00,N09,-0.0863,0.005029,9.92,-0.0045,3.7e-05,36.5,23.764808,86.414856
2026-04-09 17:00:00,N09,-0.2197,0.007217,1.13,-0.0039,1.2e-05,34.7,23.764808,86.414856
2026-04-09 18:00:00,N09,-0.0785,0.005842,4.64,-0.0045,0.000535,32.7,23.764808,86.414856
2026-04-09 19:00:00,N09,0.0308,0.006814,3.85,-0.005,0.000148,30.8,23.764808,86.414856
2026-04-09 20:00:00,N09,0.0513,0.00643,1.24,-0.0048,0.000149,29.0,23.764808,86.414856
2026-04-09 21:00:00,N09,-0.1458,0.005116,5.04,-0.0053,0.000367,27.4,23.764808,86.414856
2026-04-09 22:00:00,N09,-0.0691,0.005957,2.89,-0.0055,0.000378,26.2,23.764808,86.414856
2026-04-09 23:00:00,N09,0.1361,0.006378,2.53,-0.0061,0.000107,25.5,23.764808,86.414856
2026-04-10 00:00:00,N09,0.1419,0.010069,3.29,-0.0053,0.000579,25.9,23.764808,86.414856
2026-04-10 01:00:00,N09,-0.0745,0.005154,3.82,-0.0049,0.000172,26.2,23.764808,86.414856
2026-04-10 02:00:00,N09,-0.0801,0.007299,6.53,-0.0057,3.7e-05,26.9,23.764808,86.414856
2026-04-10 03:00:00,N09,-0.0538,0.006086,7.48,-0.005,0.000635,28.1,23.764808,86.414856
2026-04-10 04:00:00,N09,-0.0907,0.006162,8.54,-0.0044,0.000229,29.7,23.764808,86.414856
2026-04-10 05:00:00,N09,0.1921,0.005692,1.39,-0.0045,0.000508,31.5,23.764808,86.414856
2026-04-10 06:00:00,N09,-0.4025,0.005309,8.09,-0.0034,0.000688,33.4,23.764808,86.414856
2026-04-10 07:00:00,N09,0.0551,0.005334,7.33,-0.0031,0.000356,35.4,23.764808,86.414856
2026-04-10 08:00:00,N09,0.0266,0.005434,5.77,-0.0027,0.000374,37.2,23.764808,86.414856
2026-04-10 09:00:00,N09,-0.2583,0.005208,2.38,-0.0039,0.000674,38.7,23.764808,86.414856
2026-04-10 10:00:00,N09,-0.1473,0.007853,6.85,-0.004,0.000146,39.9,23.764808,86.414856
2026-04-10 11:00:00,N09,-0.0931,0.005391,3.96,-0.0042,0.005937,40.7,23.764808,86.414856
2026-04-10 12:00:00,N09,0.0468,0.799119,33.01,0.0078,0.005942,40.9,23.764808,86.414856
2026-04-10 13:00:00,N09,-0.045,0.760218,17.39,0.0077,0.005671,40.7,23.764808,86.414856
2026-04-10 14:00:00,N09,-0.2316,0.006294,6.66,-0.0035,0.005129,39.9,23.764808,86.414856
2026-04-10 15:00:00,N09,-0.1154,0.005527,5.68,-0.0026,0.000628,38.7,23.764808,86.414856
2026-04-10 16:00:00,N09,0.025,0.005259,9.76,-0.0022,0.000466,37.2,23.764808,86.414856
2026-04-10 17:00:00,N09,-0.1572,0.005189,9.74,-0.0016,0.000333,35.4,23.764808,86.414856
2026-04-10 18:00:00,N09,0.0315,0.006517,2.43,-0.0016,0.000404,33.4,23.764808,86.414856
2026-04-10 19:00:00,N09,,,,,,,23.764808,86.414856
2026-04-10 20:00:00,N09,,,,,,,23.764808,86.414856
2026-04-10 21:00:00,N09,,,,,,,23.764808,86.414856
2026-04-10 22:00:00,N09,-0.0323,0.008072,8.32,-0.0009,0.000268,26.9,23.764808,86.414856
2026-04-10 23:00:00,N09,-0.1809,0.008209,8.28,-0.0003,0.000575,26.2,23.764808,86.414856
2026-04-11 00:00:00,N09,-0.0599,0.007127,2.82,0.0003,0.000573,25.0,23.764808,86.414856
2026-04-11 01:00:00,N09,-0.1435,0.006865,4.2,0.0009,9.1e-05,25.3,23.764808,86.414856
2026-04-11 02:00:00,N09,-0.1517,0.008012,1.91,0.0001,0.000242,26.0,23.764808,86.414856
2026-04-11 03:00:00,N09,0.0341,0.006247,3.19,0.0004,0.000356,27.2,23.764808,86.414856
2026-04-11 04:00:00,N09,0.0915,0.006413,7.51,0.0008,0.000171,28.8,23.764808,86.414856
2026-04-11 05:00:00,N09,0.1343,0.005297,1.29,0.0007,0.000176,30.6,23.764808,86.414856
2026-04-11 06:00:00,N09,0.1524,0.006984,2.73,0.0005,0.000106,32.5,23.764808,86.414856
2026-04-11 07:00:00,N09,-0.1251,0.006184,2.83,0.0005,5.8e-05,34.5,23.764808,86.414856
2026-04-11 08:00:00,N09,0.149,0.00533,8.96,0.0003,0.000408,36.3,23.764808,86.414856
2026-04-11 09:00:00,N09,0.1435,0.006772,1.91,-0.0003,0.000202,37.8,23.764808,86.414856
2026-04-11 10:00:00,N09,-0.0965,0.005412,1.89,-0.0001,0.000222,39.0,23.764808,86.414856
2026-04-11 11:00:00,N09,-0.3684,0.005071,4.84,0.0002,3e-05,39.8,23.764808,86.414856
2026-04-11 12:00:00,N09,-0.1092,0.005399,1.46,-0.0001,0.003132,40.0,23.764808,86.414856
2026-04-11 13:00:00,N09,0.1402,0.76367,49.04,0.0064,0.008661,39.8,23.764808,86.414856
2026-04-11 14:00:00,N09,0.1009,0.789114,26.35,-0.0174,0.002842,39.0,23.764808,86.414856
2026-04-11 15:00:00,N09,0.0187,0.008274,8.29,0.0007,0.009024,37.8,23.764808,86.414856
2026-04-11 16:00:00,N09,,,,,,,23.764808,86.414856
2026-04-11 17:00:00,N09,,,,,,,23.764808,86.414856
2026-04-11 18:00:00,N09,,,,,,,23.764808,86.414856
2026-04-11 19:00:00,N09,,,,,,,23.764808,86.414856
2026-04-11 20:00:00,N09,,,,,,,23.764808,86.414856
2026-04-11 21:00:00,N09,,,,,,,23.764808,86.414856
2026-04-11 22:00:00,N09,,,,,,,23.764808,86.414856
2026-04-11 23:00:00,N09,,,,,,,23.764808,86.414856
2026-04-12 00:00:00,N09,,,,,,,23.764808,86.414856
2026-04-12 01:00:00,N09,-0.1832,0.009629,3.06,0.0015,0.000698,25.8,23.764808,86.414856
2026-04-12 02:00:00,N09,0.0335,0.005286,8.4,0.0023,0.000795,26.5,23.764808,86.414856
2026-04-12 03:00:00,N09,-0.0629,0.006968,3.58,0.003,0.000452,27.7,23.764808,86.414856
2026-04-12 04:00:00,N09,-0.0342,0.008982,7.75,0.0032,3.8e-05,29.3,23.764808,86.414856
2026-04-12 05:00:00,N09,0.0325,0.005275,7.71,0.0031,0.000104,31.1,23.764808,86.414856
2026-04-12 06:00:00,N09,-0.1016,0.006645,8.17,0.0034,0.000595,33.0,23.764808,86.414856
2026-04-12 07:00:00,N09,0.2799,0.005689,2.35,0.0043,0.000456,34.9,23.764808,86.414856
2026-04-12 08:00:00,N09,-0.1252,0.006823,2.24,0.0043,2e-06,36.8,23.764808,86.414856
2026-04-12 09:00:00,N09,,,,,,,23.764808,86.414856
2026-04-12 10:00:00,N09,,,,,,,23.764808,86.414856
2026-04-12 11:00:00,N09,,,,,,,23.764808,86.414856
2026-04-12 12:00:00,N09,,,,,,,23.764808,86.414856
2026-04-12 13:00:00,N09,,,,,,,23.764808,86.414856
2026-04-12 14:00:00,N09,,,,,,,23.764808,86.414856
2026-04-12 15:00:00,N09,,,,,,,23.764808,86.414856
2026-04-12 16:00:00,N09,,,,,,,23.764808,86.414856
2026-04-12 17:00:00,N09,,,,,,,23.764808,86.414856
2026-04-12 18:00:00,N09,,,,,,,23.764808,86.414856
2026-04-12 19:00:00,N09,0.0466,0.005556,2.87,0.0043,0.000445,31.1,23.764808,86.414856
2026-04-12 20:00:00,N09,,,,,,,23.764808,86.414856
2026-04-12 21:00:00,N09,,,,,,,23.764808,86.414856
2026-04-12 22:00:00,N09,,,,,,,23.764808,86.414856
2026-04-12 23:00:00,N09,,,,,,,23.764808,86.414856
2026-04-13 00:00:00,N09,-0.2251,0.007906,4.81,0.0033,0.000504,24.1,23.764808,86.414856
2026-04-13 01:00:00,N09,0.0567,0.006897,4.5,0.0025,0.000213,24.3,23.764808,86.414856
2026-04-13 02:00:00,N09,-0.1548,0.005794,3.43,0.0029,0.000119,25.1,23.764808,86.414856
2026-04-13 03:00:00,N09,0.036,0.005021,1.88,0.0027,0.000263,26.3,23.764808,86.414856
2026-04-13 04:00:00,N09,-0.0126,0.005807,3.64,0.0023,0.000203,27.8,23.764808,86.414856
2026-04-13 05:00:00,N09,-0.0169,0.005303,9.98,0.0023,0.000336,29.6,23.764808,86.414856
2026-04-13 06:00:00,N09,-0.0994,0.006203,8.73,0.0017,6.4e-05,31.6,23.764808,86.414856
2026-04-13 07:00:00,N09,-0.1629,0.006596,9.22,0.0025,0.000262,33.5,23.764808,86.414856
2026-04-13 08:00:00,N09,0.0644,0.005791,2.86,0.0022,0.000171,35.3,23.764808,86.414856
2026-04-13 09:00:00,N09,0.2302,0.00625,8.72,0.0021,0.006134,36.9,23.764808,86.414856
2026-04-13 10:00:00,N09,0.3052,0.768566,25.66,0.0145,0.000258,38.1,23.764808,86.414856
2026-04-13 11:00:00,N09,-0.293,0.006905,4.6,0.0016,0.007025,38.8,23.764808,86.414856
2026-04-13 12:00:00,N09,,,,,,,23.764808,86.414856
2026-04-13 13:00:00,N09,,,,,,,23.764808,86.414856
2026-04-13 14:00:00,N09,,,,,,,23.764808,86.414856
2026-04-13 15:00:00,N09,0.0617,0.00508,1.88,0.002,0.000367,36.9,23.764808,86.414856
2026-04-13 16:00:00,N09,0.3172,0.005279,4.07,0.0016,0.000103,35.3,23.764808,86.414856
2026-04-13 17:00:00,N09,-0.0233,0.005304,2.75,0.0022,0.000385,33.5,23.764808,86.414856
2026-04-13 18:00:00,N09,-0.0855,0.005336,2.68,0.0024,0.000149,31.6,23.764808,86.414856
2026-04-13 19:00:00,N09,,,,,,,23.764808,86.414856
2026-04-13 20:00:00,N09,,,,,,,23.764808,86.414856
2026-04-13 21:00:00,N09,,,,,,,23.764808,86.414856
2026-04-13 22:00:00,N09,,,,,,,23.764808,86.414856
2026-04-13 23:00:00,N09,0.0427,0.005231,5.49,0.0025,0.00016,24.3,23.764808,86.414856
2026-04-14 00:00:00,N09,-0.2448,0.008114,2.79,0.0023,1.3e-05,30.3,23.764808,86.414856
2026-04-14 01:00:00,N09,-0.2172,0.005102,4.24,0.0026,0.000248,30.5,23.764808,86.414856
2026-04-14 02:00:00,N09,-0.1599,0.006432,2.15,0.0018,0.000174,31.3,23.764808,86.414856
2026-04-14 03:00:00,N09,,,,,,,23.764808,86.414856
2026-04-14 04:00:00,N09,,,,,,,23.764808,86.414856
2026-04-14 05:00:00,N09,,,,,,,23.764808,86.414856
2026-04-14 06:00:00,N09,,,,,,,23.764808,86.414856
2026-04-14 07:00:00,N09,0.2202,0.007939,2.61,0.0033,0.000341,39.7,23.764808,86.414856
2026-04-14 08:00:00,N09,-0.3094,0.006804,2.45,0.0032,0.000148,41.5,23.764808,86.414856
2026-04-14 09:00:00,N09,0.0521,0.007369,9.54,0.0031,0.000362,43.1,23.764808,86.414856
2026-04-14 10:00:00,N09,0.2304,0.006321,9.16,0.0025,0.000648,44.3,23.764808,86.414856
2026-04-14 11:00:00,N09,-0.0974,0.007501,1.74,0.0018,0.003513,45.0,23.764808,86.414856
2026-04-14 12:00:00,N09,0.0991,0.968584,33.86,0.0095,0.004108,45.3,23.764808,86.414856
2026-04-14 13:00:00,N09,-0.1709,0.889605,22.12,0.01,0.001198,45.0,23.764808,86.414856
2026-04-14 14:00:00,N09,0.1952,0.611059,47.59,0.0119,0.000852,44.3,23.764808,86.414856
2026-04-14 15:00:00,N09,0.1466,0.536703,39.59,0.0117,0.004858,43.1,23.764808,86.414856
2026-04-14 16:00:00,N09,-0.0204,0.008044,3.08,0.0022,0.00111,41.5,23.764808,86.414856
2026-04-14 17:00:00,N09,-0.0471,0.791561,25.46,0.0139,0.000162,39.7,23.764808,86.414856
2026-04-14 18:00:00,N09,0.0359,0.006259,3.2,0.0019,0.006297,37.8,23.764808,86.414856
2026-04-14 19:00:00,N09,0.0389,0.005536,6.36,0.0013,0.000208,35.8,23.764808,86.414856
2026-04-14 20:00:00,N09,,,,,,,23.764808,86.414856
2026-04-14 21:00:00,N09,,,,,,,23.764808,86.414856
2026-04-14 22:00:00,N09,,,,,,,23.764808,86.414856
2026-04-14 23:00:00,N09,,,,,,,23.764808,86.414856
2026-04-15 00:00:00,N09,,,,,,,23.764808,86.414856
2026-04-15 01:00:00,N09,,,,,,,23.764808,86.414856
2026-04-15 02:00:00,N09,,,,,,,23.764808,86.414856
2026-04-15 03:00:00,N09,,,,,,,23.764808,86.414856
2026-04-15 04:00:00,N09,0.0958,0.007352,9.69,0.0597,0.007908,31.1,23.764808,86.414856
2026-04-15 05:00:00,N09,0.0651,0.005485,6.04,0.0677,0.007851,32.9,23.764808,86.414856
2026-04-15 06:00:00,N09,0.1533,0.009209,4.29,0.0754,0.001281,34.8,23.764808,86.414856
2026-04-15 07:00:00,N09,0.0893,0.708669,31.95,0.0651,0.011578,36.8,23.764808,86.414856
2026-04-15 08:00:00,N09,0.0921,0.698864,40.77,0.0986,0.020321,38.6,23.764808,86.414856
2026-04-15 09:00:00,N09,0.2678,0.707326,23.23,0.1058,0.003465,40.1,23.764808,86.414856
2026-04-15 10:00:00,N09,-0.0066,0.006639,4.95,0.1055,0.003522,41.3,23.764808,86.414856
2026-04-15 11:00:00,N09,0.1457,0.005246,5.04,0.1128,0.007387,42.1,23.764808,86.414856
2026-04-15 12:00:00,N09,0.6234,0.005704,6.62,0.1203,0.007137,42.3,23.764808,86.414856
2026-04-15 13:00:00,N09,0.125,0.007463,4.02,0.1271,0.007257,42.1,23.764808,86.414856
2026-04-15 14:00:00,N09,0.21,0.006569,9.09,0.1348,0.007487,41.3,23.764808,86.414856
2026-04-15 15:00:00,N09,0.043,0.008016,2.61,0.1421,0.002014,40.1,23.764808,86.414856
2026-04-15 16:00:00,N09,-0.016,0.687024,28.45,0.1388,0.002506,38.6,23.764808,86.414856
2026-04-15 17:00:00,N09,-0.1576,0.528634,15.32,0.1471,0.012945,36.8,23.764808,86.414856
2026-04-15 18:00:00,N09,,,,,,,23.764808,86.414856
2026-04-15 19:00:00,N09,,,,,,,23.764808,86.414856
2026-04-15 20:00:00,N09,,,,,,,23.764808,86.414856
2026-04-15 21:00:00,N09,,,,,,,23.764808,86.414856
2026-04-15 22:00:00,N09,,,,,,,23.764808,86.414856
2026-04-15 23:00:00,N09,-0.3092,0.007367,9.15,0.2022,0.007503,27.6,23.764808,86.414856
2026-04-16 00:00:00,N09,-0.0474,0.005199,6.98,0.2099,0.007318,20.8,23.764808,86.414856
2026-04-16 01:00:00,N09,0.0201,0.005611,3.85,0.2169,0.007629,21.0,23.764808,86.414856
2026-04-16 02:00:00,N09,-0.0094,0.00549,9.93,0.2251,0.00745,21.8,23.764808,86.414856
2026-04-16 03:00:00,N09,-0.1445,0.008872,5.93,0.2318,0.007336,23.0,23.764808,86.414856
2026-04-16 04:00:00,N09,-0.04,0.00745,9.49,0.2398,0.008031,24.5,23.764808,86.414856
2026-04-16 05:00:00,N09,0.0192,0.005988,7.52,0.2478,0.007916,26.3,23.764808,86.414856
2026-04-16 06:00:00,N09,0.0903,0.005851,4.62,0.2556,0.007338,28.3,23.764808,86.414856
2026-04-16 07:00:00,N09,-0.0227,0.006335,8.81,0.2625,0.000838,30.2,23.764808,86.414856
2026-04-16 08:00:00,N09,-0.1497,0.940319,29.04,0.2573,0.001102,32.0,23.764808,86.414856
2026-04-16 09:00:00,N09,,,,,,,23.764808,86.414856
2026-04-16 10:00:00,N09,,,,,,,23.764808,86.414856
2026-04-16 11:00:00,N09,,,,,,,23.764808,86.414856
2026-04-16 12:00:00,N09,,,,,,,23.764808,86.414856
2026-04-16 13:00:00,N09,,,,,,,23.764808,86.414856
2026-04-16 14:00:00,N09,0.0915,0.007139,6.09,0.313,0.007013,34.8,23.764808,86.414856
2026-04-16 15:00:00,N09,0.0531,0.007583,3.83,0.3196,0.006692,33.6,23.764808,86.414856
2026-04-16 16:00:00,N09,-0.0169,0.006163,8.56,0.3264,0.007134,32.0,23.764808,86.414856
2026-04-16 17:00:00,N09,,,,,,,23.764808,86.414856
2026-04-16 18:00:00,N09,,,,,,,23.764808,86.414856
2026-04-16 19:00:00,N09,0.1457,0.006811,8.55,0.3479,0.007521,26.3,23.764808,86.414856
2026-04-16 20:00:00,N09,0.0216,0.007684,1.11,0.3562,0.007952,24.5,23.764808,86.414856
2026-04-16 21:00:00,N09,,,,,,,23.764808,86.414856
2026-04-16 22:00:00,N09,,,,,,,23.764808,86.414856
2026-04-16 23:00:00,N09,,,,,,,23.764808,86.414856
2026-04-17 00:00:00,N09,0.0659,0.005484,3.56,0.3849,0.007647,24.2,23.764808,86.414856
2026-04-17 01:00:00,N09,-0.2403,0.007347,5.57,0.3928,0.007847,24.5,23.764808,86.414856
2026-04-17 02:00:00,N09,-0.0517,0.008359,6.51,0.4006,0.007596,25.2,23.764808,86.414856
2026-04-17 03:00:00,N09,0.1396,0.005303,1.62,0.408,0.007234,26.4,23.764808,86.414856
2026-04-17 04:00:00,N09,0.1002,0.005388,2.2,0.4151,0.006858,28.0,23.764808,86.414856
2026-04-17 05:00:00,N09,-0.0486,0.006006,4.22,0.4217,0.001727,29.8,23.764808,86.414856
2026-04-17 06:00:00,N09,-0.1326,0.67263,37.07,0.4116,0.001595,31.7,23.764808,86.414856
2026-04-17 07:00:00,N09,0.1006,0.877897,23.83,0.4185,0.01519,33.7,23.764808,86.414856
2026-04-17 08:00:00,N09,-0.0396,0.00581,1.28,0.442,0.015292,35.5,23.764808,86.414856
2026-04-17 09:00:00,N09,0.0087,0.005768,2.38,0.4491,0.007303,37.0,23.764808,86.414856
2026-04-17 10:00:00,N09,,,,,,,23.764808,86.414856
2026-04-17 11:00:00,N09,,,,,,,23.764808,86.414856
2026-04-17 12:00:00,N09,,,,,,,23.764808,86.414856
2026-04-17 13:00:00,N09,,,,,,,23.764808,86.414856
2026-04-17 14:00:00,N09,-0.041,0.00599,7.42,0.4848,0.007109,38.2,23.764808,86.414856
2026-04-17 15:00:00,N09,,,,,,,23.764808,86.414856
2026-04-17 16:00:00,N09,,,,,,,23.764808,86.414856
2026-04-17 17:00:00,N09,0.2594,0.007249,6.38,0.5063,0.007178,33.7,23.764808,86.414856
2026-04-17 18:00:00,N09,-0.0806,0.005809,9.69,0.5131,0.006623,31.7,23.764808,86.414856
2026-04-17 19:00:00,N09,-0.1382,0.005358,2.57,0.5195,0.006732,29.8,23.764808,86.414856
2026-04-17 20:00:00,N09,-0.0339,0.006142,6.48,0.5265,0.006884,28.0,23.764808,86.414856
2026-04-17 21:00:00,N09,-0.1118,0.006077,3.22,0.5333,0.007038,26.4,23.764808,86.414856
2026-04-17 22:00:00,N09,-0.3317,0.006941,7.94,0.5406,0.007103,25.2,23.764808,86.414856
2026-04-17 23:00:00,N09,-0.0975,0.006614,4.3,0.5475,0.006646,24.5,23.764808,86.414856
2026-04-18 00:00:00,N09,-0.177,0.00528,4.08,0.5539,0.006476,26.7,23.764808,86.414856
2026-04-18 01:00:00,N09,,,,,,,23.764808,86.414856
2026-04-18 02:00:00,N09,,,,,,,23.764808,86.414856
2026-04-18 03:00:00,N09,-0.0876,0.007321,3.46,0.5753,0.007393,28.9,23.764808,86.414856
2026-04-18 04:00:00,N09,0.2083,0.005435,8.16,0.5825,0.006751,30.4,23.764808,86.414856
2026-04-18 05:00:00,N09,0.0424,0.00735,6.11,0.5888,0.006398,32.2,23.764808,86.414856
2026-04-18 06:00:00,N09,0.0039,0.00602,7.38,0.5953,0.0021,34.2,23.764808,86.414856
2026-04-18 07:00:00,N09,0.0204,0.895051,19.13,0.5846,0.007054,36.1,23.764808,86.414856
2026-04-18 08:00:00,N09,0.1543,0.006812,7.92,0.6094,0.015797,37.9,23.764808,86.414856
2026-04-18 09:00:00,N09,-0.0708,0.006217,8.71,0.6162,0.006928,39.5,23.764808,86.414856
2026-04-18 10:00:00,N09,-0.2243,0.006807,4.11,0.6233,0.006685,40.7,23.764808,86.414856
2026-04-18 11:00:00,N09,0.0338,0.006166,3.07,0.6296,0.007028,41.4,23.764808,86.414856
2026-04-18 12:00:00,N09,-0.0109,0.006973,8.43,0.6373,0.007136,41.7,23.764808,86.414856
2026-04-18 13:00:00,N09,0.0987,0.007215,9.27,0.6438,0.006608,41.4,23.764808,86.414856
2026-04-18 14:00:00,N09,0.2117,0.006514,7.21,0.6506,0.006874,40.7,23.764808,86.414856
2026-04-18 15:00:00,N09,-0.029,0.006323,6.38,0.6576,0.00742,39.5,23.764808,86.414856
2026-04-18 16:00:00,N09,-0.2136,0.006232,3.21,0.6654,0.007531,37.9,23.764808,86.414856
2026-04-18 17:00:00,N09,-0.0098,0.005263,5.76,0.6727,0.0069,36.1,23.764808,86.414856
2026-04-18 18:00:00,N09,-0.0178,0.008454,2.23,0.6792,0.006357,34.2,23.764808,86.414856
2026-04-18 19:00:00,N09,-0.2277,0.005325,2.42,0.6854,0.006729,32.2,23.764808,86.414856
2026-04-18 20:00:00,N09,-0.0334,0.0059,7.29,0.6927,0.007043,30.4,23.764808,86.414856
2026-04-18 21:00:00,N09,0.1763,0.005153,1.18,0.6995,0.006537,28.9,23.764808,86.414856
2026-04-18 22:00:00,N09,-0.1147,0.005726,1.22,0.7057,0.006235,27.7,23.764808,86.414856
2026-04-18 23:00:00,N09,-0.0208,0.007742,9.01,0.7119,0.006361,26.9,23.764808,86.414856
2026-04-19 00:00:00,N09,-0.0666,0.005382,9.5,0.7184,0.006277,26.7,23.764808,86.414856
2026-04-19 01:00:00,N09,-0.1858,0.006589,9.42,0.7245,0.006146,27.0,23.764808,86.414856
2026-04-19 02:00:00,N09,0.0885,0.006342,8.55,0.7307,0.0065,27.8,23.764808,86.414856
2026-04-19 03:00:00,N09,0.1432,0.006813,2.49,0.7375,0.006586,28.9,23.764808,86.414856
2026-04-19 04:00:00,N09,-0.1938,0.006635,5.17,0.7439,0.006676,30.5,23.764808,86.414856
2026-04-19 05:00:00,N09,,,,,,,23.764808,86.414856
2026-04-19 06:00:00,N09,0.1071,0.006318,8.2,0.7571,0.006488,34.2,23.764808,86.414856
2026-04-19 07:00:00,N09,-0.1312,0.00885,3.45,0.7638,0.006566,36.2,23.764808,86.414856
2026-04-19 08:00:00,N09,,,,,,,23.764808,86.414856
2026-04-19 09:00:00,N09,-0.1603,0.005492,6.25,0.7776,0.003767,39.6,23.764808,86.414856
2026-04-19 10:00:00,N09,0.0814,0.656142,44.96,0.7778,0.011762,40.7,23.764808,86.414856
2026-04-19 11:00:00,N09,0.1665,0.550344,25.21,0.8011,0.017762,41.5,23.764808,86.414856
2026-04-19 12:00:00,N09,0.1774,0.585499,42.34,0.8133,0.001187,41.7,23.764808,86.414856
2026-04-19 13:00:00,N09,0.2017,0.006264,2.42,0.8035,0.001531,41.5,23.764808,86.414856
2026-04-19 14:00:00,N09,0.063,0.005819,5.99,0.8102,0.006568,40.7,23.764808,86.414856
2026-04-19 15:00:00,N09,0.1513,0.0054,5.44,0.8166,0.006615,39.6,23.764808,86.414856
2026-04-19 16:00:00,N09,-0.0226,0.005833,9.84,0.8235,0.00658,38.0,23.764808,86.414856
2026-04-19 17:00:00,N09,0.0645,0.006556,4.25,0.8298,0.006498,36.2,23.764808,86.414856
2026-04-19 18:00:00,N09,0.1219,0.006304,8.62,0.8365,0.006851,34.2,23.764808,86.414856
2026-04-19 19:00:00,N09,0.2103,0.007168,7.32,0.8435,0.006844,32.3,23.764808,86.414856
2026-04-19 20:00:00,N09,,,,,,,23.764808,86.414856
2026-04-19 21:00:00,N09,,,,,,,23.764808,86.414856
2026-04-19 22:00:00,N09,,,,,,,23.764808,86.414856
2026-04-19 23:00:00,N09,,,,,,,23.764808,86.414856
2026-04-20 00:00:00,N09,-0.0747,0.007424,9.28,0.877,0.006363,22.0,23.764808,86.414856
2026-04-20 01:00:00,N09,-0.2162,0.009136,3.82,0.8831,0.006202,22.2,23.764808,86.414856
2026-04-20 02:00:00,N09,0.0886,0.006076,4.88,0.8894,0.006709,23.0,23.764808,86.414856
2026-04-20 03:00:00,N09,0.0074,0.00585,5.06,0.8966,0.006822,24.2,23.764808,86.414856
2026-04-20 04:00:00,N09,-0.0616,0.00636,2.19,0.9031,0.006731,25.7,23.764808,86.414856
2026-04-20 05:00:00,N09,0.0822,0.005066,9.18,0.91,0.006791,27.5,23.764808,86.414856
2026-04-20 06:00:00,N09,-0.0858,0.007674,6.71,0.9167,0.000517,29.5,23.764808,86.414856
2026-04-20 07:00:00,N09,-0.1434,0.925629,33.44,0.911,0.00023,31.4,23.764808,86.414856
2026-04-20 08:00:00,N09,0.2273,0.979163,49.06,0.9171,0.012837,33.2,23.764808,86.414856
2026-04-20 09:00:00,N09,,,,,,,23.764808,86.414856
2026-04-20 10:00:00,N09,,,,,,,23.764808,86.414856
2026-04-20 11:00:00,N09,,,,,,,23.764808,86.414856
2026-04-20 12:00:00,N09,,,,,,,23.764808,86.414856
2026-04-20 13:00:00,N09,,,,,,,23.764808,86.414856
2026-04-20 14:00:00,N09,,,,,,,23.764808,86.414856
2026-04-20 15:00:00,N09,,,,,,,23.764808,86.414856
2026-04-20 16:00:00,N09,0.1584,0.006406,3.13,0.982,0.00876,33.2,23.764808,86.414856
2026-04-20 17:00:00,N09,-0.1924,0.509693,36.45,0.9939,0.009555,31.4,23.764808,86.414856
2026-04-20 18:00:00,N09,-0.094,0.810234,25.58,1.0011,0.004628,29.5,23.764808,86.414856
2026-04-20 19:00:00,N09,-0.1307,0.007209,6.73,1.0032,0.004363,27.5,23.764808,86.414856
2026-04-20 20:00:00,N09,-0.1634,0.006064,5.9,1.0098,0.006932,25.7,23.764808,86.414856
2026-04-20 21:00:00,N09,-0.0014,0.006463,6.1,1.0171,0.007002,24.2,23.764808,86.414856
2026-04-20 22:00:00,N09,0.0385,0.007054,8.11,1.0238,0.006384,23.0,23.764808,86.414856
2026-04-20 23:00:00,N09,-0.1742,0.005404,2.53,1.0298,0.006813,22.2,23.764808,86.414856
2026-04-21 00:00:00,N09,0.0608,0.005382,2.58,1.0375,0.007223,25.3,23.764808,86.414856
2026-04-21 01:00:00,N09,0.2522,0.005566,7.54,1.0443,0.006604,25.6,23.764808,86.414856
2026-04-21 02:00:00,N09,0.1175,0.005216,7.28,1.0507,0.006315,26.3,23.764808,86.414856
2026-04-21 03:00:00,N09,0.1802,0.006595,3.64,1.0569,0.006785,27.5,23.764808,86.414856
2026-04-21 04:00:00,N09,0.1504,0.006557,8.16,1.0642,0.006726,29.1,23.764808,86.414856
2026-04-21 05:00:00,N09,-0.2132,0.007346,1.95,1.0704,0.006201,30.9,23.764808,86.414856
2026-04-21 06:00:00,N09,0.1057,0.00733,7.29,1.0766,0.006345,32.8,23.764808,86.414856
2026-04-21 07:00:00,N09,0.1816,0.005167,5.58,1.083,0.006928,34.8,23.764808,86.414856
2026-04-21 08:00:00,N09,0.2739,0.007383,3.69,1.0905,0.01623,36.6,23.764808,86.414856
2026-04-21 09:00:00,N09,,,,,,,23.764808,86.414856
2026-04-21 10:00:00,N09,,,,,,,23.764808,86.414856
2026-04-21 11:00:00,N09,-0.115,0.006684,3.72,1.1112,0.004157,40.1,23.764808,86.414856
2026-04-21 12:00:00,N09,0.1669,0.00572,2.33,1.117,0.001165,40.3,23.764808,86.414856
2026-04-21 13:00:00,N09,0.1707,0.991664,24.79,1.1135,0.005702,40.1,23.764808,86.414856
2026-04-21 14:00:00,N09,-0.1626,0.010179,4.49,1.1284,0.011044,39.3,23.764808,86.414856
2026-04-21 15:00:00,N09,0.0197,0.007004,9.17,1.1356,0.006266,38.1,23.764808,86.414856
2026-04-21 16:00:00,N09,0.0972,0.005073,6.81,1.1409,0.005624,36.6,23.764808,86.414856
2026-04-21 17:00:00,N09,-0.1014,0.005658,8.73,1.1469,0.006386,34.8,23.764808,86.414856
2026-04-21 18:00:00,N09,0.1245,0.005284,9.77,1.1537,0.006926,32.8,23.764808,86.414856
2026-04-21 19:00:00,N09,-0.1213,0.00787,2.43,1.1607,0.006769,30.9,23.764808,86.414856
2026-04-21 20:00:00,N09,-0.242,0.006591,6.42,1.1672,0.006482,29.1,23.764808,86.414856
2026-04-21 21:00:00,N09,,,,,,,23.764808,86.414856
2026-04-21 22:00:00,N09,,,,,,,23.764808,86.414856
2026-04-21 23:00:00,N09,-0.016,0.007129,4.99,1.1865,0.006782,25.6,23.764808,86.414856
2026-04-22 00:00:00,N09,-0.0023,0.005037,9.16,1.1933,0.006934,23.6,23.764808,86.414856
2026-04-22 01:00:00,N09,-0.1398,0.006988,5.91,1.2004,0.006429,23.9,23.764808,86.414856
2026-04-22 02:00:00,N09,0.1356,0.006331,1.0,1.2061,0.005713,24.6,23.764808,86.414856
2026-04-22 03:00:00,N09,,,,,,,23.764808,86.414856
2026-04-22 04:00:00,N09,,,,,,,23.764808,86.414856
2026-04-22 05:00:00,N09,,,,,,,23.764808,86.414856
2026-04-22 06:00:00,N09,,,,,,,23.764808,86.414856
2026-04-22 07:00:00,N09,-0.1595,0.006064,2.3,1.2365,0.00435,33.1,23.764808,86.414856
2026-04-22 08:00:00,N09,-0.1013,0.897613,43.88,1.2224,0.003568,34.9,23.764808,86.414856
2026-04-22 09:00:00,N09,0.3872,0.502211,44.66,1.2293,0.021067,36.4,23.764808,86.414856
2026-04-22 10:00:00,N09,0.0401,0.529145,18.94,1.2646,0.020633,37.6,23.764808,86.414856
2026-04-22 11:00:00,N09,0.2768,0.692944,24.52,1.2706,0.001655,38.4,23.764808,86.414856
2026-04-22 12:00:00,N09,0.0345,0.007483,3.64,1.2679,0.001925,38.6,23.764808,86.414856
2026-04-22 13:00:00,N09,0.0411,0.005412,6.29,1.2745,0.001751,38.4,23.764808,86.414856
2026-04-22 14:00:00,N09,0.0014,0.681469,46.93,1.2644,0.001977,37.6,23.764808,86.414856
2026-04-22 15:00:00,N09,0.1581,0.719907,15.77,1.2705,0.014078,36.4,23.764808,86.414856
2026-04-22 16:00:00,N09,-0.0533,0.005121,9.7,1.2925,0.014217,34.9,23.764808,86.414856
2026-04-22 17:00:00,N09,-0.1136,0.00554,9.36,1.2989,0.006467,33.1,23.764808,86.414856
2026-04-22 18:00:00,N09,,,,,,,23.764808,86.414856
2026-04-22 19:00:00,N09,-0.1641,0.00822,8.69,1.3119,0.006018,29.2,23.764808,86.414856
2026-04-22 20:00:00,N09,-0.1744,0.007756,9.81,1.3175,0.006176,27.4,23.764808,86.414856
2026-04-22 21:00:00,N09,0.1185,0.007252,2.06,1.3242,0.006426,25.8,23.764808,86.414856
2026-04-22 22:00:00,N09,-0.2883,0.006268,6.48,1.3303,0.005948,24.6,23.764808,86.414856
2026-04-22 23:00:00,N09,0.0092,0.006944,3.25,1.3361,0.006249,23.9,23.764808,86.414856
2026-04-23 00:00:00,N09,0.1511,0.008161,3.96,1.3428,0.006358,25.2,23.764808,86.414856
2026-04-23 01:00:00,N09,0.1873,0.005485,2.84,1.3488,0.005997,25.5,23.764808,86.414856
2026-04-23 02:00:00,N09,-0.042,0.005604,7.95,1.3548,0.006548,26.2,23.764808,86.414856
2026-04-23 03:00:00,N09,0.0905,0.006495,1.94,1.3619,0.006828,27.4,23.764808,86.414856
2026-04-23 04:00:00,N09,-0.184,0.005944,9.15,1.3685,0.006046,29.0,23.764808,86.414856
2026-04-23 05:00:00,N09,0.1317,0.006242,3.64,1.374,0.005611,30.8,23.764808,86.414856
2026-04-23 06:00:00,N09,-0.0784,0.005345,4.57,1.3797,0.002816,32.7,23.764808,86.414856
2026-04-23 07:00:00,N09,0.3014,0.80344,24.65,1.3796,0.003088,34.7,23.764808,86.414856
2026-04-23 08:00:00,N09,0.1863,0.562948,44.32,1.3859,0.009647,36.5,23.764808,86.414856
2026-04-23 09:00:00,N09,-0.0327,0.006746,9.24,1.3989,0.009674,38.0,23.764808,86.414856
2026-04-23 10:00:00,N09,-0.0865,0.008742,7.65,1.4052,0.006101,39.2,23.764808,86.414856
2026-04-23 11:00:00,N09,-0.2467,0.006713,5.37,1.4111,0.001269,40.0,23.764808,86.414856
2026-04-23 12:00:00,N09,0.0485,0.916648,37.33,1.4027,0.001197,40.2,23.764808,86.414856
2026-04-23 13:00:00,N09,0.1427,0.63864,42.69,1.4087,0.013513,40.0,23.764808,86.414856
2026-04-23 14:00:00,N09,-0.0772,0.006332,5.18,1.4297,0.013352,39.2,23.764808,86.414856
2026-04-23 15:00:00,N09,0.2171,0.007142,7.82,1.4355,0.005787,38.0,23.764808,86.414856
2026-04-23 16:00:00,N09,0.1565,0.005476,8.28,1.4413,0.006087,36.5,23.764808,86.414856
2026-04-23 17:00:00,N09,-0.1054,0.006495,8.73,1.4476,0.00598,34.7,23.764808,86.414856
2026-04-23 18:00:00,N09,-0.2447,0.005261,2.42,1.4533,0.005784,32.7,23.764808,86.414856
2026-04-23 19:00:00,N09,-0.1458,0.005415,5.77,1.4592,0.006172,30.8,23.764808,86.414856
2026-04-23 20:00:00,N09,,,,,,,23.764808,86.414856
2026-04-23 21:00:00,N09,,,,,,,23.764808,86.414856
2026-04-23 22:00:00,N09,-0.4465,0.008693,5.42,1.4776,0.006122,26.2,23.764808,86.414856
2026-04-23 23:00:00,N09,,,,,,,23.764808,86.414856
2026-04-24 00:00:00,N09,,,,,,,23.764808,86.414856
2026-04-24 01:00:00,N09,,,,,,,23.764808,86.414856
2026-04-24 02:00:00,N09,,,,,,,23.764808,86.414856
2026-04-24 03:00:00,N09,,,,,,,23.764808,86.414856
2026-04-24 04:00:00,N09,-0.1367,0.005258,5.12,1.5144,0.005542,27.3,23.764808,86.414856
2026-04-24 05:00:00,N09,-0.0295,0.007565,5.34,1.5197,0.005308,29.1,23.764808,86.414856
2026-04-24 06:00:00,N09,-0.2761,0.006641,9.2,1.525,0.005695,31.0,23.764808,86.414856
2026-04-24 07:00:00,N09,,,,,,,23.764808,86.414856
2026-04-24 08:00:00,N09,,,,,,,23.764808,86.414856
2026-04-24 09:00:00,N09,,,,,,,23.764808,86.414856
2026-04-24 10:00:00,N09,,,,,,,23.764808,86.414856
2026-04-24 11:00:00,N09,,,,,,,23.764808,86.414856
2026-04-24 12:00:00,N09,,,,,,,23.764808,86.414856
2026-04-24 13:00:00,N09,,,,,,,23.764808,86.414856
2026-04-24 14:00:00,N09,,,,,,,23.764808,86.414856
2026-04-24 15:00:00,N09,,,,,,,23.764808,86.414856
2026-04-24 16:00:00,N09,,,,,,,23.764808,86.414856
2026-04-24 17:00:00,N09,0.0721,0.006787,8.99,1.5895,0.005624,33.0,23.764808,86.414856
2026-04-24 18:00:00,N09,-0.2234,0.009446,2.48,1.5947,0.005097,31.0,23.764808,86.414856
2026-04-24 19:00:00,N09,0.1709,0.007988,7.57,1.5997,0.005631,29.1,23.764808,86.414856
2026-04-24 20:00:00,N09,0.0205,0.005771,5.66,1.606,0.006138,27.3,23.764808,86.414856
2026-04-24 21:00:00,N09,0.0697,0.005942,3.8,1.612,0.00623,25.7,23.764808,86.414856
2026-04-24 22:00:00,N09,-0.0417,0.006179,4.63,1.6185,0.006291,24.6,23.764808,86.414856
2026-04-24 23:00:00,N09,-0.016,0.007486,9.8,1.6246,0.006227,23.8,23.764808,86.414856
2026-04-25 00:00:00,N09,-0.1542,0.005113,2.38,1.6309,0.006203,22.4,23.764808,86.414856
2026-04-25 01:00:00,N09,-0.0429,0.009101,5.16,1.637,0.005947,22.7,23.764808,86.414856
2026-04-25 02:00:00,N09,,,,,,,23.764808,86.414856
2026-04-25 03:00:00,N09,,,,,,,23.764808,86.414856
2026-04-25 04:00:00,N09,,,,,,,23.764808,86.414856
2026-04-25 05:00:00,N09,,,,,,,23.764808,86.414856
2026-04-25 06:00:00,N09,,,,,,,23.764808,86.414856
2026-04-25 07:00:00,N09,0.0642,0.007336,2.26,1.671,0.005215,31.9,23.764808,86.414856
2026-04-25 08:00:00,N09,,,,,,,23.764808,86.414856
2026-04-25 09:00:00,N09,,,,,,,23.764808,86.414856
2026-04-25 10:00:00,N09,,,,,,,23.764808,86.414856
2026-04-25 11:00:00,N09,,,,,,,23.764808,86.414856
2026-04-25 12:00:00,N09,-0.1016,0.005813,4.87,1.6995,0.005869,37.4,23.764808,86.414856
2026-04-25 13:00:00,N09,0.0615,0.005599,7.48,1.7058,0.006209,37.2,23.764808,86.414856
2026-04-25 14:00:00,N09,-0.1155,0.007994,7.93,1.7119,0.005866,36.4,23.764808,86.414856
2026-04-25 15:00:00,N09,-0.2565,0.007252,9.4,1.7175,0.005797,35.2,23.764808,86.414856
2026-04-25 16:00:00,N09,-0.1531,0.007291,9.83,1.7235,0.005623,33.7,23.764808,86.414856
2026-04-25 17:00:00,N09,-0.1178,0.007618,6.21,1.7288,0.005235,31.9,23.764808,86.414856
2026-04-25 18:00:00,N09,0.0519,0.008882,1.22,1.7339,0.005467,29.9,23.764808,86.414856
2026-04-25 19:00:00,N09,-0.0573,0.005245,6.33,1.7397,0.006221,28.0,23.764808,86.414856
2026-04-25 20:00:00,N09,0.0697,0.006978,1.9,1.7464,0.006262,26.2,23.764808,86.414856
2026-04-25 21:00:00,N09,-0.1054,0.008226,8.19,1.7522,0.005803,24.6,23.764808,86.414856
2026-04-25 22:00:00,N09,-0.0817,0.007785,2.52,1.758,0.005895,23.4,23.764808,86.414856
2026-04-25 23:00:00,N09,0.0564,0.007005,8.52,1.764,0.005848,22.7,23.764808,86.414856
2026-04-26 00:00:00,N09,-0.188,0.006144,6.2,1.7697,0.005702,25.2,23.764808,86.414856
2026-04-26 01:00:00,N09,-0.0311,0.0079,2.03,1.7754,0.006008,25.5,23.764808,86.414856
2026-04-26 02:00:00,N09,-0.066,0.006113,9.21,1.7817,0.00599,26.2,23.764808,86.414856
2026-04-26 03:00:00,N09,-0.0581,0.005687,4.06,1.7874,0.006191,27.4,23.764808,86.414856
2026-04-26 04:00:00,N09,-0.1014,0.007197,7.18,1.7941,0.006304,29.0,23.764808,86.414856
2026-04-26 05:00:00,N09,-0.138,0.005093,6.0,1.8,0.005868,30.8,23.764808,86.414856
2026-04-26 06:00:00,N09,-0.2503,0.005117,2.02,1.8058,0.005469,32.7,23.764808,86.414856
2026-04-26 07:00:00,N09,,,,,,,23.764808,86.414856
2026-04-26 08:00:00,N09,,,,,,,23.764808,86.414856
2026-04-26 09:00:00,N09,,,,,,,23.764808,86.414856
2026-04-26 10:00:00,N09,0.1523,0.006929,1.75,1.828,0.003802,39.2,23.764808,86.414856
2026-04-26 11:00:00,N09,0.0042,0.699968,49.29,1.8153,0.003662,40.0,23.764808,86.414856
2026-04-26 12:00:00,N09,0.138,0.577039,34.03,1.8207,0.014691,40.2,23.764808,86.414856
2026-04-26 13:00:00,N09,-0.4364,0.007109,6.72,1.8446,0.01511,40.0,23.764808,86.414856
2026-04-26 14:00:00,N09,-0.0216,0.005188,3.73,1.8509,0.005839,39.2,23.764808,86.414856
2026-04-26 15:00:00,N09,-0.0932,0.006225,5.45,1.8563,0.005537,38.0,23.764808,86.414856
2026-04-26 16:00:00,N09,-0.1039,0.005338,8.59,1.862,0.005821,36.5,23.764808,86.414856
2026-04-26 17:00:00,N09,0.1617,0.007191,9.38,1.868,0.00565,34.7,23.764808,86.414856
2026-04-26 18:00:00,N09,,,,,,,23.764808,86.414856
2026-04-26 19:00:00,N09,,,,,,,23.764808,86.414856
2026-04-26 20:00:00,N09,-0.0632,0.006423,4.52,1.8847,0.005395,29.0,23.764808,86.414856
2026-04-26 21:00:00,N09,-0.2518,0.006345,1.28,1.8896,0.005065,27.4,23.764808,86.414856
2026-04-26 22:00:00,N09,,,,,,,23.764808,86.414856
2026-04-26 23:00:00,N09,,,,,,,23.764808,86.414856
2026-04-27 00:00:00,N09,,,,,,,23.764808,86.414856
2026-04-27 01:00:00,N09,-0.1518,0.006222,8.67,1.9116,0.006114,24.2,23.764808,86.414856
2026-04-27 02:00:00,N09,-0.0083,0.00827,3.73,1.9176,0.005541,25.0,23.764808,86.414856
2026-04-27 03:00:00,N09,-0.1114,0.005058,5.25,1.9227,0.005761,26.2,23.764808,86.414856
2026-04-27 04:00:00,N09,-0.1229,0.006872,4.89,1.9292,0.006035,27.7,23.764808,86.414856
2026-04-27 05:00:00,N09,0.2723,0.006235,5.16,1.9348,0.005459,29.5,23.764808,86.414856
2026-04-27 06:00:00,N09,-0.0448,0.00608,6.33,1.9401,0.005701,31.5,23.764808,86.414856
2026-04-27 07:00:00,N09,,,,,,,23.764808,86.414856
2026-04-27 08:00:00,N09,,,,,,,23.764808,86.414856
2026-04-27 09:00:00,N09,,,,,,,23.764808,86.414856
2026-04-27 10:00:00,N09,,,,,,,23.764808,86.414856
2026-04-27 11:00:00,N09,0.079,0.005194,1.68,1.9694,0.006134,38.7,23.764808,86.414856
2026-04-27 12:00:00,N09,,,,,,,23.764808,86.414856
2026-04-27 13:00:00,N09,-0.0107,0.005117,1.5,1.9813,0.00562,38.7,23.764808,86.414856
2026-04-27 14:00:00,N09,0.3101,0.005097,5.61,1.9873,0.005663,38.0,23.764808,86.414856
2026-04-27 15:00:00,N09,0.0342,0.006879,2.71,1.9927,0.002177,36.8,23.764808,86.414856
2026-04-27 16:00:00,N09,,,,,,,23.764808,86.414856
2026-04-27 17:00:00,N09,-0.1716,0.755353,28.94,1.9971,0.008973,33.4,23.764808,86.414856
2026-04-27 18:00:00,N09,-0.1156,0.007136,5.6,2.0096,0.009202,31.5,23.764808,86.414856
2026-04-27 19:00:00,N09,0.0131,0.005468,8.33,2.0155,0.005239,29.5,23.764808,86.414856
2026-04-27 20:00:00,N09,-0.0631,0.005532,6.34,2.02,0.004883,27.7,23.764808,86.414856
2026-04-27 21:00:00,N09,-0.121,0.007237,5.13,2.0252,0.005025,26.2,23.764808,86.414856
2026-04-27 22:00:00,N09,-0.109,0.005808,4.52,2.0301,0.004931,25.0,23.764808,86.414856
2026-04-27 23:00:00,N09,,,,,,,23.764808,86.414856
2026-04-28 00:00:00,N09,,,,,,,23.764808,86.414856
2026-04-28 01:00:00,N09,0.0775,0.00696,6.52,2.0457,0.005439,24.8,23.764808,86.414856
2026-04-28 02:00:00,N09,0.0223,0.007423,7.85,2.0516,0.005426,25.5,23.764808,86.414856
2026-04-28 03:00:00,N09,0.0557,0.006471,2.68,2.0566,0.004999,26.7,23.764808,86.414856
2026-04-28 04:00:00,N09,,,,,,,23.764808,86.414856
2026-04-28 05:00:00,N09,,,,,,,23.764808,86.414856
2026-04-28 06:00:00,N09,-0.099,0.005752,3.99,2.073,0.005765,32.0,23.764808,86.414856
2026-04-28 07:00:00,N09,-0.0429,0.005374,5.32,2.0786,0.00571,34.0,23.764808,86.414856
2026-04-28 08:00:00,N09,0.2777,0.006874,8.03,2.0844,0.005932,35.8,23.764808,86.414856
2026-04-28 09:00:00,N09,-0.1023,0.006546,6.69,2.0905,0.00536,37.3,23.764808,86.414856
2026-04-28 10:00:00,N09,0.0406,0.007071,6.0,2.0951,0.004966,38.5,23.764808,86.414856
2026-04-28 11:00:00,N09,0.0746,0.006991,8.7,2.1004,0.005763,39.3,23.764808,86.414856
2026-04-28 12:00:00,N09,0.0502,0.006078,8.59,2.1066,0.006028,39.5,23.764808,86.414856
2026-04-28 13:00:00,N09,-0.0243,0.006246,6.34,2.1124,0.005787,39.3,23.764808,86.414856
2026-04-28 14:00:00,N09,0.0393,0.005128,5.26,2.1182,0.005861,38.5,23.764808,86.414856
2026-04-28 15:00:00,N09,-0.1921,0.006733,6.36,2.1242,0.005508,37.3,23.764808,86.414856
2026-04-28 16:00:00,N09,0.1807,0.008194,9.13,2.1292,0.004266,35.8,23.764808,86.414856
2026-04-28 17:00:00,N09,0.0752,0.560488,46.03,2.1156,0.004742,34.0,23.764808,86.414856
2026-04-28 18:00:00,N09,-0.0817,0.005608,2.22,2.1387,0.014,32.0,23.764808,86.414856
2026-04-28 19:00:00,N09,0.2243,0.008068,2.22,2.1436,0.00523,30.1,23.764808,86.414856
2026-04-28 20:00:00,N09,0.014,0.008505,2.92,2.1492,0.005467,28.3,23.764808,86.414856
2026-04-28 21:00:00,N09,,,,,,,23.764808,86.414856
2026-04-28 22:00:00,N09,,,,,,,23.764808,86.414856
2026-04-28 23:00:00,N09,,,,,,,23.764808,86.414856
2026-04-29 00:00:00,N09,,,,,,,23.764808,86.414856
2026-04-29 01:00:00,N09,,,,,,,23.764808,86.414856
2026-04-29 02:00:00,N09,,,,,,,23.764808,86.414856
2026-04-29 03:00:00,N09,,,,,,,23.764808,86.414856
2026-04-29 04:00:00,N09,,,,,,,23.764808,86.414856
2026-04-29 05:00:00,N09,,,,,,,23.764808,86.414856
2026-04-29 06:00:00,N09,-0.2431,0.005519,4.7,2.2037,0.006031,34.3,23.764808,86.414856
2026-04-29 07:00:00,N09,0.0827,0.005655,2.11,2.2092,0.012462,36.3,23.764808,86.414856
2026-04-29 08:00:00,N09,-0.1509,0.641223,36.12,2.2286,0.012632,38.1,23.764808,86.414856
2026-04-29 09:00:00,N09,-0.14,0.982094,35.67,2.2345,0.001261,39.6,23.764808,86.414856
2026-04-29 10:00:00,N09,-0.1096,0.005197,8.91,2.2261,0.001365,40.8,23.764808,86.414856
2026-04-29 11:00:00,N09,0.1709,0.007434,6.71,2.2317,0.017272,41.6,23.764808,86.414856
2026-04-29 12:00:00,N09,0.203,0.652988,41.54,2.2606,0.010782,41.8,23.764808,86.414856
2026-04-29 13:00:00,N09,0.0506,0.755766,41.34,2.2533,0.005915,41.6,23.764808,86.414856
2026-04-29 14:00:00,N09,-0.0536,0.007291,1.84,2.2488,0.000262,40.8,23.764808,86.414856
2026-04-29 15:00:00,N09,0.2648,0.006188,8.44,2.2538,0.005765,39.6,23.764808,86.414856
2026-04-29 16:00:00,N09,0.1185,0.008557,3.5,2.2603,0.005829,38.1,23.764808,86.414856
2026-04-29 17:00:00,N09,,,,,,,23.764808,86.414856
2026-04-29 18:00:00,N09,,,,,,,23.764808,86.414856
2026-04-29 19:00:00,N09,,,,,,,23.764808,86.414856
2026-04-29 20:00:00,N09,,,,,,,23.764808,86.414856
2026-04-29 21:00:00,N09,,,,,,,23.764808,86.414856
2026-04-29 22:00:00,N09,-0.1315,0.005124,6.36,2.2897,0.004054,27.8,23.764808,86.414856
2026-04-29 23:00:00,N09,-0.2193,0.007792,4.37,2.2938,0.004755,27.1,23.764808,86.414856
2026-04-30 00:00:00,N09,-0.2187,0.010768,1.63,2.2992,0.005306,26.4,23.764808,86.414856
2026-04-30 01:00:00,N09,0.0765,0.007336,6.32,2.3044,0.005369,26.7,23.764808,86.414856
2026-04-30 02:00:00,N09,-0.1392,0.007704,7.84,2.31,0.005452,27.4,23.764808,86.414856
2026-04-30 03:00:00,N09,0.0409,0.007384,3.07,2.3153,0.005216,28.6,23.764808,86.414856
2026-04-30 04:00:00,N09,-0.0451,0.005288,3.24,2.3204,0.004977,30.2,23.764808,86.414856
2026-04-30 05:00:00,N09,,,,,,,23.764808,86.414856
2026-04-30 06:00:00,N09,,,,,,,23.764808,86.414856
2026-04-30 07:00:00,N09,0.0412,0.005721,2.76,2.3363,0.000862,35.9,23.764808,86.414856
2026-04-30 08:00:00,N09,-0.1833,0.942402,30.4,2.3295,0.004486,37.7,23.764808,86.414856
2026-04-30 09:00:00,N09,-0.3307,0.00592,7.32,2.3452,0.010451,39.2,23.764808,86.414856
2026-04-30 10:00:00,N09,,,,,,,23.764808,86.414856
2026-04-30 11:00:00,N09,,,,,,,23.764808,86.414856
2026-04-30 12:00:00,N09,,,,,,,23.764808,86.414856
2026-04-30 13:00:00,N09,,,,,,,23.764808,86.414856
2026-04-30 14:00:00,N09,,,,,,,23.764808,86.414856
2026-04-30 15:00:00,N09,0.0965,0.009702,3.56,2.3756,0.005483,39.2,23.764808,86.414856
2026-04-30 16:00:00,N09,-0.073,0.008035,1.33,2.3822,0.006075,37.7,23.764808,86.414856
2026-04-30 17:00:00,N09,0.11,0.007202,7.59,2.3877,0.005567,35.9,23.764808,86.414856
2026-04-30 18:00:00,N09,0.157,0.010166,2.14,2.3934,0.005221,33.9,23.764808,86.414856
2026-04-30 19:00:00,N09,-0.0295,0.008091,7.32,2.3982,0.005056,32.0,23.764808,86.414856
2026-04-30 20:00:00,N09,-0.019,0.006159,9.11,2.4035,0.005357,30.2,23.764808,86.414856
2026-04-30 21:00:00,N09,-0.2323,0.007919,8.46,2.4089,0.005822,28.6,23.764808,86.414856
2026-04-30 22:00:00,N09,-0.1759,0.005418,3.21,2.4151,0.005843,27.4,23.764808,86.414856
2026-04-30 23:00:00,N09,0.1278,0.008045,6.91,2.4206,0.005364,26.7,23.764808,86.414856
2026-05-01 00:00:00,N09,-0.1492,0.007569,5.09,2.4258,0.00499,22.4,23.764808,86.414856
2026-05-01 01:00:00,N09,0.0797,0.006233,7.41,2.4305,0.005175,22.7,23.764808,86.414856
2026-05-01 02:00:00,N09,0.3305,0.00667,5.02,2.4362,0.005626,23.4,23.764808,86.414856
2026-05-01 03:00:00,N09,0.0082,0.009955,1.75,2.4418,0.005041,24.6,23.764808,86.414856
2026-05-01 04:00:00,N09,-0.0944,0.005657,4.72,2.4463,0.004939,26.2,23.764808,86.414856
2026-05-01 05:00:00,N09,,,,,,,23.764808,86.414856
2026-05-01 06:00:00,N09,,,,,,,23.764808,86.414856
2026-05-01 07:00:00,N09,,,,,,,23.764808,86.414856
2026-05-01 08:00:00,N09,,,,,,,23.764808,86.414856
2026-05-01 09:00:00,N09,,,,,,,23.764808,86.414856
2026-05-01 10:00:00,N09,0.2194,0.007156,4.54,2.4766,0.004718,36.4,23.764808,86.414856
2026-05-01 11:00:00,N09,0.0642,0.00776,7.15,2.4815,0.005522,37.2,23.764808,86.414856
2026-05-01 12:00:00,N09,-0.1278,0.007059,3.8,2.4876,0.009431,37.4,23.764808,86.414856
2026-05-01 13:00:00,N09,0.0726,0.592682,27.79,2.5004,0.004382,37.2,23.764808,86.414856
2026-05-01 14:00:00,N09,-0.0553,0.005262,2.74,2.4964,8.6e-05,36.4,23.764808,86.414856
2026-05-01 15:00:00,N09,,,,,,,23.764808,86.414856
2026-05-01 16:00:00,N09,,,,,,,23.764808,86.414856
2026-05-01 17:00:00,N09,-0.1328,0.008589,3.6,2.5111,0.004926,31.9,23.764808,86.414856
2026-05-01 18:00:00,N09,-0.2544,0.006037,1.25,2.5161,0.005108,29.9,23.764808,86.414856
2026-05-01 19:00:00,N09,-0.0243,0.007993,7.68,2.5213,0.005308,28.0,23.764808,86.414856
2026-05-01 20:00:00,N09,,,,,,,23.764808,86.414856
2026-05-01 21:00:00,N09,-0.0601,0.007449,8.04,2.5322,0.00504,24.6,23.764808,86.414856
2026-05-01 22:00:00,N09,,,,,,,23.764808,86.414856
2026-05-01 23:00:00,N09,,,,,,,23.764808,86.414856
2026-05-02 00:00:00,N09,-0.3667,0.006406,5.66,2.5462,0.004604,26.3,23.764808,86.414856
2026-05-02 01:00:00,N09,-0.2459,0.005946,3.09,2.5507,0.004752,26.6,23.764808,86.414856
2026-05-02 02:00:00,N09,-0.0654,0.008318,8.3,2.5557,0.00474,27.3,23.764808,86.414856
2026-05-02 03:00:00,N09,-0.0308,0.006322,4.45,2.5602,0.005557,28.5,23.764808,86.414856
2026-05-02 04:00:00,N09,0.2841,0.005109,9.55,2.5668,0.005736,30.1,23.764808,86.414856
2026-05-02 05:00:00,N09,-0.0818,0.005241,8.46,2.5717,0.005077,31.9,23.764808,86.414856
2026-05-02 06:00:00,N09,-0.2499,0.008506,7.85,2.5769,0.002154,33.8,23.764808,86.414856
2026-05-02 07:00:00,N09,,,,,,,23.764808,86.414856
2026-05-02 08:00:00,N09,,,,,,,23.764808,86.414856
2026-05-02 09:00:00,N09,,,,,,,23.764808,86.414856
2026-05-02 10:00:00,N09,-0.0865,0.007147,8.86,2.5961,0.005239,40.3,23.764808,86.414856
2026-05-02 11:00:00,N09,-0.0866,0.007222,3.04,2.6011,0.004566,41.1,23.764808,86.414856
2026-05-02 12:00:00,N09,-0.1332,0.008278,1.66,2.6052,0.004741,41.3,23.764808,86.414856
2026-05-02 13:00:00,N09,,,,,,,23.764808,86.414856
2026-05-02 14:00:00,N09,,,,,,,23.764808,86.414856
2026-05-02 15:00:00,N09,,,,,,,23.764808,86.414856
2026-05-02 16:00:00,N09,,,,,,,23.764808,86.414856
2026-05-02 17:00:00,N09,-0.0488,0.519105,34.19,2.6166,0.00409,35.8,23.764808,86.414856
2026-05-02 18:00:00,N09,0.3119,0.942962,29.37,2.6286,0.012945,33.8,23.764808,86.414856
2026-05-02 19:00:00,N09,0.0989,0.005511,3.89,2.6425,0.009773,31.9,23.764808,86.414856
2026-05-02 20:00:00,N09,,,,,,,23.764808,86.414856
2026-05-02 21:00:00,N09,,,,,,,23.764808,86.414856
2026-05-02 22:00:00,N09,,,,,,,23.764808,86.414856
2026-05-02 23:00:00,N09,,,,,,,23.764808,86.414856
2026-05-03 00:00:00,N09,-0.1411,0.006963,8.24,2.6684,0.005172,28.1,23.764808,86.414856
2026-05-03 01:00:00,N09,0.0479,0.006421,2.83,2.6733,0.00494,28.3,23.764808,86.414856
2026-05-03 02:00:00,N09,0.1069,0.005071,3.65,2.6783,0.005205,29.1,23.764808,86.414856
2026-05-03 03:00:00,N09,0.0305,0.005964,9.63,2.6837,0.004917,30.3,23.764808,86.414856
2026-05-03 04:00:00,N09,0.1118,0.0057,9.5,2.6881,0.004637,31.8,23.764808,86.414856
2026-05-03 05:00:00,N09,-0.0476,0.009075,9.63,2.693,0.004893,33.6,23.764808,86.414856
2026-05-03 06:00:00,N09,0.1179,0.005278,9.34,2.6979,0.005056,35.6,23.764808,86.414856
2026-05-03 07:00:00,N09,0.1213,0.005599,9.43,2.7031,0.005033,37.5,23.764808,86.414856
2026-05-03 08:00:00,N09,0.0076,0.006972,3.94,2.708,0.012033,39.3,23.764808,86.414856
2026-05-03 09:00:00,N09,0.0191,0.745884,17.53,2.7272,0.012044,40.9,23.764808,86.414856
2026-05-03 10:00:00,N09,0.1788,0.503046,33.03,2.7321,0.002173,42.1,23.764808,86.414856
2026-05-03 11:00:00,N09,-0.2332,0.008473,2.01,2.7228,0.002911,42.8,23.764808,86.414856
2026-05-03 12:00:00,N09,-0.017,0.006824,2.12,2.7262,0.011756,43.1,23.764808,86.414856
2026-05-03 13:00:00,N09,-0.1804,0.542682,48.07,2.7463,0.002379,42.8,23.764808,86.414856
2026-05-03 14:00:00,N09,-0.0448,0.898249,24.43,2.731,0.005598,42.1,23.764808,86.414856
2026-05-03 15:00:00,N09,0.316,0.687272,42.94,2.7351,0.007342,40.9,23.764808,86.414856
2026-05-03 16:00:00,N09,-0.0302,0.005962,2.35,2.7457,0.007854,39.3,23.764808,86.414856
2026-05-03 17:00:00,N09,0.0095,0.005877,9.82,2.7508,0.005166,37.5,23.764808,86.414856
2026-05-03 18:00:00,N09,0.2249,0.006842,2.27,2.756,0.005105,35.6,23.764808,86.414856
2026-05-03 19:00:00,N09,0.009,0.008574,8.34,2.761,0.005247,33.6,23.764808,86.414856
2026-05-03 20:00:00,N09,-0.0695,0.00832,9.64,2.7665,0.00492,31.8,23.764808,86.414856
2026-05-03 21:00:00,N09,-0.0274,0.009066,8.83,2.7709,0.004521,30.3,23.764808,86.414856
2026-05-03 22:00:00,N09,-0.063,0.00693,5.47,2.7755,0.005091,29.1,23.764808,86.414856
2026-05-03 23:00:00,N09,,,,,,,23.764808,86.414856
2026-05-04 00:00:00,N09,,,,,,,23.764808,86.414856
2026-05-04 01:00:00,N09,,,,,,,23.764808,86.414856
2026-05-04 02:00:00,N09,-0.0689,0.007034,2.27,2.7951,0.005417,25.9,23.764808,86.414856
2026-05-04 03:00:00,N09,0.071,0.008379,5.69,2.8008,0.005552,27.1,23.764808,86.414856
2026-05-04 04:00:00,N09,-0.1404,0.006025,4.4,2.8062,0.005254,28.7,23.764808,86.414856
2026-05-04 05:00:00,N09,-0.3196,0.005844,5.98,2.8113,0.004984,30.5,23.764808,86.414856
2026-05-04 06:00:00,N09,-0.0427,0.007272,1.8,2.8162,0.00518,32.4,23.764808,86.414856
2026-05-04 07:00:00,N09,-0.0959,0.005417,7.17,2.8217,0.004949,34.4,23.764808,86.414856
2026-05-04 08:00:00,N09,-0.0032,0.009102,6.12,2.8261,0.008009,36.2,23.764808,86.414856
2026-05-04 09:00:00,N09,-0.2316,0.823205,37.82,2.8056,0.007827,37.7,23.764808,86.414856
2026-05-04 10:00:00,N09,,,,,,,23.764808,86.414856
2026-05-04 11:00:00,N09,0.2152,0.006199,4.35,2.8404,0.017383,39.7,23.764808,86.414856
2026-05-04 12:00:00,N09,0.1841,0.005042,1.16,2.8452,0.004886,39.9,23.764808,86.414856
2026-05-04 13:00:00,N09,-0.2069,0.006171,4.1,2.8502,0.004866,39.7,23.764808,86.414856
2026-05-04 14:00:00,N09,0.1604,0.005326,6.29,2.855,0.004915,38.9,23.764808,86.414856
2026-05-04 15:00:00,N09,-0.0489,0.00588,4.37,2.86,0.005049,37.7,23.764808,86.414856
2026-05-04 16:00:00,N09,0.0565,0.005751,7.92,2.8651,0.004872,36.2,23.764808,86.414856
2026-05-04 17:00:00,N09,-0.1099,0.007912,9.42,2.8698,0.004394,34.4,23.764808,86.414856
2026-05-04 18:00:00,N09,,,,,,,23.764808,86.414856
2026-05-04 19:00:00,N09,,,,,,,23.764808,86.414856
2026-05-04 20:00:00,N09,,,,,,,23.764808,86.414856
2026-05-04 21:00:00,N09,0.1884,0.006187,3.38,2.8893,0.004958,27.1,23.764808,86.414856
2026-05-04 22:00:00,N09,-0.3061,0.007529,5.95,2.8937,0.004563,25.9,23.764808,86.414856
2026-05-04 23:00:00,N09,0.0461,0.006813,1.28,2.8984,0.004755,25.2,23.764808,86.414856
2026-05-05 00:00:00,N09,0.2348,0.005259,2.58,2.9032,0.004825,23.6,23.764808,86.414856
2026-05-05 01:00:00,N09,-0.004,0.007484,6.21,2.9081,0.004763,23.9,23.764808,86.414856
2026-05-05 02:00:00,N09,-0.2251,0.007819,4.02,2.9127,0.004953,24.6,23.764808,86.414856
2026-05-05 03:00:00,N09,-0.1996,0.006278,2.6,2.918,0.005437,25.8,23.764808,86.414856
2026-05-05 04:00:00,N09,-0.1098,0.005168,1.47,2.9236,0.005153,27.4,23.764808,86.414856
2026-05-05 05:00:00,N09,-0.2545,0.005568,5.54,2.9283,0.004411,29.2,23.764808,86.414856
2026-05-05 06:00:00,N09,,,,,,,23.764808,86.414856
2026-05-05 07:00:00,N09,,,,,,,23.764808,86.414856
2026-05-05 08:00:00,N09,,,,,,,23.764808,86.414856
2026-05-05 09:00:00,N09,0.2488,0.727467,22.52,2.9372,0.009194,36.4,23.764808,86.414856
2026-05-05 10:00:00,N09,0.0748,0.005706,9.15,2.9517,0.009668,37.6,23.764808,86.414856
2026-05-05 11:00:00,N09,0.1143,0.006643,2.4,2.9565,0.004204,38.4,23.764808,86.414856
2026-05-05 12:00:00,N09,0.1005,0.006349,7.1,2.9601,0.003882,38.6,23.764808,86.414856
2026-05-05 13:00:00,N09,-0.241,0.005202,5.8,2.9643,0.004009,38.4,23.764808,86.414856
2026-05-05 14:00:00,N09,0.0232,0.005949,2.55,2.9681,0.00397,37.6,23.764808,86.414856
2026-05-05 15:00:00,N09,-0.0623,0.00559,1.83,2.9722,0.004284,36.4,23.764808,86.414856
2026-05-05 16:00:00,N09,-0.0221,0.009934,6.69,2.9767,0.004897,34.9,23.764808,86.414856
2026-05-05 17:00:00,N09,-0.3124,0.007475,8.76,2.982,0.00481,33.1,23.764808,86.414856
2026-05-05 18:00:00,N09,-0.0329,0.00619,1.38,2.9863,0.004698,31.1,23.764808,86.414856
2026-05-05 19:00:00,N09,-0.0275,0.006199,5.16,2.9914,0.004659,29.2,23.764808,86.414856
2026-05-05 20:00:00,N09,0.0647,0.006649,7.02,2.9956,0.004849,27.4,23.764808,86.414856
2026-05-05 21:00:00,N09,-0.0558,0.007781,9.06,3.0011,0.005322,25.8,23.764808,86.414856
2026-05-05 22:00:00,N09,-0.2627,0.007017,6.25,3.0063,0.004571,24.6,23.764808,86.414856
2026-05-05 23:00:00,N09,-0.0263,0.007673,8.28,3.0102,0.004293,23.9,23.764808,86.414856
2026-05-06 00:00:00,N09,-0.1372,0.00907,7.96,3.0148,0.004685,27.2,23.764808,86.414856
2026-05-06 01:00:00,N09,-0.1769,0.006961,7.72,3.0196,0.005383,27.4,23.764808,86.414856
2026-05-06 02:00:00,N09,0.0995,0.005464,3.1,3.0256,0.005362,28.2,23.764808,86.414856
2026-05-06 03:00:00,N09,0.1064,0.005693,8.28,3.0303,0.004416,29.4,23.764808,86.414856
2026-05-06 04:00:00,N09,-0.1608,0.007319,2.86,3.0344,0.004415,30.9,23.764808,86.414856
2026-05-06 05:00:00,N09,-0.2342,0.005786,6.25,3.0391,0.004736,32.7,23.764808,86.414856
2026-05-06 06:00:00,N09,-0.1159,0.006693,5.6,3.0439,0.004672,34.7,23.764808,86.414856
2026-05-06 07:00:00,N09,0.015,0.005719,4.74,3.0485,0.004149,36.6,23.764808,86.414856
2026-05-06 08:00:00,N09,-0.0044,0.007596,2.0,3.0522,0.003952,38.4,23.764808,86.414856
2026-05-06 09:00:00,N09,0.0428,0.007523,2.33,3.0564,0.004697,40.0,23.764808,86.414856
2026-05-06 10:00:00,N09,-0.0181,0.00913,6.73,3.0616,0.004798,41.2,23.764808,86.414856
2026-05-06 11:00:00,N09,-0.2255,0.006224,4.28,3.066,0.004475,41.9,23.764808,86.414856
2026-05-06 12:00:00,N09,-0.0764,0.008637,6.47,3.0706,0.004653,42.2,23.764808,86.414856
2026-05-06 13:00:00,N09,-0.4383,0.006542,1.83,3.0753,0.004689,41.9,23.764808,86.414856
2026-05-06 14:00:00,N09,,,,,,,23.764808,86.414856
2026-05-06 15:00:00,N09,,,,,,,23.764808,86.414856
2026-05-06 16:00:00,N09,,,,,,,23.764808,86.414856
2026-05-06 17:00:00,N09,,,,,,,23.764808,86.414856
2026-05-06 18:00:00,N09,-0.1219,0.973328,17.48,3.107,0.00899,34.7,23.764808,86.414856
2026-05-06 19:00:00,N09,-0.0219,0.006226,1.33,3.102,0.000593,32.7,23.764808,86.414856
2026-05-06 20:00:00,N09,-0.1068,0.008578,4.19,3.1059,0.003797,30.9,23.764808,86.414856
2026-05-06 21:00:00,N09,-0.1196,0.005332,3.07,3.1096,0.004382,29.4,23.764808,86.414856
2026-05-06 22:00:00,N09,-0.129,0.007377,6.78,3.1146,0.004528,28.2,23.764808,86.414856
2026-05-06 23:00:00,N09,-0.1108,0.005106,4.66,3.1187,0.004596,27.4,23.764808,86.414856
2026-05-07 00:00:00,N09,0.0784,0.005159,6.3,3.1238,0.004738,26.1,23.764808,86.414856
2026-05-07 01:00:00,N09,-0.1324,0.00789,1.65,3.1282,0.004574,26.3,23.764808,86.414856
2026-05-07 02:00:00,N09,,,,,,,23.764808,86.414856
2026-05-07 03:00:00,N09,,,,,,,23.764808,86.414856
2026-05-07 04:00:00,N09,,,,,,,23.764808,86.414856
2026-05-07 05:00:00,N09,,,,,,,23.764808,86.414856
2026-05-07 06:00:00,N09,0.0571,0.005137,8.81,3.1506,0.00435,33.6,23.764808,86.414856
2026-05-07 07:00:00,N09,0.0437,0.005489,6.76,3.1549,0.004314,35.5,23.764808,86.414856
2026-05-07 08:00:00,N09,0.2066,0.00529,5.46,3.1593,0.004374,37.3,23.764808,86.414856
2026-05-07 09:00:00,N09,0.2809,0.007414,6.5,3.1637,0.004148,38.9,23.764808,86.414856
2026-05-07 10:00:00,N09,-0.0873,0.007682,4.66,3.1676,0.004338,40.1,23.764808,86.414856
2026-05-07 11:00:00,N09,0.1699,0.005093,7.46,3.1724,0.004548,40.8,23.764808,86.414856
2026-05-07 12:00:00,N09,0.0658,0.005424,8.8,3.1767,0.009194,41.1,23.764808,86.414856
2026-05-07 13:00:00,N09,0.3266,0.670917,20.41,3.1908,0.004139,40.8,23.764808,86.414856
2026-05-07 14:00:00,N09,-0.0834,0.006212,4.72,3.1849,0.000245,40.1,23.764808,86.414856
2026-05-07 15:00:00,N09,-0.0728,0.008939,9.09,3.1903,0.005114,38.9,23.764808,86.414856
2026-05-07 16:00:00,N09,-0.0023,0.006571,3.53,3.1952,0.004662,37.3,23.764808,86.414856
2026-05-07 17:00:00,N09,-0.1752,0.005459,7.21,3.1996,0.004664,35.5,23.764808,86.414856
2026-05-07 18:00:00,N09,0.1973,0.005723,5.17,3.2045,0.004849,33.6,23.764808,86.414856
2026-05-07 19:00:00,N09,,,,,,,23.764808,86.414856
2026-05-07 20:00:00,N09,,,,,,,23.764808,86.414856
2026-05-07 21:00:00,N09,,,,,,,23.764808,86.414856
2026-05-07 22:00:00,N09,,,,,,,23.764808,86.414856
2026-05-07 23:00:00,N09,0.2221,0.005833,8.55,3.227,0.004547,26.3,23.764808,86.414856
2026-05-08 00:00:00,N09,0.0572,0.007134,4.59,3.2313,0.004327,28.0,23.764808,86.414856
2026-05-08 01:00:00,N09,-0.1645,0.006863,9.87,3.2356,0.004638,28.3,23.764808,86.414856
2026-05-08 02:00:00,N09,0.0,0.006304,9.18,3.2405,0.004789,29.0,23.764808,86.414856
2026-05-08 03:00:00,N09,0.087,0.005826,3.4,3.2452,0.004046,30.2,23.764808,86.414856
2026-05-08 04:00:00,N09,-0.3536,0.006447,6.24,3.2486,0.004323,31.8,23.764808,86.414856
2026-05-08 05:00:00,N09,-0.2348,0.006385,1.43,3.2538,0.004965,33.6,23.764808,86.414856
2026-05-08 06:00:00,N09,-0.0445,0.006805,9.41,3.2586,0.004202,35.5,23.764808,86.414856
2026-05-08 07:00:00,N09,0.0568,0.005366,2.55,3.2622,0.004115,37.4,23.764808,86.414856
2026-05-08 08:00:00,N09,,,,,,,23.764808,86.414856
2026-05-08 09:00:00,N09,,,,,,,23.764808,86.414856
2026-05-08 10:00:00,N09,,,,,,,23.764808,86.414856
2026-05-08 11:00:00,N09,-0.0349,0.008098,6.31,3.2805,0.004316,42.8,23.764808,86.414856
2026-05-08 12:00:00,N09,0.0587,0.007226,4.2,3.2855,0.004608,43.0,23.764808,86.414856
2026-05-08 13:00:00,N09,0.0249,0.0067,3.31,3.2897,0.00632,42.8,23.764808,86.414856
2026-05-08 14:00:00,N09,-0.0454,0.629019,29.19,3.2981,0.003833,42.0,23.764808,86.414856
2026-05-08 15:00:00,N09,0.2108,0.006552,7.81,3.2973,0.001605,40.8,23.764808,86.414856
2026-05-08 16:00:00,N09,0.1319,0.005628,4.3,3.3013,0.003959,39.3,23.764808,86.414856
2026-05-08 17:00:00,N09,-0.1528,0.007847,4.17,3.3053,0.003643,37.4,23.764808,86.414856
2026-05-08 18:00:00,N09,-0.007,0.005976,5.68,3.3086,0.004088,35.5,23.764808,86.414856
2026-05-08 19:00:00,N09,-0.0841,0.005422,4.82,3.3134,0.004839,33.6,23.764808,86.414856
2026-05-08 20:00:00,N09,-0.0403,0.007047,9.87,3.3183,0.005071,31.8,23.764808,86.414856
2026-05-08 21:00:00,N09,-0.0621,0.007,5.16,3.3236,0.004714,30.2,23.764808,86.414856
2026-05-08 22:00:00,N09,0.146,0.008284,7.13,3.3277,0.004401,29.0,23.764808,86.414856
2026-05-08 23:00:00,N09,0.0317,0.007308,3.08,3.3324,0.004136,28.3,23.764808,86.414856
2026-05-09 00:00:00,N09,0.0007,0.007271,2.53,3.336,0.004352,25.2,23.764808,86.414856
2026-05-09 01:00:00,N09,-0.0994,0.005477,7.88,3.3411,0.00477,25.4,23.764808,86.414856
2026-05-09 02:00:00,N09,-0.1832,0.005544,5.95,3.3455,0.003996,26.2,23.764808,86.414856
2026-05-09 03:00:00,N09,-0.0378,0.007447,8.86,3.3491,0.004007,27.4,23.764808,86.414856
2026-05-09 04:00:00,N09,-0.0579,0.005741,2.66,3.3536,0.004353,28.9,23.764808,86.414856
2026-05-09 05:00:00,N09,0.0476,0.006257,4.47,3.3578,0.004269,30.7,23.764808,86.414856
2026-05-09 06:00:00,N09,,,,,,,23.764808,86.414856
2026-05-09 07:00:00,N09,-0.0589,0.009831,6.44,3.3671,0.0044,34.6,23.764808,86.414856
2026-05-09 08:00:00,N09,0.0233,0.005231,1.65,3.3709,0.00386,36.4,23.764808,86.414856
2026-05-09 09:00:00,N09,-0.0877,0.007649,7.4,3.3748,0.004224,38.0,23.764808,86.414856
2026-05-09 10:00:00,N09,-0.1484,0.007189,8.2,3.3793,0.001219,39.2,23.764808,86.414856
2026-05-09 11:00:00,N09,0.106,0.747427,41.85,3.3772,0.000731,39.9,23.764808,86.414856
2026-05-09 12:00:00,N09,,,,,,,23.764808,86.414856
2026-05-09 13:00:00,N09,,,,,,,23.764808,86.414856
2026-05-09 14:00:00,N09,,,,,,,23.764808,86.414856
2026-05-09 15:00:00,N09,0.0757,0.005121,9.97,3.399,0.00388,38.0,23.764808,86.414856
2026-05-09 16:00:00,N09,-0.0009,0.006219,4.36,3.4032,0.004885,36.4,23.764808,86.414856
2026-05-09 17:00:00,N09,-0.1627,0.005629,4.13,3.4087,0.004829,34.6,23.764808,86.414856
2026-05-09 18:00:00,N09,0.1213,0.005053,9.46,3.4129,0.00412,32.7,23.764808,86.414856
2026-05-09 19:00:00,N09,-0.201,0.005805,7.98,3.417,0.004288,30.7,23.764808,86.414856
2026-05-09 20:00:00,N09,-0.0467,0.007562,5.08,3.4215,0.004109,28.9,23.764808,86.414856
2026-05-09 21:00:00,N09,-0.0774,0.005575,7.34,3.4252,0.004096,27.4,23.764808,86.414856
2026-05-09 22:00:00,N09,0.1422,0.005397,8.29,3.4297,0.004315,26.2,23.764808,86.414856
2026-05-09 23:00:00,N09,-0.3627,0.006492,8.74,3.4338,0.003974,25.4,23.764808,86.414856
2026-05-10 00:00:00,N09,-0.2735,0.005641,6.57,3.4376,0.003542,22.6,23.764808,86.414856
2026-05-10 01:00:00,N09,-0.084,0.005086,2.16,3.4409,0.003627,22.8,23.764808,86.414856
2026-05-10 02:00:00,N09,-0.0106,0.006697,4.41,3.4449,0.003796,23.6,23.764808,86.414856
2026-05-10 03:00:00,N09,-0.0107,0.005125,1.09,3.4485,0.00401,24.8,23.764808,86.414856
2026-05-10 04:00:00,N09,,,,,,,23.764808,86.414856
2026-05-10 05:00:00,N09,0.1152,0.007408,5.15,3.4571,0.004597,28.1,23.764808,86.414856
2026-05-10 06:00:00,N09,-0.3746,0.007376,8.41,3.4621,0.004471,30.1,23.764808,86.414856
2026-05-10 07:00:00,N09,,,,,,,23.764808,86.414856
2026-05-10 08:00:00,N09,,,,,,,23.764808,86.414856
2026-05-10 09:00:00,N09,-0.1535,0.005575,9.42,3.475,0.007365,35.4,23.764808,86.414856
2026-05-10 10:00:00,N09,,,,,,,23.764808,86.414856
2026-05-10 11:00:00,N09,,,,,,,23.764808,86.414856
2026-05-10 12:00:00,N09,-0.0923,0.007801,8.75,3.4862,0.012619,37.6,23.764808,86.414856
2026-05-10 13:00:00,N09,,,,,,,23.764808,86.414856
2026-05-10 14:00:00,N09,,,,,,,23.764808,86.414856
2026-05-10 15:00:00,N09,,,,,,,23.764808,86.414856
2026-05-10 16:00:00,N09,-0.2744,0.007119,9.22,3.5027,0.004137,33.8,23.764808,86.414856
2026-05-10 17:00:00,N09,0.0765,0.006332,8.73,3.507,0.004256,32.0,23.764808,86.414856
2026-05-10 18:00:00,N09,-0.3071,0.005334,4.77,3.5112,0.003823,30.1,23.764808,86.414856
2026-05-10 19:00:00,N09,,,,,,,23.764808,86.414856
2026-05-10 20:00:00,N09,,,,,,,23.764808,86.414856
2026-05-10 21:00:00,N09,,,,,,,23.764808,86.414856
2026-05-10 22:00:00,N09,-0.0501,0.005521,5.08,3.5269,0.004807,23.6,23.764808,86.414856
2026-05-10 23:00:00,N09,-0.0471,0.005783,2.32,3.5322,0.004813,22.8,23.764808,86.414856
2026-05-11 00:00:00,N09,-0.1827,0.006467,5.27,3.5365,0.004217,24.1,23.764808,86.414856
2026-05-11 01:00:00,N09,-0.0425,0.005468,7.44,3.5406,0.004586,24.3,23.764808,86.414856
2026-05-11 02:00:00,N09,-0.1891,0.006866,4.39,3.5457,0.004664,25.1,23.764808,86.414856
2026-05-11 03:00:00,N09,,,,,,,23.764808,86.414856
2026-05-11 04:00:00,N09,,,,,,,23.764808,86.414856
2026-05-11 05:00:00,N09,0.1598,0.00759,7.1,3.558,0.003869,29.6,23.764808,86.414856
2026-05-11 06:00:00,N09,-0.0665,0.009428,3.97,3.5617,0.004551,31.6,23.764808,86.414856
2026-05-11 07:00:00,N09,-0.0481,0.007925,2.05,3.5671,0.004558,33.5,23.764808,86.414856
2026-05-11 08:00:00,N09,0.179,0.005271,3.79,3.5708,0.003659,35.3,23.764808,86.414856
2026-05-11 09:00:00,N09,,,,,,,23.764808,86.414856
2026-05-11 10:00:00,N09,0.0084,0.908076,46.3,3.5633,0.011777,38.1,23.764808,86.414856
2026-05-11 11:00:00,N09,-0.2035,0.00521,5.82,3.5833,0.01203,38.8,23.764808,86.414856
2026-05-11 12:00:00,N09,0.1134,0.00531,8.79,3.5874,0.003856,39.1,23.764808,86.414856
2026-05-11 13:00:00,N09,,,,,,,23.764808,86.414856
2026-05-11 14:00:00,N09,,,,,,,23.764808,86.414856
2026-05-11 15:00:00,N09,,,,,,,23.764808,86.414856
2026-05-11 16:00:00,N09,,,,,,,23.764808,86.414856
2026-05-11 17:00:00,N09,,,,,,,23.764808,86.414856
2026-05-11 18:00:00,N09,-0.2671,0.005046,3.0,3.6116,0.003784,31.6,23.764808,86.414856
2026-05-11 19:00:00,N09,-0.206,0.005423,9.56,3.6154,0.004038,29.6,23.764808,86.414856
2026-05-11 20:00:00,N09,-0.3488,0.005022,4.18,3.6196,0.003723,27.8,23.764808,86.414856
2026-05-11 21:00:00,N09,-0.2146,0.009196,2.82,3.6228,0.003086,26.3,23.764808,86.414856
2026-05-11 22:00:00,N09,0.1566,0.005881,4.58,3.6258,0.003557,25.1,23.764808,86.414856
2026-05-11 23:00:00,N09,0.0796,0.006216,7.21,3.6299,0.004095,24.3,23.764808,86.414856
2026-05-12 00:00:00,N09,-0.219,0.005549,3.63,3.634,0.004113,23.5,23.764808,86.414856
2026-05-12 01:00:00,N09,-0.2289,0.008562,2.7,3.6382,0.004221,23.8,23.764808,86.414856
2026-05-12 02:00:00,N09,-0.1111,0.008049,6.91,3.6424,0.003954,24.5,23.764808,86.414856
2026-05-12 03:00:00,N09,-0.0793,0.00569,4.12,3.6461,0.004221,25.7,23.764808,86.414856
2026-05-12 04:00:00,N09,-0.2689,0.008168,2.63,3.6509,0.004368,27.3,23.764808,86.414856
2026-05-12 05:00:00,N09,-0.1004,0.005476,2.83,3.6548,0.003705,29.1,23.764808,86.414856
2026-05-12 06:00:00,N09,-0.249,0.005645,4.75,3.6583,0.003658,31.0,23.764808,86.414856
2026-05-12 07:00:00,N09,-0.0069,0.010663,8.98,3.6621,0.004061,33.0,23.764808,86.414856
2026-05-12 08:00:00,N09,0.0614,0.010429,4.04,3.6664,0.00439,34.8,23.764808,86.414856
2026-05-12 09:00:00,N09,0.0191,0.005915,2.32,3.6709,0.004147,36.3,23.764808,86.414856
2026-05-12 10:00:00,N09,-0.2721,0.006065,1.36,3.6747,0.004059,37.5,23.764808,86.414856
2026-05-12 11:00:00,N09,-0.3153,0.005314,6.9,3.679,0.00408,38.3,23.764808,86.414856
2026-05-12 12:00:00,N09,-0.1653,0.005725,1.83,3.6829,0.009561,38.5,23.764808,86.414856
2026-05-12 13:00:00,N09,-0.3154,0.670171,24.5,3.6981,0.004182,38.3,23.764808,86.414856
2026-05-12 14:00:00,N09,-0.0141,0.007092,7.57,3.6912,0.001788,37.5,23.764808,86.414856
2026-05-12 15:00:00,N09,0.0486,0.005585,5.82,3.6946,0.003751,36.3,23.764808,86.414856
2026-05-12 16:00:00,N09,-0.2524,0.00679,3.83,3.6987,0.004,34.8,23.764808,86.414856
2026-05-12 17:00:00,N09,,,,,,,23.764808,86.414856
2026-05-12 18:00:00,N09,,,,,,,23.764808,86.414856
2026-05-12 19:00:00,N09,0.0037,0.005432,6.26,3.71,0.003391,29.1,23.764808,86.414856
2026-05-12 20:00:00,N09,0.063,0.008173,1.25,3.7138,0.003824,27.3,23.764808,86.414856
2026-05-12 21:00:00,N09,0.1355,0.006278,9.24,3.7177,0.003928,25.7,23.764808,86.414856
2026-05-12 22:00:00,N09,-0.2329,0.006526,9.64,3.7216,0.003544,24.5,23.764808,86.414856
2026-05-12 23:00:00,N09,-0.0593,0.007409,1.26,3.7248,0.003242,23.8,23.764808,86.414856
2026-05-13 00:00:00,N09,-0.2362,0.005031,5.58,3.7281,0.003185,24.9,23.764808,86.414856
2026-05-13 01:00:00,N09,-0.276,0.005718,5.88,3.7312,0.003718,25.2,23.764808,86.414856
2026-05-13 02:00:00,N09,-0.2251,0.008365,6.58,3.7355,0.004256,25.9,23.764808,86.414856
2026-05-13 03:00:00,N09,-0.1212,0.005742,6.06,3.7397,0.003931,27.1,23.764808,86.414856
2026-05-13 04:00:00,N09,-0.0262,0.00663,8.24,3.7434,0.004234,28.6,23.764808,86.414856
2026-05-13 05:00:00,N09,-0.1558,0.005628,3.92,3.7481,0.004633,30.5,23.764808,86.414856
2026-05-13 06:00:00,N09,-0.0269,0.00808,1.03,3.7527,0.004314,32.4,23.764808,86.414856
2026-05-13 07:00:00,N09,0.1389,0.006247,1.47,3.7568,0.004044,34.3,23.764808,86.414856
2026-05-13 08:00:00,N09,-0.0884,0.008166,8.45,3.7608,0.004056,36.1,23.764808,86.414856
2026-05-13 09:00:00,N09,0.022,0.006193,1.67,3.7649,0.003971,37.7,23.764808,86.414856
2026-05-13 10:00:00,N09,0.1879,0.005091,5.93,3.7687,0.011488,38.9,23.764808,86.414856
2026-05-13 11:00:00,N09,,,,,,,23.764808,86.414856
2026-05-13 12:00:00,N09,,,,,,,23.764808,86.414856
2026-05-13 13:00:00,N09,,,,,,,23.764808,86.414856
2026-05-13 14:00:00,N09,,,,,,,23.764808,86.414856
2026-05-13 15:00:00,N09,,,,,,,23.764808,86.414856
2026-05-13 16:00:00,N09,-0.1054,0.008746,6.47,3.7925,0.003927,36.1,23.764808,86.414856
2026-05-13 17:00:00,N09,0.1393,0.005316,1.05,3.7961,0.004132,34.3,23.764808,86.414856
2026-05-13 18:00:00,N09,0.093,0.005222,7.45,3.8008,0.00432,32.4,23.764808,86.414856
2026-05-13 19:00:00,N09,-0.0936,0.006349,3.94,3.8048,0.003977,30.5,23.764808,86.414856
2026-05-13 20:00:00,N09,-0.1252,0.005967,1.05,3.8087,0.003671,28.6,23.764808,86.414856
2026-05-13 21:00:00,N09,0.3161,0.007948,7.33,3.8121,0.003787,27.1,23.764808,86.414856
2026-05-13 22:00:00,N09,,,,,,,23.764808,86.414856
2026-05-13 23:00:00,N09,,,,,,,23.764808,86.414856
2026-05-14 00:00:00,N09,,,,,,,23.764808,86.414856
2026-05-14 01:00:00,N09,0.0247,0.008634,7.68,3.8275,0.00408,23.8,23.764808,86.414856
2026-05-14 02:00:00,N09,-0.2578,0.008472,6.25,3.8319,0.004331,24.6,23.764808,86.414856
2026-05-14 03:00:00,N09,-0.1856,0.005134,4.08,3.8362,0.004182,25.8,23.764808,86.414856
2026-05-14 04:00:00,N09,,,,,,,23.764808,86.414856
2026-05-14 05:00:00,N09,-0.1685,0.006077,1.73,3.8439,0.003549,29.1,23.764808,86.414856
2026-05-14 06:00:00,N09,-0.0232,0.006428,8.89,3.8474,0.003709,31.1,23.764808,86.414856
2026-05-14 07:00:00,N09,-0.2065,0.007723,9.97,3.8513,0.003861,33.0,23.764808,86.414856
2026-05-14 08:00:00,N09,-0.0642,0.006846,5.35,3.8551,0.003926,34.8,23.764808,86.414856
2026-05-14 09:00:00,N09,,,,,,,23.764808,86.414856
2026-05-14 10:00:00,N09,-0.1821,0.005596,7.63,3.8631,0.004151,37.6,23.764808,86.414856
2026-05-14 11:00:00,N09,0.0534,0.006775,4.04,3.8675,0.003799,38.3,23.764808,86.414856
2026-05-14 12:00:00,N09,-0.0909,0.007362,9.89,3.8707,0.003594,38.6,23.764808,86.414856
2026-05-14 13:00:00,N09,-0.2013,0.006011,4.95,3.8747,0.004321,38.3,23.764808,86.414856
2026-05-14 14:00:00,N09,-0.248,0.007635,4.4,3.8794,0.004077,37.6,23.764808,86.414856
2026-05-14 15:00:00,N09,-0.0668,0.007058,2.95,3.8828,0.001695,36.4,23.764808,86.414856
2026-05-14 16:00:00,N09,-0.027,0.538149,29.53,3.876,0.003835,34.8,23.764808,86.414856
2026-05-14 17:00:00,N09,0.0221,0.006332,1.3,3.8905,0.009057,33.0,23.764808,86.414856
2026-05-14 18:00:00,N09,0.199,0.006942,3.64,3.8941,0.003992,31.1,23.764808,86.414856
2026-05-14 19:00:00,N09,,,,,,,23.764808,86.414856
2026-05-14 20:00:00,N09,,,,,,,23.764808,86.414856
2026-05-14 21:00:00,N09,,,,,,,23.764808,86.414856
2026-05-14 22:00:00,N09,,,,,,,23.764808,86.414856
2026-05-14 23:00:00,N09,,,,,,,23.764808,86.414856
2026-05-15 00:00:00,N09,0.0132,0.009684,8.54,3.9176,0.003411,28.8,23.764808,86.414856
2026-05-15 01:00:00,N09,-0.065,0.006513,9.38,3.9212,0.003556,29.0,23.764808,86.414856
2026-05-15 02:00:00,N09,-0.1951,0.008177,5.0,3.9247,0.003817,29.8,23.764808,86.414856
2026-05-15 03:00:00,N09,,,,,,,23.764808,86.414856
2026-05-15 04:00:00,N09,,,,,,,23.764808,86.414856
2026-05-15 05:00:00,N09,,,,,,,23.764808,86.414856
2026-05-15 06:00:00,N09,,,,,,,23.764808,86.414856
2026-05-15 07:00:00,N09,-0.1213,0.615612,15.88,3.9667,0.008879,38.2,23.764808,86.414856
2026-05-15 08:00:00,N09,,,,,,,23.764808,86.414856
2026-05-15 09:00:00,N09,,,,,,,23.764808,86.414856
2026-05-15 10:00:00,N09,,,,,,,23.764808,86.414856
2026-05-15 11:00:00,N09,,,,,,,23.764808,86.414856
2026-05-15 12:00:00,N09,,,,,,,23.764808,86.414856
2026-05-15 13:00:00,N09,-0.0129,0.00819,8.32,3.9664,0.003516,43.5,23.764808,86.414856
2026-05-15 14:00:00,N09,-0.2254,0.006795,9.93,3.97,0.003608,42.8,23.764808,86.414856
2026-05-15 15:00:00,N09,0.0201,0.007985,5.56,3.9736,0.004201,41.6,23.764808,86.414856
2026-05-15 16:00:00,N09,-0.1201,0.005273,1.67,3.9784,0.003968,40.0,23.764808,86.414856
2026-05-15 17:00:00,N09,0.1862,0.006514,8.82,3.9816,0.00341,38.2,23.764808,86.414856
2026-05-15 18:00:00,N09,0.0767,0.005513,3.89,3.9853,0.004122,36.3,23.764808,86.414856
2026-05-15 19:00:00,N09,-0.2497,0.006728,6.37,3.9898,0.003715,34.3,23.764808,86.414856
2026-05-15 20:00:00,N09,-0.0393,0.009456,5.22,3.9927,0.003376,32.5,23.764808,86.414856
2026-05-15 21:00:00,N09,-0.4573,0.006597,9.73,3.9966,0.003843,31.0,23.764808,86.414856
2026-05-15 22:00:00,N09,-0.1044,0.006517,4.53,4.0004,0.004344,29.8,23.764808,86.414856
2026-05-15 23:00:00,N09,-0.2948,0.006383,9.45,4.0053,0.003984,29.0,23.764808,86.414856
2026-05-16 00:00:00,N09,0.0637,0.006339,4.36,4.0083,0.003542,24.5,23.764808,86.414856
2026-05-16 01:00:00,N09,-0.3462,0.006359,6.4,4.0123,0.003574,24.7,23.764808,86.414856
2026-05-16 02:00:00,N09,-0.0751,0.008878,7.66,4.0155,0.003373,25.5,23.764808,86.414856
2026-05-16 03:00:00,N09,-0.0726,0.008353,6.03,4.0191,0.004003,26.7,23.764808,86.414856
2026-05-16 04:00:00,N09,,,,,,,23.764808,86.414856
2026-05-16 05:00:00,N09,,,,,,,23.764808,86.414856
2026-05-16 06:00:00,N09,,,,,,,23.764808,86.414856
2026-05-16 07:00:00,N09,,,,,,,23.764808,86.414856
2026-05-16 08:00:00,N09,,,,,,,23.764808,86.414856
2026-05-16 09:00:00,N09,-0.101,0.007229,2.26,4.0415,0.003417,37.3,23.764808,86.414856
2026-05-16 10:00:00,N09,,,,,,,23.764808,86.414856
2026-05-16 11:00:00,N09,,,,,,,23.764808,86.414856
2026-05-16 12:00:00,N09,,,,,,,23.764808,86.414856
2026-05-16 13:00:00,N09,,,,,,,23.764808,86.414856
2026-05-16 14:00:00,N09,,,,,,,23.764808,86.414856
2026-05-16 15:00:00,N09,-0.1064,0.006922,4.82,4.0614,0.002786,37.3,23.764808,86.414856
2026-05-16 16:00:00,N09,0.1106,0.006577,2.54,4.0646,0.003322,35.7,23.764808,86.414856
2026-05-16 17:00:00,N09,-0.1849,0.005095,5.4,4.0681,0.00404,33.9,23.764808,86.414856
2026-05-16 18:00:00,N09,-0.2082,0.008118,7.74,4.0727,0.003936,32.0,23.764808,86.414856
2026-05-16 19:00:00,N09,0.2493,0.00509,8.97,4.076,0.003122,30.0,23.764808,86.414856
2026-05-16 20:00:00,N09,-0.0607,0.005457,7.88,4.0789,0.00361,28.2,23.764808,86.414856
2026-05-16 21:00:00,N09,-0.0199,0.008658,5.66,4.0832,0.003605,26.7,23.764808,86.414856
2026-05-16 22:00:00,N09,-0.2647,0.00653,4.98,4.0861,0.003411,25.5,23.764808,86.414856
2026-05-16 23:00:00,N09,0.2166,0.005985,5.09,4.09,0.003828,24.7,23.764808,86.414856
2026-05-17 00:00:00,N09,0.0421,0.007141,4.5,4.0938,0.003816,26.8,23.764808,86.414856
2026-05-17 01:00:00,N09,-0.0149,0.006614,7.89,4.0976,0.003552,27.0,23.764808,86.414856
2026-05-17 02:00:00,N09,0.0703,0.006891,4.75,4.1009,0.00341,27.8,23.764808,86.414856
2026-05-17 03:00:00,N09,-0.3207,0.005851,8.39,4.1044,0.00403,29.0,23.764808,86.414856
2026-05-17 04:00:00,N09,-0.1518,0.00715,3.89,4.1089,0.004083,30.5,23.764808,86.414856
2026-05-17 05:00:00,N09,-0.0159,0.0092,3.22,4.1126,0.003585,32.4,23.764808,86.414856
2026-05-17 06:00:00,N09,0.0058,0.007348,4.99,4.1161,0.003781,34.3,23.764808,86.414856
2026-05-17 07:00:00,N09,0.0788,0.007549,5.68,4.1202,0.003903,36.2,23.764808,86.414856
2026-05-17 08:00:00,N09,-0.1825,0.006656,5.56,4.1239,0.003665,38.0,23.764808,86.414856
2026-05-17 09:00:00,N09,-0.3121,0.006721,7.39,4.1275,0.012319,39.6,23.764808,86.414856
2026-05-17 10:00:00,N09,-0.0158,0.716636,44.21,4.1486,0.021271,40.8,23.764808,86.414856
2026-05-17 11:00:00,N09,,,,,,,23.764808,86.414856
2026-05-17 12:00:00,N09,,,,,,,23.764808,86.414856
2026-05-17 13:00:00,N09,,,,,,,23.764808,86.414856
2026-05-17 14:00:00,N09,,,,,,,23.764808,86.414856
2026-05-17 15:00:00,N09,-0.1337,0.005659,5.15,4.1492,0.002819,39.6,23.764808,86.414856
2026-05-17 16:00:00,N09,0.2955,0.006617,2.37,4.1522,0.00373,38.0,23.764808,86.414856
2026-05-17 17:00:00,N09,0.1763,0.00956,4.29,4.1567,0.004037,36.2,23.764808,86.414856
2026-05-17 18:00:00,N09,0.12,0.00893,9.28,4.1603,0.003659,34.3,23.764808,86.414856
2026-05-17 19:00:00,N09,-0.0816,0.006179,4.9,4.164,0.00417,32.4,23.764808,86.414856
2026-05-17 20:00:00,N09,-0.0644,0.005179,8.74,4.1687,0.004616,30.5,23.764808,86.414856
2026-05-17 21:00:00,N09,0.2496,0.007437,7.72,4.1732,0.004188,29.0,23.764808,86.414856
2026-05-17 22:00:00,N09,,,,,,,23.764808,86.414856
2026-05-17 23:00:00,N09,,,,,,,23.764808,86.414856
2026-05-18 00:00:00,N09,,,,,,,23.764808,86.414856
2026-05-18 01:00:00,N09,,,,,,,23.764808,86.414856
2026-05-18 02:00:00,N09,-0.1213,0.005109,9.49,4.192,0.003615,21.7,23.764808,86.414856
2026-05-18 03:00:00,N09,-0.1887,0.005553,9.85,4.1949,0.003438,22.9,23.764808,86.414856
2026-05-18 04:00:00,N09,-0.0916,0.008365,3.12,4.1989,0.003811,24.5,23.764808,86.414856
2026-05-18 05:00:00,N09,0.0283,0.00822,4.23,4.2025,0.003336,26.3,23.764808,86.414856
2026-05-18 06:00:00,N09,0.0279,0.005745,4.96,4.2056,0.00095,28.2,23.764808,86.414856
2026-05-18 07:00:00,N09,-0.0465,0.96866,40.53,4.2006,0.00052,30.2,23.764808,86.414856
2026-05-18 08:00:00,N09,0.3615,0.688643,34.8,4.2046,0.011961,32.0,23.764808,86.414856
2026-05-18 09:00:00,N09,0.2507,0.800402,24.62,4.2245,0.011521,33.5,23.764808,86.414856
2026-05-18 10:00:00,N09,-0.0185,0.910738,20.53,4.2276,0.000582,34.7,23.764808,86.414856
2026-05-18 11:00:00,N09,-0.1252,0.005882,2.62,4.2234,0.000426,35.5,23.764808,86.414856
2026-05-18 12:00:00,N09,0.0213,0.005669,6.98,4.2267,0.003304,35.7,23.764808,86.414856
2026-05-18 13:00:00,N09,0.2055,0.005041,1.95,4.23,0.003464,35.5,23.764808,86.414856
2026-05-18 14:00:00,N09,0.2522,0.007345,2.57,4.2337,0.01249,34.7,23.764808,86.414856
2026-05-18 15:00:00,N09,0.0874,0.805309,18.3,4.255,0.003673,33.5,23.764808,86.414856
2026-05-18 16:00:00,N09,0.0232,0.006922,7.97,4.241,0.005557,32.0,23.764808,86.414856
2026-05-18 17:00:00,N09,0.0036,0.00718,7.85,4.2439,0.002915,30.2,23.764808,86.414856
2026-05-18 18:00:00,N09,-0.1191,0.00534,5.86,4.2468,0.002914,28.2,23.764808,86.414856
2026-05-18 19:00:00,N09,,,,,,,23.764808,86.414856
2026-05-18 20:00:00,N09,,,,,,,23.764808,86.414856
2026-05-18 21:00:00,N09,,,,,,,23.764808,86.414856
2026-05-18 22:00:00,N09,,,,,,,23.764808,86.414856
2026-05-18 23:00:00,N09,0.1219,0.005417,4.53,4.2636,0.003433,21.0,23.764808,86.414856
2026-05-19 00:00:00,N09,0.1962,0.009267,7.92,4.2665,0.003242,24.4,23.764808,86.414856
2026-05-19 01:00:00,N09,-0.1048,0.006197,4.28,4.2701,0.003559,24.7,23.764808,86.414856
2026-05-19 02:00:00,N09,-0.0453,0.006562,8.47,4.2736,0.003682,25.4,23.764808,86.414856
2026-05-19 03:00:00,N09,-0.2647,0.007664,4.31,4.2775,0.003577,26.6,23.764808,86.414856
2026-05-19 04:00:00,N09,-0.3266,0.005593,1.49,4.2808,0.003624,28.2,23.764808,86.414856
2026-05-19 05:00:00,N09,-0.1499,0.007243,8.32,4.2847,0.004051,30.0,23.764808,86.414856
2026-05-19 06:00:00,N09,0.0609,0.00616,7.81,4.2889,0.004031,31.9,23.764808,86.414856
2026-05-19 07:00:00,N09,0.1349,0.008026,4.58,4.2928,0.003331,33.9,23.764808,86.414856
2026-05-19 08:00:00,N09,,,,,,,23.764808,86.414856
2026-05-19 09:00:00,N09,-0.1507,0.005834,9.33,4.2988,0.005245,37.2,23.764808,86.414856
2026-05-19 10:00:00,N09,0.042,0.617267,40.63,4.2851,0.005454,38.4,23.764808,86.414856
2026-05-19 11:00:00,N09,,,,,,,23.764808,86.414856
2026-05-19 12:00:00,N09,,,,,,,23.764808,86.414856
2026-05-19 13:00:00,N09,,,,,,,23.764808,86.414856
2026-05-19 14:00:00,N09,,,,,,,23.764808,86.414856
2026-05-19 15:00:00,N09,-0.1568,0.009286,5.94,4.3201,0.003287,37.2,23.764808,86.414856
2026-05-19 16:00:00,N09,0.0741,0.005023,8.17,4.3237,0.003536,35.7,23.764808,86.414856
2026-05-19 17:00:00,N09,0.0073,0.005559,4.23,4.3272,0.003365,33.9,23.764808,86.414856
2026-05-19 18:00:00,N09,0.0462,0.009435,6.18,4.3304,0.003287,31.9,23.764808,86.414856
2026-05-19 19:00:00,N09,-0.3059,0.006182,9.33,4.3338,0.003814,30.0,23.764808,86.414856
2026-05-19 20:00:00,N09,-0.0289,0.009006,3.59,4.3381,0.004329,28.2,23.764808,86.414856
2026-05-19 21:00:00,N09,0.0565,0.006732,8.27,4.3425,0.003533,26.6,23.764808,86.414856
2026-05-19 22:00:00,N09,-0.2436,0.005965,2.67,4.3451,0.003039,25.4,23.764808,86.414856
2026-05-19 23:00:00,N09,,,,,,,23.764808,86.414856
2026-05-20 00:00:00,N09,,,,,,,23.764808,86.414856
2026-05-20 01:00:00,N09,,,,,,,23.764808,86.414856
2026-05-20 02:00:00,N09,,,,,,,23.764808,86.414856
2026-05-20 03:00:00,N09,,,,,,,23.764808,86.414856
2026-05-20 04:00:00,N09,,,,,,,23.764808,86.414856
2026-05-20 05:00:00,N09,,,,,,,23.764808,86.414856
2026-05-20 06:00:00,N09,,,,,,,23.764808,86.414856
2026-05-20 07:00:00,N09,-0.0826,0.828594,42.85,4.3569,0.006531,30.2,23.764808,86.414856
2026-05-20 08:00:00,N09,-0.0651,0.826948,21.97,4.3607,0.013044,32.0,23.764808,86.414856
2026-05-20 09:00:00,N09,0.009,0.005023,8.38,4.383,0.012811,33.5,23.764808,86.414856
2026-05-20 10:00:00,N09,-0.1586,0.005645,5.8,4.3863,0.003371,34.7,23.764808,86.414856
2026-05-20 11:00:00,N09,-0.0709,0.006687,2.96,4.3897,0.003484,35.5,23.764808,86.414856
2026-05-20 12:00:00,N09,,,,,,,23.764808,86.414856
2026-05-20 13:00:00,N09,,,,,,,23.764808,86.414856
2026-05-20 14:00:00,N09,,,,,,,23.764808,86.414856
2026-05-20 15:00:00,N09,,,,,,,23.764808,86.414856
2026-05-20 16:00:00,N09,,,,,,,23.764808,86.414856
2026-05-20 17:00:00,N09,-0.2457,0.005418,6.75,4.4127,0.003336,30.2,23.764808,86.414856
2026-05-20 18:00:00,N09,,,,,,,23.764808,86.414856
2026-05-20 19:00:00,N09,,,,,,,23.764808,86.414856
2026-05-20 20:00:00,N09,,,,,,,23.764808,86.414856
2026-05-20 21:00:00,N09,0.093,0.00551,9.37,4.4235,0.003423,22.9,23.764808,86.414856
2026-05-20 22:00:00,N09,-0.069,0.005026,5.21,4.4269,0.003404,21.7,23.764808,86.414856
2026-05-20 23:00:00,N09,-0.068,0.006872,5.51,4.4303,0.002959,21.0,23.764808,86.414856
2026-05-21 00:00:00,N09,-0.068,0.00573,7.9,4.4328,0.00285,24.6,23.764808,86.414856
2026-05-21 01:00:00,N09,-0.1497,0.007176,2.18,4.436,0.00338,24.8,23.764808,86.414856
2026-05-21 02:00:00,N09,-0.0277,0.005121,4.5,4.4396,0.004111,25.6,23.764808,86.414856
2026-05-21 03:00:00,N09,-0.168,0.005586,7.6,4.4442,0.004096,26.8,23.764808,86.414856
2026-05-21 04:00:00,N09,0.0973,0.006475,2.97,4.4478,0.003341,28.3,23.764808,86.414856
2026-05-21 05:00:00,N09,-0.2027,0.008884,3.25,4.4509,0.003289,30.1,23.764808,86.414856
2026-05-21 06:00:00,N09,-0.0754,0.00569,1.27,4.4544,0.006182,32.1,23.764808,86.414856
2026-05-21 07:00:00,N09,0.0878,0.734603,41.9,4.4633,0.002907,34.0,23.764808,86.414856
2026-05-21 08:00:00,N09,0.0473,0.005512,2.01,4.4602,0.004582,35.8,23.764808,86.414856
2026-05-21 09:00:00,N09,,,,,,,23.764808,86.414856
2026-05-21 10:00:00,N09,,,,,,,23.764808,86.414856
2026-05-21 11:00:00,N09,-0.0778,0.006054,4.02,4.4711,0.003575,39.3,23.764808,86.414856
2026-05-21 12:00:00,N09,0.1671,0.006082,8.88,4.4741,0.003136,39.6,23.764808,86.414856
2026-05-21 13:00:00,N09,0.0938,0.00522,2.45,4.4773,0.003181,39.3,23.764808,86.414856
2026-05-21 14:00:00,N09,,,,,,,23.764808,86.414856
2026-05-21 15:00:00,N09,,,,,,,23.764808,86.414856
2026-05-21 16:00:00,N09,,,,,,,23.764808,86.414856
2026-05-21 17:00:00,N09,,,,,,,23.764808,86.414856
2026-05-21 18:00:00,N09,0.1138,0.008324,3.09,4.4945,0.0033,32.1,23.764808,86.414856
2026-05-21 19:00:00,N09,-0.1642,0.005879,3.9,4.4975,0.003856,30.1,23.764808,86.414856
2026-05-21 20:00:00,N09,,,,,,,23.764808,86.414856
2026-05-21 21:00:00,N09,,,,,,,23.764808,86.414856
2026-05-21 22:00:00,N09,,,,,,,23.764808,86.414856
2026-05-21 23:00:00,N09,,,,,,,23.764808,86.414856
2026-05-22 00:00:00,N09,,,,,,,23.764808,86.414856
2026-05-22 01:00:00,N09,,,,,,,23.764808,86.414856
2026-05-22 02:00:00,N09,,,,,,,23.764808,86.414856
2026-05-22 03:00:00,N09,-0.1531,0.005818,3.42,4.5232,0.002924,26.3,23.764808,86.414856
2026-05-22 04:00:00,N09,,,,,,,23.764808,86.414856
2026-05-22 05:00:00,N09,,,,,,,23.764808,86.414856
2026-05-22 06:00:00,N09,-0.2453,0.006758,1.4,4.5324,0.002999,31.7,23.764808,86.414856
2026-05-22 07:00:00,N09,-0.2688,0.005498,4.26,4.535,0.003115,33.6,23.764808,86.414856
2026-05-22 08:00:00,N09,,,,,,,23.764808,86.414856
2026-05-22 09:00:00,N09,-0.2564,0.881388,37.63,4.5368,0.000771,37.0,23.764808,86.414856
2026-05-22 10:00:00,N09,-0.2235,0.615252,37.95,4.5401,0.00615,38.1,23.764808,86.414856
2026-05-22 11:00:00,N09,0.0194,0.00529,7.11,4.5491,0.00633,38.9,23.764808,86.414856
2026-05-22 12:00:00,N09,-0.0828,0.005481,5.31,4.5528,0.003474,39.2,23.764808,86.414856
2026-05-22 13:00:00,N09,-0.2007,0.006231,7.3,4.556,0.012466,38.9,23.764808,86.414856
2026-05-22 14:00:00,N09,-0.0126,0.900424,42.91,4.5777,0.012318,38.1,23.764808,86.414856
2026-05-22 15:00:00,N09,,,,,,,23.764808,86.414856
2026-05-22 16:00:00,N09,,,,,,,23.764808,86.414856
2026-05-22 17:00:00,N09,,,,,,,23.764808,86.414856
2026-05-22 18:00:00,N09,,,,,,,23.764808,86.414856
2026-05-22 19:00:00,N09,0.1563,0.00656,1.67,4.5744,0.004133,29.7,23.764808,86.414856
2026-05-22 20:00:00,N09,0.0803,0.005138,5.72,4.5784,0.003986,27.9,23.764808,86.414856
2026-05-22 21:00:00,N09,-0.1195,0.007437,6.68,4.5823,0.00342,26.3,23.764808,86.414856
2026-05-22 22:00:00,N09,-0.2596,0.006179,7.57,4.5853,0.003442,25.2,23.764808,86.414856
2026-05-22 23:00:00,N09,,,,,,,23.764808,86.414856
2026-05-23 00:00:00,N09,0.1427,0.005166,4.81,4.5925,0.002573,24.5,23.764808,86.414856
2026-05-23 01:00:00,N09,0.1128,0.007597,7.61,4.5944,0.002032,24.8,23.764808,86.414856
2026-05-23 02:00:00,N09,-0.1347,0.005061,7.48,4.5966,0.00221,25.5,23.764808,86.414856
2026-05-23 03:00:00,N09,-0.0028,0.008583,8.58,4.5988,0.003018,26.7,23.764808,86.414856
2026-05-23 04:00:00,N09,-0.0275,0.007523,4.07,4.6026,0.003263,28.2,23.764808,86.414856
2026-05-23 05:00:00,N09,-0.0024,0.005479,2.98,4.6053,0.003236,30.1,23.764808,86.414856
2026-05-23 06:00:00,N09,-0.0523,0.005929,7.4,4.6091,0.013433,32.0,23.764808,86.414856
2026-05-23 07:00:00,N09,0.3395,0.721701,33.78,4.6322,0.01111,33.9,23.764808,86.414856
2026-05-23 08:00:00,N09,0.0818,0.52686,29.99,4.6313,0.000316,35.7,23.764808,86.414856
2026-05-23 09:00:00,N09,,,,,,,23.764808,86.414856
2026-05-23 10:00:00,N09,0.1268,0.005687,9.34,4.6201,0.004704,38.5,23.764808,86.414856
2026-05-23 11:00:00,N09,-0.0699,0.005772,5.59,4.6234,0.002989,39.2,23.764808,86.414856
2026-05-23 12:00:00,N09,,,,,,,23.764808,86.414856
2026-05-23 13:00:00,N09,0.1983,0.007883,9.53,4.63,0.003774,39.2,23.764808,86.414856
2026-05-23 14:00:00,N09,-0.0241,0.005779,6.25,4.6336,0.00318,38.5,23.764808,86.414856
2026-05-23 15:00:00,N09,-0.1119,0.008427,6.95,4.6363,0.003269,37.3,23.764808,86.414856
2026-05-23 16:00:00,N09,-0.103,0.006068,7.18,4.6402,0.003468,35.7,23.764808,86.414856
2026-05-23 17:00:00,N09,0.14,0.006529,1.17,4.6433,0.002973,33.9,23.764808,86.414856
2026-05-23 18:00:00,N09,,,,,,,23.764808,86.414856
2026-05-23 19:00:00,N09,,,,,,,23.764808,86.414856
2026-05-23 20:00:00,N09,-0.1081,0.008677,7.15,4.651,0.002808,28.2,23.764808,86.414856
2026-05-23 21:00:00,N09,0.2418,0.007974,6.22,4.6545,0.003118,26.7,23.764808,86.414856
2026-05-23 22:00:00,N09,-0.0324,0.00597,5.54,4.6572,0.003039,25.5,23.764808,86.414856
2026-05-23 23:00:00,N09,-0.1635,0.007511,4.94,4.6606,0.003146,24.8,23.764808,86.414856
2026-05-24 00:00:00,N09,-0.1177,0.005407,1.03,4.6635,0.003093,22.3,23.764808,86.414856
2026-05-24 01:00:00,N09,-0.0508,0.005093,1.69,4.6668,0.0032,22.5,23.764808,86.414856
2026-05-24 02:00:00,N09,-0.2825,0.005938,8.42,4.6699,0.003172,23.3,23.764808,86.414856
2026-05-24 03:00:00,N09,0.0101,0.006483,6.34,4.6731,0.002951,24.5,23.764808,86.414856
2026-05-24 04:00:00,N09,,,,,,,23.764808,86.414856
2026-05-24 05:00:00,N09,,,,,,,23.764808,86.414856
2026-05-24 06:00:00,N09,,,,,,,23.764808,86.414856
2026-05-24 07:00:00,N09,,,,,,,23.764808,86.414856
2026-05-24 08:00:00,N09,,,,,,,23.764808,86.414856
2026-05-24 09:00:00,N09,,,,,,,23.764808,86.414856
2026-05-24 10:00:00,N09,,,,,,,23.764808,86.414856
2026-05-24 11:00:00,N09,,,,,,,23.764808,86.414856
2026-05-24 12:00:00,N09,,,,,,,23.764808,86.414856
2026-05-24 13:00:00,N09,0.1584,0.007465,8.17,4.7025,0.003502,37.0,23.764808,86.414856
2026-05-24 14:00:00,N09,-0.0959,0.006966,9.98,4.706,0.003066,36.3,23.764808,86.414856
2026-05-24 15:00:00,N09,-0.0669,0.006845,1.13,4.7087,0.003764,35.1,23.764808,86.414856
2026-05-24 16:00:00,N09,0.1666,0.656988,32.28,4.6984,0.00306,33.5,23.764808,86.414856
2026-05-24 17:00:00,N09,,,,,,,23.764808,86.414856
2026-05-24 18:00:00,N09,,,,,,,23.764808,86.414856
2026-05-24 19:00:00,N09,,,,,,,23.764808,86.414856
2026-05-24 20:00:00,N09,,,,,,,23.764808,86.414856
2026-05-24 21:00:00,N09,-0.0854,0.005387,3.98,4.7289,0.003396,24.5,23.764808,86.414856
2026-05-24 22:00:00,N09,-0.0321,0.007888,1.41,4.7321,0.003142,23.3,23.764808,86.414856
2026-05-24 23:00:00,N09,-0.2423,0.006865,5.65,4.7352,0.003148,22.5,23.764808,86.414856
2026-05-25 00:00:00,N09,-0.4113,0.005837,2.42,4.7384,0.003078,25.7,23.764808,86.414856
2026-05-25 01:00:00,N09,-0.1205,0.009005,4.75,4.7414,0.003276,25.9,23.764808,86.414856
2026-05-25 02:00:00,N09,-0.0415,0.005857,1.63,4.745,0.00367,26.7,23.764808,86.414856
2026-05-25 03:00:00,N09,-0.1857,0.006848,3.07,4.7487,0.002926,27.9,23.764808,86.414856
2026-05-25 04:00:00,N09,-0.0068,0.005538,9.11,4.7508,0.002667,29.4,23.764808,86.414856
2026-05-25 05:00:00,N09,-0.1424,0.006915,8.27,4.754,0.003045,31.2,23.764808,86.414856
2026-05-25 06:00:00,N09,-0.0878,0.005438,9.97,4.7569,0.002624,33.2,23.764808,86.414856
2026-05-25 07:00:00,N09,-0.2643,0.00604,2.64,4.7593,0.002582,35.1,23.764808,86.414856
2026-05-25 08:00:00,N09,-0.1739,0.007102,5.73,4.7621,0.002575,36.9,23.764808,86.414856
2026-05-25 09:00:00,N09,0.1284,0.00506,1.57,4.7644,0.002781,38.5,23.764808,86.414856
2026-05-25 10:00:00,N09,-0.3498,0.00694,2.89,4.7676,0.003347,39.7,23.764808,86.414856
2026-05-25 11:00:00,N09,-0.0326,0.006021,4.37,4.7711,0.003427,40.4,23.764808,86.414856
2026-05-25 12:00:00,N09,0.0656,0.006345,9.66,4.7745,0.002953,40.7,23.764808,86.414856
2026-05-25 13:00:00,N09,-0.2762,0.009001,4.62,4.777,0.002527,40.4,23.764808,86.414856
2026-05-25 14:00:00,N09,0.2304,0.005956,5.41,4.7795,0.002362,39.7,23.764808,86.414856
2026-05-25 15:00:00,N09,,,,,,,23.764808,86.414856
2026-05-25 16:00:00,N09,-0.1234,0.007741,5.17,4.785,0.008981,36.9,23.764808,86.414856
2026-05-25 17:00:00,N09,0.0847,0.850577,26.7,4.7997,0.009046,35.1,23.764808,86.414856
2026-05-25 18:00:00,N09,,,,,,,23.764808,86.414856
2026-05-25 19:00:00,N09,,,,,,,23.764808,86.414856
2026-05-25 20:00:00,N09,-0.0913,0.006288,9.13,4.7971,0.00305,29.4,23.764808,86.414856
2026-05-25 21:00:00,N09,-0.3032,0.006417,9.96,4.7997,0.002581,27.9,23.764808,86.414856
2026-05-25 22:00:00,N09,-0.1078,0.006273,8.37,4.8023,0.00259,26.7,23.764808,86.414856
2026-05-25 23:00:00,N09,,,,,,,23.764808,86.414856
2026-05-26 00:00:00,N09,,,,,,,23.764808,86.414856
2026-05-26 01:00:00,N09,,,,,,,23.764808,86.414856
2026-05-26 02:00:00,N09,0.0066,0.008069,6.69,4.8124,0.002619,24.2,23.764808,86.414856
2026-05-26 03:00:00,N09,0.048,0.006418,1.26,4.8157,0.003174,25.4,23.764808,86.414856
2026-05-26 04:00:00,N09,,,,,,,23.764808,86.414856
2026-05-26 05:00:00,N09,,,,,,,23.764808,86.414856
2026-05-26 06:00:00,N09,,,,,,,23.764808,86.414856
2026-05-26 07:00:00,N09,,,,,,,23.764808,86.414856
2026-05-26 08:00:00,N09,,,,,,,23.764808,86.414856
2026-05-26 09:00:00,N09,-0.1225,0.007122,5.29,4.8351,0.00314,36.0,23.764808,86.414856
2026-05-26 10:00:00,N09,-0.1807,0.008055,5.33,4.8385,0.002886,37.2,23.764808,86.414856
2026-05-26 11:00:00,N09,-0.1428,0.005026,2.67,4.8409,0.003574,38.0,23.764808,86.414856
2026-05-26 12:00:00,N09,-0.1751,0.534651,30.94,4.8314,0.002938,38.2,23.764808,86.414856
2026-05-26 13:00:00,N09,-0.2201,0.007284,7.1,4.8468,0.008984,38.0,23.764808,86.414856
2026-05-26 14:00:00,N09,-0.0734,0.007705,3.95,4.8493,0.002404,37.2,23.764808,86.414856
2026-05-26 15:00:00,N09,0.1275,0.005272,7.5,4.8516,0.002355,36.0,23.764808,86.414856
2026-05-26 16:00:00,N09,,,,,,,23.764808,86.414856
2026-05-26 17:00:00,N09,,,,,,,23.764808,86.414856
2026-05-26 18:00:00,N09,,,,,,,23.764808,86.414856
2026-05-26 19:00:00,N09,,,,,,,23.764808,86.414856
2026-05-26 20:00:00,N09,,,,,,,23.764808,86.414856
2026-05-26 21:00:00,N09,-0.1937,0.005698,1.83,4.8682,0.002064,25.4,23.764808,86.414856
2026-05-26 22:00:00,N09,,,,,,,23.764808,86.414856
2026-05-26 23:00:00,N09,,,,,,,23.764808,86.414856
2026-05-27 00:00:00,N09,,,,,,,23.764808,86.414856
2026-05-27 01:00:00,N09,,,,,,,23.764808,86.414856
2026-05-27 02:00:00,N09,-0.0169,0.005604,7.5,4.8812,0.003018,30.1,23.764808,86.414856
2026-05-27 03:00:00,N09,0.0469,0.006634,3.89,4.8849,0.003456,31.3,23.764808,86.414856
2026-05-27 04:00:00,N09,-0.1967,0.005463,5.4,4.8881,0.003194,32.9,23.764808,86.414856
2026-05-27 05:00:00,N09,0.0258,0.006235,2.08,4.8913,0.011273,34.7,23.764808,86.414856
2026-05-27 06:00:00,N09,-0.0987,0.522764,31.14,4.9107,0.002981,36.6,23.764808,86.414856
2026-05-27 07:00:00,N09,-0.2139,0.005403,7.67,4.8972,0.004977,38.5,23.764808,86.414856
2026-05-27 08:00:00,N09,-0.1181,0.006786,9.7,4.9007,0.003463,40.4,23.764808,86.414856
2026-05-27 09:00:00,N09,,,,,,,23.764808,86.414856
2026-05-27 10:00:00,N09,,,,,,,23.764808,86.414856
2026-05-27 11:00:00,N09,,,,,,,23.764808,86.414856
2026-05-27 12:00:00,N09,,,,,,,23.764808,86.414856
2026-05-27 13:00:00,N09,0.0036,0.005232,3.62,4.9163,0.002709,43.9,23.764808,86.414856
2026-05-27 14:00:00,N09,0.0327,0.005369,8.18,4.9191,0.003045,43.1,23.764808,86.414856
2026-05-27 15:00:00,N09,-0.2425,0.006132,9.1,4.9224,0.002898,41.9,23.764808,86.414856
2026-05-27 16:00:00,N09,,,,,,,23.764808,86.414856
2026-05-27 17:00:00,N09,,,,,,,23.764808,86.414856
2026-05-27 18:00:00,N09,,,,,,,23.764808,86.414856
2026-05-27 19:00:00,N09,,,,,,,23.764808,86.414856
2026-05-27 20:00:00,N09,,,,,,,23.764808,86.414856
2026-05-27 21:00:00,N09,0.0265,0.005798,9.8,4.9368,0.00255,31.3,23.764808,86.414856
2026-05-27 22:00:00,N09,-0.1463,0.006856,4.42,4.9398,0.002583,30.1,23.764808,86.414856
2026-05-27 23:00:00,N09,-0.1519,0.006577,2.13,4.942,0.002369,29.4,23.764808,86.414856
2026-05-28 00:00:00,N09,0.0574,0.00503,2.51,4.9446,0.00311,28.6,23.764808,86.414856
2026-05-28 01:00:00,N09,-0.2383,0.006174,2.8,4.9482,0.003067,28.8,23.764808,86.414856
2026-05-28 02:00:00,N09,0.1013,0.007285,2.68,4.9507,0.002939,29.6,23.764808,86.414856
2026-05-28 03:00:00,N09,0.0289,0.007946,5.7,4.954,0.002901,30.7,23.764808,86.414856
2026-05-28 04:00:00,N09,0.0065,0.007711,9.53,4.9565,0.002462,32.3,23.764808,86.414856
2026-05-28 05:00:00,N09,-0.1306,0.005959,8.95,4.959,0.002719,34.1,23.764808,86.414856
2026-05-28 06:00:00,N09,0.1565,0.006275,7.59,4.9619,0.003027,36.1,23.764808,86.414856
2026-05-28 07:00:00,N09,0.0928,0.005205,4.75,4.965,0.003267,38.0,23.764808,86.414856
2026-05-28 08:00:00,N09,-0.2371,0.006515,7.39,4.9685,0.003374,39.8,23.764808,86.414856
2026-05-28 09:00:00,N09,0.1819,0.005053,4.4,4.9718,0.000198,41.4,23.764808,86.414856
2026-05-28 10:00:00,N09,,,,,,,23.764808,86.414856
2026-05-28 11:00:00,N09,,,,,,,23.764808,86.414856
2026-05-28 12:00:00,N09,,,,,,,23.764808,86.414856
2026-05-28 13:00:00,N09,,,,,,,23.764808,86.414856
2026-05-28 14:00:00,N09,-0.2584,0.008192,8.29,4.9878,0.006763,42.5,23.764808,86.414856
2026-05-28 15:00:00,N09,-0.2006,0.591421,27.29,4.9978,0.010029,41.4,23.764808,86.414856
2026-05-28 16:00:00,N09,-0.0971,0.978188,36.02,5.0079,0.006241,39.8,23.764808,86.414856
2026-05-28 17:00:00,N09,-0.0854,0.758371,17.82,5.0103,0.004667,38.0,23.764808,86.414856
2026-05-28 18:00:00,N09,-0.0878,0.006788,6.61,4.9985,0.005004,36.1,23.764808,86.414856
2026-05-28 19:00:00,N09,-0.1355,0.006545,6.57,5.0003,0.001892,34.1,23.764808,86.414856
2026-05-28 20:00:00,N09,-0.2132,0.007565,6.46,5.0023,0.00263,32.3,23.764808,86.414856
2026-05-28 21:00:00,N09,-0.1284,0.007714,9.82,5.0055,0.003399,30.7,23.764808,86.414856
2026-05-28 22:00:00,N09,-0.1131,0.005486,8.31,5.0091,0.003265,29.6,23.764808,86.414856
2026-05-28 23:00:00,N09,-0.3425,0.007195,7.07,5.0121,0.003109,28.8,23.764808,86.414856
2026-05-29 00:00:00,N09,0.1036,0.005591,7.54,5.0153,0.002652,21.2,23.764808,86.414856
2026-05-29 01:00:00,N09,0.021,0.006467,7.73,5.0174,0.002864,21.4,23.764808,86.414856
2026-05-29 02:00:00,N09,0.0545,0.005297,5.05,5.021,0.003002,22.2,23.764808,86.414856
2026-05-29 03:00:00,N09,-0.0516,0.005239,3.49,5.0234,0.002397,23.3,23.764808,86.414856
2026-05-29 04:00:00,N09,0.042,0.007971,2.83,5.0258,0.002471,24.9,23.764808,86.414856
2026-05-29 05:00:00,N09,-0.2493,0.006158,7.78,5.0283,0.002607,26.7,23.764808,86.414856
2026-05-29 06:00:00,N09,-0.2876,0.007184,2.0,5.0311,0.002379,28.7,23.764808,86.414856
2026-05-29 07:00:00,N09,0.2246,0.534946,22.84,5.0236,0.003123,30.6,23.764808,86.414856
2026-05-29 08:00:00,N09,0.0684,0.006472,5.88,5.0373,0.008184,32.4,23.764808,86.414856
2026-05-29 09:00:00,N09,-0.0343,0.005552,3.66,5.0399,0.003013,34.0,23.764808,86.414856
2026-05-29 10:00:00,N09,0.0282,0.005138,9.75,5.0433,0.003126,35.1,23.764808,86.414856
2026-05-29 11:00:00,N09,0.1274,0.009387,9.72,5.0462,0.002913,35.9,23.764808,86.414856
2026-05-29 12:00:00,N09,-0.1726,0.006576,9.01,5.0492,0.002658,36.2,23.764808,86.414856
2026-05-29 13:00:00,N09,,,,,,,23.764808,86.414856
2026-05-29 14:00:00,N09,-0.0399,0.00624,4.76,5.0543,0.002346,35.1,23.764808,86.414856
2026-05-29 15:00:00,N09,-0.2589,0.007389,3.49,5.0562,0.002556,34.0,23.764808,86.414856
2026-05-29 16:00:00,N09,-0.272,0.005783,8.91,5.0594,0.01161,32.4,23.764808,86.414856
2026-05-29 17:00:00,N09,-0.2543,0.644228,29.78,5.0794,0.002981,30.6,23.764808,86.414856
2026-05-29 18:00:00,N09,-0.08,0.006685,4.29,5.0654,0.004887,28.7,23.764808,86.414856
2026-05-29 19:00:00,N09,,,,,,,23.764808,86.414856
2026-05-29 20:00:00,N09,,,,,,,23.764808,86.414856
2026-05-29 21:00:00,N09,,,,,,,23.764808,86.414856
2026-05-29 22:00:00,N09,-0.0165,0.009936,4.6,5.0796,0.003075,22.2,23.764808,86.414856
2026-05-29 23:00:00,N09,-0.0211,0.005095,2.16,5.0825,0.002542,21.4,23.764808,86.414856
2026-05-30 00:00:00,N09,0.0917,0.005787,2.27,5.0847,0.001866,29.0,23.764808,86.414856
2026-05-30 01:00:00,N09,-0.0437,0.006006,4.11,5.0862,0.002328,29.2,23.764808,86.414856
2026-05-30 02:00:00,N09,,,,,,,23.764808,86.414856
2026-05-30 03:00:00,N09,,,,,,,23.764808,86.414856
2026-05-30 04:00:00,N09,,,,,,,23.764808,86.414856
2026-05-30 05:00:00,N09,,,,,,,23.764808,86.414856
2026-05-30 06:00:00,N09,,,,,,,23.764808,86.414856
2026-05-30 07:00:00,N09,-0.0643,0.005545,1.33,5.1034,0.007024,38.4,23.764808,86.414856
2026-05-30 08:00:00,N09,0.0322,0.572195,40.58,5.0871,0.002914,40.2,23.764808,86.414856
2026-05-30 09:00:00,N09,-0.2175,0.00603,8.45,5.1092,0.013004,41.8,23.764808,86.414856
2026-05-30 10:00:00,N09,-0.0861,0.005994,7.64,5.1131,0.003267,43.0,23.764808,86.414856
2026-05-30 11:00:00,N09,0.2952,0.005571,1.59,5.1157,0.002534,43.7,23.764808,86.414856
2026-05-30 12:00:00,N09,0.1613,0.005941,8.99,5.1182,0.002366,44.0,23.764808,86.414856
2026-05-30 13:00:00,N09,-0.087,0.005154,3.47,5.1205,0.002629,43.7,23.764808,86.414856
2026-05-30 14:00:00,N09,-0.2294,0.008037,6.51,5.1234,6e-06,43.0,23.764808,86.414856
2026-05-30 15:00:00,N09,,,,,,,23.764808,86.414856
2026-05-30 16:00:00,N09,,,,,,,23.764808,86.414856
2026-05-30 17:00:00,N09,,,,,,,23.764808,86.414856
2026-05-30 18:00:00,N09,,,,,,,23.764808,86.414856
2026-05-30 19:00:00,N09,-0.2803,0.005126,9.34,5.1369,0.003348,34.5,23.764808,86.414856
2026-05-30 20:00:00,N09,0.2901,0.00724,4.97,5.1405,0.00321,32.7,23.764808,86.414856
2026-05-30 21:00:00,N09,0.1914,0.005055,7.48,5.1433,0.00295,31.2,23.764808,86.414856
2026-05-30 22:00:00,N09,-0.1742,0.005896,8.84,5.1464,0.002644,30.0,23.764808,86.414856
2026-05-30 23:00:00,N09,-0.298,0.008567,6.57,5.1486,0.002488,29.2,23.764808,86.414856
2026-05-31 00:00:00,N09,0.0758,0.007864,6.58,5.1513,0.002772,22.9,23.764808,86.414856
2026-05-31 01:00:00,N09,-0.0848,0.005752,4.19,5.1542,0.002622,23.2,23.764808,86.414856
2026-05-31 02:00:00,N09,-0.1028,0.007694,6.32,5.1566,0.00265,23.9,23.764808,86.414856
2026-05-31 03:00:00,N09,-0.0256,0.007645,3.47,5.1595,0.002483,25.1,23.764808,86.414856
2026-05-31 04:00:00,N09,-0.0987,0.009184,8.44,5.1615,0.002696,26.7,23.764808,86.414856
2026-05-31 05:00:00,N09,-0.3575,0.008189,8.26,5.1649,0.003204,28.5,23.764808,86.414856
2026-05-31 06:00:00,N09,-0.0861,0.005284,7.4,5.168,0.012794,30.4,23.764808,86.414856
2026-05-31 07:00:00,N09,0.1829,0.700028,33.91,5.1905,0.012865,32.3,23.764808,86.414856
2026-05-31 08:00:00,N09,-0.0899,0.556407,49.32,5.1937,0.007552,34.2,23.764808,86.414856
2026-05-31 09:00:00,N09,-0.074,0.005624,1.68,5.1753,0.007937,35.7,23.764808,86.414856
2026-05-31 10:00:00,N09,-0.0985,0.008056,6.27,5.1778,0.002341,36.9,23.764808,86.414856
2026-05-31 11:00:00,N09,0.0525,0.006249,2.05,5.18,0.002309,37.7,23.764808,86.414856
2026-05-31 12:00:00,N09,0.115,0.006287,5.61,5.1824,0.002384,37.9,23.764808,86.414856
2026-05-31 13:00:00,N09,0.0584,0.006606,6.44,5.1848,0.002488,37.7,23.764808,86.414856
2026-05-31 14:00:00,N09,0.0382,0.007387,6.09,5.1874,0.002515,36.9,23.764808,86.414856
2026-05-31 15:00:00,N09,-0.1078,0.005143,5.09,5.1898,0.002311,35.7,23.764808,86.414856
2026-05-31 16:00:00,N09,-0.1566,0.006766,7.21,5.192,0.00251,34.2,23.764808,86.414856
2026-05-31 17:00:00,N09,-0.238,0.00631,4.83,5.1948,0.002801,32.3,23.764808,86.414856
2026-05-31 18:00:00,N09,-0.0748,0.00612,6.74,5.1976,0.002738,30.4,23.764808,86.414856
2026-05-31 19:00:00,N09,-0.0214,0.005707,2.4,5.2003,0.002641,28.5,23.764808,86.414856
2026-05-31 20:00:00,N09,-0.0429,0.00637,5.91,5.2029,0.002798,26.7,23.764808,86.414856
2026-05-31 21:00:00,N09,0.0701,0.005228,1.99,5.2059,0.002891,25.1,23.764808,86.414856
2026-05-31 22:00:00,N09,-0.3031,0.005716,8.36,5.2087,0.002563,23.9,23.764808,86.414856
2026-05-31 23:00:00,N09,0.0704,0.005839,1.49,5.211,0.002682,23.2,23.764808,86.414856
2026-06-01 00:00:00,N09,,,,,,,23.764808,86.414856
2026-06-01 01:00:00,N09,,,,,,,23.764808,86.414856
2026-06-01 02:00:00,N09,0.0154,0.009637,7.12,5.22,0.003198,27.3,23.764808,86.414856
2026-06-01 03:00:00,N09,-0.0017,0.00681,7.22,5.223,0.002635,28.5,23.764808,86.414856
2026-06-01 04:00:00,N09,-0.0674,0.005312,1.14,5.2253,0.002798,30.0,23.764808,86.414856
2026-06-01 05:00:00,N09,0.1625,0.005176,6.9,5.2286,0.000587,31.8,23.764808,86.414856
2026-06-01 06:00:00,N09,-0.2715,0.650042,31.15,5.2241,0.000506,33.8,23.764808,86.414856
2026-06-01 07:00:00,N09,0.0219,0.634864,36.21,5.2276,0.006503,35.7,23.764808,86.414856
2026-06-01 08:00:00,N09,0.0915,0.007603,7.94,5.2371,0.005897,37.5,23.764808,86.414856
2026-06-01 09:00:00,N09,-0.1393,0.005042,4.34,5.2394,0.004865,39.1,23.764808,86.414856
2026-06-01 10:00:00,N09,-0.167,0.615407,42.76,5.2274,0.002482,40.3,23.764808,86.414856
2026-06-01 11:00:00,N09,-0.0704,0.008392,6.04,5.2443,0.009726,41.0,23.764808,86.414856
2026-06-01 12:00:00,N09,-0.0013,0.005967,1.26,5.2468,0.009006,41.3,23.764808,86.414856
2026-06-01 13:00:00,N09,-0.1892,0.885315,44.91,5.2623,0.009094,41.0,23.764808,86.414856
2026-06-01 14:00:00,N09,-0.2134,0.709228,34.44,5.265,0.003678,40.3,23.764808,86.414856
2026-06-01 15:00:00,N09,,,,,,,23.764808,86.414856
2026-06-01 16:00:00,N09,,,,,,,23.764808,86.414856
2026-06-01 17:00:00,N09,,,,,,,23.764808,86.414856
2026-06-01 18:00:00,N09,,,,,,,23.764808,86.414856
2026-06-01 19:00:00,N09,0.0461,0.007058,9.76,5.2663,0.002994,31.8,23.764808,86.414856
2026-06-01 20:00:00,N09,-0.3503,0.008902,1.55,5.2694,0.003091,30.0,23.764808,86.414856
2026-06-01 21:00:00,N09,-0.1287,0.006304,1.16,5.2725,0.002481,28.5,23.764808,86.414856
2026-06-01 22:00:00,N09,,,,,,,23.764808,86.414856
2026-06-01 23:00:00,N09,,,,,,,23.764808,86.414856
2026-06-02 00:00:00,N09,,,,,,,23.764808,86.414856
2026-06-02 01:00:00,N09,,,,,,,23.764808,86.414856
2026-06-02 02:00:00,N09,-0.1964,0.00512,5.05,5.2847,0.002602,27.0,23.764808,86.414856
2026-06-02 03:00:00,N09,-0.1654,0.006274,4.45,5.2871,0.002438,28.2,23.764808,86.414856
2026-06-02 04:00:00,N09,-0.0792,0.008439,6.18,5.2896,0.002459,29.8,23.764808,86.414856
2026-06-02 05:00:00,N09,0.1597,0.006305,9.96,5.2921,0.002909,31.6,23.764808,86.414856
2026-06-02 06:00:00,N09,0.1091,0.005299,4.27,5.2954,0.002851,33.5,23.764808,86.414856
2026-06-02 07:00:00,N09,-0.2536,0.005933,1.6,5.2978,0.002244,35.5,23.764808,86.414856
2026-06-02 08:00:00,N09,-0.1206,0.006002,3.8,5.2999,0.002581,37.3,23.764808,86.414856
2026-06-02 09:00:00,N09,-0.1061,0.005858,4.38,5.3029,0.006736,38.8,23.764808,86.414856
2026-06-02 10:00:00,N09,-0.0662,0.615045,37.72,5.3134,0.002456,40.0,23.764808,86.414856
2026-06-02 11:00:00,N09,,,,,,,23.764808,86.414856
2026-06-02 12:00:00,N09,-0.2121,0.006409,9.71,5.3097,0.002226,41.0,23.764808,86.414856
2026-06-02 13:00:00,N09,,,,,,,23.764808,86.414856
2026-06-02 14:00:00,N09,-0.1334,0.007314,9.98,5.3143,0.002035,40.0,23.764808,86.414856
2026-06-02 15:00:00,N09,0.0016,0.005621,4.02,5.3164,0.002276,38.8,23.764808,86.414856
2026-06-02 16:00:00,N09,0.1339,0.006451,9.85,5.3189,0.002994,37.3,23.764808,86.414856
2026-06-02 17:00:00,N09,,,,,,,23.764808,86.414856
2026-06-02 18:00:00,N09,,,,,,,23.764808,86.414856
2026-06-02 19:00:00,N09,,,,,,,23.764808,86.414856
2026-06-02 20:00:00,N09,-0.4081,0.008194,2.93,5.3313,0.003088,29.8,23.764808,86.414856
2026-06-02 21:00:00,N09,-0.2063,0.005505,2.36,5.3344,0.002761,28.2,23.764808,86.414856
2026-06-02 22:00:00,N09,-0.5005,0.007888,1.98,5.3368,0.002783,27.0,23.764808,86.414856
2026-06-02 23:00:00,N09,0.0512,0.005566,4.88,5.34,0.003218,26.3,23.764808,86.414856
2026-06-03 00:00:00,N09,,,,,,,23.764808,86.414856
2026-06-03 01:00:00,N09,,,,,,,23.764808,86.414856
2026-06-03 02:00:00,N09,0.0131,0.005734,4.86,5.3489,0.00302,27.3,23.764808,86.414856
2026-06-03 03:00:00,N09,-0.1494,0.006888,8.28,5.3524,0.002847,28.5,23.764808,86.414856
2026-06-03 04:00:00,N09,-0.0907,0.009413,9.11,5.3546,0.002722,30.0,23.764808,86.414856
2026-06-03 05:00:00,N09,0.2578,0.006257,8.14,5.3578,0.003525,31.8,23.764808,86.414856
2026-06-03 06:00:00,N09,0.0222,0.00578,4.42,5.3617,0.003119,33.8,23.764808,86.414856
2026-06-03 07:00:00,N09,0.0279,0.005588,3.37,5.364,0.002229,35.7,23.764808,86.414856
2026-06-03 08:00:00,N09,,,,,,,23.764808,86.414856
2026-06-03 09:00:00,N09,,,,,,,23.764808,86.414856
2026-06-03 10:00:00,N09,,,,,,,23.764808,86.414856
2026-06-03 11:00:00,N09,,,,,,,23.764808,86.414856
2026-06-03 12:00:00,N09,-0.2291,0.006913,3.8,5.3766,0.002668,41.3,23.764808,86.414856
2026-06-03 13:00:00,N09,-0.1274,0.006272,6.91,5.3792,0.01223,41.0,23.764808,86.414856
2026-06-03 14:00:00,N09,-0.1191,0.545017,43.94,5.4011,0.012257,40.3,23.764808,86.414856
2026-06-03 15:00:00,N09,,,,,,,23.764808,86.414856
2026-06-03 16:00:00,N09,,,,,,,23.764808,86.414856
2026-06-03 17:00:00,N09,,,,,,,23.764808,86.414856
2026-06-03 18:00:00,N09,,,,,,,23.764808,86.414856
2026-06-03 19:00:00,N09,,,,,,,23.764808,86.414856
2026-06-03 20:00:00,N09,,,,,,,23.764808,86.414856
2026-06-03 21:00:00,N09,-0.3767,0.005032,5.89,5.3975,0.003422,28.5,23.764808,86.414856
2026-06-03 22:00:00,N09,,,,,,,23.764808,86.414856
2026-06-03 23:00:00,N09,,,,,,,23.764808,86.414856
2026-06-04 00:00:00,N09,,,,,,,23.764808,86.414856
2026-06-04 01:00:00,N09,,,,,,,23.764808,86.414856
2026-06-04 02:00:00,N09,,,,,,,23.764808,86.414856
2026-06-04 03:00:00,N09,-0.0015,0.006335,4.87,5.4142,0.001899,24.1,23.764808,86.414856
2026-06-04 04:00:00,N09,0.285,0.006864,6.79,5.4161,0.00218,25.7,23.764808,86.414856
2026-06-04 05:00:00,N09,-0.1809,0.006189,1.36,5.4186,0.002444,27.5,23.764808,86.414856
2026-06-04 06:00:00,N09,-0.1592,0.005417,5.11,5.421,0.00258,29.4,23.764808,86.414856
2026-06-04 07:00:00,N09,,,,,,,23.764808,86.414856
2026-06-04 08:00:00,N09,,,,,,,23.764808,86.414856
2026-06-04 09:00:00,N09,,,,,,,23.764808,86.414856
2026-06-04 10:00:00,N09,0.0272,0.007422,1.6,5.4314,0.002361,35.9,23.764808,86.414856
2026-06-04 11:00:00,N09,-0.2001,0.005698,1.68,5.434,0.002937,36.7,23.764808,86.414856
2026-06-04 12:00:00,N09,,,,,,,23.764808,86.414856
2026-06-04 13:00:00,N09,,,,,,,23.764808,86.414856
2026-06-04 14:00:00,N09,,,,,,,23.764808,86.414856
2026-06-04 15:00:00,N09,-0.2817,0.006361,3.88,5.4437,0.009902,34.7,23.764808,86.414856
2026-06-04 16:00:00,N09,-0.1649,0.006943,6.06,5.4464,0.002465,33.2,23.764808,86.414856
2026-06-04 17:00:00,N09,-0.2824,0.006437,8.27,5.4486,0.002457,31.4,23.764808,86.414856
2026-06-04 18:00:00,N09,-0.0802,0.006465,2.93,5.4513,0.002847,29.4,23.764808,86.414856
2026-06-04 19:00:00,N09,-0.1919,0.006956,8.97,5.4543,0.002675,27.5,23.764808,86.414856
2026-06-04 20:00:00,N09,0.1952,0.00532,7.48,5.4567,0.002472,25.7,23.764808,86.414856
2026-06-04 21:00:00,N09,0.1444,0.006425,9.52,5.4593,0.002706,24.1,23.764808,86.414856
2026-06-04 22:00:00,N09,-0.2028,0.009238,2.9,5.4621,0.002405,22.9,23.764808,86.414856
2026-06-04 23:00:00,N09,-0.0567,0.007743,4.52,5.4641,0.00252,22.2,23.764808,86.414856
2026-06-05 00:00:00,N09,-0.2868,0.008506,6.2,5.4671,0.003218,24.2,23.764808,86.414856
2026-06-05 01:00:00,N09,-0.1388,0.010171,4.73,5.4705,0.002779,24.5,23.764808,86.414856
2026-06-05 02:00:00,N09,-0.1045,0.005115,1.85,5.4727,0.002142,25.2,23.764808,86.414856
2026-06-05 03:00:00,N09,0.0508,0.005894,3.23,5.4748,0.001964,26.4,23.764808,86.414856
2026-06-05 04:00:00,N09,0.0108,0.005916,3.37,5.4766,0.001937,28.0,23.764808,86.414856
2026-06-05 05:00:00,N09,-0.1919,0.007022,9.16,5.4787,0.001897,29.8,23.764808,86.414856
2026-06-05 06:00:00,N09,0.1278,0.006626,9.66,5.4804,0.001715,31.7,23.764808,86.414856
2026-06-05 07:00:00,N09,0.0041,0.007419,1.62,5.4821,0.001774,33.7,23.764808,86.414856
2026-06-05 08:00:00,N09,-0.1847,0.005214,4.19,5.484,0.002356,35.5,23.764808,86.414856
2026-06-05 09:00:00,N09,-0.2131,0.005894,3.14,5.4868,0.002387,37.0,23.764808,86.414856
2026-06-05 10:00:00,N09,-0.2104,0.006004,6.71,5.4887,0.008821,38.2,23.764808,86.414856
2026-06-05 11:00:00,N09,-0.144,0.980004,28.44,5.5045,0.009185,39.0,23.764808,86.414856
2026-06-05 12:00:00,N09,0.0232,0.932962,30.16,5.5071,0.00325,39.2,23.764808,86.414856
2026-06-05 13:00:00,N09,,,,,,,23.764808,86.414856
2026-06-05 14:00:00,N09,-0.184,0.900178,40.31,5.4951,0.000172,38.2,23.764808,86.414856
2026-06-05 15:00:00,N09,-0.1531,0.698681,22.33,5.4976,0.004594,37.0,23.764808,86.414856
2026-06-05 16:00:00,N09,0.2628,0.006993,4.91,5.5043,0.004084,35.5,23.764808,86.414856
2026-06-05 17:00:00,N09,-0.3096,0.008905,4.28,5.5058,0.001966,33.7,23.764808,86.414856
2026-06-05 18:00:00,N09,-0.0344,0.008779,4.38,5.5082,0.002522,31.7,23.764808,86.414856
2026-06-05 19:00:00,N09,0.0054,0.005459,3.77,5.5108,0.002286,29.8,23.764808,86.414856
2026-06-05 20:00:00,N09,,,,,,,23.764808,86.414856
2026-06-05 21:00:00,N09,,,,,,,23.764808,86.414856
2026-06-05 22:00:00,N09,-0.0581,0.006816,5.75,5.5176,0.002474,25.2,23.764808,86.414856
2026-06-05 23:00:00,N09,-0.043,0.007341,2.82,5.5203,0.00216,24.5,23.764808,86.414856
2026-06-06 00:00:00,N09,-0.2718,0.007301,5.52,5.5219,0.002065,26.9,23.764808,86.414856
2026-06-06 01:00:00,N09,,,,,,,23.764808,86.414856
2026-06-06 02:00:00,N09,,,,,,,23.764808,86.414856
2026-06-06 03:00:00,N09,,,,,,,23.764808,86.414856
2026-06-06 04:00:00,N09,,,,,,,23.764808,86.414856
2026-06-06 05:00:00,N09,-0.2353,0.007589,5.25,5.537,0.002554,32.5,23.764808,86.414856
2026-06-06 06:00:00,N09,-0.269,0.005981,6.24,5.539,0.005249,34.4,23.764808,86.414856
2026-06-06 07:00:00,N09,0.1528,0.832642,34.28,5.5265,0.005098,36.4,23.764808,86.414856
2026-06-06 08:00:00,N09,-0.1605,0.804165,20.57,5.5288,0.010411,38.2,23.764808,86.414856
2026-06-06 09:00:00,N09,-0.0483,0.007617,1.83,5.5473,0.009732,39.7,23.764808,86.414856
2026-06-06 10:00:00,N09,0.0582,0.007977,5.53,5.5482,0.00158,40.9,23.764808,86.414856
2026-06-06 11:00:00,N09,0.1424,0.008668,6.64,5.5504,0.002016,41.7,23.764808,86.414856
2026-06-06 12:00:00,N09,-0.1339,0.006498,1.84,5.5523,0.001544,41.9,23.764808,86.414856
2026-06-06 13:00:00,N09,-0.1547,0.006969,6.58,5.5535,0.001507,41.7,23.764808,86.414856
2026-06-06 14:00:00,N09,,,,,,,23.764808,86.414856
2026-06-06 15:00:00,N09,,,,,,,23.764808,86.414856
2026-06-06 16:00:00,N09,0.064,0.007525,2.1,5.5613,0.002304,38.2,23.764808,86.414856
2026-06-06 17:00:00,N09,0.0586,0.00554,4.78,5.5637,0.002643,36.4,23.764808,86.414856
2026-06-06 18:00:00,N09,-0.0559,0.008374,7.91,5.5666,0.002315,34.4,23.764808,86.414856
2026-06-06 19:00:00,N09,0.0285,0.00665,7.52,5.5683,0.002449,32.5,23.764808,86.414856
2026-06-06 20:00:00,N09,0.2323,0.008314,3.43,5.5715,0.002367,30.7,23.764808,86.414856
2026-06-06 21:00:00,N09,-0.1168,0.006788,8.28,5.5731,0.00226,29.1,23.764808,86.414856
2026-06-06 22:00:00,N09,-0.2499,0.005224,5.03,5.576,0.002345,27.9,23.764808,86.414856
2026-06-06 23:00:00,N09,-0.2238,0.005372,3.75,5.5778,0.002153,27.2,23.764808,86.414856
2026-06-07 00:00:00,N09,-0.1273,0.009695,2.01,5.5803,0.002039,23.8,23.764808,86.414856
2026-06-07 01:00:00,N09,-0.0871,0.005288,5.79,5.5818,0.001947,24.1,23.764808,86.414856
2026-06-07 02:00:00,N09,-0.0912,0.006266,3.15,5.5842,0.002198,24.8,23.764808,86.414856
2026-06-07 03:00:00,N09,-0.0108,0.010211,1.84,5.5862,0.002362,26.0,23.764808,86.414856
2026-06-07 04:00:00,N09,0.1082,0.005717,4.65,5.589,0.002423,27.6,23.764808,86.414856
2026-06-07 05:00:00,N09,-0.1924,0.006748,1.27,5.5911,0.001926,29.4,23.764808,86.414856
2026-06-07 06:00:00,N09,-0.2091,0.006129,9.39,5.5928,0.001808,31.3,23.764808,86.414856
2026-06-07 07:00:00,N09,,,,,,,23.764808,86.414856
2026-06-07 08:00:00,N09,,,,,,,23.764808,86.414856
2026-06-07 09:00:00,N09,-0.3313,0.007385,1.74,5.5984,0.001882,36.6,23.764808,86.414856
2026-06-07 10:00:00,N09,-0.0593,0.008426,4.63,5.6002,0.001935,37.8,23.764808,86.414856
2026-06-07 11:00:00,N09,0.0946,0.006977,7.49,5.6023,0.002405,38.6,23.764808,86.414856
2026-06-07 12:00:00,N09,-0.1841,0.006178,7.29,5.6051,0.00287,38.8,23.764808,86.414856
2026-06-07 13:00:00,N09,0.0038,0.005305,7.82,5.608,0.002759,38.6,23.764808,86.414856
2026-06-07 14:00:00,N09,0.1687,0.008148,9.76,5.6106,0.012273,37.8,23.764808,86.414856
2026-06-07 15:00:00,N09,-0.1966,0.541044,34.42,5.6326,0.01247,36.6,23.764808,86.414856
2026-06-07 16:00:00,N09,-0.1834,0.999109,47.75,5.6355,0.006891,35.1,23.764808,86.414856
2026-06-07 17:00:00,N09,-0.0761,0.006561,5.86,5.6188,0.00743,33.3,23.764808,86.414856
2026-06-07 18:00:00,N09,-0.0101,0.005801,4.33,5.6207,0.00219,31.3,23.764808,86.414856
2026-06-07 19:00:00,N09,0.0754,0.006513,9.0,5.6232,0.002262,29.4,23.764808,86.414856
2026-06-07 20:00:00,N09,,,,,,,23.764808,86.414856
2026-06-07 21:00:00,N09,-0.1513,0.005689,1.31,5.6269,0.001825,26.0,23.764808,86.414856
2026-06-07 22:00:00,N09,-0.1385,0.006639,9.09,5.6288,0.002079,24.8,23.764808,86.414856
2026-06-07 23:00:00,N09,0.0511,0.005125,9.31,5.631,0.002156,24.1,23.764808,86.414856
2026-06-08 00:00:00,N09,-0.2104,0.006411,9.76,5.6331,0.002545,22.6,23.764808,86.414856
2026-06-08 01:00:00,N09,0.189,0.00697,4.56,5.6361,0.002732,22.9,23.764808,86.414856
2026-06-08 02:00:00,N09,-0.1127,0.007612,4.22,5.6386,0.002559,23.6,23.764808,86.414856
2026-06-08 03:00:00,N09,,,,,,,23.764808,86.414856
2026-06-08 04:00:00,N09,,,,,,,23.764808,86.414856
2026-06-08 05:00:00,N09,,,,,,,23.764808,86.414856
2026-06-08 06:00:00,N09,,,,,,,23.764808,86.414856
2026-06-08 07:00:00,N09,,,,,,,23.764808,86.414856
2026-06-08 08:00:00,N09,-0.0466,0.007985,5.04,5.6518,0.001442,33.8,23.764808,86.414856
2026-06-08 09:00:00,N09,0.1353,0.546013,38.98,5.6469,0.001318,35.4,23.764808,86.414856
2026-06-08 10:00:00,N09,-0.237,0.993365,22.31,5.6491,0.006324,36.6,23.764808,86.414856
2026-06-08 11:00:00,N09,-0.1741,0.005184,8.5,5.6596,0.006254,37.3,23.764808,86.414856
2026-06-08 12:00:00,N09,-0.2049,0.007009,7.55,5.6616,0.002474,37.6,23.764808,86.414856
2026-06-08 13:00:00,N09,-0.1572,0.007602,4.33,5.6645,0.002777,37.3,23.764808,86.414856
2026-06-08 14:00:00,N09,,,,,,,23.764808,86.414856
2026-06-08 15:00:00,N09,,,,,,,23.764808,86.414856
2026-06-08 16:00:00,N09,,,,,,,23.764808,86.414856
2026-06-08 17:00:00,N09,0.1716,0.005089,4.2,5.6725,0.002142,32.0,23.764808,86.414856
2026-06-08 18:00:00,N09,-0.0616,0.006301,3.88,5.6745,0.001957,30.1,23.764808,86.414856
2026-06-08 19:00:00,N09,-0.203,0.006496,9.09,5.6764,0.002076,28.2,23.764808,86.414856
2026-06-08 20:00:00,N09,,,,,,,23.764808,86.414856
2026-06-08 21:00:00,N09,,,,,,,23.764808,86.414856
2026-06-08 22:00:00,N09,,,,,,,23.764808,86.414856
2026-06-08 23:00:00,N09,,,,,,,23.764808,86.414856
2026-06-09 00:00:00,N09,,,,,,,23.764808,86.414856
2026-06-09 01:00:00,N09,-0.0396,0.005252,2.56,5.6902,0.002618,23.9,23.764808,86.414856
2026-06-09 02:00:00,N09,,,,,,,23.764808,86.414856
2026-06-09 03:00:00,N09,,,,,,,23.764808,86.414856
2026-06-09 04:00:00,N09,0.0316,0.005157,5.44,5.6973,0.002532,27.4,23.764808,86.414856
2026-06-09 05:00:00,N09,-0.2077,0.005183,1.96,5.6999,0.000464,29.2,23.764808,86.414856
2026-06-09 06:00:00,N09,-0.0031,0.549872,28.29,5.6964,0.000109,31.1,23.764808,86.414856
2026-06-09 07:00:00,N09,-0.0258,0.914088,44.48,5.6996,0.006331,33.1,23.764808,86.414856
2026-06-09 08:00:00,N09,-0.283,0.005911,3.15,5.709,0.006016,34.9,23.764808,86.414856
2026-06-09 09:00:00,N09,0.2686,0.005244,7.18,5.7117,0.002166,36.4,23.764808,86.414856
2026-06-09 10:00:00,N09,,,,,,,23.764808,86.414856
2026-06-09 11:00:00,N09,,,,,,,23.764808,86.414856
2026-06-09 12:00:00,N09,,,,,,,23.764808,86.414856
2026-06-09 13:00:00,N09,,,,,,,23.764808,86.414856
2026-06-09 14:00:00,N09,,,,,,,23.764808,86.414856
2026-06-09 15:00:00,N09,,,,,,,23.764808,86.414856
2026-06-09 16:00:00,N09,-0.1563,0.00522,3.05,5.7255,0.001797,34.9,23.764808,86.414856
2026-06-09 17:00:00,N09,-0.2784,0.005623,9.54,5.7271,0.002068,33.1,23.764808,86.414856
2026-06-09 18:00:00,N09,0.1508,0.006015,4.81,5.7297,0.002065,31.1,23.764808,86.414856
2026-06-09 19:00:00,N09,-0.1954,0.00588,1.02,5.7312,0.001966,29.2,23.764808,86.414856
2026-06-09 20:00:00,N09,0.1138,0.006011,3.39,5.7336,0.002064,27.4,23.764808,86.414856
2026-06-09 21:00:00,N09,-0.3135,0.005904,8.07,5.7354,0.001789,25.8,23.764808,86.414856
2026-06-09 22:00:00,N09,,,,,,,23.764808,86.414856
2026-06-09 23:00:00,N09,,,,,,,23.764808,86.414856
2026-06-10 00:00:00,N09,,,,,,,23.764808,86.414856
2026-06-10 01:00:00,N09,,,,,,,23.764808,86.414856
2026-06-10 02:00:00,N09,-0.1642,0.006344,2.12,5.7439,0.002137,25.6,23.764808,86.414856
2026-06-10 03:00:00,N09,-0.0541,0.008406,2.3,5.7462,0.002153,26.8,23.764808,86.414856
2026-06-10 04:00:00,N09,0.081,0.005983,3.87,5.7482,0.002527,28.4,23.764808,86.414856
2026-06-10 05:00:00,N09,0.028,0.005214,4.58,5.7512,0.00225,30.2,23.764808,86.414856
2026-06-10 06:00:00,N09,-0.0299,0.007929,4.15,5.7527,0.001721,32.1,23.764808,86.414856
2026-06-10 07:00:00,N09,-0.0836,0.006828,1.47,5.7547,0.001713,34.1,23.764808,86.414856
2026-06-10 08:00:00,N09,-0.1361,0.006316,9.21,5.7561,0.001899,35.9,23.764808,86.414856
2026-06-10 09:00:00,N09,,,,,,,23.764808,86.414856
2026-06-10 10:00:00,N09,,,,,,,23.764808,86.414856
2026-06-10 11:00:00,N09,,,,,,,23.764808,86.414856
2026-06-10 12:00:00,N09,,,,,,,23.764808,86.414856
2026-06-10 13:00:00,N09,,,,,,,23.764808,86.414856
2026-06-10 14:00:00,N09,0.0323,0.005942,3.65,5.769,0.013961,38.6,23.764808,86.414856
2026-06-10 15:00:00,N09,0.1603,0.853596,39.46,5.7951,0.010197,37.4,23.764808,86.414856
2026-06-10 16:00:00,N09,-0.1086,0.60323,17.76,5.7894,0.009714,35.9,23.764808,86.414856
2026-06-10 17:00:00,N09,-0.1138,0.007052,4.05,5.7757,0.005828,34.1,23.764808,86.414856
2026-06-10 18:00:00,N09,,,,,,,23.764808,86.414856
2026-06-10 19:00:00,N09,,,,,,,23.764808,86.414856
2026-06-10 20:00:00,N09,,,,,,,23.764808,86.414856
2026-06-10 21:00:00,N09,,,,,,,23.764808,86.414856
2026-06-10 22:00:00,N09,-0.1342,0.00625,6.84,5.7852,0.001868,25.6,23.764808,86.414856
2026-06-10 23:00:00,N09,0.0771,0.006042,8.79,5.7868,0.00212,24.9,23.764808,86.414856
2026-06-11 00:00:00,N09,-0.0477,0.00599,4.34,5.7894,0.00208,24.8,23.764808,86.414856
2026-06-11 01:00:00,N09,-0.0331,0.005037,6.48,5.791,0.001779,25.1,23.764808,86.414856
2026-06-11 02:00:00,N09,,,,,,,23.764808,86.414856
2026-06-11 03:00:00,N09,-0.1976,0.006511,4.92,5.7947,0.00198,27.0,23.764808,86.414856
2026-06-11 04:00:00,N09,-0.065,0.008462,6.34,5.7969,0.001944,28.5,23.764808,86.414856
2026-06-11 05:00:00,N09,,,,,,,23.764808,86.414856
2026-06-11 06:00:00,N09,,,,,,,23.764808,86.414856
2026-06-11 07:00:00,N09,,,,,,,23.764808,86.414856
2026-06-11 08:00:00,N09,,,,,,,23.764808,86.414856
2026-06-11 09:00:00,N09,,,,,,,23.764808,86.414856
2026-06-11 10:00:00,N09,-0.1343,0.566471,23.49,5.8034,0.001884,38.8,23.764808,86.414856
2026-06-11 11:00:00,N09,0.063,0.006482,8.11,5.8116,0.005362,39.5,23.764808,86.414856
2026-06-11 12:00:00,N09,0.106,0.00688,2.05,5.8141,0.00203,39.8,23.764808,86.414856
2026-06-11 13:00:00,N09,0.1583,0.006279,4.82,5.8156,0.002093,39.5,23.764808,86.414856
2026-06-11 14:00:00,N09,0.0789,0.006673,1.55,5.8183,0.002122,38.8,23.764808,86.414856
2026-06-11 15:00:00,N09,-0.1737,0.006834,2.7,5.8199,0.001444,37.6,23.764808,86.414856
2026-06-11 16:00:00,N09,-0.1342,0.009014,3.16,5.8212,0.001555,36.0,23.764808,86.414856
2026-06-11 17:00:00,N09,-0.1578,0.005068,1.17,5.823,0.001897,34.2,23.764808,86.414856
2026-06-11 18:00:00,N09,-0.1289,0.006479,6.53,5.8249,0.001902,32.3,23.764808,86.414856
2026-06-11 19:00:00,N09,-0.1448,0.006585,7.28,5.8268,0.002319,30.4,23.764808,86.414856
2026-06-11 20:00:00,N09,0.0567,0.005058,2.21,5.8296,0.002878,28.5,23.764808,86.414856
2026-06-11 21:00:00,N09,-0.1795,0.00566,2.78,5.8325,0.002991,27.0,23.764808,86.414856
2026-06-11 22:00:00,N09,-0.2009,0.007214,5.65,5.8356,0.002532,25.8,23.764808,86.414856
2026-06-11 23:00:00,N09,-0.1448,0.005281,7.16,5.8376,0.00192,25.1,23.764808,86.414856
2026-06-12 00:00:00,N09,-0.4625,0.007894,5.57,5.8394,0.002027,26.8,23.764808,86.414856
2026-06-12 01:00:00,N09,-0.3806,0.005678,9.49,5.8417,0.00215,27.0,23.764808,86.414856
2026-06-12 02:00:00,N09,-0.1963,0.008593,4.35,5.8437,0.002185,27.8,23.764808,86.414856
2026-06-12 03:00:00,N09,-0.083,0.009287,1.95,5.846,0.002404,29.0,23.764808,86.414856
2026-06-12 04:00:00,N09,-0.0557,0.005145,4.0,5.8485,0.002532,30.5,23.764808,86.414856
2026-06-12 05:00:00,N09,-0.0027,0.006709,9.02,5.8511,0.002411,32.3,23.764808,86.414856
2026-06-12 06:00:00,N09,-0.0477,0.005258,4.33,5.8533,0.002014,34.3,23.764808,86.414856
2026-06-12 07:00:00,N09,0.0192,0.007963,4.43,5.8551,0.017052,36.2,23.764808,86.414856
2026-06-12 08:00:00,N09,-0.4722,0.889894,48.97,5.8192,0.007608,38.0,23.764808,86.414856
2026-06-12 09:00:00,N09,-0.233,0.613384,17.39,5.8399,0.021073,39.6,23.764808,86.414856
2026-06-12 10:00:00,N09,,,,,,,23.764808,86.414856
2026-06-12 11:00:00,N09,,,,,,,23.764808,86.414856
2026-06-12 12:00:00,N09,,,,,,,23.764808,86.414856
2026-06-12 13:00:00,N09,0.0084,0.007644,6.91,5.8678,0.002498,41.5,23.764808,86.414856
2026-06-12 14:00:00,N09,0.2266,0.007547,7.94,5.8704,0.002192,40.8,23.764808,86.414856
2026-06-12 15:00:00,N09,-0.1028,0.005728,6.66,5.8721,0.002594,39.6,23.764808,86.414856
2026-06-12 16:00:00,N09,0.0336,0.007469,9.6,5.8755,0.002467,38.0,23.764808,86.414856
2026-06-12 17:00:00,N09,-0.1179,0.00512,7.27,5.8771,0.001278,36.2,23.764808,86.414856
2026-06-12 18:00:00,N09,-0.0756,0.005138,5.59,5.8781,0.001696,34.3,23.764808,86.414856
2026-06-12 19:00:00,N09,0.0262,0.005459,5.63,5.8805,0.002136,32.3,23.764808,86.414856
2026-06-12 20:00:00,N09,-0.0635,0.005599,9.64,5.8824,0.001995,30.5,23.764808,86.414856
2026-06-12 21:00:00,N09,-0.128,0.007996,8.34,5.8845,0.002105,29.0,23.764808,86.414856
2026-06-12 22:00:00,N09,-0.0211,0.008862,6.36,5.8866,0.00165,27.8,23.764808,86.414856
2026-06-12 23:00:00,N09,-0.0671,0.007,8.51,5.8878,0.001703,27.0,23.764808,86.414856
2026-06-13 00:00:00,N09,-0.1049,0.00526,1.14,5.89,0.002155,24.3,23.764808,86.414856
2026-06-13 01:00:00,N09,-0.3054,0.006795,3.14,5.8921,0.001771,24.5,23.764808,86.414856
2026-06-13 02:00:00,N09,0.119,0.005303,4.21,5.8935,0.001347,25.3,23.764808,86.414856
2026-06-13 03:00:00,N09,0.1119,0.006999,3.15,5.8948,0.001356,26.5,23.764808,86.414856
2026-06-13 04:00:00,N09,-0.0135,0.007038,6.98,5.8962,0.001293,28.0,23.764808,86.414856
2026-06-13 05:00:00,N09,-0.2185,0.005202,4.68,5.8973,0.001707,29.8,23.764808,86.414856
2026-06-13 06:00:00,N09,,,,,,,23.764808,86.414856
2026-06-13 07:00:00,N09,-0.2415,0.005166,7.98,5.9018,0.005085,33.7,23.764808,86.414856
2026-06-13 08:00:00,N09,0.0273,0.984564,38.19,5.8895,0.005438,35.5,23.764808,86.414856
2026-06-13 09:00:00,N09,,,,,,,23.764808,86.414856
2026-06-13 10:00:00,N09,,,,,,,23.764808,86.414856
2026-06-13 11:00:00,N09,,,,,,,23.764808,86.414856
2026-06-13 12:00:00,N09,,,,,,,23.764808,86.414856
2026-06-13 13:00:00,N09,-0.0564,0.708089,38.93,5.9218,0.002416,39.0,23.764808,86.414856
2026-06-13 14:00:00,N09,-0.2853,0.006345,1.47,5.9161,0.00208,38.2,23.764808,86.414856
2026-06-13 15:00:00,N09,-0.0955,0.006938,4.81,5.9177,0.002215,37.1,23.764808,86.414856
2026-06-13 16:00:00,N09,0.1163,0.007039,5.26,5.9206,0.001979,35.5,23.764808,86.414856
2026-06-13 17:00:00,N09,-0.3474,0.009108,4.48,5.9216,0.001493,33.7,23.764808,86.414856
2026-06-13 18:00:00,N09,0.0119,0.005919,8.79,5.9235,0.002021,31.8,23.764808,86.414856
2026-06-13 19:00:00,N09,-0.0871,0.005227,1.06,5.9257,0.001876,29.8,23.764808,86.414856
2026-06-13 20:00:00,N09,,,,,,,23.764808,86.414856
2026-06-13 21:00:00,N09,,,,,,,23.764808,86.414856
2026-06-13 22:00:00,N09,,,,,,,23.764808,86.414856
2026-06-13 23:00:00,N09,,,,,,,23.764808,86.414856
2026-06-14 00:00:00,N09,,,,,,,23.764808,86.414856
2026-06-14 01:00:00,N09,0.1593,0.00577,6.09,5.9362,0.00159,26.4,23.764808,86.414856
2026-06-14 02:00:00,N09,-0.1685,0.008481,8.96,5.9379,0.001669,27.1,23.764808,86.414856
2026-06-14 03:00:00,N09,-0.0029,0.008036,4.14,5.9396,0.001866,28.3,23.764808,86.414856
2026-06-14 04:00:00,N09,-0.1671,0.007886,4.73,5.9416,0.001518,29.8,23.764808,86.414856
2026-06-14 05:00:00,N09,-0.0169,0.006617,6.8,5.9426,0.001255,31.7,23.764808,86.414856
2026-06-14 06:00:00,N09,-0.2714,0.005795,6.68,5.9442,0.001848,33.6,23.764808,86.414856
2026-06-14 07:00:00,N09,,,,,,,23.764808,86.414856
2026-06-14 08:00:00,N09,,,,,,,23.764808,86.414856
2026-06-14 09:00:00,N09,,,,,,,23.764808,86.414856
2026-06-14 10:00:00,N09,0.1374,0.006268,6.51,5.9516,0.00206,40.1,23.764808,86.414856
2026-06-14 11:00:00,N09,-0.0112,0.007821,4.91,5.9532,0.001395,40.8,23.764808,86.414856
2026-06-14 12:00:00,N09,,,,,,,23.764808,86.414856
2026-06-14 13:00:00,N09,,,,,,,23.764808,86.414856
2026-06-14 14:00:00,N09,,,,,,,23.764808,86.414856
2026-06-14 15:00:00,N09,0.0534,0.006878,9.7,5.9595,0.007889,38.9,23.764808,86.414856
2026-06-14 16:00:00,N09,0.0187,0.007609,7.07,5.9617,0.002078,37.3,23.764808,86.414856
2026-06-14 17:00:00,N09,-0.3817,0.008978,3.8,5.9636,0.002383,35.5,23.764808,86.414856
2026-06-14 18:00:00,N09,0.1061,0.006488,8.18,5.9664,0.002309,33.6,23.764808,86.414856
2026-06-14 19:00:00,N09,0.0897,0.006445,7.88,5.9682,0.001815,31.7,23.764808,86.414856
2026-06-14 20:00:00,N09,0.105,0.007749,6.33,5.9701,0.001998,29.8,23.764808,86.414856
2026-06-14 21:00:00,N09,-0.1972,0.008151,4.33,5.9722,0.001942,28.3,23.764808,86.414856
2026-06-14 22:00:00,N09,-0.0506,0.006591,3.27,5.9739,0.001807,27.1,23.764808,86.414856
2026-06-14 23:00:00,N09,-0.205,0.005945,1.95,5.9758,0.002134,26.4,23.764808,86.414856
2026-06-15 00:00:00,N09,-0.2196,0.005469,5.6,5.9782,0.002172,25.4,23.764808,86.414856
2026-06-15 01:00:00,N09,-0.0844,0.009643,8.06,5.9802,0.001806,25.6,23.764808,86.414856
2026-06-15 02:00:00,N09,0.1055,0.007902,7.79,5.9818,0.002072,26.4,23.764808,86.414856
2026-06-15 03:00:00,N09,0.0471,0.00604,1.43,5.9843,0.001952,27.6,23.764808,86.414856
2026-06-15 04:00:00,N09,-0.0776,0.007671,8.23,5.9857,0.001475,29.1,23.764808,86.414856
2026-06-15 05:00:00,N09,0.0943,0.006373,3.25,5.9873,0.00181,30.9,23.764808,86.414856
2026-06-15 06:00:00,N09,0.0701,0.006043,8.35,5.9893,0.001892,32.9,23.764808,86.414856
2026-06-15 07:00:00,N09,0.0734,0.007722,7.67,5.9911,0.010063,34.8,23.764808,86.414856
2026-06-15 08:00:00,N09,-0.1503,0.601241,31.28,6.0095,0.009886,36.6,23.764808,86.414856
2026-06-15 09:00:00,N09,-0.0934,0.550562,26.42,6.0108,0.007471,38.2,23.764808,86.414856
2026-06-15 10:00:00,N09,,,,,,,23.764808,86.414856
2026-06-15 11:00:00,N09,,,,,,,23.764808,86.414856
2026-06-15 12:00:00,N09,,,,,,,23.764808,86.414856
2026-06-15 13:00:00,N09,,,,,,,23.764808,86.414856
2026-06-15 14:00:00,N09,-0.1212,0.005931,6.75,5.9996,0.001641,39.4,23.764808,86.414856
2026-06-15 15:00:00,N09,,,,,,,23.764808,86.414856
2026-06-15 16:00:00,N09,,,,,,,23.764808,86.414856
2026-06-15 17:00:00,N09,,,,,,,23.764808,86.414856
2026-06-15 18:00:00,N09,,,,,,,23.764808,86.414856
2026-06-15 19:00:00,N09,,,,,,,23.764808,86.414856
2026-06-15 20:00:00,N09,0.1147,0.005367,2.42,6.0104,0.001744,29.1,23.764808,86.414856
2026-06-15 21:00:00,N09,-0.1994,0.00548,3.17,6.0122,0.001981,27.6,23.764808,86.414856
2026-06-15 22:00:00,N09,,,,,,,23.764808,86.414856
2026-06-15 23:00:00,N09,,,,,,,23.764808,86.414856
2026-06-16 00:00:00,N09,,,,,,,23.764808,86.414856
2026-06-16 01:00:00,N09,0.0113,0.007536,6.17,6.0203,0.001625,27.4,23.764808,86.414856
2026-06-16 02:00:00,N09,-0.0877,0.005678,4.29,6.022,0.002019,28.2,23.764808,86.414856
2026-06-16 03:00:00,N09,-0.2031,0.010418,7.31,6.0244,0.001829,29.4,23.764808,86.414856
2026-06-16 04:00:00,N09,0.0906,0.006247,2.08,6.0257,0.001811,30.9,23.764808,86.414856
2026-06-16 05:00:00,N09,,,,,,,23.764808,86.414856
2026-06-16 06:00:00,N09,,,,,,,23.764808,86.414856
2026-06-16 07:00:00,N09,,,,,,,23.764808,86.414856
2026-06-16 08:00:00,N09,,,,,,,23.764808,86.414856
2026-06-16 09:00:00,N09,,,,,,,23.764808,86.414856
2026-06-16 10:00:00,N09,-0.2107,0.005481,6.75,6.0361,0.011221,41.2,23.764808,86.414856
2026-06-16 11:00:00,N09,-0.2119,0.861191,15.65,6.0569,0.002038,41.9,23.764808,86.414856
2026-06-16 12:00:00,N09,-0.2749,0.005651,9.43,6.0402,0.015218,42.2,23.764808,86.414856
2026-06-16 13:00:00,N09,-0.2317,0.523157,15.07,6.0265,0.00128,41.9,23.764808,86.414856
2026-06-16 14:00:00,N09,,,,,,,23.764808,86.414856
2026-06-16 15:00:00,N09,,,,,,,23.764808,86.414856
2026-06-16 16:00:00,N09,-0.1392,0.00717,4.65,6.0476,0.006494,38.4,23.764808,86.414856
2026-06-16 17:00:00,N09,-0.0868,0.644361,41.54,6.0582,0.001929,36.6,23.764808,86.414856
2026-06-16 18:00:00,N09,-0.13,0.007579,2.46,6.0514,0.002299,34.7,23.764808,86.414856
2026-06-16 19:00:00,N09,-0.3356,0.007522,3.77,6.0536,0.002473,32.7,23.764808,86.414856
2026-06-16 20:00:00,N09,-0.0141,0.006323,4.05,6.0564,0.002207,30.9,23.764808,86.414856
2026-06-16 21:00:00,N09,-0.551,0.009901,3.86,6.058,0.001665,29.4,23.764808,86.414856
2026-06-16 22:00:00,N09,-0.0851,0.008115,3.7,6.0597,0.001231,28.2,23.764808,86.414856
2026-06-16 23:00:00,N09,,,,,,,23.764808,86.414856
2026-06-17 00:00:00,N09,,,,,,,23.764808,86.414856
2026-06-17 01:00:00,N09,,,,,,,23.764808,86.414856
2026-06-17 02:00:00,N09,,,,,,,23.764808,86.414856
2026-06-17 03:00:00,N09,,,,,,,23.764808,86.414856
2026-06-17 04:00:00,N09,,,,,,,23.764808,86.414856
2026-06-17 05:00:00,N09,-0.1609,0.005536,1.68,6.0728,0.001462,29.6,23.764808,86.414856
2026-06-17 06:00:00,N09,-0.1573,0.009931,6.38,6.0741,0.001623,31.6,23.764808,86.414856
2026-06-17 07:00:00,N09,0.0784,0.008366,4.89,6.076,0.002143,33.5,23.764808,86.414856
2026-06-17 08:00:00,N09,0.2921,0.00741,5.65,6.0784,0.0022,35.3,23.764808,86.414856
2026-06-17 09:00:00,N09,,,,,,,23.764808,86.414856
2026-06-17 10:00:00,N09,,,,,,,23.764808,86.414856
2026-06-17 11:00:00,N09,,,,,,,23.764808,86.414856
2026-06-17 12:00:00,N09,,,,,,,23.764808,86.414856
2026-06-17 13:00:00,N09,-0.1165,0.005605,6.49,6.0878,0.008116,38.8,23.764808,86.414856
2026-06-17 14:00:00,N09,-0.3066,0.005116,4.34,6.0897,0.001444,38.1,23.764808,86.414856
2026-06-17 15:00:00,N09,-0.0928,0.005424,1.48,6.0906,0.003729,36.9,23.764808,86.414856
2026-06-17 16:00:00,N09,-0.2576,0.908802,27.43,6.0822,0.001575,35.3,23.764808,86.414856
2026-06-17 17:00:00,N09,,,,,,,23.764808,86.414856
2026-06-17 18:00:00,N09,,,,,,,23.764808,86.414856
2026-06-17 19:00:00,N09,,,,,,,23.764808,86.414856
2026-06-17 20:00:00,N09,,,,,,,23.764808,86.414856
2026-06-17 21:00:00,N09,0.2929,0.00736,1.06,6.1015,0.001457,26.3,23.764808,86.414856
2026-06-17 22:00:00,N09,-0.0071,0.005897,5.62,6.1023,0.00114,25.1,23.764808,86.414856
2026-06-17 23:00:00,N09,-0.2985,0.005094,1.79,6.1038,0.000834,24.3,23.764808,86.414856
2026-06-18 00:00:00,N09,0.1777,0.00549,6.39,6.104,0.000779,25.9,23.764808,86.414856
2026-06-18 01:00:00,N09,-0.2,0.006077,1.77,6.1053,0.001564,26.1,23.764808,86.414856
2026-06-18 02:00:00,N09,-0.1021,0.007649,6.72,6.1071,0.00205,26.9,23.764808,86.414856
2026-06-18 03:00:00,N09,-0.1929,0.010369,6.81,6.1094,0.001982,28.1,23.764808,86.414856
2026-06-18 04:00:00,N09,,,,,,,23.764808,86.414856
2026-06-18 05:00:00,N09,,,,,,,23.764808,86.414856
2026-06-18 06:00:00,N09,,,,,,,23.764808,86.414856
2026-06-18 07:00:00,N09,,,,,,,23.764808,86.414856
2026-06-18 08:00:00,N09,,,,,,,23.764808,86.414856
2026-06-18 09:00:00,N09,0.0052,0.007415,1.51,6.1193,0.005717,38.7,23.764808,86.414856
2026-06-18 10:00:00,N09,0.081,0.008191,1.63,6.121,0.001306,39.9,23.764808,86.414856
2026-06-18 11:00:00,N09,-0.2488,0.006679,7.63,6.1219,0.000846,40.6,23.764808,86.414856
2026-06-18 12:00:00,N09,-0.1595,0.006366,9.7,6.1227,0.001274,40.9,23.764808,86.414856
2026-06-18 13:00:00,N09,0.0388,0.007596,8.51,6.1245,0.001601,40.6,23.764808,86.414856
2026-06-18 14:00:00,N09,0.13,0.888447,23.34,6.1195,0.001296,39.9,23.764808,86.414856
2026-06-18 15:00:00,N09,,,,,,,23.764808,86.414856
2026-06-18 16:00:00,N09,-0.2127,0.005558,3.78,6.1283,0.001424,37.1,23.764808,86.414856
2026-06-18 17:00:00,N09,-0.1691,0.009641,5.45,6.1299,0.001342,35.3,23.764808,86.414856
2026-06-18 18:00:00,N09,-0.3757,0.00639,8.61,6.131,0.001532,33.4,23.764808,86.414856
2026-06-18 19:00:00,N09,-0.2985,0.005972,2.85,6.133,0.00204,31.4,23.764808,86.414856
2026-06-18 20:00:00,N09,0.104,0.00715,1.82,6.135,0.002514,29.6,23.764808,86.414856
2026-06-18 21:00:00,N09,0.3931,0.006343,4.68,6.138,0.002592,28.1,23.764808,86.414856
2026-06-18 22:00:00,N09,-0.0737,0.010973,4.63,6.1402,0.001633,26.9,23.764808,86.414856
2026-06-18 23:00:00,N09,-0.0771,0.011052,4.17,6.1413,0.001383,26.1,23.764808,86.414856
2026-06-19 00:00:00,N09,-0.1483,0.006756,2.07,6.143,0.00174,24.7,23.764808,86.414856
2026-06-19 01:00:00,N09,-0.186,0.00533,8.43,6.1448,0.001755,25.0,23.764808,86.414856
2026-06-19 02:00:00,N09,-0.5992,0.006507,4.49,6.1465,0.001835,25.7,23.764808,86.414856
2026-06-19 03:00:00,N09,-0.1112,0.006646,5.75,6.1484,0.002303,26.9,23.764808,86.414856
2026-06-19 04:00:00,N09,-0.1047,0.007686,2.47,6.1511,0.002857,28.5,23.764808,86.414856
2026-06-19 05:00:00,N09,-0.2113,0.006271,9.23,6.1541,0.001849,30.3,23.764808,86.414856
2026-06-19 06:00:00,N09,-0.2571,0.701361,34.25,6.1474,0.010964,32.2,23.764808,86.414856
2026-06-19 07:00:00,N09,0.3712,0.970698,36.86,6.1761,0.005865,34.2,23.764808,86.414856
2026-06-19 08:00:00,N09,-0.0351,0.006838,2.74,6.1591,0.007204,36.0,23.764808,86.414856
2026-06-19 09:00:00,N09,0.0473,0.006185,7.61,6.1617,0.002448,37.5,23.764808,86.414856
2026-06-19 10:00:00,N09,-0.0286,0.005796,6.29,6.164,0.001851,38.7,23.764808,86.414856
2026-06-19 11:00:00,N09,0.2399,0.005799,5.8,6.1654,0.001677,39.5,23.764808,86.414856
2026-06-19 12:00:00,N09,0.0279,0.009452,1.35,6.1674,0.002022,39.7,23.764808,86.414856
2026-06-19 13:00:00,N09,-0.2236,0.005789,9.64,6.1694,0.001843,39.5,23.764808,86.414856
2026-06-19 14:00:00,N09,0.0675,0.006351,5.38,6.1711,0.001556,38.7,23.764808,86.414856
2026-06-19 15:00:00,N09,0.1295,0.007102,3.53,6.1725,0.001566,37.5,23.764808,86.414856
2026-06-19 16:00:00,N09,0.11,0.008156,5.21,6.1742,0.001518,36.0,23.764808,86.414856
2026-06-19 17:00:00,N09,-0.0537,0.006374,1.45,6.1756,0.001494,34.2,23.764808,86.414856
2026-06-19 18:00:00,N09,-0.0102,0.008797,2.57,6.1772,0.001993,32.2,23.764808,86.414856
2026-06-19 19:00:00,N09,-0.2394,0.005289,2.46,6.1795,0.002035,30.3,23.764808,86.414856
2026-06-19 20:00:00,N09,0.003,0.006467,1.66,6.1813,0.001783,28.5,23.764808,86.414856
2026-06-19 21:00:00,N09,0.0728,0.006582,3.54,6.1831,0.00179,26.9,23.764808,86.414856
2026-06-19 22:00:00,N09,-0.1709,0.006536,3.0,6.1848,0.001754,25.7,23.764808,86.414856
2026-06-19 23:00:00,N09,-0.1728,0.00527,2.54,6.1866,0.001732,25.0,23.764808,86.414856
2026-06-20 00:00:00,N09,-0.2509,0.007587,2.77,6.1883,0.001742,25.3,23.764808,86.414856
2026-06-20 01:00:00,N09,0.0075,0.008989,7.09,6.1901,0.001399,25.6,23.764808,86.414856
2026-06-20 02:00:00,N09,0.0145,0.007676,9.17,6.1911,0.00129,26.3,23.764808,86.414856
2026-06-20 03:00:00,N09,-0.0794,0.005843,1.75,6.1927,0.001325,27.5,23.764808,86.414856
2026-06-20 04:00:00,N09,0.1645,0.005408,4.9,6.1937,0.001498,29.1,23.764808,86.414856
2026-06-20 05:00:00,N09,0.079,0.006503,1.95,6.1957,0.001824,30.9,23.764808,86.414856
2026-06-20 06:00:00,N09,-0.2649,0.006185,9.05,6.1974,0.001612,32.8,23.764808,86.414856
2026-06-20 07:00:00,N09,0.1195,0.005788,9.45,6.1989,0.001443,34.8,23.764808,86.414856
2026-06-20 08:00:00,N09,-0.1411,0.006301,1.13,6.2003,0.001446,36.6,23.764808,86.414856
2026-06-20 09:00:00,N09,-0.0608,0.008162,7.49,6.2018,0.001402,38.1,23.764808,86.414856
2026-06-20 10:00:00,N09,-0.1488,0.005735,8.9,6.2031,0.001266,39.3,23.764808,86.414856
2026-06-20 11:00:00,N09,-0.0348,0.005175,2.99,6.2043,0.001154,40.1,23.764808,86.414856
2026-06-20 12:00:00,N09,-0.2567,0.005125,4.57,6.2054,0.001021,40.3,23.764808,86.414856
2026-06-20 13:00:00,N09,0.1101,0.005543,5.35,6.2064,0.001332,40.1,23.764808,86.414856
2026-06-20 14:00:00,N09,-0.2126,0.005396,8.74,6.2081,0.004532,39.3,23.764808,86.414856
2026-06-20 15:00:00,N09,,,,,,,23.764808,86.414856
2026-06-20 16:00:00,N09,,,,,,,23.764808,86.414856
2026-06-20 17:00:00,N09,,,,,,,23.764808,86.414856
2026-06-20 18:00:00,N09,,,,,,,23.764808,86.414856
2026-06-20 19:00:00,N09,-0.0338,0.005861,6.91,6.2163,0.001193,30.9,23.764808,86.414856
2026-06-20 20:00:00,N09,-0.0942,0.005759,8.44,6.2175,0.001545,29.1,23.764808,86.414856
2026-06-20 21:00:00,N09,0.0354,0.007237,6.0,6.2193,0.001938,27.5,23.764808,86.414856
2026-06-20 22:00:00,N09,-0.0842,0.010558,3.08,6.2214,0.002022,26.3,23.764808,86.414856
2026-06-20 23:00:00,N09,-0.0743,0.007492,9.13,6.2234,0.001816,25.6,23.764808,86.414856
2026-06-21 00:00:00,N09,-0.0045,0.006881,2.88,6.225,0.001293,24.0,23.764808,86.414856
2026-06-21 01:00:00,N09,,,,,,,23.764808,86.414856
2026-06-21 02:00:00,N09,,,,,,,23.764808,86.414856
2026-06-21 03:00:00,N09,,,,,,,23.764808,86.414856
2026-06-21 04:00:00,N09,,,,,,,23.764808,86.414856
2026-06-21 05:00:00,N09,-0.1879,0.005577,2.56,6.2312,0.001193,29.5,23.764808,86.414856
2026-06-21 06:00:00,N09,0.0976,0.009142,5.51,6.2323,0.001066,31.5,23.764808,86.414856
2026-06-21 07:00:00,N09,-0.0511,0.008319,5.92,6.2334,0.001194,33.4,23.764808,86.414856
2026-06-21 08:00:00,N09,-0.1265,0.006398,7.5,6.2346,0.001333,35.2,23.764808,86.414856
2026-06-21 09:00:00,N09,-0.1327,0.005762,6.78,6.236,0.007438,36.8,23.764808,86.414856
2026-06-21 10:00:00,N09,-0.0898,0.609818,35.33,6.2495,0.007083,38.0,23.764808,86.414856
2026-06-21 11:00:00,N09,-0.0545,0.855484,16.63,6.2502,0.004608,38.7,23.764808,86.414856
2026-06-21 12:00:00,N09,-0.0721,0.005482,4.64,6.2403,0.004193,39.0,23.764808,86.414856
2026-06-21 13:00:00,N09,,,,,,,23.764808,86.414856
2026-06-21 14:00:00,N09,,,,,,,23.764808,86.414856
2026-06-21 15:00:00,N09,,,,,,,23.764808,86.414856
2026-06-21 16:00:00,N09,,,,,,,23.764808,86.414856
2026-06-21 17:00:00,N09,,,,,,,23.764808,86.414856
2026-06-21 18:00:00,N09,-0.1381,0.007435,5.78,6.2492,0.001864,31.5,23.764808,86.414856
2026-06-21 19:00:00,N09,0.0545,0.006446,2.97,6.2517,0.002101,29.5,23.764808,86.414856
2026-06-21 20:00:00,N09,,,,,,,23.764808,86.414856
2026-06-21 21:00:00,N09,-0.1417,0.006423,5.33,6.2543,0.001084,26.2,23.764808,86.414856
2026-06-21 22:00:00,N09,0.0683,0.006367,5.5,6.2556,0.001548,25.0,23.764808,86.414856
2026-06-21 23:00:00,N09,-0.1673,0.006622,3.72,6.2574,0.001655,24.2,23.764808,86.414856
2026-06-22 00:00:00,N09,-0.2862,0.006669,7.15,6.2589,0.001582,23.3,23.764808,86.414856
2026-06-22 01:00:00,N09,-0.2561,0.005943,9.24,6.2605,0.001482,23.5,23.764808,86.414856
2026-06-22 02:00:00,N09,-0.0046,0.00762,1.37,6.2619,0.001403,24.3,23.764808,86.414856
2026-06-22 03:00:00,N09,,,,,,,23.764808,86.414856
2026-06-22 04:00:00,N09,,,,,,,23.764808,86.414856
2026-06-22 05:00:00,N09,,,,,,,23.764808,86.414856
2026-06-22 06:00:00,N09,,,,,,,23.764808,86.414856
2026-06-22 07:00:00,N09,,,,,,,23.764808,86.414856
2026-06-22 08:00:00,N09,,,,,,,23.764808,86.414856
2026-06-22 09:00:00,N09,,,,,,,23.764808,86.414856
2026-06-22 10:00:00,N09,,,,,,,23.764808,86.414856
2026-06-22 11:00:00,N09,,,,,,,23.764808,86.414856
2026-06-22 12:00:00,N09,,,,,,,23.764808,86.414856
2026-06-22 13:00:00,N09,,,,,,,23.764808,86.414856
2026-06-22 14:00:00,N09,,,,,,,23.764808,86.414856
2026-06-22 15:00:00,N09,,,,,,,23.764808,86.414856
2026-06-22 16:00:00,N09,,,,,,,23.764808,86.414856
2026-06-22 17:00:00,N09,,,,,,,23.764808,86.414856
2026-06-22 18:00:00,N09,,,,,,,23.764808,86.414856
2026-06-22 19:00:00,N09,-0.1299,0.005141,7.84,6.2918,0.001349,28.8,23.764808,86.414856
2026-06-22 20:00:00,N09,,,,,,,23.764808,86.414856
2026-06-22 21:00:00,N09,,,,,,,23.764808,86.414856
2026-06-22 22:00:00,N09,,,,,,,23.764808,86.414856
2026-06-22 23:00:00,N09,,,,,,,23.764808,86.414856
2026-06-23 00:00:00,N09,-0.3066,0.00594,3.69,6.2985,0.001096,21.0,23.764808,86.414856
2026-06-23 01:00:00,N09,-0.0314,0.007425,2.58,6.2999,0.001548,21.3,23.764808,86.414856
2026-06-23 02:00:00,N09,-0.0096,0.006379,5.42,6.3016,0.001891,22.0,23.764808,86.414856
2026-06-23 03:00:00,N09,,,,,,,23.764808,86.414856
2026-06-23 04:00:00,N09,,,,,,,23.764808,86.414856
2026-06-23 05:00:00,N09,,,,,,,23.764808,86.414856
2026-06-23 06:00:00,N09,0.0512,0.007763,1.29,6.3088,0.007115,28.5,23.764808,86.414856
2026-06-23 07:00:00,N09,-0.4317,0.908581,48.58,6.3214,0.007105,30.5,23.764808,86.414856
2026-06-23 08:00:00,N09,,,,,,,23.764808,86.414856
2026-06-23 09:00:00,N09,,,,,,,23.764808,86.414856
2026-06-23 10:00:00,N09,,,,,,,23.764808,86.414856
2026-06-23 11:00:00,N09,-0.0032,0.006159,5.27,6.3168,0.004829,35.8,23.764808,86.414856
2026-06-23 12:00:00,N09,-0.021,0.772367,21.6,6.3056,0.001566,36.0,23.764808,86.414856
2026-06-23 13:00:00,N09,0.0825,0.009876,4.76,6.3199,0.008272,35.8,23.764808,86.414856
2026-06-23 14:00:00,N09,-0.2759,0.005676,5.35,6.3221,0.00257,35.0,23.764808,86.414856
2026-06-23 15:00:00,N09,-0.1314,0.593232,40.33,6.3148,0.001301,33.8,23.764808,86.414856
2026-06-23 16:00:00,N09,-0.0442,0.008664,4.92,6.3247,0.005413,32.3,23.764808,86.414856
2026-06-23 17:00:00,N09,-0.081,0.006573,1.88,6.3256,0.00157,30.5,23.764808,86.414856
2026-06-23 18:00:00,N09,0.0501,0.007889,7.97,6.3279,0.00169,28.5,23.764808,86.414856
2026-06-23 19:00:00,N09,,,,,,,23.764808,86.414856
2026-06-23 20:00:00,N09,,,,,,,23.764808,86.414856
2026-06-23 21:00:00,N09,,,,,,,23.764808,86.414856
2026-06-23 22:00:00,N09,-0.0367,0.008176,3.3,6.3346,0.001891,22.0,23.764808,86.414856
2026-06-23 23:00:00,N09,-0.0936,0.007801,7.23,6.3362,0.001732,21.3,23.764808,86.414856
2026-06-24 00:00:00,N09,,,,,,,23.764808,86.414856
2026-06-24 01:00:00,N09,,,,,,,23.764808,86.414856
2026-06-24 02:00:00,N09,,,,,,,23.764808,86.414856
2026-06-24 03:00:00,N09,,,,,,,23.764808,86.414856
2026-06-24 04:00:00,N09,,,,,,,23.764808,86.414856
2026-06-24 05:00:00,N09,-0.2224,0.006791,9.97,6.3456,0.001408,32.1,23.764808,86.414856
2026-06-24 06:00:00,N09,-0.1174,0.005098,1.61,6.3468,0.006849,34.1,23.764808,86.414856
2026-06-24 07:00:00,N09,-0.0624,0.88146,43.5,6.3319,0.002501,36.0,23.764808,86.414856
2026-06-24 08:00:00,N09,,,,,,,23.764808,86.414856
2026-06-24 09:00:00,N09,,,,,,,23.764808,86.414856
2026-06-24 10:00:00,N09,,,,,,,23.764808,86.414856
2026-06-24 11:00:00,N09,0.0095,0.005155,2.48,6.3574,0.001209,41.3,23.764808,86.414856
2026-06-24 12:00:00,N09,-0.0145,0.006097,4.77,6.3581,0.007394,41.6,23.764808,86.414856
2026-06-24 13:00:00,N09,-0.2511,0.717241,20.6,6.3722,0.001434,41.3,23.764808,86.414856
2026-06-24 14:00:00,N09,0.0997,0.006261,7.51,6.361,0.004669,40.5,23.764808,86.414856
2026-06-24 15:00:00,N09,0.1126,0.008227,4.71,6.3629,0.001771,39.4,23.764808,86.414856
2026-06-24 16:00:00,N09,-0.1023,0.006918,3.84,6.3645,0.001429,37.8,23.764808,86.414856
2026-06-24 17:00:00,N09,,,,,,,23.764808,86.414856
2026-06-24 18:00:00,N09,,,,,,,23.764808,86.414856
2026-06-24 19:00:00,N09,0.0133,0.005883,5.68,6.3689,0.001832,32.1,23.764808,86.414856
2026-06-24 20:00:00,N09,-0.1533,0.007097,9.21,6.3705,0.001215,30.3,23.764808,86.414856
2026-06-24 21:00:00,N09,0.1004,0.005295,4.35,6.3713,0.001817,28.7,23.764808,86.414856
2026-06-24 22:00:00,N09,0.018,0.005573,6.32,6.3741,0.002076,27.6,23.764808,86.414856
2026-06-24 23:00:00,N09,0.0605,0.006229,9.59,6.3755,0.001327,26.8,23.764808,86.414856
2026-06-25 00:00:00,N09,-0.1856,0.006862,5.2,6.3768,0.002026,27.2,23.764808,86.414856
2026-06-25 01:00:00,N09,-0.0399,0.009766,4.33,6.3795,0.002253,27.4,23.764808,86.414856
2026-06-25 02:00:00,N09,-0.2259,0.006162,1.75,6.3813,0.002016,28.2,23.764808,86.414856
2026-06-25 03:00:00,N09,-0.1053,0.006671,3.53,6.3836,0.002297,29.4,23.764808,86.414856
2026-06-25 04:00:00,N09,0.0313,0.006323,8.33,6.3859,0.001718,30.9,23.764808,86.414856
2026-06-25 05:00:00,N09,0.1953,0.010245,9.04,6.387,0.001327,32.8,23.764808,86.414856
2026-06-25 06:00:00,N09,-0.316,0.007079,4.79,6.3885,0.001418,34.7,23.764808,86.414856
2026-06-25 07:00:00,N09,-0.0496,0.007248,3.13,6.3898,0.001316,36.6,23.764808,86.414856
2026-06-25 08:00:00,N09,,,,,,,23.764808,86.414856
2026-06-25 09:00:00,N09,,,,,,,23.764808,86.414856
2026-06-25 10:00:00,N09,,,,,,,23.764808,86.414856
2026-06-25 11:00:00,N09,0.3594,0.005355,9.71,6.3953,0.002152,41.9,23.764808,86.414856
2026-06-25 12:00:00,N09,-0.1425,0.005463,7.01,6.3974,0.00203,42.2,23.764808,86.414856
2026-06-25 13:00:00,N09,-0.0184,0.005441,5.3,6.3994,0.001803,41.9,23.764808,86.414856
2026-06-25 14:00:00,N09,0.3455,0.007377,7.13,6.401,0.005727,41.2,23.764808,86.414856
2026-06-25 15:00:00,N09,-0.2546,0.521104,24.22,6.4108,0.013658,40.0,23.764808,86.414856
2026-06-25 16:00:00,N09,0.0269,0.785942,30.18,6.4284,0.002949,38.4,23.764808,86.414856
2026-06-25 17:00:00,N09,-0.2166,0.006564,8.92,6.405,0.011119,36.6,23.764808,86.414856
2026-06-25 18:00:00,N09,-0.5537,0.005851,6.54,6.4061,0.001613,34.7,23.764808,86.414856
2026-06-25 19:00:00,N09,-0.0712,0.006102,4.51,6.4082,0.002125,32.8,23.764808,86.414856
2026-06-25 20:00:00,N09,-0.4096,0.007972,6.2,6.4104,0.00161,30.9,23.764808,86.414856
2026-06-25 21:00:00,N09,-0.2514,0.007639,4.89,6.4114,0.001147,29.4,23.764808,86.414856
2026-06-25 22:00:00,N09,-0.084,0.00587,4.18,6.4127,0.001117,28.2,23.764808,86.414856
2026-06-25 23:00:00,N09,-0.1712,0.008978,2.7,6.4136,0.001042,27.4,23.764808,86.414856
2026-06-26 00:00:00,N09,-0.1763,0.006877,4.2,6.4147,0.00109,21.0,23.764808,86.414856
2026-06-26 01:00:00,N09,0.0811,0.006298,2.23,6.4158,0.000965,21.3,23.764808,86.414856
2026-06-26 02:00:00,N09,-0.1428,0.008816,8.95,6.4167,0.00139,22.0,23.764808,86.414856
2026-06-26 03:00:00,N09,-0.387,0.008064,1.62,6.4186,0.001179,23.2,23.764808,86.414856
2026-06-26 04:00:00,N09,-0.321,0.005646,7.12,6.419,0.000404,24.8,23.764808,86.414856
2026-06-26 05:00:00,N09,,,,,,,23.764808,86.414856
2026-06-26 06:00:00,N09,,,,,,,23.764808,86.414856
2026-06-26 07:00:00,N09,0.0592,0.005689,9.16,6.4218,0.001273,30.4,23.764808,86.414856
2026-06-26 08:00:00,N09,-0.1722,0.005125,1.86,6.4228,0.000946,32.3,23.764808,86.414856
2026-06-26 09:00:00,N09,-0.2963,0.007459,8.96,6.4237,0.001601,33.8,23.764808,86.414856
2026-06-26 10:00:00,N09,-0.1395,0.00778,9.13,6.426,0.001779,35.0,23.764808,86.414856
2026-06-26 11:00:00,N09,-0.2051,0.008303,9.46,6.4273,0.001326,35.8,23.764808,86.414856
2026-06-26 12:00:00,N09,0.1876,0.008091,6.83,6.4287,0.001887,36.0,23.764808,86.414856
2026-06-26 13:00:00,N09,0.358,0.00642,1.54,6.4311,0.001778,35.8,23.764808,86.414856
2026-06-26 14:00:00,N09,,,,,,,23.764808,86.414856
2026-06-26 15:00:00,N09,0.1434,0.007047,4.39,6.434,0.00783,33.8,23.764808,86.414856
2026-06-26 16:00:00,N09,-0.0177,0.81315,49.99,6.4479,0.007485,32.3,23.764808,86.414856
2026-06-26 17:00:00,N09,-0.4789,0.733906,26.61,6.449,0.005345,30.4,23.764808,86.414856
2026-06-26 18:00:00,N09,0.0587,0.006529,8.6,6.4372,0.005004,28.5,23.764808,86.414856
2026-06-26 19:00:00,N09,,,,,,,23.764808,86.414856
2026-06-26 20:00:00,N09,,,,,,,23.764808,86.414856
2026-06-26 21:00:00,N09,,,,,,,23.764808,86.414856
2026-06-26 22:00:00,N09,-0.2552,0.00956,9.52,6.4429,0.001597,22.0,23.764808,86.414856
2026-06-26 23:00:00,N09,-0.2912,0.005438,3.89,6.445,0.001535,21.3,23.764808,86.414856
2026-06-27 00:00:00,N09,0.0036,0.005683,5.54,6.4459,0.000971,22.9,23.764808,86.414856
2026-06-27 01:00:00,N09,-0.2261,0.005751,3.92,6.4469,0.001004,23.1,23.764808,86.414856
2026-06-27 02:00:00,N09,,,,,,,23.764808,86.414856
2026-06-27 03:00:00,N09,-0.2685,0.008358,6.4,6.4495,0.001558,25.1,23.764808,86.414856
2026-06-27 04:00:00,N09,-0.1971,0.00528,4.35,6.4511,0.001459,26.6,23.764808,86.414856
2026-06-27 05:00:00,N09,,,,,,,23.764808,86.414856
2026-06-27 06:00:00,N09,,,,,,,23.764808,86.414856
2026-06-27 07:00:00,N09,,,,,,,23.764808,86.414856
2026-06-27 08:00:00,N09,,,,,,,23.764808,86.414856
2026-06-27 09:00:00,N09,,,,,,,23.764808,86.414856
2026-06-27 10:00:00,N09,-0.2711,0.008,8.89,6.4595,0.001025,36.9,23.764808,86.414856
2026-06-27 11:00:00,N09,-0.2718,0.005643,2.44,6.4603,0.001148,37.6,23.764808,86.414856
2026-06-27 12:00:00,N09,-0.103,0.009558,7.44,6.4618,0.001061,37.9,23.764808,86.414856
2026-06-27 13:00:00,N09,,,,,,,23.764808,86.414856
2026-06-27 14:00:00,N09,,,,,,,23.764808,86.414856
2026-06-27 15:00:00,N09,,,,,,,23.764808,86.414856
2026-06-27 16:00:00,N09,,,,,,,23.764808,86.414856
2026-06-27 17:00:00,N09,0.0674,0.981217,26.03,6.4728,0.004437,32.3,23.764808,86.414856
2026-06-27 18:00:00,N09,-0.0577,0.601794,28.01,6.4752,0.000992,30.4,23.764808,86.414856
2026-06-27 19:00:00,N09,-0.0947,0.005073,9.43,6.4709,0.001593,28.5,23.764808,86.414856
2026-06-27 20:00:00,N09,-0.2698,0.00733,3.0,6.472,0.001369,26.6,23.764808,86.414856
2026-06-27 21:00:00,N09,-0.0281,0.007433,3.83,6.4736,0.001454,25.1,23.764808,86.414856
2026-06-27 22:00:00,N09,-0.1284,0.005614,1.02,6.4749,0.001704,23.9,23.764808,86.414856
2026-06-27 23:00:00,N09,,,,,,,23.764808,86.414856
2026-06-28 00:00:00,N09,-0.0237,0.006491,7.21,6.4783,0.001198,26.6,23.764808,86.414856
2026-06-28 01:00:00,N09,-0.249,0.006183,9.21,6.4794,0.001355,26.9,23.764808,86.414856
2026-06-28 02:00:00,N09,,,,,,,23.764808,86.414856
2026-06-28 03:00:00,N09,,,,,,,23.764808,86.414856
2026-06-28 04:00:00,N09,,,,,,,23.764808,86.414856
2026-06-28 05:00:00,N09,,,,,,,23.764808,86.414856
2026-06-28 06:00:00,N09,,,,,,,23.764808,86.414856
2026-06-28 07:00:00,N09,-0.077,0.006549,1.06,6.4878,0.002963,36.1,23.764808,86.414856
2026-06-28 08:00:00,N09,0.0255,0.648188,24.98,6.4812,0.001124,37.9,23.764808,86.414856
2026-06-28 09:00:00,N09,,,,,,,23.764808,86.414856
2026-06-28 10:00:00,N09,,,,,,,23.764808,86.414856
2026-06-28 11:00:00,N09,0.4434,0.980406,18.57,6.4865,0.001629,41.4,23.764808,86.414856
2026-06-28 12:00:00,N09,-0.1482,0.904778,43.7,6.4879,0.003822,41.6,23.764808,86.414856
2026-06-28 13:00:00,N09,0.0464,0.005218,4.65,6.4941,0.00393,41.4,23.764808,86.414856
2026-06-28 14:00:00,N09,,,,,,,23.764808,86.414856
2026-06-28 15:00:00,N09,,,,,,,23.764808,86.414856
2026-06-28 16:00:00,N09,,,,,,,23.764808,86.414856
2026-06-28 17:00:00,N09,,,,,,,23.764808,86.414856
2026-06-28 18:00:00,N09,-0.1776,0.006871,7.42,6.5011,0.001284,34.1,23.764808,86.414856
2026-06-28 19:00:00,N09,-0.2125,0.005919,4.31,6.5025,0.001174,32.2,23.764808,86.414856
2026-06-28 20:00:00,N09,-0.2065,0.008726,6.54,6.5034,0.000903,30.4,23.764808,86.414856
2026-06-28 21:00:00,N09,-0.0672,0.005417,4.21,6.5043,0.001099,28.8,23.764808,86.414856
2026-06-28 22:00:00,N09,-0.3345,0.005635,6.45,6.5056,0.001566,27.6,23.764808,86.414856
2026-06-28 23:00:00,N09,-0.2553,0.008373,4.43,6.5074,0.001258,26.9,23.764808,86.414856
2026-06-29 00:00:00,N09,-0.0627,0.005407,3.66,6.5081,0.000885,25.4,23.764808,86.414856
2026-06-29 01:00:00,N09,,,,,,,23.764808,86.414856
2026-06-29 02:00:00,N09,,,,,,,23.764808,86.414856
2026-06-29 03:00:00,N09,,,,,,,23.764808,86.414856
2026-06-29 04:00:00,N09,,,,,,,23.764808,86.414856
2026-06-29 05:00:00,N09,,,,,,,23.764808,86.414856
2026-06-29 06:00:00,N09,0.0694,0.00722,8.74,6.5174,0.001144,32.9,23.764808,86.414856
2026-06-29 07:00:00,N09,0.3142,0.005594,8.88,6.5185,0.010971,34.8,23.764808,86.414856
2026-06-29 08:00:00,N09,0.0017,0.690422,16.28,6.5393,0.001154,36.6,23.764808,86.414856
2026-06-29 09:00:00,N09,-0.1958,0.005335,6.4,6.5208,0.008957,38.2,23.764808,86.414856
2026-06-29 10:00:00,N09,-0.0141,0.005672,9.0,6.5214,0.007648,39.4,23.764808,86.414856
2026-06-29 11:00:00,N09,-0.1782,0.804453,47.23,6.5055,0.000467,40.1,23.764808,86.414856
2026-06-29 12:00:00,N09,0.0538,0.006445,7.29,6.5223,0.008818,40.4,23.764808,86.414856
2026-06-29 13:00:00,N09,,,,,,,23.764808,86.414856
2026-06-29 14:00:00,N09,,,,,,,23.764808,86.414856
2026-06-29 15:00:00,N09,,,,,,,23.764808,86.414856
2026-06-29 16:00:00,N09,-0.0188,0.006714,7.13,6.5257,0.003609,36.6,23.764808,86.414856
2026-06-29 17:00:00,N09,0.0937,0.005808,4.28,6.5266,0.00037,34.8,23.764808,86.414856
2026-06-29 18:00:00,N09,-0.1462,0.006298,3.27,6.5265,0.000199,32.9,23.764808,86.414856
2026-06-29 19:00:00,N09,-0.0504,0.005497,2.92,6.5262,8.4e-05,30.9,23.764808,86.414856
2026-06-29 20:00:00,N09,,,,,,,23.764808,86.414856
2026-06-29 21:00:00,N09,,,,,,,23.764808,86.414856
2026-06-29 22:00:00,N09,,,,,,,23.764808,86.414856
2026-06-29 23:00:00,N09,,,,,,,23.764808,86.414856
2026-06-30 00:00:00,N09,,,,,,,23.764808,86.414856
2026-06-30 01:00:00,N09,0.2287,0.010241,2.75,6.525,4.7e-05,24.0,23.764808,86.414856
2026-06-30 02:00:00,N09,-0.0633,0.007053,8.31,6.5254,0.000274,24.7,23.764808,86.414856
2026-06-30 03:00:00,N09,0.0056,0.006066,2.22,6.5256,0.000458,25.9,23.764808,86.414856
2026-06-30 04:00:00,N09,0.0964,0.005873,4.5,6.5263,0.000119,27.5,23.764808,86.414856
2026-06-30 05:00:00,N09,-0.3634,0.00509,7.39,6.5254,0.000337,29.3,23.764808,86.414856
2026-06-30 06:00:00,N09,0.0221,0.007408,6.86,6.5256,0.000349,31.2,23.764808,86.414856
2026-06-30 07:00:00,N09,0.0201,0.005248,4.56,6.526,1e-06,33.2,23.764808,86.414856
2026-06-30 08:00:00,N09,-0.3105,0.008324,2.54,6.5256,9.2e-05,35.0,23.764808,86.414856
2026-06-30 09:00:00,N09,-0.0846,0.006446,9.08,6.5259,0.000327,36.5,23.764808,86.414856
2026-06-30 10:00:00,N09,0.0366,0.005048,9.99,6.5263,9.6e-05,37.7,23.764808,86.414856
2026-06-30 11:00:00,N09,0.0047,0.006618,7.98,6.5261,0.000351,38.5,23.764808,86.414856
2026-06-30 12:00:00,N09,,,,,,,23.764808,86.414856
2026-06-30 13:00:00,N09,,,,,,,23.764808,86.414856
2026-06-30 14:00:00,N09,,,,,,,23.764808,86.414856
2026-06-30 15:00:00,N09,,,,,,,23.764808,86.414856
2026-06-30 16:00:00,N09,0.0485,0.005332,3.36,6.5273,0.004495,35.0,23.764808,86.414856
2026-06-30 17:00:00,N09,-0.0514,0.746652,16.13,6.5182,0.000679,33.2,23.764808,86.414856
2026-06-30 18:00:00,N09,0.0256,0.006963,1.17,6.5286,0.005509,31.2,23.764808,86.414856
2026-06-30 19:00:00,N09,-0.221,0.008268,7.48,6.5292,9e-06,29.3,23.764808,86.414856
2026-06-30 20:00:00,N09,,,,,,,23.764808,86.414856
2026-06-30 21:00:00,N09,-0.0494,0.005636,5.03,6.5282,0.00018,25.9,23.764808,86.414856
2026-06-30 22:00:00,N09,-0.2802,0.007069,7.04,6.529,0.000145,24.7,23.764808,86.414856
2026-06-30 23:00:00,N09,0.0184,0.00604,4.35,6.5279,0.00056,24.0,23.764808,86.414856
2026-07-01 00:00:00,N09,0.1269,0.010261,7.96,6.5279,0.000393,25.7,23.764808,86.414856
2026-07-01 01:00:00,N09,,,,,,,23.764808,86.414856
2026-07-01 02:00:00,N09,0.1194,0.005903,8.93,6.529,0.000485,26.7,23.764808,86.414856
2026-07-01 03:00:00,N09,-0.3278,0.006266,2.09,6.5296,0.000651,27.9,23.764808,86.414856
2026-07-01 04:00:00,N09,0.1325,0.008583,7.98,6.5303,0.000599,29.5,23.764808,86.414856
2026-07-01 05:00:00,N09,-0.0969,0.006303,7.0,6.5308,0.000469,31.3,23.764808,86.414856
2026-07-01 06:00:00,N09,0.1766,0.009,6.6,6.5312,0.009691,33.2,23.764808,86.414856
2026-07-01 07:00:00,N09,-0.1267,0.744029,19.97,6.5502,0.009808,35.2,23.764808,86.414856
2026-07-01 08:00:00,N09,-0.1941,0.563386,25.82,6.5508,0.008767,37.0,23.764808,86.414856
2026-07-01 09:00:00,N09,-0.101,0.005021,6.54,6.5327,0.008908,38.5,23.764808,86.414856
2026-07-01 10:00:00,N09,-0.1338,0.008171,8.02,6.533,0.009449,39.7,23.764808,86.414856
2026-07-01 11:00:00,N09,-0.017,0.972441,24.32,6.5138,0.009476,40.5,23.764808,86.414856
2026-07-01 12:00:00,N09,0.0519,0.618341,38.59,6.514,0.005349,40.7,23.764808,86.414856
2026-07-01 13:00:00,N09,-0.1214,0.633754,30.25,6.5245,0.009294,40.5,23.764808,86.414856
2026-07-01 14:00:00,N09,-0.0213,0.005497,5.57,6.5326,0.004015,39.7,23.764808,86.414856
2026-07-01 15:00:00,N09,-0.127,0.00512,8.33,6.5325,0.00021,38.5,23.764808,86.414856
2026-07-01 16:00:00,N09,-0.1944,0.005579,7.13,6.5322,0.000304,37.0,23.764808,86.414856
2026-07-01 17:00:00,N09,-0.1341,0.005412,3.28,6.5331,0.00093,35.2,23.764808,86.414856
2026-07-01 18:00:00,N09,-0.1155,0.007317,3.95,6.5341,0.00044,33.2,23.764808,86.414856
2026-07-01 19:00:00,N09,0.1173,0.00742,7.36,6.534,7.7e-05,31.3,23.764808,86.414856
2026-07-01 20:00:00,N09,-0.3335,0.005793,6.01,6.5339,0.000171,29.5,23.764808,86.414856
2026-07-01 21:00:00,N09,,,,,,,23.764808,86.414856
2026-07-01 22:00:00,N09,,,,,,,23.764808,86.414856
2026-07-01 23:00:00,N09,,,,,,,23.764808,86.414856
2026-07-02 00:00:00,N09,,,,,,,23.764808,86.414856
2026-07-02 01:00:00,N09,-0.0399,0.005627,6.62,6.5348,0.000436,27.4,23.764808,86.414856
2026-07-02 02:00:00,N09,-0.1812,0.008517,6.38,6.5351,0.000406,28.1,23.764808,86.414856
2026-07-02 03:00:00,N09,0.1169,0.005628,8.34,6.5356,0.000329,29.3,23.764808,86.414856
2026-07-02 04:00:00,N09,,,,,,,23.764808,86.414856
2026-07-02 05:00:00,N09,-0.5001,0.006656,1.38,6.5352,0.000339,32.7,23.764808,86.414856
2026-07-02 06:00:00,N09,-0.2364,0.005451,6.76,6.5351,0.000392,34.6,23.764808,86.414856
2026-07-02 07:00:00,N09,-0.1868,0.00636,3.75,6.5345,9.8e-05,36.6,23.764808,86.414856
2026-07-02 08:00:00,N09,-0.1147,0.008692,4.36,6.5353,0.000329,38.4,23.764808,86.414856
2026-07-02 09:00:00,N09,-0.2223,0.006405,6.73,6.5351,0.006849,39.9,23.764808,86.414856
2026-07-02 10:00:00,N09,-0.2959,0.820445,49.76,6.5216,0.006334,41.1,23.764808,86.414856
2026-07-02 11:00:00,N09,-0.3878,0.894408,25.77,6.5224,0.007448,41.9,23.764808,86.414856
2026-07-02 12:00:00,N09,-0.1127,0.007794,2.74,6.5365,0.007247,42.1,23.764808,86.414856
2026-07-02 13:00:00,N09,0.0149,0.005955,7.28,6.5369,0.00028,41.9,23.764808,86.414856
2026-07-02 14:00:00,N09,-0.0327,0.007174,2.97,6.5359,0.000554,41.1,23.764808,86.414856
2026-07-02 15:00:00,N09,-0.2111,0.005584,9.31,6.5358,0.006667,39.9,23.764808,86.414856
2026-07-02 16:00:00,N09,-0.2178,0.567875,35.12,6.5493,0.000893,38.4,23.764808,86.414856
2026-07-02 17:00:00,N09,-0.1716,0.006272,4.61,6.5376,0.005468,36.6,23.764808,86.414856
2026-07-02 18:00:00,N09,-0.1691,0.005945,4.74,6.5383,0.000469,34.6,23.764808,86.414856
2026-07-02 19:00:00,N09,-0.219,0.006586,5.43,6.5386,6.9e-05,32.7,23.764808,86.414856
2026-07-02 20:00:00,N09,-0.0944,0.005779,6.47,6.5385,0.00014,30.9,23.764808,86.414856
2026-07-02 21:00:00,N09,,,,,,,23.764808,86.414856
2026-07-02 22:00:00,N09,,,,,,,23.764808,86.414856
2026-07-02 23:00:00,N09,,,,,,,23.764808,86.414856
2026-07-03 00:00:00,N09,,,,,,,23.764808,86.414856
2026-07-03 01:00:00,N09,-0.1401,0.005019,8.19,6.5391,0.000181,26.4,23.764808,86.414856
2026-07-03 02:00:00,N09,-0.0109,0.005657,1.8,6.539,8.6e-05,27.1,23.764808,86.414856
2026-07-03 03:00:00,N09,0.0793,0.008626,8.93,6.5389,0.000353,28.3,23.764808,86.414856
2026-07-03 04:00:00,N09,0.0531,0.005149,7.8,6.5397,0.000434,29.9,23.764808,86.414856
2026-07-03 05:00:00,N09,-0.0295,0.00789,5.84,6.5398,8.3e-05,31.7,23.764808,86.414856
2026-07-03 06:00:00,N09,0.1561,0.005216,8.03,6.5398,9e-06,33.6,23.764808,86.414856
2026-07-03 07:00:00,N09,-0.1397,0.006708,8.92,6.5397,0.004308,35.6,23.764808,86.414856
2026-07-03 08:00:00,N09,-0.203,0.925823,36.78,6.5312,0.000451,37.4,23.764808,86.414856
2026-07-03 09:00:00,N09,0.0515,0.006066,9.37,6.5406,0.005014,38.9,23.764808,86.414856
2026-07-03 10:00:00,N09,,,,,,,23.764808,86.414856
2026-07-03 11:00:00,N09,,,,,,,23.764808,86.414856
2026-07-03 12:00:00,N09,,,,,,,23.764808,86.414856
2026-07-03 13:00:00,N09,-0.0493,0.007455,5.7,6.5419,0.002879,40.9,23.764808,86.414856
2026-07-03 14:00:00,N09,-0.0194,0.006192,8.76,6.5425,0.000127,40.1,23.764808,86.414856
2026-07-03 15:00:00,N09,0.0504,0.005551,6.05,6.5422,2e-05,38.9,23.764808,86.414856
2026-07-03 16:00:00,N09,-0.1571,0.005773,2.64,6.5425,0.00026,37.4,23.764808,86.414856
2026-07-03 17:00:00,N09,,,,,,,23.764808,86.414856
2026-07-03 18:00:00,N09,,,,,,,23.764808,86.414856
2026-07-03 19:00:00,N09,-0.133,0.007533,7.39,6.5433,0.000206,31.7,23.764808,86.414856
2026-07-03 20:00:00,N09,-0.2441,0.009927,2.84,6.5443,0.000772,29.9,23.764808,86.414856
2026-07-03 21:00:00,N09,,,,,,,23.764808,86.414856
2026-07-03 22:00:00,N09,0.0065,0.008586,3.83,6.5442,0.000413,27.1,23.764808,86.414856
2026-07-03 23:00:00,N09,-0.224,0.006425,7.54,6.544,3.1e-05,26.4,23.764808,86.414856
2026-07-04 00:00:00,N09,,,,,,,23.764808,86.414856
2026-07-04 01:00:00,N09,,,,,,,23.764808,86.414856
2026-07-04 02:00:00,N09,-0.0127,0.006477,9.38,6.5465,0.001102,24.9,23.764808,86.414856
2026-07-04 03:00:00,N09,-0.3749,0.00544,7.46,6.5478,0.000881,26.1,23.764808,86.414856
2026-07-04 04:00:00,N09,-0.3028,0.006247,2.53,6.5483,0.000396,27.6,23.764808,86.414856
2026-07-04 05:00:00,N09,0.2315,0.006419,7.32,6.5486,0.000603,29.4,23.764808,86.414856
2026-07-04 06:00:00,N09,-0.4055,0.008472,5.34,6.5495,0.000484,31.4,23.764808,86.414856
2026-07-04 07:00:00,N09,-0.3639,0.006498,1.49,6.5496,0.000247,33.3,23.764808,86.414856
2026-07-04 08:00:00,N09,0.03,0.006387,3.95,6.55,0.000346,35.1,23.764808,86.414856
2026-07-04 09:00:00,N09,-0.2983,0.008542,2.38,6.5503,0.000221,36.7,23.764808,86.414856
2026-07-04 10:00:00,N09,-0.2192,0.006042,8.98,6.5504,0.00412,37.9,23.764808,86.414856
2026-07-04 11:00:00,N09,-0.2896,0.640114,26.49,6.542,0.004357,38.6,23.764808,86.414856
2026-07-04 12:00:00,N09,-0.3099,0.775564,44.7,6.5417,0.004651,38.9,23.764808,86.414856
2026-07-04 13:00:00,N09,0.0043,0.006826,5.06,6.5513,0.004771,38.6,23.764808,86.414856
2026-07-04 14:00:00,N09,-0.1491,0.006876,8.78,6.5513,0.000223,37.9,23.764808,86.414856
2026-07-04 15:00:00,N09,0.0436,0.005166,5.91,6.5509,6.3e-05,36.7,23.764808,86.414856
2026-07-04 16:00:00,N09,-0.0565,0.005112,6.6,6.5514,0.000135,35.1,23.764808,86.414856
2026-07-04 17:00:00,N09,-0.0977,0.006621,9.7,6.5506,0.000202,33.3,23.764808,86.414856
2026-07-04 18:00:00,N09,-0.231,0.008041,9.27,6.5518,0.000672,31.4,23.764808,86.414856
2026-07-04 19:00:00,N09,0.1206,0.00524,5.31,6.552,0.000219,29.4,23.764808,86.414856
2026-07-04 20:00:00,N09,-0.3594,0.008085,7.86,6.5522,7e-06,27.6,23.764808,86.414856
2026-07-04 21:00:00,N09,-0.1567,0.006919,4.49,6.552,0.000177,26.1,23.764808,86.414856
2026-07-04 22:00:00,N09,-0.0914,0.00617,3.27,6.5519,3.5e-05,24.9,23.764808,86.414856
2026-07-04 23:00:00,N09,-0.072,0.007036,9.86,6.5519,0.000186,24.1,23.764808,86.414856
2026-07-05 00:00:00,N09,0.2159,0.006327,5.03,6.5515,0.000214,25.7,23.764808,86.414856
2026-07-05 01:00:00,N09,,,,,,,23.764808,86.414856
2026-07-05 02:00:00,N09,,,,,,,23.764808,86.414856
2026-07-05 03:00:00,N09,,,,,,,23.764808,86.414856
2026-07-05 04:00:00,N09,-0.1683,0.009521,8.83,6.5526,0.000204,29.5,23.764808,86.414856
2026-07-05 05:00:00,N09,0.1161,0.00885,4.18,6.5524,6.4e-05,31.3,23.764808,86.414856
2026-07-05 06:00:00,N09,-0.1764,0.005902,8.66,6.5528,0.00031,33.2,23.764808,86.414856
2026-07-05 07:00:00,N09,-0.1266,0.007637,1.7,6.553,0.002228,35.1,23.764808,86.414856
2026-07-05 08:00:00,N09,-0.0425,0.654365,24.6,6.5483,0.005727,37.0,23.764808,86.414856
2026-07-05 09:00:00,N09,,,,,,,23.764808,86.414856
2026-07-05 10:00:00,N09,0.0608,0.005477,8.42,6.5541,0.006256,39.7,23.764808,86.414856
2026-07-05 11:00:00,N09,-0.0675,0.007629,7.24,6.5541,0.000182,40.4,23.764808,86.414856
2026-07-05 12:00:00,N09,0.1573,0.006693,1.87,6.5545,0.000278,40.7,23.764808,86.414856
2026-07-05 13:00:00,N09,-0.0661,0.006272,8.9,6.5546,0.000587,40.4,23.764808,86.414856
2026-07-05 14:00:00,N09,0.1355,0.006028,2.43,6.5557,0.006001,39.7,23.764808,86.414856
2026-07-05 15:00:00,N09,,,,,,,23.764808,86.414856
2026-07-05 16:00:00,N09,,,,,,,23.764808,86.414856
2026-07-05 17:00:00,N09,,,,,,,23.764808,86.414856
2026-07-05 18:00:00,N09,,,,,,,23.764808,86.414856
2026-07-05 19:00:00,N09,-0.0606,0.005846,4.18,6.5586,0.000274,31.3,23.764808,86.414856
2026-07-05 20:00:00,N09,0.0481,0.007104,3.52,6.5588,0.000478,29.5,23.764808,86.414856
2026-07-05 21:00:00,N09,-0.0822,0.009352,1.77,6.5595,0.001088,27.9,23.764808,86.414856
2026-07-05 22:00:00,N09,0.1258,0.005622,7.94,6.5609,0.000738,26.7,23.764808,86.414856
2026-07-05 23:00:00,N09,0.0554,0.008528,8.59,6.561,2.9e-05,26.0,23.764808,86.414856
2026-07-06 00:00:00,N09,,,,,,,23.764808,86.414856
2026-07-06 01:00:00,N09,,,,,,,23.764808,86.414856
2026-07-06 02:00:00,N09,,,,,,,23.764808,86.414856
2026-07-06 03:00:00,N09,,,,,,,23.764808,86.414856
2026-07-06 04:00:00,N09,-0.0407,0.005632,2.82,6.5612,0.000483,30.2,23.764808,86.414856
2026-07-06 05:00:00,N09,,,,,,,23.764808,86.414856
2026-07-06 06:00:00,N09,,,,,,,23.764808,86.414856
2026-07-06 07:00:00,N09,-0.0638,0.006948,1.94,6.5624,0.000347,35.9,23.764808,86.414856
2026-07-06 08:00:00,N09,0.0025,0.005451,1.41,6.562,0.000171,37.7,23.764808,86.414856
2026-07-06 09:00:00,N09,-0.0712,0.007112,5.21,6.5627,0.000404,39.2,23.764808,86.414856
2026-07-06 10:00:00,N09,0.0413,0.005655,3.83,6.5628,0.000592,40.4,23.764808,86.414856
2026-07-06 11:00:00,N09,0.0842,0.005193,9.47,6.5639,0.000698,41.2,23.764808,86.414856
2026-07-06 12:00:00,N09,-0.1032,0.006586,2.75,6.5642,3.3e-05,41.4,23.764808,86.414856
2026-07-06 13:00:00,N09,,,,,,,23.764808,86.414856
2026-07-06 14:00:00,N09,0.0242,0.005583,1.66,6.5639,9.1e-05,40.4,23.764808,86.414856
2026-07-06 15:00:00,N09,0.0438,0.005496,9.4,6.5642,0.005245,39.2,23.764808,86.414856
2026-07-06 16:00:00,N09,-0.2269,0.648551,39.87,6.5534,4.4e-05,37.7,23.764808,86.414856
2026-07-06 17:00:00,N09,-0.0445,0.006085,7.2,6.5641,0.005852,35.9,23.764808,86.414856
2026-07-06 18:00:00,N09,,,,,,,23.764808,86.414856
2026-07-06 19:00:00,N09,,,,,,,23.764808,86.414856
2026-07-06 20:00:00,N09,,,,,,,23.764808,86.414856
2026-07-06 21:00:00,N09,,,,,,,23.764808,86.414856
2026-07-06 22:00:00,N09,,,,,,,23.764808,86.414856
2026-07-06 23:00:00,N09,0.0903,0.006648,8.52,6.5682,0.000802,26.7,23.764808,86.414856
2026-07-07 00:00:00,N09,,,,,,,23.764808,86.414856
2026-07-07 01:00:00,N09,,,,,,,23.764808,86.414856
2026-07-07 02:00:00,N09,,,,,,,23.764808,86.414856
2026-07-07 03:00:00,N09,,,,,,,23.764808,86.414856
2026-07-07 04:00:00,N09,,,,,,,23.764808,86.414856
2026-07-07 05:00:00,N09,0.1185,0.005423,3.22,6.5717,0.000756,29.1,23.764808,86.414856
2026-07-07 06:00:00,N09,-0.2816,0.006483,4.51,6.5723,0.000637,31.0,23.764808,86.414856
2026-07-07 07:00:00,N09,-0.2449,0.005686,8.7,6.573,0.000855,33.0,23.764808,86.414856
2026-07-07 08:00:00,N09,-0.1424,0.005262,6.48,6.574,0.000374,34.8,23.764808,86.414856
2026-07-07 09:00:00,N09,,,,,,,23.764808,86.414856
2026-07-07 10:00:00,N09,,,,,,,23.764808,86.414856
2026-07-07 11:00:00,N09,,,,,,,23.764808,86.414856
2026-07-07 12:00:00,N09,-0.0896,0.007395,6.46,6.5744,0.000516,38.5,23.764808,86.414856
2026-07-07 13:00:00,N09,0.1782,0.007667,2.39,6.5747,0.000622,38.3,23.764808,86.414856
2026-07-07 14:00:00,N09,-0.1946,0.007825,2.62,6.5756,0.004096,37.5,23.764808,86.414856
2026-07-07 15:00:00,N09,-0.1627,0.607123,41.69,6.5665,0.004084,36.3,23.764808,86.414856
2026-07-07 16:00:00,N09,-0.1234,0.701518,20.92,6.5675,0.005838,34.8,23.764808,86.414856
2026-07-07 17:00:00,N09,-0.0575,0.005875,7.35,6.5781,0.005601,33.0,23.764808,86.414856
2026-07-07 18:00:00,N09,,,,,,,23.764808,86.414856
2026-07-07 19:00:00,N09,,,,,,,23.764808,86.414856
2026-07-07 20:00:00,N09,,,,,,,23.764808,86.414856
2026-07-07 21:00:00,N09,,,,,,,23.764808,86.414856
2026-07-07 22:00:00,N09,,,,,,,23.764808,86.414856
2026-07-07 23:00:00,N09,0.2069,0.005511,8.43,6.5814,0.000966,23.8,23.764808,86.414856
2026-07-08 00:00:00,N09,-0.0368,0.006585,9.2,6.582,0.000345,21.2,23.764808,86.414856
2026-07-08 01:00:00,N09,-0.2719,0.005632,4.76,6.5821,0.000335,21.5,23.764808,86.414856
2026-07-08 02:00:00,N09,0.0321,0.008817,8.77,6.5827,0.000372,22.3,23.764808,86.414856
2026-07-08 03:00:00,N09,-0.3951,0.00575,7.6,6.5828,4e-05,23.4,23.764808,86.414856
2026-07-08 04:00:00,N09,-0.0841,0.005734,4.19,6.5828,9.1e-05,25.0,23.764808,86.414856
2026-07-08 05:00:00,N09,-0.1518,0.005698,3.18,6.583,0.008311,26.8,23.764808,86.414856
2026-07-08 06:00:00,N09,,,,,,,23.764808,86.414856
2026-07-08 07:00:00,N09,,,,,,,23.764808,86.414856
2026-07-08 08:00:00,N09,,,,,,,23.764808,86.414856
2026-07-08 09:00:00,N09,,,,,,,23.764808,86.414856
2026-07-08 10:00:00,N09,,,,,,,23.764808,86.414856
2026-07-08 11:00:00,N09,-0.0797,0.005771,3.22,6.5853,0.00022,36.0,23.764808,86.414856
2026-07-08 12:00:00,N09,-0.1299,0.00518,4.64,6.5857,0.000423,36.2,23.764808,86.414856
2026-07-08 13:00:00,N09,,,,,,,23.764808,86.414856
2026-07-08 14:00:00,N09,-0.3171,0.006154,3.68,6.5867,0.000575,35.2,23.764808,86.414856
2026-07-08 15:00:00,N09,,,,,,,23.764808,86.414856
2026-07-08 16:00:00,N09,0.2114,0.008755,8.2,6.588,0.000819,32.5,23.764808,86.414856
2026-07-08 17:00:00,N09,-0.3962,0.006218,4.2,6.5889,0.000518,30.7,23.764808,86.414856
2026-07-08 18:00:00,N09,0.0325,0.006766,5.51,6.589,3e-05,28.7,23.764808,86.414856
2026-07-08 19:00:00,N09,-0.2124,0.006095,6.5,6.589,9e-05,26.8,23.764808,86.414856
2026-07-08 20:00:00,N09,0.0764,0.005834,7.24,6.5892,0.000186,25.0,23.764808,86.414856
2026-07-08 21:00:00,N09,0.0947,0.008916,5.99,6.5894,0.000364,23.4,23.764808,86.414856
2026-07-08 22:00:00,N09,-0.3026,0.008486,8.39,6.59,0.000684,22.3,23.764808,86.414856
2026-07-08 23:00:00,N09,-0.018,0.008783,8.82,6.5907,0.000662,21.5,23.764808,86.414856
2026-07-09 00:00:00,N09,0.081,0.00607,9.9,6.5913,0.000534,28.3,23.764808,86.414856
2026-07-09 01:00:00,N09,,,,,,,23.764808,86.414856
2026-07-09 02:00:00,N09,,,,,,,23.764808,86.414856
2026-07-09 03:00:00,N09,,,,,,,23.764808,86.414856
2026-07-09 04:00:00,N09,0.1033,0.006869,5.37,6.5938,0.000652,32.0,23.764808,86.414856
2026-07-09 05:00:00,N09,0.0219,0.007039,4.59,6.5946,0.000205,33.8,23.764808,86.414856
2026-07-09 06:00:00,N09,-0.1185,0.006281,7.56,6.5942,0.000217,35.8,23.764808,86.414856
2026-07-09 07:00:00,N09,0.0763,0.006755,9.44,6.5941,0.000306,37.7,23.764808,86.414856
2026-07-09 08:00:00,N09,0.019,0.007856,8.28,6.5948,0.000556,39.5,23.764808,86.414856
2026-07-09 09:00:00,N09,-0.3202,0.005817,7.68,6.5952,0.008503,41.1,23.764808,86.414856
2026-07-09 10:00:00,N09,-0.0188,0.908924,45.21,6.5778,0.001338,42.3,23.764808,86.414856
2026-07-09 11:00:00,N09,,,,,,,23.764808,86.414856
2026-07-09 12:00:00,N09,,,,,,,23.764808,86.414856
2026-07-09 13:00:00,N09,,,,,,,23.764808,86.414856
2026-07-09 14:00:00,N09,,,,,,,23.764808,86.414856
2026-07-09 15:00:00,N09,,,,,,,23.764808,86.414856
2026-07-09 16:00:00,N09,0.018,0.005644,6.12,6.5991,0.004534,39.5,23.764808,86.414856
2026-07-09 17:00:00,N09,-0.2579,0.624826,18.88,6.6086,0.004568,37.7,23.764808,86.414856
2026-07-09 18:00:00,N09,0.0653,0.755145,38.33,6.6082,0.003468,35.8,23.764808,86.414856
2026-07-09 19:00:00,N09,0.0044,0.008621,1.12,6.6016,0.002763,33.8,23.764808,86.414856
2026-07-09 20:00:00,N09,0.0709,0.006942,6.33,6.6027,0.0006,32.0,23.764808,86.414856
2026-07-09 21:00:00,N09,-0.1657,0.005575,1.01,6.6028,0.000437,30.5,23.764808,86.414856
2026-07-09 22:00:00,N09,,,,,,,23.764808,86.414856
2026-07-09 23:00:00,N09,,,,,,,23.764808,86.414856
2026-07-10 00:00:00,N09,,,,,,,23.764808,86.414856
2026-07-10 01:00:00,N09,,,,,,,23.764808,86.414856
2026-07-10 02:00:00,N09,,,,,,,23.764808,86.414856
2026-07-10 03:00:00,N09,,,,,,,23.764808,86.414856
2026-07-10 04:00:00,N09,-0.3127,0.006299,5.51,6.6052,0.000551,28.6,23.764808,86.414856
2026-07-10 05:00:00,N09,0.0605,0.007078,6.64,6.6058,0.000199,30.4,23.764808,86.414856
2026-07-10 06:00:00,N09,0.0981,0.00681,6.76,6.6056,1.2e-05,32.3,23.764808,86.414856
2026-07-10 07:00:00,N09,-0.0123,0.008,1.78,6.6058,0.004639,34.3,23.764808,86.414856
2026-07-10 08:00:00,N09,-0.0268,0.790978,15.91,6.5963,0.00042,36.1,23.764808,86.414856
2026-07-10 09:00:00,N09,-0.2922,0.006279,3.64,6.6066,0.005551,37.6,23.764808,86.414856
2026-07-10 10:00:00,N09,-0.0818,0.006417,4.07,6.6074,0.000791,38.8,23.764808,86.414856
2026-07-10 11:00:00,N09,-0.1617,0.006883,6.06,6.6082,0.003529,39.6,23.764808,86.414856
2026-07-10 12:00:00,N09,0.0587,0.845026,48.85,6.6003,0.003199,39.8,23.764808,86.414856
2026-07-10 13:00:00,N09,,,,,,,23.764808,86.414856
2026-07-10 14:00:00,N09,,,,,,,23.764808,86.414856
2026-07-10 15:00:00,N09,,,,,,,23.764808,86.414856
2026-07-10 16:00:00,N09,-0.1558,0.007401,2.94,6.6103,0.00051,36.1,23.764808,86.414856
2026-07-10 17:00:00,N09,,,,,,,23.764808,86.414856
2026-07-10 18:00:00,N09,0.0998,0.005362,9.77,6.612,0.000506,32.3,23.764808,86.414856
2026-07-10 19:00:00,N09,-0.0672,0.006261,1.94,6.612,0.000104,30.4,23.764808,86.414856
2026-07-10 20:00:00,N09,-0.0334,0.00714,4.37,6.6118,9.2e-05,28.6,23.764808,86.414856
2026-07-10 21:00:00,N09,-0.1141,0.005071,8.32,6.6121,0.000366,27.0,23.764808,86.414856
2026-07-10 22:00:00,N09,-0.1703,0.005655,7.08,6.6126,9e-06,25.8,23.764808,86.414856
2026-07-10 23:00:00,N09,-0.0132,0.007587,5.69,6.6122,0.000308,25.1,23.764808,86.414856
2026-07-11 00:00:00,N09,-0.3248,0.007856,5.52,6.6132,0.000601,24.1,23.764808,86.414856
2026-07-11 01:00:00,N09,-0.0074,0.006266,8.82,6.6134,1.4e-05,24.3,23.764808,86.414856
2026-07-11 02:00:00,N09,,,,,,,23.764808,86.414856
2026-07-11 03:00:00,N09,,,,,,,23.764808,86.414856
2026-07-11 04:00:00,N09,,,,,,,23.764808,86.414856
2026-07-11 05:00:00,N09,-0.1072,0.007286,3.21,6.6146,0.000323,29.6,23.764808,86.414856
2026-07-11 06:00:00,N09,-0.1659,0.00858,4.37,6.6149,0.000222,31.6,23.764808,86.414856
2026-07-11 07:00:00,N09,,,,,,,23.764808,86.414856
2026-07-11 08:00:00,N09,,,,,,,23.764808,86.414856
2026-07-11 09:00:00,N09,,,,,,,23.764808,86.414856
2026-07-11 10:00:00,N09,,,,,,,23.764808,86.414856
2026-07-11 11:00:00,N09,-0.1208,0.007677,2.54,6.616,0.000631,38.8,23.764808,86.414856
2026-07-11 12:00:00,N09,-0.1821,0.0052,4.21,6.6166,0.000755,39.1,23.764808,86.414856
2026-07-11 13:00:00,N09,-0.0922,0.005461,1.26,6.6175,0.000658,38.8,23.764808,86.414856
2026-07-11 14:00:00,N09,,,,,,,23.764808,86.414856
2026-07-11 15:00:00,N09,,,,,,,23.764808,86.414856
2026-07-11 16:00:00,N09,,,,,,,23.764808,86.414856
2026-07-11 17:00:00,N09,,,,,,,23.764808,86.414856
2026-07-11 18:00:00,N09,-0.2317,0.766945,40.02,6.6041,0.007436,31.6,23.764808,86.414856
2026-07-11 19:00:00,N09,-0.3367,0.005938,5.2,6.6186,0.007308,29.6,23.764808,86.414856
2026-07-11 20:00:00,N09,-0.0953,0.005274,8.19,6.6187,8.3e-05,27.8,23.764808,86.414856
2026-07-11 21:00:00,N09,-0.2356,0.005196,4.56,6.6188,0.000503,26.3,23.764808,86.414856
2026-07-11 22:00:00,N09,-0.0763,0.006825,7.91,6.6197,0.000584,25.1,23.764808,86.414856
2026-07-11 23:00:00,N09,,,,,,,23.764808,86.414856
2026-07-12 00:00:00,N09,,,,,,,23.764808,86.414856
2026-07-12 01:00:00,N09,,,,,,,23.764808,86.414856
2026-07-12 02:00:00,N09,0.0342,0.005551,7.36,6.6213,0.000496,23.9,23.764808,86.414856
2026-07-12 03:00:00,N09,0.0032,0.00722,1.14,6.6218,5e-05,25.0,23.764808,86.414856
2026-07-12 04:00:00,N09,-0.2588,0.005041,2.49,6.6212,0.000176,26.6,23.764808,86.414856
2026-07-12 05:00:00,N09,0.0096,0.005344,5.33,6.6214,0.000399,28.4,23.764808,86.414856
2026-07-12 06:00:00,N09,-0.1799,0.005296,9.75,6.622,0.000544,30.4,23.764808,86.414856
2026-07-12 07:00:00,N09,-0.1722,0.006136,5.72,6.6225,0.000615,32.3,23.764808,86.414856
2026-07-12 08:00:00,N09,-0.4369,0.006906,2.53,6.6233,0.00065,34.1,23.764808,86.414856
2026-07-12 09:00:00,N09,-0.1691,0.005783,2.82,6.6238,0.000438,35.7,23.764808,86.414856
2026-07-12 10:00:00,N09,-0.1861,0.007157,3.96,6.6241,0.000302,36.8,23.764808,86.414856
2026-07-12 11:00:00,N09,0.0195,0.006744,2.56,6.6244,0.000188,37.6,23.764808,86.414856
2026-07-12 12:00:00,N09,-0.1051,0.006462,6.35,6.6245,3.4e-05,37.9,23.764808,86.414856
2026-07-12 13:00:00,N09,-0.1135,0.005227,9.75,6.6245,0.0077,37.6,23.764808,86.414856
2026-07-12 14:00:00,N09,0.1639,0.623292,45.18,6.6399,0.007975,36.8,23.764808,86.414856
2026-07-12 15:00:00,N09,-0.0381,0.727313,42.74,6.6404,0.007123,35.7,23.764808,86.414856
2026-07-12 16:00:00,N09,,,,,,,23.764808,86.414856
2026-07-12 17:00:00,N09,,,,,,,23.764808,86.414856
2026-07-12 18:00:00,N09,-0.2727,0.00516,7.19,6.6261,0.000204,30.4,23.764808,86.414856
2026-07-12 19:00:00,N09,,,,,,,23.764808,86.414856
2026-07-12 20:00:00,N09,0.0561,0.007208,6.94,6.6274,0.00045,26.6,23.764808,86.414856
2026-07-12 21:00:00,N09,-0.2669,0.005487,9.41,6.6277,0.000268,25.0,23.764808,86.414856
2026-07-12 22:00:00,N09,-0.0499,0.007459,7.61,6.6279,0.000644,23.9,23.764808,86.414856
2026-07-12 23:00:00,N09,-0.1281,0.007159,4.95,6.629,0.000793,23.1,23.764808,86.414856
2026-07-13 00:00:00,N09,0.1676,0.005312,1.33,6.6295,0.000484,24.9,23.764808,86.414856
2026-07-13 01:00:00,N09,-0.0601,0.006654,7.83,6.63,0.000218,25.2,23.764808,86.414856
2026-07-13 02:00:00,N09,-0.0626,0.006968,2.75,6.63,0.000291,25.9,23.764808,86.414856
2026-07-13 03:00:00,N09,-0.2664,0.00699,1.25,6.6306,0.000275,27.1,23.764808,86.414856
2026-07-13 04:00:00,N09,-0.2304,0.005849,6.56,6.6305,8e-05,28.7,23.764808,86.414856
2026-07-13 05:00:00,N09,,,,,,,23.764808,86.414856
2026-07-13 06:00:00,N09,,,,,,,23.764808,86.414856
2026-07-13 07:00:00,N09,-0.1945,0.005129,7.72,6.6316,0.000171,34.4,23.764808,86.414856
2026-07-13 08:00:00,N09,0.1695,0.005212,3.48,6.632,0.008986,36.2,23.764808,86.414856
2026-07-13 09:00:00,N09,0.0543,0.797401,21.89,6.6136,0.009596,37.7,23.764808,86.414856
2026-07-13 10:00:00,N09,-0.1671,0.845664,41.56,6.6512,0.01936,38.9,23.764808,86.414856
2026-07-13 11:00:00,N09,0.1325,0.71686,26.73,6.6523,0.008815,39.7,23.764808,86.414856
2026-07-13 12:00:00,N09,-0.1535,0.007296,6.26,6.6335,0.009227,39.9,23.764808,86.414856
2026-07-13 13:00:00,N09,0.1409,0.007125,7.22,6.6339,0.000346,39.7,23.764808,86.414856
2026-07-13 14:00:00,N09,-0.3116,0.005598,7.16,6.6328,0.000171,38.9,23.764808,86.414856
2026-07-13 15:00:00,N09,-0.1564,0.008118,8.25,6.6335,0.000751,37.7,23.764808,86.414856
2026-07-13 16:00:00,N09,-0.072,0.005033,7.99,6.6343,0.008093,36.2,23.764808,86.414856
2026-07-13 17:00:00,N09,0.0463,0.763583,31.35,6.6173,0.00869,34.4,23.764808,86.414856
2026-07-13 18:00:00,N09,,,,,,,23.764808,86.414856
2026-07-13 19:00:00,N09,,,,,,,23.764808,86.414856
2026-07-13 20:00:00,N09,,,,,,,23.764808,86.414856
2026-07-13 21:00:00,N09,,,,,,,23.764808,86.414856
2026-07-13 22:00:00,N09,-0.1424,0.008538,7.48,6.6354,0.000351,25.9,23.764808,86.414856
2026-07-13 23:00:00,N09,,,,,,,23.764808,86.414856
2026-07-14 00:00:00,N09,,,,,,,23.764808,86.414856
2026-07-14 01:00:00,N09,,,,,,,23.764808,86.414856
2026-07-14 02:00:00,N09,,,,,,,23.764808,86.414856
2026-07-14 03:00:00,N09,-0.3333,0.005639,2.8,6.6342,0.000256,27.7,23.764808,86.414856
2026-07-14 04:00:00,N09,-0.0249,0.005673,1.05,6.6341,7.3e-05,29.3,23.764808,86.414856
2026-07-14 05:00:00,N09,-0.1792,0.007763,1.64,6.6344,0.003618,31.1,23.764808,86.414856
2026-07-14 06:00:00,N09,0.2101,0.558615,18.26,6.6269,0.000286,33.0,23.764808,86.414856
2026-07-14 07:00:00,N09,-0.1246,0.007211,9.65,6.6349,7.5e-05,35.0,23.764808,86.414856
2026-07-14 08:00:00,N09,-0.2275,0.825693,15.32,6.627,0.000238,36.8,23.764808,86.414856
2026-07-14 09:00:00,N09,0.04,0.005682,1.71,6.6345,0.003815,38.3,23.764808,86.414856
2026-07-14 10:00:00,N09,-0.2357,0.006464,7.63,6.6346,0.000277,39.5,23.764808,86.414856
2026-07-14 11:00:00,N09,0.0942,0.005145,9.95,6.635,0.000122,40.3,23.764808,86.414856
2026-07-14 12:00:00,N09,,,,,,,23.764808,86.414856
2026-07-14 13:00:00,N09,,,,,,,23.764808,86.414856
2026-07-14 14:00:00,N09,,,,,,,23.764808,86.414856
2026-07-14 15:00:00,N09,,,,,,,23.764808,86.414856
2026-07-14 16:00:00,N09,-0.0245,0.006967,5.36,6.6361,0.000881,36.8,23.764808,86.414856
2026-07-14 17:00:00,N09,0.0858,0.005021,9.87,6.637,0.000915,35.0,23.764808,86.414856
2026-07-14 18:00:00,N09,-0.0318,0.005354,1.09,6.6379,0.000211,33.0,23.764808,86.414856
2026-07-14 19:00:00,N09,0.1328,0.007013,2.79,6.6375,0.000253,31.1,23.764808,86.414856
2026-07-14 20:00:00,N09,-0.3278,0.005005,5.71,6.6374,8.9e-05,29.3,23.764808,86.414856
2026-07-14 21:00:00,N09,-0.1643,0.008683,2.81,6.6376,0.000911,27.7,23.764808,86.414856
2026-07-14 22:00:00,N09,-0.3088,0.00742,5.92,6.6392,0.000629,26.5,23.764808,86.414856
2026-07-14 23:00:00,N09,-0.2181,0.007473,9.49,6.6389,2.1e-05,25.8,23.764808,86.414856
2026-07-15 00:00:00,N09,-0.0893,0.006396,5.98,6.6392,0.000253,20.8,23.764808,86.414856
2026-07-15 01:00:00,N09,-0.1851,0.005806,7.21,6.6394,3.9e-05,21.0,23.764808,86.414856
2026-07-15 02:00:00,N09,-0.1989,0.006821,3.27,6.6391,0.000183,21.8,23.764808,86.414856
2026-07-15 03:00:00,N09,-0.2403,0.006327,3.15,6.639,6.2e-05,23.0,23.764808,86.414856
2026-07-15 04:00:00,N09,-0.339,0.005423,8.56,6.639,6.8e-05,24.5,23.764808,86.414856
2026-07-15 05:00:00,N09,,,,,,,23.764808,86.414856
2026-07-15 06:00:00,N09,,,,,,,23.764808,86.414856
2026-07-15 07:00:00,N09,,,,,,,23.764808,86.414856
2026-07-15 08:00:00,N09,,,,,,,23.764808,86.414856
2026-07-15 09:00:00,N09,,,,,,,23.764808,86.414856
2026-07-15 10:00:00,N09,-0.2989,0.007363,2.38,6.6406,0.000188,34.8,23.764808,86.414856
2026-07-15 11:00:00,N09,-0.3211,0.006118,2.06,6.6402,0.005355,35.5,23.764808,86.414856
2026-07-15 12:00:00,N09,-0.0409,0.785888,48.36,6.6513,0.00093,35.8,23.764808,86.414856
2026-07-15 13:00:00,N09,0.204,0.007489,8.64,6.6384,0.006523,35.5,23.764808,86.414856
2026-07-15 14:00:00,N09,-0.2178,0.007311,4.3,6.6383,0.000279,34.8,23.764808,86.414856
2026-07-15 15:00:00,N09,0.25,0.007819,1.1,6.6389,0.006805,33.6,23.764808,86.414856
2026-07-15 16:00:00,N09,-0.2024,0.810789,48.09,6.6519,0.00647,32.0,23.764808,86.414856
2026-07-15 17:00:00,N09,-0.0157,0.738204,36.82,6.6519,0.006,30.2,23.764808,86.414856
2026-07-15 18:00:00,N09,,,,,,,23.764808,86.414856
2026-07-15 19:00:00,N09,,,,,,,23.764808,86.414856
2026-07-15 20:00:00,N09,,,,,,,23.764808,86.414856
2026-07-15 21:00:00,N09,,,,,,,23.764808,86.414856
2026-07-15 22:00:00,N09,,,,,,,23.764808,86.414856
2026-07-15 23:00:00,N09,,,,,,,23.764808,86.414856
2026-07-16 00:00:00,N09,,,,,,,23.764808,86.414856
2026-07-16 01:00:00,N09,,,,,,,23.764808,86.414856
2026-07-16 02:00:00,N09,,,,,,,23.764808,86.414856
2026-07-16 03:00:00,N09,,,,,,,23.764808,86.414856
2026-07-16 04:00:00,N09,-0.0551,0.009566,9.5,6.6432,8.5e-05,24.9,23.764808,86.414856
2026-07-16 05:00:00,N09,-0.0464,0.00676,8.87,6.643,1e-05,26.7,23.764808,86.414856
2026-07-16 06:00:00,N09,-0.2033,0.007655,2.53,6.6432,0.003337,28.6,23.764808,86.414856
2026-07-16 07:00:00,N09,-0.1725,0.622427,34.21,6.6364,0.006333,30.6,23.764808,86.414856
2026-07-16 08:00:00,N09,-0.3289,0.858468,27.02,6.6559,0.003429,32.4,23.764808,86.414856
2026-07-16 09:00:00,N09,-0.1723,0.0064,3.94,6.6432,0.006461,33.9,23.764808,86.414856
2026-07-16 10:00:00,N09,-0.2881,0.0056,5.87,6.643,0.000328,35.1,23.764808,86.414856
2026-07-16 11:00:00,N09,0.0072,0.007277,1.3,6.6439,0.000515,35.9,23.764808,86.414856
2026-07-16 12:00:00,N09,-0.0505,0.005648,1.03,6.644,0.000127,36.1,23.764808,86.414856
2026-07-16 13:00:00,N09,-0.1988,0.005969,8.78,6.6441,0.000509,35.9,23.764808,86.414856
2026-07-16 14:00:00,N09,,,,,,,23.764808,86.414856
2026-07-16 15:00:00,N09,,,,,,,23.764808,86.414856
2026-07-16 16:00:00,N09,,,,,,,23.764808,86.414856
2026-07-16 17:00:00,N09,-0.0004,0.942566,43.44,6.6545,0.000251,30.6,23.764808,86.414856
2026-07-16 18:00:00,N09,,,,,,,23.764808,86.414856
2026-07-16 19:00:00,N09,-0.0698,0.006488,7.99,6.6473,0.000903,26.7,23.764808,86.414856
2026-07-16 20:00:00,N09,,,,,,,23.764808,86.414856
2026-07-16 21:00:00,N09,,,,,,,23.764808,86.414856
2026-07-16 22:00:00,N09,,,,,,,23.764808,86.414856
2026-07-16 23:00:00,N09,,,,,,,23.764808,86.414856
2026-07-17 00:00:00,N09,,,,,,,23.764808,86.414856
2026-07-17 01:00:00,N09,-0.051,0.006092,8.78,6.6482,4.9e-05,23.5,23.764808,86.414856
2026-07-17 02:00:00,N09,,,,,,,23.764808,86.414856
2026-07-17 03:00:00,N09,,,,,,,23.764808,86.414856
2026-07-17 04:00:00,N09,,,,,,,23.764808,86.414856
2026-07-17 05:00:00,N09,0.0016,0.005882,4.69,6.6502,0.000367,28.8,23.764808,86.414856
2026-07-17 06:00:00,N09,-0.1569,0.005112,2.65,6.6503,0.000437,30.8,23.764808,86.414856
2026-07-17 07:00:00,N09,0.031,0.005178,4.54,6.6511,0.000527,32.7,23.764808,86.414856
2026-07-17 08:00:00,N09,-0.0448,0.00533,4.35,6.6514,0.009015,34.5,23.764808,86.414856
2026-07-17 09:00:00,N09,0.0669,0.731424,18.46,6.6691,5.7e-05,36.1,23.764808,86.414856
2026-07-17 10:00:00,N09,,,,,,,23.764808,86.414856
2026-07-17 11:00:00,N09,,,,,,,23.764808,86.414856
2026-07-17 12:00:00,N09,,,,,,,23.764808,86.414856
2026-07-17 13:00:00,N09,,,,,,,23.764808,86.414856
2026-07-17 14:00:00,N09,-0.1607,0.006652,7.24,6.6508,0.012226,37.3,23.764808,86.414856
2026-07-17 15:00:00,N09,-0.2274,0.541819,27.11,6.6451,0.002971,36.1,23.764808,86.414856
2026-07-17 16:00:00,N09,-0.1158,0.882258,23.01,6.6448,0.002111,34.5,23.764808,86.414856
2026-07-17 17:00:00,N09,-0.0522,0.009176,8.57,6.6493,0.00281,32.7,23.764808,86.414856
2026-07-17 18:00:00,N09,-0.1808,0.006588,5.36,6.6505,0.000331,30.8,23.764808,86.414856
2026-07-17 19:00:00,N09,,,,,,,23.764808,86.414856
2026-07-17 20:00:00,N09,,,,,,,23.764808,86.414856
2026-07-17 21:00:00,N09,-0.1398,0.00513,9.59,6.651,0.000487,25.5,23.764808,86.414856
2026-07-17 22:00:00,N09,-0.3428,0.005895,8.75,6.651,0.00053,24.3,23.764808,86.414856
2026-07-17 23:00:00,N09,-0.1083,0.006013,2.86,6.652,0.000749,23.5,23.764808,86.414856
2026-07-18 00:00:00,N09,,,,,,,23.764808,86.414856
2026-07-18 01:00:00,N09,,,,,,,23.764808,86.414856
2026-07-18 02:00:00,N09,,,,,,,23.764808,86.414856
2026-07-18 03:00:00,N09,-0.0723,0.005894,3.44,6.6517,0.000149,27.5,23.764808,86.414856
2026-07-18 04:00:00,N09,-0.198,0.009201,2.51,6.6518,0.000152,29.0,23.764808,86.414856
2026-07-18 05:00:00,N09,-0.0585,0.006858,5.82,6.6514,0.006623,30.8,23.764808,86.414856
2026-07-18 06:00:00,N09,-0.2128,0.999777,20.7,6.6651,0.000711,32.8,23.764808,86.414856
2026-07-18 07:00:00,N09,-0.0634,0.008767,5.82,6.6528,0.005591,34.7,23.764808,86.414856
2026-07-18 08:00:00,N09,-0.2003,0.00732,7.01,6.6539,0.000236,36.5,23.764808,86.414856
2026-07-18 09:00:00,N09,-0.0541,0.008568,3.01,6.6533,0.000373,38.1,23.764808,86.414856
2026-07-18 10:00:00,N09,-0.0573,0.00629,1.81,6.6531,0.000153,39.3,23.764808,86.414856
2026-07-18 11:00:00,N09,-0.1256,0.009516,4.87,6.653,4.3e-05,40.0,23.764808,86.414856
2026-07-18 12:00:00,N09,,,,,,,23.764808,86.414856
2026-07-18 13:00:00,N09,0.1277,0.005697,8.16,6.6535,6e-06,40.0,23.764808,86.414856
2026-07-18 14:00:00,N09,0.0757,0.00503,5.25,6.6531,0.002927,39.3,23.764808,86.414856
2026-07-18 15:00:00,N09,0.0052,0.972565,19.22,6.6477,0.000431,38.1,23.764808,86.414856
2026-07-18 16:00:00,N09,-0.416,0.993741,32.74,6.6539,0.006233,36.5,23.764808,86.414856
2026-07-18 17:00:00,N09,,,,,,,23.764808,86.414856
2026-07-18 18:00:00,N09,,,,,,,23.764808,86.414856
2026-07-18 19:00:00,N09,,,,,,,23.764808,86.414856
2026-07-18 20:00:00,N09,,,,,,,23.764808,86.414856
2026-07-18 21:00:00,N09,,,,,,,23.764808,86.414856
2026-07-18 22:00:00,N09,0.1475,0.006919,2.3,6.6568,0.000123,26.3,23.764808,86.414856
2026-07-18 23:00:00,N09,,,,,,,23.764808,86.414856
2026-07-19 00:00:00,N09,,,,,,,23.764808,86.414856
2026-07-19 01:00:00,N09,,,,,,,23.764808,86.414856
2026-07-19 02:00:00,N09,,,,,,,23.764808,86.414856
2026-07-19 03:00:00,N09,-0.1579,0.005617,7.14,6.6557,0.000512,26.2,23.764808,86.414856
2026-07-19 04:00:00,N09,-0.3497,0.007565,9.48,6.6563,0.000669,27.7,23.764808,86.414856
2026-07-19 05:00:00,N09,,,,,,,23.764808,86.414856
2026-07-19 06:00:00,N09,,,,,,,23.764808,86.414856
2026-07-19 07:00:00,N09,-0.0285,0.516031,49.6,6.64,0.005035,33.4,23.764808,86.414856
2026-07-19 08:00:00,N09,-0.2701,0.009106,3.59,6.6584,0.00897,35.2,23.764808,86.414856
2026-07-19 09:00:00,N09,0.0889,0.008288,5.54,6.658,0.000121,36.8,23.764808,86.414856
2026-07-19 10:00:00,N09,,,,,,,23.764808,86.414856
2026-07-19 11:00:00,N09,0.2029,0.005361,3.23,6.6591,0.000482,38.7,23.764808,86.414856
2026-07-19 12:00:00,N09,,,,,,,23.764808,86.414856
2026-07-19 13:00:00,N09,,,,,,,23.764808,86.414856
2026-07-19 14:00:00,N09,,,,,,,23.764808,86.414856
2026-07-19 15:00:00,N09,,,,,,,23.764808,86.414856
2026-07-19 16:00:00,N09,-0.0258,0.005043,2.83,6.6614,0.003966,35.2,23.764808,86.414856
2026-07-19 17:00:00,N09,-0.0575,0.007094,8.72,6.6621,0.000507,33.4,23.764808,86.414856
2026-07-19 18:00:00,N09,-0.1562,0.005319,8.44,6.6624,0.00034,31.5,23.764808,86.414856
2026-07-19 19:00:00,N09,-0.1842,0.007596,9.48,6.6627,0.000194,29.5,23.764808,86.414856
2026-07-19 20:00:00,N09,,,,,,,23.764808,86.414856
2026-07-19 21:00:00,N09,,,,,,,23.764808,86.414856
2026-07-19 22:00:00,N09,,,,,,,23.764808,86.414856
2026-07-19 23:00:00,N09,,,,,,,23.764808,86.414856
2026-07-20 00:00:00,N09,,,,,,,23.764808,86.414856
2026-07-20 01:00:00,N09,0.063,0.007139,4.11,6.6642,1.8e-05,22.4,23.764808,86.414856
2026-07-20 02:00:00,N09,-0.0717,0.006794,3.72,6.6644,0.000231,23.2,23.764808,86.414856
2026-07-20 03:00:00,N09,-0.0285,0.006442,2.27,6.6647,6.8e-05,24.4,23.764808,86.414856
2026-07-20 04:00:00,N09,,,,,,,23.764808,86.414856
2026-07-20 05:00:00,N09,-0.078,0.005153,3.6,6.6648,2.8e-05,27.7,23.764808,86.414856
2026-07-20 06:00:00,N09,0.0896,0.00633,1.4,6.6646,0.000654,29.7,23.764808,86.414856
2026-07-20 07:00:00,N09,-0.0757,0.007439,4.46,6.6635,0.000411,31.6,23.764808,86.414856
2026-07-20 08:00:00,N09,0.1617,0.005521,9.0,6.6638,0.000471,33.4,23.764808,86.414856
2026-07-20 09:00:00,N09,-0.1188,0.00528,1.72,6.6644,0.000386,35.0,23.764808,86.414856
2026-07-20 10:00:00,N09,-0.3201,0.573623,39.25,6.6645,0.002408,36.2,23.764808,86.414856
2026-07-20 11:00:00,N09,-0.0705,0.708824,26.62,6.6596,0.006106,36.9,23.764808,86.414856
2026-07-20 12:00:00,N09,-0.0723,0.812407,32.51,6.6767,0.003515,37.2,23.764808,86.414856
2026-07-20 13:00:00,N09,-0.1258,0.005294,5.17,6.6666,0.004873,36.9,23.764808,86.414856
2026-07-20 14:00:00,N09,-0.17,0.007095,4.96,6.667,0.000721,36.2,23.764808,86.414856
2026-07-20 15:00:00,N09,,,,,,,23.764808,86.414856
2026-07-20 16:00:00,N09,,,,,,,23.764808,86.414856
2026-07-20 17:00:00,N09,,,,,,,23.764808,86.414856
2026-07-20 18:00:00,N09,-0.2267,0.007314,1.04,6.6692,0.00018,29.7,23.764808,86.414856
2026-07-20 19:00:00,N09,,,,,,,23.764808,86.414856
2026-07-20 20:00:00,N09,,,,,,,23.764808,86.414856
2026-07-20 21:00:00,N09,,,,,,,23.764808,86.414856
2026-07-20 22:00:00,N09,-0.2315,0.006365,6.7,6.6698,0.00031,23.2,23.764808,86.414856
2026-07-20 23:00:00,N09,-0.1147,0.005229,1.21,6.6695,3.8e-05,22.4,23.764808,86.414856
2026-07-21 00:00:00,N09,,,,,,,23.764808,86.414856
2026-07-21 01:00:00,N09,,,,,,,23.764808,86.414856
2026-07-21 02:00:00,N09,,,,,,,23.764808,86.414856
2026-07-21 03:00:00,N09,,,,,,,23.764808,86.414856
2026-07-21 04:00:00,N09,-0.1798,0.006202,2.96,6.6706,0.000426,27.7,23.764808,86.414856
2026-07-21 05:00:00,N09,-0.1964,0.00786,7.51,6.6709,0.000202,29.6,23.764808,86.414856
2026-07-21 06:00:00,N09,-0.2851,0.005027,4.59,6.671,0.000116,31.5,23.764808,86.414856
2026-07-21 07:00:00,N09,-0.2535,0.005539,6.19,6.6711,0.009774,33.4,23.764808,86.414856
2026-07-21 08:00:00,N09,0.0483,0.881476,32.49,6.6905,0.009823,35.2,23.764808,86.414856
2026-07-21 09:00:00,N09,-0.12,0.862325,26.68,6.6907,0.00906,36.8,23.764808,86.414856
2026-07-21 10:00:00,N09,-0.2549,0.005266,3.13,6.6724,0.009046,38.0,23.764808,86.414856
2026-07-21 11:00:00,N09,0.0704,0.006033,4.12,6.6726,0.000316,38.7,23.764808,86.414856
2026-07-21 12:00:00,N09,,,,,,,23.764808,86.414856
2026-07-21 13:00:00,N09,,,,,,,23.764808,86.414856
2026-07-21 14:00:00,N09,,,,,,,23.764808,86.414856
2026-07-21 15:00:00,N09,0.0315,0.005761,1.98,6.6751,0.001086,36.8,23.764808,86.414856
2026-07-21 16:00:00,N09,-0.2512,0.006701,4.29,6.6762,0.013167,35.2,23.764808,86.414856
2026-07-21 17:00:00,N09,-0.0188,0.690535,46.35,6.7014,0.001258,33.4,23.764808,86.414856
2026-07-21 18:00:00,N09,-0.0407,0.005884,5.79,6.6787,0.011107,31.5,23.764808,86.414856
2026-07-21 19:00:00,N09,-0.4025,0.005571,3.54,6.6792,0.000457,29.6,23.764808,86.414856
2026-07-21 20:00:00,N09,,,,,,,23.764808,86.414856
2026-07-21 21:00:00,N09,,,,,,,23.764808,86.414856
2026-07-21 22:00:00,N09,,,,,,,23.764808,86.414856
2026-07-21 23:00:00,N09,,,,,,,23.764808,86.414856
2026-07-22 00:00:00,N09,-0.0708,0.005715,5.01,6.6818,0.000811,21.9,23.764808,86.414856
2026-07-22 01:00:00,N09,-0.1214,0.005984,6.21,6.6823,7e-05,22.1,23.764808,86.414856
2026-07-22 02:00:00,N09,-0.0241,0.006097,5.63,6.682,7.5e-05,22.9,23.764808,86.414856
2026-07-22 03:00:00,N09,0.1459,0.008369,9.49,6.6822,0.000452,24.1,23.764808,86.414856
2026-07-22 04:00:00,N09,,,,,,,23.764808,86.414856
2026-07-22 05:00:00,N09,,,,,,,23.764808,86.414856
2026-07-22 06:00:00,N09,-0.127,0.610087,44.87,6.6996,0.000618,29.4,23.764808,86.414856
2026-07-22 07:00:00,N09,-0.1623,0.006811,6.72,6.6848,0.007422,31.3,23.764808,86.414856
2026-07-22 08:00:00,N09,0.0386,0.005308,4.28,6.6847,6.3e-05,33.1,23.764808,86.414856
2026-07-22 09:00:00,N09,0.0027,0.00516,3.97,6.6847,0.009706,34.7,23.764808,86.414856
2026-07-22 10:00:00,N09,,,,,,,23.764808,86.414856
2026-07-22 11:00:00,N09,0.1588,0.006395,3.73,6.6863,0.010385,36.6,23.764808,86.414856
2026-07-22 12:00:00,N09,-0.1629,0.006347,8.87,6.6861,0.000235,36.9,23.764808,86.414856
2026-07-22 13:00:00,N09,-0.0782,0.009233,2.18,6.6858,5.6e-05,36.6,23.764808,86.414856
2026-07-22 14:00:00,N09,-0.0536,0.007946,3.16,6.686,0.000485,35.9,23.764808,86.414856
2026-07-22 15:00:00,N09,-0.1462,0.007873,2.3,6.6868,0.000474,34.7,23.764808,86.414856
2026-07-22 16:00:00,N09,-0.2806,0.007615,7.28,6.6869,9.8e-05,33.1,23.764808,86.414856
2026-07-22 17:00:00,N09,0.0053,0.008142,5.91,6.687,0.000107,31.3,23.764808,86.414856
2026-07-22 18:00:00,N09,-0.356,0.006533,2.2,6.6867,0.000266,29.4,23.764808,86.414856
2026-07-22 19:00:00,N09,,,,,,,23.764808,86.414856
2026-07-22 20:00:00,N09,,,,,,,23.764808,86.414856
2026-07-22 21:00:00,N09,-0.2761,0.008323,1.13,6.6899,0.000715,24.1,23.764808,86.414856
2026-07-22 22:00:00,N09,-0.1106,0.008115,8.5,6.6902,0.00013,22.9,23.764808,86.414856
2026-07-22 23:00:00,N09,-0.1745,0.00506,8.29,6.6901,0.000223,22.1,23.764808,86.414856
2026-07-23 00:00:00,N09,,,,,,,23.764808,86.414856
2026-07-23 01:00:00,N09,0.1305,0.0054,8.19,6.6907,5.6e-05,24.4,23.764808,86.414856
2026-07-23 02:00:00,N09,-0.1951,0.005252,9.87,6.6905,0.000182,25.1,23.764808,86.414856
2026-07-23 03:00:00,N09,-0.3869,0.006885,2.22,6.6903,0.000169,26.3,23.764808,86.414856
2026-07-23 04:00:00,N09,-0.1191,0.007016,4.39,6.6908,0.000351,27.9,23.764808,86.414856
2026-07-23 05:00:00,N09,-0.0385,0.005441,8.61,6.691,0.000132,29.7,23.764808,86.414856
2026-07-23 06:00:00,N09,0.0324,0.007675,1.96,6.6911,0.000115,31.6,23.764808,86.414856
2026-07-23 07:00:00,N09,,,,,,,23.764808,86.414856
2026-07-23 08:00:00,N09,,,,,,,23.764808,86.414856
2026-07-23 09:00:00,N09,,,,,,,23.764808,86.414856
2026-07-23 10:00:00,N09,,,,,,,23.764808,86.414856
2026-07-23 11:00:00,N09,,,,,,,23.764808,86.414856
2026-07-23 12:00:00,N09,,,,,,,23.764808,86.414856
2026-07-23 13:00:00,N09,,,,,,,23.764808,86.414856
2026-07-23 14:00:00,N09,-0.0141,0.005145,4.29,6.6947,0.009756,38.1,23.764808,86.414856
2026-07-23 15:00:00,N09,-0.1221,0.545548,43.4,6.7129,0.00022,36.9,23.764808,86.414856
2026-07-23 16:00:00,N09,0.0092,0.008139,7.54,6.6952,0.009387,35.4,23.764808,86.414856
2026-07-23 17:00:00,N09,-0.2164,0.0057,2.01,6.6942,0.000298,33.5,23.764808,86.414856
2026-07-23 18:00:00,N09,0.1063,0.007092,4.62,6.6946,0.000434,31.6,23.764808,86.414856
2026-07-23 19:00:00,N09,-0.0979,0.005846,1.55,6.695,0.000273,29.7,23.764808,86.414856
2026-07-23 20:00:00,N09,0.1263,0.006277,2.9,6.6951,6.3e-05,27.9,23.764808,86.414856
2026-07-23 21:00:00,N09,0.1248,0.00651,6.48,6.6949,0.000183,26.3,23.764808,86.414856
2026-07-23 22:00:00,N09,0.1875,0.005713,1.33,6.6955,0.000315,25.1,23.764808,86.414856
2026-07-23 23:00:00,N09,-0.0763,0.005842,4.12,6.6955,0.000266,24.4,23.764808,86.414856
2026-07-24 00:00:00,N09,-0.1577,0.006359,3.62,6.696,0.000187,26.0,23.764808,86.414856
2026-07-24 01:00:00,N09,,,,,,,23.764808,86.414856
2026-07-24 02:00:00,N09,,,,,,,23.764808,86.414856
2026-07-24 03:00:00,N09,,,,,,,23.764808,86.414856
2026-07-24 04:00:00,N09,,,,,,,23.764808,86.414856
2026-07-24 05:00:00,N09,0.0639,0.005483,3.6,6.6938,0.00036,31.6,23.764808,86.414856
2026-07-24 06:00:00,N09,0.004,0.006907,3.85,6.6934,0.007694,33.5,23.764808,86.414856
2026-07-24 07:00:00,N09,0.0388,0.864563,41.37,6.7092,0.007777,35.4,23.764808,86.414856
2026-07-24 08:00:00,N09,-0.0559,0.662556,37.58,6.709,0.007466,37.2,23.764808,86.414856
2026-07-24 09:00:00,N09,-0.0865,0.005626,8.68,6.6943,0.007344,38.8,23.764808,86.414856
2026-07-24 10:00:00,N09,-0.1139,0.005216,7.33,6.6943,0.000309,40.0,23.764808,86.414856
2026-07-24 11:00:00,N09,-0.1605,0.005953,1.14,6.6949,0.00061,40.7,23.764808,86.414856
2026-07-24 12:00:00,N09,0.0043,0.006827,2.67,6.6955,0.000391,41.0,23.764808,86.414856
2026-07-24 13:00:00,N09,-0.2048,0.005317,3.11,6.6957,0.005478,40.7,23.764808,86.414856
2026-07-24 14:00:00,N09,-0.2158,0.912669,37.13,6.7065,0.005115,40.0,23.764808,86.414856
2026-07-24 15:00:00,N09,-0.2247,0.714035,36.78,6.7059,0.000118,38.8,23.764808,86.414856
2026-07-24 16:00:00,N09,,,,,,,23.764808,86.414856
2026-07-24 17:00:00,N09,,,,,,,23.764808,86.414856
2026-07-24 18:00:00,N09,,,,,,,23.764808,86.414856
2026-07-24 19:00:00,N09,,,,,,,23.764808,86.414856
2026-07-24 20:00:00,N09,,,,,,,23.764808,86.414856
2026-07-24 21:00:00,N09,-0.356,0.005618,6.39,6.7002,0.001117,28.2,23.764808,86.414856
2026-07-24 22:00:00,N09,-0.0839,0.006183,9.71,6.7011,0.000661,27.0,23.764808,86.414856
2026-07-24 23:00:00,N09,-0.3596,0.009259,1.19,6.7015,0.000401,26.2,23.764808,86.414856
2026-07-25 00:00:00,N09,,,,,,,23.764808,86.414856
2026-07-25 01:00:00,N09,,,,,,,23.764808,86.414856
2026-07-25 02:00:00,N09,,,,,,,23.764808,86.414856
2026-07-25 03:00:00,N09,,,,,,,23.764808,86.414856
2026-07-25 04:00:00,N09,0.0778,0.005873,6.46,6.7021,5.5e-05,30.7,23.764808,86.414856
2026-07-25 05:00:00,N09,-0.0885,0.007649,8.68,6.7019,4.5e-05,32.5,23.764808,86.414856
2026-07-25 06:00:00,N09,0.0703,0.005418,1.46,6.7021,5.3e-05,34.5,23.764808,86.414856
2026-07-25 07:00:00,N09,-0.1697,0.005971,7.85,6.7018,7.6e-05,36.4,23.764808,86.414856
2026-07-25 08:00:00,N09,-0.1658,0.005882,2.98,6.702,0.005144,38.2,23.764808,86.414856
2026-07-25 09:00:00,N09,-0.3373,0.997989,17.59,6.6916,0.009947,39.8,23.764808,86.414856
2026-07-25 10:00:00,N09,-0.3103,0.683821,35.8,6.6821,0.005296,41.0,23.764808,86.414856
2026-07-25 11:00:00,N09,-0.2249,0.00551,3.95,6.7021,0.009834,41.7,23.764808,86.414856
2026-07-25 12:00:00,N09,-0.0566,0.006253,8.3,6.7018,6.2e-05,42.0,23.764808,86.414856
2026-07-25 13:00:00,N09,-0.1672,0.006279,2.88,6.7023,0.000435,41.7,23.764808,86.414856
2026-07-25 14:00:00,N09,-0.1167,0.006186,7.74,6.7026,0.000155,41.0,23.764808,86.414856
2026-07-25 15:00:00,N09,-0.2503,0.005369,7.29,6.7026,0.000133,39.8,23.764808,86.414856
2026-07-25 16:00:00,N09,-0.1203,0.006833,9.68,6.7029,0.000495,38.2,23.764808,86.414856
2026-07-25 17:00:00,N09,0.08,0.007687,1.14,6.7036,0.000269,36.4,23.764808,86.414856
2026-07-25 18:00:00,N09,-0.2643,0.006238,2.05,6.7034,0.000418,34.5,23.764808,86.414856
2026-07-25 19:00:00,N09,-0.208,0.008346,1.57,6.7044,0.000807,32.5,23.764808,86.414856
2026-07-25 20:00:00,N09,-0.2734,0.006619,8.67,6.7051,0.000239,30.7,23.764808,86.414856
2026-07-25 21:00:00,N09,-0.2842,0.007441,1.79,6.7049,8e-06,29.2,23.764808,86.414856
2026-07-25 22:00:00,N09,0.0662,0.008129,9.67,6.7051,4.2e-05,28.0,23.764808,86.414856
2026-07-25 23:00:00,N09,-0.2663,0.005871,5.44,6.705,4.7e-05,27.2,23.764808,86.414856
2026-07-26 00:00:00,N09,-0.2431,0.006099,1.91,6.705,0.00035,26.4,23.764808,86.414856
2026-07-26 01:00:00,N09,-0.1633,0.005287,1.89,6.7057,0.000753,26.6,23.764808,86.414856
2026-07-26 02:00:00,N09,-0.0252,0.005112,5.64,6.7065,0.000714,27.4,23.764808,86.414856
2026-07-26 03:00:00,N09,,,,,,,23.764808,86.414856
2026-07-26 04:00:00,N09,,,,,,,23.764808,86.414856
2026-07-26 05:00:00,N09,-0.0498,0.006208,8.91,6.7085,0.000924,31.9,23.764808,86.414856
2026-07-26 06:00:00,N09,0.2097,0.00681,7.48,6.7095,0.000407,33.9,23.764808,86.414856
2026-07-26 07:00:00,N09,-0.0729,0.005993,9.87,6.7093,1e-05,35.8,23.764808,86.414856
2026-07-26 08:00:00,N09,0.1158,0.006177,9.11,6.7095,0.000383,37.6,23.764808,86.414856
2026-07-26 09:00:00,N09,-0.0882,0.007054,6.26,6.7101,0.00046,39.2,23.764808,86.414856
2026-07-26 10:00:00,N09,,,,,,,23.764808,86.414856
2026-07-26 11:00:00,N09,0.085,0.005456,7.34,6.7111,0.000368,41.1,23.764808,86.414856
2026-07-26 12:00:00,N09,0.0428,0.006844,9.24,6.7112,0.008261,41.4,23.764808,86.414856
2026-07-26 13:00:00,N09,0.0524,0.807049,36.54,6.7276,0.000416,41.1,23.764808,86.414856
2026-07-26 14:00:00,N09,-0.3291,0.010131,4.22,6.712,0.004348,40.3,23.764808,86.414856
2026-07-26 15:00:00,N09,0.1822,0.626775,43.51,6.7189,0.003528,39.2,23.764808,86.414856
2026-07-26 16:00:00,N09,-0.2488,0.865068,33.97,6.7191,0.008007,37.6,23.764808,86.414856
2026-07-26 17:00:00,N09,-0.1039,0.627173,45.59,6.7029,0.007771,35.8,23.764808,86.414856
2026-07-26 18:00:00,N09,,,,,,,23.764808,86.414856
2026-07-26 19:00:00,N09,,,,,,,23.764808,86.414856
2026-07-26 20:00:00,N09,,,,,,,23.764808,86.414856
2026-07-26 21:00:00,N09,,,,,,,23.764808,86.414856
2026-07-26 22:00:00,N09,,,,,,,23.764808,86.414856
2026-07-26 23:00:00,N09,,,,,,,23.764808,86.414856
2026-07-27 00:00:00,N09,-0.2044,0.006465,3.66,6.7157,0.000971,27.6,23.764808,86.414856
2026-07-27 01:00:00,N09,0.0027,0.00892,3.87,6.7169,0.001101,27.9,23.764808,86.414856
2026-07-27 02:00:00,N09,-0.13,0.005448,7.96,6.7179,0.000424,28.7,23.764808,86.414856
2026-07-27 03:00:00,N09,-0.0996,0.008917,3.11,6.7177,0.000125,29.8,23.764808,86.414856
2026-07-27 04:00:00,N09,-0.025,0.005922,5.32,6.7177,0.000131,31.4,23.764808,86.414856
2026-07-27 05:00:00,N09,-0.4754,0.006043,4.9,6.7175,7.3e-05,33.2,23.764808,86.414856
2026-07-27 06:00:00,N09,0.0481,0.010749,7.73,6.7175,1.4e-05,35.1,23.764808,86.414856
2026-07-27 07:00:00,N09,-0.125,0.005313,4.56,6.7174,5.8e-05,37.1,23.764808,86.414856
2026-07-27 08:00:00,N09,0.2057,0.00806,4.66,6.7174,0.000131,38.9,23.764808,86.414856
2026-07-27 09:00:00,N09,,,,,,,23.764808,86.414856
2026-07-27 10:00:00,N09,,,,,,,23.764808,86.414856
2026-07-27 11:00:00,N09,-0.0145,0.006882,3.89,6.718,0.000585,42.4,23.764808,86.414856
2026-07-27 12:00:00,N09,-0.261,0.0081,1.94,6.7186,0.004049,42.6,23.764808,86.414856
2026-07-27 13:00:00,N09,0.0656,0.625207,32.04,6.7261,0.004316,42.4,23.764808,86.414856
2026-07-27 14:00:00,N09,,,,,,,23.764808,86.414856
2026-07-27 15:00:00,N09,,,,,,,23.764808,86.414856
2026-07-27 16:00:00,N09,,,,,,,23.764808,86.414856
2026-07-27 17:00:00,N09,,,,,,,23.764808,86.414856
2026-07-27 18:00:00,N09,,,,,,,23.764808,86.414856
2026-07-27 19:00:00,N09,-0.3268,0.005005,9.95,6.7224,0.000364,33.2,23.764808,86.414856
2026-07-27 20:00:00,N09,0.0588,0.008094,7.02,6.7228,0.000733,31.4,23.764808,86.414856
2026-07-27 21:00:00,N09,-0.0975,0.005527,8.95,6.7239,0.000138,29.8,23.764808,86.414856
2026-07-27 22:00:00,N09,-0.1725,0.005325,7.46,6.7231,0.000188,28.7,23.764808,86.414856
2026-07-27 23:00:00,N09,,,,,,,23.764808,86.414856
2026-07-28 00:00:00,N09,-0.0411,0.005653,7.83,6.7238,0.000449,24.3,23.764808,86.414856
2026-07-28 01:00:00,N09,0.1032,0.008927,9.99,6.7244,0.0004,24.5,23.764808,86.414856
2026-07-28 02:00:00,N09,0.136,0.005663,5.04,6.7246,0.000364,25.3,23.764808,86.414856
2026-07-28 03:00:00,N09,0.1011,0.010159,3.52,6.7251,0.000769,26.5,23.764808,86.414856
2026-07-28 04:00:00,N09,,,,,,,23.764808,86.414856
2026-07-28 05:00:00,N09,,,,,,,23.764808,86.414856
2026-07-28 06:00:00,N09,,,,,,,23.764808,86.414856
2026-07-28 07:00:00,N09,-0.5025,0.006697,8.54,6.7263,9.5e-05,33.7,23.764808,86.414856
2026-07-28 08:00:00,N09,-0.2305,0.008173,6.43,6.7258,0.00854,35.5,23.764808,86.414856
2026-07-28 09:00:00,N09,,,,,,,23.764808,86.414856
2026-07-28 10:00:00,N09,,,,,,,23.764808,86.414856
2026-07-28 11:00:00,N09,,,,,,,23.764808,86.414856
2026-07-28 12:00:00,N09,0.017,0.702891,17.79,6.7407,0.008154,39.3,23.764808,86.414856
2026-07-28 13:00:00,N09,-0.1205,0.82046,27.1,6.7413,0.010992,39.0,23.764808,86.414856
2026-07-28 14:00:00,N09,,,,,,,23.764808,86.414856
2026-07-28 15:00:00,N09,,,,,,,23.764808,86.414856
2026-07-28 16:00:00,N09,,,,,,,23.764808,86.414856
2026-07-28 17:00:00,N09,,,,,,,23.764808,86.414856
2026-07-28 18:00:00,N09,,,,,,,23.764808,86.414856
2026-07-28 19:00:00,N09,0.0534,0.005897,5.88,6.7273,0.000301,29.8,23.764808,86.414856
2026-07-28 20:00:00,N09,-0.0904,0.005159,7.92,6.727,0.000289,28.0,23.764808,86.414856
2026-07-28 21:00:00,N09,,,,,,,23.764808,86.414856
2026-07-28 22:00:00,N09,,,,,,,23.764808,86.414856
2026-07-28 23:00:00,N09,,,,,,,23.764808,86.414856
2026-07-29 00:00:00,N09,-0.2406,0.005045,9.75,6.7253,0.000557,22.6,23.764808,86.414856
2026-07-29 01:00:00,N09,0.1109,0.005302,8.65,6.7248,0.000377,22.9,23.764808,86.414856
2026-07-29 02:00:00,N09,0.0301,0.005771,4.88,6.7245,2.5e-05,23.6,23.764808,86.414856
2026-07-29 03:00:00,N09,0.0887,0.005594,5.15,6.7248,0.000652,24.8,23.764808,86.414856
2026-07-29 04:00:00,N09,-0.0574,0.005677,5.33,6.7258,0.000394,26.4,23.764808,86.414856
2026-07-29 05:00:00,N09,-0.4246,0.00534,3.35,6.7256,0.00028,28.2,23.764808,86.414856
2026-07-29 06:00:00,N09,0.0435,0.005858,9.45,6.7252,0.000151,30.1,23.764808,86.414856
2026-07-29 07:00:00,N09,0.1477,0.006004,6.56,6.7253,4e-06,32.0,23.764808,86.414856
2026-07-29 08:00:00,N09,-0.1218,0.008824,9.82,6.7253,0.000179,33.9,23.764808,86.414856
2026-07-29 09:00:00,N09,0.0101,0.006375,4.48,6.7257,0.000129,35.4,23.764808,86.414856
2026-07-29 10:00:00,N09,,,,,,,23.764808,86.414856
2026-07-29 11:00:00,N09,,,,,,,23.764808,86.414856
2026-07-29 12:00:00,N09,,,,,,,23.764808,86.414856
2026-07-29 13:00:00,N09,,,,,,,23.764808,86.414856
2026-07-29 14:00:00,N09,-0.0713,0.007454,6.69,6.726,0.00019,36.6,23.764808,86.414856
2026-07-29 15:00:00,N09,,,,,,,23.764808,86.414856
2026-07-29 16:00:00,N09,,,,,,,23.764808,86.414856
2026-07-29 17:00:00,N09,,,,,,,23.764808,86.414856
2026-07-29 18:00:00,N09,,,,,,,23.764808,86.414856
2026-07-29 19:00:00,N09,,,,,,,23.764808,86.414856
2026-07-29 20:00:00,N09,-0.1925,0.005632,9.25,6.7277,0.000396,26.4,23.764808,86.414856
2026-07-29 21:00:00,N09,-0.0492,0.006689,4.0,6.7276,5e-05,24.8,23.764808,86.414856
2026-07-29 22:00:00,N09,-0.1397,0.005483,1.49,6.7278,0.000551,23.6,23.764808,86.414856
2026-07-29 23:00:00,N09,-0.0062,0.006443,3.0,6.7287,0.000233,22.9,23.764808,86.414856
2026-07-30 00:00:00,N09,,,,,,,23.764808,86.414856
2026-07-30 01:00:00,N09,,,,,,,23.764808,86.414856
2026-07-30 02:00:00,N09,,,,,,,23.764808,86.414856
2026-07-30 03:00:00,N09,,,,,,,23.764808,86.414856
2026-07-30 04:00:00,N09,,,,,,,23.764808,86.414856
2026-07-30 05:00:00,N09,-0.1528,0.006677,4.68,6.7272,0.000492,31.0,23.764808,86.414856
2026-07-30 06:00:00,N09,,,,,,,23.764808,86.414856
2026-07-30 07:00:00,N09,-0.04,0.006387,5.13,6.7268,0.00017,34.9,23.764808,86.414856
2026-07-30 08:00:00,N09,0.12,0.006019,1.17,6.7265,0.004562,36.7,23.764808,86.414856
2026-07-30 09:00:00,N09,-0.1054,0.62107,26.85,6.736,0.004812,38.3,23.764808,86.414856
2026-07-30 10:00:00,N09,-0.3148,0.542864,21.18,6.7361,0.004644,39.5,23.764808,86.414856
2026-07-30 11:00:00,N09,0.0374,0.006345,3.18,6.7267,0.004744,40.2,23.764808,86.414856
2026-07-30 12:00:00,N09,-0.2255,0.005328,3.65,6.7266,8.4e-05,40.5,23.764808,86.414856
2026-07-30 13:00:00,N09,-0.0113,0.006065,4.34,6.7265,0.00026,40.2,23.764808,86.414856
2026-07-30 14:00:00,N09,-0.2035,0.005074,3.01,6.7271,0.00705,39.5,23.764808,86.414856
2026-07-30 15:00:00,N09,-0.0823,0.760137,36.95,6.7406,0.000262,38.3,23.764808,86.414856
2026-07-30 16:00:00,N09,-0.2877,0.005845,7.75,6.7276,0.014422,36.7,23.764808,86.414856
2026-07-30 17:00:00,N09,-0.0891,0.94703,26.36,6.7118,0.007566,34.9,23.764808,86.414856
2026-07-30 18:00:00,N09,0.0404,0.681075,48.26,6.7125,0.009083,33.0,23.764808,86.414856
2026-07-30 19:00:00,N09,,,,,,,23.764808,86.414856
2026-07-30 20:00:00,N09,,,,,,,23.764808,86.414856
2026-07-30 21:00:00,N09,0.1524,0.008018,1.85,6.7302,0.000442,27.7,23.764808,86.414856
2026-07-30 22:00:00,N09,-0.3785,0.005156,8.96,6.7305,8.4e-05,26.5,23.764808,86.414856
2026-07-30 23:00:00,N09,-0.2099,0.006575,5.24,6.7303,4.6e-05,25.7,23.764808,86.414856
2026-07-31 00:00:00,N09,-0.2227,0.006755,8.14,6.7305,0.000254,24.5,23.764808,86.414856
2026-07-31 01:00:00,N09,-0.1269,0.006149,4.74,6.7308,7.5e-05,24.8,23.764808,86.414856
2026-07-31 02:00:00,N09,-0.4757,0.006645,5.59,6.7303,0.000121,25.5,23.764808,86.414856
2026-07-31 03:00:00,N09,-0.0372,0.009954,6.07,6.7311,0.000648,26.7,23.764808,86.414856
2026-07-31 04:00:00,N09,-0.1495,0.006235,5.67,6.7316,0.000526,28.3,23.764808,86.414856
2026-07-31 05:00:00,N09,0.0929,0.005286,8.97,6.7321,0.000955,30.1,23.764808,86.414856
2026-07-31 06:00:00,N09,-0.3178,0.007356,3.27,6.7335,0.001071,32.0,23.764808,86.414856
2026-07-31 07:00:00,N09,-0.0377,0.00624,1.63,6.7343,0.000475,34.0,23.764808,86.414856
2026-07-31 08:00:00,N09,,,,,,,23.764808,86.414856
2026-07-31 09:00:00,N09,-0.1418,0.006447,7.4,6.7351,0.00023,37.3,23.764808,86.414856
2026-07-31 10:00:00,N09,-0.2061,0.007018,8.46,6.7349,0.000226,38.5,23.764808,86.414856
2026-07-31 11:00:00,N09,-0.146,0.006574,6.79,6.7356,0.000419,39.3,23.764808,86.414856
2026-07-31 12:00:00,N09,,,,,,,23.764808,86.414856
2026-07-31 13:00:00,N09,,,,,,,23.764808,86.414856
2026-07-31 14:00:00,N09,,,,,,,23.764808,86.414856
2026-07-31 15:00:00,N09,,,,,,,23.764808,86.414856
2026-07-31 16:00:00,N09,,,,,,,23.764808,86.414856
2026-07-31 17:00:00,N09,-0.2145,0.007166,9.44,6.7352,0.003672,34.0,23.764808,86.414856
2026-07-31 18:00:00,N09,-0.2839,0.006271,7.88,6.7359,0.000988,32.0,23.764808,86.414856
2026-07-31 19:00:00,N09,-0.0521,0.00703,8.93,6.7372,0.000469,30.1,23.764808,86.414856
2026-07-31 20:00:00,N09,-0.1774,0.006115,3.18,6.7368,6e-05,28.3,23.764808,86.414856
2026-07-31 21:00:00,N09,0.1044,0.008327,2.59,6.737,0.000163,26.7,23.764808,86.414856
2026-07-31 22:00:00,N09,-0.1369,0.006448,1.58,6.7371,0.000411,25.5,23.764808,86.414856
2026-07-31 23:00:00,N09,-0.2377,0.007804,5.52,6.7379,0.000673,24.8,23.764808,86.414856
2026-08-01 00:00:00,N09,0.0763,0.006725,6.52,6.7385,0.000377,27.9,23.764808,86.414856
2026-08-01 01:00:00,N09,-0.1504,0.005061,8.1,6.7386,8.4e-05,28.2,23.764808,86.414856
2026-08-01 02:00:00,N09,-0.2692,0.007827,5.4,6.7386,0.000186,28.9,23.764808,86.414856
2026-08-01 03:00:00,N09,0.0097,0.005355,2.16,6.739,0.000389,30.1,23.764808,86.414856
2026-08-01 04:00:00,N09,,,,,,,23.764808,86.414856
2026-08-01 05:00:00,N09,,,,,,,23.764808,86.414856
2026-08-01 06:00:00,N09,-0.2349,0.008566,2.61,6.7406,0.000759,35.4,23.764808,86.414856
2026-08-01 07:00:00,N09,-0.1382,0.005148,9.47,6.7406,8.8e-05,37.3,23.764808,86.414856
2026-08-01 08:00:00,N09,-0.1753,0.007167,3.23,6.7404,0.009402,39.2,23.764808,86.414856
2026-08-01 09:00:00,N09,-0.3348,0.980807,26.85,6.7217,0.009333,40.7,23.764808,86.414856
2026-08-01 10:00:00,N09,,,,,,,23.764808,86.414856
2026-08-01 11:00:00,N09,-0.042,0.680414,28.23,6.7524,0.015195,42.6,23.764808,86.414856
2026-08-01 12:00:00,N09,-0.0937,0.708465,41.39,6.7521,0.005663,42.9,23.764808,86.414856
2026-08-01 13:00:00,N09,-0.232,0.005546,7.33,6.7411,0.005357,42.6,23.764808,86.414856
2026-08-01 14:00:00,N09,-0.4514,0.006568,7.85,6.7414,3e-06,41.9,23.764808,86.414856
2026-08-01 15:00:00,N09,,,,,,,23.764808,86.414856
2026-08-01 16:00:00,N09,,,,,,,23.764808,86.414856
2026-08-01 17:00:00,N09,,,,,,,23.764808,86.414856
2026-08-01 18:00:00,N09,,,,,,,23.764808,86.414856
2026-08-01 19:00:00,N09,,,,,,,23.764808,86.414856
2026-08-01 20:00:00,N09,0.0444,0.007719,2.9,6.7436,0.001053,31.7,23.764808,86.414856
2026-08-01 21:00:00,N09,-0.1713,0.006883,4.34,6.7443,0.000414,30.1,23.764808,86.414856
2026-08-01 22:00:00,N09,-0.1528,0.005008,9.89,6.7444,0.000106,28.9,23.764808,86.414856
2026-08-01 23:00:00,N09,-0.3231,0.005823,5.69,6.7441,0.000245,28.2,23.764808,86.414856
2026-08-02 00:00:00,N09,0.0013,0.005461,8.53,6.744,0.000158,25.2,23.764808,86.414856
2026-08-02 01:00:00,N09,0.1311,0.005242,2.58,6.7444,0.000471,25.5,23.764808,86.414856
2026-08-02 02:00:00,N09,-0.1484,0.007938,9.33,6.7449,0.000271,26.2,23.764808,86.414856
2026-08-02 03:00:00,N09,,,,,,,23.764808,86.414856
2026-08-02 04:00:00,N09,,,,,,,23.764808,86.414856
2026-08-02 05:00:00,N09,,,,,,,23.764808,86.414856
2026-08-02 06:00:00,N09,,,,,,,23.764808,86.414856
2026-08-02 07:00:00,N09,,,,,,,23.764808,86.414856
2026-08-02 08:00:00,N09,0.0539,0.007067,9.8,6.7473,3.6e-05,36.5,23.764808,86.414856
2026-08-02 09:00:00,N09,-0.2237,0.008243,8.26,6.7473,1.9e-05,38.0,23.764808,86.414856
2026-08-02 10:00:00,N09,0.0431,0.006588,1.89,6.7473,0.000227,39.2,23.764808,86.414856
2026-08-02 11:00:00,N09,-0.408,0.009141,6.18,6.7477,0.000386,40.0,23.764808,86.414856
2026-08-02 12:00:00,N09,-0.2378,0.005933,7.19,6.748,0.000337,40.2,23.764808,86.414856
2026-08-02 13:00:00,N09,0.1097,0.005764,8.16,6.7484,0.000214,40.0,23.764808,86.414856
2026-08-02 14:00:00,N09,0.0228,0.007554,5.69,6.7485,0.000215,39.2,23.764808,86.414856
2026-08-02 15:00:00,N09,-0.0176,0.005999,4.17,6.748,1.8e-05,38.0,23.764808,86.414856
2026-08-02 16:00:00,N09,,,,,,,23.764808,86.414856
2026-08-02 17:00:00,N09,,,,,,,23.764808,86.414856
2026-08-02 18:00:00,N09,,,,,,,23.764808,86.414856
2026-08-02 19:00:00,N09,,,,,,,23.764808,86.414856
2026-08-02 20:00:00,N09,0.0102,0.005753,7.5,6.7482,0.000323,29.0,23.764808,86.414856
2026-08-02 21:00:00,N09,0.0026,0.005688,5.77,6.7484,3.7e-05,27.4,23.764808,86.414856
2026-08-02 22:00:00,N09,-0.182,0.007521,6.69,6.7482,0.000299,26.2,23.764808,86.414856
2026-08-02 23:00:00,N09,,,,,,,23.764808,86.414856
2026-08-03 00:00:00,N09,,,,,,,23.764808,86.414856
2026-08-03 01:00:00,N09,,,,,,,23.764808,86.414856
2026-08-03 02:00:00,N09,-0.1318,0.00713,1.73,6.7471,0.000808,24.8,23.764808,86.414856
2026-08-03 03:00:00,N09,,,,,,,23.764808,86.414856
2026-08-03 04:00:00,N09,-0.0424,0.005586,3.46,6.7493,0.00045,27.5,23.764808,86.414856
2026-08-03 05:00:00,N09,-0.029,0.005855,2.5,6.7495,0.000179,29.3,23.764808,86.414856
2026-08-03 06:00:00,N09,-0.0709,0.006002,7.92,6.7497,0.000301,31.3,23.764808,86.414856
2026-08-03 07:00:00,N09,,,,,,,23.764808,86.414856
2026-08-03 08:00:00,N09,,,,,,,23.764808,86.414856
2026-08-03 09:00:00,N09,,,,,,,23.764808,86.414856
2026-08-03 10:00:00,N09,-0.1721,0.549471,20.2,6.76,0.004501,37.8,23.764808,86.414856
2026-08-03 11:00:00,N09,-0.2971,0.637734,26.24,6.76,8.4e-05,38.5,23.764808,86.414856
2026-08-03 12:00:00,N09,-0.2489,0.943037,23.33,6.7601,0.002819,38.8,23.764808,86.414856
2026-08-03 13:00:00,N09,-0.3711,0.97409,48.95,6.7656,0.005327,38.5,23.764808,86.414856
2026-08-03 14:00:00,N09,-0.0414,0.005235,5.76,6.7495,0.008471,37.8,23.764808,86.414856
2026-08-03 15:00:00,N09,-0.3652,0.008158,9.18,6.7487,0.000103,36.6,23.764808,86.414856
2026-08-03 16:00:00,N09,-0.2633,0.008151,3.37,6.7493,0.000188,35.0,23.764808,86.414856
2026-08-03 17:00:00,N09,0.054,0.006706,3.4,6.7491,0.000407,33.2,23.764808,86.414856
2026-08-03 18:00:00,N09,,,,,,,23.764808,86.414856
2026-08-03 19:00:00,N09,,,,,,,23.764808,86.414856
2026-08-03 20:00:00,N09,,,,,,,23.764808,86.414856
2026-08-03 21:00:00,N09,,,,,,,23.764808,86.414856
2026-08-03 22:00:00,N09,,,,,,,23.764808,86.414856
2026-08-03 23:00:00,N09,-0.2153,0.006928,9.83,6.7515,0.000256,24.0,23.764808,86.414856
2026-08-04 00:00:00,N09,-0.3152,0.005892,5.61,6.7514,6.3e-05,26.8,23.764808,86.414856
2026-08-04 01:00:00,N09,-0.1771,0.006261,7.05,6.7516,0.000552,27.1,23.764808,86.414856
2026-08-04 02:00:00,N09,0.1981,0.008107,7.47,6.7525,0.000718,27.8,23.764808,86.414856
2026-08-04 03:00:00,N09,-0.2299,0.00528,3.81,6.753,0.000449,29.0,23.764808,86.414856
2026-08-04 04:00:00,N09,,,,,,,23.764808,86.414856
2026-08-04 05:00:00,N09,-0.235,0.005446,2.6,6.754,0.010447,32.4,23.764808,86.414856
2026-08-04 06:00:00,N09,0.025,0.743064,34.96,6.7325,0.000651,34.3,23.764808,86.414856
2026-08-04 07:00:00,N09,-0.1607,0.009841,4.88,6.7553,0.0113,36.2,23.764808,86.414856
2026-08-04 08:00:00,N09,-0.0643,0.007639,9.99,6.7551,5.9e-05,38.1,23.764808,86.414856
2026-08-04 09:00:00,N09,-0.1707,0.00813,2.07,6.7554,0.00038,39.6,23.764808,86.414856
2026-08-04 10:00:00,N09,-0.1819,0.007552,7.92,6.7559,0.000574,40.8,23.764808,86.414856
2026-08-04 11:00:00,N09,0.0591,0.007215,2.71,6.7566,0.000633,41.5,23.764808,86.414856
2026-08-04 12:00:00,N09,-0.0949,0.005592,4.24,6.7572,0.004771,41.8,23.764808,86.414856
2026-08-04 13:00:00,N09,-0.3288,0.718748,44.69,6.7661,0.00014,41.5,23.764808,86.414856
2026-08-04 14:00:00,N09,-0.1098,0.005455,4.2,6.7574,0.004147,40.8,23.764808,86.414856
2026-08-04 15:00:00,N09,0.2662,0.006641,2.88,6.7578,0.000474,39.6,23.764808,86.414856
2026-08-04 16:00:00,N09,-0.1299,0.005205,4.24,6.7584,0.000502,38.1,23.764808,86.414856
2026-08-04 17:00:00,N09,-0.0719,0.006574,8.37,6.7588,0.000258,36.2,23.764808,86.414856
2026-08-04 18:00:00,N09,-0.0505,0.008922,7.62,6.7579,0.000134,34.3,23.764808,86.414856
2026-08-04 19:00:00,N09,-0.0287,0.005515,2.83,6.7586,0.000449,32.4,23.764808,86.414856
2026-08-04 20:00:00,N09,-0.2929,0.005301,8.25,6.7588,0.000451,30.6,23.764808,86.414856
2026-08-04 21:00:00,N09,-0.5607,0.007121,4.54,6.7577,0.000237,29.0,23.764808,86.414856
2026-08-04 22:00:00,N09,-0.0065,0.009652,7.9,6.7583,0.000425,27.8,23.764808,86.414856
2026-08-04 23:00:00,N09,0.0365,0.005868,3.59,6.7585,0.000477,27.1,23.764808,86.414856
2026-08-05 00:00:00,N09,,,,,,,23.764808,86.414856
2026-08-05 01:00:00,N09,,,,,,,23.764808,86.414856
2026-08-05 02:00:00,N09,-0.0911,0.00505,9.11,6.7599,0.000395,25.9,23.764808,86.414856
2026-08-05 03:00:00,N09,-0.0442,0.00709,1.82,6.76,2e-05,27.1,23.764808,86.414856
2026-08-05 04:00:00,N09,0.0604,0.006579,1.65,6.7599,0.000408,28.7,23.764808,86.414856
2026-08-05 05:00:00,N09,-0.1189,0.005738,9.06,6.7608,0.000576,30.5,23.764808,86.414856
2026-08-05 06:00:00,N09,-0.0654,0.006501,2.0,6.7611,0.000242,32.4,23.764808,86.414856
2026-08-05 07:00:00,N09,0.0125,0.005235,5.84,6.7613,0.002881,34.3,23.764808,86.414856
2026-08-05 08:00:00,N09,-0.1291,0.746298,38.51,6.7668,0.000529,36.2,23.764808,86.414856
2026-08-05 09:00:00,N09,-0.3,0.005852,2.9,6.7623,0.002403,37.7,23.764808,86.414856
2026-08-05 10:00:00,N09,,,,,,,23.764808,86.414856
2026-08-05 11:00:00,N09,,,,,,,23.764808,86.414856
2026-08-05 12:00:00,N09,,,,,,,23.764808,86.414856
2026-08-05 13:00:00,N09,-0.1907,0.007581,6.05,6.7634,0.006372,39.7,23.764808,86.414856
2026-08-05 14:00:00,N09,,,,,,,23.764808,86.414856
2026-08-05 15:00:00,N09,,,,,,,23.764808,86.414856
2026-08-05 16:00:00,N09,,,,,,,23.764808,86.414856
2026-08-05 17:00:00,N09,-0.1581,0.006896,9.58,6.7633,9e-06,34.3,23.764808,86.414856
2026-08-05 18:00:00,N09,-0.0611,0.006972,4.69,6.7631,0.000419,32.4,23.764808,86.414856
2026-08-05 19:00:00,N09,-0.341,0.005725,6.09,6.7641,0.00045,30.5,23.764808,86.414856
2026-08-05 20:00:00,N09,-0.3205,0.005656,1.12,6.764,7.5e-05,28.7,23.764808,86.414856
2026-08-05 21:00:00,N09,0.0127,0.00547,5.05,6.7643,0.000482,27.1,23.764808,86.414856
2026-08-05 22:00:00,N09,,,,,,,23.764808,86.414856
2026-08-05 23:00:00,N09,-0.0759,0.00596,2.1,6.766,0.000619,25.2,23.764808,86.414856
2026-08-06 00:00:00,N09,-0.233,0.006702,3.95,6.7662,0.00014,22.6,23.764808,86.414856
2026-08-06 01:00:00,N09,-0.0327,0.008201,6.75,6.7662,0.000151,22.8,23.764808,86.414856
2026-08-06 02:00:00,N09,-0.2078,0.006518,3.62,6.7665,4.7e-05,23.6,23.764808,86.414856
2026-08-06 03:00:00,N09,-0.0759,0.005854,5.01,6.7661,5.5e-05,24.8,23.764808,86.414856
2026-08-06 04:00:00,N09,-0.4262,0.007349,1.59,6.7666,5.5e-05,26.3,23.764808,86.414856
2026-08-06 05:00:00,N09,-0.2793,0.00746,3.5,6.7663,0.00026,28.1,23.764808,86.414856
2026-08-06 06:00:00,N09,-0.437,0.005432,3.47,6.7661,0.00022,30.1,23.764808,86.414856
2026-08-06 07:00:00,N09,,,,,,,23.764808,86.414856
2026-08-06 08:00:00,N09,-0.0934,0.005909,3.23,6.7659,0.000227,33.8,23.764808,86.414856
2026-08-06 09:00:00,N09,-0.0662,0.00544,9.45,6.7671,0.000678,35.4,23.764808,86.414856
2026-08-06 10:00:00,N09,-0.3299,0.007855,1.9,6.7673,7.6e-05,36.6,23.764808,86.414856
2026-08-06 11:00:00,N09,-0.1054,0.007584,6.82,6.7673,0.003308,37.3,23.764808,86.414856
2026-08-06 12:00:00,N09,-0.1958,0.643231,41.64,6.7607,0.00304,37.6,23.764808,86.414856
2026-08-06 13:00:00,N09,0.0287,0.702892,36.8,6.7612,0.003848,37.3,23.764808,86.414856
2026-08-06 14:00:00,N09,-0.2664,0.005003,5.66,6.7684,0.003876,36.6,23.764808,86.414856
2026-08-06 15:00:00,N09,-0.1559,0.008031,5.95,6.769,0.000639,35.4,23.764808,86.414856
2026-08-06 16:00:00,N09,,,,,,,23.764808,86.414856
2026-08-06 17:00:00,N09,,,,,,,23.764808,86.414856
2026-08-06 18:00:00,N09,,,,,,,23.764808,86.414856
2026-08-06 19:00:00,N09,,,,,,,23.764808,86.414856
2026-08-06 20:00:00,N09,,,,,,,23.764808,86.414856
2026-08-06 21:00:00,N09,-0.2541,0.00515,5.19,6.7709,0.000412,24.8,23.764808,86.414856
2026-08-06 22:00:00,N09,-0.1335,0.005184,7.71,6.7712,0.000165,23.6,23.764808,86.414856
2026-08-06 23:00:00,N09,-0.0623,0.005263,1.51,6.7713,0.000258,22.8,23.764808,86.414856
2026-08-07 00:00:00,N09,-0.217,0.007241,1.67,6.7717,0.000367,26.0,23.764808,86.414856
2026-08-07 01:00:00,N09,,,,,,,23.764808,86.414856
2026-08-07 02:00:00,N09,,,,,,,23.764808,86.414856
2026-08-07 03:00:00,N09,-0.0786,0.007392,7.57,6.7725,0.000677,28.2,23.764808,86.414856
2026-08-07 04:00:00,N09,,,,,,,23.764808,86.414856
2026-08-07 05:00:00,N09,,,,,,,23.764808,86.414856
2026-08-07 06:00:00,N09,,,,,,,23.764808,86.414856
2026-08-07 07:00:00,N09,,,,,,,23.764808,86.414856
2026-08-07 08:00:00,N09,,,,,,,23.764808,86.414856
2026-08-07 09:00:00,N09,,,,,,,23.764808,86.414856
2026-08-07 10:00:00,N09,,,,,,,23.764808,86.414856
2026-08-07 11:00:00,N09,,,,,,,23.764808,86.414856
2026-08-07 12:00:00,N09,,,,,,,23.764808,86.414856
2026-08-07 13:00:00,N09,,,,,,,23.764808,86.414856
2026-08-07 14:00:00,N09,-0.0591,0.622139,15.32,6.765,0.010402,40.0,23.764808,86.414856
2026-08-07 15:00:00,N09,-0.3074,0.538817,32.1,6.7652,0.004792,38.8,23.764808,86.414856
2026-08-07 16:00:00,N09,-0.1031,0.00649,2.98,6.7746,0.004783,37.2,23.764808,86.414856
2026-08-07 17:00:00,N09,-0.1524,0.005388,6.37,6.7747,0.000113,35.4,23.764808,86.414856
2026-08-07 18:00:00,N09,-0.0016,0.00561,8.54,6.7748,5e-06,33.5,23.764808,86.414856
2026-08-07 19:00:00,N09,-0.0432,0.005946,8.39,6.7748,0.000295,31.5,23.764808,86.414856
2026-08-07 20:00:00,N09,-0.0274,0.007568,6.59,6.7742,0.000374,29.7,23.764808,86.414856
2026-08-07 21:00:00,N09,,,,,,,23.764808,86.414856
2026-08-07 22:00:00,N09,-0.2338,0.006239,9.19,6.7736,1.4e-05,27.0,23.764808,86.414856
2026-08-07 23:00:00,N09,-0.2719,0.007034,7.2,6.774,5e-05,26.2,23.764808,86.414856
2026-08-08 00:00:00,N09,,,,,,,23.764808,86.414856
2026-08-08 01:00:00,N09,,,,,,,23.764808,86.414856
2026-08-08 02:00:00,N09,,,,,,,23.764808,86.414856
2026-08-08 03:00:00,N09,,,,,,,23.764808,86.414856
2026-08-08 04:00:00,N09,0.0466,0.006771,8.57,6.7763,0.000503,27.3,23.764808,86.414856
2026-08-08 05:00:00,N09,-0.2332,0.005658,4.1,6.7771,0.000568,29.1,23.764808,86.414856
2026-08-08 06:00:00,N09,-0.1013,0.005096,7.7,6.7774,0.000522,31.0,23.764808,86.414856
2026-08-08 07:00:00,N09,-0.089,0.006768,9.33,6.7781,0.008036,32.9,23.764808,86.414856
2026-08-08 08:00:00,N09,-0.0364,0.516574,30.76,6.7614,0.008527,34.8,23.764808,86.414856
2026-08-08 09:00:00,N09,-0.0663,0.567111,23.13,6.7611,0.011893,36.3,23.764808,86.414856
2026-08-08 10:00:00,N09,,,,,,,23.764808,86.414856
2026-08-08 11:00:00,N09,,,,,,,23.764808,86.414856
2026-08-08 12:00:00,N09,,,,,,,23.764808,86.414856
2026-08-08 13:00:00,N09,,,,,,,23.764808,86.414856
2026-08-08 14:00:00,N09,,,,,,,23.764808,86.414856
2026-08-08 15:00:00,N09,,,,,,,23.764808,86.414856
2026-08-08 16:00:00,N09,,,,,,,23.764808,86.414856
2026-08-08 17:00:00,N09,-0.3056,0.006981,3.67,6.7767,0.000361,32.9,23.764808,86.414856
2026-08-08 18:00:00,N09,-0.0645,0.005149,5.09,6.7776,0.000989,31.0,23.764808,86.414856
2026-08-08 19:00:00,N09,-0.2216,0.006293,4.59,6.7787,0.000397,29.1,23.764808,86.414856
2026-08-08 20:00:00,N09,-0.1078,0.0064,4.47,6.7784,0.000193,27.3,23.764808,86.414856
2026-08-08 21:00:00,N09,-0.0441,0.005372,4.64,6.7791,0.000767,25.7,23.764808,86.414856
2026-08-08 22:00:00,N09,-0.0578,0.007314,4.26,6.7799,0.000592,24.5,23.764808,86.414856
2026-08-08 23:00:00,N09,-0.2752,0.007351,7.03,6.7802,1e-06,23.8,23.764808,86.414856
2026-08-09 00:00:00,N09,-0.1417,0.006376,6.37,6.7799,0.000585,24.5,23.764808,86.414856
2026-08-09 01:00:00,N09,0.2094,0.005809,1.09,6.7814,0.000664,24.8,23.764808,86.414856
2026-08-09 02:00:00,N09,-0.2453,0.007115,2.65,6.7812,0.000467,25.5,23.764808,86.414856
2026-08-09 03:00:00,N09,,,,,,,23.764808,86.414856
2026-08-09 04:00:00,N09,,,,,,,23.764808,86.414856
2026-08-09 05:00:00,N09,,,,,,,23.764808,86.414856
2026-08-09 06:00:00,N09,,,,,,,23.764808,86.414856
2026-08-09 07:00:00,N09,-0.0294,0.005098,8.05,6.7826,0.000335,33.9,23.764808,86.414856
2026-08-09 08:00:00,N09,-0.3124,0.009705,3.54,6.7823,0.00632,35.8,23.764808,86.414856
2026-08-09 09:00:00,N09,-0.0115,0.863232,30.52,6.77,0.00612,37.3,23.764808,86.414856
2026-08-09 10:00:00,N09,-0.1362,0.597965,21.08,6.7701,0.006382,38.5,23.764808,86.414856
2026-08-09 11:00:00,N09,0.0484,0.00536,1.34,6.7827,0.006863,39.2,23.764808,86.414856
2026-08-09 12:00:00,N09,-0.0962,0.005155,9.33,6.7838,0.000693,39.5,23.764808,86.414856
2026-08-09 13:00:00,N09,-0.2591,0.008477,8.04,6.7841,8.3e-05,39.2,23.764808,86.414856
2026-08-09 14:00:00,N09,-0.1783,0.005864,2.39,6.7837,0.000144,38.5,23.764808,86.414856
2026-08-09 15:00:00,N09,-0.0002,0.005049,4.91,6.7838,0.000102,37.3,23.764808,86.414856
2026-08-09 16:00:00,N09,,,,,,,23.764808,86.414856
2026-08-09 17:00:00,N09,,,,,,,23.764808,86.414856
2026-08-09 18:00:00,N09,,,,,,,23.764808,86.414856
2026-08-09 19:00:00,N09,,,,,,,23.764808,86.414856
2026-08-09 20:00:00,N09,,,,,,,23.764808,86.414856
2026-08-09 21:00:00,N09,-0.0911,0.006923,9.01,6.7852,0.000302,26.7,23.764808,86.414856
2026-08-09 22:00:00,N09,0.0837,0.005984,6.48,6.7858,0.000147,25.5,23.764808,86.414856
2026-08-09 23:00:00,N09,0.0149,0.005538,5.36,6.7855,0.000396,24.8,23.764808,86.414856
2026-08-10 00:00:00,N09,0.0905,0.005331,2.64,6.785,0.000424,24.5,23.764808,86.414856
2026-08-10 01:00:00,N09,-0.0475,0.007809,9.29,6.7846,0.000224,24.8,23.764808,86.414856
2026-08-10 02:00:00,N09,-0.291,0.007269,4.12,6.7845,6.8e-05,25.5,23.764808,86.414856
2026-08-10 03:00:00,N09,-0.1811,0.005361,4.83,6.7848,0.000635,26.7,23.764808,86.414856
2026-08-10 04:00:00,N09,-0.143,0.006007,9.62,6.7858,0.0009,28.3,23.764808,86.414856
2026-08-10 05:00:00,N09,,,,,,,23.764808,86.414856
2026-08-10 06:00:00,N09,,,,,,,23.764808,86.414856
2026-08-10 07:00:00,N09,,,,,,,23.764808,86.414856
2026-08-10 08:00:00,N09,-0.0177,0.005214,5.17,6.7885,0.008434,35.8,23.764808,86.414856
2026-08-10 09:00:00,N09,-0.1155,0.85856,20.84,6.8054,0.00805,37.3,23.764808,86.414856
2026-08-10 10:00:00,N09,0.1331,0.906482,44.47,6.8046,0.012799,38.5,23.764808,86.414856
2026-08-10 11:00:00,N09,-0.0276,0.805859,40.16,6.7798,0.012117,39.2,23.764808,86.414856
2026-08-10 12:00:00,N09,-0.0929,0.504165,34.88,6.7803,0.004509,39.5,23.764808,86.414856
2026-08-10 13:00:00,N09,-0.1461,0.006074,2.72,6.7888,0.000119,39.2,23.764808,86.414856
2026-08-10 14:00:00,N09,,,,,,,23.764808,86.414856
2026-08-10 15:00:00,N09,,,,,,,23.764808,86.414856
2026-08-10 16:00:00,N09,,,,,,,23.764808,86.414856
2026-08-10 17:00:00,N09,,,,,,,23.764808,86.414856
2026-08-10 18:00:00,N09,,,,,,,23.764808,86.414856
2026-08-10 19:00:00,N09,0.1993,0.006695,6.89,6.7892,0.000394,30.1,23.764808,86.414856
2026-08-10 20:00:00,N09,-0.2202,0.005471,7.31,6.7899,0.000846,28.3,23.764808,86.414856
2026-08-10 21:00:00,N09,-0.0406,0.005245,4.61,6.7909,0.000283,26.7,23.764808,86.414856
2026-08-10 22:00:00,N09,-0.0462,0.005051,1.95,6.7905,3.5e-05,25.5,23.764808,86.414856
2026-08-10 23:00:00,N09,-0.0501,0.005524,7.39,6.7909,0.000263,24.8,23.764808,86.414856
2026-08-11 00:00:00,N09,-0.1832,0.005807,5.15,6.791,0.0005,25.1,23.764808,86.414856
2026-08-11 01:00:00,N09,,,,,,,23.764808,86.414856
2026-08-11 02:00:00,N09,,,,,,,23.764808,86.414856
2026-08-11 03:00:00,N09,,,,,,,23.764808,86.414856
2026-08-11 04:00:00,N09,,,,,,,23.764808,86.414856
2026-08-11 05:00:00,N09,,,,,,,23.764808,86.414856
2026-08-11 06:00:00,N09,,,,,,,23.764808,86.414856
2026-08-11 07:00:00,N09,,,,,,,23.764808,86.414856
2026-08-11 08:00:00,N09,0.0941,0.52116,45.5,6.8041,0.00029,36.4,23.764808,86.414856
2026-08-11 09:00:00,N09,-0.1794,0.005787,4.48,6.7942,0.004511,37.9,23.764808,86.414856
2026-08-11 10:00:00,N09,-0.1964,0.005788,6.78,6.795,0.000937,39.1,23.764808,86.414856
2026-08-11 11:00:00,N09,-0.1189,0.00696,6.56,6.7961,0.003517,39.8,23.764808,86.414856
2026-08-11 12:00:00,N09,-0.0786,0.516204,37.88,6.788,0.00063,40.1,23.764808,86.414856
2026-08-11 13:00:00,N09,-0.2932,0.005994,9.4,6.7974,0.005043,39.8,23.764808,86.414856
2026-08-11 14:00:00,N09,0.155,0.005641,1.09,6.7981,0.000619,39.1,23.764808,86.414856
2026-08-11 15:00:00,N09,0.1419,0.007735,4.97,6.7986,0.000124,37.9,23.764808,86.414856
2026-08-11 16:00:00,N09,-0.2289,0.006901,3.83,6.7983,0.00478,36.4,23.764808,86.414856
2026-08-11 17:00:00,N09,-0.1541,0.619005,30.21,6.8082,0.004757,34.5,23.764808,86.414856
2026-08-11 18:00:00,N09,0.042,0.702362,23.53,6.8079,0.004837,32.6,23.764808,86.414856
2026-08-11 19:00:00,N09,-0.2585,0.005581,1.52,6.7985,0.004648,30.7,23.764808,86.414856
2026-08-11 20:00:00,N09,-0.0255,0.005676,6.55,6.7986,0.000698,28.9,23.764808,86.414856
2026-08-11 21:00:00,N09,-0.0257,0.005751,3.86,6.7999,0.000653,27.3,23.764808,86.414856
2026-08-11 22:00:00,N09,,,,,,,23.764808,86.414856
2026-08-11 23:00:00,N09,,,,,,,23.764808,86.414856
2026-08-12 00:00:00,N09,,,,,,,23.764808,86.414856
2026-08-12 01:00:00,N09,0.0969,0.009783,4.32,6.8,6.4e-05,27.5,23.764808,86.414856
2026-08-12 02:00:00,N09,,,,,,,23.764808,86.414856
2026-08-12 03:00:00,N09,,,,,,,23.764808,86.414856
2026-08-12 04:00:00,N09,-0.0791,0.005256,1.92,6.7999,0.0,31.0,23.764808,86.414856
2026-08-12 05:00:00,N09,-0.1794,0.006443,8.87,6.8,0.000415,32.8,23.764808,86.414856
2026-08-12 06:00:00,N09,-0.2447,0.007061,4.13,6.7991,0.000368,34.8,23.764808,86.414856
2026-08-12 07:00:00,N09,-0.3099,0.005912,8.37,6.7993,0.000464,36.7,23.764808,86.414856
2026-08-12 08:00:00,N09,-0.1577,0.006249,2.98,6.8,0.000553,38.5,23.764808,86.414856
2026-08-12 09:00:00,N09,0.1466,0.006011,3.84,6.8004,5.1e-05,40.1,23.764808,86.414856
2026-08-12 10:00:00,N09,-0.0747,0.005107,7.03,6.8001,0.000107,41.3,23.764808,86.414856
2026-08-12 11:00:00,N09,-0.0841,0.006026,2.27,6.8002,0.006238,42.0,23.764808,86.414856
2026-08-12 12:00:00,N09,-0.0441,0.576258,47.48,6.7876,0.012686,42.3,23.764808,86.414856
2026-08-12 13:00:00,N09,0.0441,0.523633,49.63,6.7748,0.000192,42.0,23.764808,86.414856
2026-08-12 14:00:00,N09,-0.0469,0.531245,34.89,6.788,0.013157,41.3,23.764808,86.414856
2026-08-12 15:00:00,N09,-0.001,0.00967,6.32,6.8011,0.006709,40.1,23.764808,86.414856
2026-08-12 16:00:00,N09,0.101,0.005648,1.19,6.8014,7.9e-05,38.5,23.764808,86.414856
2026-08-12 17:00:00,N09,,,,,,,23.764808,86.414856
2026-08-12 18:00:00,N09,,,,,,,23.764808,86.414856
2026-08-12 19:00:00,N09,,,,,,,23.764808,86.414856
2026-08-12 20:00:00,N09,-0.2355,0.005791,6.66,6.801,0.000278,31.0,23.764808,86.414856
2026-08-12 21:00:00,N09,0.0628,0.007193,5.91,6.8015,0.000472,29.5,23.764808,86.414856
2026-08-12 22:00:00,N09,-0.2705,0.006294,4.3,6.8019,0.00048,28.3,23.764808,86.414856
2026-08-12 23:00:00,N09,-0.3542,0.00593,4.3,6.8025,0.000472,27.5,23.764808,86.414856
2026-08-13 00:00:00,N09,-0.168,0.007776,2.61,6.8028,3e-05,25.2,23.764808,86.414856
2026-08-13 01:00:00,N09,0.0528,0.006681,3.5,6.8024,0.000447,25.5,23.764808,86.414856
2026-08-13 02:00:00,N09,-0.0372,0.005965,5.06,6.8019,0.000225,26.2,23.764808,86.414856
2026-08-13 03:00:00,N09,-0.0632,0.007149,2.86,6.802,0.000245,27.4,23.764808,86.414856
2026-08-13 04:00:00,N09,-0.1853,0.007106,3.89,6.8024,0.000311,29.0,23.764808,86.414856
2026-08-13 05:00:00,N09,-0.3026,0.00508,4.05,6.8026,0.000224,30.8,23.764808,86.414856
2026-08-13 06:00:00,N09,-0.1677,0.005081,1.01,6.8029,0.005759,32.7,23.764808,86.414856
2026-08-13 07:00:00,N09,-0.078,0.819275,25.34,6.8141,0.000575,34.7,23.764808,86.414856
2026-08-13 08:00:00,N09,-0.0714,0.007757,3.43,6.804,0.004996,36.5,23.764808,86.414856
2026-08-13 09:00:00,N09,-0.1365,0.006639,7.51,6.8041,0.000348,38.0,23.764808,86.414856
2026-08-13 10:00:00,N09,0.1926,0.008474,1.7,6.8033,0.000303,39.2,23.764808,86.414856
2026-08-13 11:00:00,N09,0.0927,0.005213,1.34,6.8035,0.003728,40.0,23.764808,86.414856
2026-08-13 12:00:00,N09,-0.1261,0.800989,15.14,6.8108,0.003435,40.2,23.764808,86.414856
2026-08-13 13:00:00,N09,-0.1877,0.763558,48.57,6.8104,0.003498,40.0,23.764808,86.414856
2026-08-13 14:00:00,N09,,,,,,,23.764808,86.414856
2026-08-13 15:00:00,N09,,,,,,,23.764808,86.414856
2026-08-13 16:00:00,N09,,,,,,,23.764808,86.414856
2026-08-13 17:00:00,N09,,,,,,,23.764808,86.414856
2026-08-13 18:00:00,N09,0.1578,0.006337,3.65,6.8042,0.000492,32.7,23.764808,86.414856
2026-08-13 19:00:00,N09,0.3007,0.006999,3.74,6.8046,0.00022,30.8,23.764808,86.414856
2026-08-13 20:00:00,N09,-0.1146,0.007911,3.77,6.8046,3.1e-05,29.0,23.764808,86.414856
2026-08-13 21:00:00,N09,0.0372,0.008078,5.42,6.8045,0.000165,27.4,23.764808,86.414856
2026-08-13 22:00:00,N09,-0.1276,0.007107,6.98,6.8043,7.6e-05,26.2,23.764808,86.414856
2026-08-13 23:00:00,N09,-0.0837,0.009147,9.88,6.8044,8.8e-05,25.5,23.764808,86.414856
2026-08-14 00:00:00,N09,-0.1997,0.005339,3.08,6.8045,0.000412,25.4,23.764808,86.414856
2026-08-14 01:00:00,N09,0.0248,0.006686,4.37,6.8052,0.000593,25.6,23.764808,86.414856
2026-08-14 02:00:00,N09,0.0789,0.005925,5.58,6.8057,5e-05,26.4,23.764808,86.414856
2026-08-14 03:00:00,N09,-0.084,0.006642,5.59,6.8051,0.00042,27.6,23.764808,86.414856
2026-08-14 04:00:00,N09,,,,,,,23.764808,86.414856
2026-08-14 05:00:00,N09,-0.1107,0.005029,2.05,6.8052,0.000117,30.9,23.764808,86.414856
2026-08-14 06:00:00,N09,-0.2345,0.005309,8.24,6.8051,1.2e-05,32.9,23.764808,86.414856
2026-08-14 07:00:00,N09,-0.0917,0.00774,9.52,6.8052,0.003015,34.8,23.764808,86.414856
2026-08-14 08:00:00,N09,0.0526,0.777816,40.71,6.799,0.000344,36.6,23.764808,86.414856
2026-08-14 09:00:00,N09,,,,,,,23.764808,86.414856
2026-08-14 10:00:00,N09,,,,,,,23.764808,86.414856
2026-08-14 11:00:00,N09,,,,,,,23.764808,86.414856
2026-08-14 12:00:00,N09,-0.0455,0.006174,4.0,6.8078,0.000557,40.4,23.764808,86.414856
2026-08-14 13:00:00,N09,-0.1191,0.005052,2.94,6.8085,9.9e-05,40.1,23.764808,86.414856
2026-08-14 14:00:00,N09,0.1934,0.005843,7.66,6.808,0.000391,39.4,23.764808,86.414856
2026-08-14 15:00:00,N09,-0.2451,0.007239,5.56,6.8077,0.000698,38.2,23.764808,86.414856
2026-08-14 16:00:00,N09,0.0387,0.005664,5.58,6.8094,0.001216,36.6,23.764808,86.414856
2026-08-14 17:00:00,N09,-0.1191,0.006433,2.04,6.8102,0.000642,34.8,23.764808,86.414856
2026-08-14 18:00:00,N09,-0.2327,0.007522,9.33,6.8106,0.00022,32.9,23.764808,86.414856
2026-08-14 19:00:00,N09,-0.0276,0.005571,3.88,6.8106,0.000345,30.9,23.764808,86.414856
2026-08-14 20:00:00,N09,-0.0054,0.007073,3.15,6.8113,0.00065,29.1,23.764808,86.414856
2026-08-14 21:00:00,N09,,,,,,,23.764808,86.414856
2026-08-14 22:00:00,N09,,,,,,,23.764808,86.414856
2026-08-14 23:00:00,N09,0.2448,0.006704,7.56,6.813,0.000543,25.6,23.764808,86.414856
2026-08-15 00:00:00,N09,0.0499,0.005379,1.05,6.8131,0.00019,21.5,23.764808,86.414856
2026-08-15 01:00:00,N09,-0.0995,0.007579,5.83,6.8134,0.000624,21.8,23.764808,86.414856
2026-08-15 02:00:00,N09,-0.1308,0.005966,8.8,6.8144,0.000505,22.5,23.764808,86.414856
2026-08-15 03:00:00,N09,0.0466,0.009036,8.48,6.8144,1.8e-05,23.7,23.764808,86.414856
2026-08-15 04:00:00,N09,-0.1083,0.005681,4.38,6.8144,0.000176,25.3,23.764808,86.414856
2026-08-15 05:00:00,N09,-0.3243,0.007586,4.43,6.8148,0.000188,27.1,23.764808,86.414856
2026-08-15 06:00:00,N09,,,,,,,23.764808,86.414856
2026-08-15 07:00:00,N09,,,,,,,23.764808,86.414856
2026-08-15 08:00:00,N09,,,,,,,23.764808,86.414856
2026-08-15 09:00:00,N09,,,,,,,23.764808,86.414856
2026-08-15 10:00:00,N09,,,,,,,23.764808,86.414856
2026-08-15 11:00:00,N09,0.0795,0.00539,4.39,6.8162,0.000136,36.3,23.764808,86.414856
2026-08-15 12:00:00,N09,-0.2582,0.006116,9.59,6.8168,0.006456,36.5,23.764808,86.414856
2026-08-15 13:00:00,N09,0.0868,0.840062,41.41,6.8033,0.006838,36.3,23.764808,86.414856
2026-08-15 14:00:00,N09,-0.1601,0.909777,42.46,6.8031,0.006538,35.5,23.764808,86.414856
2026-08-15 15:00:00,N09,,,,,,,23.764808,86.414856
2026-08-15 16:00:00,N09,,,,,,,23.764808,86.414856
2026-08-15 17:00:00,N09,-0.1835,0.005198,4.94,6.8171,0.000422,31.0,23.764808,86.414856
2026-08-15 18:00:00,N09,0.3268,0.005067,8.77,6.8177,8.9e-05,29.0,23.764808,86.414856
2026-08-15 19:00:00,N09,0.1854,0.006597,6.97,6.8173,0.000275,27.1,23.764808,86.414856
2026-08-15 20:00:00,N09,-0.4259,0.005793,7.89,6.8171,0.000388,25.3,23.764808,86.414856
2026-08-15 21:00:00,N09,,,,,,,23.764808,86.414856
2026-08-15 22:00:00,N09,,,,,,,23.764808,86.414856
2026-08-15 23:00:00,N09,,,,,,,23.764808,86.414856
2026-08-16 00:00:00,N09,,,,,,,23.764808,86.414856
2026-08-16 01:00:00,N09,,,,,,,23.764808,86.414856
2026-08-16 02:00:00,N09,,,,,,,23.764808,86.414856
2026-08-16 03:00:00,N09,,,,,,,23.764808,86.414856
2026-08-16 04:00:00,N09,,,,,,,23.764808,86.414856
2026-08-16 05:00:00,N09,,,,,,,23.764808,86.414856
2026-08-16 06:00:00,N09,,,,,,,23.764808,86.414856
2026-08-16 07:00:00,N09,0.275,0.539867,35.74,6.8153,0.002309,38.4,23.764808,86.414856
2026-08-16 08:00:00,N09,,,,,,,23.764808,86.414856
2026-08-16 09:00:00,N09,0.1254,0.006068,3.28,6.8209,0.002986,41.7,23.764808,86.414856
2026-08-16 10:00:00,N09,0.0682,0.007869,4.78,6.8216,0.000545,42.9,23.764808,86.414856
2026-08-16 11:00:00,N09,-0.1162,0.006178,6.61,6.822,0.002518,43.7,23.764808,86.414856
2026-08-16 12:00:00,N09,-0.0612,0.602191,18.05,6.8267,0.000121,43.9,23.764808,86.414856
2026-08-16 13:00:00,N09,-0.3278,0.010387,1.95,6.8217,0.001866,43.7,23.764808,86.414856
2026-08-16 14:00:00,N09,,,,,,,23.764808,86.414856
2026-08-16 15:00:00,N09,,,,,,,23.764808,86.414856
2026-08-16 16:00:00,N09,,,,,,,23.764808,86.414856
2026-08-16 17:00:00,N09,,,,,,,23.764808,86.414856
2026-08-16 18:00:00,N09,,,,,,,23.764808,86.414856
2026-08-16 19:00:00,N09,-0.01,0.00584,5.01,6.8249,0.000333,34.5,23.764808,86.414856
2026-08-16 20:00:00,N09,-0.1711,0.005891,6.83,6.8249,0.000142,32.7,23.764808,86.414856
2026-08-16 21:00:00,N09,,,,,,,23.764808,86.414856
2026-08-16 22:00:00,N09,0.1395,0.006206,8.09,6.8246,0.000187,29.9,23.764808,86.414856
2026-08-16 23:00:00,N09,0.1318,0.006073,8.71,6.825,0.000254,29.2,23.764808,86.414856
2026-08-17 00:00:00,N09,-0.2175,0.005566,9.22,6.8241,0.000191,21.9,23.764808,86.414856
2026-08-17 01:00:00,N09,0.1089,0.005331,9.64,6.8246,0.000197,22.2,23.764808,86.414856
2026-08-17 02:00:00,N09,-0.1419,0.006204,4.8,6.8245,0.000231,22.9,23.764808,86.414856
2026-08-17 03:00:00,N09,-0.2759,0.009732,8.13,6.825,0.000149,24.1,23.764808,86.414856
2026-08-17 04:00:00,N09,-0.0922,0.005588,8.73,6.8248,0.000213,25.7,23.764808,86.414856
2026-08-17 05:00:00,N09,-0.2628,0.007336,2.03,6.8255,0.000568,27.5,23.764808,86.414856
2026-08-17 06:00:00,N09,,,,,,,23.764808,86.414856
2026-08-17 07:00:00,N09,,,,,,,23.764808,86.414856
2026-08-17 08:00:00,N09,,,,,,,23.764808,86.414856
2026-08-17 09:00:00,N09,,,,,,,23.764808,86.414856
2026-08-17 10:00:00,N09,,,,,,,23.764808,86.414856
2026-08-17 11:00:00,N09,-0.1211,0.005764,6.87,6.828,0.000312,36.7,23.764808,86.414856
2026-08-17 12:00:00,N09,,,,,,,23.764808,86.414856
2026-08-17 13:00:00,N09,,,,,,,23.764808,86.414856
2026-08-17 14:00:00,N09,,,,,,,23.764808,86.414856
2026-08-17 15:00:00,N09,-0.1561,0.00817,5.22,6.8318,0.000811,34.7,23.764808,86.414856
2026-08-17 16:00:00,N09,,,,,,,23.764808,86.414856
2026-08-17 17:00:00,N09,,,,,,,23.764808,86.414856
2026-08-17 18:00:00,N09,,,,,,,23.764808,86.414856
2026-08-17 19:00:00,N09,0.0324,0.006511,8.06,6.8317,0.00014,27.5,23.764808,86.414856
2026-08-17 20:00:00,N09,-0.2021,0.008292,4.03,6.831,0.00015,25.7,23.764808,86.414856
2026-08-17 21:00:00,N09,,,,,,,23.764808,86.414856
2026-08-17 22:00:00,N09,,,,,,,23.764808,86.414856
2026-08-17 23:00:00,N09,,,,,,,23.764808,86.414856
2026-08-18 00:00:00,N09,,,,,,,23.764808,86.414856
2026-08-18 01:00:00,N09,,,,,,,23.764808,86.414856
2026-08-18 02:00:00,N09,-0.0525,0.007954,1.67,6.8342,0.000483,27.3,23.764808,86.414856
2026-08-18 03:00:00,N09,-0.0253,0.005053,7.77,6.8343,0.0001,28.5,23.764808,86.414856
2026-08-18 04:00:00,N09,-0.0447,0.005407,7.83,6.834,2.4e-05,30.1,23.764808,86.414856
2026-08-18 05:00:00,N09,-0.3542,0.005008,4.12,6.8342,3.9e-05,31.9,23.764808,86.414856
2026-08-18 06:00:00,N09,-0.1142,0.007926,8.3,6.8339,0.000162,33.8,23.764808,86.414856
2026-08-18 07:00:00,N09,-0.0687,0.006855,8.12,6.8339,0.000127,35.7,23.764808,86.414856
2026-08-18 08:00:00,N09,-0.0584,0.005428,7.48,6.8342,0.00014,37.6,23.764808,86.414856
2026-08-18 09:00:00,N09,,,,,,,23.764808,86.414856
2026-08-18 10:00:00,N09,,,,,,,23.764808,86.414856
2026-08-18 11:00:00,N09,,,,,,,23.764808,86.414856
2026-08-18 12:00:00,N09,0.0021,0.755747,29.13,6.8155,0.000159,41.3,23.764808,86.414856
2026-08-18 13:00:00,N09,-0.2518,0.006028,2.17,6.8353,0.010099,41.1,23.764808,86.414856
2026-08-18 14:00:00,N09,,,,,,,23.764808,86.414856
2026-08-18 15:00:00,N09,,,,,,,23.764808,86.414856
2026-08-18 16:00:00,N09,-0.2294,0.005613,8.65,6.8361,0.004855,37.6,23.764808,86.414856
2026-08-18 17:00:00,N09,,,,,,,23.764808,86.414856
2026-08-18 18:00:00,N09,,,,,,,23.764808,86.414856
2026-08-18 19:00:00,N09,,,,,,,23.764808,86.414856
2026-08-18 20:00:00,N09,,,,,,,23.764808,86.414856
2026-08-18 21:00:00,N09,-0.3362,0.00753,5.26,6.8366,0.000452,28.5,23.764808,86.414856
2026-08-18 22:00:00,N09,0.0535,0.00592,1.32,6.8375,0.000382,27.3,23.764808,86.414856
2026-08-18 23:00:00,N09,-0.1355,0.007469,4.59,6.8373,8e-05,26.6,23.764808,86.414856
2026-08-19 00:00:00,N09,-0.059,0.006823,9.49,6.8377,0.000334,22.8,23.764808,86.414856
2026-08-19 01:00:00,N09,-0.1461,0.006829,4.92,6.838,0.00021,23.1,23.764808,86.414856
2026-08-19 02:00:00,N09,-0.0357,0.006697,2.52,6.8381,0.000136,23.8,23.764808,86.414856
2026-08-19 03:00:00,N09,-0.1608,0.005206,5.48,6.8383,0.000598,25.0,23.764808,86.414856
2026-08-19 04:00:00,N09,-0.246,0.006469,2.58,6.8393,0.001133,26.6,23.764808,86.414856
2026-08-19 05:00:00,N09,-0.2393,0.006844,2.67,6.8405,0.001076,28.4,23.764808,86.414856
2026-08-19 06:00:00,N09,-0.3066,0.008952,7.9,6.8414,4.3e-05,30.3,23.764808,86.414856
2026-08-19 07:00:00,N09,-0.1392,0.007807,2.45,6.8406,0.000449,32.2,23.764808,86.414856
2026-08-19 08:00:00,N09,0.1302,0.006687,8.93,6.8406,0.000181,34.1,23.764808,86.414856
2026-08-19 09:00:00,N09,0.102,0.005245,8.02,6.841,0.000144,35.6,23.764808,86.414856
2026-08-19 10:00:00,N09,-0.0143,0.005188,9.88,6.8408,0.002566,36.8,23.764808,86.414856
2026-08-19 11:00:00,N09,-0.2505,0.616169,38.84,6.8461,0.003067,37.5,23.764808,86.414856
2026-08-19 12:00:00,N09,-0.1601,0.897343,33.79,6.847,0.002145,37.8,23.764808,86.414856
2026-08-19 13:00:00,N09,-0.1878,0.005357,4.54,6.8418,0.001486,37.5,23.764808,86.414856
2026-08-19 14:00:00,N09,0.1126,0.769569,39.54,6.8499,0.000514,36.8,23.764808,86.414856
2026-08-19 15:00:00,N09,0.0248,0.007666,4.85,6.8429,0.003135,35.6,23.764808,86.414856
2026-08-19 16:00:00,N09,-0.3809,0.00623,7.28,6.8437,0.000846,34.1,23.764808,86.414856
2026-08-19 17:00:00,N09,-0.3827,0.005429,4.6,6.8446,0.000663,32.2,23.764808,86.414856
2026-08-19 18:00:00,N09,0.0433,0.007216,1.65,6.845,0.000313,30.3,23.764808,86.414856
2026-08-19 19:00:00,N09,-0.1073,0.00523,7.23,6.8452,0.000191,28.4,23.764808,86.414856
2026-08-19 20:00:00,N09,-0.1118,0.005863,7.13,6.8446,0.000146,26.6,23.764808,86.414856
2026-08-19 21:00:00,N09,,,,,,,23.764808,86.414856
2026-08-19 22:00:00,N09,,,,,,,23.764808,86.414856
2026-08-19 23:00:00,N09,,,,,,,23.764808,86.414856
2026-08-20 00:00:00,N09,,,,,,,23.764808,86.414856
2026-08-20 01:00:00,N09,-0.0863,0.0051,8.33,6.8454,0.000116,25.2,23.764808,86.414856
2026-08-20 02:00:00,N09,-0.2207,0.005958,4.76,6.8455,0.000117,25.9,23.764808,86.414856
2026-08-20 03:00:00,N09,-0.148,0.006749,9.58,6.8451,0.000176,27.1,23.764808,86.414856
2026-08-20 04:00:00,N09,-0.2683,0.006881,6.29,6.8452,3.1e-05,28.7,23.764808,86.414856
2026-08-20 05:00:00,N09,-0.0022,0.006925,2.96,6.8452,0.000194,30.5,23.764808,86.414856
2026-08-20 06:00:00,N09,0.2168,0.00542,2.3,6.8448,0.000348,32.4,23.764808,86.414856
2026-08-20 07:00:00,N09,0.1294,0.005953,9.58,6.8445,1.3e-05,34.4,23.764808,86.414856
2026-08-20 08:00:00,N09,-0.2241,0.006798,7.08,6.8447,0.000739,36.2,23.764808,86.414856
2026-08-20 09:00:00,N09,-0.1081,0.005214,7.9,6.846,0.00943,37.7,23.764808,86.414856
2026-08-20 10:00:00,N09,-0.2498,0.98485,30.39,6.8636,0.00015,38.9,23.764808,86.414856
2026-08-20 11:00:00,N09,0.2324,0.005374,3.57,6.8463,0.008417,39.7,23.764808,86.414856
2026-08-20 12:00:00,N09,-0.2138,0.005814,3.31,6.8468,0.000458,39.9,23.764808,86.414856
2026-08-20 13:00:00,N09,-0.1797,0.009758,3.9,6.8472,0.000159,39.7,23.764808,86.414856
2026-08-20 14:00:00,N09,0.0967,0.007293,5.67,6.8464,0.003681,38.9,23.764808,86.414856
2026-08-20 15:00:00,N09,-0.1332,0.844597,29.59,6.8398,8e-05,37.7,23.764808,86.414856
2026-08-20 16:00:00,N09,-0.2334,0.005416,7.99,6.8466,0.00172,36.2,23.764808,86.414856
2026-08-20 17:00:00,N09,-0.1685,0.555055,36.02,6.8364,0.004638,34.4,23.764808,86.414856
2026-08-20 18:00:00,N09,-0.2978,0.583528,40.12,6.8373,0.005473,32.4,23.764808,86.414856
2026-08-20 19:00:00,N09,0.1624,0.005351,9.69,6.8473,0.005048,30.5,23.764808,86.414856
2026-08-20 20:00:00,N09,-0.1247,0.008245,6.17,6.8474,1.8e-05,28.7,23.764808,86.414856
2026-08-20 21:00:00,N09,0.1097,0.006679,6.69,6.8474,0.000476,27.1,23.764808,86.414856
2026-08-20 22:00:00,N09,,,,,,,23.764808,86.414856
2026-08-20 23:00:00,N09,,,,,,,23.764808,86.414856
2026-08-21 00:00:00,N09,0.0641,0.006969,4.38,6.8488,0.000217,30.1,23.764808,86.414856
2026-08-21 01:00:00,N09,,,,,,,23.764808,86.414856
2026-08-21 02:00:00,N09,,,,,,,23.764808,86.414856
2026-08-21 03:00:00,N09,,,,,,,23.764808,86.414856
2026-08-21 04:00:00,N09,,,,,,,23.764808,86.414856
2026-08-21 05:00:00,N09,-0.0667,0.006984,7.77,6.8494,0.000524,35.7,23.764808,86.414856
2026-08-21 06:00:00,N09,-0.0622,0.006495,8.96,6.8492,0.012499,37.6,23.764808,86.414856
2026-08-21 07:00:00,N09,-0.1312,0.941942,27.72,6.8244,0.006022,39.5,23.764808,86.414856
2026-08-21 08:00:00,N09,0.0576,0.602839,38.71,6.8372,0.012761,41.3,23.764808,86.414856
2026-08-21 09:00:00,N09,,,,,,,23.764808,86.414856
2026-08-21 10:00:00,N09,,,,,,,23.764808,86.414856
2026-08-21 11:00:00,N09,,,,,,,23.764808,86.414856
2026-08-21 12:00:00,N09,,,,,,,23.764808,86.414856
2026-08-21 13:00:00,N09,,,,,,,23.764808,86.414856
2026-08-21 14:00:00,N09,-0.0593,0.009622,1.76,6.8523,0.008963,44.1,23.764808,86.414856
2026-08-21 15:00:00,N09,0.1683,0.006359,8.03,6.8528,0.000248,42.9,23.764808,86.414856
2026-08-21 16:00:00,N09,-0.219,0.008764,2.26,6.8528,8e-06,41.3,23.764808,86.414856
2026-08-21 17:00:00,N09,0.058,0.00564,3.21,6.8529,0.000207,39.5,23.764808,86.414856
2026-08-21 18:00:00,N09,0.0067,0.008126,8.45,6.8532,0.000455,37.6,23.764808,86.414856
2026-08-21 19:00:00,N09,,,,,,,23.764808,86.414856
2026-08-21 20:00:00,N09,,,,,,,23.764808,86.414856
2026-08-21 21:00:00,N09,-0.2042,0.007168,7.99,6.854,0.00036,32.3,23.764808,86.414856
2026-08-21 22:00:00,N09,-0.1311,0.007099,3.0,6.8544,2.7e-05,31.1,23.764808,86.414856
2026-08-21 23:00:00,N09,-0.2232,0.008224,7.86,6.8539,0.000297,30.4,23.764808,86.414856
2026-08-22 00:00:00,N09,0.1094,0.006088,8.49,6.8538,2.6e-05,28.7,23.764808,86.414856
2026-08-22 01:00:00,N09,0.0482,0.006962,1.87,6.854,0.000607,29.0,23.764808,86.414856
2026-08-22 02:00:00,N09,-0.0879,0.006029,4.56,6.855,0.000447,29.7,23.764808,86.414856
2026-08-22 03:00:00,N09,0.0438,0.006063,9.16,6.8549,0.000114,30.9,23.764808,86.414856
2026-08-22 04:00:00,N09,0.0947,0.006702,9.81,6.8552,0.000333,32.5,23.764808,86.414856
2026-08-22 05:00:00,N09,,,,,,,23.764808,86.414856
2026-08-22 06:00:00,N09,,,,,,,23.764808,86.414856
2026-08-22 07:00:00,N09,,,,,,,23.764808,86.414856
2026-08-22 08:00:00,N09,0.0861,0.008146,3.76,6.8562,0.000681,40.0,23.764808,86.414856
2026-08-22 09:00:00,N09,0.0958,0.007636,5.82,6.8575,0.000825,41.5,23.764808,86.414856
2026-08-22 10:00:00,N09,-0.0499,0.008256,8.85,6.8578,0.000565,42.7,23.764808,86.414856
2026-08-22 11:00:00,N09,-0.1557,0.005138,6.44,6.8586,0.000384,43.5,23.764808,86.414856
2026-08-22 12:00:00,N09,-0.3442,0.007226,7.51,6.8586,0.009039,43.7,23.764808,86.414856
2026-08-22 13:00:00,N09,-0.2157,0.582478,46.66,6.8406,0.000647,43.5,23.764808,86.414856
2026-08-22 14:00:00,N09,0.0752,0.005746,1.21,6.8599,0.009802,42.7,23.764808,86.414856
2026-08-22 15:00:00,N09,-0.1441,0.005838,2.94,6.8602,0.008657,41.5,23.764808,86.414856
2026-08-22 16:00:00,N09,-0.2993,0.77385,42.12,6.8772,0.000441,40.0,23.764808,86.414856
2026-08-22 17:00:00,N09,-0.3053,0.006818,9.44,6.861,0.008033,38.2,23.764808,86.414856
2026-08-22 18:00:00,N09,-0.0995,0.006291,9.79,6.8612,0.000261,36.2,23.764808,86.414856
2026-08-22 19:00:00,N09,-0.4189,0.006445,3.42,6.8616,9.6e-05,34.3,23.764808,86.414856
2026-08-22 20:00:00,N09,-0.2252,0.005004,2.65,6.8613,0.000176,32.5,23.764808,86.414856
2026-08-22 21:00:00,N09,,,,,,,23.764808,86.414856
2026-08-22 22:00:00,N09,,,,,,,23.764808,86.414856
2026-08-22 23:00:00,N09,,,,,,,23.764808,86.414856
2026-08-23 00:00:00,N09,,,,,,,23.764808,86.414856
2026-08-23 01:00:00,N09,-0.1175,0.005652,3.2,6.8608,0.000238,24.4,23.764808,86.414856
2026-08-23 02:00:00,N09,-0.1299,0.005226,8.01,6.8612,0.000113,25.1,23.764808,86.414856
2026-08-23 03:00:00,N09,0.027,0.006504,2.38,6.8611,0.000189,26.3,23.764808,86.414856
2026-08-23 04:00:00,N09,-0.0002,0.006242,8.02,6.8616,0.000586,27.9,23.764808,86.414856
2026-08-23 05:00:00,N09,-0.2086,0.006418,3.84,6.8622,0.000324,29.7,23.764808,86.414856
2026-08-23 06:00:00,N09,-0.1294,0.00539,2.93,6.8623,0.000242,31.6,23.764808,86.414856
2026-08-23 07:00:00,N09,-0.0475,0.006661,1.97,6.8617,9.5e-05,33.6,23.764808,86.414856
2026-08-23 08:00:00,N09,-0.1446,0.006402,4.45,6.8624,0.000588,35.4,23.764808,86.414856
2026-08-23 09:00:00,N09,-0.009,0.005061,8.36,6.8629,7.4e-05,36.9,23.764808,86.414856
2026-08-23 10:00:00,N09,0.0201,0.006031,7.77,6.8623,2.9e-05,38.1,23.764808,86.414856
2026-08-23 11:00:00,N09,-0.0309,0.005721,3.58,6.863,0.000347,38.9,23.764808,86.414856
2026-08-23 12:00:00,N09,-0.2529,0.007602,1.51,6.863,0.000156,39.1,23.764808,86.414856
2026-08-23 13:00:00,N09,,,,,,,23.764808,86.414856
2026-08-23 14:00:00,N09,,,,,,,23.764808,86.414856
2026-08-23 15:00:00,N09,,,,,,,23.764808,86.414856
2026-08-23 16:00:00,N09,-0.0818,0.006666,5.16,6.8629,0.00048,35.4,23.764808,86.414856
2026-08-23 17:00:00,N09,-0.0865,0.006539,8.6,6.8633,8.6e-05,33.6,23.764808,86.414856
2026-08-23 18:00:00,N09,0.081,0.005295,2.8,6.863,0.000143,31.6,23.764808,86.414856
2026-08-23 19:00:00,N09,-0.0753,0.006597,9.94,6.8636,3.3e-05,29.7,23.764808,86.414856
2026-08-23 20:00:00,N09,,,,,,,23.764808,86.414856
2026-08-23 21:00:00,N09,,,,,,,23.764808,86.414856
2026-08-23 22:00:00,N09,,,,,,,23.764808,86.414856
2026-08-23 23:00:00,N09,,,,,,,23.764808,86.414856
2026-08-24 00:00:00,N09,-0.4003,0.00624,8.55,6.8645,0.000276,23.5,23.764808,86.414856
2026-08-24 01:00:00,N09,-0.2679,0.005599,6.58,6.8647,0.0004,23.8,23.764808,86.414856
2026-08-24 02:00:00,N09,,,,,,,23.764808,86.414856
2026-08-24 03:00:00,N09,,,,,,,23.764808,86.414856
2026-08-24 04:00:00,N09,,,,,,,23.764808,86.414856
2026-08-24 05:00:00,N09,,,,,,,23.764808,86.414856
2026-08-24 06:00:00,N09,,,,,,,23.764808,86.414856
2026-08-24 07:00:00,N09,-0.2181,0.00567,3.91,6.8654,0.00072,33.0,23.764808,86.414856
2026-08-24 08:00:00,N09,-0.099,0.005091,6.53,6.8658,4.9e-05,34.8,23.764808,86.414856
2026-08-24 09:00:00,N09,-0.0219,0.005715,4.44,6.8653,0.004847,36.3,23.764808,86.414856
2026-08-24 10:00:00,N09,0.2096,0.766075,31.9,6.8755,0.004968,37.5,23.764808,86.414856
2026-08-24 11:00:00,N09,,,,,,,23.764808,86.414856
2026-08-24 12:00:00,N09,-0.0641,0.737092,42.73,6.8797,0.004287,38.5,23.764808,86.414856
2026-08-24 13:00:00,N09,0.0168,0.00579,4.73,6.8666,0.006606,38.3,23.764808,86.414856
2026-08-24 14:00:00,N09,-0.0994,0.005328,1.79,6.8665,9.7e-05,37.5,23.764808,86.414856
2026-08-24 15:00:00,N09,-0.0952,0.006267,2.81,6.8668,0.000133,36.3,23.764808,86.414856
2026-08-24 16:00:00,N09,-0.1505,0.006979,4.33,6.8668,8e-06,34.8,23.764808,86.414856
2026-08-24 17:00:00,N09,0.0478,0.005761,8.2,6.8668,0.000415,33.0,23.764808,86.414856
2026-08-24 18:00:00,N09,,,,,,,23.764808,86.414856
2026-08-24 19:00:00,N09,,,,,,,23.764808,86.414856
2026-08-24 20:00:00,N09,,,,,,,23.764808,86.414856
2026-08-24 21:00:00,N09,-0.0192,0.005084,3.14,6.8679,1.2e-05,25.7,23.764808,86.414856
2026-08-24 22:00:00,N09,-0.2047,0.006589,3.12,6.8674,8.2e-05,24.5,23.764808,86.414856
2026-08-24 23:00:00,N09,,,,,,,23.764808,86.414856
2026-08-25 00:00:00,N09,,,,,,,23.764808,86.414856
2026-08-25 01:00:00,N09,,,,,,,23.764808,86.414856
2026-08-25 02:00:00,N09,,,,,,,23.764808,86.414856
2026-08-25 03:00:00,N09,,,,,,,23.764808,86.414856
2026-08-25 04:00:00,N09,-0.0675,0.006867,1.57,6.8678,0.000371,30.3,23.764808,86.414856
2026-08-25 05:00:00,N09,-0.1633,0.006356,5.13,6.8675,0.000287,32.1,23.764808,86.414856
2026-08-25 06:00:00,N09,,,,,,,23.764808,86.414856
2026-08-25 07:00:00,N09,,,,,,,23.764808,86.414856
2026-08-25 08:00:00,N09,,,,,,,23.764808,86.414856
2026-08-25 09:00:00,N09,,,,,,,23.764808,86.414856
2026-08-25 10:00:00,N09,,,,,,,23.764808,86.414856
2026-08-25 11:00:00,N09,,,,,,,23.764808,86.414856
2026-08-25 12:00:00,N09,,,,,,,23.764808,86.414856
2026-08-25 13:00:00,N09,,,,,,,23.764808,86.414856
2026-08-25 14:00:00,N09,,,,,,,23.764808,86.414856
2026-08-25 15:00:00,N09,,,,,,,23.764808,86.414856
2026-08-25 16:00:00,N09,-0.2328,0.006048,8.05,6.8693,0.00024,37.8,23.764808,86.414856
2026-08-25 17:00:00,N09,-0.2439,0.006763,5.38,6.869,0.000245,36.0,23.764808,86.414856
2026-08-25 18:00:00,N09,-0.0958,0.006991,1.39,6.8698,0.000684,34.1,23.764808,86.414856
2026-08-25 19:00:00,N09,,,,,,,23.764808,86.414856
2026-08-25 20:00:00,N09,,,,,,,23.764808,86.414856
2026-08-25 21:00:00,N09,,,,,,,23.764808,86.414856
2026-08-25 22:00:00,N09,,,,,,,23.764808,86.414856
2026-08-25 23:00:00,N09,,,,,,,23.764808,86.414856
2026-08-26 00:00:00,N09,0.0762,0.005525,6.1,6.8709,0.000243,26.3,23.764808,86.414856
2026-08-26 01:00:00,N09,-0.2845,0.006677,9.03,6.8711,0.000631,26.6,23.764808,86.414856
2026-08-26 02:00:00,N09,-0.0257,0.006678,4.47,6.8722,0.00087,27.3,23.764808,86.414856
2026-08-26 03:00:00,N09,-0.1973,0.005344,2.28,6.8729,0.000426,28.5,23.764808,86.414856
2026-08-26 04:00:00,N09,-0.3142,0.005514,2.92,6.873,0.000163,30.0,23.764808,86.414856
2026-08-26 05:00:00,N09,,,,,,,23.764808,86.414856
2026-08-26 06:00:00,N09,,,,,,,23.764808,86.414856
2026-08-26 07:00:00,N09,,,,,,,23.764808,86.414856
2026-08-26 08:00:00,N09,,,,,,,23.764808,86.414856
2026-08-26 09:00:00,N09,,,,,,,23.764808,86.414856
2026-08-26 10:00:00,N09,,,,,,,23.764808,86.414856
2026-08-26 11:00:00,N09,,,,,,,23.764808,86.414856
2026-08-26 12:00:00,N09,0.3131,0.005518,6.94,6.874,6.5e-05,41.3,23.764808,86.414856
2026-08-26 13:00:00,N09,0.0191,0.005465,7.12,6.8741,0.000252,41.0,23.764808,86.414856
2026-08-26 14:00:00,N09,-0.1387,0.006912,4.56,6.8745,0.007441,40.3,23.764808,86.414856
2026-08-26 15:00:00,N09,-0.094,0.67202,39.12,6.8592,0.000191,39.1,23.764808,86.414856
2026-08-26 16:00:00,N09,0.0859,0.005096,1.87,6.8749,0.007769,37.5,23.764808,86.414856
2026-08-26 17:00:00,N09,0.0818,0.00648,6.89,6.8748,0.000378,35.7,23.764808,86.414856
2026-08-26 18:00:00,N09,-0.2009,0.006172,7.82,6.8756,0.000518,33.8,23.764808,86.414856
2026-08-26 19:00:00,N09,0.0005,0.006943,2.97,6.8758,0.000392,31.9,23.764808,86.414856
2026-08-26 20:00:00,N09,-0.2358,0.007675,7.45,6.8764,1e-05,30.0,23.764808,86.414856
2026-08-26 21:00:00,N09,0.0412,0.005135,5.8,6.8758,0.000613,28.5,23.764808,86.414856
2026-08-26 22:00:00,N09,-0.222,0.005384,6.72,6.8752,2.1e-05,27.3,23.764808,86.414856
2026-08-26 23:00:00,N09,-0.151,0.00635,9.53,6.8758,0.000336,26.6,23.764808,86.414856
2026-08-27 00:00:00,N09,,,,,,,23.764808,86.414856
2026-08-27 01:00:00,N09,,,,,,,23.764808,86.414856
2026-08-27 02:00:00,N09,,,,,,,23.764808,86.414856
2026-08-27 03:00:00,N09,,,,,,,23.764808,86.414856
2026-08-27 04:00:00,N09,-0.0251,0.006632,1.77,6.8762,0.000519,29.0,23.764808,86.414856
2026-08-27 05:00:00,N09,-0.1908,0.01099,5.42,6.8772,0.000383,30.8,23.764808,86.414856
2026-08-27 06:00:00,N09,,,,,,,23.764808,86.414856
2026-08-27 07:00:00,N09,,,,,,,23.764808,86.414856
2026-08-27 08:00:00,N09,-0.2943,0.968466,17.97,6.8667,0.000865,36.5,23.764808,86.414856
2026-08-27 09:00:00,N09,-0.248,0.008288,4.03,6.8791,0.006517,38.0,23.764808,86.414856
2026-08-27 10:00:00,N09,0.0072,0.006412,2.26,6.8798,0.001898,39.2,23.764808,86.414856
2026-08-27 11:00:00,N09,-0.0075,0.837058,30.63,6.8753,0.000934,40.0,23.764808,86.414856
2026-08-27 12:00:00,N09,-0.0931,0.006691,1.35,6.8816,0.002903,40.2,23.764808,86.414856
2026-08-27 13:00:00,N09,-0.1393,0.008009,2.19,6.8811,3e-06,40.0,23.764808,86.414856
2026-08-27 14:00:00,N09,-0.1416,0.00591,4.96,6.8816,0.000604,39.2,23.764808,86.414856
2026-08-27 15:00:00,N09,-0.1869,0.006341,1.81,6.8823,0.000505,38.0,23.764808,86.414856
2026-08-27 16:00:00,N09,0.0369,0.006565,9.18,6.8826,0.005654,36.5,23.764808,86.414856
2026-08-27 17:00:00,N09,-0.4088,0.96052,36.5,6.871,0.000306,34.7,23.764808,86.414856
2026-08-27 18:00:00,N09,-0.0277,0.005397,9.15,6.8832,0.00651,32.7,23.764808,86.414856
2026-08-27 19:00:00,N09,0.0617,0.006892,4.99,6.884,0.000541,30.8,23.764808,86.414856
2026-08-27 20:00:00,N09,,,,,,,23.764808,86.414856
2026-08-27 21:00:00,N09,,,,,,,23.764808,86.414856
2026-08-27 22:00:00,N09,,,,,,,23.764808,86.414856
2026-08-27 23:00:00,N09,,,,,,,23.764808,86.414856
