timestamp,node_id,tilt_deg,vib_rms,vib_dom_freq_hz,strain_mm,crack_proxy,temp_c,lat,lng
2026-03-01 00:00:00,N05,-0.0036,0.005918,3.19,0.0008,0.000505,24.3,23.766069,86.411799
2026-03-01 01:00:00,N05,-0.3767,0.006957,5.79,0.0014,0.000248,24.5,23.766069,86.411799
2026-03-01 02:00:00,N05,-0.0333,0.006159,3.45,0.0013,0.000508,25.3,23.766069,86.411799
2026-03-01 03:00:00,N05,-0.0799,0.00775,8.16,0.0003,0.000956,26.5,23.766069,86.411799
2026-03-01 04:00:00,N05,-0.0186,0.006794,7.15,-0.0006,0.00028,28.0,23.766069,86.411799
2026-03-01 05:00:00,N05,-0.0707,0.008308,5.18,-0.0002,0.000185,29.8,23.766069,86.411799
2026-03-01 06:00:00,N05,-0.1569,0.00539,9.89,-0.0002,0.000233,31.8,23.766069,86.411799
2026-03-01 07:00:00,N05,0.0682,0.006116,5.7,0.0002,0.000184,33.7,23.766069,86.411799
2026-03-01 08:00:00,N05,-0.0794,0.006643,3.36,0.0002,0.000634,35.5,23.766069,86.411799
2026-03-01 09:00:00,N05,0.2693,0.005408,7.94,0.0015,0.000288,37.1,23.766069,86.411799
2026-03-01 10:00:00,N05,0.0885,0.006745,3.87,0.0007,0.000276,38.3,23.766069,86.411799
2026-03-01 11:00:00,N05,0.0167,0.007727,5.65,0.001,0.000416,39.0,23.766069,86.411799
2026-03-01 12:00:00,N05,0.0562,0.005934,7.6,0.0016,0.000498,39.3,23.766069,86.411799
2026-03-01 13:00:00,N05,0.2601,0.006587,9.04,0.002,3.9e-05,39.0,23.766069,86.411799
2026-03-01 14:00:00,N05,-0.0965,0.005116,5.07,0.0017,0.000143,38.3,23.766069,86.411799
2026-03-01 15:00:00,N05,,,,,,,23.766069,86.411799
2026-03-01 16:00:00,N05,-0.1787,0.913925,41.28,-0.0093,0.000418,35.5,23.766069,86.411799
2026-03-01 17:00:00,N05,0.0497,0.008119,6.28,0.0014,0.005372,33.7,23.766069,86.411799
2026-03-01 18:00:00,N05,-0.0104,0.00692,4.12,0.0014,0.000512,31.8,23.766069,86.411799
2026-03-01 19:00:00,N05,0.2854,0.007853,7.63,0.0024,0.00025,29.8,23.766069,86.411799
2026-03-01 20:00:00,N05,0.0609,0.006987,9.23,0.0019,7.1e-05,28.0,23.766069,86.411799
2026-03-01 21:00:00,N05,-0.0046,0.007696,1.46,0.0023,0.000479,26.5,23.766069,86.411799
2026-03-01 22:00:00,N05,0.195,0.007755,2.89,0.001,0.000427,25.3,23.766069,86.411799
2026-03-01 23:00:00,N05,-0.1257,0.005905,3.48,0.0014,0.000347,24.5,23.766069,86.411799
2026-03-02 00:00:00,N05,0.0954,0.006196,2.89,0.0003,0.000847,19.4,23.766069,86.411799
2026-03-02 01:00:00,N05,0.0392,0.006668,3.61,-0.0003,0.00036,19.6,23.766069,86.411799
2026-03-02 02:00:00,N05,0.1683,0.006035,8.42,-0.0004,0.000109,20.4,23.766069,86.411799
2026-03-02 03:00:00,N05,0.0277,0.007012,4.99,-0.0,0.000464,21.6,23.766069,86.411799
2026-03-02 04:00:00,N05,0.1656,0.005508,1.94,0.0005,0.000119,23.1,23.766069,86.411799
2026-03-02 05:00:00,N05,-0.034,0.005743,8.72,-0.0003,0.000659,24.9,23.766069,86.411799
2026-03-02 06:00:00,N05,-0.2061,0.009658,2.51,-0.0008,0.000399,26.9,23.766069,86.411799
2026-03-02 07:00:00,N05,0.1691,0.009014,4.66,-0.0011,0.000623,28.8,23.766069,86.411799
2026-03-02 08:00:00,N05,0.104,0.010011,5.23,-0.0021,0.004455,30.6,23.766069,86.411799
2026-03-02 09:00:00,N05,-0.0978,0.909712,24.26,-0.01,3e-05,32.2,23.766069,86.411799
2026-03-02 10:00:00,N05,-0.2095,0.005686,9.76,-0.0021,0.003537,33.4,23.766069,86.411799
2026-03-02 11:00:00,N05,0.058,0.008133,4.33,-0.0029,0.00046,34.1,23.766069,86.411799
2026-03-02 12:00:00,N05,-0.2217,0.007246,8.28,-0.003,0.000108,34.4,23.766069,86.411799
2026-03-02 13:00:00,N05,0.3437,0.008615,9.96,-0.0031,4.1e-05,34.1,23.766069,86.411799
2026-03-02 14:00:00,N05,,,,,,,23.766069,86.411799
2026-03-02 15:00:00,N05,0.052,0.0061,3.86,-0.0024,0.000248,32.2,23.766069,86.411799
2026-03-02 16:00:00,N05,-0.1646,0.005278,7.68,-0.0025,0.000329,30.6,23.766069,86.411799
2026-03-02 17:00:00,N05,0.1919,0.005517,7.93,-0.0031,0.000308,28.8,23.766069,86.411799
2026-03-02 18:00:00,N05,-0.0815,0.006678,7.0,-0.0031,0.000385,26.9,23.766069,86.411799
2026-03-02 19:00:00,N05,0.2667,0.005307,8.03,-0.0039,0.000719,24.9,23.766069,86.411799
2026-03-02 20:00:00,N05,-0.2043,0.006276,5.47,-0.0045,0.000799,23.1,23.766069,86.411799
2026-03-02 21:00:00,N05,-0.2796,0.009371,9.56,-0.0055,0.00025,21.6,23.766069,86.411799
2026-03-02 22:00:00,N05,,,,,,,23.766069,86.411799
2026-03-02 23:00:00,N05,,,,,,,23.766069,86.411799
2026-03-03 00:00:00,N05,,,,,,,23.766069,86.411799
2026-03-03 01:00:00,N05,0.0041,0.005667,4.08,-0.0053,0.000134,23.9,23.766069,86.411799
2026-03-03 02:00:00,N05,0.1131,0.006062,7.51,-0.0051,0.000636,24.6,23.766069,86.411799
2026-03-03 03:00:00,N05,-0.0757,0.005304,8.74,-0.004,0.00078,25.8,23.766069,86.411799
2026-03-03 04:00:00,N05,-0.2519,0.007078,3.69,-0.0036,5e-05,27.4,23.766069,86.411799
2026-03-03 05:00:00,N05,-0.1326,0.007416,6.9,-0.0039,0.000374,29.2,23.766069,86.411799
2026-03-03 06:00:00,N05,-0.1688,0.00553,7.89,-0.0043,0.000527,31.1,23.766069,86.411799
2026-03-03 07:00:00,N05,0.0287,0.008716,3.14,-0.0049,6.3e-05,33.1,23.766069,86.411799
2026-03-03 08:00:00,N05,-0.107,0.006335,2.9,-0.0045,2.4e-05,34.9,23.766069,86.411799
2026-03-03 09:00:00,N05,-0.0045,0.005069,2.4,-0.0049,0.000341,36.4,23.766069,86.411799
2026-03-03 10:00:00,N05,0.1528,0.005262,2.31,-0.0051,0.009218,37.6,23.766069,86.411799
2026-03-03 11:00:00,N05,0.0132,0.645941,41.52,-0.0233,0.000372,38.4,23.766069,86.411799
2026-03-03 12:00:00,N05,0.0513,0.008736,8.15,-0.0059,0.008577,38.6,23.766069,86.411799
2026-03-03 13:00:00,N05,0.3426,0.0065,2.02,-0.0062,0.000231,38.4,23.766069,86.411799
2026-03-03 14:00:00,N05,0.1438,0.006556,3.95,-0.0063,0.000417,37.6,23.766069,86.411799
2026-03-03 15:00:00,N05,-0.0417,0.006142,7.16,-0.007,0.000607,36.4,23.766069,86.411799
2026-03-03 16:00:00,N05,-0.1026,0.007866,4.43,-0.0076,2e-05,34.9,23.766069,86.411799
2026-03-03 17:00:00,N05,-0.0803,0.005987,7.22,-0.0071,0.000105,33.1,23.766069,86.411799
2026-03-03 18:00:00,N05,0.0795,0.00611,6.44,-0.0074,0.000621,31.1,23.766069,86.411799
2026-03-03 19:00:00,N05,-0.0159,0.0062,6.25,-0.0083,0.000334,29.2,23.766069,86.411799
2026-03-03 20:00:00,N05,0.2656,0.005686,4.36,-0.008,0.000157,27.4,23.766069,86.411799
2026-03-03 21:00:00,N05,0.2163,0.007265,7.99,-0.008,0.000132,25.8,23.766069,86.411799
2026-03-03 22:00:00,N05,-0.0688,0.005968,5.83,-0.0078,6e-05,24.6,23.766069,86.411799
2026-03-03 23:00:00,N05,0.3279,0.008321,5.18,-0.0081,5.9e-05,23.9,23.766069,86.411799
2026-03-04 00:00:00,N05,-0.0606,0.006868,2.5,-0.0076,9.3e-05,24.0,23.766069,86.411799
2026-03-04 01:00:00,N05,-0.0298,0.005338,6.32,-0.0079,7.7e-05,24.3,23.766069,86.411799
2026-03-04 02:00:00,N05,-0.1476,0.005893,2.97,-0.0078,1e-05,25.0,23.766069,86.411799
2026-03-04 03:00:00,N05,0.1232,0.007773,1.66,-0.0079,0.000173,26.2,23.766069,86.411799
2026-03-04 04:00:00,N05,-0.0113,0.007101,9.46,-0.0081,0.000609,27.8,23.766069,86.411799
2026-03-04 05:00:00,N05,0.1318,0.008259,6.85,-0.0092,0.000247,29.6,23.766069,86.411799
2026-03-04 06:00:00,N05,0.1081,0.006639,7.53,-0.0086,7.6e-05,31.5,23.766069,86.411799
2026-03-04 07:00:00,N05,0.0021,0.009079,9.68,-0.009,0.000103,33.4,23.766069,86.411799
2026-03-04 08:00:00,N05,,,,,,,23.766069,86.411799
2026-03-04 09:00:00,N05,,,,,,,23.766069,86.411799
2026-03-04 10:00:00,N05,,,,,,,23.766069,86.411799
2026-03-04 11:00:00,N05,,,,,,,23.766069,86.411799
2026-03-04 12:00:00,N05,0.286,0.640627,18.92,-0.0036,0.002558,39.0,23.766069,86.411799
2026-03-04 13:00:00,N05,,,,,,,23.766069,86.411799
2026-03-04 14:00:00,N05,-0.0391,0.008187,2.49,-0.0097,3.2e-05,38.0,23.766069,86.411799
2026-03-04 15:00:00,N05,0.2511,0.005478,6.54,-0.0091,2.9e-05,36.8,23.766069,86.411799
2026-03-04 16:00:00,N05,0.0138,0.005475,7.02,-0.0096,0.000138,35.3,23.766069,86.411799
2026-03-04 17:00:00,N05,0.1807,0.007305,5.08,-0.0094,0.000416,33.4,23.766069,86.411799
2026-03-04 18:00:00,N05,-0.0736,0.005713,8.56,-0.0088,0.000392,31.5,23.766069,86.411799
2026-03-04 19:00:00,N05,-0.0075,0.005723,7.07,-0.0086,0.000251,29.6,23.766069,86.411799
2026-03-04 20:00:00,N05,0.0972,0.007402,7.25,-0.0093,0.000153,27.8,23.766069,86.411799
2026-03-04 21:00:00,N05,-0.347,0.005507,9.91,-0.0089,0.000161,26.2,23.766069,86.411799
2026-03-04 22:00:00,N05,,,,,,,23.766069,86.411799
2026-03-04 23:00:00,N05,,,,,,,23.766069,86.411799
2026-03-05 00:00:00,N05,,,,,,,23.766069,86.411799
2026-03-05 01:00:00,N05,,,,,,,23.766069,86.411799
2026-03-05 02:00:00,N05,,,,,,,23.766069,86.411799
2026-03-05 03:00:00,N05,0.1325,0.007326,8.6,-0.0097,0.000485,29.9,23.766069,86.411799
2026-03-05 04:00:00,N05,0.1112,0.006705,7.08,-0.0092,0.000328,31.4,23.766069,86.411799
2026-03-05 05:00:00,N05,-0.0184,0.005732,9.07,-0.0103,0.000612,33.2,23.766069,86.411799
2026-03-05 06:00:00,N05,0.3868,0.006131,7.9,-0.0104,0.000405,35.2,23.766069,86.411799
2026-03-05 07:00:00,N05,0.1771,0.008516,8.1,-0.0111,0.000229,37.1,23.766069,86.411799
2026-03-05 08:00:00,N05,-0.3971,0.006992,5.03,-0.0109,8.1e-05,38.9,23.766069,86.411799
2026-03-05 09:00:00,N05,0.0752,0.006009,9.55,-0.0113,4.7e-05,40.5,23.766069,86.411799
2026-03-05 10:00:00,N05,0.1767,0.0053,5.47,-0.011,0.003136,41.7,23.766069,86.411799
2026-03-05 11:00:00,N05,0.2307,0.574334,23.27,-0.0176,0.000268,42.4,23.766069,86.411799
2026-03-05 12:00:00,N05,-0.2393,0.006464,3.68,-0.0105,0.003463,42.7,23.766069,86.411799
2026-03-05 13:00:00,N05,0.3919,0.005192,4.63,-0.0106,0.000403,42.4,23.766069,86.411799
2026-03-05 14:00:00,N05,,,,,,,23.766069,86.411799
2026-03-05 15:00:00,N05,,,,,,,23.766069,86.411799
2026-03-05 16:00:00,N05,,,,,,,23.766069,86.411799
2026-03-05 17:00:00,N05,,,,,,,23.766069,86.411799
2026-03-05 18:00:00,N05,,,,,,,23.766069,86.411799
2026-03-05 19:00:00,N05,,,,,,,23.766069,86.411799
2026-03-05 20:00:00,N05,,,,,,,23.766069,86.411799
2026-03-05 21:00:00,N05,,,,,,,23.766069,86.411799
2026-03-05 22:00:00,N05,0.0681,0.006495,9.53,-0.0118,0.00012,28.7,23.766069,86.411799
2026-03-05 23:00:00,N05,0.0493,0.00793,8.4,-0.0122,0.000545,27.9,23.766069,86.411799
2026-03-06 00:00:00,N05,0.1568,0.00502,6.08,-0.0129,0.000313,23.5,23.766069,86.411799
2026-03-06 01:00:00,N05,,,,,,,23.766069,86.411799
2026-03-06 02:00:00,N05,,,,,,,23.766069,86.411799
2026-03-06 03:00:00,N05,,,,,,,23.766069,86.411799
2026-03-06 04:00:00,N05,,,,,,,23.766069,86.411799
2026-03-06 05:00:00,N05,0.2214,0.007083,5.84,-0.0105,0.00017,29.1,23.766069,86.411799
2026-03-06 06:00:00,N05,0.115,0.008337,6.92,-0.0114,0.000535,31.0,23.766069,86.411799
2026-03-06 07:00:00,N05,-0.1114,0.005666,2.59,-0.0116,2e-05,33.0,23.766069,86.411799
2026-03-06 08:00:00,N05,0.1384,0.005377,5.39,-0.0113,0.000256,34.8,23.766069,86.411799
2026-03-06 09:00:00,N05,-0.0542,0.006668,8.61,-0.0111,0.000469,36.3,23.766069,86.411799
2026-03-06 10:00:00,N05,-0.0041,0.008084,6.16,-0.0104,0.000585,37.5,23.766069,86.411799
2026-03-06 11:00:00,N05,-0.4055,0.005209,1.65,-0.0099,0.005365,38.3,23.766069,86.411799
2026-03-06 12:00:00,N05,-0.0813,0.860646,21.43,-0.0211,0.005524,38.5,23.766069,86.411799
2026-03-06 13:00:00,N05,-0.0038,0.890193,47.37,-0.021,0.005629,38.3,23.766069,86.411799
2026-03-06 14:00:00,N05,-0.0964,0.006609,6.68,-0.0099,0.005695,37.5,23.766069,86.411799
2026-03-06 15:00:00,N05,0.1549,0.00655,4.75,-0.0096,0.000694,36.3,23.766069,86.411799
2026-03-06 16:00:00,N05,0.0606,0.007625,9.5,-0.0085,0.000748,34.8,23.766069,86.411799
2026-03-06 17:00:00,N05,0.0914,0.007622,2.89,-0.0081,0.000121,33.0,23.766069,86.411799
2026-03-06 18:00:00,N05,0.209,0.006886,2.59,-0.0082,0.000208,31.0,23.766069,86.411799
2026-03-06 19:00:00,N05,-0.1255,0.007923,2.6,-0.0077,0.000103,29.1,23.766069,86.411799
2026-03-06 20:00:00,N05,0.1009,0.00636,2.03,-0.008,0.000424,27.3,23.766069,86.411799
2026-03-06 21:00:00,N05,0.1604,0.008515,7.53,-0.0085,0.000325,25.7,23.766069,86.411799
2026-03-06 22:00:00,N05,-0.0905,0.007447,1.72,-0.0087,4.4e-05,24.5,23.766069,86.411799
2026-03-06 23:00:00,N05,-0.1218,0.006085,3.46,-0.0086,5.6e-05,23.8,23.766069,86.411799
2026-03-07 00:00:00,N05,-0.0481,0.007227,3.27,-0.0088,0.000567,23.3,23.766069,86.411799
2026-03-07 01:00:00,N05,0.064,0.005505,9.09,-0.0097,0.000539,23.6,23.766069,86.411799
2026-03-07 02:00:00,N05,-0.0155,0.0055,3.24,-0.0099,8.7e-05,24.3,23.766069,86.411799
2026-03-07 03:00:00,N05,-0.052,0.005764,8.98,-0.0099,0.000638,25.5,23.766069,86.411799
2026-03-07 04:00:00,N05,0.1506,0.006391,5.94,-0.0112,0.000823,27.1,23.766069,86.411799
2026-03-07 05:00:00,N05,0.0796,0.005306,1.96,-0.0116,0.000182,28.9,23.766069,86.411799
2026-03-07 06:00:00,N05,-0.0684,0.007053,1.39,-0.0115,0.000128,30.8,23.766069,86.411799
2026-03-07 07:00:00,N05,0.2143,0.006293,4.71,-0.0118,0.000187,32.8,23.766069,86.411799
2026-03-07 08:00:00,N05,-0.1992,0.006226,6.78,-0.0111,0.000507,34.6,23.766069,86.411799
2026-03-07 09:00:00,N05,-0.1988,0.005216,7.31,-0.0108,0.001805,36.1,23.766069,86.411799
2026-03-07 10:00:00,N05,-0.2139,0.634346,49.65,-0.0075,0.009154,37.3,23.766069,86.411799
2026-03-07 11:00:00,N05,-0.1038,0.950177,42.35,0.0075,0.001299,38.1,23.766069,86.411799
2026-03-07 12:00:00,N05,-0.1937,0.008402,7.3,-0.0101,0.009004,38.3,23.766069,86.411799
2026-03-07 13:00:00,N05,0.0224,0.006092,8.97,-0.0105,0.000148,38.1,23.766069,86.411799
2026-03-07 14:00:00,N05,0.1346,0.006061,9.84,-0.0104,0.00047,37.3,23.766069,86.411799
2026-03-07 15:00:00,N05,-0.126,0.006816,1.65,-0.0114,0.000129,36.1,23.766069,86.411799
2026-03-07 16:00:00,N05,-0.0862,0.005426,6.03,-0.0107,0.000635,34.6,23.766069,86.411799
2026-03-07 17:00:00,N05,-0.0736,0.006495,9.13,-0.0102,5.9e-05,32.8,23.766069,86.411799
2026-03-07 18:00:00,N05,-0.0647,0.005607,4.69,-0.0108,0.000127,30.8,23.766069,86.411799
2026-03-07 19:00:00,N05,-0.1688,0.00878,9.78,-0.0104,0.000349,28.9,23.766069,86.411799
2026-03-07 20:00:00,N05,-0.0413,0.006613,7.7,-0.0101,0.000388,27.1,23.766069,86.411799
2026-03-07 21:00:00,N05,-0.0333,0.009592,1.71,-0.0096,5.8e-05,25.5,23.766069,86.411799
2026-03-07 22:00:00,N05,0.093,0.005482,7.43,-0.0102,0.000267,24.3,23.766069,86.411799
2026-03-07 23:00:00,N05,0.0882,0.008001,8.83,-0.0102,0.000252,23.6,23.766069,86.411799
2026-03-08 00:00:00,N05,-0.0532,0.007424,9.1,-0.0107,0.000211,22.9,23.766069,86.411799
2026-03-08 01:00:00,N05,-0.0474,0.005471,1.61,-0.0106,0.000131,23.2,23.766069,86.411799
2026-03-08 02:00:00,N05,-0.1682,0.005061,1.04,-0.0105,0.000565,23.9,23.766069,86.411799
2026-03-08 03:00:00,N05,0.0516,0.007648,9.7,-0.0117,0.000828,25.1,23.766069,86.411799
2026-03-08 04:00:00,N05,-0.0589,0.005276,4.48,-0.0121,0.000103,26.7,23.766069,86.411799
2026-03-08 05:00:00,N05,,,,,,,23.766069,86.411799
2026-03-08 06:00:00,N05,,,,,,,23.766069,86.411799
2026-03-08 07:00:00,N05,,,,,,,23.766069,86.411799
2026-03-08 08:00:00,N05,,,,,,,23.766069,86.411799
2026-03-08 09:00:00,N05,,,,,,,23.766069,86.411799
2026-03-08 10:00:00,N05,,,,,,,23.766069,86.411799
2026-03-08 11:00:00,N05,,,,,,,23.766069,86.411799
2026-03-08 12:00:00,N05,,,,,,,23.766069,86.411799
2026-03-08 13:00:00,N05,,,,,,,23.766069,86.411799
2026-03-08 14:00:00,N05,,,,,,,23.766069,86.411799
2026-03-08 15:00:00,N05,-0.0633,0.006108,2.96,-0.0125,0.000382,35.7,23.766069,86.411799
2026-03-08 16:00:00,N05,-0.0238,0.008945,1.98,-0.0123,0.000259,34.2,23.766069,86.411799
2026-03-08 17:00:00,N05,0.0473,0.005724,8.71,-0.013,0.000398,32.4,23.766069,86.411799
2026-03-08 18:00:00,N05,0.1004,0.005646,3.3,-0.0131,0.000228,30.4,23.766069,86.411799
2026-03-08 19:00:00,N05,0.1151,0.006387,7.57,-0.0126,0.000676,28.5,23.766069,86.411799
2026-03-08 20:00:00,N05,-0.247,0.007913,7.96,-0.0118,0.000446,26.7,23.766069,86.411799
2026-03-08 21:00:00,N05,0.0571,0.005508,1.9,-0.0117,6.9e-05,25.1,23.766069,86.411799
2026-03-08 22:00:00,N05,-0.0243,0.009623,2.55,-0.0117,0.000153,23.9,23.766069,86.411799
2026-03-08 23:00:00,N05,-0.2142,0.005874,2.23,-0.012,0.000171,23.2,23.766069,86.411799
2026-03-09 00:00:00,N05,-0.0099,0.005518,8.26,-0.012,1.7e-05,23.0,23.766069,86.411799
2026-03-09 01:00:00,N05,0.2313,0.008294,6.48,-0.012,0.000204,23.2,23.766069,86.411799
2026-03-09 02:00:00,N05,-0.113,0.006148,5.89,-0.0116,0.000479,24.0,23.766069,86.411799
2026-03-09 03:00:00,N05,0.0708,0.006292,9.82,-0.011,0.000351,25.2,23.766069,86.411799
2026-03-09 04:00:00,N05,-0.1166,0.007361,1.57,-0.0123,0.000324,26.7,23.766069,86.411799
2026-03-09 05:00:00,N05,-0.0653,0.005542,1.21,-0.0116,0.000409,28.5,23.766069,86.411799
2026-03-09 06:00:00,N05,-0.2782,0.007068,9.32,-0.0115,8.1e-05,30.5,23.766069,86.411799
2026-03-09 07:00:00,N05,-0.0647,0.006887,2.35,-0.0115,0.000625,32.4,23.766069,86.411799
2026-03-09 08:00:00,N05,-0.1681,0.006327,2.7,-0.0127,0.005693,34.2,23.766069,86.411799
2026-03-09 09:00:00,N05,-0.1153,0.825396,42.16,-0.0229,0.005286,35.8,23.766069,86.411799
2026-03-09 10:00:00,N05,0.1762,0.885264,27.09,-0.0233,0.012068,37.0,23.766069,86.411799
2026-03-09 11:00:00,N05,0.0423,0.522428,23.19,0.0013,0.005084,37.7,23.766069,86.411799
2026-03-09 12:00:00,N05,-0.008,0.007752,1.34,-0.0131,0.007279,38.0,23.766069,86.411799
2026-03-09 13:00:00,N05,-0.0957,0.007002,7.2,-0.0133,4.6e-05,37.7,23.766069,86.411799
2026-03-09 14:00:00,N05,-0.1141,0.005362,8.33,-0.0132,0.00024,37.0,23.766069,86.411799
2026-03-09 15:00:00,N05,0.1815,0.009935,1.4,-0.0138,0.00055,35.8,23.766069,86.411799
2026-03-09 16:00:00,N05,,,,,,,23.766069,86.411799
2026-03-09 17:00:00,N05,,,,,,,23.766069,86.411799
2026-03-09 18:00:00,N05,,,,,,,23.766069,86.411799
2026-03-09 19:00:00,N05,,,,,,,23.766069,86.411799
2026-03-09 20:00:00,N05,-0.2213,0.005329,2.06,-0.0153,0.000542,26.7,23.766069,86.411799
2026-03-09 21:00:00,N05,0.1133,0.006401,6.39,-0.0157,0.000568,25.2,23.766069,86.411799
2026-03-09 22:00:00,N05,-0.188,0.00956,1.08,-0.0164,0.000249,24.0,23.766069,86.411799
2026-03-09 23:00:00,N05,0.0129,0.007976,8.06,-0.0162,0.000381,23.2,23.766069,86.411799
2026-03-10 00:00:00,N05,-0.1068,0.006788,7.53,-0.0157,8.3e-05,29.5,23.766069,86.411799
2026-03-10 01:00:00,N05,0.0568,0.006367,6.37,-0.0161,0.000492,29.8,23.766069,86.411799
2026-03-10 02:00:00,N05,-0.0694,0.00585,8.53,-0.0166,0.000497,30.5,23.766069,86.411799
2026-03-10 03:00:00,N05,,,,,,,23.766069,86.411799
2026-03-10 04:00:00,N05,,,,,,,23.766069,86.411799
2026-03-10 05:00:00,N05,-0.2013,0.00627,4.89,-0.0164,0.002293,35.1,23.766069,86.411799
2026-03-10 06:00:00,N05,,,,,,,23.766069,86.411799
2026-03-10 07:00:00,N05,,,,,,,23.766069,86.411799
2026-03-10 08:00:00,N05,,,,,,,23.766069,86.411799
2026-03-10 09:00:00,N05,,,,,,,23.766069,86.411799
2026-03-10 10:00:00,N05,,,,,,,23.766069,86.411799
2026-03-10 11:00:00,N05,0.0825,0.005758,7.59,-0.0171,6.5e-05,44.2,23.766069,86.411799
2026-03-10 12:00:00,N05,0.1213,0.007624,2.06,-0.0166,0.000342,44.5,23.766069,86.411799
2026-03-10 13:00:00,N05,0.0135,0.011043,8.43,-0.0164,0.00013,44.2,23.766069,86.411799
2026-03-10 14:00:00,N05,0.1589,0.006105,5.05,-0.0164,2.9e-05,43.5,23.766069,86.411799
2026-03-10 15:00:00,N05,,,,,,,23.766069,86.411799
2026-03-10 16:00:00,N05,,,,,,,23.766069,86.411799
2026-03-10 17:00:00,N05,,,,,,,23.766069,86.411799
2026-03-10 18:00:00,N05,,,,,,,23.766069,86.411799
2026-03-10 19:00:00,N05,0.1856,0.005885,5.72,-0.017,0.000277,35.1,23.766069,86.411799
2026-03-10 20:00:00,N05,0.4984,0.005606,4.19,-0.0167,6.8e-05,33.3,23.766069,86.411799
2026-03-10 21:00:00,N05,-0.2156,0.006287,8.16,-0.0171,0.000124,31.7,23.766069,86.411799
2026-03-10 22:00:00,N05,0.0213,0.006032,7.53,-0.0169,0.000113,30.5,23.766069,86.411799
2026-03-10 23:00:00,N05,-0.048,0.006556,7.05,-0.0173,8.2e-05,29.8,23.766069,86.411799
2026-03-11 00:00:00,N05,0.1898,0.005267,7.74,-0.0168,0.000184,25.2,23.766069,86.411799
2026-03-11 01:00:00,N05,0.1522,0.005822,2.76,-0.017,2.2e-05,25.4,23.766069,86.411799
2026-03-11 02:00:00,N05,-0.4922,0.006984,3.99,-0.0168,4.4e-05,26.2,23.766069,86.411799
2026-03-11 03:00:00,N05,,,,,,,23.766069,86.411799
2026-03-11 04:00:00,N05,,,,,,,23.766069,86.411799
2026-03-11 05:00:00,N05,-0.0462,0.006585,6.3,-0.0172,8.9e-05,30.7,23.766069,86.411799
2026-03-11 06:00:00,N05,0.1358,0.007076,2.92,-0.0173,0.000271,32.7,23.766069,86.411799
2026-03-11 07:00:00,N05,0.1879,0.00761,6.6,-0.0178,0.000344,34.6,23.766069,86.411799
2026-03-11 08:00:00,N05,0.0552,0.008738,3.48,-0.0166,0.000345,36.4,23.766069,86.411799
2026-03-11 09:00:00,N05,0.0902,0.006829,9.32,-0.0171,1e-06,38.0,23.766069,86.411799
2026-03-11 10:00:00,N05,0.1835,0.005087,9.22,-0.0166,0.000425,39.2,23.766069,86.411799
2026-03-11 11:00:00,N05,0.1484,0.005167,6.08,-0.0162,0.00679,39.9,23.766069,86.411799
2026-03-11 12:00:00,N05,0.0415,0.937327,31.41,-0.0302,0.001298,40.2,23.766069,86.411799
2026-03-11 13:00:00,N05,-0.2086,0.672393,42.23,-0.0188,0.007259,39.9,23.766069,86.411799
2026-03-11 14:00:00,N05,0.1523,0.008197,9.68,-0.0157,0.001563,39.2,23.766069,86.411799
2026-03-11 15:00:00,N05,-0.0438,0.007732,6.86,-0.0157,0.000296,38.0,23.766069,86.411799
2026-03-11 16:00:00,N05,-0.1412,0.00718,8.02,-0.0163,0.000336,36.4,23.766069,86.411799
2026-03-11 17:00:00,N05,0.1075,0.008618,4.38,-0.0164,0.000233,34.6,23.766069,86.411799
2026-03-11 18:00:00,N05,0.2228,0.00508,1.04,-0.0167,0.000255,32.7,23.766069,86.411799
2026-03-11 19:00:00,N05,0.2273,0.007739,3.98,-0.0159,1.3e-05,30.7,23.766069,86.411799
2026-03-11 20:00:00,N05,0.0374,0.005395,9.19,-0.0168,0.000618,28.9,23.766069,86.411799
2026-03-11 21:00:00,N05,-0.096,0.006101,3.18,-0.0171,0.000256,27.4,23.766069,86.411799
2026-03-11 22:00:00,N05,-0.1476,0.005761,7.86,-0.0173,0.000778,26.2,23.766069,86.411799
2026-03-11 23:00:00,N05,-0.0917,0.005239,6.96,-0.0187,0.000709,25.4,23.766069,86.411799
2026-03-12 00:00:00,N05,-0.1189,0.006603,8.93,-0.0187,0.000141,25.7,23.766069,86.411799
2026-03-12 01:00:00,N05,-0.0313,0.007061,5.19,-0.0184,0.000297,26.0,23.766069,86.411799
2026-03-12 02:00:00,N05,,,,,,,23.766069,86.411799
2026-03-12 03:00:00,N05,,,,,,,23.766069,86.411799
2026-03-12 04:00:00,N05,,,,,,,23.766069,86.411799
2026-03-12 05:00:00,N05,,,,,,,23.766069,86.411799
2026-03-12 06:00:00,N05,,,,,,,23.766069,86.411799
2026-03-12 07:00:00,N05,,,,,,,23.766069,86.411799
2026-03-12 08:00:00,N05,0.2658,0.523856,47.3,-0.0042,0.000503,36.9,23.766069,86.411799
2026-03-12 09:00:00,N05,-0.1765,0.009615,2.38,-0.0187,0.007227,38.5,23.766069,86.411799
2026-03-12 10:00:00,N05,0.0212,0.005701,3.19,-0.0187,0.000114,39.7,23.766069,86.411799
2026-03-12 11:00:00,N05,0.0104,0.009284,7.68,-0.0184,0.000241,40.4,23.766069,86.411799
2026-03-12 12:00:00,N05,0.0049,0.006202,7.44,-0.0182,8.3e-05,40.7,23.766069,86.411799
2026-03-12 13:00:00,N05,-0.0057,0.007206,8.93,-0.0183,3.8e-05,40.4,23.766069,86.411799
2026-03-12 14:00:00,N05,-0.0049,0.005695,4.99,-0.0183,0.000224,39.7,23.766069,86.411799
2026-03-12 15:00:00,N05,0.147,0.006433,6.41,-0.0187,0.000418,38.5,23.766069,86.411799
2026-03-12 16:00:00,N05,0.1395,0.006639,2.15,-0.0191,0.000134,36.9,23.766069,86.411799
2026-03-12 17:00:00,N05,0.3549,0.005278,4.64,-0.019,0.000457,35.1,23.766069,86.411799
2026-03-12 18:00:00,N05,-0.123,0.006688,3.58,-0.0182,0.000485,33.2,23.766069,86.411799
2026-03-12 19:00:00,N05,-0.0194,0.007641,4.42,-0.018,0.000361,31.3,23.766069,86.411799
2026-03-12 20:00:00,N05,0.1283,0.005611,4.57,-0.0175,0.000185,29.4,23.766069,86.411799
2026-03-12 21:00:00,N05,-0.0931,0.005251,2.04,-0.0184,0.000404,27.9,23.766069,86.411799
2026-03-12 22:00:00,N05,-0.0684,0.006177,5.44,-0.0183,7e-06,26.7,23.766069,86.411799
2026-03-12 23:00:00,N05,-0.2278,0.006477,2.72,-0.0184,6.6e-05,26.0,23.766069,86.411799
2026-03-13 00:00:00,N05,0.0253,0.005544,6.31,-0.0184,0.000457,23.5,23.766069,86.411799
2026-03-13 01:00:00,N05,-0.1126,0.00583,8.26,-0.0193,0.000759,23.8,23.766069,86.411799
2026-03-13 02:00:00,N05,-0.1012,0.006507,4.65,-0.0199,0.000341,24.5,23.766069,86.411799
2026-03-13 03:00:00,N05,0.2133,0.006113,9.61,-0.02,4e-06,25.7,23.766069,86.411799
2026-03-13 04:00:00,N05,-0.014,0.006865,6.45,-0.0199,0.000303,27.3,23.766069,86.411799
2026-03-13 05:00:00,N05,-0.1631,0.007312,7.48,-0.0194,0.000292,29.1,23.766069,86.411799
2026-03-13 06:00:00,N05,,,,,,,23.766069,86.411799
2026-03-13 07:00:00,N05,,,,,,,23.766069,86.411799
2026-03-13 08:00:00,N05,,,,,,,23.766069,86.411799
2026-03-13 09:00:00,N05,-0.0257,0.006148,3.74,-0.0195,0.000157,36.3,23.766069,86.411799
2026-03-13 10:00:00,N05,0.2073,0.005427,4.66,-0.0193,0.000493,37.5,23.766069,86.411799
2026-03-13 11:00:00,N05,0.0312,0.00588,4.54,-0.0185,0.006053,38.3,23.766069,86.411799
2026-03-13 12:00:00,N05,-0.0754,0.930467,33.01,-0.0071,0.005658,38.5,23.766069,86.411799
2026-03-13 13:00:00,N05,0.0234,0.971494,41.51,-0.0072,0.005599,38.3,23.766069,86.411799
2026-03-13 14:00:00,N05,-0.0384,0.00552,8.79,-0.0183,0.005352,37.5,23.766069,86.411799
2026-03-13 15:00:00,N05,-0.2402,0.005588,2.94,-0.0179,0.000145,36.3,23.766069,86.411799
2026-03-13 16:00:00,N05,0.0003,0.007761,3.59,-0.0181,0.000245,34.8,23.766069,86.411799
2026-03-13 17:00:00,N05,-0.0873,0.005813,2.49,-0.0184,0.000422,33.0,23.766069,86.411799
2026-03-13 18:00:00,N05,0.058,0.006235,6.64,-0.0189,0.00035,31.0,23.766069,86.411799
2026-03-13 19:00:00,N05,-0.1628,0.006008,8.1,-0.0191,0.000256,29.1,23.766069,86.411799
2026-03-13 20:00:00,N05,,,,,,,23.766069,86.411799
2026-03-13 21:00:00,N05,,,,,,,23.766069,86.411799
2026-03-13 22:00:00,N05,,,,,,,23.766069,86.411799
2026-03-13 23:00:00,N05,,,,,,,23.766069,86.411799
2026-03-14 00:00:00,N05,-0.1063,0.008894,6.96,-0.0182,0.000168,24.7,23.766069,86.411799
2026-03-14 01:00:00,N05,-0.0871,0.005023,6.22,-0.019,0.000407,25.0,23.766069,86.411799
2026-03-14 02:00:00,N05,0.0059,0.005738,1.89,-0.0191,0.000259,25.7,23.766069,86.411799
2026-03-14 03:00:00,N05,0.0437,0.007308,2.25,-0.0185,0.00071,26.9,23.766069,86.411799
2026-03-14 04:00:00,N05,-0.0876,0.006264,8.05,-0.0176,0.00023,28.5,23.766069,86.411799
2026-03-14 05:00:00,N05,-0.1062,0.005082,3.82,-0.018,0.000223,30.3,23.766069,86.411799
2026-03-14 06:00:00,N05,0.0831,0.005871,3.08,-0.0181,3e-06,32.2,23.766069,86.411799
2026-03-14 07:00:00,N05,,,,,,,23.766069,86.411799
2026-03-14 08:00:00,N05,,,,,,,23.766069,86.411799
2026-03-14 09:00:00,N05,,,,,,,23.766069,86.411799
2026-03-14 10:00:00,N05,,,,,,,23.766069,86.411799
2026-03-14 11:00:00,N05,-0.0654,0.005273,3.52,-0.0173,0.005457,39.5,23.766069,86.411799
2026-03-14 12:00:00,N05,-0.0771,0.966789,16.07,-0.0281,0.005509,39.7,23.766069,86.411799
2026-03-14 13:00:00,N05,-0.002,0.695134,20.3,-0.0283,0.000229,39.5,23.766069,86.411799
2026-03-14 14:00:00,N05,,,,,,,23.766069,86.411799
2026-03-14 15:00:00,N05,,,,,,,23.766069,86.411799
2026-03-14 16:00:00,N05,,,,,,,23.766069,86.411799
2026-03-14 17:00:00,N05,,,,,,,23.766069,86.411799
2026-03-14 18:00:00,N05,,,,,,,23.766069,86.411799
2026-03-14 19:00:00,N05,,,,,,,23.766069,86.411799
2026-03-14 20:00:00,N05,0.2418,0.006694,8.06,-0.017,0.000195,28.5,23.766069,86.411799
2026-03-14 21:00:00,N05,-0.1866,0.00534,9.28,-0.0173,0.000336,26.9,23.766069,86.411799
2026-03-14 22:00:00,N05,0.2186,0.006679,7.36,-0.0176,9.5e-05,25.7,23.766069,86.411799
2026-03-14 23:00:00,N05,-0.0448,0.005463,4.12,-0.0171,0.000362,25.0,23.766069,86.411799
2026-03-15 00:00:00,N05,-0.1135,0.006178,6.82,-0.0169,2.6e-05,25.7,23.766069,86.411799
2026-03-15 01:00:00,N05,-0.0457,0.005789,6.63,-0.0172,0.000445,25.9,23.766069,86.411799
2026-03-15 02:00:00,N05,-0.0434,0.007033,5.2,-0.0178,0.000643,26.7,23.766069,86.411799
2026-03-15 03:00:00,N05,0.0634,0.007179,7.3,-0.0185,0.000747,27.9,23.766069,86.411799
2026-03-15 04:00:00,N05,0.0527,0.006175,7.32,-0.0193,0.000463,29.4,23.766069,86.411799
2026-03-15 05:00:00,N05,0.2323,0.005055,5.22,-0.0194,0.0093,31.2,23.766069,86.411799
2026-03-15 06:00:00,N05,-0.0721,0.891777,24.9,-0.0007,0.009393,33.2,23.766069,86.411799
2026-03-15 07:00:00,N05,0.02,0.912088,24.84,-0.0006,0.009744,35.1,23.766069,86.411799
2026-03-15 08:00:00,N05,0.2155,0.00678,9.6,-0.0202,0.009643,36.9,23.766069,86.411799
2026-03-15 09:00:00,N05,,,,,,,23.766069,86.411799
2026-03-15 10:00:00,N05,,,,,,,23.766069,86.411799
2026-03-15 11:00:00,N05,0.306,0.850221,26.51,-0.0027,0.008137,40.4,23.766069,86.411799
2026-03-15 12:00:00,N05,0.2257,0.875534,35.58,-0.0036,0.008731,40.7,23.766069,86.411799
2026-03-15 13:00:00,N05,0.2689,0.007182,7.5,-0.0201,0.008265,40.4,23.766069,86.411799
2026-03-15 14:00:00,N05,-0.1987,0.007927,1.57,-0.0201,0.000124,39.7,23.766069,86.411799
2026-03-15 15:00:00,N05,,,,,,,23.766069,86.411799
2026-03-15 16:00:00,N05,,,,,,,23.766069,86.411799
2026-03-15 17:00:00,N05,,,,,,,23.766069,86.411799
2026-03-15 18:00:00,N05,,,,,,,23.766069,86.411799
2026-03-15 19:00:00,N05,-0.1419,0.007829,6.21,-0.0211,0.006608,31.2,23.766069,86.411799
2026-03-15 20:00:00,N05,-0.0275,0.007215,6.46,-0.0217,0.000411,29.4,23.766069,86.411799
2026-03-15 21:00:00,N05,,,,,,,23.766069,86.411799
2026-03-15 22:00:00,N05,,,,,,,23.766069,86.411799
2026-03-15 23:00:00,N05,,,,,,,23.766069,86.411799
2026-03-16 00:00:00,N05,,,,,,,23.766069,86.411799
2026-03-16 01:00:00,N05,-0.0299,0.005797,6.06,-0.0243,0.000645,25.0,23.766069,86.411799
2026-03-16 02:00:00,N05,-0.0307,0.005025,8.78,-0.0245,0.000334,25.8,23.766069,86.411799
2026-03-16 03:00:00,N05,-0.0604,0.005311,4.92,-0.0236,0.000322,27.0,23.766069,86.411799
2026-03-16 04:00:00,N05,-0.1186,0.005752,3.8,-0.0238,1e-06,28.5,23.766069,86.411799
2026-03-16 05:00:00,N05,-0.1666,0.008649,3.28,-0.0236,0.000495,30.3,23.766069,86.411799
2026-03-16 06:00:00,N05,-0.1135,0.006046,7.42,-0.0228,0.000215,32.3,23.766069,86.411799
2026-03-16 07:00:00,N05,0.1309,0.007595,8.04,-0.0232,0.000177,34.2,23.766069,86.411799
2026-03-16 08:00:00,N05,,,,,,,23.766069,86.411799
2026-03-16 09:00:00,N05,,,,,,,23.766069,86.411799
2026-03-16 10:00:00,N05,,,,,,,23.766069,86.411799
2026-03-16 11:00:00,N05,-0.0714,0.006178,9.91,-0.0244,0.000514,39.5,23.766069,86.411799
2026-03-16 12:00:00,N05,0.0937,0.005798,6.66,-0.0232,0.000751,39.8,23.766069,86.411799
2026-03-16 13:00:00,N05,0.2033,0.008884,3.3,-0.0229,3.2e-05,39.5,23.766069,86.411799
2026-03-16 14:00:00,N05,-0.1416,0.005761,7.06,-0.0232,0.00017,38.8,23.766069,86.411799
2026-03-16 15:00:00,N05,-0.2431,0.00593,5.09,-0.0232,0.002717,37.6,23.766069,86.411799
2026-03-16 16:00:00,N05,0.1112,0.568219,21.26,-0.0177,0.007925,36.0,23.766069,86.411799
2026-03-16 17:00:00,N05,-0.2229,0.618068,15.13,-0.0074,0.002868,34.2,23.766069,86.411799
2026-03-16 18:00:00,N05,0.2104,0.006646,5.29,-0.0235,0.008347,32.3,23.766069,86.411799
2026-03-16 19:00:00,N05,-0.1524,0.005354,7.5,-0.024,0.000961,30.3,23.766069,86.411799
2026-03-16 20:00:00,N05,0.1373,0.008428,5.17,-0.0254,0.000348,28.5,23.766069,86.411799
2026-03-16 21:00:00,N05,-0.3566,0.008005,5.48,-0.0247,0.000536,27.0,23.766069,86.411799
2026-03-16 22:00:00,N05,0.1321,0.006458,1.77,-0.0243,1.7e-05,25.8,23.766069,86.411799
2026-03-16 23:00:00,N05,0.0595,0.00852,3.54,-0.0247,0.00056,25.0,23.766069,86.411799
2026-03-17 00:00:00,N05,0.0252,0.005517,1.92,-0.0254,0.000132,25.4,23.766069,86.411799
2026-03-17 01:00:00,N05,-0.1654,0.009143,5.93,-0.025,0.000173,25.6,23.766069,86.411799
2026-03-17 02:00:00,N05,-0.1323,0.006858,9.92,-0.0251,2.1e-05,26.4,23.766069,86.411799
2026-03-17 03:00:00,N05,-0.2168,0.005678,7.28,-0.0249,8.5e-05,27.6,23.766069,86.411799
2026-03-17 04:00:00,N05,0.273,0.006623,4.93,-0.0252,0.00013,29.1,23.766069,86.411799
2026-03-17 05:00:00,N05,-0.0603,0.007078,1.08,-0.0252,0.005194,30.9,23.766069,86.411799
2026-03-17 06:00:00,N05,0.3591,0.818778,27.81,-0.0356,0.004112,32.9,23.766069,86.411799
2026-03-17 07:00:00,N05,0.0179,0.517077,36.71,-0.017,0.014057,34.8,23.766069,86.411799
2026-03-17 08:00:00,N05,,,,,,,23.766069,86.411799
2026-03-17 09:00:00,N05,,,,,,,23.766069,86.411799
2026-03-17 10:00:00,N05,,,,,,,23.766069,86.411799
2026-03-17 11:00:00,N05,,,,,,,23.766069,86.411799
2026-03-17 12:00:00,N05,,,,,,,23.766069,86.411799
2026-03-17 13:00:00,N05,,,,,,,23.766069,86.411799
2026-03-17 14:00:00,N05,,,,,,,23.766069,86.411799
2026-03-17 15:00:00,N05,,,,,,,23.766069,86.411799
2026-03-17 16:00:00,N05,0.143,0.008019,9.18,-0.026,0.003325,36.6,23.766069,86.411799
2026-03-17 17:00:00,N05,-0.1087,0.005364,1.14,-0.0253,0.000361,34.8,23.766069,86.411799
2026-03-17 18:00:00,N05,-0.0401,0.010021,8.81,-0.0252,5.1e-05,32.9,23.766069,86.411799
2026-03-17 19:00:00,N05,-0.2448,0.006459,1.99,-0.0252,0.000325,30.9,23.766069,86.411799
2026-03-17 20:00:00,N05,0.1762,0.006462,3.21,-0.0259,0.000407,29.1,23.766069,86.411799
2026-03-17 21:00:00,N05,-0.2063,0.010283,7.42,-0.026,0.000133,27.6,23.766069,86.411799
2026-03-17 22:00:00,N05,-0.2035,0.006137,7.71,-0.0256,0.000136,26.4,23.766069,86.411799
2026-03-17 23:00:00,N05,,,,,,,23.766069,86.411799
2026-03-18 00:00:00,N05,,,,,,,23.766069,86.411799
2026-03-18 01:00:00,N05,,,,,,,23.766069,86.411799
2026-03-18 02:00:00,N05,0.2418,0.005996,5.63,-0.0254,0.000415,19.5,23.766069,86.411799
2026-03-18 03:00:00,N05,-0.0717,0.006725,6.52,-0.0244,0.000378,20.7,23.766069,86.411799
2026-03-18 04:00:00,N05,-0.0639,0.005567,9.15,-0.0247,9.2e-05,22.3,23.766069,86.411799
2026-03-18 05:00:00,N05,-0.0934,0.005239,8.17,-0.0246,0.008097,24.1,23.766069,86.411799
2026-03-18 06:00:00,N05,0.0677,0.799888,42.77,-0.0085,0.007505,26.0,23.766069,86.411799
2026-03-18 07:00:00,N05,0.1922,0.552421,19.96,-0.0096,0.007638,28.0,23.766069,86.411799
2026-03-18 08:00:00,N05,0.0307,0.006078,3.76,-0.0238,0.007764,29.8,23.766069,86.411799
2026-03-18 09:00:00,N05,0.0893,0.008415,1.55,-0.0251,0.000332,31.3,23.766069,86.411799
2026-03-18 10:00:00,N05,-0.0213,0.006217,6.79,-0.0244,0.000556,32.5,23.766069,86.411799
2026-03-18 11:00:00,N05,-0.1585,0.005184,8.46,-0.024,0.000154,33.3,23.766069,86.411799
2026-03-18 12:00:00,N05,0.0796,0.00546,6.94,-0.0247,4.7e-05,33.5,23.766069,86.411799
2026-03-18 13:00:00,N05,,,,,,,23.766069,86.411799
2026-03-18 14:00:00,N05,,,,,,,23.766069,86.411799
2026-03-18 15:00:00,N05,-0.0133,0.82856,21.45,-0.036,0.005781,31.3,23.766069,86.411799
2026-03-18 16:00:00,N05,-0.0381,0.008267,4.61,-0.0237,0.00656,29.8,23.766069,86.411799
2026-03-18 17:00:00,N05,-0.0006,0.005967,7.46,-0.0228,0.000305,28.0,23.766069,86.411799
2026-03-18 18:00:00,N05,-0.2317,0.006918,3.16,-0.0231,0.000579,26.0,23.766069,86.411799
2026-03-18 19:00:00,N05,-0.0685,0.0055,8.03,-0.024,0.00014,24.1,23.766069,86.411799
2026-03-18 20:00:00,N05,-0.2163,0.006428,1.24,-0.0234,0.000119,22.3,23.766069,86.411799
2026-03-18 21:00:00,N05,-0.0652,0.008106,5.49,-0.0242,0.00031,20.7,23.766069,86.411799
2026-03-18 22:00:00,N05,,,,,,,23.766069,86.411799
2026-03-18 23:00:00,N05,,,,,,,23.766069,86.411799
2026-03-19 00:00:00,N05,-0.1046,0.006569,4.16,-0.0248,5.8e-05,27.2,23.766069,86.411799
2026-03-19 01:00:00,N05,0.024,0.005939,6.27,-0.0247,4.6e-05,27.4,23.766069,86.411799
2026-03-19 02:00:00,N05,-0.0849,0.007978,3.88,-0.0249,0.000156,28.2,23.766069,86.411799
2026-03-19 03:00:00,N05,0.0429,0.007428,9.85,-0.025,0.000252,29.4,23.766069,86.411799
2026-03-19 04:00:00,N05,,,,,,,23.766069,86.411799
2026-03-19 05:00:00,N05,,,,,,,23.766069,86.411799
2026-03-19 06:00:00,N05,-0.2152,0.007282,2.87,-0.0254,0.000168,34.7,23.766069,86.411799
2026-03-19 07:00:00,N05,0.051,0.005478,5.49,-0.0256,0.000467,36.6,23.766069,86.411799
2026-03-19 08:00:00,N05,0.1043,0.007318,7.85,-0.0263,1e-06,38.4,23.766069,86.411799
2026-03-19 09:00:00,N05,-0.1551,0.007745,8.63,-0.0256,0.008734,40.0,23.766069,86.411799
2026-03-19 10:00:00,N05,-0.2139,0.916924,43.48,-0.0088,0.0003,41.2,23.766069,86.411799
2026-03-19 11:00:00,N05,,,,,,,23.766069,86.411799
2026-03-19 12:00:00,N05,0.0566,0.00629,8.97,-0.0268,0.008192,42.2,23.766069,86.411799
2026-03-19 13:00:00,N05,0.1575,0.646172,48.26,-0.0426,0.000348,41.9,23.766069,86.411799
2026-03-19 14:00:00,N05,-0.0168,0.008088,7.48,-0.0275,0.002222,41.2,23.766069,86.411799
2026-03-19 15:00:00,N05,0.0396,0.900596,15.89,-0.047,0.000291,40.0,23.766069,86.411799
2026-03-19 16:00:00,N05,0.2662,0.007964,8.78,-0.0269,0.009662,38.4,23.766069,86.411799
2026-03-19 17:00:00,N05,0.1257,0.006607,8.05,-0.0277,0.000156,36.6,23.766069,86.411799
2026-03-19 18:00:00,N05,-0.1644,0.006586,6.74,-0.0272,0.000298,34.7,23.766069,86.411799
2026-03-19 19:00:00,N05,0.1026,0.007438,2.6,-0.0271,0.000306,32.7,23.766069,86.411799
2026-03-19 20:00:00,N05,0.3224,0.005677,8.71,-0.0266,0.000602,30.9,23.766069,86.411799
2026-03-19 21:00:00,N05,-0.0161,0.005676,7.63,-0.0259,0.000139,29.4,23.766069,86.411799
2026-03-19 22:00:00,N05,-0.1206,0.006476,3.07,-0.0269,0.000615,28.2,23.766069,86.411799
2026-03-19 23:00:00,N05,-0.1651,0.005089,4.84,-0.0271,0.000162,27.4,23.766069,86.411799
2026-03-20 00:00:00,N05,0.1554,0.005791,7.81,-0.0266,0.000567,21.7,23.766069,86.411799
2026-03-20 01:00:00,N05,-0.0331,0.006117,9.69,-0.026,0.000161,22.0,23.766069,86.411799
2026-03-20 02:00:00,N05,0.0713,0.005183,7.31,-0.0263,0.000107,22.8,23.766069,86.411799
2026-03-20 03:00:00,N05,0.0737,0.00523,6.22,-0.0258,0.000222,23.9,23.766069,86.411799
2026-03-20 04:00:00,N05,-0.2014,0.007563,1.3,-0.0267,0.000286,25.5,23.766069,86.411799
2026-03-20 05:00:00,N05,-0.0836,0.006639,8.22,-0.0264,2e-05,27.3,23.766069,86.411799
2026-03-20 06:00:00,N05,-0.0737,0.00613,3.41,-0.0267,0.0001,29.2,23.766069,86.411799
2026-03-20 07:00:00,N05,0.1523,0.00526,1.84,-0.0266,8.5e-05,31.2,23.766069,86.411799
2026-03-20 08:00:00,N05,0.0714,0.007108,5.97,-0.0268,0.000104,33.0,23.766069,86.411799
2026-03-20 09:00:00,N05,0.1269,0.006135,7.04,-0.0264,7.1e-05,34.5,23.766069,86.411799
2026-03-20 10:00:00,N05,0.0799,0.006954,6.99,-0.027,0.009094,35.7,23.766069,86.411799
2026-03-20 11:00:00,N05,0.1779,0.616968,35.67,-0.0445,0.00906,36.5,23.766069,86.411799
2026-03-20 12:00:00,N05,0.1003,0.768864,26.46,-0.0451,0.008979,36.7,23.766069,86.411799
2026-03-20 13:00:00,N05,-0.026,0.007829,8.25,-0.0266,0.009244,36.5,23.766069,86.411799
2026-03-20 14:00:00,N05,0.1576,0.00619,7.42,-0.0266,0.008164,35.7,23.766069,86.411799
2026-03-20 15:00:00,N05,-0.0088,0.619302,25.06,-0.0103,0.000483,34.5,23.766069,86.411799
2026-03-20 16:00:00,N05,0.0519,0.005123,6.77,-0.0256,0.007485,33.0,23.766069,86.411799
2026-03-20 17:00:00,N05,0.0887,0.00915,5.62,-0.0252,7e-05,31.2,23.766069,86.411799
2026-03-20 18:00:00,N05,,,,,,,23.766069,86.411799
2026-03-20 19:00:00,N05,,,,,,,23.766069,86.411799
2026-03-20 20:00:00,N05,,,,,,,23.766069,86.411799
2026-03-20 21:00:00,N05,-0.2208,0.006438,2.16,-0.0254,0.000254,23.9,23.766069,86.411799
2026-03-20 22:00:00,N05,-0.0203,0.00536,6.75,-0.0252,0.000255,22.8,23.766069,86.411799
2026-03-20 23:00:00,N05,0.0207,0.006754,7.27,-0.0249,0.000563,22.0,23.766069,86.411799
2026-03-21 00:00:00,N05,-0.2281,0.00521,5.36,-0.0241,0.000146,24.1,23.766069,86.411799
2026-03-21 01:00:00,N05,-0.0632,0.006544,8.03,-0.0246,0.000728,24.3,23.766069,86.411799
2026-03-21 02:00:00,N05,-0.0418,0.00637,5.28,-0.0255,0.000186,25.1,23.766069,86.411799
2026-03-21 03:00:00,N05,0.0131,0.005011,2.37,-0.025,0.000456,26.3,23.766069,86.411799
2026-03-21 04:00:00,N05,-0.1175,0.00706,6.19,-0.0246,0.000414,27.8,23.766069,86.411799
2026-03-21 05:00:00,N05,,,,,,,23.766069,86.411799
2026-03-21 06:00:00,N05,,,,,,,23.766069,86.411799
2026-03-21 07:00:00,N05,,,,,,,23.766069,86.411799
2026-03-21 08:00:00,N05,,,,,,,23.766069,86.411799
2026-03-21 09:00:00,N05,0.0343,0.63464,45.72,-0.0127,1e-05,36.9,23.766069,86.411799
2026-03-21 10:00:00,N05,0.0549,0.866055,32.27,-0.005,0.005425,38.1,23.766069,86.411799
2026-03-21 11:00:00,N05,0.0407,0.01023,2.21,-0.0236,0.009709,38.8,23.766069,86.411799
2026-03-21 12:00:00,N05,-0.1713,0.006117,7.84,-0.0244,0.000297,39.1,23.766069,86.411799
2026-03-21 13:00:00,N05,0.0621,0.007078,5.5,-0.0242,0.000174,38.8,23.766069,86.411799
2026-03-21 14:00:00,N05,0.2053,0.006491,1.87,-0.0241,0.000591,38.1,23.766069,86.411799
2026-03-21 15:00:00,N05,0.0827,0.008075,4.18,-0.023,0.000448,36.9,23.766069,86.411799
2026-03-21 16:00:00,N05,0.057,0.005155,1.07,-0.0232,0.000202,35.3,23.766069,86.411799
2026-03-21 17:00:00,N05,-0.0102,0.007332,4.03,-0.0226,9.3e-05,33.5,23.766069,86.411799
2026-03-21 18:00:00,N05,-0.0144,0.008556,3.09,-0.023,0.000361,31.6,23.766069,86.411799
2026-03-21 19:00:00,N05,-0.1662,0.006651,2.15,-0.0233,0.000235,29.7,23.766069,86.411799
2026-03-21 20:00:00,N05,0.0417,0.005747,5.45,-0.0235,7.4e-05,27.8,23.766069,86.411799
2026-03-21 21:00:00,N05,-0.0591,0.005156,6.59,-0.0232,6e-06,26.3,23.766069,86.411799
2026-03-21 22:00:00,N05,-0.0855,0.005862,6.21,-0.0235,7.9e-05,25.1,23.766069,86.411799
2026-03-21 23:00:00,N05,0.1988,0.005282,4.32,-0.023,0.000116,24.3,23.766069,86.411799
2026-03-22 00:00:00,N05,0.3072,0.006053,3.78,-0.0232,4.4e-05,24.6,23.766069,86.411799
2026-03-22 01:00:00,N05,-0.2175,0.006374,9.19,-0.0231,0.000231,24.8,23.766069,86.411799
2026-03-22 02:00:00,N05,-0.2229,0.008479,1.65,-0.0237,5.9e-05,25.6,23.766069,86.411799
2026-03-22 03:00:00,N05,,,,,,,23.766069,86.411799
2026-03-22 04:00:00,N05,,,,,,,23.766069,86.411799
2026-03-22 05:00:00,N05,,,,,,,23.766069,86.411799
2026-03-22 06:00:00,N05,,,,,,,23.766069,86.411799
2026-03-22 07:00:00,N05,-0.2033,0.512077,30.03,-0.01,0.006356,34.0,23.766069,86.411799
2026-03-22 08:00:00,N05,0.0512,0.550011,22.63,-0.0098,0.005855,35.8,23.766069,86.411799
2026-03-22 09:00:00,N05,0.2083,0.007215,1.15,-0.0217,0.006116,37.4,23.766069,86.411799
2026-03-22 10:00:00,N05,,,,,,,23.766069,86.411799
2026-03-22 11:00:00,N05,0.063,0.988593,30.74,-0.0323,0.005106,39.3,23.766069,86.411799
2026-03-22 12:00:00,N05,0.1244,0.566201,41.67,-0.0323,0.005158,39.6,23.766069,86.411799
2026-03-22 13:00:00,N05,-0.0515,0.006575,5.86,-0.022,0.005481,39.3,23.766069,86.411799
2026-03-22 14:00:00,N05,0.2133,0.009031,9.48,-0.0213,0.000557,38.6,23.766069,86.411799
2026-03-22 15:00:00,N05,0.2317,0.005334,3.6,-0.0209,0.000227,37.4,23.766069,86.411799
2026-03-22 16:00:00,N05,-0.0909,0.006455,9.48,-0.0209,0.000203,35.8,23.766069,86.411799
2026-03-22 17:00:00,N05,0.118,0.006514,3.37,-0.0213,0.000107,34.0,23.766069,86.411799
2026-03-22 18:00:00,N05,0.0513,0.0064,7.54,-0.0211,1.9e-05,32.1,23.766069,86.411799
2026-03-22 19:00:00,N05,0.108,0.007235,3.1,-0.0212,0.000268,30.1,23.766069,86.411799
2026-03-22 20:00:00,N05,,,,,,,23.766069,86.411799
2026-03-22 21:00:00,N05,,,,,,,23.766069,86.411799
2026-03-22 22:00:00,N05,,,,,,,23.766069,86.411799
2026-03-22 23:00:00,N05,,,,,,,23.766069,86.411799
2026-03-23 00:00:00,N05,0.1123,0.008229,8.33,-0.0213,0.00016,26.1,23.766069,86.411799
2026-03-23 01:00:00,N05,0.0254,0.005961,7.72,-0.0216,0.000196,26.3,23.766069,86.411799
2026-03-23 02:00:00,N05,0.235,0.007301,5.16,-0.0217,0.000224,27.1,23.766069,86.411799
2026-03-23 03:00:00,N05,,,,,,,23.766069,86.411799
2026-03-23 04:00:00,N05,,,,,,,23.766069,86.411799
2026-03-23 05:00:00,N05,0.1458,0.006306,6.89,-0.022,0.000125,31.6,23.766069,86.411799
2026-03-23 06:00:00,N05,-0.0684,0.006424,9.71,-0.0223,4.8e-05,33.6,23.766069,86.411799
2026-03-23 07:00:00,N05,0.2458,0.006779,8.33,-0.0221,1.5e-05,35.5,23.766069,86.411799
2026-03-23 08:00:00,N05,-0.2088,0.006041,4.1,-0.0222,0.000183,37.3,23.766069,86.411799
2026-03-23 09:00:00,N05,-0.006,0.005355,3.7,-0.0225,0.000357,38.9,23.766069,86.411799
2026-03-23 10:00:00,N05,0.1083,0.00513,8.08,-0.0229,0.000282,40.1,23.766069,86.411799
2026-03-23 11:00:00,N05,0.084,0.005772,9.36,-0.023,7.1e-05,40.8,23.766069,86.411799
2026-03-23 12:00:00,N05,,,,,,,23.766069,86.411799
2026-03-23 13:00:00,N05,,,,,,,23.766069,86.411799
2026-03-23 14:00:00,N05,0.0194,0.007189,4.24,-0.022,0.005041,40.1,23.766069,86.411799
2026-03-23 15:00:00,N05,0.126,0.995012,45.51,-0.0119,0.014419,38.9,23.766069,86.411799
2026-03-23 16:00:00,N05,0.0047,0.626949,46.83,0.0069,0.001658,37.3,23.766069,86.411799
2026-03-23 17:00:00,N05,0.405,0.656886,38.66,-0.0152,0.015055,35.5,23.766069,86.411799
2026-03-23 18:00:00,N05,-0.0027,0.006382,1.88,-0.0233,0.004401,33.6,23.766069,86.411799
2026-03-23 19:00:00,N05,-0.0823,0.005158,7.8,-0.0241,0.00067,31.6,23.766069,86.411799
2026-03-23 20:00:00,N05,0.0149,0.006693,2.8,-0.0246,0.000384,29.8,23.766069,86.411799
2026-03-23 21:00:00,N05,-0.1063,0.005136,1.43,-0.0248,0.000152,28.3,23.766069,86.411799
2026-03-23 22:00:00,N05,-0.0086,0.007633,5.17,-0.0249,0.000131,27.1,23.766069,86.411799
2026-03-23 23:00:00,N05,0.0923,0.008608,8.6,-0.0246,0.000224,26.3,23.766069,86.411799
2026-03-24 00:00:00,N05,0.2405,0.00523,8.33,-0.0245,0.000351,25.7,23.766069,86.411799
2026-03-24 01:00:00,N05,-0.1287,0.006162,4.43,-0.0253,0.00079,25.9,23.766069,86.411799
2026-03-24 02:00:00,N05,-0.1661,0.00585,9.63,-0.026,0.000327,26.7,23.766069,86.411799
2026-03-24 03:00:00,N05,,,,,,,23.766069,86.411799
2026-03-24 04:00:00,N05,,,,,,,23.766069,86.411799
2026-03-24 05:00:00,N05,,,,,,,23.766069,86.411799
2026-03-24 06:00:00,N05,0.1756,0.008189,3.1,-0.0253,0.003995,33.2,23.766069,86.411799
2026-03-24 07:00:00,N05,-0.1167,0.747335,47.27,-0.0328,0.000346,35.1,23.766069,86.411799
2026-03-24 08:00:00,N05,0.1834,0.00577,9.08,-0.0246,0.00423,36.9,23.766069,86.411799
2026-03-24 09:00:00,N05,0.1662,0.008401,4.1,-0.0243,0.000216,38.5,23.766069,86.411799
2026-03-24 10:00:00,N05,-0.2323,0.008903,1.57,-0.0241,0.000628,39.7,23.766069,86.411799
2026-03-24 11:00:00,N05,0.3111,0.007282,5.79,-0.0256,0.0008,40.4,23.766069,86.411799
2026-03-24 12:00:00,N05,,,,,,,23.766069,86.411799
2026-03-24 13:00:00,N05,,,,,,,23.766069,86.411799
2026-03-24 14:00:00,N05,,,,,,,23.766069,86.411799
2026-03-24 15:00:00,N05,,,,,,,23.766069,86.411799
2026-03-24 16:00:00,N05,,,,,,,23.766069,86.411799
2026-03-24 17:00:00,N05,,,,,,,23.766069,86.411799
2026-03-24 18:00:00,N05,,,,,,,23.766069,86.411799
2026-03-24 19:00:00,N05,0.172,0.006304,8.48,-0.0264,0.00054,31.2,23.766069,86.411799
2026-03-24 20:00:00,N05,0.1517,0.008045,3.64,-0.0267,0.000356,29.4,23.766069,86.411799
2026-03-24 21:00:00,N05,,,,,,,23.766069,86.411799
2026-03-24 22:00:00,N05,,,,,,,23.766069,86.411799
2026-03-24 23:00:00,N05,-0.1855,0.006749,7.02,-0.0283,0.000345,25.9,23.766069,86.411799
2026-03-25 00:00:00,N05,-0.0808,0.006343,5.8,-0.0287,9.5e-05,22.9,23.766069,86.411799
2026-03-25 01:00:00,N05,0.1283,0.00545,4.12,-0.0281,0.000156,23.2,23.766069,86.411799
2026-03-25 02:00:00,N05,0.11,0.007831,6.29,-0.0284,0.000534,23.9,23.766069,86.411799
2026-03-25 03:00:00,N05,-0.0349,0.006046,6.38,-0.0292,0.000491,25.1,23.766069,86.411799
2026-03-25 04:00:00,N05,-0.2246,0.006668,9.66,-0.0294,3.2e-05,26.7,23.766069,86.411799
2026-03-25 05:00:00,N05,0.1104,0.005417,3.5,-0.0292,0.000357,28.5,23.766069,86.411799
2026-03-25 06:00:00,N05,0.0126,0.006631,2.87,-0.0287,0.000364,30.4,23.766069,86.411799
2026-03-25 07:00:00,N05,-0.1715,0.006691,3.08,-0.0285,0.000189,32.4,23.766069,86.411799
2026-03-25 08:00:00,N05,0.1259,0.00574,2.42,-0.0283,0.000171,34.2,23.766069,86.411799
2026-03-25 09:00:00,N05,0.0321,0.005346,3.52,-0.0282,4.3e-05,35.7,23.766069,86.411799
2026-03-25 10:00:00,N05,-0.1174,0.00621,6.89,-0.0282,0.004365,36.9,23.766069,86.411799
2026-03-25 11:00:00,N05,0.0608,0.949299,24.87,-0.0369,0.004013,37.7,23.766069,86.411799
2026-03-25 12:00:00,N05,0.2123,0.588072,34.28,-0.0362,0.004353,37.9,23.766069,86.411799
2026-03-25 13:00:00,N05,-0.004,0.005067,6.32,-0.0282,0.004266,37.7,23.766069,86.411799
2026-03-25 14:00:00,N05,-0.206,0.007524,6.73,-0.0277,0.000187,36.9,23.766069,86.411799
2026-03-25 15:00:00,N05,0.041,0.009953,1.38,-0.0278,0.009131,35.7,23.766069,86.411799
2026-03-25 16:00:00,N05,0.07,0.896546,17.65,-0.0094,0.006913,34.2,23.766069,86.411799
2026-03-25 17:00:00,N05,-0.0392,0.986959,24.49,-0.0416,0.016054,32.4,23.766069,86.411799
2026-03-25 18:00:00,N05,-0.1078,0.563717,28.98,-0.0415,0.006205,30.4,23.766069,86.411799
2026-03-25 19:00:00,N05,0.1228,0.005057,5.53,-0.0292,0.006092,28.5,23.766069,86.411799
2026-03-25 20:00:00,N05,-0.1179,0.007312,3.72,-0.0293,8.6e-05,26.7,23.766069,86.411799
2026-03-25 21:00:00,N05,,,,,,,23.766069,86.411799
2026-03-25 22:00:00,N05,,,,,,,23.766069,86.411799
2026-03-25 23:00:00,N05,,,,,,,23.766069,86.411799
2026-03-26 00:00:00,N05,,,,,,,23.766069,86.411799
2026-03-26 01:00:00,N05,,,,,,,23.766069,86.411799
2026-03-26 02:00:00,N05,-0.0678,0.008624,1.99,-0.0288,0.000287,23.2,23.766069,86.411799
2026-03-26 03:00:00,N05,,,,,,,23.766069,86.411799
2026-03-26 04:00:00,N05,-0.311,0.007037,9.51,-0.0282,0.000335,26.0,23.766069,86.411799
2026-03-26 05:00:00,N05,0.0005,0.005847,7.89,-0.0285,0.006133,27.8,23.766069,86.411799
2026-03-26 06:00:00,N05,0.0528,0.541311,27.91,-0.016,0.006423,29.7,23.766069,86.411799
2026-03-26 07:00:00,N05,0.1065,0.516713,22.17,-0.0156,0.00723,31.6,23.766069,86.411799
2026-03-26 08:00:00,N05,-0.2427,0.007546,9.74,-0.0304,0.007811,33.5,23.766069,86.411799
2026-03-26 09:00:00,N05,-0.1772,0.006801,4.7,-0.0312,0.000637,35.0,23.766069,86.411799
2026-03-26 10:00:00,N05,0.0125,0.008752,8.05,-0.0317,0.00058,36.2,23.766069,86.411799
2026-03-26 11:00:00,N05,0.2689,0.006079,3.1,-0.0324,6.3e-05,36.9,23.766069,86.411799
2026-03-26 12:00:00,N05,0.0174,0.00517,3.42,-0.0318,0.000322,37.2,23.766069,86.411799
2026-03-26 13:00:00,N05,0.1179,0.005106,8.01,-0.0317,0.000304,36.9,23.766069,86.411799
2026-03-26 14:00:00,N05,-0.0528,0.006358,8.14,-0.0312,0.000293,36.2,23.766069,86.411799
2026-03-26 15:00:00,N05,0.0521,0.005816,9.8,-0.0312,1e-06,35.0,23.766069,86.411799
2026-03-26 16:00:00,N05,-0.1039,0.008116,9.92,-0.0312,0.00025,33.5,23.766069,86.411799
2026-03-26 17:00:00,N05,0.0589,0.007511,2.86,-0.0307,0.000466,31.6,23.766069,86.411799
2026-03-26 18:00:00,N05,-0.1592,0.006474,4.69,-0.0303,7.2e-05,29.7,23.766069,86.411799
2026-03-26 19:00:00,N05,0.3323,0.005942,9.52,-0.0305,7.4e-05,27.8,23.766069,86.411799
2026-03-26 20:00:00,N05,-0.0913,0.005473,1.31,-0.0301,0.000306,26.0,23.766069,86.411799
2026-03-26 21:00:00,N05,-0.1135,0.007699,1.83,-0.0311,0.000267,24.4,23.766069,86.411799
2026-03-26 22:00:00,N05,0.1279,0.006556,4.25,-0.0307,0.000288,23.2,23.766069,86.411799
2026-03-26 23:00:00,N05,-0.0779,0.007426,5.52,-0.0305,0.000422,22.5,23.766069,86.411799
2026-03-27 00:00:00,N05,-0.1529,0.008307,6.82,-0.0298,7.1e-05,25.2,23.766069,86.411799
2026-03-27 01:00:00,N05,-0.035,0.005202,9.49,-0.0304,0.000167,25.5,23.766069,86.411799
2026-03-27 02:00:00,N05,0.053,0.005507,9.09,-0.0302,1.5e-05,26.2,23.766069,86.411799
2026-03-27 03:00:00,N05,-0.0138,0.008632,4.35,-0.0304,0.000107,27.4,23.766069,86.411799
2026-03-27 04:00:00,N05,-0.0618,0.008528,4.06,-0.0304,0.000231,29.0,23.766069,86.411799
2026-03-27 05:00:00,N05,,,,,,,23.766069,86.411799
2026-03-27 06:00:00,N05,-0.0413,0.935788,15.29,-0.0107,0.000358,32.7,23.766069,86.411799
2026-03-27 07:00:00,N05,0.0375,0.006071,1.12,-0.0307,0.010203,34.6,23.766069,86.411799
2026-03-27 08:00:00,N05,0.1063,0.005758,2.1,-0.0311,0.000239,36.5,23.766069,86.411799
2026-03-27 09:00:00,N05,0.1874,0.006858,9.61,-0.0312,0.000197,38.0,23.766069,86.411799
2026-03-27 10:00:00,N05,-0.1465,0.006539,7.95,-0.0315,0.00059,39.2,23.766069,86.411799
2026-03-27 11:00:00,N05,-0.051,0.005037,6.14,-0.0323,0.00012,39.9,23.766069,86.411799
2026-03-27 12:00:00,N05,0.1607,0.005295,4.62,-0.0313,0.000466,40.2,23.766069,86.411799
2026-03-27 13:00:00,N05,0.5422,0.00598,9.26,-0.0314,0.000185,39.9,23.766069,86.411799
2026-03-27 14:00:00,N05,0.361,0.006114,7.67,-0.0309,0.004149,39.2,23.766069,86.411799
2026-03-27 15:00:00,N05,-0.156,0.964085,42.28,-0.0397,0.006317,38.0,23.766069,86.411799
2026-03-27 16:00:00,N05,-0.1811,0.928451,29.53,-0.0183,0.004096,36.5,23.766069,86.411799
2026-03-27 17:00:00,N05,-0.3646,0.006772,4.08,-0.0315,0.006594,34.6,23.766069,86.411799
2026-03-27 18:00:00,N05,0.0172,0.00746,2.69,-0.0314,0.000138,32.7,23.766069,86.411799
2026-03-27 19:00:00,N05,0.0651,0.005151,6.25,-0.0312,0.000174,30.8,23.766069,86.411799
2026-03-27 20:00:00,N05,-0.0649,0.005181,4.7,-0.0311,0.000112,29.0,23.766069,86.411799
2026-03-27 21:00:00,N05,-0.1109,0.006397,9.18,-0.031,0.000219,27.4,23.766069,86.411799
2026-03-27 22:00:00,N05,0.0064,0.005547,1.82,-0.0315,0.000118,26.2,23.766069,86.411799
2026-03-27 23:00:00,N05,-0.3957,0.00581,9.14,-0.0313,0.0001,25.5,23.766069,86.411799
2026-03-28 00:00:00,N05,-0.2642,0.005379,7.59,-0.0313,2.3e-05,23.9,23.766069,86.411799
2026-03-28 01:00:00,N05,-0.2005,0.005219,8.82,-0.0312,0.000251,24.2,23.766069,86.411799
2026-03-28 02:00:00,N05,0.0098,0.005145,9.41,-0.0308,3.1e-05,24.9,23.766069,86.411799
2026-03-28 03:00:00,N05,-0.0875,0.005075,5.28,-0.0312,0.0004,26.1,23.766069,86.411799
2026-03-28 04:00:00,N05,-0.2726,0.005762,6.86,-0.0316,0.001056,27.7,23.766069,86.411799
2026-03-28 05:00:00,N05,-0.3439,0.007257,2.53,-0.0333,0.000675,29.5,23.766069,86.411799
2026-03-28 06:00:00,N05,0.1228,0.006572,5.64,-0.033,3.6e-05,31.4,23.766069,86.411799
2026-03-28 07:00:00,N05,,,,,,,23.766069,86.411799
2026-03-28 08:00:00,N05,,,,,,,23.766069,86.411799
2026-03-28 09:00:00,N05,,,,,,,23.766069,86.411799
2026-03-28 10:00:00,N05,,,,,,,23.766069,86.411799
2026-03-28 11:00:00,N05,,,,,,,23.766069,86.411799
2026-03-28 12:00:00,N05,0.2593,0.005827,2.95,-0.0292,0.009391,38.9,23.766069,86.411799
2026-03-28 13:00:00,N05,0.2681,0.00626,2.59,-0.0292,0.000216,38.7,23.766069,86.411799
2026-03-28 14:00:00,N05,0.0962,0.005546,4.48,-0.0296,0.000192,37.9,23.766069,86.411799
2026-03-28 15:00:00,N05,0.1737,0.007893,4.82,-0.0296,0.000261,36.7,23.766069,86.411799
2026-03-28 16:00:00,N05,-0.0056,0.006946,2.36,-0.0302,0.000171,35.2,23.766069,86.411799
2026-03-28 17:00:00,N05,-0.2287,0.006386,3.49,-0.0299,0.000697,33.4,23.766069,86.411799
2026-03-28 18:00:00,N05,,,,,,,23.766069,86.411799
2026-03-28 19:00:00,N05,-0.2989,0.006259,6.39,-0.0281,0.000448,29.5,23.766069,86.411799
2026-03-28 20:00:00,N05,-0.1655,0.005295,7.57,-0.0279,0.000191,27.7,23.766069,86.411799
2026-03-28 21:00:00,N05,-0.0294,0.008393,1.22,-0.0277,4e-06,26.1,23.766069,86.411799
2026-03-28 22:00:00,N05,-0.2216,0.007905,7.98,-0.0279,3.8e-05,24.9,23.766069,86.411799
2026-03-28 23:00:00,N05,,,,,,,23.766069,86.411799
2026-03-29 00:00:00,N05,,,,,,,23.766069,86.411799
2026-03-29 01:00:00,N05,,,,,,,23.766069,86.411799
2026-03-29 02:00:00,N05,,,,,,,23.766069,86.411799
2026-03-29 03:00:00,N05,,,,,,,23.766069,86.411799
2026-03-29 04:00:00,N05,,,,,,,23.766069,86.411799
2026-03-29 05:00:00,N05,,,,,,,23.766069,86.411799
2026-03-29 06:00:00,N05,,,,,,,23.766069,86.411799
2026-03-29 07:00:00,N05,,,,,,,23.766069,86.411799
2026-03-29 08:00:00,N05,,,,,,,23.766069,86.411799
2026-03-29 09:00:00,N05,,,,,,,23.766069,86.411799
2026-03-29 10:00:00,N05,,,,,,,23.766069,86.411799
2026-03-29 11:00:00,N05,,,,,,,23.766069,86.411799
2026-03-29 12:00:00,N05,,,,,,,23.766069,86.411799
2026-03-29 13:00:00,N05,,,,,,,23.766069,86.411799
2026-03-29 14:00:00,N05,-0.0466,0.901988,25.3,-0.0319,0.009697,40.4,23.766069,86.411799
2026-03-29 15:00:00,N05,-0.3033,0.509408,48.28,-0.0052,0.013254,39.2,23.766069,86.411799
2026-03-29 16:00:00,N05,0.3862,0.992673,49.04,-0.0054,0.010198,37.7,23.766069,86.411799
2026-03-29 17:00:00,N05,0.0407,0.007415,6.76,-0.0256,0.010105,35.9,23.766069,86.411799
2026-03-29 18:00:00,N05,-0.0867,0.00695,1.79,-0.0256,0.000212,33.9,23.766069,86.411799
2026-03-29 19:00:00,N05,-0.1222,0.005076,3.31,-0.0251,0.000209,32.0,23.766069,86.411799
2026-03-29 20:00:00,N05,-0.0463,0.009269,5.39,-0.0252,0.000634,30.2,23.766069,86.411799
2026-03-29 21:00:00,N05,0.1007,0.010297,2.89,-0.0264,0.00034,28.6,23.766069,86.411799
2026-03-29 22:00:00,N05,0.0506,0.006877,2.74,-0.0259,0.00054,27.4,23.766069,86.411799
2026-03-29 23:00:00,N05,0.2187,0.005208,9.91,-0.0253,2.6e-05,26.7,23.766069,86.411799
2026-03-30 00:00:00,N05,0.117,0.006468,3.91,-0.0259,0.000414,25.1,23.766069,86.411799
2026-03-30 01:00:00,N05,0.0414,0.005538,6.93,-0.0262,0.000724,25.4,23.766069,86.411799
2026-03-30 02:00:00,N05,0.2025,0.00569,6.17,-0.0273,0.000778,26.1,23.766069,86.411799
2026-03-30 03:00:00,N05,0.1344,0.008345,9.58,-0.0277,0.000265,27.3,23.766069,86.411799
2026-03-30 04:00:00,N05,-0.0365,0.006373,6.72,-0.0278,2.5e-05,28.9,23.766069,86.411799
2026-03-30 05:00:00,N05,-0.0465,0.006407,9.69,-0.0278,0.012445,30.7,23.766069,86.411799
2026-03-30 06:00:00,N05,0.0496,0.89916,23.38,-0.0029,0.005789,32.6,23.766069,86.411799
2026-03-30 07:00:00,N05,-0.1822,0.753728,19.8,-0.0162,0.012266,34.6,23.766069,86.411799
2026-03-30 08:00:00,N05,-0.0264,0.010036,5.76,-0.0275,0.005975,36.4,23.766069,86.411799
2026-03-30 09:00:00,N05,-0.1057,0.005803,9.53,-0.0281,5.9e-05,37.9,23.766069,86.411799
2026-03-30 10:00:00,N05,0.0835,0.005925,7.43,-0.0276,0.000247,39.1,23.766069,86.411799
2026-03-30 11:00:00,N05,0.2219,0.007211,4.39,-0.0276,3e-06,39.9,23.766069,86.411799
2026-03-30 12:00:00,N05,-0.131,0.006304,5.05,-0.0276,0.000252,40.1,23.766069,86.411799
2026-03-30 13:00:00,N05,0.1146,0.005088,9.64,-0.0271,0.000912,39.9,23.766069,86.411799
2026-03-30 14:00:00,N05,-0.0014,0.005453,2.98,-0.0258,0.001319,39.1,23.766069,86.411799
2026-03-30 15:00:00,N05,-0.1021,0.007276,7.63,-0.0245,0.000309,37.9,23.766069,86.411799
2026-03-30 16:00:00,N05,0.0508,0.007211,9.01,-0.0252,0.0004,36.4,23.766069,86.411799
2026-03-30 17:00:00,N05,0.3606,0.007968,3.54,-0.0253,0.000233,34.6,23.766069,86.411799
2026-03-30 18:00:00,N05,0.0899,0.006799,1.68,-0.0256,0.000587,32.6,23.766069,86.411799
2026-03-30 19:00:00,N05,-0.1665,0.005137,9.66,-0.0265,0.000364,30.7,23.766069,86.411799
2026-03-30 20:00:00,N05,0.0495,0.006722,8.17,-0.0264,0.000371,28.9,23.766069,86.411799
2026-03-30 21:00:00,N05,-0.0659,0.006464,8.45,-0.0272,0.00048,27.3,23.766069,86.411799
2026-03-30 22:00:00,N05,-0.2593,0.007096,5.93,-0.0273,6.9e-05,26.1,23.766069,86.411799
2026-03-30 23:00:00,N05,0.0496,0.005142,1.28,-0.0274,2e-05,25.4,23.766069,86.411799
2026-03-31 00:00:00,N05,0.1519,0.005073,4.48,-0.0274,0.000315,26.5,23.766069,86.411799
2026-03-31 01:00:00,N05,0.0616,0.005249,3.02,-0.0267,0.000144,26.7,23.766069,86.411799
2026-03-31 02:00:00,N05,0.0861,0.006799,8.28,-0.0271,0.000308,27.5,23.766069,86.411799
2026-03-31 03:00:00,N05,-0.1558,0.006727,3.12,-0.0273,0.000233,28.7,23.766069,86.411799
2026-03-31 04:00:00,N05,-0.1503,0.00559,2.76,-0.0275,0.000179,30.2,23.766069,86.411799
2026-03-31 05:00:00,N05,-0.1056,0.005342,6.52,-0.0277,4.6e-05,32.0,23.766069,86.411799
2026-03-31 06:00:00,N05,0.0484,0.007782,2.4,-0.0274,0.000331,34.0,23.766069,86.411799
2026-03-31 07:00:00,N05,0.0487,0.00793,3.23,-0.027,8e-05,35.9,23.766069,86.411799
2026-03-31 08:00:00,N05,0.0753,0.005679,8.36,-0.0276,2e-05,37.7,23.766069,86.411799
2026-03-31 09:00:00,N05,0.018,0.009547,2.6,-0.0271,0.000746,39.3,23.766069,86.411799
2026-03-31 10:00:00,N05,0.195,0.008055,5.68,-0.0261,0.005673,40.5,23.766069,86.411799
2026-03-31 11:00:00,N05,-0.0219,0.966225,21.29,-0.0384,0.000132,41.2,23.766069,86.411799
2026-03-31 12:00:00,N05,,,,,,,23.766069,86.411799
2026-03-31 13:00:00,N05,,,,,,,23.766069,86.411799
2026-03-31 14:00:00,N05,,,,,,,23.766069,86.411799
2026-03-31 15:00:00,N05,,,,,,,23.766069,86.411799
2026-03-31 16:00:00,N05,0.0399,0.007227,3.01,-0.0275,0.000825,37.7,23.766069,86.411799
2026-03-31 17:00:00,N05,-0.3138,0.007862,6.78,-0.029,0.000957,35.9,23.766069,86.411799
2026-03-31 18:00:00,N05,0.037,0.005159,3.18,-0.0294,0.000477,34.0,23.766069,86.411799
2026-03-31 19:00:00,N05,0.0701,0.005318,8.62,-0.03,0.000372,32.0,23.766069,86.411799
2026-03-31 20:00:00,N05,0.0827,0.007743,1.85,-0.0301,0.000208,30.2,23.766069,86.411799
2026-03-31 21:00:00,N05,0.1675,0.005176,9.71,-0.0304,0.000186,28.7,23.766069,86.411799
2026-03-31 22:00:00,N05,0.0841,0.006978,2.95,-0.0305,1.1e-05,27.5,23.766069,86.411799
2026-03-31 23:00:00,N05,-0.0894,0.00615,4.18,-0.0304,0.000391,26.7,23.766069,86.411799
2026-04-01 00:00:00,N05,-0.1339,0.006408,5.85,-0.0297,6.2e-05,22.6,23.766069,86.411799
2026-04-01 01:00:00,N05,0.2006,0.009658,2.15,-0.0305,0.000254,22.9,23.766069,86.411799
2026-04-01 02:00:00,N05,0.1707,0.005866,3.75,-0.0302,0.000409,23.6,23.766069,86.411799
2026-04-01 03:00:00,N05,-0.2522,0.005237,6.46,-0.0297,0.000171,24.8,23.766069,86.411799
2026-04-01 04:00:00,N05,0.0279,0.005335,3.14,-0.0299,0.00025,26.4,23.766069,86.411799
2026-04-01 05:00:00,N05,-0.064,0.006097,3.4,-0.0292,0.000581,28.2,23.766069,86.411799
2026-04-01 06:00:00,N05,-0.0438,0.006206,8.91,-0.0287,0.000365,30.1,23.766069,86.411799
2026-04-01 07:00:00,N05,,,,,,,23.766069,86.411799
2026-04-01 08:00:00,N05,,,,,,,23.766069,86.411799
2026-04-01 09:00:00,N05,,,,,,,23.766069,86.411799
2026-04-01 10:00:00,N05,,,,,,,23.766069,86.411799
2026-04-01 11:00:00,N05,0.0713,0.939313,36.67,-0.0419,0.007302,37.4,23.766069,86.411799
2026-04-01 12:00:00,N05,-0.1436,0.005736,1.65,-0.0274,0.006952,37.6,23.766069,86.411799
2026-04-01 13:00:00,N05,,,,,,,23.766069,86.411799
2026-04-01 14:00:00,N05,,,,,,,23.766069,86.411799
2026-04-01 15:00:00,N05,,,,,,,23.766069,86.411799
2026-04-01 16:00:00,N05,,,,,,,23.766069,86.411799
2026-04-01 17:00:00,N05,0.1248,0.005596,1.7,-0.0296,0.000499,32.1,23.766069,86.411799
2026-04-01 18:00:00,N05,,,,,,,23.766069,86.411799
2026-04-01 19:00:00,N05,,,,,,,23.766069,86.411799
2026-04-01 20:00:00,N05,,,,,,,23.766069,86.411799
2026-04-01 21:00:00,N05,,,,,,,23.766069,86.411799
2026-04-01 22:00:00,N05,,,,,,,23.766069,86.411799
2026-04-01 23:00:00,N05,,,,,,,23.766069,86.411799
2026-04-02 00:00:00,N05,,,,,,,23.766069,86.411799
2026-04-02 01:00:00,N05,,,,,,,23.766069,86.411799
2026-04-02 02:00:00,N05,,,,,,,23.766069,86.411799
2026-04-02 03:00:00,N05,-0.0643,0.009043,8.58,-0.03,4.3e-05,25.9,23.766069,86.411799
2026-04-02 04:00:00,N05,-0.0783,0.009134,8.39,-0.0299,5e-05,27.4,23.766069,86.411799
2026-04-02 05:00:00,N05,0.1021,0.006042,9.44,-0.0301,0.000173,29.2,23.766069,86.411799
2026-04-02 06:00:00,N05,-0.1145,0.005206,6.33,-0.0296,0.00016,31.2,23.766069,86.411799
2026-04-02 07:00:00,N05,-0.1141,0.006052,2.0,-0.0298,0.000202,33.1,23.766069,86.411799
2026-04-02 08:00:00,N05,0.1051,0.006304,4.47,-0.03,0.000118,34.9,23.766069,86.411799
2026-04-02 09:00:00,N05,-0.1349,0.005008,5.68,-0.03,0.009082,36.5,23.766069,86.411799
2026-04-02 10:00:00,N05,0.157,0.754987,49.15,-0.0481,0.00915,37.7,23.766069,86.411799
2026-04-02 11:00:00,N05,,,,,,,23.766069,86.411799
2026-04-02 12:00:00,N05,0.1117,0.007356,4.09,-0.0304,0.009175,38.7,23.766069,86.411799
2026-04-02 13:00:00,N05,0.0028,0.006036,5.85,-0.03,2.9e-05,38.4,23.766069,86.411799
2026-04-02 14:00:00,N05,0.0953,0.005516,5.36,-0.0305,1.1e-05,37.7,23.766069,86.411799
2026-04-02 15:00:00,N05,0.0906,0.005135,1.66,-0.0299,0.000269,36.5,23.766069,86.411799
2026-04-02 16:00:00,N05,0.196,0.005052,3.13,-0.0299,0.008655,34.9,23.766069,86.411799
2026-04-02 17:00:00,N05,0.0823,0.793437,23.72,-0.0126,0.000566,33.1,23.766069,86.411799
2026-04-02 18:00:00,N05,0.1343,0.00723,1.97,-0.031,0.009149,31.2,23.766069,86.411799
2026-04-02 19:00:00,N05,-0.115,0.007314,5.77,-0.0309,0.000355,29.2,23.766069,86.411799
2026-04-02 20:00:00,N05,-0.2486,0.005472,7.72,-0.0303,0.000288,27.4,23.766069,86.411799
2026-04-02 21:00:00,N05,0.0687,0.005984,1.22,-0.0303,3.9e-05,25.9,23.766069,86.411799
2026-04-02 22:00:00,N05,-0.1581,0.005926,1.35,-0.0304,2.3e-05,24.7,23.766069,86.411799
2026-04-02 23:00:00,N05,-0.1977,0.005542,8.18,-0.0304,3.9e-05,23.9,23.766069,86.411799
2026-04-03 00:00:00,N05,0.0799,0.005747,3.23,-0.0305,7e-06,25.3,23.766069,86.411799
2026-04-03 01:00:00,N05,-0.0637,0.005015,7.3,-0.0304,0.000112,25.6,23.766069,86.411799
2026-04-03 02:00:00,N05,-0.1617,0.008376,7.34,-0.0307,4e-06,26.3,23.766069,86.411799
2026-04-03 03:00:00,N05,,,,,,,23.766069,86.411799
2026-04-03 04:00:00,N05,,,,,,,23.766069,86.411799
2026-04-03 05:00:00,N05,,,,,,,23.766069,86.411799
2026-04-03 06:00:00,N05,,,,,,,23.766069,86.411799
2026-04-03 07:00:00,N05,,,,,,,23.766069,86.411799
2026-04-03 08:00:00,N05,0.1544,0.007293,4.43,-0.0292,0.00646,36.6,23.766069,86.411799
2026-04-03 09:00:00,N05,0.4779,0.005846,2.25,-0.0288,0.000368,38.1,23.766069,86.411799
2026-04-03 10:00:00,N05,-0.0348,0.007255,8.36,-0.0284,0.000212,39.3,23.766069,86.411799
2026-04-03 11:00:00,N05,0.1926,0.005199,1.46,-0.0284,7.5e-05,40.1,23.766069,86.411799
2026-04-03 12:00:00,N05,0.0639,0.005162,6.37,-0.0283,0.000788,40.3,23.766069,86.411799
2026-04-03 13:00:00,N05,0.1432,0.006654,9.08,-0.0268,0.000752,40.1,23.766069,86.411799
2026-04-03 14:00:00,N05,0.1948,0.005232,5.06,-0.0268,9.5e-05,39.3,23.766069,86.411799
2026-04-03 15:00:00,N05,0.2572,0.009358,6.26,-0.027,0.000319,38.1,23.766069,86.411799
2026-04-03 16:00:00,N05,0.1883,0.00719,2.44,-0.0274,0.000813,36.6,23.766069,86.411799
2026-04-03 17:00:00,N05,-0.2409,0.006629,9.15,-0.0286,0.000264,34.8,23.766069,86.411799
2026-04-03 18:00:00,N05,,,,,,,23.766069,86.411799
2026-04-03 19:00:00,N05,,,,,,,23.766069,86.411799
2026-04-03 20:00:00,N05,,,,,,,23.766069,86.411799
2026-04-03 21:00:00,N05,,,,,,,23.766069,86.411799
2026-04-03 22:00:00,N05,,,,,,,23.766069,86.411799
2026-04-03 23:00:00,N05,-0.0552,0.005078,4.01,-0.0295,3.2e-05,25.6,23.766069,86.411799
2026-04-04 00:00:00,N05,-0.0858,0.010085,8.18,-0.0293,0.000401,27.5,23.766069,86.411799
2026-04-04 01:00:00,N05,-0.0015,0.010513,9.45,-0.0287,0.000138,27.7,23.766069,86.411799
2026-04-04 02:00:00,N05,-0.1851,0.007369,9.54,-0.029,0.000257,28.5,23.766069,86.411799
2026-04-04 03:00:00,N05,0.284,0.005782,3.95,-0.0292,0.000308,29.7,23.766069,86.411799
2026-04-04 04:00:00,N05,0.0706,0.005767,4.11,-0.0284,5.5e-05,31.2,23.766069,86.411799
2026-04-04 05:00:00,N05,-0.105,0.006302,9.72,-0.0291,0.000118,33.0,23.766069,86.411799
2026-04-04 06:00:00,N05,0.1745,0.008151,3.43,-0.0286,0.0002,35.0,23.766069,86.411799
2026-04-04 07:00:00,N05,,,,,,,23.766069,86.411799
2026-04-04 08:00:00,N05,,,,,,,23.766069,86.411799
2026-04-04 09:00:00,N05,,,,,,,23.766069,86.411799
2026-04-04 10:00:00,N05,,,,,,,23.766069,86.411799
2026-04-04 11:00:00,N05,0.1954,0.007189,2.89,-0.0302,0.000159,42.2,23.766069,86.411799
2026-04-04 12:00:00,N05,0.1237,0.007692,3.35,-0.0295,0.000424,42.5,23.766069,86.411799
2026-04-04 13:00:00,N05,,,,,,,23.766069,86.411799
2026-04-04 14:00:00,N05,,,,,,,23.766069,86.411799
2026-04-04 15:00:00,N05,,,,,,,23.766069,86.411799
2026-04-04 16:00:00,N05,,,,,,,23.766069,86.411799
2026-04-04 17:00:00,N05,,,,,,,23.766069,86.411799
2026-04-04 18:00:00,N05,0.1337,0.005568,6.24,-0.0294,0.000236,35.0,23.766069,86.411799
2026-04-04 19:00:00,N05,0.2583,0.009671,6.27,-0.0299,0.000223,33.0,23.766069,86.411799
2026-04-04 20:00:00,N05,-0.0131,0.006489,3.62,-0.0298,0.000422,31.2,23.766069,86.411799
2026-04-04 21:00:00,N05,0.0807,0.008639,1.16,-0.029,0.001012,29.7,23.766069,86.411799
2026-04-04 22:00:00,N05,0.3263,0.005726,2.64,-0.0278,0.000431,28.5,23.766069,86.411799
2026-04-04 23:00:00,N05,0.2382,0.006482,3.99,-0.0282,0.000337,27.7,23.766069,86.411799
2026-04-05 00:00:00,N05,-0.0336,0.008226,5.46,-0.0285,0.000217,24.2,23.766069,86.411799
2026-04-05 01:00:00,N05,0.1681,0.005725,2.04,-0.0286,0.000446,24.5,23.766069,86.411799
2026-04-05 02:00:00,N05,0.003,0.008566,2.84,-0.0294,0.000434,25.3,23.766069,86.411799
2026-04-05 03:00:00,N05,0.102,0.006834,9.41,-0.0295,0.000349,26.4,23.766069,86.411799
2026-04-05 04:00:00,N05,0.1151,0.006544,4.94,-0.0287,0.000525,28.0,23.766069,86.411799
2026-04-05 05:00:00,N05,-0.2516,0.005574,8.8,-0.0284,0.000571,29.8,23.766069,86.411799
2026-04-05 06:00:00,N05,-0.1332,0.005712,5.57,-0.0275,0.000421,31.7,23.766069,86.411799
2026-04-05 07:00:00,N05,-0.1226,0.006978,9.24,-0.0276,0.007984,33.7,23.766069,86.411799
2026-04-05 08:00:00,N05,0.1468,0.985323,17.74,-0.0435,0.008021,35.5,23.766069,86.411799
2026-04-05 09:00:00,N05,-0.2998,0.699565,43.23,-0.0436,0.007489,37.1,23.766069,86.411799
2026-04-05 10:00:00,N05,-0.0377,0.005937,8.66,-0.0285,0.008041,38.2,23.766069,86.411799
2026-04-05 11:00:00,N05,0.1909,0.007618,9.61,-0.0275,0.006069,39.0,23.766069,86.411799
2026-04-05 12:00:00,N05,-0.2026,0.51374,19.78,-0.0407,0.006359,39.2,23.766069,86.411799
2026-04-05 13:00:00,N05,0.221,0.593375,22.37,-0.0402,0.007397,39.0,23.766069,86.411799
2026-04-05 14:00:00,N05,0.0366,0.00725,5.92,-0.0259,0.00702,38.2,23.766069,86.411799
2026-04-05 15:00:00,N05,0.2552,0.00747,8.46,-0.0262,0.000228,37.1,23.766069,86.411799
2026-04-05 16:00:00,N05,-0.2492,0.006516,3.68,-0.0263,0.000254,35.5,23.766069,86.411799
2026-04-05 17:00:00,N05,-0.0478,0.005715,4.52,-0.0267,0.000283,33.7,23.766069,86.411799
2026-04-05 18:00:00,N05,0.1178,0.005903,4.58,-0.0269,0.000202,31.7,23.766069,86.411799
2026-04-05 19:00:00,N05,-0.0838,0.006496,6.8,-0.0271,3.7e-05,29.8,23.766069,86.411799
2026-04-05 20:00:00,N05,-0.1547,0.009699,3.39,-0.0268,0.000608,28.0,23.766069,86.411799
2026-04-05 21:00:00,N05,-0.2812,0.007113,8.23,-0.0259,0.000549,26.4,23.766069,86.411799
2026-04-05 22:00:00,N05,0.102,0.007323,3.63,-0.0257,0.000136,25.3,23.766069,86.411799
2026-04-05 23:00:00,N05,0.0356,0.005201,1.97,-0.0256,0.000262,24.5,23.766069,86.411799
2026-04-06 00:00:00,N05,0.0913,0.006249,2.16,-0.0252,0.000142,24.7,23.766069,86.411799
2026-04-06 01:00:00,N05,0.1626,0.005119,6.51,-0.0253,0.000115,24.9,23.766069,86.411799
2026-04-06 02:00:00,N05,-0.0241,0.008143,2.12,-0.025,0.00026,25.7,23.766069,86.411799
2026-04-06 03:00:00,N05,-0.1684,0.007353,4.5,-0.0248,0.000193,26.9,23.766069,86.411799
2026-04-06 04:00:00,N05,0.2404,0.00761,8.76,-0.0246,0.000218,28.4,23.766069,86.411799
2026-04-06 05:00:00,N05,0.332,0.005491,7.81,-0.0244,0.000165,30.2,23.766069,86.411799
2026-04-06 06:00:00,N05,0.057,0.008428,4.12,-0.0243,4e-06,32.2,23.766069,86.411799
2026-04-06 07:00:00,N05,0.0278,0.008616,9.32,-0.0244,0.000201,34.1,23.766069,86.411799
2026-04-06 08:00:00,N05,0.0195,0.008225,6.02,-0.0247,0.000281,35.9,23.766069,86.411799
2026-04-06 09:00:00,N05,-0.0227,0.006218,3.86,-0.0238,0.000304,37.5,23.766069,86.411799
2026-04-06 10:00:00,N05,,,,,,,23.766069,86.411799
2026-04-06 11:00:00,N05,,,,,,,23.766069,86.411799
2026-04-06 12:00:00,N05,0.1748,0.612052,28.01,-0.0142,0.000273,39.7,23.766069,86.411799
2026-04-06 13:00:00,N05,-0.175,0.005106,6.87,-0.0241,0.005192,39.4,23.766069,86.411799
2026-04-06 14:00:00,N05,0.137,0.008851,7.77,-0.0246,0.000309,38.7,23.766069,86.411799
2026-04-06 15:00:00,N05,0.0237,0.007218,6.5,-0.0247,0.000465,37.5,23.766069,86.411799
2026-04-06 16:00:00,N05,-0.1974,0.009138,4.06,-0.0256,0.000139,35.9,23.766069,86.411799
2026-04-06 17:00:00,N05,0.0057,0.005077,9.64,-0.0245,0.000619,34.1,23.766069,86.411799
2026-04-06 18:00:00,N05,-0.4127,0.007353,3.47,-0.0243,0.00048,32.2,23.766069,86.411799
2026-04-06 19:00:00,N05,-0.1146,0.006705,1.32,-0.0235,0.00081,30.2,23.766069,86.411799
2026-04-06 20:00:00,N05,-0.1828,0.005664,7.31,-0.0227,0.000718,28.4,23.766069,86.411799
2026-04-06 21:00:00,N05,-0.1041,0.005623,4.37,-0.0221,0.00041,26.9,23.766069,86.411799
2026-04-06 22:00:00,N05,0.2307,0.005735,2.06,-0.0219,0.000298,25.7,23.766069,86.411799
2026-04-06 23:00:00,N05,-0.0443,0.006893,2.67,-0.0215,0.000149,24.9,23.766069,86.411799
2026-04-07 00:00:00,N05,-0.0177,0.007221,3.12,-0.0216,0.000176,27.8,23.766069,86.411799
2026-04-07 01:00:00,N05,-0.0187,0.005236,4.98,-0.0218,0.000127,28.1,23.766069,86.411799
2026-04-07 02:00:00,N05,0.0801,0.005924,5.43,-0.0218,0.000191,28.8,23.766069,86.411799
2026-04-07 03:00:00,N05,-0.0582,0.005949,7.0,-0.0222,0.000155,30.0,23.766069,86.411799
2026-04-07 04:00:00,N05,0.1461,0.008434,4.08,-0.0221,0.000171,31.6,23.766069,86.411799
2026-04-07 05:00:00,N05,-0.0584,0.005382,4.14,-0.0226,0.000285,33.4,23.766069,86.411799
2026-04-07 06:00:00,N05,-0.0696,0.006498,4.53,-0.0227,1.3e-05,35.3,23.766069,86.411799
2026-04-07 07:00:00,N05,0.2285,0.005483,3.44,-0.0226,0.000427,37.3,23.766069,86.411799
2026-04-07 08:00:00,N05,-0.0744,0.005448,7.59,-0.0236,0.00048,39.1,23.766069,86.411799
2026-04-07 09:00:00,N05,-0.056,0.005947,6.42,-0.0235,0.010151,40.6,23.766069,86.411799
2026-04-07 10:00:00,N05,,,,,,,23.766069,86.411799
2026-04-07 11:00:00,N05,,,,,,,23.766069,86.411799
2026-04-07 12:00:00,N05,0.0458,0.007093,9.51,-0.0236,0.000347,42.8,23.766069,86.411799
2026-04-07 13:00:00,N05,0.0107,0.007462,3.19,-0.0233,0.008697,42.6,23.766069,86.411799
2026-04-07 14:00:00,N05,0.114,0.835622,19.72,-0.041,0.008785,41.8,23.766069,86.411799
2026-04-07 15:00:00,N05,0.1022,0.584631,48.48,-0.0409,0.013326,40.6,23.766069,86.411799
2026-04-07 16:00:00,N05,-0.1952,0.697762,37.49,-0.0144,0.008666,39.1,23.766069,86.411799
2026-04-07 17:00:00,N05,-0.0167,0.005009,5.17,-0.0235,0.004775,37.3,23.766069,86.411799
2026-04-07 18:00:00,N05,-0.1275,0.005263,1.26,-0.0239,0.000359,35.3,23.766069,86.411799
2026-04-07 19:00:00,N05,0.19,0.00759,1.74,-0.0243,0.000326,33.4,23.766069,86.411799
2026-04-07 20:00:00,N05,0.2716,0.006255,3.04,-0.0246,0.000283,31.6,23.766069,86.411799
2026-04-07 21:00:00,N05,0.0416,0.008174,9.16,-0.0237,0.0009,30.0,23.766069,86.411799
2026-04-07 22:00:00,N05,-0.0121,0.008419,8.27,-0.0228,0.000429,28.8,23.766069,86.411799
2026-04-07 23:00:00,N05,0.0039,0.00779,8.52,-0.0228,3e-06,28.1,23.766069,86.411799
2026-04-08 00:00:00,N05,-0.1214,0.007472,6.01,-0.0228,0.000344,25.2,23.766069,86.411799
2026-04-08 01:00:00,N05,0.0705,0.010485,3.6,-0.0235,0.00051,25.5,23.766069,86.411799
2026-04-08 02:00:00,N05,0.2043,0.007452,8.08,-0.0238,0.000578,26.2,23.766069,86.411799
2026-04-08 03:00:00,N05,0.1458,0.007853,4.28,-0.0247,0.000219,27.4,23.766069,86.411799
2026-04-08 04:00:00,N05,-0.3304,0.005725,5.04,-0.0242,0.000295,29.0,23.766069,86.411799
2026-04-08 05:00:00,N05,-0.0655,0.009684,7.05,-0.0241,0.007249,30.8,23.766069,86.411799
2026-04-08 06:00:00,N05,0.1176,0.953006,49.09,-0.0387,0.000173,32.7,23.766069,86.411799
2026-04-08 07:00:00,N05,-0.0946,0.005542,5.72,-0.0238,0.015607,34.6,23.766069,86.411799
2026-04-08 08:00:00,N05,-0.0066,0.921069,15.47,-0.0075,8.7e-05,36.5,23.766069,86.411799
2026-04-08 09:00:00,N05,0.0303,0.007593,7.78,-0.0239,0.008173,38.0,23.766069,86.411799
2026-04-08 10:00:00,N05,0.0395,0.006958,6.1,-0.0239,0.007465,39.2,23.766069,86.411799
2026-04-08 11:00:00,N05,0.0939,0.767042,42.53,-0.009,0.00748,39.9,23.766069,86.411799
2026-04-08 12:00:00,N05,-0.1074,0.55624,31.14,-0.0089,0.007013,40.2,23.766069,86.411799
2026-04-08 13:00:00,N05,0.1715,0.005697,5.3,-0.023,0.007263,39.9,23.766069,86.411799
2026-04-08 14:00:00,N05,-0.1523,0.00605,5.21,-0.0234,0.000129,39.2,23.766069,86.411799
2026-04-08 15:00:00,N05,0.1033,0.007076,6.62,-0.0233,0.000475,38.0,23.766069,86.411799
2026-04-08 16:00:00,N05,-0.1148,0.007108,6.6,-0.0225,4.5e-05,36.5,23.766069,86.411799
2026-04-08 17:00:00,N05,-0.1556,0.008116,7.41,-0.0234,0.000774,34.6,23.766069,86.411799
2026-04-08 18:00:00,N05,0.1073,0.006013,7.18,-0.024,0.00081,32.7,23.766069,86.411799
2026-04-08 19:00:00,N05,0.0301,0.006619,8.23,-0.025,0.000714,30.8,23.766069,86.411799
2026-04-08 20:00:00,N05,0.1341,0.008981,6.36,-0.0255,0.000278,29.0,23.766069,86.411799
2026-04-08 21:00:00,N05,0.113,0.005598,1.96,-0.0255,0.000103,27.4,23.766069,86.411799
2026-04-08 22:00:00,N05,-0.0337,0.00552,6.22,-0.0253,0.000222,26.2,23.766069,86.411799
2026-04-08 23:00:00,N05,0.0459,0.006524,5.99,-0.0251,0.000286,25.5,23.766069,86.411799
2026-04-09 00:00:00,N05,-0.145,0.005641,1.93,-0.0247,0.000133,20.8,23.766069,86.411799
2026-04-09 01:00:00,N05,0.1306,0.005447,1.99,-0.0254,0.000164,21.1,23.766069,86.411799
2026-04-09 02:00:00,N05,-0.0035,0.007741,9.87,-0.025,0.000318,21.8,23.766069,86.411799
2026-04-09 03:00:00,N05,-0.0679,0.00626,9.78,-0.026,0.000552,23.0,23.766069,86.411799
2026-04-09 04:00:00,N05,-0.0043,0.009555,7.65,-0.0261,0.00024,24.6,23.766069,86.411799
2026-04-09 05:00:00,N05,-0.1413,0.006366,1.44,-0.0265,0.000325,26.4,23.766069,86.411799
2026-04-09 06:00:00,N05,-0.0903,0.005525,4.81,-0.0268,0.00073,28.3,23.766069,86.411799
2026-04-09 07:00:00,N05,0.0925,0.011404,5.5,-0.0279,0.000577,30.3,23.766069,86.411799
2026-04-09 08:00:00,N05,-0.2233,0.007622,2.88,-0.0279,9.7e-05,32.1,23.766069,86.411799
2026-04-09 09:00:00,N05,-0.1533,0.005284,4.28,-0.0281,0.000291,33.6,23.766069,86.411799
2026-04-09 10:00:00,N05,-0.0353,0.006297,9.04,-0.0273,0.000561,34.8,23.766069,86.411799
2026-04-09 11:00:00,N05,-0.0413,0.007978,1.54,-0.027,0.000321,35.6,23.766069,86.411799
2026-04-09 12:00:00,N05,0.2769,0.006808,1.81,-0.0267,0.000508,35.8,23.766069,86.411799
2026-04-09 13:00:00,N05,,,,,,,23.766069,86.411799
2026-04-09 14:00:00,N05,,,,,,,23.766069,86.411799
2026-04-09 15:00:00,N05,0.0718,0.006514,5.41,-0.0285,0.004762,33.6,23.766069,86.411799
2026-04-09 16:00:00,N05,,,,,,,23.766069,86.411799
2026-04-09 17:00:00,N05,,,,,,,23.766069,86.411799
2026-04-09 18:00:00,N05,0.0667,0.0082,6.66,-0.0287,6.5e-05,28.3,23.766069,86.411799
2026-04-09 19:00:00,N05,-0.0334,0.00711,5.35,-0.0283,9.7e-05,26.4,23.766069,86.411799
2026-04-09 20:00:00,N05,,,,,,,23.766069,86.411799
2026-04-09 21:00:00,N05,,,,,,,23.766069,86.411799
2026-04-09 22:00:00,N05,,,,,,,23.766069,86.411799
2026-04-09 23:00:00,N05,,,,,,,23.766069,86.411799
2026-04-10 00:00:00,N05,,,,,,,23.766069,86.411799
2026-04-10 01:00:00,N05,0.0218,0.005084,2.38,-0.027,0.000268,25.7,23.766069,86.411799
2026-04-10 02:00:00,N05,0.1091,0.005647,4.78,-0.0276,0.000547,26.5,23.766069,86.411799
2026-04-10 03:00:00,N05,0.1093,0.005293,2.87,-0.0281,0.000112,27.7,23.766069,86.411799
2026-04-10 04:00:00,N05,-0.0702,0.006743,2.46,-0.0278,3.8e-05,29.2,23.766069,86.411799
2026-04-10 05:00:00,N05,0.0764,0.006118,8.14,-0.028,7.6e-05,31.0,23.766069,86.411799
2026-04-10 06:00:00,N05,0.0513,0.005405,9.12,-0.0276,2.4e-05,33.0,23.766069,86.411799
2026-04-10 07:00:00,N05,-0.0987,0.006172,9.42,-0.028,3.8e-05,34.9,23.766069,86.411799
2026-04-10 08:00:00,N05,-0.2956,0.007622,6.58,-0.0276,1.8e-05,36.7,23.766069,86.411799
2026-04-10 09:00:00,N05,0.0706,0.005036,7.23,-0.028,8e-05,38.3,23.766069,86.411799
2026-04-10 10:00:00,N05,0.072,0.007328,7.26,-0.0277,0.000164,39.5,23.766069,86.411799
2026-04-10 11:00:00,N05,-0.1124,0.007135,2.78,-0.0277,2.9e-05,40.2,23.766069,86.411799
2026-04-10 12:00:00,N05,-0.2379,0.006394,1.44,-0.0277,1.1e-05,40.5,23.766069,86.411799
2026-04-10 13:00:00,N05,-0.0355,0.00939,5.68,-0.0277,6e-06,40.2,23.766069,86.411799
2026-04-10 14:00:00,N05,-0.261,0.005331,3.32,-0.0277,5.5e-05,39.5,23.766069,86.411799
2026-04-10 15:00:00,N05,0.3027,0.007432,1.17,-0.0276,0.014948,38.3,23.766069,86.411799
2026-04-10 16:00:00,N05,0.0469,0.618037,27.68,0.0022,0.003441,36.7,23.766069,86.411799
2026-04-10 17:00:00,N05,0.022,0.915149,22.72,-0.0207,0.021316,34.9,23.766069,86.411799
2026-04-10 18:00:00,N05,0.0782,0.745624,37.89,-0.0404,0.00338,33.0,23.766069,86.411799
2026-04-10 19:00:00,N05,-0.0811,0.005458,3.55,-0.0275,0.006386,31.0,23.766069,86.411799
2026-04-10 20:00:00,N05,-0.0679,0.005219,4.31,-0.0276,9.3e-05,29.2,23.766069,86.411799
2026-04-10 21:00:00,N05,-0.0362,0.005738,4.12,-0.0273,0.000393,27.7,23.766069,86.411799
2026-04-10 22:00:00,N05,-0.1579,0.005773,9.66,-0.0268,0.000202,26.5,23.766069,86.411799
2026-04-10 23:00:00,N05,0.4224,0.00536,2.88,-0.0269,4.3e-05,25.7,23.766069,86.411799
2026-04-11 00:00:00,N05,-0.0417,0.005682,6.45,-0.0269,0.000319,26.8,23.766069,86.411799
2026-04-11 01:00:00,N05,-0.027,0.007137,5.06,-0.0263,0.00044,27.1,23.766069,86.411799
2026-04-11 02:00:00,N05,-0.1459,0.008953,5.56,-0.0261,6.2e-05,27.8,23.766069,86.411799
2026-04-11 03:00:00,N05,-0.025,0.009744,5.41,-0.0261,0.0001,29.0,23.766069,86.411799
2026-04-11 04:00:00,N05,-0.1959,0.009442,6.03,-0.0259,4.7e-05,30.6,23.766069,86.411799
2026-04-11 05:00:00,N05,0.0735,0.005555,1.91,-0.0262,0.000231,32.4,23.766069,86.411799
2026-04-11 06:00:00,N05,0.0633,0.006031,2.01,-0.0263,0.000197,34.3,23.766069,86.411799
2026-04-11 07:00:00,N05,-0.2426,0.006013,3.73,-0.0266,0.00017,36.3,23.766069,86.411799
2026-04-11 08:00:00,N05,0.0296,0.008211,2.19,-0.0267,0.000421,38.1,23.766069,86.411799
2026-04-11 09:00:00,N05,0.0443,0.005777,9.36,-0.0275,0.000563,39.6,23.766069,86.411799
2026-04-11 10:00:00,N05,0.1356,0.006303,5.07,-0.0278,4e-05,40.8,23.766069,86.411799
2026-04-11 11:00:00,N05,0.2103,0.00843,7.23,-0.0274,0.000263,41.6,23.766069,86.411799
2026-04-11 12:00:00,N05,0.0375,0.00681,7.36,-0.0273,0.006187,41.8,23.766069,86.411799
2026-04-11 13:00:00,N05,0.2732,0.59953,49.41,-0.0398,5.4e-05,41.6,23.766069,86.411799
2026-04-11 14:00:00,N05,-0.0559,0.007928,5.58,-0.0274,0.015973,40.8,23.766069,86.411799
2026-04-11 15:00:00,N05,,,,,,,23.766069,86.411799
2026-04-11 16:00:00,N05,,,,,,,23.766069,86.411799
2026-04-11 17:00:00,N05,,,,,,,23.766069,86.411799
2026-04-11 18:00:00,N05,-0.0872,0.007619,3.51,-0.0268,0.000158,34.3,23.766069,86.411799
2026-04-11 19:00:00,N05,0.2698,0.006389,9.71,-0.0261,0.000671,32.4,23.766069,86.411799
2026-04-11 20:00:00,N05,0.0315,0.008522,4.77,-0.0255,0.000524,30.6,23.766069,86.411799
2026-04-11 21:00:00,N05,-0.0163,0.008364,2.11,-0.025,0.000678,29.0,23.766069,86.411799
2026-04-11 22:00:00,N05,0.0676,0.00704,4.96,-0.0241,0.000524,27.8,23.766069,86.411799
2026-04-11 23:00:00,N05,0.1866,0.007726,7.13,-0.024,0.000134,27.1,23.766069,86.411799
2026-04-12 00:00:00,N05,0.2849,0.005443,9.98,-0.0244,0.000251,25.3,23.766069,86.411799
2026-04-12 01:00:00,N05,0.002,0.009378,7.09,-0.0245,3.6e-05,25.6,23.766069,86.411799
2026-04-12 02:00:00,N05,-0.1652,0.007471,7.2,-0.0243,5.7e-05,26.3,23.766069,86.411799
2026-04-12 03:00:00,N05,-0.0345,0.006399,6.88,-0.0243,0.000131,27.5,23.766069,86.411799
2026-04-12 04:00:00,N05,-0.0467,0.005513,2.45,-0.024,0.000366,29.1,23.766069,86.411799
2026-04-12 05:00:00,N05,-0.1057,0.007775,8.63,-0.0251,0.007768,30.9,23.766069,86.411799
2026-04-12 06:00:00,N05,0.1658,0.553015,40.82,-0.0396,0.007217,32.8,23.766069,86.411799
2026-04-12 07:00:00,N05,0.2087,0.534169,32.34,-0.0395,0.007412,34.8,23.766069,86.411799
2026-04-12 08:00:00,N05,-0.0683,0.006678,1.95,-0.0247,0.007255,36.6,23.766069,86.411799
2026-04-12 09:00:00,N05,-0.0611,0.006397,6.28,-0.025,0.000659,38.1,23.766069,86.411799
2026-04-12 10:00:00,N05,-0.1534,0.007347,5.13,-0.0261,0.000416,39.3,23.766069,86.411799
2026-04-12 11:00:00,N05,-0.1774,0.008058,6.01,-0.0258,0.002464,40.1,23.766069,86.411799
2026-04-12 12:00:00,N05,0.2557,0.984696,47.05,-0.0211,0.002165,40.3,23.766069,86.411799
2026-04-12 13:00:00,N05,0.024,0.614854,37.07,-0.0215,0.0023,40.1,23.766069,86.411799
2026-04-12 14:00:00,N05,0.1079,0.008602,6.71,-0.0257,0.006491,39.3,23.766069,86.411799
2026-04-12 15:00:00,N05,-0.1458,0.606192,29.76,-0.0345,0.004352,38.1,23.766069,86.411799
2026-04-12 16:00:00,N05,0.115,0.617213,31.68,-0.0344,0.00526,36.6,23.766069,86.411799
2026-04-12 17:00:00,N05,0.0532,0.00719,1.18,-0.024,0.005593,34.8,23.766069,86.411799
2026-04-12 18:00:00,N05,-0.1333,0.007322,1.9,-0.0232,0.000418,32.8,23.766069,86.411799
2026-04-12 19:00:00,N05,0.274,0.007944,4.22,-0.0231,1.4e-05,30.9,23.766069,86.411799
2026-04-12 20:00:00,N05,-0.1018,0.006748,8.08,-0.0233,2.2e-05,29.1,23.766069,86.411799
2026-04-12 21:00:00,N05,-0.0573,0.006315,8.59,-0.0231,0.000479,27.5,23.766069,86.411799
2026-04-12 22:00:00,N05,-0.0109,0.006341,3.27,-0.0242,0.000808,26.3,23.766069,86.411799
2026-04-12 23:00:00,N05,-0.2206,0.005145,1.58,-0.0247,0.000258,25.6,23.766069,86.411799
2026-04-13 00:00:00,N05,0.0402,0.006946,3.14,-0.0248,0.000417,20.5,23.766069,86.411799
2026-04-13 01:00:00,N05,0.0183,0.005642,4.21,-0.0239,0.000571,20.7,23.766069,86.411799
2026-04-13 02:00:00,N05,-0.1253,0.00533,4.27,-0.0236,7.3e-05,21.5,23.766069,86.411799
2026-04-13 03:00:00,N05,0.0906,0.006112,6.19,-0.024,0.000185,22.7,23.766069,86.411799
2026-04-13 04:00:00,N05,0.0829,0.007836,6.73,-0.0232,0.000426,24.2,23.766069,86.411799
2026-04-13 05:00:00,N05,0.0084,0.005347,2.91,-0.0232,0.000372,26.0,23.766069,86.411799
2026-04-13 06:00:00,N05,-0.1324,0.005311,8.35,-0.024,0.000551,28.0,23.766069,86.411799
2026-04-13 07:00:00,N05,-0.0059,0.005691,4.73,-0.0243,0.002676,29.9,23.766069,86.411799
2026-04-13 08:00:00,N05,0.1404,0.612769,25.26,-0.0293,0.002969,31.7,23.766069,86.411799
2026-04-13 09:00:00,N05,0.0552,0.71752,27.38,-0.0302,0.002345,33.3,23.766069,86.411799
2026-04-13 10:00:00,N05,-0.1821,0.007054,2.9,-0.0246,0.007141,34.5,23.766069,86.411799
2026-04-13 11:00:00,N05,0.0788,0.501727,33.74,-0.0159,0.004548,35.2,23.766069,86.411799
2026-04-13 12:00:00,N05,-0.0893,0.68284,36.44,-0.0337,0.00457,35.5,23.766069,86.411799
2026-04-13 13:00:00,N05,0.085,0.006533,7.76,-0.0251,0.004298,35.2,23.766069,86.411799
2026-04-13 14:00:00,N05,0.051,0.005846,7.55,-0.0251,0.000127,34.5,23.766069,86.411799
2026-04-13 15:00:00,N05,-0.3233,0.006003,1.33,-0.0248,0.000691,33.3,23.766069,86.411799
2026-04-13 16:00:00,N05,0.156,0.008885,9.88,-0.0238,0.000468,31.7,23.766069,86.411799
2026-04-13 17:00:00,N05,-0.2505,0.006083,7.45,-0.0239,0.000187,29.9,23.766069,86.411799
2026-04-13 18:00:00,N05,0.1419,0.005046,6.38,-0.0241,0.000248,28.0,23.766069,86.411799
2026-04-13 19:00:00,N05,0.2464,0.005471,2.19,-0.0234,0.000331,26.0,23.766069,86.411799
2026-04-13 20:00:00,N05,-0.1213,0.006285,3.6,-0.0235,0.000465,24.2,23.766069,86.411799
2026-04-13 21:00:00,N05,-0.0169,0.006443,3.51,-0.0243,0.000484,22.7,23.766069,86.411799
2026-04-13 22:00:00,N05,-0.0676,0.005554,1.17,-0.0244,0.00027,21.5,23.766069,86.411799
2026-04-13 23:00:00,N05,0.0797,0.006558,6.98,-0.0248,0.000612,20.7,23.766069,86.411799
2026-04-14 00:00:00,N05,0.1244,0.005034,7.26,-0.0257,0.000666,27.7,23.766069,86.411799
2026-04-14 01:00:00,N05,-0.1221,0.007276,9.19,-0.0262,0.00038,27.9,23.766069,86.411799
2026-04-14 02:00:00,N05,,,,,,,23.766069,86.411799
2026-04-14 03:00:00,N05,,,,,,,23.766069,86.411799
2026-04-14 04:00:00,N05,0.0759,0.006835,4.07,-0.0275,7.4e-05,31.4,23.766069,86.411799
2026-04-14 05:00:00,N05,0.0737,0.006328,1.22,-0.0276,0.00031,33.2,23.766069,86.411799
2026-04-14 06:00:00,N05,0.066,0.005786,1.74,-0.0281,0.00024,35.2,23.766069,86.411799
2026-04-14 07:00:00,N05,0.0283,0.006437,7.43,-0.0281,0.000232,37.1,23.766069,86.411799
2026-04-14 08:00:00,N05,-0.2574,0.005725,4.18,-0.0285,0.000648,38.9,23.766069,86.411799
2026-04-14 09:00:00,N05,,,,,,,23.766069,86.411799
2026-04-14 10:00:00,N05,-0.0596,0.005746,3.81,-0.0296,4.1e-05,41.7,23.766069,86.411799
2026-04-14 11:00:00,N05,-0.1727,0.005972,4.63,-0.0293,0.000151,42.4,23.766069,86.411799
2026-04-14 12:00:00,N05,0.0107,0.006742,1.77,-0.0293,0.000131,42.7,23.766069,86.411799
2026-04-14 13:00:00,N05,0.0482,0.005398,5.46,-0.029,4.1e-05,42.4,23.766069,86.411799
2026-04-14 14:00:00,N05,0.1036,0.005277,4.55,-0.0294,0.003823,41.7,23.766069,86.411799
2026-04-14 15:00:00,N05,0.14,0.793876,49.89,-0.0367,0.009213,40.5,23.766069,86.411799
2026-04-14 16:00:00,N05,0.0356,0.936874,26.53,-0.011,0.013054,38.9,23.766069,86.411799
2026-04-14 17:00:00,N05,-0.0538,0.768746,40.04,-0.0106,0.009191,37.1,23.766069,86.411799
2026-04-14 18:00:00,N05,-0.0209,0.006206,6.2,-0.0294,0.009685,35.2,23.766069,86.411799
2026-04-14 19:00:00,N05,0.1477,0.006413,9.57,-0.0299,0.000252,33.2,23.766069,86.411799
2026-04-14 20:00:00,N05,0.2765,0.006025,6.53,-0.0299,0.000104,31.4,23.766069,86.411799
2026-04-14 21:00:00,N05,-0.0551,0.006705,1.21,-0.0297,0.00023,29.9,23.766069,86.411799
2026-04-14 22:00:00,N05,0.0719,0.005794,2.22,-0.0294,0.000235,28.7,23.766069,86.411799
2026-04-14 23:00:00,N05,0.0649,0.005758,3.46,-0.0293,0.000258,27.9,23.766069,86.411799
2026-04-15 00:00:00,N05,0.1524,0.005068,3.42,-0.0299,0.000295,25.3,23.766069,86.411799
2026-04-15 01:00:00,N05,,,,,,,23.766069,86.411799
2026-04-15 02:00:00,N05,,,,,,,23.766069,86.411799
2026-04-15 03:00:00,N05,,,,,,,23.766069,86.411799
2026-04-15 04:00:00,N05,,,,,,,23.766069,86.411799
2026-04-15 05:00:00,N05,,,,,,,23.766069,86.411799
2026-04-15 06:00:00,N05,0.2101,0.529165,27.79,-0.0482,0.009748,32.8,23.766069,86.411799
2026-04-15 07:00:00,N05,-0.0411,0.838997,36.37,-0.0483,0.009815,34.8,23.766069,86.411799
2026-04-15 08:00:00,N05,-0.223,0.005954,9.79,-0.0286,0.00927,36.6,23.766069,86.411799
2026-04-15 09:00:00,N05,0.2866,0.005314,3.78,-0.0298,0.000654,38.1,23.766069,86.411799
2026-04-15 10:00:00,N05,,,,,,,23.766069,86.411799
2026-04-15 11:00:00,N05,,,,,,,23.766069,86.411799
2026-04-15 12:00:00,N05,,,,,,,23.766069,86.411799
2026-04-15 13:00:00,N05,,,,,,,23.766069,86.411799
2026-04-15 14:00:00,N05,,,,,,,23.766069,86.411799
2026-04-15 15:00:00,N05,,,,,,,23.766069,86.411799
2026-04-15 16:00:00,N05,,,,,,,23.766069,86.411799
2026-04-15 17:00:00,N05,,,,,,,23.766069,86.411799
2026-04-15 18:00:00,N05,,,,,,,23.766069,86.411799
2026-04-15 19:00:00,N05,-0.0938,0.007017,7.12,-0.0298,0.000143,30.9,23.766069,86.411799
2026-04-15 20:00:00,N05,,,,,,,23.766069,86.411799
2026-04-15 21:00:00,N05,,,,,,,23.766069,86.411799
2026-04-15 22:00:00,N05,,,,,,,23.766069,86.411799
2026-04-15 23:00:00,N05,0.1419,0.008019,2.98,-0.0302,0.000115,25.6,23.766069,86.411799
2026-04-16 00:00:00,N05,,,,,,,23.766069,86.411799
2026-04-16 01:00:00,N05,,,,,,,23.766069,86.411799
2026-04-16 02:00:00,N05,,,,,,,23.766069,86.411799
2026-04-16 03:00:00,N05,-0.3168,0.005202,8.11,-0.0306,4.1e-05,27.5,23.766069,86.411799
2026-04-16 04:00:00,N05,-0.0619,0.006863,4.82,-0.0305,0.000199,29.1,23.766069,86.411799
2026-04-16 05:00:00,N05,-0.0143,0.005219,1.03,-0.0302,1.6e-05,30.9,23.766069,86.411799
2026-04-16 06:00:00,N05,,,,,,,23.766069,86.411799
2026-04-16 07:00:00,N05,,,,,,,23.766069,86.411799
2026-04-16 08:00:00,N05,,,,,,,23.766069,86.411799
2026-04-16 09:00:00,N05,,,,,,,23.766069,86.411799
2026-04-16 10:00:00,N05,0.2097,0.005036,2.53,-0.0304,0.000207,39.3,23.766069,86.411799
2026-04-16 11:00:00,N05,0.2663,0.005787,9.45,-0.0307,0.000163,40.1,23.766069,86.411799
2026-04-16 12:00:00,N05,0.005,0.005045,2.03,-0.0307,0.005725,40.3,23.766069,86.411799
2026-04-16 13:00:00,N05,,,,,,,23.766069,86.411799
2026-04-16 14:00:00,N05,,,,,,,23.766069,86.411799
2026-04-16 15:00:00,N05,,,,,,,23.766069,86.411799
2026-04-16 16:00:00,N05,-0.265,0.007874,5.17,-0.029,0.000786,36.6,23.766069,86.411799
2026-04-16 17:00:00,N05,-0.2198,0.006495,2.95,-0.0287,7.7e-05,34.8,23.766069,86.411799
2026-04-16 18:00:00,N05,-0.1974,0.006536,2.81,-0.0289,0.000117,32.8,23.766069,86.411799
2026-04-16 19:00:00,N05,,,,,,,23.766069,86.411799
2026-04-16 20:00:00,N05,0.0895,0.007121,2.09,-0.0296,0.000648,29.1,23.766069,86.411799
2026-04-16 21:00:00,N05,0.1192,0.006266,4.77,-0.0303,0.00023,27.5,23.766069,86.411799
2026-04-16 22:00:00,N05,0.1907,0.005125,3.39,-0.03,1.1e-05,26.3,23.766069,86.411799
2026-04-16 23:00:00,N05,-0.1433,0.007243,3.7,-0.0302,0.000108,25.6,23.766069,86.411799
2026-04-17 00:00:00,N05,-0.1599,0.009276,3.72,-0.0298,0.000403,24.1,23.766069,86.411799
2026-04-17 01:00:00,N05,-0.0116,0.005386,6.82,-0.0294,0.000167,24.4,23.766069,86.411799
2026-04-17 02:00:00,N05,-0.0542,0.006635,2.67,-0.0295,0.000193,25.1,23.766069,86.411799
2026-04-17 03:00:00,N05,-0.048,0.008402,8.89,-0.0291,0.000119,26.3,23.766069,86.411799
2026-04-17 04:00:00,N05,0.3112,0.00685,2.58,-0.0297,0.000439,27.9,23.766069,86.411799
2026-04-17 05:00:00,N05,,,,,,,23.766069,86.411799
2026-04-17 06:00:00,N05,-0.0462,0.006662,9.48,-0.0296,0.000262,31.6,23.766069,86.411799
2026-04-17 07:00:00,N05,-0.0895,0.005352,3.97,-0.0305,0.000573,33.6,23.766069,86.411799
2026-04-17 08:00:00,N05,-0.0041,0.007776,6.09,-0.0307,0.000292,35.4,23.766069,86.411799
2026-04-17 09:00:00,N05,0.0319,0.006533,7.07,-0.031,0.00041,36.9,23.766069,86.411799
2026-04-17 10:00:00,N05,0.0231,0.006937,1.16,-0.0316,0.0004,38.1,23.766069,86.411799
2026-04-17 11:00:00,N05,0.1954,0.006251,1.8,-0.0318,0.000136,38.9,23.766069,86.411799
2026-04-17 12:00:00,N05,,,,,,,23.766069,86.411799
2026-04-17 13:00:00,N05,,,,,,,23.766069,86.411799
2026-04-17 14:00:00,N05,,,,,,,23.766069,86.411799
2026-04-17 15:00:00,N05,-0.1023,0.005793,8.9,-0.0303,0.004928,36.9,23.766069,86.411799
2026-04-17 16:00:00,N05,0.2436,0.867873,34.04,-0.0403,0.000487,35.4,23.766069,86.411799
2026-04-17 17:00:00,N05,-0.1551,0.006449,7.73,-0.0293,0.005359,33.6,23.766069,86.411799
2026-04-17 18:00:00,N05,,,,,,,23.766069,86.411799
2026-04-17 19:00:00,N05,-0.1914,0.005614,5.26,-0.0293,5.6e-05,29.7,23.766069,86.411799
2026-04-17 20:00:00,N05,0.0261,0.005278,3.7,-0.0295,0.000432,27.9,23.766069,86.411799
2026-04-17 21:00:00,N05,,,,,,,23.766069,86.411799
2026-04-17 22:00:00,N05,,,,,,,23.766069,86.411799
2026-04-17 23:00:00,N05,,,,,,,23.766069,86.411799
2026-04-18 00:00:00,N05,0.1142,0.007556,4.86,-0.031,0.000353,24.7,23.766069,86.411799
2026-04-18 01:00:00,N05,-0.2158,0.00636,8.07,-0.0306,0.000336,24.9,23.766069,86.411799
2026-04-18 02:00:00,N05,0.072,0.007505,4.21,-0.0317,0.000199,25.7,23.766069,86.411799
2026-04-18 03:00:00,N05,0.0203,0.005081,7.12,-0.031,0.000563,26.9,23.766069,86.411799
2026-04-18 04:00:00,N05,0.1625,0.006277,4.62,-0.0305,0.000141,28.4,23.766069,86.411799
2026-04-18 05:00:00,N05,-0.1712,0.00739,6.18,-0.0307,9.1e-05,30.2,23.766069,86.411799
2026-04-18 06:00:00,N05,-0.0227,0.005876,4.72,-0.0307,0.000301,32.2,23.766069,86.411799
2026-04-18 07:00:00,N05,-0.0112,0.00503,5.36,-0.0313,0.005458,34.1,23.766069,86.411799
2026-04-18 08:00:00,N05,0.0406,0.51027,16.1,-0.0416,0.005173,35.9,23.766069,86.411799
2026-04-18 09:00:00,N05,0.006,0.958089,34.79,-0.0417,0.004796,37.5,23.766069,86.411799
2026-04-18 10:00:00,N05,0.0829,0.007154,1.82,-0.032,0.004647,38.7,23.766069,86.411799
2026-04-18 11:00:00,N05,0.0644,0.007891,5.06,-0.0324,0.000393,39.4,23.766069,86.411799
2026-04-18 12:00:00,N05,,,,,,,23.766069,86.411799
2026-04-18 13:00:00,N05,,,,,,,23.766069,86.411799
2026-04-18 14:00:00,N05,,,,,,,23.766069,86.411799
2026-04-18 15:00:00,N05,,,,,,,23.766069,86.411799
2026-04-18 16:00:00,N05,0.0366,0.005576,2.2,-0.0326,0.004672,35.9,23.766069,86.411799
2026-04-18 17:00:00,N05,0.0845,0.00565,3.6,-0.0331,0.000471,34.1,23.766069,86.411799
2026-04-18 18:00:00,N05,0.219,0.005446,4.95,-0.0336,8.9e-05,32.2,23.766069,86.411799
2026-04-18 19:00:00,N05,-0.1015,0.005449,9.69,-0.0329,6.4e-05,30.2,23.766069,86.411799
2026-04-18 20:00:00,N05,0.0145,0.005528,1.28,-0.0337,6e-06,28.4,23.766069,86.411799
2026-04-18 21:00:00,N05,-0.0895,0.005483,9.35,-0.0329,0.000879,26.9,23.766069,86.411799
2026-04-18 22:00:00,N05,,,,,,,23.766069,86.411799
2026-04-18 23:00:00,N05,-0.1615,0.007743,8.66,-0.031,0.000246,24.9,23.766069,86.411799
2026-04-19 00:00:00,N05,0.0648,0.009682,9.35,-0.0314,2.3e-05,19.2,23.766069,86.411799
2026-04-19 01:00:00,N05,0.1673,0.005453,8.89,-0.0309,4.9e-05,19.4,23.766069,86.411799
2026-04-19 02:00:00,N05,-0.2167,0.007289,7.59,-0.0315,0.000489,20.2,23.766069,86.411799
2026-04-19 03:00:00,N05,-0.1408,0.006356,3.28,-0.0319,7.2e-05,21.4,23.766069,86.411799
2026-04-19 04:00:00,N05,-0.1726,0.00619,4.01,-0.0314,8.2e-05,22.9,23.766069,86.411799
2026-04-19 05:00:00,N05,0.259,0.00723,1.41,-0.0318,8.6e-05,24.7,23.766069,86.411799
2026-04-19 06:00:00,N05,,,,,,,23.766069,86.411799
2026-04-19 07:00:00,N05,,,,,,,23.766069,86.411799
2026-04-19 08:00:00,N05,-0.0578,0.005398,3.49,-0.0324,0.000346,30.4,23.766069,86.411799
2026-04-19 09:00:00,N05,,,,,,,23.766069,86.411799
2026-04-19 10:00:00,N05,,,,,,,23.766069,86.411799
2026-04-19 11:00:00,N05,0.206,0.006435,3.91,-0.0323,9.5e-05,33.9,23.766069,86.411799
2026-04-19 12:00:00,N05,0.0501,0.005559,6.02,-0.0326,4.5e-05,34.2,23.766069,86.411799
2026-04-19 13:00:00,N05,,,,,,,23.766069,86.411799
2026-04-19 14:00:00,N05,,,,,,,23.766069,86.411799
2026-04-19 15:00:00,N05,,,,,,,23.766069,86.411799
2026-04-19 16:00:00,N05,0.1705,0.008863,1.64,-0.032,0.004137,30.4,23.766069,86.411799
2026-04-19 17:00:00,N05,0.2493,0.007911,1.82,-0.031,0.000308,28.6,23.766069,86.411799
2026-04-19 18:00:00,N05,0.165,0.008704,7.64,-0.0314,3.7e-05,26.7,23.766069,86.411799
2026-04-19 19:00:00,N05,-0.1987,0.007325,2.42,-0.0311,9.6e-05,24.7,23.766069,86.411799
2026-04-19 20:00:00,N05,-0.2782,0.007686,4.35,-0.0312,0.000225,22.9,23.766069,86.411799
2026-04-19 21:00:00,N05,-0.2008,0.005486,4.31,-0.0306,0.000284,21.4,23.766069,86.411799
2026-04-19 22:00:00,N05,0.0543,0.005196,3.67,-0.0306,0.000121,20.2,23.766069,86.411799
2026-04-19 23:00:00,N05,-0.1,0.006136,7.03,-0.0304,0.000437,19.4,23.766069,86.411799
2026-04-20 00:00:00,N05,0.0542,0.005117,9.01,-0.0297,0.000288,27.6,23.766069,86.411799
2026-04-20 01:00:00,N05,0.3569,0.005771,5.06,-0.0298,0.000368,27.9,23.766069,86.411799
2026-04-20 02:00:00,N05,0.3252,0.007258,7.84,-0.0305,0.000287,28.6,23.766069,86.411799
2026-04-20 03:00:00,N05,-0.1665,0.005482,5.6,-0.0304,1.9e-05,29.8,23.766069,86.411799
2026-04-20 04:00:00,N05,-0.0628,0.005952,3.03,-0.0304,3.4e-05,31.4,23.766069,86.411799
2026-04-20 05:00:00,N05,-0.0016,0.005321,2.99,-0.0303,0.004317,33.2,23.766069,86.411799
2026-04-20 06:00:00,N05,0.1129,0.550076,33.33,-0.0391,0.000413,35.1,23.766069,86.411799
2026-04-20 07:00:00,N05,0.3521,0.007846,3.38,-0.0295,0.004887,37.1,23.766069,86.411799
2026-04-20 08:00:00,N05,-0.0814,0.008482,3.4,-0.0293,0.000406,38.9,23.766069,86.411799
2026-04-20 09:00:00,N05,0.0323,0.007941,4.86,-0.0287,0.000266,40.4,23.766069,86.411799
2026-04-20 10:00:00,N05,0.064,0.005351,4.14,-0.0288,0.000269,41.6,23.766069,86.411799
2026-04-20 11:00:00,N05,0.1385,0.005409,9.54,-0.0292,0.009986,42.4,23.766069,86.411799
2026-04-20 12:00:00,N05,,,,,,,23.766069,86.411799
2026-04-20 13:00:00,N05,,,,,,,23.766069,86.411799
2026-04-20 14:00:00,N05,,,,,,,23.766069,86.411799
2026-04-20 15:00:00,N05,,,,,,,23.766069,86.411799
2026-04-20 16:00:00,N05,-0.0659,0.005694,5.76,-0.029,0.000391,38.9,23.766069,86.411799
2026-04-20 17:00:00,N05,-0.0867,0.006633,6.57,-0.0284,0.000736,37.1,23.766069,86.411799
2026-04-20 18:00:00,N05,0.0077,0.008142,8.77,-0.0276,0.000233,35.1,23.766069,86.411799
2026-04-20 19:00:00,N05,-0.002,0.006492,4.73,-0.0279,0.000183,33.2,23.766069,86.411799
2026-04-20 20:00:00,N05,0.0812,0.005562,5.44,-0.0279,5.3e-05,31.4,23.766069,86.411799
2026-04-20 21:00:00,N05,0.0825,0.00576,3.19,-0.0278,6.5e-05,29.8,23.766069,86.411799
2026-04-20 22:00:00,N05,-0.0671,0.005502,7.66,-0.0281,0.000182,28.6,23.766069,86.411799
2026-04-20 23:00:00,N05,0.0078,0.006489,4.46,-0.0274,0.000431,27.9,23.766069,86.411799
2026-04-21 00:00:00,N05,-0.0155,0.007477,7.08,-0.0272,7.5e-05,22.2,23.766069,86.411799
2026-04-21 01:00:00,N05,0.0476,0.007636,4.82,-0.0273,5.9e-05,22.5,23.766069,86.411799
2026-04-21 02:00:00,N05,-0.2033,0.005317,4.81,-0.0271,0.000352,23.2,23.766069,86.411799
2026-04-21 03:00:00,N05,0.0825,0.006116,9.68,-0.0266,0.00028,24.4,23.766069,86.411799
2026-04-21 04:00:00,N05,0.1776,0.007744,2.11,-0.0265,0.000598,26.0,23.766069,86.411799
2026-04-21 05:00:00,N05,-0.0255,0.006977,6.21,-0.0278,9.5e-05,27.8,23.766069,86.411799
2026-04-21 06:00:00,N05,-0.0473,0.006181,9.69,-0.0267,0.009645,29.7,23.766069,86.411799
2026-04-21 07:00:00,N05,-0.1756,0.91423,39.45,-0.0085,0.009812,31.6,23.766069,86.411799
2026-04-21 08:00:00,N05,0.0064,0.511718,21.28,-0.0071,0.008416,33.5,23.766069,86.411799
2026-04-21 09:00:00,N05,0.1085,0.005825,6.16,-0.0253,0.009346,35.0,23.766069,86.411799
2026-04-21 10:00:00,N05,-0.0262,0.006555,9.77,-0.0258,0.000499,36.2,23.766069,86.411799
2026-04-21 11:00:00,N05,0.1863,0.006322,7.68,-0.0263,0.000138,37.0,23.766069,86.411799
2026-04-21 12:00:00,N05,0.0598,0.008316,1.9,-0.0261,4.1e-05,37.2,23.766069,86.411799
2026-04-21 13:00:00,N05,-0.0658,0.005966,5.05,-0.0262,0.00756,37.0,23.766069,86.411799
2026-04-21 14:00:00,N05,0.2317,0.544969,27.09,-0.0412,0.007467,36.2,23.766069,86.411799
2026-04-21 15:00:00,N05,,,,,,,23.766069,86.411799
2026-04-21 16:00:00,N05,,,,,,,23.766069,86.411799
2026-04-21 17:00:00,N05,,,,,,,23.766069,86.411799
2026-04-21 18:00:00,N05,,,,,,,23.766069,86.411799
2026-04-21 19:00:00,N05,,,,,,,23.766069,86.411799
2026-04-21 20:00:00,N05,-0.0337,0.009196,6.14,-0.0279,5.4e-05,26.0,23.766069,86.411799
2026-04-21 21:00:00,N05,0.2423,0.007789,7.3,-0.0274,4.8e-05,24.4,23.766069,86.411799
2026-04-21 22:00:00,N05,-0.0204,0.006946,5.28,-0.0278,0.000224,23.2,23.766069,86.411799
2026-04-21 23:00:00,N05,0.0001,0.008592,7.08,-0.0279,0.00028,22.5,23.766069,86.411799
2026-04-22 00:00:00,N05,-0.0571,0.007744,9.93,-0.0273,0.000348,21.4,23.766069,86.411799
2026-04-22 01:00:00,N05,-0.0777,0.006002,6.29,-0.0272,0.000129,21.7,23.766069,86.411799
2026-04-22 02:00:00,N05,-0.1287,0.006042,4.98,-0.027,7.4e-05,22.4,23.766069,86.411799
2026-04-22 03:00:00,N05,,,,,,,23.766069,86.411799
2026-04-22 04:00:00,N05,,,,,,,23.766069,86.411799
2026-04-22 05:00:00,N05,-0.312,0.005564,7.81,-0.0269,0.000282,27.0,23.766069,86.411799
2026-04-22 06:00:00,N05,-0.029,0.00798,4.87,-0.026,0.00016,28.9,23.766069,86.411799
2026-04-22 07:00:00,N05,-0.1152,0.005665,1.98,-0.0266,0.000565,30.8,23.766069,86.411799
2026-04-22 08:00:00,N05,-0.1798,0.006508,4.82,-0.0272,9.2e-05,32.7,23.766069,86.411799
2026-04-22 09:00:00,N05,-0.1353,0.005396,9.19,-0.0264,0.000589,34.2,23.766069,86.411799
2026-04-22 10:00:00,N05,0.2743,0.005983,2.02,-0.026,0.004884,35.4,23.766069,86.411799
2026-04-22 11:00:00,N05,0.1605,0.532038,30.7,-0.0362,0.005076,36.1,23.766069,86.411799
2026-04-22 12:00:00,N05,-0.0249,0.953457,18.11,-0.0361,0.004953,36.4,23.766069,86.411799
2026-04-22 13:00:00,N05,-0.0053,0.006493,3.6,-0.0263,0.004935,36.1,23.766069,86.411799
2026-04-22 14:00:00,N05,,,,,,,23.766069,86.411799
2026-04-22 15:00:00,N05,,,,,,,23.766069,86.411799
2026-04-22 16:00:00,N05,,,,,,,23.766069,86.411799
2026-04-22 17:00:00,N05,,,,,,,23.766069,86.411799
2026-04-22 18:00:00,N05,,,,,,,23.766069,86.411799
2026-04-22 19:00:00,N05,-0.2681,0.007575,8.09,-0.0274,0.000282,27.0,23.766069,86.411799
2026-04-22 20:00:00,N05,0.0075,0.007705,7.27,-0.0278,0.000521,25.2,23.766069,86.411799
2026-04-22 21:00:00,N05,0.1987,0.00632,3.22,-0.0284,0.000407,23.6,23.766069,86.411799
2026-04-22 22:00:00,N05,0.0994,0.005402,7.46,-0.0286,0.000128,22.4,23.766069,86.411799
2026-04-22 23:00:00,N05,-0.0908,0.005286,5.24,-0.0282,0.000993,21.7,23.766069,86.411799
2026-04-23 00:00:00,N05,0.2978,0.007183,3.4,-0.0266,0.000809,24.9,23.766069,86.411799
2026-04-23 01:00:00,N05,-0.1735,0.006144,5.95,-0.0265,0.000268,25.1,23.766069,86.411799
2026-04-23 02:00:00,N05,-0.247,0.007712,1.42,-0.0272,5.7e-05,25.9,23.766069,86.411799
2026-04-23 03:00:00,N05,,,,,,,23.766069,86.411799
2026-04-23 04:00:00,N05,-0.0911,0.006112,6.79,-0.0275,0.000664,28.6,23.766069,86.411799
2026-04-23 05:00:00,N05,0.1015,0.006419,8.18,-0.028,0.000407,30.5,23.766069,86.411799
2026-04-23 06:00:00,N05,0.1474,0.007865,6.57,-0.0284,0.000205,32.4,23.766069,86.411799
2026-04-23 07:00:00,N05,-0.0217,0.00602,9.67,-0.0276,0.005203,34.3,23.766069,86.411799
2026-04-23 08:00:00,N05,-0.2596,0.524868,25.5,-0.0388,0.000332,36.1,23.766069,86.411799
2026-04-23 09:00:00,N05,0.023,0.007213,6.0,-0.0269,0.006161,37.7,23.766069,86.411799
2026-04-23 10:00:00,N05,-0.0023,0.006025,3.71,-0.0264,0.000155,38.9,23.766069,86.411799
2026-04-23 11:00:00,N05,-0.1795,0.007999,7.96,-0.0266,0.000331,39.6,23.766069,86.411799
2026-04-23 12:00:00,N05,-0.1946,0.008064,6.7,-0.0271,0.000358,39.9,23.766069,86.411799
2026-04-23 13:00:00,N05,0.1011,0.006877,7.71,-0.0273,3.5e-05,39.6,23.766069,86.411799
2026-04-23 14:00:00,N05,0.2638,0.008508,9.73,-0.027,0.000169,38.9,23.766069,86.411799
2026-04-23 15:00:00,N05,0.019,0.006849,7.91,-0.027,0.000154,37.7,23.766069,86.411799
2026-04-23 16:00:00,N05,-0.0476,0.006623,7.55,-0.0273,7.5e-05,36.1,23.766069,86.411799
2026-04-23 17:00:00,N05,0.1766,0.005753,9.23,-0.0271,0.000329,34.3,23.766069,86.411799
2026-04-23 18:00:00,N05,0.3613,0.00509,9.2,-0.0267,0.000417,32.4,23.766069,86.411799
2026-04-23 19:00:00,N05,0.0243,0.005409,2.65,-0.0263,0.00013,30.5,23.766069,86.411799
2026-04-23 20:00:00,N05,0.0193,0.006591,1.31,-0.0264,0.000259,28.6,23.766069,86.411799
2026-04-23 21:00:00,N05,0.1228,0.006862,2.81,-0.0268,0.00028,27.1,23.766069,86.411799
2026-04-23 22:00:00,N05,-0.0898,0.006074,5.12,-0.0259,0.00058,25.9,23.766069,86.411799
2026-04-23 23:00:00,N05,-0.0657,0.006609,9.9,-0.0256,9.6e-05,25.1,23.766069,86.411799
2026-04-24 00:00:00,N05,0.0562,0.008389,7.95,-0.026,6.4e-05,21.8,23.766069,86.411799
2026-04-24 01:00:00,N05,0.1428,0.005976,3.07,-0.0255,7.8e-05,22.1,23.766069,86.411799
2026-04-24 02:00:00,N05,0.1732,0.005698,2.08,-0.0259,0.000417,22.8,23.766069,86.411799
2026-04-24 03:00:00,N05,-0.034,0.007526,2.06,-0.0264,0.000471,24.0,23.766069,86.411799
2026-04-24 04:00:00,N05,-0.2111,0.010231,7.64,-0.0268,0.000577,25.6,23.766069,86.411799
2026-04-24 05:00:00,N05,-0.1367,0.005608,1.55,-0.0275,0.000292,27.4,23.766069,86.411799
2026-04-24 06:00:00,N05,-0.162,0.005662,4.64,-0.0274,1.6e-05,29.3,23.766069,86.411799
2026-04-24 07:00:00,N05,,,,,,,23.766069,86.411799
2026-04-24 08:00:00,N05,0.0569,0.007876,8.01,-0.0278,1e-05,33.1,23.766069,86.411799
2026-04-24 09:00:00,N05,0.1416,0.007477,1.57,-0.0275,0.004371,34.6,23.766069,86.411799
2026-04-24 10:00:00,N05,-0.3085,0.768631,32.27,-0.0191,0.004502,35.8,23.766069,86.411799
2026-04-24 11:00:00,N05,0.0837,0.8371,28.13,-0.0185,0.003742,36.6,23.766069,86.411799
2026-04-24 12:00:00,N05,0.0883,0.668461,27.17,-0.0116,7.7e-05,36.8,23.766069,86.411799
2026-04-24 13:00:00,N05,0.0711,0.860139,49.94,-0.0183,0.007886,36.6,23.766069,86.411799
2026-04-24 14:00:00,N05,0.0066,0.008376,1.75,-0.0274,0.004482,35.8,23.766069,86.411799
2026-04-24 15:00:00,N05,0.1511,0.005589,4.87,-0.0273,0.000486,34.6,23.766069,86.411799
2026-04-24 16:00:00,N05,0.1568,0.007456,1.55,-0.0264,0.00047,33.1,23.766069,86.411799
2026-04-24 17:00:00,N05,-0.0476,0.006125,9.08,-0.0264,8.5e-05,31.3,23.766069,86.411799
2026-04-24 18:00:00,N05,0.0237,0.005758,6.45,-0.0266,0.000623,29.3,23.766069,86.411799
2026-04-24 19:00:00,N05,-0.0913,0.005239,4.95,-0.0276,0.000561,27.4,23.766069,86.411799
2026-04-24 20:00:00,N05,0.169,0.005414,2.28,-0.0277,0.000323,25.6,23.766069,86.411799
2026-04-24 21:00:00,N05,-0.1474,0.006121,2.64,-0.0283,0.000384,24.0,23.766069,86.411799
2026-04-24 22:00:00,N05,0.1062,0.006186,1.91,-0.0284,0.000889,22.8,23.766069,86.411799
2026-04-24 23:00:00,N05,-0.0347,0.005726,2.2,-0.03,0.000736,22.1,23.766069,86.411799
2026-04-25 00:00:00,N05,-0.071,0.005886,8.01,-0.0299,0.000273,23.4,23.766069,86.411799
2026-04-25 01:00:00,N05,,,,,,,23.766069,86.411799
2026-04-25 02:00:00,N05,,,,,,,23.766069,86.411799
2026-04-25 03:00:00,N05,,,,,,,23.766069,86.411799
2026-04-25 04:00:00,N05,0.1055,0.006071,6.01,-0.0289,0.000181,27.2,23.766069,86.411799
2026-04-25 05:00:00,N05,-0.0318,0.006267,2.9,-0.0288,0.000175,29.0,23.766069,86.411799
2026-04-25 06:00:00,N05,0.1609,0.005477,8.86,-0.0286,0.000577,30.9,23.766069,86.411799
2026-04-25 07:00:00,N05,-0.0281,0.007599,8.29,-0.03,0.000538,32.8,23.766069,86.411799
2026-04-25 08:00:00,N05,-0.2799,0.005422,1.62,-0.0297,0.003759,34.7,23.766069,86.411799
2026-04-25 09:00:00,N05,0.1507,0.637925,30.34,-0.0225,4.1e-05,36.2,23.766069,86.411799
2026-04-25 10:00:00,N05,-0.0175,0.006212,5.61,-0.0298,0.003241,37.4,23.766069,86.411799
2026-04-25 11:00:00,N05,0.0454,0.011045,8.28,-0.0289,0.000231,38.2,23.766069,86.411799
2026-04-25 12:00:00,N05,0.0187,0.005665,5.51,-0.0293,0.00016,38.4,23.766069,86.411799
2026-04-25 13:00:00,N05,0.2464,0.009498,8.71,-0.0286,0.009369,38.2,23.766069,86.411799
2026-04-25 14:00:00,N05,0.3381,0.547972,17.6,-0.0106,1.5e-05,37.4,23.766069,86.411799
2026-04-25 15:00:00,N05,-0.0263,0.0084,5.76,-0.0286,0.008868,36.2,23.766069,86.411799
2026-04-25 16:00:00,N05,0.015,0.005509,7.12,-0.0283,0.005829,34.7,23.766069,86.411799
2026-04-25 17:00:00,N05,0.0731,0.883706,35.95,-0.0169,0.005639,32.8,23.766069,86.411799
2026-04-25 18:00:00,N05,0.0839,0.733492,30.55,-0.017,0.005797,30.9,23.766069,86.411799
2026-04-25 19:00:00,N05,,,,,,,23.766069,86.411799
2026-04-25 20:00:00,N05,,,,,,,23.766069,86.411799
2026-04-25 21:00:00,N05,,,,,,,23.766069,86.411799
2026-04-25 22:00:00,N05,0.2191,0.006159,9.88,-0.029,0.000249,24.4,23.766069,86.411799
2026-04-25 23:00:00,N05,0.1825,0.006623,3.1,-0.0284,6.1e-05,23.7,23.766069,86.411799
2026-04-26 00:00:00,N05,-0.091,0.005423,3.2,-0.0289,0.000135,24.5,23.766069,86.411799
2026-04-26 01:00:00,N05,-0.2077,0.005534,2.51,-0.0287,0.000148,24.8,23.766069,86.411799
2026-04-26 02:00:00,N05,-0.0729,0.00552,3.1,-0.0292,0.000285,25.5,23.766069,86.411799
2026-04-26 03:00:00,N05,,,,,,,23.766069,86.411799
2026-04-26 04:00:00,N05,-0.1317,0.006903,7.36,-0.0288,2.6e-05,28.2,23.766069,86.411799
2026-04-26 05:00:00,N05,-0.1586,0.006463,5.64,-0.0292,0.000298,30.1,23.766069,86.411799
2026-04-26 06:00:00,N05,,,,,,,23.766069,86.411799
2026-04-26 07:00:00,N05,,,,,,,23.766069,86.411799
2026-04-26 08:00:00,N05,,,,,,,23.766069,86.411799
2026-04-26 09:00:00,N05,,,,,,,23.766069,86.411799
2026-04-26 10:00:00,N05,,,,,,,23.766069,86.411799
2026-04-26 11:00:00,N05,0.1289,0.005744,2.83,-0.027,0.007959,39.2,23.766069,86.411799
2026-04-26 12:00:00,N05,-0.0647,0.897337,43.39,-0.0112,0.008126,39.5,23.766069,86.411799
2026-04-26 13:00:00,N05,,,,,,,23.766069,86.411799
2026-04-26 14:00:00,N05,,,,,,,23.766069,86.411799
2026-04-26 15:00:00,N05,0.2499,0.006835,8.81,-0.0265,6.8e-05,37.3,23.766069,86.411799
2026-04-26 16:00:00,N05,-0.1279,0.005053,9.19,-0.0265,0.010338,35.7,23.766069,86.411799
2026-04-26 17:00:00,N05,-0.1039,0.894208,25.47,-0.0471,0.000463,33.9,23.766069,86.411799
2026-04-26 18:00:00,N05,-0.1079,0.005757,5.51,-0.0256,0.010772,32.0,23.766069,86.411799
2026-04-26 19:00:00,N05,-0.0168,0.007386,2.43,-0.0256,0.000422,30.1,23.766069,86.411799
2026-04-26 20:00:00,N05,-0.0321,0.006082,7.35,-0.0248,6.3e-05,28.2,23.766069,86.411799
2026-04-26 21:00:00,N05,-0.1324,0.007607,2.77,-0.0257,6.6e-05,26.7,23.766069,86.411799
2026-04-26 22:00:00,N05,0.2441,0.005459,1.17,-0.0249,0.000567,25.5,23.766069,86.411799
2026-04-26 23:00:00,N05,-0.171,0.00584,5.15,-0.0246,0.000153,24.8,23.766069,86.411799
2026-04-27 00:00:00,N05,-0.075,0.005279,1.72,-0.0252,0.00022,24.1,23.766069,86.411799
2026-04-27 01:00:00,N05,-0.0978,0.005036,6.64,-0.025,0.000436,24.4,23.766069,86.411799
2026-04-27 02:00:00,N05,,,,,,,23.766069,86.411799
2026-04-27 03:00:00,N05,,,,,,,23.766069,86.411799
2026-04-27 04:00:00,N05,,,,,,,23.766069,86.411799
2026-04-27 05:00:00,N05,,,,,,,23.766069,86.411799
2026-04-27 06:00:00,N05,0.068,0.008135,1.23,-0.0228,6e-05,31.6,23.766069,86.411799
2026-04-27 07:00:00,N05,0.0288,0.00522,9.3,-0.0231,0.00062,33.6,23.766069,86.411799
2026-04-27 08:00:00,N05,0.2335,0.005539,3.69,-0.024,0.000564,35.4,23.766069,86.411799
2026-04-27 09:00:00,N05,-0.0932,0.005536,3.62,-0.0243,0.007332,36.9,23.766069,86.411799
2026-04-27 10:00:00,N05,-0.0163,0.632252,38.01,-0.0093,0.00771,38.1,23.766069,86.411799
2026-04-27 11:00:00,N05,-0.0142,0.892925,39.73,-0.0088,0.007538,38.9,23.766069,86.411799
2026-04-27 12:00:00,N05,-0.1649,0.006987,8.02,-0.0244,0.008008,39.1,23.766069,86.411799
2026-04-27 13:00:00,N05,-0.071,0.00592,5.83,-0.0249,3e-05,38.9,23.766069,86.411799
2026-04-27 14:00:00,N05,,,,,,,23.766069,86.411799
2026-04-27 15:00:00,N05,,,,,,,23.766069,86.411799
2026-04-27 16:00:00,N05,,,,,,,23.766069,86.411799
2026-04-27 17:00:00,N05,,,,,,,23.766069,86.411799
2026-04-27 18:00:00,N05,0.0854,0.006059,4.82,-0.0245,0.000237,31.6,23.766069,86.411799
2026-04-27 19:00:00,N05,,,,,,,23.766069,86.411799
2026-04-27 20:00:00,N05,,,,,,,23.766069,86.411799
2026-04-27 21:00:00,N05,,,,,,,23.766069,86.411799
2026-04-27 22:00:00,N05,-0.1544,0.005966,9.87,-0.025,0.000489,25.1,23.766069,86.411799
2026-04-27 23:00:00,N05,0.2954,0.006092,8.26,-0.0245,0.000325,24.4,23.766069,86.411799
2026-04-28 00:00:00,N05,0.1969,0.00575,4.79,-0.0244,0.000207,26.8,23.766069,86.411799
2026-04-28 01:00:00,N05,-0.1623,0.007411,7.97,-0.0241,0.000159,27.0,23.766069,86.411799
2026-04-28 02:00:00,N05,0.0264,0.008568,9.03,-0.0241,0.000697,27.8,23.766069,86.411799
2026-04-28 03:00:00,N05,-0.1147,0.008384,2.13,-0.0227,0.000586,29.0,23.766069,86.411799
2026-04-28 04:00:00,N05,0.0172,0.007056,3.07,-0.0229,0.000325,30.5,23.766069,86.411799
2026-04-28 05:00:00,N05,,,,,,,23.766069,86.411799
2026-04-28 06:00:00,N05,,,,,,,23.766069,86.411799
2026-04-28 07:00:00,N05,,,,,,,23.766069,86.411799
2026-04-28 08:00:00,N05,,,,,,,23.766069,86.411799
2026-04-28 09:00:00,N05,0.004,0.007104,4.35,-0.0231,0.008121,39.6,23.766069,86.411799
2026-04-28 10:00:00,N05,0.2309,0.006323,4.14,-0.0229,9e-06,40.8,23.766069,86.411799
2026-04-28 11:00:00,N05,0.1635,0.007997,6.94,-0.0231,0.000212,41.5,23.766069,86.411799
2026-04-28 12:00:00,N05,,,,,,,23.766069,86.411799
2026-04-28 13:00:00,N05,,,,,,,23.766069,86.411799
2026-04-28 14:00:00,N05,,,,,,,23.766069,86.411799
2026-04-28 15:00:00,N05,-0.1685,0.007348,6.84,-0.0239,0.00036,39.6,23.766069,86.411799
2026-04-28 16:00:00,N05,,,,,,,23.766069,86.411799
2026-04-28 17:00:00,N05,,,,,,,23.766069,86.411799
2026-04-28 18:00:00,N05,0.1014,0.005023,3.64,-0.0241,0.000219,34.3,23.766069,86.411799
2026-04-28 19:00:00,N05,0.1449,0.006423,7.13,-0.0236,8.7e-05,32.3,23.766069,86.411799
2026-04-28 20:00:00,N05,0.1157,0.005506,7.69,-0.0239,8.4e-05,30.5,23.766069,86.411799
2026-04-28 21:00:00,N05,-0.1973,0.005321,6.33,-0.0238,0.000125,29.0,23.766069,86.411799
2026-04-28 22:00:00,N05,-0.0401,0.005244,4.66,-0.0242,0.000475,27.8,23.766069,86.411799
2026-04-28 23:00:00,N05,0.0102,0.006362,4.1,-0.0248,0.000299,27.0,23.766069,86.411799
2026-04-29 00:00:00,N05,0.1182,0.006958,7.0,-0.0248,0.000149,25.0,23.766069,86.411799
2026-04-29 01:00:00,N05,0.0643,0.007824,6.57,-0.0251,6.9e-05,25.3,23.766069,86.411799
2026-04-29 02:00:00,N05,0.0118,0.005477,7.46,-0.0249,0.000149,26.0,23.766069,86.411799
2026-04-29 03:00:00,N05,0.0097,0.006511,6.75,-0.0254,0.000162,27.2,23.766069,86.411799
2026-04-29 04:00:00,N05,,,,,,,23.766069,86.411799
2026-04-29 05:00:00,N05,,,,,,,23.766069,86.411799
2026-04-29 06:00:00,N05,,,,,,,23.766069,86.411799
2026-04-29 07:00:00,N05,,,,,,,23.766069,86.411799
2026-04-29 08:00:00,N05,,,,,,,23.766069,86.411799
2026-04-29 09:00:00,N05,-0.3108,0.005022,9.4,-0.0246,0.005444,37.8,23.766069,86.411799
2026-04-29 10:00:00,N05,0.134,0.005863,7.99,-0.0244,2.6e-05,39.0,23.766069,86.411799
2026-04-29 11:00:00,N05,0.1658,0.009885,9.77,-0.0247,0.000179,39.7,23.766069,86.411799
2026-04-29 12:00:00,N05,0.3258,0.005151,5.42,-0.0248,0.000132,40.0,23.766069,86.411799
2026-04-29 13:00:00,N05,-0.1104,0.008683,8.6,-0.0249,0.000439,39.7,23.766069,86.411799
2026-04-29 14:00:00,N05,-0.0506,0.009937,4.77,-0.0256,0.000589,39.0,23.766069,86.411799
2026-04-29 15:00:00,N05,0.1341,0.009207,5.52,-0.0261,0.000275,37.8,23.766069,86.411799
2026-04-29 16:00:00,N05,0.0452,0.00626,5.68,-0.0262,0.000116,36.3,23.766069,86.411799
2026-04-29 17:00:00,N05,0.0754,0.005594,9.31,-0.0264,0.000134,34.4,23.766069,86.411799
2026-04-29 18:00:00,N05,-0.2229,0.006803,3.65,-0.0265,8.1e-05,32.5,23.766069,86.411799
2026-04-29 19:00:00,N05,0.0166,0.005481,5.64,-0.0265,7.3e-05,30.6,23.766069,86.411799
2026-04-29 20:00:00,N05,,,,,,,23.766069,86.411799
2026-04-29 21:00:00,N05,,,,,,,23.766069,86.411799
2026-04-29 22:00:00,N05,,,,,,,23.766069,86.411799
2026-04-29 23:00:00,N05,0.0459,0.009487,9.03,-0.0255,0.000168,25.3,23.766069,86.411799
2026-04-30 00:00:00,N05,-0.3887,0.009042,2.89,-0.0258,0.000138,24.0,23.766069,86.411799
2026-04-30 01:00:00,N05,,,,,,,23.766069,86.411799
2026-04-30 02:00:00,N05,,,,,,,23.766069,86.411799
2026-04-30 03:00:00,N05,,,,,,,23.766069,86.411799
2026-04-30 04:00:00,N05,0.098,0.009433,2.23,-0.0254,0.000827,27.8,23.766069,86.411799
2026-04-30 05:00:00,N05,0.0693,0.00708,7.24,-0.0262,0.00053,29.6,23.766069,86.411799
2026-04-30 06:00:00,N05,0.0863,0.006375,8.49,-0.0264,0.002438,31.5,23.766069,86.411799
2026-04-30 07:00:00,N05,-0.1005,0.588286,40.56,-0.0213,0.002577,33.5,23.766069,86.411799
2026-04-30 08:00:00,N05,0.0543,0.574751,31.48,-0.0213,0.004933,35.3,23.766069,86.411799
2026-04-30 09:00:00,N05,-0.1562,0.724173,21.44,-0.0115,0.003775,36.8,23.766069,86.411799
2026-04-30 10:00:00,N05,-0.0288,0.007084,1.25,-0.0288,0.005716,38.0,23.766069,86.411799
2026-04-30 11:00:00,N05,-0.0361,0.563055,46.9,-0.0229,0.002901,38.8,23.766069,86.411799
2026-04-30 12:00:00,N05,0.0888,0.770132,35.17,-0.023,0.00344,39.0,23.766069,86.411799
2026-04-30 13:00:00,N05,0.004,0.007476,1.33,-0.0298,0.003142,38.8,23.766069,86.411799
2026-04-30 14:00:00,N05,-0.1625,0.006112,7.41,-0.0293,0.000281,38.0,23.766069,86.411799
2026-04-30 15:00:00,N05,0.0922,0.006558,5.79,-0.0292,0.000538,36.8,23.766069,86.411799
2026-04-30 16:00:00,N05,0.0752,0.005491,3.26,-0.0282,6.1e-05,35.3,23.766069,86.411799
2026-04-30 17:00:00,N05,-0.1809,0.00621,9.8,-0.0293,0.00031,33.5,23.766069,86.411799
2026-04-30 18:00:00,N05,0.0417,0.00534,2.15,-0.0288,0.000174,31.5,23.766069,86.411799
2026-04-30 19:00:00,N05,-0.1484,0.005303,9.92,-0.029,0.000354,29.6,23.766069,86.411799
2026-04-30 20:00:00,N05,0.1532,0.006983,7.51,-0.0296,0.000271,27.8,23.766069,86.411799
2026-04-30 21:00:00,N05,-0.12,0.006718,9.63,-0.0285,0.000535,26.2,23.766069,86.411799
2026-04-30 22:00:00,N05,0.0587,0.008042,4.93,-0.0285,1e-06,25.0,23.766069,86.411799
2026-04-30 23:00:00,N05,-0.1469,0.00553,5.99,-0.0285,0.000613,24.3,23.766069,86.411799
2026-05-01 00:00:00,N05,0.1737,0.006644,9.81,-0.0297,0.000365,27.4,23.766069,86.411799
2026-05-01 01:00:00,N05,-0.2697,0.008089,6.81,-0.0292,0.000428,27.7,23.766069,86.411799
2026-05-01 02:00:00,N05,-0.0139,0.006906,5.9,-0.0289,6.4e-05,28.4,23.766069,86.411799
2026-05-01 03:00:00,N05,0.1959,0.005034,9.81,-0.0291,0.000338,29.6,23.766069,86.411799
2026-05-01 04:00:00,N05,0.105,0.007637,1.97,-0.0282,9.8e-05,31.2,23.766069,86.411799
2026-05-01 05:00:00,N05,-0.1509,0.005327,6.23,-0.0289,0.00479,33.0,23.766069,86.411799
2026-05-01 06:00:00,N05,-0.0651,0.68114,31.03,-0.0378,0.004479,34.9,23.766069,86.411799
2026-05-01 07:00:00,N05,0.0038,0.767086,19.06,-0.0378,0.00224,36.8,23.766069,86.411799
2026-05-01 08:00:00,N05,-0.1437,0.821863,45.57,-0.0422,0.002083,38.7,23.766069,86.411799
2026-05-01 09:00:00,N05,-0.2322,0.501557,25.04,-0.042,0.006409,40.2,23.766069,86.411799
2026-05-01 10:00:00,N05,0.1039,0.005095,2.7,-0.0294,0.006226,41.4,23.766069,86.411799
2026-05-01 11:00:00,N05,0.102,0.006891,4.08,-0.0295,0.002527,42.2,23.766069,86.411799
2026-05-01 12:00:00,N05,,,,,,,23.766069,86.411799
2026-05-01 13:00:00,N05,0.0154,0.00564,2.61,-0.0305,0.003163,42.2,23.766069,86.411799
2026-05-01 14:00:00,N05,-0.2017,0.007088,7.24,-0.0307,0.000451,41.4,23.766069,86.411799
2026-05-01 15:00:00,N05,0.0779,0.005812,8.86,-0.0296,0.000298,40.2,23.766069,86.411799
2026-05-01 16:00:00,N05,0.247,0.006274,4.06,-0.0301,8.4e-05,38.7,23.766069,86.411799
2026-05-01 17:00:00,N05,-0.1739,0.006473,9.68,-0.0294,0.000249,36.8,23.766069,86.411799
2026-05-01 18:00:00,N05,,,,,,,23.766069,86.411799
2026-05-01 19:00:00,N05,0.0111,0.005349,3.1,-0.0288,0.000151,33.0,23.766069,86.411799
2026-05-01 20:00:00,N05,0.0442,0.005449,1.01,-0.0293,0.000195,31.2,23.766069,86.411799
2026-05-01 21:00:00,N05,,,,,,,23.766069,86.411799
2026-05-01 22:00:00,N05,-0.1275,0.005334,4.08,-0.0295,8e-06,28.4,23.766069,86.411799
2026-05-01 23:00:00,N05,0.1606,0.006296,1.31,-0.0292,7.8e-05,27.7,23.766069,86.411799
2026-05-02 00:00:00,N05,-0.0605,0.007272,6.67,-0.0297,0.000229,25.4,23.766069,86.411799
2026-05-02 01:00:00,N05,0.1784,0.005496,2.1,-0.0288,0.000738,25.6,23.766069,86.411799
2026-05-02 02:00:00,N05,-0.1625,0.007304,4.51,-0.0282,0.000506,26.4,23.766069,86.411799
2026-05-02 03:00:00,N05,-0.0881,0.009771,2.14,-0.0277,0.000359,27.6,23.766069,86.411799
2026-05-02 04:00:00,N05,-0.0058,0.006099,1.24,-0.0275,0.000108,29.1,23.766069,86.411799
2026-05-02 05:00:00,N05,-0.1163,0.006866,7.31,-0.0275,0.000151,31.0,23.766069,86.411799
2026-05-02 06:00:00,N05,0.028,0.006025,5.15,-0.0278,0.000158,32.9,23.766069,86.411799
2026-05-02 07:00:00,N05,-0.2463,0.005442,6.96,-0.0278,0.000252,34.8,23.766069,86.411799
2026-05-02 08:00:00,N05,-0.3215,0.005307,2.97,-0.0283,0.000105,36.6,23.766069,86.411799
2026-05-02 09:00:00,N05,0.3301,0.005383,5.18,-0.0281,0.000645,38.2,23.766069,86.411799
2026-05-02 10:00:00,N05,0.3076,0.005379,7.1,-0.027,0.000442,39.4,23.766069,86.411799
2026-05-02 11:00:00,N05,0.0736,0.005727,3.03,-0.0272,0.009015,40.1,23.766069,86.411799
2026-05-02 12:00:00,N05,-0.105,0.744071,21.6,-0.009,2e-05,40.4,23.766069,86.411799
2026-05-02 13:00:00,N05,,,,,,,23.766069,86.411799
2026-05-02 14:00:00,N05,,,,,,,23.766069,86.411799
2026-05-02 15:00:00,N05,,,,,,,23.766069,86.411799
2026-05-02 16:00:00,N05,-0.0088,0.005293,8.07,-0.0258,0.00011,36.6,23.766069,86.411799
2026-05-02 17:00:00,N05,0.1135,0.009657,6.6,-0.0261,0.000358,34.8,23.766069,86.411799
2026-05-02 18:00:00,N05,-0.1444,0.005701,6.16,-0.0265,0.000598,32.9,23.766069,86.411799
2026-05-02 19:00:00,N05,0.0976,0.007346,8.77,-0.0273,0.000359,31.0,23.766069,86.411799
2026-05-02 20:00:00,N05,-0.088,0.006475,9.13,-0.0272,2.7e-05,29.1,23.766069,86.411799
2026-05-02 21:00:00,N05,-0.0704,0.005739,7.3,-0.0273,4.2e-05,27.6,23.766069,86.411799
2026-05-02 22:00:00,N05,-0.0824,0.005911,1.76,-0.0273,0.000502,26.4,23.766069,86.411799
2026-05-02 23:00:00,N05,-0.1086,0.006079,5.21,-0.0263,0.000428,25.6,23.766069,86.411799
2026-05-03 00:00:00,N05,0.0216,0.007359,5.76,-0.0265,0.000335,24.3,23.766069,86.411799
2026-05-03 01:00:00,N05,-0.1148,0.008605,4.87,-0.0269,0.000189,24.6,23.766069,86.411799
2026-05-03 02:00:00,N05,-0.0928,0.006644,6.5,-0.0261,0.000394,25.3,23.766069,86.411799
2026-05-03 03:00:00,N05,-0.0414,0.005194,6.91,-0.0262,0.000358,26.5,23.766069,86.411799
2026-05-03 04:00:00,N05,0.0276,0.005668,2.69,-0.0268,0.000481,28.1,23.766069,86.411799
2026-05-03 05:00:00,N05,-0.0009,0.005332,6.35,-0.0271,1e-06,29.9,23.766069,86.411799
2026-05-03 06:00:00,N05,0.0824,0.005964,1.03,-0.0268,9.7e-05,31.8,23.766069,86.411799
2026-05-03 07:00:00,N05,0.0235,0.005225,1.51,-0.0273,0.000162,33.8,23.766069,86.411799
2026-05-03 08:00:00,N05,0.0108,0.00768,3.35,-0.0271,0.000138,35.6,23.766069,86.411799
2026-05-03 09:00:00,N05,,,,,,,23.766069,86.411799
2026-05-03 10:00:00,N05,,,,,,,23.766069,86.411799
2026-05-03 11:00:00,N05,,,,,,,23.766069,86.411799
2026-05-03 12:00:00,N05,,,,,,,23.766069,86.411799
2026-05-03 13:00:00,N05,,,,,,,23.766069,86.411799
2026-05-03 14:00:00,N05,-0.0191,0.954537,40.69,-0.0143,0.006351,38.3,23.766069,86.411799
2026-05-03 15:00:00,N05,0.0592,0.007842,2.48,-0.0277,0.006621,37.1,23.766069,86.411799
2026-05-03 16:00:00,N05,0.0459,0.008042,5.69,-0.0276,0.004976,35.6,23.766069,86.411799
2026-05-03 17:00:00,N05,0.0693,0.677521,19.83,-0.0376,0.004945,33.8,23.766069,86.411799
2026-05-03 18:00:00,N05,-0.0736,0.813317,24.72,-0.0375,0.004509,31.8,23.766069,86.411799
2026-05-03 19:00:00,N05,-0.0614,0.005301,3.03,-0.0286,0.004555,29.9,23.766069,86.411799
2026-05-03 20:00:00,N05,0.073,0.006204,9.53,-0.0284,0.00048,28.1,23.766069,86.411799
2026-05-03 21:00:00,N05,0.0327,0.006231,4.93,-0.0277,0.000521,26.5,23.766069,86.411799
2026-05-03 22:00:00,N05,-0.089,0.005132,5.36,-0.0273,0.000129,25.3,23.766069,86.411799
2026-05-03 23:00:00,N05,0.2418,0.006785,6.69,-0.0279,0.000674,24.6,23.766069,86.411799
2026-05-04 00:00:00,N05,0.0049,0.007191,2.26,-0.0287,0.000654,23.4,23.766069,86.411799
2026-05-04 01:00:00,N05,-0.1461,0.007861,6.54,-0.0292,0.000103,23.7,23.766069,86.411799
2026-05-04 02:00:00,N05,0.1668,0.008743,6.66,-0.0285,0.000463,24.4,23.766069,86.411799
2026-05-04 03:00:00,N05,-0.1029,0.007688,4.09,-0.0283,0.000524,25.6,23.766069,86.411799
2026-05-04 04:00:00,N05,0.0147,0.006547,8.91,-0.0274,0.000465,27.2,23.766069,86.411799
2026-05-04 05:00:00,N05,-0.1811,0.007106,6.79,-0.0274,0.005075,29.0,23.766069,86.411799
2026-05-04 06:00:00,N05,0.0959,0.641936,24.29,-0.0173,0.005268,30.9,23.766069,86.411799
2026-05-04 07:00:00,N05,0.3359,0.73608,47.3,-0.0168,0.00486,32.8,23.766069,86.411799
2026-05-04 08:00:00,N05,-0.0894,0.006255,4.83,-0.027,0.00537,34.7,23.766069,86.411799
2026-05-04 09:00:00,N05,-0.0492,0.005923,9.06,-0.0276,0.000119,36.2,23.766069,86.411799
2026-05-04 10:00:00,N05,0.0028,0.007151,9.39,-0.0272,0.000719,37.4,23.766069,86.411799
2026-05-04 11:00:00,N05,0.0101,0.005619,9.4,-0.0261,0.000351,38.2,23.766069,86.411799
2026-05-04 12:00:00,N05,-0.0354,0.005083,3.56,-0.0265,4.6e-05,38.4,23.766069,86.411799
2026-05-04 13:00:00,N05,0.0448,0.008563,2.9,-0.0262,0.003422,38.2,23.766069,86.411799
2026-05-04 14:00:00,N05,-0.0583,0.896809,28.39,-0.0334,0.006333,37.4,23.766069,86.411799
2026-05-04 15:00:00,N05,0.1983,0.959752,46.85,-0.0389,0.00345,36.2,23.766069,86.411799
2026-05-04 16:00:00,N05,-0.1326,0.007195,7.58,-0.0265,0.006664,34.7,23.766069,86.411799
2026-05-04 17:00:00,N05,0.1063,0.007332,4.38,-0.0256,0.00038,32.8,23.766069,86.411799
2026-05-04 18:00:00,N05,0.1741,0.006365,6.76,-0.0257,0.000153,30.9,23.766069,86.411799
2026-05-04 19:00:00,N05,-0.0485,0.006985,8.51,-0.0253,8.5e-05,29.0,23.766069,86.411799
2026-05-04 20:00:00,N05,,,,,,,23.766069,86.411799
2026-05-04 21:00:00,N05,,,,,,,23.766069,86.411799
2026-05-04 22:00:00,N05,,,,,,,23.766069,86.411799
2026-05-04 23:00:00,N05,-0.1228,0.007846,8.18,-0.0258,4.5e-05,23.7,23.766069,86.411799
2026-05-05 00:00:00,N05,-0.0309,0.006877,7.63,-0.026,0.000407,24.6,23.766069,86.411799
2026-05-05 01:00:00,N05,-0.1138,0.007817,4.95,-0.0266,0.000741,24.9,23.766069,86.411799
2026-05-05 02:00:00,N05,0.0554,0.006192,5.52,-0.0275,0.000561,25.6,23.766069,86.411799
2026-05-05 03:00:00,N05,0.0349,0.006159,5.14,-0.0277,0.000475,26.8,23.766069,86.411799
2026-05-05 04:00:00,N05,-0.0852,0.008462,9.29,-0.0285,0.000477,28.4,23.766069,86.411799
2026-05-05 05:00:00,N05,0.1179,0.00719,5.89,-0.0287,2.8e-05,30.2,23.766069,86.411799
2026-05-05 06:00:00,N05,-0.0217,0.008639,2.5,-0.0284,0.0032,32.1,23.766069,86.411799
2026-05-05 07:00:00,N05,0.1991,0.984502,40.65,-0.0223,3.4e-05,34.1,23.766069,86.411799
2026-05-05 08:00:00,N05,0.2414,0.00579,7.79,-0.0285,0.002744,35.9,23.766069,86.411799
2026-05-05 09:00:00,N05,-0.0964,0.006833,6.83,-0.0278,0.000156,37.4,23.766069,86.411799
2026-05-05 10:00:00,N05,0.1416,0.007255,3.55,-0.0288,0.000315,38.6,23.766069,86.411799
2026-05-05 11:00:00,N05,-0.0132,0.007604,5.48,-0.0284,0.000282,39.4,23.766069,86.411799
2026-05-05 12:00:00,N05,-0.1585,0.006,5.54,-0.0294,0.000554,39.6,23.766069,86.411799
2026-05-05 13:00:00,N05,0.1802,0.005459,3.73,-0.0295,6.6e-05,39.4,23.766069,86.411799
2026-05-05 14:00:00,N05,0.0039,0.006592,7.1,-0.0295,5e-05,38.6,23.766069,86.411799
2026-05-05 15:00:00,N05,,,,,,,23.766069,86.411799
2026-05-05 16:00:00,N05,,,,,,,23.766069,86.411799
2026-05-05 17:00:00,N05,0.0446,0.005745,8.96,-0.0296,0.000339,34.1,23.766069,86.411799
2026-05-05 18:00:00,N05,-0.3053,0.006667,9.83,-0.0294,6.7e-05,32.1,23.766069,86.411799
2026-05-05 19:00:00,N05,0.2058,0.006447,6.89,-0.0295,0.000348,30.2,23.766069,86.411799
2026-05-05 20:00:00,N05,0.2281,0.006557,1.92,-0.0301,0.000334,28.4,23.766069,86.411799
2026-05-05 21:00:00,N05,0.0357,0.006905,5.22,-0.0302,0.0006,26.8,23.766069,86.411799
2026-05-05 22:00:00,N05,,,,,,,23.766069,86.411799
2026-05-05 23:00:00,N05,,,,,,,23.766069,86.411799
2026-05-06 00:00:00,N05,0.1719,0.005611,2.09,-0.0322,0.00027,25.4,23.766069,86.411799
2026-05-06 01:00:00,N05,,,,,,,23.766069,86.411799
2026-05-06 02:00:00,N05,,,,,,,23.766069,86.411799
2026-05-06 03:00:00,N05,,,,,,,23.766069,86.411799
2026-05-06 04:00:00,N05,0.0679,0.007734,8.14,-0.0314,8.7e-05,29.1,23.766069,86.411799
2026-05-06 05:00:00,N05,-0.2126,0.007388,8.21,-0.0321,0.00047,30.9,23.766069,86.411799
2026-05-06 06:00:00,N05,0.0606,0.007641,2.37,-0.0324,0.000325,32.9,23.766069,86.411799
2026-05-06 07:00:00,N05,-0.2189,0.00552,1.35,-0.0328,0.008678,34.8,23.766069,86.411799
2026-05-06 08:00:00,N05,0.0108,0.760521,31.57,-0.015,0.000423,36.6,23.766069,86.411799
2026-05-06 09:00:00,N05,-0.1296,0.606321,30.52,-0.0319,0.00933,38.2,23.766069,86.411799
2026-05-06 10:00:00,N05,-0.089,0.005906,2.3,-0.0337,0.000959,39.4,23.766069,86.411799
2026-05-06 11:00:00,N05,-0.1023,0.006069,8.19,-0.0338,0.000315,40.1,23.766069,86.411799
2026-05-06 12:00:00,N05,-0.0734,0.00735,1.99,-0.0343,0.009698,40.4,23.766069,86.411799
2026-05-06 13:00:00,N05,0.0694,0.832006,45.99,-0.0532,0.000342,40.1,23.766069,86.411799
2026-05-06 14:00:00,N05,0.1777,0.005851,7.41,-0.035,0.009131,39.4,23.766069,86.411799
2026-05-06 15:00:00,N05,0.287,0.006274,3.03,-0.035,0.000118,38.2,23.766069,86.411799
2026-05-06 16:00:00,N05,-0.0563,0.00632,7.73,-0.0348,0.000152,36.6,23.766069,86.411799
2026-05-06 17:00:00,N05,0.0503,0.008619,4.82,-0.0347,0.000456,34.8,23.766069,86.411799
2026-05-06 18:00:00,N05,0.1761,0.00673,7.36,-0.0339,0.000881,32.9,23.766069,86.411799
2026-05-06 19:00:00,N05,-0.1248,0.00517,4.04,-0.0329,0.00066,30.9,23.766069,86.411799
2026-05-06 20:00:00,N05,0.2962,0.005361,2.1,-0.0325,7.1e-05,29.1,23.766069,86.411799
2026-05-06 21:00:00,N05,-0.0196,0.006771,5.45,-0.0331,0.00031,27.6,23.766069,86.411799
2026-05-06 22:00:00,N05,,,,,,,23.766069,86.411799
2026-05-06 23:00:00,N05,,,,,,,23.766069,86.411799
2026-05-07 00:00:00,N05,-0.0731,0.00668,4.1,-0.0339,0.000387,24.8,23.766069,86.411799
2026-05-07 01:00:00,N05,0.0214,0.006824,8.5,-0.0341,4.2e-05,25.1,23.766069,86.411799
2026-05-07 02:00:00,N05,-0.0297,0.006846,5.93,-0.0338,0.00019,25.8,23.766069,86.411799
2026-05-07 03:00:00,N05,0.1136,0.006365,1.48,-0.0337,0.000106,27.0,23.766069,86.411799
2026-05-07 04:00:00,N05,0.0013,0.007526,3.07,-0.0336,8.4e-05,28.6,23.766069,86.411799
2026-05-07 05:00:00,N05,-0.0797,0.005495,2.56,-0.0339,0.000382,30.4,23.766069,86.411799
2026-05-07 06:00:00,N05,-0.0628,0.007463,4.18,-0.0344,0.000513,32.3,23.766069,86.411799
2026-05-07 07:00:00,N05,-0.1419,0.005357,1.65,-0.0349,0.000156,34.3,23.766069,86.411799
2026-05-07 08:00:00,N05,0.0068,0.00515,2.64,-0.0341,0.008091,36.1,23.766069,86.411799
2026-05-07 09:00:00,N05,-0.2024,0.727468,19.81,-0.0511,0.008794,37.6,23.766069,86.411799
2026-05-07 10:00:00,N05,-0.3046,0.666439,42.94,-0.0517,0.008116,38.8,23.766069,86.411799
2026-05-07 11:00:00,N05,0.0594,0.006286,3.02,-0.0349,0.008618,39.6,23.766069,86.411799
2026-05-07 12:00:00,N05,-0.1127,0.005107,2.09,-0.0344,0.000484,39.8,23.766069,86.411799
2026-05-07 13:00:00,N05,,,,,,,23.766069,86.411799
2026-05-07 14:00:00,N05,,,,,,,23.766069,86.411799
2026-05-07 15:00:00,N05,,,,,,,23.766069,86.411799
2026-05-07 16:00:00,N05,0.0691,0.902072,26.91,-0.0266,0.008542,36.1,23.766069,86.411799
2026-05-07 17:00:00,N05,-0.0511,0.00505,4.34,-0.0338,0.003686,34.3,23.766069,86.411799
2026-05-07 18:00:00,N05,0.1464,0.008336,8.76,-0.034,7.7e-05,32.3,23.766069,86.411799
2026-05-07 19:00:00,N05,0.2933,0.005182,2.19,-0.0337,0.000258,30.4,23.766069,86.411799
2026-05-07 20:00:00,N05,0.1331,0.007959,5.18,-0.0345,0.000513,28.6,23.766069,86.411799
2026-05-07 21:00:00,N05,-0.0489,0.005496,2.4,-0.0347,0.000101,27.0,23.766069,86.411799
2026-05-07 22:00:00,N05,,,,,,,23.766069,86.411799
2026-05-07 23:00:00,N05,,,,,,,23.766069,86.411799
2026-05-08 00:00:00,N05,,,,,,,23.766069,86.411799
2026-05-08 01:00:00,N05,,,,,,,23.766069,86.411799
2026-05-08 02:00:00,N05,,,,,,,23.766069,86.411799
2026-05-08 03:00:00,N05,0.1084,0.006167,7.07,-0.0321,0.00029,27.6,23.766069,86.411799
2026-05-08 04:00:00,N05,-0.2421,0.00723,2.53,-0.0315,2.8e-05,29.2,23.766069,86.411799
2026-05-08 05:00:00,N05,-0.0645,0.007311,9.27,-0.0321,0.000631,31.0,23.766069,86.411799
2026-05-08 06:00:00,N05,-0.0068,0.005559,4.07,-0.0327,0.000476,32.9,23.766069,86.411799
2026-05-08 07:00:00,N05,0.2324,0.006498,2.03,-0.033,0.000105,34.9,23.766069,86.411799
2026-05-08 08:00:00,N05,0.2296,0.005497,2.65,-0.0325,0.000454,36.7,23.766069,86.411799
2026-05-08 09:00:00,N05,0.1085,0.005985,8.13,-0.0321,0.000422,38.2,23.766069,86.411799
2026-05-08 10:00:00,N05,-0.0801,0.006429,1.96,-0.0317,1e-05,39.4,23.766069,86.411799
2026-05-08 11:00:00,N05,,,,,,,23.766069,86.411799
2026-05-08 12:00:00,N05,0.1556,0.008143,4.13,-0.0322,0.000242,40.4,23.766069,86.411799
2026-05-08 13:00:00,N05,-0.091,0.005558,4.63,-0.0316,8.3e-05,40.2,23.766069,86.411799
2026-05-08 14:00:00,N05,-0.1297,0.005046,3.8,-0.032,0.000219,39.4,23.766069,86.411799
2026-05-08 15:00:00,N05,-0.2064,0.008665,4.85,-0.032,0.000346,38.2,23.766069,86.411799
2026-05-08 16:00:00,N05,0.0506,0.006663,6.6,-0.0313,0.007064,36.7,23.766069,86.411799
2026-05-08 17:00:00,N05,0.0593,0.528147,47.51,-0.0462,7.3e-05,34.9,23.766069,86.411799
2026-05-08 18:00:00,N05,0.173,0.006001,1.37,-0.0312,0.007777,32.9,23.766069,86.411799
2026-05-08 19:00:00,N05,,,,,,,23.766069,86.411799
2026-05-08 20:00:00,N05,,,,,,,23.766069,86.411799
2026-05-08 21:00:00,N05,0.0936,0.006953,8.37,-0.0307,0.000141,27.6,23.766069,86.411799
2026-05-08 22:00:00,N05,-0.0999,0.00946,7.34,-0.0304,4e-06,26.4,23.766069,86.411799
2026-05-08 23:00:00,N05,,,,,,,23.766069,86.411799
2026-05-09 00:00:00,N05,,,,,,,23.766069,86.411799
2026-05-09 01:00:00,N05,-0.0188,0.007547,2.89,-0.031,0.0001,25.0,23.766069,86.411799
2026-05-09 02:00:00,N05,-0.2737,0.005137,6.03,-0.0307,1e-06,25.8,23.766069,86.411799
2026-05-09 03:00:00,N05,-0.2085,0.008392,6.94,-0.031,0.000361,27.0,23.766069,86.411799
2026-05-09 04:00:00,N05,0.1937,0.007793,3.77,-0.0314,0.00015,28.5,23.766069,86.411799
2026-05-09 05:00:00,N05,0.0894,0.005028,8.03,-0.0313,0.008356,30.3,23.766069,86.411799
2026-05-09 06:00:00,N05,0.0147,0.80008,27.3,-0.0481,0.000252,32.3,23.766069,86.411799
2026-05-09 07:00:00,N05,-0.0995,0.006647,1.58,-0.0308,0.008766,34.2,23.766069,86.411799
2026-05-09 08:00:00,N05,-0.1428,0.005794,5.2,-0.0306,2e-05,36.0,23.766069,86.411799
2026-05-09 09:00:00,N05,0.032,0.007263,9.44,-0.0308,1.4e-05,37.6,23.766069,86.411799
2026-05-09 10:00:00,N05,-0.0789,0.006155,4.75,-0.0306,0.000478,38.8,23.766069,86.411799
2026-05-09 11:00:00,N05,0.1837,0.009728,4.05,-0.0299,0.000428,39.5,23.766069,86.411799
2026-05-09 12:00:00,N05,-0.1222,0.007128,5.81,-0.0297,7.5e-05,39.8,23.766069,86.411799
2026-05-09 13:00:00,N05,-0.2105,0.005023,3.56,-0.0297,0.000275,39.5,23.766069,86.411799
2026-05-09 14:00:00,N05,-0.103,0.006049,8.61,-0.0292,0.000251,38.8,23.766069,86.411799
2026-05-09 15:00:00,N05,-0.1726,0.006955,3.0,-0.0292,0.000101,37.6,23.766069,86.411799
2026-05-09 16:00:00,N05,-0.1459,0.008037,2.02,-0.029,0.000253,36.0,23.766069,86.411799
2026-05-09 17:00:00,N05,0.0942,0.010088,7.86,-0.0287,0.000127,34.2,23.766069,86.411799
2026-05-09 18:00:00,N05,0.0375,0.006582,8.88,-0.0292,2e-06,32.3,23.766069,86.411799
2026-05-09 19:00:00,N05,0.0079,0.006694,8.38,-0.0287,0.000257,30.3,23.766069,86.411799
2026-05-09 20:00:00,N05,-0.0559,0.00666,5.79,-0.0287,0.000481,28.5,23.766069,86.411799
2026-05-09 21:00:00,N05,-0.2199,0.007828,1.22,-0.0278,0.001053,27.0,23.766069,86.411799
2026-05-09 22:00:00,N05,,,,,,,23.766069,86.411799
2026-05-09 23:00:00,N05,,,,,,,23.766069,86.411799
2026-05-10 00:00:00,N05,,,,,,,23.766069,86.411799
2026-05-10 01:00:00,N05,,,,,,,23.766069,86.411799
2026-05-10 02:00:00,N05,,,,,,,23.766069,86.411799
2026-05-10 03:00:00,N05,-0.0463,0.008772,1.04,-0.0274,0.000135,29.9,23.766069,86.411799
2026-05-10 04:00:00,N05,,,,,,,23.766069,86.411799
2026-05-10 05:00:00,N05,0.0705,0.006259,6.63,-0.0273,0.000493,33.3,23.766069,86.411799
2026-05-10 06:00:00,N05,,,,,,,23.766069,86.411799
2026-05-10 07:00:00,N05,,,,,,,23.766069,86.411799
2026-05-10 08:00:00,N05,,,,,,,23.766069,86.411799
2026-05-10 09:00:00,N05,,,,,,,23.766069,86.411799
2026-05-10 10:00:00,N05,-0.2106,0.00646,5.94,-0.0285,0.000153,41.7,23.766069,86.411799
2026-05-10 11:00:00,N05,0.0545,0.00536,1.67,-0.0286,0.0001,42.5,23.766069,86.411799
2026-05-10 12:00:00,N05,-0.0135,0.005314,4.96,-0.0287,0.000222,42.7,23.766069,86.411799
2026-05-10 13:00:00,N05,0.2236,0.005347,7.51,-0.029,0.000257,42.5,23.766069,86.411799
2026-05-10 14:00:00,N05,0.009,0.007473,6.21,-0.0292,9.4e-05,41.7,23.766069,86.411799
2026-05-10 15:00:00,N05,0.0499,0.005174,2.34,-0.0292,0.008204,40.5,23.766069,86.411799
2026-05-10 16:00:00,N05,-0.1935,0.880372,32.96,-0.0128,0.008415,39.0,23.766069,86.411799
2026-05-10 17:00:00,N05,-0.0208,0.761763,42.23,-0.0124,0.007909,37.2,23.766069,86.411799
2026-05-10 18:00:00,N05,-0.3687,0.005279,8.85,-0.0286,0.007557,35.2,23.766069,86.411799
2026-05-10 19:00:00,N05,-0.2235,0.005232,7.24,-0.0275,0.000498,33.3,23.766069,86.411799
2026-05-10 20:00:00,N05,-0.1612,0.005075,1.88,-0.0276,7.8e-05,31.5,23.766069,86.411799
2026-05-10 21:00:00,N05,0.0226,0.006071,4.95,-0.0274,0.000385,29.9,23.766069,86.411799
2026-05-10 22:00:00,N05,-0.0747,0.006704,6.36,-0.0284,0.000475,28.7,23.766069,86.411799
2026-05-10 23:00:00,N05,0.2438,0.005525,5.56,-0.0283,0.000226,28.0,23.766069,86.411799
2026-05-11 00:00:00,N05,0.0802,0.006953,6.4,-0.0289,0.000236,26.0,23.766069,86.411799
2026-05-11 01:00:00,N05,-0.1664,0.006916,1.82,-0.0288,2.6e-05,26.3,23.766069,86.411799
2026-05-11 02:00:00,N05,-0.0918,0.007427,5.98,-0.0289,0.000232,27.0,23.766069,86.411799
2026-05-11 03:00:00,N05,-0.0297,0.006107,3.71,-0.0292,0.000524,28.2,23.766069,86.411799
2026-05-11 04:00:00,N05,-0.0854,0.007729,5.19,-0.03,0.00027,29.7,23.766069,86.411799
2026-05-11 05:00:00,N05,0.018,0.009144,6.05,-0.0298,0.000101,31.6,23.766069,86.411799
2026-05-11 06:00:00,N05,-0.0085,0.005965,5.72,-0.0302,0.000127,33.5,23.766069,86.411799
2026-05-11 07:00:00,N05,-0.0241,0.006797,7.81,-0.03,0.000282,35.4,23.766069,86.411799
2026-05-11 08:00:00,N05,0.2046,0.006807,8.91,-0.0296,0.000299,37.2,23.766069,86.411799
2026-05-11 09:00:00,N05,0.1027,0.006385,9.58,-0.0294,0.00037,38.8,23.766069,86.411799
2026-05-11 10:00:00,N05,-0.0081,0.006259,1.16,-0.0289,0.000319,40.0,23.766069,86.411799
2026-05-11 11:00:00,N05,0.0901,0.006137,4.85,-0.0288,0.008364,40.7,23.766069,86.411799
2026-05-11 12:00:00,N05,0.0543,0.842041,19.01,-0.0121,0.000291,41.0,23.766069,86.411799
2026-05-11 13:00:00,N05,0.0892,0.008365,2.36,-0.0294,0.016694,40.7,23.766069,86.411799
2026-05-11 14:00:00,N05,0.0266,0.748835,39.61,-0.0455,0.000435,40.0,23.766069,86.411799
2026-05-11 15:00:00,N05,0.0132,0.010162,2.02,-0.0303,0.007702,38.8,23.766069,86.411799
2026-05-11 16:00:00,N05,0.0413,0.005194,6.94,-0.0301,0.000554,37.2,23.766069,86.411799
2026-05-11 17:00:00,N05,-0.1704,0.00559,5.75,-0.0291,0.000434,35.4,23.766069,86.411799
2026-05-11 18:00:00,N05,-0.2206,0.007207,6.43,-0.0292,3.3e-05,33.5,23.766069,86.411799
2026-05-11 19:00:00,N05,-0.0782,0.005349,3.85,-0.0292,6.3e-05,31.6,23.766069,86.411799
2026-05-11 20:00:00,N05,-0.3863,0.0053,9.8,-0.0294,0.000113,29.7,23.766069,86.411799
2026-05-11 21:00:00,N05,0.0838,0.008288,5.2,-0.029,7.1e-05,28.2,23.766069,86.411799
2026-05-11 22:00:00,N05,-0.0522,0.006198,7.42,-0.0295,0.000149,27.0,23.766069,86.411799
2026-05-11 23:00:00,N05,0.1564,0.009396,4.06,-0.0293,0.000231,26.3,23.766069,86.411799
2026-05-12 00:00:00,N05,0.0022,0.007579,2.81,-0.0291,0.000273,27.2,23.766069,86.411799
2026-05-12 01:00:00,N05,0.0417,0.005089,6.7,-0.0287,0.000108,27.5,23.766069,86.411799
2026-05-12 02:00:00,N05,-0.0002,0.009139,5.58,-0.0288,0.00015,28.2,23.766069,86.411799
2026-05-12 03:00:00,N05,0.0731,0.006091,8.94,-0.029,0.000287,29.4,23.766069,86.411799
2026-05-12 04:00:00,N05,-0.0552,0.006368,9.98,-0.0283,0.000372,31.0,23.766069,86.411799
2026-05-12 05:00:00,N05,0.1496,0.006755,1.22,-0.0283,0.000453,32.8,23.766069,86.411799
2026-05-12 06:00:00,N05,-0.1599,0.006128,4.3,-0.0274,0.000242,34.7,23.766069,86.411799
2026-05-12 07:00:00,N05,-0.0911,0.602298,38.71,-0.0278,0.004929,36.7,23.766069,86.411799
2026-05-12 08:00:00,N05,-0.0734,0.924182,19.96,-0.0175,0.000403,38.5,23.766069,86.411799
2026-05-12 09:00:00,N05,0.1006,0.006655,9.46,-0.027,0.004129,40.0,23.766069,86.411799
2026-05-12 10:00:00,N05,,,,,,,23.766069,86.411799
2026-05-12 11:00:00,N05,,,,,,,23.766069,86.411799
2026-05-12 12:00:00,N05,,,,,,,23.766069,86.411799
2026-05-12 13:00:00,N05,-0.0765,0.629217,43.47,-0.0345,0.004073,42.0,23.766069,86.411799
2026-05-12 14:00:00,N05,0.3511,0.569734,31.33,-0.0337,0.004875,41.2,23.766069,86.411799
2026-05-12 15:00:00,N05,-0.0427,0.005177,7.53,-0.0248,0.004506,40.0,23.766069,86.411799
2026-05-12 16:00:00,N05,-0.1986,0.005368,6.42,-0.0247,1.3e-05,38.5,23.766069,86.411799
2026-05-12 17:00:00,N05,,,,,,,23.766069,86.411799
2026-05-12 18:00:00,N05,-0.1166,0.006027,1.88,-0.0245,0.000177,34.7,23.766069,86.411799
2026-05-12 19:00:00,N05,-0.0539,0.00808,7.38,-0.0252,4.6e-05,32.8,23.766069,86.411799
2026-05-12 20:00:00,N05,-0.0223,0.006999,6.02,-0.0246,0.00039,31.0,23.766069,86.411799
2026-05-12 21:00:00,N05,0.4376,0.005391,8.04,-0.0244,0.000251,29.4,23.766069,86.411799
2026-05-12 22:00:00,N05,-0.0366,0.007163,6.43,-0.0241,0.000147,28.2,23.766069,86.411799
2026-05-12 23:00:00,N05,-0.0976,0.005073,1.71,-0.0241,0.000224,27.5,23.766069,86.411799
2026-05-13 00:00:00,N05,0.119,0.007061,6.83,-0.0237,0.0002,25.5,23.766069,86.411799
2026-05-13 01:00:00,N05,-0.4286,0.007718,6.97,-0.0237,9.9e-05,25.7,23.766069,86.411799
2026-05-13 02:00:00,N05,0.19,0.007671,5.6,-0.0235,0.000261,26.5,23.766069,86.411799
2026-05-13 03:00:00,N05,0.186,0.006694,5.44,-0.0232,4.1e-05,27.7,23.766069,86.411799
2026-05-13 04:00:00,N05,0.3234,0.005847,9.21,-0.0234,5.6e-05,29.2,23.766069,86.411799
2026-05-13 05:00:00,N05,0.0231,0.00528,1.31,-0.0233,8.3e-05,31.0,23.766069,86.411799
2026-05-13 06:00:00,N05,-0.0266,0.005837,7.85,-0.0232,0.000116,33.0,23.766069,86.411799
2026-05-13 07:00:00,N05,-0.055,0.005766,2.67,-0.0235,0.000372,34.9,23.766069,86.411799
2026-05-13 08:00:00,N05,-0.042,0.007381,9.86,-0.024,0.008428,36.7,23.766069,86.411799
2026-05-13 09:00:00,N05,-0.1366,0.899624,46.15,-0.0066,0.000161,38.3,23.766069,86.411799
2026-05-13 10:00:00,N05,-0.2281,0.005494,9.33,-0.0243,0.009172,39.5,23.766069,86.411799
2026-05-13 11:00:00,N05,0.1642,0.005584,6.72,-0.025,0.00049,40.2,23.766069,86.411799
2026-05-13 12:00:00,N05,0.1784,0.007214,5.78,-0.0253,0.000214,40.5,23.766069,86.411799
2026-05-13 13:00:00,N05,0.0658,0.005784,1.47,-0.0254,0.006787,40.2,23.766069,86.411799
2026-05-13 14:00:00,N05,0.1728,0.66447,15.74,-0.0388,0.006592,39.5,23.766069,86.411799
2026-05-13 15:00:00,N05,0.0027,0.55979,22.3,-0.0386,0.001901,38.3,23.766069,86.411799
2026-05-13 16:00:00,N05,0.2291,0.664807,27.22,-0.035,0.001877,36.7,23.766069,86.411799
2026-05-13 17:00:00,N05,,,,,,,23.766069,86.411799
2026-05-13 18:00:00,N05,,,,,,,23.766069,86.411799
2026-05-13 19:00:00,N05,,,,,,,23.766069,86.411799
2026-05-13 20:00:00,N05,0.1138,0.005979,7.63,-0.024,0.000473,29.2,23.766069,86.411799
2026-05-13 21:00:00,N05,-0.1454,0.011458,8.56,-0.0237,0.000426,27.7,23.766069,86.411799
2026-05-13 22:00:00,N05,0.0926,0.005722,3.96,-0.0231,0.000259,26.5,23.766069,86.411799
2026-05-13 23:00:00,N05,0.0559,0.00631,4.31,-0.0232,0.000111,25.7,23.766069,86.411799
2026-05-14 00:00:00,N05,,,,,,,23.766069,86.411799
2026-05-14 01:00:00,N05,,,,,,,23.766069,86.411799
2026-05-14 02:00:00,N05,,,,,,,23.766069,86.411799
2026-05-14 03:00:00,N05,0.2109,0.007347,5.22,-0.0236,0.000185,27.5,23.766069,86.411799
2026-05-14 04:00:00,N05,0.2312,0.005334,3.86,-0.0227,0.000283,29.1,23.766069,86.411799
2026-05-14 05:00:00,N05,,,,,,,23.766069,86.411799
2026-05-14 06:00:00,N05,,,,,,,23.766069,86.411799
2026-05-14 07:00:00,N05,,,,,,,23.766069,86.411799
2026-05-14 08:00:00,N05,,,,,,,23.766069,86.411799
2026-05-14 09:00:00,N05,,,,,,,23.766069,86.411799
2026-05-14 10:00:00,N05,0.0955,0.005952,6.99,-0.0234,0.007034,39.3,23.766069,86.411799
2026-05-14 11:00:00,N05,-0.1199,0.966202,24.76,-0.0094,0.007209,40.0,23.766069,86.411799
2026-05-14 12:00:00,N05,,,,,,,23.766069,86.411799
2026-05-14 13:00:00,N05,,,,,,,23.766069,86.411799
2026-05-14 14:00:00,N05,,,,,,,23.766069,86.411799
2026-05-14 15:00:00,N05,,,,,,,23.766069,86.411799
2026-05-14 16:00:00,N05,,,,,,,23.766069,86.411799
2026-05-14 17:00:00,N05,-0.2963,0.827062,31.53,-0.0398,0.00046,34.7,23.766069,86.411799
2026-05-14 18:00:00,N05,0.0298,0.005904,5.2,-0.0229,0.008635,32.8,23.766069,86.411799
2026-05-14 19:00:00,N05,0.116,0.005849,1.47,-0.0226,0.000239,30.9,23.766069,86.411799
2026-05-14 20:00:00,N05,0.0152,0.006448,5.32,-0.0224,0.00011,29.1,23.766069,86.411799
2026-05-14 21:00:00,N05,0.2002,0.00637,5.24,-0.0224,0.000174,27.5,23.766069,86.411799
2026-05-14 22:00:00,N05,0.0289,0.00585,5.14,-0.0228,0.000101,26.3,23.766069,86.411799
2026-05-14 23:00:00,N05,-0.2297,0.005631,8.15,-0.0226,0.000268,25.6,23.766069,86.411799
2026-05-15 00:00:00,N05,0.1055,0.009462,8.62,-0.0223,9e-05,23.9,23.766069,86.411799
2026-05-15 01:00:00,N05,,,,,,,23.766069,86.411799
2026-05-15 02:00:00,N05,,,,,,,23.766069,86.411799
2026-05-15 03:00:00,N05,,,,,,,23.766069,86.411799
2026-05-15 04:00:00,N05,,,,,,,23.766069,86.411799
2026-05-15 05:00:00,N05,,,,,,,23.766069,86.411799
2026-05-15 06:00:00,N05,-0.042,0.006382,7.81,-0.022,0.000115,31.4,23.766069,86.411799
2026-05-15 07:00:00,N05,-0.0574,0.006646,6.79,-0.0227,0.000205,33.3,23.766069,86.411799
2026-05-15 08:00:00,N05,0.0785,0.005171,5.92,-0.0225,8.1e-05,35.1,23.766069,86.411799
2026-05-15 09:00:00,N05,0.1068,0.006658,8.98,-0.0229,3.6e-05,36.7,23.766069,86.411799
2026-05-15 10:00:00,N05,-0.0355,0.005159,9.74,-0.0225,0.000113,37.9,23.766069,86.411799
2026-05-15 11:00:00,N05,0.0973,0.006423,3.5,-0.0227,4e-05,38.6,23.766069,86.411799
2026-05-15 12:00:00,N05,0.2556,0.006035,9.28,-0.0226,0.00458,38.9,23.766069,86.411799
2026-05-15 13:00:00,N05,,,,,,,23.766069,86.411799
2026-05-15 14:00:00,N05,-0.1039,0.850168,44.62,-0.0224,0.005073,37.9,23.766069,86.411799
2026-05-15 15:00:00,N05,,,,,,,23.766069,86.411799
2026-05-15 16:00:00,N05,,,,,,,23.766069,86.411799
2026-05-15 17:00:00,N05,,,,,,,23.766069,86.411799
2026-05-15 18:00:00,N05,-0.1863,0.006682,4.18,-0.0218,0.000416,31.4,23.766069,86.411799
2026-05-15 19:00:00,N05,0.0403,0.005957,1.66,-0.0213,0.000176,29.5,23.766069,86.411799
2026-05-15 20:00:00,N05,-0.0906,0.007618,9.38,-0.0214,0.000529,27.6,23.766069,86.411799
2026-05-15 21:00:00,N05,0.0399,0.006598,4.27,-0.0202,0.000726,26.1,23.766069,86.411799
2026-05-15 22:00:00,N05,0.1077,0.006639,9.46,-0.02,0.000354,24.9,23.766069,86.411799
2026-05-15 23:00:00,N05,-0.2061,0.005087,2.56,-0.0209,0.000459,24.2,23.766069,86.411799
2026-05-16 00:00:00,N05,0.0046,0.005822,5.78,-0.0209,0.000202,23.1,23.766069,86.411799
2026-05-16 01:00:00,N05,,,,,,,23.766069,86.411799
2026-05-16 02:00:00,N05,,,,,,,23.766069,86.411799
2026-05-16 03:00:00,N05,,,,,,,23.766069,86.411799
2026-05-16 04:00:00,N05,,,,,,,23.766069,86.411799
2026-05-16 05:00:00,N05,0.241,0.006745,8.22,-0.0215,0.000724,28.7,23.766069,86.411799
2026-05-16 06:00:00,N05,-0.0578,0.005007,1.95,-0.0227,0.000878,30.6,23.766069,86.411799
2026-05-16 07:00:00,N05,-0.2519,0.006652,8.74,-0.0233,0.000105,32.5,23.766069,86.411799
2026-05-16 08:00:00,N05,-0.2233,0.005034,4.32,-0.0229,0.005958,34.3,23.766069,86.411799
2026-05-16 09:00:00,N05,0.0409,0.712416,44.62,-0.0114,0.000336,35.9,23.766069,86.411799
2026-05-16 10:00:00,N05,-0.1845,0.006617,7.29,-0.0222,0.005262,37.1,23.766069,86.411799
2026-05-16 11:00:00,N05,0.1176,0.007809,6.74,-0.0219,0.000516,37.8,23.766069,86.411799
2026-05-16 12:00:00,N05,0.0527,0.006294,2.85,-0.0212,0.0007,38.1,23.766069,86.411799
2026-05-16 13:00:00,N05,-0.0547,0.006377,7.47,-0.0205,0.000103,37.8,23.766069,86.411799
2026-05-16 14:00:00,N05,,,,,,,23.766069,86.411799
2026-05-16 15:00:00,N05,,,,,,,23.766069,86.411799
2026-05-16 16:00:00,N05,0.1266,0.010101,2.58,-0.0203,0.00019,34.3,23.766069,86.411799
2026-05-16 17:00:00,N05,-0.1393,0.005654,5.3,-0.0201,0.000147,32.5,23.766069,86.411799
2026-05-16 18:00:00,N05,0.1717,0.00653,6.1,-0.0201,3.8e-05,30.6,23.766069,86.411799
2026-05-16 19:00:00,N05,0.0472,0.006636,4.51,-0.02,0.000182,28.7,23.766069,86.411799
2026-05-16 20:00:00,N05,,,,,,,23.766069,86.411799
2026-05-16 21:00:00,N05,,,,,,,23.766069,86.411799
2026-05-16 22:00:00,N05,0.1363,0.006491,6.85,-0.0201,0.000272,24.1,23.766069,86.411799
2026-05-16 23:00:00,N05,-0.3392,0.005184,5.61,-0.0197,0.000186,23.4,23.766069,86.411799
2026-05-17 00:00:00,N05,-0.1599,0.005642,2.55,-0.0198,0.000111,24.5,23.766069,86.411799
2026-05-17 01:00:00,N05,-0.1237,0.006429,7.28,-0.0195,0.00019,24.7,23.766069,86.411799
2026-05-17 02:00:00,N05,-0.0059,0.006749,2.03,-0.0194,0.00029,25.5,23.766069,86.411799
2026-05-17 03:00:00,N05,-0.2127,0.007671,1.46,-0.0189,0.000196,26.7,23.766069,86.411799
2026-05-17 04:00:00,N05,,,,,,,23.766069,86.411799
2026-05-17 05:00:00,N05,,,,,,,23.766069,86.411799
2026-05-17 06:00:00,N05,,,,,,,23.766069,86.411799
2026-05-17 07:00:00,N05,,,,,,,23.766069,86.411799
2026-05-17 08:00:00,N05,-0.0087,0.005274,8.49,-0.0186,0.000331,35.7,23.766069,86.411799
2026-05-17 09:00:00,N05,0.2271,0.005869,2.32,-0.0181,0.005732,37.3,23.766069,86.411799
2026-05-17 10:00:00,N05,0.0785,0.989341,49.37,-0.0071,0.005152,38.5,23.766069,86.411799
2026-05-17 11:00:00,N05,0.0561,0.815921,17.13,-0.0078,0.00614,39.2,23.766069,86.411799
2026-05-17 12:00:00,N05,0.0341,0.00551,5.82,-0.0194,0.00568,39.5,23.766069,86.411799
2026-05-17 13:00:00,N05,0.0011,0.00748,7.13,-0.0192,7.1e-05,39.2,23.766069,86.411799
2026-05-17 14:00:00,N05,0.0584,0.006305,6.6,-0.0193,5.9e-05,38.5,23.766069,86.411799
2026-05-17 15:00:00,N05,0.0372,0.005631,3.82,-0.0191,1.1e-05,37.3,23.766069,86.411799
2026-05-17 16:00:00,N05,0.0049,0.005672,7.51,-0.0193,0.005681,35.7,23.766069,86.411799
2026-05-17 17:00:00,N05,-0.0075,0.52684,37.37,-0.0077,0.000525,33.9,23.766069,86.411799
2026-05-17 18:00:00,N05,-0.0096,0.006874,5.15,-0.0183,0.005237,32.0,23.766069,86.411799
2026-05-17 19:00:00,N05,0.0146,0.006214,9.28,-0.0182,0.000125,30.0,23.766069,86.411799
2026-05-17 20:00:00,N05,-0.3036,0.005925,6.38,-0.018,0.000209,28.2,23.766069,86.411799
2026-05-17 21:00:00,N05,0.0024,0.007553,9.6,-0.0186,0.00037,26.7,23.766069,86.411799
2026-05-17 22:00:00,N05,-0.0156,0.005887,7.22,-0.0187,0.000439,25.5,23.766069,86.411799
2026-05-17 23:00:00,N05,-0.2457,0.006248,6.79,-0.0195,0.000135,24.7,23.766069,86.411799
2026-05-18 00:00:00,N05,-0.2951,0.005365,6.89,-0.019,6e-05,25.0,23.766069,86.411799
2026-05-18 01:00:00,N05,-0.1143,0.009078,3.01,-0.0196,0.000215,25.3,23.766069,86.411799
2026-05-18 02:00:00,N05,0.1997,0.007522,3.53,-0.0194,0.000297,26.0,23.766069,86.411799
2026-05-18 03:00:00,N05,0.0794,0.006306,7.7,-0.019,0.000321,27.2,23.766069,86.411799
2026-05-18 04:00:00,N05,-0.0362,0.006103,5.77,-0.0188,0.000301,28.8,23.766069,86.411799
2026-05-18 05:00:00,N05,0.0245,0.006514,5.14,-0.0196,0.000234,30.6,23.766069,86.411799
2026-05-18 06:00:00,N05,0.0128,0.007876,6.27,-0.0193,8.5e-05,32.5,23.766069,86.411799
2026-05-18 07:00:00,N05,-0.3097,0.008919,4.93,-0.0195,9.3e-05,34.5,23.766069,86.411799
2026-05-18 08:00:00,N05,0.1495,0.008047,7.15,-0.0195,6.4e-05,36.3,23.766069,86.411799
2026-05-18 09:00:00,N05,0.0916,0.007015,1.99,-0.0193,0.009675,37.8,23.766069,86.411799
2026-05-18 10:00:00,N05,-0.022,0.742566,17.05,-0.0388,3e-05,39.0,23.766069,86.411799
2026-05-18 11:00:00,N05,0.037,0.005241,2.72,-0.0194,0.009648,39.8,23.766069,86.411799
2026-05-18 12:00:00,N05,0.0465,0.006581,1.72,-0.0195,0.000146,40.0,23.766069,86.411799
2026-05-18 13:00:00,N05,0.2135,0.00676,8.11,-0.0197,0.000364,39.8,23.766069,86.411799
2026-05-18 14:00:00,N05,0.0222,0.007119,8.47,-0.0202,0.000564,39.0,23.766069,86.411799
2026-05-18 15:00:00,N05,0.0574,0.008741,5.81,-0.0208,0.000203,37.8,23.766069,86.411799
2026-05-18 16:00:00,N05,-0.0938,0.005216,2.02,-0.0206,9.3e-05,36.3,23.766069,86.411799
2026-05-18 17:00:00,N05,-0.127,0.005307,6.08,-0.021,0.000169,34.5,23.766069,86.411799
2026-05-18 18:00:00,N05,0.1148,0.005709,8.28,-0.021,4.4e-05,32.5,23.766069,86.411799
2026-05-18 19:00:00,N05,0.2238,0.007901,4.92,-0.0209,5.3e-05,30.6,23.766069,86.411799
2026-05-18 20:00:00,N05,-0.0663,0.006949,2.41,-0.0209,0.000131,28.8,23.766069,86.411799
2026-05-18 21:00:00,N05,0.0582,0.005298,7.79,-0.0206,4.2e-05,27.2,23.766069,86.411799
2026-05-18 22:00:00,N05,0.4096,0.006828,9.04,-0.0208,6e-06,26.0,23.766069,86.411799
2026-05-18 23:00:00,N05,-0.099,0.005969,7.28,-0.0206,9.8e-05,25.3,23.766069,86.411799
2026-05-19 00:00:00,N05,0.0905,0.00642,2.21,-0.021,0.000216,24.2,23.766069,86.411799
2026-05-19 01:00:00,N05,-0.0983,0.007743,5.81,-0.0211,4e-05,24.4,23.766069,86.411799
2026-05-19 02:00:00,N05,0.173,0.007158,4.45,-0.0211,0.000127,25.2,23.766069,86.411799
2026-05-19 03:00:00,N05,-0.0935,0.005666,5.0,-0.0213,2.1e-05,26.4,23.766069,86.411799
2026-05-19 04:00:00,N05,0.1494,0.011491,5.7,-0.021,0.000352,27.9,23.766069,86.411799
2026-05-19 05:00:00,N05,,,,,,,23.766069,86.411799
2026-05-19 06:00:00,N05,,,,,,,23.766069,86.411799
2026-05-19 07:00:00,N05,,,,,,,23.766069,86.411799
2026-05-19 08:00:00,N05,0.0292,0.959283,43.9,-0.001,0.009082,35.4,23.766069,86.411799
2026-05-19 09:00:00,N05,-0.3109,0.678088,38.06,-0.0014,0.009115,37.0,23.766069,86.411799
2026-05-19 10:00:00,N05,-0.1541,0.005031,4.78,-0.0192,0.008778,38.1,23.766069,86.411799
2026-05-19 11:00:00,N05,-0.0886,0.006656,3.88,-0.0189,6.3e-05,38.9,23.766069,86.411799
2026-05-19 12:00:00,N05,0.1964,0.005262,1.51,-0.0191,0.007606,39.2,23.766069,86.411799
2026-05-19 13:00:00,N05,-0.1179,0.868199,40.03,-0.0341,0.007533,38.9,23.766069,86.411799
2026-05-19 14:00:00,N05,0.0781,0.88826,37.02,-0.0341,0.007433,38.1,23.766069,86.411799
2026-05-19 15:00:00,N05,0.3471,0.006096,5.63,-0.0193,0.007619,37.0,23.766069,86.411799
2026-05-19 16:00:00,N05,-0.0611,0.006352,5.45,-0.0189,0.004242,35.4,23.766069,86.411799
2026-05-19 17:00:00,N05,0.141,0.529698,32.79,-0.0108,8.6e-05,33.6,23.766069,86.411799
2026-05-19 18:00:00,N05,0.1776,0.005833,2.78,-0.0187,0.003897,31.7,23.766069,86.411799
2026-05-19 19:00:00,N05,0.1395,0.005042,2.33,-0.0186,4e-06,29.7,23.766069,86.411799
2026-05-19 20:00:00,N05,0.1143,0.007153,1.58,-0.0187,1.7e-05,27.9,23.766069,86.411799
2026-05-19 21:00:00,N05,0.0903,0.009802,2.58,-0.0186,0.000323,26.4,23.766069,86.411799
2026-05-19 22:00:00,N05,0.0473,0.005277,8.11,-0.0194,0.000452,25.2,23.766069,86.411799
2026-05-19 23:00:00,N05,,,,,,,23.766069,86.411799
2026-05-20 00:00:00,N05,,,,,,,23.766069,86.411799
2026-05-20 01:00:00,N05,,,,,,,23.766069,86.411799
2026-05-20 02:00:00,N05,0.0628,0.006308,3.82,-0.0194,0.000159,24.6,23.766069,86.411799
2026-05-20 03:00:00,N05,-0.1232,0.006932,4.37,-0.0189,0.000431,25.7,23.766069,86.411799
2026-05-20 04:00:00,N05,-0.2004,0.007131,9.86,-0.0203,0.000228,27.3,23.766069,86.411799
2026-05-20 05:00:00,N05,0.0121,0.006663,8.91,-0.0194,0.000259,29.1,23.766069,86.411799
2026-05-20 06:00:00,N05,-0.3585,0.007057,3.65,-0.0197,4.2e-05,31.0,23.766069,86.411799
2026-05-20 07:00:00,N05,0.1649,0.006755,2.17,-0.0193,0.000106,33.0,23.766069,86.411799
2026-05-20 08:00:00,N05,,,,,,,23.766069,86.411799
2026-05-20 09:00:00,N05,,,,,,,23.766069,86.411799
2026-05-20 10:00:00,N05,,,,,,,23.766069,86.411799
2026-05-20 11:00:00,N05,-0.0512,0.005091,1.36,-0.0201,0.0001,38.3,23.766069,86.411799
2026-05-20 12:00:00,N05,-0.0949,0.006469,9.18,-0.0198,0.00015,38.5,23.766069,86.411799
2026-05-20 13:00:00,N05,0.2997,0.00745,9.87,-0.0198,0.000126,38.3,23.766069,86.411799
2026-05-20 14:00:00,N05,0.0295,0.005699,4.1,-0.0195,0.000327,37.5,23.766069,86.411799
2026-05-20 15:00:00,N05,0.0332,0.005643,3.84,-0.0192,0.01387,36.4,23.766069,86.411799
2026-05-20 16:00:00,N05,0.094,0.878113,27.11,0.0082,0.006446,34.8,23.766069,86.411799
2026-05-20 17:00:00,N05,,,,,,,23.766069,86.411799
2026-05-20 18:00:00,N05,,,,,,,23.766069,86.411799
2026-05-20 19:00:00,N05,-0.0842,0.007686,7.53,-0.0179,0.000704,29.1,23.766069,86.411799
2026-05-20 20:00:00,N05,-0.1343,0.005495,6.71,-0.017,0.000312,27.3,23.766069,86.411799
2026-05-20 21:00:00,N05,0.115,0.005401,8.55,-0.0173,0.00028,25.7,23.766069,86.411799
2026-05-20 22:00:00,N05,-0.1592,0.007386,2.09,-0.0176,0.000314,24.6,23.766069,86.411799
2026-05-20 23:00:00,N05,-0.0404,0.005755,8.81,-0.0179,0.00049,23.8,23.766069,86.411799
2026-05-21 00:00:00,N05,-0.1028,0.005892,3.93,-0.0186,0.000719,23.6,23.766069,86.411799
2026-05-21 01:00:00,N05,-0.2237,0.005469,1.92,-0.0194,0.000123,23.8,23.766069,86.411799
2026-05-21 02:00:00,N05,-0.0252,0.00723,8.85,-0.0188,0.00014,24.6,23.766069,86.411799
2026-05-21 03:00:00,N05,0.0555,0.006307,7.76,-0.0191,0.000531,25.8,23.766069,86.411799
2026-05-21 04:00:00,N05,-0.0598,0.008277,4.1,-0.0199,0.000535,27.3,23.766069,86.411799
2026-05-21 05:00:00,N05,0.0108,0.008715,3.65,-0.0202,7e-05,29.1,23.766069,86.411799
2026-05-21 06:00:00,N05,0.1218,0.005666,2.81,-0.02,0.005685,31.1,23.766069,86.411799
2026-05-21 07:00:00,N05,0.2866,0.900923,40.55,-0.0315,0.015069,33.0,23.766069,86.411799
2026-05-21 08:00:00,N05,0.1787,0.779569,48.65,-0.0502,0.006059,34.8,23.766069,86.411799
2026-05-21 09:00:00,N05,0.0409,0.006235,6.5,-0.0194,0.015284,36.4,23.766069,86.411799
2026-05-21 10:00:00,N05,0.019,0.005359,8.31,-0.0196,0.000124,37.6,23.766069,86.411799
2026-05-21 11:00:00,N05,-0.0486,0.008001,6.86,-0.0197,0.000166,38.3,23.766069,86.411799
2026-05-21 12:00:00,N05,0.1039,0.008946,3.61,-0.0193,0.000118,38.6,23.766069,86.411799
2026-05-21 13:00:00,N05,0.1283,0.005495,8.07,-0.0194,0.000151,38.3,23.766069,86.411799
2026-05-21 14:00:00,N05,,,,,,,23.766069,86.411799
2026-05-21 15:00:00,N05,,,,,,,23.766069,86.411799
2026-05-21 16:00:00,N05,,,,,,,23.766069,86.411799
2026-05-21 17:00:00,N05,,,,,,,23.766069,86.411799
2026-05-21 18:00:00,N05,-0.1423,0.005378,4.86,-0.0189,0.000361,31.1,23.766069,86.411799
2026-05-21 19:00:00,N05,0.0515,0.005166,8.48,-0.0188,4e-06,29.1,23.766069,86.411799
2026-05-21 20:00:00,N05,0.1485,0.006524,6.06,-0.0189,0.000211,27.3,23.766069,86.411799
2026-05-21 21:00:00,N05,0.1224,0.006639,5.54,-0.0193,0.000312,25.8,23.766069,86.411799
2026-05-21 22:00:00,N05,,,,,,,23.766069,86.411799
2026-05-21 23:00:00,N05,0.0894,0.005598,6.76,-0.0189,0.000101,23.8,23.766069,86.411799
2026-05-22 00:00:00,N05,,,,,,,23.766069,86.411799
2026-05-22 01:00:00,N05,,,,,,,23.766069,86.411799
2026-05-22 02:00:00,N05,,,,,,,23.766069,86.411799
2026-05-22 03:00:00,N05,0.3139,0.00524,5.22,-0.019,0.000665,24.1,23.766069,86.411799
2026-05-22 04:00:00,N05,0.2138,0.006415,3.28,-0.0179,0.000549,25.6,23.766069,86.411799
2026-05-22 05:00:00,N05,-0.1315,0.006182,6.83,-0.0179,0.003818,27.5,23.766069,86.411799
2026-05-22 06:00:00,N05,0.0192,0.731185,15.01,-0.0256,0.004545,29.4,23.766069,86.411799
2026-05-22 07:00:00,N05,-0.0422,0.511771,23.57,-0.0089,0.002872,31.3,23.766069,86.411799
2026-05-22 08:00:00,N05,-0.1186,0.006643,4.82,-0.0198,0.005596,33.1,23.766069,86.411799
2026-05-22 09:00:00,N05,-0.0597,0.009805,4.83,-0.02,0.000432,34.7,23.766069,86.411799
2026-05-22 10:00:00,N05,0.1897,0.005279,4.71,-0.0207,0.000621,35.9,23.766069,86.411799
2026-05-22 11:00:00,N05,-0.3014,0.007013,2.22,-0.0213,0.000398,36.6,23.766069,86.411799
2026-05-22 12:00:00,N05,0.109,0.005047,7.36,-0.0215,5.4e-05,36.9,23.766069,86.411799
2026-05-22 13:00:00,N05,-0.1102,0.009345,5.66,-0.0214,4.5e-05,36.6,23.766069,86.411799
2026-05-22 14:00:00,N05,-0.1383,0.005812,3.37,-0.0216,0.000179,35.9,23.766069,86.411799
2026-05-22 15:00:00,N05,,,,,,,23.766069,86.411799
2026-05-22 16:00:00,N05,,,,,,,23.766069,86.411799
2026-05-22 17:00:00,N05,,,,,,,23.766069,86.411799
2026-05-22 18:00:00,N05,-0.1171,0.005084,6.78,-0.0211,0.000563,29.4,23.766069,86.411799
2026-05-22 19:00:00,N05,-0.1673,0.006081,8.97,-0.02,0.000533,27.5,23.766069,86.411799
2026-05-22 20:00:00,N05,0.0292,0.005587,6.74,-0.02,3.7e-05,25.6,23.766069,86.411799
2026-05-22 21:00:00,N05,-0.3315,0.005777,6.39,-0.0199,0.000244,24.1,23.766069,86.411799
2026-05-22 22:00:00,N05,-0.0033,0.00651,3.43,-0.0205,0.000635,22.9,23.766069,86.411799
2026-05-22 23:00:00,N05,0.1415,0.006527,9.44,-0.0212,0.000607,22.2,23.766069,86.411799
2026-05-23 00:00:00,N05,0.2378,0.005277,8.65,-0.0217,0.000581,28.3,23.766069,86.411799
2026-05-23 01:00:00,N05,0.1328,0.0061,1.91,-0.0223,8.1e-05,28.6,23.766069,86.411799
2026-05-23 02:00:00,N05,0.0766,0.006934,9.79,-0.0219,0.000127,29.3,23.766069,86.411799
2026-05-23 03:00:00,N05,,,,,,,23.766069,86.411799
2026-05-23 04:00:00,N05,,,,,,,23.766069,86.411799
2026-05-23 05:00:00,N05,,,,,,,23.766069,86.411799
2026-05-23 06:00:00,N05,,,,,,,23.766069,86.411799
2026-05-23 07:00:00,N05,0.0011,0.567462,15.69,-0.0363,0.007266,37.8,23.766069,86.411799
2026-05-23 08:00:00,N05,-0.1343,0.005275,4.29,-0.0216,0.007379,39.6,23.766069,86.411799
2026-05-23 09:00:00,N05,-0.028,0.011014,9.67,-0.0215,4.7e-05,41.1,23.766069,86.411799
2026-05-23 10:00:00,N05,-0.0113,0.00694,5.83,-0.0216,0.000469,42.3,23.766069,86.411799
2026-05-23 11:00:00,N05,0.3404,0.010142,1.0,-0.0206,0.000731,43.1,23.766069,86.411799
2026-05-23 12:00:00,N05,0.1082,0.007882,2.67,-0.0202,0.000157,43.3,23.766069,86.411799
2026-05-23 13:00:00,N05,0.1375,0.009579,7.21,-0.0209,0.00075,43.1,23.766069,86.411799
2026-05-23 14:00:00,N05,0.0931,0.006949,6.37,-0.0217,0.000267,42.3,23.766069,86.411799
2026-05-23 15:00:00,N05,0.1279,0.008621,7.35,-0.0214,0.000145,41.1,23.766069,86.411799
2026-05-23 16:00:00,N05,-0.1358,0.005761,9.5,-0.022,0.006217,39.6,23.766069,86.411799
2026-05-23 17:00:00,N05,0.1507,0.941628,36.88,-0.0338,0.000163,37.8,23.766069,86.411799
2026-05-23 18:00:00,N05,0.2398,0.005085,8.02,-0.0223,0.005742,35.8,23.766069,86.411799
2026-05-23 19:00:00,N05,0.0504,0.008641,8.54,-0.0224,0.000272,33.9,23.766069,86.411799
2026-05-23 20:00:00,N05,0.2154,0.006166,3.94,-0.0228,0.000501,32.1,23.766069,86.411799
2026-05-23 21:00:00,N05,0.0187,0.007945,6.26,-0.0234,0.000171,30.5,23.766069,86.411799
2026-05-23 22:00:00,N05,0.0238,0.007285,2.42,-0.0232,8e-06,29.3,23.766069,86.411799
2026-05-23 23:00:00,N05,0.0788,0.009059,7.23,-0.0234,4.9e-05,28.6,23.766069,86.411799
2026-05-24 00:00:00,N05,-0.0522,0.005295,6.64,-0.0231,0.000167,22.5,23.766069,86.411799
2026-05-24 01:00:00,N05,0.0275,0.007717,8.71,-0.023,0.000238,22.7,23.766069,86.411799
2026-05-24 02:00:00,N05,0.2961,0.008221,4.83,-0.0236,0.000111,23.5,23.766069,86.411799
2026-05-24 03:00:00,N05,-0.0934,0.005699,7.61,-0.0233,0.000214,24.7,23.766069,86.411799
2026-05-24 04:00:00,N05,-0.1813,0.005867,2.19,-0.0231,0.000136,26.2,23.766069,86.411799
2026-05-24 05:00:00,N05,-0.2271,0.005447,2.34,-0.0235,0.008483,28.0,23.766069,86.411799
2026-05-24 06:00:00,N05,-0.1501,0.661722,18.35,-0.0401,0.000166,30.0,23.766069,86.411799
2026-05-24 07:00:00,N05,-0.1105,0.005865,8.45,-0.0239,0.008226,31.9,23.766069,86.411799
2026-05-24 08:00:00,N05,0.0643,0.005369,7.73,-0.0236,5.7e-05,33.7,23.766069,86.411799
2026-05-24 09:00:00,N05,0.0257,0.009579,6.44,-0.0238,2.9e-05,35.3,23.766069,86.411799
2026-05-24 10:00:00,N05,0.2319,0.006385,9.5,-0.0237,0.00024,36.5,23.766069,86.411799
2026-05-24 11:00:00,N05,-0.0278,0.008636,7.28,-0.0233,0.005527,37.2,23.766069,86.411799
2026-05-24 12:00:00,N05,-0.0058,0.767196,38.5,-0.0127,0.000118,37.5,23.766069,86.411799
2026-05-24 13:00:00,N05,0.3255,0.006259,9.81,-0.0235,0.005368,37.2,23.766069,86.411799
2026-05-24 14:00:00,N05,-0.3061,0.005676,5.87,-0.0234,4.1e-05,36.5,23.766069,86.411799
2026-05-24 15:00:00,N05,-0.0232,0.005745,9.02,-0.0236,0.000179,35.3,23.766069,86.411799
2026-05-24 16:00:00,N05,0.2834,0.006189,4.45,-0.0237,1e-06,33.7,23.766069,86.411799
2026-05-24 17:00:00,N05,0.268,0.008586,1.35,-0.0236,0.000151,31.9,23.766069,86.411799
2026-05-24 18:00:00,N05,0.143,0.006099,8.39,-0.0234,0.000216,30.0,23.766069,86.411799
2026-05-24 19:00:00,N05,,,,,,,23.766069,86.411799
2026-05-24 20:00:00,N05,,,,,,,23.766069,86.411799
2026-05-24 21:00:00,N05,-0.1429,0.005024,1.23,-0.0239,0.000407,24.7,23.766069,86.411799
2026-05-24 22:00:00,N05,,,,,,,23.766069,86.411799
2026-05-24 23:00:00,N05,,,,,,,23.766069,86.411799
2026-05-25 00:00:00,N05,,,,,,,23.766069,86.411799
2026-05-25 01:00:00,N05,-0.2773,0.007235,5.05,-0.0248,0.000349,23.5,23.766069,86.411799
2026-05-25 02:00:00,N05,,,,,,,23.766069,86.411799
2026-05-25 03:00:00,N05,,,,,,,23.766069,86.411799
2026-05-25 04:00:00,N05,,,,,,,23.766069,86.411799
2026-05-25 05:00:00,N05,-0.0883,0.007131,6.57,-0.0233,9.4e-05,28.8,23.766069,86.411799
2026-05-25 06:00:00,N05,0.1234,0.0054,3.53,-0.0238,0.000393,30.7,23.766069,86.411799
2026-05-25 07:00:00,N05,0.0318,0.007529,5.28,-0.024,0.000159,32.7,23.766069,86.411799
2026-05-25 08:00:00,N05,-0.0889,0.00583,3.55,-0.0241,0.000199,34.5,23.766069,86.411799
2026-05-25 09:00:00,N05,-0.081,0.005201,1.19,-0.0244,0.000103,36.0,23.766069,86.411799
2026-05-25 10:00:00,N05,0.3097,0.00773,8.28,-0.0243,0.008655,37.2,23.766069,86.411799
2026-05-25 11:00:00,N05,-0.0715,0.971994,32.15,-0.0417,0.008781,38.0,23.766069,86.411799
2026-05-25 12:00:00,N05,-0.1364,0.692734,22.43,-0.0419,0.00862,38.2,23.766069,86.411799
2026-05-25 13:00:00,N05,0.0796,0.006943,8.92,-0.0245,0.008417,38.0,23.766069,86.411799
2026-05-25 14:00:00,N05,0.166,0.005688,9.88,-0.025,0.000372,37.2,23.766069,86.411799
2026-05-25 15:00:00,N05,0.3104,0.005289,4.26,-0.0253,2.9e-05,36.0,23.766069,86.411799
2026-05-25 16:00:00,N05,0.0808,0.00617,2.9,-0.025,0.000296,34.5,23.766069,86.411799
2026-05-25 17:00:00,N05,0.2701,0.006186,8.35,-0.0247,8.3e-05,32.7,23.766069,86.411799
2026-05-25 18:00:00,N05,-0.2445,0.00682,1.18,-0.0251,0.000186,30.7,23.766069,86.411799
2026-05-25 19:00:00,N05,-0.039,0.006373,7.31,-0.0243,0.000842,28.8,23.766069,86.411799
2026-05-25 20:00:00,N05,0.1374,0.00748,4.68,-0.0234,0.000815,27.0,23.766069,86.411799
2026-05-25 21:00:00,N05,0.0092,0.005385,8.34,-0.0227,0.000463,25.4,23.766069,86.411799
2026-05-25 22:00:00,N05,0.0029,0.006165,9.93,-0.0225,0.000193,24.2,23.766069,86.411799
2026-05-25 23:00:00,N05,0.2452,0.005536,3.93,-0.0223,6.8e-05,23.5,23.766069,86.411799
2026-05-26 00:00:00,N05,0.0608,0.006091,9.32,-0.0227,5.3e-05,27.1,23.766069,86.411799
2026-05-26 01:00:00,N05,0.2939,0.005507,6.72,-0.0222,0.000223,27.3,23.766069,86.411799
2026-05-26 02:00:00,N05,-0.0676,0.007415,5.78,-0.0231,0.000133,28.1,23.766069,86.411799
2026-05-26 03:00:00,N05,-0.0209,0.00537,7.78,-0.0219,0.000525,29.2,23.766069,86.411799
2026-05-26 04:00:00,N05,-0.007,0.005465,8.88,-0.0221,0.000273,30.8,23.766069,86.411799
2026-05-26 05:00:00,N05,-0.0462,0.007778,2.61,-0.0224,0.000474,32.6,23.766069,86.411799
2026-05-26 06:00:00,N05,0.0936,0.005924,2.61,-0.0211,0.000788,34.6,23.766069,86.411799
2026-05-26 07:00:00,N05,-0.0224,0.007339,8.32,-0.0209,0.007115,36.5,23.766069,86.411799
2026-05-26 08:00:00,N05,-0.1624,0.704563,19.79,-0.0353,2.3e-05,38.3,23.766069,86.411799
2026-05-26 09:00:00,N05,0.1992,0.007454,1.38,-0.0209,0.007016,39.9,23.766069,86.411799
2026-05-26 10:00:00,N05,-0.267,0.005168,6.27,-0.0213,0.000434,41.0,23.766069,86.411799
2026-05-26 11:00:00,N05,0.2474,0.006487,7.55,-0.0218,0.000728,41.8,23.766069,86.411799
2026-05-26 12:00:00,N05,-0.3478,0.006649,7.56,-0.0228,0.00067,42.1,23.766069,86.411799
2026-05-26 13:00:00,N05,-0.1328,0.005613,5.43,-0.0231,0.009635,41.8,23.766069,86.411799
2026-05-26 14:00:00,N05,-0.0593,0.577882,23.11,-0.0035,0.009214,41.0,23.766069,86.411799
2026-05-26 15:00:00,N05,-0.1657,0.950917,34.34,-0.0047,0.010191,39.9,23.766069,86.411799
2026-05-26 16:00:00,N05,,,,,,,23.766069,86.411799
2026-05-26 17:00:00,N05,,,,,,,23.766069,86.411799
2026-05-26 18:00:00,N05,,,,,,,23.766069,86.411799
2026-05-26 19:00:00,N05,,,,,,,23.766069,86.411799
2026-05-26 20:00:00,N05,,,,,,,23.766069,86.411799
2026-05-26 21:00:00,N05,0.1445,0.009339,2.84,-0.0251,0.00023,29.2,23.766069,86.411799
2026-05-26 22:00:00,N05,-0.0009,0.006869,6.77,-0.0253,5.2e-05,28.1,23.766069,86.411799
2026-05-26 23:00:00,N05,0.1455,0.007699,3.41,-0.0252,0.000333,27.3,23.766069,86.411799
2026-05-27 00:00:00,N05,-0.0061,0.005358,7.2,-0.0259,0.000286,24.1,23.766069,86.411799
2026-05-27 01:00:00,N05,-0.0951,0.006901,8.06,-0.0258,0.053681,24.3,23.766069,86.411799
2026-05-27 02:00:00,N05,0.0635,0.009572,8.58,0.0814,0.127333,25.1,23.766069,86.411799
2026-05-27 03:00:00,N05,-0.0718,0.011039,5.55,0.2289,0.147355,26.3,23.766069,86.411799
2026-05-27 04:00:00,N05,0.0652,0.008481,9.74,0.3762,0.146894,27.8,23.766069,86.411799
2026-05-27 05:00:00,N05,-0.1145,0.008384,6.25,0.5227,0.146659,29.6,23.766069,86.411799
2026-05-27 06:00:00,N05,0.0624,0.009147,9.82,0.6695,0.146266,31.6,23.766069,86.411799
2026-05-27 07:00:00,N05,,,,,,,23.766069,86.411799
2026-05-27 08:00:00,N05,,,,,,,23.766069,86.411799
2026-05-27 09:00:00,N05,,,,,,,23.766069,86.411799
2026-05-27 10:00:00,N05,,,,,,,23.766069,86.411799
2026-05-27 11:00:00,N05,,,,,,,23.766069,86.411799
2026-05-27 12:00:00,N05,-0.1978,0.007824,5.84,1.54,0.14353,39.1,23.766069,86.411799
2026-05-27 13:00:00,N05,-0.1122,0.009721,5.29,1.6836,0.143437,38.8,23.766069,86.411799
2026-05-27 14:00:00,N05,-0.1082,0.00743,3.81,1.8269,0.143152,38.1,23.766069,86.411799
2026-05-27 15:00:00,N05,-0.0476,0.007644,5.99,1.9699,0.142833,36.9,23.766069,86.411799
2026-05-27 16:00:00,N05,-0.1336,0.011404,5.96,2.1126,0.14238,35.3,23.766069,86.411799
2026-05-27 17:00:00,N05,0.011,0.011854,9.8,2.2547,0.142017,33.5,23.766069,86.411799
2026-05-27 18:00:00,N05,-0.0237,0.008799,8.41,2.3966,0.14173,31.6,23.766069,86.411799
2026-05-27 19:00:00,N05,-0.1614,0.007948,7.08,2.5381,0.141796,29.6,23.766069,86.411799
2026-05-27 20:00:00,N05,0.2774,0.010016,5.96,2.6802,0.141445,27.8,23.766069,86.411799
2026-05-27 21:00:00,N05,-0.345,0.007366,1.7,2.821,0.140615,26.3,23.766069,86.411799
2026-05-27 22:00:00,N05,-0.0801,0.007372,6.92,2.9614,0.141098,25.1,23.766069,86.411799
2026-05-27 23:00:00,N05,0.0222,0.008279,9.17,3.1032,0.141067,24.3,23.766069,86.411799
2026-05-28 00:00:00,N05,,,,,,,23.766069,86.411799
2026-05-28 01:00:00,N05,,,,,,,23.766069,86.411799
2026-05-28 02:00:00,N05,0.0855,0.010798,5.67,3.5233,0.140043,29.0,23.766069,86.411799
2026-05-28 03:00:00,N05,-0.0357,0.010631,7.18,3.6635,0.139588,30.2,23.766069,86.411799
2026-05-28 04:00:00,N05,-0.1555,0.007264,7.03,3.8025,0.139459,31.8,23.766069,86.411799
2026-05-28 05:00:00,N05,0.0437,0.007224,3.63,3.9424,0.134781,33.6,23.766069,86.411799
2026-05-28 06:00:00,N05,-0.1257,0.931311,33.6,4.0721,0.132475,35.5,23.766069,86.411799
2026-05-28 07:00:00,N05,-0.3347,0.874517,19.85,4.2074,0.14211,37.5,23.766069,86.411799
2026-05-28 08:00:00,N05,0.0484,0.009161,4.34,4.3563,0.143524,39.3,23.766069,86.411799
2026-05-28 09:00:00,N05,0.0568,0.011724,7.99,4.4944,0.137853,40.8,23.766069,86.411799
2026-05-28 10:00:00,N05,-0.0576,0.007449,2.53,4.632,0.137021,42.0,23.766069,86.411799
2026-05-28 11:00:00,N05,-0.0823,0.008696,7.77,4.7685,0.136755,42.8,23.766069,86.411799
2026-05-28 12:00:00,N05,0.332,0.009543,2.84,4.9055,0.1368,43.0,23.766069,86.411799
2026-05-28 13:00:00,N05,0.0877,0.010509,3.62,5.0421,0.136036,42.8,23.766069,86.411799
2026-05-28 14:00:00,N05,0.1492,0.009277,8.34,5.1776,0.135502,42.0,23.766069,86.411799
2026-05-28 15:00:00,N05,-0.2404,0.009414,3.09,5.3131,0.13572,40.8,23.766069,86.411799
2026-05-28 16:00:00,N05,-0.1425,0.007497,4.6,5.449,0.135456,39.3,23.766069,86.411799
2026-05-28 17:00:00,N05,-0.0072,0.009144,1.47,5.584,0.134231,37.5,23.766069,86.411799
2026-05-28 18:00:00,N05,0.125,0.008002,7.68,5.7175,0.133709,35.5,23.766069,86.411799
2026-05-28 19:00:00,N05,0.0549,0.007185,8.82,5.8514,0.133736,33.6,23.766069,86.411799
2026-05-28 20:00:00,N05,-0.0181,0.012389,1.75,5.9849,0.133641,31.8,23.766069,86.411799
2026-05-28 21:00:00,N05,,,,,,,23.766069,86.411799
2026-05-28 22:00:00,N05,,,,,,,23.766069,86.411799
2026-05-28 23:00:00,N05,,,,,,,23.766069,86.411799
2026-05-29 00:00:00,N05,0.0535,0.007978,6.48,6.5177,0.132319,23.5,23.766069,86.411799
2026-05-29 01:00:00,N05,0.3758,0.009102,6.24,6.6502,0.132288,23.8,23.766069,86.411799
2026-05-29 02:00:00,N05,-0.0859,0.009525,8.39,6.7823,0.132004,24.5,23.766069,86.411799
2026-05-29 03:00:00,N05,,,,,,,23.766069,86.411799
2026-05-29 04:00:00,N05,0.39,0.01422,7.75,7.0452,0.130998,27.3,23.766069,86.411799
2026-05-29 05:00:00,N05,-0.0499,0.007076,8.38,7.1762,0.122558,29.1,23.766069,86.411799
2026-05-29 06:00:00,N05,0.0163,0.626917,20.87,7.2904,0.130424,31.0,23.766069,86.411799
2026-05-29 07:00:00,N05,0.1212,0.008152,1.27,7.437,0.138838,33.0,23.766069,86.411799
2026-05-29 08:00:00,N05,0.1663,0.007659,9.76,7.568,0.130518,34.8,23.766069,86.411799
2026-05-29 09:00:00,N05,,,,,,,23.766069,86.411799
2026-05-29 10:00:00,N05,,,,,,,23.766069,86.411799
2026-05-29 11:00:00,N05,0.0584,0.009575,5.97,7.956,0.128566,38.3,23.766069,86.411799
2026-05-29 12:00:00,N05,-0.1046,0.008435,3.79,8.0843,0.12842,38.5,23.766069,86.411799
2026-05-29 13:00:00,N05,0.1372,0.010377,1.42,8.2128,0.138131,38.3,23.766069,86.411799
2026-05-29 14:00:00,N05,,,,,,,23.766069,86.411799
2026-05-29 15:00:00,N05,,,,,,,23.766069,86.411799
2026-05-29 16:00:00,N05,,,,,,,23.766069,86.411799
2026-05-29 17:00:00,N05,,,,,,,23.766069,86.411799
2026-05-29 18:00:00,N05,,,,,,,23.766069,86.411799
2026-05-29 19:00:00,N05,0.0534,0.007469,9.71,8.9774,0.126958,29.1,23.766069,86.411799
2026-05-29 20:00:00,N05,-0.1403,0.007216,1.62,9.104,0.12669,27.3,23.766069,86.411799
2026-05-29 21:00:00,N05,0.1257,0.00772,7.85,9.2308,0.126368,25.7,23.766069,86.411799
2026-05-29 22:00:00,N05,0.0259,0.008241,2.6,9.3568,0.125568,24.5,23.766069,86.411799
2026-05-29 23:00:00,N05,0.0795,0.009225,4.73,9.4819,0.124693,23.8,23.766069,86.411799
2026-05-30 00:00:00,N05,0.1095,0.007107,6.32,9.6062,0.124956,23.6,23.766069,86.411799
2026-05-30 01:00:00,N05,0.0809,0.009022,8.61,9.7318,0.125674,23.9,23.766069,86.411799
2026-05-30 02:00:00,N05,-0.0727,0.009686,9.15,9.8575,0.125078,24.6,23.766069,86.411799
2026-05-30 03:00:00,N05,,,,,,,23.766069,86.411799
2026-05-30 04:00:00,N05,,,,,,,23.766069,86.411799
2026-05-30 05:00:00,N05,,,,,,,23.766069,86.411799
2026-05-30 06:00:00,N05,0.1347,0.007799,6.6,10.3545,0.12365,31.1,23.766069,86.411799
2026-05-30 07:00:00,N05,,,,,,,23.766069,86.411799
2026-05-30 08:00:00,N05,,,,,,,23.766069,86.411799
2026-05-30 09:00:00,N05,,,,,,,23.766069,86.411799
2026-05-30 10:00:00,N05,0.2413,0.008316,3.18,10.8457,0.122299,37.6,23.766069,86.411799
2026-05-30 11:00:00,N05,-0.0141,0.007787,5.98,10.9684,0.122315,38.4,23.766069,86.411799
2026-05-30 12:00:00,N05,0.1414,0.008017,9.2,11.0903,0.121838,38.6,23.766069,86.411799
2026-05-30 13:00:00,N05,,,,,,,23.766069,86.411799
2026-05-30 14:00:00,N05,0.1411,0.505571,25.94,11.3149,0.121584,37.6,23.766069,86.411799
2026-05-30 15:00:00,N05,0.1575,0.008137,3.78,11.4552,0.130725,36.4,23.766069,86.411799
2026-05-30 16:00:00,N05,0.0615,0.007108,4.2,11.5764,0.12117,34.9,23.766069,86.411799
2026-05-30 17:00:00,N05,0.075,0.00855,6.17,11.6976,0.120846,33.1,23.766069,86.411799
2026-05-30 18:00:00,N05,0.3118,0.007811,6.32,11.818,0.12063,31.1,23.766069,86.411799
2026-05-30 19:00:00,N05,-0.0332,0.008467,2.98,11.9388,0.119973,29.2,23.766069,86.411799
2026-05-30 20:00:00,N05,0.0779,0.008726,9.94,12.058,0.119381,27.4,23.766069,86.411799
2026-05-30 21:00:00,N05,0.1379,0.007056,1.56,12.1776,0.119516,25.8,23.766069,86.411799
2026-05-30 22:00:00,N05,-0.0124,0.008524,7.86,12.297,0.119489,24.6,23.766069,86.411799
2026-05-30 23:00:00,N05,0.0029,0.008274,5.27,12.4166,0.119211,23.9,23.766069,86.411799
2026-05-31 00:00:00,N05,-0.1389,0.008364,2.11,12.5354,0.118388,26.3,23.766069,86.411799
2026-05-31 01:00:00,N05,0.0941,0.010474,1.9,12.6533,0.117615,26.6,23.766069,86.411799
2026-05-31 02:00:00,N05,-0.1901,0.008287,6.93,12.7707,0.117512,27.3,23.766069,86.411799
2026-05-31 03:00:00,N05,0.0273,0.011685,7.2,12.8884,0.117154,28.5,23.766069,86.411799
2026-05-31 04:00:00,N05,-0.1044,0.009937,9.39,13.005,0.116544,30.1,23.766069,86.411799
2026-05-31 05:00:00,N05,,,,,,,23.766069,86.411799
2026-05-31 06:00:00,N05,,,,,,,23.766069,86.411799
2026-05-31 07:00:00,N05,,,,,,,23.766069,86.411799
2026-05-31 08:00:00,N05,0.3988,0.007144,6.31,13.4721,0.11051,37.6,23.766069,86.411799
2026-05-31 09:00:00,N05,0.1284,0.513858,32.83,13.5767,0.115863,39.1,23.766069,86.411799
2026-05-31 10:00:00,N05,0.1492,0.755151,42.64,13.7038,0.121361,40.3,23.766069,86.411799
2026-05-31 11:00:00,N05,-0.1007,0.007819,7.28,13.8195,0.115168,41.1,23.766069,86.411799
2026-05-31 12:00:00,N05,-0.1351,0.008526,1.97,13.9341,0.114859,41.3,23.766069,86.411799
2026-05-31 13:00:00,N05,-0.0228,0.007505,9.56,14.0492,0.11514,41.1,23.766069,86.411799
2026-05-31 14:00:00,N05,-0.1102,0.008645,3.24,14.1644,0.114924,40.3,23.766069,86.411799
2026-05-31 15:00:00,N05,-0.0812,0.009139,9.29,14.279,0.114475,39.1,23.766069,86.411799
2026-05-31 16:00:00,N05,0.1063,0.008111,1.48,14.3933,0.113993,37.6,23.766069,86.411799
2026-05-31 17:00:00,N05,0.0209,0.00743,2.51,14.507,0.113658,35.7,23.766069,86.411799
2026-05-31 18:00:00,N05,0.003,0.008613,3.49,14.6207,0.113303,33.8,23.766069,86.411799
2026-05-31 19:00:00,N05,0.149,0.009536,2.47,14.7336,0.113258,31.9,23.766069,86.411799
2026-05-31 20:00:00,N05,0.1517,0.007574,2.58,14.8472,0.113695,30.1,23.766069,86.411799
2026-05-31 21:00:00,N05,-0.1383,0.008757,6.36,14.961,0.113578,28.5,23.766069,86.411799
2026-05-31 22:00:00,N05,0.207,0.00965,7.25,15.0743,0.112621,27.3,23.766069,86.411799
2026-05-31 23:00:00,N05,0.0127,0.008179,7.34,15.1863,0.111992,26.6,23.766069,86.411799
2026-06-01 00:00:00,N05,,,,,,,23.766069,86.411799
2026-06-01 01:00:00,N05,,,,,,,23.766069,86.411799
2026-06-01 02:00:00,N05,,,,,,,23.766069,86.411799
2026-06-01 03:00:00,N05,,,,,,,23.766069,86.411799
2026-06-01 04:00:00,N05,0.3559,0.008213,3.12,15.7434,0.111255,28.7,23.766069,86.411799
2026-06-01 05:00:00,N05,0.0566,0.009268,6.62,15.8548,0.110752,30.5,23.766069,86.411799
2026-06-01 06:00:00,N05,0.2344,0.006845,8.34,15.9649,0.102637,32.4,23.766069,86.411799
2026-06-01 07:00:00,N05,,,,,,,23.766069,86.411799
2026-06-01 08:00:00,N05,,,,,,,23.766069,86.411799
2026-06-01 09:00:00,N05,,,,,,,23.766069,86.411799
2026-06-01 10:00:00,N05,,,,,,,23.766069,86.411799
2026-06-01 11:00:00,N05,0.0245,0.006885,7.01,16.5115,0.116673,39.7,23.766069,86.411799
2026-06-01 12:00:00,N05,0.1593,0.007237,2.19,16.6204,0.109235,39.9,23.766069,86.411799
2026-06-01 13:00:00,N05,0.0763,0.007776,7.85,16.73,0.108608,39.7,23.766069,86.411799
2026-06-01 14:00:00,N05,0.3396,0.008332,3.27,16.8377,0.103135,38.9,23.766069,86.411799
2026-06-01 15:00:00,N05,0.0246,0.774859,38.16,16.9363,0.103063,37.7,23.766069,86.411799
2026-06-01 16:00:00,N05,-0.1493,0.92865,40.22,17.0438,0.112068,36.2,23.766069,86.411799
2026-06-01 17:00:00,N05,-0.1594,0.009345,4.99,17.1604,0.111912,34.3,23.766069,86.411799
2026-06-01 18:00:00,N05,-0.0577,0.006937,5.42,17.2676,0.10697,32.4,23.766069,86.411799
2026-06-01 19:00:00,N05,0.1566,0.00784,3.57,17.3743,0.106636,30.5,23.766069,86.411799
2026-06-01 20:00:00,N05,0.0608,0.0093,7.67,17.4809,0.10652,28.7,23.766069,86.411799
2026-06-01 21:00:00,N05,0.0761,0.007012,3.35,17.5874,0.106345,27.1,23.766069,86.411799
2026-06-01 22:00:00,N05,-0.0925,0.008058,3.19,17.6936,0.105987,25.9,23.766069,86.411799
2026-06-01 23:00:00,N05,-0.1729,0.009661,1.37,17.7993,0.105957,25.2,23.766069,86.411799
2026-06-02 00:00:00,N05,0.094,0.008283,9.92,17.9055,0.106113,26.3,23.766069,86.411799
2026-06-02 01:00:00,N05,-0.3379,0.00671,2.39,18.0116,0.105666,26.6,23.766069,86.411799
2026-06-02 02:00:00,N05,-0.0373,0.008038,3.56,18.1168,0.105258,27.3,23.766069,86.411799
2026-06-02 03:00:00,N05,-0.2309,0.007481,2.63,18.2221,0.105111,28.5,23.766069,86.411799
2026-06-02 04:00:00,N05,0.3482,0.007087,1.3,18.327,0.104543,30.1,23.766069,86.411799
2026-06-02 05:00:00,N05,-0.2053,0.009973,3.32,18.4312,0.110973,31.9,23.766069,86.411799
2026-06-02 06:00:00,N05,0.243,0.944701,45.93,18.549,0.111168,33.8,23.766069,86.411799
2026-06-02 07:00:00,N05,-0.1187,0.969598,32.18,18.6535,0.100135,35.8,23.766069,86.411799
2026-06-02 08:00:00,N05,0.0051,0.665757,22.73,18.7493,0.09698,37.6,23.766069,86.411799
2026-06-02 09:00:00,N05,-0.1194,0.006802,6.41,18.8475,0.107686,39.1,23.766069,86.411799
2026-06-02 10:00:00,N05,0.0899,0.850818,33.4,18.9646,0.110235,40.3,23.766069,86.411799
2026-06-02 11:00:00,N05,0.1137,0.994186,32.85,19.0679,0.096411,41.1,23.766069,86.411799
2026-06-02 12:00:00,N05,-0.0191,0.010741,1.43,19.1575,0.096045,41.3,23.766069,86.411799
2026-06-02 13:00:00,N05,0.1537,0.007739,5.21,19.26,0.10236,41.1,23.766069,86.411799
2026-06-02 14:00:00,N05,0.3374,0.007431,6.39,19.3622,0.101887,40.3,23.766069,86.411799
2026-06-02 15:00:00,N05,-0.2294,0.007809,2.78,19.4638,0.102134,39.1,23.766069,86.411799
2026-06-02 16:00:00,N05,0.1585,0.006812,8.15,19.5664,0.102918,37.6,23.766069,86.411799
2026-06-02 17:00:00,N05,0.1064,0.010721,9.37,19.6696,0.102146,35.8,23.766069,86.411799
2026-06-02 18:00:00,N05,,,,,,,23.766069,86.411799
2026-06-02 19:00:00,N05,,,,,,,23.766069,86.411799
2026-06-02 20:00:00,N05,,,,,,,23.766069,86.411799
2026-06-02 21:00:00,N05,,,,,,,23.766069,86.411799
2026-06-02 22:00:00,N05,0.0734,0.00708,5.5,20.1744,0.100344,27.3,23.766069,86.411799
2026-06-02 23:00:00,N05,0.2127,0.009241,2.63,20.2749,0.100266,26.6,23.766069,86.411799
2026-06-03 00:00:00,N05,0.0546,0.007857,6.59,20.3749,0.100236,26.9,23.766069,86.411799
2026-06-03 01:00:00,N05,0.0779,0.007974,9.79,20.4754,0.100386,27.2,23.766069,86.411799
2026-06-03 02:00:00,N05,-0.0924,0.007458,3.78,20.5757,0.099826,27.9,23.766069,86.411799
2026-06-03 03:00:00,N05,0.1422,0.006853,7.54,20.6751,0.099836,29.1,23.766069,86.411799
2026-06-03 04:00:00,N05,-0.0032,0.00759,2.24,20.7754,0.099727,30.7,23.766069,86.411799
2026-06-03 05:00:00,N05,0.1642,0.007623,6.46,20.8745,0.098861,32.5,23.766069,86.411799
2026-06-03 06:00:00,N05,0.1628,0.006837,1.65,20.9731,0.098092,34.4,23.766069,86.411799
2026-06-03 07:00:00,N05,0.0727,0.006624,2.15,21.0707,0.089186,36.4,23.766069,86.411799
2026-06-03 08:00:00,N05,0.1765,0.934828,27.9,21.1515,0.102754,38.2,23.766069,86.411799
2026-06-03 09:00:00,N05,0.2272,0.855798,15.98,21.2762,0.107252,39.7,23.766069,86.411799
2026-06-03 10:00:00,N05,-0.2115,0.00902,8.53,21.366,0.09395,40.9,23.766069,86.411799
2026-06-03 11:00:00,N05,-0.1442,0.006911,8.79,21.4641,0.09752,41.7,23.766069,86.411799
2026-06-03 12:00:00,N05,0.2142,0.006909,7.98,21.561,0.096987,41.9,23.766069,86.411799
2026-06-03 13:00:00,N05,0.0317,0.008379,6.41,21.6581,0.097212,41.7,23.766069,86.411799
2026-06-03 14:00:00,N05,0.1114,0.008189,3.57,21.7554,0.097282,40.9,23.766069,86.411799
2026-06-03 15:00:00,N05,0.2095,0.008489,2.93,21.8527,0.097041,39.7,23.766069,86.411799
2026-06-03 16:00:00,N05,0.0449,0.010117,5.59,21.9495,0.096867,38.2,23.766069,86.411799
2026-06-03 17:00:00,N05,-0.056,0.009587,7.12,22.0464,0.09618,36.4,23.766069,86.411799
2026-06-03 18:00:00,N05,0.1067,0.008582,3.68,22.1419,0.095874,34.4,23.766069,86.411799
2026-06-03 19:00:00,N05,-0.1785,0.006797,3.71,22.2381,0.095658,32.5,23.766069,86.411799
2026-06-03 20:00:00,N05,0.1332,0.008662,8.42,22.3332,0.094682,30.7,23.766069,86.411799
2026-06-03 21:00:00,N05,0.2302,0.007238,4.32,22.4275,0.094888,29.1,23.766069,86.411799
2026-06-03 22:00:00,N05,0.0243,0.010667,9.99,22.523,0.095133,27.9,23.766069,86.411799
2026-06-03 23:00:00,N05,-0.1618,0.007255,8.0,22.6178,0.094187,27.2,23.766069,86.411799
2026-06-04 00:00:00,N05,-0.2173,0.007163,3.3,22.7113,0.093928,24.9,23.766069,86.411799
2026-06-04 01:00:00,N05,-0.0493,0.0069,9.12,22.8056,0.093781,25.2,23.766069,86.411799
2026-06-04 02:00:00,N05,-0.1573,0.006832,1.68,22.8989,0.093788,25.9,23.766069,86.411799
2026-06-04 03:00:00,N05,0.211,0.008042,9.08,22.9932,0.093631,27.1,23.766069,86.411799
2026-06-04 04:00:00,N05,,,,,,,23.766069,86.411799
2026-06-04 05:00:00,N05,,,,,,,23.766069,86.411799
2026-06-04 06:00:00,N05,,,,,,,23.766069,86.411799
2026-06-04 07:00:00,N05,0.0049,0.006568,9.81,23.3668,0.093149,34.4,23.766069,86.411799
2026-06-04 08:00:00,N05,0.3712,0.007809,9.46,23.4595,0.08466,36.2,23.766069,86.411799
2026-06-04 09:00:00,N05,0.2525,0.985312,43.29,23.5362,0.092205,37.7,23.766069,86.411799
2026-06-04 10:00:00,N05,0.0281,0.006539,2.25,23.6439,0.099593,38.9,23.766069,86.411799
2026-06-04 11:00:00,N05,0.0377,0.007109,2.23,23.7353,0.091986,39.7,23.766069,86.411799
2026-06-04 12:00:00,N05,0.1811,0.006727,1.64,23.8279,0.092136,39.9,23.766069,86.411799
2026-06-04 13:00:00,N05,0.0769,0.007236,3.42,23.9196,0.092108,39.7,23.766069,86.411799
2026-06-04 14:00:00,N05,-0.1274,0.007397,6.94,24.0121,0.091988,38.9,23.766069,86.411799
2026-06-04 15:00:00,N05,,,,,,,23.766069,86.411799
2026-06-04 16:00:00,N05,,,,,,,23.766069,86.411799
2026-06-04 17:00:00,N05,,,,,,,23.766069,86.411799
2026-06-04 18:00:00,N05,,,,,,,23.766069,86.411799
2026-06-04 19:00:00,N05,-0.2301,0.006976,3.23,24.468,0.08185,30.5,23.766069,86.411799
2026-06-04 20:00:00,N05,0.1746,0.006897,6.89,24.5591,0.090902,28.7,23.766069,86.411799
2026-06-04 21:00:00,N05,0.2437,0.007756,6.91,24.6498,0.090522,27.1,23.766069,86.411799
2026-06-04 22:00:00,N05,0.067,0.010427,4.69,24.7401,0.089844,25.9,23.766069,86.411799
2026-06-04 23:00:00,N05,-0.1163,0.009616,6.82,24.8295,0.089427,25.2,23.766069,86.411799
2026-06-05 00:00:00,N05,-0.0189,0.009758,8.72,24.919,0.089615,23.9,23.766069,86.411799
2026-06-05 01:00:00,N05,0.0752,0.00871,7.79,25.0087,0.089295,24.2,23.766069,86.411799
2026-06-05 02:00:00,N05,-0.032,0.009049,6.52,25.0975,0.089252,24.9,23.766069,86.411799
2026-06-05 03:00:00,N05,0.1277,0.007454,5.96,25.1872,0.089202,26.1,23.766069,86.411799
2026-06-05 04:00:00,N05,-0.1981,0.007597,2.17,25.2759,0.088391,27.7,23.766069,86.411799
2026-06-05 05:00:00,N05,0.2109,0.007121,2.53,25.364,0.08824,29.5,23.766069,86.411799
2026-06-05 06:00:00,N05,0.1157,0.006413,9.92,25.4524,0.08819,31.4,23.766069,86.411799
2026-06-05 07:00:00,N05,0.0751,0.010772,6.13,25.5404,0.08821,33.4,23.766069,86.411799
2026-06-05 08:00:00,N05,-0.2713,0.010427,3.98,25.6288,0.088556,35.2,23.766069,86.411799
2026-06-05 09:00:00,N05,0.0064,0.006455,3.93,25.7175,0.093957,36.7,23.766069,86.411799
2026-06-05 10:00:00,N05,-0.1484,0.620061,49.01,25.8168,0.093134,37.9,23.766069,86.411799
2026-06-05 11:00:00,N05,0.1943,0.716617,26.33,25.9038,0.080825,38.7,23.766069,86.411799
2026-06-05 12:00:00,N05,0.1465,0.007272,6.3,25.9784,0.070882,38.9,23.766069,86.411799
2026-06-05 13:00:00,N05,0.0662,0.565077,28.41,26.0456,0.086323,38.7,23.766069,86.411799
2026-06-05 14:00:00,N05,0.1969,0.007295,3.84,26.1511,0.09641,37.9,23.766069,86.411799
2026-06-05 15:00:00,N05,0.2113,0.009015,4.75,26.2384,0.090465,36.7,23.766069,86.411799
2026-06-05 16:00:00,N05,0.0301,0.731673,49.15,26.332,0.085908,35.2,23.766069,86.411799
2026-06-05 17:00:00,N05,0.0229,0.00657,2.23,26.4102,0.082463,33.4,23.766069,86.411799
2026-06-05 18:00:00,N05,-0.0015,0.00646,9.81,26.4969,0.086307,31.4,23.766069,86.411799
2026-06-05 19:00:00,N05,0.0762,0.007451,1.21,26.5828,0.085758,29.5,23.766069,86.411799
2026-06-05 20:00:00,N05,,,,,,,23.766069,86.411799
2026-06-05 21:00:00,N05,,,,,,,23.766069,86.411799
2026-06-05 22:00:00,N05,,,,,,,23.766069,86.411799
2026-06-05 23:00:00,N05,,,,,,,23.766069,86.411799
2026-06-06 00:00:00,N05,0.1387,0.006345,1.46,27.0074,0.084115,27.0,23.766069,86.411799
2026-06-06 01:00:00,N05,0.1367,0.007655,8.69,27.0916,0.08409,27.2,23.766069,86.411799
2026-06-06 02:00:00,N05,,,,,,,23.766069,86.411799
2026-06-06 03:00:00,N05,,,,,,,23.766069,86.411799
2026-06-06 04:00:00,N05,,,,,,,23.766069,86.411799
2026-06-06 05:00:00,N05,,,,,,,23.766069,86.411799
2026-06-06 06:00:00,N05,,,,,,,23.766069,86.411799
2026-06-06 07:00:00,N05,,,,,,,23.766069,86.411799
2026-06-06 08:00:00,N05,,,,,,,23.766069,86.411799
2026-06-06 09:00:00,N05,,,,,,,23.766069,86.411799
2026-06-06 10:00:00,N05,0.0472,0.007174,1.07,27.8413,0.082385,41.0,23.766069,86.411799
2026-06-06 11:00:00,N05,0.0586,0.006795,8.84,27.9237,0.082315,41.7,23.766069,86.411799
2026-06-06 12:00:00,N05,0.0748,0.009082,4.86,28.006,0.082303,42.0,23.766069,86.411799
2026-06-06 13:00:00,N05,0.2643,0.006436,2.38,28.0883,0.082052,41.7,23.766069,86.411799
2026-06-06 14:00:00,N05,0.1517,0.006481,9.12,28.1701,0.082161,41.0,23.766069,86.411799
2026-06-06 15:00:00,N05,-0.2186,0.006947,2.76,28.2526,0.07773,39.8,23.766069,86.411799
2026-06-06 16:00:00,N05,0.1245,0.722638,39.97,28.3255,0.080618,38.2,23.766069,86.411799
2026-06-06 17:00:00,N05,0.0719,0.556829,19.91,28.4138,0.090053,36.4,23.766069,86.411799
2026-06-06 18:00:00,N05,,,,,,,23.766069,86.411799
2026-06-06 19:00:00,N05,,,,,,,23.766069,86.411799
2026-06-06 20:00:00,N05,,,,,,,23.766069,86.411799
2026-06-06 21:00:00,N05,,,,,,,23.766069,86.411799
2026-06-06 22:00:00,N05,,,,,,,23.766069,86.411799
2026-06-06 23:00:00,N05,,,,,,,23.766069,86.411799
2026-06-07 00:00:00,N05,,,,,,,23.766069,86.411799
2026-06-07 01:00:00,N05,,,,,,,23.766069,86.411799
2026-06-07 02:00:00,N05,,,,,,,23.766069,86.411799
2026-06-07 03:00:00,N05,,,,,,,23.766069,86.411799
2026-06-07 04:00:00,N05,,,,,,,23.766069,86.411799
2026-06-07 05:00:00,N05,,,,,,,23.766069,86.411799
2026-06-07 06:00:00,N05,,,,,,,23.766069,86.411799
2026-06-07 07:00:00,N05,,,,,,,23.766069,86.411799
2026-06-07 08:00:00,N05,-0.3626,0.00659,4.19,29.6132,0.078619,36.4,23.766069,86.411799
2026-06-07 09:00:00,N05,0.2303,0.008896,8.39,29.6913,0.070808,37.9,23.766069,86.411799
2026-06-07 10:00:00,N05,0.3328,0.566006,28.84,29.7548,0.077653,39.1,23.766069,86.411799
2026-06-07 11:00:00,N05,-0.0113,0.008632,2.46,29.8466,0.075419,39.9,23.766069,86.411799
2026-06-07 12:00:00,N05,0.1364,0.966616,22.18,29.9057,0.07728,40.1,23.766069,86.411799
2026-06-07 13:00:00,N05,0.0701,0.006692,1.96,30.0011,0.090611,39.9,23.766069,86.411799
2026-06-07 14:00:00,N05,0.1667,0.64469,15.51,30.0869,0.077166,39.1,23.766069,86.411799
2026-06-07 15:00:00,N05,0.2869,0.007241,9.37,30.1555,0.072643,37.9,23.766069,86.411799
2026-06-07 16:00:00,N05,0.1137,0.006393,2.56,30.2322,0.077127,36.4,23.766069,86.411799
2026-06-07 17:00:00,N05,0.05,0.007944,9.75,30.3097,0.077203,34.6,23.766069,86.411799
2026-06-07 18:00:00,N05,,,,,,,23.766069,86.411799
2026-06-07 19:00:00,N05,,,,,,,23.766069,86.411799
2026-06-07 20:00:00,N05,,,,,,,23.766069,86.411799
2026-06-07 21:00:00,N05,0.3153,0.008631,5.92,30.6148,0.076039,27.3,23.766069,86.411799
2026-06-07 22:00:00,N05,,,,,,,23.766069,86.411799
2026-06-07 23:00:00,N05,,,,,,,23.766069,86.411799
2026-06-08 00:00:00,N05,0.0241,0.010812,5.64,30.8423,0.075894,24.2,23.766069,86.411799
2026-06-08 01:00:00,N05,0.049,0.010048,9.49,30.9183,0.075617,24.4,23.766069,86.411799
2026-06-08 02:00:00,N05,0.1163,0.006273,9.9,30.9936,0.075369,25.2,23.766069,86.411799
2026-06-08 03:00:00,N05,0.1737,0.00766,3.64,31.0691,0.075203,26.4,23.766069,86.411799
2026-06-08 04:00:00,N05,-0.0358,0.007154,5.16,31.144,0.074547,27.9,23.766069,86.411799
2026-06-08 05:00:00,N05,,,,,,,23.766069,86.411799
2026-06-08 06:00:00,N05,0.2497,0.006764,3.87,31.2926,0.081935,31.7,23.766069,86.411799
2026-06-08 07:00:00,N05,0.1393,0.58192,17.05,31.382,0.074488,33.6,23.766069,86.411799
2026-06-08 08:00:00,N05,0.0538,0.010134,4.03,31.4416,0.066685,35.4,23.766069,86.411799
2026-06-08 09:00:00,N05,-0.2198,0.007477,2.2,31.5154,0.072992,37.0,23.766069,86.411799
2026-06-08 10:00:00,N05,0.1909,0.00766,6.84,31.5876,0.072585,38.2,23.766069,86.411799
2026-06-08 11:00:00,N05,-0.1077,0.00674,5.37,31.6606,0.073219,38.9,23.766069,86.411799
2026-06-08 12:00:00,N05,0.2263,0.007466,9.93,31.734,0.069789,39.2,23.766069,86.411799
2026-06-08 13:00:00,N05,0.2052,0.898444,16.18,31.8002,0.069985,38.9,23.766069,86.411799
2026-06-08 14:00:00,N05,0.3143,0.674871,18.69,31.874,0.077047,38.2,23.766069,86.411799
2026-06-08 15:00:00,N05,0.3409,0.006227,3.43,31.9543,0.070497,37.0,23.766069,86.411799
2026-06-08 16:00:00,N05,-0.2157,0.814776,40.72,32.015,0.073323,35.4,23.766069,86.411799
2026-06-08 17:00:00,N05,0.0649,0.008521,9.68,32.1009,0.079018,33.6,23.766069,86.411799
2026-06-08 18:00:00,N05,0.0635,0.009795,4.8,32.173,0.071995,31.7,23.766069,86.411799
2026-06-08 19:00:00,N05,-0.0544,0.006864,6.95,32.2449,0.072476,29.7,23.766069,86.411799
2026-06-08 20:00:00,N05,-0.0126,0.007412,7.0,32.318,0.07277,27.9,23.766069,86.411799
2026-06-08 21:00:00,N05,0.1178,0.00672,6.2,32.3904,0.072693,26.4,23.766069,86.411799
2026-06-08 22:00:00,N05,-0.1616,0.00853,8.72,32.4634,0.072611,25.2,23.766069,86.411799
2026-06-08 23:00:00,N05,0.027,0.00614,8.36,32.5357,0.071877,24.4,23.766069,86.411799
2026-06-09 00:00:00,N05,-0.3147,0.010732,1.02,32.6071,0.071312,23.8,23.766069,86.411799
2026-06-09 01:00:00,N05,,,,,,,23.766069,86.411799
2026-06-09 02:00:00,N05,0.319,0.006631,8.07,32.7495,0.070984,24.8,23.766069,86.411799
2026-06-09 03:00:00,N05,0.2985,0.009403,5.59,32.8203,0.070464,26.0,23.766069,86.411799
2026-06-09 04:00:00,N05,0.1147,0.008231,8.05,32.8904,0.070263,27.6,23.766069,86.411799
2026-06-09 05:00:00,N05,0.1472,0.007211,8.81,32.9608,0.07702,29.4,23.766069,86.411799
2026-06-09 06:00:00,N05,,,,,,,23.766069,86.411799
2026-06-09 07:00:00,N05,,,,,,,23.766069,86.411799
2026-06-09 08:00:00,N05,,,,,,,23.766069,86.411799
2026-06-09 09:00:00,N05,-0.0134,0.00713,9.69,33.2397,0.069431,36.6,23.766069,86.411799
2026-06-09 10:00:00,N05,0.1319,0.010812,7.59,33.3092,0.0727,37.8,23.766069,86.411799
2026-06-09 11:00:00,N05,0.169,0.546931,23.22,33.3851,0.073011,38.6,23.766069,86.411799
2026-06-09 12:00:00,N05,0.3942,0.803568,15.56,33.4553,0.066825,38.8,23.766069,86.411799
2026-06-09 13:00:00,N05,0.1883,0.00662,8.29,33.5187,0.075381,38.6,23.766069,86.411799
2026-06-09 14:00:00,N05,0.0714,0.897525,38.89,33.606,0.068954,37.8,23.766069,86.411799
2026-06-09 15:00:00,N05,0.5982,0.007096,4.12,33.6566,0.059601,36.6,23.766069,86.411799
2026-06-09 16:00:00,N05,-0.035,0.007307,4.97,33.7252,0.068843,35.1,23.766069,86.411799
2026-06-09 17:00:00,N05,0.1737,0.007541,2.56,33.7943,0.068427,33.3,23.766069,86.411799
2026-06-09 18:00:00,N05,0.3484,0.006405,2.68,33.8621,0.068367,31.3,23.766069,86.411799
2026-06-09 19:00:00,N05,0.1046,0.0076,7.34,33.931,0.068486,29.4,23.766069,86.411799
2026-06-09 20:00:00,N05,0.1282,0.007947,1.54,33.999,0.067723,27.6,23.766069,86.411799
2026-06-09 21:00:00,N05,0.1247,0.008319,7.66,34.0665,0.067928,26.0,23.766069,86.411799
2026-06-09 22:00:00,N05,0.0345,0.006191,5.4,34.1349,0.068092,24.8,23.766069,86.411799
2026-06-09 23:00:00,N05,-0.0791,0.007934,9.31,34.2027,0.067925,24.1,23.766069,86.411799
2026-06-10 00:00:00,N05,0.339,0.00782,2.54,34.2707,0.068149,28.9,23.766069,86.411799
2026-06-10 01:00:00,N05,-0.1917,0.007032,5.91,34.339,0.067673,29.2,23.766069,86.411799
2026-06-10 02:00:00,N05,0.2547,0.007102,6.07,34.4061,0.067433,29.9,23.766069,86.411799
2026-06-10 03:00:00,N05,-0.0478,0.006942,4.21,34.4738,0.066981,31.1,23.766069,86.411799
2026-06-10 04:00:00,N05,0.0079,0.006237,6.62,34.5401,0.066295,32.7,23.766069,86.411799
2026-06-10 05:00:00,N05,,,,,,,23.766069,86.411799
2026-06-10 06:00:00,N05,,,,,,,23.766069,86.411799
2026-06-10 07:00:00,N05,,,,,,,23.766069,86.411799
2026-06-10 08:00:00,N05,0.564,0.589547,37.1,34.8109,0.071537,40.2,23.766069,86.411799
2026-06-10 09:00:00,N05,0.2939,0.006408,7.9,34.872,0.063768,41.7,23.766069,86.411799
2026-06-10 10:00:00,N05,0.3585,0.006461,4.45,34.9385,0.066191,42.9,23.766069,86.411799
2026-06-10 11:00:00,N05,,,,,,,23.766069,86.411799
2026-06-10 12:00:00,N05,,,,,,,23.766069,86.411799
2026-06-10 13:00:00,N05,,,,,,,23.766069,86.411799
2026-06-10 14:00:00,N05,0.181,0.007122,1.13,35.2027,0.072606,42.9,23.766069,86.411799
2026-06-10 15:00:00,N05,0.0995,0.008098,4.27,35.2677,0.065393,41.7,23.766069,86.411799
2026-06-10 16:00:00,N05,-0.0095,0.006437,3.37,35.3335,0.065846,40.2,23.766069,86.411799
2026-06-10 17:00:00,N05,0.0751,0.009079,9.56,35.3994,0.065442,38.4,23.766069,86.411799
2026-06-10 18:00:00,N05,0.2095,0.00657,6.51,35.4644,0.064207,36.4,23.766069,86.411799
2026-06-10 19:00:00,N05,-0.0013,0.009169,3.23,35.5278,0.06403,34.5,23.766069,86.411799
2026-06-10 20:00:00,N05,0.1015,0.00725,4.76,35.5924,0.064125,32.7,23.766069,86.411799
2026-06-10 21:00:00,N05,0.1767,0.006232,3.46,35.656,0.064192,31.1,23.766069,86.411799
2026-06-10 22:00:00,N05,0.2819,0.008338,1.75,35.7208,0.064465,29.9,23.766069,86.411799
2026-06-10 23:00:00,N05,0.3358,0.006098,5.07,35.785,0.063997,29.2,23.766069,86.411799
2026-06-11 00:00:00,N05,0.2974,0.007453,2.81,35.8488,0.063983,21.1,23.766069,86.411799
2026-06-11 01:00:00,N05,0.3302,0.008024,4.82,35.9129,0.063984,21.3,23.766069,86.411799
2026-06-11 02:00:00,N05,-0.0282,0.006419,5.68,35.9768,0.063441,22.1,23.766069,86.411799
2026-06-11 03:00:00,N05,0.1826,0.007419,1.37,36.0398,0.063186,23.2,23.766069,86.411799
2026-06-11 04:00:00,N05,-0.0762,0.006459,7.41,36.1032,0.063534,24.8,23.766069,86.411799
2026-06-11 05:00:00,N05,0.1316,0.006798,5.7,36.1669,0.063759,26.6,23.766069,86.411799
2026-06-11 06:00:00,N05,-0.005,0.008167,9.15,36.2307,0.063237,28.6,23.766069,86.411799
2026-06-11 07:00:00,N05,0.2519,0.006743,5.27,36.2934,0.069637,30.5,23.766069,86.411799
2026-06-11 08:00:00,N05,0.1627,0.831058,34.56,36.3699,0.062698,32.3,23.766069,86.411799
2026-06-11 09:00:00,N05,,,,,,,23.766069,86.411799
2026-06-11 10:00:00,N05,,,,,,,23.766069,86.411799
2026-06-11 11:00:00,N05,,,,,,,23.766069,86.411799
2026-06-11 12:00:00,N05,,,,,,,23.766069,86.411799
2026-06-11 13:00:00,N05,,,,,,,23.766069,86.411799
2026-06-11 14:00:00,N05,,,,,,,23.766069,86.411799
2026-06-11 15:00:00,N05,-0.0485,0.007218,6.09,36.7926,0.057152,33.9,23.766069,86.411799
2026-06-11 16:00:00,N05,0.2662,0.7834,46.17,36.8453,0.051945,32.3,23.766069,86.411799
2026-06-11 17:00:00,N05,-0.0458,0.945312,30.53,36.8965,0.06527,30.5,23.766069,86.411799
2026-06-11 18:00:00,N05,-0.1259,0.007955,1.6,36.9758,0.070113,28.6,23.766069,86.411799
2026-06-11 19:00:00,N05,-0.1025,0.007914,4.15,37.0367,0.060841,26.6,23.766069,86.411799
2026-06-11 20:00:00,N05,0.0914,0.00667,5.37,37.0975,0.061055,24.8,23.766069,86.411799
2026-06-11 21:00:00,N05,0.144,0.007904,8.19,37.1589,0.061025,23.2,23.766069,86.411799
2026-06-11 22:00:00,N05,-0.1271,0.008478,3.95,37.2195,0.060637,22.1,23.766069,86.411799
2026-06-11 23:00:00,N05,0.2026,0.006056,1.4,37.2801,0.060466,21.3,23.766069,86.411799
2026-06-12 00:00:00,N05,-0.1837,0.009159,4.17,37.3405,0.060372,25.8,23.766069,86.411799
2026-06-12 01:00:00,N05,0.0744,0.00616,4.87,37.4009,0.060139,26.0,23.766069,86.411799
2026-06-12 02:00:00,N05,0.1018,0.007362,7.63,37.4607,0.059943,26.8,23.766069,86.411799
2026-06-12 03:00:00,N05,0.4579,0.007587,1.75,37.5208,0.059687,28.0,23.766069,86.411799
2026-06-12 04:00:00,N05,-0.1634,0.009354,3.44,37.5801,0.059442,29.5,23.766069,86.411799
2026-06-12 05:00:00,N05,0.1644,0.008704,4.63,37.6396,0.059626,31.3,23.766069,86.411799
2026-06-12 06:00:00,N05,-0.0481,0.00616,5.99,37.6994,0.060123,33.3,23.766069,86.411799
2026-06-12 07:00:00,N05,0.2552,0.009741,1.42,37.7599,0.059579,35.2,23.766069,86.411799
2026-06-12 08:00:00,N05,0.0424,0.006655,1.63,37.8185,0.059006,37.0,23.766069,86.411799
2026-06-12 09:00:00,N05,0.2687,0.007442,7.55,37.8779,0.056628,38.6,23.766069,86.411799
2026-06-12 10:00:00,N05,-0.103,0.860212,43.05,37.9318,0.056664,39.8,23.766069,86.411799
2026-06-12 11:00:00,N05,0.399,0.8888,30.15,37.9912,0.061659,40.5,23.766069,86.411799
2026-06-12 12:00:00,N05,0.2146,0.006605,7.22,38.0551,0.061264,40.8,23.766069,86.411799
2026-06-12 13:00:00,N05,0.1471,0.007562,9.3,38.1138,0.058359,40.5,23.766069,86.411799
2026-06-12 14:00:00,N05,0.0612,0.006636,7.25,38.1718,0.058425,39.8,23.766069,86.411799
2026-06-12 15:00:00,N05,0.1858,0.006597,9.27,38.2306,0.058927,38.6,23.766069,86.411799
2026-06-12 16:00:00,N05,0.1669,0.006156,5.39,38.2897,0.058323,37.0,23.766069,86.411799
2026-06-12 17:00:00,N05,0.459,0.007071,4.53,38.3473,0.057862,35.2,23.766069,86.411799
2026-06-12 18:00:00,N05,0.1591,0.00965,8.26,38.4054,0.057955,33.3,23.766069,86.411799
2026-06-12 19:00:00,N05,-0.1247,0.00685,2.48,38.4632,0.057418,31.3,23.766069,86.411799
2026-06-12 20:00:00,N05,0.3647,0.007195,5.98,38.5202,0.05717,29.5,23.766069,86.411799
2026-06-12 21:00:00,N05,-0.0471,0.006448,6.54,38.5775,0.057369,28.0,23.766069,86.411799
2026-06-12 22:00:00,N05,0.3863,0.006703,8.27,38.635,0.057033,26.8,23.766069,86.411799
2026-06-12 23:00:00,N05,0.1465,0.008545,6.27,38.6916,0.05736,26.0,23.766069,86.411799
2026-06-13 00:00:00,N05,0.0644,0.008004,3.72,38.7497,0.057135,24.0,23.766069,86.411799
2026-06-13 01:00:00,N05,,,,,,,23.766069,86.411799
2026-06-13 02:00:00,N05,,,,,,,23.766069,86.411799
2026-06-13 03:00:00,N05,,,,,,,23.766069,86.411799
2026-06-13 04:00:00,N05,,,,,,,23.766069,86.411799
2026-06-13 05:00:00,N05,,,,,,,23.766069,86.411799
2026-06-13 06:00:00,N05,0.0787,0.006333,4.31,39.0898,0.056847,31.5,23.766069,86.411799
2026-06-13 07:00:00,N05,0.1745,0.006712,9.6,39.1461,0.056182,33.5,23.766069,86.411799
2026-06-13 08:00:00,N05,0.1653,0.007534,5.48,39.2021,0.055924,35.3,23.766069,86.411799
2026-06-13 09:00:00,N05,0.1404,0.007494,2.59,39.258,0.052076,36.8,23.766069,86.411799
2026-06-13 10:00:00,N05,0.0095,0.941293,41.06,39.3063,0.056278,38.0,23.766069,86.411799
2026-06-13 11:00:00,N05,0.3428,0.008605,5.0,39.3705,0.059963,38.8,23.766069,86.411799
2026-06-13 12:00:00,N05,0.3209,0.007431,5.05,39.4262,0.055755,39.0,23.766069,86.411799
2026-06-13 13:00:00,N05,,,,,,,23.766069,86.411799
2026-06-13 14:00:00,N05,,,,,,,23.766069,86.411799
2026-06-13 15:00:00,N05,,,,,,,23.766069,86.411799
2026-06-13 16:00:00,N05,,,,,,,23.766069,86.411799
2026-06-13 17:00:00,N05,0.1957,0.007806,2.67,39.7025,0.054112,33.5,23.766069,86.411799
2026-06-13 18:00:00,N05,-0.0788,0.009371,9.05,39.7554,0.053798,31.5,23.766069,86.411799
2026-06-13 19:00:00,N05,0.1964,0.006101,5.05,39.8101,0.054086,29.6,23.766069,86.411799
2026-06-13 20:00:00,N05,,,,,,,23.766069,86.411799
2026-06-13 21:00:00,N05,,,,,,,23.766069,86.411799
2026-06-13 22:00:00,N05,0.1573,0.00692,8.83,39.9726,0.054107,25.0,23.766069,86.411799
2026-06-13 23:00:00,N05,0.1616,0.00881,2.8,40.0264,0.054324,24.3,23.766069,86.411799
2026-06-14 00:00:00,N05,0.0171,0.00588,6.2,40.0812,0.05462,26.9,23.766069,86.411799
2026-06-14 01:00:00,N05,0.0361,0.008571,8.61,40.1357,0.053916,27.1,23.766069,86.411799
2026-06-14 02:00:00,N05,0.0334,0.006073,6.12,40.1891,0.053544,27.9,23.766069,86.411799
2026-06-14 03:00:00,N05,0.0177,0.007175,2.11,40.2427,0.053427,29.1,23.766069,86.411799
2026-06-14 04:00:00,N05,0.0636,0.006769,4.25,40.2959,0.053018,30.6,23.766069,86.411799
2026-06-14 05:00:00,N05,0.1764,0.006745,8.49,40.3488,0.052805,32.4,23.766069,86.411799
2026-06-14 06:00:00,N05,0.3087,0.005842,8.32,40.4015,0.053372,34.4,23.766069,86.411799
2026-06-14 07:00:00,N05,-0.0085,0.00617,1.8,40.4555,0.056197,36.3,23.766069,86.411799
2026-06-14 08:00:00,N05,0.2313,0.905399,34.68,40.5139,0.055942,38.1,23.766069,86.411799
2026-06-14 09:00:00,N05,0.1946,0.789702,48.37,40.5674,0.066466,39.7,23.766069,86.411799
2026-06-14 10:00:00,N05,-0.0253,0.947281,42.95,40.6468,0.057507,40.9,23.766069,86.411799
2026-06-14 11:00:00,N05,0.6442,0.893333,17.89,40.6824,0.036551,41.6,23.766069,86.411799
2026-06-14 12:00:00,N05,0.1613,0.006826,5.44,40.7199,0.044876,41.9,23.766069,86.411799
2026-06-14 13:00:00,N05,-0.1146,0.006718,9.53,40.7722,0.05152,41.6,23.766069,86.411799
2026-06-14 14:00:00,N05,0.1804,0.005916,8.01,40.823,0.051612,40.9,23.766069,86.411799
2026-06-14 15:00:00,N05,0.1581,0.005975,9.23,40.8754,0.05254,39.7,23.766069,86.411799
2026-06-14 16:00:00,N05,0.2031,0.0081,4.93,40.9281,0.052586,38.1,23.766069,86.411799
2026-06-14 17:00:00,N05,0.1624,0.008162,7.54,40.9806,0.051839,36.3,23.766069,86.411799
2026-06-14 18:00:00,N05,0.1071,0.006347,8.83,41.0317,0.051703,34.4,23.766069,86.411799
2026-06-14 19:00:00,N05,-0.1962,0.007029,3.42,41.084,0.051914,32.4,23.766069,86.411799
2026-06-14 20:00:00,N05,0.0958,0.007114,5.38,41.1356,0.051608,30.6,23.766069,86.411799
2026-06-14 21:00:00,N05,0.2145,0.008251,6.68,41.1872,0.051365,29.1,23.766069,86.411799
2026-06-14 22:00:00,N05,0.0461,0.006098,1.57,41.2383,0.050784,27.9,23.766069,86.411799
2026-06-14 23:00:00,N05,-0.0509,0.006837,1.27,41.2888,0.050459,27.1,23.766069,86.411799
2026-06-15 00:00:00,N05,0.231,0.007503,5.12,41.3392,0.050549,27.7,23.766069,86.411799
2026-06-15 01:00:00,N05,0.1297,0.007619,3.8,41.3899,0.050626,27.9,23.766069,86.411799
2026-06-15 02:00:00,N05,0.0209,0.00595,5.71,41.4405,0.051016,28.7,23.766069,86.411799
2026-06-15 03:00:00,N05,0.4635,0.006194,2.54,41.4919,0.051365,29.9,23.766069,86.411799
2026-06-15 04:00:00,N05,,,,,,,23.766069,86.411799
2026-06-15 05:00:00,N05,,,,,,,23.766069,86.411799
2026-06-15 06:00:00,N05,,,,,,,23.766069,86.411799
2026-06-15 07:00:00,N05,,,,,,,23.766069,86.411799
2026-06-15 08:00:00,N05,,,,,,,23.766069,86.411799
2026-06-15 09:00:00,N05,0.2583,0.008273,4.2,41.7943,0.049815,40.5,23.766069,86.411799
2026-06-15 10:00:00,N05,0.1623,0.006577,4.03,41.8437,0.049362,41.7,23.766069,86.411799
2026-06-15 11:00:00,N05,0.3932,0.007358,1.58,41.893,0.049595,42.4,23.766069,86.411799
2026-06-15 12:00:00,N05,0.457,0.007523,3.43,41.9429,0.049823,42.7,23.766069,86.411799
2026-06-15 13:00:00,N05,0.1639,0.005909,6.92,41.9926,0.049873,42.4,23.766069,86.411799
2026-06-15 14:00:00,N05,-0.1377,0.005838,8.67,42.0426,0.050304,41.7,23.766069,86.411799
2026-06-15 15:00:00,N05,-0.0216,0.006154,8.54,42.0932,0.050012,40.5,23.766069,86.411799
2026-06-15 16:00:00,N05,,,,,,,23.766069,86.411799
2026-06-15 17:00:00,N05,-0.0469,0.681333,32.38,42.2098,0.058576,37.1,23.766069,86.411799
2026-06-15 18:00:00,N05,0.2677,0.937859,30.95,42.2598,0.040637,35.2,23.766069,86.411799
2026-06-15 19:00:00,N05,0.233,0.007471,8.24,42.2911,0.039473,33.2,23.766069,86.411799
2026-06-15 20:00:00,N05,0.0014,0.008477,9.33,42.3388,0.048675,31.4,23.766069,86.411799
2026-06-15 21:00:00,N05,,,,,,,23.766069,86.411799
2026-06-15 22:00:00,N05,,,,,,,23.766069,86.411799
2026-06-15 23:00:00,N05,,,,,,,23.766069,86.411799
2026-06-16 00:00:00,N05,,,,,,,23.766069,86.411799
2026-06-16 01:00:00,N05,,,,,,,23.766069,86.411799
2026-06-16 02:00:00,N05,0.1793,0.009337,3.37,42.6307,0.047528,28.6,23.766069,86.411799
2026-06-16 03:00:00,N05,0.2298,0.008534,7.87,42.6776,0.047286,29.7,23.766069,86.411799
2026-06-16 04:00:00,N05,-0.0211,0.00862,2.59,42.7253,0.047728,31.3,23.766069,86.411799
2026-06-16 05:00:00,N05,0.0003,0.006268,5.86,42.773,0.051909,33.1,23.766069,86.411799
2026-06-16 06:00:00,N05,0.1766,0.808375,33.6,42.8291,0.047593,35.0,23.766069,86.411799
2026-06-16 07:00:00,N05,0.1055,0.009134,3.61,42.8682,0.043321,37.0,23.766069,86.411799
2026-06-16 08:00:00,N05,0.1336,0.006656,8.45,42.9157,0.047306,38.8,23.766069,86.411799
2026-06-16 09:00:00,N05,-0.1012,0.008335,3.46,42.9628,0.047638,40.4,23.766069,86.411799
2026-06-16 10:00:00,N05,0.132,0.006894,8.24,43.011,0.047487,41.5,23.766069,86.411799
2026-06-16 11:00:00,N05,0.1812,0.006868,4.41,43.0578,0.046795,42.3,23.766069,86.411799
2026-06-16 12:00:00,N05,0.1482,0.006805,5.46,43.1046,0.046647,42.5,23.766069,86.411799
2026-06-16 13:00:00,N05,0.3283,0.006922,9.54,43.1511,0.046801,42.3,23.766069,86.411799
2026-06-16 14:00:00,N05,,,,,,,23.766069,86.411799
2026-06-16 15:00:00,N05,,,,,,,23.766069,86.411799
2026-06-16 16:00:00,N05,,,,,,,23.766069,86.411799
2026-06-16 17:00:00,N05,,,,,,,23.766069,86.411799
2026-06-16 18:00:00,N05,,,,,,,23.766069,86.411799
2026-06-16 19:00:00,N05,-0.1669,0.008706,4.29,43.4298,0.045744,33.1,23.766069,86.411799
2026-06-16 20:00:00,N05,0.1977,0.008828,2.33,43.4751,0.045618,31.3,23.766069,86.411799
2026-06-16 21:00:00,N05,0.1993,0.009493,1.67,43.521,0.04583,29.7,23.766069,86.411799
2026-06-16 22:00:00,N05,0.1571,0.006135,9.31,43.5668,0.045612,28.6,23.766069,86.411799
2026-06-16 23:00:00,N05,-0.0953,0.006791,9.61,43.6123,0.045683,27.8,23.766069,86.411799
2026-06-17 00:00:00,N05,0.203,0.008509,4.83,43.6581,0.045523,26.6,23.766069,86.411799
2026-06-17 01:00:00,N05,0.1061,0.005809,6.27,43.7033,0.045262,26.9,23.766069,86.411799
2026-06-17 02:00:00,N05,-0.0633,0.007253,7.14,43.7486,0.045383,27.6,23.766069,86.411799
2026-06-17 03:00:00,N05,0.0743,0.006119,9.88,43.7941,0.045314,28.8,23.766069,86.411799
2026-06-17 04:00:00,N05,0.0271,0.00696,6.5,43.8393,0.045021,30.4,23.766069,86.411799
2026-06-17 05:00:00,N05,0.2034,0.008342,7.92,43.8841,0.045121,32.2,23.766069,86.411799
2026-06-17 06:00:00,N05,0.3374,0.008125,1.02,43.9295,0.054187,34.1,23.766069,86.411799
2026-06-17 07:00:00,N05,0.4094,0.946928,16.68,43.9925,0.054261,36.1,23.766069,86.411799
2026-06-17 08:00:00,N05,0.1814,0.646223,21.37,44.038,0.036203,37.9,23.766069,86.411799
2026-06-17 09:00:00,N05,0.3013,0.006932,4.71,44.0649,0.035778,39.4,23.766069,86.411799
2026-06-17 10:00:00,N05,0.2881,0.008473,5.98,44.1096,0.044459,40.6,23.766069,86.411799
2026-06-17 11:00:00,N05,0.1951,0.008738,6.73,44.1538,0.043974,41.4,23.766069,86.411799
2026-06-17 12:00:00,N05,0.489,0.00756,2.69,44.1975,0.044069,41.6,23.766069,86.411799
2026-06-17 13:00:00,N05,0.1776,0.007978,4.33,44.242,0.044064,41.4,23.766069,86.411799
2026-06-17 14:00:00,N05,0.061,0.006351,4.07,44.2857,0.043744,40.6,23.766069,86.411799
2026-06-17 15:00:00,N05,0.1336,0.008178,5.97,44.3294,0.046936,39.4,23.766069,86.411799
2026-06-17 16:00:00,N05,0.5013,0.634358,42.25,44.3795,0.044312,37.9,23.766069,86.411799
2026-06-17 17:00:00,N05,0.2242,0.00714,9.2,44.4181,0.041022,36.1,23.766069,86.411799
2026-06-17 18:00:00,N05,0.1471,0.008,7.48,44.4616,0.04362,34.1,23.766069,86.411799
2026-06-17 19:00:00,N05,0.0299,0.009221,8.46,44.5053,0.04335,32.2,23.766069,86.411799
2026-06-17 20:00:00,N05,,,,,,,23.766069,86.411799
2026-06-17 21:00:00,N05,,,,,,,23.766069,86.411799
2026-06-17 22:00:00,N05,,,,,,,23.766069,86.411799
2026-06-17 23:00:00,N05,,,,,,,23.766069,86.411799
2026-06-18 00:00:00,N05,0.1798,0.007339,2.57,44.721,0.042698,24.3,23.766069,86.411799
2026-06-18 01:00:00,N05,0.2029,0.005788,4.79,44.7637,0.042558,24.5,23.766069,86.411799
2026-06-18 02:00:00,N05,0.3668,0.00693,7.4,44.8061,0.042679,25.3,23.766069,86.411799
2026-06-18 03:00:00,N05,0.0791,0.00568,9.11,44.8491,0.042926,26.5,23.766069,86.411799
2026-06-18 04:00:00,N05,0.2472,0.007263,9.93,44.8919,0.042793,28.0,23.766069,86.411799
2026-06-18 05:00:00,N05,0.1406,0.006201,1.08,44.9347,0.036552,29.8,23.766069,86.411799
2026-06-18 06:00:00,N05,,,,,,,23.766069,86.411799
2026-06-18 07:00:00,N05,,,,,,,23.766069,86.411799
2026-06-18 08:00:00,N05,,,,,,,23.766069,86.411799
2026-06-18 09:00:00,N05,,,,,,,23.766069,86.411799
2026-06-18 10:00:00,N05,0.2015,0.006852,3.67,45.1465,0.042153,38.3,23.766069,86.411799
2026-06-18 11:00:00,N05,0.1178,0.006469,7.25,45.1885,0.041974,39.0,23.766069,86.411799
2026-06-18 12:00:00,N05,0.0693,0.006134,3.13,45.2304,0.042039,39.3,23.766069,86.411799
2026-06-18 13:00:00,N05,0.1653,0.005838,3.35,45.2726,0.041523,39.0,23.766069,86.411799
2026-06-18 14:00:00,N05,0.2073,0.006406,2.06,45.3135,0.041339,38.3,23.766069,86.411799
2026-06-18 15:00:00,N05,0.1981,0.007347,6.81,45.3553,0.044676,37.1,23.766069,86.411799
2026-06-18 16:00:00,N05,0.2425,0.819605,28.67,45.4028,0.048592,35.5,23.766069,86.411799
2026-06-18 17:00:00,N05,0.0683,0.698425,31.87,45.4525,0.038407,33.7,23.766069,86.411799
2026-06-18 18:00:00,N05,,,,,,,23.766069,86.411799
2026-06-18 19:00:00,N05,,,,,,,23.766069,86.411799
2026-06-18 20:00:00,N05,,,,,,,23.766069,86.411799
2026-06-18 21:00:00,N05,,,,,,,23.766069,86.411799
2026-06-18 22:00:00,N05,0.0626,0.007685,4.81,45.6467,0.04077,25.3,23.766069,86.411799
2026-06-18 23:00:00,N05,,,,,,,23.766069,86.411799
2026-06-19 00:00:00,N05,,,,,,,23.766069,86.411799
2026-06-19 01:00:00,N05,,,,,,,23.766069,86.411799
2026-06-19 02:00:00,N05,-0.0277,0.006103,5.92,45.8093,0.040261,28.1,23.766069,86.411799
2026-06-19 03:00:00,N05,0.1968,0.008119,5.2,45.8497,0.040398,29.3,23.766069,86.411799
2026-06-19 04:00:00,N05,0.1575,0.007912,6.77,45.8901,0.039994,30.9,23.766069,86.411799
2026-06-19 05:00:00,N05,0.225,0.006453,3.81,45.9296,0.039632,32.7,23.766069,86.411799
2026-06-19 06:00:00,N05,0.0744,0.007453,9.6,45.9693,0.039466,34.6,23.766069,86.411799
2026-06-19 07:00:00,N05,0.1702,0.007273,1.05,46.0086,0.039306,36.5,23.766069,86.411799
2026-06-19 08:00:00,N05,0.4434,0.00773,4.98,46.048,0.039634,38.4,23.766069,86.411799
2026-06-19 09:00:00,N05,,,,,,,23.766069,86.411799
2026-06-19 10:00:00,N05,,,,,,,23.766069,86.411799
2026-06-19 11:00:00,N05,,,,,,,23.766069,86.411799
2026-06-19 12:00:00,N05,,,,,,,23.766069,86.411799
2026-06-19 13:00:00,N05,-0.0894,0.006978,1.97,46.2471,0.031869,41.8,23.766069,86.411799
2026-06-19 14:00:00,N05,-0.0796,0.827131,22.44,46.2708,0.031546,41.1,23.766069,86.411799
2026-06-19 15:00:00,N05,0.2842,0.56479,27.88,46.3102,0.047377,39.9,23.766069,86.411799
2026-06-19 16:00:00,N05,0.1862,0.007939,4.0,46.3656,0.04707,38.4,23.766069,86.411799
2026-06-19 17:00:00,N05,0.1771,0.005783,1.87,46.4044,0.03866,36.5,23.766069,86.411799
2026-06-19 18:00:00,N05,0.2714,0.006161,1.32,46.4429,0.038571,34.6,23.766069,86.411799
2026-06-19 19:00:00,N05,0.1792,0.007303,7.96,46.4815,0.038841,32.7,23.766069,86.411799
2026-06-19 20:00:00,N05,0.3774,0.005944,2.77,46.5206,0.039116,30.9,23.766069,86.411799
2026-06-19 21:00:00,N05,,,,,,,23.766069,86.411799
2026-06-19 22:00:00,N05,,,,,,,23.766069,86.411799
2026-06-19 23:00:00,N05,,,,,,,23.766069,86.411799
2026-06-20 00:00:00,N05,,,,,,,23.766069,86.411799
2026-06-20 01:00:00,N05,-0.0546,0.006489,4.82,46.7156,0.038452,20.5,23.766069,86.411799
2026-06-20 02:00:00,N05,0.1808,0.006332,6.69,46.7543,0.038169,21.2,23.766069,86.411799
2026-06-20 03:00:00,N05,0.0821,0.008147,8.47,46.792,0.037864,22.4,23.766069,86.411799
2026-06-20 04:00:00,N05,0.1546,0.007987,8.89,46.83,0.037963,24.0,23.766069,86.411799
2026-06-20 05:00:00,N05,-0.0648,0.009539,8.28,46.8679,0.038147,25.8,23.766069,86.411799
2026-06-20 06:00:00,N05,0.0353,0.008947,7.71,46.9063,0.038484,27.7,23.766069,86.411799
2026-06-20 07:00:00,N05,0.143,0.00748,7.62,46.9448,0.045879,29.7,23.766069,86.411799
2026-06-20 08:00:00,N05,0.3596,0.673748,15.93,46.9981,0.037931,31.5,23.766069,86.411799
2026-06-20 09:00:00,N05,0.1646,0.008071,5.97,47.0207,0.029893,33.0,23.766069,86.411799
2026-06-20 10:00:00,N05,0.0095,0.007268,9.27,47.0578,0.037614,34.2,23.766069,86.411799
2026-06-20 11:00:00,N05,0.178,0.006051,8.0,47.0959,0.037666,35.0,23.766069,86.411799
2026-06-20 12:00:00,N05,0.3781,0.007009,4.16,47.1332,0.037556,35.2,23.766069,86.411799
2026-06-20 13:00:00,N05,-0.0357,0.006252,8.85,47.171,0.030607,35.0,23.766069,86.411799
2026-06-20 14:00:00,N05,0.1281,0.937949,44.1,47.1944,0.037256,34.2,23.766069,86.411799
2026-06-20 15:00:00,N05,,,,,,,23.766069,86.411799
2026-06-20 16:00:00,N05,0.0845,0.009288,8.33,47.2824,0.036708,31.5,23.766069,86.411799
2026-06-20 17:00:00,N05,-0.0004,0.005596,8.07,47.319,0.036972,29.7,23.766069,86.411799
2026-06-20 18:00:00,N05,0.217,0.009617,3.75,47.3564,0.037563,27.7,23.766069,86.411799
2026-06-20 19:00:00,N05,0.1537,0.007988,5.32,47.3941,0.037672,25.8,23.766069,86.411799
2026-06-20 20:00:00,N05,-0.0104,0.006639,7.76,47.4317,0.037486,24.0,23.766069,86.411799
2026-06-20 21:00:00,N05,0.1371,0.006977,6.6,47.4691,0.037094,22.4,23.766069,86.411799
2026-06-20 22:00:00,N05,0.3123,0.006966,8.32,47.5059,0.036261,21.2,23.766069,86.411799
2026-06-20 23:00:00,N05,0.024,0.009641,1.9,47.5416,0.036189,20.5,23.766069,86.411799
2026-06-21 00:00:00,N05,0.0883,0.007598,5.61,47.5783,0.036441,24.0,23.766069,86.411799
2026-06-21 01:00:00,N05,0.2443,0.006405,2.64,47.6145,0.03601,24.3,23.766069,86.411799
2026-06-21 02:00:00,N05,0.2064,0.007838,3.85,47.6503,0.036128,25.0,23.766069,86.411799
2026-06-21 03:00:00,N05,0.0785,0.009427,2.6,47.6867,0.036083,26.2,23.766069,86.411799
2026-06-21 04:00:00,N05,0.2734,0.006283,8.68,47.7225,0.035768,27.8,23.766069,86.411799
2026-06-21 05:00:00,N05,0.0408,0.007048,4.19,47.7583,0.035808,29.6,23.766069,86.411799
2026-06-21 06:00:00,N05,0.211,0.006599,4.65,47.7941,0.035598,31.5,23.766069,86.411799
2026-06-21 07:00:00,N05,0.0881,0.006269,7.4,47.8295,0.035809,33.5,23.766069,86.411799
2026-06-21 08:00:00,N05,0.456,0.007797,9.7,47.8657,0.036012,35.3,23.766069,86.411799
2026-06-21 09:00:00,N05,-0.0544,0.008475,2.22,47.9015,0.03525,36.8,23.766069,86.411799
2026-06-21 10:00:00,N05,0.127,0.006847,1.12,47.9362,0.035291,38.0,23.766069,86.411799
2026-06-21 11:00:00,N05,0.5323,0.005766,6.95,47.9721,0.035874,38.8,23.766069,86.411799
2026-06-21 12:00:00,N05,0.392,0.009072,3.24,48.0079,0.035687,39.0,23.766069,86.411799
2026-06-21 13:00:00,N05,0.2008,0.006812,7.18,48.0434,0.028152,38.8,23.766069,86.411799
2026-06-21 14:00:00,N05,0.1346,0.853193,23.06,48.0642,0.03599,38.0,23.766069,86.411799
2026-06-21 15:00:00,N05,0.0875,0.008275,9.21,48.1154,0.043239,36.8,23.766069,86.411799
2026-06-21 16:00:00,N05,0.15,0.007341,5.33,48.1507,0.044294,35.3,23.766069,86.411799
2026-06-21 17:00:00,N05,0.0988,0.735754,42.85,48.204,0.035248,33.5,23.766069,86.411799
2026-06-21 18:00:00,N05,0.0784,0.006618,6.69,48.2212,0.02611,31.5,23.766069,86.411799
2026-06-21 19:00:00,N05,-0.1053,0.006061,1.89,48.2562,0.034647,29.6,23.766069,86.411799
2026-06-21 20:00:00,N05,0.2363,0.008731,2.24,48.2905,0.034415,27.8,23.766069,86.411799
2026-06-21 21:00:00,N05,0.2049,0.006147,2.06,48.3251,0.034445,26.2,23.766069,86.411799
2026-06-21 22:00:00,N05,,,,,,,23.766069,86.411799
2026-06-21 23:00:00,N05,,,,,,,23.766069,86.411799
2026-06-22 00:00:00,N05,,,,,,,23.766069,86.411799
2026-06-22 01:00:00,N05,,,,,,,23.766069,86.411799
2026-06-22 02:00:00,N05,0.3079,0.008905,7.52,48.4968,0.034574,29.9,23.766069,86.411799
2026-06-22 03:00:00,N05,0.1443,0.006525,5.42,48.5315,0.03449,31.1,23.766069,86.411799
2026-06-22 04:00:00,N05,-0.0131,0.007842,5.49,48.5657,0.034091,32.7,23.766069,86.411799
2026-06-22 05:00:00,N05,,,,,,,23.766069,86.411799
2026-06-22 06:00:00,N05,,,,,,,23.766069,86.411799
2026-06-22 07:00:00,N05,,,,,,,23.766069,86.411799
2026-06-22 08:00:00,N05,,,,,,,23.766069,86.411799
2026-06-22 09:00:00,N05,,,,,,,23.766069,86.411799
2026-06-22 10:00:00,N05,0.1522,0.006089,5.22,48.7695,0.033558,42.9,23.766069,86.411799
2026-06-22 11:00:00,N05,0.2226,0.007486,1.92,48.8024,0.033334,43.7,23.766069,86.411799
2026-06-22 12:00:00,N05,0.0434,0.007705,8.72,48.8361,0.033842,43.9,23.766069,86.411799
2026-06-22 13:00:00,N05,-0.0021,0.006496,9.15,48.8701,0.033459,43.7,23.766069,86.411799
2026-06-22 14:00:00,N05,0.1608,0.006528,7.24,48.903,0.033226,42.9,23.766069,86.411799
2026-06-22 15:00:00,N05,-0.0276,0.008934,4.8,48.9366,0.033199,41.7,23.766069,86.411799
2026-06-22 16:00:00,N05,,,,,,,23.766069,86.411799
2026-06-22 17:00:00,N05,,,,,,,23.766069,86.411799
2026-06-22 18:00:00,N05,,,,,,,23.766069,86.411799
2026-06-22 19:00:00,N05,,,,,,,23.766069,86.411799
2026-06-22 20:00:00,N05,0.0577,0.008327,8.68,49.1009,0.032556,32.7,23.766069,86.411799
2026-06-22 21:00:00,N05,0.2441,0.008024,3.8,49.1335,0.032922,31.1,23.766069,86.411799
2026-06-22 22:00:00,N05,0.1482,0.006906,6.96,49.1667,0.032587,29.9,23.766069,86.411799
2026-06-22 23:00:00,N05,0.1414,0.006701,6.47,49.1987,0.032885,29.2,23.766069,86.411799
2026-06-23 00:00:00,N05,0.3504,0.005554,4.48,49.2325,0.032953,27.1,23.766069,86.411799
2026-06-23 01:00:00,N05,0.5811,0.005854,6.4,49.2646,0.032858,27.3,23.766069,86.411799
2026-06-23 02:00:00,N05,0.1161,0.005969,6.41,49.2982,0.033037,28.1,23.766069,86.411799
2026-06-23 03:00:00,N05,0.1576,0.005564,1.26,49.3307,0.031835,29.2,23.766069,86.411799
2026-06-23 04:00:00,N05,0.1569,0.00677,2.0,49.3619,0.031543,30.8,23.766069,86.411799
2026-06-23 05:00:00,N05,0.2063,0.006006,3.33,49.3938,0.032079,32.6,23.766069,86.411799
2026-06-23 06:00:00,N05,0.0886,0.006985,6.08,49.426,0.028718,34.6,23.766069,86.411799
2026-06-23 07:00:00,N05,0.0697,0.503803,32.85,49.4512,0.038675,36.5,23.766069,86.411799
2026-06-23 08:00:00,N05,0.0759,0.756209,48.43,49.5034,0.035806,38.3,23.766069,86.411799
2026-06-23 09:00:00,N05,0.1371,0.006596,1.52,49.5228,0.025563,39.9,23.766069,86.411799
2026-06-23 10:00:00,N05,,,,,,,23.766069,86.411799
2026-06-23 11:00:00,N05,,,,,,,23.766069,86.411799
2026-06-23 12:00:00,N05,0.2266,0.006173,1.47,49.6176,0.037269,42.1,23.766069,86.411799
2026-06-23 13:00:00,N05,0.1681,0.57668,24.24,49.6603,0.037663,41.8,23.766069,86.411799
2026-06-23 14:00:00,N05,-0.0198,0.750773,30.34,49.6929,0.02634,41.0,23.766069,86.411799
2026-06-23 15:00:00,N05,0.1212,0.008975,7.88,49.713,0.025663,39.9,23.766069,86.411799
2026-06-23 16:00:00,N05,0.1651,0.005605,1.91,49.7443,0.031366,38.3,23.766069,86.411799
2026-06-23 17:00:00,N05,0.1293,0.008805,3.17,49.7757,0.031279,36.5,23.766069,86.411799
2026-06-23 18:00:00,N05,0.2003,0.005744,5.65,49.8068,0.031369,34.6,23.766069,86.411799
2026-06-23 19:00:00,N05,,,,,,,23.766069,86.411799
2026-06-23 20:00:00,N05,-0.025,0.007075,6.09,49.8693,0.031493,30.8,23.766069,86.411799
2026-06-23 21:00:00,N05,,,,,,,23.766069,86.411799
2026-06-23 22:00:00,N05,0.1301,0.008212,5.18,49.9328,0.031083,28.1,23.766069,86.411799
2026-06-23 23:00:00,N05,-0.2128,0.006065,5.72,49.9636,0.03096,27.3,23.766069,86.411799
2026-06-24 00:00:00,N05,0.3331,0.007786,1.56,49.9947,0.031076,24.6,23.766069,86.411799
2026-06-24 01:00:00,N05,0.2916,0.006135,8.91,50.0258,0.031188,24.8,23.766069,86.411799
2026-06-24 02:00:00,N05,,,,,,,23.766069,86.411799
2026-06-24 03:00:00,N05,,,,,,,23.766069,86.411799
2026-06-24 04:00:00,N05,0.1501,0.005941,7.71,50.1179,0.030631,28.3,23.766069,86.411799
2026-06-24 05:00:00,N05,0.2131,0.009729,2.83,50.1485,0.021831,30.1,23.766069,86.411799
2026-06-24 06:00:00,N05,0.1827,0.578203,39.46,50.1616,0.021993,32.1,23.766069,86.411799
2026-06-24 07:00:00,N05,0.3944,0.647259,27.93,50.1925,0.039492,34.0,23.766069,86.411799
2026-06-24 08:00:00,N05,0.4113,0.007717,5.64,50.2406,0.039425,35.8,23.766069,86.411799
2026-06-24 09:00:00,N05,0.2311,0.006753,8.82,50.2713,0.0307,37.4,23.766069,86.411799
2026-06-24 10:00:00,N05,0.1019,0.007319,2.11,50.302,0.030227,38.5,23.766069,86.411799
2026-06-24 11:00:00,N05,0.3246,0.006073,2.26,50.3318,0.029871,39.3,23.766069,86.411799
2026-06-24 12:00:00,N05,-0.0679,0.005506,2.18,50.3617,0.020492,39.6,23.766069,86.411799
2026-06-24 13:00:00,N05,0.2446,0.789983,26.59,50.3728,0.02076,39.3,23.766069,86.411799
2026-06-24 14:00:00,N05,0.1647,0.948261,23.29,50.4032,0.039661,38.5,23.766069,86.411799
2026-06-24 15:00:00,N05,,,,,,,23.766069,86.411799
2026-06-24 16:00:00,N05,,,,,,,23.766069,86.411799
2026-06-24 17:00:00,N05,0.0696,0.727277,26.21,50.502,0.029582,34.0,23.766069,86.411799
2026-06-24 18:00:00,N05,0.2148,0.007757,6.27,50.5407,0.034016,32.1,23.766069,86.411799
2026-06-24 19:00:00,N05,0.2766,0.007448,1.24,50.57,0.029187,30.1,23.766069,86.411799
2026-06-24 20:00:00,N05,0.1992,0.008852,3.24,50.599,0.028985,28.3,23.766069,86.411799
2026-06-24 21:00:00,N05,0.4688,0.00552,2.91,50.628,0.029131,26.7,23.766069,86.411799
2026-06-24 22:00:00,N05,0.2763,0.006431,7.0,50.6573,0.029352,25.6,23.766069,86.411799
2026-06-24 23:00:00,N05,0.2854,0.010667,2.69,50.6867,0.029393,24.8,23.766069,86.411799
2026-06-25 00:00:00,N05,-0.2777,0.007213,5.68,50.7161,0.029274,24.6,23.766069,86.411799
2026-06-25 01:00:00,N05,0.4311,0.007283,2.1,50.7452,0.029358,24.9,23.766069,86.411799
2026-06-25 02:00:00,N05,0.2693,0.00643,8.38,50.7748,0.028698,25.6,23.766069,86.411799
2026-06-25 03:00:00,N05,0.1371,0.006502,7.25,50.8026,0.028533,26.8,23.766069,86.411799
2026-06-25 04:00:00,N05,-0.007,0.007286,9.54,50.8319,0.029001,28.4,23.766069,86.411799
2026-06-25 05:00:00,N05,0.1066,0.007931,4.29,50.8606,0.028788,30.2,23.766069,86.411799
2026-06-25 06:00:00,N05,0.25,0.005904,5.64,50.8894,0.028123,32.1,23.766069,86.411799
2026-06-25 07:00:00,N05,0.0835,0.009698,4.96,50.9169,0.0279,34.1,23.766069,86.411799
2026-06-25 08:00:00,N05,,,,,,,23.766069,86.411799
2026-06-25 09:00:00,N05,,,,,,,23.766069,86.411799
2026-06-25 10:00:00,N05,,,,,,,23.766069,86.411799
2026-06-25 11:00:00,N05,,,,,,,23.766069,86.411799
2026-06-25 12:00:00,N05,,,,,,,23.766069,86.411799
2026-06-25 13:00:00,N05,0.1058,0.007791,8.79,51.0872,0.02836,39.4,23.766069,86.411799
2026-06-25 14:00:00,N05,0.0969,0.006172,2.67,51.1156,0.028632,38.6,23.766069,86.411799
2026-06-25 15:00:00,N05,0.2442,0.009017,4.47,51.1445,0.016264,37.4,23.766069,86.411799
2026-06-25 16:00:00,N05,0.3281,0.905859,15.04,51.1482,0.024682,35.9,23.766069,86.411799
2026-06-25 17:00:00,N05,0.2445,0.544098,20.24,51.1939,0.040772,34.1,23.766069,86.411799
2026-06-25 18:00:00,N05,,,,,,,23.766069,86.411799
2026-06-25 19:00:00,N05,,,,,,,23.766069,86.411799
2026-06-25 20:00:00,N05,,,,,,,23.766069,86.411799
2026-06-25 21:00:00,N05,,,,,,,23.766069,86.411799
2026-06-25 22:00:00,N05,,,,,,,23.766069,86.411799
2026-06-25 23:00:00,N05,-0.0395,0.007188,8.27,51.3697,0.027521,24.9,23.766069,86.411799
2026-06-26 00:00:00,N05,0.1016,0.010812,4.99,51.3966,0.027146,24.5,23.766069,86.411799
2026-06-26 01:00:00,N05,-0.1091,0.006609,2.98,51.424,0.027321,24.8,23.766069,86.411799
2026-06-26 02:00:00,N05,0.16,0.006582,1.36,51.4512,0.02696,25.5,23.766069,86.411799
2026-06-26 03:00:00,N05,0.2551,0.006305,4.86,51.478,0.027109,26.7,23.766069,86.411799
2026-06-26 04:00:00,N05,0.066,0.006147,2.67,51.5054,0.027421,28.2,23.766069,86.411799
2026-06-26 05:00:00,N05,0.3085,0.00636,6.5,51.5328,0.027348,30.1,23.766069,86.411799
2026-06-26 06:00:00,N05,0.4282,0.005452,8.19,51.5601,0.026745,32.0,23.766069,86.411799
2026-06-26 07:00:00,N05,0.0905,0.009599,5.56,51.5863,0.026679,33.9,23.766069,86.411799
2026-06-26 08:00:00,N05,0.2645,0.009695,7.46,51.6135,0.02705,35.7,23.766069,86.411799
2026-06-26 09:00:00,N05,0.3013,0.008505,8.66,51.6404,0.036072,37.3,23.766069,86.411799
2026-06-26 10:00:00,N05,0.1097,0.875502,24.24,51.6856,0.036181,38.5,23.766069,86.411799
2026-06-26 11:00:00,N05,0.4076,0.617911,35.69,51.7127,0.018531,39.2,23.766069,86.411799
2026-06-26 12:00:00,N05,,,,,,,23.766069,86.411799
2026-06-26 13:00:00,N05,,,,,,,23.766069,86.411799
2026-06-26 14:00:00,N05,,,,,,,23.766069,86.411799
2026-06-26 15:00:00,N05,0.2695,0.781429,23.13,51.8188,0.02366,37.3,23.766069,86.411799
2026-06-26 16:00:00,N05,-0.0031,0.005464,9.44,51.8307,0.019231,35.7,23.766069,86.411799
2026-06-26 17:00:00,N05,0.0324,0.006545,5.23,51.8572,0.026182,33.9,23.766069,86.411799
2026-06-26 18:00:00,N05,0.1588,0.006056,3.11,51.8831,0.025788,32.0,23.766069,86.411799
2026-06-26 19:00:00,N05,0.4688,0.005513,4.67,51.9088,0.026029,30.1,23.766069,86.411799
2026-06-26 20:00:00,N05,0.0338,0.005843,3.21,51.9351,0.026225,28.2,23.766069,86.411799
2026-06-26 21:00:00,N05,,,,,,,23.766069,86.411799
2026-06-26 22:00:00,N05,,,,,,,23.766069,86.411799
2026-06-26 23:00:00,N05,,,,,,,23.766069,86.411799
2026-06-27 00:00:00,N05,,,,,,,23.766069,86.411799
2026-06-27 01:00:00,N05,-0.0396,0.007217,1.49,52.0653,0.025894,29.8,23.766069,86.411799
2026-06-27 02:00:00,N05,0.2288,0.008135,8.56,52.0909,0.025811,30.5,23.766069,86.411799
2026-06-27 03:00:00,N05,0.0839,0.005607,9.13,52.1169,0.026219,31.7,23.766069,86.411799
2026-06-27 04:00:00,N05,0.2221,0.005822,4.52,52.1434,0.026345,33.3,23.766069,86.411799
2026-06-27 05:00:00,N05,0.19,0.005935,9.96,52.1696,0.025771,35.1,23.766069,86.411799
2026-06-27 06:00:00,N05,0.2581,0.005837,4.5,52.1949,0.025619,37.0,23.766069,86.411799
2026-06-27 07:00:00,N05,0.3519,0.005536,3.67,52.2208,0.025935,39.0,23.766069,86.411799
2026-06-27 08:00:00,N05,0.2033,0.00636,7.09,52.2468,0.025688,40.8,23.766069,86.411799
2026-06-27 09:00:00,N05,-0.0489,0.005721,2.79,52.2722,0.025367,42.3,23.766069,86.411799
2026-06-27 10:00:00,N05,0.2781,0.006271,2.92,52.2975,0.025552,43.5,23.766069,86.411799
2026-06-27 11:00:00,N05,0.2128,0.01037,2.02,52.3233,0.034382,44.3,23.766069,86.411799
2026-06-27 12:00:00,N05,,,,,,,23.766069,86.411799
2026-06-27 13:00:00,N05,,,,,,,23.766069,86.411799
2026-06-27 14:00:00,N05,,,,,,,23.766069,86.411799
2026-06-27 15:00:00,N05,,,,,,,23.766069,86.411799
2026-06-27 16:00:00,N05,,,,,,,23.766069,86.411799
2026-06-27 17:00:00,N05,0.3989,0.59962,41.4,52.4791,0.02842,39.0,23.766069,86.411799
2026-06-27 18:00:00,N05,0.0668,0.00626,9.22,52.4971,0.021014,37.0,23.766069,86.411799
2026-06-27 19:00:00,N05,0.1103,0.007923,4.81,52.5211,0.024405,35.1,23.766069,86.411799
2026-06-27 20:00:00,N05,0.0904,0.006559,6.24,52.5459,0.024871,33.3,23.766069,86.411799
2026-06-27 21:00:00,N05,0.2679,0.005685,5.38,52.5709,0.025072,31.7,23.766069,86.411799
2026-06-27 22:00:00,N05,0.1033,0.00676,8.94,52.5961,0.025309,30.5,23.766069,86.411799
2026-06-27 23:00:00,N05,0.3406,0.007465,8.24,52.6215,0.024855,29.8,23.766069,86.411799
2026-06-28 00:00:00,N05,0.3911,0.007257,8.35,52.6458,0.023834,26.1,23.766069,86.411799
2026-06-28 01:00:00,N05,,,,,,,23.766069,86.411799
2026-06-28 02:00:00,N05,,,,,,,23.766069,86.411799
2026-06-28 03:00:00,N05,,,,,,,23.766069,86.411799
2026-06-28 04:00:00,N05,0.1389,0.006188,2.52,52.7419,0.024183,29.9,23.766069,86.411799
2026-06-28 05:00:00,N05,-0.1647,0.00734,2.33,52.7662,0.024302,31.7,23.766069,86.411799
2026-06-28 06:00:00,N05,0.2102,0.010129,6.56,52.7905,0.023762,33.6,23.766069,86.411799
2026-06-28 07:00:00,N05,0.1294,0.005747,7.03,52.8137,0.023675,35.6,23.766069,86.411799
2026-06-28 08:00:00,N05,0.1134,0.006883,3.76,52.8379,0.02416,37.4,23.766069,86.411799
2026-06-28 09:00:00,N05,0.2762,0.007735,6.65,52.862,0.032768,38.9,23.766069,86.411799
2026-06-28 10:00:00,N05,0.3837,0.699493,15.9,52.9034,0.020176,40.1,23.766069,86.411799
2026-06-28 11:00:00,N05,0.3973,0.626776,49.05,52.9024,0.015525,40.9,23.766069,86.411799
2026-06-28 12:00:00,N05,0.135,0.006116,1.44,52.9345,0.028147,41.1,23.766069,86.411799
2026-06-28 13:00:00,N05,0.2948,0.005391,8.51,52.9587,0.024511,40.9,23.766069,86.411799
2026-06-28 14:00:00,N05,,,,,,,23.766069,86.411799
2026-06-28 15:00:00,N05,,,,,,,23.766069,86.411799
2026-06-28 16:00:00,N05,,,,,,,23.766069,86.411799
2026-06-28 17:00:00,N05,,,,,,,23.766069,86.411799
2026-06-28 18:00:00,N05,0.4024,0.008919,1.19,53.0772,0.023343,33.6,23.766069,86.411799
2026-06-28 19:00:00,N05,-0.0629,0.005562,8.0,53.1008,0.023901,31.7,23.766069,86.411799
2026-06-28 20:00:00,N05,0.1222,0.00556,3.22,53.125,0.023746,29.9,23.766069,86.411799
2026-06-28 21:00:00,N05,0.1257,0.006361,7.94,53.1483,0.023445,28.3,23.766069,86.411799
2026-06-28 22:00:00,N05,-0.03,0.008997,3.47,53.1718,0.023775,27.1,23.766069,86.411799
2026-06-28 23:00:00,N05,-0.1377,0.005527,3.66,53.1959,0.023664,26.4,23.766069,86.411799
2026-06-29 00:00:00,N05,0.2053,0.006774,1.02,53.2192,0.023027,24.4,23.766069,86.411799
2026-06-29 01:00:00,N05,-0.0607,0.006319,6.5,53.2419,0.023068,24.7,23.766069,86.411799
2026-06-29 02:00:00,N05,0.258,0.005792,9.36,53.2653,0.023183,25.4,23.766069,86.411799
2026-06-29 03:00:00,N05,0.168,0.008317,5.73,53.2883,0.023133,26.6,23.766069,86.411799
2026-06-29 04:00:00,N05,0.0989,0.00713,3.01,53.3116,0.023129,28.2,23.766069,86.411799
2026-06-29 05:00:00,N05,0.3338,0.006655,4.02,53.3345,0.022668,30.0,23.766069,86.411799
2026-06-29 06:00:00,N05,0.3022,0.005513,6.78,53.3569,0.022818,31.9,23.766069,86.411799
2026-06-29 07:00:00,N05,0.3543,0.007137,2.15,53.3802,0.023234,33.9,23.766069,86.411799
2026-06-29 08:00:00,N05,0.1674,0.006213,1.63,53.4034,0.014727,35.7,23.766069,86.411799
2026-06-29 09:00:00,N05,0.687,0.961628,32.19,53.4096,0.014418,37.2,23.766069,86.411799
2026-06-29 10:00:00,N05,0.0788,0.890123,27.9,53.4322,0.030765,38.4,23.766069,86.411799
2026-06-29 11:00:00,N05,,,,,,,23.766069,86.411799
2026-06-29 12:00:00,N05,,,,,,,23.766069,86.411799
2026-06-29 13:00:00,N05,,,,,,,23.766069,86.411799
2026-06-29 14:00:00,N05,,,,,,,23.766069,86.411799
2026-06-29 15:00:00,N05,0.2036,0.527012,44.67,53.568,0.008884,37.2,23.766069,86.411799
2026-06-29 16:00:00,N05,-0.0069,0.00606,4.51,53.5826,0.018396,35.7,23.766069,86.411799
2026-06-29 17:00:00,N05,0.0056,0.005571,8.77,53.6048,0.021721,33.9,23.766069,86.411799
2026-06-29 18:00:00,N05,0.5238,0.006966,9.51,53.626,0.011142,31.9,23.766069,86.411799
2026-06-29 19:00:00,N05,0.3748,0.006667,5.69,53.6271,0.000907,30.0,23.766069,86.411799
2026-06-29 20:00:00,N05,0.045,0.005671,7.45,53.6278,0.001023,28.2,23.766069,86.411799
2026-06-29 21:00:00,N05,0.101,0.007345,4.64,53.6291,0.001248,26.6,23.766069,86.411799
2026-06-29 22:00:00,N05,0.1548,0.007558,2.59,53.6303,0.001241,25.4,23.766069,86.411799
2026-06-29 23:00:00,N05,0.0381,0.008331,5.33,53.6316,0.001622,24.7,23.766069,86.411799
2026-06-30 00:00:00,N05,0.2049,0.006075,3.52,53.6336,0.001347,25.8,23.766069,86.411799
2026-06-30 01:00:00,N05,0.2069,0.006796,7.39,53.6343,0.001268,26.0,23.766069,86.411799
2026-06-30 02:00:00,N05,0.2412,0.006988,5.63,53.6361,0.001951,26.8,23.766069,86.411799
2026-06-30 03:00:00,N05,0.2081,0.005355,5.76,53.6382,0.001729,28.0,23.766069,86.411799
2026-06-30 04:00:00,N05,0.1734,0.005887,3.77,53.6396,0.000813,29.5,23.766069,86.411799
2026-06-30 05:00:00,N05,0.2421,0.006682,3.03,53.6398,0.000419,31.3,23.766069,86.411799
2026-06-30 06:00:00,N05,-0.1865,0.010063,6.04,53.6404,0.001023,33.3,23.766069,86.411799
2026-06-30 07:00:00,N05,0.0944,0.006128,5.05,53.6419,0.001622,35.2,23.766069,86.411799
2026-06-30 08:00:00,N05,-0.0195,0.006263,1.93,53.6437,0.001849,37.0,23.766069,86.411799
2026-06-30 09:00:00,N05,0.2631,0.007396,8.6,53.6456,0.001741,38.6,23.766069,86.411799
2026-06-30 10:00:00,N05,0.2838,0.005831,3.99,53.6471,0.001958,39.8,23.766069,86.411799
2026-06-30 11:00:00,N05,-0.1064,0.006652,4.06,53.6495,0.000688,40.5,23.766069,86.411799
2026-06-30 12:00:00,N05,0.3119,0.960048,39.0,53.6458,0.001022,40.8,23.766069,86.411799
2026-06-30 13:00:00,N05,0.3369,0.009174,1.48,53.6515,0.003462,40.5,23.766069,86.411799
2026-06-30 14:00:00,N05,0.0447,0.006238,2.87,53.6527,0.00128,39.8,23.766069,86.411799
2026-06-30 15:00:00,N05,0.0193,0.005275,2.8,53.6541,0.010804,38.6,23.766069,86.411799
2026-06-30 16:00:00,N05,0.3016,0.924331,48.32,53.6743,0.013412,37.0,23.766069,86.411799
2026-06-30 17:00:00,N05,0.1581,0.522429,21.08,53.6809,0.007945,35.2,23.766069,86.411799
2026-06-30 18:00:00,N05,0.0313,0.005095,1.53,53.6584,0.009881,33.3,23.766069,86.411799
2026-06-30 19:00:00,N05,0.1881,0.007181,9.79,53.6611,0.001913,31.3,23.766069,86.411799
2026-06-30 20:00:00,N05,0.0562,0.005427,1.03,53.6622,0.001071,29.5,23.766069,86.411799
2026-06-30 21:00:00,N05,0.2021,0.00575,5.74,53.6633,0.001174,28.0,23.766069,86.411799
2026-06-30 22:00:00,N05,,,,,,,23.766069,86.411799
2026-06-30 23:00:00,N05,,,,,,,23.766069,86.411799
2026-07-01 00:00:00,N05,0.1146,0.006392,2.22,53.6669,0.001035,23.7,23.766069,86.411799
2026-07-01 01:00:00,N05,0.2924,0.005817,2.15,53.6675,0.001469,24.0,23.766069,86.411799
2026-07-01 02:00:00,N05,0.3539,0.0077,1.56,53.6698,0.001687,24.8,23.766069,86.411799
2026-07-01 03:00:00,N05,0.2579,0.007182,1.26,53.6709,0.00095,25.9,23.766069,86.411799
2026-07-01 04:00:00,N05,0.2275,0.007544,4.16,53.6717,0.001607,27.5,23.766069,86.411799
2026-07-01 05:00:00,N05,-0.1162,0.005258,9.73,53.6741,0.004808,29.3,23.766069,86.411799
2026-07-01 06:00:00,N05,0.5292,0.683325,26.99,53.6621,0.00099,31.2,23.766069,86.411799
2026-07-01 07:00:00,N05,,,,,,,23.766069,86.411799
2026-07-01 08:00:00,N05,0.2166,0.008262,7.56,53.6773,0.000981,35.0,23.766069,86.411799
2026-07-01 09:00:00,N05,0.153,0.005342,2.99,53.678,0.001334,36.6,23.766069,86.411799
2026-07-01 10:00:00,N05,0.5147,0.005162,4.91,53.68,0.001644,37.7,23.766069,86.411799
2026-07-01 11:00:00,N05,0.1452,0.006726,5.49,53.6813,0.001347,38.5,23.766069,86.411799
2026-07-01 12:00:00,N05,0.0626,0.00618,4.71,53.6827,0.001431,38.7,23.766069,86.411799
2026-07-01 13:00:00,N05,,,,,,,23.766069,86.411799
2026-07-01 14:00:00,N05,,,,,,,23.766069,86.411799
2026-07-01 15:00:00,N05,,,,,,,23.766069,86.411799
2026-07-01 16:00:00,N05,,,,,,,23.766069,86.411799
2026-07-01 17:00:00,N05,0.124,0.005481,1.71,53.6907,0.001129,33.2,23.766069,86.411799
2026-07-01 18:00:00,N05,0.1982,0.006762,6.68,53.691,0.000871,31.2,23.766069,86.411799
2026-07-01 19:00:00,N05,0.0941,0.005517,4.04,53.6925,0.001364,29.3,23.766069,86.411799
2026-07-01 20:00:00,N05,0.1088,0.005046,2.64,53.6938,0.000757,27.5,23.766069,86.411799
2026-07-01 21:00:00,N05,0.0539,0.006032,8.42,53.694,0.000821,25.9,23.766069,86.411799
2026-07-01 22:00:00,N05,0.1634,0.005958,4.99,53.6954,0.001381,24.8,23.766069,86.411799
2026-07-01 23:00:00,N05,0.319,0.009198,9.63,53.6967,0.001239,24.0,23.766069,86.411799
2026-07-02 00:00:00,N05,-0.1084,0.00659,3.96,53.6979,0.001444,21.7,23.766069,86.411799
2026-07-02 01:00:00,N05,0.0408,0.006814,5.83,53.6996,0.001568,21.9,23.766069,86.411799
2026-07-02 02:00:00,N05,0.2106,0.006278,6.58,53.701,0.001414,22.7,23.766069,86.411799
2026-07-02 03:00:00,N05,-0.002,0.005971,4.7,53.7025,0.001761,23.9,23.766069,86.411799
2026-07-02 04:00:00,N05,0.1478,0.007187,1.15,53.7045,0.001428,25.4,23.766069,86.411799
2026-07-02 05:00:00,N05,0.2536,0.007101,7.58,53.7053,0.000624,27.2,23.766069,86.411799
2026-07-02 06:00:00,N05,0.3691,0.009293,6.32,53.7058,0.000806,29.2,23.766069,86.411799
2026-07-02 07:00:00,N05,0.0591,0.006475,1.3,53.7069,0.003875,31.1,23.766069,86.411799
2026-07-02 08:00:00,N05,0.1735,0.604613,47.14,53.698,0.003583,32.9,23.766069,86.411799
2026-07-02 09:00:00,N05,0.1082,0.867826,45.23,53.6998,0.007056,34.5,23.766069,86.411799
2026-07-02 10:00:00,N05,,,,,,,23.766069,86.411799
2026-07-02 11:00:00,N05,0.3714,0.80338,38.91,53.7302,0.001368,36.4,23.766069,86.411799
2026-07-02 12:00:00,N05,,,,,,,23.766069,86.411799
2026-07-02 13:00:00,N05,,,,,,,23.766069,86.411799
2026-07-02 14:00:00,N05,,,,,,,23.766069,86.411799
2026-07-02 15:00:00,N05,,,,,,,23.766069,86.411799
2026-07-02 16:00:00,N05,0.1149,0.007095,3.39,53.7188,0.00187,32.9,23.766069,86.411799
2026-07-02 17:00:00,N05,,,,,,,23.766069,86.411799
2026-07-02 18:00:00,N05,0.3372,0.005826,2.9,53.7225,0.001213,29.2,23.766069,86.411799
2026-07-02 19:00:00,N05,0.3193,0.007376,5.32,53.7235,0.001209,27.2,23.766069,86.411799
2026-07-02 20:00:00,N05,0.2443,0.006484,3.3,53.7249,0.001705,25.4,23.766069,86.411799
2026-07-02 21:00:00,N05,0.1176,0.006115,3.58,53.7269,0.00233,23.9,23.766069,86.411799
2026-07-02 22:00:00,N05,0.0384,0.00513,4.29,53.7296,0.002102,22.7,23.766069,86.411799
2026-07-02 23:00:00,N05,0.2802,0.005417,8.63,53.7311,0.001556,21.9,23.766069,86.411799
2026-07-03 00:00:00,N05,-0.145,0.007421,2.76,53.7327,0.001626,26.0,23.766069,86.411799
2026-07-03 01:00:00,N05,0.1177,0.005755,7.73,53.7344,0.001256,26.3,23.766069,86.411799
2026-07-03 02:00:00,N05,,,,,,,23.766069,86.411799
2026-07-03 03:00:00,N05,0.1926,0.005993,9.79,53.7367,0.001701,28.2,23.766069,86.411799
2026-07-03 04:00:00,N05,0.1164,0.007593,6.56,53.7386,0.001601,29.8,23.766069,86.411799
2026-07-03 05:00:00,N05,0.2931,0.005281,4.98,53.7399,0.001429,31.6,23.766069,86.411799
2026-07-03 06:00:00,N05,0.2368,0.006435,3.16,53.7415,0.00486,33.5,23.766069,86.411799
2026-07-03 07:00:00,N05,0.3636,0.685224,49.42,53.7496,0.004732,35.4,23.766069,86.411799
2026-07-03 08:00:00,N05,,,,,,,23.766069,86.411799
2026-07-03 09:00:00,N05,,,,,,,23.766069,86.411799
2026-07-03 10:00:00,N05,,,,,,,23.766069,86.411799
2026-07-03 11:00:00,N05,,,,,,,23.766069,86.411799
2026-07-03 12:00:00,N05,,,,,,,23.766069,86.411799
2026-07-03 13:00:00,N05,0.0471,0.008535,6.4,53.7519,0.001651,40.8,23.766069,86.411799
2026-07-03 14:00:00,N05,0.2045,0.007382,5.38,53.7534,0.001508,40.0,23.766069,86.411799
2026-07-03 15:00:00,N05,0.0549,0.006248,4.76,53.7549,0.001009,38.8,23.766069,86.411799
2026-07-03 16:00:00,N05,0.3245,0.005152,3.3,53.7554,0.000445,37.3,23.766069,86.411799
2026-07-03 17:00:00,N05,,,,,,,23.766069,86.411799
2026-07-03 18:00:00,N05,,,,,,,23.766069,86.411799
2026-07-03 19:00:00,N05,,,,,,,23.766069,86.411799
2026-07-03 20:00:00,N05,,,,,,,23.766069,86.411799
2026-07-03 21:00:00,N05,0.0424,0.00832,1.52,53.7622,0.001721,28.2,23.766069,86.411799
2026-07-03 22:00:00,N05,0.0418,0.006777,3.52,53.7639,0.00157,27.0,23.766069,86.411799
2026-07-03 23:00:00,N05,0.1477,0.00681,2.79,53.7653,0.001221,26.3,23.766069,86.411799
2026-07-04 00:00:00,N05,0.4439,0.007045,4.26,53.7664,0.001163,26.3,23.766069,86.411799
2026-07-04 01:00:00,N05,,,,,,,23.766069,86.411799
2026-07-04 02:00:00,N05,,,,,,,23.766069,86.411799
2026-07-04 03:00:00,N05,0.3132,0.007404,7.31,53.7699,0.001739,28.5,23.766069,86.411799
2026-07-04 04:00:00,N05,0.2071,0.008345,2.52,53.7717,0.001907,30.1,23.766069,86.411799
2026-07-04 05:00:00,N05,0.284,0.005695,8.77,53.7737,0.001783,31.9,23.766069,86.411799
2026-07-04 06:00:00,N05,0.2068,0.005158,1.19,53.7753,0.002114,33.8,23.766069,86.411799
2026-07-04 07:00:00,N05,0.2996,0.006736,5.27,53.778,0.002093,35.8,23.766069,86.411799
2026-07-04 08:00:00,N05,0.1553,0.005195,7.57,53.7795,0.00127,37.6,23.766069,86.411799
2026-07-04 09:00:00,N05,0.231,0.007369,8.3,53.7805,0.001338,39.1,23.766069,86.411799
2026-07-04 10:00:00,N05,0.2824,0.006253,6.04,53.7821,0.001523,40.3,23.766069,86.411799
2026-07-04 11:00:00,N05,0.1466,0.005479,5.83,53.7836,0.001317,41.1,23.766069,86.411799
2026-07-04 12:00:00,N05,0.3137,0.007116,1.17,53.7848,0.010211,41.3,23.766069,86.411799
2026-07-04 13:00:00,N05,0.042,0.589167,27.52,53.804,0.001288,41.1,23.766069,86.411799
2026-07-04 14:00:00,N05,0.1098,0.007439,5.71,53.7873,0.007573,40.3,23.766069,86.411799
2026-07-04 15:00:00,N05,0.2118,0.006388,8.87,53.7888,0.001147,39.1,23.766069,86.411799
2026-07-04 16:00:00,N05,0.3278,0.008545,4.77,53.7896,0.00417,37.6,23.766069,86.411799
2026-07-04 17:00:00,N05,0.257,0.894188,22.09,53.7972,0.001334,35.8,23.766069,86.411799
2026-07-04 18:00:00,N05,0.2752,0.005453,8.68,53.7923,0.001747,33.8,23.766069,86.411799
2026-07-04 19:00:00,N05,0.2258,0.005789,5.86,53.7937,0.001401,31.9,23.766069,86.411799
2026-07-04 20:00:00,N05,-0.0244,0.010365,3.26,53.7951,0.001284,30.1,23.766069,86.411799
2026-07-04 21:00:00,N05,0.0603,0.007877,5.93,53.7962,0.001604,28.5,23.766069,86.411799
2026-07-04 22:00:00,N05,0.2672,0.008822,9.83,53.7983,0.001813,27.3,23.766069,86.411799
2026-07-04 23:00:00,N05,-0.0771,0.006211,4.08,53.7999,0.001786,26.6,23.766069,86.411799
2026-07-05 00:00:00,N05,0.2408,0.006018,8.58,53.8019,0.002077,26.5,23.766069,86.411799
2026-07-05 01:00:00,N05,0.0227,0.006059,6.2,53.804,0.001937,26.7,23.766069,86.411799
2026-07-05 02:00:00,N05,0.1127,0.007424,3.15,53.8058,0.001792,27.5,23.766069,86.411799
2026-07-05 03:00:00,N05,0.0816,0.009472,7.87,53.8076,0.001562,28.7,23.766069,86.411799
2026-07-05 04:00:00,N05,0.2439,0.005314,4.33,53.8089,0.00149,30.2,23.766069,86.411799
2026-07-05 05:00:00,N05,0.1619,0.00571,1.04,53.8106,0.001672,32.0,23.766069,86.411799
2026-07-05 06:00:00,N05,0.144,0.005606,4.23,53.8122,0.001822,34.0,23.766069,86.411799
2026-07-05 07:00:00,N05,0.0819,0.00589,8.97,53.8142,0.001645,35.9,23.766069,86.411799
2026-07-05 08:00:00,N05,0.2391,0.007841,6.78,53.8155,0.001445,37.7,23.766069,86.411799
2026-07-05 09:00:00,N05,0.2358,0.008052,7.63,53.8171,0.001388,39.3,23.766069,86.411799
2026-07-05 10:00:00,N05,0.3488,0.006829,9.5,53.8183,0.001291,40.5,23.766069,86.411799
2026-07-05 11:00:00,N05,0.3926,0.006998,4.24,53.8197,0.010635,41.2,23.766069,86.411799
2026-07-05 12:00:00,N05,0.3798,0.570534,17.62,53.8396,0.000859,41.5,23.766069,86.411799
2026-07-05 13:00:00,N05,0.4286,0.006915,9.39,53.8214,0.008549,41.2,23.766069,86.411799
2026-07-05 14:00:00,N05,0.2498,0.006871,6.1,53.8225,0.003639,40.5,23.766069,86.411799
2026-07-05 15:00:00,N05,0.1166,0.809306,49.79,53.8142,0.001845,39.3,23.766069,86.411799
2026-07-05 16:00:00,N05,-0.0044,0.005397,5.46,53.8261,0.006354,37.7,23.766069,86.411799
2026-07-05 17:00:00,N05,,,,,,,23.766069,86.411799
2026-07-05 18:00:00,N05,,,,,,,23.766069,86.411799
2026-07-05 19:00:00,N05,-0.0957,0.008629,3.53,53.8298,0.001389,32.0,23.766069,86.411799
2026-07-05 20:00:00,N05,0.1503,0.005913,9.47,53.8314,0.000564,30.2,23.766069,86.411799
2026-07-05 21:00:00,N05,0.239,0.005727,2.07,53.8309,0.000648,28.7,23.766069,86.411799
2026-07-05 22:00:00,N05,-0.0659,0.005931,8.76,53.8327,0.001766,27.5,23.766069,86.411799
2026-07-05 23:00:00,N05,0.3267,0.00596,2.64,53.8345,0.001392,26.7,23.766069,86.411799
2026-07-06 00:00:00,N05,0.2737,0.005329,3.6,53.8355,0.00152,24.9,23.766069,86.411799
2026-07-06 01:00:00,N05,0.5332,0.006431,5.29,53.8375,0.001991,25.1,23.766069,86.411799
2026-07-06 02:00:00,N05,0.2668,0.005924,5.12,53.8395,0.001684,25.9,23.766069,86.411799
2026-07-06 03:00:00,N05,0.2078,0.005561,8.38,53.8409,0.001267,27.1,23.766069,86.411799
2026-07-06 04:00:00,N05,0.1369,0.006216,5.86,53.842,0.001622,28.6,23.766069,86.411799
2026-07-06 05:00:00,N05,0.1715,0.005387,6.08,53.8441,0.001759,30.4,23.766069,86.411799
2026-07-06 06:00:00,N05,0.2918,0.008451,8.47,53.8455,0.007888,32.4,23.766069,86.411799
2026-07-06 07:00:00,N05,0.4052,0.576047,29.12,53.8283,0.000893,34.3,23.766069,86.411799
2026-07-06 08:00:00,N05,0.1826,0.008376,3.21,53.8473,0.010244,36.1,23.766069,86.411799
2026-07-06 09:00:00,N05,0.3661,0.007483,2.79,53.8488,0.003639,37.7,23.766069,86.411799
2026-07-06 10:00:00,N05,0.1679,0.796876,38.51,53.84,0.003544,38.9,23.766069,86.411799
2026-07-06 11:00:00,N05,-0.0353,0.716635,45.85,53.8417,0.006704,39.6,23.766069,86.411799
2026-07-06 12:00:00,N05,0.2449,0.005201,4.41,53.8534,0.00654,39.9,23.766069,86.411799
2026-07-06 13:00:00,N05,0.2184,0.00549,2.22,53.8548,0.00125,39.6,23.766069,86.411799
2026-07-06 14:00:00,N05,0.0901,0.00822,9.32,53.8559,0.008103,38.9,23.766069,86.411799
2026-07-06 15:00:00,N05,-0.0337,0.817033,20.94,53.8386,0.007837,37.7,23.766069,86.411799
2026-07-06 16:00:00,N05,0.1141,0.971928,43.64,53.8403,0.011275,36.1,23.766069,86.411799
2026-07-06 17:00:00,N05,0.4507,0.006954,7.7,53.8612,0.011255,34.3,23.766069,86.411799
2026-07-06 18:00:00,N05,-0.0004,0.005287,1.81,53.8628,0.001018,32.4,23.766069,86.411799
2026-07-06 19:00:00,N05,0.0558,0.007402,9.78,53.8632,0.000665,30.4,23.766069,86.411799
2026-07-06 20:00:00,N05,-0.0055,0.005597,4.02,53.8641,0.00102,28.6,23.766069,86.411799
2026-07-06 21:00:00,N05,0.3411,0.008107,8.8,53.8652,0.001825,27.1,23.766069,86.411799
2026-07-06 22:00:00,N05,-0.0009,0.005165,5.94,53.8677,0.002178,25.9,23.766069,86.411799
2026-07-06 23:00:00,N05,0.1321,0.00766,3.8,53.8696,0.001694,25.1,23.766069,86.411799
2026-07-07 00:00:00,N05,0.1816,0.005119,6.72,53.8711,0.001547,26.6,23.766069,86.411799
2026-07-07 01:00:00,N05,,,,,,,23.766069,86.411799
2026-07-07 02:00:00,N05,,,,,,,23.766069,86.411799
2026-07-07 03:00:00,N05,,,,,,,23.766069,86.411799
2026-07-07 04:00:00,N05,,,,,,,23.766069,86.411799
2026-07-07 05:00:00,N05,0.2729,0.005583,6.58,53.8763,0.001141,32.2,23.766069,86.411799
2026-07-07 06:00:00,N05,0.3233,0.006436,6.18,53.8776,0.001262,34.1,23.766069,86.411799
2026-07-07 07:00:00,N05,0.2126,0.006269,3.86,53.8788,0.001379,36.0,23.766069,86.411799
2026-07-07 08:00:00,N05,0.144,0.006005,8.2,53.8803,0.001341,37.8,23.766069,86.411799
2026-07-07 09:00:00,N05,0.1901,0.006685,9.65,53.8815,0.006532,39.4,23.766069,86.411799
2026-07-07 10:00:00,N05,0.1244,0.507971,47.23,53.8934,0.00695,40.6,23.766069,86.411799
2026-07-07 11:00:00,N05,0.12,0.59241,29.79,53.8954,0.004014,41.3,23.766069,86.411799
2026-07-07 12:00:00,N05,0.2874,0.005635,1.36,53.8853,0.004245,41.6,23.766069,86.411799
2026-07-07 13:00:00,N05,-0.0105,0.006003,7.85,53.8869,0.001359,41.3,23.766069,86.411799
2026-07-07 14:00:00,N05,0.0556,0.006706,7.51,53.8881,0.001379,40.6,23.766069,86.411799
2026-07-07 15:00:00,N05,0.1681,0.005554,6.43,53.8897,0.001791,39.4,23.766069,86.411799
2026-07-07 16:00:00,N05,0.2669,0.005335,4.48,53.8916,0.001695,37.8,23.766069,86.411799
2026-07-07 17:00:00,N05,0.2876,0.0055,5.83,53.893,0.000988,36.0,23.766069,86.411799
2026-07-07 18:00:00,N05,0.265,0.005505,2.79,53.8936,0.001069,34.1,23.766069,86.411799
2026-07-07 19:00:00,N05,0.1514,0.005489,3.65,53.8952,0.001229,32.2,23.766069,86.411799
2026-07-07 20:00:00,N05,0.3568,0.005866,6.47,53.8961,0.001154,30.3,23.766069,86.411799
2026-07-07 21:00:00,N05,0.1704,0.005149,6.92,53.8975,0.000856,28.8,23.766069,86.411799
2026-07-07 22:00:00,N05,0.2682,0.007118,2.58,53.8978,0.000536,27.6,23.766069,86.411799
2026-07-07 23:00:00,N05,0.1735,0.005816,9.66,53.8986,0.001399,26.9,23.766069,86.411799
2026-07-08 00:00:00,N05,,,,,,,23.766069,86.411799
2026-07-08 01:00:00,N05,,,,,,,23.766069,86.411799
2026-07-08 02:00:00,N05,0.229,0.005845,9.66,53.9028,0.001396,27.5,23.766069,86.411799
2026-07-08 03:00:00,N05,0.25,0.005807,3.97,53.904,0.001543,28.7,23.766069,86.411799
2026-07-08 04:00:00,N05,0.0633,0.005464,3.35,53.9059,0.001643,30.2,23.766069,86.411799
2026-07-08 05:00:00,N05,0.1299,0.007051,8.1,53.9073,0.001316,32.0,23.766069,86.411799
2026-07-08 06:00:00,N05,,,,,,,23.766069,86.411799
2026-07-08 07:00:00,N05,,,,,,,23.766069,86.411799
2026-07-08 08:00:00,N05,,,,,,,23.766069,86.411799
2026-07-08 09:00:00,N05,0.2158,0.007665,1.15,53.9119,0.007474,39.3,23.766069,86.411799
2026-07-08 10:00:00,N05,-0.2073,0.961628,22.61,53.8957,0.007255,40.5,23.766069,86.411799
2026-07-08 11:00:00,N05,-0.0187,0.588133,42.9,53.8974,0.010371,41.2,23.766069,86.411799
2026-07-08 12:00:00,N05,,,,,,,23.766069,86.411799
2026-07-08 13:00:00,N05,,,,,,,23.766069,86.411799
2026-07-08 14:00:00,N05,,,,,,,23.766069,86.411799
2026-07-08 15:00:00,N05,0.1683,0.581044,30.07,53.937,0.006548,39.3,23.766069,86.411799
2026-07-08 16:00:00,N05,0.509,0.00637,3.33,53.9228,0.006805,37.7,23.766069,86.411799
2026-07-08 17:00:00,N05,0.2142,0.006732,3.91,53.9234,0.000557,35.9,23.766069,86.411799
2026-07-08 18:00:00,N05,0.3143,0.007613,3.33,53.9239,0.000939,34.0,23.766069,86.411799
2026-07-08 19:00:00,N05,,,,,,,23.766069,86.411799
2026-07-08 20:00:00,N05,0.0188,0.006288,4.84,53.9265,0.000933,30.2,23.766069,86.411799
2026-07-08 21:00:00,N05,0.1173,0.006599,3.99,53.9271,0.000859,28.7,23.766069,86.411799
2026-07-08 22:00:00,N05,0.1194,0.006965,8.22,53.9282,0.001103,27.5,23.766069,86.411799
2026-07-08 23:00:00,N05,0.3602,0.006707,8.96,53.9293,0.001519,26.7,23.766069,86.411799
2026-07-09 00:00:00,N05,0.2317,0.006279,8.31,53.9313,0.001956,22.8,23.766069,86.411799
2026-07-09 01:00:00,N05,0.1037,0.005065,5.17,53.9332,0.001927,23.1,23.766069,86.411799
2026-07-09 02:00:00,N05,0.0799,0.006617,5.33,53.9351,0.001939,23.8,23.766069,86.411799
2026-07-09 03:00:00,N05,0.1764,0.006433,6.24,53.9371,0.0017,25.0,23.766069,86.411799
2026-07-09 04:00:00,N05,-0.1496,0.005533,8.75,53.9385,0.0014,26.5,23.766069,86.411799
2026-07-09 05:00:00,N05,0.1667,0.006018,1.12,53.9399,0.001168,28.4,23.766069,86.411799
2026-07-09 06:00:00,N05,0.1701,0.006589,8.58,53.9409,0.001503,30.3,23.766069,86.411799
2026-07-09 07:00:00,N05,0.1692,0.005251,8.23,53.9429,0.008488,32.2,23.766069,86.411799
2026-07-09 08:00:00,N05,0.3885,0.789588,49.71,53.9578,0.001417,34.0,23.766069,86.411799
2026-07-09 09:00:00,N05,0.039,0.008111,8.72,53.9458,0.005277,35.6,23.766069,86.411799
2026-07-09 10:00:00,N05,,,,,,,23.766069,86.411799
2026-07-09 11:00:00,N05,,,,,,,23.766069,86.411799
2026-07-09 12:00:00,N05,-0.0763,0.823398,30.22,53.9669,0.001751,37.8,23.766069,86.411799
2026-07-09 13:00:00,N05,0.3275,0.006432,7.04,53.9516,0.006369,37.5,23.766069,86.411799
2026-07-09 14:00:00,N05,0.2058,0.006073,6.32,53.9541,0.002051,36.8,23.766069,86.411799
2026-07-09 15:00:00,N05,0.2969,0.007466,6.87,53.9557,0.001258,35.6,23.766069,86.411799
2026-07-09 16:00:00,N05,-0.1394,0.007158,2.51,53.9566,0.001182,34.0,23.766069,86.411799
2026-07-09 17:00:00,N05,-0.3594,0.008053,6.22,53.958,0.001175,32.2,23.766069,86.411799
2026-07-09 18:00:00,N05,0.1102,0.007027,4.03,53.959,0.001437,30.3,23.766069,86.411799
2026-07-09 19:00:00,N05,0.1391,0.005395,2.93,53.9609,0.001844,28.4,23.766069,86.411799
2026-07-09 20:00:00,N05,0.269,0.006402,8.93,53.9627,0.001745,26.5,23.766069,86.411799
2026-07-09 21:00:00,N05,0.0297,0.006334,4.04,53.9644,0.001791,25.0,23.766069,86.411799
2026-07-09 22:00:00,N05,0.012,0.006703,5.08,53.9663,0.001992,23.8,23.766069,86.411799
2026-07-09 23:00:00,N05,0.1491,0.006371,4.13,53.9684,0.001586,23.1,23.766069,86.411799
2026-07-10 00:00:00,N05,0.2227,0.006826,7.01,53.9694,0.00117,27.4,23.766069,86.411799
2026-07-10 01:00:00,N05,0.4021,0.006767,5.72,53.9707,0.001037,27.7,23.766069,86.411799
2026-07-10 02:00:00,N05,,,,,,,23.766069,86.411799
2026-07-10 03:00:00,N05,0.3676,0.006953,7.08,53.9721,0.00083,29.6,23.766069,86.411799
2026-07-10 04:00:00,N05,0.4305,0.007468,2.26,53.9732,0.001148,31.2,23.766069,86.411799
2026-07-10 05:00:00,N05,0.1262,0.008356,6.02,53.9744,0.005441,33.0,23.766069,86.411799
2026-07-10 06:00:00,N05,0.0659,0.951255,18.02,53.984,0.001723,34.9,23.766069,86.411799
2026-07-10 07:00:00,N05,0.2809,0.005383,7.03,53.9778,0.002687,36.9,23.766069,86.411799
2026-07-10 08:00:00,N05,,,,,,,23.766069,86.411799
2026-07-10 09:00:00,N05,,,,,,,23.766069,86.411799
2026-07-10 10:00:00,N05,,,,,,,23.766069,86.411799
2026-07-10 11:00:00,N05,0.4779,0.005934,7.19,53.9833,0.001276,42.2,23.766069,86.411799
2026-07-10 12:00:00,N05,0.4659,0.006292,6.51,53.9849,0.001382,42.4,23.766069,86.411799
2026-07-10 13:00:00,N05,-0.0225,0.007495,5.05,53.9861,0.007271,42.2,23.766069,86.411799
2026-07-10 14:00:00,N05,0.1323,0.846277,37.86,53.9994,0.010598,41.4,23.766069,86.411799
2026-07-10 15:00:00,N05,0.1711,0.595871,45.35,54.0073,0.004263,40.2,23.766069,86.411799
2026-07-10 16:00:00,N05,0.3429,0.005749,3.99,53.9909,0.007168,38.7,23.766069,86.411799
2026-07-10 17:00:00,N05,0.0475,0.006959,9.72,53.9929,0.001714,36.9,23.766069,86.411799
2026-07-10 18:00:00,N05,0.2162,0.00674,7.61,53.9943,0.001825,34.9,23.766069,86.411799
2026-07-10 19:00:00,N05,,,,,,,23.766069,86.411799
2026-07-10 20:00:00,N05,,,,,,,23.766069,86.411799
2026-07-10 21:00:00,N05,,,,,,,23.766069,86.411799
2026-07-10 22:00:00,N05,,,,,,,23.766069,86.411799
2026-07-10 23:00:00,N05,,,,,,,23.766069,86.411799
2026-07-11 00:00:00,N05,-0.0464,0.006596,3.59,54.0049,0.002342,28.6,23.766069,86.411799
2026-07-11 01:00:00,N05,0.2227,0.007132,8.72,54.0073,0.00188,28.9,23.766069,86.411799
2026-07-11 02:00:00,N05,0.2398,0.006111,3.2,54.0086,0.001292,29.6,23.766069,86.411799
2026-07-11 03:00:00,N05,0.3249,0.006709,1.56,54.0098,0.001917,30.8,23.766069,86.411799
2026-07-11 04:00:00,N05,-0.0191,0.005457,6.03,54.0124,0.002051,32.4,23.766069,86.411799
2026-07-11 05:00:00,N05,0.0949,0.005777,7.52,54.0139,0.00142,34.2,23.766069,86.411799
2026-07-11 06:00:00,N05,0.1583,0.00691,8.59,54.0153,0.001417,36.1,23.766069,86.411799
2026-07-11 07:00:00,N05,0.0618,0.006889,1.93,54.0168,0.001923,38.1,23.766069,86.411799
2026-07-11 08:00:00,N05,0.318,0.007866,2.34,54.0191,0.001613,39.9,23.766069,86.411799
2026-07-11 09:00:00,N05,,,,,,,23.766069,86.411799
2026-07-11 10:00:00,N05,,,,,,,23.766069,86.411799
2026-07-11 11:00:00,N05,,,,,,,23.766069,86.411799
2026-07-11 12:00:00,N05,0.3632,0.006566,5.77,54.0245,0.001377,43.6,23.766069,86.411799
2026-07-11 13:00:00,N05,0.363,0.005629,6.99,54.0262,0.001097,43.4,23.766069,86.411799
2026-07-11 14:00:00,N05,-0.0285,0.008123,4.72,54.0267,0.00052,42.6,23.766069,86.411799
2026-07-11 15:00:00,N05,0.2131,0.005756,1.61,54.0273,0.006378,41.4,23.766069,86.411799
2026-07-11 16:00:00,N05,0.3723,0.65476,43.16,54.0395,0.001253,39.9,23.766069,86.411799
2026-07-11 17:00:00,N05,0.3117,0.008751,6.63,54.0298,0.00415,38.1,23.766069,86.411799
2026-07-11 18:00:00,N05,0.4274,0.006208,2.72,54.0312,0.001774,36.1,23.766069,86.411799
2026-07-11 19:00:00,N05,0.3006,0.00809,2.32,54.0333,0.001772,34.2,23.766069,86.411799
2026-07-11 20:00:00,N05,0.1741,0.009227,6.44,54.0347,0.000933,32.4,23.766069,86.411799
2026-07-11 21:00:00,N05,0.0047,0.006313,1.68,54.0352,0.000644,30.8,23.766069,86.411799
2026-07-11 22:00:00,N05,-0.0409,0.005175,6.02,54.036,0.000673,29.6,23.766069,86.411799
2026-07-11 23:00:00,N05,0.1311,0.006405,9.75,54.0366,0.000535,28.9,23.766069,86.411799
2026-07-12 00:00:00,N05,0.0573,0.005499,6.39,54.0371,0.000784,23.5,23.766069,86.411799
2026-07-12 01:00:00,N05,0.1625,0.005266,3.21,54.0381,0.000901,23.7,23.766069,86.411799
2026-07-12 02:00:00,N05,,,,,,,23.766069,86.411799
2026-07-12 03:00:00,N05,,,,,,,23.766069,86.411799
2026-07-12 04:00:00,N05,,,,,,,23.766069,86.411799
2026-07-12 05:00:00,N05,-0.0393,0.006016,2.79,54.0436,0.001447,29.0,23.766069,86.411799
2026-07-12 06:00:00,N05,-0.0893,0.005824,8.29,54.045,0.001335,31.0,23.766069,86.411799
2026-07-12 07:00:00,N05,0.2811,0.008133,2.91,54.0463,0.001613,32.9,23.766069,86.411799
2026-07-12 08:00:00,N05,0.1095,0.007847,8.63,54.0482,0.001695,34.7,23.766069,86.411799
2026-07-12 09:00:00,N05,-0.044,0.005193,7.7,54.0497,0.001304,36.3,23.766069,86.411799
2026-07-12 10:00:00,N05,,,,,,,23.766069,86.411799
2026-07-12 11:00:00,N05,,,,,,,23.766069,86.411799
2026-07-12 12:00:00,N05,,,,,,,23.766069,86.411799
2026-07-12 13:00:00,N05,,,,,,,23.766069,86.411799
2026-07-12 14:00:00,N05,,,,,,,23.766069,86.411799
2026-07-12 15:00:00,N05,,,,,,,23.766069,86.411799
2026-07-12 16:00:00,N05,,,,,,,23.766069,86.411799
2026-07-12 17:00:00,N05,,,,,,,23.766069,86.411799
2026-07-12 18:00:00,N05,,,,,,,23.766069,86.411799
2026-07-12 19:00:00,N05,0.2123,0.005965,7.31,54.0637,0.001347,29.0,23.766069,86.411799
2026-07-12 20:00:00,N05,0.0611,0.00636,2.61,54.0646,0.001953,27.2,23.766069,86.411799
2026-07-12 21:00:00,N05,0.4329,0.009974,7.09,54.0676,0.002009,25.7,23.766069,86.411799
2026-07-12 22:00:00,N05,0.0899,0.008056,6.25,54.0686,0.001393,24.5,23.766069,86.411799
2026-07-12 23:00:00,N05,0.4369,0.005703,8.1,54.0704,0.001572,23.7,23.766069,86.411799
2026-07-13 00:00:00,N05,0.0269,0.006443,3.89,54.0717,0.001867,21.3,23.766069,86.411799
2026-07-13 01:00:00,N05,0.0302,0.007163,8.66,54.0741,0.001642,21.6,23.766069,86.411799
2026-07-13 02:00:00,N05,-0.142,0.00672,4.15,54.075,0.001347,22.3,23.766069,86.411799
2026-07-13 03:00:00,N05,0.0685,0.005589,2.53,54.0768,0.001189,23.5,23.766069,86.411799
2026-07-13 04:00:00,N05,-0.1,0.008996,8.22,54.0774,0.000982,25.1,23.766069,86.411799
2026-07-13 05:00:00,N05,0.3036,0.005401,7.06,54.0788,0.001486,26.9,23.766069,86.411799
2026-07-13 06:00:00,N05,0.2088,0.758463,34.92,54.0744,0.006296,28.8,23.766069,86.411799
2026-07-13 07:00:00,N05,,,,,,,23.766069,86.411799
2026-07-13 08:00:00,N05,0.1146,0.815487,29.33,54.0994,0.003082,32.6,23.766069,86.411799
2026-07-13 09:00:00,N05,0.1884,0.005055,7.26,54.0852,0.006368,34.1,23.766069,86.411799
2026-07-13 10:00:00,N05,0.3425,0.006047,4.42,54.0866,0.001457,35.3,23.766069,86.411799
2026-07-13 11:00:00,N05,,,,,,,23.766069,86.411799
2026-07-13 12:00:00,N05,,,,,,,23.766069,86.411799
2026-07-13 13:00:00,N05,0.5328,0.600951,46.73,54.099,0.003518,36.1,23.766069,86.411799
2026-07-13 14:00:00,N05,0.1985,0.005812,9.85,54.0905,0.00388,35.3,23.766069,86.411799
2026-07-13 15:00:00,N05,0.2944,0.006878,3.03,54.0913,0.001197,34.1,23.766069,86.411799
2026-07-13 16:00:00,N05,0.1963,0.005164,5.22,54.0929,0.000961,32.6,23.766069,86.411799
2026-07-13 17:00:00,N05,0.4095,0.009384,8.92,54.0932,0.001213,30.8,23.766069,86.411799
2026-07-13 18:00:00,N05,0.1138,0.005241,1.97,54.0954,0.00184,28.8,23.766069,86.411799
2026-07-13 19:00:00,N05,0.293,0.005473,3.38,54.0969,0.001148,26.9,23.766069,86.411799
2026-07-13 20:00:00,N05,-0.0132,0.005274,7.32,54.0977,0.001058,25.1,23.766069,86.411799
2026-07-13 21:00:00,N05,0.2011,0.005983,6.63,54.099,0.001356,23.5,23.766069,86.411799
2026-07-13 22:00:00,N05,0.2286,0.005408,2.0,54.1004,0.001122,22.3,23.766069,86.411799
2026-07-13 23:00:00,N05,0.0743,0.006744,3.06,54.1012,0.001,21.6,23.766069,86.411799
2026-07-14 00:00:00,N05,0.1669,0.005277,4.92,54.1024,0.001231,25.1,23.766069,86.411799
2026-07-14 01:00:00,N05,0.2605,0.005661,8.72,54.1037,0.001782,25.4,23.766069,86.411799
2026-07-14 02:00:00,N05,0.3133,0.007304,1.41,54.1059,0.002233,26.1,23.766069,86.411799
2026-07-14 03:00:00,N05,0.2649,0.005851,7.18,54.1082,0.002022,27.3,23.766069,86.411799
2026-07-14 04:00:00,N05,-0.0408,0.005675,9.15,54.11,0.001755,28.9,23.766069,86.411799
2026-07-14 05:00:00,N05,0.1092,0.006985,7.33,54.1117,0.001373,30.7,23.766069,86.411799
2026-07-14 06:00:00,N05,-0.0882,0.724144,20.03,54.1072,0.001553,32.6,23.766069,86.411799
2026-07-14 07:00:00,N05,0.1596,0.005554,8.17,54.1148,0.004715,34.6,23.766069,86.411799
2026-07-14 08:00:00,N05,0.2977,0.006824,7.6,54.1167,0.001472,36.4,23.766069,86.411799
2026-07-14 09:00:00,N05,0.1507,0.006505,5.97,54.1177,0.001176,37.9,23.766069,86.411799
2026-07-14 10:00:00,N05,-0.1625,0.006209,7.12,54.119,0.000469,39.1,23.766069,86.411799
2026-07-14 11:00:00,N05,0.0194,0.688846,47.79,54.1187,0.001688,39.9,23.766069,86.411799
2026-07-14 12:00:00,N05,,,,,,,23.766069,86.411799
2026-07-14 13:00:00,N05,0.2475,0.007472,7.7,54.1235,0.001411,39.9,23.766069,86.411799
2026-07-14 14:00:00,N05,0.0893,0.00758,3.17,54.1252,0.001859,39.1,23.766069,86.411799
2026-07-14 15:00:00,N05,0.1285,0.005598,5.6,54.1272,0.001585,37.9,23.766069,86.411799
2026-07-14 16:00:00,N05,0.4269,0.006222,5.66,54.1284,0.001729,36.4,23.766069,86.411799
2026-07-14 17:00:00,N05,0.084,0.005052,7.22,54.1307,0.002053,34.6,23.766069,86.411799
2026-07-14 18:00:00,N05,0.0712,0.005494,4.12,54.1325,0.001451,32.6,23.766069,86.411799
2026-07-14 19:00:00,N05,-0.0742,0.00627,4.9,54.1336,0.00141,30.7,23.766069,86.411799
2026-07-14 20:00:00,N05,-0.0934,0.008037,4.38,54.1353,0.001473,28.9,23.766069,86.411799
2026-07-14 21:00:00,N05,0.0413,0.007106,6.1,54.1365,0.001201,27.3,23.766069,86.411799
2026-07-14 22:00:00,N05,0.1849,0.007845,5.79,54.1377,0.001486,26.1,23.766069,86.411799
2026-07-14 23:00:00,N05,0.3458,0.007296,8.11,54.1395,0.00146,25.4,23.766069,86.411799
2026-07-15 00:00:00,N05,0.0688,0.007067,7.87,54.1406,0.001167,20.1,23.766069,86.411799
2026-07-15 01:00:00,N05,0.2731,0.006412,1.11,54.1418,0.001422,20.3,23.766069,86.411799
2026-07-15 02:00:00,N05,0.1887,0.005629,1.11,54.1435,0.001126,21.1,23.766069,86.411799
2026-07-15 03:00:00,N05,0.0234,0.006346,8.28,54.1441,0.001088,22.3,23.766069,86.411799
2026-07-15 04:00:00,N05,0.0779,0.007276,1.83,54.1457,0.001603,23.8,23.766069,86.411799
2026-07-15 05:00:00,N05,0.1091,0.005987,6.19,54.1473,0.001469,25.7,23.766069,86.411799
2026-07-15 06:00:00,N05,,,,,,,23.766069,86.411799
2026-07-15 07:00:00,N05,,,,,,,23.766069,86.411799
2026-07-15 08:00:00,N05,,,,,,,23.766069,86.411799
2026-07-15 09:00:00,N05,,,,,,,23.766069,86.411799
2026-07-15 10:00:00,N05,0.2419,0.547146,31.36,54.1718,0.01064,34.1,23.766069,86.411799
2026-07-15 11:00:00,N05,0.0664,0.954945,35.12,54.1734,0.00722,34.8,23.766069,86.411799
2026-07-15 12:00:00,N05,0.165,0.005901,4.95,54.1573,0.007192,35.1,23.766069,86.411799
2026-07-15 13:00:00,N05,0.0796,0.006094,6.9,54.159,0.001261,34.8,23.766069,86.411799
2026-07-15 14:00:00,N05,0.0188,0.008183,5.91,54.1598,0.000995,34.1,23.766069,86.411799
2026-07-15 15:00:00,N05,0.1142,0.007538,2.62,54.161,0.002182,32.9,23.766069,86.411799
2026-07-15 16:00:00,N05,,,,,,,23.766069,86.411799
2026-07-15 17:00:00,N05,,,,,,,23.766069,86.411799
2026-07-15 18:00:00,N05,,,,,,,23.766069,86.411799
2026-07-15 19:00:00,N05,,,,,,,23.766069,86.411799
2026-07-15 20:00:00,N05,0.1075,0.006952,3.53,54.168,0.001858,23.8,23.766069,86.411799
2026-07-15 21:00:00,N05,0.1976,0.005229,4.15,54.1703,0.002278,22.3,23.766069,86.411799
2026-07-15 22:00:00,N05,0.2048,0.008033,4.77,54.1726,0.001735,21.1,23.766069,86.411799
2026-07-15 23:00:00,N05,0.2443,0.005033,7.54,54.1738,0.001387,20.3,23.766069,86.411799
2026-07-16 00:00:00,N05,0.0579,0.005897,3.44,54.1754,0.001746,26.9,23.766069,86.411799
2026-07-16 01:00:00,N05,0.1749,0.008709,1.82,54.1773,0.001698,27.1,23.766069,86.411799
2026-07-16 02:00:00,N05,,,,,,,23.766069,86.411799
2026-07-16 03:00:00,N05,,,,,,,23.766069,86.411799
2026-07-16 04:00:00,N05,0.0728,0.005055,3.69,54.1806,0.001188,30.6,23.766069,86.411799
2026-07-16 05:00:00,N05,0.1177,0.006507,6.73,54.1816,0.001218,32.4,23.766069,86.411799
2026-07-16 06:00:00,N05,0.1418,0.006599,9.66,54.183,0.001292,34.4,23.766069,86.411799
2026-07-16 07:00:00,N05,0.4859,0.005868,8.71,54.1842,0.008034,36.3,23.766069,86.411799
2026-07-16 08:00:00,N05,0.1055,0.506601,48.33,54.1669,0.007891,38.1,23.766069,86.411799
2026-07-16 09:00:00,N05,,,,,,,23.766069,86.411799
2026-07-16 10:00:00,N05,,,,,,,23.766069,86.411799
2026-07-16 11:00:00,N05,,,,,,,23.766069,86.411799
2026-07-16 12:00:00,N05,,,,,,,23.766069,86.411799
2026-07-16 13:00:00,N05,,,,,,,23.766069,86.411799
2026-07-16 14:00:00,N05,,,,,,,23.766069,86.411799
2026-07-16 15:00:00,N05,0.4241,0.006151,6.19,54.1951,0.001064,39.7,23.766069,86.411799
2026-07-16 16:00:00,N05,,,,,,,23.766069,86.411799
2026-07-16 17:00:00,N05,,,,,,,23.766069,86.411799
2026-07-16 18:00:00,N05,,,,,,,23.766069,86.411799
2026-07-16 19:00:00,N05,,,,,,,23.766069,86.411799
2026-07-16 20:00:00,N05,0.122,0.008312,5.09,54.2015,0.001426,30.6,23.766069,86.411799
2026-07-16 21:00:00,N05,0.0133,0.006829,9.68,54.2032,0.001238,29.1,23.766069,86.411799
2026-07-16 22:00:00,N05,-0.0214,0.007302,1.75,54.2039,0.000786,27.9,23.766069,86.411799
2026-07-16 23:00:00,N05,,,,,,,23.766069,86.411799
2026-07-17 00:00:00,N05,,,,,,,23.766069,86.411799
2026-07-17 01:00:00,N05,0.1303,0.006825,6.61,54.2077,0.00196,23.6,23.766069,86.411799
2026-07-17 02:00:00,N05,0.3697,0.006554,1.31,54.2095,0.001107,24.4,23.766069,86.411799
2026-07-17 03:00:00,N05,0.1563,0.008978,6.76,54.2099,0.000751,25.6,23.766069,86.411799
2026-07-17 04:00:00,N05,,,,,,,23.766069,86.411799
2026-07-17 05:00:00,N05,,,,,,,23.766069,86.411799
2026-07-17 06:00:00,N05,,,,,,,23.766069,86.411799
2026-07-17 07:00:00,N05,,,,,,,23.766069,86.411799
2026-07-17 08:00:00,N05,0.1762,0.54143,37.58,54.2006,0.001618,34.6,23.766069,86.411799
2026-07-17 09:00:00,N05,-0.3255,0.006771,2.57,54.2167,0.008593,36.2,23.766069,86.411799
2026-07-17 10:00:00,N05,0.328,0.006391,1.39,54.2178,0.001371,37.4,23.766069,86.411799
2026-07-17 11:00:00,N05,0.0905,0.006291,3.65,54.2194,0.001297,38.1,23.766069,86.411799
2026-07-17 12:00:00,N05,,,,,,,23.766069,86.411799
2026-07-17 13:00:00,N05,,,,,,,23.766069,86.411799
2026-07-17 14:00:00,N05,,,,,,,23.766069,86.411799
2026-07-17 15:00:00,N05,0.0816,0.006321,1.83,54.2249,0.00122,36.2,23.766069,86.411799
2026-07-17 16:00:00,N05,0.3683,0.006948,6.22,54.2262,0.00115,34.6,23.766069,86.411799
2026-07-17 17:00:00,N05,0.2441,0.006728,6.88,54.2272,0.001536,32.8,23.766069,86.411799
2026-07-17 18:00:00,N05,0.2398,0.00638,2.89,54.2293,0.001964,30.9,23.766069,86.411799
2026-07-17 19:00:00,N05,0.2349,0.007924,9.43,54.2311,0.001651,28.9,23.766069,86.411799
2026-07-17 20:00:00,N05,0.1826,0.005441,9.67,54.2326,0.001407,27.1,23.766069,86.411799
2026-07-17 21:00:00,N05,0.1863,0.00721,1.48,54.2339,0.001309,25.6,23.766069,86.411799
2026-07-17 22:00:00,N05,-0.1744,0.005411,8.11,54.2352,0.001301,24.4,23.766069,86.411799
2026-07-17 23:00:00,N05,0.1154,0.006599,8.57,54.2365,0.00121,23.6,23.766069,86.411799
2026-07-18 00:00:00,N05,0.1985,0.008331,4.0,54.2376,0.001353,24.0,23.766069,86.411799
2026-07-18 01:00:00,N05,0.1942,0.007685,1.1,54.2392,0.001297,24.2,23.766069,86.411799
2026-07-18 02:00:00,N05,0.4442,0.006937,7.34,54.2402,0.000956,25.0,23.766069,86.411799
2026-07-18 03:00:00,N05,0.2288,0.007246,6.92,54.2411,0.001413,26.2,23.766069,86.411799
2026-07-18 04:00:00,N05,0.2861,0.005813,2.5,54.243,0.001721,27.7,23.766069,86.411799
2026-07-18 05:00:00,N05,0.0812,0.00579,8.31,54.2446,0.001545,29.6,23.766069,86.411799
2026-07-18 06:00:00,N05,-0.1314,0.007113,4.93,54.2461,0.001313,31.5,23.766069,86.411799
2026-07-18 07:00:00,N05,0.1393,0.005044,2.18,54.2472,0.00845,33.4,23.766069,86.411799
2026-07-18 08:00:00,N05,0.0761,0.719523,25.54,54.263,0.001598,35.2,23.766069,86.411799
2026-07-18 09:00:00,N05,0.1333,0.006633,7.88,54.2504,0.005489,36.8,23.766069,86.411799
2026-07-18 10:00:00,N05,0.021,0.009519,4.3,54.2521,0.001605,38.0,23.766069,86.411799
2026-07-18 11:00:00,N05,0.2275,0.005225,7.98,54.2536,0.001392,38.7,23.766069,86.411799
2026-07-18 12:00:00,N05,0.0831,0.008798,4.93,54.2548,0.00142,39.0,23.766069,86.411799
2026-07-18 13:00:00,N05,0.1204,0.007234,6.61,54.2564,0.001708,38.7,23.766069,86.411799
2026-07-18 14:00:00,N05,0.2945,0.005785,1.02,54.2583,0.001723,38.0,23.766069,86.411799
2026-07-18 15:00:00,N05,0.2581,0.006845,7.08,54.2599,0.001622,36.8,23.766069,86.411799
2026-07-18 16:00:00,N05,0.0623,0.006589,1.45,54.2615,0.001293,35.2,23.766069,86.411799
2026-07-18 17:00:00,N05,0.1511,0.005778,3.36,54.2625,0.001379,33.4,23.766069,86.411799
2026-07-18 18:00:00,N05,0.151,0.006852,7.99,54.2643,0.001289,31.5,23.766069,86.411799
2026-07-18 19:00:00,N05,0.3308,0.008573,9.91,54.265,0.001485,29.6,23.766069,86.411799
2026-07-18 20:00:00,N05,0.1998,0.005713,6.36,54.2672,0.001825,27.7,23.766069,86.411799
2026-07-18 21:00:00,N05,0.2496,0.006438,6.54,54.2687,0.001306,26.2,23.766069,86.411799
2026-07-18 22:00:00,N05,0.023,0.005215,2.95,54.2698,0.001296,25.0,23.766069,86.411799
2026-07-18 23:00:00,N05,0.1995,0.008738,9.13,54.2713,0.001475,24.2,23.766069,86.411799
2026-07-19 00:00:00,N05,0.3947,0.005343,1.54,54.2728,0.001319,27.7,23.766069,86.411799
2026-07-19 01:00:00,N05,,,,,,,23.766069,86.411799
2026-07-19 02:00:00,N05,,,,,,,23.766069,86.411799
2026-07-19 03:00:00,N05,0.2278,0.005197,9.2,54.2778,0.00203,29.9,23.766069,86.411799
2026-07-19 04:00:00,N05,0.0647,0.009946,4.01,54.2796,0.001504,31.5,23.766069,86.411799
2026-07-19 05:00:00,N05,0.1838,0.005601,5.75,54.2808,0.000999,33.3,23.766069,86.411799
2026-07-19 06:00:00,N05,0.1124,0.008316,3.03,54.2816,0.005906,35.2,23.766069,86.411799
2026-07-19 07:00:00,N05,0.0907,0.661406,42.1,54.269,0.001164,37.2,23.766069,86.411799
2026-07-19 08:00:00,N05,-0.0031,0.005485,5.23,54.284,0.008403,39.0,23.766069,86.411799
2026-07-19 09:00:00,N05,0.1702,0.006752,6.3,54.2858,0.007358,40.5,23.766069,86.411799
2026-07-19 10:00:00,N05,0.0934,0.684171,33.24,54.2692,0.010321,41.7,23.766069,86.411799
2026-07-19 11:00:00,N05,0.1876,0.589509,41.02,54.2651,0.00991,42.5,23.766069,86.411799
2026-07-19 12:00:00,N05,0.3352,0.005629,7.59,54.2891,0.01288,42.7,23.766069,86.411799
2026-07-19 13:00:00,N05,0.0868,0.005846,3.85,54.2909,0.002051,42.5,23.766069,86.411799
2026-07-19 14:00:00,N05,0.085,0.007669,5.53,54.2932,0.001675,41.7,23.766069,86.411799
2026-07-19 15:00:00,N05,0.4025,0.005326,9.6,54.2943,0.001067,40.5,23.766069,86.411799
2026-07-19 16:00:00,N05,0.2497,0.005038,1.67,54.2953,0.001154,39.0,23.766069,86.411799
2026-07-19 17:00:00,N05,0.1842,0.005203,2.5,54.2966,0.001052,37.2,23.766069,86.411799
2026-07-19 18:00:00,N05,0.3332,0.006179,9.81,54.2974,0.001163,35.2,23.766069,86.411799
2026-07-19 19:00:00,N05,0.0408,0.00737,8.24,54.2989,0.001479,33.3,23.766069,86.411799
2026-07-19 20:00:00,N05,,,,,,,23.766069,86.411799
2026-07-19 21:00:00,N05,,,,,,,23.766069,86.411799
2026-07-19 22:00:00,N05,,,,,,,23.766069,86.411799
2026-07-19 23:00:00,N05,0.2689,0.008354,4.29,54.3042,0.001546,28.0,23.766069,86.411799
2026-07-20 00:00:00,N05,0.2232,0.006159,8.15,54.3058,0.001707,22.6,23.766069,86.411799
2026-07-20 01:00:00,N05,-0.313,0.005278,1.91,54.3076,0.001431,22.9,23.766069,86.411799
2026-07-20 02:00:00,N05,0.3294,0.005145,7.03,54.3086,0.000955,23.6,23.766069,86.411799
2026-07-20 03:00:00,N05,0.3241,0.005764,5.36,54.3096,0.001338,24.8,23.766069,86.411799
2026-07-20 04:00:00,N05,0.4082,0.006947,4.79,54.3113,0.001511,26.3,23.766069,86.411799
2026-07-20 05:00:00,N05,0.1695,0.006167,8.33,54.3126,0.001334,28.2,23.766069,86.411799
2026-07-20 06:00:00,N05,0.2444,0.006512,5.35,54.314,0.001328,30.1,23.766069,86.411799
2026-07-20 07:00:00,N05,0.2159,0.005756,2.12,54.3152,0.001091,32.0,23.766069,86.411799
2026-07-20 08:00:00,N05,0.046,0.006623,7.46,54.3162,0.001443,33.8,23.766069,86.411799
2026-07-20 09:00:00,N05,0.2341,0.008125,4.87,54.3181,0.001877,35.4,23.766069,86.411799
2026-07-20 10:00:00,N05,-0.2716,0.005866,4.76,54.3199,0.001204,36.6,23.766069,86.411799
2026-07-20 11:00:00,N05,0.3396,0.005264,6.92,54.3205,0.001029,37.3,23.766069,86.411799
2026-07-20 12:00:00,N05,-0.1983,0.006,8.51,54.322,0.006046,37.6,23.766069,86.411799
2026-07-20 13:00:00,N05,0.0971,0.944615,16.78,54.3084,0.006399,37.3,23.766069,86.411799
2026-07-20 14:00:00,N05,0.1004,0.667399,46.57,54.3092,0.008541,36.6,23.766069,86.411799
2026-07-20 15:00:00,N05,0.1439,0.006091,7.3,54.3255,0.016025,35.4,23.766069,86.411799
2026-07-20 16:00:00,N05,0.2549,0.903813,33.71,54.3412,0.008538,33.8,23.766069,86.411799
2026-07-20 17:00:00,N05,0.3595,0.543274,19.77,54.3426,0.006312,32.0,23.766069,86.411799
2026-07-20 18:00:00,N05,0.0341,0.005375,7.33,54.3286,0.005924,30.1,23.766069,86.411799
2026-07-20 19:00:00,N05,0.361,0.006277,9.39,54.3307,0.001961,28.2,23.766069,86.411799
2026-07-20 20:00:00,N05,0.2344,0.008038,5.4,54.3325,0.001383,26.3,23.766069,86.411799
2026-07-20 21:00:00,N05,0.1392,0.006006,3.13,54.3335,0.000925,24.8,23.766069,86.411799
2026-07-20 22:00:00,N05,-0.1784,0.005328,9.07,54.3344,0.000842,23.6,23.766069,86.411799
2026-07-20 23:00:00,N05,,,,,,,23.766069,86.411799
2026-07-21 00:00:00,N05,,,,,,,23.766069,86.411799
2026-07-21 01:00:00,N05,,,,,,,23.766069,86.411799
2026-07-21 02:00:00,N05,,,,,,,23.766069,86.411799
2026-07-21 03:00:00,N05,,,,,,,23.766069,86.411799
2026-07-21 04:00:00,N05,0.0854,0.006231,3.43,54.3423,0.001716,27.7,23.766069,86.411799
2026-07-21 05:00:00,N05,0.1224,0.005105,7.67,54.3441,0.007519,29.5,23.766069,86.411799
2026-07-21 06:00:00,N05,0.0097,0.522196,49.24,54.3273,0.000939,31.4,23.766069,86.411799
2026-07-21 07:00:00,N05,0.2727,0.007346,3.81,54.346,0.009989,33.3,23.766069,86.411799
2026-07-21 08:00:00,N05,0.27,0.00701,9.85,54.3472,0.00087,35.2,23.766069,86.411799
2026-07-21 09:00:00,N05,0.2828,0.005809,4.25,54.3478,0.000856,36.7,23.766069,86.411799
2026-07-21 10:00:00,N05,0.3475,0.005134,2.17,54.349,0.001531,37.9,23.766069,86.411799
2026-07-21 11:00:00,N05,0.2412,0.006803,2.6,54.3508,0.001484,38.6,23.766069,86.411799
2026-07-21 12:00:00,N05,0.3461,0.00695,4.74,54.3519,0.001187,38.9,23.766069,86.411799
2026-07-21 13:00:00,N05,0.2546,0.006652,1.97,54.3532,0.001074,38.6,23.766069,86.411799
2026-07-21 14:00:00,N05,0.3301,0.006481,9.18,54.3541,0.001095,37.9,23.766069,86.411799
2026-07-21 15:00:00,N05,0.1659,0.007841,3.36,54.3554,0.000997,36.7,23.766069,86.411799
2026-07-21 16:00:00,N05,0.0852,0.006726,5.94,54.3561,0.000845,35.2,23.766069,86.411799
2026-07-21 17:00:00,N05,0.1142,0.006931,4.53,54.3571,0.001487,33.3,23.766069,86.411799
2026-07-21 18:00:00,N05,0.0987,0.009489,7.25,54.359,0.001761,31.4,23.766069,86.411799
2026-07-21 19:00:00,N05,0.0852,0.006853,4.61,54.3606,0.001391,29.5,23.766069,86.411799
2026-07-21 20:00:00,N05,0.0441,0.006623,3.99,54.3618,0.001449,27.7,23.766069,86.411799
2026-07-21 21:00:00,N05,0.0978,0.00675,3.27,54.3635,0.001335,26.1,23.766069,86.411799
2026-07-21 22:00:00,N05,0.2956,0.007269,9.71,54.3645,0.001085,24.9,23.766069,86.411799
2026-07-21 23:00:00,N05,0.1808,0.00761,5.49,54.3657,0.001439,24.2,23.766069,86.411799
2026-07-22 00:00:00,N05,0.2611,0.006606,2.25,54.3674,0.001353,25.9,23.766069,86.411799
2026-07-22 01:00:00,N05,0.2507,0.006483,2.93,54.3684,0.001131,26.1,23.766069,86.411799
2026-07-22 02:00:00,N05,0.0094,0.006146,7.33,54.3696,0.00176,26.9,23.766069,86.411799
2026-07-22 03:00:00,N05,0.351,0.006573,8.16,54.3719,0.001526,28.1,23.766069,86.411799
2026-07-22 04:00:00,N05,0.071,0.006644,5.52,54.3727,0.001351,29.6,23.766069,86.411799
2026-07-22 05:00:00,N05,-0.0181,0.006341,4.21,54.3746,0.001619,31.4,23.766069,86.411799
2026-07-22 06:00:00,N05,-0.0404,0.006581,2.11,54.3759,0.001587,33.4,23.766069,86.411799
2026-07-22 07:00:00,N05,0.2989,0.007005,1.34,54.3778,0.001395,35.3,23.766069,86.411799
2026-07-22 08:00:00,N05,0.4179,0.006051,1.31,54.3787,0.001041,37.1,23.766069,86.411799
2026-07-22 09:00:00,N05,0.2425,0.006967,9.59,54.3798,0.000761,38.7,23.766069,86.411799
2026-07-22 10:00:00,N05,,,,,,,23.766069,86.411799
2026-07-22 11:00:00,N05,,,,,,,23.766069,86.411799
2026-07-22 12:00:00,N05,,,,,,,23.766069,86.411799
2026-07-22 13:00:00,N05,0.3244,0.005794,7.27,54.3844,0.006254,40.6,23.766069,86.411799
2026-07-22 14:00:00,N05,0.0671,0.005805,9.65,54.3857,0.00114,39.9,23.766069,86.411799
2026-07-22 15:00:00,N05,0.5451,0.008627,4.97,54.3866,0.001305,38.7,23.766069,86.411799
2026-07-22 16:00:00,N05,0.1986,0.726207,28.24,54.3831,0.007296,37.1,23.766069,86.411799
2026-07-22 17:00:00,N05,0.0371,0.705218,22.03,54.4012,0.01279,35.3,23.766069,86.411799
2026-07-22 18:00:00,N05,0.0723,0.540581,26.22,54.4086,0.004093,33.4,23.766069,86.411799
2026-07-22 19:00:00,N05,-0.0709,0.005229,5.24,54.393,0.007275,31.4,23.766069,86.411799
2026-07-22 20:00:00,N05,0.1133,0.005453,2.09,54.3941,0.001165,29.6,23.766069,86.411799
2026-07-22 21:00:00,N05,0.2387,0.005482,6.13,54.3954,0.001304,28.1,23.766069,86.411799
2026-07-22 22:00:00,N05,0.0692,0.005487,1.21,54.3967,0.001698,26.9,23.766069,86.411799
2026-07-22 23:00:00,N05,,,,,,,23.766069,86.411799
2026-07-23 00:00:00,N05,-0.0927,0.005445,1.18,54.4005,0.001348,23.4,23.766069,86.411799
2026-07-23 01:00:00,N05,-0.0757,0.006442,9.44,54.4015,0.001202,23.7,23.766069,86.411799
2026-07-23 02:00:00,N05,0.3024,0.005587,8.14,54.4029,0.001151,24.4,23.766069,86.411799
2026-07-23 03:00:00,N05,,,,,,,23.766069,86.411799
2026-07-23 04:00:00,N05,,,,,,,23.766069,86.411799
2026-07-23 05:00:00,N05,0.0282,0.00507,2.55,54.4062,0.005162,29.0,23.766069,86.411799
2026-07-23 06:00:00,N05,,,,,,,23.766069,86.411799
2026-07-23 07:00:00,N05,0.1994,0.007035,7.66,54.4093,0.007341,32.9,23.766069,86.411799
2026-07-23 08:00:00,N05,0.2881,0.008955,7.93,54.4098,0.001016,34.7,23.766069,86.411799
2026-07-23 09:00:00,N05,0.0809,0.006762,2.44,54.4113,0.001402,36.2,23.766069,86.411799
2026-07-23 10:00:00,N05,0.1026,0.006015,6.18,54.4126,0.001362,37.4,23.766069,86.411799
2026-07-23 11:00:00,N05,-0.1852,0.007097,5.1,54.414,0.001607,38.2,23.766069,86.411799
2026-07-23 12:00:00,N05,0.2149,0.007783,6.07,54.4158,0.001789,38.4,23.766069,86.411799
2026-07-23 13:00:00,N05,0.4797,0.00813,2.11,54.4176,0.001609,38.2,23.766069,86.411799
2026-07-23 14:00:00,N05,0.3531,0.00577,9.07,54.4191,0.00124,37.4,23.766069,86.411799
2026-07-23 15:00:00,N05,0.2535,0.0064,1.64,54.4201,0.000983,36.2,23.766069,86.411799
2026-07-23 16:00:00,N05,0.5334,0.00724,7.41,54.421,0.001314,34.7,23.766069,86.411799
2026-07-23 17:00:00,N05,,,,,,,23.766069,86.411799
2026-07-23 18:00:00,N05,,,,,,,23.766069,86.411799
2026-07-23 19:00:00,N05,,,,,,,23.766069,86.411799
2026-07-23 20:00:00,N05,,,,,,,23.766069,86.411799
2026-07-23 21:00:00,N05,,,,,,,23.766069,86.411799
2026-07-23 22:00:00,N05,-0.0862,0.009304,2.37,54.4268,0.001078,24.4,23.766069,86.411799
2026-07-23 23:00:00,N05,0.2833,0.009363,4.44,54.4279,0.00118,23.7,23.766069,86.411799
2026-07-24 00:00:00,N05,0.3679,0.00734,2.96,54.4292,0.001447,22.6,23.766069,86.411799
2026-07-24 01:00:00,N05,,,,,,,23.766069,86.411799
2026-07-24 02:00:00,N05,0.0607,0.005824,3.53,54.4323,0.001686,23.6,23.766069,86.411799
2026-07-24 03:00:00,N05,0.074,0.005225,3.8,54.4342,0.001703,24.8,23.766069,86.411799
2026-07-24 04:00:00,N05,,,,,,,23.766069,86.411799
2026-07-24 05:00:00,N05,0.2466,0.005179,9.99,54.4371,0.000747,28.1,23.766069,86.411799
2026-07-24 06:00:00,N05,0.2947,0.006479,6.25,54.4372,0.010736,30.1,23.766069,86.411799
2026-07-24 07:00:00,N05,0.0031,0.932595,40.91,54.4585,0.011373,32.0,23.766069,86.411799
2026-07-24 08:00:00,N05,0.298,0.785806,29.51,54.4599,0.008605,33.8,23.766069,86.411799
2026-07-24 09:00:00,N05,0.117,0.005922,4.13,54.4413,0.008441,35.4,23.766069,86.411799
2026-07-24 10:00:00,N05,0.3688,0.007251,9.35,54.443,0.001734,36.6,23.766069,86.411799
2026-07-24 11:00:00,N05,0.2016,0.008117,5.27,54.4448,0.001744,37.3,23.766069,86.411799
2026-07-24 12:00:00,N05,0.0201,0.009239,9.94,54.4465,0.0016,37.6,23.766069,86.411799
2026-07-24 13:00:00,N05,0.219,0.006784,7.01,54.448,0.001223,37.3,23.766069,86.411799
2026-07-24 14:00:00,N05,0.4244,0.0051,8.19,54.449,0.001288,36.6,23.766069,86.411799
2026-07-24 15:00:00,N05,0.2459,0.005374,8.12,54.4506,0.001778,35.4,23.766069,86.411799
2026-07-24 16:00:00,N05,0.2788,0.006971,2.49,54.4525,0.00187,33.8,23.766069,86.411799
2026-07-24 17:00:00,N05,0.1398,0.006801,7.5,54.4543,0.00193,32.0,23.766069,86.411799
2026-07-24 18:00:00,N05,0.1124,0.006342,6.6,54.4564,0.002255,30.1,23.766069,86.411799
2026-07-24 19:00:00,N05,0.3294,0.00624,3.15,54.4588,0.001988,28.1,23.766069,86.411799
2026-07-24 20:00:00,N05,0.0035,0.005473,4.83,54.4604,0.001355,26.3,23.766069,86.411799
2026-07-24 21:00:00,N05,0.0352,0.006985,1.69,54.4615,0.001034,24.8,23.766069,86.411799
2026-07-24 22:00:00,N05,-0.039,0.007924,9.89,54.4624,0.001361,23.6,23.766069,86.411799
2026-07-24 23:00:00,N05,0.264,0.008739,9.15,54.4643,0.001156,22.8,23.766069,86.411799
2026-07-25 00:00:00,N05,-0.0962,0.006982,2.85,54.4647,0.000952,27.3,23.766069,86.411799
2026-07-25 01:00:00,N05,-0.167,0.005979,5.45,54.4662,0.000903,27.5,23.766069,86.411799
2026-07-25 02:00:00,N05,0.4065,0.008716,2.51,54.4665,0.001379,28.3,23.766069,86.411799
2026-07-25 03:00:00,N05,0.3703,0.009456,9.05,54.4689,0.002,29.5,23.766069,86.411799
2026-07-25 04:00:00,N05,,,,,,,23.766069,86.411799
2026-07-25 05:00:00,N05,0.1735,0.005219,2.3,54.4723,0.001579,32.8,23.766069,86.411799
2026-07-25 06:00:00,N05,0.0928,0.007206,9.51,54.4737,0.006932,34.8,23.766069,86.411799
2026-07-25 07:00:00,N05,,,,,,,23.766069,86.411799
2026-07-25 08:00:00,N05,,,,,,,23.766069,86.411799
2026-07-25 09:00:00,N05,,,,,,,23.766069,86.411799
2026-07-25 10:00:00,N05,0.1958,0.00636,3.91,54.4806,0.001388,41.3,23.766069,86.411799
2026-07-25 11:00:00,N05,0.266,0.005382,5.47,54.4818,0.001765,42.0,23.766069,86.411799
2026-07-25 12:00:00,N05,0.3475,0.005695,6.26,54.4842,0.001781,42.3,23.766069,86.411799
2026-07-25 13:00:00,N05,0.0277,0.005602,8.54,54.4854,0.003626,42.0,23.766069,86.411799
2026-07-25 14:00:00,N05,0.281,0.881925,38.81,54.4769,0.001648,41.3,23.766069,86.411799
2026-07-25 15:00:00,N05,0.1009,0.005846,7.5,54.4887,0.006874,40.1,23.766069,86.411799
2026-07-25 16:00:00,N05,0.5509,0.0061,7.27,54.4906,0.0018,38.5,23.766069,86.411799
2026-07-25 17:00:00,N05,0.2698,0.008826,8.42,54.4923,0.001885,36.7,23.766069,86.411799
2026-07-25 18:00:00,N05,-0.0714,0.007271,5.35,54.4944,0.001876,34.8,23.766069,86.411799
2026-07-25 19:00:00,N05,0.0227,0.005474,2.37,54.496,0.001673,32.8,23.766069,86.411799
2026-07-25 20:00:00,N05,0.1671,0.006618,3.68,54.4978,0.001836,31.0,23.766069,86.411799
2026-07-25 21:00:00,N05,0.2449,0.005051,1.05,54.4997,0.001631,29.5,23.766069,86.411799
2026-07-25 22:00:00,N05,0.1423,0.006455,5.24,54.501,0.000981,28.3,23.766069,86.411799
2026-07-25 23:00:00,N05,0.1374,0.007647,2.4,54.5017,0.001093,27.5,23.766069,86.411799
2026-07-26 00:00:00,N05,-0.0469,0.008882,5.27,54.5032,0.001264,26.9,23.766069,86.411799
2026-07-26 01:00:00,N05,0.0643,0.005938,4.18,54.5042,0.00176,27.1,23.766069,86.411799
2026-07-26 02:00:00,N05,0.3214,0.007067,3.85,54.5067,0.001969,27.9,23.766069,86.411799
2026-07-26 03:00:00,N05,,,,,,,23.766069,86.411799
2026-07-26 04:00:00,N05,,,,,,,23.766069,86.411799
2026-07-26 05:00:00,N05,,,,,,,23.766069,86.411799
2026-07-26 06:00:00,N05,,,,,,,23.766069,86.411799
2026-07-26 07:00:00,N05,0.3456,0.005279,6.64,54.5125,0.008122,36.3,23.766069,86.411799
2026-07-26 08:00:00,N05,0.1356,0.006305,4.61,54.5142,0.001974,38.1,23.766069,86.411799
2026-07-26 09:00:00,N05,0.0829,0.00587,3.19,54.5164,0.001425,39.7,23.766069,86.411799
2026-07-26 10:00:00,N05,0.3406,0.007028,4.86,54.517,0.000942,40.9,23.766069,86.411799
2026-07-26 11:00:00,N05,0.0602,0.005565,3.78,54.5183,0.001288,41.6,23.766069,86.411799
2026-07-26 12:00:00,N05,,,,,,,23.766069,86.411799
2026-07-26 13:00:00,N05,0.2074,0.005172,9.31,54.521,0.001406,41.6,23.766069,86.411799
2026-07-26 14:00:00,N05,0.3282,0.006369,4.1,54.5224,0.001404,40.9,23.766069,86.411799
2026-07-26 15:00:00,N05,,,,,,,23.766069,86.411799
2026-07-26 16:00:00,N05,,,,,,,23.766069,86.411799
2026-07-26 17:00:00,N05,,,,,,,23.766069,86.411799
2026-07-26 18:00:00,N05,,,,,,,23.766069,86.411799
2026-07-26 19:00:00,N05,0.1588,0.006848,7.41,54.5284,0.000907,32.4,23.766069,86.411799
2026-07-26 20:00:00,N05,0.2291,0.005944,5.69,54.529,0.001072,30.6,23.766069,86.411799
2026-07-26 21:00:00,N05,0.1773,0.007959,7.65,54.5306,0.001212,29.1,23.766069,86.411799
2026-07-26 22:00:00,N05,0.0881,0.007353,3.1,54.5314,0.000795,27.9,23.766069,86.411799
2026-07-26 23:00:00,N05,0.112,0.006494,1.28,54.5322,0.001218,27.1,23.766069,86.411799
2026-07-27 00:00:00,N05,0.1561,0.006398,2.35,54.5339,0.001153,25.6,23.766069,86.411799
2026-07-27 01:00:00,N05,-0.1023,0.008743,7.53,54.5345,0.000577,25.9,23.766069,86.411799
2026-07-27 02:00:00,N05,0.2858,0.007565,4.97,54.535,0.001189,26.6,23.766069,86.411799
2026-07-27 03:00:00,N05,0.1762,0.007866,9.67,54.5369,0.001641,27.8,23.766069,86.411799
2026-07-27 04:00:00,N05,0.1731,0.010164,7.25,54.5383,0.001276,29.4,23.766069,86.411799
2026-07-27 05:00:00,N05,0.1196,0.007248,9.43,54.5394,0.000994,31.2,23.766069,86.411799
2026-07-27 06:00:00,N05,0.1083,0.006265,9.0,54.5403,0.000833,33.1,23.766069,86.411799
2026-07-27 07:00:00,N05,0.1982,0.00585,4.58,54.5411,0.001213,35.1,23.766069,86.411799
2026-07-27 08:00:00,N05,,,,,,,23.766069,86.411799
2026-07-27 09:00:00,N05,0.3264,0.006468,4.72,54.5435,0.000986,38.4,23.766069,86.411799
2026-07-27 10:00:00,N05,0.2887,0.00689,2.89,54.5447,0.005385,39.6,23.766069,86.411799
2026-07-27 11:00:00,N05,-0.0924,0.812363,16.46,54.5543,0.001123,40.4,23.766069,86.411799
2026-07-27 12:00:00,N05,0.0689,0.005924,3.22,54.5469,0.003197,40.6,23.766069,86.411799
2026-07-27 13:00:00,N05,0.2516,0.006003,5.27,54.5479,0.001089,40.4,23.766069,86.411799
2026-07-27 14:00:00,N05,0.2354,0.006164,7.01,54.5491,0.001397,39.6,23.766069,86.411799
2026-07-27 15:00:00,N05,0.5226,0.005381,7.81,54.5507,0.001495,38.4,23.766069,86.411799
2026-07-27 16:00:00,N05,0.075,0.007374,2.64,54.5521,0.00116,36.9,23.766069,86.411799
2026-07-27 17:00:00,N05,0.2587,0.006155,8.04,54.553,0.001067,35.1,23.766069,86.411799
2026-07-27 18:00:00,N05,0.2081,0.006677,3.29,54.5542,0.001299,33.1,23.766069,86.411799
2026-07-27 19:00:00,N05,,,,,,,23.766069,86.411799
2026-07-27 20:00:00,N05,,,,,,,23.766069,86.411799
2026-07-27 21:00:00,N05,,,,,,,23.766069,86.411799
2026-07-27 22:00:00,N05,,,,,,,23.766069,86.411799
2026-07-27 23:00:00,N05,-0.169,0.005072,4.18,54.5617,0.001511,25.9,23.766069,86.411799
2026-07-28 00:00:00,N05,-0.0775,0.006108,9.42,54.5631,0.00109,23.7,23.766069,86.411799
2026-07-28 01:00:00,N05,0.0131,0.007393,2.24,54.5639,0.000468,24.0,23.766069,86.411799
2026-07-28 02:00:00,N05,0.2813,0.007168,1.24,54.564,0.000908,24.7,23.766069,86.411799
2026-07-28 03:00:00,N05,-0.0782,0.007545,4.2,54.5657,0.001364,25.9,23.766069,86.411799
2026-07-28 04:00:00,N05,0.1307,0.007031,7.05,54.5667,0.000884,27.5,23.766069,86.411799
2026-07-28 05:00:00,N05,0.1124,0.00565,9.02,54.5675,0.000695,29.3,23.766069,86.411799
2026-07-28 06:00:00,N05,-0.0679,0.007403,7.26,54.5681,0.000935,31.2,23.766069,86.411799
2026-07-28 07:00:00,N05,0.1266,0.005742,5.06,54.5694,0.001502,33.2,23.766069,86.411799
2026-07-28 08:00:00,N05,0.2059,0.00714,9.06,54.5711,0.00169,35.0,23.766069,86.411799
2026-07-28 09:00:00,N05,0.1649,0.00592,3.54,54.5728,0.001825,36.5,23.766069,86.411799
2026-07-28 10:00:00,N05,0.2882,0.005879,4.34,54.5748,0.001943,37.7,23.766069,86.411799
2026-07-28 11:00:00,N05,0.4887,0.005471,8.15,54.5766,0.001902,38.5,23.766069,86.411799
2026-07-28 12:00:00,N05,0.2041,0.005757,2.32,54.5786,0.002012,38.7,23.766069,86.411799
2026-07-28 13:00:00,N05,0.3043,0.007173,3.77,54.5807,0.001458,38.5,23.766069,86.411799
2026-07-28 14:00:00,N05,0.4387,0.005879,3.87,54.5815,0.00699,37.7,23.766069,86.411799
2026-07-28 15:00:00,N05,0.5369,0.832569,22.95,54.5667,0.00468,36.5,23.766069,86.411799
2026-07-28 16:00:00,N05,0.2933,0.922661,29.05,54.5908,0.021006,35.0,23.766069,86.411799
2026-07-28 17:00:00,N05,0.2133,0.573858,29.9,54.6087,0.006855,33.2,23.766069,86.411799
2026-07-28 18:00:00,N05,0.1135,0.583205,26.85,54.6046,0.009785,31.2,23.766069,86.411799
2026-07-28 19:00:00,N05,0.1726,0.005553,3.35,54.5891,0.007098,29.3,23.766069,86.411799
2026-07-28 20:00:00,N05,0.2013,0.005123,7.09,54.5904,0.001418,27.5,23.766069,86.411799
2026-07-28 21:00:00,N05,0.4455,0.006488,9.67,54.592,0.001855,25.9,23.766069,86.411799
2026-07-28 22:00:00,N05,0.0023,0.005149,6.05,54.5941,0.001585,24.7,23.766069,86.411799
2026-07-28 23:00:00,N05,,,,,,,23.766069,86.411799
2026-07-29 00:00:00,N05,,,,,,,23.766069,86.411799
2026-07-29 01:00:00,N05,,,,,,,23.766069,86.411799
2026-07-29 02:00:00,N05,,,,,,,23.766069,86.411799
2026-07-29 03:00:00,N05,,,,,,,23.766069,86.411799
2026-07-29 04:00:00,N05,0.3142,0.006469,8.49,54.6014,0.00159,30.7,23.766069,86.411799
2026-07-29 05:00:00,N05,0.286,0.005421,6.14,54.6031,0.001545,32.5,23.766069,86.411799
2026-07-29 06:00:00,N05,0.3287,0.008027,9.56,54.6045,0.000959,34.5,23.766069,86.411799
2026-07-29 07:00:00,N05,0.0609,0.007463,5.98,54.6051,0.001066,36.4,23.766069,86.411799
2026-07-29 08:00:00,N05,0.3466,0.006716,5.62,54.6066,0.001685,38.2,23.766069,86.411799
2026-07-29 09:00:00,N05,0.2122,0.00515,9.44,54.6084,0.00165,39.8,23.766069,86.411799
2026-07-29 10:00:00,N05,0.1026,0.007184,1.8,54.6099,0.001002,41.0,23.766069,86.411799
2026-07-29 11:00:00,N05,0.1405,0.007933,5.92,54.6104,0.000843,41.7,23.766069,86.411799
2026-07-29 12:00:00,N05,0.4034,0.007661,1.59,54.6116,0.001335,42.0,23.766069,86.411799
2026-07-29 13:00:00,N05,0.1129,0.00931,4.85,54.6131,0.008474,41.7,23.766069,86.411799
2026-07-29 14:00:00,N05,0.2052,0.828462,18.85,54.6286,0.001319,41.0,23.766069,86.411799
2026-07-29 15:00:00,N05,0.3034,0.008976,3.45,54.6157,0.005885,39.8,23.766069,86.411799
2026-07-29 16:00:00,N05,0.1262,0.007579,1.6,54.6168,0.001146,38.2,23.766069,86.411799
2026-07-29 17:00:00,N05,0.1883,0.008929,5.7,54.618,0.001832,36.4,23.766069,86.411799
2026-07-29 18:00:00,N05,0.0566,0.008578,6.51,54.6205,0.001772,34.5,23.766069,86.411799
2026-07-29 19:00:00,N05,0.0886,0.007436,3.37,54.6216,0.00148,32.5,23.766069,86.411799
2026-07-29 20:00:00,N05,0.1627,0.005254,5.16,54.6234,0.001645,30.7,23.766069,86.411799
2026-07-29 21:00:00,N05,0.3368,0.007646,2.28,54.6249,0.001367,29.2,23.766069,86.411799
2026-07-29 22:00:00,N05,0.2823,0.005768,6.39,54.6261,0.001489,28.0,23.766069,86.411799
2026-07-29 23:00:00,N05,0.2358,0.007107,6.41,54.6279,0.001407,27.2,23.766069,86.411799
2026-07-30 00:00:00,N05,0.1635,0.006185,6.12,54.629,0.001474,27.4,23.766069,86.411799
2026-07-30 01:00:00,N05,0.0766,0.005573,5.34,54.6308,0.001709,27.7,23.766069,86.411799
2026-07-30 02:00:00,N05,,,,,,,23.766069,86.411799
2026-07-30 03:00:00,N05,,,,,,,23.766069,86.411799
2026-07-30 04:00:00,N05,0.2228,0.008354,6.77,54.6346,0.000955,31.2,23.766069,86.411799
2026-07-30 05:00:00,N05,0.0421,0.007362,7.08,54.6356,0.001217,33.0,23.766069,86.411799
2026-07-30 06:00:00,N05,0.1607,0.00565,8.55,54.6371,0.001365,34.9,23.766069,86.411799
2026-07-30 07:00:00,N05,0.194,0.005527,5.65,54.6384,0.000876,36.9,23.766069,86.411799
2026-07-30 08:00:00,N05,0.3066,0.007353,6.39,54.6388,0.001122,38.7,23.766069,86.411799
2026-07-30 09:00:00,N05,0.1572,0.005789,7.5,54.6406,0.001978,40.2,23.766069,86.411799
2026-07-30 10:00:00,N05,0.4946,0.006206,3.51,54.6428,0.001982,41.4,23.766069,86.411799
2026-07-30 11:00:00,N05,0.2794,0.007012,4.16,54.6446,0.001415,42.2,23.766069,86.411799
2026-07-30 12:00:00,N05,0.1646,0.005505,4.56,54.6456,0.003994,42.4,23.766069,86.411799
2026-07-30 13:00:00,N05,0.4562,0.823472,20.85,54.6526,0.001007,42.2,23.766069,86.411799
2026-07-30 14:00:00,N05,0.0216,0.005994,7.19,54.6476,0.001858,41.4,23.766069,86.411799
2026-07-30 15:00:00,N05,0.4582,0.007686,8.46,54.6488,0.001097,40.2,23.766069,86.411799
2026-07-30 16:00:00,N05,0.2241,0.006478,7.09,54.6498,0.00083,38.7,23.766069,86.411799
2026-07-30 17:00:00,N05,-0.038,0.005269,8.58,54.6505,0.00109,36.9,23.766069,86.411799
2026-07-30 18:00:00,N05,,,,,,,23.766069,86.411799
2026-07-30 19:00:00,N05,,,,,,,23.766069,86.411799
2026-07-30 20:00:00,N05,,,,,,,23.766069,86.411799
2026-07-30 21:00:00,N05,0.2816,0.008035,4.68,54.6568,0.00158,29.6,23.766069,86.411799
2026-07-30 22:00:00,N05,0.2785,0.007628,4.54,54.6581,0.001099,28.4,23.766069,86.411799
2026-07-30 23:00:00,N05,-0.065,0.007611,1.77,54.659,0.0011,27.7,23.766069,86.411799
2026-07-31 00:00:00,N05,0.2314,0.005138,6.2,54.6603,0.001212,24.1,23.766069,86.411799
2026-07-31 01:00:00,N05,0.0696,0.005095,8.93,54.6614,0.001294,24.4,23.766069,86.411799
2026-07-31 02:00:00,N05,0.2437,0.005451,9.31,54.6629,0.001213,25.1,23.766069,86.411799
2026-07-31 03:00:00,N05,0.1321,0.005469,3.16,54.6639,0.001196,26.3,23.766069,86.411799
2026-07-31 04:00:00,N05,0.1345,0.0072,1.52,54.6652,0.000712,27.9,23.766069,86.411799
2026-07-31 05:00:00,N05,0.1122,0.007244,7.29,54.6653,0.000618,29.7,23.766069,86.411799
2026-07-31 06:00:00,N05,0.5158,0.010558,9.03,54.6665,0.001517,31.6,23.766069,86.411799
2026-07-31 07:00:00,N05,0.3089,0.006222,5.32,54.6683,0.001653,33.6,23.766069,86.411799
2026-07-31 08:00:00,N05,0.1926,0.005653,6.28,54.6698,0.006832,35.4,23.766069,86.411799
2026-07-31 09:00:00,N05,,,,,,,23.766069,86.411799
2026-07-31 10:00:00,N05,,,,,,,23.766069,86.411799
2026-07-31 11:00:00,N05,0.1213,0.00622,8.46,54.6727,0.001269,38.9,23.766069,86.411799
2026-07-31 12:00:00,N05,0.176,0.007219,5.91,54.6743,0.001449,39.1,23.766069,86.411799
2026-07-31 13:00:00,N05,-0.1254,0.006056,3.38,54.6756,0.001581,38.9,23.766069,86.411799
2026-07-31 14:00:00,N05,0.4129,0.006769,6.71,54.6775,0.001923,38.1,23.766069,86.411799
2026-07-31 15:00:00,N05,0.2565,0.005553,5.2,54.6794,0.001474,36.9,23.766069,86.411799
2026-07-31 16:00:00,N05,0.3745,0.00719,2.5,54.6804,0.000988,35.4,23.766069,86.411799
2026-07-31 17:00:00,N05,0.0683,0.008256,8.32,54.6814,0.000939,33.6,23.766069,86.411799
2026-07-31 18:00:00,N05,0.058,0.006935,7.79,54.6823,0.000645,31.6,23.766069,86.411799
2026-07-31 19:00:00,N05,-0.0214,0.00666,5.68,54.6827,0.000612,29.7,23.766069,86.411799
2026-07-31 20:00:00,N05,0.1713,0.008601,2.97,54.6835,0.001038,27.9,23.766069,86.411799
2026-07-31 21:00:00,N05,0.4948,0.006393,5.41,54.6848,0.001434,26.3,23.766069,86.411799
2026-07-31 22:00:00,N05,0.1036,0.006947,10.0,54.6864,0.001969,25.1,23.766069,86.411799
2026-07-31 23:00:00,N05,0.0956,0.007895,5.65,54.6887,0.001891,24.4,23.766069,86.411799
2026-08-01 00:00:00,N05,0.0335,0.005678,3.3,54.6902,0.000876,26.7,23.766069,86.411799
2026-08-01 01:00:00,N05,0.3719,0.006459,3.31,54.6904,0.0011,26.9,23.766069,86.411799
2026-08-01 02:00:00,N05,,,,,,,23.766069,86.411799
2026-08-01 03:00:00,N05,,,,,,,23.766069,86.411799
2026-08-01 04:00:00,N05,,,,,,,23.766069,86.411799
2026-08-01 05:00:00,N05,0.0116,0.006234,5.86,54.696,0.000502,32.2,23.766069,86.411799
2026-08-01 06:00:00,N05,0.2325,0.005621,4.11,54.6969,0.000978,34.2,23.766069,86.411799
2026-08-01 07:00:00,N05,0.4988,0.009052,7.8,54.6979,0.001365,36.1,23.766069,86.411799
2026-08-01 08:00:00,N05,0.0007,0.005271,3.72,54.6996,0.001404,37.9,23.766069,86.411799
2026-08-01 09:00:00,N05,0.0791,0.005664,1.16,54.7007,0.001342,39.5,23.766069,86.411799
2026-08-01 10:00:00,N05,0.2199,0.00599,3.96,54.7023,0.001426,40.7,23.766069,86.411799
2026-08-01 11:00:00,N05,0.426,0.005526,9.75,54.7036,0.00155,41.4,23.766069,86.411799
2026-08-01 12:00:00,N05,0.5161,0.005673,2.27,54.7054,0.006561,41.7,23.766069,86.411799
2026-08-01 13:00:00,N05,0.3643,0.898341,22.01,54.7167,0.000998,41.4,23.766069,86.411799
2026-08-01 14:00:00,N05,0.1693,0.007881,5.85,54.7074,0.004247,40.7,23.766069,86.411799
2026-08-01 15:00:00,N05,0.3546,0.006773,9.63,54.7082,0.008245,39.5,23.766069,86.411799
2026-08-01 16:00:00,N05,-0.0217,0.669417,37.12,54.7239,0.001163,37.9,23.766069,86.411799
2026-08-01 17:00:00,N05,0.2328,0.005613,1.43,54.7105,0.005882,36.1,23.766069,86.411799
2026-08-01 18:00:00,N05,0.3449,0.006185,4.77,54.7121,0.001086,34.2,23.766069,86.411799
2026-08-01 19:00:00,N05,,,,,,,23.766069,86.411799
2026-08-01 20:00:00,N05,,,,,,,23.766069,86.411799
2026-08-01 21:00:00,N05,,,,,,,23.766069,86.411799
2026-08-01 22:00:00,N05,,,,,,,23.766069,86.411799
2026-08-01 23:00:00,N05,-0.0188,0.008282,2.76,54.7176,0.001295,26.9,23.766069,86.411799
2026-08-02 00:00:00,N05,0.1706,0.006391,3.62,54.7189,0.001414,26.2,23.766069,86.411799
2026-08-02 01:00:00,N05,0.4946,0.008386,2.45,54.7204,0.001564,26.5,23.766069,86.411799
2026-08-02 02:00:00,N05,0.6082,0.006076,2.24,54.722,0.001673,27.2,23.766069,86.411799
2026-08-02 03:00:00,N05,-0.0395,0.00629,5.75,54.7238,0.001173,28.4,23.766069,86.411799
2026-08-02 04:00:00,N05,0.1645,0.008071,7.91,54.7244,0.001052,30.0,23.766069,86.411799
2026-08-02 05:00:00,N05,0.0885,0.007684,6.04,54.7259,0.009359,31.8,23.766069,86.411799
2026-08-02 06:00:00,N05,0.1859,0.506528,26.99,54.7431,0.001872,33.7,23.766069,86.411799
2026-08-02 07:00:00,N05,0.4467,0.005674,7.85,54.7296,0.005926,35.6,23.766069,86.411799
2026-08-02 08:00:00,N05,0.3698,0.006848,6.84,54.7312,0.004396,37.5,23.766069,86.411799
2026-08-02 09:00:00,N05,0.2648,0.622881,15.97,54.7208,0.001147,39.0,23.766069,86.411799
2026-08-02 10:00:00,N05,0.2122,0.005578,9.03,54.7335,0.007084,40.2,23.766069,86.411799
2026-08-02 11:00:00,N05,0.3635,0.005558,7.46,54.735,0.001443,40.9,23.766069,86.411799
2026-08-02 12:00:00,N05,0.3533,0.005954,6.47,54.7364,0.001111,41.2,23.766069,86.411799
2026-08-02 13:00:00,N05,0.3499,0.008129,6.47,54.7372,0.001281,40.9,23.766069,86.411799
2026-08-02 14:00:00,N05,0.1263,0.007342,9.89,54.739,0.001671,40.2,23.766069,86.411799
2026-08-02 15:00:00,N05,0.4031,0.005773,4.1,54.7406,0.001685,39.0,23.766069,86.411799
2026-08-02 16:00:00,N05,0.4927,0.007947,4.91,54.7423,0.005943,37.5,23.766069,86.411799
2026-08-02 17:00:00,N05,0.227,0.96689,24.4,54.7524,0.005875,35.6,23.766069,86.411799
2026-08-02 18:00:00,N05,0.2127,0.911661,35.28,54.7541,0.002503,33.7,23.766069,86.411799
2026-08-02 19:00:00,N05,0.2505,0.005541,5.07,54.7474,0.003115,31.8,23.766069,86.411799
2026-08-02 20:00:00,N05,0.1875,0.00513,9.58,54.7479,0.000509,30.0,23.766069,86.411799
2026-08-02 21:00:00,N05,0.1595,0.005393,7.55,54.7485,0.001003,28.4,23.766069,86.411799
2026-08-02 22:00:00,N05,0.0568,0.006874,7.66,54.7499,0.00131,27.2,23.766069,86.411799
2026-08-02 23:00:00,N05,,,,,,,23.766069,86.411799
2026-08-03 00:00:00,N05,0.1519,0.007326,1.87,54.7522,0.001635,20.3,23.766069,86.411799
2026-08-03 01:00:00,N05,,,,,,,23.766069,86.411799
2026-08-03 02:00:00,N05,,,,,,,23.766069,86.411799
2026-08-03 03:00:00,N05,,,,,,,23.766069,86.411799
2026-08-03 04:00:00,N05,,,,,,,23.766069,86.411799
2026-08-03 05:00:00,N05,0.1737,0.007706,5.21,54.7596,0.001663,25.9,23.766069,86.411799
2026-08-03 06:00:00,N05,,,,,,,23.766069,86.411799
2026-08-03 07:00:00,N05,,,,,,,23.766069,86.411799
2026-08-03 08:00:00,N05,,,,,,,23.766069,86.411799
2026-08-03 09:00:00,N05,,,,,,,23.766069,86.411799
2026-08-03 10:00:00,N05,,,,,,,23.766069,86.411799
2026-08-03 11:00:00,N05,0.2321,0.007334,2.02,54.7668,0.001524,35.1,23.766069,86.411799
2026-08-03 12:00:00,N05,,,,,,,23.766069,86.411799
2026-08-03 13:00:00,N05,,,,,,,23.766069,86.411799
2026-08-03 14:00:00,N05,,,,,,,23.766069,86.411799
2026-08-03 15:00:00,N05,,,,,,,23.766069,86.411799
2026-08-03 16:00:00,N05,-0.0014,0.006803,4.39,54.7743,0.001571,31.6,23.766069,86.411799
2026-08-03 17:00:00,N05,0.1332,0.005414,5.03,54.7762,0.00181,29.8,23.766069,86.411799
2026-08-03 18:00:00,N05,0.4068,0.00653,9.41,54.7779,0.001296,27.8,23.766069,86.411799
2026-08-03 19:00:00,N05,0.1146,0.006304,4.23,54.7788,0.001428,25.9,23.766069,86.411799
2026-08-03 20:00:00,N05,0.0614,0.00722,1.29,54.7808,0.001569,24.1,23.766069,86.411799
2026-08-03 21:00:00,N05,0.109,0.006483,5.23,54.7819,0.001579,22.5,23.766069,86.411799
2026-08-03 22:00:00,N05,-0.054,0.005549,6.67,54.7839,0.001673,21.3,23.766069,86.411799
2026-08-03 23:00:00,N05,0.1916,0.006877,7.16,54.7852,0.001174,20.6,23.766069,86.411799
2026-08-04 00:00:00,N05,0.3535,0.005407,4.78,54.7863,0.001387,23.7,23.766069,86.411799
2026-08-04 01:00:00,N05,0.0406,0.005236,2.92,54.788,0.001502,23.9,23.766069,86.411799
2026-08-04 02:00:00,N05,0.0665,0.006357,7.88,54.7893,0.001548,24.7,23.766069,86.411799
2026-08-04 03:00:00,N05,0.2424,0.007435,3.44,54.7911,0.001537,25.9,23.766069,86.411799
2026-08-04 04:00:00,N05,0.4593,0.009482,2.09,54.7924,0.001162,27.4,23.766069,86.411799
2026-08-04 05:00:00,N05,0.2199,0.005605,2.26,54.7934,0.001058,29.2,23.766069,86.411799
2026-08-04 06:00:00,N05,0.3383,0.006244,1.77,54.7945,0.000781,31.2,23.766069,86.411799
2026-08-04 07:00:00,N05,0.0868,0.007007,7.59,54.795,0.001218,33.1,23.766069,86.411799
2026-08-04 08:00:00,N05,0.2918,0.006479,6.11,54.7969,0.00617,34.9,23.766069,86.411799
2026-08-04 09:00:00,N05,0.2084,0.780829,41.72,54.8073,0.005721,36.5,23.766069,86.411799
2026-08-04 10:00:00,N05,0.2424,0.695762,41.22,54.8084,0.003018,37.7,23.766069,86.411799
2026-08-04 11:00:00,N05,0.1126,0.007053,2.25,54.8013,0.003039,38.4,23.766069,86.411799
2026-08-04 12:00:00,N05,,,,,,,23.766069,86.411799
2026-08-04 13:00:00,N05,,,,,,,23.766069,86.411799
2026-08-04 14:00:00,N05,0.0191,0.005751,6.55,54.8036,0.001017,37.7,23.766069,86.411799
2026-08-04 15:00:00,N05,0.2565,0.007719,5.01,54.8044,0.001227,36.5,23.766069,86.411799
2026-08-04 16:00:00,N05,0.2182,0.006512,2.41,54.806,0.00137,34.9,23.766069,86.411799
2026-08-04 17:00:00,N05,0.0794,0.006793,5.27,54.8072,0.001699,33.1,23.766069,86.411799
2026-08-04 18:00:00,N05,0.0853,0.007853,9.29,54.8094,0.001705,31.2,23.766069,86.411799
2026-08-04 19:00:00,N05,0.4098,0.007314,5.51,54.8106,0.001389,29.2,23.766069,86.411799
2026-08-04 20:00:00,N05,0.2607,0.005888,2.53,54.8122,0.001565,27.4,23.766069,86.411799
2026-08-04 21:00:00,N05,,,,,,,23.766069,86.411799
2026-08-04 22:00:00,N05,,,,,,,23.766069,86.411799
2026-08-04 23:00:00,N05,,,,,,,23.766069,86.411799
2026-08-05 00:00:00,N05,,,,,,,23.766069,86.411799
2026-08-05 01:00:00,N05,0.2627,0.008085,3.66,54.8194,0.00109,23.9,23.766069,86.411799
2026-08-05 02:00:00,N05,0.4284,0.00529,5.57,54.8202,0.000842,24.7,23.766069,86.411799
2026-08-05 03:00:00,N05,,,,,,,23.766069,86.411799
2026-08-05 04:00:00,N05,,,,,,,23.766069,86.411799
2026-08-05 05:00:00,N05,,,,,,,23.766069,86.411799
2026-08-05 06:00:00,N05,,,,,,,23.766069,86.411799
2026-08-05 07:00:00,N05,,,,,,,23.766069,86.411799
2026-08-05 08:00:00,N05,0.3813,0.006875,3.71,54.8281,0.00735,34.9,23.766069,86.411799
2026-08-05 09:00:00,N05,0.0494,0.731474,48.96,54.8122,0.007219,36.5,23.766069,86.411799
2026-08-05 10:00:00,N05,0.3896,0.996405,16.29,54.8136,0.010369,37.7,23.766069,86.411799
2026-08-05 11:00:00,N05,0.3539,0.005808,9.91,54.833,0.009981,38.4,23.766069,86.411799
2026-08-05 12:00:00,N05,,,,,,,23.766069,86.411799
2026-08-05 13:00:00,N05,,,,,,,23.766069,86.411799
2026-08-05 14:00:00,N05,,,,,,,23.766069,86.411799
2026-08-05 15:00:00,N05,0.235,0.592668,25.94,54.8537,0.008036,36.5,23.766069,86.411799
2026-08-05 16:00:00,N05,0.2387,0.005044,8.72,54.8366,0.004534,34.9,23.766069,86.411799
2026-08-05 17:00:00,N05,0.0487,0.554367,44.13,54.8446,0.004751,33.1,23.766069,86.411799
2026-08-05 18:00:00,N05,0.3207,0.946837,22.5,54.8461,0.002398,31.2,23.766069,86.411799
2026-08-05 19:00:00,N05,0.0394,0.009414,7.36,54.8398,0.002409,29.2,23.766069,86.411799
2026-08-05 20:00:00,N05,0.2839,0.008853,3.84,54.8412,0.001553,27.4,23.766069,86.411799
2026-08-05 21:00:00,N05,0.115,0.007556,2.21,54.8429,0.001756,25.9,23.766069,86.411799
2026-08-05 22:00:00,N05,0.1681,0.005972,6.07,54.8448,0.002003,24.7,23.766069,86.411799
2026-08-05 23:00:00,N05,0.0484,0.005858,7.13,54.847,0.001464,23.9,23.766069,86.411799
2026-08-06 00:00:00,N05,0.1759,0.006027,1.62,54.8477,0.000934,22.6,23.766069,86.411799
2026-08-06 01:00:00,N05,0.2053,0.005855,9.78,54.8488,0.001368,22.8,23.766069,86.411799
2026-08-06 02:00:00,N05,0.288,0.006373,8.09,54.8504,0.001583,23.6,23.766069,86.411799
2026-08-06 03:00:00,N05,0.101,0.010267,9.19,54.852,0.001445,24.8,23.766069,86.411799
2026-08-06 04:00:00,N05,0.21,0.005163,4.09,54.8533,0.001442,26.3,23.766069,86.411799
2026-08-06 05:00:00,N05,0.4805,0.006689,9.84,54.8549,0.001694,28.1,23.766069,86.411799
2026-08-06 06:00:00,N05,0.0779,0.006935,7.74,54.8567,0.001721,30.1,23.766069,86.411799
2026-08-06 07:00:00,N05,0.328,0.006862,5.69,54.8583,0.001292,32.0,23.766069,86.411799
2026-08-06 08:00:00,N05,0.1318,0.005413,3.91,54.8593,0.001022,33.8,23.766069,86.411799
2026-08-06 09:00:00,N05,0.118,0.006807,5.62,54.8604,0.004864,35.4,23.766069,86.411799
2026-08-06 10:00:00,N05,0.0763,0.956235,28.9,54.869,0.001275,36.6,23.766069,86.411799
2026-08-06 11:00:00,N05,,,,,,,23.766069,86.411799
2026-08-06 12:00:00,N05,0.0228,0.006838,4.72,54.8645,0.001535,37.6,23.766069,86.411799
2026-08-06 13:00:00,N05,0.2368,0.007318,8.15,54.866,0.007876,37.3,23.766069,86.411799
2026-08-06 14:00:00,N05,0.0556,0.878624,36.31,54.8487,0.00159,36.6,23.766069,86.411799
2026-08-06 15:00:00,N05,0.3571,0.006059,2.67,54.8692,0.010923,35.4,23.766069,86.411799
2026-08-06 16:00:00,N05,0.088,0.00551,4.15,54.8706,0.000868,33.8,23.766069,86.411799
2026-08-06 17:00:00,N05,-0.1024,0.009328,2.64,54.8709,0.000769,32.0,23.766069,86.411799
2026-08-06 18:00:00,N05,-0.0449,0.008728,5.39,54.8721,0.001204,30.1,23.766069,86.411799
2026-08-06 19:00:00,N05,0.3094,0.005573,2.89,54.8733,0.000806,28.1,23.766069,86.411799
2026-08-06 20:00:00,N05,,,,,,,23.766069,86.411799
2026-08-06 21:00:00,N05,,,,,,,23.766069,86.411799
2026-08-06 22:00:00,N05,,,,,,,23.766069,86.411799
2026-08-06 23:00:00,N05,,,,,,,23.766069,86.411799
2026-08-07 00:00:00,N05,0.0174,0.008409,6.56,54.879,0.001499,23.6,23.766069,86.411799
2026-08-07 01:00:00,N05,-0.1547,0.007738,1.68,54.8806,0.001449,23.8,23.766069,86.411799
2026-08-07 02:00:00,N05,0.1179,0.009792,8.8,54.8819,0.00102,24.6,23.766069,86.411799
2026-08-07 03:00:00,N05,0.2119,0.006939,8.57,54.8826,0.001275,25.8,23.766069,86.411799
2026-08-07 04:00:00,N05,0.2605,0.008763,9.24,54.8844,0.001599,27.3,23.766069,86.411799
2026-08-07 05:00:00,N05,0.0153,0.008268,2.15,54.8858,0.001244,29.1,23.766069,86.411799
2026-08-07 06:00:00,N05,0.306,0.007543,5.19,54.8869,0.001162,31.1,23.766069,86.411799
2026-08-07 07:00:00,N05,0.3114,0.006584,6.59,54.8881,0.001071,33.0,23.766069,86.411799
2026-08-07 08:00:00,N05,0.1815,0.006727,1.2,54.8891,0.001295,34.8,23.766069,86.411799
2026-08-07 09:00:00,N05,0.3753,0.006776,1.36,54.8907,0.001693,36.4,23.766069,86.411799
2026-08-07 10:00:00,N05,0.0061,0.006518,4.38,54.8924,0.001779,37.6,23.766069,86.411799
2026-08-07 11:00:00,N05,0.1808,0.005596,1.82,54.8943,0.001248,38.3,23.766069,86.411799
2026-08-07 12:00:00,N05,0.2388,0.010315,8.87,54.8949,0.01038,38.6,23.766069,86.411799
2026-08-07 13:00:00,N05,0.2349,0.838893,35.95,54.915,0.010958,38.3,23.766069,86.411799
2026-08-07 14:00:00,N05,0.3374,0.894291,40.21,54.9169,0.007518,37.6,23.766069,86.411799
2026-08-07 15:00:00,N05,,,,,,,23.766069,86.411799
2026-08-07 16:00:00,N05,,,,,,,23.766069,86.411799
2026-08-07 17:00:00,N05,,,,,,,23.766069,86.411799
2026-08-07 18:00:00,N05,0.3025,0.008223,8.74,54.9037,0.000993,31.1,23.766069,86.411799
2026-08-07 19:00:00,N05,0.1564,0.009017,2.13,54.9048,0.001233,29.1,23.766069,86.411799
2026-08-07 20:00:00,N05,0.1673,0.008514,1.94,54.9062,0.001099,27.3,23.766069,86.411799
2026-08-07 21:00:00,N05,0.1088,0.008148,5.3,54.907,0.000842,25.8,23.766069,86.411799
2026-08-07 22:00:00,N05,0.1032,0.008906,9.4,54.9079,0.000807,24.6,23.766069,86.411799
2026-08-07 23:00:00,N05,0.0875,0.007636,9.48,54.9086,0.001569,23.8,23.766069,86.411799
2026-08-08 00:00:00,N05,,,,,,,23.766069,86.411799
2026-08-08 01:00:00,N05,,,,,,,23.766069,86.411799
2026-08-08 02:00:00,N05,,,,,,,23.766069,86.411799
2026-08-08 03:00:00,N05,,,,,,,23.766069,86.411799
2026-08-08 04:00:00,N05,0.1649,0.006769,9.15,54.9158,0.00086,25.6,23.766069,86.411799
2026-08-08 05:00:00,N05,0.2489,0.006529,4.75,54.9167,0.000931,27.4,23.766069,86.411799
2026-08-08 06:00:00,N05,0.1669,0.005508,8.98,54.9177,0.001162,29.3,23.766069,86.411799
2026-08-08 07:00:00,N05,0.2036,0.005828,5.74,54.919,0.001585,31.3,23.766069,86.411799
2026-08-08 08:00:00,N05,0.155,0.008993,5.47,54.9209,0.001589,33.1,23.766069,86.411799
2026-08-08 09:00:00,N05,0.1319,0.008344,8.43,54.9222,0.001406,34.6,23.766069,86.411799
2026-08-08 10:00:00,N05,0.2139,0.00593,8.68,54.9237,0.000983,35.8,23.766069,86.411799
2026-08-08 11:00:00,N05,0.0596,0.007397,6.87,54.9241,0.000976,36.6,23.766069,86.411799
2026-08-08 12:00:00,N05,0.1745,0.006332,5.46,54.9256,0.001404,36.8,23.766069,86.411799
2026-08-08 13:00:00,N05,0.3655,0.009018,3.46,54.9269,0.002048,36.6,23.766069,86.411799
2026-08-08 14:00:00,N05,,,,,,,23.766069,86.411799
2026-08-08 15:00:00,N05,,,,,,,23.766069,86.411799
2026-08-08 16:00:00,N05,,,,,,,23.766069,86.411799
2026-08-08 17:00:00,N05,0.039,0.007038,2.99,54.9336,0.003428,31.3,23.766069,86.411799
2026-08-08 18:00:00,N05,0.2455,0.00718,7.45,54.9339,0.000994,29.3,23.766069,86.411799
2026-08-08 19:00:00,N05,-0.1289,0.00584,1.94,54.9356,0.001369,27.4,23.766069,86.411799
2026-08-08 20:00:00,N05,0.0367,0.005044,4.33,54.9367,0.001426,25.6,23.766069,86.411799
2026-08-08 21:00:00,N05,0.324,0.005313,6.62,54.9384,0.00121,24.0,23.766069,86.411799
2026-08-08 22:00:00,N05,0.1064,0.00695,7.79,54.9391,0.001042,22.8,23.766069,86.411799
2026-08-08 23:00:00,N05,0.4,0.007185,8.13,54.9405,0.001487,22.1,23.766069,86.411799
2026-08-09 00:00:00,N05,-0.1079,0.008091,8.16,54.9421,0.001225,24.5,23.766069,86.411799
2026-08-09 01:00:00,N05,0.0682,0.006945,6.44,54.943,0.001106,24.8,23.766069,86.411799
2026-08-09 02:00:00,N05,0.1101,0.005772,6.24,54.9443,0.001547,25.5,23.766069,86.411799
2026-08-09 03:00:00,N05,0.1411,0.006013,6.75,54.9461,0.001364,26.7,23.766069,86.411799
2026-08-09 04:00:00,N05,0.165,0.006843,5.48,54.947,0.001567,28.3,23.766069,86.411799
2026-08-09 05:00:00,N05,0.3579,0.006331,8.11,54.9492,0.005046,30.1,23.766069,86.411799
2026-08-09 06:00:00,N05,0.1788,0.964455,22.19,54.9369,0.001079,32.0,23.766069,86.411799
2026-08-09 07:00:00,N05,0.161,0.00562,4.24,54.9513,0.007658,33.9,23.766069,86.411799
2026-08-09 08:00:00,N05,0.3623,0.007886,6.72,54.9522,0.000796,35.8,23.766069,86.411799
2026-08-09 09:00:00,N05,0.4378,0.007233,3.33,54.9529,0.001005,37.3,23.766069,86.411799
2026-08-09 10:00:00,N05,0.1839,0.005884,8.99,54.9542,0.00111,38.5,23.766069,86.411799
2026-08-09 11:00:00,N05,0.3662,0.007909,3.03,54.9552,0.000721,39.2,23.766069,86.411799
2026-08-09 12:00:00,N05,,,,,,,23.766069,86.411799
2026-08-09 13:00:00,N05,,,,,,,23.766069,86.411799
2026-08-09 14:00:00,N05,,,,,,,23.766069,86.411799
2026-08-09 15:00:00,N05,,,,,,,23.766069,86.411799
2026-08-09 16:00:00,N05,,,,,,,23.766069,86.411799
2026-08-09 17:00:00,N05,0.4263,0.006786,2.48,54.9616,0.001207,33.9,23.766069,86.411799
2026-08-09 18:00:00,N05,0.3053,0.009004,3.34,54.9632,0.001528,32.0,23.766069,86.411799
2026-08-09 19:00:00,N05,0.1315,0.007586,7.59,54.9646,0.001339,30.1,23.766069,86.411799
2026-08-09 20:00:00,N05,0.2136,0.005634,4.92,54.9659,0.000822,28.3,23.766069,86.411799
2026-08-09 21:00:00,N05,0.3622,0.005683,1.45,54.9663,0.000883,26.7,23.766069,86.411799
2026-08-09 22:00:00,N05,0.0342,0.006973,2.11,54.9676,0.000939,25.5,23.766069,86.411799
2026-08-09 23:00:00,N05,0.4653,0.00689,5.28,54.9682,0.000989,24.8,23.766069,86.411799
2026-08-10 00:00:00,N05,-0.0923,0.009765,4.92,54.9696,0.001783,21.3,23.766069,86.411799
2026-08-10 01:00:00,N05,0.2716,0.006279,2.58,54.9717,0.002041,21.6,23.766069,86.411799
2026-08-10 02:00:00,N05,0.1871,0.006023,4.03,54.9737,0.002027,22.4,23.766069,86.411799
2026-08-10 03:00:00,N05,0.0497,0.007266,3.17,54.9758,0.001659,23.5,23.766069,86.411799
2026-08-10 04:00:00,N05,0.5359,0.006523,3.75,54.977,0.001598,25.1,23.766069,86.411799
2026-08-10 05:00:00,N05,0.1193,0.005442,1.59,54.979,0.00148,26.9,23.766069,86.411799
2026-08-10 06:00:00,N05,0.415,0.007455,7.06,54.98,0.001309,28.8,23.766069,86.411799
2026-08-10 07:00:00,N05,0.1981,0.00823,8.49,54.9816,0.001524,30.8,23.766069,86.411799
2026-08-10 08:00:00,N05,0.0523,0.007888,4.69,54.983,0.001378,32.6,23.766069,86.411799
2026-08-10 09:00:00,N05,0.177,0.007031,1.37,54.9844,0.001232,34.1,23.766069,86.411799
2026-08-10 10:00:00,N05,0.1115,0.007414,1.49,54.9855,0.006059,35.3,23.766069,86.411799
2026-08-10 11:00:00,N05,0.116,0.586484,42.13,54.9722,0.005907,36.1,23.766069,86.411799
2026-08-10 12:00:00,N05,0.19,0.733748,42.21,54.9737,0.008724,36.3,23.766069,86.411799
2026-08-10 13:00:00,N05,0.287,0.00558,4.62,54.9897,0.008639,36.1,23.766069,86.411799
2026-08-10 14:00:00,N05,-0.1156,0.00556,6.07,54.991,0.001357,35.3,23.766069,86.411799
2026-08-10 15:00:00,N05,0.3145,0.005482,3.53,54.9924,0.001569,34.1,23.766069,86.411799
2026-08-10 16:00:00,N05,,,,,,,23.766069,86.411799
2026-08-10 17:00:00,N05,,,,,,,23.766069,86.411799
2026-08-10 18:00:00,N05,0.0828,0.006099,8.77,54.9981,0.002036,28.8,23.766069,86.411799
2026-08-10 19:00:00,N05,0.1943,0.005371,4.61,54.9998,0.001127,26.9,23.766069,86.411799
2026-08-10 20:00:00,N05,0.2718,0.008958,6.08,55.0004,0.000885,25.1,23.766069,86.411799
2026-08-10 21:00:00,N05,0.2521,0.006202,8.86,55.0015,0.001243,23.5,23.766069,86.411799
2026-08-10 22:00:00,N05,0.122,0.005935,4.53,55.0028,0.001217,22.4,23.766069,86.411799
2026-08-10 23:00:00,N05,0.411,0.006885,2.93,55.004,0.001458,21.6,23.766069,86.411799
2026-08-11 00:00:00,N05,0.0201,0.005316,6.98,55.0058,0.001718,25.5,23.766069,86.411799
2026-08-11 01:00:00,N05,-0.064,0.009009,8.0,55.0074,0.00132,25.8,23.766069,86.411799
2026-08-11 02:00:00,N05,0.1297,0.006476,1.48,55.0084,0.000906,26.5,23.766069,86.411799
2026-08-11 03:00:00,N05,0.1208,0.008595,5.78,55.0092,0.000921,27.7,23.766069,86.411799
2026-08-11 04:00:00,N05,0.1498,0.00867,2.72,55.0102,0.001344,29.3,23.766069,86.411799
2026-08-11 05:00:00,N05,0.0322,0.005414,1.22,55.0119,0.001361,31.1,23.766069,86.411799
2026-08-11 06:00:00,N05,0.3329,0.005178,2.69,55.013,0.003711,33.0,23.766069,86.411799
2026-08-11 07:00:00,N05,0.2344,0.591586,38.11,55.0045,0.000941,34.9,23.766069,86.411799
2026-08-11 08:00:00,N05,0.3386,0.005683,7.7,55.0148,0.006223,36.8,23.766069,86.411799
2026-08-11 09:00:00,N05,,,,,,,23.766069,86.411799
2026-08-11 10:00:00,N05,,,,,,,23.766069,86.411799
2026-08-11 11:00:00,N05,,,,,,,23.766069,86.411799
2026-08-11 12:00:00,N05,0.3426,0.007272,2.19,55.0219,0.001075,40.5,23.766069,86.411799
2026-08-11 13:00:00,N05,0.3437,0.005677,6.17,55.0234,0.000994,40.3,23.766069,86.411799
2026-08-11 14:00:00,N05,0.3885,0.007063,6.75,55.0239,0.000664,39.5,23.766069,86.411799
2026-08-11 15:00:00,N05,0.4712,0.008266,1.53,55.0247,0.000754,38.3,23.766069,86.411799
2026-08-11 16:00:00,N05,0.1749,0.006014,4.03,55.0254,0.001342,36.8,23.766069,86.411799
2026-08-11 17:00:00,N05,0.1532,0.006465,3.16,55.0274,0.001662,34.9,23.766069,86.411799
2026-08-11 18:00:00,N05,0.2245,0.006363,2.53,55.0287,0.001317,33.0,23.766069,86.411799
2026-08-11 19:00:00,N05,0.2086,0.008511,4.49,55.03,0.001479,31.1,23.766069,86.411799
2026-08-11 20:00:00,N05,,,,,,,23.766069,86.411799
2026-08-11 21:00:00,N05,,,,,,,23.766069,86.411799
2026-08-11 22:00:00,N05,,,,,,,23.766069,86.411799
2026-08-11 23:00:00,N05,,,,,,,23.766069,86.411799
2026-08-12 00:00:00,N05,0.1738,0.005223,8.2,55.0354,0.001362,23.1,23.766069,86.411799
2026-08-12 01:00:00,N05,-0.0967,0.008856,8.4,55.037,0.000904,23.3,23.766069,86.411799
2026-08-12 02:00:00,N05,-0.0286,0.006658,9.05,55.0372,0.000618,24.1,23.766069,86.411799
2026-08-12 03:00:00,N05,0.1149,0.008199,2.74,55.0382,0.001045,25.3,23.766069,86.411799
2026-08-12 04:00:00,N05,0.3152,0.006627,9.45,55.0393,0.001207,26.8,23.766069,86.411799
2026-08-12 05:00:00,N05,-0.0513,0.005987,9.61,55.0407,0.005609,28.6,23.766069,86.411799
2026-08-12 06:00:00,N05,0.3914,0.911798,29.07,55.0505,0.001297,30.6,23.766069,86.411799
2026-08-12 07:00:00,N05,-0.0821,0.005034,8.23,55.0432,0.003196,32.5,23.766069,86.411799
2026-08-12 08:00:00,N05,0.0976,0.005952,6.37,55.0441,0.001208,34.3,23.766069,86.411799
2026-08-12 09:00:00,N05,0.3809,0.005863,6.44,55.0457,0.001536,35.9,23.766069,86.411799
2026-08-12 10:00:00,N05,0.1414,0.006104,5.47,55.0472,0.001523,37.1,23.766069,86.411799
2026-08-12 11:00:00,N05,0.0836,0.005245,6.83,55.0487,0.001344,37.8,23.766069,86.411799
2026-08-12 12:00:00,N05,0.3732,0.008823,8.36,55.0499,0.000997,38.1,23.766069,86.411799
2026-08-12 13:00:00,N05,-0.0103,0.006604,1.89,55.0507,0.001559,37.8,23.766069,86.411799
2026-08-12 14:00:00,N05,0.011,0.006552,7.83,55.053,0.001802,37.1,23.766069,86.411799
2026-08-12 15:00:00,N05,0.5045,0.008935,4.77,55.0543,0.001117,35.9,23.766069,86.411799
2026-08-12 16:00:00,N05,0.2251,0.005569,9.16,55.0552,0.003403,34.3,23.766069,86.411799
2026-08-12 17:00:00,N05,-0.0405,0.725984,32.99,55.0475,0.001226,32.5,23.766069,86.411799
2026-08-12 18:00:00,N05,0.3957,0.007028,6.03,55.0577,0.005721,30.6,23.766069,86.411799
2026-08-12 19:00:00,N05,0.0602,0.007426,3.15,55.0589,0.000971,28.6,23.766069,86.411799
2026-08-12 20:00:00,N05,0.0086,0.007708,8.39,55.0596,0.001489,26.8,23.766069,86.411799
2026-08-12 21:00:00,N05,0.1301,0.006322,3.73,55.0619,0.001762,25.3,23.766069,86.411799
2026-08-12 22:00:00,N05,-0.2367,0.006005,5.42,55.0632,0.001334,24.1,23.766069,86.411799
2026-08-12 23:00:00,N05,0.219,0.007079,1.25,55.0646,0.001517,23.3,23.766069,86.411799
2026-08-13 00:00:00,N05,0.3023,0.006599,9.14,55.0662,0.001344,21.9,23.766069,86.411799
2026-08-13 01:00:00,N05,0.2638,0.007347,3.89,55.0673,0.001442,22.2,23.766069,86.411799
2026-08-13 02:00:00,N05,0.3561,0.007301,6.59,55.0691,0.001297,22.9,23.766069,86.411799
2026-08-13 03:00:00,N05,0.33,0.006319,1.37,55.0699,0.000899,24.1,23.766069,86.411799
2026-08-13 04:00:00,N05,-0.0317,0.008233,9.12,55.0709,0.001337,25.6,23.766069,86.411799
2026-08-13 05:00:00,N05,0.1941,0.005637,5.79,55.0725,0.001033,27.5,23.766069,86.411799
2026-08-13 06:00:00,N05,0.1024,0.009707,1.64,55.0729,0.003695,29.4,23.766069,86.411799
2026-08-13 07:00:00,N05,0.419,0.947595,35.04,55.0652,0.005537,31.3,23.766069,86.411799
2026-08-13 08:00:00,N05,0.0367,0.664491,17.94,55.0619,0.00616,33.1,23.766069,86.411799
2026-08-13 09:00:00,N05,0.0682,0.006097,1.26,55.0775,0.001691,34.7,23.766069,86.411799
2026-08-13 10:00:00,N05,0.3025,0.920489,31.86,55.0585,0.008562,35.9,23.766069,86.411799
2026-08-13 11:00:00,N05,0.0386,0.980143,29.18,55.0604,0.011548,36.6,23.766069,86.411799
2026-08-13 12:00:00,N05,0.2216,0.00598,7.43,55.0816,0.011507,36.9,23.766069,86.411799
2026-08-13 13:00:00,N05,-0.0207,0.005941,1.09,55.0834,0.001659,36.6,23.766069,86.411799
2026-08-13 14:00:00,N05,0.0841,0.0063,7.65,55.0849,0.001157,35.9,23.766069,86.411799
2026-08-13 15:00:00,N05,,,,,,,23.766069,86.411799
2026-08-13 16:00:00,N05,0.3552,0.005559,6.52,55.0871,0.001414,33.1,23.766069,86.411799
2026-08-13 17:00:00,N05,0.1818,0.007047,2.03,55.0885,0.001275,31.3,23.766069,86.411799
2026-08-13 18:00:00,N05,0.1566,0.005236,7.22,55.0897,0.000868,29.4,23.766069,86.411799
2026-08-13 19:00:00,N05,0.3316,0.006136,9.88,55.0902,0.001152,27.5,23.766069,86.411799
2026-08-13 20:00:00,N05,0.0472,0.007258,9.08,55.092,0.001497,25.6,23.766069,86.411799
2026-08-13 21:00:00,N05,-0.3052,0.00895,3.43,55.0932,0.00163,24.1,23.766069,86.411799
2026-08-13 22:00:00,N05,0.4634,0.007412,7.25,55.0953,0.001415,22.9,23.766069,86.411799
2026-08-13 23:00:00,N05,-0.0368,0.005333,9.2,55.0961,0.001048,22.2,23.766069,86.411799
2026-08-14 00:00:00,N05,0.2676,0.006141,1.26,55.0973,0.001035,24.4,23.766069,86.411799
2026-08-14 01:00:00,N05,0.0517,0.007495,7.67,55.0981,0.001182,24.7,23.766069,86.411799
2026-08-14 02:00:00,N05,0.2009,0.007541,2.57,55.0997,0.001653,25.5,23.766069,86.411799
2026-08-14 03:00:00,N05,-0.131,0.005223,6.91,55.1014,0.001078,26.6,23.766069,86.411799
2026-08-14 04:00:00,N05,0.3249,0.00597,4.68,55.1019,0.000872,28.2,23.766069,86.411799
2026-08-14 05:00:00,N05,0.3488,0.005698,3.77,55.1032,0.0013,30.0,23.766069,86.411799
2026-08-14 06:00:00,N05,0.5089,0.006938,1.92,55.1045,0.001351,31.9,23.766069,86.411799
2026-08-14 07:00:00,N05,0.4918,0.007695,5.24,55.1059,0.001312,33.9,23.766069,86.411799
2026-08-14 08:00:00,N05,0.3201,0.010627,3.14,55.1071,0.001109,35.7,23.766069,86.411799
2026-08-14 09:00:00,N05,0.1325,0.006265,5.53,55.1081,0.00113,37.3,23.766069,86.411799
2026-08-14 10:00:00,N05,0.0942,0.006143,7.1,55.1094,0.006522,38.4,23.766069,86.411799
2026-08-14 11:00:00,N05,0.1564,0.993352,25.17,55.1212,0.006436,39.2,23.766069,86.411799
2026-08-14 12:00:00,N05,0.04,0.811036,40.41,55.1222,0.003753,39.4,23.766069,86.411799
2026-08-14 13:00:00,N05,0.2191,0.005317,4.21,55.1136,0.009219,39.2,23.766069,86.411799
2026-08-14 14:00:00,N05,0.1707,0.870221,47.33,55.1038,0.001098,38.4,23.766069,86.411799
2026-08-14 15:00:00,N05,0.3293,0.005962,4.52,55.1158,0.007013,37.3,23.766069,86.411799
2026-08-14 16:00:00,N05,0.0735,0.009066,9.3,55.1178,0.001491,35.7,23.766069,86.411799
2026-08-14 17:00:00,N05,-0.0189,0.006279,2.39,55.1188,0.000732,33.9,23.766069,86.411799
2026-08-14 18:00:00,N05,0.2008,0.008946,3.55,55.1193,0.000602,31.9,23.766069,86.411799
2026-08-14 19:00:00,N05,0.201,0.008913,7.97,55.12,0.000912,30.0,23.766069,86.411799
2026-08-14 20:00:00,N05,0.0066,0.00659,3.96,55.1211,0.001348,28.2,23.766069,86.411799
2026-08-14 21:00:00,N05,,,,,,,23.766069,86.411799
2026-08-14 22:00:00,N05,,,,,,,23.766069,86.411799
2026-08-14 23:00:00,N05,,,,,,,23.766069,86.411799
2026-08-15 00:00:00,N05,,,,,,,23.766069,86.411799
2026-08-15 01:00:00,N05,,,,,,,23.766069,86.411799
2026-08-15 02:00:00,N05,-0.0962,0.006347,4.65,55.1272,0.001291,24.4,23.766069,86.411799
2026-08-15 03:00:00,N05,0.1359,0.007156,1.04,55.1289,0.001557,25.6,23.766069,86.411799
2026-08-15 04:00:00,N05,0.2869,0.00736,3.88,55.1303,0.001381,27.2,23.766069,86.411799
2026-08-15 05:00:00,N05,0.6441,0.007565,8.15,55.1316,0.001726,29.0,23.766069,86.411799
2026-08-15 06:00:00,N05,0.1753,0.006653,3.34,55.1338,0.009429,30.9,23.766069,86.411799
2026-08-15 07:00:00,N05,0.0571,0.713929,26.82,55.1505,0.00922,32.9,23.766069,86.411799
2026-08-15 08:00:00,N05,0.1554,0.931988,33.28,55.1522,0.0011,34.7,23.766069,86.411799
2026-08-15 09:00:00,N05,,,,,,,23.766069,86.411799
2026-08-15 10:00:00,N05,,,,,,,23.766069,86.411799
2026-08-15 11:00:00,N05,,,,,,,23.766069,86.411799
2026-08-15 12:00:00,N05,,,,,,,23.766069,86.411799
2026-08-15 13:00:00,N05,,,,,,,23.766069,86.411799
2026-08-15 14:00:00,N05,0.201,0.006881,4.98,55.1453,0.002296,37.4,23.766069,86.411799
2026-08-15 15:00:00,N05,0.159,0.006076,5.61,55.1475,0.001703,36.2,23.766069,86.411799
2026-08-15 16:00:00,N05,0.0999,0.006405,7.06,55.1487,0.001363,34.7,23.766069,86.411799
2026-08-15 17:00:00,N05,0.1662,0.006589,7.82,55.1502,0.001443,32.9,23.766069,86.411799
2026-08-15 18:00:00,N05,0.2743,0.006467,8.11,55.1516,0.001045,30.9,23.766069,86.411799
2026-08-15 19:00:00,N05,-0.1901,0.005506,5.97,55.1523,0.001048,29.0,23.766069,86.411799
2026-08-15 20:00:00,N05,-0.0984,0.005321,5.35,55.1537,0.000854,27.2,23.766069,86.411799
2026-08-15 21:00:00,N05,-0.0049,0.005473,2.75,55.154,0.000765,25.6,23.766069,86.411799
2026-08-15 22:00:00,N05,0.2494,0.008746,9.76,55.1553,0.001259,24.4,23.766069,86.411799
2026-08-15 23:00:00,N05,0.1067,0.00547,8.89,55.1566,0.001247,23.7,23.766069,86.411799
2026-08-16 00:00:00,N05,0.1806,0.006785,8.6,55.1577,0.000746,26.1,23.766069,86.411799
2026-08-16 01:00:00,N05,0.27,0.007695,7.89,55.1581,0.000919,26.4,23.766069,86.411799
2026-08-16 02:00:00,N05,0.029,0.008333,7.1,55.1596,0.001158,27.1,23.766069,86.411799
2026-08-16 03:00:00,N05,0.1725,0.007132,7.95,55.1604,0.000436,28.3,23.766069,86.411799
2026-08-16 04:00:00,N05,0.1942,0.006288,9.54,55.1605,0.000759,29.9,23.766069,86.411799
2026-08-16 05:00:00,N05,0.2747,0.007652,5.12,55.1619,0.00098,31.7,23.766069,86.411799
2026-08-16 06:00:00,N05,0.0581,0.006212,3.78,55.1624,0.000805,33.6,23.766069,86.411799
2026-08-16 07:00:00,N05,-0.0073,0.005462,6.14,55.1635,0.00737,35.6,23.766069,86.411799
2026-08-16 08:00:00,N05,0.1843,0.735187,33.26,55.1477,0.01533,37.4,23.766069,86.411799
2026-08-16 09:00:00,N05,0.1124,0.513473,17.61,55.1328,0.010084,38.9,23.766069,86.411799
2026-08-16 10:00:00,N05,0.1572,0.005786,4.36,55.1678,0.018136,40.1,23.766069,86.411799
2026-08-16 11:00:00,N05,0.2526,0.00646,1.54,55.1691,0.001282,40.9,23.766069,86.411799
2026-08-16 12:00:00,N05,-0.1039,0.00516,7.22,55.1704,0.001691,41.1,23.766069,86.411799
2026-08-16 13:00:00,N05,0.2471,0.005437,1.86,55.1725,0.001511,40.9,23.766069,86.411799
2026-08-16 14:00:00,N05,,,,,,,23.766069,86.411799
2026-08-16 15:00:00,N05,,,,,,,23.766069,86.411799
2026-08-16 16:00:00,N05,,,,,,,23.766069,86.411799
2026-08-16 17:00:00,N05,,,,,,,23.766069,86.411799
2026-08-16 18:00:00,N05,-0.2623,0.006363,6.52,55.1803,0.001242,33.6,23.766069,86.411799
2026-08-16 19:00:00,N05,0.1057,0.006285,6.65,55.1812,0.000805,31.7,23.766069,86.411799
2026-08-16 20:00:00,N05,0.2736,0.006998,3.39,55.182,0.000842,29.9,23.766069,86.411799
2026-08-16 21:00:00,N05,0.3309,0.007168,2.23,55.1829,0.001278,28.3,23.766069,86.411799
2026-08-16 22:00:00,N05,0.3375,0.007311,2.82,55.1845,0.001604,27.1,23.766069,86.411799
2026-08-16 23:00:00,N05,,,,,,,23.766069,86.411799
2026-08-17 00:00:00,N05,,,,,,,23.766069,86.411799
2026-08-17 01:00:00,N05,,,,,,,23.766069,86.411799
2026-08-17 02:00:00,N05,,,,,,,23.766069,86.411799
2026-08-17 03:00:00,N05,,,,,,,23.766069,86.411799
2026-08-17 04:00:00,N05,0.2429,0.006855,5.74,55.1922,0.000999,28.9,23.766069,86.411799
2026-08-17 05:00:00,N05,0.323,0.007819,6.15,55.1935,0.001372,30.7,23.766069,86.411799
2026-08-17 06:00:00,N05,0.0843,0.006817,1.47,55.1949,0.001169,32.7,23.766069,86.411799
2026-08-17 07:00:00,N05,0.0379,0.007379,6.86,55.1958,0.000597,34.6,23.766069,86.411799
2026-08-17 08:00:00,N05,0.1956,0.007442,9.55,55.1961,0.002889,36.4,23.766069,86.411799
2026-08-17 09:00:00,N05,0.0966,0.816372,42.78,55.19,0.007801,38.0,23.766069,86.411799
2026-08-17 10:00:00,N05,0.3764,0.668471,15.51,55.1805,0.00417,39.2,23.766069,86.411799
2026-08-17 11:00:00,N05,0.4299,0.005026,7.83,55.1984,0.009426,39.9,23.766069,86.411799
2026-08-17 12:00:00,N05,0.2344,0.005288,2.55,55.1994,0.001214,40.2,23.766069,86.411799
2026-08-17 13:00:00,N05,-0.0522,0.008689,6.14,55.2008,0.000978,39.9,23.766069,86.411799
2026-08-17 14:00:00,N05,-0.0553,0.007465,1.35,55.2013,0.000845,39.2,23.766069,86.411799
2026-08-17 15:00:00,N05,-0.1353,0.007163,1.32,55.2025,0.001697,38.0,23.766069,86.411799
2026-08-17 16:00:00,N05,0.1945,0.00531,1.16,55.2047,0.001606,36.4,23.766069,86.411799
2026-08-17 17:00:00,N05,0.0806,0.009337,4.31,55.2057,0.000985,34.6,23.766069,86.411799
2026-08-17 18:00:00,N05,0.1237,0.005162,3.75,55.2067,0.000917,32.7,23.766069,86.411799
2026-08-17 19:00:00,N05,0.1158,0.005604,8.41,55.2075,0.001407,30.7,23.766069,86.411799
2026-08-17 20:00:00,N05,0.004,0.006646,3.63,55.2095,0.001406,28.9,23.766069,86.411799
2026-08-17 21:00:00,N05,0.3774,0.005104,1.9,55.2103,0.000983,27.4,23.766069,86.411799
2026-08-17 22:00:00,N05,0.091,0.006058,3.35,55.2115,0.001158,26.2,23.766069,86.411799
2026-08-17 23:00:00,N05,-0.1286,0.007167,2.14,55.2127,0.001704,25.4,23.766069,86.411799
2026-08-18 00:00:00,N05,,,,,,,23.766069,86.411799
2026-08-18 01:00:00,N05,,,,,,,23.766069,86.411799
2026-08-18 02:00:00,N05,,,,,,,23.766069,86.411799
2026-08-18 03:00:00,N05,,,,,,,23.766069,86.411799
2026-08-18 04:00:00,N05,0.4818,0.005041,1.2,55.2222,0.001738,31.0,23.766069,86.411799
2026-08-18 05:00:00,N05,0.0309,0.005875,3.61,55.2237,0.001417,32.8,23.766069,86.411799
2026-08-18 06:00:00,N05,,,,,,,23.766069,86.411799
2026-08-18 07:00:00,N05,,,,,,,23.766069,86.411799
2026-08-18 08:00:00,N05,0.2893,0.578522,47.37,55.2446,0.006578,38.5,23.766069,86.411799
2026-08-18 09:00:00,N05,0.2923,0.006322,9.91,55.2299,0.006792,40.0,23.766069,86.411799
2026-08-18 10:00:00,N05,0.0573,0.005759,2.54,55.2311,0.001519,41.2,23.766069,86.411799
2026-08-18 11:00:00,N05,0.3317,0.006622,3.37,55.233,0.001434,42.0,23.766069,86.411799
2026-08-18 12:00:00,N05,0.2238,0.005358,5.98,55.2339,0.001026,42.2,23.766069,86.411799
2026-08-18 13:00:00,N05,0.2603,0.005258,7.62,55.235,0.001379,42.0,23.766069,86.411799
2026-08-18 14:00:00,N05,0.1145,0.00544,1.38,55.2367,0.001419,41.2,23.766069,86.411799
2026-08-18 15:00:00,N05,,,,,,,23.766069,86.411799
2026-08-18 16:00:00,N05,0.1799,0.005298,5.69,55.2396,0.001692,38.5,23.766069,86.411799
2026-08-18 17:00:00,N05,-0.0442,0.008665,4.38,55.2412,0.001359,36.7,23.766069,86.411799
2026-08-18 18:00:00,N05,0.1905,0.00654,8.1,55.2423,0.00116,34.7,23.766069,86.411799
2026-08-18 19:00:00,N05,0.0017,0.006759,8.02,55.2435,0.001221,32.8,23.766069,86.411799
2026-08-18 20:00:00,N05,0.1422,0.005283,2.54,55.2448,0.001,31.0,23.766069,86.411799
2026-08-18 21:00:00,N05,0.2765,0.006488,6.77,55.2455,0.001224,29.4,23.766069,86.411799
2026-08-18 22:00:00,N05,0.1836,0.005382,2.32,55.2472,0.001489,28.2,23.766069,86.411799
2026-08-18 23:00:00,N05,0.1776,0.00529,5.44,55.2485,0.00139,27.5,23.766069,86.411799
2026-08-19 00:00:00,N05,0.0273,0.00764,1.16,55.25,0.001767,24.5,23.766069,86.411799
2026-08-19 01:00:00,N05,0.1223,0.006886,8.6,55.2521,0.00139,24.8,23.766069,86.411799
2026-08-19 02:00:00,N05,0.4909,0.009801,3.62,55.2528,0.001238,25.5,23.766069,86.411799
2026-08-19 03:00:00,N05,0.3813,0.008515,6.05,55.2545,0.001227,26.7,23.766069,86.411799
2026-08-19 04:00:00,N05,0.1053,0.005401,5.2,55.2552,0.001455,28.3,23.766069,86.411799
2026-08-19 05:00:00,N05,0.2267,0.00618,7.12,55.2574,0.001335,30.1,23.766069,86.411799
2026-08-19 06:00:00,N05,0.1968,0.00593,9.19,55.2579,0.000904,32.0,23.766069,86.411799
2026-08-19 07:00:00,N05,0.2717,0.005167,8.99,55.2593,0.008614,34.0,23.766069,86.411799
2026-08-19 08:00:00,N05,0.2261,0.816625,28.7,55.2407,0.008474,35.8,23.766069,86.411799
2026-08-19 09:00:00,N05,0.2597,0.894056,40.57,55.2423,0.010491,37.3,23.766069,86.411799
2026-08-19 10:00:00,N05,0.28,0.009713,9.92,55.2617,0.010206,38.5,23.766069,86.411799
2026-08-19 11:00:00,N05,,,,,,,23.766069,86.411799
2026-08-19 12:00:00,N05,,,,,,,23.766069,86.411799
2026-08-19 13:00:00,N05,0.1887,0.005671,8.0,55.2657,0.001534,39.3,23.766069,86.411799
2026-08-19 14:00:00,N05,0.3888,0.006845,4.78,55.2672,0.001424,38.5,23.766069,86.411799
2026-08-19 15:00:00,N05,0.3605,0.006001,5.36,55.2686,0.001362,37.3,23.766069,86.411799
2026-08-19 16:00:00,N05,0.2796,0.007443,3.93,55.2699,0.004887,35.8,23.766069,86.411799
2026-08-19 17:00:00,N05,0.1975,0.565004,17.42,55.2783,0.004642,34.0,23.766069,86.411799
2026-08-19 18:00:00,N05,,,,,,,23.766069,86.411799
2026-08-19 19:00:00,N05,,,,,,,23.766069,86.411799
2026-08-19 20:00:00,N05,,,,,,,23.766069,86.411799
2026-08-19 21:00:00,N05,0.1196,0.006071,7.9,55.277,0.001413,26.7,23.766069,86.411799
2026-08-19 22:00:00,N05,0.2523,0.008901,3.45,55.2784,0.001368,25.5,23.766069,86.411799
2026-08-19 23:00:00,N05,,,,,,,23.766069,86.411799
2026-08-20 00:00:00,N05,0.2437,0.008861,6.34,55.2803,0.001407,27.6,23.766069,86.411799
2026-08-20 01:00:00,N05,0.2199,0.006275,5.9,55.2825,0.001619,27.8,23.766069,86.411799
2026-08-20 02:00:00,N05,0.0474,0.005944,2.97,55.2836,0.001074,28.6,23.766069,86.411799
2026-08-20 03:00:00,N05,-0.1429,0.005073,5.89,55.2847,0.000926,29.8,23.766069,86.411799
2026-08-20 04:00:00,N05,0.2078,0.006165,6.79,55.2854,0.000963,31.3,23.766069,86.411799
2026-08-20 05:00:00,N05,0.3604,0.005325,5.85,55.2866,0.001403,33.1,23.766069,86.411799
2026-08-20 06:00:00,N05,0.1647,0.005646,6.17,55.2882,0.000954,35.1,23.766069,86.411799
2026-08-20 07:00:00,N05,0.0021,0.008162,5.9,55.2885,0.00069,37.0,23.766069,86.411799
2026-08-20 08:00:00,N05,0.1514,0.005211,2.17,55.2896,0.001373,38.8,23.766069,86.411799
2026-08-20 09:00:00,N05,0.1034,0.006043,1.71,55.2912,0.001774,40.4,23.766069,86.411799
2026-08-20 10:00:00,N05,0.3685,0.00667,7.71,55.2932,0.001871,41.6,23.766069,86.411799
2026-08-20 11:00:00,N05,0.2018,0.008381,3.01,55.295,0.001709,42.3,23.766069,86.411799
2026-08-20 12:00:00,N05,0.2344,0.007725,1.25,55.2966,0.001483,42.6,23.766069,86.411799
2026-08-20 13:00:00,N05,,,,,,,23.766069,86.411799
2026-08-20 14:00:00,N05,,,,,,,23.766069,86.411799
2026-08-20 15:00:00,N05,,,,,,,23.766069,86.411799
2026-08-20 16:00:00,N05,,,,,,,23.766069,86.411799
2026-08-20 17:00:00,N05,0.1003,0.005612,4.59,55.3037,0.006712,37.0,23.766069,86.411799
2026-08-20 18:00:00,N05,0.0942,0.005291,9.99,55.3056,0.001384,35.1,23.766069,86.411799
2026-08-20 19:00:00,N05,,,,,,,23.766069,86.411799
2026-08-20 20:00:00,N05,,,,,,,23.766069,86.411799
2026-08-20 21:00:00,N05,0.2468,0.007667,9.95,55.3088,0.001006,29.8,23.766069,86.411799
2026-08-20 22:00:00,N05,0.0306,0.005562,8.23,55.3097,0.000937,28.6,23.766069,86.411799
2026-08-20 23:00:00,N05,-0.0108,0.007199,7.11,55.3107,0.001084,27.8,23.766069,86.411799
2026-08-21 00:00:00,N05,-0.1993,0.006028,8.01,55.3119,0.001324,25.2,23.766069,86.411799
2026-08-21 01:00:00,N05,,,,,,,23.766069,86.411799
2026-08-21 02:00:00,N05,,,,,,,23.766069,86.411799
2026-08-21 03:00:00,N05,,,,,,,23.766069,86.411799
2026-08-21 04:00:00,N05,,,,,,,23.766069,86.411799
2026-08-21 05:00:00,N05,,,,,,,23.766069,86.411799
2026-08-21 06:00:00,N05,0.123,0.006389,7.8,55.3194,0.001756,32.7,23.766069,86.411799
2026-08-21 07:00:00,N05,0.0091,0.006447,8.94,55.3214,0.001809,34.6,23.766069,86.411799
2026-08-21 08:00:00,N05,0.3597,0.006605,8.89,55.323,0.001578,36.4,23.766069,86.411799
2026-08-21 09:00:00,N05,0.124,0.005464,5.66,55.3246,0.001153,38.0,23.766069,86.411799
2026-08-21 10:00:00,N05,0.3741,0.006429,2.53,55.3253,0.001188,39.2,23.766069,86.411799
2026-08-21 11:00:00,N05,0.3365,0.005776,8.25,55.3269,0.002922,39.9,23.766069,86.411799
2026-08-21 12:00:00,N05,0.2039,0.818682,15.43,55.3312,0.008985,40.2,23.766069,86.411799
2026-08-21 13:00:00,N05,0.5024,0.520822,18.96,55.3449,0.000848,39.9,23.766069,86.411799
2026-08-21 14:00:00,N05,0.3401,0.005424,5.82,55.3295,0.007164,39.2,23.766069,86.411799
2026-08-21 15:00:00,N05,0.0778,0.006095,5.49,55.3306,0.001399,38.0,23.766069,86.411799
2026-08-21 16:00:00,N05,0.2247,0.007928,3.47,55.3323,0.001362,36.4,23.766069,86.411799
2026-08-21 17:00:00,N05,0.0294,0.006781,7.51,55.3333,0.001686,34.6,23.766069,86.411799
2026-08-21 18:00:00,N05,0.1617,0.00589,8.58,55.3356,0.001703,32.7,23.766069,86.411799
2026-08-21 19:00:00,N05,0.2906,0.006661,9.24,55.3367,0.001477,30.8,23.766069,86.411799
2026-08-21 20:00:00,N05,0.1235,0.006247,8.29,55.3386,0.001751,28.9,23.766069,86.411799
2026-08-21 21:00:00,N05,-0.074,0.006784,7.31,55.3402,0.001394,27.4,23.766069,86.411799
2026-08-21 22:00:00,N05,0.123,0.007033,3.35,55.3414,0.001197,26.2,23.766069,86.411799
2026-08-21 23:00:00,N05,0.2599,0.007615,6.76,55.3426,0.00123,25.5,23.766069,86.411799
2026-08-22 00:00:00,N05,,,,,,,23.766069,86.411799
2026-08-22 01:00:00,N05,,,,,,,23.766069,86.411799
2026-08-22 02:00:00,N05,,,,,,,23.766069,86.411799
2026-08-22 03:00:00,N05,0.1367,0.008355,7.78,55.3473,0.001583,25.8,23.766069,86.411799
2026-08-22 04:00:00,N05,0.2169,0.007134,8.95,55.3492,0.001379,27.4,23.766069,86.411799
2026-08-22 05:00:00,N05,0.245,0.006393,2.98,55.3501,0.00159,29.2,23.766069,86.411799
2026-08-22 06:00:00,N05,0.1872,0.006961,9.14,55.3524,0.001391,31.1,23.766069,86.411799
2026-08-22 07:00:00,N05,0.2703,0.005163,4.8,55.3529,0.000996,33.1,23.766069,86.411799
2026-08-22 08:00:00,N05,0.1595,0.005326,9.82,55.3543,0.001267,34.9,23.766069,86.411799
2026-08-22 09:00:00,N05,0.0734,0.00557,8.38,55.3554,0.000996,36.4,23.766069,86.411799
2026-08-22 10:00:00,N05,-0.0401,0.005296,1.55,55.3563,0.001398,37.6,23.766069,86.411799
2026-08-22 11:00:00,N05,0.0074,0.011629,8.19,55.3582,0.00167,38.4,23.766069,86.411799
2026-08-22 12:00:00,N05,0.3877,0.005809,3.69,55.3597,0.001536,38.6,23.766069,86.411799
2026-08-22 13:00:00,N05,0.0298,0.006446,3.3,55.3613,0.001429,38.4,23.766069,86.411799
2026-08-22 14:00:00,N05,0.386,0.005941,4.94,55.3625,0.001622,37.6,23.766069,86.411799
2026-08-22 15:00:00,N05,0.2156,0.005988,2.03,55.3645,0.001663,36.4,23.766069,86.411799
2026-08-22 16:00:00,N05,0.2254,0.007016,3.37,55.3659,0.008998,34.9,23.766069,86.411799
2026-08-22 17:00:00,N05,0.4821,0.589398,29.98,55.3825,0.00969,33.1,23.766069,86.411799
2026-08-22 18:00:00,N05,0.3419,0.886185,39.82,55.3852,0.006009,31.1,23.766069,86.411799
2026-08-22 19:00:00,N05,0.2259,0.006427,6.02,55.3705,0.007231,29.2,23.766069,86.411799
2026-08-22 20:00:00,N05,0.156,0.00924,2.12,55.3708,0.000633,27.4,23.766069,86.411799
2026-08-22 21:00:00,N05,,,,,,,23.766069,86.411799
2026-08-22 22:00:00,N05,,,,,,,23.766069,86.411799
2026-08-22 23:00:00,N05,,,,,,,23.766069,86.411799
2026-08-23 00:00:00,N05,0.1262,0.007372,7.55,55.3748,0.001611,23.9,23.766069,86.411799
2026-08-23 01:00:00,N05,0.0994,0.00542,8.86,55.377,0.001839,24.1,23.766069,86.411799
2026-08-23 02:00:00,N05,0.2729,0.007106,2.58,55.3785,0.001339,24.9,23.766069,86.411799
2026-08-23 03:00:00,N05,0.1033,0.008818,9.75,55.3796,0.001002,26.1,23.766069,86.411799
2026-08-23 04:00:00,N05,-0.0031,0.005563,6.54,55.3805,0.00108,27.6,23.766069,86.411799
2026-08-23 05:00:00,N05,0.0288,0.005821,3.21,55.3818,0.001426,29.4,23.766069,86.411799
2026-08-23 06:00:00,N05,0.2579,0.006783,7.56,55.3833,0.001227,31.4,23.766069,86.411799
2026-08-23 07:00:00,N05,0.2913,0.007598,3.9,55.3842,0.007193,33.3,23.766069,86.411799
2026-08-23 08:00:00,N05,0.0654,0.515868,20.85,55.3689,0.001293,35.1,23.766069,86.411799
2026-08-23 09:00:00,N05,-0.0944,0.005055,6.33,55.3868,0.009226,36.7,23.766069,86.411799
2026-08-23 10:00:00,N05,0.067,0.008665,6.29,55.3874,0.000811,37.9,23.766069,86.411799
2026-08-23 11:00:00,N05,-0.0144,0.00514,4.42,55.3885,0.001025,38.6,23.766069,86.411799
2026-08-23 12:00:00,N05,0.1121,0.006344,1.58,55.3894,0.001471,38.9,23.766069,86.411799
2026-08-23 13:00:00,N05,0.2513,0.009254,4.32,55.3914,0.001534,38.6,23.766069,86.411799
2026-08-23 14:00:00,N05,0.2899,0.005195,6.31,55.3925,0.001155,37.9,23.766069,86.411799
2026-08-23 15:00:00,N05,-0.0791,0.005303,4.67,55.3937,0.001397,36.7,23.766069,86.411799
2026-08-23 16:00:00,N05,0.0114,0.007367,5.79,55.3953,0.001389,35.1,23.766069,86.411799
2026-08-23 17:00:00,N05,0.1074,0.007379,3.72,55.3965,0.0011,33.3,23.766069,86.411799
2026-08-23 18:00:00,N05,0.1238,0.007034,2.82,55.3975,0.001546,31.4,23.766069,86.411799
2026-08-23 19:00:00,N05,0.4511,0.006534,4.55,55.3996,0.001744,29.4,23.766069,86.411799
2026-08-23 20:00:00,N05,0.1482,0.007675,2.78,55.401,0.001034,27.6,23.766069,86.411799
2026-08-23 21:00:00,N05,0.3166,0.005802,4.09,55.4016,0.00093,26.1,23.766069,86.411799
2026-08-23 22:00:00,N05,0.1761,0.005987,4.86,55.4028,0.001413,24.9,23.766069,86.411799
2026-08-23 23:00:00,N05,,,,,,,23.766069,86.411799
2026-08-24 00:00:00,N05,,,,,,,23.766069,86.411799
2026-08-24 01:00:00,N05,,,,,,,23.766069,86.411799
2026-08-24 02:00:00,N05,,,,,,,23.766069,86.411799
2026-08-24 03:00:00,N05,0.1674,0.006337,8.41,55.4091,0.000915,29.1,23.766069,86.411799
2026-08-24 04:00:00,N05,0.2711,0.009278,7.7,55.4096,0.000542,30.7,23.766069,86.411799
2026-08-24 05:00:00,N05,0.2975,0.006249,1.64,55.4102,0.000508,32.5,23.766069,86.411799
2026-08-24 06:00:00,N05,-0.0363,0.007835,8.78,55.4106,0.005327,34.4,23.766069,86.411799
2026-08-24 07:00:00,N05,0.3888,0.669378,20.36,55.3995,0.005419,36.4,23.766069,86.411799
2026-08-24 08:00:00,N05,0.2178,0.67583,48.37,55.3997,0.00659,38.2,23.766069,86.411799
2026-08-24 09:00:00,N05,0.1478,0.006724,9.79,55.4127,0.00748,39.8,23.766069,86.411799
2026-08-24 10:00:00,N05,0.1815,0.007985,1.13,55.4147,0.001412,40.9,23.766069,86.411799
2026-08-24 11:00:00,N05,0.2262,0.007655,6.35,55.4155,0.000986,41.7,23.766069,86.411799
2026-08-24 12:00:00,N05,0.3197,0.005341,5.74,55.4167,0.001111,41.9,23.766069,86.411799
2026-08-24 13:00:00,N05,0.2331,0.007591,8.02,55.4177,0.001289,41.7,23.766069,86.411799
2026-08-24 14:00:00,N05,0.1643,0.00911,9.82,55.4192,0.001309,40.9,23.766069,86.411799
2026-08-24 15:00:00,N05,0.2487,0.005327,9.87,55.4204,0.007638,39.8,23.766069,86.411799
2026-08-24 16:00:00,N05,0.2599,0.722449,16.65,55.404,0.001357,38.2,23.766069,86.411799
2026-08-24 17:00:00,N05,0.4844,0.009233,2.7,55.4231,0.010251,36.4,23.766069,86.411799
2026-08-24 18:00:00,N05,,,,,,,23.766069,86.411799
2026-08-24 19:00:00,N05,,,,,,,23.766069,86.411799
2026-08-24 20:00:00,N05,,,,,,,23.766069,86.411799
2026-08-24 21:00:00,N05,,,,,,,23.766069,86.411799
2026-08-24 22:00:00,N05,,,,,,,23.766069,86.411799
2026-08-24 23:00:00,N05,0.017,0.006043,9.19,55.4315,0.001757,27.2,23.766069,86.411799
2026-08-25 00:00:00,N05,,,,,,,23.766069,86.411799
2026-08-25 01:00:00,N05,,,,,,,23.766069,86.411799
2026-08-25 02:00:00,N05,,,,,,,23.766069,86.411799
2026-08-25 03:00:00,N05,,,,,,,23.766069,86.411799
2026-08-25 04:00:00,N05,0.18,0.006176,4.68,55.436,0.000817,28.6,23.766069,86.411799
2026-08-25 05:00:00,N05,,,,,,,23.766069,86.411799
2026-08-25 06:00:00,N05,,,,,,,23.766069,86.411799
2026-08-25 07:00:00,N05,,,,,,,23.766069,86.411799
2026-08-25 08:00:00,N05,0.1403,0.008766,1.64,55.441,0.001791,36.1,23.766069,86.411799
2026-08-25 09:00:00,N05,0.1709,0.005452,1.02,55.4429,0.001776,37.6,23.766069,86.411799
2026-08-25 10:00:00,N05,0.1707,0.007445,4.3,55.4445,0.001303,38.8,23.766069,86.411799
2026-08-25 11:00:00,N05,0.337,0.005374,1.02,55.4455,0.001416,39.6,23.766069,86.411799
2026-08-25 12:00:00,N05,0.3485,0.005275,6.5,55.4474,0.001713,39.8,23.766069,86.411799
2026-08-25 13:00:00,N05,0.3539,0.00645,9.48,55.4489,0.00922,39.6,23.766069,86.411799
2026-08-25 14:00:00,N05,0.4633,0.822028,35.47,55.4658,0.017512,38.8,23.766069,86.411799
2026-08-25 15:00:00,N05,0.2363,0.754653,26.7,55.4839,0.007082,37.6,23.766069,86.411799
2026-08-25 16:00:00,N05,0.3056,0.00999,8.93,55.4516,0.015259,36.1,23.766069,86.411799
2026-08-25 17:00:00,N05,0.0722,0.007025,6.53,55.4534,0.001384,34.3,23.766069,86.411799
2026-08-25 18:00:00,N05,0.0736,0.005747,4.31,55.4544,0.000997,32.3,23.766069,86.411799
2026-08-25 19:00:00,N05,0.0422,0.005447,2.66,55.4554,0.001234,30.4,23.766069,86.411799
2026-08-25 20:00:00,N05,0.1737,0.006358,1.3,55.4569,0.001576,28.6,23.766069,86.411799
2026-08-25 21:00:00,N05,,,,,,,23.766069,86.411799
2026-08-25 22:00:00,N05,,,,,,,23.766069,86.411799
2026-08-25 23:00:00,N05,,,,,,,23.766069,86.411799
2026-08-26 00:00:00,N05,,,,,,,23.766069,86.411799
2026-08-26 01:00:00,N05,0.2567,0.008376,3.85,55.464,0.000727,22.3,23.766069,86.411799
2026-08-26 02:00:00,N05,0.2151,0.010459,5.35,55.4639,0.000522,23.0,23.766069,86.411799
2026-08-26 03:00:00,N05,0.1139,0.00741,2.69,55.465,0.001894,24.2,23.766069,86.411799
2026-08-26 04:00:00,N05,,,,,,,23.766069,86.411799
2026-08-26 05:00:00,N05,0.3824,0.006313,3.73,55.4683,0.000797,27.6,23.766069,86.411799
2026-08-26 06:00:00,N05,-0.1045,0.006258,1.25,55.4693,0.001194,29.5,23.766069,86.411799
2026-08-26 07:00:00,N05,0.1127,0.005185,4.35,55.4707,0.001149,31.5,23.766069,86.411799
2026-08-26 08:00:00,N05,0.0713,0.009754,5.64,55.4716,0.000516,33.3,23.766069,86.411799
2026-08-26 09:00:00,N05,0.1996,0.006104,8.38,55.4717,0.00259,34.8,23.766069,86.411799
2026-08-26 10:00:00,N05,-0.0695,0.875213,16.68,55.4664,0.001261,36.0,23.766069,86.411799
2026-08-26 11:00:00,N05,0.1561,0.0068,9.88,55.4742,0.004233,36.8,23.766069,86.411799
2026-08-26 12:00:00,N05,,,,,,,23.766069,86.411799
2026-08-26 13:00:00,N05,,,,,,,23.766069,86.411799
2026-08-26 14:00:00,N05,,,,,,,23.766069,86.411799
2026-08-26 15:00:00,N05,0.2512,0.833242,46.26,55.4629,0.017386,34.8,23.766069,86.411799
2026-08-26 16:00:00,N05,0.132,0.007053,3.03,55.4804,0.009176,33.3,23.766069,86.411799
2026-08-26 17:00:00,N05,0.5486,0.005776,7.5,55.4812,0.000811,31.5,23.766069,86.411799
2026-08-26 18:00:00,N05,0.0876,0.006909,3.37,55.482,0.001084,29.5,23.766069,86.411799
2026-08-26 19:00:00,N05,0.1867,0.007443,5.26,55.4834,0.001287,27.6,23.766069,86.411799
2026-08-26 20:00:00,N05,-0.081,0.00621,4.0,55.4846,0.001646,25.8,23.766069,86.411799
2026-08-26 21:00:00,N05,0.3462,0.005601,5.76,55.4867,0.001702,24.2,23.766069,86.411799
2026-08-26 22:00:00,N05,,,,,,,23.766069,86.411799
2026-08-26 23:00:00,N05,,,,,,,23.766069,86.411799
2026-08-27 00:00:00,N05,,,,,,,23.766069,86.411799
2026-08-27 01:00:00,N05,,,,,,,23.766069,86.411799
2026-08-27 02:00:00,N05,,,,,,,23.766069,86.411799
2026-08-27 03:00:00,N05,0.3105,0.006081,2.92,55.4941,0.000889,29.1,23.766069,86.411799
2026-08-27 04:00:00,N05,0.4817,0.006751,1.62,55.4949,0.001093,30.7,23.766069,86.411799
2026-08-27 05:00:00,N05,0.2318,0.007308,5.51,55.4963,0.000961,32.5,23.766069,86.411799
2026-08-27 06:00:00,N05,,,,,,,23.766069,86.411799
2026-08-27 07:00:00,N05,,,,,,,23.766069,86.411799
2026-08-27 08:00:00,N05,0.0516,0.007257,3.6,55.4984,0.000993,38.2,23.766069,86.411799
2026-08-27 09:00:00,N05,0.489,0.006922,4.09,55.4992,0.001226,39.7,23.766069,86.411799
2026-08-27 10:00:00,N05,0.3411,0.005878,2.41,55.5008,0.006627,40.9,23.766069,86.411799
2026-08-27 11:00:00,N05,0.4719,0.659813,36.94,55.486,0.000608,41.7,23.766069,86.411799
2026-08-27 12:00:00,N05,0.3331,0.008213,3.52,55.502,0.009081,41.9,23.766069,86.411799
2026-08-27 13:00:00,N05,0.3836,0.008169,2.72,55.5041,0.001654,41.7,23.766069,86.411799
2026-08-27 14:00:00,N05,0.4534,0.006475,7.73,55.5053,0.001444,40.9,23.766069,86.411799
2026-08-27 15:00:00,N05,-0.2369,0.007089,5.42,55.507,0.001207,39.7,23.766069,86.411799
2026-08-27 16:00:00,N05,0.367,0.005391,7.86,55.5078,0.000937,38.2,23.766069,86.411799
2026-08-27 17:00:00,N05,0.2382,0.006233,5.15,55.5089,0.001131,36.4,23.766069,86.411799
2026-08-27 18:00:00,N05,0.1552,0.005249,4.24,55.51,0.001066,34.4,23.766069,86.411799
2026-08-27 19:00:00,N05,,,,,,,23.766069,86.411799
2026-08-27 20:00:00,N05,,,,,,,23.766069,86.411799
2026-08-27 21:00:00,N05,-0.0567,0.007183,6.58,55.5122,0.000355,29.1,23.766069,86.411799
2026-08-27 22:00:00,N05,0.0859,0.005367,9.92,55.5127,0.001,28.0,23.766069,86.411799
2026-08-27 23:00:00,N05,0.3501,0.006384,1.44,55.5142,0.001511,27.2,23.766069,86.411799
